// Validating benchmarks:
// ***** BenchmarkRunner: Start   *****
// ***** Found 30 benchmark(s) in total *****
// ***** Building 1 exe(s) in Parallel: Start   *****
// start dotnet  restore --nodeReuse:false /p:UseSharedCompilation=false /p:Deterministic=true /p:Optimize=true /p:ArtifactsPath="/home/test/rapl-tests/lib-energy-bench/src/Serialization.Bench/bin/Release/net8.0/Serialization.Bench-Overhead-Fixed-NoEnergy-1-1/" /p:OutDir="/home/test/rapl-tests/lib-energy-bench/src/Serialization.Bench/bin/Release/net8.0/Serialization.Bench-Overhead-Fixed-NoEnergy-1-1/bin/Release/net8.0/" /p:OutputPath="/home/test/rapl-tests/lib-energy-bench/src/Serialization.Bench/bin/Release/net8.0/Serialization.Bench-Overhead-Fixed-NoEnergy-1-1/bin/Release/net8.0/" /p:PublishDir="/home/test/rapl-tests/lib-energy-bench/src/Serialization.Bench/bin/Release/net8.0/Serialization.Bench-Overhead-Fixed-NoEnergy-1-1/publish/" in /home/test/rapl-tests/lib-energy-bench/src/Serialization.Bench/bin/Release/net8.0/Serialization.Bench-Overhead-Fixed-NoEnergy-1-1
// command took 1.03 sec and exited with 0
// start dotnet  build -c Release --no-restore --nodeReuse:false /p:UseSharedCompilation=false /p:Deterministic=true /p:Optimize=true /p:ArtifactsPath="/home/test/rapl-tests/lib-energy-bench/src/Serialization.Bench/bin/Release/net8.0/Serialization.Bench-Overhead-Fixed-NoEnergy-1-1/" /p:OutDir="/home/test/rapl-tests/lib-energy-bench/src/Serialization.Bench/bin/Release/net8.0/Serialization.Bench-Overhead-Fixed-NoEnergy-1-1/bin/Release/net8.0/" /p:OutputPath="/home/test/rapl-tests/lib-energy-bench/src/Serialization.Bench/bin/Release/net8.0/Serialization.Bench-Overhead-Fixed-NoEnergy-1-1/bin/Release/net8.0/" /p:PublishDir="/home/test/rapl-tests/lib-energy-bench/src/Serialization.Bench/bin/Release/net8.0/Serialization.Bench-Overhead-Fixed-NoEnergy-1-1/publish/" --output "/home/test/rapl-tests/lib-energy-bench/src/Serialization.Bench/bin/Release/net8.0/Serialization.Bench-Overhead-Fixed-NoEnergy-1-1/bin/Release/net8.0/" in /home/test/rapl-tests/lib-energy-bench/src/Serialization.Bench/bin/Release/net8.0/Serialization.Bench-Overhead-Fixed-NoEnergy-1-1
// command took 9.33 sec and exited with 0
// ***** Done, took 00:00:10 (10.41 sec)   *****
// Found 30 benchmarks:
//   JsonSerializationBenchmarks.STJ_Deserialize_Large: Overhead-Fixed-NoEnergy-1(OutlierMode=DontRemove, IterationCount=15, IterationTime=1s, LaunchCount=1, WarmupCount=6)
//   JsonSerializationBenchmarks.Newtonsoft_Deserialize_Large: Overhead-Fixed-NoEnergy-1(OutlierMode=DontRemove, IterationCount=15, IterationTime=1s, LaunchCount=1, WarmupCount=6)
//   JsonSerializationBenchmarks.Jil_Deserialize_Large: Overhead-Fixed-NoEnergy-1(OutlierMode=DontRemove, IterationCount=15, IterationTime=1s, LaunchCount=1, WarmupCount=6)
//   JsonSerializationBenchmarks.Utf8Json_Deserialize_Large: Overhead-Fixed-NoEnergy-1(OutlierMode=DontRemove, IterationCount=15, IterationTime=1s, LaunchCount=1, WarmupCount=6)
//   JsonSerializationBenchmarks.SpanJson_Deserialize_Large: Overhead-Fixed-NoEnergy-1(OutlierMode=DontRemove, IterationCount=15, IterationTime=1s, LaunchCount=1, WarmupCount=6)
//   JsonSerializationBenchmarks.STJ_Deserialize_Medium: Overhead-Fixed-NoEnergy-1(OutlierMode=DontRemove, IterationCount=15, IterationTime=1s, LaunchCount=1, WarmupCount=6)
//   JsonSerializationBenchmarks.Newtonsoft_Deserialize_Medium: Overhead-Fixed-NoEnergy-1(OutlierMode=DontRemove, IterationCount=15, IterationTime=1s, LaunchCount=1, WarmupCount=6)
//   JsonSerializationBenchmarks.Jil_Deserialize_Medium: Overhead-Fixed-NoEnergy-1(OutlierMode=DontRemove, IterationCount=15, IterationTime=1s, LaunchCount=1, WarmupCount=6)
//   JsonSerializationBenchmarks.Utf8Json_Deserialize_Medium: Overhead-Fixed-NoEnergy-1(OutlierMode=DontRemove, IterationCount=15, IterationTime=1s, LaunchCount=1, WarmupCount=6)
//   JsonSerializationBenchmarks.SpanJson_Deserialize_Medium: Overhead-Fixed-NoEnergy-1(OutlierMode=DontRemove, IterationCount=15, IterationTime=1s, LaunchCount=1, WarmupCount=6)
//   JsonSerializationBenchmarks.STJ_Deserialize_Small: Overhead-Fixed-NoEnergy-1(OutlierMode=DontRemove, IterationCount=15, IterationTime=1s, LaunchCount=1, WarmupCount=6)
//   JsonSerializationBenchmarks.Newtonsoft_Deserialize_Small: Overhead-Fixed-NoEnergy-1(OutlierMode=DontRemove, IterationCount=15, IterationTime=1s, LaunchCount=1, WarmupCount=6)
//   JsonSerializationBenchmarks.Jil_Deserialize_Small: Overhead-Fixed-NoEnergy-1(OutlierMode=DontRemove, IterationCount=15, IterationTime=1s, LaunchCount=1, WarmupCount=6)
//   JsonSerializationBenchmarks.Utf8Json_Deserialize_Small: Overhead-Fixed-NoEnergy-1(OutlierMode=DontRemove, IterationCount=15, IterationTime=1s, LaunchCount=1, WarmupCount=6)
//   JsonSerializationBenchmarks.SpanJson_Deserialize_Small: Overhead-Fixed-NoEnergy-1(OutlierMode=DontRemove, IterationCount=15, IterationTime=1s, LaunchCount=1, WarmupCount=6)
//   JsonSerializationBenchmarks.STJ_Serialize_Large: Overhead-Fixed-NoEnergy-1(OutlierMode=DontRemove, IterationCount=15, IterationTime=1s, LaunchCount=1, WarmupCount=6)
//   JsonSerializationBenchmarks.Newtonsoft_Serialize_Large: Overhead-Fixed-NoEnergy-1(OutlierMode=DontRemove, IterationCount=15, IterationTime=1s, LaunchCount=1, WarmupCount=6)
//   JsonSerializationBenchmarks.Jil_Serialize_Large: Overhead-Fixed-NoEnergy-1(OutlierMode=DontRemove, IterationCount=15, IterationTime=1s, LaunchCount=1, WarmupCount=6)
//   JsonSerializationBenchmarks.Utf8Json_Serialize_Large: Overhead-Fixed-NoEnergy-1(OutlierMode=DontRemove, IterationCount=15, IterationTime=1s, LaunchCount=1, WarmupCount=6)
//   JsonSerializationBenchmarks.SpanJson_Serialize_Large: Overhead-Fixed-NoEnergy-1(OutlierMode=DontRemove, IterationCount=15, IterationTime=1s, LaunchCount=1, WarmupCount=6)
//   JsonSerializationBenchmarks.STJ_Serialize_Medium: Overhead-Fixed-NoEnergy-1(OutlierMode=DontRemove, IterationCount=15, IterationTime=1s, LaunchCount=1, WarmupCount=6)
//   JsonSerializationBenchmarks.Newtonsoft_Serialize_Medium: Overhead-Fixed-NoEnergy-1(OutlierMode=DontRemove, IterationCount=15, IterationTime=1s, LaunchCount=1, WarmupCount=6)
//   JsonSerializationBenchmarks.Jil_Serialize_Medium: Overhead-Fixed-NoEnergy-1(OutlierMode=DontRemove, IterationCount=15, IterationTime=1s, LaunchCount=1, WarmupCount=6)
//   JsonSerializationBenchmarks.Utf8Json_Serialize_Medium: Overhead-Fixed-NoEnergy-1(OutlierMode=DontRemove, IterationCount=15, IterationTime=1s, LaunchCount=1, WarmupCount=6)
//   JsonSerializationBenchmarks.SpanJson_Serialize_Medium: Overhead-Fixed-NoEnergy-1(OutlierMode=DontRemove, IterationCount=15, IterationTime=1s, LaunchCount=1, WarmupCount=6)
//   JsonSerializationBenchmarks.STJ_Serialize_Small: Overhead-Fixed-NoEnergy-1(OutlierMode=DontRemove, IterationCount=15, IterationTime=1s, LaunchCount=1, WarmupCount=6)
//   JsonSerializationBenchmarks.Newtonsoft_Serialize_Small: Overhead-Fixed-NoEnergy-1(OutlierMode=DontRemove, IterationCount=15, IterationTime=1s, LaunchCount=1, WarmupCount=6)
//   JsonSerializationBenchmarks.Jil_Serialize_Small: Overhead-Fixed-NoEnergy-1(OutlierMode=DontRemove, IterationCount=15, IterationTime=1s, LaunchCount=1, WarmupCount=6)
//   JsonSerializationBenchmarks.Utf8Json_Serialize_Small: Overhead-Fixed-NoEnergy-1(OutlierMode=DontRemove, IterationCount=15, IterationTime=1s, LaunchCount=1, WarmupCount=6)
//   JsonSerializationBenchmarks.SpanJson_Serialize_Small: Overhead-Fixed-NoEnergy-1(OutlierMode=DontRemove, IterationCount=15, IterationTime=1s, LaunchCount=1, WarmupCount=6)

// **************************
// Benchmark: JsonSerializationBenchmarks.STJ_Deserialize_Large: Overhead-Fixed-NoEnergy-1(OutlierMode=DontRemove, IterationCount=15, IterationTime=1s, LaunchCount=1, WarmupCount=6)
// *** Execute ***
// Launch: 1 / 1
// Execute: dotnet Serialization.Bench-Overhead-Fixed-NoEnergy-1-1.dll --anonymousPipes 101 102 --benchmarkName Serialization.Bench.JsonSerializationBenchmarks.STJ_Deserialize_Large --job Overhead-Fixed-NoEnergy-1 --benchmarkId 0 in /home/test/rapl-tests/lib-energy-bench/src/Serialization.Bench/bin/Release/net8.0/Serialization.Bench-Overhead-Fixed-NoEnergy-1-1/bin/Release/net8.0
// BeforeAnythingElse

// Benchmark Process Environment Information:
// BenchmarkDotNet v0.15.5-develop (2025-12-31)
// Runtime=.NET 8.0.21 (8.0.21, 8.0.2125.47513), X64 RyuJIT x86-64-v4
// GC=Concurrent Workstation
// HardwareIntrinsics=AVX512 IFMA+VBMI,AVX512 F+BW+CD+DQ+VL,AVX2+BMI1+BMI2+F16C+FMA+LZCNT+MOVBE,AVX,SSE3+SSSE3+SSE4.1+SSE4.2+POPCNT,X86Base+SSE+SSE2,AES+PCLMUL VectorSize=256
// Job: Overhead-Fixed-NoEnergy-1(OutlierMode=DontRemove, IterationCount=15, IterationTime=1s, LaunchCount=1, WarmupCount=6)

OverheadJitting  1: 1 op, 139455.00 ns, 139.4550 us/op
WorkloadJitting  1: 1 op, 526165.00 ns, 526.1650 us/op

OverheadJitting  2: 16 op, 393311.00 ns, 24.5819 us/op
WorkloadJitting  2: 16 op, 6903758.00 ns, 431.4849 us/op

WorkloadPilot    1: 16 op, 6061356.00 ns, 378.8348 us/op
WorkloadPilot    2: 2640 op, 759177462.00 ns, 287.5672 us/op
WorkloadPilot    3: 3488 op, 702961409.00 ns, 201.5371 us/op
WorkloadPilot    4: 4976 op, 1003036672.00 ns, 201.5749 us/op

OverheadWarmup   1: 4976 op, 18945.00 ns, 3.8073 ns/op
OverheadWarmup   2: 4976 op, 18116.00 ns, 3.6407 ns/op
OverheadWarmup   3: 4976 op, 18461.00 ns, 3.7100 ns/op
OverheadWarmup   4: 4976 op, 18418.00 ns, 3.7014 ns/op
OverheadWarmup   5: 4976 op, 18451.00 ns, 3.7080 ns/op
OverheadWarmup   6: 4976 op, 18203.00 ns, 3.6582 ns/op

OverheadActual   1: 4976 op, 18593.00 ns, 3.7365 ns/op
OverheadActual   2: 4976 op, 19396.00 ns, 3.8979 ns/op
OverheadActual   3: 4976 op, 19331.00 ns, 3.8848 ns/op
OverheadActual   4: 4976 op, 19255.00 ns, 3.8696 ns/op
OverheadActual   5: 4976 op, 19327.00 ns, 3.8840 ns/op
OverheadActual   6: 4976 op, 18454.00 ns, 3.7086 ns/op
OverheadActual   7: 4976 op, 18454.00 ns, 3.7086 ns/op
OverheadActual   8: 4976 op, 23755.00 ns, 4.7739 ns/op
OverheadActual   9: 4976 op, 18481.00 ns, 3.7140 ns/op
OverheadActual  10: 4976 op, 18484.00 ns, 3.7146 ns/op
OverheadActual  11: 4976 op, 18458.00 ns, 3.7094 ns/op
OverheadActual  12: 4976 op, 19266.00 ns, 3.8718 ns/op
OverheadActual  13: 4976 op, 18470.00 ns, 3.7118 ns/op
OverheadActual  14: 4976 op, 18482.00 ns, 3.7142 ns/op
OverheadActual  15: 4976 op, 18482.00 ns, 3.7142 ns/op
OverheadActual  16: 4976 op, 18463.00 ns, 3.7104 ns/op
OverheadActual  17: 4976 op, 18439.00 ns, 3.7056 ns/op
OverheadActual  18: 4976 op, 19292.00 ns, 3.8770 ns/op
OverheadActual  19: 4976 op, 18459.00 ns, 3.7096 ns/op
OverheadActual  20: 4976 op, 19239.00 ns, 3.8664 ns/op

WorkloadWarmup   1: 4976 op, 1007538231.00 ns, 202.4795 us/op
WorkloadWarmup   2: 4976 op, 1005682392.00 ns, 202.1066 us/op
WorkloadWarmup   3: 4976 op, 1004118204.00 ns, 201.7922 us/op
WorkloadWarmup   4: 4976 op, 1004142449.00 ns, 201.7971 us/op
WorkloadWarmup   5: 4976 op, 1005601896.00 ns, 202.0904 us/op
WorkloadWarmup   6: 4976 op, 1003479035.00 ns, 201.6638 us/op

// BeforeActualRun
WorkloadActual   1: 4976 op, 1008082092.00 ns, 202.5888 us/op
WorkloadActual   2: 4976 op, 1005114863.00 ns, 201.9925 us/op
WorkloadActual   3: 4976 op, 1007042861.00 ns, 202.3800 us/op
WorkloadActual   4: 4976 op, 1005162734.00 ns, 202.0022 us/op
WorkloadActual   5: 4976 op, 1004533981.00 ns, 201.8758 us/op
WorkloadActual   6: 4976 op, 1004495027.00 ns, 201.8680 us/op
WorkloadActual   7: 4976 op, 1005791414.00 ns, 202.1285 us/op
WorkloadActual   8: 4976 op, 1005609884.00 ns, 202.0920 us/op
WorkloadActual   9: 4976 op, 1003787199.00 ns, 201.7257 us/op
WorkloadActual  10: 4976 op, 1004292628.00 ns, 201.8273 us/op
WorkloadActual  11: 4976 op, 1011319073.00 ns, 203.2394 us/op
WorkloadActual  12: 4976 op, 1004607018.00 ns, 201.8905 us/op
WorkloadActual  13: 4976 op, 1004151202.00 ns, 201.7989 us/op
WorkloadActual  14: 4976 op, 1002890189.00 ns, 201.5455 us/op
WorkloadActual  15: 4976 op, 1002986782.00 ns, 201.5649 us/op

// AfterActualRun
WorkloadResult   1: 4976 op, 1008063609.00 ns, 202.5851 us/op
WorkloadResult   2: 4976 op, 1005096380.00 ns, 201.9888 us/op
WorkloadResult   3: 4976 op, 1007024378.00 ns, 202.3763 us/op
WorkloadResult   4: 4976 op, 1005144251.00 ns, 201.9984 us/op
WorkloadResult   5: 4976 op, 1004515498.00 ns, 201.8721 us/op
WorkloadResult   6: 4976 op, 1004476544.00 ns, 201.8643 us/op
WorkloadResult   7: 4976 op, 1005772931.00 ns, 202.1248 us/op
WorkloadResult   8: 4976 op, 1005591401.00 ns, 202.0883 us/op
WorkloadResult   9: 4976 op, 1003768716.00 ns, 201.7220 us/op
WorkloadResult  10: 4976 op, 1004274145.00 ns, 201.8236 us/op
WorkloadResult  11: 4976 op, 1011300590.00 ns, 203.2356 us/op
WorkloadResult  12: 4976 op, 1004588535.00 ns, 201.8868 us/op
WorkloadResult  13: 4976 op, 1004132719.00 ns, 201.7952 us/op
WorkloadResult  14: 4976 op, 1002871706.00 ns, 201.5417 us/op
WorkloadResult  15: 4976 op, 1002968299.00 ns, 201.5612 us/op

// AfterAll
// Benchmark Process 4046764 has exited with code 0.

Mean = 202.031 μs, StdErr = 0.112 μs (0.06%), N = 15, StdDev = 0.433 μs
Min = 201.542 μs, Q1 = 201.809 μs, Median = 201.887 μs, Q3 = 202.107 μs, Max = 203.236 μs
IQR = 0.297 μs, LowerFence = 201.364 μs, UpperFence = 202.552 μs
ConfidenceInterval = [201.568 μs; 202.493 μs] (CI 99.9%), Margin = 0.463 μs (0.23% of Mean)
Skewness = 1.38, Kurtosis = 4.45, MValue = 2

// ** Remained 29 (96.7%) benchmark(s) to run. Estimated finish 2025-12-31 17:34 (0h 11m from now) **
// **************************
// Benchmark: JsonSerializationBenchmarks.Newtonsoft_Deserialize_Large: Overhead-Fixed-NoEnergy-1(OutlierMode=DontRemove, IterationCount=15, IterationTime=1s, LaunchCount=1, WarmupCount=6)
// *** Execute ***
// Launch: 1 / 1
// Execute: dotnet Serialization.Bench-Overhead-Fixed-NoEnergy-1-1.dll --anonymousPipes 103 104 --benchmarkName Serialization.Bench.JsonSerializationBenchmarks.Newtonsoft_Deserialize_Large --job Overhead-Fixed-NoEnergy-1 --benchmarkId 1 in /home/test/rapl-tests/lib-energy-bench/src/Serialization.Bench/bin/Release/net8.0/Serialization.Bench-Overhead-Fixed-NoEnergy-1-1/bin/Release/net8.0
// BeforeAnythingElse

// Benchmark Process Environment Information:
// BenchmarkDotNet v0.15.5-develop (2025-12-31)
// Runtime=.NET 8.0.21 (8.0.21, 8.0.2125.47513), X64 RyuJIT x86-64-v4
// GC=Concurrent Workstation
// HardwareIntrinsics=AVX512 IFMA+VBMI,AVX512 F+BW+CD+DQ+VL,AVX2+BMI1+BMI2+F16C+FMA+LZCNT+MOVBE,AVX,SSE3+SSSE3+SSE4.1+SSE4.2+POPCNT,X86Base+SSE+SSE2,AES+PCLMUL VectorSize=256
// Job: Overhead-Fixed-NoEnergy-1(OutlierMode=DontRemove, IterationCount=15, IterationTime=1s, LaunchCount=1, WarmupCount=6)

OverheadJitting  1: 1 op, 144840.00 ns, 144.8400 us/op
WorkloadJitting  1: 1 op, 55878860.00 ns, 55.8789 ms/op

OverheadJitting  2: 16 op, 381730.00 ns, 23.8581 us/op
WorkloadJitting  2: 16 op, 18535114.00 ns, 1.1584 ms/op

WorkloadPilot    1: 16 op, 17334196.00 ns, 1.0834 ms/op
WorkloadPilot    2: 928 op, 446465988.00 ns, 481.1056 us/op
WorkloadPilot    3: 2080 op, 497696194.00 ns, 239.2770 us/op
WorkloadPilot    4: 4192 op, 1004502537.00 ns, 239.6237 us/op
WorkloadPilot    5: 4176 op, 999325586.00 ns, 239.3021 us/op
WorkloadPilot    6: 4192 op, 1002433398.00 ns, 239.1301 us/op

OverheadWarmup   1: 4192 op, 16242.00 ns, 3.8745 ns/op
OverheadWarmup   2: 4192 op, 15300.00 ns, 3.6498 ns/op
OverheadWarmup   3: 4192 op, 17896.00 ns, 4.2691 ns/op
OverheadWarmup   4: 4192 op, 15621.00 ns, 3.7264 ns/op
OverheadWarmup   5: 4192 op, 15363.00 ns, 3.6648 ns/op
OverheadWarmup   6: 4192 op, 15340.00 ns, 3.6594 ns/op
OverheadWarmup   7: 4192 op, 15329.00 ns, 3.6567 ns/op
OverheadWarmup   8: 4192 op, 15278.00 ns, 3.6446 ns/op
OverheadWarmup   9: 4192 op, 15592.00 ns, 3.7195 ns/op
OverheadWarmup  10: 4192 op, 15326.00 ns, 3.6560 ns/op

OverheadActual   1: 4192 op, 15484.00 ns, 3.6937 ns/op
OverheadActual   2: 4192 op, 15509.00 ns, 3.6997 ns/op
OverheadActual   3: 4192 op, 15404.00 ns, 3.6746 ns/op
OverheadActual   4: 4192 op, 15318.00 ns, 3.6541 ns/op
OverheadActual   5: 4192 op, 15327.00 ns, 3.6563 ns/op
OverheadActual   6: 4192 op, 23954.00 ns, 5.7142 ns/op
OverheadActual   7: 4192 op, 16204.00 ns, 3.8655 ns/op
OverheadActual   8: 4192 op, 15544.00 ns, 3.7080 ns/op
OverheadActual   9: 4192 op, 15600.00 ns, 3.7214 ns/op
OverheadActual  10: 4192 op, 16254.00 ns, 3.8774 ns/op
OverheadActual  11: 4192 op, 16274.00 ns, 3.8822 ns/op
OverheadActual  12: 4192 op, 16302.00 ns, 3.8888 ns/op
OverheadActual  13: 4192 op, 15275.00 ns, 3.6438 ns/op
OverheadActual  14: 4192 op, 15312.00 ns, 3.6527 ns/op
OverheadActual  15: 4192 op, 15243.00 ns, 3.6362 ns/op
OverheadActual  16: 4192 op, 15247.00 ns, 3.6372 ns/op
OverheadActual  17: 4192 op, 15245.00 ns, 3.6367 ns/op
OverheadActual  18: 4192 op, 15306.00 ns, 3.6512 ns/op
OverheadActual  19: 4192 op, 15323.00 ns, 3.6553 ns/op
OverheadActual  20: 4192 op, 15280.00 ns, 3.6450 ns/op

WorkloadWarmup   1: 4192 op, 1005735820.00 ns, 239.9179 us/op
WorkloadWarmup   2: 4192 op, 1005406208.00 ns, 239.8393 us/op
WorkloadWarmup   3: 4192 op, 1000794329.00 ns, 238.7391 us/op
WorkloadWarmup   4: 4192 op, 1001797011.00 ns, 238.9783 us/op
WorkloadWarmup   5: 4192 op, 1000921869.00 ns, 238.7695 us/op
WorkloadWarmup   6: 4192 op, 1002348984.00 ns, 239.1100 us/op

// BeforeActualRun
WorkloadActual   1: 4192 op, 1003850161.00 ns, 239.4681 us/op
WorkloadActual   2: 4192 op, 1004640605.00 ns, 239.6566 us/op
WorkloadActual   3: 4192 op, 1003814697.00 ns, 239.4596 us/op
WorkloadActual   4: 4192 op, 1005183776.00 ns, 239.7862 us/op
WorkloadActual   5: 4192 op, 1004647150.00 ns, 239.6582 us/op
WorkloadActual   6: 4192 op, 1004215605.00 ns, 239.5552 us/op
WorkloadActual   7: 4192 op, 1004599973.00 ns, 239.6469 us/op
WorkloadActual   8: 4192 op, 1004549305.00 ns, 239.6349 us/op
WorkloadActual   9: 4192 op, 1003439742.00 ns, 239.3702 us/op
WorkloadActual  10: 4192 op, 1003887858.00 ns, 239.4771 us/op
WorkloadActual  11: 4192 op, 1003647400.00 ns, 239.4197 us/op
WorkloadActual  12: 4192 op, 1004202483.00 ns, 239.5521 us/op
WorkloadActual  13: 4192 op, 1003495571.00 ns, 239.3835 us/op
WorkloadActual  14: 4192 op, 1004207603.00 ns, 239.5533 us/op
WorkloadActual  15: 4192 op, 1007130884.00 ns, 240.2507 us/op

// AfterActualRun
WorkloadResult   1: 4192 op, 1003834795.50 ns, 239.4644 us/op
WorkloadResult   2: 4192 op, 1004625239.50 ns, 239.6530 us/op
WorkloadResult   3: 4192 op, 1003799331.50 ns, 239.4559 us/op
WorkloadResult   4: 4192 op, 1005168410.50 ns, 239.7825 us/op
WorkloadResult   5: 4192 op, 1004631784.50 ns, 239.6545 us/op
WorkloadResult   6: 4192 op, 1004200239.50 ns, 239.5516 us/op
WorkloadResult   7: 4192 op, 1004584607.50 ns, 239.6433 us/op
WorkloadResult   8: 4192 op, 1004533939.50 ns, 239.6312 us/op
WorkloadResult   9: 4192 op, 1003424376.50 ns, 239.3665 us/op
WorkloadResult  10: 4192 op, 1003872492.50 ns, 239.4734 us/op
WorkloadResult  11: 4192 op, 1003632034.50 ns, 239.4160 us/op
WorkloadResult  12: 4192 op, 1004187117.50 ns, 239.5485 us/op
WorkloadResult  13: 4192 op, 1003480205.50 ns, 239.3798 us/op
WorkloadResult  14: 4192 op, 1004192237.50 ns, 239.5497 us/op
WorkloadResult  15: 4192 op, 1007115518.50 ns, 240.2470 us/op

// AfterAll
// Benchmark Process 4046787 has exited with code 0.

Mean = 239.588 μs, StdErr = 0.056 μs (0.02%), N = 15, StdDev = 0.217 μs
Min = 239.367 μs, Q1 = 239.460 μs, Median = 239.550 μs, Q3 = 239.648 μs, Max = 240.247 μs
IQR = 0.188 μs, LowerFence = 239.178 μs, UpperFence = 239.930 μs
ConfidenceInterval = [239.356 μs; 239.820 μs] (CI 99.9%), Margin = 0.232 μs (0.10% of Mean)
Skewness = 1.73, Kurtosis = 5.92, MValue = 2

// ** Remained 28 (93.3%) benchmark(s) to run. Estimated finish 2025-12-31 17:34 (0h 11m from now) **
// **************************
// Benchmark: JsonSerializationBenchmarks.Jil_Deserialize_Large: Overhead-Fixed-NoEnergy-1(OutlierMode=DontRemove, IterationCount=15, IterationTime=1s, LaunchCount=1, WarmupCount=6)
// *** Execute ***
// Launch: 1 / 1
// Execute: dotnet Serialization.Bench-Overhead-Fixed-NoEnergy-1-1.dll --anonymousPipes 103 104 --benchmarkName Serialization.Bench.JsonSerializationBenchmarks.Jil_Deserialize_Large --job Overhead-Fixed-NoEnergy-1 --benchmarkId 2 in /home/test/rapl-tests/lib-energy-bench/src/Serialization.Bench/bin/Release/net8.0/Serialization.Bench-Overhead-Fixed-NoEnergy-1-1/bin/Release/net8.0
// BeforeAnythingElse

// Benchmark Process Environment Information:
// BenchmarkDotNet v0.15.5-develop (2025-12-31)
// Runtime=.NET 8.0.21 (8.0.21, 8.0.2125.47513), X64 RyuJIT x86-64-v4
// GC=Concurrent Workstation
// HardwareIntrinsics=AVX512 IFMA+VBMI,AVX512 F+BW+CD+DQ+VL,AVX2+BMI1+BMI2+F16C+FMA+LZCNT+MOVBE,AVX,SSE3+SSSE3+SSE4.1+SSE4.2+POPCNT,X86Base+SSE+SSE2,AES+PCLMUL VectorSize=256
// Job: Overhead-Fixed-NoEnergy-1(OutlierMode=DontRemove, IterationCount=15, IterationTime=1s, LaunchCount=1, WarmupCount=6)

OverheadJitting  1: 1 op, 139562.00 ns, 139.5620 us/op
WorkloadJitting  1: 1 op, 246217026.00 ns, 246.2170 ms/op

WorkloadPilot    1: 4 op, 2881538.00 ns, 720.3845 us/op
WorkloadPilot    2: 1388 op, 371199309.00 ns, 267.4347 us/op
WorkloadPilot    3: 3739 op, 801617950.00 ns, 214.3937 us/op
WorkloadPilot    4: 4664 op, 999277059.00 ns, 214.2532 us/op
WorkloadPilot    5: 4667 op, 1000333108.00 ns, 214.3418 us/op
WorkloadPilot    6: 4665 op, 996667661.00 ns, 213.6479 us/op
WorkloadPilot    7: 4681 op, 1003429054.00 ns, 214.3621 us/op
WorkloadPilot    8: 4665 op, 1000079174.00 ns, 214.3792 us/op

WorkloadWarmup   1: 4665 op, 996626349.00 ns, 213.6391 us/op
WorkloadWarmup   2: 4665 op, 1000646489.00 ns, 214.5009 us/op
WorkloadWarmup   3: 4665 op, 999538004.00 ns, 214.2632 us/op
WorkloadWarmup   4: 4665 op, 1000022376.00 ns, 214.3671 us/op
WorkloadWarmup   5: 4665 op, 999330705.00 ns, 214.2188 us/op
WorkloadWarmup   6: 4665 op, 999387019.00 ns, 214.2309 us/op

// BeforeActualRun
WorkloadActual   1: 4665 op, 996319134.00 ns, 213.5732 us/op
WorkloadActual   2: 4665 op, 1000252342.00 ns, 214.4164 us/op
WorkloadActual   3: 4665 op, 999385477.00 ns, 214.2305 us/op
WorkloadActual   4: 4665 op, 999683845.00 ns, 214.2945 us/op
WorkloadActual   5: 4665 op, 998275510.00 ns, 213.9926 us/op
WorkloadActual   6: 4665 op, 998453957.00 ns, 214.0309 us/op
WorkloadActual   7: 4665 op, 998492142.00 ns, 214.0390 us/op
WorkloadActual   8: 4665 op, 998783005.00 ns, 214.1014 us/op
WorkloadActual   9: 4665 op, 998631916.00 ns, 214.0690 us/op
WorkloadActual  10: 4665 op, 1000432502.00 ns, 214.4550 us/op
WorkloadActual  11: 4665 op, 998679518.00 ns, 214.0792 us/op
WorkloadActual  12: 4665 op, 998613326.00 ns, 214.0650 us/op
WorkloadActual  13: 4665 op, 998505612.00 ns, 214.0419 us/op
WorkloadActual  14: 4665 op, 999022676.00 ns, 214.1528 us/op
WorkloadActual  15: 4665 op, 999052985.00 ns, 214.1593 us/op

// AfterActualRun
WorkloadResult   1: 4665 op, 996319134.00 ns, 213.5732 us/op
WorkloadResult   2: 4665 op, 1000252342.00 ns, 214.4164 us/op
WorkloadResult   3: 4665 op, 999385477.00 ns, 214.2305 us/op
WorkloadResult   4: 4665 op, 999683845.00 ns, 214.2945 us/op
WorkloadResult   5: 4665 op, 998275510.00 ns, 213.9926 us/op
WorkloadResult   6: 4665 op, 998453957.00 ns, 214.0309 us/op
WorkloadResult   7: 4665 op, 998492142.00 ns, 214.0390 us/op
WorkloadResult   8: 4665 op, 998783005.00 ns, 214.1014 us/op
WorkloadResult   9: 4665 op, 998631916.00 ns, 214.0690 us/op
WorkloadResult  10: 4665 op, 1000432502.00 ns, 214.4550 us/op
WorkloadResult  11: 4665 op, 998679518.00 ns, 214.0792 us/op
WorkloadResult  12: 4665 op, 998613326.00 ns, 214.0650 us/op
WorkloadResult  13: 4665 op, 998505612.00 ns, 214.0419 us/op
WorkloadResult  14: 4665 op, 999022676.00 ns, 214.1528 us/op
WorkloadResult  15: 4665 op, 999052985.00 ns, 214.1593 us/op

// AfterAll
// Benchmark Process 4046803 has exited with code 0.

Mean = 214.113 μs, StdErr = 0.053 μs (0.02%), N = 15, StdDev = 0.205 μs
Min = 213.573 μs, Q1 = 214.040 μs, Median = 214.079 μs, Q3 = 214.195 μs, Max = 214.455 μs
IQR = 0.154 μs, LowerFence = 213.809 μs, UpperFence = 214.427 μs
ConfidenceInterval = [213.894 μs; 214.332 μs] (CI 99.9%), Margin = 0.219 μs (0.10% of Mean)
Skewness = -0.66, Kurtosis = 4.11, MValue = 2

// ** Remained 27 (90.0%) benchmark(s) to run. Estimated finish 2025-12-31 17:34 (0h 11m from now) **
// **************************
// Benchmark: JsonSerializationBenchmarks.Utf8Json_Deserialize_Large: Overhead-Fixed-NoEnergy-1(OutlierMode=DontRemove, IterationCount=15, IterationTime=1s, LaunchCount=1, WarmupCount=6)
// *** Execute ***
// Launch: 1 / 1
// Execute: dotnet Serialization.Bench-Overhead-Fixed-NoEnergy-1-1.dll --anonymousPipes 103 104 --benchmarkName Serialization.Bench.JsonSerializationBenchmarks.Utf8Json_Deserialize_Large --job Overhead-Fixed-NoEnergy-1 --benchmarkId 3 in /home/test/rapl-tests/lib-energy-bench/src/Serialization.Bench/bin/Release/net8.0/Serialization.Bench-Overhead-Fixed-NoEnergy-1-1/bin/Release/net8.0
// BeforeAnythingElse

// Benchmark Process Environment Information:
// BenchmarkDotNet v0.15.5-develop (2025-12-31)
// Runtime=.NET 8.0.21 (8.0.21, 8.0.2125.47513), X64 RyuJIT x86-64-v4
// GC=Concurrent Workstation
// HardwareIntrinsics=AVX512 IFMA+VBMI,AVX512 F+BW+CD+DQ+VL,AVX2+BMI1+BMI2+F16C+FMA+LZCNT+MOVBE,AVX,SSE3+SSSE3+SSE4.1+SSE4.2+POPCNT,X86Base+SSE+SSE2,AES+PCLMUL VectorSize=256
// Job: Overhead-Fixed-NoEnergy-1(OutlierMode=DontRemove, IterationCount=15, IterationTime=1s, LaunchCount=1, WarmupCount=6)

OverheadJitting  1: 1 op, 142988.00 ns, 142.9880 us/op
WorkloadJitting  1: 1 op, 58414274.00 ns, 58.4143 ms/op

OverheadJitting  2: 16 op, 384299.00 ns, 24.0187 us/op
WorkloadJitting  2: 16 op, 14715440.00 ns, 919.7150 us/op

WorkloadPilot    1: 16 op, 13723251.00 ns, 857.7032 us/op
WorkloadPilot    2: 1168 op, 757815937.00 ns, 648.8150 us/op
WorkloadPilot    3: 1552 op, 443159002.00 ns, 285.5406 us/op
WorkloadPilot    4: 3504 op, 1003881812.00 ns, 286.4960 us/op

OverheadWarmup   1: 3504 op, 14156.00 ns, 4.0400 ns/op
OverheadWarmup   2: 3504 op, 13384.00 ns, 3.8196 ns/op
OverheadWarmup   3: 3504 op, 13099.00 ns, 3.7383 ns/op
OverheadWarmup   4: 3504 op, 13118.00 ns, 3.7437 ns/op
OverheadWarmup   5: 3504 op, 13114.00 ns, 3.7426 ns/op
OverheadWarmup   6: 3504 op, 13131.00 ns, 3.7474 ns/op
OverheadWarmup   7: 3504 op, 13126.00 ns, 3.7460 ns/op

OverheadActual   1: 3504 op, 13179.00 ns, 3.7611 ns/op
OverheadActual   2: 3504 op, 12913.00 ns, 3.6852 ns/op
OverheadActual   3: 3504 op, 12962.00 ns, 3.6992 ns/op
OverheadActual   4: 3504 op, 13124.00 ns, 3.7454 ns/op
OverheadActual   5: 3504 op, 12829.00 ns, 3.6612 ns/op
OverheadActual   6: 3504 op, 12909.00 ns, 3.6841 ns/op
OverheadActual   7: 3504 op, 12884.00 ns, 3.6769 ns/op
OverheadActual   8: 3504 op, 12839.00 ns, 3.6641 ns/op
OverheadActual   9: 3504 op, 12838.00 ns, 3.6638 ns/op
OverheadActual  10: 3504 op, 12844.00 ns, 3.6655 ns/op
OverheadActual  11: 3504 op, 12847.00 ns, 3.6664 ns/op
OverheadActual  12: 3504 op, 13301.00 ns, 3.7959 ns/op
OverheadActual  13: 3504 op, 12864.00 ns, 3.6712 ns/op
OverheadActual  14: 3504 op, 12843.00 ns, 3.6652 ns/op
OverheadActual  15: 3504 op, 12849.00 ns, 3.6670 ns/op

WorkloadWarmup   1: 3504 op, 1003144694.00 ns, 286.2856 us/op
WorkloadWarmup   2: 3504 op, 999148991.00 ns, 285.1453 us/op
WorkloadWarmup   3: 3504 op, 1000463431.00 ns, 285.5204 us/op
WorkloadWarmup   4: 3504 op, 1000165175.00 ns, 285.4353 us/op
WorkloadWarmup   5: 3504 op, 999089769.00 ns, 285.1284 us/op
WorkloadWarmup   6: 3504 op, 1000067598.00 ns, 285.4074 us/op

// BeforeActualRun
WorkloadActual   1: 3504 op, 985242359.00 ns, 281.1765 us/op
WorkloadActual   2: 3504 op, 983547621.00 ns, 280.6928 us/op
WorkloadActual   3: 3504 op, 983868467.00 ns, 280.7844 us/op
WorkloadActual   4: 3504 op, 984439819.00 ns, 280.9474 us/op
WorkloadActual   5: 3504 op, 984680912.00 ns, 281.0162 us/op
WorkloadActual   6: 3504 op, 986254928.00 ns, 281.4654 us/op
WorkloadActual   7: 3504 op, 985047425.00 ns, 281.1208 us/op
WorkloadActual   8: 3504 op, 983342316.00 ns, 280.6342 us/op
WorkloadActual   9: 3504 op, 984873808.00 ns, 281.0713 us/op
WorkloadActual  10: 3504 op, 984312706.00 ns, 280.9112 us/op
WorkloadActual  11: 3504 op, 984723441.00 ns, 281.0284 us/op
WorkloadActual  12: 3504 op, 984318230.00 ns, 280.9127 us/op
WorkloadActual  13: 3504 op, 986187942.00 ns, 281.4463 us/op
WorkloadActual  14: 3504 op, 985339085.00 ns, 281.2041 us/op
WorkloadActual  15: 3504 op, 984825012.00 ns, 281.0574 us/op

// AfterActualRun
WorkloadResult   1: 3504 op, 985229495.00 ns, 281.1728 us/op
WorkloadResult   2: 3504 op, 983534757.00 ns, 280.6891 us/op
WorkloadResult   3: 3504 op, 983855603.00 ns, 280.7807 us/op
WorkloadResult   4: 3504 op, 984426955.00 ns, 280.9438 us/op
WorkloadResult   5: 3504 op, 984668048.00 ns, 281.0126 us/op
WorkloadResult   6: 3504 op, 986242064.00 ns, 281.4618 us/op
WorkloadResult   7: 3504 op, 985034561.00 ns, 281.1172 us/op
WorkloadResult   8: 3504 op, 983329452.00 ns, 280.6306 us/op
WorkloadResult   9: 3504 op, 984860944.00 ns, 281.0676 us/op
WorkloadResult  10: 3504 op, 984299842.00 ns, 280.9075 us/op
WorkloadResult  11: 3504 op, 984710577.00 ns, 281.0247 us/op
WorkloadResult  12: 3504 op, 984305366.00 ns, 280.9091 us/op
WorkloadResult  13: 3504 op, 986175078.00 ns, 281.4427 us/op
WorkloadResult  14: 3504 op, 985326221.00 ns, 281.2004 us/op
WorkloadResult  15: 3504 op, 984812148.00 ns, 281.0537 us/op

// AfterAll
// Benchmark Process 4046815 has exited with code 0.

Mean = 281.028 μs, StdErr = 0.061 μs (0.02%), N = 15, StdDev = 0.238 μs
Min = 280.631 μs, Q1 = 280.908 μs, Median = 281.025 μs, Q3 = 281.145 μs, Max = 281.462 μs
IQR = 0.237 μs, LowerFence = 280.553 μs, UpperFence = 281.500 μs
ConfidenceInterval = [280.774 μs; 281.282 μs] (CI 99.9%), Margin = 0.254 μs (0.09% of Mean)
Skewness = 0.21, Kurtosis = 2.27, MValue = 2

// ** Remained 26 (86.7%) benchmark(s) to run. Estimated finish 2025-12-31 17:34 (0h 10m from now) **
// **************************
// Benchmark: JsonSerializationBenchmarks.SpanJson_Deserialize_Large: Overhead-Fixed-NoEnergy-1(OutlierMode=DontRemove, IterationCount=15, IterationTime=1s, LaunchCount=1, WarmupCount=6)
// *** Execute ***
// Launch: 1 / 1
// Execute: dotnet Serialization.Bench-Overhead-Fixed-NoEnergy-1-1.dll --anonymousPipes 103 104 --benchmarkName Serialization.Bench.JsonSerializationBenchmarks.SpanJson_Deserialize_Large --job Overhead-Fixed-NoEnergy-1 --benchmarkId 4 in /home/test/rapl-tests/lib-energy-bench/src/Serialization.Bench/bin/Release/net8.0/Serialization.Bench-Overhead-Fixed-NoEnergy-1-1/bin/Release/net8.0
// BeforeAnythingElse

// Benchmark Process Environment Information:
// BenchmarkDotNet v0.15.5-develop (2025-12-31)
// Runtime=.NET 8.0.21 (8.0.21, 8.0.2125.47513), X64 RyuJIT x86-64-v4
// GC=Concurrent Workstation
// HardwareIntrinsics=AVX512 IFMA+VBMI,AVX512 F+BW+CD+DQ+VL,AVX2+BMI1+BMI2+F16C+FMA+LZCNT+MOVBE,AVX,SSE3+SSSE3+SSE4.1+SSE4.2+POPCNT,X86Base+SSE+SSE2,AES+PCLMUL VectorSize=256
// Job: Overhead-Fixed-NoEnergy-1(OutlierMode=DontRemove, IterationCount=15, IterationTime=1s, LaunchCount=1, WarmupCount=6)

OverheadJitting  1: 1 op, 151128.00 ns, 151.1280 us/op
WorkloadJitting  1: 1 op, 113279755.00 ns, 113.2798 ms/op

WorkloadPilot    1: 4 op, 1891891.00 ns, 472.9728 us/op
WorkloadPilot    2: 2114 op, 416750346.00 ns, 197.1383 us/op
WorkloadPilot    3: 5073 op, 761649303.00 ns, 150.1378 us/op
WorkloadPilot    4: 6661 op, 997082590.00 ns, 149.6896 us/op
WorkloadPilot    5: 6680 op, 1000519261.00 ns, 149.7783 us/op
WorkloadPilot    6: 6677 op, 1000126349.00 ns, 149.7868 us/op

WorkloadWarmup   1: 6677 op, 1000190351.00 ns, 149.7964 us/op
WorkloadWarmup   2: 6677 op, 1001833355.00 ns, 150.0424 us/op
WorkloadWarmup   3: 6677 op, 1001543630.00 ns, 149.9990 us/op
WorkloadWarmup   4: 6677 op, 1001663770.00 ns, 150.0170 us/op
WorkloadWarmup   5: 6677 op, 1007566173.00 ns, 150.9010 us/op
WorkloadWarmup   6: 6677 op, 1001427834.00 ns, 149.9817 us/op

// BeforeActualRun
WorkloadActual   1: 6677 op, 1001225028.00 ns, 149.9513 us/op
WorkloadActual   2: 6677 op, 1001075161.00 ns, 149.9289 us/op
WorkloadActual   3: 6677 op, 1001760945.00 ns, 150.0316 us/op
WorkloadActual   4: 6677 op, 1001427009.00 ns, 149.9816 us/op
WorkloadActual   5: 6677 op, 1001031184.00 ns, 149.9223 us/op
WorkloadActual   6: 6677 op, 1001479071.00 ns, 149.9894 us/op
WorkloadActual   7: 6677 op, 1001598977.00 ns, 150.0073 us/op
WorkloadActual   8: 6677 op, 1001310554.00 ns, 149.9641 us/op
WorkloadActual   9: 6677 op, 1000849391.00 ns, 149.8951 us/op
WorkloadActual  10: 6677 op, 1001336840.00 ns, 149.9681 us/op
WorkloadActual  11: 6677 op, 1001326101.00 ns, 149.9665 us/op
WorkloadActual  12: 6677 op, 1000856228.00 ns, 149.8961 us/op
WorkloadActual  13: 6677 op, 1001907511.00 ns, 150.0535 us/op
WorkloadActual  14: 6677 op, 1001808346.00 ns, 150.0387 us/op
WorkloadActual  15: 6677 op, 1001644046.00 ns, 150.0141 us/op

// AfterActualRun
WorkloadResult   1: 6677 op, 1001225028.00 ns, 149.9513 us/op
WorkloadResult   2: 6677 op, 1001075161.00 ns, 149.9289 us/op
WorkloadResult   3: 6677 op, 1001760945.00 ns, 150.0316 us/op
WorkloadResult   4: 6677 op, 1001427009.00 ns, 149.9816 us/op
WorkloadResult   5: 6677 op, 1001031184.00 ns, 149.9223 us/op
WorkloadResult   6: 6677 op, 1001479071.00 ns, 149.9894 us/op
WorkloadResult   7: 6677 op, 1001598977.00 ns, 150.0073 us/op
WorkloadResult   8: 6677 op, 1001310554.00 ns, 149.9641 us/op
WorkloadResult   9: 6677 op, 1000849391.00 ns, 149.8951 us/op
WorkloadResult  10: 6677 op, 1001336840.00 ns, 149.9681 us/op
WorkloadResult  11: 6677 op, 1001326101.00 ns, 149.9665 us/op
WorkloadResult  12: 6677 op, 1000856228.00 ns, 149.8961 us/op
WorkloadResult  13: 6677 op, 1001907511.00 ns, 150.0535 us/op
WorkloadResult  14: 6677 op, 1001808346.00 ns, 150.0387 us/op
WorkloadResult  15: 6677 op, 1001644046.00 ns, 150.0141 us/op

// AfterAll
// Benchmark Process 4046830 has exited with code 0.

Mean = 149.974 μs, StdErr = 0.013 μs (0.01%), N = 15, StdDev = 0.050 μs
Min = 149.895 μs, Q1 = 149.940 μs, Median = 149.968 μs, Q3 = 150.011 μs, Max = 150.054 μs
IQR = 0.071 μs, LowerFence = 149.834 μs, UpperFence = 150.117 μs
ConfidenceInterval = [149.921 μs; 150.027 μs] (CI 99.9%), Margin = 0.053 μs (0.04% of Mean)
Skewness = -0.07, Kurtosis = 1.75, MValue = 2

// ** Remained 25 (83.3%) benchmark(s) to run. Estimated finish 2025-12-31 17:34 (0h 10m from now) **
// **************************
// Benchmark: JsonSerializationBenchmarks.STJ_Deserialize_Medium: Overhead-Fixed-NoEnergy-1(OutlierMode=DontRemove, IterationCount=15, IterationTime=1s, LaunchCount=1, WarmupCount=6)
// *** Execute ***
// Launch: 1 / 1
// Execute: dotnet Serialization.Bench-Overhead-Fixed-NoEnergy-1-1.dll --anonymousPipes 103 104 --benchmarkName Serialization.Bench.JsonSerializationBenchmarks.STJ_Deserialize_Medium --job Overhead-Fixed-NoEnergy-1 --benchmarkId 5 in /home/test/rapl-tests/lib-energy-bench/src/Serialization.Bench/bin/Release/net8.0/Serialization.Bench-Overhead-Fixed-NoEnergy-1-1/bin/Release/net8.0
// BeforeAnythingElse

// Benchmark Process Environment Information:
// BenchmarkDotNet v0.15.5-develop (2025-12-31)
// Runtime=.NET 8.0.21 (8.0.21, 8.0.2125.47513), X64 RyuJIT x86-64-v4
// GC=Concurrent Workstation
// HardwareIntrinsics=AVX512 IFMA+VBMI,AVX512 F+BW+CD+DQ+VL,AVX2+BMI1+BMI2+F16C+FMA+LZCNT+MOVBE,AVX,SSE3+SSSE3+SSE4.1+SSE4.2+POPCNT,X86Base+SSE+SSE2,AES+PCLMUL VectorSize=256
// Job: Overhead-Fixed-NoEnergy-1(OutlierMode=DontRemove, IterationCount=15, IterationTime=1s, LaunchCount=1, WarmupCount=6)

OverheadJitting  1: 1 op, 142296.00 ns, 142.2960 us/op
WorkloadJitting  1: 1 op, 294653.00 ns, 294.6530 us/op

OverheadJitting  2: 16 op, 398509.00 ns, 24.9068 us/op
WorkloadJitting  2: 16 op, 2258304.00 ns, 141.1440 us/op

WorkloadPilot    1: 16 op, 1622961.00 ns, 101.4351 us/op
WorkloadPilot    2: 9872 op, 774440474.00 ns, 78.4482 us/op
WorkloadPilot    3: 12752 op, 678110537.00 ns, 53.1768 us/op
WorkloadPilot    4: 18816 op, 1000969875.00 ns, 53.1978 us/op
WorkloadPilot    5: 18800 op, 999933744.00 ns, 53.1880 us/op
WorkloadPilot    6: 18816 op, 1000683939.00 ns, 53.1826 us/op

OverheadWarmup   1: 18816 op, 69265.00 ns, 3.6812 ns/op
OverheadWarmup   2: 18816 op, 67766.00 ns, 3.6015 ns/op
OverheadWarmup   3: 18816 op, 67795.00 ns, 3.6031 ns/op
OverheadWarmup   4: 18816 op, 68254.00 ns, 3.6274 ns/op
OverheadWarmup   5: 18816 op, 67814.00 ns, 3.6041 ns/op
OverheadWarmup   6: 18816 op, 69194.00 ns, 3.6774 ns/op
OverheadWarmup   7: 18816 op, 68189.00 ns, 3.6240 ns/op

OverheadActual   1: 18816 op, 69275.00 ns, 3.6817 ns/op
OverheadActual   2: 18816 op, 67852.00 ns, 3.6061 ns/op
OverheadActual   3: 18816 op, 67845.00 ns, 3.6057 ns/op
OverheadActual   4: 18816 op, 68187.00 ns, 3.6239 ns/op
OverheadActual   5: 18816 op, 74136.00 ns, 3.9401 ns/op
OverheadActual   6: 18816 op, 67762.00 ns, 3.6013 ns/op
OverheadActual   7: 18816 op, 68198.00 ns, 3.6245 ns/op
OverheadActual   8: 18816 op, 73662.00 ns, 3.9149 ns/op
OverheadActual   9: 18816 op, 67818.00 ns, 3.6043 ns/op
OverheadActual  10: 18816 op, 67828.00 ns, 3.6048 ns/op
OverheadActual  11: 18816 op, 69606.00 ns, 3.6993 ns/op
OverheadActual  12: 18816 op, 69172.00 ns, 3.6762 ns/op
OverheadActual  13: 18816 op, 69166.00 ns, 3.6759 ns/op
OverheadActual  14: 18816 op, 68228.00 ns, 3.6261 ns/op
OverheadActual  15: 18816 op, 67804.00 ns, 3.6035 ns/op

WorkloadWarmup   1: 18816 op, 1006610314.00 ns, 53.4976 us/op
WorkloadWarmup   2: 18816 op, 1005627842.00 ns, 53.4454 us/op
WorkloadWarmup   3: 18816 op, 1000487274.00 ns, 53.1722 us/op
WorkloadWarmup   4: 18816 op, 1000886190.00 ns, 53.1934 us/op
WorkloadWarmup   5: 18816 op, 1000809433.00 ns, 53.1893 us/op
WorkloadWarmup   6: 18816 op, 1002848476.00 ns, 53.2976 us/op

// BeforeActualRun
WorkloadActual   1: 18816 op, 1002280716.00 ns, 53.2675 us/op
WorkloadActual   2: 18816 op, 1002099288.00 ns, 53.2578 us/op
WorkloadActual   3: 18816 op, 1007041759.00 ns, 53.5205 us/op
WorkloadActual   4: 18816 op, 1003228358.00 ns, 53.3178 us/op
WorkloadActual   5: 18816 op, 1002162840.00 ns, 53.2612 us/op
WorkloadActual   6: 18816 op, 1002393620.00 ns, 53.2735 us/op
WorkloadActual   7: 18816 op, 1003205857.00 ns, 53.3166 us/op
WorkloadActual   8: 18816 op, 1001825559.00 ns, 53.2433 us/op
WorkloadActual   9: 18816 op, 1002211037.00 ns, 53.2638 us/op
WorkloadActual  10: 18816 op, 1003042605.00 ns, 53.3080 us/op
WorkloadActual  11: 18816 op, 1001878977.00 ns, 53.2461 us/op
WorkloadActual  12: 18816 op, 1002475592.00 ns, 53.2778 us/op
WorkloadActual  13: 18816 op, 1001172292.00 ns, 53.2086 us/op
WorkloadActual  14: 18816 op, 1001825840.00 ns, 53.2433 us/op
WorkloadActual  15: 18816 op, 1001522104.00 ns, 53.2272 us/op

// AfterActualRun
WorkloadResult   1: 18816 op, 1002212518.00 ns, 53.2638 us/op
WorkloadResult   2: 18816 op, 1002031090.00 ns, 53.2542 us/op
WorkloadResult   3: 18816 op, 1006973561.00 ns, 53.5169 us/op
WorkloadResult   4: 18816 op, 1003160160.00 ns, 53.3142 us/op
WorkloadResult   5: 18816 op, 1002094642.00 ns, 53.2576 us/op
WorkloadResult   6: 18816 op, 1002325422.00 ns, 53.2698 us/op
WorkloadResult   7: 18816 op, 1003137659.00 ns, 53.3130 us/op
WorkloadResult   8: 18816 op, 1001757361.00 ns, 53.2397 us/op
WorkloadResult   9: 18816 op, 1002142839.00 ns, 53.2601 us/op
WorkloadResult  10: 18816 op, 1002974407.00 ns, 53.3043 us/op
WorkloadResult  11: 18816 op, 1001810779.00 ns, 53.2425 us/op
WorkloadResult  12: 18816 op, 1002407394.00 ns, 53.2742 us/op
WorkloadResult  13: 18816 op, 1001104094.00 ns, 53.2049 us/op
WorkloadResult  14: 18816 op, 1001757642.00 ns, 53.2397 us/op
WorkloadResult  15: 18816 op, 1001453906.00 ns, 53.2235 us/op

// AfterAll
// Benchmark Process 4046847 has exited with code 0.

Mean = 53.279 μs, StdErr = 0.019 μs (0.04%), N = 15, StdDev = 0.073 μs
Min = 53.205 μs, Q1 = 53.241 μs, Median = 53.260 μs, Q3 = 53.289 μs, Max = 53.517 μs
IQR = 0.048 μs, LowerFence = 53.169 μs, UpperFence = 53.362 μs
ConfidenceInterval = [53.201 μs; 53.356 μs] (CI 99.9%), Margin = 0.078 μs (0.15% of Mean)
Skewness = 2.22, Kurtosis = 7.73, MValue = 2

// ** Remained 24 (80.0%) benchmark(s) to run. Estimated finish 2025-12-31 17:34 (0h 10m from now) **
// **************************
// Benchmark: JsonSerializationBenchmarks.Newtonsoft_Deserialize_Medium: Overhead-Fixed-NoEnergy-1(OutlierMode=DontRemove, IterationCount=15, IterationTime=1s, LaunchCount=1, WarmupCount=6)
// *** Execute ***
// Launch: 1 / 1
// Execute: dotnet Serialization.Bench-Overhead-Fixed-NoEnergy-1-1.dll --anonymousPipes 103 104 --benchmarkName Serialization.Bench.JsonSerializationBenchmarks.Newtonsoft_Deserialize_Medium --job Overhead-Fixed-NoEnergy-1 --benchmarkId 6 in /home/test/rapl-tests/lib-energy-bench/src/Serialization.Bench/bin/Release/net8.0/Serialization.Bench-Overhead-Fixed-NoEnergy-1-1/bin/Release/net8.0
// BeforeAnythingElse

// Benchmark Process Environment Information:
// BenchmarkDotNet v0.15.5-develop (2025-12-31)
// Runtime=.NET 8.0.21 (8.0.21, 8.0.2125.47513), X64 RyuJIT x86-64-v4
// GC=Concurrent Workstation
// HardwareIntrinsics=AVX512 IFMA+VBMI,AVX512 F+BW+CD+DQ+VL,AVX2+BMI1+BMI2+F16C+FMA+LZCNT+MOVBE,AVX,SSE3+SSSE3+SSE4.1+SSE4.2+POPCNT,X86Base+SSE+SSE2,AES+PCLMUL VectorSize=256
// Job: Overhead-Fixed-NoEnergy-1(OutlierMode=DontRemove, IterationCount=15, IterationTime=1s, LaunchCount=1, WarmupCount=6)

OverheadJitting  1: 1 op, 140274.00 ns, 140.2740 us/op
WorkloadJitting  1: 1 op, 53181920.00 ns, 53.1819 ms/op

OverheadJitting  2: 16 op, 377972.00 ns, 23.6233 us/op
WorkloadJitting  2: 16 op, 5633501.00 ns, 352.0938 us/op

WorkloadPilot    1: 16 op, 5091190.00 ns, 318.1994 us/op
WorkloadPilot    2: 3152 op, 464258560.00 ns, 147.2902 us/op
WorkloadPilot    3: 6800 op, 466490283.00 ns, 68.6015 us/op
WorkloadPilot    4: 14592 op, 1005798541.00 ns, 68.9281 us/op
WorkloadPilot    5: 14512 op, 993476382.00 ns, 68.4590 us/op
WorkloadPilot    6: 14608 op, 1004625500.00 ns, 68.7723 us/op
WorkloadPilot    7: 14544 op, 1004335362.00 ns, 69.0550 us/op

OverheadWarmup   1: 14544 op, 53799.00 ns, 3.6991 ns/op
OverheadWarmup   2: 14544 op, 52415.00 ns, 3.6039 ns/op
OverheadWarmup   3: 14544 op, 52379.00 ns, 3.6014 ns/op
OverheadWarmup   4: 14544 op, 54214.00 ns, 3.7276 ns/op
OverheadWarmup   5: 14544 op, 52747.00 ns, 3.6267 ns/op
OverheadWarmup   6: 14544 op, 53434.00 ns, 3.6740 ns/op
OverheadWarmup   7: 14544 op, 53450.00 ns, 3.6751 ns/op
OverheadWarmup   8: 14544 op, 53442.00 ns, 3.6745 ns/op

OverheadActual   1: 14544 op, 53458.00 ns, 3.6756 ns/op
OverheadActual   2: 14544 op, 52904.00 ns, 3.6375 ns/op
OverheadActual   3: 14544 op, 52530.00 ns, 3.6118 ns/op
OverheadActual   4: 14544 op, 52509.00 ns, 3.6104 ns/op
OverheadActual   5: 14544 op, 53500.00 ns, 3.6785 ns/op
OverheadActual   6: 14544 op, 53841.00 ns, 3.7019 ns/op
OverheadActual   7: 14544 op, 53504.00 ns, 3.6788 ns/op
OverheadActual   8: 14544 op, 53451.00 ns, 3.6751 ns/op
OverheadActual   9: 14544 op, 53440.00 ns, 3.6744 ns/op
OverheadActual  10: 14544 op, 53543.00 ns, 3.6814 ns/op
OverheadActual  11: 14544 op, 53885.00 ns, 3.7050 ns/op
OverheadActual  12: 14544 op, 53516.00 ns, 3.6796 ns/op
OverheadActual  13: 14544 op, 53512.00 ns, 3.6793 ns/op
OverheadActual  14: 14544 op, 52426.00 ns, 3.6046 ns/op
OverheadActual  15: 14544 op, 52830.00 ns, 3.6324 ns/op

WorkloadWarmup   1: 14544 op, 1004485069.00 ns, 69.0653 us/op
WorkloadWarmup   2: 14544 op, 1003563415.00 ns, 69.0019 us/op
WorkloadWarmup   3: 14544 op, 994992424.00 ns, 68.4126 us/op
WorkloadWarmup   4: 14544 op, 997639809.00 ns, 68.5946 us/op
WorkloadWarmup   5: 14544 op, 1002122955.00 ns, 68.9028 us/op
WorkloadWarmup   6: 14544 op, 999090497.00 ns, 68.6943 us/op

// BeforeActualRun
WorkloadActual   1: 14544 op, 1001473378.00 ns, 68.8582 us/op
WorkloadActual   2: 14544 op, 1008473754.00 ns, 69.3395 us/op
WorkloadActual   3: 14544 op, 1004001720.00 ns, 69.0320 us/op
WorkloadActual   4: 14544 op, 1003995488.00 ns, 69.0316 us/op
WorkloadActual   5: 14544 op, 1002365530.00 ns, 68.9195 us/op
WorkloadActual   6: 14544 op, 1007667968.00 ns, 69.2841 us/op
WorkloadActual   7: 14544 op, 1001577080.00 ns, 68.8653 us/op
WorkloadActual   8: 14544 op, 1002969446.00 ns, 68.9610 us/op
WorkloadActual   9: 14544 op, 1002386063.00 ns, 68.9209 us/op
WorkloadActual  10: 14544 op, 1003765308.00 ns, 69.0158 us/op
WorkloadActual  11: 14544 op, 1004389939.00 ns, 69.0587 us/op
WorkloadActual  12: 14544 op, 1002362139.00 ns, 68.9193 us/op
WorkloadActual  13: 14544 op, 1003023124.00 ns, 68.9647 us/op
WorkloadActual  14: 14544 op, 1003166321.00 ns, 68.9746 us/op
WorkloadActual  15: 14544 op, 1000562428.00 ns, 68.7955 us/op

// AfterActualRun
WorkloadResult   1: 14544 op, 1001419920.00 ns, 68.8545 us/op
WorkloadResult   2: 14544 op, 1008420296.00 ns, 69.3358 us/op
WorkloadResult   3: 14544 op, 1003948262.00 ns, 69.0283 us/op
WorkloadResult   4: 14544 op, 1003942030.00 ns, 69.0279 us/op
WorkloadResult   5: 14544 op, 1002312072.00 ns, 68.9158 us/op
WorkloadResult   6: 14544 op, 1007614510.00 ns, 69.2804 us/op
WorkloadResult   7: 14544 op, 1001523622.00 ns, 68.8616 us/op
WorkloadResult   8: 14544 op, 1002915988.00 ns, 68.9574 us/op
WorkloadResult   9: 14544 op, 1002332605.00 ns, 68.9173 us/op
WorkloadResult  10: 14544 op, 1003711850.00 ns, 69.0121 us/op
WorkloadResult  11: 14544 op, 1004336481.00 ns, 69.0550 us/op
WorkloadResult  12: 14544 op, 1002308681.00 ns, 68.9156 us/op
WorkloadResult  13: 14544 op, 1002969666.00 ns, 68.9611 us/op
WorkloadResult  14: 14544 op, 1003112863.00 ns, 68.9709 us/op
WorkloadResult  15: 14544 op, 1000508970.00 ns, 68.7919 us/op

// AfterAll
// Benchmark Process 4046863 has exited with code 0.

Mean = 68.992 μs, StdErr = 0.038 μs (0.06%), N = 15, StdDev = 0.147 μs
Min = 68.792 μs, Q1 = 68.916 μs, Median = 68.961 μs, Q3 = 69.028 μs, Max = 69.336 μs
IQR = 0.112 μs, LowerFence = 68.747 μs, UpperFence = 69.197 μs
ConfidenceInterval = [68.835 μs; 69.150 μs] (CI 99.9%), Margin = 0.158 μs (0.23% of Mean)
Skewness = 1.05, Kurtosis = 3.28, MValue = 2

// ** Remained 23 (76.7%) benchmark(s) to run. Estimated finish 2025-12-31 17:34 (0h 9m from now) **
// **************************
// Benchmark: JsonSerializationBenchmarks.Jil_Deserialize_Medium: Overhead-Fixed-NoEnergy-1(OutlierMode=DontRemove, IterationCount=15, IterationTime=1s, LaunchCount=1, WarmupCount=6)
// *** Execute ***
// Launch: 1 / 1
// Execute: dotnet Serialization.Bench-Overhead-Fixed-NoEnergy-1-1.dll --anonymousPipes 103 104 --benchmarkName Serialization.Bench.JsonSerializationBenchmarks.Jil_Deserialize_Medium --job Overhead-Fixed-NoEnergy-1 --benchmarkId 7 in /home/test/rapl-tests/lib-energy-bench/src/Serialization.Bench/bin/Release/net8.0/Serialization.Bench-Overhead-Fixed-NoEnergy-1-1/bin/Release/net8.0
// BeforeAnythingElse

// Benchmark Process Environment Information:
// BenchmarkDotNet v0.15.5-develop (2025-12-31)
// Runtime=.NET 8.0.21 (8.0.21, 8.0.2125.47513), X64 RyuJIT x86-64-v4
// GC=Concurrent Workstation
// HardwareIntrinsics=AVX512 IFMA+VBMI,AVX512 F+BW+CD+DQ+VL,AVX2+BMI1+BMI2+F16C+FMA+LZCNT+MOVBE,AVX,SSE3+SSSE3+SSE4.1+SSE4.2+POPCNT,X86Base+SSE+SSE2,AES+PCLMUL VectorSize=256
// Job: Overhead-Fixed-NoEnergy-1(OutlierMode=DontRemove, IterationCount=15, IterationTime=1s, LaunchCount=1, WarmupCount=6)

OverheadJitting  1: 1 op, 140804.00 ns, 140.8040 us/op
WorkloadJitting  1: 1 op, 199482674.00 ns, 199.4827 ms/op

WorkloadPilot    1: 4 op, 798026.00 ns, 199.5065 us/op
WorkloadPilot    2: 5012 op, 389747253.00 ns, 77.7628 us/op
WorkloadPilot    3: 12860 op, 709526511.00 ns, 55.1731 us/op
WorkloadPilot    4: 18125 op, 996956098.00 ns, 55.0045 us/op
WorkloadPilot    5: 18180 op, 1000319965.00 ns, 55.0231 us/op
WorkloadPilot    6: 18174 op, 999746501.00 ns, 55.0097 us/op
WorkloadPilot    7: 18179 op, 1000640003.00 ns, 55.0437 us/op
WorkloadPilot    8: 18167 op, 999410700.00 ns, 55.0124 us/op
WorkloadPilot    9: 18178 op, 1001941416.00 ns, 55.1184 us/op

WorkloadWarmup   1: 18178 op, 998295036.00 ns, 54.9178 us/op
WorkloadWarmup   2: 18178 op, 1000705582.00 ns, 55.0504 us/op
WorkloadWarmup   3: 18178 op, 999347721.00 ns, 54.9757 us/op
WorkloadWarmup   4: 18178 op, 1000300711.00 ns, 55.0281 us/op
WorkloadWarmup   5: 18178 op, 1000947275.00 ns, 55.0637 us/op
WorkloadWarmup   6: 18178 op, 999487518.00 ns, 54.9834 us/op

// BeforeActualRun
WorkloadActual   1: 18178 op, 999556385.00 ns, 54.9871 us/op
WorkloadActual   2: 18178 op, 1001560635.00 ns, 55.0974 us/op
WorkloadActual   3: 18178 op, 1002013947.00 ns, 55.1223 us/op
WorkloadActual   4: 18178 op, 999941098.00 ns, 55.0083 us/op
WorkloadActual   5: 18178 op, 1000971731.00 ns, 55.0650 us/op
WorkloadActual   6: 18178 op, 999680185.00 ns, 54.9940 us/op
WorkloadActual   7: 18178 op, 1002099396.00 ns, 55.1270 us/op
WorkloadActual   8: 18178 op, 1006541699.00 ns, 55.3714 us/op
WorkloadActual   9: 18178 op, 1001058222.00 ns, 55.0698 us/op
WorkloadActual  10: 18178 op, 1000411167.00 ns, 55.0342 us/op
WorkloadActual  11: 18178 op, 1002628332.00 ns, 55.1561 us/op
WorkloadActual  12: 18178 op, 1002911349.00 ns, 55.1717 us/op
WorkloadActual  13: 18178 op, 1001566964.00 ns, 55.0978 us/op
WorkloadActual  14: 18178 op, 1002602294.00 ns, 55.1547 us/op
WorkloadActual  15: 18178 op, 1000877218.00 ns, 55.0598 us/op

// AfterActualRun
WorkloadResult   1: 18178 op, 999556385.00 ns, 54.9871 us/op
WorkloadResult   2: 18178 op, 1001560635.00 ns, 55.0974 us/op
WorkloadResult   3: 18178 op, 1002013947.00 ns, 55.1223 us/op
WorkloadResult   4: 18178 op, 999941098.00 ns, 55.0083 us/op
WorkloadResult   5: 18178 op, 1000971731.00 ns, 55.0650 us/op
WorkloadResult   6: 18178 op, 999680185.00 ns, 54.9940 us/op
WorkloadResult   7: 18178 op, 1002099396.00 ns, 55.1270 us/op
WorkloadResult   8: 18178 op, 1006541699.00 ns, 55.3714 us/op
WorkloadResult   9: 18178 op, 1001058222.00 ns, 55.0698 us/op
WorkloadResult  10: 18178 op, 1000411167.00 ns, 55.0342 us/op
WorkloadResult  11: 18178 op, 1002628332.00 ns, 55.1561 us/op
WorkloadResult  12: 18178 op, 1002911349.00 ns, 55.1717 us/op
WorkloadResult  13: 18178 op, 1001566964.00 ns, 55.0978 us/op
WorkloadResult  14: 18178 op, 1002602294.00 ns, 55.1547 us/op
WorkloadResult  15: 18178 op, 1000877218.00 ns, 55.0598 us/op

// AfterAll
// Benchmark Process 4046883 has exited with code 0.

Mean = 55.101 μs, StdErr = 0.025 μs (0.04%), N = 15, StdDev = 0.095 μs
Min = 54.987 μs, Q1 = 55.047 μs, Median = 55.097 μs, Q3 = 55.141 μs, Max = 55.371 μs
IQR = 0.094 μs, LowerFence = 54.906 μs, UpperFence = 55.282 μs
ConfidenceInterval = [54.999 μs; 55.203 μs] (CI 99.9%), Margin = 0.102 μs (0.18% of Mean)
Skewness = 1.28, Kurtosis = 4.71, MValue = 2

// ** Remained 22 (73.3%) benchmark(s) to run. Estimated finish 2025-12-31 17:35 (0h 9m from now) **
// **************************
// Benchmark: JsonSerializationBenchmarks.Utf8Json_Deserialize_Medium: Overhead-Fixed-NoEnergy-1(OutlierMode=DontRemove, IterationCount=15, IterationTime=1s, LaunchCount=1, WarmupCount=6)
// *** Execute ***
// Launch: 1 / 1
// Execute: dotnet Serialization.Bench-Overhead-Fixed-NoEnergy-1-1.dll --anonymousPipes 103 104 --benchmarkName Serialization.Bench.JsonSerializationBenchmarks.Utf8Json_Deserialize_Medium --job Overhead-Fixed-NoEnergy-1 --benchmarkId 8 in /home/test/rapl-tests/lib-energy-bench/src/Serialization.Bench/bin/Release/net8.0/Serialization.Bench-Overhead-Fixed-NoEnergy-1-1/bin/Release/net8.0
// BeforeAnythingElse

// Benchmark Process Environment Information:
// BenchmarkDotNet v0.15.5-develop (2025-12-31)
// Runtime=.NET 8.0.21 (8.0.21, 8.0.2125.47513), X64 RyuJIT x86-64-v4
// GC=Concurrent Workstation
// HardwareIntrinsics=AVX512 IFMA+VBMI,AVX512 F+BW+CD+DQ+VL,AVX2+BMI1+BMI2+F16C+FMA+LZCNT+MOVBE,AVX,SSE3+SSSE3+SSE4.1+SSE4.2+POPCNT,X86Base+SSE+SSE2,AES+PCLMUL VectorSize=256
// Job: Overhead-Fixed-NoEnergy-1(OutlierMode=DontRemove, IterationCount=15, IterationTime=1s, LaunchCount=1, WarmupCount=6)

OverheadJitting  1: 1 op, 141395.00 ns, 141.3950 us/op
WorkloadJitting  1: 1 op, 57886926.00 ns, 57.8869 ms/op

OverheadJitting  2: 16 op, 382664.00 ns, 23.9165 us/op
WorkloadJitting  2: 16 op, 4727236.00 ns, 295.4523 us/op

WorkloadPilot    1: 16 op, 3853052.00 ns, 240.8158 us/op
WorkloadPilot    2: 4160 op, 721308932.00 ns, 173.3916 us/op
WorkloadPilot    3: 5776 op, 354997603.00 ns, 61.4608 us/op
WorkloadPilot    4: 16272 op, 997937218.00 ns, 61.3285 us/op
WorkloadPilot    5: 16320 op, 998541539.00 ns, 61.1851 us/op
WorkloadPilot    6: 16352 op, 1001755483.00 ns, 61.2620 us/op
WorkloadPilot    7: 16336 op, 1002190106.00 ns, 61.3486 us/op
WorkloadPilot    8: 16304 op, 998422481.00 ns, 61.2379 us/op
WorkloadPilot    9: 16336 op, 1000489843.00 ns, 61.2445 us/op

OverheadWarmup   1: 16336 op, 59941.00 ns, 3.6693 ns/op
OverheadWarmup   2: 16336 op, 59087.00 ns, 3.6170 ns/op
OverheadWarmup   3: 16336 op, 59085.00 ns, 3.6169 ns/op
OverheadWarmup   4: 16336 op, 59062.00 ns, 3.6155 ns/op
OverheadWarmup   5: 16336 op, 59407.00 ns, 3.6366 ns/op
OverheadWarmup   6: 16336 op, 59063.00 ns, 3.6155 ns/op
OverheadWarmup   7: 16336 op, 59126.00 ns, 3.6194 ns/op
OverheadWarmup   8: 16336 op, 59033.00 ns, 3.6137 ns/op

OverheadActual   1: 16336 op, 59653.00 ns, 3.6516 ns/op
OverheadActual   2: 16336 op, 62986.00 ns, 3.8557 ns/op
OverheadActual   3: 16336 op, 61481.00 ns, 3.7635 ns/op
OverheadActual   4: 16336 op, 60111.00 ns, 3.6797 ns/op
OverheadActual   5: 16336 op, 60387.00 ns, 3.6966 ns/op
OverheadActual   6: 16336 op, 61426.00 ns, 3.7602 ns/op
OverheadActual   7: 16336 op, 61574.00 ns, 3.7692 ns/op
OverheadActual   8: 16336 op, 62521.00 ns, 3.8272 ns/op
OverheadActual   9: 16336 op, 62291.00 ns, 3.8131 ns/op
OverheadActual  10: 16336 op, 63087.00 ns, 3.8618 ns/op
OverheadActual  11: 16336 op, 62355.00 ns, 3.8170 ns/op
OverheadActual  12: 16336 op, 62203.00 ns, 3.8077 ns/op
OverheadActual  13: 16336 op, 63156.00 ns, 3.8661 ns/op
OverheadActual  14: 16336 op, 64319.00 ns, 3.9373 ns/op
OverheadActual  15: 16336 op, 60239.00 ns, 3.6875 ns/op

WorkloadWarmup   1: 16336 op, 1004210403.00 ns, 61.4722 us/op
WorkloadWarmup   2: 16336 op, 1001382995.00 ns, 61.2992 us/op
WorkloadWarmup   3: 16336 op, 999224846.00 ns, 61.1670 us/op
WorkloadWarmup   4: 16336 op, 1000034413.00 ns, 61.2166 us/op
WorkloadWarmup   5: 16336 op, 1001272127.00 ns, 61.2924 us/op
WorkloadWarmup   6: 16336 op, 999290539.00 ns, 61.1711 us/op

// BeforeActualRun
WorkloadActual   1: 16336 op, 1001036605.00 ns, 61.2780 us/op
WorkloadActual   2: 16336 op, 1001438733.00 ns, 61.3026 us/op
WorkloadActual   3: 16336 op, 999221737.00 ns, 61.1669 us/op
WorkloadActual   4: 16336 op, 999650627.00 ns, 61.1931 us/op
WorkloadActual   5: 16336 op, 1000154306.00 ns, 61.2239 us/op
WorkloadActual   6: 16336 op, 999034822.00 ns, 61.1554 us/op
WorkloadActual   7: 16336 op, 999645410.00 ns, 61.1928 us/op
WorkloadActual   8: 16336 op, 998131505.00 ns, 61.1001 us/op
WorkloadActual   9: 16336 op, 1004142950.00 ns, 61.4681 us/op
WorkloadActual  10: 16336 op, 998424383.00 ns, 61.1180 us/op
WorkloadActual  11: 16336 op, 997623056.00 ns, 61.0690 us/op
WorkloadActual  12: 16336 op, 997947023.00 ns, 61.0888 us/op
WorkloadActual  13: 16336 op, 996112432.00 ns, 60.9765 us/op
WorkloadActual  14: 16336 op, 997010653.00 ns, 61.0315 us/op
WorkloadActual  15: 16336 op, 996675536.00 ns, 61.0110 us/op

// AfterActualRun
WorkloadResult   1: 16336 op, 1000974402.00 ns, 61.2741 us/op
WorkloadResult   2: 16336 op, 1001376530.00 ns, 61.2988 us/op
WorkloadResult   3: 16336 op, 999159534.00 ns, 61.1630 us/op
WorkloadResult   4: 16336 op, 999588424.00 ns, 61.1893 us/op
WorkloadResult   5: 16336 op, 1000092103.00 ns, 61.2201 us/op
WorkloadResult   6: 16336 op, 998972619.00 ns, 61.1516 us/op
WorkloadResult   7: 16336 op, 999583207.00 ns, 61.1890 us/op
WorkloadResult   8: 16336 op, 998069302.00 ns, 61.0963 us/op
WorkloadResult   9: 16336 op, 1004080747.00 ns, 61.4643 us/op
WorkloadResult  10: 16336 op, 998362180.00 ns, 61.1142 us/op
WorkloadResult  11: 16336 op, 997560853.00 ns, 61.0652 us/op
WorkloadResult  12: 16336 op, 997884820.00 ns, 61.0850 us/op
WorkloadResult  13: 16336 op, 996050229.00 ns, 60.9727 us/op
WorkloadResult  14: 16336 op, 996948450.00 ns, 61.0277 us/op
WorkloadResult  15: 16336 op, 996613333.00 ns, 61.0072 us/op

// AfterAll
// Benchmark Process 4046900 has exited with code 0.

Mean = 61.155 μs, StdErr = 0.033 μs (0.05%), N = 15, StdDev = 0.127 μs
Min = 60.973 μs, Q1 = 61.075 μs, Median = 61.152 μs, Q3 = 61.205 μs, Max = 61.464 μs
IQR = 0.130 μs, LowerFence = 60.881 μs, UpperFence = 61.399 μs
ConfidenceInterval = [61.019 μs; 61.291 μs] (CI 99.9%), Margin = 0.136 μs (0.22% of Mean)
Skewness = 0.72, Kurtosis = 3, MValue = 2

// ** Remained 21 (70.0%) benchmark(s) to run. Estimated finish 2025-12-31 17:35 (0h 9m from now) **
// **************************
// Benchmark: JsonSerializationBenchmarks.SpanJson_Deserialize_Medium: Overhead-Fixed-NoEnergy-1(OutlierMode=DontRemove, IterationCount=15, IterationTime=1s, LaunchCount=1, WarmupCount=6)
// *** Execute ***
// Launch: 1 / 1
// Execute: dotnet Serialization.Bench-Overhead-Fixed-NoEnergy-1-1.dll --anonymousPipes 103 104 --benchmarkName Serialization.Bench.JsonSerializationBenchmarks.SpanJson_Deserialize_Medium --job Overhead-Fixed-NoEnergy-1 --benchmarkId 9 in /home/test/rapl-tests/lib-energy-bench/src/Serialization.Bench/bin/Release/net8.0/Serialization.Bench-Overhead-Fixed-NoEnergy-1-1/bin/Release/net8.0
// BeforeAnythingElse

// Benchmark Process Environment Information:
// BenchmarkDotNet v0.15.5-develop (2025-12-31)
// Runtime=.NET 8.0.21 (8.0.21, 8.0.2125.47513), X64 RyuJIT x86-64-v4
// GC=Concurrent Workstation
// HardwareIntrinsics=AVX512 IFMA+VBMI,AVX512 F+BW+CD+DQ+VL,AVX2+BMI1+BMI2+F16C+FMA+LZCNT+MOVBE,AVX,SSE3+SSSE3+SSE4.1+SSE4.2+POPCNT,X86Base+SSE+SSE2,AES+PCLMUL VectorSize=256
// Job: Overhead-Fixed-NoEnergy-1(OutlierMode=DontRemove, IterationCount=15, IterationTime=1s, LaunchCount=1, WarmupCount=6)

OverheadJitting  1: 1 op, 139788.00 ns, 139.7880 us/op
WorkloadJitting  1: 1 op, 101264474.00 ns, 101.2645 ms/op

WorkloadPilot    1: 4 op, 834532.00 ns, 208.6330 us/op
WorkloadPilot    2: 4793 op, 321448998.00 ns, 67.0663 us/op
WorkloadPilot    3: 14911 op, 613189991.00 ns, 41.1233 us/op
WorkloadPilot    4: 24317 op, 994731513.00 ns, 40.9068 us/op
WorkloadPilot    5: 24446 op, 999304176.00 ns, 40.8780 us/op
WorkloadPilot    6: 24463 op, 1002628329.00 ns, 40.9855 us/op
WorkloadPilot    7: 24399 op, 1001393947.00 ns, 41.0424 us/op
WorkloadPilot    8: 24365 op, 999978534.00 ns, 41.0416 us/op

WorkloadWarmup   1: 24365 op, 998629756.00 ns, 40.9862 us/op
WorkloadWarmup   2: 24365 op, 999360178.00 ns, 41.0162 us/op
WorkloadWarmup   3: 24365 op, 995898251.00 ns, 40.8741 us/op
WorkloadWarmup   4: 24365 op, 996038154.00 ns, 40.8799 us/op
WorkloadWarmup   5: 24365 op, 996982707.00 ns, 40.9186 us/op
WorkloadWarmup   6: 24365 op, 996191978.00 ns, 40.8862 us/op

// BeforeActualRun
WorkloadActual   1: 24365 op, 1000340870.00 ns, 41.0565 us/op
WorkloadActual   2: 24365 op, 998158322.00 ns, 40.9669 us/op
WorkloadActual   3: 24365 op, 999206131.00 ns, 41.0099 us/op
WorkloadActual   4: 24365 op, 998160699.00 ns, 40.9670 us/op
WorkloadActual   5: 24365 op, 998833420.00 ns, 40.9946 us/op
WorkloadActual   6: 24365 op, 1000035770.00 ns, 41.0439 us/op
WorkloadActual   7: 24365 op, 997959388.00 ns, 40.9587 us/op
WorkloadActual   8: 24365 op, 997856573.00 ns, 40.9545 us/op
WorkloadActual   9: 24365 op, 998954517.00 ns, 40.9996 us/op
WorkloadActual  10: 24365 op, 998535672.00 ns, 40.9824 us/op
WorkloadActual  11: 24365 op, 997249024.00 ns, 40.9296 us/op
WorkloadActual  12: 24365 op, 1001684566.00 ns, 41.1116 us/op
WorkloadActual  13: 24365 op, 999281721.00 ns, 41.0130 us/op
WorkloadActual  14: 24365 op, 998035872.00 ns, 40.9619 us/op
WorkloadActual  15: 24365 op, 999800195.00 ns, 41.0343 us/op

// AfterActualRun
WorkloadResult   1: 24365 op, 1000340870.00 ns, 41.0565 us/op
WorkloadResult   2: 24365 op, 998158322.00 ns, 40.9669 us/op
WorkloadResult   3: 24365 op, 999206131.00 ns, 41.0099 us/op
WorkloadResult   4: 24365 op, 998160699.00 ns, 40.9670 us/op
WorkloadResult   5: 24365 op, 998833420.00 ns, 40.9946 us/op
WorkloadResult   6: 24365 op, 1000035770.00 ns, 41.0439 us/op
WorkloadResult   7: 24365 op, 997959388.00 ns, 40.9587 us/op
WorkloadResult   8: 24365 op, 997856573.00 ns, 40.9545 us/op
WorkloadResult   9: 24365 op, 998954517.00 ns, 40.9996 us/op
WorkloadResult  10: 24365 op, 998535672.00 ns, 40.9824 us/op
WorkloadResult  11: 24365 op, 997249024.00 ns, 40.9296 us/op
WorkloadResult  12: 24365 op, 1001684566.00 ns, 41.1116 us/op
WorkloadResult  13: 24365 op, 999281721.00 ns, 41.0130 us/op
WorkloadResult  14: 24365 op, 998035872.00 ns, 40.9619 us/op
WorkloadResult  15: 24365 op, 999800195.00 ns, 41.0343 us/op

// AfterAll
// Benchmark Process 4046917 has exited with code 0.

Mean = 40.999 μs, StdErr = 0.012 μs (0.03%), N = 15, StdDev = 0.048 μs
Min = 40.930 μs, Q1 = 40.964 μs, Median = 40.995 μs, Q3 = 41.024 μs, Max = 41.112 μs
IQR = 0.059 μs, LowerFence = 40.875 μs, UpperFence = 41.113 μs
ConfidenceInterval = [40.948 μs; 41.050 μs] (CI 99.9%), Margin = 0.051 μs (0.12% of Mean)
Skewness = 0.71, Kurtosis = 2.75, MValue = 2

// ** Remained 20 (66.7%) benchmark(s) to run. Estimated finish 2025-12-31 17:35 (0h 8m from now) **
// **************************
// Benchmark: JsonSerializationBenchmarks.STJ_Deserialize_Small: Overhead-Fixed-NoEnergy-1(OutlierMode=DontRemove, IterationCount=15, IterationTime=1s, LaunchCount=1, WarmupCount=6)
// *** Execute ***
// Launch: 1 / 1
// Execute: dotnet Serialization.Bench-Overhead-Fixed-NoEnergy-1-1.dll --anonymousPipes 103 104 --benchmarkName Serialization.Bench.JsonSerializationBenchmarks.STJ_Deserialize_Small --job Overhead-Fixed-NoEnergy-1 --benchmarkId 10 in /home/test/rapl-tests/lib-energy-bench/src/Serialization.Bench/bin/Release/net8.0/Serialization.Bench-Overhead-Fixed-NoEnergy-1-1/bin/Release/net8.0
// BeforeAnythingElse

// Benchmark Process Environment Information:
// BenchmarkDotNet v0.15.5-develop (2025-12-31)
// Runtime=.NET 8.0.21 (8.0.21, 8.0.2125.47513), X64 RyuJIT x86-64-v4
// GC=Concurrent Workstation
// HardwareIntrinsics=AVX512 IFMA+VBMI,AVX512 F+BW+CD+DQ+VL,AVX2+BMI1+BMI2+F16C+FMA+LZCNT+MOVBE,AVX,SSE3+SSSE3+SSE4.1+SSE4.2+POPCNT,X86Base+SSE+SSE2,AES+PCLMUL VectorSize=256
// Job: Overhead-Fixed-NoEnergy-1(OutlierMode=DontRemove, IterationCount=15, IterationTime=1s, LaunchCount=1, WarmupCount=6)

OverheadJitting  1: 1 op, 150115.00 ns, 150.1150 us/op
WorkloadJitting  1: 1 op, 187721.00 ns, 187.7210 us/op

OverheadJitting  2: 16 op, 369400.00 ns, 23.0875 us/op
WorkloadJitting  2: 16 op, 503638.00 ns, 31.4774 us/op

WorkloadPilot    1: 16 op, 92214.00 ns, 5.7634 us/op
WorkloadPilot    2: 173520 op, 594186354.00 ns, 3.4243 us/op
WorkloadPilot    3: 292032 op, 578106775.00 ns, 1.9796 us/op
WorkloadPilot    4: 505152 op, 999178094.00 ns, 1.9780 us/op
WorkloadPilot    5: 505568 op, 996461830.00 ns, 1.9710 us/op
WorkloadPilot    6: 507376 op, 1000292790.00 ns, 1.9715 us/op
WorkloadPilot    7: 507232 op, 1002220100.00 ns, 1.9759 us/op
WorkloadPilot    8: 506112 op, 999415159.00 ns, 1.9747 us/op
WorkloadPilot    9: 506416 op, 998676762.00 ns, 1.9720 us/op
WorkloadPilot   10: 507088 op, 999980992.00 ns, 1.9720 us/op
WorkloadPilot   11: 507104 op, 999507901.00 ns, 1.9710 us/op
WorkloadPilot   12: 507360 op, 1001293087.00 ns, 1.9735 us/op

OverheadWarmup   1: 507360 op, 1746083.00 ns, 3.4415 ns/op
OverheadWarmup   2: 507360 op, 1733320.00 ns, 3.4164 ns/op
OverheadWarmup   3: 507360 op, 1734884.00 ns, 3.4194 ns/op
OverheadWarmup   4: 507360 op, 1738620.00 ns, 3.4268 ns/op
OverheadWarmup   5: 507360 op, 1731941.00 ns, 3.4136 ns/op
OverheadWarmup   6: 507360 op, 1740615.00 ns, 3.4307 ns/op
OverheadWarmup   7: 507360 op, 1739852.00 ns, 3.4292 ns/op

OverheadActual   1: 507360 op, 1748102.00 ns, 3.4455 ns/op
OverheadActual   2: 507360 op, 1736604.00 ns, 3.4228 ns/op
OverheadActual   3: 507360 op, 1734137.00 ns, 3.4180 ns/op
OverheadActual   4: 507360 op, 1738682.00 ns, 3.4269 ns/op
OverheadActual   5: 507360 op, 1730446.00 ns, 3.4107 ns/op
OverheadActual   6: 507360 op, 1742694.00 ns, 3.4348 ns/op
OverheadActual   7: 507360 op, 1736745.00 ns, 3.4231 ns/op
OverheadActual   8: 507360 op, 1730869.00 ns, 3.4115 ns/op
OverheadActual   9: 507360 op, 1737059.00 ns, 3.4237 ns/op
OverheadActual  10: 507360 op, 1738005.00 ns, 3.4256 ns/op
OverheadActual  11: 507360 op, 1733823.00 ns, 3.4173 ns/op
OverheadActual  12: 507360 op, 1744799.00 ns, 3.4390 ns/op
OverheadActual  13: 507360 op, 1740582.00 ns, 3.4307 ns/op
OverheadActual  14: 507360 op, 1735952.00 ns, 3.4215 ns/op
OverheadActual  15: 507360 op, 1736414.00 ns, 3.4224 ns/op

WorkloadWarmup   1: 507360 op, 1006558486.00 ns, 1.9839 us/op
WorkloadWarmup   2: 507360 op, 1005805725.00 ns, 1.9824 us/op
WorkloadWarmup   3: 507360 op, 1002289075.00 ns, 1.9755 us/op
WorkloadWarmup   4: 507360 op, 1004016408.00 ns, 1.9789 us/op
WorkloadWarmup   5: 507360 op, 1004406605.00 ns, 1.9797 us/op
WorkloadWarmup   6: 507360 op, 1002631095.00 ns, 1.9762 us/op

// BeforeActualRun
WorkloadActual   1: 507360 op, 1007053413.00 ns, 1.9849 us/op
WorkloadActual   2: 507360 op, 1004662487.00 ns, 1.9802 us/op
WorkloadActual   3: 507360 op, 1004955660.00 ns, 1.9808 us/op
WorkloadActual   4: 507360 op, 1007626204.00 ns, 1.9860 us/op
WorkloadActual   5: 507360 op, 1008354740.00 ns, 1.9875 us/op
WorkloadActual   6: 507360 op, 1007604380.00 ns, 1.9860 us/op
WorkloadActual   7: 507360 op, 1005501949.00 ns, 1.9818 us/op
WorkloadActual   8: 507360 op, 1006615858.00 ns, 1.9840 us/op
WorkloadActual   9: 507360 op, 1006673290.00 ns, 1.9841 us/op
WorkloadActual  10: 507360 op, 1002533110.00 ns, 1.9760 us/op
WorkloadActual  11: 507360 op, 1006858979.00 ns, 1.9845 us/op
WorkloadActual  12: 507360 op, 1005105593.00 ns, 1.9811 us/op
WorkloadActual  13: 507360 op, 1003962229.00 ns, 1.9788 us/op
WorkloadActual  14: 507360 op, 1005937481.00 ns, 1.9827 us/op
WorkloadActual  15: 507360 op, 1004263407.00 ns, 1.9794 us/op

// AfterActualRun
WorkloadResult   1: 507360 op, 1005316668.00 ns, 1.9815 us/op
WorkloadResult   2: 507360 op, 1002925742.00 ns, 1.9768 us/op
WorkloadResult   3: 507360 op, 1003218915.00 ns, 1.9773 us/op
WorkloadResult   4: 507360 op, 1005889459.00 ns, 1.9826 us/op
WorkloadResult   5: 507360 op, 1006617995.00 ns, 1.9840 us/op
WorkloadResult   6: 507360 op, 1005867635.00 ns, 1.9826 us/op
WorkloadResult   7: 507360 op, 1003765204.00 ns, 1.9784 us/op
WorkloadResult   8: 507360 op, 1004879113.00 ns, 1.9806 us/op
WorkloadResult   9: 507360 op, 1004936545.00 ns, 1.9807 us/op
WorkloadResult  10: 507360 op, 1000796365.00 ns, 1.9726 us/op
WorkloadResult  11: 507360 op, 1005122234.00 ns, 1.9811 us/op
WorkloadResult  12: 507360 op, 1003368848.00 ns, 1.9776 us/op
WorkloadResult  13: 507360 op, 1002225484.00 ns, 1.9754 us/op
WorkloadResult  14: 507360 op, 1004200736.00 ns, 1.9793 us/op
WorkloadResult  15: 507360 op, 1002526662.00 ns, 1.9760 us/op

// AfterAll
// Benchmark Process 4046933 has exited with code 0.

Mean = 1.979 μs, StdErr = 0.001 μs (0.04%), N = 15, StdDev = 0.003 μs
Min = 1.973 μs, Q1 = 1.977 μs, Median = 1.979 μs, Q3 = 1.981 μs, Max = 1.984 μs
IQR = 0.004 μs, LowerFence = 1.971 μs, UpperFence = 1.988 μs
ConfidenceInterval = [1.976 μs; 1.982 μs] (CI 99.9%), Margin = 0.003 μs (0.17% of Mean)
Skewness = -0.31, Kurtosis = 2.05, MValue = 2

// ** Remained 19 (63.3%) benchmark(s) to run. Estimated finish 2025-12-31 17:35 (0h 8m from now) **
// **************************
// Benchmark: JsonSerializationBenchmarks.Newtonsoft_Deserialize_Small: Overhead-Fixed-NoEnergy-1(OutlierMode=DontRemove, IterationCount=15, IterationTime=1s, LaunchCount=1, WarmupCount=6)
// *** Execute ***
// Launch: 1 / 1
// Execute: dotnet Serialization.Bench-Overhead-Fixed-NoEnergy-1-1.dll --anonymousPipes 103 104 --benchmarkName Serialization.Bench.JsonSerializationBenchmarks.Newtonsoft_Deserialize_Small --job Overhead-Fixed-NoEnergy-1 --benchmarkId 11 in /home/test/rapl-tests/lib-energy-bench/src/Serialization.Bench/bin/Release/net8.0/Serialization.Bench-Overhead-Fixed-NoEnergy-1-1/bin/Release/net8.0
// BeforeAnythingElse

// Benchmark Process Environment Information:
// BenchmarkDotNet v0.15.5-develop (2025-12-31)
// Runtime=.NET 8.0.21 (8.0.21, 8.0.2125.47513), X64 RyuJIT x86-64-v4
// GC=Concurrent Workstation
// HardwareIntrinsics=AVX512 IFMA+VBMI,AVX512 F+BW+CD+DQ+VL,AVX2+BMI1+BMI2+F16C+FMA+LZCNT+MOVBE,AVX,SSE3+SSSE3+SSE4.1+SSE4.2+POPCNT,X86Base+SSE+SSE2,AES+PCLMUL VectorSize=256
// Job: Overhead-Fixed-NoEnergy-1(OutlierMode=DontRemove, IterationCount=15, IterationTime=1s, LaunchCount=1, WarmupCount=6)

OverheadJitting  1: 1 op, 139115.00 ns, 139.1150 us/op
WorkloadJitting  1: 1 op, 42416818.00 ns, 42.4168 ms/op

OverheadJitting  2: 16 op, 391231.00 ns, 24.4519 us/op
WorkloadJitting  2: 16 op, 824124.00 ns, 51.5078 us/op

WorkloadPilot    1: 16 op, 430261.00 ns, 26.8913 us/op
WorkloadPilot    2: 37200 op, 264610400.00 ns, 7.1132 us/op
WorkloadPilot    3: 140592 op, 512396481.00 ns, 3.6446 us/op
WorkloadPilot    4: 274384 op, 995408651.00 ns, 3.6278 us/op
WorkloadPilot    5: 275664 op, 999583532.00 ns, 3.6261 us/op
WorkloadPilot    6: 275792 op, 1001247365.00 ns, 3.6304 us/op
WorkloadPilot    7: 275456 op, 998222468.00 ns, 3.6239 us/op
WorkloadPilot    8: 275952 op, 1002126176.00 ns, 3.6315 us/op
WorkloadPilot    9: 275376 op, 1008988881.00 ns, 3.6640 us/op

OverheadWarmup   1: 275376 op, 944380.00 ns, 3.4294 ns/op
OverheadWarmup   2: 275376 op, 950764.00 ns, 3.4526 ns/op
OverheadWarmup   3: 275376 op, 949112.00 ns, 3.4466 ns/op
OverheadWarmup   4: 275376 op, 962888.00 ns, 3.4966 ns/op
OverheadWarmup   5: 275376 op, 959759.00 ns, 3.4853 ns/op

OverheadActual   1: 275376 op, 968503.00 ns, 3.5170 ns/op
OverheadActual   2: 275376 op, 942900.00 ns, 3.4240 ns/op
OverheadActual   3: 275376 op, 942206.00 ns, 3.4215 ns/op
OverheadActual   4: 275376 op, 948429.00 ns, 3.4441 ns/op
OverheadActual   5: 275376 op, 961846.00 ns, 3.4928 ns/op
OverheadActual   6: 275376 op, 962921.00 ns, 3.4967 ns/op
OverheadActual   7: 275376 op, 964956.00 ns, 3.5041 ns/op
OverheadActual   8: 275376 op, 964993.00 ns, 3.5043 ns/op
OverheadActual   9: 275376 op, 946467.00 ns, 3.4370 ns/op
OverheadActual  10: 275376 op, 945888.00 ns, 3.4349 ns/op
OverheadActual  11: 275376 op, 961391.00 ns, 3.4912 ns/op
OverheadActual  12: 275376 op, 957336.00 ns, 3.4765 ns/op
OverheadActual  13: 275376 op, 958526.00 ns, 3.4808 ns/op
OverheadActual  14: 275376 op, 964858.00 ns, 3.5038 ns/op
OverheadActual  15: 275376 op, 967454.00 ns, 3.5132 ns/op

WorkloadWarmup   1: 275376 op, 1003173108.00 ns, 3.6429 us/op
WorkloadWarmup   2: 275376 op, 1001326603.00 ns, 3.6362 us/op
WorkloadWarmup   3: 275376 op, 998289710.00 ns, 3.6252 us/op
WorkloadWarmup   4: 275376 op, 997557338.00 ns, 3.6225 us/op
WorkloadWarmup   5: 275376 op, 1019983317.00 ns, 3.7040 us/op
WorkloadWarmup   6: 275376 op, 997296133.00 ns, 3.6216 us/op

// BeforeActualRun
WorkloadActual   1: 275376 op, 999134034.00 ns, 3.6283 us/op
WorkloadActual   2: 275376 op, 999210118.00 ns, 3.6285 us/op
WorkloadActual   3: 275376 op, 998551589.00 ns, 3.6261 us/op
WorkloadActual   4: 275376 op, 1001179955.00 ns, 3.6357 us/op
WorkloadActual   5: 275376 op, 999800238.00 ns, 3.6307 us/op
WorkloadActual   6: 275376 op, 998390888.00 ns, 3.6256 us/op
WorkloadActual   7: 275376 op, 997986847.00 ns, 3.6241 us/op
WorkloadActual   8: 275376 op, 999397617.00 ns, 3.6292 us/op
WorkloadActual   9: 275376 op, 998871026.00 ns, 3.6273 us/op
WorkloadActual  10: 275376 op, 998383687.00 ns, 3.6255 us/op
WorkloadActual  11: 275376 op, 998803534.00 ns, 3.6271 us/op
WorkloadActual  12: 275376 op, 1002827129.00 ns, 3.6417 us/op
WorkloadActual  13: 275376 op, 998356913.00 ns, 3.6254 us/op
WorkloadActual  14: 275376 op, 998578187.00 ns, 3.6262 us/op
WorkloadActual  15: 275376 op, 998588068.00 ns, 3.6263 us/op

// AfterActualRun
WorkloadResult   1: 275376 op, 998172643.00 ns, 3.6248 us/op
WorkloadResult   2: 275376 op, 998248727.00 ns, 3.6250 us/op
WorkloadResult   3: 275376 op, 997590198.00 ns, 3.6226 us/op
WorkloadResult   4: 275376 op, 1000218564.00 ns, 3.6322 us/op
WorkloadResult   5: 275376 op, 998838847.00 ns, 3.6272 us/op
WorkloadResult   6: 275376 op, 997429497.00 ns, 3.6221 us/op
WorkloadResult   7: 275376 op, 997025456.00 ns, 3.6206 us/op
WorkloadResult   8: 275376 op, 998436226.00 ns, 3.6257 us/op
WorkloadResult   9: 275376 op, 997909635.00 ns, 3.6238 us/op
WorkloadResult  10: 275376 op, 997422296.00 ns, 3.6220 us/op
WorkloadResult  11: 275376 op, 997842143.00 ns, 3.6236 us/op
WorkloadResult  12: 275376 op, 1001865738.00 ns, 3.6382 us/op
WorkloadResult  13: 275376 op, 997395522.00 ns, 3.6219 us/op
WorkloadResult  14: 275376 op, 997616796.00 ns, 3.6227 us/op
WorkloadResult  15: 275376 op, 997626677.00 ns, 3.6228 us/op

// AfterAll
// Benchmark Process 4046951 has exited with code 0.

Mean = 3.625 μs, StdErr = 0.001 μs (0.03%), N = 15, StdDev = 0.005 μs
Min = 3.621 μs, Q1 = 3.622 μs, Median = 3.624 μs, Q3 = 3.625 μs, Max = 3.638 μs
IQR = 0.003 μs, LowerFence = 3.618 μs, UpperFence = 3.630 μs
ConfidenceInterval = [3.620 μs; 3.630 μs] (CI 99.9%), Margin = 0.005 μs (0.14% of Mean)
Skewness = 1.68, Kurtosis = 4.98, MValue = 2

// ** Remained 18 (60.0%) benchmark(s) to run. Estimated finish 2025-12-31 17:35 (0h 8m from now) **
// **************************
// Benchmark: JsonSerializationBenchmarks.Jil_Deserialize_Small: Overhead-Fixed-NoEnergy-1(OutlierMode=DontRemove, IterationCount=15, IterationTime=1s, LaunchCount=1, WarmupCount=6)
// *** Execute ***
// Launch: 1 / 1
// Execute: dotnet Serialization.Bench-Overhead-Fixed-NoEnergy-1-1.dll --anonymousPipes 103 104 --benchmarkName Serialization.Bench.JsonSerializationBenchmarks.Jil_Deserialize_Small --job Overhead-Fixed-NoEnergy-1 --benchmarkId 12 in /home/test/rapl-tests/lib-energy-bench/src/Serialization.Bench/bin/Release/net8.0/Serialization.Bench-Overhead-Fixed-NoEnergy-1-1/bin/Release/net8.0
// BeforeAnythingElse

// Benchmark Process Environment Information:
// BenchmarkDotNet v0.15.5-develop (2025-12-31)
// Runtime=.NET 8.0.21 (8.0.21, 8.0.2125.47513), X64 RyuJIT x86-64-v4
// GC=Concurrent Workstation
// HardwareIntrinsics=AVX512 IFMA+VBMI,AVX512 F+BW+CD+DQ+VL,AVX2+BMI1+BMI2+F16C+FMA+LZCNT+MOVBE,AVX,SSE3+SSSE3+SSE4.1+SSE4.2+POPCNT,X86Base+SSE+SSE2,AES+PCLMUL VectorSize=256
// Job: Overhead-Fixed-NoEnergy-1(OutlierMode=DontRemove, IterationCount=15, IterationTime=1s, LaunchCount=1, WarmupCount=6)

OverheadJitting  1: 1 op, 140853.00 ns, 140.8530 us/op
WorkloadJitting  1: 1 op, 115011875.00 ns, 115.0119 ms/op

WorkloadPilot    1: 4 op, 39494.00 ns, 9.8735 us/op
WorkloadPilot    2: 101281 op, 330058042.00 ns, 3.2588 us/op
WorkloadPilot    3: 306858 op, 703484917.00 ns, 2.2925 us/op
WorkloadPilot    4: 436197 op, 994525389.00 ns, 2.2800 us/op
WorkloadPilot    5: 438598 op, 998998376.00 ns, 2.2777 us/op
WorkloadPilot    6: 439038 op, 1000865179.00 ns, 2.2797 us/op
WorkloadPilot    7: 438658 op, 1000407704.00 ns, 2.2806 us/op
WorkloadPilot    8: 438479 op, 1001312468.00 ns, 2.2836 us/op

WorkloadWarmup   1: 438479 op, 998467674.00 ns, 2.2771 us/op
WorkloadWarmup   2: 438479 op, 1001043984.00 ns, 2.2830 us/op
WorkloadWarmup   3: 438479 op, 1001108252.00 ns, 2.2831 us/op
WorkloadWarmup   4: 438479 op, 999726693.00 ns, 2.2800 us/op
WorkloadWarmup   5: 438479 op, 1000072628.00 ns, 2.2808 us/op
WorkloadWarmup   6: 438479 op, 1000515094.00 ns, 2.2818 us/op

// BeforeActualRun
WorkloadActual   1: 438479 op, 997009438.00 ns, 2.2738 us/op
WorkloadActual   2: 438479 op, 999714151.00 ns, 2.2800 us/op
WorkloadActual   3: 438479 op, 1001095509.00 ns, 2.2831 us/op
WorkloadActual   4: 438479 op, 1001326193.00 ns, 2.2836 us/op
WorkloadActual   5: 438479 op, 1002211763.00 ns, 2.2857 us/op
WorkloadActual   6: 438479 op, 1001509897.00 ns, 2.2841 us/op
WorkloadActual   7: 438479 op, 1002476551.00 ns, 2.2863 us/op
WorkloadActual   8: 438479 op, 1001975249.00 ns, 2.2851 us/op
WorkloadActual   9: 438479 op, 1001065675.00 ns, 2.2830 us/op
WorkloadActual  10: 438479 op, 1003234706.00 ns, 2.2880 us/op
WorkloadActual  11: 438479 op, 1001177677.00 ns, 2.2833 us/op
WorkloadActual  12: 438479 op, 1000987954.00 ns, 2.2829 us/op
WorkloadActual  13: 438479 op, 1000821706.00 ns, 2.2825 us/op
WorkloadActual  14: 438479 op, 1001652111.00 ns, 2.2844 us/op
WorkloadActual  15: 438479 op, 1005724837.00 ns, 2.2937 us/op

// AfterActualRun
WorkloadResult   1: 438479 op, 997009438.00 ns, 2.2738 us/op
WorkloadResult   2: 438479 op, 999714151.00 ns, 2.2800 us/op
WorkloadResult   3: 438479 op, 1001095509.00 ns, 2.2831 us/op
WorkloadResult   4: 438479 op, 1001326193.00 ns, 2.2836 us/op
WorkloadResult   5: 438479 op, 1002211763.00 ns, 2.2857 us/op
WorkloadResult   6: 438479 op, 1001509897.00 ns, 2.2841 us/op
WorkloadResult   7: 438479 op, 1002476551.00 ns, 2.2863 us/op
WorkloadResult   8: 438479 op, 1001975249.00 ns, 2.2851 us/op
WorkloadResult   9: 438479 op, 1001065675.00 ns, 2.2830 us/op
WorkloadResult  10: 438479 op, 1003234706.00 ns, 2.2880 us/op
WorkloadResult  11: 438479 op, 1001177677.00 ns, 2.2833 us/op
WorkloadResult  12: 438479 op, 1000987954.00 ns, 2.2829 us/op
WorkloadResult  13: 438479 op, 1000821706.00 ns, 2.2825 us/op
WorkloadResult  14: 438479 op, 1001652111.00 ns, 2.2844 us/op
WorkloadResult  15: 438479 op, 1005724837.00 ns, 2.2937 us/op

// AfterAll
// Benchmark Process 4046968 has exited with code 0.

Mean = 2.284 μs, StdErr = 0.001 μs (0.05%), N = 15, StdDev = 0.004 μs
Min = 2.274 μs, Q1 = 2.283 μs, Median = 2.284 μs, Q3 = 2.285 μs, Max = 2.294 μs
IQR = 0.002 μs, LowerFence = 2.279 μs, UpperFence = 2.289 μs
ConfidenceInterval = [2.279 μs; 2.288 μs] (CI 99.9%), Margin = 0.004 μs (0.20% of Mean)
Skewness = -0.11, Kurtosis = 4.38, MValue = 2

// ** Remained 17 (56.7%) benchmark(s) to run. Estimated finish 2025-12-31 17:35 (0h 7m from now) **
// **************************
// Benchmark: JsonSerializationBenchmarks.Utf8Json_Deserialize_Small: Overhead-Fixed-NoEnergy-1(OutlierMode=DontRemove, IterationCount=15, IterationTime=1s, LaunchCount=1, WarmupCount=6)
// *** Execute ***
// Launch: 1 / 1
// Execute: dotnet Serialization.Bench-Overhead-Fixed-NoEnergy-1-1.dll --anonymousPipes 103 104 --benchmarkName Serialization.Bench.JsonSerializationBenchmarks.Utf8Json_Deserialize_Small --job Overhead-Fixed-NoEnergy-1 --benchmarkId 13 in /home/test/rapl-tests/lib-energy-bench/src/Serialization.Bench/bin/Release/net8.0/Serialization.Bench-Overhead-Fixed-NoEnergy-1-1/bin/Release/net8.0
// BeforeAnythingElse

// Benchmark Process Environment Information:
// BenchmarkDotNet v0.15.5-develop (2025-12-31)
// Runtime=.NET 8.0.21 (8.0.21, 8.0.2125.47513), X64 RyuJIT x86-64-v4
// GC=Concurrent Workstation
// HardwareIntrinsics=AVX512 IFMA+VBMI,AVX512 F+BW+CD+DQ+VL,AVX2+BMI1+BMI2+F16C+FMA+LZCNT+MOVBE,AVX,SSE3+SSSE3+SSE4.1+SSE4.2+POPCNT,X86Base+SSE+SSE2,AES+PCLMUL VectorSize=256
// Job: Overhead-Fixed-NoEnergy-1(OutlierMode=DontRemove, IterationCount=15, IterationTime=1s, LaunchCount=1, WarmupCount=6)

OverheadJitting  1: 1 op, 140855.00 ns, 140.8550 us/op
WorkloadJitting  1: 1 op, 49081881.00 ns, 49.0819 ms/op

OverheadJitting  2: 16 op, 390224.00 ns, 24.3890 us/op
WorkloadJitting  2: 16 op, 675387.00 ns, 42.2117 us/op

WorkloadPilot    1: 16 op, 264984.00 ns, 16.5615 us/op
WorkloadPilot    2: 60384 op, 568297171.00 ns, 9.4114 us/op
WorkloadPilot    3: 106256 op, 215817825.00 ns, 2.0311 us/op
WorkloadPilot    4: 492352 op, 994426703.00 ns, 2.0197 us/op
WorkloadPilot    5: 495120 op, 997166213.00 ns, 2.0140 us/op
WorkloadPilot    6: 496528 op, 1002621505.00 ns, 2.0193 us/op
WorkloadPilot    7: 495232 op, 997122319.00 ns, 2.0134 us/op
WorkloadPilot    8: 496672 op, 1002318088.00 ns, 2.0181 us/op
WorkloadPilot    9: 495536 op, 999346429.00 ns, 2.0167 us/op
WorkloadPilot   10: 495872 op, 1000516455.00 ns, 2.0177 us/op

OverheadWarmup   1: 495872 op, 1684716.00 ns, 3.3975 ns/op
OverheadWarmup   2: 495872 op, 1683507.00 ns, 3.3950 ns/op
OverheadWarmup   3: 495872 op, 1716180.00 ns, 3.4609 ns/op
OverheadWarmup   4: 495872 op, 1704380.00 ns, 3.4371 ns/op
OverheadWarmup   5: 495872 op, 1686004.00 ns, 3.4001 ns/op
OverheadWarmup   6: 495872 op, 1691499.00 ns, 3.4112 ns/op
OverheadWarmup   7: 495872 op, 1687469.00 ns, 3.4030 ns/op

OverheadActual   1: 495872 op, 1687145.00 ns, 3.4024 ns/op
OverheadActual   2: 495872 op, 1691616.00 ns, 3.4114 ns/op
OverheadActual   3: 495872 op, 1688052.00 ns, 3.4042 ns/op
OverheadActual   4: 495872 op, 1697139.00 ns, 3.4225 ns/op
OverheadActual   5: 495872 op, 1705447.00 ns, 3.4393 ns/op
OverheadActual   6: 495872 op, 1686174.00 ns, 3.4004 ns/op
OverheadActual   7: 495872 op, 1688703.00 ns, 3.4055 ns/op
OverheadActual   8: 495872 op, 1690064.00 ns, 3.4083 ns/op
OverheadActual   9: 495872 op, 1693602.00 ns, 3.4154 ns/op
OverheadActual  10: 495872 op, 1693361.00 ns, 3.4149 ns/op
OverheadActual  11: 495872 op, 1684535.00 ns, 3.3971 ns/op
OverheadActual  12: 495872 op, 1695564.00 ns, 3.4194 ns/op
OverheadActual  13: 495872 op, 1692959.00 ns, 3.4141 ns/op
OverheadActual  14: 495872 op, 1688887.00 ns, 3.4059 ns/op
OverheadActual  15: 495872 op, 1702860.00 ns, 3.4341 ns/op

WorkloadWarmup   1: 495872 op, 1003074863.00 ns, 2.0229 us/op
WorkloadWarmup   2: 495872 op, 1004367929.00 ns, 2.0255 us/op
WorkloadWarmup   3: 495872 op, 1002163410.00 ns, 2.0210 us/op
WorkloadWarmup   4: 495872 op, 997573794.00 ns, 2.0118 us/op
WorkloadWarmup   5: 495872 op, 998420710.00 ns, 2.0135 us/op
WorkloadWarmup   6: 495872 op, 997770371.00 ns, 2.0122 us/op

// BeforeActualRun
WorkloadActual   1: 495872 op, 1002691185.00 ns, 2.0221 us/op
WorkloadActual   2: 495872 op, 1003045560.00 ns, 2.0228 us/op
WorkloadActual   3: 495872 op, 1003293735.00 ns, 2.0233 us/op
WorkloadActual   4: 495872 op, 1001592881.00 ns, 2.0199 us/op
WorkloadActual   5: 495872 op, 997818120.00 ns, 2.0122 us/op
WorkloadActual   6: 495872 op, 999841323.00 ns, 2.0163 us/op
WorkloadActual   7: 495872 op, 1000029716.00 ns, 2.0167 us/op
WorkloadActual   8: 495872 op, 998409869.00 ns, 2.0134 us/op
WorkloadActual   9: 495872 op, 1001349717.00 ns, 2.0194 us/op
WorkloadActual  10: 495872 op, 1002118175.00 ns, 2.0209 us/op
WorkloadActual  11: 495872 op, 997802249.00 ns, 2.0122 us/op
WorkloadActual  12: 495872 op, 998469439.00 ns, 2.0136 us/op
WorkloadActual  13: 495872 op, 996425143.00 ns, 2.0094 us/op
WorkloadActual  14: 495872 op, 998822985.00 ns, 2.0143 us/op
WorkloadActual  15: 495872 op, 1001158927.00 ns, 2.0190 us/op

// AfterActualRun
WorkloadResult   1: 495872 op, 1000999569.00 ns, 2.0187 us/op
WorkloadResult   2: 495872 op, 1001353944.00 ns, 2.0194 us/op
WorkloadResult   3: 495872 op, 1001602119.00 ns, 2.0199 us/op
WorkloadResult   4: 495872 op, 999901265.00 ns, 2.0165 us/op
WorkloadResult   5: 495872 op, 996126504.00 ns, 2.0088 us/op
WorkloadResult   6: 495872 op, 998149707.00 ns, 2.0129 us/op
WorkloadResult   7: 495872 op, 998338100.00 ns, 2.0133 us/op
WorkloadResult   8: 495872 op, 996718253.00 ns, 2.0100 us/op
WorkloadResult   9: 495872 op, 999658101.00 ns, 2.0160 us/op
WorkloadResult  10: 495872 op, 1000426559.00 ns, 2.0175 us/op
WorkloadResult  11: 495872 op, 996110633.00 ns, 2.0088 us/op
WorkloadResult  12: 495872 op, 996777823.00 ns, 2.0102 us/op
WorkloadResult  13: 495872 op, 994733527.00 ns, 2.0060 us/op
WorkloadResult  14: 495872 op, 997131369.00 ns, 2.0109 us/op
WorkloadResult  15: 495872 op, 999467311.00 ns, 2.0156 us/op

// AfterAll
// Benchmark Process 4046983 has exited with code 0.

Mean = 2.014 μs, StdErr = 0.001 μs (0.06%), N = 15, StdDev = 0.004 μs
Min = 2.006 μs, Q1 = 2.010 μs, Median = 2.013 μs, Q3 = 2.017 μs, Max = 2.020 μs
IQR = 0.007 μs, LowerFence = 2.000 μs, UpperFence = 2.027 μs
ConfidenceInterval = [2.009 μs; 2.018 μs] (CI 99.9%), Margin = 0.005 μs (0.23% of Mean)
Skewness = -0.08, Kurtosis = 1.53, MValue = 2

// ** Remained 16 (53.3%) benchmark(s) to run. Estimated finish 2025-12-31 17:35 (0h 7m from now) **
// **************************
// Benchmark: JsonSerializationBenchmarks.SpanJson_Deserialize_Small: Overhead-Fixed-NoEnergy-1(OutlierMode=DontRemove, IterationCount=15, IterationTime=1s, LaunchCount=1, WarmupCount=6)
// *** Execute ***
// Launch: 1 / 1
// Execute: dotnet Serialization.Bench-Overhead-Fixed-NoEnergy-1-1.dll --anonymousPipes 103 104 --benchmarkName Serialization.Bench.JsonSerializationBenchmarks.SpanJson_Deserialize_Small --job Overhead-Fixed-NoEnergy-1 --benchmarkId 14 in /home/test/rapl-tests/lib-energy-bench/src/Serialization.Bench/bin/Release/net8.0/Serialization.Bench-Overhead-Fixed-NoEnergy-1-1/bin/Release/net8.0
// BeforeAnythingElse

// Benchmark Process Environment Information:
// BenchmarkDotNet v0.15.5-develop (2025-12-31)
// Runtime=.NET 8.0.21 (8.0.21, 8.0.2125.47513), X64 RyuJIT x86-64-v4
// GC=Concurrent Workstation
// HardwareIntrinsics=AVX512 IFMA+VBMI,AVX512 F+BW+CD+DQ+VL,AVX2+BMI1+BMI2+F16C+FMA+LZCNT+MOVBE,AVX,SSE3+SSSE3+SSE4.1+SSE4.2+POPCNT,X86Base+SSE+SSE2,AES+PCLMUL VectorSize=256
// Job: Overhead-Fixed-NoEnergy-1(OutlierMode=DontRemove, IterationCount=15, IterationTime=1s, LaunchCount=1, WarmupCount=6)

OverheadJitting  1: 1 op, 144483.00 ns, 144.4830 us/op
WorkloadJitting  1: 1 op, 59758205.00 ns, 59.7582 ms/op

OverheadJitting  2: 16 op, 381228.00 ns, 23.8268 us/op
WorkloadJitting  2: 16 op, 430898.00 ns, 26.9311 us/op

WorkloadPilot    1: 16 op, 43973.00 ns, 2.7483 us/op
WorkloadPilot    2: 363872 op, 450619928.00 ns, 1.2384 us/op
WorkloadPilot    3: 807504 op, 949064871.00 ns, 1.1753 us/op
WorkloadPilot    4: 850848 op, 995764252.00 ns, 1.1703 us/op
WorkloadPilot    5: 854480 op, 999069243.00 ns, 1.1692 us/op
WorkloadPilot    6: 855280 op, 1001591161.00 ns, 1.1711 us/op
WorkloadPilot    7: 853936 op, 1003526165.00 ns, 1.1752 us/op
WorkloadPilot    8: 850944 op, 998586668.00 ns, 1.1735 us/op
WorkloadPilot    9: 852160 op, 1001466207.00 ns, 1.1752 us/op

OverheadWarmup   1: 852160 op, 2893307.00 ns, 3.3953 ns/op
OverheadWarmup   2: 852160 op, 2898148.00 ns, 3.4009 ns/op
OverheadWarmup   3: 852160 op, 2901606.00 ns, 3.4050 ns/op
OverheadWarmup   4: 852160 op, 2896233.00 ns, 3.3987 ns/op
OverheadWarmup   5: 852160 op, 2891490.00 ns, 3.3931 ns/op
OverheadWarmup   6: 852160 op, 2908005.00 ns, 3.4125 ns/op
OverheadWarmup   7: 852160 op, 2911310.00 ns, 3.4164 ns/op
OverheadWarmup   8: 852160 op, 2899430.00 ns, 3.4024 ns/op

OverheadActual   1: 852160 op, 2900333.00 ns, 3.4035 ns/op
OverheadActual   2: 852160 op, 2901657.00 ns, 3.4051 ns/op
OverheadActual   3: 852160 op, 2902392.00 ns, 3.4059 ns/op
OverheadActual   4: 852160 op, 2911685.00 ns, 3.4168 ns/op
OverheadActual   5: 852160 op, 2902656.00 ns, 3.4062 ns/op
OverheadActual   6: 852160 op, 2903086.00 ns, 3.4067 ns/op
OverheadActual   7: 852160 op, 2901986.00 ns, 3.4054 ns/op
OverheadActual   8: 852160 op, 2893993.00 ns, 3.3961 ns/op
OverheadActual   9: 852160 op, 2892532.00 ns, 3.3944 ns/op
OverheadActual  10: 852160 op, 2895072.00 ns, 3.3973 ns/op
OverheadActual  11: 852160 op, 2893984.00 ns, 3.3961 ns/op
OverheadActual  12: 852160 op, 2894168.00 ns, 3.3963 ns/op
OverheadActual  13: 852160 op, 2896234.00 ns, 3.3987 ns/op
OverheadActual  14: 852160 op, 2896090.00 ns, 3.3985 ns/op
OverheadActual  15: 852160 op, 2894252.00 ns, 3.3964 ns/op

WorkloadWarmup   1: 852160 op, 1001614444.00 ns, 1.1754 us/op
WorkloadWarmup   2: 852160 op, 1000396237.00 ns, 1.1740 us/op
WorkloadWarmup   3: 852160 op, 1000325365.00 ns, 1.1739 us/op
WorkloadWarmup   4: 852160 op, 1000643847.00 ns, 1.1742 us/op
WorkloadWarmup   5: 852160 op, 1000556109.00 ns, 1.1741 us/op
WorkloadWarmup   6: 852160 op, 1000797236.00 ns, 1.1744 us/op

// BeforeActualRun
WorkloadActual   1: 852160 op, 998477397.00 ns, 1.1717 us/op
WorkloadActual   2: 852160 op, 999670071.00 ns, 1.1731 us/op
WorkloadActual   3: 852160 op, 1000173882.00 ns, 1.1737 us/op
WorkloadActual   4: 852160 op, 999273233.00 ns, 1.1726 us/op
WorkloadActual   5: 852160 op, 999818819.00 ns, 1.1733 us/op
WorkloadActual   6: 852160 op, 1000732456.00 ns, 1.1743 us/op
WorkloadActual   7: 852160 op, 999222033.00 ns, 1.1726 us/op
WorkloadActual   8: 852160 op, 998644652.00 ns, 1.1719 us/op
WorkloadActual   9: 852160 op, 999625885.00 ns, 1.1730 us/op
WorkloadActual  10: 852160 op, 1001351473.00 ns, 1.1751 us/op
WorkloadActual  11: 852160 op, 998987872.00 ns, 1.1723 us/op
WorkloadActual  12: 852160 op, 1000852437.00 ns, 1.1745 us/op
WorkloadActual  13: 852160 op, 999948143.00 ns, 1.1734 us/op
WorkloadActual  14: 852160 op, 1000300938.00 ns, 1.1738 us/op
WorkloadActual  15: 852160 op, 1001121359.00 ns, 1.1748 us/op

// AfterActualRun
WorkloadResult   1: 852160 op, 995581163.00 ns, 1.1683 us/op
WorkloadResult   2: 852160 op, 996773837.00 ns, 1.1697 us/op
WorkloadResult   3: 852160 op, 997277648.00 ns, 1.1703 us/op
WorkloadResult   4: 852160 op, 996376999.00 ns, 1.1692 us/op
WorkloadResult   5: 852160 op, 996922585.00 ns, 1.1699 us/op
WorkloadResult   6: 852160 op, 997836222.00 ns, 1.1709 us/op
WorkloadResult   7: 852160 op, 996325799.00 ns, 1.1692 us/op
WorkloadResult   8: 852160 op, 995748418.00 ns, 1.1685 us/op
WorkloadResult   9: 852160 op, 996729651.00 ns, 1.1697 us/op
WorkloadResult  10: 852160 op, 998455239.00 ns, 1.1717 us/op
WorkloadResult  11: 852160 op, 996091638.00 ns, 1.1689 us/op
WorkloadResult  12: 852160 op, 997956203.00 ns, 1.1711 us/op
WorkloadResult  13: 852160 op, 997051909.00 ns, 1.1700 us/op
WorkloadResult  14: 852160 op, 997404704.00 ns, 1.1704 us/op
WorkloadResult  15: 852160 op, 998225125.00 ns, 1.1714 us/op

// AfterAll
// Benchmark Process 4046998 has exited with code 0.

Mean = 1.170 μs, StdErr = 0.000 μs (0.02%), N = 15, StdDev = 0.001 μs
Min = 1.168 μs, Q1 = 1.169 μs, Median = 1.170 μs, Q3 = 1.171 μs, Max = 1.172 μs
IQR = 0.001 μs, LowerFence = 1.167 μs, UpperFence = 1.173 μs
ConfidenceInterval = [1.169 μs; 1.171 μs] (CI 99.9%), Margin = 0.001 μs (0.09% of Mean)
Skewness = 0.08, Kurtosis = 1.74, MValue = 2

// ** Remained 15 (50.0%) benchmark(s) to run. Estimated finish 2025-12-31 17:35 (0h 6m from now) **
// **************************
// Benchmark: JsonSerializationBenchmarks.STJ_Serialize_Large: Overhead-Fixed-NoEnergy-1(OutlierMode=DontRemove, IterationCount=15, IterationTime=1s, LaunchCount=1, WarmupCount=6)
// *** Execute ***
// Launch: 1 / 1
// Execute: dotnet Serialization.Bench-Overhead-Fixed-NoEnergy-1-1.dll --anonymousPipes 103 104 --benchmarkName Serialization.Bench.JsonSerializationBenchmarks.STJ_Serialize_Large --job Overhead-Fixed-NoEnergy-1 --benchmarkId 15 in /home/test/rapl-tests/lib-energy-bench/src/Serialization.Bench/bin/Release/net8.0/Serialization.Bench-Overhead-Fixed-NoEnergy-1-1/bin/Release/net8.0
// BeforeAnythingElse

// Benchmark Process Environment Information:
// BenchmarkDotNet v0.15.5-develop (2025-12-31)
// Runtime=.NET 8.0.21 (8.0.21, 8.0.2125.47513), X64 RyuJIT x86-64-v4
// GC=Concurrent Workstation
// HardwareIntrinsics=AVX512 IFMA+VBMI,AVX512 F+BW+CD+DQ+VL,AVX2+BMI1+BMI2+F16C+FMA+LZCNT+MOVBE,AVX,SSE3+SSSE3+SSE4.1+SSE4.2+POPCNT,X86Base+SSE+SSE2,AES+PCLMUL VectorSize=256
// Job: Overhead-Fixed-NoEnergy-1(OutlierMode=DontRemove, IterationCount=15, IterationTime=1s, LaunchCount=1, WarmupCount=6)

OverheadJitting  1: 1 op, 136457.00 ns, 136.4570 us/op
WorkloadJitting  1: 1 op, 8041869.00 ns, 8.0419 ms/op

OverheadJitting  2: 16 op, 351279.00 ns, 21.9549 us/op
WorkloadJitting  2: 16 op, 6265894.00 ns, 391.6184 us/op

WorkloadPilot    1: 16 op, 5978074.00 ns, 373.6296 us/op
WorkloadPilot    2: 2688 op, 735522408.00 ns, 273.6318 us/op
WorkloadPilot    3: 3664 op, 685151668.00 ns, 186.9955 us/op
WorkloadPilot    4: 5360 op, 999590495.00 ns, 186.4908 us/op
WorkloadPilot    5: 5376 op, 1003588215.00 ns, 186.6794 us/op
WorkloadPilot    6: 5360 op, 998572057.00 ns, 186.3008 us/op
WorkloadPilot    7: 5376 op, 1001537564.00 ns, 186.2979 us/op

OverheadWarmup   1: 5376 op, 19258.00 ns, 3.5822 ns/op
OverheadWarmup   2: 5376 op, 21373.00 ns, 3.9756 ns/op
OverheadWarmup   3: 5376 op, 18460.00 ns, 3.4338 ns/op
OverheadWarmup   4: 5376 op, 18894.00 ns, 3.5145 ns/op
OverheadWarmup   5: 5376 op, 21547.00 ns, 4.0080 ns/op
OverheadWarmup   6: 5376 op, 18757.00 ns, 3.4890 ns/op

OverheadActual   1: 5376 op, 18932.00 ns, 3.5216 ns/op
OverheadActual   2: 5376 op, 18928.00 ns, 3.5208 ns/op
OverheadActual   3: 5376 op, 18929.00 ns, 3.5210 ns/op
OverheadActual   4: 5376 op, 18807.00 ns, 3.4983 ns/op
OverheadActual   5: 5376 op, 18837.00 ns, 3.5039 ns/op
OverheadActual   6: 5376 op, 18832.00 ns, 3.5030 ns/op
OverheadActual   7: 5376 op, 19197.00 ns, 3.5709 ns/op
OverheadActual   8: 5376 op, 18821.00 ns, 3.5009 ns/op
OverheadActual   9: 5376 op, 18890.00 ns, 3.5138 ns/op
OverheadActual  10: 5376 op, 18913.00 ns, 3.5180 ns/op
OverheadActual  11: 5376 op, 18815.00 ns, 3.4998 ns/op
OverheadActual  12: 5376 op, 18841.00 ns, 3.5047 ns/op
OverheadActual  13: 5376 op, 18474.00 ns, 3.4364 ns/op
OverheadActual  14: 5376 op, 18462.00 ns, 3.4342 ns/op
OverheadActual  15: 5376 op, 19596.00 ns, 3.6451 ns/op

WorkloadWarmup   1: 5376 op, 1024917171.00 ns, 190.6468 us/op
WorkloadWarmup   2: 5376 op, 1003552436.00 ns, 186.6727 us/op
WorkloadWarmup   3: 5376 op, 1005479521.00 ns, 187.0312 us/op
WorkloadWarmup   4: 5376 op, 1008484433.00 ns, 187.5901 us/op
WorkloadWarmup   5: 5376 op, 1003438129.00 ns, 186.6514 us/op
WorkloadWarmup   6: 5376 op, 1004436934.00 ns, 186.8372 us/op

// BeforeActualRun
WorkloadActual   1: 5376 op, 1004107491.00 ns, 186.7759 us/op
WorkloadActual   2: 5376 op, 1005425299.00 ns, 187.0211 us/op
WorkloadActual   3: 5376 op, 1004926288.00 ns, 186.9283 us/op
WorkloadActual   4: 5376 op, 1005824495.00 ns, 187.0953 us/op
WorkloadActual   5: 5376 op, 1005494673.00 ns, 187.0340 us/op
WorkloadActual   6: 5376 op, 1006386197.00 ns, 187.1998 us/op
WorkloadActual   7: 5376 op, 1009514241.00 ns, 187.7817 us/op
WorkloadActual   8: 5376 op, 1007340991.00 ns, 187.3774 us/op
WorkloadActual   9: 5376 op, 1006067282.00 ns, 187.1405 us/op
WorkloadActual  10: 5376 op, 1010658083.00 ns, 187.9944 us/op
WorkloadActual  11: 5376 op, 1006921458.00 ns, 187.2994 us/op
WorkloadActual  12: 5376 op, 1003564859.00 ns, 186.6750 us/op
WorkloadActual  13: 5376 op, 1004535022.00 ns, 186.8555 us/op
WorkloadActual  14: 5376 op, 1004780064.00 ns, 186.9011 us/op
WorkloadActual  15: 5376 op, 1005185096.00 ns, 186.9764 us/op

// AfterActualRun
WorkloadResult   1: 5376 op, 1004088650.00 ns, 186.7724 us/op
WorkloadResult   2: 5376 op, 1005406458.00 ns, 187.0176 us/op
WorkloadResult   3: 5376 op, 1004907447.00 ns, 186.9247 us/op
WorkloadResult   4: 5376 op, 1005805654.00 ns, 187.0918 us/op
WorkloadResult   5: 5376 op, 1005475832.00 ns, 187.0305 us/op
WorkloadResult   6: 5376 op, 1006367356.00 ns, 187.1963 us/op
WorkloadResult   7: 5376 op, 1009495400.00 ns, 187.7782 us/op
WorkloadResult   8: 5376 op, 1007322150.00 ns, 187.3739 us/op
WorkloadResult   9: 5376 op, 1006048441.00 ns, 187.1370 us/op
WorkloadResult  10: 5376 op, 1010639242.00 ns, 187.9909 us/op
WorkloadResult  11: 5376 op, 1006902617.00 ns, 187.2959 us/op
WorkloadResult  12: 5376 op, 1003546018.00 ns, 186.6715 us/op
WorkloadResult  13: 5376 op, 1004516181.00 ns, 186.8520 us/op
WorkloadResult  14: 5376 op, 1004761223.00 ns, 186.8975 us/op
WorkloadResult  15: 5376 op, 1005166255.00 ns, 186.9729 us/op

// AfterAll
// Benchmark Process 4047015 has exited with code 0.

Mean = 187.134 μs, StdErr = 0.093 μs (0.05%), N = 15, StdDev = 0.360 μs
Min = 186.672 μs, Q1 = 186.911 μs, Median = 187.030 μs, Q3 = 187.246 μs, Max = 187.991 μs
IQR = 0.335 μs, LowerFence = 186.409 μs, UpperFence = 187.749 μs
ConfidenceInterval = [186.749 μs; 187.518 μs] (CI 99.9%), Margin = 0.385 μs (0.21% of Mean)
Skewness = 1.03, Kurtosis = 3.15, MValue = 2

// ** Remained 14 (46.7%) benchmark(s) to run. Estimated finish 2025-12-31 17:35 (0h 6m from now) **
// **************************
// Benchmark: JsonSerializationBenchmarks.Newtonsoft_Serialize_Large: Overhead-Fixed-NoEnergy-1(OutlierMode=DontRemove, IterationCount=15, IterationTime=1s, LaunchCount=1, WarmupCount=6)
// *** Execute ***
// Launch: 1 / 1
// Execute: dotnet Serialization.Bench-Overhead-Fixed-NoEnergy-1-1.dll --anonymousPipes 103 104 --benchmarkName Serialization.Bench.JsonSerializationBenchmarks.Newtonsoft_Serialize_Large --job Overhead-Fixed-NoEnergy-1 --benchmarkId 16 in /home/test/rapl-tests/lib-energy-bench/src/Serialization.Bench/bin/Release/net8.0/Serialization.Bench-Overhead-Fixed-NoEnergy-1-1/bin/Release/net8.0
// BeforeAnythingElse

// Benchmark Process Environment Information:
// BenchmarkDotNet v0.15.5-develop (2025-12-31)
// Runtime=.NET 8.0.21 (8.0.21, 8.0.2125.47513), X64 RyuJIT x86-64-v4
// GC=Concurrent Workstation
// HardwareIntrinsics=AVX512 IFMA+VBMI,AVX512 F+BW+CD+DQ+VL,AVX2+BMI1+BMI2+F16C+FMA+LZCNT+MOVBE,AVX,SSE3+SSSE3+SSE4.1+SSE4.2+POPCNT,X86Base+SSE+SSE2,AES+PCLMUL VectorSize=256
// Job: Overhead-Fixed-NoEnergy-1(OutlierMode=DontRemove, IterationCount=15, IterationTime=1s, LaunchCount=1, WarmupCount=6)

OverheadJitting  1: 1 op, 134468.00 ns, 134.4680 us/op
WorkloadJitting  1: 1 op, 50848750.00 ns, 50.8488 ms/op

OverheadJitting  2: 16 op, 364567.00 ns, 22.7854 us/op
WorkloadJitting  2: 16 op, 16205399.00 ns, 1.0128 ms/op

WorkloadPilot    1: 16 op, 15559339.00 ns, 972.4587 us/op
WorkloadPilot    2: 1040 op, 458881194.00 ns, 441.2319 us/op
WorkloadPilot    3: 2272 op, 699830116.00 ns, 308.0238 us/op
WorkloadPilot    4: 3248 op, 1001320316.00 ns, 308.2883 us/op

OverheadWarmup   1: 3248 op, 12222.00 ns, 3.7629 ns/op
OverheadWarmup   2: 3248 op, 11327.00 ns, 3.4874 ns/op
OverheadWarmup   3: 3248 op, 11283.00 ns, 3.4738 ns/op
OverheadWarmup   4: 3248 op, 11289.00 ns, 3.4757 ns/op
OverheadWarmup   5: 3248 op, 11278.00 ns, 3.4723 ns/op
OverheadWarmup   6: 3248 op, 11352.00 ns, 3.4951 ns/op
OverheadWarmup   7: 3248 op, 11298.00 ns, 3.4784 ns/op

OverheadActual   1: 3248 op, 11416.00 ns, 3.5148 ns/op
OverheadActual   2: 3248 op, 11421.00 ns, 3.5163 ns/op
OverheadActual   3: 3248 op, 11411.00 ns, 3.5132 ns/op
OverheadActual   4: 3248 op, 11365.00 ns, 3.4991 ns/op
OverheadActual   5: 3248 op, 11356.00 ns, 3.4963 ns/op
OverheadActual   6: 3248 op, 11581.00 ns, 3.5656 ns/op
OverheadActual   7: 3248 op, 11554.00 ns, 3.5573 ns/op
OverheadActual   8: 3248 op, 11522.00 ns, 3.5474 ns/op
OverheadActual   9: 3248 op, 11497.00 ns, 3.5397 ns/op
OverheadActual  10: 3248 op, 11490.00 ns, 3.5376 ns/op
OverheadActual  11: 3248 op, 11513.00 ns, 3.5446 ns/op
OverheadActual  12: 3248 op, 11282.00 ns, 3.4735 ns/op
OverheadActual  13: 3248 op, 11292.00 ns, 3.4766 ns/op
OverheadActual  14: 3248 op, 11773.00 ns, 3.6247 ns/op
OverheadActual  15: 3248 op, 11338.00 ns, 3.4908 ns/op

WorkloadWarmup   1: 3248 op, 1001783986.00 ns, 308.4310 us/op
WorkloadWarmup   2: 3248 op, 999460529.00 ns, 307.7157 us/op
WorkloadWarmup   3: 3248 op, 1003360641.00 ns, 308.9165 us/op
WorkloadWarmup   4: 3248 op, 999942762.00 ns, 307.8642 us/op
WorkloadWarmup   5: 3248 op, 999605638.00 ns, 307.7604 us/op
WorkloadWarmup   6: 3248 op, 1000076138.00 ns, 307.9052 us/op

// BeforeActualRun
WorkloadActual   1: 3248 op, 1000773931.00 ns, 308.1201 us/op
WorkloadActual   2: 3248 op, 1000490705.00 ns, 308.0329 us/op
WorkloadActual   3: 3248 op, 1001024250.00 ns, 308.1971 us/op
WorkloadActual   4: 3248 op, 999190043.00 ns, 307.6324 us/op
WorkloadActual   5: 3248 op, 999110165.00 ns, 307.6078 us/op
WorkloadActual   6: 3248 op, 999735940.00 ns, 307.8005 us/op
WorkloadActual   7: 3248 op, 999839506.00 ns, 307.8324 us/op
WorkloadActual   8: 3248 op, 999309863.00 ns, 307.6693 us/op
WorkloadActual   9: 3248 op, 999664273.00 ns, 307.7784 us/op
WorkloadActual  10: 3248 op, 1000907487.00 ns, 308.1612 us/op
WorkloadActual  11: 3248 op, 999588208.00 ns, 307.7550 us/op
WorkloadActual  12: 3248 op, 1001250281.00 ns, 308.2667 us/op
WorkloadActual  13: 3248 op, 1001681308.00 ns, 308.3994 us/op
WorkloadActual  14: 3248 op, 1001846690.00 ns, 308.4503 us/op
WorkloadActual  15: 3248 op, 1001621266.00 ns, 308.3809 us/op

// AfterActualRun
WorkloadResult   1: 3248 op, 1000762510.00 ns, 308.1165 us/op
WorkloadResult   2: 3248 op, 1000479284.00 ns, 308.0293 us/op
WorkloadResult   3: 3248 op, 1001012829.00 ns, 308.1936 us/op
WorkloadResult   4: 3248 op, 999178622.00 ns, 307.6289 us/op
WorkloadResult   5: 3248 op, 999098744.00 ns, 307.6043 us/op
WorkloadResult   6: 3248 op, 999724519.00 ns, 307.7970 us/op
WorkloadResult   7: 3248 op, 999828085.00 ns, 307.8288 us/op
WorkloadResult   8: 3248 op, 999298442.00 ns, 307.6658 us/op
WorkloadResult   9: 3248 op, 999652852.00 ns, 307.7749 us/op
WorkloadResult  10: 3248 op, 1000896066.00 ns, 308.1577 us/op
WorkloadResult  11: 3248 op, 999576787.00 ns, 307.7515 us/op
WorkloadResult  12: 3248 op, 1001238860.00 ns, 308.2632 us/op
WorkloadResult  13: 3248 op, 1001669887.00 ns, 308.3959 us/op
WorkloadResult  14: 3248 op, 1001835269.00 ns, 308.4468 us/op
WorkloadResult  15: 3248 op, 1001609845.00 ns, 308.3774 us/op

// AfterAll
// Benchmark Process 4047034 has exited with code 0.

Mean = 308.002 μs, StdErr = 0.077 μs (0.02%), N = 15, StdDev = 0.297 μs
Min = 307.604 μs, Q1 = 307.763 μs, Median = 308.029 μs, Q3 = 308.228 μs, Max = 308.447 μs
IQR = 0.465 μs, LowerFence = 307.065 μs, UpperFence = 308.926 μs
ConfidenceInterval = [307.685 μs; 308.319 μs] (CI 99.9%), Margin = 0.317 μs (0.10% of Mean)
Skewness = 0.1, Kurtosis = 1.34, MValue = 2

// ** Remained 13 (43.3%) benchmark(s) to run. Estimated finish 2025-12-31 17:35 (0h 5m from now) **
// **************************
// Benchmark: JsonSerializationBenchmarks.Jil_Serialize_Large: Overhead-Fixed-NoEnergy-1(OutlierMode=DontRemove, IterationCount=15, IterationTime=1s, LaunchCount=1, WarmupCount=6)
// *** Execute ***
// Launch: 1 / 1
// Execute: dotnet Serialization.Bench-Overhead-Fixed-NoEnergy-1-1.dll --anonymousPipes 103 104 --benchmarkName Serialization.Bench.JsonSerializationBenchmarks.Jil_Serialize_Large --job Overhead-Fixed-NoEnergy-1 --benchmarkId 17 in /home/test/rapl-tests/lib-energy-bench/src/Serialization.Bench/bin/Release/net8.0/Serialization.Bench-Overhead-Fixed-NoEnergy-1-1/bin/Release/net8.0
// BeforeAnythingElse

// Benchmark Process Environment Information:
// BenchmarkDotNet v0.15.5-develop (2025-12-31)
// Runtime=.NET 8.0.21 (8.0.21, 8.0.2125.47513), X64 RyuJIT x86-64-v4
// GC=Concurrent Workstation
// HardwareIntrinsics=AVX512 IFMA+VBMI,AVX512 F+BW+CD+DQ+VL,AVX2+BMI1+BMI2+F16C+FMA+LZCNT+MOVBE,AVX,SSE3+SSSE3+SSE4.1+SSE4.2+POPCNT,X86Base+SSE+SSE2,AES+PCLMUL VectorSize=256
// Job: Overhead-Fixed-NoEnergy-1(OutlierMode=DontRemove, IterationCount=15, IterationTime=1s, LaunchCount=1, WarmupCount=6)

OverheadJitting  1: 1 op, 135700.00 ns, 135.7000 us/op
WorkloadJitting  1: 1 op, 158175272.00 ns, 158.1753 ms/op

WorkloadPilot    1: 4 op, 1617528.00 ns, 404.3820 us/op
WorkloadPilot    2: 2473 op, 778097598.00 ns, 314.6371 us/op
WorkloadPilot    3: 3178 op, 899246002.00 ns, 282.9597 us/op
WorkloadPilot    4: 3534 op, 1000575976.00 ns, 283.1285 us/op
WorkloadPilot    5: 3532 op, 1000365215.00 ns, 283.2291 us/op

WorkloadWarmup   1: 3532 op, 1003062772.00 ns, 283.9929 us/op
WorkloadWarmup   2: 3532 op, 1000040047.00 ns, 283.1370 us/op
WorkloadWarmup   3: 3532 op, 1000904624.00 ns, 283.3818 us/op
WorkloadWarmup   4: 3532 op, 1000638425.00 ns, 283.3065 us/op
WorkloadWarmup   5: 3532 op, 1000864769.00 ns, 283.3705 us/op
WorkloadWarmup   6: 3532 op, 999837384.00 ns, 283.0797 us/op

// BeforeActualRun
WorkloadActual   1: 3532 op, 1002296176.00 ns, 283.7758 us/op
WorkloadActual   2: 3532 op, 1004530430.00 ns, 284.4084 us/op
WorkloadActual   3: 3532 op, 1001762283.00 ns, 283.6247 us/op
WorkloadActual   4: 3532 op, 1001280404.00 ns, 283.4882 us/op
WorkloadActual   5: 3532 op, 1003117444.00 ns, 284.0083 us/op
WorkloadActual   6: 3532 op, 1002161243.00 ns, 283.7376 us/op
WorkloadActual   7: 3532 op, 1001560230.00 ns, 283.5674 us/op
WorkloadActual   8: 3532 op, 1002000213.00 ns, 283.6920 us/op
WorkloadActual   9: 3532 op, 1001592202.00 ns, 283.5765 us/op
WorkloadActual  10: 3532 op, 1001782263.00 ns, 283.6303 us/op
WorkloadActual  11: 3532 op, 1001085683.00 ns, 283.4331 us/op
WorkloadActual  12: 3532 op, 1001458761.00 ns, 283.5387 us/op
WorkloadActual  13: 3532 op, 1001134904.00 ns, 283.4470 us/op
WorkloadActual  14: 3532 op, 1000891929.00 ns, 283.3782 us/op
WorkloadActual  15: 3532 op, 1003162111.00 ns, 284.0210 us/op

// AfterActualRun
WorkloadResult   1: 3532 op, 1002296176.00 ns, 283.7758 us/op
WorkloadResult   2: 3532 op, 1004530430.00 ns, 284.4084 us/op
WorkloadResult   3: 3532 op, 1001762283.00 ns, 283.6247 us/op
WorkloadResult   4: 3532 op, 1001280404.00 ns, 283.4882 us/op
WorkloadResult   5: 3532 op, 1003117444.00 ns, 284.0083 us/op
WorkloadResult   6: 3532 op, 1002161243.00 ns, 283.7376 us/op
WorkloadResult   7: 3532 op, 1001560230.00 ns, 283.5674 us/op
WorkloadResult   8: 3532 op, 1002000213.00 ns, 283.6920 us/op
WorkloadResult   9: 3532 op, 1001592202.00 ns, 283.5765 us/op
WorkloadResult  10: 3532 op, 1001782263.00 ns, 283.6303 us/op
WorkloadResult  11: 3532 op, 1001085683.00 ns, 283.4331 us/op
WorkloadResult  12: 3532 op, 1001458761.00 ns, 283.5387 us/op
WorkloadResult  13: 3532 op, 1001134904.00 ns, 283.4470 us/op
WorkloadResult  14: 3532 op, 1000891929.00 ns, 283.3782 us/op
WorkloadResult  15: 3532 op, 1003162111.00 ns, 284.0210 us/op

// AfterAll
// Benchmark Process 4047051 has exited with code 0.

Mean = 283.688 μs, StdErr = 0.071 μs (0.03%), N = 15, StdDev = 0.275 μs
Min = 283.378 μs, Q1 = 283.513 μs, Median = 283.625 μs, Q3 = 283.757 μs, Max = 284.408 μs
IQR = 0.243 μs, LowerFence = 283.149 μs, UpperFence = 284.122 μs
ConfidenceInterval = [283.395 μs; 283.982 μs] (CI 99.9%), Margin = 0.294 μs (0.10% of Mean)
Skewness = 1.18, Kurtosis = 3.63, MValue = 2

// ** Remained 12 (40.0%) benchmark(s) to run. Estimated finish 2025-12-31 17:35 (0h 5m from now) **
// **************************
// Benchmark: JsonSerializationBenchmarks.Utf8Json_Serialize_Large: Overhead-Fixed-NoEnergy-1(OutlierMode=DontRemove, IterationCount=15, IterationTime=1s, LaunchCount=1, WarmupCount=6)
// *** Execute ***
// Launch: 1 / 1
// Execute: dotnet Serialization.Bench-Overhead-Fixed-NoEnergy-1-1.dll --anonymousPipes 103 104 --benchmarkName Serialization.Bench.JsonSerializationBenchmarks.Utf8Json_Serialize_Large --job Overhead-Fixed-NoEnergy-1 --benchmarkId 18 in /home/test/rapl-tests/lib-energy-bench/src/Serialization.Bench/bin/Release/net8.0/Serialization.Bench-Overhead-Fixed-NoEnergy-1-1/bin/Release/net8.0
// BeforeAnythingElse

// Benchmark Process Environment Information:
// BenchmarkDotNet v0.15.5-develop (2025-12-31)
// Runtime=.NET 8.0.21 (8.0.21, 8.0.2125.47513), X64 RyuJIT x86-64-v4
// GC=Concurrent Workstation
// HardwareIntrinsics=AVX512 IFMA+VBMI,AVX512 F+BW+CD+DQ+VL,AVX2+BMI1+BMI2+F16C+FMA+LZCNT+MOVBE,AVX,SSE3+SSSE3+SSE4.1+SSE4.2+POPCNT,X86Base+SSE+SSE2,AES+PCLMUL VectorSize=256
// Job: Overhead-Fixed-NoEnergy-1(OutlierMode=DontRemove, IterationCount=15, IterationTime=1s, LaunchCount=1, WarmupCount=6)

OverheadJitting  1: 1 op, 136148.00 ns, 136.1480 us/op
WorkloadJitting  1: 1 op, 56480769.00 ns, 56.4808 ms/op

OverheadJitting  2: 16 op, 360194.00 ns, 22.5121 us/op
WorkloadJitting  2: 16 op, 13642597.00 ns, 852.6623 us/op

WorkloadPilot    1: 16 op, 12588078.00 ns, 786.7549 us/op
WorkloadPilot    2: 1280 op, 488407656.00 ns, 381.5685 us/op
WorkloadPilot    3: 2624 op, 729953286.00 ns, 278.1834 us/op
WorkloadPilot    4: 3600 op, 993745413.00 ns, 276.0404 us/op
WorkloadPilot    5: 3632 op, 1003284536.00 ns, 276.2347 us/op

OverheadWarmup   1: 3632 op, 14132.00 ns, 3.8910 ns/op
OverheadWarmup   2: 3632 op, 12855.00 ns, 3.5394 ns/op
OverheadWarmup   3: 3632 op, 12824.00 ns, 3.5308 ns/op
OverheadWarmup   4: 3632 op, 13382.00 ns, 3.6845 ns/op
OverheadWarmup   5: 3632 op, 12772.00 ns, 3.5165 ns/op
OverheadWarmup   6: 3632 op, 12797.00 ns, 3.5234 ns/op
OverheadWarmup   7: 3632 op, 12764.00 ns, 3.5143 ns/op

OverheadActual   1: 3632 op, 12918.00 ns, 3.5567 ns/op
OverheadActual   2: 3632 op, 16449.00 ns, 4.5289 ns/op
OverheadActual   3: 3632 op, 12697.00 ns, 3.4959 ns/op
OverheadActual   4: 3632 op, 12531.00 ns, 3.4502 ns/op
OverheadActual   5: 3632 op, 12889.00 ns, 3.5487 ns/op
OverheadActual   6: 3632 op, 12863.00 ns, 3.5416 ns/op
OverheadActual   7: 3632 op, 12798.00 ns, 3.5237 ns/op
OverheadActual   8: 3632 op, 12781.00 ns, 3.5190 ns/op
OverheadActual   9: 3632 op, 12600.00 ns, 3.4692 ns/op
OverheadActual  10: 3632 op, 12560.00 ns, 3.4581 ns/op
OverheadActual  11: 3632 op, 12551.00 ns, 3.4557 ns/op
OverheadActual  12: 3632 op, 13019.00 ns, 3.5845 ns/op
OverheadActual  13: 3632 op, 12553.00 ns, 3.4562 ns/op
OverheadActual  14: 3632 op, 12601.00 ns, 3.4694 ns/op
OverheadActual  15: 3632 op, 12866.00 ns, 3.5424 ns/op
OverheadActual  16: 3632 op, 12841.00 ns, 3.5355 ns/op
OverheadActual  17: 3632 op, 12840.00 ns, 3.5352 ns/op
OverheadActual  18: 3632 op, 12611.00 ns, 3.4722 ns/op
OverheadActual  19: 3632 op, 12600.00 ns, 3.4692 ns/op
OverheadActual  20: 3632 op, 12564.00 ns, 3.4593 ns/op

WorkloadWarmup   1: 3632 op, 1007034055.00 ns, 277.2671 us/op
WorkloadWarmup   2: 3632 op, 1010631788.00 ns, 278.2577 us/op
WorkloadWarmup   3: 3632 op, 1010665462.00 ns, 278.2669 us/op
WorkloadWarmup   4: 3632 op, 1006427264.00 ns, 277.1000 us/op
WorkloadWarmup   5: 3632 op, 1006061233.00 ns, 276.9992 us/op
WorkloadWarmup   6: 3632 op, 1005362912.00 ns, 276.8070 us/op

// BeforeActualRun
WorkloadActual   1: 3632 op, 1007650361.00 ns, 277.4368 us/op
WorkloadActual   2: 3632 op, 1011396403.00 ns, 278.4682 us/op
WorkloadActual   3: 3632 op, 1010669984.00 ns, 278.2682 us/op
WorkloadActual   4: 3632 op, 1008010928.00 ns, 277.5360 us/op
WorkloadActual   5: 3632 op, 1007062037.00 ns, 277.2748 us/op
WorkloadActual   6: 3632 op, 1007381286.00 ns, 277.3627 us/op
WorkloadActual   7: 3632 op, 1008565017.00 ns, 277.6886 us/op
WorkloadActual   8: 3632 op, 1013689660.00 ns, 279.0996 us/op
WorkloadActual   9: 3632 op, 1009482931.00 ns, 277.9413 us/op
WorkloadActual  10: 3632 op, 1016755376.00 ns, 279.9437 us/op
WorkloadActual  11: 3632 op, 1008123268.00 ns, 277.5670 us/op
WorkloadActual  12: 3632 op, 1007071623.00 ns, 277.2774 us/op
WorkloadActual  13: 3632 op, 1007332925.00 ns, 277.3494 us/op
WorkloadActual  14: 3632 op, 1006570407.00 ns, 277.1394 us/op
WorkloadActual  15: 3632 op, 1006352212.00 ns, 277.0794 us/op

// AfterActualRun
WorkloadResult   1: 3632 op, 1007637622.00 ns, 277.4333 us/op
WorkloadResult   2: 3632 op, 1011383664.00 ns, 278.4647 us/op
WorkloadResult   3: 3632 op, 1010657245.00 ns, 278.2647 us/op
WorkloadResult   4: 3632 op, 1007998189.00 ns, 277.5325 us/op
WorkloadResult   5: 3632 op, 1007049298.00 ns, 277.2713 us/op
WorkloadResult   6: 3632 op, 1007368547.00 ns, 277.3592 us/op
WorkloadResult   7: 3632 op, 1008552278.00 ns, 277.6851 us/op
WorkloadResult   8: 3632 op, 1013676921.00 ns, 279.0961 us/op
WorkloadResult   9: 3632 op, 1009470192.00 ns, 277.9378 us/op
WorkloadResult  10: 3632 op, 1016742637.00 ns, 279.9402 us/op
WorkloadResult  11: 3632 op, 1008110529.00 ns, 277.5635 us/op
WorkloadResult  12: 3632 op, 1007058884.00 ns, 277.2739 us/op
WorkloadResult  13: 3632 op, 1007320186.00 ns, 277.3459 us/op
WorkloadResult  14: 3632 op, 1006557668.00 ns, 277.1359 us/op
WorkloadResult  15: 3632 op, 1006339473.00 ns, 277.0758 us/op

// AfterAll
// Benchmark Process 4047068 has exited with code 0.

Mean = 277.825 μs, StdErr = 0.208 μs (0.08%), N = 15, StdDev = 0.807 μs
Min = 277.076 μs, Q1 = 277.310 μs, Median = 277.533 μs, Q3 = 278.101 μs, Max = 279.940 μs
IQR = 0.791 μs, LowerFence = 276.123 μs, UpperFence = 279.288 μs
ConfidenceInterval = [276.962 μs; 278.688 μs] (CI 99.9%), Margin = 0.863 μs (0.31% of Mean)
Skewness = 1.32, Kurtosis = 3.72, MValue = 2

// ** Remained 11 (36.7%) benchmark(s) to run. Estimated finish 2025-12-31 17:35 (0h 4m from now) **
// **************************
// Benchmark: JsonSerializationBenchmarks.SpanJson_Serialize_Large: Overhead-Fixed-NoEnergy-1(OutlierMode=DontRemove, IterationCount=15, IterationTime=1s, LaunchCount=1, WarmupCount=6)
// *** Execute ***
// Launch: 1 / 1
// Execute: dotnet Serialization.Bench-Overhead-Fixed-NoEnergy-1-1.dll --anonymousPipes 103 104 --benchmarkName Serialization.Bench.JsonSerializationBenchmarks.SpanJson_Serialize_Large --job Overhead-Fixed-NoEnergy-1 --benchmarkId 19 in /home/test/rapl-tests/lib-energy-bench/src/Serialization.Bench/bin/Release/net8.0/Serialization.Bench-Overhead-Fixed-NoEnergy-1-1/bin/Release/net8.0
// BeforeAnythingElse

// Benchmark Process Environment Information:
// BenchmarkDotNet v0.15.5-develop (2025-12-31)
// Runtime=.NET 8.0.21 (8.0.21, 8.0.2125.47513), X64 RyuJIT x86-64-v4
// GC=Concurrent Workstation
// HardwareIntrinsics=AVX512 IFMA+VBMI,AVX512 F+BW+CD+DQ+VL,AVX2+BMI1+BMI2+F16C+FMA+LZCNT+MOVBE,AVX,SSE3+SSSE3+SSE4.1+SSE4.2+POPCNT,X86Base+SSE+SSE2,AES+PCLMUL VectorSize=256
// Job: Overhead-Fixed-NoEnergy-1(OutlierMode=DontRemove, IterationCount=15, IterationTime=1s, LaunchCount=1, WarmupCount=6)

OverheadJitting  1: 1 op, 135375.00 ns, 135.3750 us/op
WorkloadJitting  1: 1 op, 109936040.00 ns, 109.9360 ms/op

WorkloadPilot    1: 4 op, 2924076.00 ns, 731.0190 us/op
WorkloadPilot    2: 1368 op, 339456513.00 ns, 248.1407 us/op
WorkloadPilot    3: 4030 op, 642986777.00 ns, 159.5501 us/op
WorkloadPilot    4: 6268 op, 1003963506.00 ns, 160.1729 us/op
WorkloadPilot    5: 6243 op, 994576986.00 ns, 159.3107 us/op
WorkloadPilot    6: 6277 op, 1007580775.00 ns, 160.5195 us/op
WorkloadPilot    7: 6230 op, 988436998.00 ns, 158.6576 us/op
WorkloadPilot    8: 6303 op, 1002157262.00 ns, 158.9969 us/op

WorkloadWarmup   1: 6303 op, 1011638667.00 ns, 160.5011 us/op
WorkloadWarmup   2: 6303 op, 1006852406.00 ns, 159.7418 us/op
WorkloadWarmup   3: 6303 op, 1008014879.00 ns, 159.9262 us/op
WorkloadWarmup   4: 6303 op, 1008301327.00 ns, 159.9717 us/op
WorkloadWarmup   5: 6303 op, 1006425431.00 ns, 159.6740 us/op
WorkloadWarmup   6: 6303 op, 1004492155.00 ns, 159.3673 us/op

// BeforeActualRun
WorkloadActual   1: 6303 op, 1008483216.00 ns, 160.0005 us/op
WorkloadActual   2: 6303 op, 1005031669.00 ns, 159.4529 us/op
WorkloadActual   3: 6303 op, 1003672888.00 ns, 159.2373 us/op
WorkloadActual   4: 6303 op, 1010155149.00 ns, 160.2658 us/op
WorkloadActual   5: 6303 op, 1008224014.00 ns, 159.9594 us/op
WorkloadActual   6: 6303 op, 1008793739.00 ns, 160.0498 us/op
WorkloadActual   7: 6303 op, 1005773407.00 ns, 159.5706 us/op
WorkloadActual   8: 6303 op, 1015739077.00 ns, 161.1517 us/op
WorkloadActual   9: 6303 op, 1008819540.00 ns, 160.0539 us/op
WorkloadActual  10: 6303 op, 1014275808.00 ns, 160.9195 us/op
WorkloadActual  11: 6303 op, 1011993480.00 ns, 160.5574 us/op
WorkloadActual  12: 6303 op, 1009110662.00 ns, 160.1001 us/op
WorkloadActual  13: 6303 op, 1007297887.00 ns, 159.8125 us/op
WorkloadActual  14: 6303 op, 1010705718.00 ns, 160.3531 us/op
WorkloadActual  15: 6303 op, 1002530816.00 ns, 159.0561 us/op

// AfterActualRun
WorkloadResult   1: 6303 op, 1008483216.00 ns, 160.0005 us/op
WorkloadResult   2: 6303 op, 1005031669.00 ns, 159.4529 us/op
WorkloadResult   3: 6303 op, 1003672888.00 ns, 159.2373 us/op
WorkloadResult   4: 6303 op, 1010155149.00 ns, 160.2658 us/op
WorkloadResult   5: 6303 op, 1008224014.00 ns, 159.9594 us/op
WorkloadResult   6: 6303 op, 1008793739.00 ns, 160.0498 us/op
WorkloadResult   7: 6303 op, 1005773407.00 ns, 159.5706 us/op
WorkloadResult   8: 6303 op, 1015739077.00 ns, 161.1517 us/op
WorkloadResult   9: 6303 op, 1008819540.00 ns, 160.0539 us/op
WorkloadResult  10: 6303 op, 1014275808.00 ns, 160.9195 us/op
WorkloadResult  11: 6303 op, 1011993480.00 ns, 160.5574 us/op
WorkloadResult  12: 6303 op, 1009110662.00 ns, 160.1001 us/op
WorkloadResult  13: 6303 op, 1007297887.00 ns, 159.8125 us/op
WorkloadResult  14: 6303 op, 1010705718.00 ns, 160.3531 us/op
WorkloadResult  15: 6303 op, 1002530816.00 ns, 159.0561 us/op

// AfterAll
// Benchmark Process 4047091 has exited with code 0.

Mean = 160.036 μs, StdErr = 0.149 μs (0.09%), N = 15, StdDev = 0.577 μs
Min = 159.056 μs, Q1 = 159.692 μs, Median = 160.050 μs, Q3 = 160.309 μs, Max = 161.152 μs
IQR = 0.618 μs, LowerFence = 158.765 μs, UpperFence = 161.236 μs
ConfidenceInterval = [159.419 μs; 160.653 μs] (CI 99.9%), Margin = 0.617 μs (0.39% of Mean)
Skewness = 0.17, Kurtosis = 2.24, MValue = 2

// ** Remained 10 (33.3%) benchmark(s) to run. Estimated finish 2025-12-31 17:35 (0h 4m from now) **
// **************************
// Benchmark: JsonSerializationBenchmarks.STJ_Serialize_Medium: Overhead-Fixed-NoEnergy-1(OutlierMode=DontRemove, IterationCount=15, IterationTime=1s, LaunchCount=1, WarmupCount=6)
// *** Execute ***
// Launch: 1 / 1
// Execute: dotnet Serialization.Bench-Overhead-Fixed-NoEnergy-1-1.dll --anonymousPipes 103 104 --benchmarkName Serialization.Bench.JsonSerializationBenchmarks.STJ_Serialize_Medium --job Overhead-Fixed-NoEnergy-1 --benchmarkId 20 in /home/test/rapl-tests/lib-energy-bench/src/Serialization.Bench/bin/Release/net8.0/Serialization.Bench-Overhead-Fixed-NoEnergy-1-1/bin/Release/net8.0
// BeforeAnythingElse

// Benchmark Process Environment Information:
// BenchmarkDotNet v0.15.5-develop (2025-12-31)
// Runtime=.NET 8.0.21 (8.0.21, 8.0.2125.47513), X64 RyuJIT x86-64-v4
// GC=Concurrent Workstation
// HardwareIntrinsics=AVX512 IFMA+VBMI,AVX512 F+BW+CD+DQ+VL,AVX2+BMI1+BMI2+F16C+FMA+LZCNT+MOVBE,AVX,SSE3+SSSE3+SSE4.1+SSE4.2+POPCNT,X86Base+SSE+SSE2,AES+PCLMUL VectorSize=256
// Job: Overhead-Fixed-NoEnergy-1(OutlierMode=DontRemove, IterationCount=15, IterationTime=1s, LaunchCount=1, WarmupCount=6)

OverheadJitting  1: 1 op, 144703.00 ns, 144.7030 us/op
WorkloadJitting  1: 1 op, 7002489.00 ns, 7.0025 ms/op

OverheadJitting  2: 16 op, 348722.00 ns, 21.7951 us/op
WorkloadJitting  2: 16 op, 2069566.00 ns, 129.3479 us/op

WorkloadPilot    1: 16 op, 1393501.00 ns, 87.0938 us/op
WorkloadPilot    2: 11488 op, 775759146.00 ns, 67.5278 us/op
WorkloadPilot    3: 14816 op, 670673374.00 ns, 45.2668 us/op
WorkloadPilot    4: 22096 op, 1002405946.00 ns, 45.3659 us/op
WorkloadPilot    5: 22048 op, 997075303.00 ns, 45.2229 us/op
WorkloadPilot    6: 22128 op, 1005675242.00 ns, 45.4481 us/op
WorkloadPilot    7: 22016 op, 1002613091.00 ns, 45.5402 us/op

OverheadWarmup   1: 22016 op, 76409.00 ns, 3.4706 ns/op
OverheadWarmup   2: 22016 op, 75696.00 ns, 3.4382 ns/op
OverheadWarmup   3: 22016 op, 76023.00 ns, 3.4531 ns/op
OverheadWarmup   4: 22016 op, 75573.00 ns, 3.4326 ns/op
OverheadWarmup   5: 22016 op, 75695.00 ns, 3.4382 ns/op
OverheadWarmup   6: 22016 op, 83846.00 ns, 3.8084 ns/op
OverheadWarmup   7: 22016 op, 75613.00 ns, 3.4345 ns/op

OverheadActual   1: 22016 op, 77111.00 ns, 3.5025 ns/op
OverheadActual   2: 22016 op, 76224.00 ns, 3.4622 ns/op
OverheadActual   3: 22016 op, 77098.00 ns, 3.5019 ns/op
OverheadActual   4: 22016 op, 82676.00 ns, 3.7553 ns/op
OverheadActual   5: 22016 op, 76022.00 ns, 3.4530 ns/op
OverheadActual   6: 22016 op, 75881.00 ns, 3.4466 ns/op
OverheadActual   7: 22016 op, 75702.00 ns, 3.4385 ns/op
OverheadActual   8: 22016 op, 77667.00 ns, 3.5278 ns/op
OverheadActual   9: 22016 op, 75730.00 ns, 3.4398 ns/op
OverheadActual  10: 22016 op, 75714.00 ns, 3.4390 ns/op
OverheadActual  11: 22016 op, 76330.00 ns, 3.4670 ns/op
OverheadActual  12: 22016 op, 80125.00 ns, 3.6394 ns/op
OverheadActual  13: 22016 op, 75701.00 ns, 3.4385 ns/op
OverheadActual  14: 22016 op, 76096.00 ns, 3.4564 ns/op
OverheadActual  15: 22016 op, 76014.00 ns, 3.4527 ns/op

WorkloadWarmup   1: 22016 op, 997753910.00 ns, 45.3195 us/op
WorkloadWarmup   2: 22016 op, 1003014794.00 ns, 45.5584 us/op
WorkloadWarmup   3: 22016 op, 1006704408.00 ns, 45.7260 us/op
WorkloadWarmup   4: 22016 op, 1003270959.00 ns, 45.5701 us/op
WorkloadWarmup   5: 22016 op, 1006211920.00 ns, 45.7037 us/op
WorkloadWarmup   6: 22016 op, 1002102695.00 ns, 45.5170 us/op

// BeforeActualRun
WorkloadActual   1: 22016 op, 1001354227.00 ns, 45.4830 us/op
WorkloadActual   2: 22016 op, 1004753556.00 ns, 45.6374 us/op
WorkloadActual   3: 22016 op, 1001097762.00 ns, 45.4714 us/op
WorkloadActual   4: 22016 op, 1002240977.00 ns, 45.5233 us/op
WorkloadActual   5: 22016 op, 1001212515.00 ns, 45.4766 us/op
WorkloadActual   6: 22016 op, 1002734343.00 ns, 45.5457 us/op
WorkloadActual   7: 22016 op, 1002047871.00 ns, 45.5145 us/op
WorkloadActual   8: 22016 op, 1003641066.00 ns, 45.5869 us/op
WorkloadActual   9: 22016 op, 1004056840.00 ns, 45.6058 us/op
WorkloadActual  10: 22016 op, 1004707995.00 ns, 45.6354 us/op
WorkloadActual  11: 22016 op, 1001427166.00 ns, 45.4863 us/op
WorkloadActual  12: 22016 op, 1001751077.00 ns, 45.5010 us/op
WorkloadActual  13: 22016 op, 1007246166.00 ns, 45.7506 us/op
WorkloadActual  14: 22016 op, 1001741750.00 ns, 45.5006 us/op
WorkloadActual  15: 22016 op, 1003174049.00 ns, 45.5657 us/op

// AfterActualRun
WorkloadResult   1: 22016 op, 1001278131.00 ns, 45.4796 us/op
WorkloadResult   2: 22016 op, 1004677460.00 ns, 45.6340 us/op
WorkloadResult   3: 22016 op, 1001021666.00 ns, 45.4679 us/op
WorkloadResult   4: 22016 op, 1002164881.00 ns, 45.5198 us/op
WorkloadResult   5: 22016 op, 1001136419.00 ns, 45.4731 us/op
WorkloadResult   6: 22016 op, 1002658247.00 ns, 45.5423 us/op
WorkloadResult   7: 22016 op, 1001971775.00 ns, 45.5111 us/op
WorkloadResult   8: 22016 op, 1003564970.00 ns, 45.5834 us/op
WorkloadResult   9: 22016 op, 1003980744.00 ns, 45.6023 us/op
WorkloadResult  10: 22016 op, 1004631899.00 ns, 45.6319 us/op
WorkloadResult  11: 22016 op, 1001351070.00 ns, 45.4829 us/op
WorkloadResult  12: 22016 op, 1001674981.00 ns, 45.4976 us/op
WorkloadResult  13: 22016 op, 1007170070.00 ns, 45.7472 us/op
WorkloadResult  14: 22016 op, 1001665654.00 ns, 45.4972 us/op
WorkloadResult  15: 22016 op, 1003097953.00 ns, 45.5622 us/op

// AfterAll
// Benchmark Process 4047107 has exited with code 0.

Mean = 45.549 μs, StdErr = 0.020 μs (0.04%), N = 15, StdDev = 0.079 μs
Min = 45.468 μs, Q1 = 45.490 μs, Median = 45.520 μs, Q3 = 45.593 μs, Max = 45.747 μs
IQR = 0.103 μs, LowerFence = 45.336 μs, UpperFence = 45.747 μs
ConfidenceInterval = [45.465 μs; 45.633 μs] (CI 99.9%), Margin = 0.084 μs (0.18% of Mean)
Skewness = 0.99, Kurtosis = 3.11, MValue = 2

// ** Remained 9 (30.0%) benchmark(s) to run. Estimated finish 2025-12-31 17:35 (0h 4m from now) **
// **************************
// Benchmark: JsonSerializationBenchmarks.Newtonsoft_Serialize_Medium: Overhead-Fixed-NoEnergy-1(OutlierMode=DontRemove, IterationCount=15, IterationTime=1s, LaunchCount=1, WarmupCount=6)
// *** Execute ***
// Launch: 1 / 1
// Execute: dotnet Serialization.Bench-Overhead-Fixed-NoEnergy-1-1.dll --anonymousPipes 103 104 --benchmarkName Serialization.Bench.JsonSerializationBenchmarks.Newtonsoft_Serialize_Medium --job Overhead-Fixed-NoEnergy-1 --benchmarkId 21 in /home/test/rapl-tests/lib-energy-bench/src/Serialization.Bench/bin/Release/net8.0/Serialization.Bench-Overhead-Fixed-NoEnergy-1-1/bin/Release/net8.0
// BeforeAnythingElse

// Benchmark Process Environment Information:
// BenchmarkDotNet v0.15.5-develop (2025-12-31)
// Runtime=.NET 8.0.21 (8.0.21, 8.0.2125.47513), X64 RyuJIT x86-64-v4
// GC=Concurrent Workstation
// HardwareIntrinsics=AVX512 IFMA+VBMI,AVX512 F+BW+CD+DQ+VL,AVX2+BMI1+BMI2+F16C+FMA+LZCNT+MOVBE,AVX,SSE3+SSSE3+SSE4.1+SSE4.2+POPCNT,X86Base+SSE+SSE2,AES+PCLMUL VectorSize=256
// Job: Overhead-Fixed-NoEnergy-1(OutlierMode=DontRemove, IterationCount=15, IterationTime=1s, LaunchCount=1, WarmupCount=6)

OverheadJitting  1: 1 op, 135870.00 ns, 135.8700 us/op
WorkloadJitting  1: 1 op, 48403942.00 ns, 48.4039 ms/op

OverheadJitting  2: 16 op, 357637.00 ns, 22.3523 us/op
WorkloadJitting  2: 16 op, 5054351.00 ns, 315.8969 us/op

WorkloadPilot    1: 16 op, 4456117.00 ns, 278.5073 us/op
WorkloadPilot    2: 3600 op, 370876811.00 ns, 103.0213 us/op
WorkloadPilot    3: 9712 op, 507350012.00 ns, 52.2395 us/op
WorkloadPilot    4: 19152 op, 1002641803.00 ns, 52.3518 us/op
WorkloadPilot    5: 19104 op, 1000496268.00 ns, 52.3710 us/op

OverheadWarmup   1: 19104 op, 67411.00 ns, 3.5286 ns/op
OverheadWarmup   2: 19104 op, 66530.00 ns, 3.4825 ns/op
OverheadWarmup   3: 19104 op, 66498.00 ns, 3.4808 ns/op
OverheadWarmup   4: 19104 op, 65745.00 ns, 3.4414 ns/op
OverheadWarmup   5: 19104 op, 65139.00 ns, 3.4097 ns/op
OverheadWarmup   6: 19104 op, 66487.00 ns, 3.4803 ns/op
OverheadWarmup   7: 19104 op, 65508.00 ns, 3.4290 ns/op
OverheadWarmup   8: 19104 op, 65190.00 ns, 3.4124 ns/op
OverheadWarmup   9: 19104 op, 69736.00 ns, 3.6503 ns/op
OverheadWarmup  10: 19104 op, 66517.00 ns, 3.4818 ns/op

OverheadActual   1: 19104 op, 67021.00 ns, 3.5082 ns/op
OverheadActual   2: 19104 op, 70377.00 ns, 3.6839 ns/op
OverheadActual   3: 19104 op, 65294.00 ns, 3.4178 ns/op
OverheadActual   4: 19104 op, 65617.00 ns, 3.4347 ns/op
OverheadActual   5: 19104 op, 65171.00 ns, 3.4114 ns/op
OverheadActual   6: 19104 op, 66512.00 ns, 3.4816 ns/op
OverheadActual   7: 19104 op, 66517.00 ns, 3.4818 ns/op
OverheadActual   8: 19104 op, 65561.00 ns, 3.4318 ns/op
OverheadActual   9: 19104 op, 65159.00 ns, 3.4108 ns/op
OverheadActual  10: 19104 op, 65164.00 ns, 3.4110 ns/op
OverheadActual  11: 19104 op, 65636.00 ns, 3.4357 ns/op
OverheadActual  12: 19104 op, 66512.00 ns, 3.4816 ns/op
OverheadActual  13: 19104 op, 66495.00 ns, 3.4807 ns/op
OverheadActual  14: 19104 op, 66531.00 ns, 3.4826 ns/op
OverheadActual  15: 19104 op, 66864.00 ns, 3.5000 ns/op

WorkloadWarmup   1: 19104 op, 1000556561.00 ns, 52.3742 us/op
WorkloadWarmup   2: 19104 op, 1005418916.00 ns, 52.6287 us/op
WorkloadWarmup   3: 19104 op, 997850054.00 ns, 52.2325 us/op
WorkloadWarmup   4: 19104 op, 1000452908.00 ns, 52.3688 us/op
WorkloadWarmup   5: 19104 op, 1002381031.00 ns, 52.4697 us/op
WorkloadWarmup   6: 19104 op, 997020586.00 ns, 52.1891 us/op

// BeforeActualRun
WorkloadActual   1: 19104 op, 1002161725.00 ns, 52.4582 us/op
WorkloadActual   2: 19104 op, 1006229369.00 ns, 52.6711 us/op
WorkloadActual   3: 19104 op, 1005220426.00 ns, 52.6183 us/op
WorkloadActual   4: 19104 op, 1006592412.00 ns, 52.6901 us/op
WorkloadActual   5: 19104 op, 1002958739.00 ns, 52.4999 us/op
WorkloadActual   6: 19104 op, 1001560803.00 ns, 52.4268 us/op
WorkloadActual   7: 19104 op, 1003903255.00 ns, 52.5494 us/op
WorkloadActual   8: 19104 op, 1000228902.00 ns, 52.3570 us/op
WorkloadActual   9: 19104 op, 1003269090.00 ns, 52.5162 us/op
WorkloadActual  10: 19104 op, 1002175383.00 ns, 52.4589 us/op
WorkloadActual  11: 19104 op, 1004847317.00 ns, 52.5988 us/op
WorkloadActual  12: 19104 op, 1001222654.00 ns, 52.4091 us/op
WorkloadActual  13: 19104 op, 999645269.00 ns, 52.3265 us/op
WorkloadActual  14: 19104 op, 1004085978.00 ns, 52.5589 us/op
WorkloadActual  15: 19104 op, 1000426980.00 ns, 52.3674 us/op

// AfterActualRun
WorkloadResult   1: 19104 op, 1002095230.00 ns, 52.4547 us/op
WorkloadResult   2: 19104 op, 1006162874.00 ns, 52.6677 us/op
WorkloadResult   3: 19104 op, 1005153931.00 ns, 52.6148 us/op
WorkloadResult   4: 19104 op, 1006525917.00 ns, 52.6867 us/op
WorkloadResult   5: 19104 op, 1002892244.00 ns, 52.4965 us/op
WorkloadResult   6: 19104 op, 1001494308.00 ns, 52.4233 us/op
WorkloadResult   7: 19104 op, 1003836760.00 ns, 52.5459 us/op
WorkloadResult   8: 19104 op, 1000162407.00 ns, 52.3536 us/op
WorkloadResult   9: 19104 op, 1003202595.00 ns, 52.5127 us/op
WorkloadResult  10: 19104 op, 1002108888.00 ns, 52.4554 us/op
WorkloadResult  11: 19104 op, 1004780822.00 ns, 52.5953 us/op
WorkloadResult  12: 19104 op, 1001156159.00 ns, 52.4056 us/op
WorkloadResult  13: 19104 op, 999578774.00 ns, 52.3230 us/op
WorkloadResult  14: 19104 op, 1004019483.00 ns, 52.5555 us/op
WorkloadResult  15: 19104 op, 1000360485.00 ns, 52.3639 us/op

// AfterAll
// Benchmark Process 4047125 has exited with code 0.

Mean = 52.497 μs, StdErr = 0.029 μs (0.06%), N = 15, StdDev = 0.114 μs
Min = 52.323 μs, Q1 = 52.414 μs, Median = 52.496 μs, Q3 = 52.575 μs, Max = 52.687 μs
IQR = 0.161 μs, LowerFence = 52.173 μs, UpperFence = 52.817 μs
ConfidenceInterval = [52.376 μs; 52.618 μs] (CI 99.9%), Margin = 0.121 μs (0.23% of Mean)
Skewness = 0.13, Kurtosis = 1.69, MValue = 2

// ** Remained 8 (26.7%) benchmark(s) to run. Estimated finish 2025-12-31 17:35 (0h 3m from now) **
// **************************
// Benchmark: JsonSerializationBenchmarks.Jil_Serialize_Medium: Overhead-Fixed-NoEnergy-1(OutlierMode=DontRemove, IterationCount=15, IterationTime=1s, LaunchCount=1, WarmupCount=6)
// *** Execute ***
// Launch: 1 / 1
// Execute: dotnet Serialization.Bench-Overhead-Fixed-NoEnergy-1-1.dll --anonymousPipes 103 104 --benchmarkName Serialization.Bench.JsonSerializationBenchmarks.Jil_Serialize_Medium --job Overhead-Fixed-NoEnergy-1 --benchmarkId 22 in /home/test/rapl-tests/lib-energy-bench/src/Serialization.Bench/bin/Release/net8.0/Serialization.Bench-Overhead-Fixed-NoEnergy-1-1/bin/Release/net8.0
// BeforeAnythingElse

// Benchmark Process Environment Information:
// BenchmarkDotNet v0.15.5-develop (2025-12-31)
// Runtime=.NET 8.0.21 (8.0.21, 8.0.2125.47513), X64 RyuJIT x86-64-v4
// GC=Concurrent Workstation
// HardwareIntrinsics=AVX512 IFMA+VBMI,AVX512 F+BW+CD+DQ+VL,AVX2+BMI1+BMI2+F16C+FMA+LZCNT+MOVBE,AVX,SSE3+SSSE3+SSE4.1+SSE4.2+POPCNT,X86Base+SSE+SSE2,AES+PCLMUL VectorSize=256
// Job: Overhead-Fixed-NoEnergy-1(OutlierMode=DontRemove, IterationCount=15, IterationTime=1s, LaunchCount=1, WarmupCount=6)

OverheadJitting  1: 1 op, 134485.00 ns, 134.4850 us/op
WorkloadJitting  1: 1 op, 133809047.00 ns, 133.8090 ms/op

WorkloadPilot    1: 4 op, 682811.00 ns, 170.7028 us/op
WorkloadPilot    2: 5858 op, 319650316.00 ns, 54.5665 us/op
WorkloadPilot    3: 18326 op, 684417031.00 ns, 37.3468 us/op
WorkloadPilot    4: 26776 op, 1000776949.00 ns, 37.3759 us/op
WorkloadPilot    5: 26755 op, 1000482095.00 ns, 37.3942 us/op
WorkloadPilot    6: 26742 op, 1000041229.00 ns, 37.3959 us/op

WorkloadWarmup   1: 26742 op, 1002830678.00 ns, 37.5002 us/op
WorkloadWarmup   2: 26742 op, 1007082138.00 ns, 37.6592 us/op
WorkloadWarmup   3: 26742 op, 1002184746.00 ns, 37.4761 us/op
WorkloadWarmup   4: 26742 op, 1008914236.00 ns, 37.7277 us/op
WorkloadWarmup   5: 26742 op, 1008079511.00 ns, 37.6965 us/op
WorkloadWarmup   6: 26742 op, 1002441548.00 ns, 37.4857 us/op

// BeforeActualRun
WorkloadActual   1: 26742 op, 999757458.00 ns, 37.3853 us/op
WorkloadActual   2: 26742 op, 1006010747.00 ns, 37.6191 us/op
WorkloadActual   3: 26742 op, 994285603.00 ns, 37.1807 us/op
WorkloadActual   4: 26742 op, 1003696581.00 ns, 37.5326 us/op
WorkloadActual   5: 26742 op, 1006898351.00 ns, 37.6523 us/op
WorkloadActual   6: 26742 op, 1005928968.00 ns, 37.6161 us/op
WorkloadActual   7: 26742 op, 997354653.00 ns, 37.2954 us/op
WorkloadActual   8: 26742 op, 1008224591.00 ns, 37.7019 us/op
WorkloadActual   9: 26742 op, 1003755294.00 ns, 37.5348 us/op
WorkloadActual  10: 26742 op, 1005426866.00 ns, 37.5973 us/op
WorkloadActual  11: 26742 op, 1000391113.00 ns, 37.4090 us/op
WorkloadActual  12: 26742 op, 1003624846.00 ns, 37.5299 us/op
WorkloadActual  13: 26742 op, 1002196669.00 ns, 37.4765 us/op
WorkloadActual  14: 26742 op, 1004738495.00 ns, 37.5716 us/op
WorkloadActual  15: 26742 op, 999947547.00 ns, 37.3924 us/op

// AfterActualRun
WorkloadResult   1: 26742 op, 999757458.00 ns, 37.3853 us/op
WorkloadResult   2: 26742 op, 1006010747.00 ns, 37.6191 us/op
WorkloadResult   3: 26742 op, 994285603.00 ns, 37.1807 us/op
WorkloadResult   4: 26742 op, 1003696581.00 ns, 37.5326 us/op
WorkloadResult   5: 26742 op, 1006898351.00 ns, 37.6523 us/op
WorkloadResult   6: 26742 op, 1005928968.00 ns, 37.6161 us/op
WorkloadResult   7: 26742 op, 997354653.00 ns, 37.2954 us/op
WorkloadResult   8: 26742 op, 1008224591.00 ns, 37.7019 us/op
WorkloadResult   9: 26742 op, 1003755294.00 ns, 37.5348 us/op
WorkloadResult  10: 26742 op, 1005426866.00 ns, 37.5973 us/op
WorkloadResult  11: 26742 op, 1000391113.00 ns, 37.4090 us/op
WorkloadResult  12: 26742 op, 1003624846.00 ns, 37.5299 us/op
WorkloadResult  13: 26742 op, 1002196669.00 ns, 37.4765 us/op
WorkloadResult  14: 26742 op, 1004738495.00 ns, 37.5716 us/op
WorkloadResult  15: 26742 op, 999947547.00 ns, 37.3924 us/op

// AfterAll
// Benchmark Process 4047138 has exited with code 0.

Mean = 37.500 μs, StdErr = 0.037 μs (0.10%), N = 15, StdDev = 0.143 μs
Min = 37.181 μs, Q1 = 37.401 μs, Median = 37.533 μs, Q3 = 37.607 μs, Max = 37.702 μs
IQR = 0.206 μs, LowerFence = 37.092 μs, UpperFence = 37.916 μs
ConfidenceInterval = [37.347 μs; 37.653 μs] (CI 99.9%), Margin = 0.153 μs (0.41% of Mean)
Skewness = -0.64, Kurtosis = 2.41, MValue = 2

// ** Remained 7 (23.3%) benchmark(s) to run. Estimated finish 2025-12-31 17:35 (0h 3m from now) **
// **************************
// Benchmark: JsonSerializationBenchmarks.Utf8Json_Serialize_Medium: Overhead-Fixed-NoEnergy-1(OutlierMode=DontRemove, IterationCount=15, IterationTime=1s, LaunchCount=1, WarmupCount=6)
// *** Execute ***
// Launch: 1 / 1
// Execute: dotnet Serialization.Bench-Overhead-Fixed-NoEnergy-1-1.dll --anonymousPipes 103 104 --benchmarkName Serialization.Bench.JsonSerializationBenchmarks.Utf8Json_Serialize_Medium --job Overhead-Fixed-NoEnergy-1 --benchmarkId 23 in /home/test/rapl-tests/lib-energy-bench/src/Serialization.Bench/bin/Release/net8.0/Serialization.Bench-Overhead-Fixed-NoEnergy-1-1/bin/Release/net8.0
// BeforeAnythingElse

// Benchmark Process Environment Information:
// BenchmarkDotNet v0.15.5-develop (2025-12-31)
// Runtime=.NET 8.0.21 (8.0.21, 8.0.2125.47513), X64 RyuJIT x86-64-v4
// GC=Concurrent Workstation
// HardwareIntrinsics=AVX512 IFMA+VBMI,AVX512 F+BW+CD+DQ+VL,AVX2+BMI1+BMI2+F16C+FMA+LZCNT+MOVBE,AVX,SSE3+SSSE3+SSE4.1+SSE4.2+POPCNT,X86Base+SSE+SSE2,AES+PCLMUL VectorSize=256
// Job: Overhead-Fixed-NoEnergy-1(OutlierMode=DontRemove, IterationCount=15, IterationTime=1s, LaunchCount=1, WarmupCount=6)

OverheadJitting  1: 1 op, 136255.00 ns, 136.2550 us/op
WorkloadJitting  1: 1 op, 54174380.00 ns, 54.1744 ms/op

OverheadJitting  2: 16 op, 367408.00 ns, 22.9630 us/op
WorkloadJitting  2: 16 op, 4201170.00 ns, 262.5731 us/op

WorkloadPilot    1: 16 op, 3430825.00 ns, 214.4266 us/op
WorkloadPilot    2: 4672 op, 436382163.00 ns, 93.4037 us/op
WorkloadPilot    3: 10720 op, 631903659.00 ns, 58.9462 us/op
WorkloadPilot    4: 16976 op, 993159135.00 ns, 58.5037 us/op
WorkloadPilot    5: 17104 op, 1066256275.00 ns, 62.3396 us/op
WorkloadPilot    6: 16048 op, 960225963.00 ns, 59.8346 us/op
WorkloadPilot    7: 16720 op, 1011166101.00 ns, 60.4764 us/op
WorkloadPilot    8: 16544 op, 1000313468.00 ns, 60.4638 us/op

OverheadWarmup   1: 16544 op, 58285.00 ns, 3.5230 ns/op
OverheadWarmup   2: 16544 op, 57709.00 ns, 3.4882 ns/op
OverheadWarmup   3: 16544 op, 56498.00 ns, 3.4150 ns/op
OverheadWarmup   4: 16544 op, 62651.00 ns, 3.7869 ns/op
OverheadWarmup   5: 16544 op, 60301.00 ns, 3.6449 ns/op
OverheadWarmup   6: 16544 op, 57674.00 ns, 3.4861 ns/op
OverheadWarmup   7: 16544 op, 57630.00 ns, 3.4834 ns/op
OverheadWarmup   8: 16544 op, 58034.00 ns, 3.5079 ns/op
OverheadWarmup   9: 16544 op, 57614.00 ns, 3.4825 ns/op

OverheadActual   1: 16544 op, 57775.00 ns, 3.4922 ns/op
OverheadActual   2: 16544 op, 57763.00 ns, 3.4915 ns/op
OverheadActual   3: 16544 op, 58171.00 ns, 3.5161 ns/op
OverheadActual   4: 16544 op, 57611.00 ns, 3.4823 ns/op
OverheadActual   5: 16544 op, 57669.00 ns, 3.4858 ns/op
OverheadActual   6: 16544 op, 56486.00 ns, 3.4143 ns/op
OverheadActual   7: 16544 op, 56881.00 ns, 3.4382 ns/op
OverheadActual   8: 16544 op, 56526.00 ns, 3.4167 ns/op
OverheadActual   9: 16544 op, 56466.00 ns, 3.4131 ns/op
OverheadActual  10: 16544 op, 56486.00 ns, 3.4143 ns/op
OverheadActual  11: 16544 op, 56898.00 ns, 3.4392 ns/op
OverheadActual  12: 16544 op, 60268.00 ns, 3.6429 ns/op
OverheadActual  13: 16544 op, 57661.00 ns, 3.4853 ns/op
OverheadActual  14: 16544 op, 57637.00 ns, 3.4839 ns/op
OverheadActual  15: 16544 op, 58064.00 ns, 3.5097 ns/op

WorkloadWarmup   1: 16544 op, 969197363.00 ns, 58.5830 us/op
WorkloadWarmup   2: 16544 op, 1022832191.00 ns, 61.8250 us/op
WorkloadWarmup   3: 16544 op, 963897033.00 ns, 58.2626 us/op
WorkloadWarmup   4: 16544 op, 1027696981.00 ns, 62.1190 us/op
WorkloadWarmup   5: 16544 op, 997476886.00 ns, 60.2924 us/op
WorkloadWarmup   6: 16544 op, 1015870302.00 ns, 61.4042 us/op

// BeforeActualRun
WorkloadActual   1: 16544 op, 1023777847.00 ns, 61.8821 us/op
WorkloadActual   2: 16544 op, 994705953.00 ns, 60.1249 us/op
WorkloadActual   3: 16544 op, 1025334085.00 ns, 61.9762 us/op
WorkloadActual   4: 16544 op, 987769439.00 ns, 59.7056 us/op
WorkloadActual   5: 16544 op, 1053522022.00 ns, 63.6800 us/op
WorkloadActual   6: 16544 op, 1023146460.00 ns, 61.8440 us/op
WorkloadActual   7: 16544 op, 1016091907.00 ns, 61.4175 us/op
WorkloadActual   8: 16544 op, 1037741942.00 ns, 62.7262 us/op
WorkloadActual   9: 16544 op, 1018555641.00 ns, 61.5665 us/op
WorkloadActual  10: 16544 op, 985574078.00 ns, 59.5729 us/op
WorkloadActual  11: 16544 op, 1023654661.00 ns, 61.8747 us/op
WorkloadActual  12: 16544 op, 1028180341.00 ns, 62.1482 us/op
WorkloadActual  13: 16544 op, 1001657801.00 ns, 60.5451 us/op
WorkloadActual  14: 16544 op, 1024349160.00 ns, 61.9167 us/op
WorkloadActual  15: 16544 op, 1012945245.00 ns, 61.2273 us/op

// AfterActualRun
WorkloadResult   1: 16544 op, 1023720210.00 ns, 61.8786 us/op
WorkloadResult   2: 16544 op, 994648316.00 ns, 60.1214 us/op
WorkloadResult   3: 16544 op, 1025276448.00 ns, 61.9727 us/op
WorkloadResult   4: 16544 op, 987711802.00 ns, 59.7021 us/op
WorkloadResult   5: 16544 op, 1053464385.00 ns, 63.6765 us/op
WorkloadResult   6: 16544 op, 1023088823.00 ns, 61.8405 us/op
WorkloadResult   7: 16544 op, 1016034270.00 ns, 61.4141 us/op
WorkloadResult   8: 16544 op, 1037684305.00 ns, 62.7227 us/op
WorkloadResult   9: 16544 op, 1018498004.00 ns, 61.5630 us/op
WorkloadResult  10: 16544 op, 985516441.00 ns, 59.5694 us/op
WorkloadResult  11: 16544 op, 1023597024.00 ns, 61.8712 us/op
WorkloadResult  12: 16544 op, 1028122704.00 ns, 62.1447 us/op
WorkloadResult  13: 16544 op, 1001600164.00 ns, 60.5416 us/op
WorkloadResult  14: 16544 op, 1024291523.00 ns, 61.9132 us/op
WorkloadResult  15: 16544 op, 1012887608.00 ns, 61.2239 us/op

// AfterAll
// Benchmark Process 4047159 has exited with code 0.

Mean = 61.477 μs, StdErr = 0.287 μs (0.47%), N = 15, StdDev = 1.112 μs
Min = 59.569 μs, Q1 = 60.883 μs, Median = 61.840 μs, Q3 = 61.943 μs, Max = 63.677 μs
IQR = 1.060 μs, LowerFence = 59.292 μs, UpperFence = 63.533 μs
ConfidenceInterval = [60.289 μs; 62.665 μs] (CI 99.9%), Margin = 1.188 μs (1.93% of Mean)
Skewness = -0.13, Kurtosis = 2.34, MValue = 2

// ** Remained 6 (20.0%) benchmark(s) to run. Estimated finish 2025-12-31 17:35 (0h 2m from now) **
// **************************
// Benchmark: JsonSerializationBenchmarks.SpanJson_Serialize_Medium: Overhead-Fixed-NoEnergy-1(OutlierMode=DontRemove, IterationCount=15, IterationTime=1s, LaunchCount=1, WarmupCount=6)
// *** Execute ***
// Launch: 1 / 1
// Execute: dotnet Serialization.Bench-Overhead-Fixed-NoEnergy-1-1.dll --anonymousPipes 103 104 --benchmarkName Serialization.Bench.JsonSerializationBenchmarks.SpanJson_Serialize_Medium --job Overhead-Fixed-NoEnergy-1 --benchmarkId 24 in /home/test/rapl-tests/lib-energy-bench/src/Serialization.Bench/bin/Release/net8.0/Serialization.Bench-Overhead-Fixed-NoEnergy-1-1/bin/Release/net8.0
// BeforeAnythingElse

// Benchmark Process Environment Information:
// BenchmarkDotNet v0.15.5-develop (2025-12-31)
// Runtime=.NET 8.0.21 (8.0.21, 8.0.2125.47513), X64 RyuJIT x86-64-v4
// GC=Concurrent Workstation
// HardwareIntrinsics=AVX512 IFMA+VBMI,AVX512 F+BW+CD+DQ+VL,AVX2+BMI1+BMI2+F16C+FMA+LZCNT+MOVBE,AVX,SSE3+SSSE3+SSE4.1+SSE4.2+POPCNT,X86Base+SSE+SSE2,AES+PCLMUL VectorSize=256
// Job: Overhead-Fixed-NoEnergy-1(OutlierMode=DontRemove, IterationCount=15, IterationTime=1s, LaunchCount=1, WarmupCount=6)

OverheadJitting  1: 1 op, 160270.00 ns, 160.2700 us/op
WorkloadJitting  1: 1 op, 97660793.00 ns, 97.6608 ms/op

WorkloadPilot    1: 4 op, 1054827.00 ns, 263.7068 us/op
WorkloadPilot    2: 3792 op, 288502297.00 ns, 76.0818 us/op
WorkloadPilot    3: 13144 op, 530349581.00 ns, 40.3492 us/op
WorkloadPilot    4: 24784 op, 994002173.00 ns, 40.1066 us/op
WorkloadPilot    5: 24934 op, 956174745.00 ns, 38.3482 us/op
WorkloadPilot    6: 26077 op, 1022218847.00 ns, 39.2000 us/op
WorkloadPilot    7: 25510 op, 986111634.00 ns, 38.6559 us/op
WorkloadPilot    8: 25869 op, 1022463689.00 ns, 39.5247 us/op
WorkloadPilot    9: 25301 op, 971558800.00 ns, 38.4000 us/op
WorkloadPilot   10: 26042 op, 1023456865.00 ns, 39.3002 us/op

WorkloadWarmup   1: 26042 op, 1025171273.00 ns, 39.3661 us/op
WorkloadWarmup   2: 26042 op, 1021787003.00 ns, 39.2361 us/op
WorkloadWarmup   3: 26042 op, 1021685560.00 ns, 39.2322 us/op
WorkloadWarmup   4: 26042 op, 1000743561.00 ns, 38.4281 us/op
WorkloadWarmup   5: 26042 op, 1026304041.00 ns, 39.4096 us/op
WorkloadWarmup   6: 26042 op, 1046551586.00 ns, 40.1871 us/op

// BeforeActualRun
WorkloadActual   1: 26042 op, 1041402820.00 ns, 39.9894 us/op
WorkloadActual   2: 26042 op, 1048407626.00 ns, 40.2583 us/op
WorkloadActual   3: 26042 op, 1039731285.00 ns, 39.9252 us/op
WorkloadActual   4: 26042 op, 1048460784.00 ns, 40.2604 us/op
WorkloadActual   5: 26042 op, 1034344116.00 ns, 39.7183 us/op
WorkloadActual   6: 26042 op, 1034717574.00 ns, 39.7326 us/op
WorkloadActual   7: 26042 op, 1035926170.00 ns, 39.7791 us/op
WorkloadActual   8: 26042 op, 1029543823.00 ns, 39.5340 us/op
WorkloadActual   9: 26042 op, 1029136276.00 ns, 39.5183 us/op
WorkloadActual  10: 26042 op, 1042409636.00 ns, 40.0280 us/op
WorkloadActual  11: 26042 op, 1037354607.00 ns, 39.8339 us/op
WorkloadActual  12: 26042 op, 1037086255.00 ns, 39.8236 us/op
WorkloadActual  13: 26042 op, 1035499409.00 ns, 39.7627 us/op
WorkloadActual  14: 26042 op, 1018763580.00 ns, 39.1200 us/op
WorkloadActual  15: 26042 op, 1031701551.00 ns, 39.6168 us/op

// AfterActualRun
WorkloadResult   1: 26042 op, 1041402820.00 ns, 39.9894 us/op
WorkloadResult   2: 26042 op, 1048407626.00 ns, 40.2583 us/op
WorkloadResult   3: 26042 op, 1039731285.00 ns, 39.9252 us/op
WorkloadResult   4: 26042 op, 1048460784.00 ns, 40.2604 us/op
WorkloadResult   5: 26042 op, 1034344116.00 ns, 39.7183 us/op
WorkloadResult   6: 26042 op, 1034717574.00 ns, 39.7326 us/op
WorkloadResult   7: 26042 op, 1035926170.00 ns, 39.7791 us/op
WorkloadResult   8: 26042 op, 1029543823.00 ns, 39.5340 us/op
WorkloadResult   9: 26042 op, 1029136276.00 ns, 39.5183 us/op
WorkloadResult  10: 26042 op, 1042409636.00 ns, 40.0280 us/op
WorkloadResult  11: 26042 op, 1037354607.00 ns, 39.8339 us/op
WorkloadResult  12: 26042 op, 1037086255.00 ns, 39.8236 us/op
WorkloadResult  13: 26042 op, 1035499409.00 ns, 39.7627 us/op
WorkloadResult  14: 26042 op, 1018763580.00 ns, 39.1200 us/op
WorkloadResult  15: 26042 op, 1031701551.00 ns, 39.6168 us/op

// AfterAll
// Benchmark Process 4047172 has exited with code 0.

Mean = 39.793 μs, StdErr = 0.075 μs (0.19%), N = 15, StdDev = 0.291 μs
Min = 39.120 μs, Q1 = 39.668 μs, Median = 39.779 μs, Q3 = 39.957 μs, Max = 40.260 μs
IQR = 0.290 μs, LowerFence = 39.233 μs, UpperFence = 40.392 μs
ConfidenceInterval = [39.482 μs; 40.104 μs] (CI 99.9%), Margin = 0.311 μs (0.78% of Mean)
Skewness = -0.34, Kurtosis = 2.94, MValue = 2

// ** Remained 5 (16.7%) benchmark(s) to run. Estimated finish 2025-12-31 17:35 (0h 2m from now) **
// **************************
// Benchmark: JsonSerializationBenchmarks.STJ_Serialize_Small: Overhead-Fixed-NoEnergy-1(OutlierMode=DontRemove, IterationCount=15, IterationTime=1s, LaunchCount=1, WarmupCount=6)
// *** Execute ***
// Launch: 1 / 1
// Execute: dotnet Serialization.Bench-Overhead-Fixed-NoEnergy-1-1.dll --anonymousPipes 103 104 --benchmarkName Serialization.Bench.JsonSerializationBenchmarks.STJ_Serialize_Small --job Overhead-Fixed-NoEnergy-1 --benchmarkId 25 in /home/test/rapl-tests/lib-energy-bench/src/Serialization.Bench/bin/Release/net8.0/Serialization.Bench-Overhead-Fixed-NoEnergy-1-1/bin/Release/net8.0
// BeforeAnythingElse

// Benchmark Process Environment Information:
// BenchmarkDotNet v0.15.5-develop (2025-12-31)
// Runtime=.NET 8.0.21 (8.0.21, 8.0.2125.47513), X64 RyuJIT x86-64-v4
// GC=Concurrent Workstation
// HardwareIntrinsics=AVX512 IFMA+VBMI,AVX512 F+BW+CD+DQ+VL,AVX2+BMI1+BMI2+F16C+FMA+LZCNT+MOVBE,AVX,SSE3+SSSE3+SSE4.1+SSE4.2+POPCNT,X86Base+SSE+SSE2,AES+PCLMUL VectorSize=256
// Job: Overhead-Fixed-NoEnergy-1(OutlierMode=DontRemove, IterationCount=15, IterationTime=1s, LaunchCount=1, WarmupCount=6)

OverheadJitting  1: 1 op, 133694.00 ns, 133.6940 us/op
WorkloadJitting  1: 1 op, 3767594.00 ns, 3.7676 ms/op

OverheadJitting  2: 16 op, 355409.00 ns, 22.2131 us/op
WorkloadJitting  2: 16 op, 509412.00 ns, 31.8383 us/op

WorkloadPilot    1: 16 op, 79307.00 ns, 4.9567 us/op
WorkloadPilot    2: 201760 op, 547898676.00 ns, 2.7156 us/op
WorkloadPilot    3: 368256 op, 490097996.00 ns, 1.3309 us/op
WorkloadPilot    4: 751408 op, 995103962.00 ns, 1.3243 us/op
WorkloadPilot    5: 755120 op, 1000555816.00 ns, 1.3250 us/op
WorkloadPilot    6: 754704 op, 998526115.00 ns, 1.3231 us/op
WorkloadPilot    7: 755824 op, 1004697485.00 ns, 1.3293 us/op
WorkloadPilot    8: 752304 op, 995315748.00 ns, 1.3230 us/op
WorkloadPilot    9: 755856 op, 1001700075.00 ns, 1.3253 us/op

OverheadWarmup   1: 755856 op, 2585108.00 ns, 3.4201 ns/op
OverheadWarmup   2: 755856 op, 2583127.00 ns, 3.4175 ns/op
OverheadWarmup   3: 755856 op, 2592129.00 ns, 3.4294 ns/op
OverheadWarmup   4: 755856 op, 2578795.00 ns, 3.4118 ns/op
OverheadWarmup   5: 755856 op, 2596125.00 ns, 3.4347 ns/op
OverheadWarmup   6: 755856 op, 2632446.00 ns, 3.4827 ns/op
OverheadWarmup   7: 755856 op, 2585985.00 ns, 3.4213 ns/op

OverheadActual   1: 755856 op, 2630688.00 ns, 3.4804 ns/op
OverheadActual   2: 755856 op, 2578912.00 ns, 3.4119 ns/op
OverheadActual   3: 755856 op, 2579327.00 ns, 3.4125 ns/op
OverheadActual   4: 755856 op, 2583410.00 ns, 3.4179 ns/op
OverheadActual   5: 755856 op, 2577796.00 ns, 3.4104 ns/op
OverheadActual   6: 755856 op, 2575117.00 ns, 3.4069 ns/op
OverheadActual   7: 755856 op, 2584396.00 ns, 3.4192 ns/op
OverheadActual   8: 755856 op, 2577199.00 ns, 3.4096 ns/op
OverheadActual   9: 755856 op, 2584561.00 ns, 3.4194 ns/op
OverheadActual  10: 755856 op, 2579762.00 ns, 3.4130 ns/op
OverheadActual  11: 755856 op, 2574373.00 ns, 3.4059 ns/op
OverheadActual  12: 755856 op, 2581726.00 ns, 3.4156 ns/op
OverheadActual  13: 755856 op, 2579753.00 ns, 3.4130 ns/op
OverheadActual  14: 755856 op, 2577402.00 ns, 3.4099 ns/op
OverheadActual  15: 755856 op, 2583101.00 ns, 3.4175 ns/op

WorkloadWarmup   1: 755856 op, 1003256529.00 ns, 1.3273 us/op
WorkloadWarmup   2: 755856 op, 1000191618.00 ns, 1.3233 us/op
WorkloadWarmup   3: 755856 op, 998795783.00 ns, 1.3214 us/op
WorkloadWarmup   4: 755856 op, 1000785215.00 ns, 1.3240 us/op
WorkloadWarmup   5: 755856 op, 999475976.00 ns, 1.3223 us/op
WorkloadWarmup   6: 755856 op, 999342490.00 ns, 1.3221 us/op

// BeforeActualRun
WorkloadActual   1: 755856 op, 1002426292.00 ns, 1.3262 us/op
WorkloadActual   2: 755856 op, 1000337605.00 ns, 1.3234 us/op
WorkloadActual   3: 755856 op, 999344208.00 ns, 1.3221 us/op
WorkloadActual   4: 755856 op, 999109702.00 ns, 1.3218 us/op
WorkloadActual   5: 755856 op, 998034595.00 ns, 1.3204 us/op
WorkloadActual   6: 755856 op, 1001169175.00 ns, 1.3246 us/op
WorkloadActual   7: 755856 op, 1000988614.00 ns, 1.3243 us/op
WorkloadActual   8: 755856 op, 998461771.00 ns, 1.3210 us/op
WorkloadActual   9: 755856 op, 998916732.00 ns, 1.3216 us/op
WorkloadActual  10: 755856 op, 998257434.00 ns, 1.3207 us/op
WorkloadActual  11: 755856 op, 999588192.00 ns, 1.3225 us/op
WorkloadActual  12: 755856 op, 998946764.00 ns, 1.3216 us/op
WorkloadActual  13: 755856 op, 998921211.00 ns, 1.3216 us/op
WorkloadActual  14: 755856 op, 998532747.00 ns, 1.3211 us/op
WorkloadActual  15: 755856 op, 998383631.00 ns, 1.3209 us/op

// AfterActualRun
WorkloadResult   1: 755856 op, 999846539.00 ns, 1.3228 us/op
WorkloadResult   2: 755856 op, 997757852.00 ns, 1.3200 us/op
WorkloadResult   3: 755856 op, 996764455.00 ns, 1.3187 us/op
WorkloadResult   4: 755856 op, 996529949.00 ns, 1.3184 us/op
WorkloadResult   5: 755856 op, 995454842.00 ns, 1.3170 us/op
WorkloadResult   6: 755856 op, 998589422.00 ns, 1.3211 us/op
WorkloadResult   7: 755856 op, 998408861.00 ns, 1.3209 us/op
WorkloadResult   8: 755856 op, 995882018.00 ns, 1.3176 us/op
WorkloadResult   9: 755856 op, 996336979.00 ns, 1.3182 us/op
WorkloadResult  10: 755856 op, 995677681.00 ns, 1.3173 us/op
WorkloadResult  11: 755856 op, 997008439.00 ns, 1.3190 us/op
WorkloadResult  12: 755856 op, 996367011.00 ns, 1.3182 us/op
WorkloadResult  13: 755856 op, 996341458.00 ns, 1.3182 us/op
WorkloadResult  14: 755856 op, 995952994.00 ns, 1.3176 us/op
WorkloadResult  15: 755856 op, 995803878.00 ns, 1.3175 us/op

// AfterAll
// Benchmark Process 4047194 has exited with code 0.

Mean = 1.319 μs, StdErr = 0.000 μs (0.03%), N = 15, StdDev = 0.002 μs
Min = 1.317 μs, Q1 = 1.318 μs, Median = 1.318 μs, Q3 = 1.320 μs, Max = 1.323 μs
IQR = 0.002 μs, LowerFence = 1.315 μs, UpperFence = 1.322 μs
ConfidenceInterval = [1.317 μs; 1.321 μs] (CI 99.9%), Margin = 0.002 μs (0.14% of Mean)
Skewness = 0.97, Kurtosis = 2.76, MValue = 2

// ** Remained 4 (13.3%) benchmark(s) to run. Estimated finish 2025-12-31 17:35 (0h 1m from now) **
// **************************
// Benchmark: JsonSerializationBenchmarks.Newtonsoft_Serialize_Small: Overhead-Fixed-NoEnergy-1(OutlierMode=DontRemove, IterationCount=15, IterationTime=1s, LaunchCount=1, WarmupCount=6)
// *** Execute ***
// Launch: 1 / 1
// Execute: dotnet Serialization.Bench-Overhead-Fixed-NoEnergy-1-1.dll --anonymousPipes 103 104 --benchmarkName Serialization.Bench.JsonSerializationBenchmarks.Newtonsoft_Serialize_Small --job Overhead-Fixed-NoEnergy-1 --benchmarkId 26 in /home/test/rapl-tests/lib-energy-bench/src/Serialization.Bench/bin/Release/net8.0/Serialization.Bench-Overhead-Fixed-NoEnergy-1-1/bin/Release/net8.0
// BeforeAnythingElse

// Benchmark Process Environment Information:
// BenchmarkDotNet v0.15.5-develop (2025-12-31)
// Runtime=.NET 8.0.21 (8.0.21, 8.0.2125.47513), X64 RyuJIT x86-64-v4
// GC=Concurrent Workstation
// HardwareIntrinsics=AVX512 IFMA+VBMI,AVX512 F+BW+CD+DQ+VL,AVX2+BMI1+BMI2+F16C+FMA+LZCNT+MOVBE,AVX,SSE3+SSSE3+SSE4.1+SSE4.2+POPCNT,X86Base+SSE+SSE2,AES+PCLMUL VectorSize=256
// Job: Overhead-Fixed-NoEnergy-1(OutlierMode=DontRemove, IterationCount=15, IterationTime=1s, LaunchCount=1, WarmupCount=6)

OverheadJitting  1: 1 op, 132595.00 ns, 132.5950 us/op
WorkloadJitting  1: 1 op, 37777790.00 ns, 37.7778 ms/op

OverheadJitting  2: 16 op, 372068.00 ns, 23.2543 us/op
WorkloadJitting  2: 16 op, 642620.00 ns, 40.1638 us/op

WorkloadPilot    1: 16 op, 219848.00 ns, 13.7405 us/op
WorkloadPilot    2: 72784 op, 285161742.00 ns, 3.9179 us/op
WorkloadPilot    3: 255248 op, 558808949.00 ns, 2.1893 us/op
WorkloadPilot    4: 456784 op, 995993168.00 ns, 2.1804 us/op
WorkloadPilot    5: 458624 op, 999438848.00 ns, 2.1792 us/op
WorkloadPilot    6: 458896 op, 1000367989.00 ns, 2.1799 us/op
WorkloadPilot    7: 458736 op, 1005316794.00 ns, 2.1915 us/op
WorkloadPilot    8: 456320 op, 994008294.00 ns, 2.1783 us/op
WorkloadPilot    9: 459072 op, 1000090339.00 ns, 2.1785 us/op

OverheadWarmup   1: 459072 op, 1583192.00 ns, 3.4487 ns/op
OverheadWarmup   2: 459072 op, 1560994.00 ns, 3.4003 ns/op
OverheadWarmup   3: 459072 op, 1589039.00 ns, 3.4614 ns/op
OverheadWarmup   4: 459072 op, 1561667.00 ns, 3.4018 ns/op
OverheadWarmup   5: 459072 op, 1561857.00 ns, 3.4022 ns/op
OverheadWarmup   6: 459072 op, 1594534.00 ns, 3.4734 ns/op
OverheadWarmup   7: 459072 op, 1564653.00 ns, 3.4083 ns/op

OverheadActual   1: 459072 op, 1565332.00 ns, 3.4098 ns/op
OverheadActual   2: 459072 op, 1559397.00 ns, 3.3968 ns/op
OverheadActual   3: 459072 op, 1564192.00 ns, 3.4073 ns/op
OverheadActual   4: 459072 op, 1561767.00 ns, 3.4020 ns/op
OverheadActual   5: 459072 op, 1560923.00 ns, 3.4002 ns/op
OverheadActual   6: 459072 op, 1563546.00 ns, 3.4059 ns/op
OverheadActual   7: 459072 op, 1559785.00 ns, 3.3977 ns/op
OverheadActual   8: 459072 op, 1561880.00 ns, 3.4023 ns/op
OverheadActual   9: 459072 op, 1562798.00 ns, 3.4043 ns/op
OverheadActual  10: 459072 op, 1562377.00 ns, 3.4033 ns/op
OverheadActual  11: 459072 op, 1567558.00 ns, 3.4146 ns/op
OverheadActual  12: 459072 op, 1559631.00 ns, 3.3974 ns/op
OverheadActual  13: 459072 op, 1567835.00 ns, 3.4152 ns/op
OverheadActual  14: 459072 op, 1562043.00 ns, 3.4026 ns/op
OverheadActual  15: 459072 op, 1565615.00 ns, 3.4104 ns/op

WorkloadWarmup   1: 459072 op, 1003556574.00 ns, 2.1861 us/op
WorkloadWarmup   2: 459072 op, 1001818355.00 ns, 2.1823 us/op
WorkloadWarmup   3: 459072 op, 1003828290.00 ns, 2.1866 us/op
WorkloadWarmup   4: 459072 op, 1003576479.00 ns, 2.1861 us/op
WorkloadWarmup   5: 459072 op, 1003038992.00 ns, 2.1849 us/op
WorkloadWarmup   6: 459072 op, 1002601966.00 ns, 2.1840 us/op

// BeforeActualRun
WorkloadActual   1: 459072 op, 1004467118.00 ns, 2.1880 us/op
WorkloadActual   2: 459072 op, 1007588629.00 ns, 2.1948 us/op
WorkloadActual   3: 459072 op, 1007677320.00 ns, 2.1950 us/op
WorkloadActual   4: 459072 op, 1007509651.00 ns, 2.1947 us/op
WorkloadActual   5: 459072 op, 1007091848.00 ns, 2.1938 us/op
WorkloadActual   6: 459072 op, 1007386270.00 ns, 2.1944 us/op
WorkloadActual   7: 459072 op, 1006466294.00 ns, 2.1924 us/op
WorkloadActual   8: 459072 op, 1007388429.00 ns, 2.1944 us/op
WorkloadActual   9: 459072 op, 1007864664.00 ns, 2.1954 us/op
WorkloadActual  10: 459072 op, 1007649993.00 ns, 2.1950 us/op
WorkloadActual  11: 459072 op, 1011307349.00 ns, 2.2029 us/op
WorkloadActual  12: 459072 op, 1007338188.00 ns, 2.1943 us/op
WorkloadActual  13: 459072 op, 1011205934.00 ns, 2.2027 us/op
WorkloadActual  14: 459072 op, 1007849566.00 ns, 2.1954 us/op
WorkloadActual  15: 459072 op, 1010545281.00 ns, 2.2013 us/op

// AfterActualRun
WorkloadResult   1: 459072 op, 1002904741.00 ns, 2.1846 us/op
WorkloadResult   2: 459072 op, 1006026252.00 ns, 2.1914 us/op
WorkloadResult   3: 459072 op, 1006114943.00 ns, 2.1916 us/op
WorkloadResult   4: 459072 op, 1005947274.00 ns, 2.1913 us/op
WorkloadResult   5: 459072 op, 1005529471.00 ns, 2.1904 us/op
WorkloadResult   6: 459072 op, 1005823893.00 ns, 2.1910 us/op
WorkloadResult   7: 459072 op, 1004903917.00 ns, 2.1890 us/op
WorkloadResult   8: 459072 op, 1005826052.00 ns, 2.1910 us/op
WorkloadResult   9: 459072 op, 1006302287.00 ns, 2.1920 us/op
WorkloadResult  10: 459072 op, 1006087616.00 ns, 2.1916 us/op
WorkloadResult  11: 459072 op, 1009744972.00 ns, 2.1995 us/op
WorkloadResult  12: 459072 op, 1005775811.00 ns, 2.1909 us/op
WorkloadResult  13: 459072 op, 1009643557.00 ns, 2.1993 us/op
WorkloadResult  14: 459072 op, 1006287189.00 ns, 2.1920 us/op
WorkloadResult  15: 459072 op, 1008982904.00 ns, 2.1979 us/op

// AfterAll
// Benchmark Process 4047210 has exited with code 0.

Mean = 2.192 μs, StdErr = 0.001 μs (0.05%), N = 15, StdDev = 0.004 μs
Min = 2.185 μs, Q1 = 2.191 μs, Median = 2.191 μs, Q3 = 2.192 μs, Max = 2.200 μs
IQR = 0.001 μs, LowerFence = 2.189 μs, UpperFence = 2.194 μs
ConfidenceInterval = [2.188 μs; 2.196 μs] (CI 99.9%), Margin = 0.004 μs (0.19% of Mean)
Skewness = 0.48, Kurtosis = 2.79, MValue = 2

// ** Remained 3 (10.0%) benchmark(s) to run. Estimated finish 2025-12-31 17:35 (0h 1m from now) **
// **************************
// Benchmark: JsonSerializationBenchmarks.Jil_Serialize_Small: Overhead-Fixed-NoEnergy-1(OutlierMode=DontRemove, IterationCount=15, IterationTime=1s, LaunchCount=1, WarmupCount=6)
// *** Execute ***
// Launch: 1 / 1
// Execute: dotnet Serialization.Bench-Overhead-Fixed-NoEnergy-1-1.dll --anonymousPipes 103 104 --benchmarkName Serialization.Bench.JsonSerializationBenchmarks.Jil_Serialize_Small --job Overhead-Fixed-NoEnergy-1 --benchmarkId 27 in /home/test/rapl-tests/lib-energy-bench/src/Serialization.Bench/bin/Release/net8.0/Serialization.Bench-Overhead-Fixed-NoEnergy-1-1/bin/Release/net8.0
// BeforeAnythingElse

// Benchmark Process Environment Information:
// BenchmarkDotNet v0.15.5-develop (2025-12-31)
// Runtime=.NET 8.0.21 (8.0.21, 8.0.2125.47513), X64 RyuJIT x86-64-v4
// GC=Concurrent Workstation
// HardwareIntrinsics=AVX512 IFMA+VBMI,AVX512 F+BW+CD+DQ+VL,AVX2+BMI1+BMI2+F16C+FMA+LZCNT+MOVBE,AVX,SSE3+SSSE3+SSE4.1+SSE4.2+POPCNT,X86Base+SSE+SSE2,AES+PCLMUL VectorSize=256
// Job: Overhead-Fixed-NoEnergy-1(OutlierMode=DontRemove, IterationCount=15, IterationTime=1s, LaunchCount=1, WarmupCount=6)

OverheadJitting  1: 1 op, 134400.00 ns, 134.4000 us/op
WorkloadJitting  1: 1 op, 107072551.00 ns, 107.0726 ms/op

WorkloadPilot    1: 4 op, 22888.00 ns, 5.7220 us/op
WorkloadPilot    2: 174764 op, 394827464.00 ns, 2.2592 us/op
WorkloadPilot    3: 442634 op, 758171585.00 ns, 1.7129 us/op
WorkloadPilot    4: 583818 op, 995601718.00 ns, 1.7053 us/op
WorkloadPilot    5: 586397 op, 999972311.00 ns, 1.7053 us/op
WorkloadPilot    6: 586413 op, 999412329.00 ns, 1.7043 us/op
WorkloadPilot    7: 586758 op, 1008250271.00 ns, 1.7183 us/op
WorkloadPilot    8: 581957 op, 998845095.00 ns, 1.7164 us/op
WorkloadPilot    9: 582630 op, 998408938.00 ns, 1.7136 us/op
WorkloadPilot   10: 583558 op, 994443369.00 ns, 1.7041 us/op
WorkloadPilot   11: 586819 op, 1005676116.00 ns, 1.7138 us/op
WorkloadPilot   12: 583507 op, 1000315412.00 ns, 1.7143 us/op

WorkloadWarmup   1: 583507 op, 993768131.00 ns, 1.7031 us/op
WorkloadWarmup   2: 583507 op, 1000162678.00 ns, 1.7141 us/op
WorkloadWarmup   3: 583507 op, 999670743.00 ns, 1.7132 us/op
WorkloadWarmup   4: 583507 op, 1000872556.00 ns, 1.7153 us/op
WorkloadWarmup   5: 583507 op, 1000933144.00 ns, 1.7154 us/op
WorkloadWarmup   6: 583507 op, 1001133112.00 ns, 1.7157 us/op

// BeforeActualRun
WorkloadActual   1: 583507 op, 994984851.00 ns, 1.7052 us/op
WorkloadActual   2: 583507 op, 998286780.00 ns, 1.7108 us/op
WorkloadActual   3: 583507 op, 1000595797.00 ns, 1.7148 us/op
WorkloadActual   4: 583507 op, 1001625629.00 ns, 1.7166 us/op
WorkloadActual   5: 583507 op, 998791870.00 ns, 1.7117 us/op
WorkloadActual   6: 583507 op, 997675248.00 ns, 1.7098 us/op
WorkloadActual   7: 583507 op, 998523171.00 ns, 1.7112 us/op
WorkloadActual   8: 583507 op, 998159817.00 ns, 1.7106 us/op
WorkloadActual   9: 583507 op, 999686790.00 ns, 1.7132 us/op
WorkloadActual  10: 583507 op, 998887678.00 ns, 1.7119 us/op
WorkloadActual  11: 583507 op, 999749053.00 ns, 1.7133 us/op
WorkloadActual  12: 583507 op, 1000004432.00 ns, 1.7138 us/op
WorkloadActual  13: 583507 op, 998837291.00 ns, 1.7118 us/op
WorkloadActual  14: 583507 op, 999779840.00 ns, 1.7134 us/op
WorkloadActual  15: 583507 op, 997708143.00 ns, 1.7098 us/op

// AfterActualRun
WorkloadResult   1: 583507 op, 994984851.00 ns, 1.7052 us/op
WorkloadResult   2: 583507 op, 998286780.00 ns, 1.7108 us/op
WorkloadResult   3: 583507 op, 1000595797.00 ns, 1.7148 us/op
WorkloadResult   4: 583507 op, 1001625629.00 ns, 1.7166 us/op
WorkloadResult   5: 583507 op, 998791870.00 ns, 1.7117 us/op
WorkloadResult   6: 583507 op, 997675248.00 ns, 1.7098 us/op
WorkloadResult   7: 583507 op, 998523171.00 ns, 1.7112 us/op
WorkloadResult   8: 583507 op, 998159817.00 ns, 1.7106 us/op
WorkloadResult   9: 583507 op, 999686790.00 ns, 1.7132 us/op
WorkloadResult  10: 583507 op, 998887678.00 ns, 1.7119 us/op
WorkloadResult  11: 583507 op, 999749053.00 ns, 1.7133 us/op
WorkloadResult  12: 583507 op, 1000004432.00 ns, 1.7138 us/op
WorkloadResult  13: 583507 op, 998837291.00 ns, 1.7118 us/op
WorkloadResult  14: 583507 op, 999779840.00 ns, 1.7134 us/op
WorkloadResult  15: 583507 op, 997708143.00 ns, 1.7098 us/op

// AfterAll
// Benchmark Process 4047224 has exited with code 0.

Mean = 1.712 μs, StdErr = 0.001 μs (0.04%), N = 15, StdDev = 0.003 μs
Min = 1.705 μs, Q1 = 1.711 μs, Median = 1.712 μs, Q3 = 1.713 μs, Max = 1.717 μs
IQR = 0.003 μs, LowerFence = 1.707 μs, UpperFence = 1.717 μs
ConfidenceInterval = [1.709 μs; 1.715 μs] (CI 99.9%), Margin = 0.003 μs (0.16% of Mean)
Skewness = -0.64, Kurtosis = 3.66, MValue = 2

// ** Remained 2 (6.7%) benchmark(s) to run. Estimated finish 2025-12-31 17:35 (0h 0m from now) **
// **************************
// Benchmark: JsonSerializationBenchmarks.Utf8Json_Serialize_Small: Overhead-Fixed-NoEnergy-1(OutlierMode=DontRemove, IterationCount=15, IterationTime=1s, LaunchCount=1, WarmupCount=6)
// *** Execute ***
// Launch: 1 / 1
// Execute: dotnet Serialization.Bench-Overhead-Fixed-NoEnergy-1-1.dll --anonymousPipes 103 104 --benchmarkName Serialization.Bench.JsonSerializationBenchmarks.Utf8Json_Serialize_Small --job Overhead-Fixed-NoEnergy-1 --benchmarkId 28 in /home/test/rapl-tests/lib-energy-bench/src/Serialization.Bench/bin/Release/net8.0/Serialization.Bench-Overhead-Fixed-NoEnergy-1-1/bin/Release/net8.0
// BeforeAnythingElse

// Benchmark Process Environment Information:
// BenchmarkDotNet v0.15.5-develop (2025-12-31)
// Runtime=.NET 8.0.21 (8.0.21, 8.0.2125.47513), X64 RyuJIT x86-64-v4
// GC=Concurrent Workstation
// HardwareIntrinsics=AVX512 IFMA+VBMI,AVX512 F+BW+CD+DQ+VL,AVX2+BMI1+BMI2+F16C+FMA+LZCNT+MOVBE,AVX,SSE3+SSSE3+SSE4.1+SSE4.2+POPCNT,X86Base+SSE+SSE2,AES+PCLMUL VectorSize=256
// Job: Overhead-Fixed-NoEnergy-1(OutlierMode=DontRemove, IterationCount=15, IterationTime=1s, LaunchCount=1, WarmupCount=6)

OverheadJitting  1: 1 op, 137139.00 ns, 137.1390 us/op
WorkloadJitting  1: 1 op, 47772923.00 ns, 47.7729 ms/op

OverheadJitting  2: 16 op, 378099.00 ns, 23.6312 us/op
WorkloadJitting  2: 16 op, 547699.00 ns, 34.2312 us/op

WorkloadPilot    1: 16 op, 212176.00 ns, 13.2610 us/op
WorkloadPilot    2: 75424 op, 358944767.00 ns, 4.7590 us/op
WorkloadPilot    3: 210128 op, 205270928.00 ns, 976.8852 ns/op
WorkloadPilot    4: 1023664 op, 987210887.00 ns, 964.3896 ns/op
WorkloadPilot    5: 1036928 op, 1002268662.00 ns, 966.5750 ns/op
WorkloadPilot    6: 1034592 op, 999321134.00 ns, 965.9084 ns/op
WorkloadPilot    7: 1035296 op, 1005167615.00 ns, 970.8988 ns/op
WorkloadPilot    8: 1029984 op, 997912101.00 ns, 968.8618 ns/op
WorkloadPilot    9: 1032144 op, 1001146855.00 ns, 969.9682 ns/op

OverheadWarmup   1: 1032144 op, 3509770.00 ns, 3.4005 ns/op
OverheadWarmup   2: 1032144 op, 3516628.00 ns, 3.4071 ns/op
OverheadWarmup   3: 1032144 op, 3519479.00 ns, 3.4099 ns/op
OverheadWarmup   4: 1032144 op, 3530445.00 ns, 3.4205 ns/op
OverheadWarmup   5: 1032144 op, 3575427.00 ns, 3.4641 ns/op
OverheadWarmup   6: 1032144 op, 3503407.00 ns, 3.3943 ns/op
OverheadWarmup   7: 1032144 op, 3508065.00 ns, 3.3988 ns/op
OverheadWarmup   8: 1032144 op, 3503366.00 ns, 3.3943 ns/op

OverheadActual   1: 1032144 op, 3503726.00 ns, 3.3946 ns/op
OverheadActual   2: 1032144 op, 3518330.00 ns, 3.4088 ns/op
OverheadActual   3: 1032144 op, 3514876.00 ns, 3.4054 ns/op
OverheadActual   4: 1032144 op, 3510677.00 ns, 3.4013 ns/op
OverheadActual   5: 1032144 op, 3518856.00 ns, 3.4093 ns/op
OverheadActual   6: 1032144 op, 3506089.00 ns, 3.3969 ns/op
OverheadActual   7: 1032144 op, 3513599.00 ns, 3.4042 ns/op
OverheadActual   8: 1032144 op, 3507720.00 ns, 3.3985 ns/op
OverheadActual   9: 1032144 op, 3505124.00 ns, 3.3960 ns/op
OverheadActual  10: 1032144 op, 3505557.00 ns, 3.3964 ns/op
OverheadActual  11: 1032144 op, 3505171.00 ns, 3.3960 ns/op
OverheadActual  12: 1032144 op, 3502576.00 ns, 3.3935 ns/op
OverheadActual  13: 1032144 op, 3508265.00 ns, 3.3990 ns/op
OverheadActual  14: 1032144 op, 3505931.00 ns, 3.3967 ns/op
OverheadActual  15: 1032144 op, 3534121.00 ns, 3.4241 ns/op

WorkloadWarmup   1: 1032144 op, 997529479.00 ns, 966.4635 ns/op
WorkloadWarmup   2: 1032144 op, 996549198.00 ns, 965.5137 ns/op
WorkloadWarmup   3: 1032144 op, 994747295.00 ns, 963.7679 ns/op
WorkloadWarmup   4: 1032144 op, 994626288.00 ns, 963.6507 ns/op
WorkloadWarmup   5: 1032144 op, 994407484.00 ns, 963.4387 ns/op
WorkloadWarmup   6: 1032144 op, 994993829.00 ns, 964.0068 ns/op

// BeforeActualRun
WorkloadActual   1: 1032144 op, 997641719.00 ns, 966.5722 ns/op
WorkloadActual   2: 1032144 op, 998815869.00 ns, 967.7098 ns/op
WorkloadActual   3: 1032144 op, 999196350.00 ns, 968.0784 ns/op
WorkloadActual   4: 1032144 op, 998669115.00 ns, 967.5676 ns/op
WorkloadActual   5: 1032144 op, 1000927931.00 ns, 969.7561 ns/op
WorkloadActual   6: 1032144 op, 1000071200.00 ns, 968.9260 ns/op
WorkloadActual   7: 1032144 op, 998680688.00 ns, 967.5788 ns/op
WorkloadActual   8: 1032144 op, 999114323.00 ns, 967.9990 ns/op
WorkloadActual   9: 1032144 op, 998784155.00 ns, 967.6791 ns/op
WorkloadActual  10: 1032144 op, 999025762.00 ns, 967.9132 ns/op
WorkloadActual  11: 1032144 op, 998964279.00 ns, 967.8536 ns/op
WorkloadActual  12: 1032144 op, 998123255.00 ns, 967.0388 ns/op
WorkloadActual  13: 1032144 op, 997694434.00 ns, 966.6233 ns/op
WorkloadActual  14: 1032144 op, 997442668.00 ns, 966.3794 ns/op
WorkloadActual  15: 1032144 op, 998711882.00 ns, 967.6091 ns/op

// AfterActualRun
WorkloadResult   1: 1032144 op, 994133999.00 ns, 963.1737 ns/op
WorkloadResult   2: 1032144 op, 995308149.00 ns, 964.3113 ns/op
WorkloadResult   3: 1032144 op, 995688630.00 ns, 964.6800 ns/op
WorkloadResult   4: 1032144 op, 995161395.00 ns, 964.1691 ns/op
WorkloadResult   5: 1032144 op, 997420211.00 ns, 966.3576 ns/op
WorkloadResult   6: 1032144 op, 996563480.00 ns, 965.5276 ns/op
WorkloadResult   7: 1032144 op, 995172968.00 ns, 964.1804 ns/op
WorkloadResult   8: 1032144 op, 995606603.00 ns, 964.6005 ns/op
WorkloadResult   9: 1032144 op, 995276435.00 ns, 964.2806 ns/op
WorkloadResult  10: 1032144 op, 995518042.00 ns, 964.5147 ns/op
WorkloadResult  11: 1032144 op, 995456559.00 ns, 964.4551 ns/op
WorkloadResult  12: 1032144 op, 994615535.00 ns, 963.6403 ns/op
WorkloadResult  13: 1032144 op, 994186714.00 ns, 963.2248 ns/op
WorkloadResult  14: 1032144 op, 993934948.00 ns, 962.9809 ns/op
WorkloadResult  15: 1032144 op, 995204162.00 ns, 964.2106 ns/op

// AfterAll
// Benchmark Process 4047237 has exited with code 0.

Mean = 964.287 ns, StdErr = 0.226 ns (0.02%), N = 15, StdDev = 0.874 ns
Min = 962.981 ns, Q1 = 963.905 ns, Median = 964.281 ns, Q3 = 964.558 ns, Max = 966.358 ns
IQR = 0.653 ns, LowerFence = 962.925 ns, UpperFence = 965.537 ns
ConfidenceInterval = [963.353 ns; 965.221 ns] (CI 99.9%), Margin = 0.934 ns (0.10% of Mean)
Skewness = 0.58, Kurtosis = 3.05, MValue = 2

// ** Remained 1 (3.3%) benchmark(s) to run. Estimated finish 2025-12-31 17:35 (0h 0m from now) **
// **************************
// Benchmark: JsonSerializationBenchmarks.SpanJson_Serialize_Small: Overhead-Fixed-NoEnergy-1(OutlierMode=DontRemove, IterationCount=15, IterationTime=1s, LaunchCount=1, WarmupCount=6)
// *** Execute ***
// Launch: 1 / 1
// Execute: dotnet Serialization.Bench-Overhead-Fixed-NoEnergy-1-1.dll --anonymousPipes 103 104 --benchmarkName Serialization.Bench.JsonSerializationBenchmarks.SpanJson_Serialize_Small --job Overhead-Fixed-NoEnergy-1 --benchmarkId 29 in /home/test/rapl-tests/lib-energy-bench/src/Serialization.Bench/bin/Release/net8.0/Serialization.Bench-Overhead-Fixed-NoEnergy-1-1/bin/Release/net8.0
// BeforeAnythingElse

// Benchmark Process Environment Information:
// BenchmarkDotNet v0.15.5-develop (2025-12-31)
// Runtime=.NET 8.0.21 (8.0.21, 8.0.2125.47513), X64 RyuJIT x86-64-v4
// GC=Concurrent Workstation
// HardwareIntrinsics=AVX512 IFMA+VBMI,AVX512 F+BW+CD+DQ+VL,AVX2+BMI1+BMI2+F16C+FMA+LZCNT+MOVBE,AVX,SSE3+SSSE3+SSE4.1+SSE4.2+POPCNT,X86Base+SSE+SSE2,AES+PCLMUL VectorSize=256
// Job: Overhead-Fixed-NoEnergy-1(OutlierMode=DontRemove, IterationCount=15, IterationTime=1s, LaunchCount=1, WarmupCount=6)

OverheadJitting  1: 1 op, 144133.00 ns, 144.1330 us/op
WorkloadJitting  1: 1 op, 60336084.00 ns, 60.3361 ms/op

OverheadJitting  2: 16 op, 382168.00 ns, 23.8855 us/op
WorkloadJitting  2: 16 op, 571367.00 ns, 35.7104 us/op

WorkloadPilot    1: 16 op, 224732.00 ns, 14.0458 us/op
WorkloadPilot    2: 71200 op, 257488706.00 ns, 3.6164 us/op
WorkloadPilot    3: 276528 op, 338080568.00 ns, 1.2226 us/op
WorkloadPilot    4: 817936 op, 988435027.00 ns, 1.2085 us/op
WorkloadPilot    5: 827520 op, 998563016.00 ns, 1.2067 us/op
WorkloadPilot    6: 828720 op, 1002287898.00 ns, 1.2094 us/op
WorkloadPilot    7: 826832 op, 1005259418.00 ns, 1.2158 us/op
WorkloadPilot    8: 822512 op, 998831376.00 ns, 1.2144 us/op
WorkloadPilot    9: 823488 op, 996408309.00 ns, 1.2100 us/op
WorkloadPilot   10: 826464 op, 1001541473.00 ns, 1.2118 us/op

OverheadWarmup   1: 826464 op, 2818633.00 ns, 3.4105 ns/op
OverheadWarmup   2: 826464 op, 2818218.00 ns, 3.4100 ns/op
OverheadWarmup   3: 826464 op, 2856869.00 ns, 3.4567 ns/op
OverheadWarmup   4: 826464 op, 2824127.00 ns, 3.4171 ns/op
OverheadWarmup   5: 826464 op, 2817291.00 ns, 3.4088 ns/op
OverheadWarmup   6: 826464 op, 2819020.00 ns, 3.4109 ns/op
OverheadWarmup   7: 826464 op, 2820236.00 ns, 3.4124 ns/op
OverheadWarmup   8: 826464 op, 2817318.00 ns, 3.4089 ns/op

OverheadActual   1: 826464 op, 2819825.00 ns, 3.4119 ns/op
OverheadActual   2: 826464 op, 2819207.00 ns, 3.4112 ns/op
OverheadActual   3: 826464 op, 2820158.00 ns, 3.4123 ns/op
OverheadActual   4: 826464 op, 2822873.00 ns, 3.4156 ns/op
OverheadActual   5: 826464 op, 2817364.00 ns, 3.4089 ns/op
OverheadActual   6: 826464 op, 2815974.00 ns, 3.4073 ns/op
OverheadActual   7: 826464 op, 2814692.00 ns, 3.4057 ns/op
OverheadActual   8: 826464 op, 2817326.00 ns, 3.4089 ns/op
OverheadActual   9: 826464 op, 2816271.00 ns, 3.4076 ns/op
OverheadActual  10: 826464 op, 2814469.00 ns, 3.4054 ns/op
OverheadActual  11: 826464 op, 2819913.00 ns, 3.4120 ns/op
OverheadActual  12: 826464 op, 2816554.00 ns, 3.4080 ns/op
OverheadActual  13: 826464 op, 2824972.00 ns, 3.4181 ns/op
OverheadActual  14: 826464 op, 2830230.00 ns, 3.4245 ns/op
OverheadActual  15: 826464 op, 2816073.00 ns, 3.4074 ns/op

WorkloadWarmup   1: 826464 op, 1000160608.00 ns, 1.2102 us/op
WorkloadWarmup   2: 826464 op, 998445696.00 ns, 1.2081 us/op
WorkloadWarmup   3: 826464 op, 1000789168.00 ns, 1.2109 us/op
WorkloadWarmup   4: 826464 op, 997571047.00 ns, 1.2070 us/op
WorkloadWarmup   5: 826464 op, 993645252.00 ns, 1.2023 us/op
WorkloadWarmup   6: 826464 op, 997713602.00 ns, 1.2072 us/op

// BeforeActualRun
WorkloadActual   1: 826464 op, 998141583.00 ns, 1.2077 us/op
WorkloadActual   2: 826464 op, 1001281768.00 ns, 1.2115 us/op
WorkloadActual   3: 826464 op, 1000736762.00 ns, 1.2109 us/op
WorkloadActual   4: 826464 op, 998109195.00 ns, 1.2077 us/op
WorkloadActual   5: 826464 op, 1003000328.00 ns, 1.2136 us/op
WorkloadActual   6: 826464 op, 997203695.00 ns, 1.2066 us/op
WorkloadActual   7: 826464 op, 1001418708.00 ns, 1.2117 us/op
WorkloadActual   8: 826464 op, 1000317660.00 ns, 1.2104 us/op
WorkloadActual   9: 826464 op, 1002510541.00 ns, 1.2130 us/op
WorkloadActual  10: 826464 op, 1002765676.00 ns, 1.2133 us/op
WorkloadActual  11: 826464 op, 1002803829.00 ns, 1.2134 us/op
WorkloadActual  12: 826464 op, 998801053.00 ns, 1.2085 us/op
WorkloadActual  13: 826464 op, 1000874878.00 ns, 1.2110 us/op
WorkloadActual  14: 826464 op, 998404969.00 ns, 1.2080 us/op
WorkloadActual  15: 826464 op, 1003111877.00 ns, 1.2137 us/op

// AfterActualRun
WorkloadResult   1: 826464 op, 995324219.00 ns, 1.2043 us/op
WorkloadResult   2: 826464 op, 998464404.00 ns, 1.2081 us/op
WorkloadResult   3: 826464 op, 997919398.00 ns, 1.2075 us/op
WorkloadResult   4: 826464 op, 995291831.00 ns, 1.2043 us/op
WorkloadResult   5: 826464 op, 1000182964.00 ns, 1.2102 us/op
WorkloadResult   6: 826464 op, 994386331.00 ns, 1.2032 us/op
WorkloadResult   7: 826464 op, 998601344.00 ns, 1.2083 us/op
WorkloadResult   8: 826464 op, 997500296.00 ns, 1.2069 us/op
WorkloadResult   9: 826464 op, 999693177.00 ns, 1.2096 us/op
WorkloadResult  10: 826464 op, 999948312.00 ns, 1.2099 us/op
WorkloadResult  11: 826464 op, 999986465.00 ns, 1.2100 us/op
WorkloadResult  12: 826464 op, 995983689.00 ns, 1.2051 us/op
WorkloadResult  13: 826464 op, 998057514.00 ns, 1.2076 us/op
WorkloadResult  14: 826464 op, 995587605.00 ns, 1.2046 us/op
WorkloadResult  15: 826464 op, 1000294513.00 ns, 1.2103 us/op

// AfterAll
// Benchmark Process 4047255 has exited with code 0.

Mean = 1.207 μs, StdErr = 0.001 μs (0.05%), N = 15, StdDev = 0.002 μs
Min = 1.203 μs, Q1 = 1.205 μs, Median = 1.208 μs, Q3 = 1.210 μs, Max = 1.210 μs
IQR = 0.005 μs, LowerFence = 1.198 μs, UpperFence = 1.217 μs
ConfidenceInterval = [1.205 μs; 1.210 μs] (CI 99.9%), Margin = 0.003 μs (0.22% of Mean)
Skewness = -0.26, Kurtosis = 1.45, MValue = 2

// ** Remained 0 (0.0%) benchmark(s) to run. Estimated finish 2025-12-31 17:35 (0h 0m from now) **
// ***** BenchmarkRunner: Finish  *****

// * Export *
  Helpers/../BenchmarkArtifacts/results/Serialization.Bench.JsonSerializationBenchmarks-report.csv
  Helpers/../BenchmarkArtifacts/results/Serialization.Bench.JsonSerializationBenchmarks-report-github.md
  Helpers/../BenchmarkArtifacts/results/Serialization.Bench.JsonSerializationBenchmarks-report.html
  Helpers/../BenchmarkArtifacts/results/Serialization.Bench.JsonSerializationBenchmarks-measurements.csv

// * Detailed results *
JsonSerializationBenchmarks.SpanJson_Deserialize_Large: Overhead-Fixed-NoEnergy-1(OutlierMode=DontRemove, IterationCount=15, IterationTime=1s, LaunchCount=1, WarmupCount=6)
Runtime = .NET 8.0.21 (8.0.21, 8.0.2125.47513), X64 RyuJIT x86-64-v4; GC = Concurrent Workstation
Mean = 149.974 μs, StdErr = 0.013 μs (0.01%), N = 15, StdDev = 0.050 μs
Min = 149.895 μs, Q1 = 149.940 μs, Median = 149.968 μs, Q3 = 150.011 μs, Max = 150.054 μs
IQR = 0.071 μs, LowerFence = 149.834 μs, UpperFence = 150.117 μs
ConfidenceInterval = [149.921 μs; 150.027 μs] (CI 99.9%), Margin = 0.053 μs (0.04% of Mean)
Skewness = -0.07, Kurtosis = 1.75, MValue = 2
-------------------- Histogram --------------------
[149.869 μs ; 150.080 μs) | @@@@@@@@@@@@@@@
---------------------------------------------------

JsonSerializationBenchmarks.STJ_Deserialize_Large: Overhead-Fixed-NoEnergy-1(OutlierMode=DontRemove, IterationCount=15, IterationTime=1s, LaunchCount=1, WarmupCount=6)
Runtime = .NET 8.0.21 (8.0.21, 8.0.2125.47513), X64 RyuJIT x86-64-v4; GC = Concurrent Workstation
Mean = 202.031 μs, StdErr = 0.112 μs (0.06%), N = 15, StdDev = 0.433 μs
Min = 201.542 μs, Q1 = 201.809 μs, Median = 201.887 μs, Q3 = 202.107 μs, Max = 203.236 μs
IQR = 0.297 μs, LowerFence = 201.364 μs, UpperFence = 202.552 μs
ConfidenceInterval = [201.568 μs; 202.493 μs] (CI 99.9%), Margin = 0.463 μs (0.23% of Mean)
Skewness = 1.38, Kurtosis = 4.45, MValue = 2
-------------------- Histogram --------------------
[201.311 μs ; 203.466 μs) | @@@@@@@@@@@@@@@
---------------------------------------------------

JsonSerializationBenchmarks.Jil_Deserialize_Large: Overhead-Fixed-NoEnergy-1(OutlierMode=DontRemove, IterationCount=15, IterationTime=1s, LaunchCount=1, WarmupCount=6)
Runtime = .NET 8.0.21 (8.0.21, 8.0.2125.47513), X64 RyuJIT x86-64-v4; GC = Concurrent Workstation
Mean = 214.113 μs, StdErr = 0.053 μs (0.02%), N = 15, StdDev = 0.205 μs
Min = 213.573 μs, Q1 = 214.040 μs, Median = 214.079 μs, Q3 = 214.195 μs, Max = 214.455 μs
IQR = 0.154 μs, LowerFence = 213.809 μs, UpperFence = 214.427 μs
ConfidenceInterval = [213.894 μs; 214.332 μs] (CI 99.9%), Margin = 0.219 μs (0.10% of Mean)
Skewness = -0.66, Kurtosis = 4.11, MValue = 2
-------------------- Histogram --------------------
[213.464 μs ; 214.564 μs) | @@@@@@@@@@@@@@@
---------------------------------------------------

JsonSerializationBenchmarks.Newtonsoft_Deserialize_Large: Overhead-Fixed-NoEnergy-1(OutlierMode=DontRemove, IterationCount=15, IterationTime=1s, LaunchCount=1, WarmupCount=6)
Runtime = .NET 8.0.21 (8.0.21, 8.0.2125.47513), X64 RyuJIT x86-64-v4; GC = Concurrent Workstation
Mean = 239.588 μs, StdErr = 0.056 μs (0.02%), N = 15, StdDev = 0.217 μs
Min = 239.367 μs, Q1 = 239.460 μs, Median = 239.550 μs, Q3 = 239.648 μs, Max = 240.247 μs
IQR = 0.188 μs, LowerFence = 239.178 μs, UpperFence = 239.930 μs
ConfidenceInterval = [239.356 μs; 239.820 μs] (CI 99.9%), Margin = 0.232 μs (0.10% of Mean)
Skewness = 1.73, Kurtosis = 5.92, MValue = 2
-------------------- Histogram --------------------
[239.251 μs ; 240.362 μs) | @@@@@@@@@@@@@@@
---------------------------------------------------

JsonSerializationBenchmarks.Utf8Json_Deserialize_Large: Overhead-Fixed-NoEnergy-1(OutlierMode=DontRemove, IterationCount=15, IterationTime=1s, LaunchCount=1, WarmupCount=6)
Runtime = .NET 8.0.21 (8.0.21, 8.0.2125.47513), X64 RyuJIT x86-64-v4; GC = Concurrent Workstation
Mean = 281.028 μs, StdErr = 0.061 μs (0.02%), N = 15, StdDev = 0.238 μs
Min = 280.631 μs, Q1 = 280.908 μs, Median = 281.025 μs, Q3 = 281.145 μs, Max = 281.462 μs
IQR = 0.237 μs, LowerFence = 280.553 μs, UpperFence = 281.500 μs
ConfidenceInterval = [280.774 μs; 281.282 μs] (CI 99.9%), Margin = 0.254 μs (0.09% of Mean)
Skewness = 0.21, Kurtosis = 2.27, MValue = 2
-------------------- Histogram --------------------
[280.504 μs ; 281.588 μs) | @@@@@@@@@@@@@@@
---------------------------------------------------

JsonSerializationBenchmarks.SpanJson_Deserialize_Medium: Overhead-Fixed-NoEnergy-1(OutlierMode=DontRemove, IterationCount=15, IterationTime=1s, LaunchCount=1, WarmupCount=6)
Runtime = .NET 8.0.21 (8.0.21, 8.0.2125.47513), X64 RyuJIT x86-64-v4; GC = Concurrent Workstation
Mean = 40.999 μs, StdErr = 0.012 μs (0.03%), N = 15, StdDev = 0.048 μs
Min = 40.930 μs, Q1 = 40.964 μs, Median = 40.995 μs, Q3 = 41.024 μs, Max = 41.112 μs
IQR = 0.059 μs, LowerFence = 40.875 μs, UpperFence = 41.113 μs
ConfidenceInterval = [40.948 μs; 41.050 μs] (CI 99.9%), Margin = 0.051 μs (0.12% of Mean)
Skewness = 0.71, Kurtosis = 2.75, MValue = 2
-------------------- Histogram --------------------
[40.904 μs ; 41.137 μs) | @@@@@@@@@@@@@@@
---------------------------------------------------

JsonSerializationBenchmarks.STJ_Deserialize_Medium: Overhead-Fixed-NoEnergy-1(OutlierMode=DontRemove, IterationCount=15, IterationTime=1s, LaunchCount=1, WarmupCount=6)
Runtime = .NET 8.0.21 (8.0.21, 8.0.2125.47513), X64 RyuJIT x86-64-v4; GC = Concurrent Workstation
Mean = 53.279 μs, StdErr = 0.019 μs (0.04%), N = 15, StdDev = 0.073 μs
Min = 53.205 μs, Q1 = 53.241 μs, Median = 53.260 μs, Q3 = 53.289 μs, Max = 53.517 μs
IQR = 0.048 μs, LowerFence = 53.169 μs, UpperFence = 53.362 μs
ConfidenceInterval = [53.201 μs; 53.356 μs] (CI 99.9%), Margin = 0.078 μs (0.15% of Mean)
Skewness = 2.22, Kurtosis = 7.73, MValue = 2
-------------------- Histogram --------------------
[53.166 μs ; 53.556 μs) | @@@@@@@@@@@@@@@
---------------------------------------------------

JsonSerializationBenchmarks.Jil_Deserialize_Medium: Overhead-Fixed-NoEnergy-1(OutlierMode=DontRemove, IterationCount=15, IterationTime=1s, LaunchCount=1, WarmupCount=6)
Runtime = .NET 8.0.21 (8.0.21, 8.0.2125.47513), X64 RyuJIT x86-64-v4; GC = Concurrent Workstation
Mean = 55.101 μs, StdErr = 0.025 μs (0.04%), N = 15, StdDev = 0.095 μs
Min = 54.987 μs, Q1 = 55.047 μs, Median = 55.097 μs, Q3 = 55.141 μs, Max = 55.371 μs
IQR = 0.094 μs, LowerFence = 54.906 μs, UpperFence = 55.282 μs
ConfidenceInterval = [54.999 μs; 55.203 μs] (CI 99.9%), Margin = 0.102 μs (0.18% of Mean)
Skewness = 1.28, Kurtosis = 4.71, MValue = 2
-------------------- Histogram --------------------
[54.937 μs ; 55.422 μs) | @@@@@@@@@@@@@@@
---------------------------------------------------

JsonSerializationBenchmarks.Utf8Json_Deserialize_Medium: Overhead-Fixed-NoEnergy-1(OutlierMode=DontRemove, IterationCount=15, IterationTime=1s, LaunchCount=1, WarmupCount=6)
Runtime = .NET 8.0.21 (8.0.21, 8.0.2125.47513), X64 RyuJIT x86-64-v4; GC = Concurrent Workstation
Mean = 61.155 μs, StdErr = 0.033 μs (0.05%), N = 15, StdDev = 0.127 μs
Min = 60.973 μs, Q1 = 61.075 μs, Median = 61.152 μs, Q3 = 61.205 μs, Max = 61.464 μs
IQR = 0.130 μs, LowerFence = 60.881 μs, UpperFence = 61.399 μs
ConfidenceInterval = [61.019 μs; 61.291 μs] (CI 99.9%), Margin = 0.136 μs (0.22% of Mean)
Skewness = 0.72, Kurtosis = 3, MValue = 2
-------------------- Histogram --------------------
[60.905 μs ; 61.532 μs) | @@@@@@@@@@@@@@@
---------------------------------------------------

JsonSerializationBenchmarks.Newtonsoft_Deserialize_Medium: Overhead-Fixed-NoEnergy-1(OutlierMode=DontRemove, IterationCount=15, IterationTime=1s, LaunchCount=1, WarmupCount=6)
Runtime = .NET 8.0.21 (8.0.21, 8.0.2125.47513), X64 RyuJIT x86-64-v4; GC = Concurrent Workstation
Mean = 68.992 μs, StdErr = 0.038 μs (0.06%), N = 15, StdDev = 0.147 μs
Min = 68.792 μs, Q1 = 68.916 μs, Median = 68.961 μs, Q3 = 69.028 μs, Max = 69.336 μs
IQR = 0.112 μs, LowerFence = 68.747 μs, UpperFence = 69.197 μs
ConfidenceInterval = [68.835 μs; 69.150 μs] (CI 99.9%), Margin = 0.158 μs (0.23% of Mean)
Skewness = 1.05, Kurtosis = 3.28, MValue = 2
-------------------- Histogram --------------------
[68.713 μs ; 69.414 μs) | @@@@@@@@@@@@@@@
---------------------------------------------------

JsonSerializationBenchmarks.SpanJson_Deserialize_Small: Overhead-Fixed-NoEnergy-1(OutlierMode=DontRemove, IterationCount=15, IterationTime=1s, LaunchCount=1, WarmupCount=6)
Runtime = .NET 8.0.21 (8.0.21, 8.0.2125.47513), X64 RyuJIT x86-64-v4; GC = Concurrent Workstation
Mean = 1.170 μs, StdErr = 0.000 μs (0.02%), N = 15, StdDev = 0.001 μs
Min = 1.168 μs, Q1 = 1.169 μs, Median = 1.170 μs, Q3 = 1.171 μs, Max = 1.172 μs
IQR = 0.001 μs, LowerFence = 1.167 μs, UpperFence = 1.173 μs
ConfidenceInterval = [1.169 μs; 1.171 μs] (CI 99.9%), Margin = 0.001 μs (0.09% of Mean)
Skewness = 0.08, Kurtosis = 1.74, MValue = 2
-------------------- Histogram --------------------
[1.168 μs ; 1.172 μs) | @@@@@@@@@@@@@@@
---------------------------------------------------

JsonSerializationBenchmarks.STJ_Deserialize_Small: Overhead-Fixed-NoEnergy-1(OutlierMode=DontRemove, IterationCount=15, IterationTime=1s, LaunchCount=1, WarmupCount=6)
Runtime = .NET 8.0.21 (8.0.21, 8.0.2125.47513), X64 RyuJIT x86-64-v4; GC = Concurrent Workstation
Mean = 1.979 μs, StdErr = 0.001 μs (0.04%), N = 15, StdDev = 0.003 μs
Min = 1.973 μs, Q1 = 1.977 μs, Median = 1.979 μs, Q3 = 1.981 μs, Max = 1.984 μs
IQR = 0.004 μs, LowerFence = 1.971 μs, UpperFence = 1.988 μs
ConfidenceInterval = [1.976 μs; 1.982 μs] (CI 99.9%), Margin = 0.003 μs (0.17% of Mean)
Skewness = -0.31, Kurtosis = 2.05, MValue = 2
-------------------- Histogram --------------------
[1.971 μs ; 1.986 μs) | @@@@@@@@@@@@@@@
---------------------------------------------------

JsonSerializationBenchmarks.Utf8Json_Deserialize_Small: Overhead-Fixed-NoEnergy-1(OutlierMode=DontRemove, IterationCount=15, IterationTime=1s, LaunchCount=1, WarmupCount=6)
Runtime = .NET 8.0.21 (8.0.21, 8.0.2125.47513), X64 RyuJIT x86-64-v4; GC = Concurrent Workstation
Mean = 2.014 μs, StdErr = 0.001 μs (0.06%), N = 15, StdDev = 0.004 μs
Min = 2.006 μs, Q1 = 2.010 μs, Median = 2.013 μs, Q3 = 2.017 μs, Max = 2.020 μs
IQR = 0.007 μs, LowerFence = 2.000 μs, UpperFence = 2.027 μs
ConfidenceInterval = [2.009 μs; 2.018 μs] (CI 99.9%), Margin = 0.005 μs (0.23% of Mean)
Skewness = -0.08, Kurtosis = 1.53, MValue = 2
-------------------- Histogram --------------------
[2.004 μs ; 2.022 μs) | @@@@@@@@@@@@@@@
---------------------------------------------------

JsonSerializationBenchmarks.Jil_Deserialize_Small: Overhead-Fixed-NoEnergy-1(OutlierMode=DontRemove, IterationCount=15, IterationTime=1s, LaunchCount=1, WarmupCount=6)
Runtime = .NET 8.0.21 (8.0.21, 8.0.2125.47513), X64 RyuJIT x86-64-v4; GC = Concurrent Workstation
Mean = 2.284 μs, StdErr = 0.001 μs (0.05%), N = 15, StdDev = 0.004 μs
Min = 2.274 μs, Q1 = 2.283 μs, Median = 2.284 μs, Q3 = 2.285 μs, Max = 2.294 μs
IQR = 0.002 μs, LowerFence = 2.279 μs, UpperFence = 2.289 μs
ConfidenceInterval = [2.279 μs; 2.288 μs] (CI 99.9%), Margin = 0.004 μs (0.20% of Mean)
Skewness = -0.11, Kurtosis = 4.38, MValue = 2
-------------------- Histogram --------------------
[2.272 μs ; 2.296 μs) | @@@@@@@@@@@@@@@
---------------------------------------------------

JsonSerializationBenchmarks.Newtonsoft_Deserialize_Small: Overhead-Fixed-NoEnergy-1(OutlierMode=DontRemove, IterationCount=15, IterationTime=1s, LaunchCount=1, WarmupCount=6)
Runtime = .NET 8.0.21 (8.0.21, 8.0.2125.47513), X64 RyuJIT x86-64-v4; GC = Concurrent Workstation
Mean = 3.625 μs, StdErr = 0.001 μs (0.03%), N = 15, StdDev = 0.005 μs
Min = 3.621 μs, Q1 = 3.622 μs, Median = 3.624 μs, Q3 = 3.625 μs, Max = 3.638 μs
IQR = 0.003 μs, LowerFence = 3.618 μs, UpperFence = 3.630 μs
ConfidenceInterval = [3.620 μs; 3.630 μs] (CI 99.9%), Margin = 0.005 μs (0.14% of Mean)
Skewness = 1.68, Kurtosis = 4.98, MValue = 2
-------------------- Histogram --------------------
[3.618 μs ; 3.641 μs) | @@@@@@@@@@@@@@@
---------------------------------------------------

JsonSerializationBenchmarks.SpanJson_Serialize_Large: Overhead-Fixed-NoEnergy-1(OutlierMode=DontRemove, IterationCount=15, IterationTime=1s, LaunchCount=1, WarmupCount=6)
Runtime = .NET 8.0.21 (8.0.21, 8.0.2125.47513), X64 RyuJIT x86-64-v4; GC = Concurrent Workstation
Mean = 160.036 μs, StdErr = 0.149 μs (0.09%), N = 15, StdDev = 0.577 μs
Min = 159.056 μs, Q1 = 159.692 μs, Median = 160.050 μs, Q3 = 160.309 μs, Max = 161.152 μs
IQR = 0.618 μs, LowerFence = 158.765 μs, UpperFence = 161.236 μs
ConfidenceInterval = [159.419 μs; 160.653 μs] (CI 99.9%), Margin = 0.617 μs (0.39% of Mean)
Skewness = 0.17, Kurtosis = 2.24, MValue = 2
-------------------- Histogram --------------------
[158.749 μs ; 161.459 μs) | @@@@@@@@@@@@@@@
---------------------------------------------------

JsonSerializationBenchmarks.STJ_Serialize_Large: Overhead-Fixed-NoEnergy-1(OutlierMode=DontRemove, IterationCount=15, IterationTime=1s, LaunchCount=1, WarmupCount=6)
Runtime = .NET 8.0.21 (8.0.21, 8.0.2125.47513), X64 RyuJIT x86-64-v4; GC = Concurrent Workstation
Mean = 187.134 μs, StdErr = 0.093 μs (0.05%), N = 15, StdDev = 0.360 μs
Min = 186.672 μs, Q1 = 186.911 μs, Median = 187.030 μs, Q3 = 187.246 μs, Max = 187.991 μs
IQR = 0.335 μs, LowerFence = 186.409 μs, UpperFence = 187.749 μs
ConfidenceInterval = [186.749 μs; 187.518 μs] (CI 99.9%), Margin = 0.385 μs (0.21% of Mean)
Skewness = 1.03, Kurtosis = 3.15, MValue = 2
-------------------- Histogram --------------------
[186.480 μs ; 188.182 μs) | @@@@@@@@@@@@@@@
---------------------------------------------------

JsonSerializationBenchmarks.Utf8Json_Serialize_Large: Overhead-Fixed-NoEnergy-1(OutlierMode=DontRemove, IterationCount=15, IterationTime=1s, LaunchCount=1, WarmupCount=6)
Runtime = .NET 8.0.21 (8.0.21, 8.0.2125.47513), X64 RyuJIT x86-64-v4; GC = Concurrent Workstation
Mean = 277.825 μs, StdErr = 0.208 μs (0.08%), N = 15, StdDev = 0.807 μs
Min = 277.076 μs, Q1 = 277.310 μs, Median = 277.533 μs, Q3 = 278.101 μs, Max = 279.940 μs
IQR = 0.791 μs, LowerFence = 276.123 μs, UpperFence = 279.288 μs
ConfidenceInterval = [276.962 μs; 278.688 μs] (CI 99.9%), Margin = 0.863 μs (0.31% of Mean)
Skewness = 1.32, Kurtosis = 3.72, MValue = 2
-------------------- Histogram --------------------
[276.646 μs ; 280.370 μs) | @@@@@@@@@@@@@@@
---------------------------------------------------

JsonSerializationBenchmarks.Jil_Serialize_Large: Overhead-Fixed-NoEnergy-1(OutlierMode=DontRemove, IterationCount=15, IterationTime=1s, LaunchCount=1, WarmupCount=6)
Runtime = .NET 8.0.21 (8.0.21, 8.0.2125.47513), X64 RyuJIT x86-64-v4; GC = Concurrent Workstation
Mean = 283.688 μs, StdErr = 0.071 μs (0.03%), N = 15, StdDev = 0.275 μs
Min = 283.378 μs, Q1 = 283.513 μs, Median = 283.625 μs, Q3 = 283.757 μs, Max = 284.408 μs
IQR = 0.243 μs, LowerFence = 283.149 μs, UpperFence = 284.122 μs
ConfidenceInterval = [283.395 μs; 283.982 μs] (CI 99.9%), Margin = 0.294 μs (0.10% of Mean)
Skewness = 1.18, Kurtosis = 3.63, MValue = 2
-------------------- Histogram --------------------
[283.232 μs ; 284.555 μs) | @@@@@@@@@@@@@@@
---------------------------------------------------

JsonSerializationBenchmarks.Newtonsoft_Serialize_Large: Overhead-Fixed-NoEnergy-1(OutlierMode=DontRemove, IterationCount=15, IterationTime=1s, LaunchCount=1, WarmupCount=6)
Runtime = .NET 8.0.21 (8.0.21, 8.0.2125.47513), X64 RyuJIT x86-64-v4; GC = Concurrent Workstation
Mean = 308.002 μs, StdErr = 0.077 μs (0.02%), N = 15, StdDev = 0.297 μs
Min = 307.604 μs, Q1 = 307.763 μs, Median = 308.029 μs, Q3 = 308.228 μs, Max = 308.447 μs
IQR = 0.465 μs, LowerFence = 307.065 μs, UpperFence = 308.926 μs
ConfidenceInterval = [307.685 μs; 308.319 μs] (CI 99.9%), Margin = 0.317 μs (0.10% of Mean)
Skewness = 0.1, Kurtosis = 1.34, MValue = 2
-------------------- Histogram --------------------
[307.446 μs ; 308.605 μs) | @@@@@@@@@@@@@@@
---------------------------------------------------

JsonSerializationBenchmarks.Jil_Serialize_Medium: Overhead-Fixed-NoEnergy-1(OutlierMode=DontRemove, IterationCount=15, IterationTime=1s, LaunchCount=1, WarmupCount=6)
Runtime = .NET 8.0.21 (8.0.21, 8.0.2125.47513), X64 RyuJIT x86-64-v4; GC = Concurrent Workstation
Mean = 37.500 μs, StdErr = 0.037 μs (0.10%), N = 15, StdDev = 0.143 μs
Min = 37.181 μs, Q1 = 37.401 μs, Median = 37.533 μs, Q3 = 37.607 μs, Max = 37.702 μs
IQR = 0.206 μs, LowerFence = 37.092 μs, UpperFence = 37.916 μs
ConfidenceInterval = [37.347 μs; 37.653 μs] (CI 99.9%), Margin = 0.153 μs (0.41% of Mean)
Skewness = -0.64, Kurtosis = 2.41, MValue = 2
-------------------- Histogram --------------------
[37.105 μs ; 37.778 μs) | @@@@@@@@@@@@@@@
---------------------------------------------------

JsonSerializationBenchmarks.SpanJson_Serialize_Medium: Overhead-Fixed-NoEnergy-1(OutlierMode=DontRemove, IterationCount=15, IterationTime=1s, LaunchCount=1, WarmupCount=6)
Runtime = .NET 8.0.21 (8.0.21, 8.0.2125.47513), X64 RyuJIT x86-64-v4; GC = Concurrent Workstation
Mean = 39.793 μs, StdErr = 0.075 μs (0.19%), N = 15, StdDev = 0.291 μs
Min = 39.120 μs, Q1 = 39.668 μs, Median = 39.779 μs, Q3 = 39.957 μs, Max = 40.260 μs
IQR = 0.290 μs, LowerFence = 39.233 μs, UpperFence = 40.392 μs
ConfidenceInterval = [39.482 μs; 40.104 μs] (CI 99.9%), Margin = 0.311 μs (0.78% of Mean)
Skewness = -0.34, Kurtosis = 2.94, MValue = 2
-------------------- Histogram --------------------
[38.965 μs ; 40.272 μs) | @@@@@@@@@@@@@@@
---------------------------------------------------

JsonSerializationBenchmarks.STJ_Serialize_Medium: Overhead-Fixed-NoEnergy-1(OutlierMode=DontRemove, IterationCount=15, IterationTime=1s, LaunchCount=1, WarmupCount=6)
Runtime = .NET 8.0.21 (8.0.21, 8.0.2125.47513), X64 RyuJIT x86-64-v4; GC = Concurrent Workstation
Mean = 45.549 μs, StdErr = 0.020 μs (0.04%), N = 15, StdDev = 0.079 μs
Min = 45.468 μs, Q1 = 45.490 μs, Median = 45.520 μs, Q3 = 45.593 μs, Max = 45.747 μs
IQR = 0.103 μs, LowerFence = 45.336 μs, UpperFence = 45.747 μs
ConfidenceInterval = [45.465 μs; 45.633 μs] (CI 99.9%), Margin = 0.084 μs (0.18% of Mean)
Skewness = 0.99, Kurtosis = 3.11, MValue = 2
-------------------- Histogram --------------------
[45.426 μs ; 45.789 μs) | @@@@@@@@@@@@@@@
---------------------------------------------------

JsonSerializationBenchmarks.Newtonsoft_Serialize_Medium: Overhead-Fixed-NoEnergy-1(OutlierMode=DontRemove, IterationCount=15, IterationTime=1s, LaunchCount=1, WarmupCount=6)
Runtime = .NET 8.0.21 (8.0.21, 8.0.2125.47513), X64 RyuJIT x86-64-v4; GC = Concurrent Workstation
Mean = 52.497 μs, StdErr = 0.029 μs (0.06%), N = 15, StdDev = 0.114 μs
Min = 52.323 μs, Q1 = 52.414 μs, Median = 52.496 μs, Q3 = 52.575 μs, Max = 52.687 μs
IQR = 0.161 μs, LowerFence = 52.173 μs, UpperFence = 52.817 μs
ConfidenceInterval = [52.376 μs; 52.618 μs] (CI 99.9%), Margin = 0.121 μs (0.23% of Mean)
Skewness = 0.13, Kurtosis = 1.69, MValue = 2
-------------------- Histogram --------------------
[52.263 μs ; 52.747 μs) | @@@@@@@@@@@@@@@
---------------------------------------------------

JsonSerializationBenchmarks.Utf8Json_Serialize_Medium: Overhead-Fixed-NoEnergy-1(OutlierMode=DontRemove, IterationCount=15, IterationTime=1s, LaunchCount=1, WarmupCount=6)
Runtime = .NET 8.0.21 (8.0.21, 8.0.2125.47513), X64 RyuJIT x86-64-v4; GC = Concurrent Workstation
Mean = 61.477 μs, StdErr = 0.287 μs (0.47%), N = 15, StdDev = 1.112 μs
Min = 59.569 μs, Q1 = 60.883 μs, Median = 61.840 μs, Q3 = 61.943 μs, Max = 63.677 μs
IQR = 1.060 μs, LowerFence = 59.292 μs, UpperFence = 63.533 μs
ConfidenceInterval = [60.289 μs; 62.665 μs] (CI 99.9%), Margin = 1.188 μs (1.93% of Mean)
Skewness = -0.13, Kurtosis = 2.34, MValue = 2
-------------------- Histogram --------------------
[59.455 μs ; 61.067 μs) | @@@@
[61.067 μs ; 63.832 μs) | @@@@@@@@@@@
---------------------------------------------------

JsonSerializationBenchmarks.Utf8Json_Serialize_Small: Overhead-Fixed-NoEnergy-1(OutlierMode=DontRemove, IterationCount=15, IterationTime=1s, LaunchCount=1, WarmupCount=6)
Runtime = .NET 8.0.21 (8.0.21, 8.0.2125.47513), X64 RyuJIT x86-64-v4; GC = Concurrent Workstation
Mean = 964.287 ns, StdErr = 0.226 ns (0.02%), N = 15, StdDev = 0.874 ns
Min = 962.981 ns, Q1 = 963.905 ns, Median = 964.281 ns, Q3 = 964.558 ns, Max = 966.358 ns
IQR = 0.653 ns, LowerFence = 962.925 ns, UpperFence = 965.537 ns
ConfidenceInterval = [963.353 ns; 965.221 ns] (CI 99.9%), Margin = 0.934 ns (0.10% of Mean)
Skewness = 0.58, Kurtosis = 3.05, MValue = 2
-------------------- Histogram --------------------
[962.516 ns ; 966.823 ns) | @@@@@@@@@@@@@@@
---------------------------------------------------

JsonSerializationBenchmarks.SpanJson_Serialize_Small: Overhead-Fixed-NoEnergy-1(OutlierMode=DontRemove, IterationCount=15, IterationTime=1s, LaunchCount=1, WarmupCount=6)
Runtime = .NET 8.0.21 (8.0.21, 8.0.2125.47513), X64 RyuJIT x86-64-v4; GC = Concurrent Workstation
Mean = 1.207 μs, StdErr = 0.001 μs (0.05%), N = 15, StdDev = 0.002 μs
Min = 1.203 μs, Q1 = 1.205 μs, Median = 1.208 μs, Q3 = 1.210 μs, Max = 1.210 μs
IQR = 0.005 μs, LowerFence = 1.198 μs, UpperFence = 1.217 μs
ConfidenceInterval = [1.205 μs; 1.210 μs] (CI 99.9%), Margin = 0.003 μs (0.22% of Mean)
Skewness = -0.26, Kurtosis = 1.45, MValue = 2
-------------------- Histogram --------------------
[1.202 μs ; 1.212 μs) | @@@@@@@@@@@@@@@
---------------------------------------------------

JsonSerializationBenchmarks.STJ_Serialize_Small: Overhead-Fixed-NoEnergy-1(OutlierMode=DontRemove, IterationCount=15, IterationTime=1s, LaunchCount=1, WarmupCount=6)
Runtime = .NET 8.0.21 (8.0.21, 8.0.2125.47513), X64 RyuJIT x86-64-v4; GC = Concurrent Workstation
Mean = 1.319 μs, StdErr = 0.000 μs (0.03%), N = 15, StdDev = 0.002 μs
Min = 1.317 μs, Q1 = 1.318 μs, Median = 1.318 μs, Q3 = 1.320 μs, Max = 1.323 μs
IQR = 0.002 μs, LowerFence = 1.315 μs, UpperFence = 1.322 μs
ConfidenceInterval = [1.317 μs; 1.321 μs] (CI 99.9%), Margin = 0.002 μs (0.14% of Mean)
Skewness = 0.97, Kurtosis = 2.76, MValue = 2
-------------------- Histogram --------------------
[1.316 μs ; 1.324 μs) | @@@@@@@@@@@@@@@
---------------------------------------------------

JsonSerializationBenchmarks.Jil_Serialize_Small: Overhead-Fixed-NoEnergy-1(OutlierMode=DontRemove, IterationCount=15, IterationTime=1s, LaunchCount=1, WarmupCount=6)
Runtime = .NET 8.0.21 (8.0.21, 8.0.2125.47513), X64 RyuJIT x86-64-v4; GC = Concurrent Workstation
Mean = 1.712 μs, StdErr = 0.001 μs (0.04%), N = 15, StdDev = 0.003 μs
Min = 1.705 μs, Q1 = 1.711 μs, Median = 1.712 μs, Q3 = 1.713 μs, Max = 1.717 μs
IQR = 0.003 μs, LowerFence = 1.707 μs, UpperFence = 1.717 μs
ConfidenceInterval = [1.709 μs; 1.715 μs] (CI 99.9%), Margin = 0.003 μs (0.16% of Mean)
Skewness = -0.64, Kurtosis = 3.66, MValue = 2
-------------------- Histogram --------------------
[1.704 μs ; 1.718 μs) | @@@@@@@@@@@@@@@
---------------------------------------------------

JsonSerializationBenchmarks.Newtonsoft_Serialize_Small: Overhead-Fixed-NoEnergy-1(OutlierMode=DontRemove, IterationCount=15, IterationTime=1s, LaunchCount=1, WarmupCount=6)
Runtime = .NET 8.0.21 (8.0.21, 8.0.2125.47513), X64 RyuJIT x86-64-v4; GC = Concurrent Workstation
Mean = 2.192 μs, StdErr = 0.001 μs (0.05%), N = 15, StdDev = 0.004 μs
Min = 2.185 μs, Q1 = 2.191 μs, Median = 2.191 μs, Q3 = 2.192 μs, Max = 2.200 μs
IQR = 0.001 μs, LowerFence = 2.189 μs, UpperFence = 2.194 μs
ConfidenceInterval = [2.188 μs; 2.196 μs] (CI 99.9%), Margin = 0.004 μs (0.19% of Mean)
Skewness = 0.48, Kurtosis = 2.79, MValue = 2
-------------------- Histogram --------------------
[2.183 μs ; 2.202 μs) | @@@@@@@@@@@@@@@
---------------------------------------------------

// * Summary *

BenchmarkDotNet v0.15.5-develop (2025-12-31), Linux Ubuntu 24.04.3 LTS (Noble Numbat)
11th Gen Intel Core i7-11700KF 3.60GHz (Max: 0.80GHz), 1 CPU, 16 logical and 8 physical cores
.NET SDK 8.0.121
  [Host]                    : .NET 8.0.21 (8.0.21, 8.0.2125.47513), X64 RyuJIT x86-64-v4
  Overhead-Fixed-NoEnergy-1 : .NET 8.0.21 (8.0.21, 8.0.2125.47513), X64 RyuJIT x86-64-v4

Job=Overhead-Fixed-NoEnergy-1  OutlierMode=DontRemove  IterationCount=15  
IterationTime=1s  LaunchCount=1  WarmupCount=6  

| Method                        | Mean         | Error       | StdDev      | Operations | Iterations | Ratio | MannWhitney(3%) | RatioSD | Rank |
|------------------------------ |-------------:|------------:|------------:|-----------:|-----------:|------:|---------------- |--------:|-----:|
| SpanJson_Deserialize_Large    | 149,973.9 ns |    53.11 ns |    49.68 ns |      6,677 |      15.00 |  0.74 | Faster          |    0.00 |    1 |
| STJ_Deserialize_Large         | 202,030.9 ns |   462.52 ns |   432.64 ns |      4,976 |      15.00 |  1.00 | Baseline        |    0.00 |    2 |
| Jil_Deserialize_Large         | 214,113.4 ns |   219.11 ns |   204.95 ns |      4,665 |      15.00 |  1.06 | Slower          |    0.00 |    3 |
| Newtonsoft_Deserialize_Large  | 239,587.8 ns |   231.75 ns |   216.78 ns |      4,192 |      15.00 |  1.19 | Slower          |    0.00 |    4 |
| Utf8Json_Deserialize_Large    | 281,027.6 ns |   254.10 ns |   237.69 ns |      3,504 |      15.00 |  1.39 | Slower          |    0.00 |    5 |
|                               |              |             |             |            |            |       |                 |         |      |
| SpanJson_Deserialize_Medium   |  40,999.0 ns |    50.88 ns |    47.60 ns |     24,365 |      15.00 |  0.77 | Faster          |    0.00 |    1 |
| STJ_Deserialize_Medium        |  53,278.6 ns |    77.92 ns |    72.89 ns |     18,816 |      15.00 |  1.00 | Baseline        |    0.00 |    2 |
| Jil_Deserialize_Medium        |  55,101.1 ns |   101.68 ns |    95.11 ns |     18,178 |      15.00 |  1.03 | Slower          |    0.00 |    3 |
| Utf8Json_Deserialize_Medium   |  61,154.6 ns |   135.99 ns |   127.20 ns |     16,336 |      15.00 |  1.15 | Slower          |    0.00 |    4 |
| Newtonsoft_Deserialize_Medium |  68,992.4 ns |   157.58 ns |   147.40 ns |     14,544 |      15.00 |  1.29 | Slower          |    0.00 |    5 |
|                               |              |             |             |            |            |       |                 |         |      |
| SpanJson_Deserialize_Small    |   1,169.9 ns |     1.10 ns |     1.03 ns |    852,160 |      15.00 |  0.59 | Faster          |    0.00 |    1 |
| STJ_Deserialize_Small         |   1,979.1 ns |     3.39 ns |     3.17 ns |    507,360 |      15.00 |  1.00 | Baseline        |    0.00 |    2 |
| Utf8Json_Deserialize_Small    |   2,013.6 ns |     4.67 ns |     4.37 ns |    495,872 |      15.00 |  1.02 | Same            |    0.00 |    2 |
| Jil_Deserialize_Small         |   2,284.0 ns |     4.47 ns |     4.18 ns |    438,479 |      15.00 |  1.15 | Slower          |    0.00 |    3 |
| Newtonsoft_Deserialize_Small  |   3,625.0 ns |     4.91 ns |     4.60 ns |    275,376 |      15.00 |  1.83 | Slower          |    0.00 |    4 |
|                               |              |             |             |            |            |       |                 |         |      |
| SpanJson_Serialize_Large      | 160,036.0 ns |   617.24 ns |   577.37 ns |      6,303 |      15.00 |  0.86 | Faster          |    0.00 |    1 |
| STJ_Serialize_Large           | 187,133.5 ns |   384.69 ns |   359.84 ns |      5,376 |      15.00 |  1.00 | Baseline        |    0.00 |    2 |
| Utf8Json_Serialize_Large      | 277,825.3 ns |   863.07 ns |   807.31 ns |      3,632 |      15.00 |  1.48 | Slower          |    0.01 |    3 |
| Jil_Serialize_Large           | 283,688.5 ns |   293.91 ns |   274.92 ns |      3,532 |      15.00 |  1.52 | Slower          |    0.00 |    3 |
| Newtonsoft_Serialize_Large    | 308,002.1 ns |   317.36 ns |   296.86 ns |      3,248 |      15.00 |  1.65 | Slower          |    0.00 |    4 |
|                               |              |             |             |            |            |       |                 |         |      |
| Jil_Serialize_Medium          |  37,499.7 ns |   153.01 ns |   143.12 ns |     26,742 |      15.00 |  0.82 | Faster          |    0.00 |    1 |
| SpanJson_Serialize_Medium     |  39,793.4 ns |   311.11 ns |   291.02 ns |     26,042 |      15.00 |  0.87 | Faster          |    0.01 |    2 |
| STJ_Serialize_Medium          |  45,548.8 ns |    84.16 ns |    78.72 ns |     22,016 |      15.00 |  1.00 | Baseline        |    0.00 |    3 |
| Newtonsoft_Serialize_Medium   |  52,497.0 ns |   121.41 ns |   113.57 ns |     19,104 |      15.00 |  1.15 | Slower          |    0.00 |    4 |
| Utf8Json_Serialize_Medium     |  61,477.0 ns | 1,188.31 ns | 1,111.55 ns |     16,544 |      15.00 |  1.35 | Slower          |    0.02 |    5 |
|                               |              |             |             |            |            |       |                 |         |      |
| Utf8Json_Serialize_Small      |     964.3 ns |     0.93 ns |     0.87 ns |  1,032,144 |      15.00 |  0.73 | Faster          |    0.00 |    1 |
| SpanJson_Serialize_Small      |   1,207.3 ns |     2.64 ns |     2.47 ns |    826,464 |      15.00 |  0.92 | Faster          |    0.00 |    2 |
| STJ_Serialize_Small           |   1,318.8 ns |     1.79 ns |     1.67 ns |    755,856 |      15.00 |  1.00 | Baseline        |    0.00 |    3 |
| Jil_Serialize_Small           |   1,711.9 ns |     2.81 ns |     2.63 ns |    583,507 |      15.00 |  1.30 | Slower          |    0.00 |    4 |
| Newtonsoft_Serialize_Small    |   2,192.2 ns |     4.18 ns |     3.91 ns |    459,072 |      15.00 |  1.66 | Slower          |    0.00 |    5 |

// * Hints *
Outliers
  JsonSerializationBenchmarks.STJ_Deserialize_Large: Overhead-Fixed-NoEnergy-1         -> 2 outliers were detected (202.59 μs, 203.24 μs)
  JsonSerializationBenchmarks.Jil_Deserialize_Large: Overhead-Fixed-NoEnergy-1         -> 2 outliers were detected (213.57 μs, 214.45 μs)
  JsonSerializationBenchmarks.Newtonsoft_Deserialize_Large: Overhead-Fixed-NoEnergy-1  -> 1 outlier  was  detected (240.25 μs)
  JsonSerializationBenchmarks.STJ_Deserialize_Medium: Overhead-Fixed-NoEnergy-1        -> 1 outlier  was  detected (53.52 μs)
  JsonSerializationBenchmarks.Jil_Deserialize_Medium: Overhead-Fixed-NoEnergy-1        -> 1 outlier  was  detected (55.37 μs)
  JsonSerializationBenchmarks.Utf8Json_Deserialize_Medium: Overhead-Fixed-NoEnergy-1   -> 1 outlier  was  detected (61.47 μs)
  JsonSerializationBenchmarks.Newtonsoft_Deserialize_Medium: Overhead-Fixed-NoEnergy-1 -> 2 outliers were detected (69.28 μs, 69.34 μs)
  JsonSerializationBenchmarks.Jil_Deserialize_Small: Overhead-Fixed-NoEnergy-1         -> 2 outliers were detected (2.27 μs, 2.29 μs)
  JsonSerializationBenchmarks.Newtonsoft_Deserialize_Small: Overhead-Fixed-NoEnergy-1  -> 2 outliers were detected (3.64 μs, 3.64 μs)
  JsonSerializationBenchmarks.STJ_Serialize_Large: Overhead-Fixed-NoEnergy-1           -> 2 outliers were detected (187.78 μs, 187.99 μs)
  JsonSerializationBenchmarks.Utf8Json_Serialize_Large: Overhead-Fixed-NoEnergy-1      -> 1 outlier  was  detected (279.94 μs)
  JsonSerializationBenchmarks.Jil_Serialize_Large: Overhead-Fixed-NoEnergy-1           -> 1 outlier  was  detected (284.41 μs)
  JsonSerializationBenchmarks.SpanJson_Serialize_Medium: Overhead-Fixed-NoEnergy-1     -> 1 outlier  was  detected (39.12 μs)
  JsonSerializationBenchmarks.STJ_Serialize_Medium: Overhead-Fixed-NoEnergy-1          -> 1 outlier  was  detected (45.75 μs)
  JsonSerializationBenchmarks.Utf8Json_Serialize_Medium: Overhead-Fixed-NoEnergy-1     -> 1 outlier  was  detected (63.68 μs)
  JsonSerializationBenchmarks.Utf8Json_Serialize_Small: Overhead-Fixed-NoEnergy-1      -> 1 outlier  was  detected (969.76 ns)
  JsonSerializationBenchmarks.STJ_Serialize_Small: Overhead-Fixed-NoEnergy-1           -> 1 outlier  was  detected (1.33 μs)
  JsonSerializationBenchmarks.Jil_Serialize_Small: Overhead-Fixed-NoEnergy-1           -> 1 outlier  was  detected (1.71 μs)
  JsonSerializationBenchmarks.Newtonsoft_Serialize_Small: Overhead-Fixed-NoEnergy-1    -> 5 outliers were detected (2.19 μs, 2.19 μs, 2.20 μs..2.20 μs)

// * Legends *
  Mean            : Arithmetic mean of all measurements
  Error           : Half of 99.9% confidence interval
  StdDev          : Standard deviation of all measurements
  Operations      : Actual invocations per measured iteration (from measurements)
  Iterations      : Number of target iterations
  Ratio           : Mean of the ratio distribution ([Current]/[Baseline])
  MannWhitney(3%) : MannWhitney-based equivalence test (threshold=3%, alpha = 1E-05)
  RatioSD         : Standard deviation of the ratio distribution ([Current]/[Baseline])
  Rank            : Relative position of current benchmark mean among all benchmarks (Arabic style)
  1 ns            : 1 Nanosecond (0.000000001 sec)

// ***** BenchmarkRunner: End *****
Run time: 00:13:34 (814.49 sec), executed benchmarks: 30

Global total time: 00:13:45 (825.24 sec), executed benchmarks: 30
// * Artifacts cleanup *
Artifacts cleanup is finished
