// Validating benchmarks:
// ***** BenchmarkRunner: Start   *****
// ***** Found 30 benchmark(s) in total *****
// ***** Building 1 exe(s) in Parallel: Start   *****
// start dotnet  restore --nodeReuse:false /p:UseSharedCompilation=false /p:Deterministic=true /p:Optimize=true /p:ArtifactsPath="/home/test/rapl-tests/lib-energy-bench/src/Serialization.Bench/bin/Release/net8.0/Serialization.Bench-Overhead-Fixed-Energy-1-1/" /p:OutDir="/home/test/rapl-tests/lib-energy-bench/src/Serialization.Bench/bin/Release/net8.0/Serialization.Bench-Overhead-Fixed-Energy-1-1/bin/Release/net8.0/" /p:OutputPath="/home/test/rapl-tests/lib-energy-bench/src/Serialization.Bench/bin/Release/net8.0/Serialization.Bench-Overhead-Fixed-Energy-1-1/bin/Release/net8.0/" /p:PublishDir="/home/test/rapl-tests/lib-energy-bench/src/Serialization.Bench/bin/Release/net8.0/Serialization.Bench-Overhead-Fixed-Energy-1-1/publish/" in /home/test/rapl-tests/lib-energy-bench/src/Serialization.Bench/bin/Release/net8.0/Serialization.Bench-Overhead-Fixed-Energy-1-1
// command took 1.03 sec and exited with 0
// start dotnet  build -c Release --no-restore --nodeReuse:false /p:UseSharedCompilation=false /p:Deterministic=true /p:Optimize=true /p:ArtifactsPath="/home/test/rapl-tests/lib-energy-bench/src/Serialization.Bench/bin/Release/net8.0/Serialization.Bench-Overhead-Fixed-Energy-1-1/" /p:OutDir="/home/test/rapl-tests/lib-energy-bench/src/Serialization.Bench/bin/Release/net8.0/Serialization.Bench-Overhead-Fixed-Energy-1-1/bin/Release/net8.0/" /p:OutputPath="/home/test/rapl-tests/lib-energy-bench/src/Serialization.Bench/bin/Release/net8.0/Serialization.Bench-Overhead-Fixed-Energy-1-1/bin/Release/net8.0/" /p:PublishDir="/home/test/rapl-tests/lib-energy-bench/src/Serialization.Bench/bin/Release/net8.0/Serialization.Bench-Overhead-Fixed-Energy-1-1/publish/" --output "/home/test/rapl-tests/lib-energy-bench/src/Serialization.Bench/bin/Release/net8.0/Serialization.Bench-Overhead-Fixed-Energy-1-1/bin/Release/net8.0/" in /home/test/rapl-tests/lib-energy-bench/src/Serialization.Bench/bin/Release/net8.0/Serialization.Bench-Overhead-Fixed-Energy-1-1
// command took 9.36 sec and exited with 0
// ***** Done, took 00:00:10 (10.44 sec)   *****
// Found 30 benchmarks:
//   JsonSerializationBenchmarks.STJ_Deserialize_Large: Overhead-Fixed-Energy-1(OutlierMode=DontRemove, IterationCount=15, IterationTime=1s, LaunchCount=1, WarmupCount=6)
//   JsonSerializationBenchmarks.Newtonsoft_Deserialize_Large: Overhead-Fixed-Energy-1(OutlierMode=DontRemove, IterationCount=15, IterationTime=1s, LaunchCount=1, WarmupCount=6)
//   JsonSerializationBenchmarks.Jil_Deserialize_Large: Overhead-Fixed-Energy-1(OutlierMode=DontRemove, IterationCount=15, IterationTime=1s, LaunchCount=1, WarmupCount=6)
//   JsonSerializationBenchmarks.Utf8Json_Deserialize_Large: Overhead-Fixed-Energy-1(OutlierMode=DontRemove, IterationCount=15, IterationTime=1s, LaunchCount=1, WarmupCount=6)
//   JsonSerializationBenchmarks.SpanJson_Deserialize_Large: Overhead-Fixed-Energy-1(OutlierMode=DontRemove, IterationCount=15, IterationTime=1s, LaunchCount=1, WarmupCount=6)
//   JsonSerializationBenchmarks.STJ_Deserialize_Medium: Overhead-Fixed-Energy-1(OutlierMode=DontRemove, IterationCount=15, IterationTime=1s, LaunchCount=1, WarmupCount=6)
//   JsonSerializationBenchmarks.Newtonsoft_Deserialize_Medium: Overhead-Fixed-Energy-1(OutlierMode=DontRemove, IterationCount=15, IterationTime=1s, LaunchCount=1, WarmupCount=6)
//   JsonSerializationBenchmarks.Jil_Deserialize_Medium: Overhead-Fixed-Energy-1(OutlierMode=DontRemove, IterationCount=15, IterationTime=1s, LaunchCount=1, WarmupCount=6)
//   JsonSerializationBenchmarks.Utf8Json_Deserialize_Medium: Overhead-Fixed-Energy-1(OutlierMode=DontRemove, IterationCount=15, IterationTime=1s, LaunchCount=1, WarmupCount=6)
//   JsonSerializationBenchmarks.SpanJson_Deserialize_Medium: Overhead-Fixed-Energy-1(OutlierMode=DontRemove, IterationCount=15, IterationTime=1s, LaunchCount=1, WarmupCount=6)
//   JsonSerializationBenchmarks.STJ_Deserialize_Small: Overhead-Fixed-Energy-1(OutlierMode=DontRemove, IterationCount=15, IterationTime=1s, LaunchCount=1, WarmupCount=6)
//   JsonSerializationBenchmarks.Newtonsoft_Deserialize_Small: Overhead-Fixed-Energy-1(OutlierMode=DontRemove, IterationCount=15, IterationTime=1s, LaunchCount=1, WarmupCount=6)
//   JsonSerializationBenchmarks.Jil_Deserialize_Small: Overhead-Fixed-Energy-1(OutlierMode=DontRemove, IterationCount=15, IterationTime=1s, LaunchCount=1, WarmupCount=6)
//   JsonSerializationBenchmarks.Utf8Json_Deserialize_Small: Overhead-Fixed-Energy-1(OutlierMode=DontRemove, IterationCount=15, IterationTime=1s, LaunchCount=1, WarmupCount=6)
//   JsonSerializationBenchmarks.SpanJson_Deserialize_Small: Overhead-Fixed-Energy-1(OutlierMode=DontRemove, IterationCount=15, IterationTime=1s, LaunchCount=1, WarmupCount=6)
//   JsonSerializationBenchmarks.STJ_Serialize_Large: Overhead-Fixed-Energy-1(OutlierMode=DontRemove, IterationCount=15, IterationTime=1s, LaunchCount=1, WarmupCount=6)
//   JsonSerializationBenchmarks.Newtonsoft_Serialize_Large: Overhead-Fixed-Energy-1(OutlierMode=DontRemove, IterationCount=15, IterationTime=1s, LaunchCount=1, WarmupCount=6)
//   JsonSerializationBenchmarks.Jil_Serialize_Large: Overhead-Fixed-Energy-1(OutlierMode=DontRemove, IterationCount=15, IterationTime=1s, LaunchCount=1, WarmupCount=6)
//   JsonSerializationBenchmarks.Utf8Json_Serialize_Large: Overhead-Fixed-Energy-1(OutlierMode=DontRemove, IterationCount=15, IterationTime=1s, LaunchCount=1, WarmupCount=6)
//   JsonSerializationBenchmarks.SpanJson_Serialize_Large: Overhead-Fixed-Energy-1(OutlierMode=DontRemove, IterationCount=15, IterationTime=1s, LaunchCount=1, WarmupCount=6)
//   JsonSerializationBenchmarks.STJ_Serialize_Medium: Overhead-Fixed-Energy-1(OutlierMode=DontRemove, IterationCount=15, IterationTime=1s, LaunchCount=1, WarmupCount=6)
//   JsonSerializationBenchmarks.Newtonsoft_Serialize_Medium: Overhead-Fixed-Energy-1(OutlierMode=DontRemove, IterationCount=15, IterationTime=1s, LaunchCount=1, WarmupCount=6)
//   JsonSerializationBenchmarks.Jil_Serialize_Medium: Overhead-Fixed-Energy-1(OutlierMode=DontRemove, IterationCount=15, IterationTime=1s, LaunchCount=1, WarmupCount=6)
//   JsonSerializationBenchmarks.Utf8Json_Serialize_Medium: Overhead-Fixed-Energy-1(OutlierMode=DontRemove, IterationCount=15, IterationTime=1s, LaunchCount=1, WarmupCount=6)
//   JsonSerializationBenchmarks.SpanJson_Serialize_Medium: Overhead-Fixed-Energy-1(OutlierMode=DontRemove, IterationCount=15, IterationTime=1s, LaunchCount=1, WarmupCount=6)
//   JsonSerializationBenchmarks.STJ_Serialize_Small: Overhead-Fixed-Energy-1(OutlierMode=DontRemove, IterationCount=15, IterationTime=1s, LaunchCount=1, WarmupCount=6)
//   JsonSerializationBenchmarks.Newtonsoft_Serialize_Small: Overhead-Fixed-Energy-1(OutlierMode=DontRemove, IterationCount=15, IterationTime=1s, LaunchCount=1, WarmupCount=6)
//   JsonSerializationBenchmarks.Jil_Serialize_Small: Overhead-Fixed-Energy-1(OutlierMode=DontRemove, IterationCount=15, IterationTime=1s, LaunchCount=1, WarmupCount=6)
//   JsonSerializationBenchmarks.Utf8Json_Serialize_Small: Overhead-Fixed-Energy-1(OutlierMode=DontRemove, IterationCount=15, IterationTime=1s, LaunchCount=1, WarmupCount=6)
//   JsonSerializationBenchmarks.SpanJson_Serialize_Small: Overhead-Fixed-Energy-1(OutlierMode=DontRemove, IterationCount=15, IterationTime=1s, LaunchCount=1, WarmupCount=6)

// **************************
// Benchmark: JsonSerializationBenchmarks.STJ_Deserialize_Large: Overhead-Fixed-Energy-1(OutlierMode=DontRemove, IterationCount=15, IterationTime=1s, LaunchCount=1, WarmupCount=6)
// *** Execute ***
// Launch: 1 / 1
// Execute: dotnet Serialization.Bench-Overhead-Fixed-Energy-1-1.dll --anonymousPipes 101 102 --benchmarkName Serialization.Bench.JsonSerializationBenchmarks.STJ_Deserialize_Large --job Overhead-Fixed-Energy-1 --benchmarkId 0 in /home/test/rapl-tests/lib-energy-bench/src/Serialization.Bench/bin/Release/net8.0/Serialization.Bench-Overhead-Fixed-Energy-1-1/bin/Release/net8.0
// BeforeAnythingElse

// Benchmark Process Environment Information:
// BenchmarkDotNet v0.15.5-develop (2025-12-31)
// Runtime=.NET 8.0.21 (8.0.21, 8.0.2125.47513), X64 RyuJIT x86-64-v4
// GC=Concurrent Workstation
// HardwareIntrinsics=AVX512 IFMA+VBMI,AVX512 F+BW+CD+DQ+VL,AVX2+BMI1+BMI2+F16C+FMA+LZCNT+MOVBE,AVX,SSE3+SSSE3+SSE4.1+SSE4.2+POPCNT,X86Base+SSE+SSE2,AES+PCLMUL VectorSize=256
// Job: Overhead-Fixed-Energy-1(OutlierMode=DontRemove, IterationCount=15, IterationTime=1s, LaunchCount=1, WarmupCount=6)

OverheadJitting  1: 1 op, 145899.00 ns, 145.8990 us/op, 0.00 uJpkg, 0.00 uJdram
WorkloadJitting  1: 1 op, 552640.00 ns, 552.6400 us/op, 74402.00 uJpkg, 0.00 uJdram

OverheadJitting  2: 16 op, 406978.00 ns, 25.4361 us/op, 0.00 uJpkg, 0.00 uJdram
WorkloadJitting  2: 16 op, 6970905.00 ns, 435.6816 us/op, 599303.00 uJpkg, 0.00 uJdram

WorkloadPilot    1: 16 op, 6390550.00 ns, 399.4094 us/op, 522032.00 uJpkg, 0.00 uJdram
WorkloadPilot    2: 2512 op, 722304622.00 ns, 287.5416 us/op, 62399803.00 uJpkg, 0.00 uJdram
WorkloadPilot    3: 3488 op, 703601992.00 ns, 201.7208 us/op, 58181613.00 uJpkg, 0.00 uJdram
WorkloadPilot    4: 4960 op, 1002250378.00 ns, 202.0666 us/op, 81923008.00 uJpkg, 0.00 uJdram

OverheadWarmup   1: 4960 op, 18172.00 ns, 3.6637 ns/op, 0.00 uJpkg, 0.00 uJdram
OverheadWarmup   2: 4960 op, 17514.00 ns, 3.5310 ns/op, 0.00 uJpkg, 0.00 uJdram
OverheadWarmup   3: 4960 op, 17495.00 ns, 3.5272 ns/op, 0.00 uJpkg, 0.00 uJdram
OverheadWarmup   4: 4960 op, 17498.00 ns, 3.5278 ns/op, 0.00 uJpkg, 0.00 uJdram
OverheadWarmup   5: 4960 op, 17480.00 ns, 3.5242 ns/op, 0.00 uJpkg, 0.00 uJdram
OverheadWarmup   6: 4960 op, 17498.00 ns, 3.5278 ns/op, 84045.00 uJpkg, 0.00 uJdram
OverheadWarmup   7: 4960 op, 18248.00 ns, 3.6790 ns/op, 0.00 uJpkg, 0.00 uJdram
OverheadWarmup   8: 4960 op, 18236.00 ns, 3.6766 ns/op, 0.00 uJpkg, 0.00 uJdram

OverheadActual   1: 4960 op, 17152.00 ns, 3.4581 ns/op, 0.00 uJpkg, 0.00 uJdram
OverheadActual   2: 4960 op, 17497.00 ns, 3.5276 ns/op, 0.00 uJpkg, 0.00 uJdram
OverheadActual   3: 4960 op, 17501.00 ns, 3.5284 ns/op, 0.00 uJpkg, 0.00 uJdram
OverheadActual   4: 4960 op, 17499.00 ns, 3.5280 ns/op, 0.00 uJpkg, 0.00 uJdram
OverheadActual   5: 4960 op, 17496.00 ns, 3.5274 ns/op, 0.00 uJpkg, 0.00 uJdram
OverheadActual   6: 4960 op, 18016.00 ns, 3.6323 ns/op, 0.00 uJpkg, 0.00 uJdram
OverheadActual   7: 4960 op, 17503.00 ns, 3.5288 ns/op, 0.00 uJpkg, 0.00 uJdram
OverheadActual   8: 4960 op, 17461.00 ns, 3.5204 ns/op, 0.00 uJpkg, 0.00 uJdram
OverheadActual   9: 4960 op, 17459.00 ns, 3.5200 ns/op, 0.00 uJpkg, 0.00 uJdram
OverheadActual  10: 4960 op, 17484.00 ns, 3.5250 ns/op, 0.00 uJpkg, 0.00 uJdram
OverheadActual  11: 4960 op, 17456.00 ns, 3.5194 ns/op, 0.00 uJpkg, 0.00 uJdram
OverheadActual  12: 4960 op, 17475.00 ns, 3.5232 ns/op, 0.00 uJpkg, 0.00 uJdram
OverheadActual  13: 4960 op, 17488.00 ns, 3.5258 ns/op, 106689.00 uJpkg, 0.00 uJdram
OverheadActual  14: 4960 op, 17498.00 ns, 3.5278 ns/op, 0.00 uJpkg, 0.00 uJdram
OverheadActual  15: 4960 op, 17489.00 ns, 3.5260 ns/op, 0.00 uJpkg, 0.00 uJdram

WorkloadWarmup   1: 4960 op, 1003876440.00 ns, 202.3944 us/op, 84054533.00 uJpkg, 0.00 uJdram
WorkloadWarmup   2: 4960 op, 1003270322.00 ns, 202.2722 us/op, 82723848.00 uJpkg, 0.00 uJdram
WorkloadWarmup   3: 4960 op, 1001933388.00 ns, 202.0027 us/op, 82643587.00 uJpkg, 0.00 uJdram
WorkloadWarmup   4: 4960 op, 998920333.00 ns, 201.3952 us/op, 81962315.00 uJpkg, 0.00 uJdram
WorkloadWarmup   5: 4960 op, 1000711694.00 ns, 201.7564 us/op, 83324494.00 uJpkg, 0.00 uJdram
WorkloadWarmup   6: 4960 op, 999254255.00 ns, 201.4626 us/op, 81772923.00 uJpkg, 0.00 uJdram

// BeforeActualRun
WorkloadActual   1: 4960 op, 1002841711.00 ns, 202.1858 us/op, 83995940.00 uJpkg, 0.00 uJdram
WorkloadActual   2: 4960 op, 1002080544.00 ns, 202.0324 us/op, 82307468.00 uJpkg, 0.00 uJdram
WorkloadActual   3: 4960 op, 1000943303.00 ns, 201.8031 us/op, 83272004.00 uJpkg, 0.00 uJdram
WorkloadActual   4: 4960 op, 1001188810.00 ns, 201.8526 us/op, 82171421.00 uJpkg, 0.00 uJdram
WorkloadActual   5: 4960 op, 1001068428.00 ns, 201.8283 us/op, 83154695.00 uJpkg, 0.00 uJdram
WorkloadActual   6: 4960 op, 1001085957.00 ns, 201.8318 us/op, 82389315.00 uJpkg, 0.00 uJdram
WorkloadActual   7: 4960 op, 1001249233.00 ns, 201.8648 us/op, 82438571.00 uJpkg, 0.00 uJdram
WorkloadActual   8: 4960 op, 1003011276.00 ns, 202.2200 us/op, 82324679.00 uJpkg, 0.00 uJdram
WorkloadActual   9: 4960 op, 1002845485.00 ns, 202.1866 us/op, 82757540.00 uJpkg, 0.00 uJdram
WorkloadActual  10: 4960 op, 1000521427.00 ns, 201.7180 us/op, 83372101.00 uJpkg, 0.00 uJdram
WorkloadActual  11: 4960 op, 1008493773.00 ns, 203.3254 us/op, 84262052.00 uJpkg, 0.00 uJdram
WorkloadActual  12: 4960 op, 1001861240.00 ns, 201.9882 us/op, 82463840.00 uJpkg, 0.00 uJdram
WorkloadActual  13: 4960 op, 1003960153.00 ns, 202.4113 us/op, 82580844.00 uJpkg, 0.00 uJdram
WorkloadActual  14: 4960 op, 1000087005.00 ns, 201.6304 us/op, 82181979.00 uJpkg, 0.00 uJdram
WorkloadActual  15: 4960 op, 1002391530.00 ns, 202.0951 us/op, 81543920.00 uJpkg, 0.00 uJdram

// AfterActualRun
WorkloadResult   1: 4960 op, 1002824222.00 ns, 202.1823 us/op, 83995940.00 uJpkg, 0.00 uJdram
WorkloadResult   2: 4960 op, 1002063055.00 ns, 202.0288 us/op, 82307468.00 uJpkg, 0.00 uJdram
WorkloadResult   3: 4960 op, 1000925814.00 ns, 201.7996 us/op, 83272004.00 uJpkg, 0.00 uJdram
WorkloadResult   4: 4960 op, 1001171321.00 ns, 201.8491 us/op, 82171421.00 uJpkg, 0.00 uJdram
WorkloadResult   5: 4960 op, 1001050939.00 ns, 201.8248 us/op, 83154695.00 uJpkg, 0.00 uJdram
WorkloadResult   6: 4960 op, 1001068468.00 ns, 201.8283 us/op, 82389315.00 uJpkg, 0.00 uJdram
WorkloadResult   7: 4960 op, 1001231744.00 ns, 201.8612 us/op, 82438571.00 uJpkg, 0.00 uJdram
WorkloadResult   8: 4960 op, 1002993787.00 ns, 202.2165 us/op, 82324679.00 uJpkg, 0.00 uJdram
WorkloadResult   9: 4960 op, 1002827996.00 ns, 202.1831 us/op, 82757540.00 uJpkg, 0.00 uJdram
WorkloadResult  10: 4960 op, 1000503938.00 ns, 201.7145 us/op, 83372101.00 uJpkg, 0.00 uJdram
WorkloadResult  11: 4960 op, 1008476284.00 ns, 203.3218 us/op, 84262052.00 uJpkg, 0.00 uJdram
WorkloadResult  12: 4960 op, 1001843751.00 ns, 201.9846 us/op, 82463840.00 uJpkg, 0.00 uJdram
WorkloadResult  13: 4960 op, 1003942664.00 ns, 202.4078 us/op, 82580844.00 uJpkg, 0.00 uJdram
WorkloadResult  14: 4960 op, 1000069516.00 ns, 201.6269 us/op, 82181979.00 uJpkg, 0.00 uJdram
WorkloadResult  15: 4960 op, 1002374041.00 ns, 202.0915 us/op, 81543920.00 uJpkg, 0.00 uJdram

// AfterAll
// Benchmark Process 4047945 has exited with code 0.

Mean = 202.061 μs, StdErr = 0.106 μs (0.05%), N = 15, StdDev = 0.409 μs
Min = 201.627 μs, Q1 = 201.827 μs, Median = 201.985 μs, Q3 = 202.183 μs, Max = 203.322 μs
IQR = 0.356 μs, LowerFence = 201.292 μs, UpperFence = 202.717 μs
ConfidenceInterval = [201.624 μs; 202.499 μs] (CI 99.9%), Margin = 0.437 μs (0.22% of Mean)
Skewness = 1.82, Kurtosis = 6.2, MValue = 2

// ** Remained 29 (96.7%) benchmark(s) to run. Estimated finish 2025-12-31 17:48 (0h 11m from now) **
// **************************
// Benchmark: JsonSerializationBenchmarks.Newtonsoft_Deserialize_Large: Overhead-Fixed-Energy-1(OutlierMode=DontRemove, IterationCount=15, IterationTime=1s, LaunchCount=1, WarmupCount=6)
// *** Execute ***
// Launch: 1 / 1
// Execute: dotnet Serialization.Bench-Overhead-Fixed-Energy-1-1.dll --anonymousPipes 103 104 --benchmarkName Serialization.Bench.JsonSerializationBenchmarks.Newtonsoft_Deserialize_Large --job Overhead-Fixed-Energy-1 --benchmarkId 1 in /home/test/rapl-tests/lib-energy-bench/src/Serialization.Bench/bin/Release/net8.0/Serialization.Bench-Overhead-Fixed-Energy-1-1/bin/Release/net8.0
// BeforeAnythingElse

// Benchmark Process Environment Information:
// BenchmarkDotNet v0.15.5-develop (2025-12-31)
// Runtime=.NET 8.0.21 (8.0.21, 8.0.2125.47513), X64 RyuJIT x86-64-v4
// GC=Concurrent Workstation
// HardwareIntrinsics=AVX512 IFMA+VBMI,AVX512 F+BW+CD+DQ+VL,AVX2+BMI1+BMI2+F16C+FMA+LZCNT+MOVBE,AVX,SSE3+SSSE3+SSE4.1+SSE4.2+POPCNT,X86Base+SSE+SSE2,AES+PCLMUL VectorSize=256
// Job: Overhead-Fixed-Energy-1(OutlierMode=DontRemove, IterationCount=15, IterationTime=1s, LaunchCount=1, WarmupCount=6)

OverheadJitting  1: 1 op, 141528.00 ns, 141.5280 us/op, 0.00 uJpkg, 0.00 uJdram
WorkloadJitting  1: 1 op, 55554503.00 ns, 55.5545 ms/op, 4274526.00 uJpkg, 0.00 uJdram

OverheadJitting  2: 16 op, 380060.00 ns, 23.7538 us/op, 0.00 uJpkg, 0.00 uJdram
WorkloadJitting  2: 16 op, 18650909.00 ns, 1.1657 ms/op, 1283566.00 uJpkg, 0.00 uJdram

WorkloadPilot    1: 16 op, 17847876.00 ns, 1.1155 ms/op, 1164364.00 uJpkg, 0.00 uJdram
WorkloadPilot    2: 896 op, 395542888.00 ns, 441.4541 us/op, 33120948.00 uJpkg, 0.00 uJdram
WorkloadPilot    3: 2272 op, 548309671.00 ns, 241.3335 us/op, 46104618.00 uJpkg, 0.00 uJdram
WorkloadPilot    4: 4144 op, 993010303.00 ns, 239.6260 us/op, 83402069.00 uJpkg, 0.00 uJdram
WorkloadPilot    5: 4176 op, 997634959.00 ns, 238.8973 us/op, 83580902.00 uJpkg, 0.00 uJdram
WorkloadPilot    6: 4192 op, 1004866093.00 ns, 239.7104 us/op, 84534940.00 uJpkg, 0.00 uJdram
WorkloadPilot    7: 4176 op, 1000117364.00 ns, 239.4917 us/op, 83682220.00 uJpkg, 0.00 uJdram

OverheadWarmup   1: 4176 op, 20027.00 ns, 4.7957 ns/op, 57373.00 uJpkg, 0.00 uJdram
OverheadWarmup   2: 4176 op, 14770.00 ns, 3.5369 ns/op, 0.00 uJpkg, 0.00 uJdram
OverheadWarmup   3: 4176 op, 14771.00 ns, 3.5371 ns/op, 0.00 uJpkg, 0.00 uJdram
OverheadWarmup   4: 4176 op, 15420.00 ns, 3.6925 ns/op, 0.00 uJpkg, 0.00 uJdram
OverheadWarmup   5: 4176 op, 14760.00 ns, 3.5345 ns/op, 0.00 uJpkg, 0.00 uJdram
OverheadWarmup   6: 4176 op, 14777.00 ns, 3.5386 ns/op, 0.00 uJpkg, 0.00 uJdram
OverheadWarmup   7: 4176 op, 14787.00 ns, 3.5409 ns/op, 0.00 uJpkg, 0.00 uJdram
OverheadWarmup   8: 4176 op, 14770.00 ns, 3.5369 ns/op, 0.00 uJpkg, 0.00 uJdram

OverheadActual   1: 4176 op, 14784.00 ns, 3.5402 ns/op, 0.00 uJpkg, 0.00 uJdram
OverheadActual   2: 4176 op, 14808.00 ns, 3.5460 ns/op, 0.00 uJpkg, 0.00 uJdram
OverheadActual   3: 4176 op, 14788.00 ns, 3.5412 ns/op, 0.00 uJpkg, 0.00 uJdram
OverheadActual   4: 4176 op, 14762.00 ns, 3.5350 ns/op, 0.00 uJpkg, 0.00 uJdram
OverheadActual   5: 4176 op, 15419.00 ns, 3.6923 ns/op, 0.00 uJpkg, 0.00 uJdram
OverheadActual   6: 4176 op, 14781.00 ns, 3.5395 ns/op, 0.00 uJpkg, 0.00 uJdram
OverheadActual   7: 4176 op, 14777.00 ns, 3.5386 ns/op, 0.00 uJpkg, 0.00 uJdram
OverheadActual   8: 4176 op, 15153.00 ns, 3.6286 ns/op, 0.00 uJpkg, 0.00 uJdram
OverheadActual   9: 4176 op, 14764.00 ns, 3.5354 ns/op, 0.00 uJpkg, 0.00 uJdram
OverheadActual  10: 4176 op, 14777.00 ns, 3.5386 ns/op, 0.00 uJpkg, 0.00 uJdram
OverheadActual  11: 4176 op, 17765.00 ns, 4.2541 ns/op, 0.00 uJpkg, 0.00 uJdram
OverheadActual  12: 4176 op, 14781.00 ns, 3.5395 ns/op, 0.00 uJpkg, 0.00 uJdram
OverheadActual  13: 4176 op, 14783.00 ns, 3.5400 ns/op, 0.00 uJpkg, 0.00 uJdram
OverheadActual  14: 4176 op, 14785.00 ns, 3.5405 ns/op, 0.00 uJpkg, 0.00 uJdram
OverheadActual  15: 4176 op, 14804.00 ns, 3.5450 ns/op, 0.00 uJpkg, 0.00 uJdram
OverheadActual  16: 4176 op, 15116.00 ns, 3.6197 ns/op, 0.00 uJpkg, 0.00 uJdram
OverheadActual  17: 4176 op, 14748.00 ns, 3.5316 ns/op, 0.00 uJpkg, 0.00 uJdram

WorkloadWarmup   1: 4176 op, 996059869.00 ns, 238.5201 us/op, 86410668.00 uJpkg, 0.00 uJdram
WorkloadWarmup   2: 4176 op, 989419481.00 ns, 236.9300 us/op, 82749849.00 uJpkg, 0.00 uJdram
WorkloadWarmup   3: 4176 op, 1004765814.00 ns, 240.6048 us/op, 84434110.00 uJpkg, 0.00 uJdram
WorkloadWarmup   4: 4176 op, 1011153220.00 ns, 242.1344 us/op, 84782132.00 uJpkg, 0.00 uJdram
WorkloadWarmup   5: 4176 op, 1004577947.00 ns, 240.5599 us/op, 84544400.00 uJpkg, 0.00 uJdram
WorkloadWarmup   6: 4176 op, 1006253138.00 ns, 240.9610 us/op, 84739896.00 uJpkg, 0.00 uJdram

// BeforeActualRun
WorkloadActual   1: 4176 op, 991371565.00 ns, 237.3974 us/op, 83273957.00 uJpkg, 0.00 uJdram
WorkloadActual   2: 4176 op, 1007009692.00 ns, 241.1422 us/op, 84865932.00 uJpkg, 0.00 uJdram
WorkloadActual   3: 4176 op, 1002575234.00 ns, 240.0803 us/op, 85942407.00 uJpkg, 0.00 uJdram
WorkloadActual   4: 4176 op, 1005330061.00 ns, 240.7400 us/op, 84654630.00 uJpkg, 0.00 uJdram
WorkloadActual   5: 4176 op, 997585673.00 ns, 238.8855 us/op, 83800445.00 uJpkg, 0.00 uJdram
WorkloadActual   6: 4176 op, 1001103489.00 ns, 239.7278 us/op, 84122099.00 uJpkg, 0.00 uJdram
WorkloadActual   7: 4176 op, 995894909.00 ns, 238.4806 us/op, 84152860.00 uJpkg, 0.00 uJdram
WorkloadActual   8: 4176 op, 999603996.00 ns, 239.3688 us/op, 83948089.00 uJpkg, 0.00 uJdram
WorkloadActual   9: 4176 op, 994956612.00 ns, 238.2559 us/op, 84120573.00 uJpkg, 0.00 uJdram
WorkloadActual  10: 4176 op, 1004091935.00 ns, 240.4435 us/op, 85796228.00 uJpkg, 0.00 uJdram
WorkloadActual  11: 4176 op, 996896328.00 ns, 238.7204 us/op, 84050810.00 uJpkg, 0.00 uJdram
WorkloadActual  12: 4176 op, 1001451940.00 ns, 239.8113 us/op, 84851406.00 uJpkg, 0.00 uJdram
WorkloadActual  13: 4176 op, 997227578.00 ns, 238.7997 us/op, 84412443.00 uJpkg, 0.00 uJdram
WorkloadActual  14: 4176 op, 994558845.00 ns, 238.1606 us/op, 83855559.00 uJpkg, 0.00 uJdram
WorkloadActual  15: 4176 op, 998442571.00 ns, 239.0907 us/op, 84709744.00 uJpkg, 0.00 uJdram

// AfterActualRun
WorkloadResult   1: 4176 op, 991356781.00 ns, 237.3939 us/op, 83273957.00 uJpkg, 0.00 uJdram
WorkloadResult   2: 4176 op, 1006994908.00 ns, 241.1386 us/op, 84865932.00 uJpkg, 0.00 uJdram
WorkloadResult   3: 4176 op, 1002560450.00 ns, 240.0767 us/op, 85942407.00 uJpkg, 0.00 uJdram
WorkloadResult   4: 4176 op, 1005315277.00 ns, 240.7364 us/op, 84654630.00 uJpkg, 0.00 uJdram
WorkloadResult   5: 4176 op, 997570889.00 ns, 238.8819 us/op, 83800445.00 uJpkg, 0.00 uJdram
WorkloadResult   6: 4176 op, 1001088705.00 ns, 239.7243 us/op, 84122099.00 uJpkg, 0.00 uJdram
WorkloadResult   7: 4176 op, 995880125.00 ns, 238.4770 us/op, 84152860.00 uJpkg, 0.00 uJdram
WorkloadResult   8: 4176 op, 999589212.00 ns, 239.3652 us/op, 83948089.00 uJpkg, 0.00 uJdram
WorkloadResult   9: 4176 op, 994941828.00 ns, 238.2524 us/op, 84120573.00 uJpkg, 0.00 uJdram
WorkloadResult  10: 4176 op, 1004077151.00 ns, 240.4399 us/op, 85796228.00 uJpkg, 0.00 uJdram
WorkloadResult  11: 4176 op, 996881544.00 ns, 238.7168 us/op, 84050810.00 uJpkg, 0.00 uJdram
WorkloadResult  12: 4176 op, 1001437156.00 ns, 239.8077 us/op, 84851406.00 uJpkg, 0.00 uJdram
WorkloadResult  13: 4176 op, 997212794.00 ns, 238.7962 us/op, 84412443.00 uJpkg, 0.00 uJdram
WorkloadResult  14: 4176 op, 994544061.00 ns, 238.1571 us/op, 83855559.00 uJpkg, 0.00 uJdram
WorkloadResult  15: 4176 op, 998427787.00 ns, 239.0871 us/op, 84709744.00 uJpkg, 0.00 uJdram

// AfterAll
// Benchmark Process 4047967 has exited with code 0.

Mean = 239.270 μs, StdErr = 0.270 μs (0.11%), N = 15, StdDev = 1.046 μs
Min = 237.394 μs, Q1 = 238.597 μs, Median = 239.087 μs, Q3 = 239.942 μs, Max = 241.139 μs
IQR = 1.345 μs, LowerFence = 236.579 μs, UpperFence = 241.960 μs
ConfidenceInterval = [238.152 μs; 240.388 μs] (CI 99.9%), Margin = 1.118 μs (0.47% of Mean)
Skewness = 0.13, Kurtosis = 1.94, MValue = 2

// ** Remained 28 (93.3%) benchmark(s) to run. Estimated finish 2025-12-31 17:49 (0h 11m from now) **
// **************************
// Benchmark: JsonSerializationBenchmarks.Jil_Deserialize_Large: Overhead-Fixed-Energy-1(OutlierMode=DontRemove, IterationCount=15, IterationTime=1s, LaunchCount=1, WarmupCount=6)
// *** Execute ***
// Launch: 1 / 1
// Execute: dotnet Serialization.Bench-Overhead-Fixed-Energy-1-1.dll --anonymousPipes 103 104 --benchmarkName Serialization.Bench.JsonSerializationBenchmarks.Jil_Deserialize_Large --job Overhead-Fixed-Energy-1 --benchmarkId 2 in /home/test/rapl-tests/lib-energy-bench/src/Serialization.Bench/bin/Release/net8.0/Serialization.Bench-Overhead-Fixed-Energy-1-1/bin/Release/net8.0
// BeforeAnythingElse

// Benchmark Process Environment Information:
// BenchmarkDotNet v0.15.5-develop (2025-12-31)
// Runtime=.NET 8.0.21 (8.0.21, 8.0.2125.47513), X64 RyuJIT x86-64-v4
// GC=Concurrent Workstation
// HardwareIntrinsics=AVX512 IFMA+VBMI,AVX512 F+BW+CD+DQ+VL,AVX2+BMI1+BMI2+F16C+FMA+LZCNT+MOVBE,AVX,SSE3+SSSE3+SSE4.1+SSE4.2+POPCNT,X86Base+SSE+SSE2,AES+PCLMUL VectorSize=256
// Job: Overhead-Fixed-Energy-1(OutlierMode=DontRemove, IterationCount=15, IterationTime=1s, LaunchCount=1, WarmupCount=6)

OverheadJitting  1: 1 op, 145983.00 ns, 145.9830 us/op, 54504.00 uJpkg, 0.00 uJdram
WorkloadJitting  1: 1 op, 245418054.00 ns, 245.4181 ms/op, 16746723.00 uJpkg, 0.00 uJdram

WorkloadPilot    1: 4 op, 2951778.00 ns, 737.9445 us/op, 206054.00 uJpkg, 0.00 uJdram
WorkloadPilot    2: 1355 op, 416103236.00 ns, 307.0873 us/op, 31779277.00 uJpkg, 0.00 uJdram
WorkloadPilot    3: 3256 op, 693540471.00 ns, 213.0038 us/op, 57318579.00 uJpkg, 0.00 uJdram
WorkloadPilot    4: 4695 op, 999879749.00 ns, 212.9669 us/op, 82800020.00 uJpkg, 0.00 uJdram

WorkloadWarmup   1: 4695 op, 1002912771.00 ns, 213.6129 us/op, 83457672.00 uJpkg, 0.00 uJdram
WorkloadWarmup   2: 4695 op, 1005955953.00 ns, 214.2611 us/op, 83703338.00 uJpkg, 0.00 uJdram
WorkloadWarmup   3: 4695 op, 1006095232.00 ns, 214.2908 us/op, 83719207.00 uJpkg, 0.00 uJdram
WorkloadWarmup   4: 4695 op, 1006299631.00 ns, 214.3343 us/op, 83271332.00 uJpkg, 0.00 uJdram
WorkloadWarmup   5: 4695 op, 1005521078.00 ns, 214.1685 us/op, 83040375.00 uJpkg, 0.00 uJdram
WorkloadWarmup   6: 4695 op, 1006006651.00 ns, 214.2719 us/op, 84143156.00 uJpkg, 0.00 uJdram

// BeforeActualRun
WorkloadActual   1: 4695 op, 1001273163.00 ns, 213.2637 us/op, 83051423.00 uJpkg, 0.00 uJdram
WorkloadActual   2: 4695 op, 1006034776.00 ns, 214.2779 us/op, 83746063.00 uJpkg, 0.00 uJdram
WorkloadActual   3: 4695 op, 1005496027.00 ns, 214.1632 us/op, 83197602.00 uJpkg, 0.00 uJdram
WorkloadActual   4: 4695 op, 1004435301.00 ns, 213.9372 us/op, 83165070.00 uJpkg, 0.00 uJdram
WorkloadActual   5: 4695 op, 1005055940.00 ns, 214.0694 us/op, 83286591.00 uJpkg, 0.00 uJdram
WorkloadActual   6: 4695 op, 1005332195.00 ns, 214.1283 us/op, 82984346.00 uJpkg, 0.00 uJdram
WorkloadActual   7: 4695 op, 1006882178.00 ns, 214.4584 us/op, 84109221.00 uJpkg, 0.00 uJdram
WorkloadActual   8: 4695 op, 1006505298.00 ns, 214.3781 us/op, 83645233.00 uJpkg, 0.00 uJdram
WorkloadActual   9: 4695 op, 1005664182.00 ns, 214.1990 us/op, 83492217.00 uJpkg, 0.00 uJdram
WorkloadActual  10: 4695 op, 1004903472.00 ns, 214.0369 us/op, 83323395.00 uJpkg, 0.00 uJdram
WorkloadActual  11: 4695 op, 1005751943.00 ns, 214.2177 us/op, 83357086.00 uJpkg, 0.00 uJdram
WorkloadActual  12: 4695 op, 1005050945.00 ns, 214.0684 us/op, 83019257.00 uJpkg, 0.00 uJdram
WorkloadActual  13: 4695 op, 1005334105.00 ns, 214.1287 us/op, 83110627.00 uJpkg, 0.00 uJdram
WorkloadActual  14: 4695 op, 1005030757.00 ns, 214.0641 us/op, 83009614.00 uJpkg, 0.00 uJdram
WorkloadActual  15: 4695 op, 1004336707.00 ns, 213.9162 us/op, 83375885.00 uJpkg, 0.00 uJdram

// AfterActualRun
WorkloadResult   1: 4695 op, 1001273163.00 ns, 213.2637 us/op, 83051423.00 uJpkg, 0.00 uJdram
WorkloadResult   2: 4695 op, 1006034776.00 ns, 214.2779 us/op, 83746063.00 uJpkg, 0.00 uJdram
WorkloadResult   3: 4695 op, 1005496027.00 ns, 214.1632 us/op, 83197602.00 uJpkg, 0.00 uJdram
WorkloadResult   4: 4695 op, 1004435301.00 ns, 213.9372 us/op, 83165070.00 uJpkg, 0.00 uJdram
WorkloadResult   5: 4695 op, 1005055940.00 ns, 214.0694 us/op, 83286591.00 uJpkg, 0.00 uJdram
WorkloadResult   6: 4695 op, 1005332195.00 ns, 214.1283 us/op, 82984346.00 uJpkg, 0.00 uJdram
WorkloadResult   7: 4695 op, 1006882178.00 ns, 214.4584 us/op, 84109221.00 uJpkg, 0.00 uJdram
WorkloadResult   8: 4695 op, 1006505298.00 ns, 214.3781 us/op, 83645233.00 uJpkg, 0.00 uJdram
WorkloadResult   9: 4695 op, 1005664182.00 ns, 214.1990 us/op, 83492217.00 uJpkg, 0.00 uJdram
WorkloadResult  10: 4695 op, 1004903472.00 ns, 214.0369 us/op, 83323395.00 uJpkg, 0.00 uJdram
WorkloadResult  11: 4695 op, 1005751943.00 ns, 214.2177 us/op, 83357086.00 uJpkg, 0.00 uJdram
WorkloadResult  12: 4695 op, 1005050945.00 ns, 214.0684 us/op, 83019257.00 uJpkg, 0.00 uJdram
WorkloadResult  13: 4695 op, 1005334105.00 ns, 214.1287 us/op, 83110627.00 uJpkg, 0.00 uJdram
WorkloadResult  14: 4695 op, 1005030757.00 ns, 214.0641 us/op, 83009614.00 uJpkg, 0.00 uJdram
WorkloadResult  15: 4695 op, 1004336707.00 ns, 213.9162 us/op, 83375885.00 uJpkg, 0.00 uJdram

// AfterAll
// Benchmark Process 4047983 has exited with code 0.

Mean = 214.087 μs, StdErr = 0.070 μs (0.03%), N = 15, StdDev = 0.271 μs
Min = 213.264 μs, Q1 = 214.051 μs, Median = 214.128 μs, Q3 = 214.208 μs, Max = 214.458 μs
IQR = 0.158 μs, LowerFence = 213.814 μs, UpperFence = 214.445 μs
ConfidenceInterval = [213.797 μs; 214.377 μs] (CI 99.9%), Margin = 0.290 μs (0.14% of Mean)
Skewness = -1.6, Kurtosis = 6.01, MValue = 2

// ** Remained 27 (90.0%) benchmark(s) to run. Estimated finish 2025-12-31 17:49 (0h 11m from now) **
// **************************
// Benchmark: JsonSerializationBenchmarks.Utf8Json_Deserialize_Large: Overhead-Fixed-Energy-1(OutlierMode=DontRemove, IterationCount=15, IterationTime=1s, LaunchCount=1, WarmupCount=6)
// *** Execute ***
// Launch: 1 / 1
// Execute: dotnet Serialization.Bench-Overhead-Fixed-Energy-1-1.dll --anonymousPipes 103 104 --benchmarkName Serialization.Bench.JsonSerializationBenchmarks.Utf8Json_Deserialize_Large --job Overhead-Fixed-Energy-1 --benchmarkId 3 in /home/test/rapl-tests/lib-energy-bench/src/Serialization.Bench/bin/Release/net8.0/Serialization.Bench-Overhead-Fixed-Energy-1-1/bin/Release/net8.0
// BeforeAnythingElse

// Benchmark Process Environment Information:
// BenchmarkDotNet v0.15.5-develop (2025-12-31)
// Runtime=.NET 8.0.21 (8.0.21, 8.0.2125.47513), X64 RyuJIT x86-64-v4
// GC=Concurrent Workstation
// HardwareIntrinsics=AVX512 IFMA+VBMI,AVX512 F+BW+CD+DQ+VL,AVX2+BMI1+BMI2+F16C+FMA+LZCNT+MOVBE,AVX,SSE3+SSSE3+SSE4.1+SSE4.2+POPCNT,X86Base+SSE+SSE2,AES+PCLMUL VectorSize=256
// Job: Overhead-Fixed-Energy-1(OutlierMode=DontRemove, IterationCount=15, IterationTime=1s, LaunchCount=1, WarmupCount=6)

OverheadJitting  1: 1 op, 141104.00 ns, 141.1040 us/op, 0.00 uJpkg, 0.00 uJdram
WorkloadJitting  1: 1 op, 57639938.00 ns, 57.6399 ms/op, 3875600.00 uJpkg, 0.00 uJdram

OverheadJitting  2: 16 op, 385272.00 ns, 24.0795 us/op, 63538.00 uJpkg, 0.00 uJdram
WorkloadJitting  2: 16 op, 13917891.00 ns, 869.8682 us/op, 967832.00 uJpkg, 0.00 uJdram

WorkloadPilot    1: 16 op, 12952493.00 ns, 809.5308 us/op, 924008.00 uJpkg, 0.00 uJdram
WorkloadPilot    2: 1248 op, 753033321.00 ns, 603.3921 us/op, 67561656.00 uJpkg, 0.00 uJdram
WorkloadPilot    3: 1664 op, 462568789.00 ns, 277.9861 us/op, 38278955.00 uJpkg, 0.00 uJdram
WorkloadPilot    4: 3600 op, 999020062.00 ns, 277.5056 us/op, 82405062.00 uJpkg, 0.00 uJdram
WorkloadPilot    5: 3616 op, 1004199875.00 ns, 277.7101 us/op, 83273224.00 uJpkg, 0.00 uJdram

OverheadWarmup   1: 3616 op, 13058.00 ns, 3.6112 ns/op, 0.00 uJpkg, 0.00 uJdram
OverheadWarmup   2: 3616 op, 12794.00 ns, 3.5382 ns/op, 0.00 uJpkg, 0.00 uJdram
OverheadWarmup   3: 3616 op, 13319.00 ns, 3.6834 ns/op, 0.00 uJpkg, 0.00 uJdram
OverheadWarmup   4: 3616 op, 12749.00 ns, 3.5257 ns/op, 82214.00 uJpkg, 0.00 uJdram
OverheadWarmup   5: 3616 op, 12747.00 ns, 3.5252 ns/op, 0.00 uJpkg, 0.00 uJdram
OverheadWarmup   6: 3616 op, 12731.00 ns, 3.5207 ns/op, 0.00 uJpkg, 0.00 uJdram
OverheadWarmup   7: 3616 op, 12754.00 ns, 3.5271 ns/op, 0.00 uJpkg, 0.00 uJdram
OverheadWarmup   8: 3616 op, 12727.00 ns, 3.5196 ns/op, 0.00 uJpkg, 0.00 uJdram

OverheadActual   1: 3616 op, 12781.00 ns, 3.5346 ns/op, 0.00 uJpkg, 0.00 uJdram
OverheadActual   2: 3616 op, 12777.00 ns, 3.5335 ns/op, 0.00 uJpkg, 0.00 uJdram
OverheadActual   3: 3616 op, 12782.00 ns, 3.5348 ns/op, 0.00 uJpkg, 0.00 uJdram
OverheadActual   4: 3616 op, 12745.00 ns, 3.5246 ns/op, 0.00 uJpkg, 0.00 uJdram
OverheadActual   5: 3616 op, 12785.00 ns, 3.5357 ns/op, 0.00 uJpkg, 0.00 uJdram
OverheadActual   6: 3616 op, 13296.00 ns, 3.6770 ns/op, 0.00 uJpkg, 0.00 uJdram
OverheadActual   7: 3616 op, 12782.00 ns, 3.5348 ns/op, 0.00 uJpkg, 0.00 uJdram
OverheadActual   8: 3616 op, 12777.00 ns, 3.5335 ns/op, 0.00 uJpkg, 0.00 uJdram
OverheadActual   9: 3616 op, 12775.00 ns, 3.5329 ns/op, 0.00 uJpkg, 0.00 uJdram
OverheadActual  10: 3616 op, 12753.00 ns, 3.5268 ns/op, 0.00 uJpkg, 0.00 uJdram
OverheadActual  11: 3616 op, 15221.00 ns, 4.2093 ns/op, 0.00 uJpkg, 0.00 uJdram
OverheadActual  12: 3616 op, 12765.00 ns, 3.5301 ns/op, 0.00 uJpkg, 0.00 uJdram
OverheadActual  13: 3616 op, 12719.00 ns, 3.5174 ns/op, 0.00 uJpkg, 0.00 uJdram
OverheadActual  14: 3616 op, 12758.00 ns, 3.5282 ns/op, 0.00 uJpkg, 0.00 uJdram
OverheadActual  15: 3616 op, 12762.00 ns, 3.5293 ns/op, 0.00 uJpkg, 0.00 uJdram
OverheadActual  16: 3616 op, 12773.00 ns, 3.5324 ns/op, 0.00 uJpkg, 0.00 uJdram

WorkloadWarmup   1: 3616 op, 1022901371.00 ns, 282.8820 us/op, 85462794.00 uJpkg, 0.00 uJdram
WorkloadWarmup   2: 3616 op, 1022010641.00 ns, 282.6357 us/op, 84153288.00 uJpkg, 0.00 uJdram
WorkloadWarmup   3: 3616 op, 1019310731.00 ns, 281.8890 us/op, 83673431.00 uJpkg, 0.00 uJdram
WorkloadWarmup   4: 3616 op, 1019076865.00 ns, 281.8244 us/op, 82863619.00 uJpkg, 0.00 uJdram
WorkloadWarmup   5: 3616 op, 1018235461.00 ns, 281.5917 us/op, 83684600.00 uJpkg, 0.00 uJdram
WorkloadWarmup   6: 3616 op, 1018841157.00 ns, 281.7592 us/op, 83382844.00 uJpkg, 0.00 uJdram

// BeforeActualRun
WorkloadActual   1: 3616 op, 1013818876.00 ns, 280.3703 us/op, 83049226.00 uJpkg, 0.00 uJdram
WorkloadActual   2: 3616 op, 1012170428.00 ns, 279.9144 us/op, 82563265.00 uJpkg, 0.00 uJdram
WorkloadActual   3: 3616 op, 1012618513.00 ns, 280.0383 us/op, 82480319.00 uJpkg, 0.00 uJdram
WorkloadActual   4: 3616 op, 1012303724.00 ns, 279.9513 us/op, 81665379.00 uJpkg, 0.00 uJdram
WorkloadActual   5: 3616 op, 1012160752.00 ns, 279.9117 us/op, 82326999.00 uJpkg, 0.00 uJdram
WorkloadActual   6: 3616 op, 1011959841.00 ns, 279.8562 us/op, 81616795.00 uJpkg, 0.00 uJdram
WorkloadActual   7: 3616 op, 1012140245.00 ns, 279.9060 us/op, 81717076.00 uJpkg, 0.00 uJdram
WorkloadActual   8: 3616 op, 1014401770.00 ns, 280.5315 us/op, 82520175.00 uJpkg, 0.00 uJdram
WorkloadActual   9: 3616 op, 1011279636.00 ns, 279.6680 us/op, 82358737.00 uJpkg, 0.00 uJdram
WorkloadActual  10: 3616 op, 1012705299.00 ns, 280.0623 us/op, 84163969.00 uJpkg, 0.00 uJdram
WorkloadActual  11: 3616 op, 1012462214.00 ns, 279.9951 us/op, 82837801.00 uJpkg, 0.00 uJdram
WorkloadActual  12: 3616 op, 1012426845.00 ns, 279.9853 us/op, 83253937.00 uJpkg, 0.00 uJdram
WorkloadActual  13: 3616 op, 1013055212.00 ns, 280.1591 us/op, 82660982.00 uJpkg, 0.00 uJdram
WorkloadActual  14: 3616 op, 1011020875.00 ns, 279.5965 us/op, 82262119.00 uJpkg, 0.00 uJdram
WorkloadActual  15: 3616 op, 1011665064.00 ns, 279.7746 us/op, 81789586.00 uJpkg, 0.00 uJdram

// AfterActualRun
WorkloadResult   1: 3616 op, 1013806100.00 ns, 280.3667 us/op, 83049226.00 uJpkg, 0.00 uJdram
WorkloadResult   2: 3616 op, 1012157652.00 ns, 279.9109 us/op, 82563265.00 uJpkg, 0.00 uJdram
WorkloadResult   3: 3616 op, 1012605737.00 ns, 280.0348 us/op, 82480319.00 uJpkg, 0.00 uJdram
WorkloadResult   4: 3616 op, 1012290948.00 ns, 279.9477 us/op, 81665379.00 uJpkg, 0.00 uJdram
WorkloadResult   5: 3616 op, 1012147976.00 ns, 279.9082 us/op, 82326999.00 uJpkg, 0.00 uJdram
WorkloadResult   6: 3616 op, 1011947065.00 ns, 279.8526 us/op, 81616795.00 uJpkg, 0.00 uJdram
WorkloadResult   7: 3616 op, 1012127469.00 ns, 279.9025 us/op, 81717076.00 uJpkg, 0.00 uJdram
WorkloadResult   8: 3616 op, 1014388994.00 ns, 280.5279 us/op, 82520175.00 uJpkg, 0.00 uJdram
WorkloadResult   9: 3616 op, 1011266860.00 ns, 279.6645 us/op, 82358737.00 uJpkg, 0.00 uJdram
WorkloadResult  10: 3616 op, 1012692523.00 ns, 280.0588 us/op, 84163969.00 uJpkg, 0.00 uJdram
WorkloadResult  11: 3616 op, 1012449438.00 ns, 279.9915 us/op, 82837801.00 uJpkg, 0.00 uJdram
WorkloadResult  12: 3616 op, 1012414069.00 ns, 279.9818 us/op, 83253937.00 uJpkg, 0.00 uJdram
WorkloadResult  13: 3616 op, 1013042436.00 ns, 280.1555 us/op, 82660982.00 uJpkg, 0.00 uJdram
WorkloadResult  14: 3616 op, 1011008099.00 ns, 279.5929 us/op, 82262119.00 uJpkg, 0.00 uJdram
WorkloadResult  15: 3616 op, 1011652288.00 ns, 279.7711 us/op, 81789586.00 uJpkg, 0.00 uJdram

// AfterAll
// Benchmark Process 4047997 has exited with code 0.

Mean = 279.978 μs, StdErr = 0.062 μs (0.02%), N = 15, StdDev = 0.241 μs
Min = 279.593 μs, Q1 = 279.878 μs, Median = 279.948 μs, Q3 = 280.047 μs, Max = 280.528 μs
IQR = 0.169 μs, LowerFence = 279.624 μs, UpperFence = 280.301 μs
ConfidenceInterval = [279.720 μs; 280.236 μs] (CI 99.9%), Margin = 0.258 μs (0.09% of Mean)
Skewness = 0.63, Kurtosis = 2.93, MValue = 2

// ** Remained 26 (86.7%) benchmark(s) to run. Estimated finish 2025-12-31 17:49 (0h 10m from now) **
// **************************
// Benchmark: JsonSerializationBenchmarks.SpanJson_Deserialize_Large: Overhead-Fixed-Energy-1(OutlierMode=DontRemove, IterationCount=15, IterationTime=1s, LaunchCount=1, WarmupCount=6)
// *** Execute ***
// Launch: 1 / 1
// Execute: dotnet Serialization.Bench-Overhead-Fixed-Energy-1-1.dll --anonymousPipes 103 104 --benchmarkName Serialization.Bench.JsonSerializationBenchmarks.SpanJson_Deserialize_Large --job Overhead-Fixed-Energy-1 --benchmarkId 4 in /home/test/rapl-tests/lib-energy-bench/src/Serialization.Bench/bin/Release/net8.0/Serialization.Bench-Overhead-Fixed-Energy-1-1/bin/Release/net8.0
// BeforeAnythingElse

// Benchmark Process Environment Information:
// BenchmarkDotNet v0.15.5-develop (2025-12-31)
// Runtime=.NET 8.0.21 (8.0.21, 8.0.2125.47513), X64 RyuJIT x86-64-v4
// GC=Concurrent Workstation
// HardwareIntrinsics=AVX512 IFMA+VBMI,AVX512 F+BW+CD+DQ+VL,AVX2+BMI1+BMI2+F16C+FMA+LZCNT+MOVBE,AVX,SSE3+SSSE3+SSE4.1+SSE4.2+POPCNT,X86Base+SSE+SSE2,AES+PCLMUL VectorSize=256
// Job: Overhead-Fixed-Energy-1(OutlierMode=DontRemove, IterationCount=15, IterationTime=1s, LaunchCount=1, WarmupCount=6)

OverheadJitting  1: 1 op, 143689.00 ns, 143.6890 us/op, 0.00 uJpkg, 0.00 uJdram
WorkloadJitting  1: 1 op, 112917762.00 ns, 112.9178 ms/op, 7012250.00 uJpkg, 0.00 uJdram

WorkloadPilot    1: 4 op, 1924703.00 ns, 481.1758 us/op, 131348.00 uJpkg, 0.00 uJdram
WorkloadPilot    2: 2078 op, 407367865.00 ns, 196.0384 us/op, 31801860.00 uJpkg, 0.00 uJdram
WorkloadPilot    3: 5101 op, 776350384.00 ns, 152.1957 us/op, 63110922.00 uJpkg, 0.00 uJdram
WorkloadPilot    4: 6570 op, 998827661.00 ns, 152.0286 us/op, 81352392.00 uJpkg, 0.00 uJdram
WorkloadPilot    5: 6578 op, 999528795.00 ns, 151.9503 us/op, 81746433.00 uJpkg, 0.00 uJdram
WorkloadPilot    6: 6581 op, 1001210692.00 ns, 152.1366 us/op, 81996372.00 uJpkg, 0.00 uJdram
WorkloadPilot    7: 6573 op, 1002251939.00 ns, 152.4801 us/op, 82373080.00 uJpkg, 0.00 uJdram
WorkloadPilot    8: 6558 op, 999016504.00 ns, 152.3355 us/op, 81562170.00 uJpkg, 0.00 uJdram
WorkloadPilot    9: 6564 op, 999824433.00 ns, 152.3194 us/op, 81797092.00 uJpkg, 0.00 uJdram

WorkloadWarmup   1: 6564 op, 1000143610.00 ns, 152.3680 us/op, 83096589.00 uJpkg, 0.00 uJdram
WorkloadWarmup   2: 6564 op, 1000807379.00 ns, 152.4691 us/op, 81935826.00 uJpkg, 0.00 uJdram
WorkloadWarmup   3: 6564 op, 1001435778.00 ns, 152.5649 us/op, 81786961.00 uJpkg, 0.00 uJdram
WorkloadWarmup   4: 6564 op, 997657353.00 ns, 151.9892 us/op, 81269201.00 uJpkg, 0.00 uJdram
WorkloadWarmup   5: 6564 op, 997770471.00 ns, 152.0065 us/op, 81654271.00 uJpkg, 0.00 uJdram
WorkloadWarmup   6: 6564 op, 996790565.00 ns, 151.8572 us/op, 81319250.00 uJpkg, 0.00 uJdram

// BeforeActualRun
WorkloadActual   1: 6564 op, 999414415.00 ns, 152.2569 us/op, 81664708.00 uJpkg, 0.00 uJdram
WorkloadActual   2: 6564 op, 1001303557.00 ns, 152.5447 us/op, 83363739.00 uJpkg, 0.00 uJdram
WorkloadActual   3: 6564 op, 1001401557.00 ns, 152.5597 us/op, 82874605.00 uJpkg, 0.00 uJdram
WorkloadActual   4: 6564 op, 1000333668.00 ns, 152.3970 us/op, 81848301.00 uJpkg, 0.00 uJdram
WorkloadActual   5: 6564 op, 1000057127.00 ns, 152.3548 us/op, 81556920.00 uJpkg, 0.00 uJdram
WorkloadActual   6: 6564 op, 1000210191.00 ns, 152.3782 us/op, 81341406.00 uJpkg, 0.00 uJdram
WorkloadActual   7: 6564 op, 1000909953.00 ns, 152.4848 us/op, 81654515.00 uJpkg, 0.00 uJdram
WorkloadActual   8: 6564 op, 999979057.00 ns, 152.3429 us/op, 81031714.00 uJpkg, 0.00 uJdram
WorkloadActual   9: 6564 op, 1000672141.00 ns, 152.4485 us/op, 81347143.00 uJpkg, 0.00 uJdram
WorkloadActual  10: 6564 op, 1001867443.00 ns, 152.6306 us/op, 81571873.00 uJpkg, 0.00 uJdram
WorkloadActual  11: 6564 op, 999629101.00 ns, 152.2896 us/op, 81553014.00 uJpkg, 0.00 uJdram
WorkloadActual  12: 6564 op, 1000356091.00 ns, 152.4004 us/op, 81608861.00 uJpkg, 0.00 uJdram
WorkloadActual  13: 6564 op, 999938555.00 ns, 152.3368 us/op, 81553075.00 uJpkg, 0.00 uJdram
WorkloadActual  14: 6564 op, 1000215096.00 ns, 152.3789 us/op, 81329748.00 uJpkg, 0.00 uJdram
WorkloadActual  15: 6564 op, 999614895.00 ns, 152.2875 us/op, 80982398.00 uJpkg, 0.00 uJdram

// AfterActualRun
WorkloadResult   1: 6564 op, 999414415.00 ns, 152.2569 us/op, 81664708.00 uJpkg, 0.00 uJdram
WorkloadResult   2: 6564 op, 1001303557.00 ns, 152.5447 us/op, 83363739.00 uJpkg, 0.00 uJdram
WorkloadResult   3: 6564 op, 1001401557.00 ns, 152.5597 us/op, 82874605.00 uJpkg, 0.00 uJdram
WorkloadResult   4: 6564 op, 1000333668.00 ns, 152.3970 us/op, 81848301.00 uJpkg, 0.00 uJdram
WorkloadResult   5: 6564 op, 1000057127.00 ns, 152.3548 us/op, 81556920.00 uJpkg, 0.00 uJdram
WorkloadResult   6: 6564 op, 1000210191.00 ns, 152.3782 us/op, 81341406.00 uJpkg, 0.00 uJdram
WorkloadResult   7: 6564 op, 1000909953.00 ns, 152.4848 us/op, 81654515.00 uJpkg, 0.00 uJdram
WorkloadResult   8: 6564 op, 999979057.00 ns, 152.3429 us/op, 81031714.00 uJpkg, 0.00 uJdram
WorkloadResult   9: 6564 op, 1000672141.00 ns, 152.4485 us/op, 81347143.00 uJpkg, 0.00 uJdram
WorkloadResult  10: 6564 op, 1001867443.00 ns, 152.6306 us/op, 81571873.00 uJpkg, 0.00 uJdram
WorkloadResult  11: 6564 op, 999629101.00 ns, 152.2896 us/op, 81553014.00 uJpkg, 0.00 uJdram
WorkloadResult  12: 6564 op, 1000356091.00 ns, 152.4004 us/op, 81608861.00 uJpkg, 0.00 uJdram
WorkloadResult  13: 6564 op, 999938555.00 ns, 152.3368 us/op, 81553075.00 uJpkg, 0.00 uJdram
WorkloadResult  14: 6564 op, 1000215096.00 ns, 152.3789 us/op, 81329748.00 uJpkg, 0.00 uJdram
WorkloadResult  15: 6564 op, 999614895.00 ns, 152.2875 us/op, 80982398.00 uJpkg, 0.00 uJdram

// AfterAll
// Benchmark Process 4048013 has exited with code 0.

Mean = 152.406 μs, StdErr = 0.028 μs (0.02%), N = 15, StdDev = 0.108 μs
Min = 152.257 μs, Q1 = 152.340 μs, Median = 152.379 μs, Q3 = 152.467 μs, Max = 152.631 μs
IQR = 0.127 μs, LowerFence = 152.150 μs, UpperFence = 152.657 μs
ConfidenceInterval = [152.290 μs; 152.522 μs] (CI 99.9%), Margin = 0.116 μs (0.08% of Mean)
Skewness = 0.57, Kurtosis = 2.15, MValue = 2

// ** Remained 25 (83.3%) benchmark(s) to run. Estimated finish 2025-12-31 17:49 (0h 10m from now) **
// **************************
// Benchmark: JsonSerializationBenchmarks.STJ_Deserialize_Medium: Overhead-Fixed-Energy-1(OutlierMode=DontRemove, IterationCount=15, IterationTime=1s, LaunchCount=1, WarmupCount=6)
// *** Execute ***
// Launch: 1 / 1
// Execute: dotnet Serialization.Bench-Overhead-Fixed-Energy-1-1.dll --anonymousPipes 103 104 --benchmarkName Serialization.Bench.JsonSerializationBenchmarks.STJ_Deserialize_Medium --job Overhead-Fixed-Energy-1 --benchmarkId 5 in /home/test/rapl-tests/lib-energy-bench/src/Serialization.Bench/bin/Release/net8.0/Serialization.Bench-Overhead-Fixed-Energy-1-1/bin/Release/net8.0
// BeforeAnythingElse

// Benchmark Process Environment Information:
// BenchmarkDotNet v0.15.5-develop (2025-12-31)
// Runtime=.NET 8.0.21 (8.0.21, 8.0.2125.47513), X64 RyuJIT x86-64-v4
// GC=Concurrent Workstation
// HardwareIntrinsics=AVX512 IFMA+VBMI,AVX512 F+BW+CD+DQ+VL,AVX2+BMI1+BMI2+F16C+FMA+LZCNT+MOVBE,AVX,SSE3+SSSE3+SSE4.1+SSE4.2+POPCNT,X86Base+SSE+SSE2,AES+PCLMUL VectorSize=256
// Job: Overhead-Fixed-Energy-1(OutlierMode=DontRemove, IterationCount=15, IterationTime=1s, LaunchCount=1, WarmupCount=6)

OverheadJitting  1: 1 op, 142867.00 ns, 142.8670 us/op, 0.00 uJpkg, 0.00 uJdram
WorkloadJitting  1: 1 op, 290727.00 ns, 290.7270 us/op, 0.00 uJpkg, 0.00 uJdram

OverheadJitting  2: 16 op, 393675.00 ns, 24.6047 us/op, 70984.00 uJpkg, 0.00 uJdram
WorkloadJitting  2: 16 op, 2227491.00 ns, 139.2182 us/op, 141845.00 uJpkg, 0.00 uJdram

WorkloadPilot    1: 16 op, 1868694.00 ns, 116.7934 us/op, 151489.00 uJpkg, 0.00 uJdram
WorkloadPilot    2: 8576 op, 697478813.00 ns, 81.3292 us/op, 59611176.00 uJpkg, 0.00 uJdram
WorkloadPilot    3: 12304 op, 651093059.00 ns, 52.9172 us/op, 54508954.00 uJpkg, 0.00 uJdram
WorkloadPilot    4: 18912 op, 1000352931.00 ns, 52.8951 us/op, 83905486.00 uJpkg, 0.00 uJdram

OverheadWarmup   1: 18912 op, 65052.00 ns, 3.4397 ns/op, 0.00 uJpkg, 0.00 uJdram
OverheadWarmup   2: 18912 op, 66727.00 ns, 3.5283 ns/op, 0.00 uJpkg, 0.00 uJdram
OverheadWarmup   3: 18912 op, 66625.00 ns, 3.5229 ns/op, 0.00 uJpkg, 0.00 uJdram
OverheadWarmup   4: 18912 op, 66084.00 ns, 3.4943 ns/op, 0.00 uJpkg, 0.00 uJdram
OverheadWarmup   5: 18912 op, 65870.00 ns, 3.4830 ns/op, 0.00 uJpkg, 0.00 uJdram
OverheadWarmup   6: 18912 op, 65884.00 ns, 3.4837 ns/op, 0.00 uJpkg, 0.00 uJdram
OverheadWarmup   7: 18912 op, 66113.00 ns, 3.4958 ns/op, 0.00 uJpkg, 0.00 uJdram
OverheadWarmup   8: 18912 op, 65882.00 ns, 3.4836 ns/op, 0.00 uJpkg, 0.00 uJdram

OverheadActual   1: 18912 op, 65893.00 ns, 3.4842 ns/op, 0.00 uJpkg, 0.00 uJdram
OverheadActual   2: 18912 op, 65892.00 ns, 3.4841 ns/op, 0.00 uJpkg, 0.00 uJdram
OverheadActual   3: 18912 op, 66252.00 ns, 3.5032 ns/op, 0.00 uJpkg, 0.00 uJdram
OverheadActual   4: 18912 op, 65888.00 ns, 3.4839 ns/op, 84107.00 uJpkg, 0.00 uJdram
OverheadActual   5: 18912 op, 65895.00 ns, 3.4843 ns/op, 0.00 uJpkg, 0.00 uJdram
OverheadActual   6: 18912 op, 66232.00 ns, 3.5021 ns/op, 0.00 uJpkg, 0.00 uJdram
OverheadActual   7: 18912 op, 65879.00 ns, 3.4834 ns/op, 0.00 uJpkg, 0.00 uJdram
OverheadActual   8: 18912 op, 65897.00 ns, 3.4844 ns/op, 0.00 uJpkg, 0.00 uJdram
OverheadActual   9: 18912 op, 65859.00 ns, 3.4824 ns/op, 0.00 uJpkg, 0.00 uJdram
OverheadActual  10: 18912 op, 66254.00 ns, 3.5033 ns/op, 0.00 uJpkg, 0.00 uJdram
OverheadActual  11: 18912 op, 69368.00 ns, 3.6679 ns/op, 0.00 uJpkg, 0.00 uJdram
OverheadActual  12: 18912 op, 65886.00 ns, 3.4838 ns/op, 0.00 uJpkg, 0.00 uJdram
OverheadActual  13: 18912 op, 66281.00 ns, 3.5047 ns/op, 0.00 uJpkg, 0.00 uJdram
OverheadActual  14: 18912 op, 65881.00 ns, 3.4836 ns/op, 0.00 uJpkg, 0.00 uJdram
OverheadActual  15: 18912 op, 70618.00 ns, 3.7340 ns/op, 0.00 uJpkg, 0.00 uJdram

WorkloadWarmup   1: 18912 op, 1002339419.00 ns, 53.0002 us/op, 86245262.00 uJpkg, 0.00 uJdram
WorkloadWarmup   2: 18912 op, 1001885961.00 ns, 52.9762 us/op, 84038421.00 uJpkg, 0.00 uJdram
WorkloadWarmup   3: 18912 op, 1000447422.00 ns, 52.9001 us/op, 84063505.00 uJpkg, 0.00 uJdram
WorkloadWarmup   4: 18912 op, 999147811.00 ns, 52.8314 us/op, 84339139.00 uJpkg, 0.00 uJdram
WorkloadWarmup   5: 18912 op, 998739310.00 ns, 52.8098 us/op, 83893523.00 uJpkg, 0.00 uJdram
WorkloadWarmup   6: 18912 op, 998811765.00 ns, 52.8137 us/op, 83850250.00 uJpkg, 0.00 uJdram

// BeforeActualRun
WorkloadActual   1: 18912 op, 1000915183.00 ns, 52.9249 us/op, 84967861.00 uJpkg, 0.00 uJdram
WorkloadActual   2: 18912 op, 1001167047.00 ns, 52.9382 us/op, 84235380.00 uJpkg, 0.00 uJdram
WorkloadActual   3: 18912 op, 1004372314.00 ns, 53.1077 us/op, 85241053.00 uJpkg, 0.00 uJdram
WorkloadActual   4: 18912 op, 1001305740.00 ns, 52.9455 us/op, 84459012.00 uJpkg, 0.00 uJdram
WorkloadActual   5: 18912 op, 1000956316.00 ns, 52.9270 us/op, 84741666.00 uJpkg, 0.00 uJdram
WorkloadActual   6: 18912 op, 1001642753.00 ns, 52.9633 us/op, 84603238.00 uJpkg, 0.00 uJdram
WorkloadActual   7: 18912 op, 1000926225.00 ns, 52.9255 us/op, 84081267.00 uJpkg, 0.00 uJdram
WorkloadActual   8: 18912 op, 999732524.00 ns, 52.8623 us/op, 84263944.00 uJpkg, 0.00 uJdram
WorkloadActual   9: 18912 op, 998294395.00 ns, 52.7863 us/op, 84006193.00 uJpkg, 0.00 uJdram
WorkloadActual  10: 18912 op, 999298102.00 ns, 52.8394 us/op, 85467433.00 uJpkg, 0.00 uJdram
WorkloadActual  11: 18912 op, 998573444.00 ns, 52.8010 us/op, 83965727.00 uJpkg, 0.00 uJdram
WorkloadActual  12: 18912 op, 999018635.00 ns, 52.8246 us/op, 84466398.00 uJpkg, 0.00 uJdram
WorkloadActual  13: 18912 op, 998563179.00 ns, 52.8005 us/op, 84181120.00 uJpkg, 0.00 uJdram
WorkloadActual  14: 18912 op, 998826619.00 ns, 52.8144 us/op, 84346769.00 uJpkg, 0.00 uJdram
WorkloadActual  15: 18912 op, 998693621.00 ns, 52.8074 us/op, 83327790.00 uJpkg, 0.00 uJdram

// AfterActualRun
WorkloadResult   1: 18912 op, 1000849288.00 ns, 52.9214 us/op, 84967861.00 uJpkg, 0.00 uJdram
WorkloadResult   2: 18912 op, 1001101152.00 ns, 52.9347 us/op, 84235380.00 uJpkg, 0.00 uJdram
WorkloadResult   3: 18912 op, 1004306419.00 ns, 53.1042 us/op, 85241053.00 uJpkg, 0.00 uJdram
WorkloadResult   4: 18912 op, 1001239845.00 ns, 52.9420 us/op, 84459012.00 uJpkg, 0.00 uJdram
WorkloadResult   5: 18912 op, 1000890421.00 ns, 52.9236 us/op, 84741666.00 uJpkg, 0.00 uJdram
WorkloadResult   6: 18912 op, 1001576858.00 ns, 52.9599 us/op, 84603238.00 uJpkg, 0.00 uJdram
WorkloadResult   7: 18912 op, 1000860330.00 ns, 52.9220 us/op, 84081267.00 uJpkg, 0.00 uJdram
WorkloadResult   8: 18912 op, 999666629.00 ns, 52.8589 us/op, 84263944.00 uJpkg, 0.00 uJdram
WorkloadResult   9: 18912 op, 998228500.00 ns, 52.7828 us/op, 84006193.00 uJpkg, 0.00 uJdram
WorkloadResult  10: 18912 op, 999232207.00 ns, 52.8359 us/op, 85467433.00 uJpkg, 0.00 uJdram
WorkloadResult  11: 18912 op, 998507549.00 ns, 52.7976 us/op, 83965727.00 uJpkg, 0.00 uJdram
WorkloadResult  12: 18912 op, 998952740.00 ns, 52.8211 us/op, 84466398.00 uJpkg, 0.00 uJdram
WorkloadResult  13: 18912 op, 998497284.00 ns, 52.7970 us/op, 84181120.00 uJpkg, 0.00 uJdram
WorkloadResult  14: 18912 op, 998760724.00 ns, 52.8110 us/op, 84346769.00 uJpkg, 0.00 uJdram
WorkloadResult  15: 18912 op, 998627726.00 ns, 52.8039 us/op, 83327790.00 uJpkg, 0.00 uJdram

// AfterAll
// Benchmark Process 4048030 has exited with code 0.

Mean = 52.881 μs, StdErr = 0.023 μs (0.04%), N = 15, StdDev = 0.088 μs
Min = 52.783 μs, Q1 = 52.807 μs, Median = 52.859 μs, Q3 = 52.929 μs, Max = 53.104 μs
IQR = 0.122 μs, LowerFence = 52.625 μs, UpperFence = 53.112 μs
ConfidenceInterval = [52.787 μs; 52.975 μs] (CI 99.9%), Margin = 0.094 μs (0.18% of Mean)
Skewness = 0.88, Kurtosis = 3.13, MValue = 2

// ** Remained 24 (80.0%) benchmark(s) to run. Estimated finish 2025-12-31 17:49 (0h 10m from now) **
// **************************
// Benchmark: JsonSerializationBenchmarks.Newtonsoft_Deserialize_Medium: Overhead-Fixed-Energy-1(OutlierMode=DontRemove, IterationCount=15, IterationTime=1s, LaunchCount=1, WarmupCount=6)
// *** Execute ***
// Launch: 1 / 1
// Execute: dotnet Serialization.Bench-Overhead-Fixed-Energy-1-1.dll --anonymousPipes 103 104 --benchmarkName Serialization.Bench.JsonSerializationBenchmarks.Newtonsoft_Deserialize_Medium --job Overhead-Fixed-Energy-1 --benchmarkId 6 in /home/test/rapl-tests/lib-energy-bench/src/Serialization.Bench/bin/Release/net8.0/Serialization.Bench-Overhead-Fixed-Energy-1-1/bin/Release/net8.0
// BeforeAnythingElse

// Benchmark Process Environment Information:
// BenchmarkDotNet v0.15.5-develop (2025-12-31)
// Runtime=.NET 8.0.21 (8.0.21, 8.0.2125.47513), X64 RyuJIT x86-64-v4
// GC=Concurrent Workstation
// HardwareIntrinsics=AVX512 IFMA+VBMI,AVX512 F+BW+CD+DQ+VL,AVX2+BMI1+BMI2+F16C+FMA+LZCNT+MOVBE,AVX,SSE3+SSSE3+SSE4.1+SSE4.2+POPCNT,X86Base+SSE+SSE2,AES+PCLMUL VectorSize=256
// Job: Overhead-Fixed-Energy-1(OutlierMode=DontRemove, IterationCount=15, IterationTime=1s, LaunchCount=1, WarmupCount=6)

OverheadJitting  1: 1 op, 140891.00 ns, 140.8910 us/op, 0.00 uJpkg, 0.00 uJdram
WorkloadJitting  1: 1 op, 53414991.00 ns, 53.4150 ms/op, 3509085.00 uJpkg, 0.00 uJdram

OverheadJitting  2: 16 op, 390557.00 ns, 24.4098 us/op, 0.00 uJpkg, 0.00 uJdram
WorkloadJitting  2: 16 op, 5806627.00 ns, 362.9142 us/op, 417113.00 uJpkg, 0.00 uJdram

WorkloadPilot    1: 16 op, 5209320.00 ns, 325.5825 us/op, 449401.00 uJpkg, 0.00 uJdram
WorkloadPilot    2: 3072 op, 456108221.00 ns, 148.4727 us/op, 38318749.00 uJpkg, 0.00 uJdram
WorkloadPilot    3: 6736 op, 461677619.00 ns, 68.5388 us/op, 38826439.00 uJpkg, 0.00 uJdram
WorkloadPilot    4: 14592 op, 1003901380.00 ns, 68.7981 us/op, 84046843.00 uJpkg, 0.00 uJdram
WorkloadPilot    5: 14544 op, 999904836.00 ns, 68.7503 us/op, 83815276.00 uJpkg, 0.00 uJdram
WorkloadPilot    6: 14560 op, 997708709.00 ns, 68.5239 us/op, 83363983.00 uJpkg, 0.00 uJdram
WorkloadPilot    7: 14608 op, 1005306609.00 ns, 68.8189 us/op, 84311064.00 uJpkg, 0.00 uJdram
WorkloadPilot    8: 14544 op, 995710089.00 ns, 68.4619 us/op, 83514862.00 uJpkg, 0.00 uJdram
WorkloadPilot    9: 14608 op, 1000659747.00 ns, 68.5008 us/op, 83708587.00 uJpkg, 0.00 uJdram

OverheadWarmup   1: 14608 op, 51184.00 ns, 3.5038 ns/op, 0.00 uJpkg, 0.00 uJdram
OverheadWarmup   2: 14608 op, 52179.00 ns, 3.5719 ns/op, 0.00 uJpkg, 0.00 uJdram
OverheadWarmup   3: 14608 op, 52131.00 ns, 3.5687 ns/op, 0.00 uJpkg, 0.00 uJdram
OverheadWarmup   4: 14608 op, 52269.00 ns, 3.5781 ns/op, 0.00 uJpkg, 0.00 uJdram
OverheadWarmup   5: 14608 op, 51293.00 ns, 3.5113 ns/op, 0.00 uJpkg, 0.00 uJdram

OverheadActual   1: 14608 op, 57595.00 ns, 3.9427 ns/op, 0.00 uJpkg, 0.00 uJdram
OverheadActual   2: 14608 op, 50962.00 ns, 3.4886 ns/op, 0.00 uJpkg, 0.00 uJdram
OverheadActual   3: 14608 op, 50964.00 ns, 3.4888 ns/op, 0.00 uJpkg, 0.00 uJdram
OverheadActual   4: 14608 op, 53511.00 ns, 3.6631 ns/op, 0.00 uJpkg, 0.00 uJdram
OverheadActual   5: 14608 op, 50956.00 ns, 3.4882 ns/op, 0.00 uJpkg, 0.00 uJdram
OverheadActual   6: 14608 op, 50956.00 ns, 3.4882 ns/op, 0.00 uJpkg, 0.00 uJdram
OverheadActual   7: 14608 op, 50929.00 ns, 3.4864 ns/op, 97473.00 uJpkg, 0.00 uJdram
OverheadActual   8: 14608 op, 50961.00 ns, 3.4886 ns/op, 0.00 uJpkg, 0.00 uJdram
OverheadActual   9: 14608 op, 51398.00 ns, 3.5185 ns/op, 0.00 uJpkg, 0.00 uJdram
OverheadActual  10: 14608 op, 56908.00 ns, 3.8957 ns/op, 0.00 uJpkg, 0.00 uJdram
OverheadActual  11: 14608 op, 50962.00 ns, 3.4886 ns/op, 0.00 uJpkg, 0.00 uJdram
OverheadActual  12: 14608 op, 50956.00 ns, 3.4882 ns/op, 0.00 uJpkg, 0.00 uJdram
OverheadActual  13: 14608 op, 51332.00 ns, 3.5140 ns/op, 0.00 uJpkg, 0.00 uJdram
OverheadActual  14: 14608 op, 50927.00 ns, 3.4862 ns/op, 0.00 uJpkg, 0.00 uJdram
OverheadActual  15: 14608 op, 50951.00 ns, 3.4879 ns/op, 0.00 uJpkg, 0.00 uJdram

WorkloadWarmup   1: 14608 op, 1002844665.00 ns, 68.6504 us/op, 86314538.00 uJpkg, 0.00 uJdram
WorkloadWarmup   2: 14608 op, 1002522037.00 ns, 68.6283 us/op, 83808074.00 uJpkg, 0.00 uJdram
WorkloadWarmup   3: 14608 op, 1000161778.00 ns, 68.4667 us/op, 84131682.00 uJpkg, 0.00 uJdram
WorkloadWarmup   4: 14608 op, 999997899.00 ns, 68.4555 us/op, 83798857.00 uJpkg, 0.00 uJdram
WorkloadWarmup   5: 14608 op, 999583694.00 ns, 68.4271 us/op, 83545257.00 uJpkg, 0.00 uJdram
WorkloadWarmup   6: 14608 op, 1000657645.00 ns, 68.5007 us/op, 83817412.00 uJpkg, 0.00 uJdram

// BeforeActualRun
WorkloadActual   1: 14608 op, 1003696995.00 ns, 68.7087 us/op, 84268278.00 uJpkg, 0.00 uJdram
WorkloadActual   2: 14608 op, 1003548718.00 ns, 68.6986 us/op, 84261930.00 uJpkg, 0.00 uJdram
WorkloadActual   3: 14608 op, 1005981719.00 ns, 68.8651 us/op, 85296047.00 uJpkg, 0.00 uJdram
WorkloadActual   4: 14608 op, 1002749986.00 ns, 68.6439 us/op, 84967373.00 uJpkg, 0.00 uJdram
WorkloadActual   5: 14608 op, 1006052643.00 ns, 68.8700 us/op, 85491541.00 uJpkg, 0.00 uJdram
WorkloadActual   6: 14608 op, 1004310994.00 ns, 68.7508 us/op, 84776699.00 uJpkg, 0.00 uJdram
WorkloadActual   7: 14608 op, 1001797197.00 ns, 68.5787 us/op, 84303373.00 uJpkg, 0.00 uJdram
WorkloadActual   8: 14608 op, 1001776802.00 ns, 68.5773 us/op, 84312650.00 uJpkg, 0.00 uJdram
WorkloadActual   9: 14608 op, 1005533634.00 ns, 68.8344 us/op, 84812344.00 uJpkg, 0.00 uJdram
WorkloadActual  10: 14608 op, 1004625371.00 ns, 68.7723 us/op, 86191429.00 uJpkg, 0.00 uJdram
WorkloadActual  11: 14608 op, 1003078847.00 ns, 68.6664 us/op, 84668668.00 uJpkg, 0.00 uJdram
WorkloadActual  12: 14608 op, 1004719618.00 ns, 68.7787 us/op, 84850063.00 uJpkg, 0.00 uJdram
WorkloadActual  13: 14608 op, 999533804.00 ns, 68.4237 us/op, 84225553.00 uJpkg, 0.00 uJdram
WorkloadActual  14: 14608 op, 1004092015.00 ns, 68.7358 us/op, 84760159.00 uJpkg, 0.00 uJdram
WorkloadActual  15: 14608 op, 999171511.00 ns, 68.3989 us/op, 83498139.00 uJpkg, 0.00 uJdram

// AfterActualRun
WorkloadResult   1: 14608 op, 1003646033.00 ns, 68.7052 us/op, 84268278.00 uJpkg, 0.00 uJdram
WorkloadResult   2: 14608 op, 1003497756.00 ns, 68.6951 us/op, 84261930.00 uJpkg, 0.00 uJdram
WorkloadResult   3: 14608 op, 1005930757.00 ns, 68.8616 us/op, 85296047.00 uJpkg, 0.00 uJdram
WorkloadResult   4: 14608 op, 1002699024.00 ns, 68.6404 us/op, 84967373.00 uJpkg, 0.00 uJdram
WorkloadResult   5: 14608 op, 1006001681.00 ns, 68.8665 us/op, 85491541.00 uJpkg, 0.00 uJdram
WorkloadResult   6: 14608 op, 1004260032.00 ns, 68.7473 us/op, 84776699.00 uJpkg, 0.00 uJdram
WorkloadResult   7: 14608 op, 1001746235.00 ns, 68.5752 us/op, 84303373.00 uJpkg, 0.00 uJdram
WorkloadResult   8: 14608 op, 1001725840.00 ns, 68.5738 us/op, 84312650.00 uJpkg, 0.00 uJdram
WorkloadResult   9: 14608 op, 1005482672.00 ns, 68.8310 us/op, 84812344.00 uJpkg, 0.00 uJdram
WorkloadResult  10: 14608 op, 1004574409.00 ns, 68.7688 us/op, 86191429.00 uJpkg, 0.00 uJdram
WorkloadResult  11: 14608 op, 1003027885.00 ns, 68.6629 us/op, 84668668.00 uJpkg, 0.00 uJdram
WorkloadResult  12: 14608 op, 1004668656.00 ns, 68.7752 us/op, 84850063.00 uJpkg, 0.00 uJdram
WorkloadResult  13: 14608 op, 999482842.00 ns, 68.4202 us/op, 84225553.00 uJpkg, 0.00 uJdram
WorkloadResult  14: 14608 op, 1004041053.00 ns, 68.7323 us/op, 84760159.00 uJpkg, 0.00 uJdram
WorkloadResult  15: 14608 op, 999120549.00 ns, 68.3954 us/op, 83498139.00 uJpkg, 0.00 uJdram

// AfterAll
// Benchmark Process 4048046 has exited with code 0.

Mean = 68.683 μs, StdErr = 0.037 μs (0.05%), N = 15, StdDev = 0.143 μs
Min = 68.395 μs, Q1 = 68.608 μs, Median = 68.705 μs, Q3 = 68.772 μs, Max = 68.866 μs
IQR = 0.164 μs, LowerFence = 68.361 μs, UpperFence = 69.018 μs
ConfidenceInterval = [68.530 μs; 68.837 μs] (CI 99.9%), Margin = 0.153 μs (0.22% of Mean)
Skewness = -0.63, Kurtosis = 2.32, MValue = 2

// ** Remained 23 (76.7%) benchmark(s) to run. Estimated finish 2025-12-31 17:49 (0h 9m from now) **
// **************************
// Benchmark: JsonSerializationBenchmarks.Jil_Deserialize_Medium: Overhead-Fixed-Energy-1(OutlierMode=DontRemove, IterationCount=15, IterationTime=1s, LaunchCount=1, WarmupCount=6)
// *** Execute ***
// Launch: 1 / 1
// Execute: dotnet Serialization.Bench-Overhead-Fixed-Energy-1-1.dll --anonymousPipes 103 104 --benchmarkName Serialization.Bench.JsonSerializationBenchmarks.Jil_Deserialize_Medium --job Overhead-Fixed-Energy-1 --benchmarkId 7 in /home/test/rapl-tests/lib-energy-bench/src/Serialization.Bench/bin/Release/net8.0/Serialization.Bench-Overhead-Fixed-Energy-1-1/bin/Release/net8.0
// BeforeAnythingElse

// Benchmark Process Environment Information:
// BenchmarkDotNet v0.15.5-develop (2025-12-31)
// Runtime=.NET 8.0.21 (8.0.21, 8.0.2125.47513), X64 RyuJIT x86-64-v4
// GC=Concurrent Workstation
// HardwareIntrinsics=AVX512 IFMA+VBMI,AVX512 F+BW+CD+DQ+VL,AVX2+BMI1+BMI2+F16C+FMA+LZCNT+MOVBE,AVX,SSE3+SSSE3+SSE4.1+SSE4.2+POPCNT,X86Base+SSE+SSE2,AES+PCLMUL VectorSize=256
// Job: Overhead-Fixed-Energy-1(OutlierMode=DontRemove, IterationCount=15, IterationTime=1s, LaunchCount=1, WarmupCount=6)

OverheadJitting  1: 1 op, 141578.00 ns, 141.5780 us/op, 0.00 uJpkg, 0.00 uJdram
WorkloadJitting  1: 1 op, 198635846.00 ns, 198.6358 ms/op, 12222197.00 uJpkg, 0.00 uJdram

WorkloadPilot    1: 4 op, 799559.00 ns, 199.8898 us/op, 0.00 uJpkg, 0.00 uJdram
WorkloadPilot    2: 5003 op, 378952487.00 ns, 75.7451 us/op, 29051073.00 uJpkg, 0.00 uJdram
WorkloadPilot    3: 13202 op, 736002391.00 ns, 55.7493 us/op, 59536713.00 uJpkg, 0.00 uJdram
WorkloadPilot    4: 17937 op, 997207363.00 ns, 55.5950 us/op, 80287941.00 uJpkg, 0.00 uJdram
WorkloadPilot    5: 17987 op, 998492708.00 ns, 55.5119 us/op, 80956641.00 uJpkg, 0.00 uJdram
WorkloadPilot    6: 18014 op, 1001677382.00 ns, 55.6055 us/op, 81547948.00 uJpkg, 0.00 uJdram
WorkloadPilot    7: 17984 op, 1000263811.00 ns, 55.6197 us/op, 80573463.00 uJpkg, 0.00 uJdram
WorkloadPilot    8: 17979 op, 1000689382.00 ns, 55.6588 us/op, 81984714.00 uJpkg, 0.00 uJdram

WorkloadWarmup   1: 17979 op, 1000222112.00 ns, 55.6328 us/op, 81000647.00 uJpkg, 0.00 uJdram
WorkloadWarmup   2: 17979 op, 1002580278.00 ns, 55.7640 us/op, 82043491.00 uJpkg, 0.00 uJdram
WorkloadWarmup   3: 17979 op, 1002025699.00 ns, 55.7331 us/op, 81511632.00 uJpkg, 0.00 uJdram
WorkloadWarmup   4: 17979 op, 1002423651.00 ns, 55.7553 us/op, 81558262.00 uJpkg, 0.00 uJdram
WorkloadWarmup   5: 17979 op, 1001464224.00 ns, 55.7019 us/op, 80863441.00 uJpkg, 0.00 uJdram
WorkloadWarmup   6: 17979 op, 1002011227.00 ns, 55.7323 us/op, 80753333.00 uJpkg, 0.00 uJdram

// BeforeActualRun
WorkloadActual   1: 17979 op, 998772448.00 ns, 55.5522 us/op, 80738807.00 uJpkg, 0.00 uJdram
WorkloadActual   2: 17979 op, 1001753870.00 ns, 55.7180 us/op, 80975195.00 uJpkg, 0.00 uJdram
WorkloadActual   3: 17979 op, 1002201895.00 ns, 55.7429 us/op, 81951572.00 uJpkg, 0.00 uJdram
WorkloadActual   4: 17979 op, 1002288063.00 ns, 55.7477 us/op, 81819004.00 uJpkg, 0.00 uJdram
WorkloadActual   5: 17979 op, 1002119929.00 ns, 55.7384 us/op, 81448705.00 uJpkg, 0.00 uJdram
WorkloadActual   6: 17979 op, 1002001330.00 ns, 55.7318 us/op, 81340673.00 uJpkg, 0.00 uJdram
WorkloadActual   7: 17979 op, 1004063483.00 ns, 55.8465 us/op, 81624792.00 uJpkg, 0.00 uJdram
WorkloadActual   8: 17979 op, 1001914995.00 ns, 55.7270 us/op, 82037937.00 uJpkg, 0.00 uJdram
WorkloadActual   9: 17979 op, 1001742516.00 ns, 55.7174 us/op, 80921851.00 uJpkg, 0.00 uJdram
WorkloadActual  10: 17979 op, 1001100997.00 ns, 55.6817 us/op, 81694493.00 uJpkg, 0.00 uJdram
WorkloadActual  11: 17979 op, 1000969654.00 ns, 55.6744 us/op, 81265234.00 uJpkg, 0.00 uJdram
WorkloadActual  12: 17979 op, 1003529623.00 ns, 55.8168 us/op, 81337499.00 uJpkg, 0.00 uJdram
WorkloadActual  13: 17979 op, 1001339330.00 ns, 55.6949 us/op, 81799779.00 uJpkg, 0.00 uJdram
WorkloadActual  14: 17979 op, 1001411745.00 ns, 55.6990 us/op, 81560826.00 uJpkg, 0.00 uJdram
WorkloadActual  15: 17979 op, 998798084.00 ns, 55.5536 us/op, 81268285.00 uJpkg, 0.00 uJdram

// AfterActualRun
WorkloadResult   1: 17979 op, 998772448.00 ns, 55.5522 us/op, 80738807.00 uJpkg, 0.00 uJdram
WorkloadResult   2: 17979 op, 1001753870.00 ns, 55.7180 us/op, 80975195.00 uJpkg, 0.00 uJdram
WorkloadResult   3: 17979 op, 1002201895.00 ns, 55.7429 us/op, 81951572.00 uJpkg, 0.00 uJdram
WorkloadResult   4: 17979 op, 1002288063.00 ns, 55.7477 us/op, 81819004.00 uJpkg, 0.00 uJdram
WorkloadResult   5: 17979 op, 1002119929.00 ns, 55.7384 us/op, 81448705.00 uJpkg, 0.00 uJdram
WorkloadResult   6: 17979 op, 1002001330.00 ns, 55.7318 us/op, 81340673.00 uJpkg, 0.00 uJdram
WorkloadResult   7: 17979 op, 1004063483.00 ns, 55.8465 us/op, 81624792.00 uJpkg, 0.00 uJdram
WorkloadResult   8: 17979 op, 1001914995.00 ns, 55.7270 us/op, 82037937.00 uJpkg, 0.00 uJdram
WorkloadResult   9: 17979 op, 1001742516.00 ns, 55.7174 us/op, 80921851.00 uJpkg, 0.00 uJdram
WorkloadResult  10: 17979 op, 1001100997.00 ns, 55.6817 us/op, 81694493.00 uJpkg, 0.00 uJdram
WorkloadResult  11: 17979 op, 1000969654.00 ns, 55.6744 us/op, 81265234.00 uJpkg, 0.00 uJdram
WorkloadResult  12: 17979 op, 1003529623.00 ns, 55.8168 us/op, 81337499.00 uJpkg, 0.00 uJdram
WorkloadResult  13: 17979 op, 1001339330.00 ns, 55.6949 us/op, 81799779.00 uJpkg, 0.00 uJdram
WorkloadResult  14: 17979 op, 1001411745.00 ns, 55.6990 us/op, 81560826.00 uJpkg, 0.00 uJdram
WorkloadResult  15: 17979 op, 998798084.00 ns, 55.5536 us/op, 81268285.00 uJpkg, 0.00 uJdram

// AfterAll
// Benchmark Process 4048063 has exited with code 0.

Mean = 55.709 μs, StdErr = 0.020 μs (0.04%), N = 15, StdDev = 0.078 μs
Min = 55.552 μs, Q1 = 55.688 μs, Median = 55.718 μs, Q3 = 55.741 μs, Max = 55.846 μs
IQR = 0.052 μs, LowerFence = 55.610 μs, UpperFence = 55.819 μs
ConfidenceInterval = [55.626 μs; 55.793 μs] (CI 99.9%), Margin = 0.084 μs (0.15% of Mean)
Skewness = -0.53, Kurtosis = 2.99, MValue = 2

// ** Remained 22 (73.3%) benchmark(s) to run. Estimated finish 2025-12-31 17:49 (0h 9m from now) **
// **************************
// Benchmark: JsonSerializationBenchmarks.Utf8Json_Deserialize_Medium: Overhead-Fixed-Energy-1(OutlierMode=DontRemove, IterationCount=15, IterationTime=1s, LaunchCount=1, WarmupCount=6)
// *** Execute ***
// Launch: 1 / 1
// Execute: dotnet Serialization.Bench-Overhead-Fixed-Energy-1-1.dll --anonymousPipes 103 104 --benchmarkName Serialization.Bench.JsonSerializationBenchmarks.Utf8Json_Deserialize_Medium --job Overhead-Fixed-Energy-1 --benchmarkId 8 in /home/test/rapl-tests/lib-energy-bench/src/Serialization.Bench/bin/Release/net8.0/Serialization.Bench-Overhead-Fixed-Energy-1-1/bin/Release/net8.0
// BeforeAnythingElse

// Benchmark Process Environment Information:
// BenchmarkDotNet v0.15.5-develop (2025-12-31)
// Runtime=.NET 8.0.21 (8.0.21, 8.0.2125.47513), X64 RyuJIT x86-64-v4
// GC=Concurrent Workstation
// HardwareIntrinsics=AVX512 IFMA+VBMI,AVX512 F+BW+CD+DQ+VL,AVX2+BMI1+BMI2+F16C+FMA+LZCNT+MOVBE,AVX,SSE3+SSSE3+SSE4.1+SSE4.2+POPCNT,X86Base+SSE+SSE2,AES+PCLMUL VectorSize=256
// Job: Overhead-Fixed-Energy-1(OutlierMode=DontRemove, IterationCount=15, IterationTime=1s, LaunchCount=1, WarmupCount=6)

OverheadJitting  1: 1 op, 153245.00 ns, 153.2450 us/op, 69458.00 uJpkg, 0.00 uJdram
WorkloadJitting  1: 1 op, 56207968.00 ns, 56.2080 ms/op, 3504935.00 uJpkg, 0.00 uJdram

OverheadJitting  2: 16 op, 404907.00 ns, 25.3067 us/op, 76172.00 uJpkg, 0.00 uJdram
WorkloadJitting  2: 16 op, 4944041.00 ns, 309.0026 us/op, 348998.00 uJpkg, 0.00 uJdram

WorkloadPilot    1: 16 op, 4180926.00 ns, 261.3079 us/op, 278564.00 uJpkg, 0.00 uJdram
WorkloadPilot    2: 3840 op, 700236849.00 ns, 182.3533 us/op, 61162685.00 uJpkg, 0.00 uJdram
WorkloadPilot    3: 5488 op, 344589296.00 ns, 62.7896 us/op, 28877001.00 uJpkg, 0.00 uJdram
WorkloadPilot    4: 15936 op, 992716722.00 ns, 62.2940 us/op, 83296357.00 uJpkg, 0.00 uJdram
WorkloadPilot    5: 16064 op, 999689444.00 ns, 62.2317 us/op, 83465302.00 uJpkg, 0.00 uJdram
WorkloadPilot    6: 16080 op, 1003525417.00 ns, 62.4083 us/op, 83711089.00 uJpkg, 0.00 uJdram
WorkloadPilot    7: 16032 op, 998196681.00 ns, 62.2628 us/op, 83326202.00 uJpkg, 0.00 uJdram
WorkloadPilot    8: 16064 op, 999612835.00 ns, 62.2269 us/op, 83398469.00 uJpkg, 0.00 uJdram
WorkloadPilot    9: 16080 op, 1000570098.00 ns, 62.2245 us/op, 83687164.00 uJpkg, 0.00 uJdram

OverheadWarmup   1: 16080 op, 58769.00 ns, 3.6548 ns/op, 0.00 uJpkg, 0.00 uJdram
OverheadWarmup   2: 16080 op, 57415.00 ns, 3.5706 ns/op, 0.00 uJpkg, 0.00 uJdram
OverheadWarmup   3: 16080 op, 56083.00 ns, 3.4877 ns/op, 0.00 uJpkg, 0.00 uJdram
OverheadWarmup   4: 16080 op, 56085.00 ns, 3.4879 ns/op, 0.00 uJpkg, 0.00 uJdram
OverheadWarmup   5: 16080 op, 64622.00 ns, 4.0188 ns/op, 0.00 uJpkg, 0.00 uJdram
OverheadWarmup   6: 16080 op, 56066.00 ns, 3.4867 ns/op, 0.00 uJpkg, 0.00 uJdram
OverheadWarmup   7: 16080 op, 56068.00 ns, 3.4868 ns/op, 0.00 uJpkg, 0.00 uJdram
OverheadWarmup   8: 16080 op, 56074.00 ns, 3.4872 ns/op, 0.00 uJpkg, 0.00 uJdram
OverheadWarmup   9: 16080 op, 56467.00 ns, 3.5116 ns/op, 0.00 uJpkg, 0.00 uJdram
OverheadWarmup  10: 16080 op, 56081.00 ns, 3.4876 ns/op, 0.00 uJpkg, 0.00 uJdram

OverheadActual   1: 16080 op, 57976.00 ns, 3.6055 ns/op, 0.00 uJpkg, 0.00 uJdram
OverheadActual   2: 16080 op, 57531.00 ns, 3.5778 ns/op, 0.00 uJpkg, 0.00 uJdram
OverheadActual   3: 16080 op, 57889.00 ns, 3.6001 ns/op, 0.00 uJpkg, 0.00 uJdram
OverheadActual   4: 16080 op, 57454.00 ns, 3.5730 ns/op, 0.00 uJpkg, 0.00 uJdram
OverheadActual   5: 16080 op, 56071.00 ns, 3.4870 ns/op, 0.00 uJpkg, 0.00 uJdram
OverheadActual   6: 16080 op, 56072.00 ns, 3.4871 ns/op, 0.00 uJpkg, 0.00 uJdram
OverheadActual   7: 16080 op, 56458.00 ns, 3.5111 ns/op, 81848.00 uJpkg, 0.00 uJdram
OverheadActual   8: 16080 op, 59696.00 ns, 3.7124 ns/op, 82947.00 uJpkg, 0.00 uJdram
OverheadActual   9: 16080 op, 59819.00 ns, 3.7201 ns/op, 86303.00 uJpkg, 0.00 uJdram
OverheadActual  10: 16080 op, 56059.00 ns, 3.4863 ns/op, 0.00 uJpkg, 0.00 uJdram
OverheadActual  11: 16080 op, 56476.00 ns, 3.5122 ns/op, 0.00 uJpkg, 0.00 uJdram
OverheadActual  12: 16080 op, 56076.00 ns, 3.4873 ns/op, 0.00 uJpkg, 0.00 uJdram
OverheadActual  13: 16080 op, 56071.00 ns, 3.4870 ns/op, 0.00 uJpkg, 0.00 uJdram
OverheadActual  14: 16080 op, 56076.00 ns, 3.4873 ns/op, 0.00 uJpkg, 0.00 uJdram
OverheadActual  15: 16080 op, 56457.00 ns, 3.5110 ns/op, 0.00 uJpkg, 0.00 uJdram

WorkloadWarmup   1: 16080 op, 1005828955.00 ns, 62.5516 us/op, 86814414.00 uJpkg, 0.00 uJdram
WorkloadWarmup   2: 16080 op, 1009351047.00 ns, 62.7706 us/op, 84097991.00 uJpkg, 0.00 uJdram
WorkloadWarmup   3: 16080 op, 1005775392.00 ns, 62.5482 us/op, 84047454.00 uJpkg, 0.00 uJdram
WorkloadWarmup   4: 16080 op, 1006942113.00 ns, 62.6208 us/op, 84090849.00 uJpkg, 0.00 uJdram
WorkloadWarmup   5: 16080 op, 1007221579.00 ns, 62.6382 us/op, 84401639.00 uJpkg, 0.00 uJdram
WorkloadWarmup   6: 16080 op, 1005592455.00 ns, 62.5368 us/op, 84090361.00 uJpkg, 0.00 uJdram

// BeforeActualRun
WorkloadActual   1: 16080 op, 1007774836.00 ns, 62.6726 us/op, 84324124.00 uJpkg, 0.00 uJdram
WorkloadActual   2: 16080 op, 1007248925.00 ns, 62.6399 us/op, 84421964.00 uJpkg, 0.00 uJdram
WorkloadActual   3: 16080 op, 1006482344.00 ns, 62.5922 us/op, 84519315.00 uJpkg, 0.00 uJdram
WorkloadActual   4: 16080 op, 1005995642.00 ns, 62.5619 us/op, 84124052.00 uJpkg, 0.00 uJdram
WorkloadActual   5: 16080 op, 1006131062.00 ns, 62.5703 us/op, 84792935.00 uJpkg, 0.00 uJdram
WorkloadActual   6: 16080 op, 1006053913.00 ns, 62.5655 us/op, 84196866.00 uJpkg, 0.00 uJdram
WorkloadActual   7: 16080 op, 1007060657.00 ns, 62.6282 us/op, 84737149.00 uJpkg, 0.00 uJdram
WorkloadActual   8: 16080 op, 1005359004.00 ns, 62.5223 us/op, 84040129.00 uJpkg, 0.00 uJdram
WorkloadActual   9: 16080 op, 1009635971.00 ns, 62.7883 us/op, 84773526.00 uJpkg, 0.00 uJdram
WorkloadActual  10: 16080 op, 1006305642.00 ns, 62.5812 us/op, 85597071.00 uJpkg, 0.00 uJdram
WorkloadActual  11: 16080 op, 1005705554.00 ns, 62.5439 us/op, 84088347.00 uJpkg, 0.00 uJdram
WorkloadActual  12: 16080 op, 1006457370.00 ns, 62.5906 us/op, 84107512.00 uJpkg, 0.00 uJdram
WorkloadActual  13: 16080 op, 1007394516.00 ns, 62.6489 us/op, 83750763.00 uJpkg, 0.00 uJdram
WorkloadActual  14: 16080 op, 1005555675.00 ns, 62.5346 us/op, 83685699.00 uJpkg, 0.00 uJdram
WorkloadActual  15: 16080 op, 1005669868.00 ns, 62.5417 us/op, 84048857.00 uJpkg, 0.00 uJdram

// AfterActualRun
WorkloadResult   1: 16080 op, 1007718378.00 ns, 62.6691 us/op, 84324124.00 uJpkg, 0.00 uJdram
WorkloadResult   2: 16080 op, 1007192467.00 ns, 62.6363 us/op, 84421964.00 uJpkg, 0.00 uJdram
WorkloadResult   3: 16080 op, 1006425886.00 ns, 62.5887 us/op, 84519315.00 uJpkg, 0.00 uJdram
WorkloadResult   4: 16080 op, 1005939184.00 ns, 62.5584 us/op, 84124052.00 uJpkg, 0.00 uJdram
WorkloadResult   5: 16080 op, 1006074604.00 ns, 62.5668 us/op, 84792935.00 uJpkg, 0.00 uJdram
WorkloadResult   6: 16080 op, 1005997455.00 ns, 62.5620 us/op, 84196866.00 uJpkg, 0.00 uJdram
WorkloadResult   7: 16080 op, 1007004199.00 ns, 62.6246 us/op, 84737149.00 uJpkg, 0.00 uJdram
WorkloadResult   8: 16080 op, 1005302546.00 ns, 62.5188 us/op, 84040129.00 uJpkg, 0.00 uJdram
WorkloadResult   9: 16080 op, 1009579513.00 ns, 62.7848 us/op, 84773526.00 uJpkg, 0.00 uJdram
WorkloadResult  10: 16080 op, 1006249184.00 ns, 62.5777 us/op, 85597071.00 uJpkg, 0.00 uJdram
WorkloadResult  11: 16080 op, 1005649096.00 ns, 62.5404 us/op, 84088347.00 uJpkg, 0.00 uJdram
WorkloadResult  12: 16080 op, 1006400912.00 ns, 62.5871 us/op, 84107512.00 uJpkg, 0.00 uJdram
WorkloadResult  13: 16080 op, 1007338058.00 ns, 62.6454 us/op, 83750763.00 uJpkg, 0.00 uJdram
WorkloadResult  14: 16080 op, 1005499217.00 ns, 62.5310 us/op, 83685699.00 uJpkg, 0.00 uJdram
WorkloadResult  15: 16080 op, 1005613410.00 ns, 62.5381 us/op, 84048857.00 uJpkg, 0.00 uJdram

// AfterAll
// Benchmark Process 4048085 has exited with code 0.

Mean = 62.595 μs, StdErr = 0.018 μs (0.03%), N = 15, StdDev = 0.069 μs
Min = 62.519 μs, Q1 = 62.549 μs, Median = 62.578 μs, Q3 = 62.630 μs, Max = 62.785 μs
IQR = 0.081 μs, LowerFence = 62.428 μs, UpperFence = 62.752 μs
ConfidenceInterval = [62.522 μs; 62.669 μs] (CI 99.9%), Margin = 0.074 μs (0.12% of Mean)
Skewness = 1.28, Kurtosis = 4.17, MValue = 2

// ** Remained 21 (70.0%) benchmark(s) to run. Estimated finish 2025-12-31 17:50 (0h 9m from now) **
// **************************
// Benchmark: JsonSerializationBenchmarks.SpanJson_Deserialize_Medium: Overhead-Fixed-Energy-1(OutlierMode=DontRemove, IterationCount=15, IterationTime=1s, LaunchCount=1, WarmupCount=6)
// *** Execute ***
// Launch: 1 / 1
// Execute: dotnet Serialization.Bench-Overhead-Fixed-Energy-1-1.dll --anonymousPipes 103 104 --benchmarkName Serialization.Bench.JsonSerializationBenchmarks.SpanJson_Deserialize_Medium --job Overhead-Fixed-Energy-1 --benchmarkId 9 in /home/test/rapl-tests/lib-energy-bench/src/Serialization.Bench/bin/Release/net8.0/Serialization.Bench-Overhead-Fixed-Energy-1-1/bin/Release/net8.0
// BeforeAnythingElse

// Benchmark Process Environment Information:
// BenchmarkDotNet v0.15.5-develop (2025-12-31)
// Runtime=.NET 8.0.21 (8.0.21, 8.0.2125.47513), X64 RyuJIT x86-64-v4
// GC=Concurrent Workstation
// HardwareIntrinsics=AVX512 IFMA+VBMI,AVX512 F+BW+CD+DQ+VL,AVX2+BMI1+BMI2+F16C+FMA+LZCNT+MOVBE,AVX,SSE3+SSSE3+SSE4.1+SSE4.2+POPCNT,X86Base+SSE+SSE2,AES+PCLMUL VectorSize=256
// Job: Overhead-Fixed-Energy-1(OutlierMode=DontRemove, IterationCount=15, IterationTime=1s, LaunchCount=1, WarmupCount=6)

OverheadJitting  1: 1 op, 141178.00 ns, 141.1780 us/op, 65978.00 uJpkg, 0.00 uJdram
WorkloadJitting  1: 1 op, 101025510.00 ns, 101.0255 ms/op, 6399642.00 uJpkg, 0.00 uJdram

WorkloadPilot    1: 4 op, 803845.00 ns, 200.9613 us/op, 0.00 uJpkg, 0.00 uJdram
WorkloadPilot    2: 4976 op, 310077503.00 ns, 62.3146 us/op, 23743958.00 uJpkg, 0.00 uJdram
WorkloadPilot    3: 16048 op, 642761735.00 ns, 40.0525 us/op, 52473315.00 uJpkg, 0.00 uJdram
WorkloadPilot    4: 24967 op, 998622552.00 ns, 39.9977 us/op, 81670628.00 uJpkg, 0.00 uJdram
WorkloadPilot    5: 25001 op, 1000360128.00 ns, 40.0128 us/op, 82003575.00 uJpkg, 0.00 uJdram
WorkloadPilot    6: 24992 op, 1000813085.00 ns, 40.0453 us/op, 81721898.00 uJpkg, 0.00 uJdram
WorkloadPilot    7: 24972 op, 999519817.00 ns, 40.0256 us/op, 82002048.00 uJpkg, 0.00 uJdram
WorkloadPilot    8: 24984 op, 1001500711.00 ns, 40.0857 us/op, 82343234.00 uJpkg, 0.00 uJdram

WorkloadWarmup   1: 24984 op, 997834783.00 ns, 39.9390 us/op, 81763523.00 uJpkg, 0.00 uJdram
WorkloadWarmup   2: 24984 op, 1000703813.00 ns, 40.0538 us/op, 82815706.00 uJpkg, 0.00 uJdram
WorkloadWarmup   3: 24984 op, 1000195095.00 ns, 40.0334 us/op, 82187350.00 uJpkg, 0.00 uJdram
WorkloadWarmup   4: 24984 op, 1000652200.00 ns, 40.0517 us/op, 82497897.00 uJpkg, 0.00 uJdram
WorkloadWarmup   5: 24984 op, 1001127125.00 ns, 40.0707 us/op, 82170749.00 uJpkg, 0.00 uJdram
WorkloadWarmup   6: 24984 op, 1001071677.00 ns, 40.0685 us/op, 82255100.00 uJpkg, 0.00 uJdram

// BeforeActualRun
WorkloadActual   1: 24984 op, 999275011.00 ns, 39.9966 us/op, 82039585.00 uJpkg, 0.00 uJdram
WorkloadActual   2: 24984 op, 1000092350.00 ns, 40.0293 us/op, 82613802.00 uJpkg, 0.00 uJdram
WorkloadActual   3: 24984 op, 1001927845.00 ns, 40.1028 us/op, 83967742.00 uJpkg, 0.00 uJdram
WorkloadActual   4: 24984 op, 998826314.00 ns, 39.9786 us/op, 82946382.00 uJpkg, 0.00 uJdram
WorkloadActual   5: 24984 op, 998938900.00 ns, 39.9831 us/op, 82626742.00 uJpkg, 0.00 uJdram
WorkloadActual   6: 24984 op, 997430371.00 ns, 39.9228 us/op, 82555209.00 uJpkg, 0.00 uJdram
WorkloadActual   7: 24984 op, 997371337.00 ns, 39.9204 us/op, 81789708.00 uJpkg, 0.00 uJdram
WorkloadActual   8: 24984 op, 997760165.00 ns, 39.9360 us/op, 82352817.00 uJpkg, 0.00 uJdram
WorkloadActual   9: 24984 op, 998485198.00 ns, 39.9650 us/op, 81928013.00 uJpkg, 0.00 uJdram
WorkloadActual  10: 24984 op, 997396245.00 ns, 39.9214 us/op, 82075657.00 uJpkg, 0.00 uJdram
WorkloadActual  11: 24984 op, 997453366.00 ns, 39.9237 us/op, 81630284.00 uJpkg, 0.00 uJdram
WorkloadActual  12: 24984 op, 1003188121.00 ns, 40.1532 us/op, 82432467.00 uJpkg, 0.00 uJdram
WorkloadActual  13: 24984 op, 1007477909.00 ns, 40.3249 us/op, 82668368.00 uJpkg, 0.00 uJdram
WorkloadActual  14: 24984 op, 998370682.00 ns, 39.9604 us/op, 82366000.00 uJpkg, 0.00 uJdram
WorkloadActual  15: 24984 op, 999347404.00 ns, 39.9995 us/op, 82052280.00 uJpkg, 0.00 uJdram

// AfterActualRun
WorkloadResult   1: 24984 op, 999275011.00 ns, 39.9966 us/op, 82039585.00 uJpkg, 0.00 uJdram
WorkloadResult   2: 24984 op, 1000092350.00 ns, 40.0293 us/op, 82613802.00 uJpkg, 0.00 uJdram
WorkloadResult   3: 24984 op, 1001927845.00 ns, 40.1028 us/op, 83967742.00 uJpkg, 0.00 uJdram
WorkloadResult   4: 24984 op, 998826314.00 ns, 39.9786 us/op, 82946382.00 uJpkg, 0.00 uJdram
WorkloadResult   5: 24984 op, 998938900.00 ns, 39.9831 us/op, 82626742.00 uJpkg, 0.00 uJdram
WorkloadResult   6: 24984 op, 997430371.00 ns, 39.9228 us/op, 82555209.00 uJpkg, 0.00 uJdram
WorkloadResult   7: 24984 op, 997371337.00 ns, 39.9204 us/op, 81789708.00 uJpkg, 0.00 uJdram
WorkloadResult   8: 24984 op, 997760165.00 ns, 39.9360 us/op, 82352817.00 uJpkg, 0.00 uJdram
WorkloadResult   9: 24984 op, 998485198.00 ns, 39.9650 us/op, 81928013.00 uJpkg, 0.00 uJdram
WorkloadResult  10: 24984 op, 997396245.00 ns, 39.9214 us/op, 82075657.00 uJpkg, 0.00 uJdram
WorkloadResult  11: 24984 op, 997453366.00 ns, 39.9237 us/op, 81630284.00 uJpkg, 0.00 uJdram
WorkloadResult  12: 24984 op, 1003188121.00 ns, 40.1532 us/op, 82432467.00 uJpkg, 0.00 uJdram
WorkloadResult  13: 24984 op, 1007477909.00 ns, 40.3249 us/op, 82668368.00 uJpkg, 0.00 uJdram
WorkloadResult  14: 24984 op, 998370682.00 ns, 39.9604 us/op, 82366000.00 uJpkg, 0.00 uJdram
WorkloadResult  15: 24984 op, 999347404.00 ns, 39.9995 us/op, 82052280.00 uJpkg, 0.00 uJdram

// AfterAll
// Benchmark Process 4048105 has exited with code 0.

Mean = 40.008 μs, StdErr = 0.029 μs (0.07%), N = 15, StdDev = 0.111 μs
Min = 39.920 μs, Q1 = 39.930 μs, Median = 39.979 μs, Q3 = 40.014 μs, Max = 40.325 μs
IQR = 0.085 μs, LowerFence = 39.803 μs, UpperFence = 40.141 μs
ConfidenceInterval = [39.890 μs; 40.126 μs] (CI 99.9%), Margin = 0.118 μs (0.30% of Mean)
Skewness = 1.61, Kurtosis = 4.84, MValue = 2

// ** Remained 20 (66.7%) benchmark(s) to run. Estimated finish 2025-12-31 17:50 (0h 8m from now) **
// **************************
// Benchmark: JsonSerializationBenchmarks.STJ_Deserialize_Small: Overhead-Fixed-Energy-1(OutlierMode=DontRemove, IterationCount=15, IterationTime=1s, LaunchCount=1, WarmupCount=6)
// *** Execute ***
// Launch: 1 / 1
// Execute: dotnet Serialization.Bench-Overhead-Fixed-Energy-1-1.dll --anonymousPipes 103 104 --benchmarkName Serialization.Bench.JsonSerializationBenchmarks.STJ_Deserialize_Small --job Overhead-Fixed-Energy-1 --benchmarkId 10 in /home/test/rapl-tests/lib-energy-bench/src/Serialization.Bench/bin/Release/net8.0/Serialization.Bench-Overhead-Fixed-Energy-1-1/bin/Release/net8.0
// BeforeAnythingElse

// Benchmark Process Environment Information:
// BenchmarkDotNet v0.15.5-develop (2025-12-31)
// Runtime=.NET 8.0.21 (8.0.21, 8.0.2125.47513), X64 RyuJIT x86-64-v4
// GC=Concurrent Workstation
// HardwareIntrinsics=AVX512 IFMA+VBMI,AVX512 F+BW+CD+DQ+VL,AVX2+BMI1+BMI2+F16C+FMA+LZCNT+MOVBE,AVX,SSE3+SSSE3+SSE4.1+SSE4.2+POPCNT,X86Base+SSE+SSE2,AES+PCLMUL VectorSize=256
// Job: Overhead-Fixed-Energy-1(OutlierMode=DontRemove, IterationCount=15, IterationTime=1s, LaunchCount=1, WarmupCount=6)

OverheadJitting  1: 1 op, 141559.00 ns, 141.5590 us/op, 65003.00 uJpkg, 0.00 uJdram
WorkloadJitting  1: 1 op, 180593.00 ns, 180.5930 us/op, 57494.00 uJpkg, 0.00 uJdram

OverheadJitting  2: 16 op, 384663.00 ns, 24.0414 us/op, 75134.00 uJpkg, 0.00 uJdram
WorkloadJitting  2: 16 op, 467429.00 ns, 29.2143 us/op, 87769.00 uJpkg, 0.00 uJdram

WorkloadPilot    1: 16 op, 79296.00 ns, 4.9560 us/op, 0.00 uJpkg, 0.00 uJdram
WorkloadPilot    2: 201776 op, 645283236.00 ns, 3.1980 us/op, 52879931.00 uJpkg, 0.00 uJdram
WorkloadPilot    3: 312704 op, 625910214.00 ns, 2.0016 us/op, 55070782.00 uJpkg, 0.00 uJdram
WorkloadPilot    4: 499600 op, 993206748.00 ns, 1.9880 us/op, 87771199.00 uJpkg, 0.00 uJdram
WorkloadPilot    5: 503024 op, 1002067266.00 ns, 1.9921 us/op, 88693987.00 uJpkg, 0.00 uJdram
WorkloadPilot    6: 502000 op, 1000500361.00 ns, 1.9930 us/op, 88878679.00 uJpkg, 0.00 uJdram
WorkloadPilot    7: 501760 op, 1001515749.00 ns, 1.9960 us/op, 88952775.00 uJpkg, 0.00 uJdram

OverheadWarmup   1: 501760 op, 1713123.00 ns, 3.4142 ns/op, 80139.00 uJpkg, 0.00 uJdram
OverheadWarmup   2: 501760 op, 1713269.00 ns, 3.4145 ns/op, 144470.00 uJpkg, 0.00 uJdram
OverheadWarmup   3: 501760 op, 1725009.00 ns, 3.4379 ns/op, 142394.00 uJpkg, 0.00 uJdram
OverheadWarmup   4: 501760 op, 1722982.00 ns, 3.4339 ns/op, 136657.00 uJpkg, 0.00 uJdram
OverheadWarmup   5: 501760 op, 1717276.00 ns, 3.4225 ns/op, 148559.00 uJpkg, 0.00 uJdram
OverheadWarmup   6: 501760 op, 1720956.00 ns, 3.4298 ns/op, 127868.00 uJpkg, 0.00 uJdram
OverheadWarmup   7: 501760 op, 1727543.00 ns, 3.4430 ns/op, 75866.00 uJpkg, 0.00 uJdram
OverheadWarmup   8: 501760 op, 1719813.00 ns, 3.4276 ns/op, 154236.00 uJpkg, 0.00 uJdram

OverheadActual   1: 501760 op, 1723598.00 ns, 3.4351 ns/op, 84228.00 uJpkg, 0.00 uJdram
OverheadActual   2: 501760 op, 1715023.00 ns, 3.4180 ns/op, 146789.00 uJpkg, 0.00 uJdram
OverheadActual   3: 501760 op, 1720140.00 ns, 3.4282 ns/op, 128478.00 uJpkg, 0.00 uJdram
OverheadActual   4: 501760 op, 1733186.00 ns, 3.4542 ns/op, 154723.00 uJpkg, 0.00 uJdram
OverheadActual   5: 501760 op, 1723202.00 ns, 3.4343 ns/op, 130432.00 uJpkg, 0.00 uJdram
OverheadActual   6: 501760 op, 1727632.00 ns, 3.4431 ns/op, 87036.00 uJpkg, 0.00 uJdram
OverheadActual   7: 501760 op, 1713168.00 ns, 3.4143 ns/op, 145935.00 uJpkg, 0.00 uJdram
OverheadActual   8: 501760 op, 1721164.00 ns, 3.4303 ns/op, 156738.00 uJpkg, 0.00 uJdram
OverheadActual   9: 501760 op, 1711500.00 ns, 3.4110 ns/op, 147399.00 uJpkg, 0.00 uJdram
OverheadActual  10: 501760 op, 1746029.00 ns, 3.4798 ns/op, 100037.00 uJpkg, 0.00 uJdram
OverheadActual  11: 501760 op, 1715696.00 ns, 3.4194 ns/op, 161376.00 uJpkg, 0.00 uJdram
OverheadActual  12: 501760 op, 1746609.00 ns, 3.4810 ns/op, 154358.00 uJpkg, 0.00 uJdram
OverheadActual  13: 501760 op, 1745160.00 ns, 3.4781 ns/op, 177978.00 uJpkg, 0.00 uJdram
OverheadActual  14: 501760 op, 1724154.00 ns, 3.4362 ns/op, 154480.00 uJpkg, 0.00 uJdram
OverheadActual  15: 501760 op, 1748886.00 ns, 3.4855 ns/op, 171814.00 uJpkg, 0.00 uJdram

WorkloadWarmup   1: 501760 op, 1003860195.00 ns, 2.0007 us/op, 92145333.00 uJpkg, 0.00 uJdram
WorkloadWarmup   2: 501760 op, 1001904219.00 ns, 1.9968 us/op, 90274000.00 uJpkg, 0.00 uJdram
WorkloadWarmup   3: 501760 op, 998552124.00 ns, 1.9901 us/op, 89483413.00 uJpkg, 0.00 uJdram
WorkloadWarmup   4: 501760 op, 997265573.00 ns, 1.9875 us/op, 89313492.00 uJpkg, 0.00 uJdram
WorkloadWarmup   5: 501760 op, 994812460.00 ns, 1.9826 us/op, 89084550.00 uJpkg, 0.00 uJdram
WorkloadWarmup   6: 501760 op, 993987601.00 ns, 1.9810 us/op, 88992448.00 uJpkg, 0.00 uJdram

// BeforeActualRun
WorkloadActual   1: 501760 op, 999510585.00 ns, 1.9920 us/op, 89361100.00 uJpkg, 0.00 uJdram
WorkloadActual   2: 501760 op, 998098954.00 ns, 1.9892 us/op, 89084855.00 uJpkg, 0.00 uJdram
WorkloadActual   3: 501760 op, 1000388658.00 ns, 1.9938 us/op, 88603594.00 uJpkg, 0.00 uJdram
WorkloadActual   4: 501760 op, 1000359650.00 ns, 1.9937 us/op, 88337054.00 uJpkg, 0.00 uJdram
WorkloadActual   5: 501760 op, 999747590.00 ns, 1.9925 us/op, 88649187.00 uJpkg, 0.00 uJdram
WorkloadActual   6: 501760 op, 997473297.00 ns, 1.9879 us/op, 88181110.00 uJpkg, 0.00 uJdram
WorkloadActual   7: 501760 op, 998695933.00 ns, 1.9904 us/op, 88371417.00 uJpkg, 0.00 uJdram
WorkloadActual   8: 501760 op, 996076872.00 ns, 1.9852 us/op, 88402239.00 uJpkg, 0.00 uJdram
WorkloadActual   9: 501760 op, 1001005991.00 ns, 1.9950 us/op, 88633928.00 uJpkg, 0.00 uJdram
WorkloadActual  10: 501760 op, 1001309742.00 ns, 1.9956 us/op, 89307510.00 uJpkg, 0.00 uJdram
WorkloadActual  11: 501760 op, 999460680.00 ns, 1.9919 us/op, 88914750.00 uJpkg, 0.00 uJdram
WorkloadActual  12: 501760 op, 998440186.00 ns, 1.9899 us/op, 88777849.00 uJpkg, 0.00 uJdram
WorkloadActual  13: 501760 op, 997719584.00 ns, 1.9884 us/op, 88718340.00 uJpkg, 0.00 uJdram
WorkloadActual  14: 501760 op, 998928035.00 ns, 1.9908 us/op, 88301898.00 uJpkg, 0.00 uJdram
WorkloadActual  15: 501760 op, 1003686976.00 ns, 2.0003 us/op, 89721389.00 uJpkg, 0.00 uJdram

// AfterActualRun
WorkloadResult   1: 501760 op, 997786987.00 ns, 1.9886 us/op, 89361100.00 uJpkg, 0.00 uJdram
WorkloadResult   2: 501760 op, 996375356.00 ns, 1.9858 us/op, 89084855.00 uJpkg, 0.00 uJdram
WorkloadResult   3: 501760 op, 998665060.00 ns, 1.9903 us/op, 88603594.00 uJpkg, 0.00 uJdram
WorkloadResult   4: 501760 op, 998636052.00 ns, 1.9903 us/op, 88337054.00 uJpkg, 0.00 uJdram
WorkloadResult   5: 501760 op, 998023992.00 ns, 1.9890 us/op, 88649187.00 uJpkg, 0.00 uJdram
WorkloadResult   6: 501760 op, 995749699.00 ns, 1.9845 us/op, 88181110.00 uJpkg, 0.00 uJdram
WorkloadResult   7: 501760 op, 996972335.00 ns, 1.9870 us/op, 88371417.00 uJpkg, 0.00 uJdram
WorkloadResult   8: 501760 op, 994353274.00 ns, 1.9817 us/op, 88402239.00 uJpkg, 0.00 uJdram
WorkloadResult   9: 501760 op, 999282393.00 ns, 1.9916 us/op, 88633928.00 uJpkg, 0.00 uJdram
WorkloadResult  10: 501760 op, 999586144.00 ns, 1.9922 us/op, 89307510.00 uJpkg, 0.00 uJdram
WorkloadResult  11: 501760 op, 997737082.00 ns, 1.9885 us/op, 88914750.00 uJpkg, 0.00 uJdram
WorkloadResult  12: 501760 op, 996716588.00 ns, 1.9864 us/op, 88777849.00 uJpkg, 0.00 uJdram
WorkloadResult  13: 501760 op, 995995986.00 ns, 1.9850 us/op, 88718340.00 uJpkg, 0.00 uJdram
WorkloadResult  14: 501760 op, 997204437.00 ns, 1.9874 us/op, 88301898.00 uJpkg, 0.00 uJdram
WorkloadResult  15: 501760 op, 1001963378.00 ns, 1.9969 us/op, 89721389.00 uJpkg, 0.00 uJdram

// AfterAll
// Benchmark Process 4048121 has exited with code 0.

Mean = 1.988 μs, StdErr = 0.001 μs (0.05%), N = 15, StdDev = 0.004 μs
Min = 1.982 μs, Q1 = 1.986 μs, Median = 1.988 μs, Q3 = 1.990 μs, Max = 1.997 μs
IQR = 0.004 μs, LowerFence = 1.980 μs, UpperFence = 1.997 μs
ConfidenceInterval = [1.984 μs; 1.992 μs] (CI 99.9%), Margin = 0.004 μs (0.20% of Mean)
Skewness = 0.43, Kurtosis = 2.94, MValue = 2

// ** Remained 19 (63.3%) benchmark(s) to run. Estimated finish 2025-12-31 17:50 (0h 8m from now) **
// **************************
// Benchmark: JsonSerializationBenchmarks.Newtonsoft_Deserialize_Small: Overhead-Fixed-Energy-1(OutlierMode=DontRemove, IterationCount=15, IterationTime=1s, LaunchCount=1, WarmupCount=6)
// *** Execute ***
// Launch: 1 / 1
// Execute: dotnet Serialization.Bench-Overhead-Fixed-Energy-1-1.dll --anonymousPipes 103 104 --benchmarkName Serialization.Bench.JsonSerializationBenchmarks.Newtonsoft_Deserialize_Small --job Overhead-Fixed-Energy-1 --benchmarkId 11 in /home/test/rapl-tests/lib-energy-bench/src/Serialization.Bench/bin/Release/net8.0/Serialization.Bench-Overhead-Fixed-Energy-1-1/bin/Release/net8.0
// BeforeAnythingElse

// Benchmark Process Environment Information:
// BenchmarkDotNet v0.15.5-develop (2025-12-31)
// Runtime=.NET 8.0.21 (8.0.21, 8.0.2125.47513), X64 RyuJIT x86-64-v4
// GC=Concurrent Workstation
// HardwareIntrinsics=AVX512 IFMA+VBMI,AVX512 F+BW+CD+DQ+VL,AVX2+BMI1+BMI2+F16C+FMA+LZCNT+MOVBE,AVX,SSE3+SSSE3+SSE4.1+SSE4.2+POPCNT,X86Base+SSE+SSE2,AES+PCLMUL VectorSize=256
// Job: Overhead-Fixed-Energy-1(OutlierMode=DontRemove, IterationCount=15, IterationTime=1s, LaunchCount=1, WarmupCount=6)

OverheadJitting  1: 1 op, 140772.00 ns, 140.7720 us/op, 64087.00 uJpkg, 0.00 uJdram
WorkloadJitting  1: 1 op, 42102713.00 ns, 42.1027 ms/op, 2647393.00 uJpkg, 0.00 uJdram

OverheadJitting  2: 16 op, 394430.00 ns, 24.6519 us/op, 53101.00 uJpkg, 0.00 uJdram
WorkloadJitting  2: 16 op, 816746.00 ns, 51.0466 us/op, 0.00 uJpkg, 0.00 uJdram

WorkloadPilot    1: 16 op, 410403.00 ns, 25.6502 us/op, 0.00 uJpkg, 0.00 uJdram
WorkloadPilot    2: 38992 op, 338658226.00 ns, 8.6853 us/op, 27625662.00 uJpkg, 0.00 uJdram
WorkloadPilot    3: 115152 op, 413864572.00 ns, 3.5941 us/op, 36009002.00 uJpkg, 0.00 uJdram
WorkloadPilot    4: 278240 op, 993841497.00 ns, 3.5719 us/op, 87229574.00 uJpkg, 0.00 uJdram
WorkloadPilot    5: 279968 op, 999783944.00 ns, 3.5711 us/op, 87554342.00 uJpkg, 0.00 uJdram
WorkloadPilot    6: 280032 op, 998817852.00 ns, 3.5668 us/op, 87676350.00 uJpkg, 0.00 uJdram
WorkloadPilot    7: 280368 op, 1003894344.00 ns, 3.5806 us/op, 88086688.00 uJpkg, 0.00 uJdram
WorkloadPilot    8: 279280 op, 998994725.00 ns, 3.5770 us/op, 87455465.00 uJpkg, 0.00 uJdram
WorkloadPilot    9: 279568 op, 999861048.00 ns, 3.5765 us/op, 87706685.00 uJpkg, 0.00 uJdram
WorkloadPilot   10: 279616 op, 1000162597.00 ns, 3.5769 us/op, 88691057.00 uJpkg, 0.00 uJdram
WorkloadPilot   11: 279584 op, 999413507.00 ns, 3.5746 us/op, 87593526.00 uJpkg, 0.00 uJdram
WorkloadPilot   12: 279760 op, 1000017297.00 ns, 3.5746 us/op, 88147967.00 uJpkg, 0.00 uJdram

OverheadWarmup   1: 279760 op, 956340.00 ns, 3.4184 ns/op, 68970.00 uJpkg, 0.00 uJdram
OverheadWarmup   2: 279760 op, 954849.00 ns, 3.4131 ns/op, 77331.00 uJpkg, 0.00 uJdram
OverheadWarmup   3: 279760 op, 956354.00 ns, 3.4185 ns/op, 80749.00 uJpkg, 0.00 uJdram
OverheadWarmup   4: 279760 op, 965949.00 ns, 3.4528 ns/op, 59570.00 uJpkg, 0.00 uJdram
OverheadWarmup   5: 279760 op, 968466.00 ns, 3.4618 ns/op, 87097.00 uJpkg, 0.00 uJdram
OverheadWarmup   6: 279760 op, 967501.00 ns, 3.4583 ns/op, 63110.00 uJpkg, 0.00 uJdram
OverheadWarmup   7: 279760 op, 971160.00 ns, 3.4714 ns/op, 90454.00 uJpkg, 0.00 uJdram
OverheadWarmup   8: 279760 op, 970264.00 ns, 3.4682 ns/op, 83984.00 uJpkg, 0.00 uJdram

OverheadActual   1: 279760 op, 967987.00 ns, 3.4601 ns/op, 76538.00 uJpkg, 0.00 uJdram
OverheadActual   2: 279760 op, 963012.00 ns, 3.4423 ns/op, 57739.00 uJpkg, 0.00 uJdram
OverheadActual   3: 279760 op, 966101.00 ns, 3.4533 ns/op, 78369.00 uJpkg, 0.00 uJdram
OverheadActual   4: 279760 op, 960173.00 ns, 3.4321 ns/op, 91980.00 uJpkg, 0.00 uJdram
OverheadActual   5: 279760 op, 963183.00 ns, 3.4429 ns/op, 66406.00 uJpkg, 0.00 uJdram
OverheadActual   6: 279760 op, 964230.00 ns, 3.4466 ns/op, 87158.00 uJpkg, 0.00 uJdram
OverheadActual   7: 279760 op, 963399.00 ns, 3.4437 ns/op, 94910.00 uJpkg, 0.00 uJdram
OverheadActual   8: 279760 op, 971160.00 ns, 3.4714 ns/op, 85449.00 uJpkg, 0.00 uJdram
OverheadActual   9: 279760 op, 971454.00 ns, 3.4725 ns/op, 91064.00 uJpkg, 0.00 uJdram
OverheadActual  10: 279760 op, 969229.00 ns, 3.4645 ns/op, 62988.00 uJpkg, 0.00 uJdram
OverheadActual  11: 279760 op, 974955.00 ns, 3.4850 ns/op, 88440.00 uJpkg, 0.00 uJdram
OverheadActual  12: 279760 op, 968975.00 ns, 3.4636 ns/op, 83374.00 uJpkg, 0.00 uJdram
OverheadActual  13: 279760 op, 972259.00 ns, 3.4753 ns/op, 75622.00 uJpkg, 0.00 uJdram
OverheadActual  14: 279760 op, 971170.00 ns, 3.4714 ns/op, 64026.00 uJpkg, 0.00 uJdram
OverheadActual  15: 279760 op, 976686.00 ns, 3.4912 ns/op, 63354.00 uJpkg, 0.00 uJdram

WorkloadWarmup   1: 279760 op, 1003385960.00 ns, 3.5866 us/op, 90775952.00 uJpkg, 0.00 uJdram
WorkloadWarmup   2: 279760 op, 1000739906.00 ns, 3.5771 us/op, 87698567.00 uJpkg, 0.00 uJdram
WorkloadWarmup   3: 279760 op, 998922160.00 ns, 3.5706 us/op, 87130210.00 uJpkg, 0.00 uJdram
WorkloadWarmup   4: 279760 op, 997638457.00 ns, 3.5661 us/op, 87403524.00 uJpkg, 0.00 uJdram
WorkloadWarmup   5: 279760 op, 997943879.00 ns, 3.5671 us/op, 87345541.00 uJpkg, 0.00 uJdram
WorkloadWarmup   6: 279760 op, 998251279.00 ns, 3.5682 us/op, 87414083.00 uJpkg, 0.00 uJdram

// BeforeActualRun
WorkloadActual   1: 279760 op, 999494748.00 ns, 3.5727 us/op, 87753621.00 uJpkg, 0.00 uJdram
WorkloadActual   2: 279760 op, 1000045124.00 ns, 3.5747 us/op, 87497884.00 uJpkg, 0.00 uJdram
WorkloadActual   3: 279760 op, 1000324639.00 ns, 3.5757 us/op, 87502095.00 uJpkg, 0.00 uJdram
WorkloadActual   4: 279760 op, 1000055181.00 ns, 3.5747 us/op, 87827412.00 uJpkg, 0.00 uJdram
WorkloadActual   5: 279760 op, 999601256.00 ns, 3.5731 us/op, 87241598.00 uJpkg, 0.00 uJdram
WorkloadActual   6: 279760 op, 999082017.00 ns, 3.5712 us/op, 87225912.00 uJpkg, 0.00 uJdram
WorkloadActual   7: 279760 op, 1000035116.00 ns, 3.5746 us/op, 87289144.00 uJpkg, 0.00 uJdram
WorkloadActual   8: 279760 op, 1000421302.00 ns, 3.5760 us/op, 87149618.00 uJpkg, 0.00 uJdram
WorkloadActual   9: 279760 op, 1000266038.00 ns, 3.5754 us/op, 87135885.00 uJpkg, 0.00 uJdram
WorkloadActual  10: 279760 op, 1000335552.00 ns, 3.5757 us/op, 88663042.00 uJpkg, 0.00 uJdram
WorkloadActual  11: 279760 op, 1000156613.00 ns, 3.5751 us/op, 87185629.00 uJpkg, 0.00 uJdram
WorkloadActual  12: 279760 op, 1000787371.00 ns, 3.5773 us/op, 86961020.00 uJpkg, 0.00 uJdram
WorkloadActual  13: 279760 op, 999879360.00 ns, 3.5741 us/op, 86762595.00 uJpkg, 0.00 uJdram
WorkloadActual  14: 279760 op, 1003300176.00 ns, 3.5863 us/op, 87102132.00 uJpkg, 0.00 uJdram
WorkloadActual  15: 279760 op, 1000395634.00 ns, 3.5759 us/op, 86705955.00 uJpkg, 0.00 uJdram

// AfterActualRun
WorkloadResult   1: 279760 op, 998525773.00 ns, 3.5692 us/op, 87753621.00 uJpkg, 0.00 uJdram
WorkloadResult   2: 279760 op, 999076149.00 ns, 3.5712 us/op, 87497884.00 uJpkg, 0.00 uJdram
WorkloadResult   3: 279760 op, 999355664.00 ns, 3.5722 us/op, 87502095.00 uJpkg, 0.00 uJdram
WorkloadResult   4: 279760 op, 999086206.00 ns, 3.5712 us/op, 87827412.00 uJpkg, 0.00 uJdram
WorkloadResult   5: 279760 op, 998632281.00 ns, 3.5696 us/op, 87241598.00 uJpkg, 0.00 uJdram
WorkloadResult   6: 279760 op, 998113042.00 ns, 3.5677 us/op, 87225912.00 uJpkg, 0.00 uJdram
WorkloadResult   7: 279760 op, 999066141.00 ns, 3.5712 us/op, 87289144.00 uJpkg, 0.00 uJdram
WorkloadResult   8: 279760 op, 999452327.00 ns, 3.5725 us/op, 87149618.00 uJpkg, 0.00 uJdram
WorkloadResult   9: 279760 op, 999297063.00 ns, 3.5720 us/op, 87135885.00 uJpkg, 0.00 uJdram
WorkloadResult  10: 279760 op, 999366577.00 ns, 3.5722 us/op, 88663042.00 uJpkg, 0.00 uJdram
WorkloadResult  11: 279760 op, 999187638.00 ns, 3.5716 us/op, 87185629.00 uJpkg, 0.00 uJdram
WorkloadResult  12: 279760 op, 999818396.00 ns, 3.5738 us/op, 86961020.00 uJpkg, 0.00 uJdram
WorkloadResult  13: 279760 op, 998910385.00 ns, 3.5706 us/op, 86762595.00 uJpkg, 0.00 uJdram
WorkloadResult  14: 279760 op, 1002331201.00 ns, 3.5828 us/op, 87102132.00 uJpkg, 0.00 uJdram
WorkloadResult  15: 279760 op, 999426659.00 ns, 3.5724 us/op, 86705955.00 uJpkg, 0.00 uJdram

// AfterAll
// Benchmark Process 4048136 has exited with code 0.

Mean = 3.572 μs, StdErr = 0.001 μs (0.02%), N = 15, StdDev = 0.003 μs
Min = 3.568 μs, Q1 = 3.571 μs, Median = 3.572 μs, Q3 = 3.572 μs, Max = 3.583 μs
IQR = 0.001 μs, LowerFence = 3.569 μs, UpperFence = 3.575 μs
ConfidenceInterval = [3.568 μs; 3.576 μs] (CI 99.9%), Margin = 0.004 μs (0.10% of Mean)
Skewness = 2.04, Kurtosis = 7.47, MValue = 2

// ** Remained 18 (60.0%) benchmark(s) to run. Estimated finish 2025-12-31 17:50 (0h 8m from now) **
// **************************
// Benchmark: JsonSerializationBenchmarks.Jil_Deserialize_Small: Overhead-Fixed-Energy-1(OutlierMode=DontRemove, IterationCount=15, IterationTime=1s, LaunchCount=1, WarmupCount=6)
// *** Execute ***
// Launch: 1 / 1
// Execute: dotnet Serialization.Bench-Overhead-Fixed-Energy-1-1.dll --anonymousPipes 103 104 --benchmarkName Serialization.Bench.JsonSerializationBenchmarks.Jil_Deserialize_Small --job Overhead-Fixed-Energy-1 --benchmarkId 12 in /home/test/rapl-tests/lib-energy-bench/src/Serialization.Bench/bin/Release/net8.0/Serialization.Bench-Overhead-Fixed-Energy-1-1/bin/Release/net8.0
// BeforeAnythingElse

// Benchmark Process Environment Information:
// BenchmarkDotNet v0.15.5-develop (2025-12-31)
// Runtime=.NET 8.0.21 (8.0.21, 8.0.2125.47513), X64 RyuJIT x86-64-v4
// GC=Concurrent Workstation
// HardwareIntrinsics=AVX512 IFMA+VBMI,AVX512 F+BW+CD+DQ+VL,AVX2+BMI1+BMI2+F16C+FMA+LZCNT+MOVBE,AVX,SSE3+SSSE3+SSE4.1+SSE4.2+POPCNT,X86Base+SSE+SSE2,AES+PCLMUL VectorSize=256
// Job: Overhead-Fixed-Energy-1(OutlierMode=DontRemove, IterationCount=15, IterationTime=1s, LaunchCount=1, WarmupCount=6)

OverheadJitting  1: 1 op, 142523.00 ns, 142.5230 us/op, 62866.00 uJpkg, 0.00 uJdram
WorkloadJitting  1: 1 op, 114601774.00 ns, 114.6018 ms/op, 7385663.00 uJpkg, 0.00 uJdram

WorkloadPilot    1: 4 op, 42152.00 ns, 10.5380 us/op, 0.00 uJpkg, 0.00 uJdram
WorkloadPilot    2: 94895 op, 307103891.00 ns, 3.2362 us/op, 23668885.00 uJpkg, 0.00 uJdram
WorkloadPilot    3: 309000 op, 699768627.00 ns, 2.2646 us/op, 59189423.00 uJpkg, 0.00 uJdram
WorkloadPilot    4: 441575 op, 997523988.00 ns, 2.2590 us/op, 84369779.00 uJpkg, 0.00 uJdram
WorkloadPilot    5: 442671 op, 998508020.00 ns, 2.2556 us/op, 84918118.00 uJpkg, 0.00 uJdram
WorkloadPilot    6: 443332 op, 1002147051.00 ns, 2.2605 us/op, 84964199.00 uJpkg, 0.00 uJdram
WorkloadPilot    7: 442382 op, 1001766771.00 ns, 2.2645 us/op, 85285365.00 uJpkg, 0.00 uJdram
WorkloadPilot    8: 441602 op, 998353375.00 ns, 2.2608 us/op, 84842190.00 uJpkg, 0.00 uJdram
WorkloadPilot    9: 442330 op, 1001549894.00 ns, 2.2643 us/op, 85054531.00 uJpkg, 0.00 uJdram

WorkloadWarmup   1: 442330 op, 1000071230.00 ns, 2.2609 us/op, 85427211.00 uJpkg, 0.00 uJdram
WorkloadWarmup   2: 442330 op, 1002530160.00 ns, 2.2665 us/op, 85230129.00 uJpkg, 0.00 uJdram
WorkloadWarmup   3: 442330 op, 1002784098.00 ns, 2.2670 us/op, 85681300.00 uJpkg, 0.00 uJdram
WorkloadWarmup   4: 442330 op, 1002980444.00 ns, 2.2675 us/op, 85918603.00 uJpkg, 0.00 uJdram
WorkloadWarmup   5: 442330 op, 1000887801.00 ns, 2.2628 us/op, 84954433.00 uJpkg, 0.00 uJdram
WorkloadWarmup   6: 442330 op, 1000710302.00 ns, 2.2624 us/op, 84864773.00 uJpkg, 0.00 uJdram

// BeforeActualRun
WorkloadActual   1: 442330 op, 999917739.00 ns, 2.2606 us/op, 85193813.00 uJpkg, 0.00 uJdram
WorkloadActual   2: 442330 op, 1002309007.00 ns, 2.2660 us/op, 86447167.00 uJpkg, 0.00 uJdram
WorkloadActual   3: 442330 op, 1001967753.00 ns, 2.2652 us/op, 85881860.00 uJpkg, 0.00 uJdram
WorkloadActual   4: 442330 op, 1001214121.00 ns, 2.2635 us/op, 85195766.00 uJpkg, 0.00 uJdram
WorkloadActual   5: 442330 op, 1000760304.00 ns, 2.2625 us/op, 85244777.00 uJpkg, 0.00 uJdram
WorkloadActual   6: 442330 op, 1001752354.00 ns, 2.2647 us/op, 85478175.00 uJpkg, 0.00 uJdram
WorkloadActual   7: 442330 op, 1001811265.00 ns, 2.2649 us/op, 85484583.00 uJpkg, 0.00 uJdram
WorkloadActual   8: 442330 op, 1002027650.00 ns, 2.2653 us/op, 85519984.00 uJpkg, 0.00 uJdram
WorkloadActual   9: 442330 op, 1000704207.00 ns, 2.2623 us/op, 84910977.00 uJpkg, 0.00 uJdram
WorkloadActual  10: 442330 op, 1001856516.00 ns, 2.2650 us/op, 85288051.00 uJpkg, 0.00 uJdram
WorkloadActual  11: 442330 op, 999744040.00 ns, 2.2602 us/op, 85020229.00 uJpkg, 0.00 uJdram
WorkloadActual  12: 442330 op, 1001731277.00 ns, 2.2647 us/op, 85195156.00 uJpkg, 0.00 uJdram
WorkloadActual  13: 442330 op, 1002075049.00 ns, 2.2654 us/op, 85401392.00 uJpkg, 0.00 uJdram
WorkloadActual  14: 442330 op, 1000912753.00 ns, 2.2628 us/op, 85239833.00 uJpkg, 0.00 uJdram
WorkloadActual  15: 442330 op, 1003283369.00 ns, 2.2682 us/op, 85825708.00 uJpkg, 0.00 uJdram

// AfterActualRun
WorkloadResult   1: 442330 op, 999917739.00 ns, 2.2606 us/op, 85193813.00 uJpkg, 0.00 uJdram
WorkloadResult   2: 442330 op, 1002309007.00 ns, 2.2660 us/op, 86447167.00 uJpkg, 0.00 uJdram
WorkloadResult   3: 442330 op, 1001967753.00 ns, 2.2652 us/op, 85881860.00 uJpkg, 0.00 uJdram
WorkloadResult   4: 442330 op, 1001214121.00 ns, 2.2635 us/op, 85195766.00 uJpkg, 0.00 uJdram
WorkloadResult   5: 442330 op, 1000760304.00 ns, 2.2625 us/op, 85244777.00 uJpkg, 0.00 uJdram
WorkloadResult   6: 442330 op, 1001752354.00 ns, 2.2647 us/op, 85478175.00 uJpkg, 0.00 uJdram
WorkloadResult   7: 442330 op, 1001811265.00 ns, 2.2649 us/op, 85484583.00 uJpkg, 0.00 uJdram
WorkloadResult   8: 442330 op, 1002027650.00 ns, 2.2653 us/op, 85519984.00 uJpkg, 0.00 uJdram
WorkloadResult   9: 442330 op, 1000704207.00 ns, 2.2623 us/op, 84910977.00 uJpkg, 0.00 uJdram
WorkloadResult  10: 442330 op, 1001856516.00 ns, 2.2650 us/op, 85288051.00 uJpkg, 0.00 uJdram
WorkloadResult  11: 442330 op, 999744040.00 ns, 2.2602 us/op, 85020229.00 uJpkg, 0.00 uJdram
WorkloadResult  12: 442330 op, 1001731277.00 ns, 2.2647 us/op, 85195156.00 uJpkg, 0.00 uJdram
WorkloadResult  13: 442330 op, 1002075049.00 ns, 2.2654 us/op, 85401392.00 uJpkg, 0.00 uJdram
WorkloadResult  14: 442330 op, 1000912753.00 ns, 2.2628 us/op, 85239833.00 uJpkg, 0.00 uJdram
WorkloadResult  15: 442330 op, 1003283369.00 ns, 2.2682 us/op, 85825708.00 uJpkg, 0.00 uJdram

// AfterAll
// Benchmark Process 4048153 has exited with code 0.

Mean = 2.264 μs, StdErr = 0.001 μs (0.02%), N = 15, StdDev = 0.002 μs
Min = 2.260 μs, Q1 = 2.263 μs, Median = 2.265 μs, Q3 = 2.265 μs, Max = 2.268 μs
IQR = 0.003 μs, LowerFence = 2.259 μs, UpperFence = 2.269 μs
ConfidenceInterval = [2.262 μs; 2.266 μs] (CI 99.9%), Margin = 0.002 μs (0.10% of Mean)
Skewness = -0.22, Kurtosis = 2.38, MValue = 2

// ** Remained 17 (56.7%) benchmark(s) to run. Estimated finish 2025-12-31 17:50 (0h 7m from now) **
// **************************
// Benchmark: JsonSerializationBenchmarks.Utf8Json_Deserialize_Small: Overhead-Fixed-Energy-1(OutlierMode=DontRemove, IterationCount=15, IterationTime=1s, LaunchCount=1, WarmupCount=6)
// *** Execute ***
// Launch: 1 / 1
// Execute: dotnet Serialization.Bench-Overhead-Fixed-Energy-1-1.dll --anonymousPipes 103 104 --benchmarkName Serialization.Bench.JsonSerializationBenchmarks.Utf8Json_Deserialize_Small --job Overhead-Fixed-Energy-1 --benchmarkId 13 in /home/test/rapl-tests/lib-energy-bench/src/Serialization.Bench/bin/Release/net8.0/Serialization.Bench-Overhead-Fixed-Energy-1-1/bin/Release/net8.0
// BeforeAnythingElse

// Benchmark Process Environment Information:
// BenchmarkDotNet v0.15.5-develop (2025-12-31)
// Runtime=.NET 8.0.21 (8.0.21, 8.0.2125.47513), X64 RyuJIT x86-64-v4
// GC=Concurrent Workstation
// HardwareIntrinsics=AVX512 IFMA+VBMI,AVX512 F+BW+CD+DQ+VL,AVX2+BMI1+BMI2+F16C+FMA+LZCNT+MOVBE,AVX,SSE3+SSSE3+SSE4.1+SSE4.2+POPCNT,X86Base+SSE+SSE2,AES+PCLMUL VectorSize=256
// Job: Overhead-Fixed-Energy-1(OutlierMode=DontRemove, IterationCount=15, IterationTime=1s, LaunchCount=1, WarmupCount=6)

OverheadJitting  1: 1 op, 141507.00 ns, 141.5070 us/op, 68969.00 uJpkg, 0.00 uJdram
WorkloadJitting  1: 1 op, 46513616.00 ns, 46.5136 ms/op, 2779595.00 uJpkg, 0.00 uJdram

OverheadJitting  2: 16 op, 400420.00 ns, 25.0263 us/op, 63781.00 uJpkg, 0.00 uJdram
WorkloadJitting  2: 16 op, 656877.00 ns, 41.0548 us/op, 63721.00 uJpkg, 0.00 uJdram

WorkloadPilot    1: 16 op, 274482.00 ns, 17.1551 us/op, 0.00 uJpkg, 0.00 uJdram
WorkloadPilot    2: 58304 op, 631553051.00 ns, 10.8321 us/op, 52997789.00 uJpkg, 0.00 uJdram
WorkloadPilot    3: 92320 op, 197056197.00 ns, 2.1345 us/op, 17124712.00 uJpkg, 0.00 uJdram
WorkloadPilot    4: 468496 op, 974659123.00 ns, 2.0804 us/op, 82122837.00 uJpkg, 0.00 uJdram
WorkloadPilot    5: 480688 op, 1008157742.00 ns, 2.0973 us/op, 84699856.00 uJpkg, 0.00 uJdram
WorkloadPilot    6: 476800 op, 993521921.00 ns, 2.0837 us/op, 83871855.00 uJpkg, 0.00 uJdram
WorkloadPilot    7: 479920 op, 994221643.00 ns, 2.0716 us/op, 84061675.00 uJpkg, 0.00 uJdram
WorkloadPilot    8: 482720 op, 1000868204.00 ns, 2.0734 us/op, 84385404.00 uJpkg, 0.00 uJdram
WorkloadPilot    9: 482304 op, 997751214.00 ns, 2.0687 us/op, 84201444.00 uJpkg, 0.00 uJdram
WorkloadPilot   10: 483392 op, 1006037475.00 ns, 2.0812 us/op, 85193080.00 uJpkg, 0.00 uJdram

OverheadWarmup   1: 483392 op, 1646187.00 ns, 3.4055 ns/op, 124817.00 uJpkg, 0.00 uJdram
OverheadWarmup   2: 483392 op, 1645873.00 ns, 3.4048 ns/op, 136413.00 uJpkg, 0.00 uJdram
OverheadWarmup   3: 483392 op, 1657025.00 ns, 3.4279 ns/op, 131774.00 uJpkg, 0.00 uJdram
OverheadWarmup   4: 483392 op, 1653116.00 ns, 3.4198 ns/op, 151855.00 uJpkg, 0.00 uJdram
OverheadWarmup   5: 483392 op, 1655601.00 ns, 3.4250 ns/op, 82824.00 uJpkg, 0.00 uJdram
OverheadWarmup   6: 483392 op, 1661939.00 ns, 3.4381 ns/op, 75805.00 uJpkg, 0.00 uJdram
OverheadWarmup   7: 483392 op, 1658534.00 ns, 3.4310 ns/op, 157958.00 uJpkg, 0.00 uJdram

OverheadActual   1: 483392 op, 1658981.00 ns, 3.4320 ns/op, 157470.00 uJpkg, 0.00 uJdram
OverheadActual   2: 483392 op, 1658476.00 ns, 3.4309 ns/op, 141296.00 uJpkg, 0.00 uJdram
OverheadActual   3: 483392 op, 1646746.00 ns, 3.4066 ns/op, 158081.00 uJpkg, 0.00 uJdram
OverheadActual   4: 483392 op, 1648741.00 ns, 3.4108 ns/op, 133910.00 uJpkg, 0.00 uJdram
OverheadActual   5: 483392 op, 1653842.00 ns, 3.4213 ns/op, 131591.00 uJpkg, 0.00 uJdram
OverheadActual   6: 483392 op, 1659275.00 ns, 3.4326 ns/op, 160217.00 uJpkg, 0.00 uJdram
OverheadActual   7: 483392 op, 1658282.00 ns, 3.4305 ns/op, 144225.00 uJpkg, 0.00 uJdram
OverheadActual   8: 483392 op, 1648677.00 ns, 3.4106 ns/op, 155944.00 uJpkg, 0.00 uJdram
OverheadActual   9: 483392 op, 1676801.00 ns, 3.4688 ns/op, 138000.00 uJpkg, 0.00 uJdram
OverheadActual  10: 483392 op, 1657039.00 ns, 3.4279 ns/op, 79406.00 uJpkg, 0.00 uJdram
OverheadActual  11: 483392 op, 1658406.00 ns, 3.4308 ns/op, 66528.00 uJpkg, 0.00 uJdram
OverheadActual  12: 483392 op, 1648629.00 ns, 3.4105 ns/op, 146972.00 uJpkg, 0.00 uJdram
OverheadActual  13: 483392 op, 1654847.00 ns, 3.4234 ns/op, 142822.00 uJpkg, 0.00 uJdram
OverheadActual  14: 483392 op, 1654317.00 ns, 3.4223 ns/op, 132324.00 uJpkg, 0.00 uJdram
OverheadActual  15: 483392 op, 1658268.00 ns, 3.4305 ns/op, 77270.00 uJpkg, 0.00 uJdram

WorkloadWarmup   1: 483392 op, 1005225112.00 ns, 2.0795 us/op, 87495748.00 uJpkg, 0.00 uJdram
WorkloadWarmup   2: 483392 op, 1000494319.00 ns, 2.0697 us/op, 84133696.00 uJpkg, 0.00 uJdram
WorkloadWarmup   3: 483392 op, 999659526.00 ns, 2.0680 us/op, 84369901.00 uJpkg, 0.00 uJdram
WorkloadWarmup   4: 483392 op, 999254178.00 ns, 2.0672 us/op, 84156767.00 uJpkg, 0.00 uJdram
WorkloadWarmup   5: 483392 op, 1000342821.00 ns, 2.0694 us/op, 84267180.00 uJpkg, 0.00 uJdram
WorkloadWarmup   6: 483392 op, 999799169.00 ns, 2.0683 us/op, 83894621.00 uJpkg, 0.00 uJdram

// BeforeActualRun
WorkloadActual   1: 483392 op, 1001673784.00 ns, 2.0722 us/op, 84244535.00 uJpkg, 0.00 uJdram
WorkloadActual   2: 483392 op, 996996807.00 ns, 2.0625 us/op, 83750152.00 uJpkg, 0.00 uJdram
WorkloadActual   3: 483392 op, 994083860.00 ns, 2.0565 us/op, 83855010.00 uJpkg, 0.00 uJdram
WorkloadActual   4: 483392 op, 996647607.00 ns, 2.0618 us/op, 83453827.00 uJpkg, 0.00 uJdram
WorkloadActual   5: 483392 op, 993677337.00 ns, 2.0556 us/op, 83481476.00 uJpkg, 0.00 uJdram
WorkloadActual   6: 483392 op, 999927185.00 ns, 2.0686 us/op, 84068816.00 uJpkg, 0.00 uJdram
WorkloadActual   7: 483392 op, 991829338.00 ns, 2.0518 us/op, 83590179.00 uJpkg, 0.00 uJdram
WorkloadActual   8: 483392 op, 996034695.00 ns, 2.0605 us/op, 83834136.00 uJpkg, 0.00 uJdram
WorkloadActual   9: 483392 op, 998116503.00 ns, 2.0648 us/op, 83839324.00 uJpkg, 0.00 uJdram
WorkloadActual  10: 483392 op, 995584591.00 ns, 2.0596 us/op, 85145229.00 uJpkg, 0.00 uJdram
WorkloadActual  11: 483392 op, 993276914.00 ns, 2.0548 us/op, 84355375.00 uJpkg, 0.00 uJdram
WorkloadActual  12: 483392 op, 994543825.00 ns, 2.0574 us/op, 84045012.00 uJpkg, 0.00 uJdram
WorkloadActual  13: 483392 op, 991712092.00 ns, 2.0516 us/op, 83894622.00 uJpkg, 0.00 uJdram
WorkloadActual  14: 483392 op, 993215301.00 ns, 2.0547 us/op, 84073394.00 uJpkg, 0.00 uJdram
WorkloadActual  15: 483392 op, 993736058.00 ns, 2.0558 us/op, 84347928.00 uJpkg, 0.00 uJdram

// AfterActualRun
WorkloadResult   1: 483392 op, 1000016745.00 ns, 2.0687 us/op, 84244535.00 uJpkg, 0.00 uJdram
WorkloadResult   2: 483392 op, 995339768.00 ns, 2.0591 us/op, 83750152.00 uJpkg, 0.00 uJdram
WorkloadResult   3: 483392 op, 992426821.00 ns, 2.0530 us/op, 83855010.00 uJpkg, 0.00 uJdram
WorkloadResult   4: 483392 op, 994990568.00 ns, 2.0584 us/op, 83453827.00 uJpkg, 0.00 uJdram
WorkloadResult   5: 483392 op, 992020298.00 ns, 2.0522 us/op, 83481476.00 uJpkg, 0.00 uJdram
WorkloadResult   6: 483392 op, 998270146.00 ns, 2.0651 us/op, 84068816.00 uJpkg, 0.00 uJdram
WorkloadResult   7: 483392 op, 990172299.00 ns, 2.0484 us/op, 83590179.00 uJpkg, 0.00 uJdram
WorkloadResult   8: 483392 op, 994377656.00 ns, 2.0571 us/op, 83834136.00 uJpkg, 0.00 uJdram
WorkloadResult   9: 483392 op, 996459464.00 ns, 2.0614 us/op, 83839324.00 uJpkg, 0.00 uJdram
WorkloadResult  10: 483392 op, 993927552.00 ns, 2.0562 us/op, 85145229.00 uJpkg, 0.00 uJdram
WorkloadResult  11: 483392 op, 991619875.00 ns, 2.0514 us/op, 84355375.00 uJpkg, 0.00 uJdram
WorkloadResult  12: 483392 op, 992886786.00 ns, 2.0540 us/op, 84045012.00 uJpkg, 0.00 uJdram
WorkloadResult  13: 483392 op, 990055053.00 ns, 2.0481 us/op, 83894622.00 uJpkg, 0.00 uJdram
WorkloadResult  14: 483392 op, 991558262.00 ns, 2.0513 us/op, 84073394.00 uJpkg, 0.00 uJdram
WorkloadResult  15: 483392 op, 992079019.00 ns, 2.0523 us/op, 84347928.00 uJpkg, 0.00 uJdram

// AfterAll
// Benchmark Process 4048170 has exited with code 0.

Mean = 2.056 μs, StdErr = 0.002 μs (0.07%), N = 15, StdDev = 0.006 μs
Min = 2.048 μs, Q1 = 2.052 μs, Median = 2.054 μs, Q3 = 2.059 μs, Max = 2.069 μs
IQR = 0.007 μs, LowerFence = 2.041 μs, UpperFence = 2.069 μs
ConfidenceInterval = [2.049 μs; 2.062 μs] (CI 99.9%), Margin = 0.006 μs (0.31% of Mean)
Skewness = 0.66, Kurtosis = 2.39, MValue = 2

// ** Remained 16 (53.3%) benchmark(s) to run. Estimated finish 2025-12-31 17:50 (0h 7m from now) **
// **************************
// Benchmark: JsonSerializationBenchmarks.SpanJson_Deserialize_Small: Overhead-Fixed-Energy-1(OutlierMode=DontRemove, IterationCount=15, IterationTime=1s, LaunchCount=1, WarmupCount=6)
// *** Execute ***
// Launch: 1 / 1
// Execute: dotnet Serialization.Bench-Overhead-Fixed-Energy-1-1.dll --anonymousPipes 103 104 --benchmarkName Serialization.Bench.JsonSerializationBenchmarks.SpanJson_Deserialize_Small --job Overhead-Fixed-Energy-1 --benchmarkId 14 in /home/test/rapl-tests/lib-energy-bench/src/Serialization.Bench/bin/Release/net8.0/Serialization.Bench-Overhead-Fixed-Energy-1-1/bin/Release/net8.0
// BeforeAnythingElse

// Benchmark Process Environment Information:
// BenchmarkDotNet v0.15.5-develop (2025-12-31)
// Runtime=.NET 8.0.21 (8.0.21, 8.0.2125.47513), X64 RyuJIT x86-64-v4
// GC=Concurrent Workstation
// HardwareIntrinsics=AVX512 IFMA+VBMI,AVX512 F+BW+CD+DQ+VL,AVX2+BMI1+BMI2+F16C+FMA+LZCNT+MOVBE,AVX,SSE3+SSSE3+SSE4.1+SSE4.2+POPCNT,X86Base+SSE+SSE2,AES+PCLMUL VectorSize=256
// Job: Overhead-Fixed-Energy-1(OutlierMode=DontRemove, IterationCount=15, IterationTime=1s, LaunchCount=1, WarmupCount=6)

OverheadJitting  1: 1 op, 147782.00 ns, 147.7820 us/op, 76843.00 uJpkg, 0.00 uJdram
WorkloadJitting  1: 1 op, 59157209.00 ns, 59.1572 ms/op, 3783926.00 uJpkg, 0.00 uJdram

OverheadJitting  2: 16 op, 401973.00 ns, 25.1233 us/op, 76660.00 uJpkg, 0.00 uJdram
WorkloadJitting  2: 16 op, 414601.00 ns, 25.9126 us/op, 0.00 uJpkg, 0.00 uJdram

WorkloadPilot    1: 16 op, 34151.00 ns, 2.1344 us/op, 73852.00 uJpkg, 0.00 uJdram
WorkloadPilot    2: 468512 op, 567240865.00 ns, 1.2107 us/op, 44562813.00 uJpkg, 0.00 uJdram
WorkloadPilot    3: 825952 op, 961076465.00 ns, 1.1636 us/op, 81802708.00 uJpkg, 0.00 uJdram
WorkloadPilot    4: 859408 op, 997157732.00 ns, 1.1603 us/op, 84805202.00 uJpkg, 0.00 uJdram
WorkloadPilot    5: 861872 op, 997986448.00 ns, 1.1579 us/op, 85212856.00 uJpkg, 0.00 uJdram
WorkloadPilot    6: 863616 op, 1001739174.00 ns, 1.1599 us/op, 84972805.00 uJpkg, 0.00 uJdram
WorkloadPilot    7: 862128 op, 1004391946.00 ns, 1.1650 us/op, 85420131.00 uJpkg, 0.00 uJdram
WorkloadPilot    8: 858368 op, 999238769.00 ns, 1.1641 us/op, 84701382.00 uJpkg, 0.00 uJdram
WorkloadPilot    9: 859024 op, 999096188.00 ns, 1.1631 us/op, 84753384.00 uJpkg, 0.00 uJdram
WorkloadPilot   10: 859808 op, 996814089.00 ns, 1.1593 us/op, 84898037.00 uJpkg, 0.00 uJdram
WorkloadPilot   11: 862560 op, 1005160439.00 ns, 1.1653 us/op, 84936123.00 uJpkg, 0.00 uJdram

OverheadWarmup   1: 862560 op, 2990322.00 ns, 3.4668 ns/op, 233642.00 uJpkg, 0.00 uJdram
OverheadWarmup   2: 862560 op, 2993348.00 ns, 3.4703 ns/op, 161071.00 uJpkg, 0.00 uJdram
OverheadWarmup   3: 862560 op, 2960504.00 ns, 3.4322 ns/op, 207519.00 uJpkg, 0.00 uJdram
OverheadWarmup   4: 862560 op, 2970705.00 ns, 3.4441 ns/op, 200927.00 uJpkg, 0.00 uJdram
OverheadWarmup   5: 862560 op, 2946137.00 ns, 3.4156 ns/op, 222534.00 uJpkg, 0.00 uJdram

OverheadActual   1: 862560 op, 2959284.00 ns, 3.4308 ns/op, 218322.00 uJpkg, 0.00 uJdram
OverheadActual   2: 862560 op, 2954491.00 ns, 3.4253 ns/op, 152954.00 uJpkg, 0.00 uJdram
OverheadActual   3: 862560 op, 2961542.00 ns, 3.4334 ns/op, 203551.00 uJpkg, 0.00 uJdram
OverheadActual   4: 862560 op, 2954691.00 ns, 3.4255 ns/op, 196105.00 uJpkg, 0.00 uJdram
OverheadActual   5: 862560 op, 2951034.00 ns, 3.4213 ns/op, 193359.00 uJpkg, 0.00 uJdram
OverheadActual   6: 862560 op, 2949176.00 ns, 3.4191 ns/op, 204407.00 uJpkg, 0.00 uJdram
OverheadActual   7: 862560 op, 2954173.00 ns, 3.4249 ns/op, 206482.00 uJpkg, 0.00 uJdram
OverheadActual   8: 862560 op, 2957950.00 ns, 3.4293 ns/op, 220214.00 uJpkg, 0.00 uJdram
OverheadActual   9: 862560 op, 2950692.00 ns, 3.4209 ns/op, 213195.00 uJpkg, 0.00 uJdram
OverheadActual  10: 862560 op, 2950993.00 ns, 3.4212 ns/op, 194152.00 uJpkg, 0.00 uJdram
OverheadActual  11: 862560 op, 2948863.00 ns, 3.4187 ns/op, 191528.00 uJpkg, 0.00 uJdram
OverheadActual  12: 862560 op, 2950487.00 ns, 3.4206 ns/op, 202941.00 uJpkg, 0.00 uJdram
OverheadActual  13: 862560 op, 2950719.00 ns, 3.4209 ns/op, 217224.00 uJpkg, 0.00 uJdram
OverheadActual  14: 862560 op, 2962760.00 ns, 3.4348 ns/op, 222777.00 uJpkg, 0.00 uJdram
OverheadActual  15: 862560 op, 2957734.00 ns, 3.4290 ns/op, 197143.00 uJpkg, 0.00 uJdram

WorkloadWarmup   1: 862560 op, 1004455154.00 ns, 1.1645 us/op, 87833699.00 uJpkg, 0.00 uJdram
WorkloadWarmup   2: 862560 op, 1001992917.00 ns, 1.1617 us/op, 85081996.00 uJpkg, 0.00 uJdram
WorkloadWarmup   3: 862560 op, 1000556605.00 ns, 1.1600 us/op, 84774319.00 uJpkg, 0.00 uJdram
WorkloadWarmup   4: 862560 op, 997130298.00 ns, 1.1560 us/op, 84600980.00 uJpkg, 0.00 uJdram
WorkloadWarmup   5: 862560 op, 996665754.00 ns, 1.1555 us/op, 84554715.00 uJpkg, 0.00 uJdram
WorkloadWarmup   6: 862560 op, 996516112.00 ns, 1.1553 us/op, 84657376.00 uJpkg, 0.00 uJdram

// BeforeActualRun
WorkloadActual   1: 862560 op, 1002188024.00 ns, 1.1619 us/op, 85231410.00 uJpkg, 0.00 uJdram
WorkloadActual   2: 862560 op, 1004959138.00 ns, 1.1651 us/op, 85225734.00 uJpkg, 0.00 uJdram
WorkloadActual   3: 862560 op, 1002653304.00 ns, 1.1624 us/op, 85201992.00 uJpkg, 0.00 uJdram
WorkloadActual   4: 862560 op, 1002964990.00 ns, 1.1628 us/op, 85275661.00 uJpkg, 0.00 uJdram
WorkloadActual   5: 862560 op, 1004670960.00 ns, 1.1648 us/op, 85462611.00 uJpkg, 0.00 uJdram
WorkloadActual   6: 862560 op, 1004492718.00 ns, 1.1645 us/op, 84972072.00 uJpkg, 0.00 uJdram
WorkloadActual   7: 862560 op, 1003448620.00 ns, 1.1633 us/op, 84959683.00 uJpkg, 0.00 uJdram
WorkloadActual   8: 862560 op, 999752960.00 ns, 1.1591 us/op, 84824124.00 uJpkg, 0.00 uJdram
WorkloadActual   9: 862560 op, 999987835.00 ns, 1.1593 us/op, 85050014.00 uJpkg, 0.00 uJdram
WorkloadActual  10: 862560 op, 1001255755.00 ns, 1.1608 us/op, 85945581.00 uJpkg, 0.00 uJdram
WorkloadActual  11: 862560 op, 999945572.00 ns, 1.1593 us/op, 84733487.00 uJpkg, 0.00 uJdram
WorkloadActual  12: 862560 op, 999812729.00 ns, 1.1591 us/op, 85174220.00 uJpkg, 0.00 uJdram
WorkloadActual  13: 862560 op, 1000566298.00 ns, 1.1600 us/op, 85311000.00 uJpkg, 0.00 uJdram
WorkloadActual  14: 862560 op, 999903537.00 ns, 1.1592 us/op, 84666837.00 uJpkg, 0.00 uJdram
WorkloadActual  15: 862560 op, 1004628149.00 ns, 1.1647 us/op, 85433070.00 uJpkg, 0.00 uJdram

// AfterActualRun
WorkloadResult   1: 862560 op, 999233851.00 ns, 1.1585 us/op, 85231410.00 uJpkg, 0.00 uJdram
WorkloadResult   2: 862560 op, 1002004965.00 ns, 1.1617 us/op, 85225734.00 uJpkg, 0.00 uJdram
WorkloadResult   3: 862560 op, 999699131.00 ns, 1.1590 us/op, 85201992.00 uJpkg, 0.00 uJdram
WorkloadResult   4: 862560 op, 1000010817.00 ns, 1.1594 us/op, 85275661.00 uJpkg, 0.00 uJdram
WorkloadResult   5: 862560 op, 1001716787.00 ns, 1.1613 us/op, 85462611.00 uJpkg, 0.00 uJdram
WorkloadResult   6: 862560 op, 1001538545.00 ns, 1.1611 us/op, 84972072.00 uJpkg, 0.00 uJdram
WorkloadResult   7: 862560 op, 1000494447.00 ns, 1.1599 us/op, 84959683.00 uJpkg, 0.00 uJdram
WorkloadResult   8: 862560 op, 996798787.00 ns, 1.1556 us/op, 84824124.00 uJpkg, 0.00 uJdram
WorkloadResult   9: 862560 op, 997033662.00 ns, 1.1559 us/op, 85050014.00 uJpkg, 0.00 uJdram
WorkloadResult  10: 862560 op, 998301582.00 ns, 1.1574 us/op, 85945581.00 uJpkg, 0.00 uJdram
WorkloadResult  11: 862560 op, 996991399.00 ns, 1.1559 us/op, 84733487.00 uJpkg, 0.00 uJdram
WorkloadResult  12: 862560 op, 996858556.00 ns, 1.1557 us/op, 85174220.00 uJpkg, 0.00 uJdram
WorkloadResult  13: 862560 op, 997612125.00 ns, 1.1566 us/op, 85311000.00 uJpkg, 0.00 uJdram
WorkloadResult  14: 862560 op, 996949364.00 ns, 1.1558 us/op, 84666837.00 uJpkg, 0.00 uJdram
WorkloadResult  15: 862560 op, 1001673976.00 ns, 1.1613 us/op, 85433070.00 uJpkg, 0.00 uJdram

// AfterAll
// Benchmark Process 4048183 has exited with code 0.

Mean = 1.158 μs, StdErr = 0.001 μs (0.05%), N = 15, StdDev = 0.002 μs
Min = 1.156 μs, Q1 = 1.156 μs, Median = 1.158 μs, Q3 = 1.161 μs, Max = 1.162 μs
IQR = 0.005 μs, LowerFence = 1.149 μs, UpperFence = 1.167 μs
ConfidenceInterval = [1.156 μs; 1.161 μs] (CI 99.9%), Margin = 0.003 μs (0.22% of Mean)
Skewness = 0.14, Kurtosis = 1.26, MValue = 2

// ** Remained 15 (50.0%) benchmark(s) to run. Estimated finish 2025-12-31 17:50 (0h 6m from now) **
// **************************
// Benchmark: JsonSerializationBenchmarks.STJ_Serialize_Large: Overhead-Fixed-Energy-1(OutlierMode=DontRemove, IterationCount=15, IterationTime=1s, LaunchCount=1, WarmupCount=6)
// *** Execute ***
// Launch: 1 / 1
// Execute: dotnet Serialization.Bench-Overhead-Fixed-Energy-1-1.dll --anonymousPipes 103 104 --benchmarkName Serialization.Bench.JsonSerializationBenchmarks.STJ_Serialize_Large --job Overhead-Fixed-Energy-1 --benchmarkId 15 in /home/test/rapl-tests/lib-energy-bench/src/Serialization.Bench/bin/Release/net8.0/Serialization.Bench-Overhead-Fixed-Energy-1-1/bin/Release/net8.0
// BeforeAnythingElse

// Benchmark Process Environment Information:
// BenchmarkDotNet v0.15.5-develop (2025-12-31)
// Runtime=.NET 8.0.21 (8.0.21, 8.0.2125.47513), X64 RyuJIT x86-64-v4
// GC=Concurrent Workstation
// HardwareIntrinsics=AVX512 IFMA+VBMI,AVX512 F+BW+CD+DQ+VL,AVX2+BMI1+BMI2+F16C+FMA+LZCNT+MOVBE,AVX,SSE3+SSSE3+SSE4.1+SSE4.2+POPCNT,X86Base+SSE+SSE2,AES+PCLMUL VectorSize=256
// Job: Overhead-Fixed-Energy-1(OutlierMode=DontRemove, IterationCount=15, IterationTime=1s, LaunchCount=1, WarmupCount=6)

OverheadJitting  1: 1 op, 136340.00 ns, 136.3400 us/op, 0.00 uJpkg, 0.00 uJdram
WorkloadJitting  1: 1 op, 7986967.00 ns, 7.9870 ms/op, 493224.00 uJpkg, 0.00 uJdram

OverheadJitting  2: 16 op, 370667.00 ns, 23.1667 us/op, 54688.00 uJpkg, 0.00 uJdram
WorkloadJitting  2: 16 op, 6303231.00 ns, 393.9519 us/op, 427306.00 uJpkg, 0.00 uJdram

WorkloadPilot    1: 16 op, 5880091.00 ns, 367.5057 us/op, 434203.00 uJpkg, 0.00 uJdram
WorkloadPilot    2: 2736 op, 746616146.00 ns, 272.8860 us/op, 70467044.00 uJpkg, 0.00 uJdram
WorkloadPilot    3: 3680 op, 702291069.00 ns, 190.8400 us/op, 64482379.00 uJpkg, 0.00 uJdram
WorkloadPilot    4: 5248 op, 1001948592.00 ns, 190.9201 us/op, 91703317.00 uJpkg, 0.00 uJdram

OverheadWarmup   1: 5248 op, 19018.00 ns, 3.6239 ns/op, 82825.00 uJpkg, 0.00 uJdram
OverheadWarmup   2: 5248 op, 18437.00 ns, 3.5131 ns/op, 0.00 uJpkg, 0.00 uJdram
OverheadWarmup   3: 5248 op, 18434.00 ns, 3.5126 ns/op, 0.00 uJpkg, 0.00 uJdram
OverheadWarmup   4: 5248 op, 18435.00 ns, 3.5128 ns/op, 0.00 uJpkg, 0.00 uJdram
OverheadWarmup   5: 5248 op, 18423.00 ns, 3.5105 ns/op, 0.00 uJpkg, 0.00 uJdram
OverheadWarmup   6: 5248 op, 18450.00 ns, 3.5156 ns/op, 0.00 uJpkg, 0.00 uJdram
OverheadWarmup   7: 5248 op, 18428.00 ns, 3.5114 ns/op, 0.00 uJpkg, 0.00 uJdram

OverheadActual   1: 5248 op, 18447.00 ns, 3.5151 ns/op, 0.00 uJpkg, 0.00 uJdram
OverheadActual   2: 5248 op, 18444.00 ns, 3.5145 ns/op, 0.00 uJpkg, 0.00 uJdram
OverheadActual   3: 5248 op, 18443.00 ns, 3.5143 ns/op, 0.00 uJpkg, 0.00 uJdram
OverheadActual   4: 5248 op, 18414.00 ns, 3.5088 ns/op, 0.00 uJpkg, 0.00 uJdram
OverheadActual   5: 5248 op, 19198.00 ns, 3.6582 ns/op, 0.00 uJpkg, 0.00 uJdram
OverheadActual   6: 5248 op, 19360.00 ns, 3.6890 ns/op, 0.00 uJpkg, 0.00 uJdram
OverheadActual   7: 5248 op, 19194.00 ns, 3.6574 ns/op, 0.00 uJpkg, 0.00 uJdram
OverheadActual   8: 5248 op, 19608.00 ns, 3.7363 ns/op, 0.00 uJpkg, 0.00 uJdram
OverheadActual   9: 5248 op, 18435.00 ns, 3.5128 ns/op, 0.00 uJpkg, 0.00 uJdram
OverheadActual  10: 5248 op, 19215.00 ns, 3.6614 ns/op, 0.00 uJpkg, 0.00 uJdram
OverheadActual  11: 5248 op, 19204.00 ns, 3.6593 ns/op, 0.00 uJpkg, 0.00 uJdram
OverheadActual  12: 5248 op, 19213.00 ns, 3.6610 ns/op, 0.00 uJpkg, 0.00 uJdram
OverheadActual  13: 5248 op, 23070.00 ns, 4.3960 ns/op, 0.00 uJpkg, 0.00 uJdram
OverheadActual  14: 5248 op, 18419.00 ns, 3.5097 ns/op, 0.00 uJpkg, 0.00 uJdram
OverheadActual  15: 5248 op, 18431.00 ns, 3.5120 ns/op, 0.00 uJpkg, 0.00 uJdram
OverheadActual  16: 5248 op, 18435.00 ns, 3.5128 ns/op, 0.00 uJpkg, 0.00 uJdram
OverheadActual  17: 5248 op, 22931.00 ns, 4.3695 ns/op, 0.00 uJpkg, 0.00 uJdram
OverheadActual  18: 5248 op, 18701.00 ns, 3.5635 ns/op, 83801.00 uJpkg, 0.00 uJdram
OverheadActual  19: 5248 op, 18436.00 ns, 3.5130 ns/op, 0.00 uJpkg, 0.00 uJdram
OverheadActual  20: 5248 op, 18432.00 ns, 3.5122 ns/op, 0.00 uJpkg, 0.00 uJdram

WorkloadWarmup   1: 5248 op, 1007080743.00 ns, 191.8980 us/op, 94894105.00 uJpkg, 0.00 uJdram
WorkloadWarmup   2: 5248 op, 1007382993.00 ns, 191.9556 us/op, 92869391.00 uJpkg, 0.00 uJdram
WorkloadWarmup   3: 5248 op, 1007379393.00 ns, 191.9549 us/op, 92587898.00 uJpkg, 0.00 uJdram
WorkloadWarmup   4: 5248 op, 1009042994.00 ns, 192.2719 us/op, 92942206.00 uJpkg, 0.00 uJdram
WorkloadWarmup   5: 5248 op, 1007113694.00 ns, 191.9043 us/op, 92738288.00 uJpkg, 0.00 uJdram
WorkloadWarmup   6: 5248 op, 1005829406.00 ns, 191.6596 us/op, 92338936.00 uJpkg, 0.00 uJdram

// BeforeActualRun
WorkloadActual   1: 5248 op, 1007676807.00 ns, 192.0116 us/op, 93071295.00 uJpkg, 0.00 uJdram
WorkloadActual   2: 5248 op, 1005658460.00 ns, 191.6270 us/op, 92376168.00 uJpkg, 0.00 uJdram
WorkloadActual   3: 5248 op, 1006506178.00 ns, 191.7885 us/op, 93250616.00 uJpkg, 0.00 uJdram
WorkloadActual   4: 5248 op, 1025874245.00 ns, 195.4791 us/op, 94034122.00 uJpkg, 0.00 uJdram
WorkloadActual   5: 5248 op, 1007461487.00 ns, 191.9706 us/op, 92925055.00 uJpkg, 0.00 uJdram
WorkloadActual   6: 5248 op, 1008589600.00 ns, 192.1855 us/op, 92349800.00 uJpkg, 0.00 uJdram
WorkloadActual   7: 5248 op, 1006175586.00 ns, 191.7255 us/op, 92528083.00 uJpkg, 0.00 uJdram
WorkloadActual   8: 5248 op, 1008407675.00 ns, 192.1509 us/op, 93219916.00 uJpkg, 0.00 uJdram
WorkloadActual   9: 5248 op, 1006505927.00 ns, 191.7885 us/op, 93275762.00 uJpkg, 0.00 uJdram
WorkloadActual  10: 5248 op, 1013845282.00 ns, 193.1870 us/op, 93926579.00 uJpkg, 0.00 uJdram
WorkloadActual  11: 5248 op, 1006485187.00 ns, 191.7845 us/op, 93040228.00 uJpkg, 0.00 uJdram
WorkloadActual  12: 5248 op, 1007103321.00 ns, 191.9023 us/op, 92936408.00 uJpkg, 0.00 uJdram
WorkloadActual  13: 5248 op, 1008682103.00 ns, 192.2031 us/op, 92838325.00 uJpkg, 0.00 uJdram
WorkloadActual  14: 5248 op, 1007082141.00 ns, 191.8983 us/op, 92891364.00 uJpkg, 0.00 uJdram
WorkloadActual  15: 5248 op, 1007515498.00 ns, 191.9808 us/op, 92684333.00 uJpkg, 0.00 uJdram

// AfterActualRun
WorkloadResult   1: 5248 op, 1007658233.00 ns, 192.0080 us/op, 93071295.00 uJpkg, 0.00 uJdram
WorkloadResult   2: 5248 op, 1005639886.00 ns, 191.6235 us/op, 92376168.00 uJpkg, 0.00 uJdram
WorkloadResult   3: 5248 op, 1006487604.00 ns, 191.7850 us/op, 93250616.00 uJpkg, 0.00 uJdram
WorkloadResult   4: 5248 op, 1025855671.00 ns, 195.4755 us/op, 94034122.00 uJpkg, 0.00 uJdram
WorkloadResult   5: 5248 op, 1007442913.00 ns, 191.9670 us/op, 92925055.00 uJpkg, 0.00 uJdram
WorkloadResult   6: 5248 op, 1008571026.00 ns, 192.1820 us/op, 92349800.00 uJpkg, 0.00 uJdram
WorkloadResult   7: 5248 op, 1006157012.00 ns, 191.7220 us/op, 92528083.00 uJpkg, 0.00 uJdram
WorkloadResult   8: 5248 op, 1008389101.00 ns, 192.1473 us/op, 93219916.00 uJpkg, 0.00 uJdram
WorkloadResult   9: 5248 op, 1006487353.00 ns, 191.7849 us/op, 93275762.00 uJpkg, 0.00 uJdram
WorkloadResult  10: 5248 op, 1013826708.00 ns, 193.1834 us/op, 93926579.00 uJpkg, 0.00 uJdram
WorkloadResult  11: 5248 op, 1006466613.00 ns, 191.7810 us/op, 93040228.00 uJpkg, 0.00 uJdram
WorkloadResult  12: 5248 op, 1007084747.00 ns, 191.8988 us/op, 92936408.00 uJpkg, 0.00 uJdram
WorkloadResult  13: 5248 op, 1008663529.00 ns, 192.1996 us/op, 92838325.00 uJpkg, 0.00 uJdram
WorkloadResult  14: 5248 op, 1007063567.00 ns, 191.8947 us/op, 92891364.00 uJpkg, 0.00 uJdram
WorkloadResult  15: 5248 op, 1007496924.00 ns, 191.9773 us/op, 92684333.00 uJpkg, 0.00 uJdram

// AfterAll
// Benchmark Process 4048205 has exited with code 0.

Mean = 192.242 μs, StdErr = 0.250 μs (0.13%), N = 15, StdDev = 0.967 μs
Min = 191.623 μs, Q1 = 191.785 μs, Median = 191.967 μs, Q3 = 192.165 μs, Max = 195.476 μs
IQR = 0.380 μs, LowerFence = 191.215 μs, UpperFence = 192.734 μs
ConfidenceInterval = [191.209 μs; 193.275 μs] (CI 99.9%), Margin = 1.033 μs (0.54% of Mean)
Skewness = 2.5, Kurtosis = 8.44, MValue = 2

// ** Remained 14 (46.7%) benchmark(s) to run. Estimated finish 2025-12-31 17:50 (0h 6m from now) **
// **************************
// Benchmark: JsonSerializationBenchmarks.Newtonsoft_Serialize_Large: Overhead-Fixed-Energy-1(OutlierMode=DontRemove, IterationCount=15, IterationTime=1s, LaunchCount=1, WarmupCount=6)
// *** Execute ***
// Launch: 1 / 1
// Execute: dotnet Serialization.Bench-Overhead-Fixed-Energy-1-1.dll --anonymousPipes 103 104 --benchmarkName Serialization.Bench.JsonSerializationBenchmarks.Newtonsoft_Serialize_Large --job Overhead-Fixed-Energy-1 --benchmarkId 16 in /home/test/rapl-tests/lib-energy-bench/src/Serialization.Bench/bin/Release/net8.0/Serialization.Bench-Overhead-Fixed-Energy-1-1/bin/Release/net8.0
// BeforeAnythingElse

// Benchmark Process Environment Information:
// BenchmarkDotNet v0.15.5-develop (2025-12-31)
// Runtime=.NET 8.0.21 (8.0.21, 8.0.2125.47513), X64 RyuJIT x86-64-v4
// GC=Concurrent Workstation
// HardwareIntrinsics=AVX512 IFMA+VBMI,AVX512 F+BW+CD+DQ+VL,AVX2+BMI1+BMI2+F16C+FMA+LZCNT+MOVBE,AVX,SSE3+SSSE3+SSE4.1+SSE4.2+POPCNT,X86Base+SSE+SSE2,AES+PCLMUL VectorSize=256
// Job: Overhead-Fixed-Energy-1(OutlierMode=DontRemove, IterationCount=15, IterationTime=1s, LaunchCount=1, WarmupCount=6)

OverheadJitting  1: 1 op, 136268.00 ns, 136.2680 us/op, 65002.00 uJpkg, 0.00 uJdram
WorkloadJitting  1: 1 op, 50470557.00 ns, 50.4706 ms/op, 3098258.00 uJpkg, 0.00 uJdram

OverheadJitting  2: 16 op, 362628.00 ns, 22.6643 us/op, 0.00 uJpkg, 0.00 uJdram
WorkloadJitting  2: 16 op, 15754513.00 ns, 984.6571 us/op, 1075254.00 uJpkg, 0.00 uJdram

WorkloadPilot    1: 16 op, 14982752.00 ns, 936.4220 us/op, 993955.00 uJpkg, 0.00 uJdram
WorkloadPilot    2: 1072 op, 442723366.00 ns, 412.9882 us/op, 36759732.00 uJpkg, 0.00 uJdram
WorkloadPilot    3: 2432 op, 703659739.00 ns, 289.3338 us/op, 59302033.00 uJpkg, 0.00 uJdram
WorkloadPilot    4: 3456 op, 1001996320.00 ns, 289.9295 us/op, 84557278.00 uJpkg, 0.00 uJdram

OverheadWarmup   1: 3456 op, 12678.00 ns, 3.6684 ns/op, 0.00 uJpkg, 0.00 uJdram
OverheadWarmup   2: 3456 op, 12236.00 ns, 3.5405 ns/op, 0.00 uJpkg, 0.00 uJdram
OverheadWarmup   3: 3456 op, 12224.00 ns, 3.5370 ns/op, 0.00 uJpkg, 0.00 uJdram
OverheadWarmup   4: 3456 op, 12232.00 ns, 3.5394 ns/op, 0.00 uJpkg, 0.00 uJdram
OverheadWarmup   5: 3456 op, 12233.00 ns, 3.5396 ns/op, 0.00 uJpkg, 0.00 uJdram
OverheadWarmup   6: 3456 op, 13070.00 ns, 3.7818 ns/op, 0.00 uJpkg, 0.00 uJdram
OverheadWarmup   7: 3456 op, 12242.00 ns, 3.5422 ns/op, 0.00 uJpkg, 0.00 uJdram
OverheadWarmup   8: 3456 op, 12239.00 ns, 3.5414 ns/op, 0.00 uJpkg, 0.00 uJdram
OverheadWarmup   9: 3456 op, 12237.00 ns, 3.5408 ns/op, 0.00 uJpkg, 0.00 uJdram
OverheadWarmup  10: 3456 op, 12229.00 ns, 3.5385 ns/op, 0.00 uJpkg, 0.00 uJdram

OverheadActual   1: 3456 op, 12235.00 ns, 3.5402 ns/op, 0.00 uJpkg, 0.00 uJdram
OverheadActual   2: 3456 op, 12231.00 ns, 3.5391 ns/op, 0.00 uJpkg, 0.00 uJdram
OverheadActual   3: 3456 op, 14662.00 ns, 4.2425 ns/op, 0.00 uJpkg, 0.00 uJdram
OverheadActual   4: 3456 op, 12237.00 ns, 3.5408 ns/op, 0.00 uJpkg, 0.00 uJdram
OverheadActual   5: 3456 op, 12227.00 ns, 3.5379 ns/op, 0.00 uJpkg, 0.00 uJdram
OverheadActual   6: 3456 op, 12235.00 ns, 3.5402 ns/op, 0.00 uJpkg, 0.00 uJdram
OverheadActual   7: 3456 op, 12207.00 ns, 3.5321 ns/op, 0.00 uJpkg, 0.00 uJdram
OverheadActual   8: 3456 op, 12224.00 ns, 3.5370 ns/op, 0.00 uJpkg, 0.00 uJdram
OverheadActual   9: 3456 op, 12628.00 ns, 3.6539 ns/op, 0.00 uJpkg, 0.00 uJdram
OverheadActual  10: 3456 op, 12223.00 ns, 3.5367 ns/op, 0.00 uJpkg, 0.00 uJdram
OverheadActual  11: 3456 op, 12223.00 ns, 3.5367 ns/op, 0.00 uJpkg, 0.00 uJdram
OverheadActual  12: 3456 op, 12236.00 ns, 3.5405 ns/op, 0.00 uJpkg, 0.00 uJdram
OverheadActual  13: 3456 op, 12217.00 ns, 3.5350 ns/op, 0.00 uJpkg, 0.00 uJdram
OverheadActual  14: 3456 op, 12224.00 ns, 3.5370 ns/op, 0.00 uJpkg, 0.00 uJdram
OverheadActual  15: 3456 op, 12208.00 ns, 3.5324 ns/op, 0.00 uJpkg, 0.00 uJdram
OverheadActual  16: 3456 op, 12228.00 ns, 3.5382 ns/op, 0.00 uJpkg, 0.00 uJdram
OverheadActual  17: 3456 op, 12229.00 ns, 3.5385 ns/op, 0.00 uJpkg, 0.00 uJdram

WorkloadWarmup   1: 3456 op, 1004401407.00 ns, 290.6254 us/op, 88270587.00 uJpkg, 0.00 uJdram
WorkloadWarmup   2: 3456 op, 1002220783.00 ns, 289.9944 us/op, 85068874.00 uJpkg, 0.00 uJdram
WorkloadWarmup   3: 3456 op, 1001101439.00 ns, 289.6706 us/op, 84538541.00 uJpkg, 0.00 uJdram
WorkloadWarmup   4: 3456 op, 1006561644.00 ns, 291.2505 us/op, 85491236.00 uJpkg, 0.00 uJdram
WorkloadWarmup   5: 3456 op, 1002837816.00 ns, 290.1730 us/op, 84615628.00 uJpkg, 0.00 uJdram
WorkloadWarmup   6: 3456 op, 1004407088.00 ns, 290.6271 us/op, 84997158.00 uJpkg, 0.00 uJdram

// BeforeActualRun
WorkloadActual   1: 3456 op, 1008329056.00 ns, 291.7619 us/op, 85329982.00 uJpkg, 0.00 uJdram
WorkloadActual   2: 3456 op, 1007597254.00 ns, 291.5501 us/op, 85648096.00 uJpkg, 0.00 uJdram
WorkloadActual   3: 3456 op, 1006755598.00 ns, 291.3066 us/op, 85175807.00 uJpkg, 0.00 uJdram
WorkloadActual   4: 3456 op, 1007580902.00 ns, 291.5454 us/op, 85184291.00 uJpkg, 0.00 uJdram
WorkloadActual   5: 3456 op, 1009777544.00 ns, 292.1810 us/op, 87119467.00 uJpkg, 0.00 uJdram
WorkloadActual   6: 3456 op, 1007461427.00 ns, 291.5108 us/op, 85323207.00 uJpkg, 0.00 uJdram
WorkloadActual   7: 3456 op, 1006641295.00 ns, 291.2735 us/op, 84931607.00 uJpkg, 0.00 uJdram
WorkloadActual   8: 3456 op, 1005783076.00 ns, 291.0252 us/op, 84714017.00 uJpkg, 0.00 uJdram
WorkloadActual   9: 3456 op, 1006991320.00 ns, 291.3748 us/op, 84425016.00 uJpkg, 0.00 uJdram
WorkloadActual  10: 3456 op, 1009853538.00 ns, 292.2030 us/op, 86832786.00 uJpkg, 0.00 uJdram
WorkloadActual  11: 3456 op, 1006742565.00 ns, 291.3028 us/op, 84388822.00 uJpkg, 0.00 uJdram
WorkloadActual  12: 3456 op, 1008129445.00 ns, 291.7041 us/op, 84694180.00 uJpkg, 0.00 uJdram
WorkloadActual  13: 3456 op, 1006252536.00 ns, 291.1610 us/op, 84061492.00 uJpkg, 0.00 uJdram
WorkloadActual  14: 3456 op, 1006288573.00 ns, 291.1715 us/op, 83974943.00 uJpkg, 0.00 uJdram
WorkloadActual  15: 3456 op, 1006562867.00 ns, 291.2508 us/op, 84100310.00 uJpkg, 0.00 uJdram

// AfterActualRun
WorkloadResult   1: 3456 op, 1008316828.00 ns, 291.7583 us/op, 85329982.00 uJpkg, 0.00 uJdram
WorkloadResult   2: 3456 op, 1007585026.00 ns, 291.5466 us/op, 85648096.00 uJpkg, 0.00 uJdram
WorkloadResult   3: 3456 op, 1006743370.00 ns, 291.3031 us/op, 85175807.00 uJpkg, 0.00 uJdram
WorkloadResult   4: 3456 op, 1007568674.00 ns, 291.5419 us/op, 85184291.00 uJpkg, 0.00 uJdram
WorkloadResult   5: 3456 op, 1009765316.00 ns, 292.1775 us/op, 87119467.00 uJpkg, 0.00 uJdram
WorkloadResult   6: 3456 op, 1007449199.00 ns, 291.5073 us/op, 85323207.00 uJpkg, 0.00 uJdram
WorkloadResult   7: 3456 op, 1006629067.00 ns, 291.2700 us/op, 84931607.00 uJpkg, 0.00 uJdram
WorkloadResult   8: 3456 op, 1005770848.00 ns, 291.0217 us/op, 84714017.00 uJpkg, 0.00 uJdram
WorkloadResult   9: 3456 op, 1006979092.00 ns, 291.3713 us/op, 84425016.00 uJpkg, 0.00 uJdram
WorkloadResult  10: 3456 op, 1009841310.00 ns, 292.1995 us/op, 86832786.00 uJpkg, 0.00 uJdram
WorkloadResult  11: 3456 op, 1006730337.00 ns, 291.2993 us/op, 84388822.00 uJpkg, 0.00 uJdram
WorkloadResult  12: 3456 op, 1008117217.00 ns, 291.7006 us/op, 84694180.00 uJpkg, 0.00 uJdram
WorkloadResult  13: 3456 op, 1006240308.00 ns, 291.1575 us/op, 84061492.00 uJpkg, 0.00 uJdram
WorkloadResult  14: 3456 op, 1006276345.00 ns, 291.1679 us/op, 83974943.00 uJpkg, 0.00 uJdram
WorkloadResult  15: 3456 op, 1006550639.00 ns, 291.2473 us/op, 84100310.00 uJpkg, 0.00 uJdram

// AfterAll
// Benchmark Process 4048220 has exited with code 0.

Mean = 291.485 μs, StdErr = 0.091 μs (0.03%), N = 15, StdDev = 0.351 μs
Min = 291.022 μs, Q1 = 291.259 μs, Median = 291.371 μs, Q3 = 291.624 μs, Max = 292.199 μs
IQR = 0.365 μs, LowerFence = 290.711 μs, UpperFence = 292.171 μs
ConfidenceInterval = [291.109 μs; 291.860 μs] (CI 99.9%), Margin = 0.375 μs (0.13% of Mean)
Skewness = 0.81, Kurtosis = 2.52, MValue = 2

// ** Remained 13 (43.3%) benchmark(s) to run. Estimated finish 2025-12-31 17:50 (0h 5m from now) **
// **************************
// Benchmark: JsonSerializationBenchmarks.Jil_Serialize_Large: Overhead-Fixed-Energy-1(OutlierMode=DontRemove, IterationCount=15, IterationTime=1s, LaunchCount=1, WarmupCount=6)
// *** Execute ***
// Launch: 1 / 1
// Execute: dotnet Serialization.Bench-Overhead-Fixed-Energy-1-1.dll --anonymousPipes 103 104 --benchmarkName Serialization.Bench.JsonSerializationBenchmarks.Jil_Serialize_Large --job Overhead-Fixed-Energy-1 --benchmarkId 17 in /home/test/rapl-tests/lib-energy-bench/src/Serialization.Bench/bin/Release/net8.0/Serialization.Bench-Overhead-Fixed-Energy-1-1/bin/Release/net8.0
// BeforeAnythingElse

// Benchmark Process Environment Information:
// BenchmarkDotNet v0.15.5-develop (2025-12-31)
// Runtime=.NET 8.0.21 (8.0.21, 8.0.2125.47513), X64 RyuJIT x86-64-v4
// GC=Concurrent Workstation
// HardwareIntrinsics=AVX512 IFMA+VBMI,AVX512 F+BW+CD+DQ+VL,AVX2+BMI1+BMI2+F16C+FMA+LZCNT+MOVBE,AVX,SSE3+SSSE3+SSE4.1+SSE4.2+POPCNT,X86Base+SSE+SSE2,AES+PCLMUL VectorSize=256
// Job: Overhead-Fixed-Energy-1(OutlierMode=DontRemove, IterationCount=15, IterationTime=1s, LaunchCount=1, WarmupCount=6)

OverheadJitting  1: 1 op, 134716.00 ns, 134.7160 us/op, 61218.00 uJpkg, 0.00 uJdram
WorkloadJitting  1: 1 op, 155465427.00 ns, 155.4654 ms/op, 9696813.00 uJpkg, 0.00 uJdram

WorkloadPilot    1: 4 op, 1603544.00 ns, 400.8860 us/op, 74036.00 uJpkg, 0.00 uJdram
WorkloadPilot    2: 2494 op, 759472415.00 ns, 304.5198 us/op, 62946006.00 uJpkg, 0.00 uJdram
WorkloadPilot    3: 3284 op, 897635124.00 ns, 273.3359 us/op, 76554614.00 uJpkg, 0.00 uJdram
WorkloadPilot    4: 3659 op, 1000317523.00 ns, 273.3855 us/op, 86065087.00 uJpkg, 0.00 uJdram

WorkloadWarmup   1: 3659 op, 1001674028.00 ns, 273.7562 us/op, 85950586.00 uJpkg, 0.00 uJdram
WorkloadWarmup   2: 3659 op, 1000425577.00 ns, 273.4150 us/op, 86427696.00 uJpkg, 0.00 uJdram
WorkloadWarmup   3: 3659 op, 1000232990.00 ns, 273.3624 us/op, 85783838.00 uJpkg, 0.00 uJdram
WorkloadWarmup   4: 3659 op, 1000463262.00 ns, 273.4253 us/op, 86350731.00 uJpkg, 0.00 uJdram
WorkloadWarmup   5: 3659 op, 1001541639.00 ns, 273.7200 us/op, 87016745.00 uJpkg, 0.00 uJdram
WorkloadWarmup   6: 3659 op, 1001259102.00 ns, 273.6428 us/op, 86883078.00 uJpkg, 0.00 uJdram

// BeforeActualRun
WorkloadActual   1: 3659 op, 1005297124.00 ns, 274.7464 us/op, 86649192.00 uJpkg, 0.00 uJdram
WorkloadActual   2: 3659 op, 1003543456.00 ns, 274.2671 us/op, 86198266.00 uJpkg, 0.00 uJdram
WorkloadActual   3: 3659 op, 1002285451.00 ns, 273.9233 us/op, 85635340.00 uJpkg, 0.00 uJdram
WorkloadActual   4: 3659 op, 1006947903.00 ns, 275.1976 us/op, 86744102.00 uJpkg, 0.00 uJdram
WorkloadActual   5: 3659 op, 1003304051.00 ns, 274.2017 us/op, 85848596.00 uJpkg, 0.00 uJdram
WorkloadActual   6: 3659 op, 1003314208.00 ns, 274.2045 us/op, 85699914.00 uJpkg, 0.00 uJdram
WorkloadActual   7: 3659 op, 1004225950.00 ns, 274.4537 us/op, 86997885.00 uJpkg, 0.00 uJdram
WorkloadActual   8: 3659 op, 1004443768.00 ns, 274.5132 us/op, 88412432.00 uJpkg, 0.00 uJdram
WorkloadActual   9: 3659 op, 1002102889.00 ns, 273.8734 us/op, 85813318.00 uJpkg, 0.00 uJdram
WorkloadActual  10: 3659 op, 1002446368.00 ns, 273.9673 us/op, 85751306.00 uJpkg, 0.00 uJdram
WorkloadActual  11: 3659 op, 1002883524.00 ns, 274.0868 us/op, 86031274.00 uJpkg, 0.00 uJdram
WorkloadActual  12: 3659 op, 1002632304.00 ns, 274.0181 us/op, 86186486.00 uJpkg, 0.00 uJdram
WorkloadActual  13: 3659 op, 1002692491.00 ns, 274.0346 us/op, 85831140.00 uJpkg, 0.00 uJdram
WorkloadActual  14: 3659 op, 1002519702.00 ns, 273.9873 us/op, 86172325.00 uJpkg, 0.00 uJdram
WorkloadActual  15: 3659 op, 1003597711.00 ns, 274.2820 us/op, 86579246.00 uJpkg, 0.00 uJdram

// AfterActualRun
WorkloadResult   1: 3659 op, 1005297124.00 ns, 274.7464 us/op, 86649192.00 uJpkg, 0.00 uJdram
WorkloadResult   2: 3659 op, 1003543456.00 ns, 274.2671 us/op, 86198266.00 uJpkg, 0.00 uJdram
WorkloadResult   3: 3659 op, 1002285451.00 ns, 273.9233 us/op, 85635340.00 uJpkg, 0.00 uJdram
WorkloadResult   4: 3659 op, 1006947903.00 ns, 275.1976 us/op, 86744102.00 uJpkg, 0.00 uJdram
WorkloadResult   5: 3659 op, 1003304051.00 ns, 274.2017 us/op, 85848596.00 uJpkg, 0.00 uJdram
WorkloadResult   6: 3659 op, 1003314208.00 ns, 274.2045 us/op, 85699914.00 uJpkg, 0.00 uJdram
WorkloadResult   7: 3659 op, 1004225950.00 ns, 274.4537 us/op, 86997885.00 uJpkg, 0.00 uJdram
WorkloadResult   8: 3659 op, 1004443768.00 ns, 274.5132 us/op, 88412432.00 uJpkg, 0.00 uJdram
WorkloadResult   9: 3659 op, 1002102889.00 ns, 273.8734 us/op, 85813318.00 uJpkg, 0.00 uJdram
WorkloadResult  10: 3659 op, 1002446368.00 ns, 273.9673 us/op, 85751306.00 uJpkg, 0.00 uJdram
WorkloadResult  11: 3659 op, 1002883524.00 ns, 274.0868 us/op, 86031274.00 uJpkg, 0.00 uJdram
WorkloadResult  12: 3659 op, 1002632304.00 ns, 274.0181 us/op, 86186486.00 uJpkg, 0.00 uJdram
WorkloadResult  13: 3659 op, 1002692491.00 ns, 274.0346 us/op, 85831140.00 uJpkg, 0.00 uJdram
WorkloadResult  14: 3659 op, 1002519702.00 ns, 273.9873 us/op, 86172325.00 uJpkg, 0.00 uJdram
WorkloadResult  15: 3659 op, 1003597711.00 ns, 274.2820 us/op, 86579246.00 uJpkg, 0.00 uJdram

// AfterAll
// Benchmark Process 4048237 has exited with code 0.

Mean = 274.250 μs, StdErr = 0.092 μs (0.03%), N = 15, StdDev = 0.357 μs
Min = 273.873 μs, Q1 = 274.003 μs, Median = 274.202 μs, Q3 = 274.368 μs, Max = 275.198 μs
IQR = 0.365 μs, LowerFence = 273.455 μs, UpperFence = 274.915 μs
ConfidenceInterval = [273.869 μs; 274.632 μs] (CI 99.9%), Margin = 0.382 μs (0.14% of Mean)
Skewness = 1.23, Kurtosis = 3.77, MValue = 2

// ** Remained 12 (40.0%) benchmark(s) to run. Estimated finish 2025-12-31 17:50 (0h 5m from now) **
// **************************
// Benchmark: JsonSerializationBenchmarks.Utf8Json_Serialize_Large: Overhead-Fixed-Energy-1(OutlierMode=DontRemove, IterationCount=15, IterationTime=1s, LaunchCount=1, WarmupCount=6)
// *** Execute ***
// Launch: 1 / 1
// Execute: dotnet Serialization.Bench-Overhead-Fixed-Energy-1-1.dll --anonymousPipes 103 104 --benchmarkName Serialization.Bench.JsonSerializationBenchmarks.Utf8Json_Serialize_Large --job Overhead-Fixed-Energy-1 --benchmarkId 18 in /home/test/rapl-tests/lib-energy-bench/src/Serialization.Bench/bin/Release/net8.0/Serialization.Bench-Overhead-Fixed-Energy-1-1/bin/Release/net8.0
// BeforeAnythingElse

// Benchmark Process Environment Information:
// BenchmarkDotNet v0.15.5-develop (2025-12-31)
// Runtime=.NET 8.0.21 (8.0.21, 8.0.2125.47513), X64 RyuJIT x86-64-v4
// GC=Concurrent Workstation
// HardwareIntrinsics=AVX512 IFMA+VBMI,AVX512 F+BW+CD+DQ+VL,AVX2+BMI1+BMI2+F16C+FMA+LZCNT+MOVBE,AVX,SSE3+SSSE3+SSE4.1+SSE4.2+POPCNT,X86Base+SSE+SSE2,AES+PCLMUL VectorSize=256
// Job: Overhead-Fixed-Energy-1(OutlierMode=DontRemove, IterationCount=15, IterationTime=1s, LaunchCount=1, WarmupCount=6)

OverheadJitting  1: 1 op, 136415.00 ns, 136.4150 us/op, 0.00 uJpkg, 0.00 uJdram
WorkloadJitting  1: 1 op, 54118384.00 ns, 54.1184 ms/op, 3326225.00 uJpkg, 0.00 uJdram

OverheadJitting  2: 16 op, 361656.00 ns, 22.6035 us/op, 0.00 uJpkg, 0.00 uJdram
WorkloadJitting  2: 16 op, 13712379.00 ns, 857.0237 us/op, 895506.00 uJpkg, 0.00 uJdram

WorkloadPilot    1: 16 op, 12633942.00 ns, 789.6214 us/op, 827879.00 uJpkg, 0.00 uJdram
WorkloadPilot    2: 1280 op, 492275560.00 ns, 384.5903 us/op, 45016974.00 uJpkg, 0.00 uJdram
WorkloadPilot    3: 2608 op, 753070492.00 ns, 288.7540 us/op, 72196898.00 uJpkg, 0.00 uJdram
WorkloadPilot    4: 3472 op, 1001792894.00 ns, 288.5348 us/op, 95978270.00 uJpkg, 0.00 uJdram

OverheadWarmup   1: 3472 op, 12700.00 ns, 3.6578 ns/op, 0.00 uJpkg, 0.00 uJdram
OverheadWarmup   2: 3472 op, 12325.00 ns, 3.5498 ns/op, 0.00 uJpkg, 0.00 uJdram
OverheadWarmup   3: 3472 op, 12309.00 ns, 3.5452 ns/op, 0.00 uJpkg, 0.00 uJdram
OverheadWarmup   4: 3472 op, 12326.00 ns, 3.5501 ns/op, 0.00 uJpkg, 0.00 uJdram
OverheadWarmup   5: 3472 op, 12329.00 ns, 3.5510 ns/op, 0.00 uJpkg, 0.00 uJdram
OverheadWarmup   6: 3472 op, 12321.00 ns, 3.5487 ns/op, 0.00 uJpkg, 0.00 uJdram
OverheadWarmup   7: 3472 op, 12333.00 ns, 3.5521 ns/op, 0.00 uJpkg, 0.00 uJdram
OverheadWarmup   8: 3472 op, 12596.00 ns, 3.6279 ns/op, 0.00 uJpkg, 0.00 uJdram
OverheadWarmup   9: 3472 op, 12340.00 ns, 3.5541 ns/op, 0.00 uJpkg, 0.00 uJdram

OverheadActual   1: 3472 op, 12337.00 ns, 3.5533 ns/op, 0.00 uJpkg, 0.00 uJdram
OverheadActual   2: 3472 op, 12324.00 ns, 3.5495 ns/op, 0.00 uJpkg, 0.00 uJdram
OverheadActual   3: 3472 op, 12339.00 ns, 3.5539 ns/op, 0.00 uJpkg, 0.00 uJdram
OverheadActual   4: 3472 op, 12347.00 ns, 3.5562 ns/op, 0.00 uJpkg, 0.00 uJdram
OverheadActual   5: 3472 op, 12314.00 ns, 3.5467 ns/op, 0.00 uJpkg, 0.00 uJdram
OverheadActual   6: 3472 op, 12305.00 ns, 3.5441 ns/op, 0.00 uJpkg, 0.00 uJdram
OverheadActual   7: 3472 op, 12329.00 ns, 3.5510 ns/op, 0.00 uJpkg, 0.00 uJdram
OverheadActual   8: 3472 op, 12320.00 ns, 3.5484 ns/op, 0.00 uJpkg, 0.00 uJdram
OverheadActual   9: 3472 op, 12313.00 ns, 3.5464 ns/op, 0.00 uJpkg, 0.00 uJdram
OverheadActual  10: 3472 op, 12767.00 ns, 3.6771 ns/op, 0.00 uJpkg, 0.00 uJdram
OverheadActual  11: 3472 op, 12341.00 ns, 3.5544 ns/op, 0.00 uJpkg, 0.00 uJdram
OverheadActual  12: 3472 op, 12881.00 ns, 3.7100 ns/op, 0.00 uJpkg, 0.00 uJdram
OverheadActual  13: 3472 op, 12853.00 ns, 3.7019 ns/op, 0.00 uJpkg, 0.00 uJdram
OverheadActual  14: 3472 op, 12365.00 ns, 3.5613 ns/op, 76843.00 uJpkg, 0.00 uJdram
OverheadActual  15: 3472 op, 12328.00 ns, 3.5507 ns/op, 0.00 uJpkg, 0.00 uJdram

WorkloadWarmup   1: 3472 op, 1020337703.00 ns, 293.8761 us/op, 97879815.00 uJpkg, 0.00 uJdram
WorkloadWarmup   2: 3472 op, 1000906605.00 ns, 288.2796 us/op, 95662597.00 uJpkg, 0.00 uJdram
WorkloadWarmup   3: 3472 op, 999814907.00 ns, 287.9651 us/op, 95409301.00 uJpkg, 0.00 uJdram
WorkloadWarmup   4: 3472 op, 1000909099.00 ns, 288.2803 us/op, 95671081.00 uJpkg, 0.00 uJdram
WorkloadWarmup   5: 3472 op, 998174127.00 ns, 287.4925 us/op, 95569885.00 uJpkg, 0.00 uJdram
WorkloadWarmup   6: 3472 op, 1002303557.00 ns, 288.6819 us/op, 95885069.00 uJpkg, 0.00 uJdram

// BeforeActualRun
WorkloadActual   1: 3472 op, 1000172362.00 ns, 288.0681 us/op, 96107114.00 uJpkg, 0.00 uJdram
WorkloadActual   2: 3472 op, 999535616.00 ns, 287.8847 us/op, 95704772.00 uJpkg, 0.00 uJdram
WorkloadActual   3: 3472 op, 1000536818.00 ns, 288.1730 us/op, 96272886.00 uJpkg, 0.00 uJdram
WorkloadActual   4: 3472 op, 997998548.00 ns, 287.4420 us/op, 95466370.00 uJpkg, 0.00 uJdram
WorkloadActual   5: 3472 op, 1001718390.00 ns, 288.5134 us/op, 96098753.00 uJpkg, 0.00 uJdram
WorkloadActual   6: 3472 op, 1001050339.00 ns, 288.3210 us/op, 95865844.00 uJpkg, 0.00 uJdram
WorkloadActual   7: 3472 op, 1001892000.00 ns, 288.5634 us/op, 96011900.00 uJpkg, 0.00 uJdram
WorkloadActual   8: 3472 op, 1008707875.00 ns, 290.5265 us/op, 96578976.00 uJpkg, 0.00 uJdram
WorkloadActual   9: 3472 op, 1004761877.00 ns, 289.3899 us/op, 96046324.00 uJpkg, 0.00 uJdram
WorkloadActual  10: 3472 op, 1004994745.00 ns, 289.4570 us/op, 97082393.00 uJpkg, 0.00 uJdram
WorkloadActual  11: 3472 op, 996969105.00 ns, 287.1455 us/op, 95703247.00 uJpkg, 0.00 uJdram
WorkloadActual  12: 3472 op, 1003427876.00 ns, 289.0057 us/op, 96425718.00 uJpkg, 0.00 uJdram
WorkloadActual  13: 3472 op, 999990414.00 ns, 288.0157 us/op, 96512571.00 uJpkg, 0.00 uJdram
WorkloadActual  14: 3472 op, 999307721.00 ns, 287.8190 us/op, 96302182.00 uJpkg, 0.00 uJdram
WorkloadActual  15: 3472 op, 1000258105.00 ns, 288.0928 us/op, 96218809.00 uJpkg, 0.00 uJdram

// AfterActualRun
WorkloadResult   1: 3472 op, 1000160025.00 ns, 288.0645 us/op, 96107114.00 uJpkg, 0.00 uJdram
WorkloadResult   2: 3472 op, 999523279.00 ns, 287.8811 us/op, 95704772.00 uJpkg, 0.00 uJdram
WorkloadResult   3: 3472 op, 1000524481.00 ns, 288.1695 us/op, 96272886.00 uJpkg, 0.00 uJdram
WorkloadResult   4: 3472 op, 997986211.00 ns, 287.4384 us/op, 95466370.00 uJpkg, 0.00 uJdram
WorkloadResult   5: 3472 op, 1001706053.00 ns, 288.5098 us/op, 96098753.00 uJpkg, 0.00 uJdram
WorkloadResult   6: 3472 op, 1001038002.00 ns, 288.3174 us/op, 95865844.00 uJpkg, 0.00 uJdram
WorkloadResult   7: 3472 op, 1001879663.00 ns, 288.5598 us/op, 96011900.00 uJpkg, 0.00 uJdram
WorkloadResult   8: 3472 op, 1008695538.00 ns, 290.5229 us/op, 96578976.00 uJpkg, 0.00 uJdram
WorkloadResult   9: 3472 op, 1004749540.00 ns, 289.3864 us/op, 96046324.00 uJpkg, 0.00 uJdram
WorkloadResult  10: 3472 op, 1004982408.00 ns, 289.4535 us/op, 97082393.00 uJpkg, 0.00 uJdram
WorkloadResult  11: 3472 op, 996956768.00 ns, 287.1419 us/op, 95703247.00 uJpkg, 0.00 uJdram
WorkloadResult  12: 3472 op, 1003415539.00 ns, 289.0022 us/op, 96425718.00 uJpkg, 0.00 uJdram
WorkloadResult  13: 3472 op, 999978077.00 ns, 288.0121 us/op, 96512571.00 uJpkg, 0.00 uJdram
WorkloadResult  14: 3472 op, 999295384.00 ns, 287.8155 us/op, 96302182.00 uJpkg, 0.00 uJdram
WorkloadResult  15: 3472 op, 1000245768.00 ns, 288.0892 us/op, 96218809.00 uJpkg, 0.00 uJdram

// AfterAll
// Benchmark Process 4048258 has exited with code 0.

Mean = 288.424 μs, StdErr = 0.224 μs (0.08%), N = 15, StdDev = 0.867 μs
Min = 287.142 μs, Q1 = 287.947 μs, Median = 288.169 μs, Q3 = 288.781 μs, Max = 290.523 μs
IQR = 0.834 μs, LowerFence = 286.695 μs, UpperFence = 290.033 μs
ConfidenceInterval = [287.498 μs; 289.351 μs] (CI 99.9%), Margin = 0.927 μs (0.32% of Mean)
Skewness = 0.8, Kurtosis = 3, MValue = 2

// ** Remained 11 (36.7%) benchmark(s) to run. Estimated finish 2025-12-31 17:50 (0h 4m from now) **
// **************************
// Benchmark: JsonSerializationBenchmarks.SpanJson_Serialize_Large: Overhead-Fixed-Energy-1(OutlierMode=DontRemove, IterationCount=15, IterationTime=1s, LaunchCount=1, WarmupCount=6)
// *** Execute ***
// Launch: 1 / 1
// Execute: dotnet Serialization.Bench-Overhead-Fixed-Energy-1-1.dll --anonymousPipes 103 104 --benchmarkName Serialization.Bench.JsonSerializationBenchmarks.SpanJson_Serialize_Large --job Overhead-Fixed-Energy-1 --benchmarkId 19 in /home/test/rapl-tests/lib-energy-bench/src/Serialization.Bench/bin/Release/net8.0/Serialization.Bench-Overhead-Fixed-Energy-1-1/bin/Release/net8.0
// BeforeAnythingElse

// Benchmark Process Environment Information:
// BenchmarkDotNet v0.15.5-develop (2025-12-31)
// Runtime=.NET 8.0.21 (8.0.21, 8.0.2125.47513), X64 RyuJIT x86-64-v4
// GC=Concurrent Workstation
// HardwareIntrinsics=AVX512 IFMA+VBMI,AVX512 F+BW+CD+DQ+VL,AVX2+BMI1+BMI2+F16C+FMA+LZCNT+MOVBE,AVX,SSE3+SSSE3+SSE4.1+SSE4.2+POPCNT,X86Base+SSE+SSE2,AES+PCLMUL VectorSize=256
// Job: Overhead-Fixed-Energy-1(OutlierMode=DontRemove, IterationCount=15, IterationTime=1s, LaunchCount=1, WarmupCount=6)

OverheadJitting  1: 1 op, 144237.00 ns, 144.2370 us/op, 70496.00 uJpkg, 0.00 uJdram
WorkloadJitting  1: 1 op, 109224468.00 ns, 109.2245 ms/op, 6987043.00 uJpkg, 0.00 uJdram

WorkloadPilot    1: 4 op, 2989780.00 ns, 747.4450 us/op, 195923.00 uJpkg, 0.00 uJdram
WorkloadPilot    2: 1338 op, 322628178.00 ns, 241.1272 us/op, 23570496.00 uJpkg, 0.00 uJdram
WorkloadPilot    3: 4147 op, 654834012.00 ns, 157.9055 us/op, 47826538.00 uJpkg, 0.00 uJdram
WorkloadPilot    4: 6333 op, 971637243.00 ns, 153.4245 us/op, 68744147.00 uJpkg, 0.00 uJdram
WorkloadPilot    5: 6518 op, 1054176172.00 ns, 161.7331 us/op, 77013597.00 uJpkg, 0.00 uJdram
WorkloadPilot    6: 6183 op, 1002636957.00 ns, 162.1603 us/op, 73507930.00 uJpkg, 0.00 uJdram
WorkloadPilot    7: 6167 op, 999662496.00 ns, 162.0987 us/op, 72744809.00 uJpkg, 0.00 uJdram
WorkloadPilot    8: 6169 op, 1001091732.00 ns, 162.2778 us/op, 72808834.00 uJpkg, 0.00 uJdram

WorkloadWarmup   1: 6169 op, 1005421790.00 ns, 162.9797 us/op, 73284358.00 uJpkg, 0.00 uJdram
WorkloadWarmup   2: 6169 op, 997007908.00 ns, 161.6158 us/op, 71979613.00 uJpkg, 0.00 uJdram
WorkloadWarmup   3: 6169 op, 998944012.00 ns, 161.9297 us/op, 72838863.00 uJpkg, 0.00 uJdram
WorkloadWarmup   4: 6169 op, 1000224071.00 ns, 162.1371 us/op, 73272945.00 uJpkg, 0.00 uJdram
WorkloadWarmup   5: 6169 op, 1002055148.00 ns, 162.4340 us/op, 72614133.00 uJpkg, 0.00 uJdram
WorkloadWarmup   6: 6169 op, 998618684.00 ns, 161.8769 us/op, 72853268.00 uJpkg, 0.00 uJdram

// BeforeActualRun
WorkloadActual   1: 6169 op, 987762101.00 ns, 160.1171 us/op, 72419432.00 uJpkg, 0.00 uJdram
WorkloadActual   2: 6169 op, 995907967.00 ns, 161.4375 us/op, 72545346.00 uJpkg, 0.00 uJdram
WorkloadActual   3: 6169 op, 998759766.00 ns, 161.8998 us/op, 72698056.00 uJpkg, 0.00 uJdram
WorkloadActual   4: 6169 op, 993473978.00 ns, 161.0430 us/op, 72411924.00 uJpkg, 0.00 uJdram
WorkloadActual   5: 6169 op, 1004084680.00 ns, 162.7630 us/op, 72598264.00 uJpkg, 0.00 uJdram
WorkloadActual   6: 6169 op, 994688347.00 ns, 161.2398 us/op, 71233704.00 uJpkg, 0.00 uJdram
WorkloadActual   7: 6169 op, 992009645.00 ns, 160.8056 us/op, 71823425.00 uJpkg, 0.00 uJdram
WorkloadActual   8: 6169 op, 998809693.00 ns, 161.9079 us/op, 72267027.00 uJpkg, 0.00 uJdram
WorkloadActual   9: 6169 op, 1000090241.00 ns, 162.1155 us/op, 72404722.00 uJpkg, 0.00 uJdram
WorkloadActual  10: 6169 op, 998331543.00 ns, 161.8304 us/op, 72896236.00 uJpkg, 0.00 uJdram
WorkloadActual  11: 6169 op, 998378348.00 ns, 161.8380 us/op, 72478880.00 uJpkg, 0.00 uJdram
WorkloadActual  12: 6169 op, 986699739.00 ns, 159.9448 us/op, 71472839.00 uJpkg, 0.00 uJdram
WorkloadActual  13: 6169 op, 1007834844.00 ns, 163.3709 us/op, 73136348.00 uJpkg, 0.00 uJdram
WorkloadActual  14: 6169 op, 1000333422.00 ns, 162.1549 us/op, 72699033.00 uJpkg, 0.00 uJdram
WorkloadActual  15: 6169 op, 1000812131.00 ns, 162.2325 us/op, 72561154.00 uJpkg, 0.00 uJdram

// AfterActualRun
WorkloadResult   1: 6169 op, 987762101.00 ns, 160.1171 us/op, 72419432.00 uJpkg, 0.00 uJdram
WorkloadResult   2: 6169 op, 995907967.00 ns, 161.4375 us/op, 72545346.00 uJpkg, 0.00 uJdram
WorkloadResult   3: 6169 op, 998759766.00 ns, 161.8998 us/op, 72698056.00 uJpkg, 0.00 uJdram
WorkloadResult   4: 6169 op, 993473978.00 ns, 161.0430 us/op, 72411924.00 uJpkg, 0.00 uJdram
WorkloadResult   5: 6169 op, 1004084680.00 ns, 162.7630 us/op, 72598264.00 uJpkg, 0.00 uJdram
WorkloadResult   6: 6169 op, 994688347.00 ns, 161.2398 us/op, 71233704.00 uJpkg, 0.00 uJdram
WorkloadResult   7: 6169 op, 992009645.00 ns, 160.8056 us/op, 71823425.00 uJpkg, 0.00 uJdram
WorkloadResult   8: 6169 op, 998809693.00 ns, 161.9079 us/op, 72267027.00 uJpkg, 0.00 uJdram
WorkloadResult   9: 6169 op, 1000090241.00 ns, 162.1155 us/op, 72404722.00 uJpkg, 0.00 uJdram
WorkloadResult  10: 6169 op, 998331543.00 ns, 161.8304 us/op, 72896236.00 uJpkg, 0.00 uJdram
WorkloadResult  11: 6169 op, 998378348.00 ns, 161.8380 us/op, 72478880.00 uJpkg, 0.00 uJdram
WorkloadResult  12: 6169 op, 986699739.00 ns, 159.9448 us/op, 71472839.00 uJpkg, 0.00 uJdram
WorkloadResult  13: 6169 op, 1007834844.00 ns, 163.3709 us/op, 73136348.00 uJpkg, 0.00 uJdram
WorkloadResult  14: 6169 op, 1000333422.00 ns, 162.1549 us/op, 72699033.00 uJpkg, 0.00 uJdram
WorkloadResult  15: 6169 op, 1000812131.00 ns, 162.2325 us/op, 72561154.00 uJpkg, 0.00 uJdram

// AfterAll
// Benchmark Process 4048275 has exited with code 0.

Mean = 161.647 μs, StdErr = 0.237 μs (0.15%), N = 15, StdDev = 0.917 μs
Min = 159.945 μs, Q1 = 161.141 μs, Median = 161.838 μs, Q3 = 162.135 μs, Max = 163.371 μs
IQR = 0.994 μs, LowerFence = 159.651 μs, UpperFence = 163.626 μs
ConfidenceInterval = [160.667 μs; 162.626 μs] (CI 99.9%), Margin = 0.980 μs (0.61% of Mean)
Skewness = -0.21, Kurtosis = 2.38, MValue = 2

// ** Remained 10 (33.3%) benchmark(s) to run. Estimated finish 2025-12-31 17:50 (0h 4m from now) **
// **************************
// Benchmark: JsonSerializationBenchmarks.STJ_Serialize_Medium: Overhead-Fixed-Energy-1(OutlierMode=DontRemove, IterationCount=15, IterationTime=1s, LaunchCount=1, WarmupCount=6)
// *** Execute ***
// Launch: 1 / 1
// Execute: dotnet Serialization.Bench-Overhead-Fixed-Energy-1-1.dll --anonymousPipes 103 104 --benchmarkName Serialization.Bench.JsonSerializationBenchmarks.STJ_Serialize_Medium --job Overhead-Fixed-Energy-1 --benchmarkId 20 in /home/test/rapl-tests/lib-energy-bench/src/Serialization.Bench/bin/Release/net8.0/Serialization.Bench-Overhead-Fixed-Energy-1-1/bin/Release/net8.0
// BeforeAnythingElse

// Benchmark Process Environment Information:
// BenchmarkDotNet v0.15.5-develop (2025-12-31)
// Runtime=.NET 8.0.21 (8.0.21, 8.0.2125.47513), X64 RyuJIT x86-64-v4
// GC=Concurrent Workstation
// HardwareIntrinsics=AVX512 IFMA+VBMI,AVX512 F+BW+CD+DQ+VL,AVX2+BMI1+BMI2+F16C+FMA+LZCNT+MOVBE,AVX,SSE3+SSSE3+SSE4.1+SSE4.2+POPCNT,X86Base+SSE+SSE2,AES+PCLMUL VectorSize=256
// Job: Overhead-Fixed-Energy-1(OutlierMode=DontRemove, IterationCount=15, IterationTime=1s, LaunchCount=1, WarmupCount=6)

OverheadJitting  1: 1 op, 136058.00 ns, 136.0580 us/op, 0.00 uJpkg, 0.00 uJdram
WorkloadJitting  1: 1 op, 7008364.00 ns, 7.0084 ms/op, 456908.00 uJpkg, 0.00 uJdram

OverheadJitting  2: 16 op, 440300.00 ns, 27.5188 us/op, 0.00 uJpkg, 0.00 uJdram
WorkloadJitting  2: 16 op, 2147498.00 ns, 134.2186 us/op, 230590.00 uJpkg, 0.00 uJdram

WorkloadPilot    1: 16 op, 1613979.00 ns, 100.8737 us/op, 138306.00 uJpkg, 0.00 uJdram
WorkloadPilot    2: 9920 op, 703318253.00 ns, 70.8990 us/op, 61319973.00 uJpkg, 0.00 uJdram
WorkloadPilot    3: 14112 op, 657629714.00 ns, 46.6007 us/op, 56749489.00 uJpkg, 0.00 uJdram
WorkloadPilot    4: 21472 op, 997013984.00 ns, 46.4332 us/op, 85727014.00 uJpkg, 0.00 uJdram
WorkloadPilot    5: 21536 op, 998236127.00 ns, 46.3520 us/op, 86279565.00 uJpkg, 0.00 uJdram
WorkloadPilot    6: 21584 op, 1003096760.00 ns, 46.4741 us/op, 86578331.00 uJpkg, 0.00 uJdram
WorkloadPilot    7: 21520 op, 996357791.00 ns, 46.2992 us/op, 85830713.00 uJpkg, 0.00 uJdram
WorkloadPilot    8: 21600 op, 1002861583.00 ns, 46.4288 us/op, 85736353.00 uJpkg, 0.00 uJdram
WorkloadPilot    9: 21552 op, 1001584941.00 ns, 46.4729 us/op, 86225365.00 uJpkg, 0.00 uJdram

OverheadWarmup   1: 21552 op, 76644.00 ns, 3.5562 ns/op, 0.00 uJpkg, 0.00 uJdram
OverheadWarmup   2: 21552 op, 74777.00 ns, 3.4696 ns/op, 0.00 uJpkg, 0.00 uJdram
OverheadWarmup   3: 21552 op, 74792.00 ns, 3.4703 ns/op, 101379.00 uJpkg, 0.00 uJdram
OverheadWarmup   4: 21552 op, 75214.00 ns, 3.4899 ns/op, 87768.00 uJpkg, 0.00 uJdram
OverheadWarmup   5: 21552 op, 74764.00 ns, 3.4690 ns/op, 0.00 uJpkg, 0.00 uJdram
OverheadWarmup   6: 21552 op, 75786.00 ns, 3.5164 ns/op, 0.00 uJpkg, 0.00 uJdram
OverheadWarmup   7: 21552 op, 75091.00 ns, 3.4842 ns/op, 0.00 uJpkg, 0.00 uJdram

OverheadActual   1: 21552 op, 74800.00 ns, 3.4707 ns/op, 0.00 uJpkg, 0.00 uJdram
OverheadActual   2: 21552 op, 74796.00 ns, 3.4705 ns/op, 0.00 uJpkg, 0.00 uJdram
OverheadActual   3: 21552 op, 75168.00 ns, 3.4878 ns/op, 0.00 uJpkg, 0.00 uJdram
OverheadActual   4: 21552 op, 74785.00 ns, 3.4700 ns/op, 0.00 uJpkg, 0.00 uJdram
OverheadActual   5: 21552 op, 74764.00 ns, 3.4690 ns/op, 0.00 uJpkg, 0.00 uJdram
OverheadActual   6: 21552 op, 75112.00 ns, 3.4852 ns/op, 0.00 uJpkg, 0.00 uJdram
OverheadActual   7: 21552 op, 74761.00 ns, 3.4689 ns/op, 0.00 uJpkg, 0.00 uJdram
OverheadActual   8: 21552 op, 74770.00 ns, 3.4693 ns/op, 0.00 uJpkg, 0.00 uJdram
OverheadActual   9: 21552 op, 75125.00 ns, 3.4858 ns/op, 0.00 uJpkg, 0.00 uJdram
OverheadActual  10: 21552 op, 74754.00 ns, 3.4685 ns/op, 0.00 uJpkg, 0.00 uJdram
OverheadActual  11: 21552 op, 74766.00 ns, 3.4691 ns/op, 0.00 uJpkg, 0.00 uJdram
OverheadActual  12: 21552 op, 75117.00 ns, 3.4854 ns/op, 0.00 uJpkg, 0.00 uJdram
OverheadActual  13: 21552 op, 74759.00 ns, 3.4688 ns/op, 95093.00 uJpkg, 0.00 uJdram
OverheadActual  14: 21552 op, 74757.00 ns, 3.4687 ns/op, 0.00 uJpkg, 0.00 uJdram
OverheadActual  15: 21552 op, 75129.00 ns, 3.4859 ns/op, 0.00 uJpkg, 0.00 uJdram

WorkloadWarmup   1: 21552 op, 1000012881.00 ns, 46.4000 us/op, 88735490.00 uJpkg, 0.00 uJdram
WorkloadWarmup   2: 21552 op, 1003524281.00 ns, 46.5629 us/op, 86602134.00 uJpkg, 0.00 uJdram
WorkloadWarmup   3: 21552 op, 1002408001.00 ns, 46.5111 us/op, 86548546.00 uJpkg, 0.00 uJdram
WorkloadWarmup   4: 21552 op, 1003667305.00 ns, 46.5696 us/op, 86214256.00 uJpkg, 0.00 uJdram
WorkloadWarmup   5: 21552 op, 999908818.00 ns, 46.3952 us/op, 85635584.00 uJpkg, 0.00 uJdram
WorkloadWarmup   6: 21552 op, 998526878.00 ns, 46.3311 us/op, 85933313.00 uJpkg, 0.00 uJdram

// BeforeActualRun
WorkloadActual   1: 21552 op, 1004376409.00 ns, 46.6025 us/op, 86394737.00 uJpkg, 0.00 uJdram
WorkloadActual   2: 21552 op, 1002342255.00 ns, 46.5081 us/op, 86658652.00 uJpkg, 0.00 uJdram
WorkloadActual   3: 21552 op, 1019640978.00 ns, 47.3107 us/op, 87888080.00 uJpkg, 0.00 uJdram
WorkloadActual   4: 21552 op, 1016876592.00 ns, 47.1825 us/op, 88711321.00 uJpkg, 0.00 uJdram
WorkloadActual   5: 21552 op, 1020807650.00 ns, 47.3649 us/op, 89180314.00 uJpkg, 0.00 uJdram
WorkloadActual   6: 21552 op, 1015452679.00 ns, 47.1164 us/op, 88282001.00 uJpkg, 0.00 uJdram
WorkloadActual   7: 21552 op, 1016928771.00 ns, 47.1849 us/op, 88195086.00 uJpkg, 0.00 uJdram
WorkloadActual   8: 21552 op, 1017788005.00 ns, 47.2248 us/op, 88520830.00 uJpkg, 0.00 uJdram
WorkloadActual   9: 21552 op, 1015237027.00 ns, 47.1064 us/op, 88278888.00 uJpkg, 0.00 uJdram
WorkloadActual  10: 21552 op, 1019303755.00 ns, 47.2951 us/op, 89583389.00 uJpkg, 0.00 uJdram
WorkloadActual  11: 21552 op, 1018784858.00 ns, 47.2710 us/op, 88986040.00 uJpkg, 0.00 uJdram
WorkloadActual  12: 21552 op, 1013170979.00 ns, 47.0105 us/op, 88445575.00 uJpkg, 0.00 uJdram
WorkloadActual  13: 21552 op, 1015183778.00 ns, 47.1039 us/op, 87929157.00 uJpkg, 0.00 uJdram
WorkloadActual  14: 21552 op, 1005658485.00 ns, 46.6620 us/op, 86923911.00 uJpkg, 0.00 uJdram
WorkloadActual  15: 21552 op, 999350259.00 ns, 46.3693 us/op, 86136620.00 uJpkg, 0.00 uJdram

// AfterActualRun
WorkloadResult   1: 21552 op, 1004301624.00 ns, 46.5990 us/op, 86394737.00 uJpkg, 0.00 uJdram
WorkloadResult   2: 21552 op, 1002267470.00 ns, 46.5046 us/op, 86658652.00 uJpkg, 0.00 uJdram
WorkloadResult   3: 21552 op, 1019566193.00 ns, 47.3073 us/op, 87888080.00 uJpkg, 0.00 uJdram
WorkloadResult   4: 21552 op, 1016801807.00 ns, 47.1790 us/op, 88711321.00 uJpkg, 0.00 uJdram
WorkloadResult   5: 21552 op, 1020732865.00 ns, 47.3614 us/op, 89180314.00 uJpkg, 0.00 uJdram
WorkloadResult   6: 21552 op, 1015377894.00 ns, 47.1129 us/op, 88282001.00 uJpkg, 0.00 uJdram
WorkloadResult   7: 21552 op, 1016853986.00 ns, 47.1814 us/op, 88195086.00 uJpkg, 0.00 uJdram
WorkloadResult   8: 21552 op, 1017713220.00 ns, 47.2213 us/op, 88520830.00 uJpkg, 0.00 uJdram
WorkloadResult   9: 21552 op, 1015162242.00 ns, 47.1029 us/op, 88278888.00 uJpkg, 0.00 uJdram
WorkloadResult  10: 21552 op, 1019228970.00 ns, 47.2916 us/op, 89583389.00 uJpkg, 0.00 uJdram
WorkloadResult  11: 21552 op, 1018710073.00 ns, 47.2675 us/op, 88986040.00 uJpkg, 0.00 uJdram
WorkloadResult  12: 21552 op, 1013096194.00 ns, 47.0071 us/op, 88445575.00 uJpkg, 0.00 uJdram
WorkloadResult  13: 21552 op, 1015108993.00 ns, 47.1005 us/op, 87929157.00 uJpkg, 0.00 uJdram
WorkloadResult  14: 21552 op, 1005583700.00 ns, 46.6585 us/op, 86923911.00 uJpkg, 0.00 uJdram
WorkloadResult  15: 21552 op, 999275474.00 ns, 46.3658 us/op, 86136620.00 uJpkg, 0.00 uJdram

// AfterAll
// Benchmark Process 4048291 has exited with code 0.

Mean = 47.017 μs, StdErr = 0.083 μs (0.18%), N = 15, StdDev = 0.322 μs
Min = 46.366 μs, Q1 = 46.833 μs, Median = 47.113 μs, Q3 = 47.244 μs, Max = 47.361 μs
IQR = 0.412 μs, LowerFence = 46.215 μs, UpperFence = 47.862 μs
ConfidenceInterval = [46.673 μs; 47.361 μs] (CI 99.9%), Margin = 0.344 μs (0.73% of Mean)
Skewness = -0.82, Kurtosis = 2.06, MValue = 2

// ** Remained 9 (30.0%) benchmark(s) to run. Estimated finish 2025-12-31 17:50 (0h 4m from now) **
// **************************
// Benchmark: JsonSerializationBenchmarks.Newtonsoft_Serialize_Medium: Overhead-Fixed-Energy-1(OutlierMode=DontRemove, IterationCount=15, IterationTime=1s, LaunchCount=1, WarmupCount=6)
// *** Execute ***
// Launch: 1 / 1
// Execute: dotnet Serialization.Bench-Overhead-Fixed-Energy-1-1.dll --anonymousPipes 103 104 --benchmarkName Serialization.Bench.JsonSerializationBenchmarks.Newtonsoft_Serialize_Medium --job Overhead-Fixed-Energy-1 --benchmarkId 21 in /home/test/rapl-tests/lib-energy-bench/src/Serialization.Bench/bin/Release/net8.0/Serialization.Bench-Overhead-Fixed-Energy-1-1/bin/Release/net8.0
// BeforeAnythingElse

// Benchmark Process Environment Information:
// BenchmarkDotNet v0.15.5-develop (2025-12-31)
// Runtime=.NET 8.0.21 (8.0.21, 8.0.2125.47513), X64 RyuJIT x86-64-v4
// GC=Concurrent Workstation
// HardwareIntrinsics=AVX512 IFMA+VBMI,AVX512 F+BW+CD+DQ+VL,AVX2+BMI1+BMI2+F16C+FMA+LZCNT+MOVBE,AVX,SSE3+SSSE3+SSE4.1+SSE4.2+POPCNT,X86Base+SSE+SSE2,AES+PCLMUL VectorSize=256
// Job: Overhead-Fixed-Energy-1(OutlierMode=DontRemove, IterationCount=15, IterationTime=1s, LaunchCount=1, WarmupCount=6)

OverheadJitting  1: 1 op, 135982.00 ns, 135.9820 us/op, 0.00 uJpkg, 0.00 uJdram
WorkloadJitting  1: 1 op, 48179478.00 ns, 48.1795 ms/op, 2921318.00 uJpkg, 0.00 uJdram

OverheadJitting  2: 16 op, 366184.00 ns, 22.8865 us/op, 0.00 uJpkg, 0.00 uJdram
WorkloadJitting  2: 16 op, 5158374.00 ns, 322.3984 us/op, 325805.00 uJpkg, 0.00 uJdram

WorkloadPilot    1: 16 op, 4463725.00 ns, 278.9828 us/op, 353576.00 uJpkg, 0.00 uJdram
WorkloadPilot    2: 3584 op, 362920752.00 ns, 101.2614 us/op, 29541306.00 uJpkg, 0.00 uJdram
WorkloadPilot    3: 9888 op, 544655294.00 ns, 55.0825 us/op, 45909977.00 uJpkg, 0.00 uJdram
WorkloadPilot    4: 18160 op, 999024313.00 ns, 55.0124 us/op, 84064421.00 uJpkg, 0.00 uJdram
WorkloadPilot    5: 18192 op, 994247430.00 ns, 54.6530 us/op, 83918181.00 uJpkg, 0.00 uJdram
WorkloadPilot    6: 18304 op, 1000280218.00 ns, 54.6482 us/op, 84328398.00 uJpkg, 0.00 uJdram

OverheadWarmup   1: 18304 op, 64624.00 ns, 3.5306 ns/op, 0.00 uJpkg, 0.00 uJdram
OverheadWarmup   2: 18304 op, 64136.00 ns, 3.5039 ns/op, 0.00 uJpkg, 0.00 uJdram
OverheadWarmup   3: 18304 op, 63545.00 ns, 3.4716 ns/op, 0.00 uJpkg, 0.00 uJdram
OverheadWarmup   4: 18304 op, 63754.00 ns, 3.4831 ns/op, 0.00 uJpkg, 0.00 uJdram
OverheadWarmup   5: 18304 op, 63550.00 ns, 3.4719 ns/op, 0.00 uJpkg, 0.00 uJdram
OverheadWarmup   6: 18304 op, 63546.00 ns, 3.4717 ns/op, 0.00 uJpkg, 0.00 uJdram
OverheadWarmup   7: 18304 op, 63545.00 ns, 3.4716 ns/op, 0.00 uJpkg, 0.00 uJdram
OverheadWarmup   8: 18304 op, 66708.00 ns, 3.6444 ns/op, 66101.00 uJpkg, 0.00 uJdram
OverheadWarmup   9: 18304 op, 63556.00 ns, 3.4722 ns/op, 85083.00 uJpkg, 0.00 uJdram

OverheadActual   1: 18304 op, 63545.00 ns, 3.4716 ns/op, 0.00 uJpkg, 0.00 uJdram
OverheadActual   2: 18304 op, 63725.00 ns, 3.4815 ns/op, 0.00 uJpkg, 0.00 uJdram
OverheadActual   3: 18304 op, 64213.00 ns, 3.5081 ns/op, 82702.00 uJpkg, 0.00 uJdram
OverheadActual   4: 18304 op, 66254.00 ns, 3.6196 ns/op, 0.00 uJpkg, 0.00 uJdram
OverheadActual   5: 18304 op, 66243.00 ns, 3.6190 ns/op, 0.00 uJpkg, 0.00 uJdram
OverheadActual   6: 18304 op, 66655.00 ns, 3.6416 ns/op, 0.00 uJpkg, 0.00 uJdram
OverheadActual   7: 18304 op, 66239.00 ns, 3.6188 ns/op, 0.00 uJpkg, 0.00 uJdram
OverheadActual   8: 18304 op, 67500.00 ns, 3.6877 ns/op, 0.00 uJpkg, 0.00 uJdram
OverheadActual   9: 18304 op, 63912.00 ns, 3.4917 ns/op, 0.00 uJpkg, 0.00 uJdram
OverheadActual  10: 18304 op, 66256.00 ns, 3.6198 ns/op, 0.00 uJpkg, 0.00 uJdram
OverheadActual  11: 18304 op, 66252.00 ns, 3.6195 ns/op, 0.00 uJpkg, 0.00 uJdram
OverheadActual  12: 18304 op, 66249.00 ns, 3.6194 ns/op, 0.00 uJpkg, 0.00 uJdram
OverheadActual  13: 18304 op, 64002.00 ns, 3.4966 ns/op, 0.00 uJpkg, 0.00 uJdram
OverheadActual  14: 18304 op, 66513.00 ns, 3.6338 ns/op, 87525.00 uJpkg, 0.00 uJdram
OverheadActual  15: 18304 op, 63548.00 ns, 3.4718 ns/op, 0.00 uJpkg, 0.00 uJdram

WorkloadWarmup   1: 18304 op, 1003572332.00 ns, 54.8280 us/op, 87502157.00 uJpkg, 0.00 uJdram
WorkloadWarmup   2: 18304 op, 1000833363.00 ns, 54.6784 us/op, 84700832.00 uJpkg, 0.00 uJdram
WorkloadWarmup   3: 18304 op, 999468125.00 ns, 54.6038 us/op, 84219999.00 uJpkg, 0.00 uJdram
WorkloadWarmup   4: 18304 op, 998612653.00 ns, 54.5571 us/op, 84327115.00 uJpkg, 0.00 uJdram
WorkloadWarmup   5: 18304 op, 1003403975.00 ns, 54.8188 us/op, 84715115.00 uJpkg, 0.00 uJdram
WorkloadWarmup   6: 18304 op, 1002816024.00 ns, 54.7867 us/op, 84606533.00 uJpkg, 0.00 uJdram

// BeforeActualRun
WorkloadActual   1: 18304 op, 1012619784.00 ns, 55.3223 us/op, 86379113.00 uJpkg, 0.00 uJdram
WorkloadActual   2: 18304 op, 1005905960.00 ns, 54.9555 us/op, 85250087.00 uJpkg, 0.00 uJdram
WorkloadActual   3: 18304 op, 998791439.00 ns, 54.5668 us/op, 85509486.00 uJpkg, 0.00 uJdram
WorkloadActual   4: 18304 op, 1002433144.00 ns, 54.7658 us/op, 84919338.00 uJpkg, 0.00 uJdram
WorkloadActual   5: 18304 op, 1002248187.00 ns, 54.7557 us/op, 84870388.00 uJpkg, 0.00 uJdram
WorkloadActual   6: 18304 op, 1003164720.00 ns, 54.8058 us/op, 85172756.00 uJpkg, 0.00 uJdram
WorkloadActual   7: 18304 op, 1005419771.00 ns, 54.9290 us/op, 85027370.00 uJpkg, 0.00 uJdram
WorkloadActual   8: 18304 op, 1018695493.00 ns, 55.6543 us/op, 86057275.00 uJpkg, 0.00 uJdram
WorkloadActual   9: 18304 op, 998121003.00 ns, 54.5302 us/op, 84571988.00 uJpkg, 0.00 uJdram
WorkloadActual  10: 18304 op, 1001222885.00 ns, 54.6997 us/op, 86113305.00 uJpkg, 0.00 uJdram
WorkloadActual  11: 18304 op, 1002397503.00 ns, 54.7638 us/op, 84385221.00 uJpkg, 0.00 uJdram
WorkloadActual  12: 18304 op, 998676454.00 ns, 54.5606 us/op, 83945464.00 uJpkg, 0.00 uJdram
WorkloadActual  13: 18304 op, 1001719627.00 ns, 54.7268 us/op, 83987151.00 uJpkg, 0.00 uJdram
WorkloadActual  14: 18304 op, 997000730.00 ns, 54.4690 us/op, 84001128.00 uJpkg, 0.00 uJdram
WorkloadActual  15: 18304 op, 998647691.00 ns, 54.5590 us/op, 84186979.00 uJpkg, 0.00 uJdram

// AfterActualRun
WorkloadResult   1: 18304 op, 1012553541.00 ns, 55.3187 us/op, 86379113.00 uJpkg, 0.00 uJdram
WorkloadResult   2: 18304 op, 1005839717.00 ns, 54.9519 us/op, 85250087.00 uJpkg, 0.00 uJdram
WorkloadResult   3: 18304 op, 998725196.00 ns, 54.5632 us/op, 85509486.00 uJpkg, 0.00 uJdram
WorkloadResult   4: 18304 op, 1002366901.00 ns, 54.7622 us/op, 84919338.00 uJpkg, 0.00 uJdram
WorkloadResult   5: 18304 op, 1002181944.00 ns, 54.7521 us/op, 84870388.00 uJpkg, 0.00 uJdram
WorkloadResult   6: 18304 op, 1003098477.00 ns, 54.8021 us/op, 85172756.00 uJpkg, 0.00 uJdram
WorkloadResult   7: 18304 op, 1005353528.00 ns, 54.9253 us/op, 85027370.00 uJpkg, 0.00 uJdram
WorkloadResult   8: 18304 op, 1018629250.00 ns, 55.6506 us/op, 86057275.00 uJpkg, 0.00 uJdram
WorkloadResult   9: 18304 op, 998054760.00 ns, 54.5266 us/op, 84571988.00 uJpkg, 0.00 uJdram
WorkloadResult  10: 18304 op, 1001156642.00 ns, 54.6961 us/op, 86113305.00 uJpkg, 0.00 uJdram
WorkloadResult  11: 18304 op, 1002331260.00 ns, 54.7602 us/op, 84385221.00 uJpkg, 0.00 uJdram
WorkloadResult  12: 18304 op, 998610211.00 ns, 54.5569 us/op, 83945464.00 uJpkg, 0.00 uJdram
WorkloadResult  13: 18304 op, 1001653384.00 ns, 54.7232 us/op, 83987151.00 uJpkg, 0.00 uJdram
WorkloadResult  14: 18304 op, 996934487.00 ns, 54.4654 us/op, 84001128.00 uJpkg, 0.00 uJdram
WorkloadResult  15: 18304 op, 998581448.00 ns, 54.5554 us/op, 84186979.00 uJpkg, 0.00 uJdram

// AfterAll
// Benchmark Process 4048309 has exited with code 0.

Mean = 54.801 μs, StdErr = 0.082 μs (0.15%), N = 15, StdDev = 0.318 μs
Min = 54.465 μs, Q1 = 54.560 μs, Median = 54.752 μs, Q3 = 54.864 μs, Max = 55.651 μs
IQR = 0.304 μs, LowerFence = 54.105 μs, UpperFence = 55.319 μs
ConfidenceInterval = [54.461 μs; 55.141 μs] (CI 99.9%), Margin = 0.340 μs (0.62% of Mean)
Skewness = 1.36, Kurtosis = 4.07, MValue = 2

// ** Remained 8 (26.7%) benchmark(s) to run. Estimated finish 2025-12-31 17:50 (0h 3m from now) **
// **************************
// Benchmark: JsonSerializationBenchmarks.Jil_Serialize_Medium: Overhead-Fixed-Energy-1(OutlierMode=DontRemove, IterationCount=15, IterationTime=1s, LaunchCount=1, WarmupCount=6)
// *** Execute ***
// Launch: 1 / 1
// Execute: dotnet Serialization.Bench-Overhead-Fixed-Energy-1-1.dll --anonymousPipes 103 104 --benchmarkName Serialization.Bench.JsonSerializationBenchmarks.Jil_Serialize_Medium --job Overhead-Fixed-Energy-1 --benchmarkId 22 in /home/test/rapl-tests/lib-energy-bench/src/Serialization.Bench/bin/Release/net8.0/Serialization.Bench-Overhead-Fixed-Energy-1-1/bin/Release/net8.0
// BeforeAnythingElse

// Benchmark Process Environment Information:
// BenchmarkDotNet v0.15.5-develop (2025-12-31)
// Runtime=.NET 8.0.21 (8.0.21, 8.0.2125.47513), X64 RyuJIT x86-64-v4
// GC=Concurrent Workstation
// HardwareIntrinsics=AVX512 IFMA+VBMI,AVX512 F+BW+CD+DQ+VL,AVX2+BMI1+BMI2+F16C+FMA+LZCNT+MOVBE,AVX,SSE3+SSSE3+SSE4.1+SSE4.2+POPCNT,X86Base+SSE+SSE2,AES+PCLMUL VectorSize=256
// Job: Overhead-Fixed-Energy-1(OutlierMode=DontRemove, IterationCount=15, IterationTime=1s, LaunchCount=1, WarmupCount=6)

OverheadJitting  1: 1 op, 135656.00 ns, 135.6560 us/op, 0.00 uJpkg, 0.00 uJdram
WorkloadJitting  1: 1 op, 132798956.00 ns, 132.7990 ms/op, 8113444.00 uJpkg, 0.00 uJdram

WorkloadPilot    1: 4 op, 691826.00 ns, 172.9565 us/op, 70557.00 uJpkg, 0.00 uJdram
WorkloadPilot    2: 5782 op, 303304719.00 ns, 52.4567 us/op, 25291073.00 uJpkg, 0.00 uJdram
WorkloadPilot    3: 19063 op, 703529520.00 ns, 36.9055 us/op, 59696258.00 uJpkg, 0.00 uJdram
WorkloadPilot    4: 27096 op, 1009504357.00 ns, 37.2566 us/op, 85305384.00 uJpkg, 0.00 uJdram
WorkloadPilot    5: 26841 op, 1005784573.00 ns, 37.4719 us/op, 84755459.00 uJpkg, 0.00 uJdram
WorkloadPilot    6: 26687 op, 993855072.00 ns, 37.2412 us/op, 84000639.00 uJpkg, 0.00 uJdram
WorkloadPilot    7: 26852 op, 997746413.00 ns, 37.1572 us/op, 84476285.00 uJpkg, 0.00 uJdram
WorkloadPilot    8: 26913 op, 1002226124.00 ns, 37.2395 us/op, 84541043.00 uJpkg, 0.00 uJdram

WorkloadWarmup   1: 26913 op, 1000115470.00 ns, 37.1611 us/op, 84387357.00 uJpkg, 0.00 uJdram
WorkloadWarmup   2: 26913 op, 1005830956.00 ns, 37.3734 us/op, 85898767.00 uJpkg, 0.00 uJdram
WorkloadWarmup   3: 26913 op, 1000523556.00 ns, 37.1762 us/op, 84597439.00 uJpkg, 0.00 uJdram
WorkloadWarmup   4: 26913 op, 1004835130.00 ns, 37.3364 us/op, 85145596.00 uJpkg, 0.00 uJdram
WorkloadWarmup   5: 26913 op, 1007162169.00 ns, 37.4229 us/op, 85204067.00 uJpkg, 0.00 uJdram
WorkloadWarmup   6: 26913 op, 998942223.00 ns, 37.1175 us/op, 84415372.00 uJpkg, 0.00 uJdram

// BeforeActualRun
WorkloadActual   1: 26913 op, 1001245372.00 ns, 37.2030 us/op, 84469449.00 uJpkg, 0.00 uJdram
WorkloadActual   2: 26913 op, 999651554.00 ns, 37.1438 us/op, 84242704.00 uJpkg, 0.00 uJdram
WorkloadActual   3: 26913 op, 1007491493.00 ns, 37.4351 us/op, 86345238.00 uJpkg, 0.00 uJdram
WorkloadActual   4: 26913 op, 1004559780.00 ns, 37.3262 us/op, 85152736.00 uJpkg, 0.00 uJdram
WorkloadActual   5: 26913 op, 1003978715.00 ns, 37.3046 us/op, 85079860.00 uJpkg, 0.00 uJdram
WorkloadActual   6: 26913 op, 1000525959.00 ns, 37.1763 us/op, 84672513.00 uJpkg, 0.00 uJdram
WorkloadActual   7: 26913 op, 998218953.00 ns, 37.0906 us/op, 84701383.00 uJpkg, 0.00 uJdram
WorkloadActual   8: 26913 op, 1003177805.00 ns, 37.2748 us/op, 85048000.00 uJpkg, 0.00 uJdram
WorkloadActual   9: 26913 op, 998144586.00 ns, 37.0878 us/op, 84421781.00 uJpkg, 0.00 uJdram
WorkloadActual  10: 26913 op, 1002268146.00 ns, 37.2410 us/op, 84716824.00 uJpkg, 0.00 uJdram
WorkloadActual  11: 26913 op, 1000681440.00 ns, 37.1821 us/op, 84618802.00 uJpkg, 0.00 uJdram
WorkloadActual  12: 26913 op, 1002444714.00 ns, 37.2476 us/op, 84889309.00 uJpkg, 0.00 uJdram
WorkloadActual  13: 26913 op, 996511149.00 ns, 37.0271 us/op, 84160795.00 uJpkg, 0.00 uJdram
WorkloadActual  14: 26913 op, 1004187608.00 ns, 37.3124 us/op, 84970607.00 uJpkg, 0.00 uJdram
WorkloadActual  15: 26913 op, 1002895385.00 ns, 37.2643 us/op, 84781338.00 uJpkg, 0.00 uJdram

// AfterActualRun
WorkloadResult   1: 26913 op, 1001245372.00 ns, 37.2030 us/op, 84469449.00 uJpkg, 0.00 uJdram
WorkloadResult   2: 26913 op, 999651554.00 ns, 37.1438 us/op, 84242704.00 uJpkg, 0.00 uJdram
WorkloadResult   3: 26913 op, 1007491493.00 ns, 37.4351 us/op, 86345238.00 uJpkg, 0.00 uJdram
WorkloadResult   4: 26913 op, 1004559780.00 ns, 37.3262 us/op, 85152736.00 uJpkg, 0.00 uJdram
WorkloadResult   5: 26913 op, 1003978715.00 ns, 37.3046 us/op, 85079860.00 uJpkg, 0.00 uJdram
WorkloadResult   6: 26913 op, 1000525959.00 ns, 37.1763 us/op, 84672513.00 uJpkg, 0.00 uJdram
WorkloadResult   7: 26913 op, 998218953.00 ns, 37.0906 us/op, 84701383.00 uJpkg, 0.00 uJdram
WorkloadResult   8: 26913 op, 1003177805.00 ns, 37.2748 us/op, 85048000.00 uJpkg, 0.00 uJdram
WorkloadResult   9: 26913 op, 998144586.00 ns, 37.0878 us/op, 84421781.00 uJpkg, 0.00 uJdram
WorkloadResult  10: 26913 op, 1002268146.00 ns, 37.2410 us/op, 84716824.00 uJpkg, 0.00 uJdram
WorkloadResult  11: 26913 op, 1000681440.00 ns, 37.1821 us/op, 84618802.00 uJpkg, 0.00 uJdram
WorkloadResult  12: 26913 op, 1002444714.00 ns, 37.2476 us/op, 84889309.00 uJpkg, 0.00 uJdram
WorkloadResult  13: 26913 op, 996511149.00 ns, 37.0271 us/op, 84160795.00 uJpkg, 0.00 uJdram
WorkloadResult  14: 26913 op, 1004187608.00 ns, 37.3124 us/op, 84970607.00 uJpkg, 0.00 uJdram
WorkloadResult  15: 26913 op, 1002895385.00 ns, 37.2643 us/op, 84781338.00 uJpkg, 0.00 uJdram

// AfterAll
// Benchmark Process 4048323 has exited with code 0.

Mean = 37.221 μs, StdErr = 0.028 μs (0.07%), N = 15, StdDev = 0.107 μs
Min = 37.027 μs, Q1 = 37.160 μs, Median = 37.241 μs, Q3 = 37.290 μs, Max = 37.435 μs
IQR = 0.130 μs, LowerFence = 36.966 μs, UpperFence = 37.484 μs
ConfidenceInterval = [37.107 μs; 37.336 μs] (CI 99.9%), Margin = 0.114 μs (0.31% of Mean)
Skewness = 0, Kurtosis = 2.25, MValue = 2

// ** Remained 7 (23.3%) benchmark(s) to run. Estimated finish 2025-12-31 17:50 (0h 3m from now) **
// **************************
// Benchmark: JsonSerializationBenchmarks.Utf8Json_Serialize_Medium: Overhead-Fixed-Energy-1(OutlierMode=DontRemove, IterationCount=15, IterationTime=1s, LaunchCount=1, WarmupCount=6)
// *** Execute ***
// Launch: 1 / 1
// Execute: dotnet Serialization.Bench-Overhead-Fixed-Energy-1-1.dll --anonymousPipes 103 104 --benchmarkName Serialization.Bench.JsonSerializationBenchmarks.Utf8Json_Serialize_Medium --job Overhead-Fixed-Energy-1 --benchmarkId 23 in /home/test/rapl-tests/lib-energy-bench/src/Serialization.Bench/bin/Release/net8.0/Serialization.Bench-Overhead-Fixed-Energy-1-1/bin/Release/net8.0
// BeforeAnythingElse

// Benchmark Process Environment Information:
// BenchmarkDotNet v0.15.5-develop (2025-12-31)
// Runtime=.NET 8.0.21 (8.0.21, 8.0.2125.47513), X64 RyuJIT x86-64-v4
// GC=Concurrent Workstation
// HardwareIntrinsics=AVX512 IFMA+VBMI,AVX512 F+BW+CD+DQ+VL,AVX2+BMI1+BMI2+F16C+FMA+LZCNT+MOVBE,AVX,SSE3+SSSE3+SSE4.1+SSE4.2+POPCNT,X86Base+SSE+SSE2,AES+PCLMUL VectorSize=256
// Job: Overhead-Fixed-Energy-1(OutlierMode=DontRemove, IterationCount=15, IterationTime=1s, LaunchCount=1, WarmupCount=6)

OverheadJitting  1: 1 op, 135578.00 ns, 135.5780 us/op, 55115.00 uJpkg, 0.00 uJdram
WorkloadJitting  1: 1 op, 52251812.00 ns, 52.2518 ms/op, 3268730.00 uJpkg, 0.00 uJdram

OverheadJitting  2: 16 op, 370456.00 ns, 23.1535 us/op, 78736.00 uJpkg, 0.00 uJdram
WorkloadJitting  2: 16 op, 4281750.00 ns, 267.6094 us/op, 378356.00 uJpkg, 0.00 uJdram

WorkloadPilot    1: 16 op, 3609647.00 ns, 225.6029 us/op, 268859.00 uJpkg, 0.00 uJdram
WorkloadPilot    2: 4448 op, 431155367.00 ns, 96.9324 us/op, 33571814.00 uJpkg, 0.00 uJdram
WorkloadPilot    3: 10320 op, 614835805.00 ns, 59.5771 us/op, 49358394.00 uJpkg, 0.00 uJdram
WorkloadPilot    4: 16800 op, 986010711.00 ns, 58.6911 us/op, 78765789.00 uJpkg, 0.00 uJdram
WorkloadPilot    5: 17040 op, 983553321.00 ns, 57.7203 us/op, 79041424.00 uJpkg, 0.00 uJdram
WorkloadPilot    6: 17328 op, 1019501988.00 ns, 58.8355 us/op, 81666600.00 uJpkg, 0.00 uJdram
WorkloadPilot    7: 17008 op, 993204249.00 ns, 58.3963 us/op, 79366741.00 uJpkg, 0.00 uJdram
WorkloadPilot    8: 17136 op, 997307764.00 ns, 58.1996 us/op, 80024392.00 uJpkg, 0.00 uJdram
WorkloadPilot    9: 17184 op, 1006903650.00 ns, 58.5954 us/op, 80898413.00 uJpkg, 0.00 uJdram
WorkloadPilot   10: 17072 op, 1008883721.00 ns, 59.0958 us/op, 81877171.00 uJpkg, 0.00 uJdram

OverheadWarmup   1: 17072 op, 60685.00 ns, 3.5547 ns/op, 0.00 uJpkg, 0.00 uJdram
OverheadWarmup   2: 17072 op, 60175.00 ns, 3.5248 ns/op, 0.00 uJpkg, 0.00 uJdram
OverheadWarmup   3: 17072 op, 59479.00 ns, 3.4840 ns/op, 0.00 uJpkg, 0.00 uJdram
OverheadWarmup   4: 17072 op, 59775.00 ns, 3.5013 ns/op, 0.00 uJpkg, 0.00 uJdram
OverheadWarmup   5: 17072 op, 62041.00 ns, 3.6341 ns/op, 0.00 uJpkg, 0.00 uJdram
OverheadWarmup   6: 17072 op, 62047.00 ns, 3.6344 ns/op, 0.00 uJpkg, 0.00 uJdram
OverheadWarmup   7: 17072 op, 59512.00 ns, 3.4859 ns/op, 0.00 uJpkg, 0.00 uJdram
OverheadWarmup   8: 17072 op, 62583.00 ns, 3.6658 ns/op, 0.00 uJpkg, 0.00 uJdram
OverheadWarmup   9: 17072 op, 62882.00 ns, 3.6833 ns/op, 0.00 uJpkg, 0.00 uJdram
OverheadWarmup  10: 17072 op, 62040.00 ns, 3.6340 ns/op, 81360.00 uJpkg, 0.00 uJdram

OverheadActual   1: 17072 op, 62039.00 ns, 3.6340 ns/op, 0.00 uJpkg, 0.00 uJdram
OverheadActual   2: 17072 op, 59902.00 ns, 3.5088 ns/op, 0.00 uJpkg, 0.00 uJdram
OverheadActual   3: 17072 op, 59518.00 ns, 3.4863 ns/op, 0.00 uJpkg, 0.00 uJdram
OverheadActual   4: 17072 op, 59508.00 ns, 3.4857 ns/op, 0.00 uJpkg, 0.00 uJdram
OverheadActual   5: 17072 op, 59496.00 ns, 3.4850 ns/op, 0.00 uJpkg, 0.00 uJdram
OverheadActual   6: 17072 op, 59824.00 ns, 3.5042 ns/op, 74524.00 uJpkg, 0.00 uJdram
OverheadActual   7: 17072 op, 59506.00 ns, 3.4856 ns/op, 108643.00 uJpkg, 0.00 uJdram
OverheadActual   8: 17072 op, 59502.00 ns, 3.4854 ns/op, 0.00 uJpkg, 0.00 uJdram
OverheadActual   9: 17072 op, 59515.00 ns, 3.4861 ns/op, 0.00 uJpkg, 0.00 uJdram
OverheadActual  10: 17072 op, 68348.00 ns, 4.0035 ns/op, 0.00 uJpkg, 0.00 uJdram
OverheadActual  11: 17072 op, 59488.00 ns, 3.4845 ns/op, 0.00 uJpkg, 0.00 uJdram
OverheadActual  12: 17072 op, 59485.00 ns, 3.4844 ns/op, 74341.00 uJpkg, 0.00 uJdram
OverheadActual  13: 17072 op, 59516.00 ns, 3.4862 ns/op, 104858.00 uJpkg, 0.00 uJdram
OverheadActual  14: 17072 op, 59858.00 ns, 3.5062 ns/op, 0.00 uJpkg, 0.00 uJdram
OverheadActual  15: 17072 op, 59509.00 ns, 3.4858 ns/op, 0.00 uJpkg, 0.00 uJdram

WorkloadWarmup   1: 17072 op, 1001192583.00 ns, 58.6453 us/op, 82978303.00 uJpkg, 0.00 uJdram
WorkloadWarmup   2: 17072 op, 999997589.00 ns, 58.5753 us/op, 80178017.00 uJpkg, 0.00 uJdram
WorkloadWarmup   3: 17072 op, 989351080.00 ns, 57.9517 us/op, 79381267.00 uJpkg, 0.00 uJdram
WorkloadWarmup   4: 17072 op, 991561325.00 ns, 58.0811 us/op, 79716165.00 uJpkg, 0.00 uJdram
WorkloadWarmup   5: 17072 op, 988607770.00 ns, 57.9081 us/op, 79258891.00 uJpkg, 0.00 uJdram
WorkloadWarmup   6: 17072 op, 1009172847.00 ns, 59.1127 us/op, 81184180.00 uJpkg, 0.00 uJdram

// BeforeActualRun
WorkloadActual   1: 17072 op, 984452846.00 ns, 57.6648 us/op, 79074688.00 uJpkg, 0.00 uJdram
WorkloadActual   2: 17072 op, 1013669790.00 ns, 59.3762 us/op, 81236121.00 uJpkg, 0.00 uJdram
WorkloadActual   3: 17072 op, 988827428.00 ns, 57.9210 us/op, 79385233.00 uJpkg, 0.00 uJdram
WorkloadActual   4: 17072 op, 984026162.00 ns, 57.6398 us/op, 79207439.00 uJpkg, 0.00 uJdram
WorkloadActual   5: 17072 op, 994167482.00 ns, 58.2338 us/op, 79978860.00 uJpkg, 0.00 uJdram
WorkloadActual   6: 17072 op, 996987158.00 ns, 58.3990 us/op, 80276772.00 uJpkg, 0.00 uJdram
WorkloadActual   7: 17072 op, 993168790.00 ns, 58.1753 us/op, 79886148.00 uJpkg, 0.00 uJdram
WorkloadActual   8: 17072 op, 994173993.00 ns, 58.2342 us/op, 79896341.00 uJpkg, 0.00 uJdram
WorkloadActual   9: 17072 op, 1017178716.00 ns, 59.5817 us/op, 81495886.00 uJpkg, 0.00 uJdram
WorkloadActual  10: 17072 op, 986269108.00 ns, 57.7712 us/op, 80722023.00 uJpkg, 0.00 uJdram
WorkloadActual  11: 17072 op, 993693215.00 ns, 58.2060 us/op, 80101601.00 uJpkg, 0.00 uJdram
WorkloadActual  12: 17072 op, 987538145.00 ns, 57.8455 us/op, 79249980.00 uJpkg, 0.00 uJdram
WorkloadActual  13: 17072 op, 982872139.00 ns, 57.5722 us/op, 79102275.00 uJpkg, 0.00 uJdram
WorkloadActual  14: 17072 op, 1004498229.00 ns, 58.8389 us/op, 80927344.00 uJpkg, 0.00 uJdram
WorkloadActual  15: 17072 op, 988616392.00 ns, 57.9086 us/op, 79594583.00 uJpkg, 0.00 uJdram

// AfterActualRun
WorkloadResult   1: 17072 op, 984393331.00 ns, 57.6613 us/op, 79074688.00 uJpkg, 0.00 uJdram
WorkloadResult   2: 17072 op, 1013610275.00 ns, 59.3727 us/op, 81236121.00 uJpkg, 0.00 uJdram
WorkloadResult   3: 17072 op, 988767913.00 ns, 57.9175 us/op, 79385233.00 uJpkg, 0.00 uJdram
WorkloadResult   4: 17072 op, 983966647.00 ns, 57.6363 us/op, 79207439.00 uJpkg, 0.00 uJdram
WorkloadResult   5: 17072 op, 994107967.00 ns, 58.2303 us/op, 79978860.00 uJpkg, 0.00 uJdram
WorkloadResult   6: 17072 op, 996927643.00 ns, 58.3955 us/op, 80276772.00 uJpkg, 0.00 uJdram
WorkloadResult   7: 17072 op, 993109275.00 ns, 58.1718 us/op, 79886148.00 uJpkg, 0.00 uJdram
WorkloadResult   8: 17072 op, 994114478.00 ns, 58.2307 us/op, 79896341.00 uJpkg, 0.00 uJdram
WorkloadResult   9: 17072 op, 1017119201.00 ns, 59.5782 us/op, 81495886.00 uJpkg, 0.00 uJdram
WorkloadResult  10: 17072 op, 986209593.00 ns, 57.7677 us/op, 80722023.00 uJpkg, 0.00 uJdram
WorkloadResult  11: 17072 op, 993633700.00 ns, 58.2025 us/op, 80101601.00 uJpkg, 0.00 uJdram
WorkloadResult  12: 17072 op, 987478630.00 ns, 57.8420 us/op, 79249980.00 uJpkg, 0.00 uJdram
WorkloadResult  13: 17072 op, 982812624.00 ns, 57.5687 us/op, 79102275.00 uJpkg, 0.00 uJdram
WorkloadResult  14: 17072 op, 1004438714.00 ns, 58.8354 us/op, 80927344.00 uJpkg, 0.00 uJdram
WorkloadResult  15: 17072 op, 988556877.00 ns, 57.9052 us/op, 79594583.00 uJpkg, 0.00 uJdram

// AfterAll
// Benchmark Process 4048344 has exited with code 0.

Mean = 58.221 μs, StdErr = 0.157 μs (0.27%), N = 15, StdDev = 0.610 μs
Min = 57.569 μs, Q1 = 57.805 μs, Median = 58.172 μs, Q3 = 58.313 μs, Max = 59.578 μs
IQR = 0.508 μs, LowerFence = 57.042 μs, UpperFence = 59.075 μs
ConfidenceInterval = [57.569 μs; 58.873 μs] (CI 99.9%), Margin = 0.652 μs (1.12% of Mean)
Skewness = 1, Kurtosis = 2.79, MValue = 2

// ** Remained 6 (20.0%) benchmark(s) to run. Estimated finish 2025-12-31 17:50 (0h 2m from now) **
// **************************
// Benchmark: JsonSerializationBenchmarks.SpanJson_Serialize_Medium: Overhead-Fixed-Energy-1(OutlierMode=DontRemove, IterationCount=15, IterationTime=1s, LaunchCount=1, WarmupCount=6)
// *** Execute ***
// Launch: 1 / 1
// Execute: dotnet Serialization.Bench-Overhead-Fixed-Energy-1-1.dll --anonymousPipes 103 104 --benchmarkName Serialization.Bench.JsonSerializationBenchmarks.SpanJson_Serialize_Medium --job Overhead-Fixed-Energy-1 --benchmarkId 24 in /home/test/rapl-tests/lib-energy-bench/src/Serialization.Bench/bin/Release/net8.0/Serialization.Bench-Overhead-Fixed-Energy-1-1/bin/Release/net8.0
// BeforeAnythingElse

// Benchmark Process Environment Information:
// BenchmarkDotNet v0.15.5-develop (2025-12-31)
// Runtime=.NET 8.0.21 (8.0.21, 8.0.2125.47513), X64 RyuJIT x86-64-v4
// GC=Concurrent Workstation
// HardwareIntrinsics=AVX512 IFMA+VBMI,AVX512 F+BW+CD+DQ+VL,AVX2+BMI1+BMI2+F16C+FMA+LZCNT+MOVBE,AVX,SSE3+SSSE3+SSE4.1+SSE4.2+POPCNT,X86Base+SSE+SSE2,AES+PCLMUL VectorSize=256
// Job: Overhead-Fixed-Energy-1(OutlierMode=DontRemove, IterationCount=15, IterationTime=1s, LaunchCount=1, WarmupCount=6)

OverheadJitting  1: 1 op, 133744.00 ns, 133.7440 us/op, 0.00 uJpkg, 0.00 uJdram
WorkloadJitting  1: 1 op, 96950332.00 ns, 96.9503 ms/op, 6003585.00 uJpkg, 0.00 uJdram

WorkloadPilot    1: 4 op, 1005016.00 ns, 251.2540 us/op, 76904.00 uJpkg, 0.00 uJdram
WorkloadPilot    2: 3980 op, 279737760.00 ns, 70.2859 us/op, 18637038.00 uJpkg, 0.00 uJdram
WorkloadPilot    3: 14228 op, 557435798.00 ns, 39.1788 us/op, 35147676.00 uJpkg, 0.00 uJdram
WorkloadPilot    4: 25524 op, 994611603.00 ns, 38.9677 us/op, 64011921.00 uJpkg, 0.00 uJdram
WorkloadPilot    5: 25662 op, 1004964854.00 ns, 39.1616 us/op, 65114824.00 uJpkg, 0.00 uJdram
WorkloadPilot    6: 25535 op, 996098383.00 ns, 39.0091 us/op, 63956441.00 uJpkg, 0.00 uJdram
WorkloadPilot    7: 25635 op, 997560800.00 ns, 38.9140 us/op, 64685076.00 uJpkg, 0.00 uJdram
WorkloadPilot    8: 25698 op, 997423683.00 ns, 38.8133 us/op, 63668965.00 uJpkg, 0.00 uJdram
WorkloadPilot    9: 25764 op, 1002872836.00 ns, 38.9254 us/op, 64252643.00 uJpkg, 0.00 uJdram
WorkloadPilot   10: 25690 op, 1000401927.00 ns, 38.9413 us/op, 64646685.00 uJpkg, 0.00 uJdram

WorkloadWarmup   1: 25690 op, 1001969585.00 ns, 39.0023 us/op, 64415180.00 uJpkg, 0.00 uJdram
WorkloadWarmup   2: 25690 op, 1002111813.00 ns, 39.0079 us/op, 64953874.00 uJpkg, 0.00 uJdram
WorkloadWarmup   3: 25690 op, 999887544.00 ns, 38.9213 us/op, 64123920.00 uJpkg, 0.00 uJdram
WorkloadWarmup   4: 25690 op, 995332120.00 ns, 38.7440 us/op, 63786702.00 uJpkg, 0.00 uJdram
WorkloadWarmup   5: 25690 op, 1001235659.00 ns, 38.9738 us/op, 63393393.00 uJpkg, 0.00 uJdram
WorkloadWarmup   6: 25690 op, 995788650.00 ns, 38.7617 us/op, 63440573.00 uJpkg, 0.00 uJdram

// BeforeActualRun
WorkloadActual   1: 25690 op, 1001589636.00 ns, 38.9875 us/op, 64365009.00 uJpkg, 0.00 uJdram
WorkloadActual   2: 25690 op, 1002789851.00 ns, 39.0342 us/op, 64056965.00 uJpkg, 0.00 uJdram
WorkloadActual   3: 25690 op, 995733192.00 ns, 38.7596 us/op, 63182517.00 uJpkg, 0.00 uJdram
WorkloadActual   4: 25690 op, 999182400.00 ns, 38.8938 us/op, 63287253.00 uJpkg, 0.00 uJdram
WorkloadActual   5: 25690 op, 999384934.00 ns, 38.9017 us/op, 63520346.00 uJpkg, 0.00 uJdram
WorkloadActual   6: 25690 op, 1000079106.00 ns, 38.9287 us/op, 63781331.00 uJpkg, 0.00 uJdram
WorkloadActual   7: 25690 op, 998583007.00 ns, 38.8705 us/op, 63362143.00 uJpkg, 0.00 uJdram
WorkloadActual   8: 25690 op, 998243548.00 ns, 38.8573 us/op, 64448504.00 uJpkg, 0.00 uJdram
WorkloadActual   9: 25690 op, 1000270214.00 ns, 38.9362 us/op, 63076438.00 uJpkg, 0.00 uJdram
WorkloadActual  10: 25690 op, 1004609397.00 ns, 39.1051 us/op, 63664693.00 uJpkg, 0.00 uJdram
WorkloadActual  11: 25690 op, 995914844.00 ns, 38.7666 us/op, 64127277.00 uJpkg, 0.00 uJdram
WorkloadActual  12: 25690 op, 999433354.00 ns, 38.9036 us/op, 64204730.00 uJpkg, 0.00 uJdram
WorkloadActual  13: 25690 op, 999008403.00 ns, 38.8871 us/op, 63841938.00 uJpkg, 0.00 uJdram
WorkloadActual  14: 25690 op, 998358123.00 ns, 38.8617 us/op, 63614522.00 uJpkg, 0.00 uJdram
WorkloadActual  15: 25690 op, 1001409968.00 ns, 38.9805 us/op, 63040366.00 uJpkg, 0.00 uJdram

// AfterActualRun
WorkloadResult   1: 25690 op, 1001589636.00 ns, 38.9875 us/op, 64365009.00 uJpkg, 0.00 uJdram
WorkloadResult   2: 25690 op, 1002789851.00 ns, 39.0342 us/op, 64056965.00 uJpkg, 0.00 uJdram
WorkloadResult   3: 25690 op, 995733192.00 ns, 38.7596 us/op, 63182517.00 uJpkg, 0.00 uJdram
WorkloadResult   4: 25690 op, 999182400.00 ns, 38.8938 us/op, 63287253.00 uJpkg, 0.00 uJdram
WorkloadResult   5: 25690 op, 999384934.00 ns, 38.9017 us/op, 63520346.00 uJpkg, 0.00 uJdram
WorkloadResult   6: 25690 op, 1000079106.00 ns, 38.9287 us/op, 63781331.00 uJpkg, 0.00 uJdram
WorkloadResult   7: 25690 op, 998583007.00 ns, 38.8705 us/op, 63362143.00 uJpkg, 0.00 uJdram
WorkloadResult   8: 25690 op, 998243548.00 ns, 38.8573 us/op, 64448504.00 uJpkg, 0.00 uJdram
WorkloadResult   9: 25690 op, 1000270214.00 ns, 38.9362 us/op, 63076438.00 uJpkg, 0.00 uJdram
WorkloadResult  10: 25690 op, 1004609397.00 ns, 39.1051 us/op, 63664693.00 uJpkg, 0.00 uJdram
WorkloadResult  11: 25690 op, 995914844.00 ns, 38.7666 us/op, 64127277.00 uJpkg, 0.00 uJdram
WorkloadResult  12: 25690 op, 999433354.00 ns, 38.9036 us/op, 64204730.00 uJpkg, 0.00 uJdram
WorkloadResult  13: 25690 op, 999008403.00 ns, 38.8871 us/op, 63841938.00 uJpkg, 0.00 uJdram
WorkloadResult  14: 25690 op, 998358123.00 ns, 38.8617 us/op, 63614522.00 uJpkg, 0.00 uJdram
WorkloadResult  15: 25690 op, 1001409968.00 ns, 38.9805 us/op, 63040366.00 uJpkg, 0.00 uJdram

// AfterAll
// Benchmark Process 4048357 has exited with code 0.

Mean = 38.912 μs, StdErr = 0.024 μs (0.06%), N = 15, StdDev = 0.091 μs
Min = 38.760 μs, Q1 = 38.866 μs, Median = 38.902 μs, Q3 = 38.958 μs, Max = 39.105 μs
IQR = 0.092 μs, LowerFence = 38.728 μs, UpperFence = 39.097 μs
ConfidenceInterval = [38.814 μs; 39.009 μs] (CI 99.9%), Margin = 0.097 μs (0.25% of Mean)
Skewness = 0.26, Kurtosis = 2.59, MValue = 2

// ** Remained 5 (16.7%) benchmark(s) to run. Estimated finish 2025-12-31 17:50 (0h 2m from now) **
// **************************
// Benchmark: JsonSerializationBenchmarks.STJ_Serialize_Small: Overhead-Fixed-Energy-1(OutlierMode=DontRemove, IterationCount=15, IterationTime=1s, LaunchCount=1, WarmupCount=6)
// *** Execute ***
// Launch: 1 / 1
// Execute: dotnet Serialization.Bench-Overhead-Fixed-Energy-1-1.dll --anonymousPipes 103 104 --benchmarkName Serialization.Bench.JsonSerializationBenchmarks.STJ_Serialize_Small --job Overhead-Fixed-Energy-1 --benchmarkId 25 in /home/test/rapl-tests/lib-energy-bench/src/Serialization.Bench/bin/Release/net8.0/Serialization.Bench-Overhead-Fixed-Energy-1-1/bin/Release/net8.0
// BeforeAnythingElse

// Benchmark Process Environment Information:
// BenchmarkDotNet v0.15.5-develop (2025-12-31)
// Runtime=.NET 8.0.21 (8.0.21, 8.0.2125.47513), X64 RyuJIT x86-64-v4
// GC=Concurrent Workstation
// HardwareIntrinsics=AVX512 IFMA+VBMI,AVX512 F+BW+CD+DQ+VL,AVX2+BMI1+BMI2+F16C+FMA+LZCNT+MOVBE,AVX,SSE3+SSSE3+SSE4.1+SSE4.2+POPCNT,X86Base+SSE+SSE2,AES+PCLMUL VectorSize=256
// Job: Overhead-Fixed-Energy-1(OutlierMode=DontRemove, IterationCount=15, IterationTime=1s, LaunchCount=1, WarmupCount=6)

OverheadJitting  1: 1 op, 136872.00 ns, 136.8720 us/op, 65307.00 uJpkg, 0.00 uJdram
WorkloadJitting  1: 1 op, 3803486.00 ns, 3.8035 ms/op, 271301.00 uJpkg, 0.00 uJdram

OverheadJitting  2: 16 op, 384033.00 ns, 24.0021 us/op, 80505.00 uJpkg, 0.00 uJdram
WorkloadJitting  2: 16 op, 458255.00 ns, 28.6409 us/op, 0.00 uJpkg, 0.00 uJdram

WorkloadPilot    1: 16 op, 67624.00 ns, 4.2265 us/op, 66345.00 uJpkg, 0.00 uJdram
WorkloadPilot    2: 236608 op, 573498000.00 ns, 2.4238 us/op, 49408993.00 uJpkg, 0.00 uJdram
WorkloadPilot    3: 412576 op, 536845466.00 ns, 1.3012 us/op, 46436466.00 uJpkg, 0.00 uJdram
WorkloadPilot    4: 768528 op, 996358634.00 ns, 1.2965 us/op, 86662071.00 uJpkg, 0.00 uJdram
WorkloadPilot    5: 771344 op, 999784854.00 ns, 1.2962 us/op, 86642417.00 uJpkg, 0.00 uJdram
WorkloadPilot    6: 771520 op, 995317756.00 ns, 1.2901 us/op, 86297630.00 uJpkg, 0.00 uJdram
WorkloadPilot    7: 775152 op, 1007841553.00 ns, 1.3002 us/op, 87608602.00 uJpkg, 0.00 uJdram
WorkloadPilot    8: 769136 op, 992538001.00 ns, 1.2905 us/op, 86395165.00 uJpkg, 0.00 uJdram
WorkloadPilot    9: 774928 op, 999819100.00 ns, 1.2902 us/op, 87364217.00 uJpkg, 0.00 uJdram
WorkloadPilot   10: 775072 op, 1001096086.00 ns, 1.2916 us/op, 87811542.00 uJpkg, 0.00 uJdram
WorkloadPilot   11: 774224 op, 1000307136.00 ns, 1.2920 us/op, 86772849.00 uJpkg, 0.00 uJdram

OverheadWarmup   1: 774224 op, 2659352.00 ns, 3.4349 ns/op, 215637.00 uJpkg, 0.00 uJdram
OverheadWarmup   2: 774224 op, 2671254.00 ns, 3.4502 ns/op, 141784.00 uJpkg, 0.00 uJdram
OverheadWarmup   3: 774224 op, 2683036.00 ns, 3.4655 ns/op, 208922.00 uJpkg, 0.00 uJdram
OverheadWarmup   4: 774224 op, 2693510.00 ns, 3.4790 ns/op, 146301.00 uJpkg, 0.00 uJdram
OverheadWarmup   5: 774224 op, 2707816.00 ns, 3.4975 ns/op, 206237.00 uJpkg, 0.00 uJdram
OverheadWarmup   6: 774224 op, 2701385.00 ns, 3.4892 ns/op, 117004.00 uJpkg, 0.00 uJdram
OverheadWarmup   7: 774224 op, 2660689.00 ns, 3.4366 ns/op, 199279.00 uJpkg, 0.00 uJdram
OverheadWarmup   8: 774224 op, 2654306.00 ns, 3.4283 ns/op, 211852.00 uJpkg, 0.00 uJdram
OverheadWarmup   9: 774224 op, 2650943.00 ns, 3.4240 ns/op, 149963.00 uJpkg, 0.00 uJdram
OverheadWarmup  10: 774224 op, 2660926.00 ns, 3.4369 ns/op, 199889.00 uJpkg, 0.00 uJdram

OverheadActual   1: 774224 op, 2681484.00 ns, 3.4634 ns/op, 217956.00 uJpkg, 0.00 uJdram
OverheadActual   2: 774224 op, 2662597.00 ns, 3.4391 ns/op, 198242.00 uJpkg, 0.00 uJdram
OverheadActual   3: 774224 op, 2694442.00 ns, 3.4802 ns/op, 190307.00 uJpkg, 0.00 uJdram
OverheadActual   4: 774224 op, 2662585.00 ns, 3.4390 ns/op, 195923.00 uJpkg, 0.00 uJdram
OverheadActual   5: 774224 op, 2694340.00 ns, 3.4801 ns/op, 142028.00 uJpkg, 0.00 uJdram
OverheadActual   6: 774224 op, 2693574.00 ns, 3.4791 ns/op, 220275.00 uJpkg, 0.00 uJdram
OverheadActual   7: 774224 op, 2654792.00 ns, 3.4290 ns/op, 217528.00 uJpkg, 0.00 uJdram
OverheadActual   8: 774224 op, 2656614.00 ns, 3.4313 ns/op, 135498.00 uJpkg, 0.00 uJdram
OverheadActual   9: 774224 op, 2694724.00 ns, 3.4805 ns/op, 214721.00 uJpkg, 0.00 uJdram
OverheadActual  10: 774224 op, 2693537.00 ns, 3.4790 ns/op, 238891.00 uJpkg, 0.00 uJdram
OverheadActual  11: 774224 op, 2660437.00 ns, 3.4363 ns/op, 140808.00 uJpkg, 0.00 uJdram
OverheadActual  12: 774224 op, 2665438.00 ns, 3.4427 ns/op, 202148.00 uJpkg, 0.00 uJdram
OverheadActual  13: 774224 op, 2702950.00 ns, 3.4912 ns/op, 236511.00 uJpkg, 0.00 uJdram
OverheadActual  14: 774224 op, 2657692.00 ns, 3.4327 ns/op, 209655.00 uJpkg, 0.00 uJdram
OverheadActual  15: 774224 op, 2649755.00 ns, 3.4225 ns/op, 205078.00 uJpkg, 0.00 uJdram

WorkloadWarmup   1: 774224 op, 1008215214.00 ns, 1.3022 us/op, 90389051.00 uJpkg, 0.00 uJdram
WorkloadWarmup   2: 774224 op, 1004625463.00 ns, 1.2976 us/op, 87549336.00 uJpkg, 0.00 uJdram
WorkloadWarmup   3: 774224 op, 1002680068.00 ns, 1.2951 us/op, 87741414.00 uJpkg, 0.00 uJdram
WorkloadWarmup   4: 774224 op, 1001122805.00 ns, 1.2931 us/op, 87864766.00 uJpkg, 0.00 uJdram
WorkloadWarmup   5: 774224 op, 999439191.00 ns, 1.2909 us/op, 87291402.00 uJpkg, 0.00 uJdram
WorkloadWarmup   6: 774224 op, 999756807.00 ns, 1.2913 us/op, 87322348.00 uJpkg, 0.00 uJdram

// BeforeActualRun
WorkloadActual   1: 774224 op, 1004277420.00 ns, 1.2971 us/op, 87855732.00 uJpkg, 0.00 uJdram
WorkloadActual   2: 774224 op, 1003211925.00 ns, 1.2958 us/op, 88225849.00 uJpkg, 0.00 uJdram
WorkloadActual   3: 774224 op, 1003726284.00 ns, 1.2964 us/op, 87869099.00 uJpkg, 0.00 uJdram
WorkloadActual   4: 774224 op, 1005628701.00 ns, 1.2989 us/op, 88541888.00 uJpkg, 0.00 uJdram
WorkloadActual   5: 774224 op, 1005703728.00 ns, 1.2990 us/op, 87937031.00 uJpkg, 0.00 uJdram
WorkloadActual   6: 774224 op, 1002887979.00 ns, 1.2953 us/op, 87198751.00 uJpkg, 0.00 uJdram
WorkloadActual   7: 774224 op, 1002987419.00 ns, 1.2955 us/op, 87016135.00 uJpkg, 0.00 uJdram
WorkloadActual   8: 774224 op, 1003477158.00 ns, 1.2961 us/op, 87302999.00 uJpkg, 0.00 uJdram
WorkloadActual   9: 774224 op, 1002833101.00 ns, 1.2953 us/op, 87077414.00 uJpkg, 0.00 uJdram
WorkloadActual  10: 774224 op, 1002818577.00 ns, 1.2953 us/op, 88005634.00 uJpkg, 0.00 uJdram
WorkloadActual  11: 774224 op, 1002699197.00 ns, 1.2951 us/op, 86933005.00 uJpkg, 0.00 uJdram
WorkloadActual  12: 774224 op, 1003287636.00 ns, 1.2959 us/op, 87467488.00 uJpkg, 0.00 uJdram
WorkloadActual  13: 774224 op, 1002605040.00 ns, 1.2950 us/op, 87570027.00 uJpkg, 0.00 uJdram
WorkloadActual  14: 774224 op, 1002483446.00 ns, 1.2948 us/op, 87698201.00 uJpkg, 0.00 uJdram
WorkloadActual  15: 774224 op, 1002218392.00 ns, 1.2945 us/op, 87207662.00 uJpkg, 0.00 uJdram

// AfterActualRun
WorkloadResult   1: 774224 op, 1001611982.00 ns, 1.2937 us/op, 87855732.00 uJpkg, 0.00 uJdram
WorkloadResult   2: 774224 op, 1000546487.00 ns, 1.2923 us/op, 88225849.00 uJpkg, 0.00 uJdram
WorkloadResult   3: 774224 op, 1001060846.00 ns, 1.2930 us/op, 87869099.00 uJpkg, 0.00 uJdram
WorkloadResult   4: 774224 op, 1002963263.00 ns, 1.2954 us/op, 88541888.00 uJpkg, 0.00 uJdram
WorkloadResult   5: 774224 op, 1003038290.00 ns, 1.2955 us/op, 87937031.00 uJpkg, 0.00 uJdram
WorkloadResult   6: 774224 op, 1000222541.00 ns, 1.2919 us/op, 87198751.00 uJpkg, 0.00 uJdram
WorkloadResult   7: 774224 op, 1000321981.00 ns, 1.2920 us/op, 87016135.00 uJpkg, 0.00 uJdram
WorkloadResult   8: 774224 op, 1000811720.00 ns, 1.2927 us/op, 87302999.00 uJpkg, 0.00 uJdram
WorkloadResult   9: 774224 op, 1000167663.00 ns, 1.2918 us/op, 87077414.00 uJpkg, 0.00 uJdram
WorkloadResult  10: 774224 op, 1000153139.00 ns, 1.2918 us/op, 88005634.00 uJpkg, 0.00 uJdram
WorkloadResult  11: 774224 op, 1000033759.00 ns, 1.2917 us/op, 86933005.00 uJpkg, 0.00 uJdram
WorkloadResult  12: 774224 op, 1000622198.00 ns, 1.2924 us/op, 87467488.00 uJpkg, 0.00 uJdram
WorkloadResult  13: 774224 op, 999939602.00 ns, 1.2915 us/op, 87570027.00 uJpkg, 0.00 uJdram
WorkloadResult  14: 774224 op, 999818008.00 ns, 1.2914 us/op, 87698201.00 uJpkg, 0.00 uJdram
WorkloadResult  15: 774224 op, 999552954.00 ns, 1.2910 us/op, 87207662.00 uJpkg, 0.00 uJdram

// AfterAll
// Benchmark Process 4048371 has exited with code 0.

Mean = 1.293 μs, StdErr = 0.000 μs (0.03%), N = 15, StdDev = 0.001 μs
Min = 1.291 μs, Q1 = 1.292 μs, Median = 1.292 μs, Q3 = 1.293 μs, Max = 1.296 μs
IQR = 0.001 μs, LowerFence = 1.290 μs, UpperFence = 1.294 μs
ConfidenceInterval = [1.291 μs; 1.294 μs] (CI 99.9%), Margin = 0.001 μs (0.11% of Mean)
Skewness = 1.16, Kurtosis = 3.09, MValue = 2

// ** Remained 4 (13.3%) benchmark(s) to run. Estimated finish 2025-12-31 17:50 (0h 1m from now) **
// **************************
// Benchmark: JsonSerializationBenchmarks.Newtonsoft_Serialize_Small: Overhead-Fixed-Energy-1(OutlierMode=DontRemove, IterationCount=15, IterationTime=1s, LaunchCount=1, WarmupCount=6)
// *** Execute ***
// Launch: 1 / 1
// Execute: dotnet Serialization.Bench-Overhead-Fixed-Energy-1-1.dll --anonymousPipes 103 104 --benchmarkName Serialization.Bench.JsonSerializationBenchmarks.Newtonsoft_Serialize_Small --job Overhead-Fixed-Energy-1 --benchmarkId 26 in /home/test/rapl-tests/lib-energy-bench/src/Serialization.Bench/bin/Release/net8.0/Serialization.Bench-Overhead-Fixed-Energy-1-1/bin/Release/net8.0
// BeforeAnythingElse

// Benchmark Process Environment Information:
// BenchmarkDotNet v0.15.5-develop (2025-12-31)
// Runtime=.NET 8.0.21 (8.0.21, 8.0.2125.47513), X64 RyuJIT x86-64-v4
// GC=Concurrent Workstation
// HardwareIntrinsics=AVX512 IFMA+VBMI,AVX512 F+BW+CD+DQ+VL,AVX2+BMI1+BMI2+F16C+FMA+LZCNT+MOVBE,AVX,SSE3+SSSE3+SSE4.1+SSE4.2+POPCNT,X86Base+SSE+SSE2,AES+PCLMUL VectorSize=256
// Job: Overhead-Fixed-Energy-1(OutlierMode=DontRemove, IterationCount=15, IterationTime=1s, LaunchCount=1, WarmupCount=6)

OverheadJitting  1: 1 op, 135623.00 ns, 135.6230 us/op, 0.00 uJpkg, 0.00 uJdram
WorkloadJitting  1: 1 op, 37907850.00 ns, 37.9079 ms/op, 2396051.00 uJpkg, 0.00 uJdram

OverheadJitting  2: 16 op, 367213.00 ns, 22.9508 us/op, 65917.00 uJpkg, 0.00 uJdram
WorkloadJitting  2: 16 op, 648012.00 ns, 40.5008 us/op, 0.00 uJpkg, 0.00 uJdram

WorkloadPilot    1: 16 op, 272205.00 ns, 17.0128 us/op, 0.00 uJpkg, 0.00 uJdram
WorkloadPilot    2: 58784 op, 241862102.00 ns, 4.1144 us/op, 19742503.00 uJpkg, 0.00 uJdram
WorkloadPilot    3: 243056 op, 538462075.00 ns, 2.2154 us/op, 46623660.00 uJpkg, 0.00 uJdram
WorkloadPilot    4: 451392 op, 999011542.00 ns, 2.2132 us/op, 87091391.00 uJpkg, 0.00 uJdram
WorkloadPilot    5: 451840 op, 1003115563.00 ns, 2.2201 us/op, 87673421.00 uJpkg, 0.00 uJdram
WorkloadPilot    6: 450448 op, 992910382.00 ns, 2.2043 us/op, 86825645.00 uJpkg, 0.00 uJdram
WorkloadPilot    7: 453664 op, 1010832455.00 ns, 2.2282 us/op, 88567706.00 uJpkg, 0.00 uJdram
WorkloadPilot    8: 448816 op, 988963778.00 ns, 2.2035 us/op, 86389488.00 uJpkg, 0.00 uJdram
WorkloadPilot    9: 453840 op, 1003312416.00 ns, 2.2107 us/op, 87711995.00 uJpkg, 0.00 uJdram

OverheadWarmup   1: 453840 op, 1546197.00 ns, 3.4069 ns/op, 58410.00 uJpkg, 0.00 uJdram
OverheadWarmup   2: 453840 op, 1559667.00 ns, 3.4366 ns/op, 142334.00 uJpkg, 0.00 uJdram
OverheadWarmup   3: 453840 op, 1552245.00 ns, 3.4202 ns/op, 56946.00 uJpkg, 0.00 uJdram
OverheadWarmup   4: 453840 op, 1558928.00 ns, 3.4350 ns/op, 143494.00 uJpkg, 0.00 uJdram
OverheadWarmup   5: 453840 op, 1554215.00 ns, 3.4246 ns/op, 131104.00 uJpkg, 0.00 uJdram

OverheadActual   1: 453840 op, 1560015.00 ns, 3.4374 ns/op, 67383.00 uJpkg, 0.00 uJdram
OverheadActual   2: 453840 op, 1545458.00 ns, 3.4053 ns/op, 133301.00 uJpkg, 0.00 uJdram
OverheadActual   3: 453840 op, 1549587.00 ns, 3.4144 ns/op, 111939.00 uJpkg, 0.00 uJdram
OverheadActual   4: 453840 op, 1550243.00 ns, 3.4158 ns/op, 128418.00 uJpkg, 0.00 uJdram
OverheadActual   5: 453840 op, 1548369.00 ns, 3.4117 ns/op, 119811.00 uJpkg, 0.00 uJdram
OverheadActual   6: 453840 op, 1550532.00 ns, 3.4165 ns/op, 150451.00 uJpkg, 0.00 uJdram
OverheadActual   7: 453840 op, 1557172.00 ns, 3.4311 ns/op, 138794.00 uJpkg, 0.00 uJdram
OverheadActual   8: 453840 op, 1547809.00 ns, 3.4105 ns/op, 142028.00 uJpkg, 0.00 uJdram
OverheadActual   9: 453840 op, 1549009.00 ns, 3.4131 ns/op, 121459.00 uJpkg, 0.00 uJdram
OverheadActual  10: 453840 op, 1559564.00 ns, 3.4364 ns/op, 146606.00 uJpkg, 0.00 uJdram
OverheadActual  11: 453840 op, 1549960.00 ns, 3.4152 ns/op, 120483.00 uJpkg, 0.00 uJdram
OverheadActual  12: 453840 op, 1559066.00 ns, 3.4353 ns/op, 159851.00 uJpkg, 0.00 uJdram
OverheadActual  13: 453840 op, 1565048.00 ns, 3.4485 ns/op, 141541.00 uJpkg, 0.00 uJdram
OverheadActual  14: 453840 op, 1566159.00 ns, 3.4509 ns/op, 75134.00 uJpkg, 0.00 uJdram
OverheadActual  15: 453840 op, 1549873.00 ns, 3.4150 ns/op, 145630.00 uJpkg, 0.00 uJdram

WorkloadWarmup   1: 453840 op, 1004421221.00 ns, 2.2132 us/op, 90443739.00 uJpkg, 0.00 uJdram
WorkloadWarmup   2: 453840 op, 1000802795.00 ns, 2.2052 us/op, 87687214.00 uJpkg, 0.00 uJdram
WorkloadWarmup   3: 453840 op, 998566864.00 ns, 2.2003 us/op, 87795613.00 uJpkg, 0.00 uJdram
WorkloadWarmup   4: 453840 op, 997719126.00 ns, 2.1984 us/op, 87531637.00 uJpkg, 0.00 uJdram
WorkloadWarmup   5: 453840 op, 1000812913.00 ns, 2.2052 us/op, 88008747.00 uJpkg, 0.00 uJdram
WorkloadWarmup   6: 453840 op, 1000157575.00 ns, 2.2038 us/op, 87758687.00 uJpkg, 0.00 uJdram

// BeforeActualRun
WorkloadActual   1: 453840 op, 1003493866.00 ns, 2.2111 us/op, 87954730.00 uJpkg, 0.00 uJdram
WorkloadActual   2: 453840 op, 1005118573.00 ns, 2.2147 us/op, 88302569.00 uJpkg, 0.00 uJdram
WorkloadActual   3: 453840 op, 1001877441.00 ns, 2.2076 us/op, 88697222.00 uJpkg, 0.00 uJdram
WorkloadActual   4: 453840 op, 1000444076.00 ns, 2.2044 us/op, 88267413.00 uJpkg, 0.00 uJdram
WorkloadActual   5: 453840 op, 995735811.00 ns, 2.1940 us/op, 87567525.00 uJpkg, 0.00 uJdram
WorkloadActual   6: 453840 op, 1001625501.00 ns, 2.2070 us/op, 87720295.00 uJpkg, 0.00 uJdram
WorkloadActual   7: 453840 op, 996423465.00 ns, 2.1955 us/op, 87362081.00 uJpkg, 0.00 uJdram
WorkloadActual   8: 453840 op, 1000736082.00 ns, 2.2050 us/op, 86318504.00 uJpkg, 0.00 uJdram
WorkloadActual   9: 453840 op, 1005805598.00 ns, 2.2162 us/op, 86913840.00 uJpkg, 0.00 uJdram
WorkloadActual  10: 453840 op, 1011971236.00 ns, 2.2298 us/op, 88336444.00 uJpkg, 0.00 uJdram
WorkloadActual  11: 453840 op, 1009962653.00 ns, 2.2254 us/op, 87142050.00 uJpkg, 0.00 uJdram
WorkloadActual  12: 453840 op, 1012500896.00 ns, 2.2310 us/op, 87132894.00 uJpkg, 0.00 uJdram
WorkloadActual  13: 453840 op, 1005760791.00 ns, 2.2161 us/op, 86998374.00 uJpkg, 0.00 uJdram
WorkloadActual  14: 453840 op, 1004145049.00 ns, 2.2126 us/op, 86548790.00 uJpkg, 0.00 uJdram
WorkloadActual  15: 453840 op, 1006745387.00 ns, 2.2183 us/op, 87126425.00 uJpkg, 0.00 uJdram

// AfterActualRun
WorkloadResult   1: 453840 op, 1001943623.00 ns, 2.2077 us/op, 87954730.00 uJpkg, 0.00 uJdram
WorkloadResult   2: 453840 op, 1003568330.00 ns, 2.2113 us/op, 88302569.00 uJpkg, 0.00 uJdram
WorkloadResult   3: 453840 op, 1000327198.00 ns, 2.2041 us/op, 88697222.00 uJpkg, 0.00 uJdram
WorkloadResult   4: 453840 op, 998893833.00 ns, 2.2010 us/op, 88267413.00 uJpkg, 0.00 uJdram
WorkloadResult   5: 453840 op, 994185568.00 ns, 2.1906 us/op, 87567525.00 uJpkg, 0.00 uJdram
WorkloadResult   6: 453840 op, 1000075258.00 ns, 2.2036 us/op, 87720295.00 uJpkg, 0.00 uJdram
WorkloadResult   7: 453840 op, 994873222.00 ns, 2.1921 us/op, 87362081.00 uJpkg, 0.00 uJdram
WorkloadResult   8: 453840 op, 999185839.00 ns, 2.2016 us/op, 86318504.00 uJpkg, 0.00 uJdram
WorkloadResult   9: 453840 op, 1004255355.00 ns, 2.2128 us/op, 86913840.00 uJpkg, 0.00 uJdram
WorkloadResult  10: 453840 op, 1010420993.00 ns, 2.2264 us/op, 88336444.00 uJpkg, 0.00 uJdram
WorkloadResult  11: 453840 op, 1008412410.00 ns, 2.2220 us/op, 87142050.00 uJpkg, 0.00 uJdram
WorkloadResult  12: 453840 op, 1010950653.00 ns, 2.2275 us/op, 87132894.00 uJpkg, 0.00 uJdram
WorkloadResult  13: 453840 op, 1004210548.00 ns, 2.2127 us/op, 86998374.00 uJpkg, 0.00 uJdram
WorkloadResult  14: 453840 op, 1002594806.00 ns, 2.2091 us/op, 86548790.00 uJpkg, 0.00 uJdram
WorkloadResult  15: 453840 op, 1005195144.00 ns, 2.2149 us/op, 87126425.00 uJpkg, 0.00 uJdram

// AfterAll
// Benchmark Process 4048385 has exited with code 0.

Mean = 2.209 μs, StdErr = 0.003 μs (0.13%), N = 15, StdDev = 0.011 μs
Min = 2.191 μs, Q1 = 2.203 μs, Median = 2.209 μs, Q3 = 2.214 μs, Max = 2.228 μs
IQR = 0.011 μs, LowerFence = 2.186 μs, UpperFence = 2.231 μs
ConfidenceInterval = [2.197 μs; 2.221 μs] (CI 99.9%), Margin = 0.012 μs (0.53% of Mean)
Skewness = 0.06, Kurtosis = 2.05, MValue = 2

// ** Remained 3 (10.0%) benchmark(s) to run. Estimated finish 2025-12-31 17:50 (0h 1m from now) **
// **************************
// Benchmark: JsonSerializationBenchmarks.Jil_Serialize_Small: Overhead-Fixed-Energy-1(OutlierMode=DontRemove, IterationCount=15, IterationTime=1s, LaunchCount=1, WarmupCount=6)
// *** Execute ***
// Launch: 1 / 1
// Execute: dotnet Serialization.Bench-Overhead-Fixed-Energy-1-1.dll --anonymousPipes 103 104 --benchmarkName Serialization.Bench.JsonSerializationBenchmarks.Jil_Serialize_Small --job Overhead-Fixed-Energy-1 --benchmarkId 27 in /home/test/rapl-tests/lib-energy-bench/src/Serialization.Bench/bin/Release/net8.0/Serialization.Bench-Overhead-Fixed-Energy-1-1/bin/Release/net8.0
// BeforeAnythingElse

// Benchmark Process Environment Information:
// BenchmarkDotNet v0.15.5-develop (2025-12-31)
// Runtime=.NET 8.0.21 (8.0.21, 8.0.2125.47513), X64 RyuJIT x86-64-v4
// GC=Concurrent Workstation
// HardwareIntrinsics=AVX512 IFMA+VBMI,AVX512 F+BW+CD+DQ+VL,AVX2+BMI1+BMI2+F16C+FMA+LZCNT+MOVBE,AVX,SSE3+SSSE3+SSE4.1+SSE4.2+POPCNT,X86Base+SSE+SSE2,AES+PCLMUL VectorSize=256
// Job: Overhead-Fixed-Energy-1(OutlierMode=DontRemove, IterationCount=15, IterationTime=1s, LaunchCount=1, WarmupCount=6)

OverheadJitting  1: 1 op, 136738.00 ns, 136.7380 us/op, 59876.00 uJpkg, 0.00 uJdram
WorkloadJitting  1: 1 op, 105390583.00 ns, 105.3906 ms/op, 6406356.00 uJpkg, 0.00 uJdram

WorkloadPilot    1: 4 op, 24257.00 ns, 6.0643 us/op, 0.00 uJpkg, 0.00 uJdram
WorkloadPilot    2: 164901 op, 373643706.00 ns, 2.2659 us/op, 30155502.00 uJpkg, 0.00 uJdram
WorkloadPilot    3: 441332 op, 764679789.00 ns, 1.7327 us/op, 66738782.00 uJpkg, 0.00 uJdram
WorkloadPilot    4: 577146 op, 997734826.00 ns, 1.7287 us/op, 87421651.00 uJpkg, 0.00 uJdram
WorkloadPilot    5: 578456 op, 998250493.00 ns, 1.7257 us/op, 87361165.00 uJpkg, 0.00 uJdram
WorkloadPilot    6: 579470 op, 1003469865.00 ns, 1.7317 us/op, 87944599.00 uJpkg, 0.00 uJdram
WorkloadPilot    7: 577466 op, 1004419667.00 ns, 1.7394 us/op, 88200274.00 uJpkg, 0.00 uJdram
WorkloadPilot    8: 574925 op, 998051195.00 ns, 1.7360 us/op, 87767963.00 uJpkg, 0.00 uJdram
WorkloadPilot    9: 576048 op, 1000282537.00 ns, 1.7365 us/op, 87727314.00 uJpkg, 0.00 uJdram

WorkloadWarmup   1: 576048 op, 995301745.00 ns, 1.7278 us/op, 88338824.00 uJpkg, 0.00 uJdram
WorkloadWarmup   2: 576048 op, 998584136.00 ns, 1.7335 us/op, 87879657.00 uJpkg, 0.00 uJdram
WorkloadWarmup   3: 576048 op, 1000728389.00 ns, 1.7372 us/op, 87939228.00 uJpkg, 0.00 uJdram
WorkloadWarmup   4: 576048 op, 1001019752.00 ns, 1.7377 us/op, 87550923.00 uJpkg, 0.00 uJdram
WorkloadWarmup   5: 576048 op, 999391327.00 ns, 1.7349 us/op, 87607625.00 uJpkg, 0.00 uJdram
WorkloadWarmup   6: 576048 op, 1000081452.00 ns, 1.7361 us/op, 87669758.00 uJpkg, 0.00 uJdram

// BeforeActualRun
WorkloadActual   1: 576048 op, 995086765.00 ns, 1.7274 us/op, 87324422.00 uJpkg, 0.00 uJdram
WorkloadActual   2: 576048 op, 1001260871.00 ns, 1.7382 us/op, 89633743.00 uJpkg, 0.00 uJdram
WorkloadActual   3: 576048 op, 1000952150.00 ns, 1.7376 us/op, 88943192.00 uJpkg, 0.00 uJdram
WorkloadActual   4: 576048 op, 998726439.00 ns, 1.7338 us/op, 88365985.00 uJpkg, 0.00 uJdram
WorkloadActual   5: 576048 op, 999283575.00 ns, 1.7347 us/op, 87965412.00 uJpkg, 0.00 uJdram
WorkloadActual   6: 576048 op, 1000997447.00 ns, 1.7377 us/op, 88226031.00 uJpkg, 0.00 uJdram
WorkloadActual   7: 576048 op, 1002615107.00 ns, 1.7405 us/op, 88781328.00 uJpkg, 0.00 uJdram
WorkloadActual   8: 576048 op, 1000275147.00 ns, 1.7364 us/op, 88156513.00 uJpkg, 0.00 uJdram
WorkloadActual   9: 576048 op, 1000157629.00 ns, 1.7362 us/op, 88150897.00 uJpkg, 0.00 uJdram
WorkloadActual  10: 576048 op, 997940874.00 ns, 1.7324 us/op, 87982807.00 uJpkg, 0.00 uJdram
WorkloadActual  11: 576048 op, 999351936.00 ns, 1.7348 us/op, 88009723.00 uJpkg, 0.00 uJdram
WorkloadActual  12: 576048 op, 1000459725.00 ns, 1.7368 us/op, 88502642.00 uJpkg, 0.00 uJdram
WorkloadActual  13: 576048 op, 1000615619.00 ns, 1.7370 us/op, 88017902.00 uJpkg, 0.00 uJdram
WorkloadActual  14: 576048 op, 1000189020.00 ns, 1.7363 us/op, 88152423.00 uJpkg, 0.00 uJdram
WorkloadActual  15: 576048 op, 999471319.00 ns, 1.7350 us/op, 88052692.00 uJpkg, 0.00 uJdram

// AfterActualRun
WorkloadResult   1: 576048 op, 995086765.00 ns, 1.7274 us/op, 87324422.00 uJpkg, 0.00 uJdram
WorkloadResult   2: 576048 op, 1001260871.00 ns, 1.7382 us/op, 89633743.00 uJpkg, 0.00 uJdram
WorkloadResult   3: 576048 op, 1000952150.00 ns, 1.7376 us/op, 88943192.00 uJpkg, 0.00 uJdram
WorkloadResult   4: 576048 op, 998726439.00 ns, 1.7338 us/op, 88365985.00 uJpkg, 0.00 uJdram
WorkloadResult   5: 576048 op, 999283575.00 ns, 1.7347 us/op, 87965412.00 uJpkg, 0.00 uJdram
WorkloadResult   6: 576048 op, 1000997447.00 ns, 1.7377 us/op, 88226031.00 uJpkg, 0.00 uJdram
WorkloadResult   7: 576048 op, 1002615107.00 ns, 1.7405 us/op, 88781328.00 uJpkg, 0.00 uJdram
WorkloadResult   8: 576048 op, 1000275147.00 ns, 1.7364 us/op, 88156513.00 uJpkg, 0.00 uJdram
WorkloadResult   9: 576048 op, 1000157629.00 ns, 1.7362 us/op, 88150897.00 uJpkg, 0.00 uJdram
WorkloadResult  10: 576048 op, 997940874.00 ns, 1.7324 us/op, 87982807.00 uJpkg, 0.00 uJdram
WorkloadResult  11: 576048 op, 999351936.00 ns, 1.7348 us/op, 88009723.00 uJpkg, 0.00 uJdram
WorkloadResult  12: 576048 op, 1000459725.00 ns, 1.7368 us/op, 88502642.00 uJpkg, 0.00 uJdram
WorkloadResult  13: 576048 op, 1000615619.00 ns, 1.7370 us/op, 88017902.00 uJpkg, 0.00 uJdram
WorkloadResult  14: 576048 op, 1000189020.00 ns, 1.7363 us/op, 88152423.00 uJpkg, 0.00 uJdram
WorkloadResult  15: 576048 op, 999471319.00 ns, 1.7350 us/op, 88052692.00 uJpkg, 0.00 uJdram

// AfterAll
// Benchmark Process 4048399 has exited with code 0.

Mean = 1.736 μs, StdErr = 0.001 μs (0.04%), N = 15, StdDev = 0.003 μs
Min = 1.727 μs, Q1 = 1.735 μs, Median = 1.736 μs, Q3 = 1.737 μs, Max = 1.741 μs
IQR = 0.003 μs, LowerFence = 1.731 μs, UpperFence = 1.741 μs
ConfidenceInterval = [1.732 μs; 1.739 μs] (CI 99.9%), Margin = 0.003 μs (0.18% of Mean)
Skewness = -1.11, Kurtosis = 4.39, MValue = 2

// ** Remained 2 (6.7%) benchmark(s) to run. Estimated finish 2025-12-31 17:50 (0h 0m from now) **
// **************************
// Benchmark: JsonSerializationBenchmarks.Utf8Json_Serialize_Small: Overhead-Fixed-Energy-1(OutlierMode=DontRemove, IterationCount=15, IterationTime=1s, LaunchCount=1, WarmupCount=6)
// *** Execute ***
// Launch: 1 / 1
// Execute: dotnet Serialization.Bench-Overhead-Fixed-Energy-1-1.dll --anonymousPipes 103 104 --benchmarkName Serialization.Bench.JsonSerializationBenchmarks.Utf8Json_Serialize_Small --job Overhead-Fixed-Energy-1 --benchmarkId 28 in /home/test/rapl-tests/lib-energy-bench/src/Serialization.Bench/bin/Release/net8.0/Serialization.Bench-Overhead-Fixed-Energy-1-1/bin/Release/net8.0
// BeforeAnythingElse

// Benchmark Process Environment Information:
// BenchmarkDotNet v0.15.5-develop (2025-12-31)
// Runtime=.NET 8.0.21 (8.0.21, 8.0.2125.47513), X64 RyuJIT x86-64-v4
// GC=Concurrent Workstation
// HardwareIntrinsics=AVX512 IFMA+VBMI,AVX512 F+BW+CD+DQ+VL,AVX2+BMI1+BMI2+F16C+FMA+LZCNT+MOVBE,AVX,SSE3+SSSE3+SSE4.1+SSE4.2+POPCNT,X86Base+SSE+SSE2,AES+PCLMUL VectorSize=256
// Job: Overhead-Fixed-Energy-1(OutlierMode=DontRemove, IterationCount=15, IterationTime=1s, LaunchCount=1, WarmupCount=6)

OverheadJitting  1: 1 op, 136933.00 ns, 136.9330 us/op, 0.00 uJpkg, 0.00 uJdram
WorkloadJitting  1: 1 op, 46060508.00 ns, 46.0605 ms/op, 2847832.00 uJpkg, 0.00 uJdram

OverheadJitting  2: 16 op, 373450.00 ns, 23.3406 us/op, 65429.00 uJpkg, 0.00 uJdram
WorkloadJitting  2: 16 op, 535208.00 ns, 33.4505 us/op, 64758.00 uJpkg, 0.00 uJdram

WorkloadPilot    1: 16 op, 205039.00 ns, 12.8149 us/op, 0.00 uJpkg, 0.00 uJdram
WorkloadPilot    2: 78048 op, 425330494.00 ns, 5.4496 us/op, 34775607.00 uJpkg, 0.00 uJdram
WorkloadPilot    3: 183504 op, 180361704.00 ns, 982.8761 ns/op, 16070760.00 uJpkg, 0.00 uJdram
WorkloadPilot    4: 1017424 op, 976712397.00 ns, 959.9856 ns/op, 82625521.00 uJpkg, 0.00 uJdram
WorkloadPilot    5: 1041696 op, 996791643.00 ns, 956.8930 ns/op, 84919033.00 uJpkg, 0.00 uJdram
WorkloadPilot    6: 1045056 op, 1003109898.00 ns, 959.8623 ns/op, 84950039.00 uJpkg, 0.00 uJdram
WorkloadPilot    7: 1041824 op, 995344266.00 ns, 955.3862 ns/op, 84319181.00 uJpkg, 0.00 uJdram
WorkloadPilot    8: 1046704 op, 999555911.00 ns, 954.9557 ns/op, 84630459.00 uJpkg, 0.00 uJdram
WorkloadPilot    9: 1047184 op, 999992477.00 ns, 954.9348 ns/op, 84022490.00 uJpkg, 0.00 uJdram
WorkloadPilot   10: 1047200 op, 1002647939.00 ns, 957.4560 ns/op, 85521266.00 uJpkg, 0.00 uJdram
WorkloadPilot   11: 1044448 op, 1002037873.00 ns, 959.3947 ns/op, 84177275.00 uJpkg, 0.00 uJdram

OverheadWarmup   1: 1044448 op, 3551690.00 ns, 3.4005 ns/op, 284057.00 uJpkg, 0.00 uJdram
OverheadWarmup   2: 1044448 op, 3549517.00 ns, 3.3985 ns/op, 275756.00 uJpkg, 0.00 uJdram
OverheadWarmup   3: 1044448 op, 3547779.00 ns, 3.3968 ns/op, 198425.00 uJpkg, 0.00 uJdram
OverheadWarmup   4: 1044448 op, 3552850.00 ns, 3.4017 ns/op, 189941.00 uJpkg, 0.00 uJdram
OverheadWarmup   5: 1044448 op, 3551348.00 ns, 3.4002 ns/op, 257141.00 uJpkg, 0.00 uJdram
OverheadWarmup   6: 1044448 op, 3548082.00 ns, 3.3971 ns/op, 261535.00 uJpkg, 0.00 uJdram
OverheadWarmup   7: 1044448 op, 3546709.00 ns, 3.3958 ns/op, 282287.00 uJpkg, 0.00 uJdram
OverheadWarmup   8: 1044448 op, 3551332.00 ns, 3.4002 ns/op, 262329.00 uJpkg, 0.00 uJdram
OverheadWarmup   9: 1044448 op, 3545419.00 ns, 3.3945 ns/op, 190674.00 uJpkg, 0.00 uJdram

OverheadActual   1: 1044448 op, 3554429.00 ns, 3.4032 ns/op, 274657.00 uJpkg, 0.00 uJdram
OverheadActual   2: 1044448 op, 3549175.00 ns, 3.3981 ns/op, 234252.00 uJpkg, 0.00 uJdram
OverheadActual   3: 1044448 op, 3547918.00 ns, 3.3969 ns/op, 244323.00 uJpkg, 0.00 uJdram
OverheadActual   4: 1044448 op, 3549727.00 ns, 3.3987 ns/op, 189086.00 uJpkg, 0.00 uJdram
OverheadActual   5: 1044448 op, 3547574.00 ns, 3.3966 ns/op, 252684.00 uJpkg, 0.00 uJdram
OverheadActual   6: 1044448 op, 3545116.00 ns, 3.3942 ns/op, 247741.00 uJpkg, 0.00 uJdram
OverheadActual   7: 1044448 op, 3546695.00 ns, 3.3958 ns/op, 193481.00 uJpkg, 0.00 uJdram
OverheadActual   8: 1044448 op, 3546659.00 ns, 3.3957 ns/op, 252807.00 uJpkg, 0.00 uJdram
OverheadActual   9: 1044448 op, 3545030.00 ns, 3.3942 ns/op, 194457.00 uJpkg, 0.00 uJdram
OverheadActual  10: 1044448 op, 3546968.00 ns, 3.3960 ns/op, 272155.00 uJpkg, 0.00 uJdram
OverheadActual  11: 1044448 op, 3545179.00 ns, 3.3943 ns/op, 254150.00 uJpkg, 0.00 uJdram
OverheadActual  12: 1044448 op, 3546788.00 ns, 3.3958 ns/op, 199584.00 uJpkg, 0.00 uJdram
OverheadActual  13: 1044448 op, 3557640.00 ns, 3.4062 ns/op, 267029.00 uJpkg, 0.00 uJdram
OverheadActual  14: 1044448 op, 3546355.00 ns, 3.3954 ns/op, 188049.00 uJpkg, 0.00 uJdram
OverheadActual  15: 1044448 op, 3550258.00 ns, 3.3992 ns/op, 262817.00 uJpkg, 0.00 uJdram

WorkloadWarmup   1: 1044448 op, 999974175.00 ns, 957.4188 ns/op, 86152611.00 uJpkg, 0.00 uJdram
WorkloadWarmup   2: 1044448 op, 998575824.00 ns, 956.0800 ns/op, 83731475.00 uJpkg, 0.00 uJdram
WorkloadWarmup   3: 1044448 op, 997890193.00 ns, 955.4235 ns/op, 83500824.00 uJpkg, 0.00 uJdram
WorkloadWarmup   4: 1044448 op, 998436356.00 ns, 955.9464 ns/op, 84079985.00 uJpkg, 0.00 uJdram
WorkloadWarmup   5: 1044448 op, 997637049.00 ns, 955.1812 ns/op, 84165190.00 uJpkg, 0.00 uJdram
WorkloadWarmup   6: 1044448 op, 997414242.00 ns, 954.9678 ns/op, 84472379.00 uJpkg, 0.00 uJdram

// BeforeActualRun
WorkloadActual   1: 1044448 op, 1000469597.00 ns, 957.8932 ns/op, 84632718.00 uJpkg, 0.00 uJdram
WorkloadActual   2: 1044448 op, 1002326229.00 ns, 959.6708 ns/op, 84916591.00 uJpkg, 0.00 uJdram
WorkloadActual   3: 1044448 op, 1002257597.00 ns, 959.6051 ns/op, 84951321.00 uJpkg, 0.00 uJdram
WorkloadActual   4: 1044448 op, 1002125796.00 ns, 959.4789 ns/op, 84934780.00 uJpkg, 0.00 uJdram
WorkloadActual   5: 1044448 op, 1002968373.00 ns, 960.2856 ns/op, 85361170.00 uJpkg, 0.00 uJdram
WorkloadActual   6: 1044448 op, 1002994732.00 ns, 960.3108 ns/op, 85181301.00 uJpkg, 0.00 uJdram
WorkloadActual   7: 1044448 op, 1002841554.00 ns, 960.1642 ns/op, 85203700.00 uJpkg, 0.00 uJdram
WorkloadActual   8: 1044448 op, 1002429447.00 ns, 959.7696 ns/op, 85214564.00 uJpkg, 0.00 uJdram
WorkloadActual   9: 1044448 op, 1002518720.00 ns, 959.8551 ns/op, 85030789.00 uJpkg, 0.00 uJdram
WorkloadActual  10: 1044448 op, 1003688277.00 ns, 960.9749 ns/op, 86175561.00 uJpkg, 0.00 uJdram
WorkloadActual  11: 1044448 op, 1002740481.00 ns, 960.0674 ns/op, 85057339.00 uJpkg, 0.00 uJdram
WorkloadActual  12: 1044448 op, 1002251757.00 ns, 959.5995 ns/op, 84997646.00 uJpkg, 0.00 uJdram
WorkloadActual  13: 1044448 op, 1002441831.00 ns, 959.7815 ns/op, 84954434.00 uJpkg, 0.00 uJdram
WorkloadActual  14: 1044448 op, 1001795935.00 ns, 959.1631 ns/op, 84766384.00 uJpkg, 0.00 uJdram
WorkloadActual  15: 1044448 op, 1002486013.00 ns, 959.8238 ns/op, 85201686.00 uJpkg, 0.00 uJdram

// AfterActualRun
WorkloadResult   1: 1044448 op, 996922629.00 ns, 954.4971 ns/op, 84632718.00 uJpkg, 0.00 uJdram
WorkloadResult   2: 1044448 op, 998779261.00 ns, 956.2748 ns/op, 84916591.00 uJpkg, 0.00 uJdram
WorkloadResult   3: 1044448 op, 998710629.00 ns, 956.2090 ns/op, 84951321.00 uJpkg, 0.00 uJdram
WorkloadResult   4: 1044448 op, 998578828.00 ns, 956.0829 ns/op, 84934780.00 uJpkg, 0.00 uJdram
WorkloadResult   5: 1044448 op, 999421405.00 ns, 956.8896 ns/op, 85361170.00 uJpkg, 0.00 uJdram
WorkloadResult   6: 1044448 op, 999447764.00 ns, 956.9148 ns/op, 85181301.00 uJpkg, 0.00 uJdram
WorkloadResult   7: 1044448 op, 999294586.00 ns, 956.7682 ns/op, 85203700.00 uJpkg, 0.00 uJdram
WorkloadResult   8: 1044448 op, 998882479.00 ns, 956.3736 ns/op, 85214564.00 uJpkg, 0.00 uJdram
WorkloadResult   9: 1044448 op, 998971752.00 ns, 956.4591 ns/op, 85030789.00 uJpkg, 0.00 uJdram
WorkloadResult  10: 1044448 op, 1000141309.00 ns, 957.5788 ns/op, 86175561.00 uJpkg, 0.00 uJdram
WorkloadResult  11: 1044448 op, 999193513.00 ns, 956.6714 ns/op, 85057339.00 uJpkg, 0.00 uJdram
WorkloadResult  12: 1044448 op, 998704789.00 ns, 956.2035 ns/op, 84997646.00 uJpkg, 0.00 uJdram
WorkloadResult  13: 1044448 op, 998894863.00 ns, 956.3854 ns/op, 84954434.00 uJpkg, 0.00 uJdram
WorkloadResult  14: 1044448 op, 998248967.00 ns, 955.7670 ns/op, 84766384.00 uJpkg, 0.00 uJdram
WorkloadResult  15: 1044448 op, 998939045.00 ns, 956.4277 ns/op, 85201686.00 uJpkg, 0.00 uJdram

// AfterAll
// Benchmark Process 4048412 has exited with code 0.

Mean = 956.367 ns, StdErr = 0.173 ns (0.02%), N = 15, StdDev = 0.671 ns
Min = 954.497 ns, Q1 = 956.206 ns, Median = 956.385 ns, Q3 = 956.720 ns, Max = 957.579 ns
IQR = 0.514 ns, LowerFence = 955.436 ns, UpperFence = 957.490 ns
ConfidenceInterval = [955.649 ns; 957.084 ns] (CI 99.9%), Margin = 0.717 ns (0.08% of Mean)
Skewness = -1.02, Kurtosis = 4.84, MValue = 2

// ** Remained 1 (3.3%) benchmark(s) to run. Estimated finish 2025-12-31 17:50 (0h 0m from now) **
// **************************
// Benchmark: JsonSerializationBenchmarks.SpanJson_Serialize_Small: Overhead-Fixed-Energy-1(OutlierMode=DontRemove, IterationCount=15, IterationTime=1s, LaunchCount=1, WarmupCount=6)
// *** Execute ***
// Launch: 1 / 1
// Execute: dotnet Serialization.Bench-Overhead-Fixed-Energy-1-1.dll --anonymousPipes 103 104 --benchmarkName Serialization.Bench.JsonSerializationBenchmarks.SpanJson_Serialize_Small --job Overhead-Fixed-Energy-1 --benchmarkId 29 in /home/test/rapl-tests/lib-energy-bench/src/Serialization.Bench/bin/Release/net8.0/Serialization.Bench-Overhead-Fixed-Energy-1-1/bin/Release/net8.0
// BeforeAnythingElse

// Benchmark Process Environment Information:
// BenchmarkDotNet v0.15.5-develop (2025-12-31)
// Runtime=.NET 8.0.21 (8.0.21, 8.0.2125.47513), X64 RyuJIT x86-64-v4
// GC=Concurrent Workstation
// HardwareIntrinsics=AVX512 IFMA+VBMI,AVX512 F+BW+CD+DQ+VL,AVX2+BMI1+BMI2+F16C+FMA+LZCNT+MOVBE,AVX,SSE3+SSSE3+SSE4.1+SSE4.2+POPCNT,X86Base+SSE+SSE2,AES+PCLMUL VectorSize=256
// Job: Overhead-Fixed-Energy-1(OutlierMode=DontRemove, IterationCount=15, IterationTime=1s, LaunchCount=1, WarmupCount=6)

OverheadJitting  1: 1 op, 136177.00 ns, 136.1770 us/op, 0.00 uJpkg, 0.00 uJdram
WorkloadJitting  1: 1 op, 59613499.00 ns, 59.6135 ms/op, 4278980.00 uJpkg, 0.00 uJdram

OverheadJitting  2: 16 op, 370163.00 ns, 23.1352 us/op, 95703.00 uJpkg, 0.00 uJdram
WorkloadJitting  2: 16 op, 581690.00 ns, 36.3556 us/op, 78125.00 uJpkg, 0.00 uJdram

WorkloadPilot    1: 16 op, 217958.00 ns, 13.6224 us/op, 0.00 uJpkg, 0.00 uJdram
WorkloadPilot    2: 73424 op, 248725643.00 ns, 3.3875 us/op, 17106646.00 uJpkg, 0.00 uJdram
WorkloadPilot    3: 295216 op, 356404625.00 ns, 1.2073 us/op, 23356996.00 uJpkg, 0.00 uJdram
WorkloadPilot    4: 828320 op, 997168141.00 ns, 1.2038 us/op, 65034258.00 uJpkg, 0.00 uJdram
WorkloadPilot    5: 830672 op, 997799134.00 ns, 1.2012 us/op, 64958574.00 uJpkg, 0.00 uJdram
WorkloadPilot    6: 832512 op, 999271113.00 ns, 1.2003 us/op, 65287797.00 uJpkg, 0.00 uJdram
WorkloadPilot    7: 833120 op, 1002152061.00 ns, 1.2029 us/op, 65379410.00 uJpkg, 0.00 uJdram
WorkloadPilot    8: 831344 op, 1003797069.00 ns, 1.2074 us/op, 65345964.00 uJpkg, 0.00 uJdram
WorkloadPilot    9: 828208 op, 997926741.00 ns, 1.2049 us/op, 65074113.00 uJpkg, 0.00 uJdram
WorkloadPilot   10: 829936 op, 1000143252.00 ns, 1.2051 us/op, 65796584.00 uJpkg, 0.00 uJdram

OverheadWarmup   1: 829936 op, 2822702.00 ns, 3.4011 ns/op, 181579.00 uJpkg, 0.00 uJdram
OverheadWarmup   2: 829936 op, 2828927.00 ns, 3.4086 ns/op, 175292.00 uJpkg, 0.00 uJdram
OverheadWarmup   3: 829936 op, 2837278.00 ns, 3.4187 ns/op, 188599.00 uJpkg, 0.00 uJdram
OverheadWarmup   4: 829936 op, 2840565.00 ns, 3.4226 ns/op, 196716.00 uJpkg, 0.00 uJdram
OverheadWarmup   5: 829936 op, 2854598.00 ns, 3.4395 ns/op, 209716.00 uJpkg, 0.00 uJdram
OverheadWarmup   6: 829936 op, 2828760.00 ns, 3.4084 ns/op, 184814.00 uJpkg, 0.00 uJdram
OverheadWarmup   7: 829936 op, 2825780.00 ns, 3.4048 ns/op, 195556.00 uJpkg, 0.00 uJdram
OverheadWarmup   8: 829936 op, 2830773.00 ns, 3.4108 ns/op, 187683.00 uJpkg, 0.00 uJdram
OverheadWarmup   9: 829936 op, 2833920.00 ns, 3.4146 ns/op, 261657.00 uJpkg, 0.00 uJdram
OverheadWarmup  10: 829936 op, 2821070.00 ns, 3.3991 ns/op, 183715.00 uJpkg, 0.00 uJdram

OverheadActual   1: 829936 op, 2829843.00 ns, 3.4097 ns/op, 167907.00 uJpkg, 0.00 uJdram
OverheadActual   2: 829936 op, 2830709.00 ns, 3.4108 ns/op, 173401.00 uJpkg, 0.00 uJdram
OverheadActual   3: 829936 op, 2848940.00 ns, 3.4327 ns/op, 201354.00 uJpkg, 0.00 uJdram
OverheadActual   4: 829936 op, 2846756.00 ns, 3.4301 ns/op, 192016.00 uJpkg, 0.00 uJdram
OverheadActual   5: 829936 op, 2832786.00 ns, 3.4133 ns/op, 189330.00 uJpkg, 0.00 uJdram
OverheadActual   6: 829936 op, 2820997.00 ns, 3.3991 ns/op, 183960.00 uJpkg, 0.00 uJdram
OverheadActual   7: 829936 op, 2826602.00 ns, 3.4058 ns/op, 183044.00 uJpkg, 0.00 uJdram
OverheadActual   8: 829936 op, 2821846.00 ns, 3.4001 ns/op, 196716.00 uJpkg, 0.00 uJdram
OverheadActual   9: 829936 op, 2837452.00 ns, 3.4189 ns/op, 129943.00 uJpkg, 0.00 uJdram
OverheadActual  10: 829936 op, 2820897.00 ns, 3.3989 ns/op, 175720.00 uJpkg, 0.00 uJdram
OverheadActual  11: 829936 op, 2828021.00 ns, 3.4075 ns/op, 188903.00 uJpkg, 0.00 uJdram
OverheadActual  12: 829936 op, 2823833.00 ns, 3.4025 ns/op, 195007.00 uJpkg, 0.00 uJdram
OverheadActual  13: 829936 op, 2831638.00 ns, 3.4119 ns/op, 125732.00 uJpkg, 0.00 uJdram
OverheadActual  14: 829936 op, 2823586.00 ns, 3.4022 ns/op, 196167.00 uJpkg, 0.00 uJdram
OverheadActual  15: 829936 op, 2825076.00 ns, 3.4040 ns/op, 192992.00 uJpkg, 0.00 uJdram

WorkloadWarmup   1: 829936 op, 996674249.00 ns, 1.2009 us/op, 66982738.00 uJpkg, 0.00 uJdram
WorkloadWarmup   2: 829936 op, 999045520.00 ns, 1.2038 us/op, 64939226.00 uJpkg, 0.00 uJdram
WorkloadWarmup   3: 829936 op, 995975023.00 ns, 1.2001 us/op, 64750323.00 uJpkg, 0.00 uJdram
WorkloadWarmup   4: 829936 op, 999342615.00 ns, 1.2041 us/op, 64944475.00 uJpkg, 0.00 uJdram
WorkloadWarmup   5: 829936 op, 995311935.00 ns, 1.1993 us/op, 64721575.00 uJpkg, 0.00 uJdram
WorkloadWarmup   6: 829936 op, 993175858.00 ns, 1.1967 us/op, 64705950.00 uJpkg, 0.00 uJdram

// BeforeActualRun
WorkloadActual   1: 829936 op, 998698918.00 ns, 1.2033 us/op, 65052567.00 uJpkg, 0.00 uJdram
WorkloadActual   2: 829936 op, 998208103.00 ns, 1.2028 us/op, 65115861.00 uJpkg, 0.00 uJdram
WorkloadActual   3: 829936 op, 1001695576.00 ns, 1.2070 us/op, 65744400.00 uJpkg, 0.00 uJdram
WorkloadActual   4: 829936 op, 1000542900.00 ns, 1.2056 us/op, 65104203.00 uJpkg, 0.00 uJdram
WorkloadActual   5: 829936 op, 997994082.00 ns, 1.2025 us/op, 65312577.00 uJpkg, 0.00 uJdram
WorkloadActual   6: 829936 op, 997567260.00 ns, 1.2020 us/op, 65141679.00 uJpkg, 0.00 uJdram
WorkloadActual   7: 829936 op, 998933807.00 ns, 1.2036 us/op, 65172014.00 uJpkg, 0.00 uJdram
WorkloadActual   8: 829936 op, 1000676082.00 ns, 1.2057 us/op, 65757156.00 uJpkg, 0.00 uJdram
WorkloadActual   9: 829936 op, 1000815549.00 ns, 1.2059 us/op, 65157853.00 uJpkg, 0.00 uJdram
WorkloadActual  10: 829936 op, 999492874.00 ns, 1.2043 us/op, 65535172.00 uJpkg, 0.00 uJdram
WorkloadActual  11: 829936 op, 1001080684.00 ns, 1.2062 us/op, 65083940.00 uJpkg, 0.00 uJdram
WorkloadActual  12: 829936 op, 1000203163.00 ns, 1.2052 us/op, 65082841.00 uJpkg, 0.00 uJdram
WorkloadActual  13: 829936 op, 996492358.00 ns, 1.2007 us/op, 64963640.00 uJpkg, 0.00 uJdram
WorkloadActual  14: 829936 op, 997440326.00 ns, 1.2018 us/op, 64668963.00 uJpkg, 0.00 uJdram
WorkloadActual  15: 829936 op, 997861085.00 ns, 1.2023 us/op, 64972002.00 uJpkg, 0.00 uJdram

// AfterActualRun
WorkloadResult   1: 829936 op, 995870897.00 ns, 1.1999 us/op, 65052567.00 uJpkg, 0.00 uJdram
WorkloadResult   2: 829936 op, 995380082.00 ns, 1.1993 us/op, 65115861.00 uJpkg, 0.00 uJdram
WorkloadResult   3: 829936 op, 998867555.00 ns, 1.2035 us/op, 65744400.00 uJpkg, 0.00 uJdram
WorkloadResult   4: 829936 op, 997714879.00 ns, 1.2022 us/op, 65104203.00 uJpkg, 0.00 uJdram
WorkloadResult   5: 829936 op, 995166061.00 ns, 1.1991 us/op, 65312577.00 uJpkg, 0.00 uJdram
WorkloadResult   6: 829936 op, 994739239.00 ns, 1.1986 us/op, 65141679.00 uJpkg, 0.00 uJdram
WorkloadResult   7: 829936 op, 996105786.00 ns, 1.2002 us/op, 65172014.00 uJpkg, 0.00 uJdram
WorkloadResult   8: 829936 op, 997848061.00 ns, 1.2023 us/op, 65757156.00 uJpkg, 0.00 uJdram
WorkloadResult   9: 829936 op, 997987528.00 ns, 1.2025 us/op, 65157853.00 uJpkg, 0.00 uJdram
WorkloadResult  10: 829936 op, 996664853.00 ns, 1.2009 us/op, 65535172.00 uJpkg, 0.00 uJdram
WorkloadResult  11: 829936 op, 998252663.00 ns, 1.2028 us/op, 65083940.00 uJpkg, 0.00 uJdram
WorkloadResult  12: 829936 op, 997375142.00 ns, 1.2017 us/op, 65082841.00 uJpkg, 0.00 uJdram
WorkloadResult  13: 829936 op, 993664337.00 ns, 1.1973 us/op, 64963640.00 uJpkg, 0.00 uJdram
WorkloadResult  14: 829936 op, 994612305.00 ns, 1.1984 us/op, 64668963.00 uJpkg, 0.00 uJdram
WorkloadResult  15: 829936 op, 995033064.00 ns, 1.1989 us/op, 64972002.00 uJpkg, 0.00 uJdram

// AfterAll
// Benchmark Process 4048427 has exited with code 0.

Mean = 1.201 μs, StdErr = 0.000 μs (0.04%), N = 15, StdDev = 0.002 μs
Min = 1.197 μs, Q1 = 1.199 μs, Median = 1.200 μs, Q3 = 1.202 μs, Max = 1.204 μs
IQR = 0.003 μs, LowerFence = 1.194 μs, UpperFence = 1.207 μs
ConfidenceInterval = [1.198 μs; 1.203 μs] (CI 99.9%), Margin = 0.002 μs (0.17% of Mean)
Skewness = 0, Kurtosis = 1.53, MValue = 2

// ** Remained 0 (0.0%) benchmark(s) to run. Estimated finish 2025-12-31 17:50 (0h 0m from now) **
// ***** BenchmarkRunner: Finish  *****

// * Export *
  Helpers/../BenchmarkArtifacts/results/Serialization.Bench.JsonSerializationBenchmarks-report.csv
  Helpers/../BenchmarkArtifacts/results/Serialization.Bench.JsonSerializationBenchmarks-report-github.md
  Helpers/../BenchmarkArtifacts/results/Serialization.Bench.JsonSerializationBenchmarks-report.html
  Helpers/../BenchmarkArtifacts/results/Serialization.Bench.JsonSerializationBenchmarks-measurements.csv

// * Detailed results *
JsonSerializationBenchmarks.SpanJson_Deserialize_Large: Overhead-Fixed-Energy-1(OutlierMode=DontRemove, IterationCount=15, IterationTime=1s, LaunchCount=1, WarmupCount=6)
Runtime = .NET 8.0.21 (8.0.21, 8.0.2125.47513), X64 RyuJIT x86-64-v4; GC = Concurrent Workstation
Mean = 152.406 μs, StdErr = 0.028 μs (0.02%), N = 15, StdDev = 0.108 μs
Min = 152.257 μs, Q1 = 152.340 μs, Median = 152.379 μs, Q3 = 152.467 μs, Max = 152.631 μs
IQR = 0.127 μs, LowerFence = 152.150 μs, UpperFence = 152.657 μs
ConfidenceInterval = [152.290 μs; 152.522 μs] (CI 99.9%), Margin = 0.116 μs (0.08% of Mean)
Skewness = 0.57, Kurtosis = 2.15, MValue = 2
-------------------- Histogram --------------------
[152.199 μs ; 152.688 μs) | @@@@@@@@@@@@@@@
---------------------------------------------------

JsonSerializationBenchmarks.STJ_Deserialize_Large: Overhead-Fixed-Energy-1(OutlierMode=DontRemove, IterationCount=15, IterationTime=1s, LaunchCount=1, WarmupCount=6)
Runtime = .NET 8.0.21 (8.0.21, 8.0.2125.47513), X64 RyuJIT x86-64-v4; GC = Concurrent Workstation
Mean = 202.061 μs, StdErr = 0.106 μs (0.05%), N = 15, StdDev = 0.409 μs
Min = 201.627 μs, Q1 = 201.827 μs, Median = 201.985 μs, Q3 = 202.183 μs, Max = 203.322 μs
IQR = 0.356 μs, LowerFence = 201.292 μs, UpperFence = 202.717 μs
ConfidenceInterval = [201.624 μs; 202.499 μs] (CI 99.9%), Margin = 0.437 μs (0.22% of Mean)
Skewness = 1.82, Kurtosis = 6.2, MValue = 2
-------------------- Histogram --------------------
[201.409 μs ; 203.540 μs) | @@@@@@@@@@@@@@@
---------------------------------------------------

JsonSerializationBenchmarks.Jil_Deserialize_Large: Overhead-Fixed-Energy-1(OutlierMode=DontRemove, IterationCount=15, IterationTime=1s, LaunchCount=1, WarmupCount=6)
Runtime = .NET 8.0.21 (8.0.21, 8.0.2125.47513), X64 RyuJIT x86-64-v4; GC = Concurrent Workstation
Mean = 214.087 μs, StdErr = 0.070 μs (0.03%), N = 15, StdDev = 0.271 μs
Min = 213.264 μs, Q1 = 214.051 μs, Median = 214.128 μs, Q3 = 214.208 μs, Max = 214.458 μs
IQR = 0.158 μs, LowerFence = 213.814 μs, UpperFence = 214.445 μs
ConfidenceInterval = [213.797 μs; 214.377 μs] (CI 99.9%), Margin = 0.290 μs (0.14% of Mean)
Skewness = -1.6, Kurtosis = 6.01, MValue = 2
-------------------- Histogram --------------------
[213.119 μs ; 214.603 μs) | @@@@@@@@@@@@@@@
---------------------------------------------------

JsonSerializationBenchmarks.Newtonsoft_Deserialize_Large: Overhead-Fixed-Energy-1(OutlierMode=DontRemove, IterationCount=15, IterationTime=1s, LaunchCount=1, WarmupCount=6)
Runtime = .NET 8.0.21 (8.0.21, 8.0.2125.47513), X64 RyuJIT x86-64-v4; GC = Concurrent Workstation
Mean = 239.270 μs, StdErr = 0.270 μs (0.11%), N = 15, StdDev = 1.046 μs
Min = 237.394 μs, Q1 = 238.597 μs, Median = 239.087 μs, Q3 = 239.942 μs, Max = 241.139 μs
IQR = 1.345 μs, LowerFence = 236.579 μs, UpperFence = 241.960 μs
ConfidenceInterval = [238.152 μs; 240.388 μs] (CI 99.9%), Margin = 1.118 μs (0.47% of Mean)
Skewness = 0.13, Kurtosis = 1.94, MValue = 2
-------------------- Histogram --------------------
[236.837 μs ; 241.695 μs) | @@@@@@@@@@@@@@@
---------------------------------------------------

JsonSerializationBenchmarks.Utf8Json_Deserialize_Large: Overhead-Fixed-Energy-1(OutlierMode=DontRemove, IterationCount=15, IterationTime=1s, LaunchCount=1, WarmupCount=6)
Runtime = .NET 8.0.21 (8.0.21, 8.0.2125.47513), X64 RyuJIT x86-64-v4; GC = Concurrent Workstation
Mean = 279.978 μs, StdErr = 0.062 μs (0.02%), N = 15, StdDev = 0.241 μs
Min = 279.593 μs, Q1 = 279.878 μs, Median = 279.948 μs, Q3 = 280.047 μs, Max = 280.528 μs
IQR = 0.169 μs, LowerFence = 279.624 μs, UpperFence = 280.301 μs
ConfidenceInterval = [279.720 μs; 280.236 μs] (CI 99.9%), Margin = 0.258 μs (0.09% of Mean)
Skewness = 0.63, Kurtosis = 2.93, MValue = 2
-------------------- Histogram --------------------
[279.464 μs ; 280.656 μs) | @@@@@@@@@@@@@@@
---------------------------------------------------

JsonSerializationBenchmarks.SpanJson_Deserialize_Medium: Overhead-Fixed-Energy-1(OutlierMode=DontRemove, IterationCount=15, IterationTime=1s, LaunchCount=1, WarmupCount=6)
Runtime = .NET 8.0.21 (8.0.21, 8.0.2125.47513), X64 RyuJIT x86-64-v4; GC = Concurrent Workstation
Mean = 40.008 μs, StdErr = 0.029 μs (0.07%), N = 15, StdDev = 0.111 μs
Min = 39.920 μs, Q1 = 39.930 μs, Median = 39.979 μs, Q3 = 40.014 μs, Max = 40.325 μs
IQR = 0.085 μs, LowerFence = 39.803 μs, UpperFence = 40.141 μs
ConfidenceInterval = [39.890 μs; 40.126 μs] (CI 99.9%), Margin = 0.118 μs (0.30% of Mean)
Skewness = 1.61, Kurtosis = 4.84, MValue = 2
-------------------- Histogram --------------------
[39.861 μs ; 40.384 μs) | @@@@@@@@@@@@@@@
---------------------------------------------------

JsonSerializationBenchmarks.STJ_Deserialize_Medium: Overhead-Fixed-Energy-1(OutlierMode=DontRemove, IterationCount=15, IterationTime=1s, LaunchCount=1, WarmupCount=6)
Runtime = .NET 8.0.21 (8.0.21, 8.0.2125.47513), X64 RyuJIT x86-64-v4; GC = Concurrent Workstation
Mean = 52.881 μs, StdErr = 0.023 μs (0.04%), N = 15, StdDev = 0.088 μs
Min = 52.783 μs, Q1 = 52.807 μs, Median = 52.859 μs, Q3 = 52.929 μs, Max = 53.104 μs
IQR = 0.122 μs, LowerFence = 52.625 μs, UpperFence = 53.112 μs
ConfidenceInterval = [52.787 μs; 52.975 μs] (CI 99.9%), Margin = 0.094 μs (0.18% of Mean)
Skewness = 0.88, Kurtosis = 3.13, MValue = 2
-------------------- Histogram --------------------
[52.736 μs ; 53.151 μs) | @@@@@@@@@@@@@@@
---------------------------------------------------

JsonSerializationBenchmarks.Jil_Deserialize_Medium: Overhead-Fixed-Energy-1(OutlierMode=DontRemove, IterationCount=15, IterationTime=1s, LaunchCount=1, WarmupCount=6)
Runtime = .NET 8.0.21 (8.0.21, 8.0.2125.47513), X64 RyuJIT x86-64-v4; GC = Concurrent Workstation
Mean = 55.709 μs, StdErr = 0.020 μs (0.04%), N = 15, StdDev = 0.078 μs
Min = 55.552 μs, Q1 = 55.688 μs, Median = 55.718 μs, Q3 = 55.741 μs, Max = 55.846 μs
IQR = 0.052 μs, LowerFence = 55.610 μs, UpperFence = 55.819 μs
ConfidenceInterval = [55.626 μs; 55.793 μs] (CI 99.9%), Margin = 0.084 μs (0.15% of Mean)
Skewness = -0.53, Kurtosis = 2.99, MValue = 2
-------------------- Histogram --------------------
[55.510 μs ; 55.888 μs) | @@@@@@@@@@@@@@@
---------------------------------------------------

JsonSerializationBenchmarks.Utf8Json_Deserialize_Medium: Overhead-Fixed-Energy-1(OutlierMode=DontRemove, IterationCount=15, IterationTime=1s, LaunchCount=1, WarmupCount=6)
Runtime = .NET 8.0.21 (8.0.21, 8.0.2125.47513), X64 RyuJIT x86-64-v4; GC = Concurrent Workstation
Mean = 62.595 μs, StdErr = 0.018 μs (0.03%), N = 15, StdDev = 0.069 μs
Min = 62.519 μs, Q1 = 62.549 μs, Median = 62.578 μs, Q3 = 62.630 μs, Max = 62.785 μs
IQR = 0.081 μs, LowerFence = 62.428 μs, UpperFence = 62.752 μs
ConfidenceInterval = [62.522 μs; 62.669 μs] (CI 99.9%), Margin = 0.074 μs (0.12% of Mean)
Skewness = 1.28, Kurtosis = 4.17, MValue = 2
-------------------- Histogram --------------------
[62.482 μs ; 62.821 μs) | @@@@@@@@@@@@@@@
---------------------------------------------------

JsonSerializationBenchmarks.Newtonsoft_Deserialize_Medium: Overhead-Fixed-Energy-1(OutlierMode=DontRemove, IterationCount=15, IterationTime=1s, LaunchCount=1, WarmupCount=6)
Runtime = .NET 8.0.21 (8.0.21, 8.0.2125.47513), X64 RyuJIT x86-64-v4; GC = Concurrent Workstation
Mean = 68.683 μs, StdErr = 0.037 μs (0.05%), N = 15, StdDev = 0.143 μs
Min = 68.395 μs, Q1 = 68.608 μs, Median = 68.705 μs, Q3 = 68.772 μs, Max = 68.866 μs
IQR = 0.164 μs, LowerFence = 68.361 μs, UpperFence = 69.018 μs
ConfidenceInterval = [68.530 μs; 68.837 μs] (CI 99.9%), Margin = 0.153 μs (0.22% of Mean)
Skewness = -0.63, Kurtosis = 2.32, MValue = 2
-------------------- Histogram --------------------
[68.319 μs ; 68.943 μs) | @@@@@@@@@@@@@@@
---------------------------------------------------

JsonSerializationBenchmarks.SpanJson_Deserialize_Small: Overhead-Fixed-Energy-1(OutlierMode=DontRemove, IterationCount=15, IterationTime=1s, LaunchCount=1, WarmupCount=6)
Runtime = .NET 8.0.21 (8.0.21, 8.0.2125.47513), X64 RyuJIT x86-64-v4; GC = Concurrent Workstation
Mean = 1.158 μs, StdErr = 0.001 μs (0.05%), N = 15, StdDev = 0.002 μs
Min = 1.156 μs, Q1 = 1.156 μs, Median = 1.158 μs, Q3 = 1.161 μs, Max = 1.162 μs
IQR = 0.005 μs, LowerFence = 1.149 μs, UpperFence = 1.167 μs
ConfidenceInterval = [1.156 μs; 1.161 μs] (CI 99.9%), Margin = 0.003 μs (0.22% of Mean)
Skewness = 0.14, Kurtosis = 1.26, MValue = 2
-------------------- Histogram --------------------
[1.154 μs ; 1.163 μs) | @@@@@@@@@@@@@@@
---------------------------------------------------

JsonSerializationBenchmarks.STJ_Deserialize_Small: Overhead-Fixed-Energy-1(OutlierMode=DontRemove, IterationCount=15, IterationTime=1s, LaunchCount=1, WarmupCount=6)
Runtime = .NET 8.0.21 (8.0.21, 8.0.2125.47513), X64 RyuJIT x86-64-v4; GC = Concurrent Workstation
Mean = 1.988 μs, StdErr = 0.001 μs (0.05%), N = 15, StdDev = 0.004 μs
Min = 1.982 μs, Q1 = 1.986 μs, Median = 1.988 μs, Q3 = 1.990 μs, Max = 1.997 μs
IQR = 0.004 μs, LowerFence = 1.980 μs, UpperFence = 1.997 μs
ConfidenceInterval = [1.984 μs; 1.992 μs] (CI 99.9%), Margin = 0.004 μs (0.20% of Mean)
Skewness = 0.43, Kurtosis = 2.94, MValue = 2
-------------------- Histogram --------------------
[1.980 μs ; 1.999 μs) | @@@@@@@@@@@@@@@
---------------------------------------------------

JsonSerializationBenchmarks.Utf8Json_Deserialize_Small: Overhead-Fixed-Energy-1(OutlierMode=DontRemove, IterationCount=15, IterationTime=1s, LaunchCount=1, WarmupCount=6)
Runtime = .NET 8.0.21 (8.0.21, 8.0.2125.47513), X64 RyuJIT x86-64-v4; GC = Concurrent Workstation
Mean = 2.056 μs, StdErr = 0.002 μs (0.07%), N = 15, StdDev = 0.006 μs
Min = 2.048 μs, Q1 = 2.052 μs, Median = 2.054 μs, Q3 = 2.059 μs, Max = 2.069 μs
IQR = 0.007 μs, LowerFence = 2.041 μs, UpperFence = 2.069 μs
ConfidenceInterval = [2.049 μs; 2.062 μs] (CI 99.9%), Margin = 0.006 μs (0.31% of Mean)
Skewness = 0.66, Kurtosis = 2.39, MValue = 2
-------------------- Histogram --------------------
[2.045 μs ; 2.072 μs) | @@@@@@@@@@@@@@@
---------------------------------------------------

JsonSerializationBenchmarks.Jil_Deserialize_Small: Overhead-Fixed-Energy-1(OutlierMode=DontRemove, IterationCount=15, IterationTime=1s, LaunchCount=1, WarmupCount=6)
Runtime = .NET 8.0.21 (8.0.21, 8.0.2125.47513), X64 RyuJIT x86-64-v4; GC = Concurrent Workstation
Mean = 2.264 μs, StdErr = 0.001 μs (0.02%), N = 15, StdDev = 0.002 μs
Min = 2.260 μs, Q1 = 2.263 μs, Median = 2.265 μs, Q3 = 2.265 μs, Max = 2.268 μs
IQR = 0.003 μs, LowerFence = 2.259 μs, UpperFence = 2.269 μs
ConfidenceInterval = [2.262 μs; 2.266 μs] (CI 99.9%), Margin = 0.002 μs (0.10% of Mean)
Skewness = -0.22, Kurtosis = 2.38, MValue = 2
-------------------- Histogram --------------------
[2.259 μs ; 2.269 μs) | @@@@@@@@@@@@@@@
---------------------------------------------------

JsonSerializationBenchmarks.Newtonsoft_Deserialize_Small: Overhead-Fixed-Energy-1(OutlierMode=DontRemove, IterationCount=15, IterationTime=1s, LaunchCount=1, WarmupCount=6)
Runtime = .NET 8.0.21 (8.0.21, 8.0.2125.47513), X64 RyuJIT x86-64-v4; GC = Concurrent Workstation
Mean = 3.572 μs, StdErr = 0.001 μs (0.02%), N = 15, StdDev = 0.003 μs
Min = 3.568 μs, Q1 = 3.571 μs, Median = 3.572 μs, Q3 = 3.572 μs, Max = 3.583 μs
IQR = 0.001 μs, LowerFence = 3.569 μs, UpperFence = 3.575 μs
ConfidenceInterval = [3.568 μs; 3.576 μs] (CI 99.9%), Margin = 0.004 μs (0.10% of Mean)
Skewness = 2.04, Kurtosis = 7.47, MValue = 2
-------------------- Histogram --------------------
[3.566 μs ; 3.585 μs) | @@@@@@@@@@@@@@@
---------------------------------------------------

JsonSerializationBenchmarks.SpanJson_Serialize_Large: Overhead-Fixed-Energy-1(OutlierMode=DontRemove, IterationCount=15, IterationTime=1s, LaunchCount=1, WarmupCount=6)
Runtime = .NET 8.0.21 (8.0.21, 8.0.2125.47513), X64 RyuJIT x86-64-v4; GC = Concurrent Workstation
Mean = 161.647 μs, StdErr = 0.237 μs (0.15%), N = 15, StdDev = 0.917 μs
Min = 159.945 μs, Q1 = 161.141 μs, Median = 161.838 μs, Q3 = 162.135 μs, Max = 163.371 μs
IQR = 0.994 μs, LowerFence = 159.651 μs, UpperFence = 163.626 μs
ConfidenceInterval = [160.667 μs; 162.626 μs] (CI 99.9%), Margin = 0.980 μs (0.61% of Mean)
Skewness = -0.21, Kurtosis = 2.38, MValue = 2
-------------------- Histogram --------------------
[159.457 μs ; 163.453 μs) | @@@@@@@@@@@@@@@
---------------------------------------------------

JsonSerializationBenchmarks.STJ_Serialize_Large: Overhead-Fixed-Energy-1(OutlierMode=DontRemove, IterationCount=15, IterationTime=1s, LaunchCount=1, WarmupCount=6)
Runtime = .NET 8.0.21 (8.0.21, 8.0.2125.47513), X64 RyuJIT x86-64-v4; GC = Concurrent Workstation
Mean = 192.242 μs, StdErr = 0.250 μs (0.13%), N = 15, StdDev = 0.967 μs
Min = 191.623 μs, Q1 = 191.785 μs, Median = 191.967 μs, Q3 = 192.165 μs, Max = 195.476 μs
IQR = 0.380 μs, LowerFence = 191.215 μs, UpperFence = 192.734 μs
ConfidenceInterval = [191.209 μs; 193.275 μs] (CI 99.9%), Margin = 1.033 μs (0.54% of Mean)
Skewness = 2.5, Kurtosis = 8.44, MValue = 2
-------------------- Histogram --------------------
[191.109 μs ; 195.990 μs) | @@@@@@@@@@@@@@@
---------------------------------------------------

JsonSerializationBenchmarks.Jil_Serialize_Large: Overhead-Fixed-Energy-1(OutlierMode=DontRemove, IterationCount=15, IterationTime=1s, LaunchCount=1, WarmupCount=6)
Runtime = .NET 8.0.21 (8.0.21, 8.0.2125.47513), X64 RyuJIT x86-64-v4; GC = Concurrent Workstation
Mean = 274.250 μs, StdErr = 0.092 μs (0.03%), N = 15, StdDev = 0.357 μs
Min = 273.873 μs, Q1 = 274.003 μs, Median = 274.202 μs, Q3 = 274.368 μs, Max = 275.198 μs
IQR = 0.365 μs, LowerFence = 273.455 μs, UpperFence = 274.915 μs
ConfidenceInterval = [273.869 μs; 274.632 μs] (CI 99.9%), Margin = 0.382 μs (0.14% of Mean)
Skewness = 1.23, Kurtosis = 3.77, MValue = 2
-------------------- Histogram --------------------
[273.683 μs ; 275.388 μs) | @@@@@@@@@@@@@@@
---------------------------------------------------

JsonSerializationBenchmarks.Utf8Json_Serialize_Large: Overhead-Fixed-Energy-1(OutlierMode=DontRemove, IterationCount=15, IterationTime=1s, LaunchCount=1, WarmupCount=6)
Runtime = .NET 8.0.21 (8.0.21, 8.0.2125.47513), X64 RyuJIT x86-64-v4; GC = Concurrent Workstation
Mean = 288.424 μs, StdErr = 0.224 μs (0.08%), N = 15, StdDev = 0.867 μs
Min = 287.142 μs, Q1 = 287.947 μs, Median = 288.169 μs, Q3 = 288.781 μs, Max = 290.523 μs
IQR = 0.834 μs, LowerFence = 286.695 μs, UpperFence = 290.033 μs
ConfidenceInterval = [287.498 μs; 289.351 μs] (CI 99.9%), Margin = 0.927 μs (0.32% of Mean)
Skewness = 0.8, Kurtosis = 3, MValue = 2
-------------------- Histogram --------------------
[286.681 μs ; 290.984 μs) | @@@@@@@@@@@@@@@
---------------------------------------------------

JsonSerializationBenchmarks.Newtonsoft_Serialize_Large: Overhead-Fixed-Energy-1(OutlierMode=DontRemove, IterationCount=15, IterationTime=1s, LaunchCount=1, WarmupCount=6)
Runtime = .NET 8.0.21 (8.0.21, 8.0.2125.47513), X64 RyuJIT x86-64-v4; GC = Concurrent Workstation
Mean = 291.485 μs, StdErr = 0.091 μs (0.03%), N = 15, StdDev = 0.351 μs
Min = 291.022 μs, Q1 = 291.259 μs, Median = 291.371 μs, Q3 = 291.624 μs, Max = 292.199 μs
IQR = 0.365 μs, LowerFence = 290.711 μs, UpperFence = 292.171 μs
ConfidenceInterval = [291.109 μs; 291.860 μs] (CI 99.9%), Margin = 0.375 μs (0.13% of Mean)
Skewness = 0.81, Kurtosis = 2.52, MValue = 2
-------------------- Histogram --------------------
[290.835 μs ; 292.386 μs) | @@@@@@@@@@@@@@@
---------------------------------------------------

JsonSerializationBenchmarks.Jil_Serialize_Medium: Overhead-Fixed-Energy-1(OutlierMode=DontRemove, IterationCount=15, IterationTime=1s, LaunchCount=1, WarmupCount=6)
Runtime = .NET 8.0.21 (8.0.21, 8.0.2125.47513), X64 RyuJIT x86-64-v4; GC = Concurrent Workstation
Mean = 37.221 μs, StdErr = 0.028 μs (0.07%), N = 15, StdDev = 0.107 μs
Min = 37.027 μs, Q1 = 37.160 μs, Median = 37.241 μs, Q3 = 37.290 μs, Max = 37.435 μs
IQR = 0.130 μs, LowerFence = 36.966 μs, UpperFence = 37.484 μs
ConfidenceInterval = [37.107 μs; 37.336 μs] (CI 99.9%), Margin = 0.114 μs (0.31% of Mean)
Skewness = 0, Kurtosis = 2.25, MValue = 2
-------------------- Histogram --------------------
[36.970 μs ; 37.492 μs) | @@@@@@@@@@@@@@@
---------------------------------------------------

JsonSerializationBenchmarks.SpanJson_Serialize_Medium: Overhead-Fixed-Energy-1(OutlierMode=DontRemove, IterationCount=15, IterationTime=1s, LaunchCount=1, WarmupCount=6)
Runtime = .NET 8.0.21 (8.0.21, 8.0.2125.47513), X64 RyuJIT x86-64-v4; GC = Concurrent Workstation
Mean = 38.912 μs, StdErr = 0.024 μs (0.06%), N = 15, StdDev = 0.091 μs
Min = 38.760 μs, Q1 = 38.866 μs, Median = 38.902 μs, Q3 = 38.958 μs, Max = 39.105 μs
IQR = 0.092 μs, LowerFence = 38.728 μs, UpperFence = 39.097 μs
ConfidenceInterval = [38.814 μs; 39.009 μs] (CI 99.9%), Margin = 0.097 μs (0.25% of Mean)
Skewness = 0.26, Kurtosis = 2.59, MValue = 2
-------------------- Histogram --------------------
[38.711 μs ; 39.154 μs) | @@@@@@@@@@@@@@@
---------------------------------------------------

JsonSerializationBenchmarks.STJ_Serialize_Medium: Overhead-Fixed-Energy-1(OutlierMode=DontRemove, IterationCount=15, IterationTime=1s, LaunchCount=1, WarmupCount=6)
Runtime = .NET 8.0.21 (8.0.21, 8.0.2125.47513), X64 RyuJIT x86-64-v4; GC = Concurrent Workstation
Mean = 47.017 μs, StdErr = 0.083 μs (0.18%), N = 15, StdDev = 0.322 μs
Min = 46.366 μs, Q1 = 46.833 μs, Median = 47.113 μs, Q3 = 47.244 μs, Max = 47.361 μs
IQR = 0.412 μs, LowerFence = 46.215 μs, UpperFence = 47.862 μs
ConfidenceInterval = [46.673 μs; 47.361 μs] (CI 99.9%), Margin = 0.344 μs (0.73% of Mean)
Skewness = -0.82, Kurtosis = 2.06, MValue = 2
-------------------- Histogram --------------------
[46.195 μs ; 47.533 μs) | @@@@@@@@@@@@@@@
---------------------------------------------------

JsonSerializationBenchmarks.Newtonsoft_Serialize_Medium: Overhead-Fixed-Energy-1(OutlierMode=DontRemove, IterationCount=15, IterationTime=1s, LaunchCount=1, WarmupCount=6)
Runtime = .NET 8.0.21 (8.0.21, 8.0.2125.47513), X64 RyuJIT x86-64-v4; GC = Concurrent Workstation
Mean = 54.801 μs, StdErr = 0.082 μs (0.15%), N = 15, StdDev = 0.318 μs
Min = 54.465 μs, Q1 = 54.560 μs, Median = 54.752 μs, Q3 = 54.864 μs, Max = 55.651 μs
IQR = 0.304 μs, LowerFence = 54.105 μs, UpperFence = 55.319 μs
ConfidenceInterval = [54.461 μs; 55.141 μs] (CI 99.9%), Margin = 0.340 μs (0.62% of Mean)
Skewness = 1.36, Kurtosis = 4.07, MValue = 2
-------------------- Histogram --------------------
[54.296 μs ; 55.820 μs) | @@@@@@@@@@@@@@@
---------------------------------------------------

JsonSerializationBenchmarks.Utf8Json_Serialize_Medium: Overhead-Fixed-Energy-1(OutlierMode=DontRemove, IterationCount=15, IterationTime=1s, LaunchCount=1, WarmupCount=6)
Runtime = .NET 8.0.21 (8.0.21, 8.0.2125.47513), X64 RyuJIT x86-64-v4; GC = Concurrent Workstation
Mean = 58.221 μs, StdErr = 0.157 μs (0.27%), N = 15, StdDev = 0.610 μs
Min = 57.569 μs, Q1 = 57.805 μs, Median = 58.172 μs, Q3 = 58.313 μs, Max = 59.578 μs
IQR = 0.508 μs, LowerFence = 57.042 μs, UpperFence = 59.075 μs
ConfidenceInterval = [57.569 μs; 58.873 μs] (CI 99.9%), Margin = 0.652 μs (1.12% of Mean)
Skewness = 1, Kurtosis = 2.79, MValue = 2
-------------------- Histogram --------------------
[57.354 μs ; 59.903 μs) | @@@@@@@@@@@@@@@
---------------------------------------------------

JsonSerializationBenchmarks.Utf8Json_Serialize_Small: Overhead-Fixed-Energy-1(OutlierMode=DontRemove, IterationCount=15, IterationTime=1s, LaunchCount=1, WarmupCount=6)
Runtime = .NET 8.0.21 (8.0.21, 8.0.2125.47513), X64 RyuJIT x86-64-v4; GC = Concurrent Workstation
Mean = 956.367 ns, StdErr = 0.173 ns (0.02%), N = 15, StdDev = 0.671 ns
Min = 954.497 ns, Q1 = 956.206 ns, Median = 956.385 ns, Q3 = 956.720 ns, Max = 957.579 ns
IQR = 0.514 ns, LowerFence = 955.436 ns, UpperFence = 957.490 ns
ConfidenceInterval = [955.649 ns; 957.084 ns] (CI 99.9%), Margin = 0.717 ns (0.08% of Mean)
Skewness = -1.02, Kurtosis = 4.84, MValue = 2
-------------------- Histogram --------------------
[954.140 ns ; 957.936 ns) | @@@@@@@@@@@@@@@
---------------------------------------------------

JsonSerializationBenchmarks.SpanJson_Serialize_Small: Overhead-Fixed-Energy-1(OutlierMode=DontRemove, IterationCount=15, IterationTime=1s, LaunchCount=1, WarmupCount=6)
Runtime = .NET 8.0.21 (8.0.21, 8.0.2125.47513), X64 RyuJIT x86-64-v4; GC = Concurrent Workstation
Mean = 1.201 μs, StdErr = 0.000 μs (0.04%), N = 15, StdDev = 0.002 μs
Min = 1.197 μs, Q1 = 1.199 μs, Median = 1.200 μs, Q3 = 1.202 μs, Max = 1.204 μs
IQR = 0.003 μs, LowerFence = 1.194 μs, UpperFence = 1.207 μs
ConfidenceInterval = [1.198 μs; 1.203 μs] (CI 99.9%), Margin = 0.002 μs (0.17% of Mean)
Skewness = 0, Kurtosis = 1.53, MValue = 2
-------------------- Histogram --------------------
[1.196 μs ; 1.205 μs) | @@@@@@@@@@@@@@@
---------------------------------------------------

JsonSerializationBenchmarks.STJ_Serialize_Small: Overhead-Fixed-Energy-1(OutlierMode=DontRemove, IterationCount=15, IterationTime=1s, LaunchCount=1, WarmupCount=6)
Runtime = .NET 8.0.21 (8.0.21, 8.0.2125.47513), X64 RyuJIT x86-64-v4; GC = Concurrent Workstation
Mean = 1.293 μs, StdErr = 0.000 μs (0.03%), N = 15, StdDev = 0.001 μs
Min = 1.291 μs, Q1 = 1.292 μs, Median = 1.292 μs, Q3 = 1.293 μs, Max = 1.296 μs
IQR = 0.001 μs, LowerFence = 1.290 μs, UpperFence = 1.294 μs
ConfidenceInterval = [1.291 μs; 1.294 μs] (CI 99.9%), Margin = 0.001 μs (0.11% of Mean)
Skewness = 1.16, Kurtosis = 3.09, MValue = 2
-------------------- Histogram --------------------
[1.290 μs ; 1.296 μs) | @@@@@@@@@@@@@@@
---------------------------------------------------

JsonSerializationBenchmarks.Jil_Serialize_Small: Overhead-Fixed-Energy-1(OutlierMode=DontRemove, IterationCount=15, IterationTime=1s, LaunchCount=1, WarmupCount=6)
Runtime = .NET 8.0.21 (8.0.21, 8.0.2125.47513), X64 RyuJIT x86-64-v4; GC = Concurrent Workstation
Mean = 1.736 μs, StdErr = 0.001 μs (0.04%), N = 15, StdDev = 0.003 μs
Min = 1.727 μs, Q1 = 1.735 μs, Median = 1.736 μs, Q3 = 1.737 μs, Max = 1.741 μs
IQR = 0.003 μs, LowerFence = 1.731 μs, UpperFence = 1.741 μs
ConfidenceInterval = [1.732 μs; 1.739 μs] (CI 99.9%), Margin = 0.003 μs (0.18% of Mean)
Skewness = -1.11, Kurtosis = 4.39, MValue = 2
-------------------- Histogram --------------------
[1.726 μs ; 1.742 μs) | @@@@@@@@@@@@@@@
---------------------------------------------------

JsonSerializationBenchmarks.Newtonsoft_Serialize_Small: Overhead-Fixed-Energy-1(OutlierMode=DontRemove, IterationCount=15, IterationTime=1s, LaunchCount=1, WarmupCount=6)
Runtime = .NET 8.0.21 (8.0.21, 8.0.2125.47513), X64 RyuJIT x86-64-v4; GC = Concurrent Workstation
Mean = 2.209 μs, StdErr = 0.003 μs (0.13%), N = 15, StdDev = 0.011 μs
Min = 2.191 μs, Q1 = 2.203 μs, Median = 2.209 μs, Q3 = 2.214 μs, Max = 2.228 μs
IQR = 0.011 μs, LowerFence = 2.186 μs, UpperFence = 2.231 μs
ConfidenceInterval = [2.197 μs; 2.221 μs] (CI 99.9%), Margin = 0.012 μs (0.53% of Mean)
Skewness = 0.06, Kurtosis = 2.05, MValue = 2
-------------------- Histogram --------------------
[2.185 μs ; 2.229 μs) | @@@@@@@@@@@@@@@
---------------------------------------------------

// * Summary *

BenchmarkDotNet v0.15.5-develop (2025-12-31), Linux Ubuntu 24.04.3 LTS (Noble Numbat)
11th Gen Intel Core i7-11700KF 3.60GHz (Max: 0.80GHz), 1 CPU, 16 logical and 8 physical cores
.NET SDK 8.0.121
  [Host]                  : .NET 8.0.21 (8.0.21, 8.0.2125.47513), X64 RyuJIT x86-64-v4
  Overhead-Fixed-Energy-1 : .NET 8.0.21 (8.0.21, 8.0.2125.47513), X64 RyuJIT x86-64-v4

Job=Overhead-Fixed-Energy-1  OutlierMode=DontRemove  IterationCount=15  
IterationTime=1s  LaunchCount=1  WarmupCount=6  

| Method                        | Mean         | Error       | StdDev      | Operations | Iterations | Ratio | MannWhitney(3%) | RatioSD | Rank | Package Energy (uJ/op) | Package Energy (uJ/iter) |
|------------------------------ |-------------:|------------:|------------:|-----------:|-----------:|------:|---------------- |--------:|-----:|-----------------------:|-------------------------:|
| SpanJson_Deserialize_Large    | 152,406.1 ns |   115.76 ns |   108.28 ns |      6,564 |      15.00 |  0.75 | Faster          |    0.00 |    1 |            12444.46 uj |           81685468.00 uj |
| STJ_Deserialize_Large         | 202,061.4 ns |   437.36 ns |   409.11 ns |      4,960 |      15.00 |  1.00 | Baseline        |    0.00 |    2 |            16683.02 uj |           82747757.93 uj |
| Jil_Deserialize_Large         | 214,087.1 ns |   290.12 ns |   271.38 ns |      4,695 |      15.00 |  1.06 | Slower          |    0.00 |    3 |            17747.58 uj |           83324908.67 uj |
| Newtonsoft_Deserialize_Large  | 239,270.1 ns | 1,117.73 ns | 1,045.52 ns |      4,176 |      15.00 |  1.18 | Slower          |    0.01 |    4 |            20219.62 uj |           84437145.47 uj |
| Utf8Json_Deserialize_Large    | 279,977.8 ns |   258.11 ns |   241.43 ns |      3,616 |      15.00 |  1.39 | Slower          |    0.00 |    5 |            22810.96 uj |           82484424.33 uj |
|                               |              |             |             |            |            |       |                 |         |      |                        |                          |
| SpanJson_Deserialize_Medium   |  40,007.8 ns |   118.32 ns |   110.68 ns |     24,984 |      15.00 |  0.76 | Faster          |    0.00 |    1 |             3298.23 uj |           82403003.73 uj |
| STJ_Deserialize_Medium        |  52,881.1 ns |    94.06 ns |    87.99 ns |     18,912 |      15.00 |  1.00 | Baseline        |    0.00 |    2 |             4464.03 uj |           84423656.73 uj |
| Jil_Deserialize_Medium        |  55,709.5 ns |    83.79 ns |    78.37 ns |     17,979 |      15.00 |  1.05 | Slower          |    0.00 |    3 |             4530.41 uj |           81452310.13 uj |
| Utf8Json_Deserialize_Medium   |  62,595.3 ns |    73.61 ns |    68.85 ns |     16,080 |      15.00 |  1.18 | Slower          |    0.00 |    4 |             5245.47 uj |           84347220.60 uj |
| Newtonsoft_Deserialize_Medium |  68,683.4 ns |   153.34 ns |   143.44 ns |     14,608 |      15.00 |  1.30 | Slower          |    0.00 |    5 |             5799.03 uj |           84712283.07 uj |
|                               |              |             |             |            |            |       |                 |         |      |                        |                          |
| SpanJson_Deserialize_Small    |   1,158.3 ns |     2.51 ns |     2.35 ns |    862,560 |      15.00 |  0.58 | Faster          |    0.00 |    1 |               98.73 uj |           85164499.73 uj |
| STJ_Deserialize_Small         |   1,988.3 ns |     3.93 ns |     3.67 ns |    501,760 |      15.00 |  1.00 | Baseline        |    0.00 |    2 |              176.89 uj |           88757748.00 uj |
| Utf8Json_Deserialize_Small    |   2,055.8 ns |     6.36 ns |     5.94 ns |    483,392 |      15.00 |  1.03 | Same            |    0.00 |    3 |              173.77 uj |           83998601.00 uj |
| Jil_Deserialize_Small         |   2,264.1 ns |     2.25 ns |     2.11 ns |    442,330 |      15.00 |  1.14 | Slower          |    0.00 |    4 |              193.12 uj |           85421831.40 uj |
| Newtonsoft_Deserialize_Small  |   3,572.0 ns |     3.58 ns |     3.35 ns |    279,760 |      15.00 |  1.80 | Slower          |    0.00 |    5 |              312.17 uj |           87333569.47 uj |
|                               |              |             |             |            |            |       |                 |         |      |                        |                          |
| SpanJson_Serialize_Large      | 161,646.7 ns |   979.81 ns |   916.51 ns |      6,169 |      15.00 |  0.84 | Faster          |    0.01 |    1 |            11732.28 uj |           72376426.00 uj |
| STJ_Serialize_Large           | 192,242.0 ns | 1,033.28 ns |   966.53 ns |      5,248 |      15.00 |  1.00 | Baseline        |    0.01 |    2 |            17725.46 uj |           93023203.60 uj |
| Jil_Serialize_Large           | 274,250.5 ns |   381.73 ns |   357.07 ns |      3,659 |      15.00 |  1.43 | Slower          |    0.01 |    3 |            23586.61 uj |           86303388.13 uj |
| Utf8Json_Serialize_Large      | 288,424.3 ns |   926.65 ns |   866.79 ns |      3,472 |      15.00 |  1.50 | Slower          |    0.01 |    4 |            27695.81 uj |           96159857.27 uj |
| Newtonsoft_Serialize_Large    | 291,484.6 ns |   375.20 ns |   350.96 ns |      3,456 |      15.00 |  1.52 | Slower          |    0.01 |    4 |            24612.35 uj |           85060268.20 uj |
|                               |              |             |             |            |            |       |                 |         |      |                        |                          |
| Jil_Serialize_Medium          |  37,221.1 ns |   114.38 ns |   106.99 ns |     26,913 |      15.00 |  0.79 | Faster          |    0.01 |    1 |             3151.57 uj |           84818089.27 uj |
| SpanJson_Serialize_Medium     |  38,911.6 ns |    97.41 ns |    91.11 ns |     25,690 |      15.00 |  0.83 | Faster          |    0.01 |    2 |             2479.76 uj |           63704935.47 uj |
| STJ_Serialize_Medium          |  47,017.4 ns |   344.00 ns |   321.78 ns |     21,552 |      15.00 |  1.00 | Baseline        |    0.01 |    3 |             4083.50 uj |           88007640.07 uj |
| Newtonsoft_Serialize_Medium   |  54,800.7 ns |   339.89 ns |   317.93 ns |     18,304 |      15.00 |  1.17 | Slower          |    0.01 |    4 |             4641.52 uj |           84958469.93 uj |
| Utf8Json_Serialize_Medium     |  58,221.1 ns |   651.60 ns |   609.51 ns |     17,072 |      15.00 |  1.24 | Slower          |    0.02 |    5 |             4686.56 uj |           80009019.60 uj |
|                               |              |             |             |            |            |       |                 |         |      |                        |                          |
| Utf8Json_Serialize_Small      |     956.4 ns |     0.72 ns |     0.67 ns |  1,044,448 |      15.00 |  0.74 | Faster          |    0.00 |    1 |               81.48 uj |           85105332.27 uj |
| SpanJson_Serialize_Small      |   1,200.5 ns |     2.04 ns |     1.91 ns |    829,936 |      15.00 |  0.93 | Faster          |    0.00 |    2 |               78.55 uj |           65190991.20 uj |
| STJ_Serialize_Small           |   1,292.6 ns |     1.46 ns |     1.37 ns |    774,224 |      15.00 |  1.00 | Baseline        |    0.00 |    3 |              113.14 uj |           87593794.33 uj |
| Jil_Serialize_Small           |   1,735.7 ns |     3.21 ns |     3.00 ns |    576,048 |      15.00 |  1.34 | Slower          |    0.00 |    4 |              153.26 uj |           88284380.80 uj |
| Newtonsoft_Serialize_Small    |   2,209.2 ns |    11.70 ns |    10.95 ns |    453,840 |      15.00 |  1.71 | Slower          |    0.01 |    5 |              192.78 uj |           87492610.40 uj |

// * Hints *
Outliers
  JsonSerializationBenchmarks.STJ_Deserialize_Large: Overhead-Fixed-Energy-1        -> 1 outlier  was  detected (203.33 μs)
  JsonSerializationBenchmarks.Jil_Deserialize_Large: Overhead-Fixed-Energy-1        -> 2 outliers were detected (213.26 μs, 214.46 μs)
  JsonSerializationBenchmarks.Utf8Json_Deserialize_Large: Overhead-Fixed-Energy-1   -> 3 outliers were detected (279.60 μs, 280.37 μs, 280.53 μs)
  JsonSerializationBenchmarks.SpanJson_Deserialize_Medium: Overhead-Fixed-Energy-1  -> 2 outliers were detected (40.15 μs, 40.32 μs)
  JsonSerializationBenchmarks.Jil_Deserialize_Medium: Overhead-Fixed-Energy-1       -> 3 outliers were detected (55.55 μs, 55.55 μs, 55.85 μs)
  JsonSerializationBenchmarks.Utf8Json_Deserialize_Medium: Overhead-Fixed-Energy-1  -> 1 outlier  was  detected (62.79 μs)
  JsonSerializationBenchmarks.STJ_Deserialize_Small: Overhead-Fixed-Energy-1        -> 1 outlier  was  detected (2.00 μs)
  JsonSerializationBenchmarks.Newtonsoft_Deserialize_Small: Overhead-Fixed-Energy-1 -> 2 outliers were detected (3.57 μs, 3.59 μs)
  JsonSerializationBenchmarks.STJ_Serialize_Large: Overhead-Fixed-Energy-1          -> 2 outliers were detected (193.19 μs, 195.48 μs)
  JsonSerializationBenchmarks.Jil_Serialize_Large: Overhead-Fixed-Energy-1          -> 1 outlier  was  detected (275.20 μs)
  JsonSerializationBenchmarks.Utf8Json_Serialize_Large: Overhead-Fixed-Energy-1     -> 1 outlier  was  detected (290.53 μs)
  JsonSerializationBenchmarks.Newtonsoft_Serialize_Large: Overhead-Fixed-Energy-1   -> 2 outliers were detected (292.18 μs, 292.20 μs)
  JsonSerializationBenchmarks.SpanJson_Serialize_Medium: Overhead-Fixed-Energy-1    -> 1 outlier  was  detected (39.11 μs)
  JsonSerializationBenchmarks.Newtonsoft_Serialize_Medium: Overhead-Fixed-Energy-1  -> 1 outlier  was  detected (55.65 μs)
  JsonSerializationBenchmarks.Utf8Json_Serialize_Medium: Overhead-Fixed-Energy-1    -> 2 outliers were detected (59.38 μs, 59.58 μs)
  JsonSerializationBenchmarks.Utf8Json_Serialize_Small: Overhead-Fixed-Energy-1     -> 2 outliers were detected (957.89 ns, 960.97 ns)
  JsonSerializationBenchmarks.STJ_Serialize_Small: Overhead-Fixed-Energy-1          -> 2 outliers were detected (1.30 μs, 1.30 μs)
  JsonSerializationBenchmarks.Jil_Serialize_Small: Overhead-Fixed-Energy-1          -> 1 outlier  was  detected (1.73 μs)

// * Legends *
  Mean                     : Arithmetic mean of all measurements
  Error                    : Half of 99.9% confidence interval
  StdDev                   : Standard deviation of all measurements
  Operations               : Actual invocations per measured iteration (from measurements)
  Iterations               : Number of target iterations
  Ratio                    : Mean of the ratio distribution ([Current]/[Baseline])
  MannWhitney(3%)          : MannWhitney-based equivalence test (threshold=3%, alpha = 1E-05)
  RatioSD                  : Standard deviation of the ratio distribution ([Current]/[Baseline])
  Rank                     : Relative position of current benchmark mean among all benchmarks (Arabic style)
  Package Energy (uJ/op)   : Average CPU package energy consumed per operation (µJ).
  Package Energy (uJ/iter) : Average CPU package energy consumed per benchmark iteration (µJ).
  1 ns                     : 1 Nanosecond (0.000000001 sec)

// * Diagnostic Output - EnergyDiagnoser *


// ***** BenchmarkRunner: End *****
Run time: 00:13:38 (818.58 sec), executed benchmarks: 30

Global total time: 00:13:49 (829.36 sec), executed benchmarks: 30
// * Artifacts cleanup *
Artifacts cleanup is finished
