// Validating benchmarks:
// ***** BenchmarkRunner: Start   *****
// ***** Found 30 benchmark(s) in total *****
// ***** Building 1 exe(s) in Parallel: Start   *****
// start dotnet  restore --nodeReuse:false /p:UseSharedCompilation=false /p:Deterministic=true /p:Optimize=true /p:ArtifactsPath="/home/test/rapl-tests/lib-energy-bench/src/Serialization.Bench/bin/Release/net8.0/Serialization.Bench-Overhead-Fixed-Energy-5-1/" /p:OutDir="/home/test/rapl-tests/lib-energy-bench/src/Serialization.Bench/bin/Release/net8.0/Serialization.Bench-Overhead-Fixed-Energy-5-1/bin/Release/net8.0/" /p:OutputPath="/home/test/rapl-tests/lib-energy-bench/src/Serialization.Bench/bin/Release/net8.0/Serialization.Bench-Overhead-Fixed-Energy-5-1/bin/Release/net8.0/" /p:PublishDir="/home/test/rapl-tests/lib-energy-bench/src/Serialization.Bench/bin/Release/net8.0/Serialization.Bench-Overhead-Fixed-Energy-5-1/publish/" in /home/test/rapl-tests/lib-energy-bench/src/Serialization.Bench/bin/Release/net8.0/Serialization.Bench-Overhead-Fixed-Energy-5-1
// command took 2.98 sec and exited with 0
// start dotnet  build -c Release --no-restore --nodeReuse:false /p:UseSharedCompilation=false /p:Deterministic=true /p:Optimize=true /p:ArtifactsPath="/home/test/rapl-tests/lib-energy-bench/src/Serialization.Bench/bin/Release/net8.0/Serialization.Bench-Overhead-Fixed-Energy-5-1/" /p:OutDir="/home/test/rapl-tests/lib-energy-bench/src/Serialization.Bench/bin/Release/net8.0/Serialization.Bench-Overhead-Fixed-Energy-5-1/bin/Release/net8.0/" /p:OutputPath="/home/test/rapl-tests/lib-energy-bench/src/Serialization.Bench/bin/Release/net8.0/Serialization.Bench-Overhead-Fixed-Energy-5-1/bin/Release/net8.0/" /p:PublishDir="/home/test/rapl-tests/lib-energy-bench/src/Serialization.Bench/bin/Release/net8.0/Serialization.Bench-Overhead-Fixed-Energy-5-1/publish/" --output "/home/test/rapl-tests/lib-energy-bench/src/Serialization.Bench/bin/Release/net8.0/Serialization.Bench-Overhead-Fixed-Energy-5-1/bin/Release/net8.0/" in /home/test/rapl-tests/lib-energy-bench/src/Serialization.Bench/bin/Release/net8.0/Serialization.Bench-Overhead-Fixed-Energy-5-1
// command took 9.34 sec and exited with 0
// ***** Done, took 00:00:12 (12.37 sec)   *****
// Found 30 benchmarks:
//   JsonSerializationBenchmarks.STJ_Deserialize_Large: Overhead-Fixed-Energy-5(OutlierMode=DontRemove, IterationCount=15, IterationTime=1s, LaunchCount=1, WarmupCount=6)
//   JsonSerializationBenchmarks.Newtonsoft_Deserialize_Large: Overhead-Fixed-Energy-5(OutlierMode=DontRemove, IterationCount=15, IterationTime=1s, LaunchCount=1, WarmupCount=6)
//   JsonSerializationBenchmarks.Jil_Deserialize_Large: Overhead-Fixed-Energy-5(OutlierMode=DontRemove, IterationCount=15, IterationTime=1s, LaunchCount=1, WarmupCount=6)
//   JsonSerializationBenchmarks.Utf8Json_Deserialize_Large: Overhead-Fixed-Energy-5(OutlierMode=DontRemove, IterationCount=15, IterationTime=1s, LaunchCount=1, WarmupCount=6)
//   JsonSerializationBenchmarks.SpanJson_Deserialize_Large: Overhead-Fixed-Energy-5(OutlierMode=DontRemove, IterationCount=15, IterationTime=1s, LaunchCount=1, WarmupCount=6)
//   JsonSerializationBenchmarks.STJ_Deserialize_Medium: Overhead-Fixed-Energy-5(OutlierMode=DontRemove, IterationCount=15, IterationTime=1s, LaunchCount=1, WarmupCount=6)
//   JsonSerializationBenchmarks.Newtonsoft_Deserialize_Medium: Overhead-Fixed-Energy-5(OutlierMode=DontRemove, IterationCount=15, IterationTime=1s, LaunchCount=1, WarmupCount=6)
//   JsonSerializationBenchmarks.Jil_Deserialize_Medium: Overhead-Fixed-Energy-5(OutlierMode=DontRemove, IterationCount=15, IterationTime=1s, LaunchCount=1, WarmupCount=6)
//   JsonSerializationBenchmarks.Utf8Json_Deserialize_Medium: Overhead-Fixed-Energy-5(OutlierMode=DontRemove, IterationCount=15, IterationTime=1s, LaunchCount=1, WarmupCount=6)
//   JsonSerializationBenchmarks.SpanJson_Deserialize_Medium: Overhead-Fixed-Energy-5(OutlierMode=DontRemove, IterationCount=15, IterationTime=1s, LaunchCount=1, WarmupCount=6)
//   JsonSerializationBenchmarks.STJ_Deserialize_Small: Overhead-Fixed-Energy-5(OutlierMode=DontRemove, IterationCount=15, IterationTime=1s, LaunchCount=1, WarmupCount=6)
//   JsonSerializationBenchmarks.Newtonsoft_Deserialize_Small: Overhead-Fixed-Energy-5(OutlierMode=DontRemove, IterationCount=15, IterationTime=1s, LaunchCount=1, WarmupCount=6)
//   JsonSerializationBenchmarks.Jil_Deserialize_Small: Overhead-Fixed-Energy-5(OutlierMode=DontRemove, IterationCount=15, IterationTime=1s, LaunchCount=1, WarmupCount=6)
//   JsonSerializationBenchmarks.Utf8Json_Deserialize_Small: Overhead-Fixed-Energy-5(OutlierMode=DontRemove, IterationCount=15, IterationTime=1s, LaunchCount=1, WarmupCount=6)
//   JsonSerializationBenchmarks.SpanJson_Deserialize_Small: Overhead-Fixed-Energy-5(OutlierMode=DontRemove, IterationCount=15, IterationTime=1s, LaunchCount=1, WarmupCount=6)
//   JsonSerializationBenchmarks.STJ_Serialize_Large: Overhead-Fixed-Energy-5(OutlierMode=DontRemove, IterationCount=15, IterationTime=1s, LaunchCount=1, WarmupCount=6)
//   JsonSerializationBenchmarks.Newtonsoft_Serialize_Large: Overhead-Fixed-Energy-5(OutlierMode=DontRemove, IterationCount=15, IterationTime=1s, LaunchCount=1, WarmupCount=6)
//   JsonSerializationBenchmarks.Jil_Serialize_Large: Overhead-Fixed-Energy-5(OutlierMode=DontRemove, IterationCount=15, IterationTime=1s, LaunchCount=1, WarmupCount=6)
//   JsonSerializationBenchmarks.Utf8Json_Serialize_Large: Overhead-Fixed-Energy-5(OutlierMode=DontRemove, IterationCount=15, IterationTime=1s, LaunchCount=1, WarmupCount=6)
//   JsonSerializationBenchmarks.SpanJson_Serialize_Large: Overhead-Fixed-Energy-5(OutlierMode=DontRemove, IterationCount=15, IterationTime=1s, LaunchCount=1, WarmupCount=6)
//   JsonSerializationBenchmarks.STJ_Serialize_Medium: Overhead-Fixed-Energy-5(OutlierMode=DontRemove, IterationCount=15, IterationTime=1s, LaunchCount=1, WarmupCount=6)
//   JsonSerializationBenchmarks.Newtonsoft_Serialize_Medium: Overhead-Fixed-Energy-5(OutlierMode=DontRemove, IterationCount=15, IterationTime=1s, LaunchCount=1, WarmupCount=6)
//   JsonSerializationBenchmarks.Jil_Serialize_Medium: Overhead-Fixed-Energy-5(OutlierMode=DontRemove, IterationCount=15, IterationTime=1s, LaunchCount=1, WarmupCount=6)
//   JsonSerializationBenchmarks.Utf8Json_Serialize_Medium: Overhead-Fixed-Energy-5(OutlierMode=DontRemove, IterationCount=15, IterationTime=1s, LaunchCount=1, WarmupCount=6)
//   JsonSerializationBenchmarks.SpanJson_Serialize_Medium: Overhead-Fixed-Energy-5(OutlierMode=DontRemove, IterationCount=15, IterationTime=1s, LaunchCount=1, WarmupCount=6)
//   JsonSerializationBenchmarks.STJ_Serialize_Small: Overhead-Fixed-Energy-5(OutlierMode=DontRemove, IterationCount=15, IterationTime=1s, LaunchCount=1, WarmupCount=6)
//   JsonSerializationBenchmarks.Newtonsoft_Serialize_Small: Overhead-Fixed-Energy-5(OutlierMode=DontRemove, IterationCount=15, IterationTime=1s, LaunchCount=1, WarmupCount=6)
//   JsonSerializationBenchmarks.Jil_Serialize_Small: Overhead-Fixed-Energy-5(OutlierMode=DontRemove, IterationCount=15, IterationTime=1s, LaunchCount=1, WarmupCount=6)
//   JsonSerializationBenchmarks.Utf8Json_Serialize_Small: Overhead-Fixed-Energy-5(OutlierMode=DontRemove, IterationCount=15, IterationTime=1s, LaunchCount=1, WarmupCount=6)
//   JsonSerializationBenchmarks.SpanJson_Serialize_Small: Overhead-Fixed-Energy-5(OutlierMode=DontRemove, IterationCount=15, IterationTime=1s, LaunchCount=1, WarmupCount=6)

// **************************
// Benchmark: JsonSerializationBenchmarks.STJ_Deserialize_Large: Overhead-Fixed-Energy-5(OutlierMode=DontRemove, IterationCount=15, IterationTime=1s, LaunchCount=1, WarmupCount=6)
// *** Execute ***
// Launch: 1 / 1
// Execute: dotnet Serialization.Bench-Overhead-Fixed-Energy-5-1.dll --anonymousPipes 101 102 --benchmarkName Serialization.Bench.JsonSerializationBenchmarks.STJ_Deserialize_Large --job Overhead-Fixed-Energy-5 --benchmarkId 0 in /home/test/rapl-tests/lib-energy-bench/src/Serialization.Bench/bin/Release/net8.0/Serialization.Bench-Overhead-Fixed-Energy-5-1/bin/Release/net8.0
// BeforeAnythingElse

// Benchmark Process Environment Information:
// BenchmarkDotNet v0.15.5-develop (2025-12-31)
// Runtime=.NET 8.0.21 (8.0.21, 8.0.2125.47513), X64 RyuJIT x86-64-v4
// GC=Concurrent Workstation
// HardwareIntrinsics=AVX512 IFMA+VBMI,AVX512 F+BW+CD+DQ+VL,AVX2+BMI1+BMI2+F16C+FMA+LZCNT+MOVBE,AVX,SSE3+SSSE3+SSE4.1+SSE4.2+POPCNT,X86Base+SSE+SSE2,AES+PCLMUL VectorSize=256
// Job: Overhead-Fixed-Energy-5(OutlierMode=DontRemove, IterationCount=15, IterationTime=1s, LaunchCount=1, WarmupCount=6)

OverheadJitting  1: 1 op, 147642.00 ns, 147.6420 us/op, 0.00 uJpkg, 0.00 uJdram
WorkloadJitting  1: 1 op, 566454.00 ns, 566.4540 us/op, 67444.00 uJpkg, 0.00 uJdram

OverheadJitting  2: 16 op, 390242.00 ns, 24.3901 us/op, 0.00 uJpkg, 0.00 uJdram
WorkloadJitting  2: 16 op, 6893307.00 ns, 430.8317 us/op, 625975.00 uJpkg, 0.00 uJdram

WorkloadPilot    1: 16 op, 6415856.00 ns, 400.9910 us/op, 627806.00 uJpkg, 0.00 uJdram
WorkloadPilot    2: 2496 op, 724333379.00 ns, 290.1977 us/op, 62990379.00 uJpkg, 0.00 uJdram
WorkloadPilot    3: 3456 op, 700912834.00 ns, 202.8104 us/op, 57860264.00 uJpkg, 0.00 uJdram
WorkloadPilot    4: 4944 op, 1001062108.00 ns, 202.4802 us/op, 83190583.00 uJpkg, 0.00 uJdram

OverheadWarmup   1: 4944 op, 18612.00 ns, 3.7646 ns/op, 87463.00 uJpkg, 0.00 uJdram
OverheadWarmup   2: 4944 op, 17417.00 ns, 3.5229 ns/op, 0.00 uJpkg, 0.00 uJdram
OverheadWarmup   3: 4944 op, 18165.00 ns, 3.6742 ns/op, 0.00 uJpkg, 0.00 uJdram
OverheadWarmup   4: 4944 op, 18158.00 ns, 3.6727 ns/op, 0.00 uJpkg, 0.00 uJdram
OverheadWarmup   5: 4944 op, 18128.00 ns, 3.6667 ns/op, 0.00 uJpkg, 0.00 uJdram
OverheadWarmup   6: 4944 op, 18525.00 ns, 3.7470 ns/op, 0.00 uJpkg, 0.00 uJdram
OverheadWarmup   7: 4944 op, 17401.00 ns, 3.5196 ns/op, 0.00 uJpkg, 0.00 uJdram

OverheadActual   1: 4944 op, 18185.00 ns, 3.6782 ns/op, 0.00 uJpkg, 0.00 uJdram
OverheadActual   2: 4944 op, 17429.00 ns, 3.5253 ns/op, 0.00 uJpkg, 0.00 uJdram
OverheadActual   3: 4944 op, 17437.00 ns, 3.5269 ns/op, 0.00 uJpkg, 0.00 uJdram
OverheadActual   4: 4944 op, 17411.00 ns, 3.5216 ns/op, 0.00 uJpkg, 0.00 uJdram
OverheadActual   5: 4944 op, 17431.00 ns, 3.5257 ns/op, 0.00 uJpkg, 0.00 uJdram
OverheadActual   6: 4944 op, 17435.00 ns, 3.5265 ns/op, 0.00 uJpkg, 0.00 uJdram
OverheadActual   7: 4944 op, 17825.00 ns, 3.6054 ns/op, 0.00 uJpkg, 0.00 uJdram
OverheadActual   8: 4944 op, 17428.00 ns, 3.5251 ns/op, 0.00 uJpkg, 0.00 uJdram
OverheadActual   9: 4944 op, 17426.00 ns, 3.5247 ns/op, 0.00 uJpkg, 0.00 uJdram
OverheadActual  10: 4944 op, 17423.00 ns, 3.5241 ns/op, 0.00 uJpkg, 0.00 uJdram
OverheadActual  11: 4944 op, 17423.00 ns, 3.5241 ns/op, 0.00 uJpkg, 0.00 uJdram
OverheadActual  12: 4944 op, 17422.00 ns, 3.5239 ns/op, 0.00 uJpkg, 0.00 uJdram
OverheadActual  13: 4944 op, 17434.00 ns, 3.5263 ns/op, 0.00 uJpkg, 0.00 uJdram
OverheadActual  14: 4944 op, 17434.00 ns, 3.5263 ns/op, 0.00 uJpkg, 0.00 uJdram
OverheadActual  15: 4944 op, 17426.00 ns, 3.5247 ns/op, 0.00 uJpkg, 0.00 uJdram

WorkloadWarmup   1: 4944 op, 1004804979.00 ns, 203.2373 us/op, 85530787.00 uJpkg, 0.00 uJdram
WorkloadWarmup   2: 4944 op, 1001479708.00 ns, 202.5647 us/op, 83307587.00 uJpkg, 0.00 uJdram
WorkloadWarmup   3: 4944 op, 1003462608.00 ns, 202.9657 us/op, 84557218.00 uJpkg, 0.00 uJdram
WorkloadWarmup   4: 4944 op, 998736040.00 ns, 202.0097 us/op, 83052216.00 uJpkg, 0.00 uJdram
WorkloadWarmup   5: 4944 op, 1002330828.00 ns, 202.7368 us/op, 84014922.00 uJpkg, 0.00 uJdram
WorkloadWarmup   6: 4944 op, 999906728.00 ns, 202.2465 us/op, 82670809.00 uJpkg, 0.00 uJdram

// BeforeActualRun
WorkloadActual   1: 4944 op, 1001604307.00 ns, 202.5899 us/op, 83127473.00 uJpkg, 0.00 uJdram
WorkloadActual   2: 4944 op, 1001125607.00 ns, 202.4930 us/op, 82569552.00 uJpkg, 0.00 uJdram
WorkloadActual   3: 4944 op, 1001943891.00 ns, 202.6586 us/op, 83830596.00 uJpkg, 0.00 uJdram
WorkloadActual   4: 4944 op, 1002320157.00 ns, 202.7347 us/op, 82826509.00 uJpkg, 0.00 uJdram
WorkloadActual   5: 4944 op, 1002944493.00 ns, 202.8609 us/op, 82993928.00 uJpkg, 0.00 uJdram
WorkloadActual   6: 4944 op, 1001505387.00 ns, 202.5699 us/op, 82655062.00 uJpkg, 0.00 uJdram
WorkloadActual   7: 4944 op, 1001435271.00 ns, 202.5557 us/op, 83081269.00 uJpkg, 0.00 uJdram
WorkloadActual   8: 4944 op, 1005168516.00 ns, 203.3108 us/op, 83386810.00 uJpkg, 0.00 uJdram
WorkloadActual   9: 4944 op, 1009032187.00 ns, 204.0923 us/op, 84689663.00 uJpkg, 0.00 uJdram
WorkloadActual  10: 4944 op, 1002673502.00 ns, 202.8061 us/op, 83726470.00 uJpkg, 0.00 uJdram
WorkloadActual  11: 4944 op, 1001978979.00 ns, 202.6657 us/op, 83086152.00 uJpkg, 0.00 uJdram
WorkloadActual  12: 4944 op, 1002784590.00 ns, 202.8286 us/op, 83619720.00 uJpkg, 0.00 uJdram
WorkloadActual  13: 4944 op, 1001925863.00 ns, 202.6549 us/op, 83674713.00 uJpkg, 0.00 uJdram
WorkloadActual  14: 4944 op, 1001001316.00 ns, 202.4679 us/op, 82964387.00 uJpkg, 0.00 uJdram
WorkloadActual  15: 4944 op, 1000729131.00 ns, 202.4129 us/op, 82019260.00 uJpkg, 0.00 uJdram

// AfterActualRun
WorkloadResult   1: 4944 op, 1001586878.00 ns, 202.5863 us/op, 83127473.00 uJpkg, 0.00 uJdram
WorkloadResult   2: 4944 op, 1001108178.00 ns, 202.4895 us/op, 82569552.00 uJpkg, 0.00 uJdram
WorkloadResult   3: 4944 op, 1001926462.00 ns, 202.6550 us/op, 83830596.00 uJpkg, 0.00 uJdram
WorkloadResult   4: 4944 op, 1002302728.00 ns, 202.7311 us/op, 82826509.00 uJpkg, 0.00 uJdram
WorkloadResult   5: 4944 op, 1002927064.00 ns, 202.8574 us/op, 82993928.00 uJpkg, 0.00 uJdram
WorkloadResult   6: 4944 op, 1001487958.00 ns, 202.5663 us/op, 82655062.00 uJpkg, 0.00 uJdram
WorkloadResult   7: 4944 op, 1001417842.00 ns, 202.5522 us/op, 83081269.00 uJpkg, 0.00 uJdram
WorkloadResult   8: 4944 op, 1005151087.00 ns, 203.3073 us/op, 83386810.00 uJpkg, 0.00 uJdram
WorkloadResult   9: 4944 op, 1009014758.00 ns, 204.0887 us/op, 84689663.00 uJpkg, 0.00 uJdram
WorkloadResult  10: 4944 op, 1002656073.00 ns, 202.8026 us/op, 83726470.00 uJpkg, 0.00 uJdram
WorkloadResult  11: 4944 op, 1001961550.00 ns, 202.6621 us/op, 83086152.00 uJpkg, 0.00 uJdram
WorkloadResult  12: 4944 op, 1002767161.00 ns, 202.8251 us/op, 83619720.00 uJpkg, 0.00 uJdram
WorkloadResult  13: 4944 op, 1001908434.00 ns, 202.6514 us/op, 83674713.00 uJpkg, 0.00 uJdram
WorkloadResult  14: 4944 op, 1000983887.00 ns, 202.4644 us/op, 82964387.00 uJpkg, 0.00 uJdram
WorkloadResult  15: 4944 op, 1000711702.00 ns, 202.4093 us/op, 82019260.00 uJpkg, 0.00 uJdram

// AfterAll
// Benchmark Process 4057494 has exited with code 0.

Mean = 202.777 μs, StdErr = 0.109 μs (0.05%), N = 15, StdDev = 0.423 μs
Min = 202.409 μs, Q1 = 202.559 μs, Median = 202.655 μs, Q3 = 202.814 μs, Max = 204.089 μs
IQR = 0.255 μs, LowerFence = 202.177 μs, UpperFence = 203.196 μs
ConfidenceInterval = [202.324 μs; 203.229 μs] (CI 99.9%), Margin = 0.452 μs (0.22% of Mean)
Skewness = 2, Kurtosis = 6.43, MValue = 2

// ** Remained 29 (96.7%) benchmark(s) to run. Estimated finish 2025-12-31 19:52 (0h 11m from now) **
// **************************
// Benchmark: JsonSerializationBenchmarks.Newtonsoft_Deserialize_Large: Overhead-Fixed-Energy-5(OutlierMode=DontRemove, IterationCount=15, IterationTime=1s, LaunchCount=1, WarmupCount=6)
// *** Execute ***
// Launch: 1 / 1
// Execute: dotnet Serialization.Bench-Overhead-Fixed-Energy-5-1.dll --anonymousPipes 103 104 --benchmarkName Serialization.Bench.JsonSerializationBenchmarks.Newtonsoft_Deserialize_Large --job Overhead-Fixed-Energy-5 --benchmarkId 1 in /home/test/rapl-tests/lib-energy-bench/src/Serialization.Bench/bin/Release/net8.0/Serialization.Bench-Overhead-Fixed-Energy-5-1/bin/Release/net8.0
// BeforeAnythingElse

// Benchmark Process Environment Information:
// BenchmarkDotNet v0.15.5-develop (2025-12-31)
// Runtime=.NET 8.0.21 (8.0.21, 8.0.2125.47513), X64 RyuJIT x86-64-v4
// GC=Concurrent Workstation
// HardwareIntrinsics=AVX512 IFMA+VBMI,AVX512 F+BW+CD+DQ+VL,AVX2+BMI1+BMI2+F16C+FMA+LZCNT+MOVBE,AVX,SSE3+SSSE3+SSE4.1+SSE4.2+POPCNT,X86Base+SSE+SSE2,AES+PCLMUL VectorSize=256
// Job: Overhead-Fixed-Energy-5(OutlierMode=DontRemove, IterationCount=15, IterationTime=1s, LaunchCount=1, WarmupCount=6)

OverheadJitting  1: 1 op, 143613.00 ns, 143.6130 us/op, 64026.00 uJpkg, 0.00 uJdram
WorkloadJitting  1: 1 op, 55782447.00 ns, 55.7824 ms/op, 4310352.00 uJpkg, 0.00 uJdram

OverheadJitting  2: 16 op, 385157.00 ns, 24.0723 us/op, 0.00 uJpkg, 0.00 uJdram
WorkloadJitting  2: 16 op, 18705174.00 ns, 1.1691 ms/op, 1356503.00 uJpkg, 0.00 uJdram

WorkloadPilot    1: 16 op, 17530092.00 ns, 1.0956 ms/op, 1175717.00 uJpkg, 0.00 uJdram
WorkloadPilot    2: 928 op, 447861866.00 ns, 482.6098 us/op, 37722499.00 uJpkg, 0.00 uJdram
WorkloadPilot    3: 2080 op, 496705316.00 ns, 238.8006 us/op, 41782669.00 uJpkg, 0.00 uJdram
WorkloadPilot    4: 4192 op, 1007535477.00 ns, 240.3472 us/op, 84546171.00 uJpkg, 0.00 uJdram
WorkloadPilot    5: 4176 op, 999822498.00 ns, 239.4211 us/op, 84243803.00 uJpkg, 0.00 uJdram
WorkloadPilot    6: 4192 op, 1004526126.00 ns, 239.6293 us/op, 84849759.00 uJpkg, 0.00 uJdram
WorkloadPilot    7: 4176 op, 1001712094.00 ns, 239.8736 us/op, 84998928.00 uJpkg, 0.00 uJdram

OverheadWarmup   1: 4176 op, 15399.00 ns, 3.6875 ns/op, 0.00 uJpkg, 0.00 uJdram
OverheadWarmup   2: 4176 op, 15405.00 ns, 3.6889 ns/op, 0.00 uJpkg, 0.00 uJdram
OverheadWarmup   3: 4176 op, 15388.00 ns, 3.6849 ns/op, 0.00 uJpkg, 0.00 uJdram
OverheadWarmup   4: 4176 op, 15406.00 ns, 3.6892 ns/op, 0.00 uJpkg, 0.00 uJdram
OverheadWarmup   5: 4176 op, 15402.00 ns, 3.6882 ns/op, 0.00 uJpkg, 0.00 uJdram

OverheadActual   1: 4176 op, 15409.00 ns, 3.6899 ns/op, 0.00 uJpkg, 0.00 uJdram
OverheadActual   2: 4176 op, 14768.00 ns, 3.5364 ns/op, 0.00 uJpkg, 0.00 uJdram
OverheadActual   3: 4176 op, 14765.00 ns, 3.5357 ns/op, 0.00 uJpkg, 0.00 uJdram
OverheadActual   4: 4176 op, 14762.00 ns, 3.5350 ns/op, 0.00 uJpkg, 0.00 uJdram
OverheadActual   5: 4176 op, 14767.00 ns, 3.5362 ns/op, 0.00 uJpkg, 0.00 uJdram
OverheadActual   6: 4176 op, 14775.00 ns, 3.5381 ns/op, 0.00 uJpkg, 0.00 uJdram
OverheadActual   7: 4176 op, 14768.00 ns, 3.5364 ns/op, 0.00 uJpkg, 0.00 uJdram
OverheadActual   8: 4176 op, 14772.00 ns, 3.5374 ns/op, 0.00 uJpkg, 0.00 uJdram
OverheadActual   9: 4176 op, 15392.00 ns, 3.6858 ns/op, 0.00 uJpkg, 0.00 uJdram
OverheadActual  10: 4176 op, 15394.00 ns, 3.6863 ns/op, 0.00 uJpkg, 0.00 uJdram
OverheadActual  11: 4176 op, 15153.00 ns, 3.6286 ns/op, 0.00 uJpkg, 0.00 uJdram
OverheadActual  12: 4176 op, 14771.00 ns, 3.5371 ns/op, 0.00 uJpkg, 0.00 uJdram
OverheadActual  13: 4176 op, 14765.00 ns, 3.5357 ns/op, 0.00 uJpkg, 0.00 uJdram
OverheadActual  14: 4176 op, 14784.00 ns, 3.5402 ns/op, 0.00 uJpkg, 0.00 uJdram
OverheadActual  15: 4176 op, 14772.00 ns, 3.5374 ns/op, 89417.00 uJpkg, 0.00 uJdram

WorkloadWarmup   1: 4176 op, 1003241269.00 ns, 240.2398 us/op, 86410607.00 uJpkg, 0.00 uJdram
WorkloadWarmup   2: 4176 op, 1007699454.00 ns, 241.3073 us/op, 85140041.00 uJpkg, 0.00 uJdram
WorkloadWarmup   3: 4176 op, 1000222580.00 ns, 239.5169 us/op, 83819243.00 uJpkg, 0.00 uJdram
WorkloadWarmup   4: 4176 op, 1008493297.00 ns, 241.4974 us/op, 84935757.00 uJpkg, 0.00 uJdram
WorkloadWarmup   5: 4176 op, 1005714230.00 ns, 240.8320 us/op, 84799832.00 uJpkg, 0.00 uJdram
WorkloadWarmup   6: 4176 op, 1001746564.00 ns, 239.8818 us/op, 84048796.00 uJpkg, 0.00 uJdram

// BeforeActualRun
WorkloadActual   1: 4176 op, 1001371031.00 ns, 239.7919 us/op, 83824431.00 uJpkg, 0.00 uJdram
WorkloadActual   2: 4176 op, 1003775462.00 ns, 240.3677 us/op, 85059840.00 uJpkg, 0.00 uJdram
WorkloadActual   3: 4176 op, 1004171311.00 ns, 240.4625 us/op, 85029628.00 uJpkg, 0.00 uJdram
WorkloadActual   4: 4176 op, 1002536772.00 ns, 240.0711 us/op, 84519315.00 uJpkg, 0.00 uJdram
WorkloadActual   5: 4176 op, 1003512592.00 ns, 240.3047 us/op, 84585965.00 uJpkg, 0.00 uJdram
WorkloadActual   6: 4176 op, 1003462556.00 ns, 240.2928 us/op, 84539883.00 uJpkg, 0.00 uJdram
WorkloadActual   7: 4176 op, 1003155526.00 ns, 240.2192 us/op, 84404935.00 uJpkg, 0.00 uJdram
WorkloadActual   8: 4176 op, 1005890887.00 ns, 240.8743 us/op, 84710659.00 uJpkg, 0.00 uJdram
WorkloadActual   9: 4176 op, 1004923518.00 ns, 240.6426 us/op, 85035976.00 uJpkg, 0.00 uJdram
WorkloadActual  10: 4176 op, 1003551556.00 ns, 240.3141 us/op, 86041162.00 uJpkg, 0.00 uJdram
WorkloadActual  11: 4176 op, 1006800656.00 ns, 241.0921 us/op, 84715299.00 uJpkg, 0.00 uJdram
WorkloadActual  12: 4176 op, 1007890767.00 ns, 241.3532 us/op, 85411341.00 uJpkg, 0.00 uJdram
WorkloadActual  13: 4176 op, 1005410465.00 ns, 240.7592 us/op, 85079067.00 uJpkg, 0.00 uJdram
WorkloadActual  14: 4176 op, 1007275134.00 ns, 241.2057 us/op, 85249232.00 uJpkg, 0.00 uJdram
WorkloadActual  15: 4176 op, 1002045967.00 ns, 239.9535 us/op, 84823330.00 uJpkg, 0.00 uJdram

// AfterActualRun
WorkloadResult   1: 4176 op, 1001356259.00 ns, 239.7884 us/op, 83824431.00 uJpkg, 0.00 uJdram
WorkloadResult   2: 4176 op, 1003760690.00 ns, 240.3641 us/op, 85059840.00 uJpkg, 0.00 uJdram
WorkloadResult   3: 4176 op, 1004156539.00 ns, 240.4589 us/op, 85029628.00 uJpkg, 0.00 uJdram
WorkloadResult   4: 4176 op, 1002522000.00 ns, 240.0675 us/op, 84519315.00 uJpkg, 0.00 uJdram
WorkloadResult   5: 4176 op, 1003497820.00 ns, 240.3012 us/op, 84585965.00 uJpkg, 0.00 uJdram
WorkloadResult   6: 4176 op, 1003447784.00 ns, 240.2892 us/op, 84539883.00 uJpkg, 0.00 uJdram
WorkloadResult   7: 4176 op, 1003140754.00 ns, 240.2157 us/op, 84404935.00 uJpkg, 0.00 uJdram
WorkloadResult   8: 4176 op, 1005876115.00 ns, 240.8707 us/op, 84710659.00 uJpkg, 0.00 uJdram
WorkloadResult   9: 4176 op, 1004908746.00 ns, 240.6391 us/op, 85035976.00 uJpkg, 0.00 uJdram
WorkloadResult  10: 4176 op, 1003536784.00 ns, 240.3105 us/op, 86041162.00 uJpkg, 0.00 uJdram
WorkloadResult  11: 4176 op, 1006785884.00 ns, 241.0886 us/op, 84715299.00 uJpkg, 0.00 uJdram
WorkloadResult  12: 4176 op, 1007875995.00 ns, 241.3496 us/op, 85411341.00 uJpkg, 0.00 uJdram
WorkloadResult  13: 4176 op, 1005395693.00 ns, 240.7557 us/op, 85079067.00 uJpkg, 0.00 uJdram
WorkloadResult  14: 4176 op, 1007260362.00 ns, 241.2022 us/op, 85249232.00 uJpkg, 0.00 uJdram
WorkloadResult  15: 4176 op, 1002031195.00 ns, 239.9500 us/op, 84823330.00 uJpkg, 0.00 uJdram

// AfterAll
// Benchmark Process 4057515 has exited with code 0.

Mean = 240.510 μs, StdErr = 0.119 μs (0.05%), N = 15, StdDev = 0.463 μs
Min = 239.788 μs, Q1 = 240.252 μs, Median = 240.364 μs, Q3 = 240.813 μs, Max = 241.350 μs
IQR = 0.561 μs, LowerFence = 239.411 μs, UpperFence = 241.654 μs
ConfidenceInterval = [240.015 μs; 241.005 μs] (CI 99.9%), Margin = 0.495 μs (0.21% of Mean)
Skewness = 0.33, Kurtosis = 1.86, MValue = 2

// ** Remained 28 (93.3%) benchmark(s) to run. Estimated finish 2025-12-31 19:52 (0h 11m from now) **
// **************************
// Benchmark: JsonSerializationBenchmarks.Jil_Deserialize_Large: Overhead-Fixed-Energy-5(OutlierMode=DontRemove, IterationCount=15, IterationTime=1s, LaunchCount=1, WarmupCount=6)
// *** Execute ***
// Launch: 1 / 1
// Execute: dotnet Serialization.Bench-Overhead-Fixed-Energy-5-1.dll --anonymousPipes 103 104 --benchmarkName Serialization.Bench.JsonSerializationBenchmarks.Jil_Deserialize_Large --job Overhead-Fixed-Energy-5 --benchmarkId 2 in /home/test/rapl-tests/lib-energy-bench/src/Serialization.Bench/bin/Release/net8.0/Serialization.Bench-Overhead-Fixed-Energy-5-1/bin/Release/net8.0
// BeforeAnythingElse

// Benchmark Process Environment Information:
// BenchmarkDotNet v0.15.5-develop (2025-12-31)
// Runtime=.NET 8.0.21 (8.0.21, 8.0.2125.47513), X64 RyuJIT x86-64-v4
// GC=Concurrent Workstation
// HardwareIntrinsics=AVX512 IFMA+VBMI,AVX512 F+BW+CD+DQ+VL,AVX2+BMI1+BMI2+F16C+FMA+LZCNT+MOVBE,AVX,SSE3+SSSE3+SSE4.1+SSE4.2+POPCNT,X86Base+SSE+SSE2,AES+PCLMUL VectorSize=256
// Job: Overhead-Fixed-Energy-5(OutlierMode=DontRemove, IterationCount=15, IterationTime=1s, LaunchCount=1, WarmupCount=6)

OverheadJitting  1: 1 op, 141594.00 ns, 141.5940 us/op, 0.00 uJpkg, 0.00 uJdram
WorkloadJitting  1: 1 op, 246396965.00 ns, 246.3970 ms/op, 16689166.00 uJpkg, 0.00 uJdram

WorkloadPilot    1: 4 op, 2899630.00 ns, 724.9075 us/op, 211120.00 uJpkg, 0.00 uJdram
WorkloadPilot    2: 1379 op, 426726009.00 ns, 309.4460 us/op, 32963661.00 uJpkg, 0.00 uJdram
WorkloadPilot    3: 3232 op, 692429179.00 ns, 214.2417 us/op, 57792454.00 uJpkg, 0.00 uJdram
WorkloadPilot    4: 4668 op, 997520707.00 ns, 213.6934 us/op, 82937471.00 uJpkg, 0.00 uJdram
WorkloadPilot    5: 4680 op, 999292043.00 ns, 213.5239 us/op, 83040925.00 uJpkg, 0.00 uJdram
WorkloadPilot    6: 4683 op, 1003679421.00 ns, 214.3240 us/op, 83845366.00 uJpkg, 0.00 uJdram
WorkloadPilot    7: 4666 op, 1003498767.00 ns, 215.0662 us/op, 83661590.00 uJpkg, 0.00 uJdram
WorkloadPilot    8: 4650 op, 1000074311.00 ns, 215.0697 us/op, 83882658.00 uJpkg, 0.00 uJdram

WorkloadWarmup   1: 4650 op, 994142014.00 ns, 213.7940 us/op, 83324067.00 uJpkg, 0.00 uJdram
WorkloadWarmup   2: 4650 op, 1000076849.00 ns, 215.0703 us/op, 84707303.00 uJpkg, 0.00 uJdram
WorkloadWarmup   3: 4650 op, 998510963.00 ns, 214.7335 us/op, 83381562.00 uJpkg, 0.00 uJdram
WorkloadWarmup   4: 4650 op, 1000022470.00 ns, 215.0586 us/op, 83642425.00 uJpkg, 0.00 uJdram
WorkloadWarmup   5: 4650 op, 998945944.00 ns, 214.8271 us/op, 83198700.00 uJpkg, 0.00 uJdram
WorkloadWarmup   6: 4650 op, 998618603.00 ns, 214.7567 us/op, 83222687.00 uJpkg, 0.00 uJdram

// BeforeActualRun
WorkloadActual   1: 4650 op, 994158591.00 ns, 213.7975 us/op, 82310642.00 uJpkg, 0.00 uJdram
WorkloadActual   2: 4650 op, 999059126.00 ns, 214.8514 us/op, 83409210.00 uJpkg, 0.00 uJdram
WorkloadActual   3: 4650 op, 999275181.00 ns, 214.8979 us/op, 84555265.00 uJpkg, 0.00 uJdram
WorkloadActual   4: 4650 op, 1000432702.00 ns, 215.1468 us/op, 84285124.00 uJpkg, 0.00 uJdram
WorkloadActual   5: 4650 op, 998966236.00 ns, 214.8314 us/op, 83030183.00 uJpkg, 0.00 uJdram
WorkloadActual   6: 4650 op, 999111289.00 ns, 214.8626 us/op, 83381683.00 uJpkg, 0.00 uJdram
WorkloadActual   7: 4650 op, 996938850.00 ns, 214.3955 us/op, 83730682.00 uJpkg, 0.00 uJdram
WorkloadActual   8: 4650 op, 999768894.00 ns, 215.0041 us/op, 84371794.00 uJpkg, 0.00 uJdram
WorkloadActual   9: 4650 op, 998661724.00 ns, 214.7660 us/op, 83760772.00 uJpkg, 0.00 uJdram
WorkloadActual  10: 4650 op, 998502797.00 ns, 214.7318 us/op, 83720489.00 uJpkg, 0.00 uJdram
WorkloadActual  11: 4650 op, 997993949.00 ns, 214.6224 us/op, 83417633.00 uJpkg, 0.00 uJdram
WorkloadActual  12: 4650 op, 997515884.00 ns, 214.5195 us/op, 83593963.00 uJpkg, 0.00 uJdram
WorkloadActual  13: 4650 op, 997675515.00 ns, 214.5539 us/op, 83419037.00 uJpkg, 0.00 uJdram
WorkloadActual  14: 4650 op, 997309156.00 ns, 214.4751 us/op, 83475555.00 uJpkg, 0.00 uJdram
WorkloadActual  15: 4650 op, 1003960952.00 ns, 215.9056 us/op, 83480011.00 uJpkg, 0.00 uJdram

// AfterActualRun
WorkloadResult   1: 4650 op, 994158591.00 ns, 213.7975 us/op, 82310642.00 uJpkg, 0.00 uJdram
WorkloadResult   2: 4650 op, 999059126.00 ns, 214.8514 us/op, 83409210.00 uJpkg, 0.00 uJdram
WorkloadResult   3: 4650 op, 999275181.00 ns, 214.8979 us/op, 84555265.00 uJpkg, 0.00 uJdram
WorkloadResult   4: 4650 op, 1000432702.00 ns, 215.1468 us/op, 84285124.00 uJpkg, 0.00 uJdram
WorkloadResult   5: 4650 op, 998966236.00 ns, 214.8314 us/op, 83030183.00 uJpkg, 0.00 uJdram
WorkloadResult   6: 4650 op, 999111289.00 ns, 214.8626 us/op, 83381683.00 uJpkg, 0.00 uJdram
WorkloadResult   7: 4650 op, 996938850.00 ns, 214.3955 us/op, 83730682.00 uJpkg, 0.00 uJdram
WorkloadResult   8: 4650 op, 999768894.00 ns, 215.0041 us/op, 84371794.00 uJpkg, 0.00 uJdram
WorkloadResult   9: 4650 op, 998661724.00 ns, 214.7660 us/op, 83760772.00 uJpkg, 0.00 uJdram
WorkloadResult  10: 4650 op, 998502797.00 ns, 214.7318 us/op, 83720489.00 uJpkg, 0.00 uJdram
WorkloadResult  11: 4650 op, 997993949.00 ns, 214.6224 us/op, 83417633.00 uJpkg, 0.00 uJdram
WorkloadResult  12: 4650 op, 997515884.00 ns, 214.5195 us/op, 83593963.00 uJpkg, 0.00 uJdram
WorkloadResult  13: 4650 op, 997675515.00 ns, 214.5539 us/op, 83419037.00 uJpkg, 0.00 uJdram
WorkloadResult  14: 4650 op, 997309156.00 ns, 214.4751 us/op, 83475555.00 uJpkg, 0.00 uJdram
WorkloadResult  15: 4650 op, 1003960952.00 ns, 215.9056 us/op, 83480011.00 uJpkg, 0.00 uJdram

// AfterAll
// Benchmark Process 4057534 has exited with code 0.

Mean = 214.757 μs, StdErr = 0.116 μs (0.05%), N = 15, StdDev = 0.449 μs
Min = 213.798 μs, Q1 = 214.537 μs, Median = 214.766 μs, Q3 = 214.880 μs, Max = 215.906 μs
IQR = 0.344 μs, LowerFence = 214.021 μs, UpperFence = 215.396 μs
ConfidenceInterval = [214.277 μs; 215.238 μs] (CI 99.9%), Margin = 0.480 μs (0.22% of Mean)
Skewness = 0.45, Kurtosis = 4.33, MValue = 2

// ** Remained 27 (90.0%) benchmark(s) to run. Estimated finish 2025-12-31 19:53 (0h 11m from now) **
// **************************
// Benchmark: JsonSerializationBenchmarks.Utf8Json_Deserialize_Large: Overhead-Fixed-Energy-5(OutlierMode=DontRemove, IterationCount=15, IterationTime=1s, LaunchCount=1, WarmupCount=6)
// *** Execute ***
// Launch: 1 / 1
// Execute: dotnet Serialization.Bench-Overhead-Fixed-Energy-5-1.dll --anonymousPipes 103 104 --benchmarkName Serialization.Bench.JsonSerializationBenchmarks.Utf8Json_Deserialize_Large --job Overhead-Fixed-Energy-5 --benchmarkId 3 in /home/test/rapl-tests/lib-energy-bench/src/Serialization.Bench/bin/Release/net8.0/Serialization.Bench-Overhead-Fixed-Energy-5-1/bin/Release/net8.0
// BeforeAnythingElse

// Benchmark Process Environment Information:
// BenchmarkDotNet v0.15.5-develop (2025-12-31)
// Runtime=.NET 8.0.21 (8.0.21, 8.0.2125.47513), X64 RyuJIT x86-64-v4
// GC=Concurrent Workstation
// HardwareIntrinsics=AVX512 IFMA+VBMI,AVX512 F+BW+CD+DQ+VL,AVX2+BMI1+BMI2+F16C+FMA+LZCNT+MOVBE,AVX,SSE3+SSSE3+SSE4.1+SSE4.2+POPCNT,X86Base+SSE+SSE2,AES+PCLMUL VectorSize=256
// Job: Overhead-Fixed-Energy-5(OutlierMode=DontRemove, IterationCount=15, IterationTime=1s, LaunchCount=1, WarmupCount=6)

OverheadJitting  1: 1 op, 146132.00 ns, 146.1320 us/op, 57556.00 uJpkg, 0.00 uJdram
WorkloadJitting  1: 1 op, 56963016.00 ns, 56.9630 ms/op, 3528250.00 uJpkg, 0.00 uJdram

OverheadJitting  2: 16 op, 412365.00 ns, 25.7728 us/op, 0.00 uJpkg, 0.00 uJdram
WorkloadJitting  2: 16 op, 13912867.00 ns, 869.5542 us/op, 949766.00 uJpkg, 0.00 uJdram

WorkloadPilot    1: 16 op, 12936544.00 ns, 808.5340 us/op, 863218.00 uJpkg, 0.00 uJdram
WorkloadPilot    2: 1248 op, 695057603.00 ns, 556.9372 us/op, 60249723.00 uJpkg, 0.00 uJdram
WorkloadPilot    3: 1808 op, 511321983.00 ns, 282.8108 us/op, 42643628.00 uJpkg, 0.00 uJdram
WorkloadPilot    4: 3536 op, 997424697.00 ns, 282.0771 us/op, 83210420.00 uJpkg, 0.00 uJdram
WorkloadPilot    5: 3552 op, 1002239330.00 ns, 282.1620 us/op, 83329071.00 uJpkg, 0.00 uJdram

OverheadWarmup   1: 3552 op, 15041.00 ns, 4.2345 ns/op, 0.00 uJpkg, 0.00 uJdram
OverheadWarmup   2: 3552 op, 12564.00 ns, 3.5372 ns/op, 0.00 uJpkg, 0.00 uJdram
OverheadWarmup   3: 3552 op, 12561.00 ns, 3.5363 ns/op, 0.00 uJpkg, 0.00 uJdram
OverheadWarmup   4: 3552 op, 12563.00 ns, 3.5369 ns/op, 0.00 uJpkg, 0.00 uJdram
OverheadWarmup   5: 3552 op, 12556.00 ns, 3.5349 ns/op, 0.00 uJpkg, 0.00 uJdram
OverheadWarmup   6: 3552 op, 12555.00 ns, 3.5346 ns/op, 0.00 uJpkg, 0.00 uJdram
OverheadWarmup   7: 3552 op, 12540.00 ns, 3.5304 ns/op, 0.00 uJpkg, 0.00 uJdram
OverheadWarmup   8: 3552 op, 12544.00 ns, 3.5315 ns/op, 0.00 uJpkg, 0.00 uJdram
OverheadWarmup   9: 3552 op, 12543.00 ns, 3.5313 ns/op, 0.00 uJpkg, 0.00 uJdram

OverheadActual   1: 3552 op, 12728.00 ns, 3.5833 ns/op, 0.00 uJpkg, 0.00 uJdram
OverheadActual   2: 3552 op, 12564.00 ns, 3.5372 ns/op, 0.00 uJpkg, 0.00 uJdram
OverheadActual   3: 3552 op, 12562.00 ns, 3.5366 ns/op, 0.00 uJpkg, 0.00 uJdram
OverheadActual   4: 3552 op, 12549.00 ns, 3.5329 ns/op, 0.00 uJpkg, 0.00 uJdram
OverheadActual   5: 3552 op, 13085.00 ns, 3.6838 ns/op, 0.00 uJpkg, 0.00 uJdram
OverheadActual   6: 3552 op, 14430.00 ns, 4.0625 ns/op, 108947.00 uJpkg, 0.00 uJdram
OverheadActual   7: 3552 op, 12566.00 ns, 3.5377 ns/op, 0.00 uJpkg, 0.00 uJdram
OverheadActual   8: 3552 op, 12542.00 ns, 3.5310 ns/op, 0.00 uJpkg, 0.00 uJdram
OverheadActual   9: 3552 op, 12538.00 ns, 3.5298 ns/op, 0.00 uJpkg, 0.00 uJdram
OverheadActual  10: 3552 op, 12903.00 ns, 3.6326 ns/op, 0.00 uJpkg, 0.00 uJdram
OverheadActual  11: 3552 op, 12545.00 ns, 3.5318 ns/op, 0.00 uJpkg, 0.00 uJdram
OverheadActual  12: 3552 op, 12546.00 ns, 3.5321 ns/op, 0.00 uJpkg, 0.00 uJdram
OverheadActual  13: 3552 op, 12547.00 ns, 3.5324 ns/op, 0.00 uJpkg, 0.00 uJdram
OverheadActual  14: 3552 op, 12561.00 ns, 3.5363 ns/op, 0.00 uJpkg, 0.00 uJdram
OverheadActual  15: 3552 op, 12556.00 ns, 3.5349 ns/op, 0.00 uJpkg, 0.00 uJdram

WorkloadWarmup   1: 3552 op, 1014376947.00 ns, 285.5791 us/op, 86147423.00 uJpkg, 0.00 uJdram
WorkloadWarmup   2: 3552 op, 1009807888.00 ns, 284.2928 us/op, 83977629.00 uJpkg, 0.00 uJdram
WorkloadWarmup   3: 3552 op, 1010804753.00 ns, 284.5734 us/op, 84956204.00 uJpkg, 0.00 uJdram
WorkloadWarmup   4: 3552 op, 1009216585.00 ns, 284.1263 us/op, 83839385.00 uJpkg, 0.00 uJdram
WorkloadWarmup   5: 3552 op, 1010736457.00 ns, 284.5542 us/op, 84018217.00 uJpkg, 0.00 uJdram
WorkloadWarmup   6: 3552 op, 1009678551.00 ns, 284.2563 us/op, 84254911.00 uJpkg, 0.00 uJdram

// BeforeActualRun
WorkloadActual   1: 3552 op, 1011466148.00 ns, 284.7596 us/op, 83849822.00 uJpkg, 0.00 uJdram
WorkloadActual   2: 3552 op, 1009174993.00 ns, 284.1146 us/op, 83484344.00 uJpkg, 0.00 uJdram
WorkloadActual   3: 3552 op, 1009718474.00 ns, 284.2676 us/op, 83984526.00 uJpkg, 0.00 uJdram
WorkloadActual   4: 3552 op, 1009653205.00 ns, 284.2492 us/op, 84223906.00 uJpkg, 0.00 uJdram
WorkloadActual   5: 3552 op, 1011019762.00 ns, 284.6339 us/op, 84853054.00 uJpkg, 0.00 uJdram
WorkloadActual   6: 3552 op, 1009877333.00 ns, 284.3123 us/op, 84208525.00 uJpkg, 0.00 uJdram
WorkloadActual   7: 3552 op, 1009703541.00 ns, 284.2634 us/op, 84052458.00 uJpkg, 0.00 uJdram
WorkloadActual   8: 3552 op, 1009601054.00 ns, 284.2345 us/op, 83276581.00 uJpkg, 0.00 uJdram
WorkloadActual   9: 3552 op, 1010018055.00 ns, 284.3519 us/op, 83887603.00 uJpkg, 0.00 uJdram
WorkloadActual  10: 3552 op, 1010272505.00 ns, 284.4236 us/op, 84464017.00 uJpkg, 0.00 uJdram
WorkloadActual  11: 3552 op, 1010342921.00 ns, 284.4434 us/op, 83568451.00 uJpkg, 0.00 uJdram
WorkloadActual  12: 3552 op, 1009061686.00 ns, 284.0827 us/op, 83316376.00 uJpkg, 0.00 uJdram
WorkloadActual  13: 3552 op, 1009438815.00 ns, 284.1889 us/op, 83826263.00 uJpkg, 0.00 uJdram
WorkloadActual  14: 3552 op, 1009296470.00 ns, 284.1488 us/op, 83617705.00 uJpkg, 0.00 uJdram
WorkloadActual  15: 3552 op, 1009370721.00 ns, 284.1697 us/op, 84471158.00 uJpkg, 0.00 uJdram

// AfterActualRun
WorkloadResult   1: 3552 op, 1011453587.00 ns, 284.7561 us/op, 83849822.00 uJpkg, 0.00 uJdram
WorkloadResult   2: 3552 op, 1009162432.00 ns, 284.1110 us/op, 83484344.00 uJpkg, 0.00 uJdram
WorkloadResult   3: 3552 op, 1009705913.00 ns, 284.2641 us/op, 83984526.00 uJpkg, 0.00 uJdram
WorkloadResult   4: 3552 op, 1009640644.00 ns, 284.2457 us/op, 84223906.00 uJpkg, 0.00 uJdram
WorkloadResult   5: 3552 op, 1011007201.00 ns, 284.6304 us/op, 84853054.00 uJpkg, 0.00 uJdram
WorkloadResult   6: 3552 op, 1009864772.00 ns, 284.3088 us/op, 84208525.00 uJpkg, 0.00 uJdram
WorkloadResult   7: 3552 op, 1009690980.00 ns, 284.2598 us/op, 84052458.00 uJpkg, 0.00 uJdram
WorkloadResult   8: 3552 op, 1009588493.00 ns, 284.2310 us/op, 83276581.00 uJpkg, 0.00 uJdram
WorkloadResult   9: 3552 op, 1010005494.00 ns, 284.3484 us/op, 83887603.00 uJpkg, 0.00 uJdram
WorkloadResult  10: 3552 op, 1010259944.00 ns, 284.4200 us/op, 84464017.00 uJpkg, 0.00 uJdram
WorkloadResult  11: 3552 op, 1010330360.00 ns, 284.4399 us/op, 83568451.00 uJpkg, 0.00 uJdram
WorkloadResult  12: 3552 op, 1009049125.00 ns, 284.0791 us/op, 83316376.00 uJpkg, 0.00 uJdram
WorkloadResult  13: 3552 op, 1009426254.00 ns, 284.1853 us/op, 83826263.00 uJpkg, 0.00 uJdram
WorkloadResult  14: 3552 op, 1009283909.00 ns, 284.1452 us/op, 83617705.00 uJpkg, 0.00 uJdram
WorkloadResult  15: 3552 op, 1009358160.00 ns, 284.1661 us/op, 84471158.00 uJpkg, 0.00 uJdram

// AfterAll
// Benchmark Process 4057550 has exited with code 0.

Mean = 284.306 μs, StdErr = 0.049 μs (0.02%), N = 15, StdDev = 0.190 μs
Min = 284.079 μs, Q1 = 284.176 μs, Median = 284.260 μs, Q3 = 284.384 μs, Max = 284.756 μs
IQR = 0.208 μs, LowerFence = 283.863 μs, UpperFence = 284.697 μs
ConfidenceInterval = [284.103 μs; 284.509 μs] (CI 99.9%), Margin = 0.203 μs (0.07% of Mean)
Skewness = 0.98, Kurtosis = 2.99, MValue = 2

// ** Remained 26 (86.7%) benchmark(s) to run. Estimated finish 2025-12-31 19:53 (0h 11m from now) **
// **************************
// Benchmark: JsonSerializationBenchmarks.SpanJson_Deserialize_Large: Overhead-Fixed-Energy-5(OutlierMode=DontRemove, IterationCount=15, IterationTime=1s, LaunchCount=1, WarmupCount=6)
// *** Execute ***
// Launch: 1 / 1
// Execute: dotnet Serialization.Bench-Overhead-Fixed-Energy-5-1.dll --anonymousPipes 103 104 --benchmarkName Serialization.Bench.JsonSerializationBenchmarks.SpanJson_Deserialize_Large --job Overhead-Fixed-Energy-5 --benchmarkId 4 in /home/test/rapl-tests/lib-energy-bench/src/Serialization.Bench/bin/Release/net8.0/Serialization.Bench-Overhead-Fixed-Energy-5-1/bin/Release/net8.0
// BeforeAnythingElse

// Benchmark Process Environment Information:
// BenchmarkDotNet v0.15.5-develop (2025-12-31)
// Runtime=.NET 8.0.21 (8.0.21, 8.0.2125.47513), X64 RyuJIT x86-64-v4
// GC=Concurrent Workstation
// HardwareIntrinsics=AVX512 IFMA+VBMI,AVX512 F+BW+CD+DQ+VL,AVX2+BMI1+BMI2+F16C+FMA+LZCNT+MOVBE,AVX,SSE3+SSSE3+SSE4.1+SSE4.2+POPCNT,X86Base+SSE+SSE2,AES+PCLMUL VectorSize=256
// Job: Overhead-Fixed-Energy-5(OutlierMode=DontRemove, IterationCount=15, IterationTime=1s, LaunchCount=1, WarmupCount=6)

OverheadJitting  1: 1 op, 141134.00 ns, 141.1340 us/op, 0.00 uJpkg, 0.00 uJdram
WorkloadJitting  1: 1 op, 112772465.00 ns, 112.7725 ms/op, 7094648.00 uJpkg, 0.00 uJdram

WorkloadPilot    1: 4 op, 1874979.00 ns, 468.7448 us/op, 146179.00 uJpkg, 0.00 uJdram
WorkloadPilot    2: 2133 op, 411558740.00 ns, 192.9483 us/op, 32534524.00 uJpkg, 0.00 uJdram
WorkloadPilot    3: 5183 op, 782247540.00 ns, 150.9256 us/op, 64824297.00 uJpkg, 0.00 uJdram
WorkloadPilot    4: 6626 op, 999464393.00 ns, 150.8398 us/op, 83243806.00 uJpkg, 0.00 uJdram
WorkloadPilot    5: 6630 op, 1000843835.00 ns, 150.9568 us/op, 82780366.00 uJpkg, 0.00 uJdram
WorkloadPilot    6: 6624 op, 1002925671.00 ns, 151.4079 us/op, 83314118.00 uJpkg, 0.00 uJdram
WorkloadPilot    7: 6605 op, 997037941.00 ns, 150.9520 us/op, 82444552.00 uJpkg, 0.00 uJdram
WorkloadPilot    8: 6625 op, 999469349.00 ns, 150.8633 us/op, 82915315.00 uJpkg, 0.00 uJdram
WorkloadPilot    9: 6629 op, 999455075.00 ns, 150.7701 us/op, 82178439.00 uJpkg, 0.00 uJdram
WorkloadPilot   10: 6633 op, 1003421076.00 ns, 151.2771 us/op, 84002348.00 uJpkg, 0.00 uJdram

WorkloadWarmup   1: 6633 op, 1000452653.00 ns, 150.8296 us/op, 82735506.00 uJpkg, 0.00 uJdram
WorkloadWarmup   2: 6633 op, 1003262488.00 ns, 151.2532 us/op, 83815581.00 uJpkg, 0.00 uJdram
WorkloadWarmup   3: 6633 op, 1002851247.00 ns, 151.1912 us/op, 82904695.00 uJpkg, 0.00 uJdram
WorkloadWarmup   4: 6633 op, 1003885612.00 ns, 151.3471 us/op, 83086579.00 uJpkg, 0.00 uJdram
WorkloadWarmup   5: 6633 op, 1004691744.00 ns, 151.4687 us/op, 82691377.00 uJpkg, 0.00 uJdram
WorkloadWarmup   6: 6633 op, 1003178242.00 ns, 151.2405 us/op, 82943635.00 uJpkg, 0.00 uJdram

// BeforeActualRun
WorkloadActual   1: 6633 op, 1002868774.00 ns, 151.1938 us/op, 83850188.00 uJpkg, 0.00 uJdram
WorkloadActual   2: 6633 op, 1003725172.00 ns, 151.3230 us/op, 83639190.00 uJpkg, 0.00 uJdram
WorkloadActual   3: 6633 op, 1002715300.00 ns, 151.1707 us/op, 82734285.00 uJpkg, 0.00 uJdram
WorkloadActual   4: 6633 op, 1003321152.00 ns, 151.2620 us/op, 82829317.00 uJpkg, 0.00 uJdram
WorkloadActual   5: 6633 op, 1002602034.00 ns, 151.1536 us/op, 82440097.00 uJpkg, 0.00 uJdram
WorkloadActual   6: 6633 op, 1004024630.00 ns, 151.3681 us/op, 82962067.00 uJpkg, 0.00 uJdram
WorkloadActual   7: 6633 op, 1003740506.00 ns, 151.3253 us/op, 82753755.00 uJpkg, 0.00 uJdram
WorkloadActual   8: 6633 op, 1005267677.00 ns, 151.5555 us/op, 82546847.00 uJpkg, 0.00 uJdram
WorkloadActual   9: 6633 op, 1002704457.00 ns, 151.1691 us/op, 82351290.00 uJpkg, 0.00 uJdram
WorkloadActual  10: 6633 op, 1003604481.00 ns, 151.3048 us/op, 82997346.00 uJpkg, 0.00 uJdram
WorkloadActual  11: 6633 op, 1002731339.00 ns, 151.1731 us/op, 82706392.00 uJpkg, 0.00 uJdram
WorkloadActual  12: 6633 op, 1004024295.00 ns, 151.3681 us/op, 82873140.00 uJpkg, 0.00 uJdram
WorkloadActual  13: 6633 op, 1003902717.00 ns, 151.3497 us/op, 82835421.00 uJpkg, 0.00 uJdram
WorkloadActual  14: 6633 op, 1004051027.00 ns, 151.3721 us/op, 83290986.00 uJpkg, 0.00 uJdram
WorkloadActual  15: 6633 op, 1005339278.00 ns, 151.5663 us/op, 83030122.00 uJpkg, 0.00 uJdram

// AfterActualRun
WorkloadResult   1: 6633 op, 1002868774.00 ns, 151.1938 us/op, 83850188.00 uJpkg, 0.00 uJdram
WorkloadResult   2: 6633 op, 1003725172.00 ns, 151.3230 us/op, 83639190.00 uJpkg, 0.00 uJdram
WorkloadResult   3: 6633 op, 1002715300.00 ns, 151.1707 us/op, 82734285.00 uJpkg, 0.00 uJdram
WorkloadResult   4: 6633 op, 1003321152.00 ns, 151.2620 us/op, 82829317.00 uJpkg, 0.00 uJdram
WorkloadResult   5: 6633 op, 1002602034.00 ns, 151.1536 us/op, 82440097.00 uJpkg, 0.00 uJdram
WorkloadResult   6: 6633 op, 1004024630.00 ns, 151.3681 us/op, 82962067.00 uJpkg, 0.00 uJdram
WorkloadResult   7: 6633 op, 1003740506.00 ns, 151.3253 us/op, 82753755.00 uJpkg, 0.00 uJdram
WorkloadResult   8: 6633 op, 1005267677.00 ns, 151.5555 us/op, 82546847.00 uJpkg, 0.00 uJdram
WorkloadResult   9: 6633 op, 1002704457.00 ns, 151.1691 us/op, 82351290.00 uJpkg, 0.00 uJdram
WorkloadResult  10: 6633 op, 1003604481.00 ns, 151.3048 us/op, 82997346.00 uJpkg, 0.00 uJdram
WorkloadResult  11: 6633 op, 1002731339.00 ns, 151.1731 us/op, 82706392.00 uJpkg, 0.00 uJdram
WorkloadResult  12: 6633 op, 1004024295.00 ns, 151.3681 us/op, 82873140.00 uJpkg, 0.00 uJdram
WorkloadResult  13: 6633 op, 1003902717.00 ns, 151.3497 us/op, 82835421.00 uJpkg, 0.00 uJdram
WorkloadResult  14: 6633 op, 1004051027.00 ns, 151.3721 us/op, 83290986.00 uJpkg, 0.00 uJdram
WorkloadResult  15: 6633 op, 1005339278.00 ns, 151.5663 us/op, 83030122.00 uJpkg, 0.00 uJdram

// AfterAll
// Benchmark Process 4057564 has exited with code 0.

Mean = 151.310 μs, StdErr = 0.034 μs (0.02%), N = 15, StdDev = 0.130 μs
Min = 151.154 μs, Q1 = 151.183 μs, Median = 151.323 μs, Q3 = 151.368 μs, Max = 151.566 μs
IQR = 0.185 μs, LowerFence = 150.907 μs, UpperFence = 151.645 μs
ConfidenceInterval = [151.171 μs; 151.449 μs] (CI 99.9%), Margin = 0.139 μs (0.09% of Mean)
Skewness = 0.56, Kurtosis = 2.3, MValue = 2

// ** Remained 25 (83.3%) benchmark(s) to run. Estimated finish 2025-12-31 19:53 (0h 11m from now) **
// **************************
// Benchmark: JsonSerializationBenchmarks.STJ_Deserialize_Medium: Overhead-Fixed-Energy-5(OutlierMode=DontRemove, IterationCount=15, IterationTime=1s, LaunchCount=1, WarmupCount=6)
// *** Execute ***
// Launch: 1 / 1
// Execute: dotnet Serialization.Bench-Overhead-Fixed-Energy-5-1.dll --anonymousPipes 103 104 --benchmarkName Serialization.Bench.JsonSerializationBenchmarks.STJ_Deserialize_Medium --job Overhead-Fixed-Energy-5 --benchmarkId 5 in /home/test/rapl-tests/lib-energy-bench/src/Serialization.Bench/bin/Release/net8.0/Serialization.Bench-Overhead-Fixed-Energy-5-1/bin/Release/net8.0
// BeforeAnythingElse

// Benchmark Process Environment Information:
// BenchmarkDotNet v0.15.5-develop (2025-12-31)
// Runtime=.NET 8.0.21 (8.0.21, 8.0.2125.47513), X64 RyuJIT x86-64-v4
// GC=Concurrent Workstation
// HardwareIntrinsics=AVX512 IFMA+VBMI,AVX512 F+BW+CD+DQ+VL,AVX2+BMI1+BMI2+F16C+FMA+LZCNT+MOVBE,AVX,SSE3+SSSE3+SSE4.1+SSE4.2+POPCNT,X86Base+SSE+SSE2,AES+PCLMUL VectorSize=256
// Job: Overhead-Fixed-Energy-5(OutlierMode=DontRemove, IterationCount=15, IterationTime=1s, LaunchCount=1, WarmupCount=6)

OverheadJitting  1: 1 op, 141949.00 ns, 141.9490 us/op, 0.00 uJpkg, 0.00 uJdram
WorkloadJitting  1: 1 op, 288497.00 ns, 288.4970 us/op, 0.00 uJpkg, 0.00 uJdram

OverheadJitting  2: 16 op, 394252.00 ns, 24.6408 us/op, 0.00 uJpkg, 0.00 uJdram
WorkloadJitting  2: 16 op, 2245216.00 ns, 140.3260 us/op, 147644.00 uJpkg, 0.00 uJdram

WorkloadPilot    1: 16 op, 1887140.00 ns, 117.9463 us/op, 71411.00 uJpkg, 0.00 uJdram
WorkloadPilot    2: 8480 op, 694843914.00 ns, 81.9391 us/op, 59790009.00 uJpkg, 0.00 uJdram
WorkloadPilot    3: 12208 op, 645873351.00 ns, 52.9057 us/op, 54799664.00 uJpkg, 0.00 uJdram
WorkloadPilot    4: 18912 op, 999856442.00 ns, 52.8689 us/op, 84906398.00 uJpkg, 0.00 uJdram
WorkloadPilot    5: 18928 op, 999064306.00 ns, 52.7823 us/op, 84877407.00 uJpkg, 0.00 uJdram
WorkloadPilot    6: 18960 op, 1001118573.00 ns, 52.8016 us/op, 85328822.00 uJpkg, 0.00 uJdram
WorkloadPilot    7: 18944 op, 1005625897.00 ns, 53.0841 us/op, 86207482.00 uJpkg, 0.00 uJdram
WorkloadPilot    8: 18848 op, 995102937.00 ns, 52.7962 us/op, 84362821.00 uJpkg, 0.00 uJdram
WorkloadPilot    9: 18944 op, 1002043999.00 ns, 52.8951 us/op, 85036891.00 uJpkg, 0.00 uJdram

OverheadWarmup   1: 18944 op, 66990.00 ns, 3.5362 ns/op, 0.00 uJpkg, 0.00 uJdram
OverheadWarmup   2: 18944 op, 65999.00 ns, 3.4839 ns/op, 0.00 uJpkg, 0.00 uJdram
OverheadWarmup   3: 18944 op, 66012.00 ns, 3.4846 ns/op, 0.00 uJpkg, 0.00 uJdram
OverheadWarmup   4: 18944 op, 66343.00 ns, 3.5021 ns/op, 0.00 uJpkg, 0.00 uJdram
OverheadWarmup   5: 18944 op, 69648.00 ns, 3.6765 ns/op, 0.00 uJpkg, 0.00 uJdram
OverheadWarmup   6: 18944 op, 68819.00 ns, 3.6328 ns/op, 0.00 uJpkg, 0.00 uJdram
OverheadWarmup   7: 18944 op, 66344.00 ns, 3.5021 ns/op, 96801.00 uJpkg, 0.00 uJdram
OverheadWarmup   8: 18944 op, 68817.00 ns, 3.6327 ns/op, 0.00 uJpkg, 0.00 uJdram
OverheadWarmup   9: 18944 op, 68836.00 ns, 3.6337 ns/op, 0.00 uJpkg, 0.00 uJdram
OverheadWarmup  10: 18944 op, 68816.00 ns, 3.6326 ns/op, 0.00 uJpkg, 0.00 uJdram

OverheadActual   1: 18944 op, 66354.00 ns, 3.5026 ns/op, 0.00 uJpkg, 0.00 uJdram
OverheadActual   2: 18944 op, 70251.00 ns, 3.7084 ns/op, 0.00 uJpkg, 0.00 uJdram
OverheadActual   3: 18944 op, 71401.00 ns, 3.7691 ns/op, 0.00 uJpkg, 0.00 uJdram
OverheadActual   4: 18944 op, 66371.00 ns, 3.5035 ns/op, 0.00 uJpkg, 0.00 uJdram
OverheadActual   5: 18944 op, 66006.00 ns, 3.4843 ns/op, 0.00 uJpkg, 0.00 uJdram
OverheadActual   6: 18944 op, 66017.00 ns, 3.4849 ns/op, 0.00 uJpkg, 0.00 uJdram
OverheadActual   7: 18944 op, 66010.00 ns, 3.4845 ns/op, 0.00 uJpkg, 0.00 uJdram
OverheadActual   8: 18944 op, 66384.00 ns, 3.5042 ns/op, 112549.00 uJpkg, 0.00 uJdram
OverheadActual   9: 18944 op, 66002.00 ns, 3.4841 ns/op, 0.00 uJpkg, 0.00 uJdram
OverheadActual  10: 18944 op, 66008.00 ns, 3.4844 ns/op, 0.00 uJpkg, 0.00 uJdram
OverheadActual  11: 18944 op, 66321.00 ns, 3.5009 ns/op, 0.00 uJpkg, 0.00 uJdram
OverheadActual  12: 18944 op, 66003.00 ns, 3.4841 ns/op, 0.00 uJpkg, 0.00 uJdram
OverheadActual  13: 18944 op, 66015.00 ns, 3.4847 ns/op, 0.00 uJpkg, 0.00 uJdram
OverheadActual  14: 18944 op, 66007.00 ns, 3.4843 ns/op, 0.00 uJpkg, 0.00 uJdram
OverheadActual  15: 18944 op, 66387.00 ns, 3.5044 ns/op, 0.00 uJpkg, 0.00 uJdram

WorkloadWarmup   1: 18944 op, 1003318976.00 ns, 52.9624 us/op, 87962970.00 uJpkg, 0.00 uJdram
WorkloadWarmup   2: 18944 op, 1002629372.00 ns, 52.9260 us/op, 85126491.00 uJpkg, 0.00 uJdram
WorkloadWarmup   3: 18944 op, 1000820722.00 ns, 52.8305 us/op, 85202601.00 uJpkg, 0.00 uJdram
WorkloadWarmup   4: 18944 op, 999954554.00 ns, 52.7848 us/op, 84938625.00 uJpkg, 0.00 uJdram
WorkloadWarmup   5: 18944 op, 999704935.00 ns, 52.7716 us/op, 84927883.00 uJpkg, 0.00 uJdram
WorkloadWarmup   6: 18944 op, 999682950.00 ns, 52.7704 us/op, 85103297.00 uJpkg, 0.00 uJdram

// BeforeActualRun
WorkloadActual   1: 18944 op, 1000815486.00 ns, 52.8302 us/op, 84784817.00 uJpkg, 0.00 uJdram
WorkloadActual   2: 18944 op, 1002156837.00 ns, 52.9010 us/op, 84764859.00 uJpkg, 0.00 uJdram
WorkloadActual   3: 18944 op, 1001906336.00 ns, 52.8878 us/op, 85329616.00 uJpkg, 0.00 uJdram
WorkloadActual   4: 18944 op, 1001785642.00 ns, 52.8814 us/op, 84883327.00 uJpkg, 0.00 uJdram
WorkloadActual   5: 18944 op, 1001698710.00 ns, 52.8768 us/op, 85144435.00 uJpkg, 0.00 uJdram
WorkloadActual   6: 18944 op, 1001129511.00 ns, 52.8468 us/op, 85066067.00 uJpkg, 0.00 uJdram
WorkloadActual   7: 18944 op, 1001344927.00 ns, 52.8582 us/op, 85334681.00 uJpkg, 0.00 uJdram
WorkloadActual   8: 18944 op, 1000225623.00 ns, 52.7991 us/op, 84764614.00 uJpkg, 0.00 uJdram
WorkloadActual   9: 18944 op, 999134739.00 ns, 52.7415 us/op, 85078395.00 uJpkg, 0.00 uJdram
WorkloadActual  10: 18944 op, 1000321998.00 ns, 52.8042 us/op, 85724634.00 uJpkg, 0.00 uJdram
WorkloadActual  11: 18944 op, 999950055.00 ns, 52.7845 us/op, 85279933.00 uJpkg, 0.00 uJdram
WorkloadActual  12: 18944 op, 999836136.00 ns, 52.7785 us/op, 84853482.00 uJpkg, 0.00 uJdram
WorkloadActual  13: 18944 op, 999077543.00 ns, 52.7385 us/op, 85221461.00 uJpkg, 0.00 uJdram
WorkloadActual  14: 18944 op, 1000216297.00 ns, 52.7986 us/op, 85072597.00 uJpkg, 0.00 uJdram
WorkloadActual  15: 18944 op, 999852552.00 ns, 52.7794 us/op, 84987942.00 uJpkg, 0.00 uJdram

// AfterActualRun
WorkloadResult   1: 18944 op, 1000749469.00 ns, 52.8267 us/op, 84784817.00 uJpkg, 0.00 uJdram
WorkloadResult   2: 18944 op, 1002090820.00 ns, 52.8975 us/op, 84764859.00 uJpkg, 0.00 uJdram
WorkloadResult   3: 18944 op, 1001840319.00 ns, 52.8843 us/op, 85329616.00 uJpkg, 0.00 uJdram
WorkloadResult   4: 18944 op, 1001719625.00 ns, 52.8779 us/op, 84883327.00 uJpkg, 0.00 uJdram
WorkloadResult   5: 18944 op, 1001632693.00 ns, 52.8733 us/op, 85144435.00 uJpkg, 0.00 uJdram
WorkloadResult   6: 18944 op, 1001063494.00 ns, 52.8433 us/op, 85066067.00 uJpkg, 0.00 uJdram
WorkloadResult   7: 18944 op, 1001278910.00 ns, 52.8547 us/op, 85334681.00 uJpkg, 0.00 uJdram
WorkloadResult   8: 18944 op, 1000159606.00 ns, 52.7956 us/op, 84764614.00 uJpkg, 0.00 uJdram
WorkloadResult   9: 18944 op, 999068722.00 ns, 52.7380 us/op, 85078395.00 uJpkg, 0.00 uJdram
WorkloadResult  10: 18944 op, 1000255981.00 ns, 52.8007 us/op, 85724634.00 uJpkg, 0.00 uJdram
WorkloadResult  11: 18944 op, 999884038.00 ns, 52.7810 us/op, 85279933.00 uJpkg, 0.00 uJdram
WorkloadResult  12: 18944 op, 999770119.00 ns, 52.7750 us/op, 84853482.00 uJpkg, 0.00 uJdram
WorkloadResult  13: 18944 op, 999011526.00 ns, 52.7350 us/op, 85221461.00 uJpkg, 0.00 uJdram
WorkloadResult  14: 18944 op, 1000150280.00 ns, 52.7951 us/op, 85072597.00 uJpkg, 0.00 uJdram
WorkloadResult  15: 18944 op, 999786535.00 ns, 52.7759 us/op, 84987942.00 uJpkg, 0.00 uJdram

// AfterAll
// Benchmark Process 4057581 has exited with code 0.

Mean = 52.817 μs, StdErr = 0.014 μs (0.03%), N = 15, StdDev = 0.053 μs
Min = 52.735 μs, Q1 = 52.778 μs, Median = 52.801 μs, Q3 = 52.864 μs, Max = 52.898 μs
IQR = 0.086 μs, LowerFence = 52.650 μs, UpperFence = 52.992 μs
ConfidenceInterval = [52.760 μs; 52.873 μs] (CI 99.9%), Margin = 0.056 μs (0.11% of Mean)
Skewness = 0.02, Kurtosis = 1.56, MValue = 2

// ** Remained 24 (80.0%) benchmark(s) to run. Estimated finish 2025-12-31 19:53 (0h 10m from now) **
// **************************
// Benchmark: JsonSerializationBenchmarks.Newtonsoft_Deserialize_Medium: Overhead-Fixed-Energy-5(OutlierMode=DontRemove, IterationCount=15, IterationTime=1s, LaunchCount=1, WarmupCount=6)
// *** Execute ***
// Launch: 1 / 1
// Execute: dotnet Serialization.Bench-Overhead-Fixed-Energy-5-1.dll --anonymousPipes 103 104 --benchmarkName Serialization.Bench.JsonSerializationBenchmarks.Newtonsoft_Deserialize_Medium --job Overhead-Fixed-Energy-5 --benchmarkId 6 in /home/test/rapl-tests/lib-energy-bench/src/Serialization.Bench/bin/Release/net8.0/Serialization.Bench-Overhead-Fixed-Energy-5-1/bin/Release/net8.0
// BeforeAnythingElse

// Benchmark Process Environment Information:
// BenchmarkDotNet v0.15.5-develop (2025-12-31)
// Runtime=.NET 8.0.21 (8.0.21, 8.0.2125.47513), X64 RyuJIT x86-64-v4
// GC=Concurrent Workstation
// HardwareIntrinsics=AVX512 IFMA+VBMI,AVX512 F+BW+CD+DQ+VL,AVX2+BMI1+BMI2+F16C+FMA+LZCNT+MOVBE,AVX,SSE3+SSSE3+SSE4.1+SSE4.2+POPCNT,X86Base+SSE+SSE2,AES+PCLMUL VectorSize=256
// Job: Overhead-Fixed-Energy-5(OutlierMode=DontRemove, IterationCount=15, IterationTime=1s, LaunchCount=1, WarmupCount=6)

OverheadJitting  1: 1 op, 142895.00 ns, 142.8950 us/op, 0.00 uJpkg, 0.00 uJdram
WorkloadJitting  1: 1 op, 53293130.00 ns, 53.2931 ms/op, 3323233.00 uJpkg, 0.00 uJdram

OverheadJitting  2: 16 op, 391075.00 ns, 24.4422 us/op, 0.00 uJpkg, 0.00 uJdram
WorkloadJitting  2: 16 op, 5626470.00 ns, 351.6544 us/op, 410827.00 uJpkg, 0.00 uJdram

WorkloadPilot    1: 16 op, 5055341.00 ns, 315.9588 us/op, 337341.00 uJpkg, 0.00 uJdram
WorkloadPilot    2: 3168 op, 448538570.00 ns, 141.5841 us/op, 38110071.00 uJpkg, 0.00 uJdram
WorkloadPilot    3: 7072 op, 470043409.00 ns, 66.4654 us/op, 40200458.00 uJpkg, 0.00 uJdram
WorkloadPilot    4: 15056 op, 995865479.00 ns, 66.1441 us/op, 84408658.00 uJpkg, 0.00 uJdram
WorkloadPilot    5: 15120 op, 998157646.00 ns, 66.0157 us/op, 85015530.00 uJpkg, 0.00 uJdram
WorkloadPilot    6: 15152 op, 998514733.00 ns, 65.8999 us/op, 85523279.00 uJpkg, 0.00 uJdram
WorkloadPilot    7: 15184 op, 1003567905.00 ns, 66.0938 us/op, 86177148.00 uJpkg, 0.00 uJdram
WorkloadPilot    8: 15136 op, 1003339607.00 ns, 66.2883 us/op, 86812277.00 uJpkg, 0.00 uJdram
WorkloadPilot    9: 15088 op, 998908040.00 ns, 66.2055 us/op, 85873010.00 uJpkg, 0.00 uJdram
WorkloadPilot   10: 15104 op, 997416294.00 ns, 66.0366 us/op, 86496239.00 uJpkg, 0.00 uJdram
WorkloadPilot   11: 15152 op, 998789915.00 ns, 65.9180 us/op, 85492762.00 uJpkg, 0.00 uJdram
WorkloadPilot   12: 15184 op, 1005820320.00 ns, 66.2421 us/op, 86370750.00 uJpkg, 0.00 uJdram

OverheadWarmup   1: 15184 op, 52487.00 ns, 3.4567 ns/op, 0.00 uJpkg, 0.00 uJdram
OverheadWarmup   2: 15184 op, 52931.00 ns, 3.4860 ns/op, 0.00 uJpkg, 0.00 uJdram
OverheadWarmup   3: 15184 op, 55182.00 ns, 3.6342 ns/op, 0.00 uJpkg, 0.00 uJdram
OverheadWarmup   4: 15184 op, 52951.00 ns, 3.4873 ns/op, 0.00 uJpkg, 0.00 uJdram
OverheadWarmup   5: 15184 op, 56249.00 ns, 3.7045 ns/op, 0.00 uJpkg, 0.00 uJdram
OverheadWarmup   6: 15184 op, 55181.00 ns, 3.6342 ns/op, 0.00 uJpkg, 0.00 uJdram

OverheadActual   1: 15184 op, 52960.00 ns, 3.4879 ns/op, 0.00 uJpkg, 0.00 uJdram
OverheadActual   2: 15184 op, 52951.00 ns, 3.4873 ns/op, 0.00 uJpkg, 0.00 uJdram
OverheadActual   3: 15184 op, 53152.00 ns, 3.5005 ns/op, 0.00 uJpkg, 0.00 uJdram
OverheadActual   4: 15184 op, 52948.00 ns, 3.4871 ns/op, 84167.00 uJpkg, 0.00 uJdram
OverheadActual   5: 15184 op, 55201.00 ns, 3.6355 ns/op, 0.00 uJpkg, 0.00 uJdram
OverheadActual   6: 15184 op, 52924.00 ns, 3.4855 ns/op, 0.00 uJpkg, 0.00 uJdram
OverheadActual   7: 15184 op, 53319.00 ns, 3.5115 ns/op, 0.00 uJpkg, 0.00 uJdram
OverheadActual   8: 15184 op, 52927.00 ns, 3.4857 ns/op, 0.00 uJpkg, 0.00 uJdram
OverheadActual   9: 15184 op, 52947.00 ns, 3.4870 ns/op, 0.00 uJpkg, 0.00 uJdram
OverheadActual  10: 15184 op, 55196.00 ns, 3.6351 ns/op, 0.00 uJpkg, 0.00 uJdram
OverheadActual  11: 15184 op, 54282.00 ns, 3.5749 ns/op, 0.00 uJpkg, 0.00 uJdram
OverheadActual  12: 15184 op, 55452.00 ns, 3.6520 ns/op, 0.00 uJpkg, 0.00 uJdram
OverheadActual  13: 15184 op, 52945.00 ns, 3.4869 ns/op, 0.00 uJpkg, 0.00 uJdram
OverheadActual  14: 15184 op, 52927.00 ns, 3.4857 ns/op, 0.00 uJpkg, 0.00 uJdram
OverheadActual  15: 15184 op, 52947.00 ns, 3.4870 ns/op, 0.00 uJpkg, 0.00 uJdram

WorkloadWarmup   1: 15184 op, 1004018852.00 ns, 66.1235 us/op, 88423907.00 uJpkg, 0.00 uJdram
WorkloadWarmup   2: 15184 op, 1015475279.00 ns, 66.8780 us/op, 87073569.00 uJpkg, 0.00 uJdram
WorkloadWarmup   3: 15184 op, 1017744112.00 ns, 67.0274 us/op, 87282796.00 uJpkg, 0.00 uJdram
WorkloadWarmup   4: 15184 op, 1001586727.00 ns, 65.9633 us/op, 85933313.00 uJpkg, 0.00 uJdram
WorkloadWarmup   5: 15184 op, 1000486631.00 ns, 65.8908 us/op, 85962549.00 uJpkg, 0.00 uJdram
WorkloadWarmup   6: 15184 op, 1001834291.00 ns, 65.9796 us/op, 86041711.00 uJpkg, 0.00 uJdram

// BeforeActualRun
WorkloadActual   1: 15184 op, 1003871070.00 ns, 66.1137 us/op, 85646143.00 uJpkg, 0.00 uJdram
WorkloadActual   2: 15184 op, 1003385264.00 ns, 66.0817 us/op, 85342616.00 uJpkg, 0.00 uJdram
WorkloadActual   3: 15184 op, 1009177643.00 ns, 66.4632 us/op, 87005271.00 uJpkg, 0.00 uJdram
WorkloadActual   4: 15184 op, 1009503006.00 ns, 66.4847 us/op, 87181417.00 uJpkg, 0.00 uJdram
WorkloadActual   5: 15184 op, 1007581137.00 ns, 66.3581 us/op, 86355919.00 uJpkg, 0.00 uJdram
WorkloadActual   6: 15184 op, 1003183476.00 ns, 66.0685 us/op, 86172265.00 uJpkg, 0.00 uJdram
WorkloadActual   7: 15184 op, 1003592578.00 ns, 66.0954 us/op, 86168358.00 uJpkg, 0.00 uJdram
WorkloadActual   8: 15184 op, 1013869896.00 ns, 66.7723 us/op, 86719443.00 uJpkg, 0.00 uJdram
WorkloadActual   9: 15184 op, 1006407493.00 ns, 66.2808 us/op, 86525413.00 uJpkg, 0.00 uJdram
WorkloadActual  10: 15184 op, 1006671886.00 ns, 66.2982 us/op, 87813374.00 uJpkg, 0.00 uJdram
WorkloadActual  11: 15184 op, 1009156905.00 ns, 66.4619 us/op, 86767539.00 uJpkg, 0.00 uJdram
WorkloadActual  12: 15184 op, 1016106548.00 ns, 66.9196 us/op, 87318258.00 uJpkg, 0.00 uJdram
WorkloadActual  13: 15184 op, 1009535443.00 ns, 66.4868 us/op, 86516135.00 uJpkg, 0.00 uJdram
WorkloadActual  14: 15184 op, 1013098402.00 ns, 66.7214 us/op, 87142111.00 uJpkg, 0.00 uJdram
WorkloadActual  15: 15184 op, 1011875978.00 ns, 66.6409 us/op, 87043295.00 uJpkg, 0.00 uJdram

// AfterActualRun
WorkloadResult   1: 15184 op, 1003818119.00 ns, 66.1103 us/op, 85646143.00 uJpkg, 0.00 uJdram
WorkloadResult   2: 15184 op, 1003332313.00 ns, 66.0783 us/op, 85342616.00 uJpkg, 0.00 uJdram
WorkloadResult   3: 15184 op, 1009124692.00 ns, 66.4597 us/op, 87005271.00 uJpkg, 0.00 uJdram
WorkloadResult   4: 15184 op, 1009450055.00 ns, 66.4812 us/op, 87181417.00 uJpkg, 0.00 uJdram
WorkloadResult   5: 15184 op, 1007528186.00 ns, 66.3546 us/op, 86355919.00 uJpkg, 0.00 uJdram
WorkloadResult   6: 15184 op, 1003130525.00 ns, 66.0650 us/op, 86172265.00 uJpkg, 0.00 uJdram
WorkloadResult   7: 15184 op, 1003539627.00 ns, 66.0919 us/op, 86168358.00 uJpkg, 0.00 uJdram
WorkloadResult   8: 15184 op, 1013816945.00 ns, 66.7688 us/op, 86719443.00 uJpkg, 0.00 uJdram
WorkloadResult   9: 15184 op, 1006354542.00 ns, 66.2773 us/op, 86525413.00 uJpkg, 0.00 uJdram
WorkloadResult  10: 15184 op, 1006618935.00 ns, 66.2947 us/op, 87813374.00 uJpkg, 0.00 uJdram
WorkloadResult  11: 15184 op, 1009103954.00 ns, 66.4584 us/op, 86767539.00 uJpkg, 0.00 uJdram
WorkloadResult  12: 15184 op, 1016053597.00 ns, 66.9161 us/op, 87318258.00 uJpkg, 0.00 uJdram
WorkloadResult  13: 15184 op, 1009482492.00 ns, 66.4833 us/op, 86516135.00 uJpkg, 0.00 uJdram
WorkloadResult  14: 15184 op, 1013045451.00 ns, 66.7180 us/op, 87142111.00 uJpkg, 0.00 uJdram
WorkloadResult  15: 15184 op, 1011823027.00 ns, 66.6374 us/op, 87043295.00 uJpkg, 0.00 uJdram

// AfterAll
// Benchmark Process 4057597 has exited with code 0.

Mean = 66.413 μs, StdErr = 0.069 μs (0.10%), N = 15, StdDev = 0.267 μs
Min = 66.065 μs, Q1 = 66.194 μs, Median = 66.458 μs, Q3 = 66.560 μs, Max = 66.916 μs
IQR = 0.367 μs, LowerFence = 65.644 μs, UpperFence = 67.110 μs
ConfidenceInterval = [66.127 μs; 66.699 μs] (CI 99.9%), Margin = 0.286 μs (0.43% of Mean)
Skewness = 0.24, Kurtosis = 1.8, MValue = 2

// ** Remained 23 (76.7%) benchmark(s) to run. Estimated finish 2025-12-31 19:54 (0h 10m from now) **
// **************************
// Benchmark: JsonSerializationBenchmarks.Jil_Deserialize_Medium: Overhead-Fixed-Energy-5(OutlierMode=DontRemove, IterationCount=15, IterationTime=1s, LaunchCount=1, WarmupCount=6)
// *** Execute ***
// Launch: 1 / 1
// Execute: dotnet Serialization.Bench-Overhead-Fixed-Energy-5-1.dll --anonymousPipes 103 104 --benchmarkName Serialization.Bench.JsonSerializationBenchmarks.Jil_Deserialize_Medium --job Overhead-Fixed-Energy-5 --benchmarkId 7 in /home/test/rapl-tests/lib-energy-bench/src/Serialization.Bench/bin/Release/net8.0/Serialization.Bench-Overhead-Fixed-Energy-5-1/bin/Release/net8.0
// BeforeAnythingElse

// Benchmark Process Environment Information:
// BenchmarkDotNet v0.15.5-develop (2025-12-31)
// Runtime=.NET 8.0.21 (8.0.21, 8.0.2125.47513), X64 RyuJIT x86-64-v4
// GC=Concurrent Workstation
// HardwareIntrinsics=AVX512 IFMA+VBMI,AVX512 F+BW+CD+DQ+VL,AVX2+BMI1+BMI2+F16C+FMA+LZCNT+MOVBE,AVX,SSE3+SSSE3+SSE4.1+SSE4.2+POPCNT,X86Base+SSE+SSE2,AES+PCLMUL VectorSize=256
// Job: Overhead-Fixed-Energy-5(OutlierMode=DontRemove, IterationCount=15, IterationTime=1s, LaunchCount=1, WarmupCount=6)

OverheadJitting  1: 1 op, 140915.00 ns, 140.9150 us/op, 0.00 uJpkg, 0.00 uJdram
WorkloadJitting  1: 1 op, 199498642.00 ns, 199.4986 ms/op, 13023954.00 uJpkg, 0.00 uJdram

WorkloadPilot    1: 4 op, 814482.00 ns, 203.6205 us/op, 77270.00 uJpkg, 0.00 uJdram
WorkloadPilot    2: 4911 op, 373119032.00 ns, 75.9762 us/op, 29201952.00 uJpkg, 0.00 uJdram
WorkloadPilot    3: 13162 op, 729561458.00 ns, 55.4294 us/op, 59216707.00 uJpkg, 0.00 uJdram
WorkloadPilot    4: 18041 op, 998022198.00 ns, 55.3197 us/op, 81568395.00 uJpkg, 0.00 uJdram
WorkloadPilot    5: 18077 op, 999171143.00 ns, 55.2731 us/op, 81653966.00 uJpkg, 0.00 uJdram
WorkloadPilot    6: 18092 op, 1003797754.00 ns, 55.4830 us/op, 81972507.00 uJpkg, 0.00 uJdram
WorkloadPilot    7: 18024 op, 998286160.00 ns, 55.3865 us/op, 81674046.00 uJpkg, 0.00 uJdram
WorkloadPilot    8: 18055 op, 999570955.00 ns, 55.3626 us/op, 81252478.00 uJpkg, 0.00 uJdram
WorkloadPilot    9: 18063 op, 1000396272.00 ns, 55.3837 us/op, 81284215.00 uJpkg, 0.00 uJdram
WorkloadPilot   10: 18056 op, 1002641965.00 ns, 55.5296 us/op, 82449374.00 uJpkg, 0.00 uJdram

WorkloadWarmup   1: 18056 op, 999781191.00 ns, 55.3711 us/op, 81707066.00 uJpkg, 0.00 uJdram
WorkloadWarmup   2: 18056 op, 1000453627.00 ns, 55.4084 us/op, 82006687.00 uJpkg, 0.00 uJdram
WorkloadWarmup   3: 18056 op, 1000057140.00 ns, 55.3864 us/op, 82084812.00 uJpkg, 0.00 uJdram
WorkloadWarmup   4: 18056 op, 1001073258.00 ns, 55.4427 us/op, 81739293.00 uJpkg, 0.00 uJdram
WorkloadWarmup   5: 18056 op, 1000501210.00 ns, 55.4110 us/op, 82243014.00 uJpkg, 0.00 uJdram
WorkloadWarmup   6: 18056 op, 999703120.00 ns, 55.3668 us/op, 81823337.00 uJpkg, 0.00 uJdram

// BeforeActualRun
WorkloadActual   1: 18056 op, 1001586913.00 ns, 55.4711 us/op, 82610384.00 uJpkg, 0.00 uJdram
WorkloadActual   2: 18056 op, 999834486.00 ns, 55.3741 us/op, 82103183.00 uJpkg, 0.00 uJdram
WorkloadActual   3: 18056 op, 999110504.00 ns, 55.3340 us/op, 81142492.00 uJpkg, 0.00 uJdram
WorkloadActual   4: 18056 op, 999110779.00 ns, 55.3340 us/op, 81285498.00 uJpkg, 0.00 uJdram
WorkloadActual   5: 18056 op, 997302983.00 ns, 55.2339 us/op, 80920325.00 uJpkg, 0.00 uJdram
WorkloadActual   6: 18056 op, 997964396.00 ns, 55.2705 us/op, 81280188.00 uJpkg, 0.00 uJdram
WorkloadActual   7: 18056 op, 993621775.00 ns, 55.0300 us/op, 80074319.00 uJpkg, 0.00 uJdram
WorkloadActual   8: 18056 op, 996597068.00 ns, 55.1948 us/op, 80472450.00 uJpkg, 0.00 uJdram
WorkloadActual   9: 18056 op, 994293237.00 ns, 55.0672 us/op, 80975928.00 uJpkg, 0.00 uJdram
WorkloadActual  10: 18056 op, 995770719.00 ns, 55.1490 us/op, 81443273.00 uJpkg, 0.00 uJdram
WorkloadActual  11: 18056 op, 997774479.00 ns, 55.2600 us/op, 81516332.00 uJpkg, 0.00 uJdram
WorkloadActual  12: 18056 op, 996387363.00 ns, 55.1832 us/op, 81064245.00 uJpkg, 0.00 uJdram
WorkloadActual  13: 18056 op, 995806153.00 ns, 55.1510 us/op, 80922156.00 uJpkg, 0.00 uJdram
WorkloadActual  14: 18056 op, 996313536.00 ns, 55.1791 us/op, 81068396.00 uJpkg, 0.00 uJdram
WorkloadActual  15: 18056 op, 996955800.00 ns, 55.2147 us/op, 81295874.00 uJpkg, 0.00 uJdram

// AfterActualRun
WorkloadResult   1: 18056 op, 1001586913.00 ns, 55.4711 us/op, 82610384.00 uJpkg, 0.00 uJdram
WorkloadResult   2: 18056 op, 999834486.00 ns, 55.3741 us/op, 82103183.00 uJpkg, 0.00 uJdram
WorkloadResult   3: 18056 op, 999110504.00 ns, 55.3340 us/op, 81142492.00 uJpkg, 0.00 uJdram
WorkloadResult   4: 18056 op, 999110779.00 ns, 55.3340 us/op, 81285498.00 uJpkg, 0.00 uJdram
WorkloadResult   5: 18056 op, 997302983.00 ns, 55.2339 us/op, 80920325.00 uJpkg, 0.00 uJdram
WorkloadResult   6: 18056 op, 997964396.00 ns, 55.2705 us/op, 81280188.00 uJpkg, 0.00 uJdram
WorkloadResult   7: 18056 op, 993621775.00 ns, 55.0300 us/op, 80074319.00 uJpkg, 0.00 uJdram
WorkloadResult   8: 18056 op, 996597068.00 ns, 55.1948 us/op, 80472450.00 uJpkg, 0.00 uJdram
WorkloadResult   9: 18056 op, 994293237.00 ns, 55.0672 us/op, 80975928.00 uJpkg, 0.00 uJdram
WorkloadResult  10: 18056 op, 995770719.00 ns, 55.1490 us/op, 81443273.00 uJpkg, 0.00 uJdram
WorkloadResult  11: 18056 op, 997774479.00 ns, 55.2600 us/op, 81516332.00 uJpkg, 0.00 uJdram
WorkloadResult  12: 18056 op, 996387363.00 ns, 55.1832 us/op, 81064245.00 uJpkg, 0.00 uJdram
WorkloadResult  13: 18056 op, 995806153.00 ns, 55.1510 us/op, 80922156.00 uJpkg, 0.00 uJdram
WorkloadResult  14: 18056 op, 996313536.00 ns, 55.1791 us/op, 81068396.00 uJpkg, 0.00 uJdram
WorkloadResult  15: 18056 op, 996955800.00 ns, 55.2147 us/op, 81295874.00 uJpkg, 0.00 uJdram

// AfterAll
// Benchmark Process 4057615 has exited with code 0.

Mean = 55.230 μs, StdErr = 0.030 μs (0.05%), N = 15, StdDev = 0.116 μs
Min = 55.030 μs, Q1 = 55.165 μs, Median = 55.215 μs, Q3 = 55.302 μs, Max = 55.471 μs
IQR = 0.137 μs, LowerFence = 54.959 μs, UpperFence = 55.508 μs
ConfidenceInterval = [55.106 μs; 55.354 μs] (CI 99.9%), Margin = 0.124 μs (0.22% of Mean)
Skewness = 0.25, Kurtosis = 2.37, MValue = 2

// ** Remained 22 (73.3%) benchmark(s) to run. Estimated finish 2025-12-31 19:54 (0h 10m from now) **
// **************************
// Benchmark: JsonSerializationBenchmarks.Utf8Json_Deserialize_Medium: Overhead-Fixed-Energy-5(OutlierMode=DontRemove, IterationCount=15, IterationTime=1s, LaunchCount=1, WarmupCount=6)
// *** Execute ***
// Launch: 1 / 1
// Execute: dotnet Serialization.Bench-Overhead-Fixed-Energy-5-1.dll --anonymousPipes 103 104 --benchmarkName Serialization.Bench.JsonSerializationBenchmarks.Utf8Json_Deserialize_Medium --job Overhead-Fixed-Energy-5 --benchmarkId 8 in /home/test/rapl-tests/lib-energy-bench/src/Serialization.Bench/bin/Release/net8.0/Serialization.Bench-Overhead-Fixed-Energy-5-1/bin/Release/net8.0
// BeforeAnythingElse

// Benchmark Process Environment Information:
// BenchmarkDotNet v0.15.5-develop (2025-12-31)
// Runtime=.NET 8.0.21 (8.0.21, 8.0.2125.47513), X64 RyuJIT x86-64-v4
// GC=Concurrent Workstation
// HardwareIntrinsics=AVX512 IFMA+VBMI,AVX512 F+BW+CD+DQ+VL,AVX2+BMI1+BMI2+F16C+FMA+LZCNT+MOVBE,AVX,SSE3+SSSE3+SSE4.1+SSE4.2+POPCNT,X86Base+SSE+SSE2,AES+PCLMUL VectorSize=256
// Job: Overhead-Fixed-Energy-5(OutlierMode=DontRemove, IterationCount=15, IterationTime=1s, LaunchCount=1, WarmupCount=6)

OverheadJitting  1: 1 op, 140629.00 ns, 140.6290 us/op, 0.00 uJpkg, 0.00 uJdram
WorkloadJitting  1: 1 op, 55653421.00 ns, 55.6534 ms/op, 3483634.00 uJpkg, 0.00 uJdram

OverheadJitting  2: 16 op, 401917.00 ns, 25.1198 us/op, 72388.00 uJpkg, 0.00 uJdram
WorkloadJitting  2: 16 op, 4756852.00 ns, 297.3033 us/op, 349609.00 uJpkg, 0.00 uJdram

WorkloadPilot    1: 16 op, 4020016.00 ns, 251.2510 us/op, 272155.00 uJpkg, 0.00 uJdram
WorkloadPilot    2: 3984 op, 703179025.00 ns, 176.5008 us/op, 62449425.00 uJpkg, 0.00 uJdram
WorkloadPilot    3: 5680 op, 354122030.00 ns, 62.3454 us/op, 30101303.00 uJpkg, 0.00 uJdram
WorkloadPilot    4: 16048 op, 994442646.00 ns, 61.9668 us/op, 83905120.00 uJpkg, 0.00 uJdram
WorkloadPilot    5: 16144 op, 1001295828.00 ns, 62.0228 us/op, 84462430.00 uJpkg, 0.00 uJdram
WorkloadPilot    6: 16128 op, 1001228803.00 ns, 62.0802 us/op, 84326872.00 uJpkg, 0.00 uJdram
WorkloadPilot    7: 16112 op, 1003020580.00 ns, 62.2530 us/op, 84126005.00 uJpkg, 0.00 uJdram

OverheadWarmup   1: 16112 op, 56397.00 ns, 3.5003 ns/op, 61280.00 uJpkg, 0.00 uJdram
OverheadWarmup   2: 16112 op, 55997.00 ns, 3.4755 ns/op, 0.00 uJpkg, 0.00 uJdram
OverheadWarmup   3: 16112 op, 55983.00 ns, 3.4746 ns/op, 0.00 uJpkg, 0.00 uJdram
OverheadWarmup   4: 16112 op, 55977.00 ns, 3.4742 ns/op, 0.00 uJpkg, 0.00 uJdram
OverheadWarmup   5: 16112 op, 56129.00 ns, 3.4837 ns/op, 0.00 uJpkg, 0.00 uJdram
OverheadWarmup   6: 16112 op, 57009.00 ns, 3.5383 ns/op, 0.00 uJpkg, 0.00 uJdram
OverheadWarmup   7: 16112 op, 55985.00 ns, 3.4747 ns/op, 0.00 uJpkg, 0.00 uJdram
OverheadWarmup   8: 16112 op, 55982.00 ns, 3.4746 ns/op, 59143.00 uJpkg, 0.00 uJdram
OverheadWarmup   9: 16112 op, 56389.00 ns, 3.4998 ns/op, 0.00 uJpkg, 0.00 uJdram
OverheadWarmup  10: 16112 op, 56005.00 ns, 3.4760 ns/op, 0.00 uJpkg, 0.00 uJdram

OverheadActual   1: 16112 op, 66895.00 ns, 4.1519 ns/op, 52491.00 uJpkg, 0.00 uJdram
OverheadActual   2: 16112 op, 76176.00 ns, 4.7279 ns/op, 0.00 uJpkg, 0.00 uJdram
OverheadActual   3: 16112 op, 57548.00 ns, 3.5717 ns/op, 0.00 uJpkg, 0.00 uJdram
OverheadActual   4: 16112 op, 55971.00 ns, 3.4739 ns/op, 0.00 uJpkg, 0.00 uJdram
OverheadActual   5: 16112 op, 55963.00 ns, 3.4734 ns/op, 0.00 uJpkg, 0.00 uJdram
OverheadActual   6: 16112 op, 58483.00 ns, 3.6298 ns/op, 0.00 uJpkg, 0.00 uJdram
OverheadActual   7: 16112 op, 56357.00 ns, 3.4978 ns/op, 0.00 uJpkg, 0.00 uJdram
OverheadActual   8: 16112 op, 55963.00 ns, 3.4734 ns/op, 0.00 uJpkg, 0.00 uJdram
OverheadActual   9: 16112 op, 55980.00 ns, 3.4744 ns/op, 72510.00 uJpkg, 0.00 uJdram
OverheadActual  10: 16112 op, 55967.00 ns, 3.4736 ns/op, 0.00 uJpkg, 0.00 uJdram
OverheadActual  11: 16112 op, 56327.00 ns, 3.4960 ns/op, 0.00 uJpkg, 0.00 uJdram
OverheadActual  12: 16112 op, 56007.00 ns, 3.4761 ns/op, 0.00 uJpkg, 0.00 uJdram
OverheadActual  13: 16112 op, 55962.00 ns, 3.4733 ns/op, 0.00 uJpkg, 0.00 uJdram
OverheadActual  14: 16112 op, 55980.00 ns, 3.4744 ns/op, 68970.00 uJpkg, 0.00 uJdram
OverheadActual  15: 16112 op, 56202.00 ns, 3.4882 ns/op, 0.00 uJpkg, 0.00 uJdram
OverheadActual  16: 16112 op, 55969.00 ns, 3.4737 ns/op, 0.00 uJpkg, 0.00 uJdram
OverheadActual  17: 16112 op, 56004.00 ns, 3.4759 ns/op, 0.00 uJpkg, 0.00 uJdram
OverheadActual  18: 16112 op, 55957.00 ns, 3.4730 ns/op, 0.00 uJpkg, 0.00 uJdram
OverheadActual  19: 16112 op, 56322.00 ns, 3.4957 ns/op, 0.00 uJpkg, 0.00 uJdram
OverheadActual  20: 16112 op, 55975.00 ns, 3.4741 ns/op, 99793.00 uJpkg, 0.00 uJdram

WorkloadWarmup   1: 16112 op, 1001875104.00 ns, 62.1819 us/op, 86636497.00 uJpkg, 0.00 uJdram
WorkloadWarmup   2: 16112 op, 999047868.00 ns, 62.0064 us/op, 83598236.00 uJpkg, 0.00 uJdram
WorkloadWarmup   3: 16112 op, 999867636.00 ns, 62.0573 us/op, 84313810.00 uJpkg, 0.00 uJdram
WorkloadWarmup   4: 16112 op, 997937324.00 ns, 61.9375 us/op, 84433011.00 uJpkg, 0.00 uJdram
WorkloadWarmup   5: 16112 op, 999637023.00 ns, 62.0430 us/op, 84164335.00 uJpkg, 0.00 uJdram
WorkloadWarmup   6: 16112 op, 998137407.00 ns, 61.9499 us/op, 84459806.00 uJpkg, 0.00 uJdram

// BeforeActualRun
WorkloadActual   1: 16112 op, 999765334.00 ns, 62.0510 us/op, 84659878.00 uJpkg, 0.00 uJdram
WorkloadActual   2: 16112 op, 997424010.00 ns, 61.9057 us/op, 84028044.00 uJpkg, 0.00 uJdram
WorkloadActual   3: 16112 op, 1000409849.00 ns, 62.0910 us/op, 85174525.00 uJpkg, 0.00 uJdram
WorkloadActual   4: 16112 op, 998226969.00 ns, 61.9555 us/op, 83607452.00 uJpkg, 0.00 uJdram
WorkloadActual   5: 16112 op, 999575713.00 ns, 62.0392 us/op, 83991301.00 uJpkg, 0.00 uJdram
WorkloadActual   6: 16112 op, 998122603.00 ns, 61.9490 us/op, 83371063.00 uJpkg, 0.00 uJdram
WorkloadActual   7: 16112 op, 999345614.00 ns, 62.0249 us/op, 83736480.00 uJpkg, 0.00 uJdram
WorkloadActual   8: 16112 op, 997406742.00 ns, 61.9046 us/op, 83466888.00 uJpkg, 0.00 uJdram
WorkloadActual   9: 16112 op, 998745542.00 ns, 61.9877 us/op, 83880523.00 uJpkg, 0.00 uJdram
WorkloadActual  10: 16112 op, 999042981.00 ns, 62.0061 us/op, 84429898.00 uJpkg, 0.00 uJdram
WorkloadActual  11: 16112 op, 999524734.00 ns, 62.0360 us/op, 83542633.00 uJpkg, 0.00 uJdram
WorkloadActual  12: 16112 op, 996984182.00 ns, 61.8784 us/op, 83419831.00 uJpkg, 0.00 uJdram
WorkloadActual  13: 16112 op, 998683970.00 ns, 61.9839 us/op, 84068511.00 uJpkg, 0.00 uJdram
WorkloadActual  14: 16112 op, 997886765.00 ns, 61.9344 us/op, 83923674.00 uJpkg, 0.00 uJdram
WorkloadActual  15: 16112 op, 998467366.00 ns, 61.9704 us/op, 84001494.00 uJpkg, 0.00 uJdram

// AfterActualRun
WorkloadResult   1: 16112 op, 999709342.00 ns, 62.0475 us/op, 84659878.00 uJpkg, 0.00 uJdram
WorkloadResult   2: 16112 op, 997368018.00 ns, 61.9022 us/op, 84028044.00 uJpkg, 0.00 uJdram
WorkloadResult   3: 16112 op, 1000353857.00 ns, 62.0875 us/op, 85174525.00 uJpkg, 0.00 uJdram
WorkloadResult   4: 16112 op, 998170977.00 ns, 61.9520 us/op, 83607452.00 uJpkg, 0.00 uJdram
WorkloadResult   5: 16112 op, 999519721.00 ns, 62.0357 us/op, 83991301.00 uJpkg, 0.00 uJdram
WorkloadResult   6: 16112 op, 998066611.00 ns, 61.9455 us/op, 83371063.00 uJpkg, 0.00 uJdram
WorkloadResult   7: 16112 op, 999289622.00 ns, 62.0215 us/op, 83736480.00 uJpkg, 0.00 uJdram
WorkloadResult   8: 16112 op, 997350750.00 ns, 61.9011 us/op, 83466888.00 uJpkg, 0.00 uJdram
WorkloadResult   9: 16112 op, 998689550.00 ns, 61.9842 us/op, 83880523.00 uJpkg, 0.00 uJdram
WorkloadResult  10: 16112 op, 998986989.00 ns, 62.0027 us/op, 84429898.00 uJpkg, 0.00 uJdram
WorkloadResult  11: 16112 op, 999468742.00 ns, 62.0326 us/op, 83542633.00 uJpkg, 0.00 uJdram
WorkloadResult  12: 16112 op, 996928190.00 ns, 61.8749 us/op, 83419831.00 uJpkg, 0.00 uJdram
WorkloadResult  13: 16112 op, 998627978.00 ns, 61.9804 us/op, 84068511.00 uJpkg, 0.00 uJdram
WorkloadResult  14: 16112 op, 997830773.00 ns, 61.9309 us/op, 83923674.00 uJpkg, 0.00 uJdram
WorkloadResult  15: 16112 op, 998411374.00 ns, 61.9669 us/op, 84001494.00 uJpkg, 0.00 uJdram

// AfterAll
// Benchmark Process 4057633 has exited with code 0.

Mean = 61.978 μs, StdErr = 0.016 μs (0.03%), N = 15, StdDev = 0.061 μs
Min = 61.875 μs, Q1 = 61.938 μs, Median = 61.980 μs, Q3 = 62.027 μs, Max = 62.088 μs
IQR = 0.089 μs, LowerFence = 61.805 μs, UpperFence = 62.160 μs
ConfidenceInterval = [61.913 μs; 62.043 μs] (CI 99.9%), Margin = 0.065 μs (0.11% of Mean)
Skewness = 0, Kurtosis = 1.83, MValue = 2

// ** Remained 21 (70.0%) benchmark(s) to run. Estimated finish 2025-12-31 19:54 (0h 9m from now) **
// **************************
// Benchmark: JsonSerializationBenchmarks.SpanJson_Deserialize_Medium: Overhead-Fixed-Energy-5(OutlierMode=DontRemove, IterationCount=15, IterationTime=1s, LaunchCount=1, WarmupCount=6)
// *** Execute ***
// Launch: 1 / 1
// Execute: dotnet Serialization.Bench-Overhead-Fixed-Energy-5-1.dll --anonymousPipes 103 104 --benchmarkName Serialization.Bench.JsonSerializationBenchmarks.SpanJson_Deserialize_Medium --job Overhead-Fixed-Energy-5 --benchmarkId 9 in /home/test/rapl-tests/lib-energy-bench/src/Serialization.Bench/bin/Release/net8.0/Serialization.Bench-Overhead-Fixed-Energy-5-1/bin/Release/net8.0
// BeforeAnythingElse

// Benchmark Process Environment Information:
// BenchmarkDotNet v0.15.5-develop (2025-12-31)
// Runtime=.NET 8.0.21 (8.0.21, 8.0.2125.47513), X64 RyuJIT x86-64-v4
// GC=Concurrent Workstation
// HardwareIntrinsics=AVX512 IFMA+VBMI,AVX512 F+BW+CD+DQ+VL,AVX2+BMI1+BMI2+F16C+FMA+LZCNT+MOVBE,AVX,SSE3+SSSE3+SSE4.1+SSE4.2+POPCNT,X86Base+SSE+SSE2,AES+PCLMUL VectorSize=256
// Job: Overhead-Fixed-Energy-5(OutlierMode=DontRemove, IterationCount=15, IterationTime=1s, LaunchCount=1, WarmupCount=6)

OverheadJitting  1: 1 op, 149926.00 ns, 149.9260 us/op, 0.00 uJpkg, 0.00 uJdram
WorkloadJitting  1: 1 op, 101032026.00 ns, 101.0320 ms/op, 6628340.00 uJpkg, 0.00 uJdram

WorkloadPilot    1: 4 op, 824410.00 ns, 206.1025 us/op, 73853.00 uJpkg, 0.00 uJdram
WorkloadPilot    2: 4852 op, 309007328.00 ns, 63.6866 us/op, 23726624.00 uJpkg, 0.00 uJdram
WorkloadPilot    3: 15702 op, 642232720.00 ns, 40.9013 us/op, 52376575.00 uJpkg, 0.00 uJdram
WorkloadPilot    4: 24449 op, 1000725730.00 ns, 40.9312 us/op, 82083164.00 uJpkg, 0.00 uJdram
WorkloadPilot    5: 24431 op, 1001032336.00 ns, 40.9739 us/op, 82675325.00 uJpkg, 0.00 uJdram
WorkloadPilot    6: 24406 op, 998870010.00 ns, 40.9272 us/op, 82237644.00 uJpkg, 0.00 uJdram
WorkloadPilot    7: 24434 op, 1003364503.00 ns, 41.0643 us/op, 83080720.00 uJpkg, 0.00 uJdram

WorkloadWarmup   1: 24434 op, 1001615533.00 ns, 40.9927 us/op, 83101227.00 uJpkg, 0.00 uJdram
WorkloadWarmup   2: 24434 op, 999341410.00 ns, 40.8996 us/op, 82542696.00 uJpkg, 0.00 uJdram
WorkloadWarmup   3: 24434 op, 1007092839.00 ns, 41.2169 us/op, 84124052.00 uJpkg, 0.00 uJdram
WorkloadWarmup   4: 24434 op, 1006608315.00 ns, 41.1970 us/op, 83840301.00 uJpkg, 0.00 uJdram
WorkloadWarmup   5: 24434 op, 1001611318.00 ns, 40.9925 us/op, 83347931.00 uJpkg, 0.00 uJdram
WorkloadWarmup   6: 24434 op, 1003751974.00 ns, 41.0801 us/op, 83166169.00 uJpkg, 0.00 uJdram

// BeforeActualRun
WorkloadActual   1: 24434 op, 1001188366.00 ns, 40.9752 us/op, 83043611.00 uJpkg, 0.00 uJdram
WorkloadActual   2: 24434 op, 1001885344.00 ns, 41.0037 us/op, 83089142.00 uJpkg, 0.00 uJdram
WorkloadActual   3: 24434 op, 999890430.00 ns, 40.9221 us/op, 82201816.00 uJpkg, 0.00 uJdram
WorkloadActual   4: 24434 op, 1000581753.00 ns, 40.9504 us/op, 83274078.00 uJpkg, 0.00 uJdram
WorkloadActual   5: 24434 op, 1003575068.00 ns, 41.0729 us/op, 82960115.00 uJpkg, 0.00 uJdram
WorkloadActual   6: 24434 op, 999964715.00 ns, 40.9251 us/op, 82387850.00 uJpkg, 0.00 uJdram
WorkloadActual   7: 24434 op, 1005411787.00 ns, 41.1481 us/op, 82852083.00 uJpkg, 0.00 uJdram
WorkloadActual   8: 24434 op, 999332344.00 ns, 40.8993 us/op, 82665315.00 uJpkg, 0.00 uJdram
WorkloadActual   9: 24434 op, 1002090849.00 ns, 41.0121 us/op, 82758455.00 uJpkg, 0.00 uJdram
WorkloadActual  10: 24434 op, 1010080002.00 ns, 41.3391 us/op, 83277680.00 uJpkg, 0.00 uJdram
WorkloadActual  11: 24434 op, 1001729672.00 ns, 40.9974 us/op, 82889558.00 uJpkg, 0.00 uJdram
WorkloadActual  12: 24434 op, 999655992.00 ns, 40.9125 us/op, 82271274.00 uJpkg, 0.00 uJdram
WorkloadActual  13: 24434 op, 999546632.00 ns, 40.9080 us/op, 82409274.00 uJpkg, 0.00 uJdram
WorkloadActual  14: 24434 op, 999439942.00 ns, 40.9037 us/op, 82181858.00 uJpkg, 0.00 uJdram
WorkloadActual  15: 24434 op, 1000447282.00 ns, 40.9449 us/op, 82540072.00 uJpkg, 0.00 uJdram

// AfterActualRun
WorkloadResult   1: 24434 op, 1001188366.00 ns, 40.9752 us/op, 83043611.00 uJpkg, 0.00 uJdram
WorkloadResult   2: 24434 op, 1001885344.00 ns, 41.0037 us/op, 83089142.00 uJpkg, 0.00 uJdram
WorkloadResult   3: 24434 op, 999890430.00 ns, 40.9221 us/op, 82201816.00 uJpkg, 0.00 uJdram
WorkloadResult   4: 24434 op, 1000581753.00 ns, 40.9504 us/op, 83274078.00 uJpkg, 0.00 uJdram
WorkloadResult   5: 24434 op, 1003575068.00 ns, 41.0729 us/op, 82960115.00 uJpkg, 0.00 uJdram
WorkloadResult   6: 24434 op, 999964715.00 ns, 40.9251 us/op, 82387850.00 uJpkg, 0.00 uJdram
WorkloadResult   7: 24434 op, 1005411787.00 ns, 41.1481 us/op, 82852083.00 uJpkg, 0.00 uJdram
WorkloadResult   8: 24434 op, 999332344.00 ns, 40.8993 us/op, 82665315.00 uJpkg, 0.00 uJdram
WorkloadResult   9: 24434 op, 1002090849.00 ns, 41.0121 us/op, 82758455.00 uJpkg, 0.00 uJdram
WorkloadResult  10: 24434 op, 1010080002.00 ns, 41.3391 us/op, 83277680.00 uJpkg, 0.00 uJdram
WorkloadResult  11: 24434 op, 1001729672.00 ns, 40.9974 us/op, 82889558.00 uJpkg, 0.00 uJdram
WorkloadResult  12: 24434 op, 999655992.00 ns, 40.9125 us/op, 82271274.00 uJpkg, 0.00 uJdram
WorkloadResult  13: 24434 op, 999546632.00 ns, 40.9080 us/op, 82409274.00 uJpkg, 0.00 uJdram
WorkloadResult  14: 24434 op, 999439942.00 ns, 40.9037 us/op, 82181858.00 uJpkg, 0.00 uJdram
WorkloadResult  15: 24434 op, 1000447282.00 ns, 40.9449 us/op, 82540072.00 uJpkg, 0.00 uJdram

// AfterAll
// Benchmark Process 4057650 has exited with code 0.

Mean = 40.994 μs, StdErr = 0.030 μs (0.07%), N = 15, StdDev = 0.118 μs
Min = 40.899 μs, Q1 = 40.917 μs, Median = 40.950 μs, Q3 = 41.008 μs, Max = 41.339 μs
IQR = 0.091 μs, LowerFence = 40.781 μs, UpperFence = 41.144 μs
ConfidenceInterval = [40.868 μs; 41.121 μs] (CI 99.9%), Margin = 0.126 μs (0.31% of Mean)
Skewness = 1.68, Kurtosis = 5.16, MValue = 2

// ** Remained 20 (66.7%) benchmark(s) to run. Estimated finish 2025-12-31 19:54 (0h 9m from now) **
// **************************
// Benchmark: JsonSerializationBenchmarks.STJ_Deserialize_Small: Overhead-Fixed-Energy-5(OutlierMode=DontRemove, IterationCount=15, IterationTime=1s, LaunchCount=1, WarmupCount=6)
// *** Execute ***
// Launch: 1 / 1
// Execute: dotnet Serialization.Bench-Overhead-Fixed-Energy-5-1.dll --anonymousPipes 103 104 --benchmarkName Serialization.Bench.JsonSerializationBenchmarks.STJ_Deserialize_Small --job Overhead-Fixed-Energy-5 --benchmarkId 10 in /home/test/rapl-tests/lib-energy-bench/src/Serialization.Bench/bin/Release/net8.0/Serialization.Bench-Overhead-Fixed-Energy-5-1/bin/Release/net8.0
// BeforeAnythingElse

// Benchmark Process Environment Information:
// BenchmarkDotNet v0.15.5-develop (2025-12-31)
// Runtime=.NET 8.0.21 (8.0.21, 8.0.2125.47513), X64 RyuJIT x86-64-v4
// GC=Concurrent Workstation
// HardwareIntrinsics=AVX512 IFMA+VBMI,AVX512 F+BW+CD+DQ+VL,AVX2+BMI1+BMI2+F16C+FMA+LZCNT+MOVBE,AVX,SSE3+SSSE3+SSE4.1+SSE4.2+POPCNT,X86Base+SSE+SSE2,AES+PCLMUL VectorSize=256
// Job: Overhead-Fixed-Energy-5(OutlierMode=DontRemove, IterationCount=15, IterationTime=1s, LaunchCount=1, WarmupCount=6)

OverheadJitting  1: 1 op, 158409.00 ns, 158.4090 us/op, 57800.00 uJpkg, 0.00 uJdram
WorkloadJitting  1: 1 op, 196267.00 ns, 196.2670 us/op, 0.00 uJpkg, 0.00 uJdram

OverheadJitting  2: 16 op, 395592.00 ns, 24.7245 us/op, 0.00 uJpkg, 0.00 uJdram
WorkloadJitting  2: 16 op, 464638.00 ns, 29.0399 us/op, 74463.00 uJpkg, 0.00 uJdram

WorkloadPilot    1: 16 op, 111641.00 ns, 6.9776 us/op, 0.00 uJpkg, 0.00 uJdram
WorkloadPilot    2: 143328 op, 526525740.00 ns, 3.6736 us/op, 41105485.00 uJpkg, 0.00 uJdram
WorkloadPilot    3: 272224 op, 548453865.00 ns, 2.0147 us/op, 48683347.00 uJpkg, 0.00 uJdram
WorkloadPilot    4: 496352 op, 995947730.00 ns, 2.0065 us/op, 88335284.00 uJpkg, 0.00 uJdram
WorkloadPilot    5: 498384 op, 999254608.00 ns, 2.0050 us/op, 88261737.00 uJpkg, 0.00 uJdram
WorkloadPilot    6: 498768 op, 998862940.00 ns, 2.0027 us/op, 88631670.00 uJpkg, 0.00 uJdram
WorkloadPilot    7: 499344 op, 1004507884.00 ns, 2.0117 us/op, 89589737.00 uJpkg, 0.00 uJdram
WorkloadPilot    8: 497104 op, 995782478.00 ns, 2.0032 us/op, 88443866.00 uJpkg, 0.00 uJdram
WorkloadPilot    9: 499216 op, 998888254.00 ns, 2.0009 us/op, 88862932.00 uJpkg, 0.00 uJdram
WorkloadPilot   10: 499776 op, 1002128349.00 ns, 2.0052 us/op, 90604200.00 uJpkg, 0.00 uJdram
WorkloadPilot   11: 498720 op, 997790779.00 ns, 2.0007 us/op, 89981581.00 uJpkg, 0.00 uJdram
WorkloadPilot   12: 499824 op, 1000999743.00 ns, 2.0027 us/op, 90188673.00 uJpkg, 0.00 uJdram

OverheadWarmup   1: 499824 op, 1705777.00 ns, 3.4128 ns/op, 141723.00 uJpkg, 0.00 uJdram
OverheadWarmup   2: 499824 op, 1705402.00 ns, 3.4120 ns/op, 76965.00 uJpkg, 0.00 uJdram
OverheadWarmup   3: 499824 op, 1711749.00 ns, 3.4247 ns/op, 130005.00 uJpkg, 0.00 uJdram
OverheadWarmup   4: 499824 op, 1718442.00 ns, 3.4381 ns/op, 137939.00 uJpkg, 0.00 uJdram
OverheadWarmup   5: 499824 op, 1723116.00 ns, 3.4474 ns/op, 179687.00 uJpkg, 0.00 uJdram
OverheadWarmup   6: 499824 op, 1728746.00 ns, 3.4587 ns/op, 141723.00 uJpkg, 0.00 uJdram
OverheadWarmup   7: 499824 op, 1715214.00 ns, 3.4316 ns/op, 127564.00 uJpkg, 0.00 uJdram
OverheadWarmup   8: 499824 op, 1742110.00 ns, 3.4854 ns/op, 172912.00 uJpkg, 0.00 uJdram
OverheadWarmup   9: 499824 op, 1721910.00 ns, 3.4450 ns/op, 141785.00 uJpkg, 0.00 uJdram

OverheadActual   1: 499824 op, 1706202.00 ns, 3.4136 ns/op, 98511.00 uJpkg, 0.00 uJdram
OverheadActual   2: 499824 op, 1708207.00 ns, 3.4176 ns/op, 146240.00 uJpkg, 0.00 uJdram
OverheadActual   3: 499824 op, 1705560.00 ns, 3.4123 ns/op, 132263.00 uJpkg, 0.00 uJdram
OverheadActual   4: 499824 op, 1710729.00 ns, 3.4227 ns/op, 139709.00 uJpkg, 0.00 uJdram
OverheadActual   5: 499824 op, 1705925.00 ns, 3.4131 ns/op, 77454.00 uJpkg, 0.00 uJdram
OverheadActual   6: 499824 op, 1715443.00 ns, 3.4321 ns/op, 127258.00 uJpkg, 0.00 uJdram
OverheadActual   7: 499824 op, 1707616.00 ns, 3.4164 ns/op, 162231.00 uJpkg, 0.00 uJdram
OverheadActual   8: 499824 op, 1705994.00 ns, 3.4132 ns/op, 75927.00 uJpkg, 0.00 uJdram
OverheadActual   9: 499824 op, 1710314.00 ns, 3.4218 ns/op, 122985.00 uJpkg, 0.00 uJdram
OverheadActual  10: 499824 op, 1705561.00 ns, 3.4123 ns/op, 72510.00 uJpkg, 0.00 uJdram
OverheadActual  11: 499824 op, 1707437.00 ns, 3.4161 ns/op, 149231.00 uJpkg, 0.00 uJdram
OverheadActual  12: 499824 op, 1712728.00 ns, 3.4267 ns/op, 141357.00 uJpkg, 0.00 uJdram
OverheadActual  13: 499824 op, 1705823.00 ns, 3.4128 ns/op, 73974.00 uJpkg, 0.00 uJdram
OverheadActual  14: 499824 op, 1710861.00 ns, 3.4229 ns/op, 131652.00 uJpkg, 0.00 uJdram
OverheadActual  15: 499824 op, 1706594.00 ns, 3.4144 ns/op, 176330.00 uJpkg, 0.00 uJdram

WorkloadWarmup   1: 499824 op, 1002483706.00 ns, 2.0057 us/op, 92123849.00 uJpkg, 0.00 uJdram
WorkloadWarmup   2: 499824 op, 1008274856.00 ns, 2.0173 us/op, 90685132.00 uJpkg, 0.00 uJdram
WorkloadWarmup   3: 499824 op, 1000090294.00 ns, 2.0009 us/op, 88366228.00 uJpkg, 0.00 uJdram
WorkloadWarmup   4: 499824 op, 1000409260.00 ns, 2.0015 us/op, 88773027.00 uJpkg, 0.00 uJdram
WorkloadWarmup   5: 499824 op, 999619789.00 ns, 1.9999 us/op, 88351764.00 uJpkg, 0.00 uJdram
WorkloadWarmup   6: 499824 op, 1001479106.00 ns, 2.0037 us/op, 89350601.00 uJpkg, 0.00 uJdram

// BeforeActualRun
WorkloadActual   1: 499824 op, 1002078375.00 ns, 2.0049 us/op, 89861404.00 uJpkg, 0.00 uJdram
WorkloadActual   2: 499824 op, 1004131544.00 ns, 2.0090 us/op, 90015760.00 uJpkg, 0.00 uJdram
WorkloadActual   3: 499824 op, 1002286686.00 ns, 2.0053 us/op, 89593520.00 uJpkg, 0.00 uJdram
WorkloadActual   4: 499824 op, 1004940191.00 ns, 2.0106 us/op, 90083449.00 uJpkg, 0.00 uJdram
WorkloadActual   5: 499824 op, 1004011375.00 ns, 2.0087 us/op, 90116041.00 uJpkg, 0.00 uJdram
WorkloadActual   6: 499824 op, 1002890196.00 ns, 2.0065 us/op, 89824477.00 uJpkg, 0.00 uJdram
WorkloadActual   7: 499824 op, 1002457171.00 ns, 2.0056 us/op, 89543350.00 uJpkg, 0.00 uJdram
WorkloadActual   8: 499824 op, 1002554051.00 ns, 2.0058 us/op, 89785659.00 uJpkg, 0.00 uJdram
WorkloadActual   9: 499824 op, 1003071206.00 ns, 2.0068 us/op, 89756423.00 uJpkg, 0.00 uJdram
WorkloadActual  10: 499824 op, 1003623344.00 ns, 2.0080 us/op, 91065990.00 uJpkg, 0.00 uJdram
WorkloadActual  11: 499824 op, 1010525152.00 ns, 2.0218 us/op, 90210401.00 uJpkg, 0.00 uJdram
WorkloadActual  12: 499824 op, 1004137718.00 ns, 2.0090 us/op, 90029371.00 uJpkg, 0.00 uJdram
WorkloadActual  13: 499824 op, 1002729930.00 ns, 2.0062 us/op, 89951185.00 uJpkg, 0.00 uJdram
WorkloadActual  14: 499824 op, 1003776347.00 ns, 2.0083 us/op, 89951979.00 uJpkg, 0.00 uJdram
WorkloadActual  15: 499824 op, 1002992790.00 ns, 2.0067 us/op, 89884841.00 uJpkg, 0.00 uJdram

// AfterActualRun
WorkloadResult   1: 499824 op, 1000370938.00 ns, 2.0014 us/op, 89861404.00 uJpkg, 0.00 uJdram
WorkloadResult   2: 499824 op, 1002424107.00 ns, 2.0056 us/op, 90015760.00 uJpkg, 0.00 uJdram
WorkloadResult   3: 499824 op, 1000579249.00 ns, 2.0019 us/op, 89593520.00 uJpkg, 0.00 uJdram
WorkloadResult   4: 499824 op, 1003232754.00 ns, 2.0072 us/op, 90083449.00 uJpkg, 0.00 uJdram
WorkloadResult   5: 499824 op, 1002303938.00 ns, 2.0053 us/op, 90116041.00 uJpkg, 0.00 uJdram
WorkloadResult   6: 499824 op, 1001182759.00 ns, 2.0031 us/op, 89824477.00 uJpkg, 0.00 uJdram
WorkloadResult   7: 499824 op, 1000749734.00 ns, 2.0022 us/op, 89543350.00 uJpkg, 0.00 uJdram
WorkloadResult   8: 499824 op, 1000846614.00 ns, 2.0024 us/op, 89785659.00 uJpkg, 0.00 uJdram
WorkloadResult   9: 499824 op, 1001363769.00 ns, 2.0034 us/op, 89756423.00 uJpkg, 0.00 uJdram
WorkloadResult  10: 499824 op, 1001915907.00 ns, 2.0045 us/op, 91065990.00 uJpkg, 0.00 uJdram
WorkloadResult  11: 499824 op, 1008817715.00 ns, 2.0183 us/op, 90210401.00 uJpkg, 0.00 uJdram
WorkloadResult  12: 499824 op, 1002430281.00 ns, 2.0056 us/op, 90029371.00 uJpkg, 0.00 uJdram
WorkloadResult  13: 499824 op, 1001022493.00 ns, 2.0027 us/op, 89951185.00 uJpkg, 0.00 uJdram
WorkloadResult  14: 499824 op, 1002068910.00 ns, 2.0048 us/op, 89951979.00 uJpkg, 0.00 uJdram
WorkloadResult  15: 499824 op, 1001285353.00 ns, 2.0033 us/op, 89884841.00 uJpkg, 0.00 uJdram

// AfterAll
// Benchmark Process 4057666 has exited with code 0.

Mean = 2.005 μs, StdErr = 0.001 μs (0.05%), N = 15, StdDev = 0.004 μs
Min = 2.001 μs, Q1 = 2.003 μs, Median = 2.003 μs, Q3 = 2.005 μs, Max = 2.018 μs
IQR = 0.003 μs, LowerFence = 1.998 μs, UpperFence = 2.010 μs
ConfidenceInterval = [2.000 μs; 2.009 μs] (CI 99.9%), Margin = 0.004 μs (0.22% of Mean)
Skewness = 2.33, Kurtosis = 8.13, MValue = 2

// ** Remained 19 (63.3%) benchmark(s) to run. Estimated finish 2025-12-31 19:54 (0h 8m from now) **
// **************************
// Benchmark: JsonSerializationBenchmarks.Newtonsoft_Deserialize_Small: Overhead-Fixed-Energy-5(OutlierMode=DontRemove, IterationCount=15, IterationTime=1s, LaunchCount=1, WarmupCount=6)
// *** Execute ***
// Launch: 1 / 1
// Execute: dotnet Serialization.Bench-Overhead-Fixed-Energy-5-1.dll --anonymousPipes 103 104 --benchmarkName Serialization.Bench.JsonSerializationBenchmarks.Newtonsoft_Deserialize_Small --job Overhead-Fixed-Energy-5 --benchmarkId 11 in /home/test/rapl-tests/lib-energy-bench/src/Serialization.Bench/bin/Release/net8.0/Serialization.Bench-Overhead-Fixed-Energy-5-1/bin/Release/net8.0
// BeforeAnythingElse

// Benchmark Process Environment Information:
// BenchmarkDotNet v0.15.5-develop (2025-12-31)
// Runtime=.NET 8.0.21 (8.0.21, 8.0.2125.47513), X64 RyuJIT x86-64-v4
// GC=Concurrent Workstation
// HardwareIntrinsics=AVX512 IFMA+VBMI,AVX512 F+BW+CD+DQ+VL,AVX2+BMI1+BMI2+F16C+FMA+LZCNT+MOVBE,AVX,SSE3+SSSE3+SSE4.1+SSE4.2+POPCNT,X86Base+SSE+SSE2,AES+PCLMUL VectorSize=256
// Job: Overhead-Fixed-Energy-5(OutlierMode=DontRemove, IterationCount=15, IterationTime=1s, LaunchCount=1, WarmupCount=6)

OverheadJitting  1: 1 op, 141931.00 ns, 141.9310 us/op, 68237.00 uJpkg, 0.00 uJdram
WorkloadJitting  1: 1 op, 42072718.00 ns, 42.0727 ms/op, 2715997.00 uJpkg, 0.00 uJdram

OverheadJitting  2: 16 op, 393714.00 ns, 24.6071 us/op, 0.00 uJpkg, 0.00 uJdram
WorkloadJitting  2: 16 op, 816783.00 ns, 51.0489 us/op, 91980.00 uJpkg, 0.00 uJdram

WorkloadPilot    1: 16 op, 410120.00 ns, 25.6325 us/op, 75378.00 uJpkg, 0.00 uJdram
WorkloadPilot    2: 39024 op, 338833743.00 ns, 8.6827 us/op, 27563834.00 uJpkg, 0.00 uJdram
WorkloadPilot    3: 115184 op, 415816128.00 ns, 3.6100 us/op, 36478910.00 uJpkg, 0.00 uJdram
WorkloadPilot    4: 277008 op, 993420286.00 ns, 3.5863 us/op, 87034934.00 uJpkg, 0.00 uJdram
WorkloadPilot    5: 278848 op, 999903456.00 ns, 3.5858 us/op, 88077595.00 uJpkg, 0.00 uJdram
WorkloadPilot    6: 278880 op, 998364353.00 ns, 3.5799 us/op, 87667378.00 uJpkg, 0.00 uJdram
WorkloadPilot    7: 279344 op, 1001123330.00 ns, 3.5838 us/op, 88243487.00 uJpkg, 0.00 uJdram
WorkloadPilot    8: 279040 op, 998807653.00 ns, 3.5794 us/op, 87942280.00 uJpkg, 0.00 uJdram
WorkloadPilot    9: 279376 op, 998999149.00 ns, 3.5758 us/op, 87764912.00 uJpkg, 0.00 uJdram
WorkloadPilot   10: 279664 op, 1000218325.00 ns, 3.5765 us/op, 88269244.00 uJpkg, 0.00 uJdram
WorkloadPilot   11: 279616 op, 1000551761.00 ns, 3.5783 us/op, 87498617.00 uJpkg, 0.00 uJdram

OverheadWarmup   1: 279616 op, 954181.00 ns, 3.4125 ns/op, 69214.00 uJpkg, 0.00 uJdram
OverheadWarmup   2: 279616 op, 959289.00 ns, 3.4307 ns/op, 77027.00 uJpkg, 0.00 uJdram
OverheadWarmup   3: 279616 op, 970650.00 ns, 3.4714 ns/op, 68359.00 uJpkg, 0.00 uJdram
OverheadWarmup   4: 279616 op, 957140.00 ns, 3.4231 ns/op, 77087.00 uJpkg, 0.00 uJdram
OverheadWarmup   5: 279616 op, 962848.00 ns, 3.4435 ns/op, 95032.00 uJpkg, 0.00 uJdram
OverheadWarmup   6: 279616 op, 958237.00 ns, 3.4270 ns/op, 91247.00 uJpkg, 0.00 uJdram

OverheadActual   1: 279616 op, 966022.00 ns, 3.4548 ns/op, 65307.00 uJpkg, 0.00 uJdram
OverheadActual   2: 279616 op, 970534.00 ns, 3.4710 ns/op, 71777.00 uJpkg, 0.00 uJdram
OverheadActual   3: 279616 op, 971909.00 ns, 3.4759 ns/op, 71594.00 uJpkg, 0.00 uJdram
OverheadActual   4: 279616 op, 957746.00 ns, 3.4252 ns/op, 76660.00 uJpkg, 0.00 uJdram
OverheadActual   5: 279616 op, 966901.00 ns, 3.4580 ns/op, 68726.00 uJpkg, 0.00 uJdram
OverheadActual   6: 279616 op, 955749.00 ns, 3.4181 ns/op, 91003.00 uJpkg, 0.00 uJdram
OverheadActual   7: 279616 op, 971410.00 ns, 3.4741 ns/op, 73547.00 uJpkg, 0.00 uJdram
OverheadActual   8: 279616 op, 967537.00 ns, 3.4602 ns/op, 70679.00 uJpkg, 0.00 uJdram
OverheadActual   9: 279616 op, 974628.00 ns, 3.4856 ns/op, 63415.00 uJpkg, 0.00 uJdram
OverheadActual  10: 279616 op, 970820.00 ns, 3.4720 ns/op, 149109.00 uJpkg, 0.00 uJdram
OverheadActual  11: 279616 op, 964611.00 ns, 3.4498 ns/op, 98632.00 uJpkg, 0.00 uJdram
OverheadActual  12: 279616 op, 966202.00 ns, 3.4555 ns/op, 91308.00 uJpkg, 0.00 uJdram
OverheadActual  13: 279616 op, 970193.00 ns, 3.4697 ns/op, 105164.00 uJpkg, 0.00 uJdram
OverheadActual  14: 279616 op, 970806.00 ns, 3.4719 ns/op, 69824.00 uJpkg, 0.00 uJdram
OverheadActual  15: 279616 op, 957745.00 ns, 3.4252 ns/op, 84655.00 uJpkg, 0.00 uJdram

WorkloadWarmup   1: 279616 op, 1003074228.00 ns, 3.5873 us/op, 90949047.00 uJpkg, 0.00 uJdram
WorkloadWarmup   2: 279616 op, 1004493822.00 ns, 3.5924 us/op, 88076496.00 uJpkg, 0.00 uJdram
WorkloadWarmup   3: 279616 op, 1001289551.00 ns, 3.5809 us/op, 87457601.00 uJpkg, 0.00 uJdram
WorkloadWarmup   4: 279616 op, 999890831.00 ns, 3.5759 us/op, 86986838.00 uJpkg, 0.00 uJdram
WorkloadWarmup   5: 279616 op, 1000592767.00 ns, 3.5785 us/op, 86909750.00 uJpkg, 0.00 uJdram
WorkloadWarmup   6: 279616 op, 999669053.00 ns, 3.5751 us/op, 87435567.00 uJpkg, 0.00 uJdram

// BeforeActualRun
WorkloadActual   1: 279616 op, 1000632704.00 ns, 3.5786 us/op, 86735313.00 uJpkg, 0.00 uJdram
WorkloadActual   2: 279616 op, 1001739450.00 ns, 3.5826 us/op, 87308004.00 uJpkg, 0.00 uJdram
WorkloadActual   3: 279616 op, 1001082625.00 ns, 3.5802 us/op, 87347067.00 uJpkg, 0.00 uJdram
WorkloadActual   4: 279616 op, 1000746460.00 ns, 3.5790 us/op, 87404744.00 uJpkg, 0.00 uJdram
WorkloadActual   5: 279616 op, 1001959334.00 ns, 3.5833 us/op, 87602926.00 uJpkg, 0.00 uJdram
WorkloadActual   6: 279616 op, 1001806177.00 ns, 3.5828 us/op, 87690694.00 uJpkg, 0.00 uJdram
WorkloadActual   7: 279616 op, 1001233429.00 ns, 3.5807 us/op, 87634907.00 uJpkg, 0.00 uJdram
WorkloadActual   8: 279616 op, 1001362586.00 ns, 3.5812 us/op, 87670857.00 uJpkg, 0.00 uJdram
WorkloadActual   9: 279616 op, 1001278012.00 ns, 3.5809 us/op, 87628621.00 uJpkg, 0.00 uJdram
WorkloadActual  10: 279616 op, 1001881306.00 ns, 3.5831 us/op, 88356829.00 uJpkg, 0.00 uJdram
WorkloadActual  11: 279616 op, 1001440123.00 ns, 3.5815 us/op, 86938864.00 uJpkg, 0.00 uJdram
WorkloadActual  12: 279616 op, 1001033874.00 ns, 3.5800 us/op, 87185934.00 uJpkg, 0.00 uJdram
WorkloadActual  13: 279616 op, 1001519513.00 ns, 3.5818 us/op, 87005759.00 uJpkg, 0.00 uJdram
WorkloadActual  14: 279616 op, 1001262730.00 ns, 3.5808 us/op, 86870505.00 uJpkg, 0.00 uJdram
WorkloadActual  15: 279616 op, 1001766836.00 ns, 3.5827 us/op, 86761497.00 uJpkg, 0.00 uJdram

// AfterActualRun
WorkloadResult   1: 279616 op, 999665167.00 ns, 3.5751 us/op, 86735313.00 uJpkg, 0.00 uJdram
WorkloadResult   2: 279616 op, 1000771913.00 ns, 3.5791 us/op, 87308004.00 uJpkg, 0.00 uJdram
WorkloadResult   3: 279616 op, 1000115088.00 ns, 3.5767 us/op, 87347067.00 uJpkg, 0.00 uJdram
WorkloadResult   4: 279616 op, 999778923.00 ns, 3.5755 us/op, 87404744.00 uJpkg, 0.00 uJdram
WorkloadResult   5: 279616 op, 1000991797.00 ns, 3.5799 us/op, 87602926.00 uJpkg, 0.00 uJdram
WorkloadResult   6: 279616 op, 1000838640.00 ns, 3.5793 us/op, 87690694.00 uJpkg, 0.00 uJdram
WorkloadResult   7: 279616 op, 1000265892.00 ns, 3.5773 us/op, 87634907.00 uJpkg, 0.00 uJdram
WorkloadResult   8: 279616 op, 1000395049.00 ns, 3.5777 us/op, 87670857.00 uJpkg, 0.00 uJdram
WorkloadResult   9: 279616 op, 1000310475.00 ns, 3.5774 us/op, 87628621.00 uJpkg, 0.00 uJdram
WorkloadResult  10: 279616 op, 1000913769.00 ns, 3.5796 us/op, 88356829.00 uJpkg, 0.00 uJdram
WorkloadResult  11: 279616 op, 1000472586.00 ns, 3.5780 us/op, 86938864.00 uJpkg, 0.00 uJdram
WorkloadResult  12: 279616 op, 1000066337.00 ns, 3.5766 us/op, 87185934.00 uJpkg, 0.00 uJdram
WorkloadResult  13: 279616 op, 1000551976.00 ns, 3.5783 us/op, 87005759.00 uJpkg, 0.00 uJdram
WorkloadResult  14: 279616 op, 1000295193.00 ns, 3.5774 us/op, 86870505.00 uJpkg, 0.00 uJdram
WorkloadResult  15: 279616 op, 1000799299.00 ns, 3.5792 us/op, 86761497.00 uJpkg, 0.00 uJdram

// AfterAll
// Benchmark Process 4057689 has exited with code 0.

Mean = 3.578 μs, StdErr = 0.000 μs (0.01%), N = 15, StdDev = 0.001 μs
Min = 3.575 μs, Q1 = 3.577 μs, Median = 3.578 μs, Q3 = 3.579 μs, Max = 3.580 μs
IQR = 0.002 μs, LowerFence = 3.574 μs, UpperFence = 3.582 μs
ConfidenceInterval = [3.576 μs; 3.579 μs] (CI 99.9%), Margin = 0.002 μs (0.04% of Mean)
Skewness = -0.26, Kurtosis = 1.87, MValue = 2

// ** Remained 18 (60.0%) benchmark(s) to run. Estimated finish 2025-12-31 19:54 (0h 8m from now) **
// **************************
// Benchmark: JsonSerializationBenchmarks.Jil_Deserialize_Small: Overhead-Fixed-Energy-5(OutlierMode=DontRemove, IterationCount=15, IterationTime=1s, LaunchCount=1, WarmupCount=6)
// *** Execute ***
// Launch: 1 / 1
// Execute: dotnet Serialization.Bench-Overhead-Fixed-Energy-5-1.dll --anonymousPipes 103 104 --benchmarkName Serialization.Bench.JsonSerializationBenchmarks.Jil_Deserialize_Small --job Overhead-Fixed-Energy-5 --benchmarkId 12 in /home/test/rapl-tests/lib-energy-bench/src/Serialization.Bench/bin/Release/net8.0/Serialization.Bench-Overhead-Fixed-Energy-5-1/bin/Release/net8.0
// BeforeAnythingElse

// Benchmark Process Environment Information:
// BenchmarkDotNet v0.15.5-develop (2025-12-31)
// Runtime=.NET 8.0.21 (8.0.21, 8.0.2125.47513), X64 RyuJIT x86-64-v4
// GC=Concurrent Workstation
// HardwareIntrinsics=AVX512 IFMA+VBMI,AVX512 F+BW+CD+DQ+VL,AVX2+BMI1+BMI2+F16C+FMA+LZCNT+MOVBE,AVX,SSE3+SSSE3+SSE4.1+SSE4.2+POPCNT,X86Base+SSE+SSE2,AES+PCLMUL VectorSize=256
// Job: Overhead-Fixed-Energy-5(OutlierMode=DontRemove, IterationCount=15, IterationTime=1s, LaunchCount=1, WarmupCount=6)

OverheadJitting  1: 1 op, 142049.00 ns, 142.0490 us/op, 0.00 uJpkg, 0.00 uJdram
WorkloadJitting  1: 1 op, 113354629.00 ns, 113.3546 ms/op, 7186749.00 uJpkg, 0.00 uJdram

WorkloadPilot    1: 4 op, 38473.00 ns, 9.6183 us/op, 0.00 uJpkg, 0.00 uJdram
WorkloadPilot    2: 103969 op, 324493479.00 ns, 3.1211 us/op, 25926569.00 uJpkg, 0.00 uJdram
WorkloadPilot    3: 320404 op, 725285158.00 ns, 2.2637 us/op, 62401390.00 uJpkg, 0.00 uJdram
WorkloadPilot    4: 441763 op, 993423307.00 ns, 2.2488 us/op, 85982568.00 uJpkg, 0.00 uJdram
WorkloadPilot    5: 444688 op, 999319518.00 ns, 2.2472 us/op, 86129662.00 uJpkg, 0.00 uJdram
WorkloadPilot    6: 444991 op, 1001833892.00 ns, 2.2514 us/op, 86676963.00 uJpkg, 0.00 uJdram
WorkloadPilot    7: 444176 op, 1001142786.00 ns, 2.2539 us/op, 86289757.00 uJpkg, 0.00 uJdram
WorkloadPilot    8: 443669 op, 1000020233.00 ns, 2.2540 us/op, 86318688.00 uJpkg, 0.00 uJdram

WorkloadWarmup   1: 443669 op, 997442705.00 ns, 2.2482 us/op, 85528102.00 uJpkg, 0.00 uJdram
WorkloadWarmup   2: 443669 op, 1001066951.00 ns, 2.2563 us/op, 86885825.00 uJpkg, 0.00 uJdram
WorkloadWarmup   3: 443669 op, 998683657.00 ns, 2.2510 us/op, 85810938.00 uJpkg, 0.00 uJdram
WorkloadWarmup   4: 443669 op, 999131500.00 ns, 2.2520 us/op, 86053551.00 uJpkg, 0.00 uJdram
WorkloadWarmup   5: 443669 op, 1001735032.00 ns, 2.2578 us/op, 86138939.00 uJpkg, 0.00 uJdram
WorkloadWarmup   6: 443669 op, 998924457.00 ns, 2.2515 us/op, 86347374.00 uJpkg, 0.00 uJdram

// BeforeActualRun
WorkloadActual   1: 443669 op, 998128613.00 ns, 2.2497 us/op, 86276573.00 uJpkg, 0.00 uJdram
WorkloadActual   2: 443669 op, 999546043.00 ns, 2.2529 us/op, 86124596.00 uJpkg, 0.00 uJdram
WorkloadActual   3: 443669 op, 1001032450.00 ns, 2.2563 us/op, 86524253.00 uJpkg, 0.00 uJdram
WorkloadActual   4: 443669 op, 1000309470.00 ns, 2.2546 us/op, 86290795.00 uJpkg, 0.00 uJdram
WorkloadActual   5: 443669 op, 998622390.00 ns, 2.2508 us/op, 85146388.00 uJpkg, 0.00 uJdram
WorkloadActual   6: 443669 op, 999685041.00 ns, 2.2532 us/op, 85465174.00 uJpkg, 0.00 uJdram
WorkloadActual   7: 443669 op, 998299884.00 ns, 2.2501 us/op, 85440211.00 uJpkg, 0.00 uJdram
WorkloadActual   8: 443669 op, 999914659.00 ns, 2.2537 us/op, 85957422.00 uJpkg, 0.00 uJdram
WorkloadActual   9: 443669 op, 998377630.00 ns, 2.2503 us/op, 85485926.00 uJpkg, 0.00 uJdram
WorkloadActual  10: 443669 op, 997235433.00 ns, 2.2477 us/op, 85501918.00 uJpkg, 0.00 uJdram
WorkloadActual  11: 443669 op, 997829252.00 ns, 2.2490 us/op, 85594386.00 uJpkg, 0.00 uJdram
WorkloadActual  12: 443669 op, 997663376.00 ns, 2.2487 us/op, 85340236.00 uJpkg, 0.00 uJdram
WorkloadActual  13: 443669 op, 998696098.00 ns, 2.2510 us/op, 85322291.00 uJpkg, 0.00 uJdram
WorkloadActual  14: 443669 op, 998498391.00 ns, 2.2505 us/op, 85453517.00 uJpkg, 0.00 uJdram
WorkloadActual  15: 443669 op, 998089597.00 ns, 2.2496 us/op, 85435145.00 uJpkg, 0.00 uJdram

// AfterActualRun
WorkloadResult   1: 443669 op, 998128613.00 ns, 2.2497 us/op, 86276573.00 uJpkg, 0.00 uJdram
WorkloadResult   2: 443669 op, 999546043.00 ns, 2.2529 us/op, 86124596.00 uJpkg, 0.00 uJdram
WorkloadResult   3: 443669 op, 1001032450.00 ns, 2.2563 us/op, 86524253.00 uJpkg, 0.00 uJdram
WorkloadResult   4: 443669 op, 1000309470.00 ns, 2.2546 us/op, 86290795.00 uJpkg, 0.00 uJdram
WorkloadResult   5: 443669 op, 998622390.00 ns, 2.2508 us/op, 85146388.00 uJpkg, 0.00 uJdram
WorkloadResult   6: 443669 op, 999685041.00 ns, 2.2532 us/op, 85465174.00 uJpkg, 0.00 uJdram
WorkloadResult   7: 443669 op, 998299884.00 ns, 2.2501 us/op, 85440211.00 uJpkg, 0.00 uJdram
WorkloadResult   8: 443669 op, 999914659.00 ns, 2.2537 us/op, 85957422.00 uJpkg, 0.00 uJdram
WorkloadResult   9: 443669 op, 998377630.00 ns, 2.2503 us/op, 85485926.00 uJpkg, 0.00 uJdram
WorkloadResult  10: 443669 op, 997235433.00 ns, 2.2477 us/op, 85501918.00 uJpkg, 0.00 uJdram
WorkloadResult  11: 443669 op, 997829252.00 ns, 2.2490 us/op, 85594386.00 uJpkg, 0.00 uJdram
WorkloadResult  12: 443669 op, 997663376.00 ns, 2.2487 us/op, 85340236.00 uJpkg, 0.00 uJdram
WorkloadResult  13: 443669 op, 998696098.00 ns, 2.2510 us/op, 85322291.00 uJpkg, 0.00 uJdram
WorkloadResult  14: 443669 op, 998498391.00 ns, 2.2505 us/op, 85453517.00 uJpkg, 0.00 uJdram
WorkloadResult  15: 443669 op, 998089597.00 ns, 2.2496 us/op, 85435145.00 uJpkg, 0.00 uJdram

// AfterAll
// Benchmark Process 4057706 has exited with code 0.

Mean = 2.251 μs, StdErr = 0.001 μs (0.03%), N = 15, StdDev = 0.002 μs
Min = 2.248 μs, Q1 = 2.250 μs, Median = 2.251 μs, Q3 = 2.253 μs, Max = 2.256 μs
IQR = 0.003 μs, LowerFence = 2.245 μs, UpperFence = 2.258 μs
ConfidenceInterval = [2.249 μs; 2.254 μs] (CI 99.9%), Margin = 0.003 μs (0.11% of Mean)
Skewness = 0.55, Kurtosis = 2.12, MValue = 2

// ** Remained 17 (56.7%) benchmark(s) to run. Estimated finish 2025-12-31 19:54 (0h 7m from now) **
// **************************
// Benchmark: JsonSerializationBenchmarks.Utf8Json_Deserialize_Small: Overhead-Fixed-Energy-5(OutlierMode=DontRemove, IterationCount=15, IterationTime=1s, LaunchCount=1, WarmupCount=6)
// *** Execute ***
// Launch: 1 / 1
// Execute: dotnet Serialization.Bench-Overhead-Fixed-Energy-5-1.dll --anonymousPipes 103 104 --benchmarkName Serialization.Bench.JsonSerializationBenchmarks.Utf8Json_Deserialize_Small --job Overhead-Fixed-Energy-5 --benchmarkId 13 in /home/test/rapl-tests/lib-energy-bench/src/Serialization.Bench/bin/Release/net8.0/Serialization.Bench-Overhead-Fixed-Energy-5-1/bin/Release/net8.0
// BeforeAnythingElse

// Benchmark Process Environment Information:
// BenchmarkDotNet v0.15.5-develop (2025-12-31)
// Runtime=.NET 8.0.21 (8.0.21, 8.0.2125.47513), X64 RyuJIT x86-64-v4
// GC=Concurrent Workstation
// HardwareIntrinsics=AVX512 IFMA+VBMI,AVX512 F+BW+CD+DQ+VL,AVX2+BMI1+BMI2+F16C+FMA+LZCNT+MOVBE,AVX,SSE3+SSSE3+SSE4.1+SSE4.2+POPCNT,X86Base+SSE+SSE2,AES+PCLMUL VectorSize=256
// Job: Overhead-Fixed-Energy-5(OutlierMode=DontRemove, IterationCount=15, IterationTime=1s, LaunchCount=1, WarmupCount=6)

OverheadJitting  1: 1 op, 142539.00 ns, 142.5390 us/op, 0.00 uJpkg, 0.00 uJdram
WorkloadJitting  1: 1 op, 46913083.00 ns, 46.9131 ms/op, 2889763.00 uJpkg, 0.00 uJdram

OverheadJitting  2: 16 op, 400782.00 ns, 25.0489 us/op, 0.00 uJpkg, 0.00 uJdram
WorkloadJitting  2: 16 op, 654900.00 ns, 40.9313 us/op, 0.00 uJpkg, 0.00 uJdram

WorkloadPilot    1: 16 op, 269517.00 ns, 16.8448 us/op, 0.00 uJpkg, 0.00 uJdram
WorkloadPilot    2: 59376 op, 635934733.00 ns, 10.7103 us/op, 53799057.00 uJpkg, 0.00 uJdram
WorkloadPilot    3: 93376 op, 197599220.00 ns, 2.1162 us/op, 17256304.00 uJpkg, 0.00 uJdram
WorkloadPilot    4: 472560 op, 970109629.00 ns, 2.0529 us/op, 81909153.00 uJpkg, 0.00 uJdram
WorkloadPilot    5: 487120 op, 1003177302.00 ns, 2.0594 us/op, 85385096.00 uJpkg, 0.00 uJdram
WorkloadPilot    6: 485584 op, 996036158.00 ns, 2.0512 us/op, 84597257.00 uJpkg, 0.00 uJdram
WorkloadPilot    7: 487520 op, 1008044827.00 ns, 2.0677 us/op, 85745447.00 uJpkg, 0.00 uJdram
WorkloadPilot    8: 483632 op, 994253155.00 ns, 2.0558 us/op, 84543607.00 uJpkg, 0.00 uJdram
WorkloadPilot    9: 486432 op, 999780749.00 ns, 2.0553 us/op, 85056911.00 uJpkg, 0.00 uJdram
WorkloadPilot   10: 486544 op, 998668762.00 ns, 2.0526 us/op, 85340907.00 uJpkg, 0.00 uJdram
WorkloadPilot   11: 487200 op, 1004126838.00 ns, 2.0610 us/op, 85165737.00 uJpkg, 0.00 uJdram

OverheadWarmup   1: 487200 op, 1661305.00 ns, 3.4099 ns/op, 144775.00 uJpkg, 0.00 uJdram
OverheadWarmup   2: 487200 op, 1660358.00 ns, 3.4080 ns/op, 116211.00 uJpkg, 0.00 uJdram
OverheadWarmup   3: 487200 op, 1675273.00 ns, 3.4386 ns/op, 129456.00 uJpkg, 0.00 uJdram
OverheadWarmup   4: 487200 op, 1660102.00 ns, 3.4074 ns/op, 60059.00 uJpkg, 0.00 uJdram
OverheadWarmup   5: 487200 op, 1665747.00 ns, 3.4190 ns/op, 117798.00 uJpkg, 0.00 uJdram
OverheadWarmup   6: 487200 op, 1661106.00 ns, 3.4095 ns/op, 143249.00 uJpkg, 0.00 uJdram

OverheadActual   1: 487200 op, 1674314.00 ns, 3.4366 ns/op, 131103.00 uJpkg, 0.00 uJdram
OverheadActual   2: 487200 op, 1659429.00 ns, 3.4061 ns/op, 114196.00 uJpkg, 0.00 uJdram
OverheadActual   3: 487200 op, 1673206.00 ns, 3.4343 ns/op, 54871.00 uJpkg, 0.00 uJdram
OverheadActual   4: 487200 op, 1664837.00 ns, 3.4172 ns/op, 131896.00 uJpkg, 0.00 uJdram
OverheadActual   5: 487200 op, 1669151.00 ns, 3.4260 ns/op, 148559.00 uJpkg, 0.00 uJdram
OverheadActual   6: 487200 op, 1693499.00 ns, 3.4760 ns/op, 143798.00 uJpkg, 0.00 uJdram
OverheadActual   7: 487200 op, 1695107.00 ns, 3.4793 ns/op, 85571.00 uJpkg, 0.00 uJdram
OverheadActual   8: 487200 op, 1662602.00 ns, 3.4126 ns/op, 132507.00 uJpkg, 0.00 uJdram
OverheadActual   9: 487200 op, 1669732.00 ns, 3.4272 ns/op, 132507.00 uJpkg, 0.00 uJdram
OverheadActual  10: 487200 op, 1658442.00 ns, 3.4040 ns/op, 116272.00 uJpkg, 0.00 uJdram
OverheadActual  11: 487200 op, 1659450.00 ns, 3.4061 ns/op, 75195.00 uJpkg, 0.00 uJdram
OverheadActual  12: 487200 op, 1663817.00 ns, 3.4151 ns/op, 66468.00 uJpkg, 0.00 uJdram
OverheadActual  13: 487200 op, 1667160.00 ns, 3.4219 ns/op, 116577.00 uJpkg, 0.00 uJdram
OverheadActual  14: 487200 op, 1658481.00 ns, 3.4041 ns/op, 137939.00 uJpkg, 0.00 uJdram
OverheadActual  15: 487200 op, 1659840.00 ns, 3.4069 ns/op, 55359.00 uJpkg, 0.00 uJdram

WorkloadWarmup   1: 487200 op, 1004078875.00 ns, 2.0609 us/op, 87721882.00 uJpkg, 0.00 uJdram
WorkloadWarmup   2: 487200 op, 1001193945.00 ns, 2.0550 us/op, 84927700.00 uJpkg, 0.00 uJdram
WorkloadWarmup   3: 487200 op, 999604408.00 ns, 2.0517 us/op, 84541715.00 uJpkg, 0.00 uJdram
WorkloadWarmup   4: 487200 op, 1004354271.00 ns, 2.0615 us/op, 85664454.00 uJpkg, 0.00 uJdram
WorkloadWarmup   5: 487200 op, 1000719062.00 ns, 2.0540 us/op, 84805752.00 uJpkg, 0.00 uJdram
WorkloadWarmup   6: 487200 op, 997374261.00 ns, 2.0472 us/op, 84852017.00 uJpkg, 0.00 uJdram

// BeforeActualRun
WorkloadActual   1: 487200 op, 1001741234.00 ns, 2.0561 us/op, 85457850.00 uJpkg, 0.00 uJdram
WorkloadActual   2: 487200 op, 1000539721.00 ns, 2.0537 us/op, 85369227.00 uJpkg, 0.00 uJdram
WorkloadActual   3: 487200 op, 1000909500.00 ns, 2.0544 us/op, 84838467.00 uJpkg, 0.00 uJdram
WorkloadActual   4: 487200 op, 999774180.00 ns, 2.0521 us/op, 84678982.00 uJpkg, 0.00 uJdram
WorkloadActual   5: 487200 op, 997944128.00 ns, 2.0483 us/op, 84619351.00 uJpkg, 0.00 uJdram
WorkloadActual   6: 487200 op, 1003661935.00 ns, 2.0601 us/op, 85157741.00 uJpkg, 0.00 uJdram
WorkloadActual   7: 487200 op, 1004022893.00 ns, 2.0608 us/op, 85145595.00 uJpkg, 0.00 uJdram
WorkloadActual   8: 487200 op, 1001411321.00 ns, 2.0554 us/op, 84580899.00 uJpkg, 0.00 uJdram
WorkloadActual   9: 487200 op, 1000529050.00 ns, 2.0536 us/op, 84477323.00 uJpkg, 0.00 uJdram
WorkloadActual  10: 487200 op, 1002554729.00 ns, 2.0578 us/op, 85761010.00 uJpkg, 0.00 uJdram
WorkloadActual  11: 487200 op, 1003170276.00 ns, 2.0591 us/op, 84407071.00 uJpkg, 0.00 uJdram
WorkloadActual  12: 487200 op, 998982463.00 ns, 2.0505 us/op, 84199064.00 uJpkg, 0.00 uJdram
WorkloadActual  13: 487200 op, 1002308349.00 ns, 2.0573 us/op, 84349577.00 uJpkg, 0.00 uJdram
WorkloadActual  14: 487200 op, 1000164055.00 ns, 2.0529 us/op, 84272733.00 uJpkg, 0.00 uJdram
WorkloadActual  15: 487200 op, 1004471733.00 ns, 2.0617 us/op, 84680570.00 uJpkg, 0.00 uJdram

// AfterActualRun
WorkloadResult   1: 487200 op, 1000076397.00 ns, 2.0527 us/op, 85457850.00 uJpkg, 0.00 uJdram
WorkloadResult   2: 487200 op, 998874884.00 ns, 2.0502 us/op, 85369227.00 uJpkg, 0.00 uJdram
WorkloadResult   3: 487200 op, 999244663.00 ns, 2.0510 us/op, 84838467.00 uJpkg, 0.00 uJdram
WorkloadResult   4: 487200 op, 998109343.00 ns, 2.0487 us/op, 84678982.00 uJpkg, 0.00 uJdram
WorkloadResult   5: 487200 op, 996279291.00 ns, 2.0449 us/op, 84619351.00 uJpkg, 0.00 uJdram
WorkloadResult   6: 487200 op, 1001997098.00 ns, 2.0566 us/op, 85157741.00 uJpkg, 0.00 uJdram
WorkloadResult   7: 487200 op, 1002358056.00 ns, 2.0574 us/op, 85145595.00 uJpkg, 0.00 uJdram
WorkloadResult   8: 487200 op, 999746484.00 ns, 2.0520 us/op, 84580899.00 uJpkg, 0.00 uJdram
WorkloadResult   9: 487200 op, 998864213.00 ns, 2.0502 us/op, 84477323.00 uJpkg, 0.00 uJdram
WorkloadResult  10: 487200 op, 1000889892.00 ns, 2.0544 us/op, 85761010.00 uJpkg, 0.00 uJdram
WorkloadResult  11: 487200 op, 1001505439.00 ns, 2.0556 us/op, 84407071.00 uJpkg, 0.00 uJdram
WorkloadResult  12: 487200 op, 997317626.00 ns, 2.0470 us/op, 84199064.00 uJpkg, 0.00 uJdram
WorkloadResult  13: 487200 op, 1000643512.00 ns, 2.0539 us/op, 84349577.00 uJpkg, 0.00 uJdram
WorkloadResult  14: 487200 op, 998499218.00 ns, 2.0495 us/op, 84272733.00 uJpkg, 0.00 uJdram
WorkloadResult  15: 487200 op, 1002806896.00 ns, 2.0583 us/op, 84680570.00 uJpkg, 0.00 uJdram

// AfterAll
// Benchmark Process 4057725 has exited with code 0.

Mean = 2.052 μs, StdErr = 0.001 μs (0.05%), N = 15, StdDev = 0.004 μs
Min = 2.045 μs, Q1 = 2.050 μs, Median = 2.052 μs, Q3 = 2.055 μs, Max = 2.058 μs
IQR = 0.005 μs, LowerFence = 2.042 μs, UpperFence = 2.063 μs
ConfidenceInterval = [2.048 μs; 2.056 μs] (CI 99.9%), Margin = 0.004 μs (0.20% of Mean)
Skewness = -0.08, Kurtosis = 1.86, MValue = 2

// ** Remained 16 (53.3%) benchmark(s) to run. Estimated finish 2025-12-31 19:54 (0h 7m from now) **
// **************************
// Benchmark: JsonSerializationBenchmarks.SpanJson_Deserialize_Small: Overhead-Fixed-Energy-5(OutlierMode=DontRemove, IterationCount=15, IterationTime=1s, LaunchCount=1, WarmupCount=6)
// *** Execute ***
// Launch: 1 / 1
// Execute: dotnet Serialization.Bench-Overhead-Fixed-Energy-5-1.dll --anonymousPipes 103 104 --benchmarkName Serialization.Bench.JsonSerializationBenchmarks.SpanJson_Deserialize_Small --job Overhead-Fixed-Energy-5 --benchmarkId 14 in /home/test/rapl-tests/lib-energy-bench/src/Serialization.Bench/bin/Release/net8.0/Serialization.Bench-Overhead-Fixed-Energy-5-1/bin/Release/net8.0
// BeforeAnythingElse

// Benchmark Process Environment Information:
// BenchmarkDotNet v0.15.5-develop (2025-12-31)
// Runtime=.NET 8.0.21 (8.0.21, 8.0.2125.47513), X64 RyuJIT x86-64-v4
// GC=Concurrent Workstation
// HardwareIntrinsics=AVX512 IFMA+VBMI,AVX512 F+BW+CD+DQ+VL,AVX2+BMI1+BMI2+F16C+FMA+LZCNT+MOVBE,AVX,SSE3+SSSE3+SSE4.1+SSE4.2+POPCNT,X86Base+SSE+SSE2,AES+PCLMUL VectorSize=256
// Job: Overhead-Fixed-Energy-5(OutlierMode=DontRemove, IterationCount=15, IterationTime=1s, LaunchCount=1, WarmupCount=6)

OverheadJitting  1: 1 op, 146048.00 ns, 146.0480 us/op, 66894.00 uJpkg, 0.00 uJdram
WorkloadJitting  1: 1 op, 59533708.00 ns, 59.5337 ms/op, 3719412.00 uJpkg, 0.00 uJdram

OverheadJitting  2: 16 op, 406116.00 ns, 25.3823 us/op, 0.00 uJpkg, 0.00 uJdram
WorkloadJitting  2: 16 op, 421632.00 ns, 26.3520 us/op, 73974.00 uJpkg, 0.00 uJdram

WorkloadPilot    1: 16 op, 32609.00 ns, 2.0381 us/op, 0.00 uJpkg, 0.00 uJdram
WorkloadPilot    2: 490672 op, 591295478.00 ns, 1.2051 us/op, 46710696.00 uJpkg, 0.00 uJdram
WorkloadPilot    3: 829840 op, 967154617.00 ns, 1.1655 us/op, 82746920.00 uJpkg, 0.00 uJdram
WorkloadPilot    4: 858032 op, 997572998.00 ns, 1.1626 us/op, 85252833.00 uJpkg, 0.00 uJdram
WorkloadPilot    5: 860128 op, 998431627.00 ns, 1.1608 us/op, 85189906.00 uJpkg, 0.00 uJdram
WorkloadPilot    6: 861488 op, 1000990228.00 ns, 1.1619 us/op, 85419276.00 uJpkg, 0.00 uJdram
WorkloadPilot    7: 860640 op, 1002406407.00 ns, 1.1647 us/op, 85750147.00 uJpkg, 0.00 uJdram
WorkloadPilot    8: 858576 op, 1000852328.00 ns, 1.1657 us/op, 85818139.00 uJpkg, 0.00 uJdram

OverheadWarmup   1: 858576 op, 2930912.00 ns, 3.4137 ns/op, 196288.00 uJpkg, 0.00 uJdram
OverheadWarmup   2: 858576 op, 2928290.00 ns, 3.4106 ns/op, 192932.00 uJpkg, 0.00 uJdram
OverheadWarmup   3: 858576 op, 2936127.00 ns, 3.4198 ns/op, 200012.00 uJpkg, 0.00 uJdram
OverheadWarmup   4: 858576 op, 2964642.00 ns, 3.4530 ns/op, 213134.00 uJpkg, 0.00 uJdram
OverheadWarmup   5: 858576 op, 2945744.00 ns, 3.4310 ns/op, 195190.00 uJpkg, 0.00 uJdram
OverheadWarmup   6: 858576 op, 2933473.00 ns, 3.4167 ns/op, 200622.00 uJpkg, 0.00 uJdram
OverheadWarmup   7: 858576 op, 2932425.00 ns, 3.4155 ns/op, 193054.00 uJpkg, 0.00 uJdram
OverheadWarmup   8: 858576 op, 2938092.00 ns, 3.4221 ns/op, 188415.00 uJpkg, 0.00 uJdram
OverheadWarmup   9: 858576 op, 2936577.00 ns, 3.4203 ns/op, 263671.00 uJpkg, 0.00 uJdram

OverheadActual   1: 858576 op, 2938703.00 ns, 3.4228 ns/op, 195800.00 uJpkg, 0.00 uJdram
OverheadActual   2: 858576 op, 2939532.00 ns, 3.4237 ns/op, 187500.00 uJpkg, 0.00 uJdram
OverheadActual   3: 858576 op, 2940164.00 ns, 3.4245 ns/op, 190002.00 uJpkg, 0.00 uJdram
OverheadActual   4: 858576 op, 2940971.00 ns, 3.4254 ns/op, 232605.00 uJpkg, 0.00 uJdram
OverheadActual   5: 858576 op, 2942209.00 ns, 3.4268 ns/op, 197509.00 uJpkg, 0.00 uJdram
OverheadActual   6: 858576 op, 2943865.00 ns, 3.4288 ns/op, 176879.00 uJpkg, 0.00 uJdram
OverheadActual   7: 858576 op, 2933493.00 ns, 3.4167 ns/op, 210632.00 uJpkg, 0.00 uJdram
OverheadActual   8: 858576 op, 2933505.00 ns, 3.4167 ns/op, 191589.00 uJpkg, 0.00 uJdram
OverheadActual   9: 858576 op, 2935090.00 ns, 3.4186 ns/op, 209594.00 uJpkg, 0.00 uJdram
OverheadActual  10: 858576 op, 2935007.00 ns, 3.4185 ns/op, 199951.00 uJpkg, 0.00 uJdram
OverheadActual  11: 858576 op, 2939087.00 ns, 3.4232 ns/op, 215515.00 uJpkg, 0.00 uJdram
OverheadActual  12: 858576 op, 2930763.00 ns, 3.4135 ns/op, 213988.00 uJpkg, 0.00 uJdram
OverheadActual  13: 858576 op, 2940929.00 ns, 3.4254 ns/op, 191283.00 uJpkg, 0.00 uJdram
OverheadActual  14: 858576 op, 2930528.00 ns, 3.4132 ns/op, 188232.00 uJpkg, 0.00 uJdram
OverheadActual  15: 858576 op, 2946093.00 ns, 3.4314 ns/op, 204101.00 uJpkg, 0.00 uJdram

WorkloadWarmup   1: 858576 op, 1000124684.00 ns, 1.1649 us/op, 88520892.00 uJpkg, 0.00 uJdram
WorkloadWarmup   2: 858576 op, 997864896.00 ns, 1.1622 us/op, 85401515.00 uJpkg, 0.00 uJdram
WorkloadWarmup   3: 858576 op, 997111110.00 ns, 1.1614 us/op, 85648523.00 uJpkg, 0.00 uJdram
WorkloadWarmup   4: 858576 op, 995670941.00 ns, 1.1597 us/op, 85876245.00 uJpkg, 0.00 uJdram
WorkloadWarmup   5: 858576 op, 995404605.00 ns, 1.1594 us/op, 85572168.00 uJpkg, 0.00 uJdram
WorkloadWarmup   6: 858576 op, 997087967.00 ns, 1.1613 us/op, 85904932.00 uJpkg, 0.00 uJdram

// BeforeActualRun
WorkloadActual   1: 858576 op, 998421679.00 ns, 1.1629 us/op, 85437831.00 uJpkg, 0.00 uJdram
WorkloadActual   2: 858576 op, 1000211064.00 ns, 1.1650 us/op, 85528102.00 uJpkg, 0.00 uJdram
WorkloadActual   3: 858576 op, 1001728768.00 ns, 1.1667 us/op, 86060144.00 uJpkg, 0.00 uJdram
WorkloadActual   4: 858576 op, 1001591609.00 ns, 1.1666 us/op, 85928247.00 uJpkg, 0.00 uJdram
WorkloadActual   5: 858576 op, 1001140642.00 ns, 1.1660 us/op, 85552088.00 uJpkg, 0.00 uJdram
WorkloadActual   6: 858576 op, 1000972684.00 ns, 1.1659 us/op, 85562220.00 uJpkg, 0.00 uJdram
WorkloadActual   7: 858576 op, 1000250613.00 ns, 1.1650 us/op, 85498683.00 uJpkg, 0.00 uJdram
WorkloadActual   8: 858576 op, 998571477.00 ns, 1.1631 us/op, 85994531.00 uJpkg, 0.00 uJdram
WorkloadActual   9: 858576 op, 1000356158.00 ns, 1.1651 us/op, 86374718.00 uJpkg, 0.00 uJdram
WorkloadActual  10: 858576 op, 1001428827.00 ns, 1.1664 us/op, 86721824.00 uJpkg, 0.00 uJdram
WorkloadActual  11: 858576 op, 1001148429.00 ns, 1.1661 us/op, 85595545.00 uJpkg, 0.00 uJdram
WorkloadActual  12: 858576 op, 998985440.00 ns, 1.1635 us/op, 85383692.00 uJpkg, 0.00 uJdram
WorkloadActual  13: 858576 op, 999667032.00 ns, 1.1643 us/op, 85232509.00 uJpkg, 0.00 uJdram
WorkloadActual  14: 858576 op, 998932081.00 ns, 1.1635 us/op, 85156825.00 uJpkg, 0.00 uJdram
WorkloadActual  15: 858576 op, 1000008962.00 ns, 1.1647 us/op, 85307765.00 uJpkg, 0.00 uJdram

// AfterActualRun
WorkloadResult   1: 858576 op, 995482592.00 ns, 1.1595 us/op, 85437831.00 uJpkg, 0.00 uJdram
WorkloadResult   2: 858576 op, 997271977.00 ns, 1.1615 us/op, 85528102.00 uJpkg, 0.00 uJdram
WorkloadResult   3: 858576 op, 998789681.00 ns, 1.1633 us/op, 86060144.00 uJpkg, 0.00 uJdram
WorkloadResult   4: 858576 op, 998652522.00 ns, 1.1631 us/op, 85928247.00 uJpkg, 0.00 uJdram
WorkloadResult   5: 858576 op, 998201555.00 ns, 1.1626 us/op, 85552088.00 uJpkg, 0.00 uJdram
WorkloadResult   6: 858576 op, 998033597.00 ns, 1.1624 us/op, 85562220.00 uJpkg, 0.00 uJdram
WorkloadResult   7: 858576 op, 997311526.00 ns, 1.1616 us/op, 85498683.00 uJpkg, 0.00 uJdram
WorkloadResult   8: 858576 op, 995632390.00 ns, 1.1596 us/op, 85994531.00 uJpkg, 0.00 uJdram
WorkloadResult   9: 858576 op, 997417071.00 ns, 1.1617 us/op, 86374718.00 uJpkg, 0.00 uJdram
WorkloadResult  10: 858576 op, 998489740.00 ns, 1.1630 us/op, 86721824.00 uJpkg, 0.00 uJdram
WorkloadResult  11: 858576 op, 998209342.00 ns, 1.1626 us/op, 85595545.00 uJpkg, 0.00 uJdram
WorkloadResult  12: 858576 op, 996046353.00 ns, 1.1601 us/op, 85383692.00 uJpkg, 0.00 uJdram
WorkloadResult  13: 858576 op, 996727945.00 ns, 1.1609 us/op, 85232509.00 uJpkg, 0.00 uJdram
WorkloadResult  14: 858576 op, 995992994.00 ns, 1.1601 us/op, 85156825.00 uJpkg, 0.00 uJdram
WorkloadResult  15: 858576 op, 997069875.00 ns, 1.1613 us/op, 85307765.00 uJpkg, 0.00 uJdram

// AfterAll
// Benchmark Process 4057742 has exited with code 0.

Mean = 1.162 μs, StdErr = 0.000 μs (0.03%), N = 15, StdDev = 0.001 μs
Min = 1.159 μs, Q1 = 1.161 μs, Median = 1.162 μs, Q3 = 1.163 μs, Max = 1.163 μs
IQR = 0.002 μs, LowerFence = 1.157 μs, UpperFence = 1.166 μs
ConfidenceInterval = [1.160 μs; 1.163 μs] (CI 99.9%), Margin = 0.001 μs (0.12% of Mean)
Skewness = -0.25, Kurtosis = 1.55, MValue = 2

// ** Remained 15 (50.0%) benchmark(s) to run. Estimated finish 2025-12-31 19:54 (0h 7m from now) **
// **************************
// Benchmark: JsonSerializationBenchmarks.STJ_Serialize_Large: Overhead-Fixed-Energy-5(OutlierMode=DontRemove, IterationCount=15, IterationTime=1s, LaunchCount=1, WarmupCount=6)
// *** Execute ***
// Launch: 1 / 1
// Execute: dotnet Serialization.Bench-Overhead-Fixed-Energy-5-1.dll --anonymousPipes 103 104 --benchmarkName Serialization.Bench.JsonSerializationBenchmarks.STJ_Serialize_Large --job Overhead-Fixed-Energy-5 --benchmarkId 15 in /home/test/rapl-tests/lib-energy-bench/src/Serialization.Bench/bin/Release/net8.0/Serialization.Bench-Overhead-Fixed-Energy-5-1/bin/Release/net8.0
// BeforeAnythingElse

// Benchmark Process Environment Information:
// BenchmarkDotNet v0.15.5-develop (2025-12-31)
// Runtime=.NET 8.0.21 (8.0.21, 8.0.2125.47513), X64 RyuJIT x86-64-v4
// GC=Concurrent Workstation
// HardwareIntrinsics=AVX512 IFMA+VBMI,AVX512 F+BW+CD+DQ+VL,AVX2+BMI1+BMI2+F16C+FMA+LZCNT+MOVBE,AVX,SSE3+SSSE3+SSE4.1+SSE4.2+POPCNT,X86Base+SSE+SSE2,AES+PCLMUL VectorSize=256
// Job: Overhead-Fixed-Energy-5(OutlierMode=DontRemove, IterationCount=15, IterationTime=1s, LaunchCount=1, WarmupCount=6)

OverheadJitting  1: 1 op, 135981.00 ns, 135.9810 us/op, 0.00 uJpkg, 0.00 uJdram
WorkloadJitting  1: 1 op, 7984044.00 ns, 7.9840 ms/op, 511351.00 uJpkg, 0.00 uJdram

OverheadJitting  2: 16 op, 350674.00 ns, 21.9171 us/op, 70861.00 uJpkg, 0.00 uJdram
WorkloadJitting  2: 16 op, 6223300.00 ns, 388.9563 us/op, 432555.00 uJpkg, 0.00 uJdram

WorkloadPilot    1: 16 op, 5967110.00 ns, 372.9444 us/op, 425536.00 uJpkg, 0.00 uJdram
WorkloadPilot    2: 2688 op, 730545974.00 ns, 271.7805 us/op, 69595647.00 uJpkg, 0.00 uJdram
WorkloadPilot    3: 3680 op, 690632819.00 ns, 187.6720 us/op, 63604878.00 uJpkg, 0.00 uJdram
WorkloadPilot    4: 5328 op, 999393846.00 ns, 187.5739 us/op, 92593391.00 uJpkg, 0.00 uJdram
WorkloadPilot    5: 5344 op, 1002278700.00 ns, 187.5522 us/op, 92997870.00 uJpkg, 0.00 uJdram

OverheadWarmup   1: 5344 op, 19040.00 ns, 3.5629 ns/op, 0.00 uJpkg, 0.00 uJdram
OverheadWarmup   2: 5344 op, 18723.00 ns, 3.5036 ns/op, 0.00 uJpkg, 0.00 uJdram
OverheadWarmup   3: 5344 op, 19527.00 ns, 3.6540 ns/op, 0.00 uJpkg, 0.00 uJdram
OverheadWarmup   4: 5344 op, 18731.00 ns, 3.5051 ns/op, 0.00 uJpkg, 0.00 uJdram
OverheadWarmup   5: 5344 op, 18763.00 ns, 3.5110 ns/op, 0.00 uJpkg, 0.00 uJdram
OverheadWarmup   6: 5344 op, 19537.00 ns, 3.6559 ns/op, 0.00 uJpkg, 0.00 uJdram
OverheadWarmup   7: 5344 op, 18724.00 ns, 3.5037 ns/op, 0.00 uJpkg, 0.00 uJdram

OverheadActual   1: 5344 op, 19521.00 ns, 3.6529 ns/op, 0.00 uJpkg, 0.00 uJdram
OverheadActual   2: 5344 op, 18760.00 ns, 3.5105 ns/op, 0.00 uJpkg, 0.00 uJdram
OverheadActual   3: 5344 op, 18760.00 ns, 3.5105 ns/op, 0.00 uJpkg, 0.00 uJdram
OverheadActual   4: 5344 op, 18736.00 ns, 3.5060 ns/op, 0.00 uJpkg, 0.00 uJdram
OverheadActual   5: 5344 op, 18753.00 ns, 3.5092 ns/op, 0.00 uJpkg, 0.00 uJdram
OverheadActual   6: 5344 op, 19059.00 ns, 3.5664 ns/op, 0.00 uJpkg, 0.00 uJdram
OverheadActual   7: 5344 op, 18748.00 ns, 3.5082 ns/op, 0.00 uJpkg, 0.00 uJdram
OverheadActual   8: 5344 op, 18730.00 ns, 3.5049 ns/op, 0.00 uJpkg, 0.00 uJdram
OverheadActual   9: 5344 op, 18735.00 ns, 3.5058 ns/op, 0.00 uJpkg, 0.00 uJdram
OverheadActual  10: 5344 op, 18740.00 ns, 3.5067 ns/op, 0.00 uJpkg, 0.00 uJdram
OverheadActual  11: 5344 op, 21463.00 ns, 4.0163 ns/op, 0.00 uJpkg, 0.00 uJdram
OverheadActual  12: 5344 op, 18733.00 ns, 3.5054 ns/op, 0.00 uJpkg, 0.00 uJdram
OverheadActual  13: 5344 op, 18740.00 ns, 3.5067 ns/op, 0.00 uJpkg, 0.00 uJdram
OverheadActual  14: 5344 op, 18740.00 ns, 3.5067 ns/op, 0.00 uJpkg, 0.00 uJdram
OverheadActual  15: 5344 op, 19532.00 ns, 3.6549 ns/op, 0.00 uJpkg, 0.00 uJdram

WorkloadWarmup   1: 5344 op, 1009891408.00 ns, 188.9767 us/op, 95364746.00 uJpkg, 0.00 uJdram
WorkloadWarmup   2: 5344 op, 1005250517.00 ns, 188.1083 us/op, 93339421.00 uJpkg, 0.00 uJdram
WorkloadWarmup   3: 5344 op, 1004564196.00 ns, 187.9798 us/op, 92713813.00 uJpkg, 0.00 uJdram
WorkloadWarmup   4: 5344 op, 1005946485.00 ns, 188.2385 us/op, 93041693.00 uJpkg, 0.00 uJdram
WorkloadWarmup   5: 5344 op, 1004784160.00 ns, 188.0210 us/op, 92952399.00 uJpkg, 0.00 uJdram
WorkloadWarmup   6: 5344 op, 1004931363.00 ns, 188.0485 us/op, 93022222.00 uJpkg, 0.00 uJdram

// BeforeActualRun
WorkloadActual   1: 5344 op, 1010973021.00 ns, 189.1791 us/op, 94002323.00 uJpkg, 0.00 uJdram
WorkloadActual   2: 5344 op, 1004789685.00 ns, 188.0220 us/op, 93133551.00 uJpkg, 0.00 uJdram
WorkloadActual   3: 5344 op, 1008319362.00 ns, 188.6825 us/op, 93968876.00 uJpkg, 0.00 uJdram
WorkloadActual   4: 5344 op, 1006643577.00 ns, 188.3689 us/op, 93592900.00 uJpkg, 0.00 uJdram
WorkloadActual   5: 5344 op, 1007718714.00 ns, 188.5701 us/op, 93599492.00 uJpkg, 0.00 uJdram
WorkloadActual   6: 5344 op, 1008821640.00 ns, 188.7765 us/op, 94418154.00 uJpkg, 0.00 uJdram
WorkloadActual   7: 5344 op, 1005160950.00 ns, 188.0915 us/op, 93557316.00 uJpkg, 0.00 uJdram
WorkloadActual   8: 5344 op, 1009396250.00 ns, 188.8840 us/op, 93549260.00 uJpkg, 0.00 uJdram
WorkloadActual   9: 5344 op, 1007960149.00 ns, 188.6153 us/op, 93907719.00 uJpkg, 0.00 uJdram
WorkloadActual  10: 5344 op, 1006694836.00 ns, 188.3785 us/op, 94243533.00 uJpkg, 0.00 uJdram
WorkloadActual  11: 5344 op, 1006126213.00 ns, 188.2721 us/op, 93907292.00 uJpkg, 0.00 uJdram
WorkloadActual  12: 5344 op, 1005471590.00 ns, 188.1496 us/op, 93541447.00 uJpkg, 0.00 uJdram
WorkloadActual  13: 5344 op, 1006196683.00 ns, 188.2853 us/op, 94099429.00 uJpkg, 0.00 uJdram
WorkloadActual  14: 5344 op, 1005465209.00 ns, 188.1484 us/op, 93925419.00 uJpkg, 0.00 uJdram
WorkloadActual  15: 5344 op, 1005057683.00 ns, 188.0722 us/op, 93405217.00 uJpkg, 0.00 uJdram

// AfterActualRun
WorkloadResult   1: 5344 op, 1010954273.00 ns, 189.1756 us/op, 94002323.00 uJpkg, 0.00 uJdram
WorkloadResult   2: 5344 op, 1004770937.00 ns, 188.0185 us/op, 93133551.00 uJpkg, 0.00 uJdram
WorkloadResult   3: 5344 op, 1008300614.00 ns, 188.6790 us/op, 93968876.00 uJpkg, 0.00 uJdram
WorkloadResult   4: 5344 op, 1006624829.00 ns, 188.3654 us/op, 93592900.00 uJpkg, 0.00 uJdram
WorkloadResult   5: 5344 op, 1007699966.00 ns, 188.5666 us/op, 93599492.00 uJpkg, 0.00 uJdram
WorkloadResult   6: 5344 op, 1008802892.00 ns, 188.7730 us/op, 94418154.00 uJpkg, 0.00 uJdram
WorkloadResult   7: 5344 op, 1005142202.00 ns, 188.0880 us/op, 93557316.00 uJpkg, 0.00 uJdram
WorkloadResult   8: 5344 op, 1009377502.00 ns, 188.8805 us/op, 93549260.00 uJpkg, 0.00 uJdram
WorkloadResult   9: 5344 op, 1007941401.00 ns, 188.6118 us/op, 93907719.00 uJpkg, 0.00 uJdram
WorkloadResult  10: 5344 op, 1006676088.00 ns, 188.3750 us/op, 94243533.00 uJpkg, 0.00 uJdram
WorkloadResult  11: 5344 op, 1006107465.00 ns, 188.2686 us/op, 93907292.00 uJpkg, 0.00 uJdram
WorkloadResult  12: 5344 op, 1005452842.00 ns, 188.1461 us/op, 93541447.00 uJpkg, 0.00 uJdram
WorkloadResult  13: 5344 op, 1006177935.00 ns, 188.2818 us/op, 94099429.00 uJpkg, 0.00 uJdram
WorkloadResult  14: 5344 op, 1005446461.00 ns, 188.1449 us/op, 93925419.00 uJpkg, 0.00 uJdram
WorkloadResult  15: 5344 op, 1005038935.00 ns, 188.0687 us/op, 93405217.00 uJpkg, 0.00 uJdram

// AfterAll
// Benchmark Process 4057759 has exited with code 0.

Mean = 188.430 μs, StdErr = 0.088 μs (0.05%), N = 15, StdDev = 0.341 μs
Min = 188.019 μs, Q1 = 188.146 μs, Median = 188.365 μs, Q3 = 188.645 μs, Max = 189.176 μs
IQR = 0.500 μs, LowerFence = 187.396 μs, UpperFence = 189.395 μs
ConfidenceInterval = [188.065 μs; 188.794 μs] (CI 99.9%), Margin = 0.364 μs (0.19% of Mean)
Skewness = 0.61, Kurtosis = 2.2, MValue = 2

// ** Remained 14 (46.7%) benchmark(s) to run. Estimated finish 2025-12-31 19:54 (0h 6m from now) **
// **************************
// Benchmark: JsonSerializationBenchmarks.Newtonsoft_Serialize_Large: Overhead-Fixed-Energy-5(OutlierMode=DontRemove, IterationCount=15, IterationTime=1s, LaunchCount=1, WarmupCount=6)
// *** Execute ***
// Launch: 1 / 1
// Execute: dotnet Serialization.Bench-Overhead-Fixed-Energy-5-1.dll --anonymousPipes 103 104 --benchmarkName Serialization.Bench.JsonSerializationBenchmarks.Newtonsoft_Serialize_Large --job Overhead-Fixed-Energy-5 --benchmarkId 16 in /home/test/rapl-tests/lib-energy-bench/src/Serialization.Bench/bin/Release/net8.0/Serialization.Bench-Overhead-Fixed-Energy-5-1/bin/Release/net8.0
// BeforeAnythingElse

// Benchmark Process Environment Information:
// BenchmarkDotNet v0.15.5-develop (2025-12-31)
// Runtime=.NET 8.0.21 (8.0.21, 8.0.2125.47513), X64 RyuJIT x86-64-v4
// GC=Concurrent Workstation
// HardwareIntrinsics=AVX512 IFMA+VBMI,AVX512 F+BW+CD+DQ+VL,AVX2+BMI1+BMI2+F16C+FMA+LZCNT+MOVBE,AVX,SSE3+SSSE3+SSE4.1+SSE4.2+POPCNT,X86Base+SSE+SSE2,AES+PCLMUL VectorSize=256
// Job: Overhead-Fixed-Energy-5(OutlierMode=DontRemove, IterationCount=15, IterationTime=1s, LaunchCount=1, WarmupCount=6)

OverheadJitting  1: 1 op, 134788.00 ns, 134.7880 us/op, 0.00 uJpkg, 0.00 uJdram
WorkloadJitting  1: 1 op, 50684426.00 ns, 50.6844 ms/op, 3234001.00 uJpkg, 0.00 uJdram

OverheadJitting  2: 16 op, 373391.00 ns, 23.3369 us/op, 0.00 uJpkg, 0.00 uJdram
WorkloadJitting  2: 16 op, 15994090.00 ns, 999.6306 us/op, 1133908.00 uJpkg, 0.00 uJdram

WorkloadPilot    1: 16 op, 15178491.00 ns, 948.6557 us/op, 1106626.00 uJpkg, 0.00 uJdram
WorkloadPilot    2: 1056 op, 458266820.00 ns, 433.9648 us/op, 38791161.00 uJpkg, 0.00 uJdram
WorkloadPilot    3: 2304 op, 722461532.00 ns, 313.5684 us/op, 59882660.00 uJpkg, 0.00 uJdram
WorkloadPilot    4: 3200 op, 1004543699.00 ns, 313.9199 us/op, 83751251.00 uJpkg, 0.00 uJdram

OverheadWarmup   1: 3200 op, 13390.00 ns, 4.1844 ns/op, 0.00 uJpkg, 0.00 uJdram
OverheadWarmup   2: 3200 op, 11322.00 ns, 3.5381 ns/op, 0.00 uJpkg, 0.00 uJdram
OverheadWarmup   3: 3200 op, 11333.00 ns, 3.5416 ns/op, 0.00 uJpkg, 0.00 uJdram
OverheadWarmup   4: 3200 op, 11345.00 ns, 3.5453 ns/op, 0.00 uJpkg, 0.00 uJdram
OverheadWarmup   5: 3200 op, 11346.00 ns, 3.5456 ns/op, 0.00 uJpkg, 0.00 uJdram
OverheadWarmup   6: 3200 op, 11333.00 ns, 3.5416 ns/op, 0.00 uJpkg, 0.00 uJdram
OverheadWarmup   7: 3200 op, 11329.00 ns, 3.5403 ns/op, 0.00 uJpkg, 0.00 uJdram
OverheadWarmup   8: 3200 op, 11336.00 ns, 3.5425 ns/op, 0.00 uJpkg, 0.00 uJdram
OverheadWarmup   9: 3200 op, 11334.00 ns, 3.5419 ns/op, 0.00 uJpkg, 0.00 uJdram

OverheadActual   1: 3200 op, 11348.00 ns, 3.5463 ns/op, 0.00 uJpkg, 0.00 uJdram
OverheadActual   2: 3200 op, 11342.00 ns, 3.5444 ns/op, 0.00 uJpkg, 0.00 uJdram
OverheadActual   3: 3200 op, 11340.00 ns, 3.5438 ns/op, 0.00 uJpkg, 0.00 uJdram
OverheadActual   4: 3200 op, 11343.00 ns, 3.5447 ns/op, 0.00 uJpkg, 0.00 uJdram
OverheadActual   5: 3200 op, 11360.00 ns, 3.5500 ns/op, 0.00 uJpkg, 0.00 uJdram
OverheadActual   6: 3200 op, 11353.00 ns, 3.5478 ns/op, 0.00 uJpkg, 0.00 uJdram
OverheadActual   7: 3200 op, 11340.00 ns, 3.5438 ns/op, 0.00 uJpkg, 0.00 uJdram
OverheadActual   8: 3200 op, 11814.00 ns, 3.6919 ns/op, 0.00 uJpkg, 0.00 uJdram
OverheadActual   9: 3200 op, 11330.00 ns, 3.5406 ns/op, 0.00 uJpkg, 0.00 uJdram
OverheadActual  10: 3200 op, 11327.00 ns, 3.5397 ns/op, 0.00 uJpkg, 0.00 uJdram
OverheadActual  11: 3200 op, 11331.00 ns, 3.5409 ns/op, 0.00 uJpkg, 0.00 uJdram
OverheadActual  12: 3200 op, 11730.00 ns, 3.6656 ns/op, 0.00 uJpkg, 0.00 uJdram
OverheadActual  13: 3200 op, 11339.00 ns, 3.5434 ns/op, 0.00 uJpkg, 0.00 uJdram
OverheadActual  14: 3200 op, 11356.00 ns, 3.5488 ns/op, 0.00 uJpkg, 0.00 uJdram
OverheadActual  15: 3200 op, 11324.00 ns, 3.5388 ns/op, 0.00 uJpkg, 0.00 uJdram

WorkloadWarmup   1: 3200 op, 1004543304.00 ns, 313.9198 us/op, 85508265.00 uJpkg, 0.00 uJdram
WorkloadWarmup   2: 3200 op, 1002460499.00 ns, 313.2689 us/op, 83543243.00 uJpkg, 0.00 uJdram
WorkloadWarmup   3: 3200 op, 1002497968.00 ns, 313.2806 us/op, 83115144.00 uJpkg, 0.00 uJdram
WorkloadWarmup   4: 3200 op, 1003437694.00 ns, 313.5743 us/op, 83542755.00 uJpkg, 0.00 uJdram
WorkloadWarmup   5: 3200 op, 1002170579.00 ns, 313.1783 us/op, 83489350.00 uJpkg, 0.00 uJdram
WorkloadWarmup   6: 3200 op, 1002034709.00 ns, 313.1358 us/op, 83521453.00 uJpkg, 0.00 uJdram

// BeforeActualRun
WorkloadActual   1: 3200 op, 1003327658.00 ns, 313.5399 us/op, 83295441.00 uJpkg, 0.00 uJdram
WorkloadActual   2: 3200 op, 1001034739.00 ns, 312.8234 us/op, 83435700.00 uJpkg, 0.00 uJdram
WorkloadActual   3: 3200 op, 1002115508.00 ns, 313.1611 us/op, 83310028.00 uJpkg, 0.00 uJdram
WorkloadActual   4: 3200 op, 1002171715.00 ns, 313.1787 us/op, 83034334.00 uJpkg, 0.00 uJdram
WorkloadActual   5: 3200 op, 1001587414.00 ns, 312.9961 us/op, 82600375.00 uJpkg, 0.00 uJdram
WorkloadActual   6: 3200 op, 1002004621.00 ns, 313.1264 us/op, 82442721.00 uJpkg, 0.00 uJdram
WorkloadActual   7: 3200 op, 1001098828.00 ns, 312.8434 us/op, 83161896.00 uJpkg, 0.00 uJdram
WorkloadActual   8: 3200 op, 1002014721.00 ns, 313.1296 us/op, 83145783.00 uJpkg, 0.00 uJdram
WorkloadActual   9: 3200 op, 1002635125.00 ns, 313.3235 us/op, 83097078.00 uJpkg, 0.00 uJdram
WorkloadActual  10: 3200 op, 1001661759.00 ns, 313.0193 us/op, 83833221.00 uJpkg, 0.00 uJdram
WorkloadActual  11: 3200 op, 1001632070.00 ns, 313.0100 us/op, 82798555.00 uJpkg, 0.00 uJdram
WorkloadActual  12: 3200 op, 1003186380.00 ns, 313.4957 us/op, 83967192.00 uJpkg, 0.00 uJdram
WorkloadActual  13: 3200 op, 1002560163.00 ns, 313.3001 us/op, 82959932.00 uJpkg, 0.00 uJdram
WorkloadActual  14: 3200 op, 1000745074.00 ns, 312.7328 us/op, 82838167.00 uJpkg, 0.00 uJdram
WorkloadActual  15: 3200 op, 1000708233.00 ns, 312.7213 us/op, 82997041.00 uJpkg, 0.00 uJdram

// AfterActualRun
WorkloadResult   1: 3200 op, 1003316316.00 ns, 313.5363 us/op, 83295441.00 uJpkg, 0.00 uJdram
WorkloadResult   2: 3200 op, 1001023397.00 ns, 312.8198 us/op, 83435700.00 uJpkg, 0.00 uJdram
WorkloadResult   3: 3200 op, 1002104166.00 ns, 313.1576 us/op, 83310028.00 uJpkg, 0.00 uJdram
WorkloadResult   4: 3200 op, 1002160373.00 ns, 313.1751 us/op, 83034334.00 uJpkg, 0.00 uJdram
WorkloadResult   5: 3200 op, 1001576072.00 ns, 312.9925 us/op, 82600375.00 uJpkg, 0.00 uJdram
WorkloadResult   6: 3200 op, 1001993279.00 ns, 313.1229 us/op, 82442721.00 uJpkg, 0.00 uJdram
WorkloadResult   7: 3200 op, 1001087486.00 ns, 312.8398 us/op, 83161896.00 uJpkg, 0.00 uJdram
WorkloadResult   8: 3200 op, 1002003379.00 ns, 313.1261 us/op, 83145783.00 uJpkg, 0.00 uJdram
WorkloadResult   9: 3200 op, 1002623783.00 ns, 313.3199 us/op, 83097078.00 uJpkg, 0.00 uJdram
WorkloadResult  10: 3200 op, 1001650417.00 ns, 313.0158 us/op, 83833221.00 uJpkg, 0.00 uJdram
WorkloadResult  11: 3200 op, 1001620728.00 ns, 313.0065 us/op, 82798555.00 uJpkg, 0.00 uJdram
WorkloadResult  12: 3200 op, 1003175038.00 ns, 313.4922 us/op, 83967192.00 uJpkg, 0.00 uJdram
WorkloadResult  13: 3200 op, 1002548821.00 ns, 313.2965 us/op, 82959932.00 uJpkg, 0.00 uJdram
WorkloadResult  14: 3200 op, 1000733732.00 ns, 312.7293 us/op, 82838167.00 uJpkg, 0.00 uJdram
WorkloadResult  15: 3200 op, 1000696891.00 ns, 312.7178 us/op, 82997041.00 uJpkg, 0.00 uJdram

// AfterAll
// Benchmark Process 4057777 has exited with code 0.

Mean = 313.090 μs, StdErr = 0.065 μs (0.02%), N = 15, StdDev = 0.253 μs
Min = 312.718 μs, Q1 = 312.916 μs, Median = 313.123 μs, Q3 = 313.236 μs, Max = 313.536 μs
IQR = 0.320 μs, LowerFence = 312.437 μs, UpperFence = 313.715 μs
ConfidenceInterval = [312.819 μs; 313.360 μs] (CI 99.9%), Margin = 0.271 μs (0.09% of Mean)
Skewness = 0.17, Kurtosis = 1.89, MValue = 2

// ** Remained 13 (43.3%) benchmark(s) to run. Estimated finish 2025-12-31 19:54 (0h 5m from now) **
// **************************
// Benchmark: JsonSerializationBenchmarks.Jil_Serialize_Large: Overhead-Fixed-Energy-5(OutlierMode=DontRemove, IterationCount=15, IterationTime=1s, LaunchCount=1, WarmupCount=6)
// *** Execute ***
// Launch: 1 / 1
// Execute: dotnet Serialization.Bench-Overhead-Fixed-Energy-5-1.dll --anonymousPipes 103 104 --benchmarkName Serialization.Bench.JsonSerializationBenchmarks.Jil_Serialize_Large --job Overhead-Fixed-Energy-5 --benchmarkId 17 in /home/test/rapl-tests/lib-energy-bench/src/Serialization.Bench/bin/Release/net8.0/Serialization.Bench-Overhead-Fixed-Energy-5-1/bin/Release/net8.0
// BeforeAnythingElse

// Benchmark Process Environment Information:
// BenchmarkDotNet v0.15.5-develop (2025-12-31)
// Runtime=.NET 8.0.21 (8.0.21, 8.0.2125.47513), X64 RyuJIT x86-64-v4
// GC=Concurrent Workstation
// HardwareIntrinsics=AVX512 IFMA+VBMI,AVX512 F+BW+CD+DQ+VL,AVX2+BMI1+BMI2+F16C+FMA+LZCNT+MOVBE,AVX,SSE3+SSSE3+SSE4.1+SSE4.2+POPCNT,X86Base+SSE+SSE2,AES+PCLMUL VectorSize=256
// Job: Overhead-Fixed-Energy-5(OutlierMode=DontRemove, IterationCount=15, IterationTime=1s, LaunchCount=1, WarmupCount=6)

OverheadJitting  1: 1 op, 138054.00 ns, 138.0540 us/op, 69031.00 uJpkg, 0.00 uJdram
WorkloadJitting  1: 1 op, 155930930.00 ns, 155.9309 ms/op, 9733557.00 uJpkg, 0.00 uJdram

WorkloadPilot    1: 4 op, 1628044.00 ns, 407.0110 us/op, 146789.00 uJpkg, 0.00 uJdram
WorkloadPilot    2: 2457 op, 744803909.00 ns, 303.1355 us/op, 62441795.00 uJpkg, 0.00 uJdram
WorkloadPilot    3: 3299 op, 894036037.00 ns, 271.0021 us/op, 77153856.00 uJpkg, 0.00 uJdram
WorkloadPilot    4: 3690 op, 1000097699.00 ns, 271.0292 us/op, 86265526.00 uJpkg, 0.00 uJdram

WorkloadWarmup   1: 3690 op, 1001666550.00 ns, 271.4543 us/op, 86338708.00 uJpkg, 0.00 uJdram
WorkloadWarmup   2: 3690 op, 1000356087.00 ns, 271.0992 us/op, 86618064.00 uJpkg, 0.00 uJdram
WorkloadWarmup   3: 3690 op, 1001714463.00 ns, 271.4673 us/op, 87161825.00 uJpkg, 0.00 uJdram
WorkloadWarmup   4: 3690 op, 1000078819.00 ns, 271.0241 us/op, 86425987.00 uJpkg, 0.00 uJdram
WorkloadWarmup   5: 3690 op, 1000476828.00 ns, 271.1319 us/op, 86348229.00 uJpkg, 0.00 uJdram
WorkloadWarmup   6: 3690 op, 1000721370.00 ns, 271.1982 us/op, 87443807.00 uJpkg, 0.00 uJdram

// BeforeActualRun
WorkloadActual   1: 3690 op, 1001327504.00 ns, 271.3625 us/op, 86651939.00 uJpkg, 0.00 uJdram
WorkloadActual   2: 3690 op, 999662923.00 ns, 270.9114 us/op, 86617271.00 uJpkg, 0.00 uJdram
WorkloadActual   3: 3690 op, 1000414050.00 ns, 271.1149 us/op, 86709129.00 uJpkg, 0.00 uJdram
WorkloadActual   4: 3690 op, 1000483762.00 ns, 271.1338 us/op, 86210045.00 uJpkg, 0.00 uJdram
WorkloadActual   5: 3690 op, 1000762508.00 ns, 271.2094 us/op, 86763449.00 uJpkg, 0.00 uJdram
WorkloadActual   6: 3690 op, 1000883639.00 ns, 271.2422 us/op, 87185690.00 uJpkg, 0.00 uJdram
WorkloadActual   7: 3690 op, 1002958592.00 ns, 271.8045 us/op, 89103470.00 uJpkg, 0.00 uJdram
WorkloadActual   8: 3690 op, 1002599908.00 ns, 271.7073 us/op, 88684038.00 uJpkg, 0.00 uJdram
WorkloadActual   9: 3690 op, 1001960159.00 ns, 271.5339 us/op, 87906025.00 uJpkg, 0.00 uJdram
WorkloadActual  10: 3690 op, 1000936846.00 ns, 271.2566 us/op, 87173849.00 uJpkg, 0.00 uJdram
WorkloadActual  11: 3690 op, 1001108149.00 ns, 271.3030 us/op, 87487203.00 uJpkg, 0.00 uJdram
WorkloadActual  12: 3690 op, 1002977181.00 ns, 271.8095 us/op, 87962360.00 uJpkg, 0.00 uJdram
WorkloadActual  13: 3690 op, 1000724850.00 ns, 271.1991 us/op, 86931051.00 uJpkg, 0.00 uJdram
WorkloadActual  14: 3690 op, 1001900960.00 ns, 271.5179 us/op, 88909562.00 uJpkg, 0.00 uJdram
WorkloadActual  15: 3690 op, 1001196854.00 ns, 271.3271 us/op, 87434286.00 uJpkg, 0.00 uJdram

// AfterActualRun
WorkloadResult   1: 3690 op, 1001327504.00 ns, 271.3625 us/op, 86651939.00 uJpkg, 0.00 uJdram
WorkloadResult   2: 3690 op, 999662923.00 ns, 270.9114 us/op, 86617271.00 uJpkg, 0.00 uJdram
WorkloadResult   3: 3690 op, 1000414050.00 ns, 271.1149 us/op, 86709129.00 uJpkg, 0.00 uJdram
WorkloadResult   4: 3690 op, 1000483762.00 ns, 271.1338 us/op, 86210045.00 uJpkg, 0.00 uJdram
WorkloadResult   5: 3690 op, 1000762508.00 ns, 271.2094 us/op, 86763449.00 uJpkg, 0.00 uJdram
WorkloadResult   6: 3690 op, 1000883639.00 ns, 271.2422 us/op, 87185690.00 uJpkg, 0.00 uJdram
WorkloadResult   7: 3690 op, 1002958592.00 ns, 271.8045 us/op, 89103470.00 uJpkg, 0.00 uJdram
WorkloadResult   8: 3690 op, 1002599908.00 ns, 271.7073 us/op, 88684038.00 uJpkg, 0.00 uJdram
WorkloadResult   9: 3690 op, 1001960159.00 ns, 271.5339 us/op, 87906025.00 uJpkg, 0.00 uJdram
WorkloadResult  10: 3690 op, 1000936846.00 ns, 271.2566 us/op, 87173849.00 uJpkg, 0.00 uJdram
WorkloadResult  11: 3690 op, 1001108149.00 ns, 271.3030 us/op, 87487203.00 uJpkg, 0.00 uJdram
WorkloadResult  12: 3690 op, 1002977181.00 ns, 271.8095 us/op, 87962360.00 uJpkg, 0.00 uJdram
WorkloadResult  13: 3690 op, 1000724850.00 ns, 271.1991 us/op, 86931051.00 uJpkg, 0.00 uJdram
WorkloadResult  14: 3690 op, 1001900960.00 ns, 271.5179 us/op, 88909562.00 uJpkg, 0.00 uJdram
WorkloadResult  15: 3690 op, 1001196854.00 ns, 271.3271 us/op, 87434286.00 uJpkg, 0.00 uJdram

// AfterAll
// Benchmark Process 4057795 has exited with code 0.

Mean = 271.362 μs, StdErr = 0.068 μs (0.02%), N = 15, StdDev = 0.263 μs
Min = 270.911 μs, Q1 = 271.204 μs, Median = 271.303 μs, Q3 = 271.526 μs, Max = 271.810 μs
IQR = 0.322 μs, LowerFence = 270.722 μs, UpperFence = 272.008 μs
ConfidenceInterval = [271.081 μs; 271.643 μs] (CI 99.9%), Margin = 0.281 μs (0.10% of Mean)
Skewness = 0.35, Kurtosis = 2.01, MValue = 2

// ** Remained 12 (40.0%) benchmark(s) to run. Estimated finish 2025-12-31 19:54 (0h 5m from now) **
// **************************
// Benchmark: JsonSerializationBenchmarks.Utf8Json_Serialize_Large: Overhead-Fixed-Energy-5(OutlierMode=DontRemove, IterationCount=15, IterationTime=1s, LaunchCount=1, WarmupCount=6)
// *** Execute ***
// Launch: 1 / 1
// Execute: dotnet Serialization.Bench-Overhead-Fixed-Energy-5-1.dll --anonymousPipes 103 104 --benchmarkName Serialization.Bench.JsonSerializationBenchmarks.Utf8Json_Serialize_Large --job Overhead-Fixed-Energy-5 --benchmarkId 18 in /home/test/rapl-tests/lib-energy-bench/src/Serialization.Bench/bin/Release/net8.0/Serialization.Bench-Overhead-Fixed-Energy-5-1/bin/Release/net8.0
// BeforeAnythingElse

// Benchmark Process Environment Information:
// BenchmarkDotNet v0.15.5-develop (2025-12-31)
// Runtime=.NET 8.0.21 (8.0.21, 8.0.2125.47513), X64 RyuJIT x86-64-v4
// GC=Concurrent Workstation
// HardwareIntrinsics=AVX512 IFMA+VBMI,AVX512 F+BW+CD+DQ+VL,AVX2+BMI1+BMI2+F16C+FMA+LZCNT+MOVBE,AVX,SSE3+SSSE3+SSE4.1+SSE4.2+POPCNT,X86Base+SSE+SSE2,AES+PCLMUL VectorSize=256
// Job: Overhead-Fixed-Energy-5(OutlierMode=DontRemove, IterationCount=15, IterationTime=1s, LaunchCount=1, WarmupCount=6)

OverheadJitting  1: 1 op, 136617.00 ns, 136.6170 us/op, 81970.00 uJpkg, 0.00 uJdram
WorkloadJitting  1: 1 op, 54360288.00 ns, 54.3603 ms/op, 3469657.00 uJpkg, 0.00 uJdram

OverheadJitting  2: 16 op, 374795.00 ns, 23.4247 us/op, 0.00 uJpkg, 0.00 uJdram
WorkloadJitting  2: 16 op, 13196529.00 ns, 824.7831 us/op, 993101.00 uJpkg, 0.00 uJdram

WorkloadPilot    1: 16 op, 12261290.00 ns, 766.3306 us/op, 893003.00 uJpkg, 0.00 uJdram
WorkloadPilot    2: 1312 op, 489685762.00 ns, 373.2361 us/op, 45504217.00 uJpkg, 0.00 uJdram
WorkloadPilot    3: 2688 op, 756671249.00 ns, 281.4997 us/op, 73248896.00 uJpkg, 0.00 uJdram
WorkloadPilot    4: 3552 op, 998073039.00 ns, 280.9890 us/op, 96788326.00 uJpkg, 0.00 uJdram
WorkloadPilot    5: 3568 op, 999722679.00 ns, 280.1913 us/op, 96811153.00 uJpkg, 0.00 uJdram
WorkloadPilot    6: 3584 op, 1003404443.00 ns, 279.9678 us/op, 97470575.00 uJpkg, 0.00 uJdram

OverheadWarmup   1: 3584 op, 12981.00 ns, 3.6219 ns/op, 0.00 uJpkg, 0.00 uJdram
OverheadWarmup   2: 3584 op, 12691.00 ns, 3.5410 ns/op, 0.00 uJpkg, 0.00 uJdram
OverheadWarmup   3: 3584 op, 12707.00 ns, 3.5455 ns/op, 0.00 uJpkg, 0.00 uJdram
OverheadWarmup   4: 3584 op, 12720.00 ns, 3.5491 ns/op, 0.00 uJpkg, 0.00 uJdram
OverheadWarmup   5: 3584 op, 12713.00 ns, 3.5472 ns/op, 0.00 uJpkg, 0.00 uJdram
OverheadWarmup   6: 3584 op, 12720.00 ns, 3.5491 ns/op, 0.00 uJpkg, 0.00 uJdram
OverheadWarmup   7: 3584 op, 12703.00 ns, 3.5444 ns/op, 0.00 uJpkg, 0.00 uJdram

OverheadActual   1: 3584 op, 14674.00 ns, 4.0943 ns/op, 0.00 uJpkg, 0.00 uJdram
OverheadActual   2: 3584 op, 12722.00 ns, 3.5497 ns/op, 0.00 uJpkg, 0.00 uJdram
OverheadActual   3: 3584 op, 12715.00 ns, 3.5477 ns/op, 0.00 uJpkg, 0.00 uJdram
OverheadActual   4: 3584 op, 12701.00 ns, 3.5438 ns/op, 0.00 uJpkg, 0.00 uJdram
OverheadActual   5: 3584 op, 12698.00 ns, 3.5430 ns/op, 0.00 uJpkg, 0.00 uJdram
OverheadActual   6: 3584 op, 12700.00 ns, 3.5435 ns/op, 0.00 uJpkg, 0.00 uJdram
OverheadActual   7: 3584 op, 12700.00 ns, 3.5435 ns/op, 0.00 uJpkg, 0.00 uJdram
OverheadActual   8: 3584 op, 12709.00 ns, 3.5460 ns/op, 0.00 uJpkg, 0.00 uJdram
OverheadActual   9: 3584 op, 12715.00 ns, 3.5477 ns/op, 0.00 uJpkg, 0.00 uJdram
OverheadActual  10: 3584 op, 12704.00 ns, 3.5446 ns/op, 0.00 uJpkg, 0.00 uJdram
OverheadActual  11: 3584 op, 12696.00 ns, 3.5424 ns/op, 0.00 uJpkg, 0.00 uJdram
OverheadActual  12: 3584 op, 13083.00 ns, 3.6504 ns/op, 0.00 uJpkg, 0.00 uJdram
OverheadActual  13: 3584 op, 12709.00 ns, 3.5460 ns/op, 0.00 uJpkg, 0.00 uJdram
OverheadActual  14: 3584 op, 12707.00 ns, 3.5455 ns/op, 0.00 uJpkg, 0.00 uJdram
OverheadActual  15: 3584 op, 12701.00 ns, 3.5438 ns/op, 0.00 uJpkg, 0.00 uJdram

WorkloadWarmup   1: 3584 op, 1023186955.00 ns, 285.4874 us/op, 100788316.00 uJpkg, 0.00 uJdram
WorkloadWarmup   2: 3584 op, 1014806629.00 ns, 283.1492 us/op, 98990042.00 uJpkg, 0.00 uJdram
WorkloadWarmup   3: 3584 op, 1005503257.00 ns, 280.5534 us/op, 97342646.00 uJpkg, 0.00 uJdram
WorkloadWarmup   4: 3584 op, 1005485399.00 ns, 280.5484 us/op, 97825433.00 uJpkg, 0.00 uJdram
WorkloadWarmup   5: 3584 op, 1004334837.00 ns, 280.2274 us/op, 97443232.00 uJpkg, 0.00 uJdram
WorkloadWarmup   6: 3584 op, 1004070655.00 ns, 280.1536 us/op, 97657892.00 uJpkg, 0.00 uJdram

// BeforeActualRun
WorkloadActual   1: 3584 op, 1016545127.00 ns, 283.6342 us/op, 98387871.00 uJpkg, 0.00 uJdram
WorkloadActual   2: 3584 op, 1003791233.00 ns, 280.0757 us/op, 97969171.00 uJpkg, 0.00 uJdram
WorkloadActual   3: 3584 op, 1000076855.00 ns, 279.0393 us/op, 98548881.00 uJpkg, 0.00 uJdram
WorkloadActual   4: 3584 op, 1033734882.00 ns, 288.4305 us/op, 98889212.00 uJpkg, 0.00 uJdram
WorkloadActual   5: 3584 op, 1008163304.00 ns, 281.2956 us/op, 98604850.00 uJpkg, 0.00 uJdram
WorkloadActual   6: 3584 op, 1008927312.00 ns, 281.5087 us/op, 98414543.00 uJpkg, 0.00 uJdram
WorkloadActual   7: 3584 op, 1006101366.00 ns, 280.7202 us/op, 98223931.00 uJpkg, 0.00 uJdram
WorkloadActual   8: 3584 op, 1019360907.00 ns, 284.4199 us/op, 98395195.00 uJpkg, 0.00 uJdram
WorkloadActual   9: 3584 op, 999292238.00 ns, 278.8204 us/op, 98309135.00 uJpkg, 0.00 uJdram
WorkloadActual  10: 3584 op, 1004384189.00 ns, 280.2411 us/op, 99108023.00 uJpkg, 0.00 uJdram
WorkloadActual  11: 3584 op, 1000326972.00 ns, 279.1091 us/op, 98267083.00 uJpkg, 0.00 uJdram
WorkloadActual  12: 3584 op, 1004201459.00 ns, 280.1901 us/op, 98497612.00 uJpkg, 0.00 uJdram
WorkloadActual  13: 3584 op, 1001672364.00 ns, 279.4845 us/op, 98417777.00 uJpkg, 0.00 uJdram
WorkloadActual  14: 3584 op, 1001777646.00 ns, 279.5139 us/op, 98411613.00 uJpkg, 0.00 uJdram
WorkloadActual  15: 3584 op, 1016430153.00 ns, 283.6022 us/op, 97809564.00 uJpkg, 0.00 uJdram

// AfterActualRun
WorkloadResult   1: 3584 op, 1016532420.00 ns, 283.6307 us/op, 98387871.00 uJpkg, 0.00 uJdram
WorkloadResult   2: 3584 op, 1003778526.00 ns, 280.0721 us/op, 97969171.00 uJpkg, 0.00 uJdram
WorkloadResult   3: 3584 op, 1000064148.00 ns, 279.0358 us/op, 98548881.00 uJpkg, 0.00 uJdram
WorkloadResult   4: 3584 op, 1033722175.00 ns, 288.4269 us/op, 98889212.00 uJpkg, 0.00 uJdram
WorkloadResult   5: 3584 op, 1008150597.00 ns, 281.2920 us/op, 98604850.00 uJpkg, 0.00 uJdram
WorkloadResult   6: 3584 op, 1008914605.00 ns, 281.5052 us/op, 98414543.00 uJpkg, 0.00 uJdram
WorkloadResult   7: 3584 op, 1006088659.00 ns, 280.7167 us/op, 98223931.00 uJpkg, 0.00 uJdram
WorkloadResult   8: 3584 op, 1019348200.00 ns, 284.4164 us/op, 98395195.00 uJpkg, 0.00 uJdram
WorkloadResult   9: 3584 op, 999279531.00 ns, 278.8168 us/op, 98309135.00 uJpkg, 0.00 uJdram
WorkloadResult  10: 3584 op, 1004371482.00 ns, 280.2376 us/op, 99108023.00 uJpkg, 0.00 uJdram
WorkloadResult  11: 3584 op, 1000314265.00 ns, 279.1055 us/op, 98267083.00 uJpkg, 0.00 uJdram
WorkloadResult  12: 3584 op, 1004188752.00 ns, 280.1866 us/op, 98497612.00 uJpkg, 0.00 uJdram
WorkloadResult  13: 3584 op, 1001659657.00 ns, 279.4809 us/op, 98417777.00 uJpkg, 0.00 uJdram
WorkloadResult  14: 3584 op, 1001764939.00 ns, 279.5103 us/op, 98411613.00 uJpkg, 0.00 uJdram
WorkloadResult  15: 3584 op, 1016417446.00 ns, 283.5986 us/op, 97809564.00 uJpkg, 0.00 uJdram

// AfterAll
// Benchmark Process 4057808 has exited with code 0.

Mean = 281.335 μs, StdErr = 0.683 μs (0.24%), N = 15, StdDev = 2.647 μs
Min = 278.817 μs, Q1 = 279.496 μs, Median = 280.238 μs, Q3 = 282.552 μs, Max = 288.427 μs
IQR = 3.056 μs, LowerFence = 274.911 μs, UpperFence = 287.136 μs
ConfidenceInterval = [278.506 μs; 284.165 μs] (CI 99.9%), Margin = 2.830 μs (1.01% of Mean)
Skewness = 1.27, Kurtosis = 3.8, MValue = 2

// ** Remained 11 (36.7%) benchmark(s) to run. Estimated finish 2025-12-31 19:54 (0h 5m from now) **
// **************************
// Benchmark: JsonSerializationBenchmarks.SpanJson_Serialize_Large: Overhead-Fixed-Energy-5(OutlierMode=DontRemove, IterationCount=15, IterationTime=1s, LaunchCount=1, WarmupCount=6)
// *** Execute ***
// Launch: 1 / 1
// Execute: dotnet Serialization.Bench-Overhead-Fixed-Energy-5-1.dll --anonymousPipes 103 104 --benchmarkName Serialization.Bench.JsonSerializationBenchmarks.SpanJson_Serialize_Large --job Overhead-Fixed-Energy-5 --benchmarkId 19 in /home/test/rapl-tests/lib-energy-bench/src/Serialization.Bench/bin/Release/net8.0/Serialization.Bench-Overhead-Fixed-Energy-5-1/bin/Release/net8.0
// BeforeAnythingElse

// Benchmark Process Environment Information:
// BenchmarkDotNet v0.15.5-develop (2025-12-31)
// Runtime=.NET 8.0.21 (8.0.21, 8.0.2125.47513), X64 RyuJIT x86-64-v4
// GC=Concurrent Workstation
// HardwareIntrinsics=AVX512 IFMA+VBMI,AVX512 F+BW+CD+DQ+VL,AVX2+BMI1+BMI2+F16C+FMA+LZCNT+MOVBE,AVX,SSE3+SSSE3+SSE4.1+SSE4.2+POPCNT,X86Base+SSE+SSE2,AES+PCLMUL VectorSize=256
// Job: Overhead-Fixed-Energy-5(OutlierMode=DontRemove, IterationCount=15, IterationTime=1s, LaunchCount=1, WarmupCount=6)

OverheadJitting  1: 1 op, 144836.00 ns, 144.8360 us/op, 0.00 uJpkg, 0.00 uJdram
WorkloadJitting  1: 1 op, 109089246.00 ns, 109.0892 ms/op, 7251935.00 uJpkg, 0.00 uJdram

WorkloadPilot    1: 4 op, 3118577.00 ns, 779.6443 us/op, 279052.00 uJpkg, 0.00 uJdram
WorkloadPilot    2: 1283 op, 303052750.00 ns, 236.2064 us/op, 22070623.00 uJpkg, 0.00 uJdram
WorkloadPilot    3: 4234 op, 655468951.00 ns, 154.8108 us/op, 47671142.00 uJpkg, 0.00 uJdram
WorkloadPilot    4: 6459 op, 994755400.00 ns, 154.0107 us/op, 71219545.00 uJpkg, 0.00 uJdram
WorkloadPilot    5: 6493 op, 1033052981.00 ns, 159.1026 us/op, 76051746.00 uJpkg, 0.00 uJdram
WorkloadPilot    6: 6285 op, 1002974369.00 ns, 159.5822 us/op, 73538813.00 uJpkg, 0.00 uJdram
WorkloadPilot    7: 6266 op, 998328426.00 ns, 159.3247 us/op, 73006649.00 uJpkg, 0.00 uJdram
WorkloadPilot    8: 6276 op, 1000017759.00 ns, 159.3400 us/op, 72783932.00 uJpkg, 0.00 uJdram

WorkloadWarmup   1: 6276 op, 1007735707.00 ns, 160.5697 us/op, 74224298.00 uJpkg, 0.00 uJdram
WorkloadWarmup   2: 6276 op, 1002672523.00 ns, 159.7630 us/op, 73460749.00 uJpkg, 0.00 uJdram
WorkloadWarmup   3: 6276 op, 985704009.00 ns, 157.0593 us/op, 70906313.00 uJpkg, 0.00 uJdram
WorkloadWarmup   4: 6276 op, 999169393.00 ns, 159.2048 us/op, 72942562.00 uJpkg, 0.00 uJdram
WorkloadWarmup   5: 6276 op, 998814501.00 ns, 159.1483 us/op, 73034725.00 uJpkg, 0.00 uJdram
WorkloadWarmup   6: 6276 op, 1008164388.00 ns, 160.6380 us/op, 73555414.00 uJpkg, 0.00 uJdram

// BeforeActualRun
WorkloadActual   1: 6276 op, 1009646028.00 ns, 160.8741 us/op, 73684016.00 uJpkg, 0.00 uJdram
WorkloadActual   2: 6276 op, 989622543.00 ns, 157.6836 us/op, 71435059.00 uJpkg, 0.00 uJdram
WorkloadActual   3: 6276 op, 1003698374.00 ns, 159.9264 us/op, 74203728.00 uJpkg, 0.00 uJdram
WorkloadActual   4: 6276 op, 1007074384.00 ns, 160.4644 us/op, 74322259.00 uJpkg, 0.00 uJdram
WorkloadActual   5: 6276 op, 996871677.00 ns, 158.8387 us/op, 72753964.00 uJpkg, 0.00 uJdram
WorkloadActual   6: 6276 op, 1005106010.00 ns, 160.1507 us/op, 73176570.00 uJpkg, 0.00 uJdram
WorkloadActual   7: 6276 op, 1007048090.00 ns, 160.4602 us/op, 73160274.00 uJpkg, 0.00 uJdram
WorkloadActual   8: 6276 op, 1008783475.00 ns, 160.7367 us/op, 72922847.00 uJpkg, 0.00 uJdram
WorkloadActual   9: 6276 op, 999013978.00 ns, 159.1800 us/op, 72384397.00 uJpkg, 0.00 uJdram
WorkloadActual  10: 6276 op, 1011421163.00 ns, 161.1570 us/op, 73951960.00 uJpkg, 0.00 uJdram
WorkloadActual  11: 6276 op, 1007291283.00 ns, 160.4989 us/op, 72636533.00 uJpkg, 0.00 uJdram
WorkloadActual  12: 6276 op, 999748579.00 ns, 159.2971 us/op, 72015929.00 uJpkg, 0.00 uJdram
WorkloadActual  13: 6276 op, 999765989.00 ns, 159.2999 us/op, 72636899.00 uJpkg, 0.00 uJdram
WorkloadActual  14: 6276 op, 999816867.00 ns, 159.3080 us/op, 72598080.00 uJpkg, 0.00 uJdram
WorkloadActual  15: 6276 op, 1008445505.00 ns, 160.6828 us/op, 73638362.00 uJpkg, 0.00 uJdram

// AfterActualRun
WorkloadResult   1: 6276 op, 1009646028.00 ns, 160.8741 us/op, 73684016.00 uJpkg, 0.00 uJdram
WorkloadResult   2: 6276 op, 989622543.00 ns, 157.6836 us/op, 71435059.00 uJpkg, 0.00 uJdram
WorkloadResult   3: 6276 op, 1003698374.00 ns, 159.9264 us/op, 74203728.00 uJpkg, 0.00 uJdram
WorkloadResult   4: 6276 op, 1007074384.00 ns, 160.4644 us/op, 74322259.00 uJpkg, 0.00 uJdram
WorkloadResult   5: 6276 op, 996871677.00 ns, 158.8387 us/op, 72753964.00 uJpkg, 0.00 uJdram
WorkloadResult   6: 6276 op, 1005106010.00 ns, 160.1507 us/op, 73176570.00 uJpkg, 0.00 uJdram
WorkloadResult   7: 6276 op, 1007048090.00 ns, 160.4602 us/op, 73160274.00 uJpkg, 0.00 uJdram
WorkloadResult   8: 6276 op, 1008783475.00 ns, 160.7367 us/op, 72922847.00 uJpkg, 0.00 uJdram
WorkloadResult   9: 6276 op, 999013978.00 ns, 159.1800 us/op, 72384397.00 uJpkg, 0.00 uJdram
WorkloadResult  10: 6276 op, 1011421163.00 ns, 161.1570 us/op, 73951960.00 uJpkg, 0.00 uJdram
WorkloadResult  11: 6276 op, 1007291283.00 ns, 160.4989 us/op, 72636533.00 uJpkg, 0.00 uJdram
WorkloadResult  12: 6276 op, 999748579.00 ns, 159.2971 us/op, 72015929.00 uJpkg, 0.00 uJdram
WorkloadResult  13: 6276 op, 999765989.00 ns, 159.2999 us/op, 72636899.00 uJpkg, 0.00 uJdram
WorkloadResult  14: 6276 op, 999816867.00 ns, 159.3080 us/op, 72598080.00 uJpkg, 0.00 uJdram
WorkloadResult  15: 6276 op, 1008445505.00 ns, 160.6828 us/op, 73638362.00 uJpkg, 0.00 uJdram

// AfterAll
// Benchmark Process 4057828 has exited with code 0.

Mean = 159.904 μs, StdErr = 0.244 μs (0.15%), N = 15, StdDev = 0.946 μs
Min = 157.684 μs, Q1 = 159.298 μs, Median = 160.151 μs, Q3 = 160.591 μs, Max = 161.157 μs
IQR = 1.292 μs, LowerFence = 157.360 μs, UpperFence = 162.529 μs
ConfidenceInterval = [158.893 μs; 160.915 μs] (CI 99.9%), Margin = 1.011 μs (0.63% of Mean)
Skewness = -0.68, Kurtosis = 2.56, MValue = 2

// ** Remained 10 (33.3%) benchmark(s) to run. Estimated finish 2025-12-31 19:54 (0h 4m from now) **
// **************************
// Benchmark: JsonSerializationBenchmarks.STJ_Serialize_Medium: Overhead-Fixed-Energy-5(OutlierMode=DontRemove, IterationCount=15, IterationTime=1s, LaunchCount=1, WarmupCount=6)
// *** Execute ***
// Launch: 1 / 1
// Execute: dotnet Serialization.Bench-Overhead-Fixed-Energy-5-1.dll --anonymousPipes 103 104 --benchmarkName Serialization.Bench.JsonSerializationBenchmarks.STJ_Serialize_Medium --job Overhead-Fixed-Energy-5 --benchmarkId 20 in /home/test/rapl-tests/lib-energy-bench/src/Serialization.Bench/bin/Release/net8.0/Serialization.Bench-Overhead-Fixed-Energy-5-1/bin/Release/net8.0
// BeforeAnythingElse

// Benchmark Process Environment Information:
// BenchmarkDotNet v0.15.5-develop (2025-12-31)
// Runtime=.NET 8.0.21 (8.0.21, 8.0.2125.47513), X64 RyuJIT x86-64-v4
// GC=Concurrent Workstation
// HardwareIntrinsics=AVX512 IFMA+VBMI,AVX512 F+BW+CD+DQ+VL,AVX2+BMI1+BMI2+F16C+FMA+LZCNT+MOVBE,AVX,SSE3+SSSE3+SSE4.1+SSE4.2+POPCNT,X86Base+SSE+SSE2,AES+PCLMUL VectorSize=256
// Job: Overhead-Fixed-Energy-5(OutlierMode=DontRemove, IterationCount=15, IterationTime=1s, LaunchCount=1, WarmupCount=6)

OverheadJitting  1: 1 op, 136351.00 ns, 136.3510 us/op, 67932.00 uJpkg, 0.00 uJdram
WorkloadJitting  1: 1 op, 7047689.00 ns, 7.0477 ms/op, 458556.00 uJpkg, 0.00 uJdram

OverheadJitting  2: 16 op, 365898.00 ns, 22.8686 us/op, 0.00 uJpkg, 0.00 uJdram
WorkloadJitting  2: 16 op, 2050472.00 ns, 128.1545 us/op, 147643.00 uJpkg, 0.00 uJdram

WorkloadPilot    1: 16 op, 1649164.00 ns, 103.0728 us/op, 139099.00 uJpkg, 0.00 uJdram
WorkloadPilot    2: 9712 op, 697309063.00 ns, 71.7987 us/op, 60518156.00 uJpkg, 0.00 uJdram
WorkloadPilot    3: 13936 op, 651605434.00 ns, 46.7570 us/op, 56570839.00 uJpkg, 0.00 uJdram
WorkloadPilot    4: 21392 op, 1005179527.00 ns, 46.9886 us/op, 86682700.00 uJpkg, 0.00 uJdram
WorkloadPilot    5: 21296 op, 995384849.00 ns, 46.7405 us/op, 86006494.00 uJpkg, 0.00 uJdram
WorkloadPilot    6: 21408 op, 1003902720.00 ns, 46.8938 us/op, 86689292.00 uJpkg, 0.00 uJdram
WorkloadPilot    7: 21328 op, 996795317.00 ns, 46.7365 us/op, 86112451.00 uJpkg, 0.00 uJdram
WorkloadPilot    8: 21408 op, 1002543007.00 ns, 46.8303 us/op, 86537925.00 uJpkg, 0.00 uJdram

OverheadWarmup   1: 21408 op, 74762.00 ns, 3.4922 ns/op, 0.00 uJpkg, 0.00 uJdram
OverheadWarmup   2: 21408 op, 74280.00 ns, 3.4697 ns/op, 0.00 uJpkg, 0.00 uJdram
OverheadWarmup   3: 21408 op, 74275.00 ns, 3.4695 ns/op, 0.00 uJpkg, 0.00 uJdram
OverheadWarmup   4: 21408 op, 74467.00 ns, 3.4785 ns/op, 0.00 uJpkg, 0.00 uJdram
OverheadWarmup   5: 21408 op, 77434.00 ns, 3.6171 ns/op, 0.00 uJpkg, 0.00 uJdram
OverheadWarmup   6: 21408 op, 77422.00 ns, 3.6165 ns/op, 77454.00 uJpkg, 0.00 uJdram
OverheadWarmup   7: 21408 op, 74614.00 ns, 3.4853 ns/op, 0.00 uJpkg, 0.00 uJdram
OverheadWarmup   8: 21408 op, 74278.00 ns, 3.4696 ns/op, 0.00 uJpkg, 0.00 uJdram
OverheadWarmup   9: 21408 op, 77461.00 ns, 3.6183 ns/op, 0.00 uJpkg, 0.00 uJdram
OverheadWarmup  10: 21408 op, 82413.00 ns, 3.8496 ns/op, 87402.00 uJpkg, 0.00 uJdram

OverheadActual   1: 21408 op, 79118.00 ns, 3.6957 ns/op, 63659.00 uJpkg, 0.00 uJdram
OverheadActual   2: 21408 op, 77279.00 ns, 3.6098 ns/op, 82946.00 uJpkg, 0.00 uJdram
OverheadActual   3: 21408 op, 78344.00 ns, 3.6596 ns/op, 0.00 uJpkg, 0.00 uJdram
OverheadActual   4: 21408 op, 74273.00 ns, 3.4694 ns/op, 0.00 uJpkg, 0.00 uJdram
OverheadActual   5: 21408 op, 74277.00 ns, 3.4696 ns/op, 0.00 uJpkg, 0.00 uJdram
OverheadActual   6: 21408 op, 77724.00 ns, 3.6306 ns/op, 0.00 uJpkg, 0.00 uJdram
OverheadActual   7: 21408 op, 77428.00 ns, 3.6168 ns/op, 0.00 uJpkg, 0.00 uJdram
OverheadActual   8: 21408 op, 77440.00 ns, 3.6173 ns/op, 0.00 uJpkg, 0.00 uJdram
OverheadActual   9: 21408 op, 74636.00 ns, 3.4864 ns/op, 0.00 uJpkg, 0.00 uJdram
OverheadActual  10: 21408 op, 74278.00 ns, 3.4696 ns/op, 0.00 uJpkg, 0.00 uJdram
OverheadActual  11: 21408 op, 74301.00 ns, 3.4707 ns/op, 0.00 uJpkg, 0.00 uJdram
OverheadActual  12: 21408 op, 77798.00 ns, 3.6341 ns/op, 0.00 uJpkg, 0.00 uJdram
OverheadActual  13: 21408 op, 74297.00 ns, 3.4705 ns/op, 0.00 uJpkg, 0.00 uJdram
OverheadActual  14: 21408 op, 74284.00 ns, 3.4699 ns/op, 0.00 uJpkg, 0.00 uJdram
OverheadActual  15: 21408 op, 77832.00 ns, 3.6357 ns/op, 0.00 uJpkg, 0.00 uJdram

WorkloadWarmup   1: 21408 op, 1001668608.00 ns, 46.7895 us/op, 89082352.00 uJpkg, 0.00 uJdram
WorkloadWarmup   2: 21408 op, 1003591027.00 ns, 46.8793 us/op, 86806052.00 uJpkg, 0.00 uJdram
WorkloadWarmup   3: 21408 op, 1009912922.00 ns, 47.1746 us/op, 87812519.00 uJpkg, 0.00 uJdram
WorkloadWarmup   4: 21408 op, 1014437136.00 ns, 47.3859 us/op, 87908893.00 uJpkg, 0.00 uJdram
WorkloadWarmup   5: 21408 op, 1015575095.00 ns, 47.4390 us/op, 87981526.00 uJpkg, 0.00 uJdram
WorkloadWarmup   6: 21408 op, 1013781940.00 ns, 47.3553 us/op, 87832294.00 uJpkg, 0.00 uJdram

// BeforeActualRun
WorkloadActual   1: 21408 op, 1012542285.00 ns, 47.2974 us/op, 88351031.00 uJpkg, 0.00 uJdram
WorkloadActual   2: 21408 op, 1018519740.00 ns, 47.5766 us/op, 88609759.00 uJpkg, 0.00 uJdram
WorkloadActual   3: 21408 op, 1016091325.00 ns, 47.4632 us/op, 88932755.00 uJpkg, 0.00 uJdram
WorkloadActual   4: 21408 op, 1018351425.00 ns, 47.5687 us/op, 88263690.00 uJpkg, 0.00 uJdram
WorkloadActual   5: 21408 op, 1022302076.00 ns, 47.7533 us/op, 88689958.00 uJpkg, 0.00 uJdram
WorkloadActual   6: 21408 op, 1014318054.00 ns, 47.3803 us/op, 88175617.00 uJpkg, 0.00 uJdram
WorkloadActual   7: 21408 op, 1016380241.00 ns, 47.4767 us/op, 88052204.00 uJpkg, 0.00 uJdram
WorkloadActual   8: 21408 op, 1015145391.00 ns, 47.4190 us/op, 88478045.00 uJpkg, 0.00 uJdram
WorkloadActual   9: 21408 op, 1015837019.00 ns, 47.4513 us/op, 87866657.00 uJpkg, 0.00 uJdram
WorkloadActual  10: 21408 op, 1013808995.00 ns, 47.3565 us/op, 89128068.00 uJpkg, 0.00 uJdram
WorkloadActual  11: 21408 op, 1016127408.00 ns, 47.4648 us/op, 88463396.00 uJpkg, 0.00 uJdram
WorkloadActual  12: 21408 op, 1019162171.00 ns, 47.6066 us/op, 88727251.00 uJpkg, 0.00 uJdram
WorkloadActual  13: 21408 op, 1015237676.00 ns, 47.4233 us/op, 87992389.00 uJpkg, 0.00 uJdram
WorkloadActual  14: 21408 op, 1016786851.00 ns, 47.4956 us/op, 88282977.00 uJpkg, 0.00 uJdram
WorkloadActual  15: 21408 op, 1012190675.00 ns, 47.2810 us/op, 87749531.00 uJpkg, 0.00 uJdram

// AfterActualRun
WorkloadResult   1: 21408 op, 1012465006.00 ns, 47.2938 us/op, 88351031.00 uJpkg, 0.00 uJdram
WorkloadResult   2: 21408 op, 1018442461.00 ns, 47.5730 us/op, 88609759.00 uJpkg, 0.00 uJdram
WorkloadResult   3: 21408 op, 1016014046.00 ns, 47.4595 us/op, 88932755.00 uJpkg, 0.00 uJdram
WorkloadResult   4: 21408 op, 1018274146.00 ns, 47.5651 us/op, 88263690.00 uJpkg, 0.00 uJdram
WorkloadResult   5: 21408 op, 1022224797.00 ns, 47.7497 us/op, 88689958.00 uJpkg, 0.00 uJdram
WorkloadResult   6: 21408 op, 1014240775.00 ns, 47.3767 us/op, 88175617.00 uJpkg, 0.00 uJdram
WorkloadResult   7: 21408 op, 1016302962.00 ns, 47.4730 us/op, 88052204.00 uJpkg, 0.00 uJdram
WorkloadResult   8: 21408 op, 1015068112.00 ns, 47.4154 us/op, 88478045.00 uJpkg, 0.00 uJdram
WorkloadResult   9: 21408 op, 1015759740.00 ns, 47.4477 us/op, 87866657.00 uJpkg, 0.00 uJdram
WorkloadResult  10: 21408 op, 1013731716.00 ns, 47.3529 us/op, 89128068.00 uJpkg, 0.00 uJdram
WorkloadResult  11: 21408 op, 1016050129.00 ns, 47.4612 us/op, 88463396.00 uJpkg, 0.00 uJdram
WorkloadResult  12: 21408 op, 1019084892.00 ns, 47.6030 us/op, 88727251.00 uJpkg, 0.00 uJdram
WorkloadResult  13: 21408 op, 1015160397.00 ns, 47.4197 us/op, 87992389.00 uJpkg, 0.00 uJdram
WorkloadResult  14: 21408 op, 1016709572.00 ns, 47.4920 us/op, 88282977.00 uJpkg, 0.00 uJdram
WorkloadResult  15: 21408 op, 1012113396.00 ns, 47.2773 us/op, 87749531.00 uJpkg, 0.00 uJdram

// AfterAll
// Benchmark Process 4057844 has exited with code 0.

Mean = 47.464 μs, StdErr = 0.032 μs (0.07%), N = 15, StdDev = 0.123 μs
Min = 47.277 μs, Q1 = 47.396 μs, Median = 47.460 μs, Q3 = 47.529 μs, Max = 47.750 μs
IQR = 0.133 μs, LowerFence = 47.197 μs, UpperFence = 47.727 μs
ConfidenceInterval = [47.332 μs; 47.596 μs] (CI 99.9%), Margin = 0.132 μs (0.28% of Mean)
Skewness = 0.52, Kurtosis = 2.77, MValue = 2

// ** Remained 9 (30.0%) benchmark(s) to run. Estimated finish 2025-12-31 19:54 (0h 4m from now) **
// **************************
// Benchmark: JsonSerializationBenchmarks.Newtonsoft_Serialize_Medium: Overhead-Fixed-Energy-5(OutlierMode=DontRemove, IterationCount=15, IterationTime=1s, LaunchCount=1, WarmupCount=6)
// *** Execute ***
// Launch: 1 / 1
// Execute: dotnet Serialization.Bench-Overhead-Fixed-Energy-5-1.dll --anonymousPipes 103 104 --benchmarkName Serialization.Bench.JsonSerializationBenchmarks.Newtonsoft_Serialize_Medium --job Overhead-Fixed-Energy-5 --benchmarkId 21 in /home/test/rapl-tests/lib-energy-bench/src/Serialization.Bench/bin/Release/net8.0/Serialization.Bench-Overhead-Fixed-Energy-5-1/bin/Release/net8.0
// BeforeAnythingElse

// Benchmark Process Environment Information:
// BenchmarkDotNet v0.15.5-develop (2025-12-31)
// Runtime=.NET 8.0.21 (8.0.21, 8.0.2125.47513), X64 RyuJIT x86-64-v4
// GC=Concurrent Workstation
// HardwareIntrinsics=AVX512 IFMA+VBMI,AVX512 F+BW+CD+DQ+VL,AVX2+BMI1+BMI2+F16C+FMA+LZCNT+MOVBE,AVX,SSE3+SSSE3+SSE4.1+SSE4.2+POPCNT,X86Base+SSE+SSE2,AES+PCLMUL VectorSize=256
// Job: Overhead-Fixed-Energy-5(OutlierMode=DontRemove, IterationCount=15, IterationTime=1s, LaunchCount=1, WarmupCount=6)

OverheadJitting  1: 1 op, 137831.00 ns, 137.8310 us/op, 67809.00 uJpkg, 0.00 uJdram
WorkloadJitting  1: 1 op, 48439361.00 ns, 48.4394 ms/op, 3360404.00 uJpkg, 0.00 uJdram

OverheadJitting  2: 16 op, 387489.00 ns, 24.2181 us/op, 65185.00 uJpkg, 0.00 uJdram
WorkloadJitting  2: 16 op, 5242107.00 ns, 327.6317 us/op, 350097.00 uJpkg, 0.00 uJdram

WorkloadPilot    1: 16 op, 4467502.00 ns, 279.2189 us/op, 367064.00 uJpkg, 0.00 uJdram
WorkloadPilot    2: 3584 op, 362009974.00 ns, 101.0072 us/op, 29481004.00 uJpkg, 0.00 uJdram
WorkloadPilot    3: 9904 op, 551721451.00 ns, 55.7069 us/op, 46953737.00 uJpkg, 0.00 uJdram
WorkloadPilot    4: 17952 op, 995764747.00 ns, 55.4682 us/op, 84491117.00 uJpkg, 0.00 uJdram
WorkloadPilot    5: 18032 op, 1001886480.00 ns, 55.5616 us/op, 84897183.00 uJpkg, 0.00 uJdram
WorkloadPilot    6: 18000 op, 995103287.00 ns, 55.2835 us/op, 84350980.00 uJpkg, 0.00 uJdram
WorkloadPilot    7: 18096 op, 1013850883.00 ns, 56.0262 us/op, 86068383.00 uJpkg, 0.00 uJdram
WorkloadPilot    8: 17856 op, 990868309.00 ns, 55.4922 us/op, 84056975.00 uJpkg, 0.00 uJdram
WorkloadPilot    9: 18032 op, 998870643.00 ns, 55.3943 us/op, 84467313.00 uJpkg, 0.00 uJdram
WorkloadPilot   10: 18064 op, 1003055129.00 ns, 55.5279 us/op, 85667139.00 uJpkg, 0.00 uJdram

OverheadWarmup   1: 18064 op, 63424.00 ns, 3.5111 ns/op, 0.00 uJpkg, 0.00 uJdram
OverheadWarmup   2: 18064 op, 61547.00 ns, 3.4072 ns/op, 0.00 uJpkg, 0.00 uJdram
OverheadWarmup   3: 18064 op, 65068.00 ns, 3.6021 ns/op, 0.00 uJpkg, 0.00 uJdram
OverheadWarmup   4: 18064 op, 61734.00 ns, 3.4175 ns/op, 0.00 uJpkg, 0.00 uJdram
OverheadWarmup   5: 18064 op, 62729.00 ns, 3.4726 ns/op, 0.00 uJpkg, 0.00 uJdram
OverheadWarmup   6: 18064 op, 62736.00 ns, 3.4730 ns/op, 0.00 uJpkg, 0.00 uJdram
OverheadWarmup   7: 18064 op, 62738.00 ns, 3.4731 ns/op, 0.00 uJpkg, 0.00 uJdram
OverheadWarmup   8: 18064 op, 63106.00 ns, 3.4935 ns/op, 0.00 uJpkg, 0.00 uJdram
OverheadWarmup   9: 18064 op, 61492.00 ns, 3.4041 ns/op, 0.00 uJpkg, 0.00 uJdram

OverheadActual   1: 18064 op, 68463.00 ns, 3.7900 ns/op, 0.00 uJpkg, 0.00 uJdram
OverheadActual   2: 18064 op, 61776.00 ns, 3.4198 ns/op, 0.00 uJpkg, 0.00 uJdram
OverheadActual   3: 18064 op, 61479.00 ns, 3.4034 ns/op, 0.00 uJpkg, 0.00 uJdram
OverheadActual   4: 18064 op, 61482.00 ns, 3.4036 ns/op, 0.00 uJpkg, 0.00 uJdram
OverheadActual   5: 18064 op, 61474.00 ns, 3.4031 ns/op, 0.00 uJpkg, 0.00 uJdram
OverheadActual   6: 18064 op, 63042.00 ns, 3.4899 ns/op, 0.00 uJpkg, 0.00 uJdram
OverheadActual   7: 18064 op, 61473.00 ns, 3.4031 ns/op, 0.00 uJpkg, 0.00 uJdram
OverheadActual   8: 18064 op, 61483.00 ns, 3.4036 ns/op, 0.00 uJpkg, 0.00 uJdram
OverheadActual   9: 18064 op, 66292.00 ns, 3.6698 ns/op, 0.00 uJpkg, 0.00 uJdram
OverheadActual  10: 18064 op, 63167.00 ns, 3.4968 ns/op, 0.00 uJpkg, 0.00 uJdram
OverheadActual  11: 18064 op, 62731.00 ns, 3.4727 ns/op, 0.00 uJpkg, 0.00 uJdram
OverheadActual  12: 18064 op, 62716.00 ns, 3.4719 ns/op, 0.00 uJpkg, 0.00 uJdram
OverheadActual  13: 18064 op, 63031.00 ns, 3.4893 ns/op, 0.00 uJpkg, 0.00 uJdram
OverheadActual  14: 18064 op, 62726.00 ns, 3.4724 ns/op, 90210.00 uJpkg, 0.00 uJdram
OverheadActual  15: 18064 op, 62731.00 ns, 3.4727 ns/op, 0.00 uJpkg, 0.00 uJdram

WorkloadWarmup   1: 18064 op, 1004607528.00 ns, 55.6138 us/op, 87862507.00 uJpkg, 0.00 uJdram
WorkloadWarmup   2: 18064 op, 1002345421.00 ns, 55.4886 us/op, 85151393.00 uJpkg, 0.00 uJdram
WorkloadWarmup   3: 18064 op, 1007575553.00 ns, 55.7781 us/op, 86343590.00 uJpkg, 0.00 uJdram
WorkloadWarmup   4: 18064 op, 1007119652.00 ns, 55.7529 us/op, 86380333.00 uJpkg, 0.00 uJdram
WorkloadWarmup   5: 18064 op, 1004736837.00 ns, 55.6209 us/op, 85650721.00 uJpkg, 0.00 uJdram
WorkloadWarmup   6: 18064 op, 1009682735.00 ns, 55.8947 us/op, 85887353.00 uJpkg, 0.00 uJdram

// BeforeActualRun
WorkloadActual   1: 18064 op, 1003063058.00 ns, 55.5283 us/op, 85379237.00 uJpkg, 0.00 uJdram
WorkloadActual   2: 18064 op, 1003045187.00 ns, 55.5273 us/op, 85312892.00 uJpkg, 0.00 uJdram
WorkloadActual   3: 18064 op, 1006268514.00 ns, 55.7057 us/op, 85502039.00 uJpkg, 0.00 uJdram
WorkloadActual   4: 18064 op, 1002060949.00 ns, 55.4728 us/op, 84809109.00 uJpkg, 0.00 uJdram
WorkloadActual   5: 18064 op, 1003882119.00 ns, 55.5736 us/op, 85587000.00 uJpkg, 0.00 uJdram
WorkloadActual   6: 18064 op, 1003880603.00 ns, 55.5735 us/op, 85548243.00 uJpkg, 0.00 uJdram
WorkloadActual   7: 18064 op, 1003850379.00 ns, 55.5719 us/op, 85500147.00 uJpkg, 0.00 uJdram
WorkloadActual   8: 18064 op, 1001843376.00 ns, 55.4608 us/op, 85166041.00 uJpkg, 0.00 uJdram
WorkloadActual   9: 18064 op, 1004818068.00 ns, 55.6254 us/op, 85657130.00 uJpkg, 0.00 uJdram
WorkloadActual  10: 18064 op, 1009100687.00 ns, 55.8625 us/op, 87109518.00 uJpkg, 0.00 uJdram
WorkloadActual  11: 18064 op, 1006013328.00 ns, 55.6916 us/op, 85430079.00 uJpkg, 0.00 uJdram
WorkloadActual  12: 18064 op, 1007303791.00 ns, 55.7631 us/op, 85800012.00 uJpkg, 0.00 uJdram
WorkloadActual  13: 18064 op, 1002896190.00 ns, 55.5191 us/op, 85383937.00 uJpkg, 0.00 uJdram
WorkloadActual  14: 18064 op, 1007384969.00 ns, 55.7675 us/op, 85572413.00 uJpkg, 0.00 uJdram
WorkloadActual  15: 18064 op, 1004778515.00 ns, 55.6233 us/op, 86132104.00 uJpkg, 0.00 uJdram

// AfterActualRun
WorkloadResult   1: 18064 op, 1003000332.00 ns, 55.5248 us/op, 85379237.00 uJpkg, 0.00 uJdram
WorkloadResult   2: 18064 op, 1002982461.00 ns, 55.5238 us/op, 85312892.00 uJpkg, 0.00 uJdram
WorkloadResult   3: 18064 op, 1006205788.00 ns, 55.7023 us/op, 85502039.00 uJpkg, 0.00 uJdram
WorkloadResult   4: 18064 op, 1001998223.00 ns, 55.4693 us/op, 84809109.00 uJpkg, 0.00 uJdram
WorkloadResult   5: 18064 op, 1003819393.00 ns, 55.5702 us/op, 85587000.00 uJpkg, 0.00 uJdram
WorkloadResult   6: 18064 op, 1003817877.00 ns, 55.5701 us/op, 85548243.00 uJpkg, 0.00 uJdram
WorkloadResult   7: 18064 op, 1003787653.00 ns, 55.5684 us/op, 85500147.00 uJpkg, 0.00 uJdram
WorkloadResult   8: 18064 op, 1001780650.00 ns, 55.4573 us/op, 85166041.00 uJpkg, 0.00 uJdram
WorkloadResult   9: 18064 op, 1004755342.00 ns, 55.6220 us/op, 85657130.00 uJpkg, 0.00 uJdram
WorkloadResult  10: 18064 op, 1009037961.00 ns, 55.8591 us/op, 87109518.00 uJpkg, 0.00 uJdram
WorkloadResult  11: 18064 op, 1005950602.00 ns, 55.6881 us/op, 85430079.00 uJpkg, 0.00 uJdram
WorkloadResult  12: 18064 op, 1007241065.00 ns, 55.7596 us/op, 85800012.00 uJpkg, 0.00 uJdram
WorkloadResult  13: 18064 op, 1002833464.00 ns, 55.5156 us/op, 85383937.00 uJpkg, 0.00 uJdram
WorkloadResult  14: 18064 op, 1007322243.00 ns, 55.7641 us/op, 85572413.00 uJpkg, 0.00 uJdram
WorkloadResult  15: 18064 op, 1004715789.00 ns, 55.6198 us/op, 86132104.00 uJpkg, 0.00 uJdram

// AfterAll
// Benchmark Process 4057861 has exited with code 0.

Mean = 55.614 μs, StdErr = 0.030 μs (0.05%), N = 15, StdDev = 0.118 μs
Min = 55.457 μs, Q1 = 55.524 μs, Median = 55.570 μs, Q3 = 55.695 μs, Max = 55.859 μs
IQR = 0.171 μs, LowerFence = 55.268 μs, UpperFence = 55.952 μs
ConfidenceInterval = [55.488 μs; 55.740 μs] (CI 99.9%), Margin = 0.126 μs (0.23% of Mean)
Skewness = 0.51, Kurtosis = 2.05, MValue = 2

// ** Remained 8 (26.7%) benchmark(s) to run. Estimated finish 2025-12-31 19:54 (0h 3m from now) **
// **************************
// Benchmark: JsonSerializationBenchmarks.Jil_Serialize_Medium: Overhead-Fixed-Energy-5(OutlierMode=DontRemove, IterationCount=15, IterationTime=1s, LaunchCount=1, WarmupCount=6)
// *** Execute ***
// Launch: 1 / 1
// Execute: dotnet Serialization.Bench-Overhead-Fixed-Energy-5-1.dll --anonymousPipes 103 104 --benchmarkName Serialization.Bench.JsonSerializationBenchmarks.Jil_Serialize_Medium --job Overhead-Fixed-Energy-5 --benchmarkId 22 in /home/test/rapl-tests/lib-energy-bench/src/Serialization.Bench/bin/Release/net8.0/Serialization.Bench-Overhead-Fixed-Energy-5-1/bin/Release/net8.0
// BeforeAnythingElse

// Benchmark Process Environment Information:
// BenchmarkDotNet v0.15.5-develop (2025-12-31)
// Runtime=.NET 8.0.21 (8.0.21, 8.0.2125.47513), X64 RyuJIT x86-64-v4
// GC=Concurrent Workstation
// HardwareIntrinsics=AVX512 IFMA+VBMI,AVX512 F+BW+CD+DQ+VL,AVX2+BMI1+BMI2+F16C+FMA+LZCNT+MOVBE,AVX,SSE3+SSSE3+SSE4.1+SSE4.2+POPCNT,X86Base+SSE+SSE2,AES+PCLMUL VectorSize=256
// Job: Overhead-Fixed-Energy-5(OutlierMode=DontRemove, IterationCount=15, IterationTime=1s, LaunchCount=1, WarmupCount=6)

OverheadJitting  1: 1 op, 137344.00 ns, 137.3440 us/op, 62805.00 uJpkg, 0.00 uJdram
WorkloadJitting  1: 1 op, 133020225.00 ns, 133.0202 ms/op, 8250834.00 uJpkg, 0.00 uJdram

WorkloadPilot    1: 4 op, 683441.00 ns, 170.8603 us/op, 70495.00 uJpkg, 0.00 uJdram
WorkloadPilot    2: 5853 op, 304670807.00 ns, 52.0538 us/op, 25262204.00 uJpkg, 0.00 uJdram
WorkloadPilot    3: 19211 op, 706665728.00 ns, 36.7844 us/op, 60385588.00 uJpkg, 0.00 uJdram
WorkloadPilot    4: 27185 op, 1001673930.00 ns, 36.8466 us/op, 86002283.00 uJpkg, 0.00 uJdram
WorkloadPilot    5: 27140 op, 1003981087.00 ns, 36.9927 us/op, 86283104.00 uJpkg, 0.00 uJdram
WorkloadPilot    6: 27032 op, 1004805803.00 ns, 37.1710 us/op, 86325828.00 uJpkg, 0.00 uJdram

WorkloadWarmup   1: 27032 op, 997607533.00 ns, 36.9047 us/op, 85161159.00 uJpkg, 0.00 uJdram
WorkloadWarmup   2: 27032 op, 1004146104.00 ns, 37.1466 us/op, 86532737.00 uJpkg, 0.00 uJdram
WorkloadWarmup   3: 27032 op, 994902942.00 ns, 36.8046 us/op, 85357326.00 uJpkg, 0.00 uJdram
WorkloadWarmup   4: 27032 op, 997774426.00 ns, 36.9109 us/op, 86010461.00 uJpkg, 0.00 uJdram
WorkloadWarmup   5: 27032 op, 994832692.00 ns, 36.8020 us/op, 84827297.00 uJpkg, 0.00 uJdram
WorkloadWarmup   6: 27032 op, 998019822.00 ns, 36.9199 us/op, 85316188.00 uJpkg, 0.00 uJdram

// BeforeActualRun
WorkloadActual   1: 27032 op, 997834825.00 ns, 36.9131 us/op, 85319911.00 uJpkg, 0.00 uJdram
WorkloadActual   2: 27032 op, 1001387424.00 ns, 37.0445 us/op, 85495386.00 uJpkg, 0.00 uJdram
WorkloadActual   3: 27032 op, 995497223.00 ns, 36.8266 us/op, 84939236.00 uJpkg, 0.00 uJdram
WorkloadActual   4: 27032 op, 1000707109.00 ns, 37.0194 us/op, 85211329.00 uJpkg, 0.00 uJdram
WorkloadActual   5: 27032 op, 997975990.00 ns, 36.9183 us/op, 86489219.00 uJpkg, 0.00 uJdram
WorkloadActual   6: 27032 op, 1004422647.00 ns, 37.1568 us/op, 86863242.00 uJpkg, 0.00 uJdram
WorkloadActual   7: 27032 op, 1003048179.00 ns, 37.1060 us/op, 86164147.00 uJpkg, 0.00 uJdram
WorkloadActual   8: 27032 op, 998003252.00 ns, 36.9193 us/op, 85614527.00 uJpkg, 0.00 uJdram
WorkloadActual   9: 27032 op, 998579321.00 ns, 36.9406 us/op, 85723047.00 uJpkg, 0.00 uJdram
WorkloadActual  10: 27032 op, 996901988.00 ns, 36.8786 us/op, 85952478.00 uJpkg, 0.00 uJdram
WorkloadActual  11: 27032 op, 998629885.00 ns, 36.9425 us/op, 86100548.00 uJpkg, 0.00 uJdram
WorkloadActual  12: 27032 op, 1004025138.00 ns, 37.1421 us/op, 86175988.00 uJpkg, 0.00 uJdram
WorkloadActual  13: 27032 op, 1000066614.00 ns, 36.9957 us/op, 85942713.00 uJpkg, 0.00 uJdram
WorkloadActual  14: 27032 op, 1001883941.00 ns, 37.0629 us/op, 86312096.00 uJpkg, 0.00 uJdram
WorkloadActual  15: 27032 op, 996680432.00 ns, 36.8704 us/op, 85870203.00 uJpkg, 0.00 uJdram

// AfterActualRun
WorkloadResult   1: 27032 op, 997834825.00 ns, 36.9131 us/op, 85319911.00 uJpkg, 0.00 uJdram
WorkloadResult   2: 27032 op, 1001387424.00 ns, 37.0445 us/op, 85495386.00 uJpkg, 0.00 uJdram
WorkloadResult   3: 27032 op, 995497223.00 ns, 36.8266 us/op, 84939236.00 uJpkg, 0.00 uJdram
WorkloadResult   4: 27032 op, 1000707109.00 ns, 37.0194 us/op, 85211329.00 uJpkg, 0.00 uJdram
WorkloadResult   5: 27032 op, 997975990.00 ns, 36.9183 us/op, 86489219.00 uJpkg, 0.00 uJdram
WorkloadResult   6: 27032 op, 1004422647.00 ns, 37.1568 us/op, 86863242.00 uJpkg, 0.00 uJdram
WorkloadResult   7: 27032 op, 1003048179.00 ns, 37.1060 us/op, 86164147.00 uJpkg, 0.00 uJdram
WorkloadResult   8: 27032 op, 998003252.00 ns, 36.9193 us/op, 85614527.00 uJpkg, 0.00 uJdram
WorkloadResult   9: 27032 op, 998579321.00 ns, 36.9406 us/op, 85723047.00 uJpkg, 0.00 uJdram
WorkloadResult  10: 27032 op, 996901988.00 ns, 36.8786 us/op, 85952478.00 uJpkg, 0.00 uJdram
WorkloadResult  11: 27032 op, 998629885.00 ns, 36.9425 us/op, 86100548.00 uJpkg, 0.00 uJdram
WorkloadResult  12: 27032 op, 1004025138.00 ns, 37.1421 us/op, 86175988.00 uJpkg, 0.00 uJdram
WorkloadResult  13: 27032 op, 1000066614.00 ns, 36.9957 us/op, 85942713.00 uJpkg, 0.00 uJdram
WorkloadResult  14: 27032 op, 1001883941.00 ns, 37.0629 us/op, 86312096.00 uJpkg, 0.00 uJdram
WorkloadResult  15: 27032 op, 996680432.00 ns, 36.8704 us/op, 85870203.00 uJpkg, 0.00 uJdram

// AfterAll
// Benchmark Process 4057887 has exited with code 0.

Mean = 36.982 μs, StdErr = 0.026 μs (0.07%), N = 15, StdDev = 0.102 μs
Min = 36.827 μs, Q1 = 36.916 μs, Median = 36.943 μs, Q3 = 37.054 μs, Max = 37.157 μs
IQR = 0.138 μs, LowerFence = 36.709 μs, UpperFence = 37.261 μs
ConfidenceInterval = [36.873 μs; 37.092 μs] (CI 99.9%), Margin = 0.109 μs (0.30% of Mean)
Skewness = 0.3, Kurtosis = 1.69, MValue = 2

// ** Remained 7 (23.3%) benchmark(s) to run. Estimated finish 2025-12-31 19:54 (0h 3m from now) **
// **************************
// Benchmark: JsonSerializationBenchmarks.Utf8Json_Serialize_Medium: Overhead-Fixed-Energy-5(OutlierMode=DontRemove, IterationCount=15, IterationTime=1s, LaunchCount=1, WarmupCount=6)
// *** Execute ***
// Launch: 1 / 1
// Execute: dotnet Serialization.Bench-Overhead-Fixed-Energy-5-1.dll --anonymousPipes 103 104 --benchmarkName Serialization.Bench.JsonSerializationBenchmarks.Utf8Json_Serialize_Medium --job Overhead-Fixed-Energy-5 --benchmarkId 23 in /home/test/rapl-tests/lib-energy-bench/src/Serialization.Bench/bin/Release/net8.0/Serialization.Bench-Overhead-Fixed-Energy-5-1/bin/Release/net8.0
// BeforeAnythingElse

// Benchmark Process Environment Information:
// BenchmarkDotNet v0.15.5-develop (2025-12-31)
// Runtime=.NET 8.0.21 (8.0.21, 8.0.2125.47513), X64 RyuJIT x86-64-v4
// GC=Concurrent Workstation
// HardwareIntrinsics=AVX512 IFMA+VBMI,AVX512 F+BW+CD+DQ+VL,AVX2+BMI1+BMI2+F16C+FMA+LZCNT+MOVBE,AVX,SSE3+SSSE3+SSE4.1+SSE4.2+POPCNT,X86Base+SSE+SSE2,AES+PCLMUL VectorSize=256
// Job: Overhead-Fixed-Energy-5(OutlierMode=DontRemove, IterationCount=15, IterationTime=1s, LaunchCount=1, WarmupCount=6)

OverheadJitting  1: 1 op, 133767.00 ns, 133.7670 us/op, 0.00 uJpkg, 0.00 uJdram
WorkloadJitting  1: 1 op, 52352264.00 ns, 52.3523 ms/op, 3212456.00 uJpkg, 0.00 uJdram

OverheadJitting  2: 16 op, 371548.00 ns, 23.2218 us/op, 0.00 uJpkg, 0.00 uJdram
WorkloadJitting  2: 16 op, 4340075.00 ns, 271.2547 us/op, 280578.00 uJpkg, 0.00 uJdram

WorkloadPilot    1: 16 op, 3712845.00 ns, 232.0528 us/op, 263488.00 uJpkg, 0.00 uJdram
WorkloadPilot    2: 4320 op, 400736491.00 ns, 92.7631 us/op, 30527143.00 uJpkg, 0.00 uJdram
WorkloadPilot    3: 10784 op, 625027856.00 ns, 57.9588 us/op, 52422229.00 uJpkg, 0.00 uJdram
WorkloadPilot    4: 17264 op, 987159296.00 ns, 57.1802 us/op, 80789954.00 uJpkg, 0.00 uJdram
WorkloadPilot    5: 17504 op, 1023535842.00 ns, 58.4744 us/op, 84188566.00 uJpkg, 0.00 uJdram
WorkloadPilot    6: 17104 op, 967336205.00 ns, 56.5561 us/op, 79386698.00 uJpkg, 0.00 uJdram
WorkloadPilot    7: 17696 op, 1013105444.00 ns, 57.2505 us/op, 82666537.00 uJpkg, 0.00 uJdram
WorkloadPilot    8: 17472 op, 1022907632.00 ns, 58.5455 us/op, 83506866.00 uJpkg, 0.00 uJdram

OverheadWarmup   1: 17472 op, 62723.00 ns, 3.5899 ns/op, 0.00 uJpkg, 0.00 uJdram
OverheadWarmup   2: 17472 op, 61821.00 ns, 3.5383 ns/op, 0.00 uJpkg, 0.00 uJdram
OverheadWarmup   3: 17472 op, 61787.00 ns, 3.5363 ns/op, 0.00 uJpkg, 0.00 uJdram
OverheadWarmup   4: 17472 op, 61997.00 ns, 3.5484 ns/op, 0.00 uJpkg, 0.00 uJdram
OverheadWarmup   5: 17472 op, 60914.00 ns, 3.4864 ns/op, 0.00 uJpkg, 0.00 uJdram
OverheadWarmup   6: 17472 op, 60903.00 ns, 3.4857 ns/op, 0.00 uJpkg, 0.00 uJdram
OverheadWarmup   7: 17472 op, 62518.00 ns, 3.5782 ns/op, 0.00 uJpkg, 0.00 uJdram
OverheadWarmup   8: 17472 op, 62254.00 ns, 3.5631 ns/op, 0.00 uJpkg, 0.00 uJdram

OverheadActual   1: 17472 op, 60893.00 ns, 3.4852 ns/op, 0.00 uJpkg, 0.00 uJdram
OverheadActual   2: 17472 op, 65959.00 ns, 3.7751 ns/op, 0.00 uJpkg, 0.00 uJdram
OverheadActual   3: 17472 op, 61784.00 ns, 3.5362 ns/op, 0.00 uJpkg, 0.00 uJdram
OverheadActual   4: 17472 op, 61249.00 ns, 3.5056 ns/op, 0.00 uJpkg, 0.00 uJdram
OverheadActual   5: 17472 op, 60898.00 ns, 3.4855 ns/op, 0.00 uJpkg, 0.00 uJdram
OverheadActual   6: 17472 op, 60901.00 ns, 3.4856 ns/op, 0.00 uJpkg, 0.00 uJdram
OverheadActual   7: 17472 op, 60904.00 ns, 3.4858 ns/op, 0.00 uJpkg, 0.00 uJdram
OverheadActual   8: 17472 op, 62197.00 ns, 3.5598 ns/op, 91980.00 uJpkg, 0.00 uJdram
OverheadActual   9: 17472 op, 61866.00 ns, 3.5409 ns/op, 0.00 uJpkg, 0.00 uJdram
OverheadActual  10: 17472 op, 60882.00 ns, 3.4845 ns/op, 0.00 uJpkg, 0.00 uJdram
OverheadActual  11: 17472 op, 61238.00 ns, 3.5049 ns/op, 0.00 uJpkg, 0.00 uJdram
OverheadActual  12: 17472 op, 60894.00 ns, 3.4852 ns/op, 0.00 uJpkg, 0.00 uJdram
OverheadActual  13: 17472 op, 60914.00 ns, 3.4864 ns/op, 0.00 uJpkg, 0.00 uJdram
OverheadActual  14: 17472 op, 59707.00 ns, 3.4173 ns/op, 73120.00 uJpkg, 0.00 uJdram
OverheadActual  15: 17472 op, 62305.00 ns, 3.5660 ns/op, 0.00 uJpkg, 0.00 uJdram

WorkloadWarmup   1: 17472 op, 989592361.00 ns, 56.6388 us/op, 83146089.00 uJpkg, 0.00 uJdram
WorkloadWarmup   2: 17472 op, 984072671.00 ns, 56.3228 us/op, 80339516.00 uJpkg, 0.00 uJdram
WorkloadWarmup   3: 17472 op, 986241332.00 ns, 56.4470 us/op, 80382850.00 uJpkg, 0.00 uJdram
WorkloadWarmup   4: 17472 op, 985956016.00 ns, 56.4306 us/op, 80059610.00 uJpkg, 0.00 uJdram
WorkloadWarmup   5: 17472 op, 992048141.00 ns, 56.7793 us/op, 80739295.00 uJpkg, 0.00 uJdram
WorkloadWarmup   6: 17472 op, 987345166.00 ns, 56.5101 us/op, 80296303.00 uJpkg, 0.00 uJdram

// BeforeActualRun
WorkloadActual   1: 17472 op, 1005006338.00 ns, 57.5210 us/op, 81617589.00 uJpkg, 0.00 uJdram
WorkloadActual   2: 17472 op, 996689740.00 ns, 57.0450 us/op, 80816444.00 uJpkg, 0.00 uJdram
WorkloadActual   3: 17472 op, 982356364.00 ns, 56.2246 us/op, 80480751.00 uJpkg, 0.00 uJdram
WorkloadActual   4: 17472 op, 983701954.00 ns, 56.3016 us/op, 80551491.00 uJpkg, 0.00 uJdram
WorkloadActual   5: 17472 op, 990265359.00 ns, 56.6773 us/op, 80561134.00 uJpkg, 0.00 uJdram
WorkloadActual   6: 17472 op, 994999778.00 ns, 56.9482 us/op, 80737587.00 uJpkg, 0.00 uJdram
WorkloadActual   7: 17472 op, 994266863.00 ns, 56.9063 us/op, 80883216.00 uJpkg, 0.00 uJdram
WorkloadActual   8: 17472 op, 1018301912.00 ns, 58.2819 us/op, 82781710.00 uJpkg, 0.00 uJdram
WorkloadActual   9: 17472 op, 996131458.00 ns, 57.0130 us/op, 80829017.00 uJpkg, 0.00 uJdram
WorkloadActual  10: 17472 op, 988442516.00 ns, 56.5729 us/op, 81140844.00 uJpkg, 0.00 uJdram
WorkloadActual  11: 17472 op, 991644624.00 ns, 56.7562 us/op, 80047158.00 uJpkg, 0.00 uJdram
WorkloadActual  12: 17472 op, 994624213.00 ns, 56.9268 us/op, 80858619.00 uJpkg, 0.00 uJdram
WorkloadActual  13: 17472 op, 991158916.00 ns, 56.7284 us/op, 80223610.00 uJpkg, 0.00 uJdram
WorkloadActual  14: 17472 op, 986444322.00 ns, 56.4586 us/op, 80710182.00 uJpkg, 0.00 uJdram
WorkloadActual  15: 17472 op, 982433867.00 ns, 56.2290 us/op, 80216958.00 uJpkg, 0.00 uJdram

// AfterActualRun
WorkloadResult   1: 17472 op, 1004945424.00 ns, 57.5175 us/op, 81617589.00 uJpkg, 0.00 uJdram
WorkloadResult   2: 17472 op, 996628826.00 ns, 57.0415 us/op, 80816444.00 uJpkg, 0.00 uJdram
WorkloadResult   3: 17472 op, 982295450.00 ns, 56.2211 us/op, 80480751.00 uJpkg, 0.00 uJdram
WorkloadResult   4: 17472 op, 983641040.00 ns, 56.2981 us/op, 80551491.00 uJpkg, 0.00 uJdram
WorkloadResult   5: 17472 op, 990204445.00 ns, 56.6738 us/op, 80561134.00 uJpkg, 0.00 uJdram
WorkloadResult   6: 17472 op, 994938864.00 ns, 56.9448 us/op, 80737587.00 uJpkg, 0.00 uJdram
WorkloadResult   7: 17472 op, 994205949.00 ns, 56.9028 us/op, 80883216.00 uJpkg, 0.00 uJdram
WorkloadResult   8: 17472 op, 1018240998.00 ns, 58.2784 us/op, 82781710.00 uJpkg, 0.00 uJdram
WorkloadResult   9: 17472 op, 996070544.00 ns, 57.0095 us/op, 80829017.00 uJpkg, 0.00 uJdram
WorkloadResult  10: 17472 op, 988381602.00 ns, 56.5695 us/op, 81140844.00 uJpkg, 0.00 uJdram
WorkloadResult  11: 17472 op, 991583710.00 ns, 56.7527 us/op, 80047158.00 uJpkg, 0.00 uJdram
WorkloadResult  12: 17472 op, 994563299.00 ns, 56.9233 us/op, 80858619.00 uJpkg, 0.00 uJdram
WorkloadResult  13: 17472 op, 991098002.00 ns, 56.7249 us/op, 80223610.00 uJpkg, 0.00 uJdram
WorkloadResult  14: 17472 op, 986383408.00 ns, 56.4551 us/op, 80710182.00 uJpkg, 0.00 uJdram
WorkloadResult  15: 17472 op, 982372953.00 ns, 56.2256 us/op, 80216958.00 uJpkg, 0.00 uJdram

// AfterAll
// Benchmark Process 4057900 has exited with code 0.

Mean = 56.836 μs, StdErr = 0.137 μs (0.24%), N = 15, StdDev = 0.531 μs
Min = 56.221 μs, Q1 = 56.512 μs, Median = 56.753 μs, Q3 = 56.977 μs, Max = 58.278 μs
IQR = 0.465 μs, LowerFence = 55.815 μs, UpperFence = 57.674 μs
ConfidenceInterval = [56.269 μs; 57.403 μs] (CI 99.9%), Margin = 0.567 μs (1.00% of Mean)
Skewness = 1.18, Kurtosis = 4.15, MValue = 2

// ** Remained 6 (20.0%) benchmark(s) to run. Estimated finish 2025-12-31 19:54 (0h 2m from now) **
// **************************
// Benchmark: JsonSerializationBenchmarks.SpanJson_Serialize_Medium: Overhead-Fixed-Energy-5(OutlierMode=DontRemove, IterationCount=15, IterationTime=1s, LaunchCount=1, WarmupCount=6)
// *** Execute ***
// Launch: 1 / 1
// Execute: dotnet Serialization.Bench-Overhead-Fixed-Energy-5-1.dll --anonymousPipes 103 104 --benchmarkName Serialization.Bench.JsonSerializationBenchmarks.SpanJson_Serialize_Medium --job Overhead-Fixed-Energy-5 --benchmarkId 24 in /home/test/rapl-tests/lib-energy-bench/src/Serialization.Bench/bin/Release/net8.0/Serialization.Bench-Overhead-Fixed-Energy-5-1/bin/Release/net8.0
// BeforeAnythingElse

// Benchmark Process Environment Information:
// BenchmarkDotNet v0.15.5-develop (2025-12-31)
// Runtime=.NET 8.0.21 (8.0.21, 8.0.2125.47513), X64 RyuJIT x86-64-v4
// GC=Concurrent Workstation
// HardwareIntrinsics=AVX512 IFMA+VBMI,AVX512 F+BW+CD+DQ+VL,AVX2+BMI1+BMI2+F16C+FMA+LZCNT+MOVBE,AVX,SSE3+SSSE3+SSE4.1+SSE4.2+POPCNT,X86Base+SSE+SSE2,AES+PCLMUL VectorSize=256
// Job: Overhead-Fixed-Energy-5(OutlierMode=DontRemove, IterationCount=15, IterationTime=1s, LaunchCount=1, WarmupCount=6)

OverheadJitting  1: 1 op, 136679.00 ns, 136.6790 us/op, 0.00 uJpkg, 0.00 uJdram
WorkloadJitting  1: 1 op, 97536464.00 ns, 97.5365 ms/op, 6075180.00 uJpkg, 0.00 uJdram

WorkloadPilot    1: 4 op, 988930.00 ns, 247.2325 us/op, 69702.00 uJpkg, 0.00 uJdram
WorkloadPilot    2: 4045 op, 282132420.00 ns, 69.7484 us/op, 18926526.00 uJpkg, 0.00 uJdram
WorkloadPilot    3: 14337 op, 567808439.00 ns, 39.6044 us/op, 36658109.00 uJpkg, 0.00 uJdram
WorkloadPilot    4: 25250 op, 995993661.00 ns, 39.4453 us/op, 64465533.00 uJpkg, 0.00 uJdram
WorkloadPilot    5: 25352 op, 996250941.00 ns, 39.2967 us/op, 64884477.00 uJpkg, 0.00 uJdram
WorkloadPilot    6: 25447 op, 996140709.00 ns, 39.1457 us/op, 64238483.00 uJpkg, 0.00 uJdram
WorkloadPilot    7: 25546 op, 1006034376.00 ns, 39.3813 us/op, 64609698.00 uJpkg, 0.00 uJdram
WorkloadPilot    8: 25393 op, 1000907900.00 ns, 39.4167 us/op, 63789876.00 uJpkg, 0.00 uJdram
WorkloadPilot    9: 25370 op, 999515972.00 ns, 39.3976 us/op, 64346087.00 uJpkg, 0.00 uJdram
WorkloadPilot   10: 25382 op, 999194906.00 ns, 39.3663 us/op, 65143266.00 uJpkg, 0.00 uJdram
WorkloadPilot   11: 25402 op, 1001912649.00 ns, 39.4423 us/op, 64709552.00 uJpkg, 0.00 uJdram

WorkloadWarmup   1: 25402 op, 1003424563.00 ns, 39.5018 us/op, 65699661.00 uJpkg, 0.00 uJdram
WorkloadWarmup   2: 25402 op, 1004290867.00 ns, 39.5359 us/op, 64766253.00 uJpkg, 0.00 uJdram
WorkloadWarmup   3: 25402 op, 1000765679.00 ns, 39.3971 us/op, 64191852.00 uJpkg, 0.00 uJdram
WorkloadWarmup   4: 25402 op, 1001164843.00 ns, 39.4128 us/op, 64299762.00 uJpkg, 0.00 uJdram
WorkloadWarmup   5: 25402 op, 1000818936.00 ns, 39.3992 us/op, 64937761.00 uJpkg, 0.00 uJdram
WorkloadWarmup   6: 25402 op, 1001029561.00 ns, 39.4075 us/op, 65742447.00 uJpkg, 0.00 uJdram

// BeforeActualRun
WorkloadActual   1: 25402 op, 1005231488.00 ns, 39.5729 us/op, 64390704.00 uJpkg, 0.00 uJdram
WorkloadActual   2: 25402 op, 998465847.00 ns, 39.3066 us/op, 64429340.00 uJpkg, 0.00 uJdram
WorkloadActual   3: 25402 op, 999920381.00 ns, 39.3638 us/op, 64145343.00 uJpkg, 0.00 uJdram
WorkloadActual   4: 25402 op, 1002480715.00 ns, 39.4646 us/op, 64489887.00 uJpkg, 0.00 uJdram
WorkloadActual   5: 25402 op, 1002530538.00 ns, 39.4666 us/op, 65078324.00 uJpkg, 0.00 uJdram
WorkloadActual   6: 25402 op, 994307204.00 ns, 39.1429 us/op, 63724568.00 uJpkg, 0.00 uJdram
WorkloadActual   7: 25402 op, 997555302.00 ns, 39.2707 us/op, 64544757.00 uJpkg, 0.00 uJdram
WorkloadActual   8: 25402 op, 996714781.00 ns, 39.2376 us/op, 64446918.00 uJpkg, 0.00 uJdram
WorkloadActual   9: 25402 op, 998360404.00 ns, 39.3024 us/op, 63780354.00 uJpkg, 0.00 uJdram
WorkloadActual  10: 25402 op, 992701641.00 ns, 39.0797 us/op, 63990070.00 uJpkg, 0.00 uJdram
WorkloadActual  11: 25402 op, 997246276.00 ns, 39.2586 us/op, 63317465.00 uJpkg, 0.00 uJdram
WorkloadActual  12: 25402 op, 995683589.00 ns, 39.1971 us/op, 63560201.00 uJpkg, 0.00 uJdram
WorkloadActual  13: 25402 op, 997276390.00 ns, 39.2598 us/op, 64548358.00 uJpkg, 0.00 uJdram
WorkloadActual  14: 25402 op, 999191005.00 ns, 39.3351 us/op, 64201374.00 uJpkg, 0.00 uJdram
WorkloadActual  15: 25402 op, 1000645400.00 ns, 39.3924 us/op, 64992815.00 uJpkg, 0.00 uJdram

// AfterActualRun
WorkloadResult   1: 25402 op, 1005231488.00 ns, 39.5729 us/op, 64390704.00 uJpkg, 0.00 uJdram
WorkloadResult   2: 25402 op, 998465847.00 ns, 39.3066 us/op, 64429340.00 uJpkg, 0.00 uJdram
WorkloadResult   3: 25402 op, 999920381.00 ns, 39.3638 us/op, 64145343.00 uJpkg, 0.00 uJdram
WorkloadResult   4: 25402 op, 1002480715.00 ns, 39.4646 us/op, 64489887.00 uJpkg, 0.00 uJdram
WorkloadResult   5: 25402 op, 1002530538.00 ns, 39.4666 us/op, 65078324.00 uJpkg, 0.00 uJdram
WorkloadResult   6: 25402 op, 994307204.00 ns, 39.1429 us/op, 63724568.00 uJpkg, 0.00 uJdram
WorkloadResult   7: 25402 op, 997555302.00 ns, 39.2707 us/op, 64544757.00 uJpkg, 0.00 uJdram
WorkloadResult   8: 25402 op, 996714781.00 ns, 39.2376 us/op, 64446918.00 uJpkg, 0.00 uJdram
WorkloadResult   9: 25402 op, 998360404.00 ns, 39.3024 us/op, 63780354.00 uJpkg, 0.00 uJdram
WorkloadResult  10: 25402 op, 992701641.00 ns, 39.0797 us/op, 63990070.00 uJpkg, 0.00 uJdram
WorkloadResult  11: 25402 op, 997246276.00 ns, 39.2586 us/op, 63317465.00 uJpkg, 0.00 uJdram
WorkloadResult  12: 25402 op, 995683589.00 ns, 39.1971 us/op, 63560201.00 uJpkg, 0.00 uJdram
WorkloadResult  13: 25402 op, 997276390.00 ns, 39.2598 us/op, 64548358.00 uJpkg, 0.00 uJdram
WorkloadResult  14: 25402 op, 999191005.00 ns, 39.3351 us/op, 64201374.00 uJpkg, 0.00 uJdram
WorkloadResult  15: 25402 op, 1000645400.00 ns, 39.3924 us/op, 64992815.00 uJpkg, 0.00 uJdram

// AfterAll
// Benchmark Process 4057914 has exited with code 0.

Mean = 39.310 μs, StdErr = 0.033 μs (0.08%), N = 15, StdDev = 0.129 μs
Min = 39.080 μs, Q1 = 39.248 μs, Median = 39.302 μs, Q3 = 39.378 μs, Max = 39.573 μs
IQR = 0.130 μs, LowerFence = 39.053 μs, UpperFence = 39.573 μs
ConfidenceInterval = [39.172 μs; 39.448 μs] (CI 99.9%), Margin = 0.138 μs (0.35% of Mean)
Skewness = 0.23, Kurtosis = 2.35, MValue = 2

// ** Remained 5 (16.7%) benchmark(s) to run. Estimated finish 2025-12-31 19:54 (0h 2m from now) **
// **************************
// Benchmark: JsonSerializationBenchmarks.STJ_Serialize_Small: Overhead-Fixed-Energy-5(OutlierMode=DontRemove, IterationCount=15, IterationTime=1s, LaunchCount=1, WarmupCount=6)
// *** Execute ***
// Launch: 1 / 1
// Execute: dotnet Serialization.Bench-Overhead-Fixed-Energy-5-1.dll --anonymousPipes 103 104 --benchmarkName Serialization.Bench.JsonSerializationBenchmarks.STJ_Serialize_Small --job Overhead-Fixed-Energy-5 --benchmarkId 25 in /home/test/rapl-tests/lib-energy-bench/src/Serialization.Bench/bin/Release/net8.0/Serialization.Bench-Overhead-Fixed-Energy-5-1/bin/Release/net8.0
// BeforeAnythingElse

// Benchmark Process Environment Information:
// BenchmarkDotNet v0.15.5-develop (2025-12-31)
// Runtime=.NET 8.0.21 (8.0.21, 8.0.2125.47513), X64 RyuJIT x86-64-v4
// GC=Concurrent Workstation
// HardwareIntrinsics=AVX512 IFMA+VBMI,AVX512 F+BW+CD+DQ+VL,AVX2+BMI1+BMI2+F16C+FMA+LZCNT+MOVBE,AVX,SSE3+SSSE3+SSE4.1+SSE4.2+POPCNT,X86Base+SSE+SSE2,AES+PCLMUL VectorSize=256
// Job: Overhead-Fixed-Energy-5(OutlierMode=DontRemove, IterationCount=15, IterationTime=1s, LaunchCount=1, WarmupCount=6)

OverheadJitting  1: 1 op, 134892.00 ns, 134.8920 us/op, 0.00 uJpkg, 0.00 uJdram
WorkloadJitting  1: 1 op, 3756936.00 ns, 3.7569 ms/op, 247802.00 uJpkg, 0.00 uJdram

OverheadJitting  2: 16 op, 371786.00 ns, 23.2366 us/op, 68969.00 uJpkg, 0.00 uJdram
WorkloadJitting  2: 16 op, 466913.00 ns, 29.1821 us/op, 0.00 uJpkg, 0.00 uJdram

WorkloadPilot    1: 16 op, 66097.00 ns, 4.1311 us/op, 70617.00 uJpkg, 0.00 uJdram
WorkloadPilot    2: 242080 op, 577433538.00 ns, 2.3853 us/op, 50284967.00 uJpkg, 0.00 uJdram
WorkloadPilot    3: 419248 op, 537511704.00 ns, 1.2821 us/op, 47831298.00 uJpkg, 0.00 uJdram
WorkloadPilot    4: 779984 op, 995162285.00 ns, 1.2759 us/op, 88638628.00 uJpkg, 0.00 uJdram
WorkloadPilot    5: 783776 op, 1000949606.00 ns, 1.2771 us/op, 89427383.00 uJpkg, 0.00 uJdram
WorkloadPilot    6: 783040 op, 997020225.00 ns, 1.2733 us/op, 89319230.00 uJpkg, 0.00 uJdram
WorkloadPilot    7: 785392 op, 1008066839.00 ns, 1.2835 us/op, 90090590.00 uJpkg, 0.00 uJdram
WorkloadPilot    8: 779120 op, 992779630.00 ns, 1.2742 us/op, 88615374.00 uJpkg, 0.00 uJdram
WorkloadPilot    9: 784800 op, 1000271772.00 ns, 1.2746 us/op, 89324418.00 uJpkg, 0.00 uJdram

OverheadWarmup   1: 784800 op, 2679708.00 ns, 3.4145 ns/op, 210815.00 uJpkg, 0.00 uJdram
OverheadWarmup   2: 784800 op, 2681301.00 ns, 3.4165 ns/op, 203185.00 uJpkg, 0.00 uJdram
OverheadWarmup   3: 784800 op, 2695544.00 ns, 3.4347 ns/op, 168823.00 uJpkg, 0.00 uJdram
OverheadWarmup   4: 784800 op, 2682826.00 ns, 3.4185 ns/op, 179138.00 uJpkg, 0.00 uJdram
OverheadWarmup   5: 784800 op, 2695772.00 ns, 3.4350 ns/op, 130493.00 uJpkg, 0.00 uJdram
OverheadWarmup   6: 784800 op, 2703248.00 ns, 3.4445 ns/op, 208312.00 uJpkg, 0.00 uJdram
OverheadWarmup   7: 784800 op, 2691230.00 ns, 3.4292 ns/op, 218932.00 uJpkg, 0.00 uJdram

OverheadActual   1: 784800 op, 2686421.00 ns, 3.4231 ns/op, 210692.00 uJpkg, 0.00 uJdram
OverheadActual   2: 784800 op, 2692894.00 ns, 3.4313 ns/op, 127624.00 uJpkg, 0.00 uJdram
OverheadActual   3: 784800 op, 2681696.00 ns, 3.4170 ns/op, 197875.00 uJpkg, 0.00 uJdram
OverheadActual   4: 784800 op, 2694437.00 ns, 3.4333 ns/op, 128662.00 uJpkg, 0.00 uJdram
OverheadActual   5: 784800 op, 2687777.00 ns, 3.4248 ns/op, 191405.00 uJpkg, 0.00 uJdram
OverheadActual   6: 784800 op, 2678481.00 ns, 3.4129 ns/op, 211730.00 uJpkg, 0.00 uJdram
OverheadActual   7: 784800 op, 2688455.00 ns, 3.4257 ns/op, 199340.00 uJpkg, 0.00 uJdram
OverheadActual   8: 784800 op, 2675968.00 ns, 3.4097 ns/op, 169006.00 uJpkg, 0.00 uJdram
OverheadActual   9: 784800 op, 2692341.00 ns, 3.4306 ns/op, 127502.00 uJpkg, 0.00 uJdram
OverheadActual  10: 784800 op, 2677801.00 ns, 3.4121 ns/op, 200561.00 uJpkg, 0.00 uJdram
OverheadActual  11: 784800 op, 2692745.00 ns, 3.4311 ns/op, 212341.00 uJpkg, 0.00 uJdram
OverheadActual  12: 784800 op, 2684868.00 ns, 3.4211 ns/op, 193115.00 uJpkg, 0.00 uJdram
OverheadActual  13: 784800 op, 2679017.00 ns, 3.4136 ns/op, 199890.00 uJpkg, 0.00 uJdram
OverheadActual  14: 784800 op, 2690770.00 ns, 3.4286 ns/op, 123229.00 uJpkg, 0.00 uJdram
OverheadActual  15: 784800 op, 2684258.00 ns, 3.4203 ns/op, 202026.00 uJpkg, 0.00 uJdram

WorkloadWarmup   1: 784800 op, 1002788824.00 ns, 1.2778 us/op, 92372505.00 uJpkg, 0.00 uJdram
WorkloadWarmup   2: 784800 op, 1003480546.00 ns, 1.2786 us/op, 89558365.00 uJpkg, 0.00 uJdram
WorkloadWarmup   3: 784800 op, 1000178504.00 ns, 1.2744 us/op, 88995317.00 uJpkg, 0.00 uJdram
WorkloadWarmup   4: 784800 op, 999631334.00 ns, 1.2737 us/op, 89559951.00 uJpkg, 0.00 uJdram
WorkloadWarmup   5: 784800 op, 999306274.00 ns, 1.2733 us/op, 89489151.00 uJpkg, 0.00 uJdram
WorkloadWarmup   6: 784800 op, 999251145.00 ns, 1.2733 us/op, 87787312.00 uJpkg, 0.00 uJdram

// BeforeActualRun
WorkloadActual   1: 784800 op, 1001936094.00 ns, 1.2767 us/op, 88269061.00 uJpkg, 0.00 uJdram
WorkloadActual   2: 784800 op, 1004893531.00 ns, 1.2804 us/op, 89011246.00 uJpkg, 0.00 uJdram
WorkloadActual   3: 784800 op, 1005733063.00 ns, 1.2815 us/op, 89814223.00 uJpkg, 0.00 uJdram
WorkloadActual   4: 784800 op, 1004744939.00 ns, 1.2803 us/op, 88859453.00 uJpkg, 0.00 uJdram
WorkloadActual   5: 784800 op, 1005347502.00 ns, 1.2810 us/op, 89828994.00 uJpkg, 0.00 uJdram
WorkloadActual   6: 784800 op, 1003621622.00 ns, 1.2788 us/op, 88906022.00 uJpkg, 0.00 uJdram
WorkloadActual   7: 784800 op, 1004295406.00 ns, 1.2797 us/op, 89215531.00 uJpkg, 0.00 uJdram
WorkloadActual   8: 784800 op, 1004255931.00 ns, 1.2796 us/op, 88886675.00 uJpkg, 0.00 uJdram
WorkloadActual   9: 784800 op, 1004577261.00 ns, 1.2800 us/op, 88426776.00 uJpkg, 0.00 uJdram
WorkloadActual  10: 784800 op, 1004651747.00 ns, 1.2801 us/op, 89649429.00 uJpkg, 0.00 uJdram
WorkloadActual  11: 784800 op, 1004279793.00 ns, 1.2797 us/op, 89273881.00 uJpkg, 0.00 uJdram
WorkloadActual  12: 784800 op, 1003310575.00 ns, 1.2784 us/op, 89611587.00 uJpkg, 0.00 uJdram
WorkloadActual  13: 784800 op, 1003775073.00 ns, 1.2790 us/op, 89741958.00 uJpkg, 0.00 uJdram
WorkloadActual  14: 784800 op, 1003583399.00 ns, 1.2788 us/op, 89767287.00 uJpkg, 0.00 uJdram
WorkloadActual  15: 784800 op, 1004762803.00 ns, 1.2803 us/op, 90327955.00 uJpkg, 0.00 uJdram

// AfterActualRun
WorkloadResult   1: 784800 op, 999249673.00 ns, 1.2733 us/op, 88269061.00 uJpkg, 0.00 uJdram
WorkloadResult   2: 784800 op, 1002207110.00 ns, 1.2770 us/op, 89011246.00 uJpkg, 0.00 uJdram
WorkloadResult   3: 784800 op, 1003046642.00 ns, 1.2781 us/op, 89814223.00 uJpkg, 0.00 uJdram
WorkloadResult   4: 784800 op, 1002058518.00 ns, 1.2768 us/op, 88859453.00 uJpkg, 0.00 uJdram
WorkloadResult   5: 784800 op, 1002661081.00 ns, 1.2776 us/op, 89828994.00 uJpkg, 0.00 uJdram
WorkloadResult   6: 784800 op, 1000935201.00 ns, 1.2754 us/op, 88906022.00 uJpkg, 0.00 uJdram
WorkloadResult   7: 784800 op, 1001608985.00 ns, 1.2763 us/op, 89215531.00 uJpkg, 0.00 uJdram
WorkloadResult   8: 784800 op, 1001569510.00 ns, 1.2762 us/op, 88886675.00 uJpkg, 0.00 uJdram
WorkloadResult   9: 784800 op, 1001890840.00 ns, 1.2766 us/op, 88426776.00 uJpkg, 0.00 uJdram
WorkloadResult  10: 784800 op, 1001965326.00 ns, 1.2767 us/op, 89649429.00 uJpkg, 0.00 uJdram
WorkloadResult  11: 784800 op, 1001593372.00 ns, 1.2762 us/op, 89273881.00 uJpkg, 0.00 uJdram
WorkloadResult  12: 784800 op, 1000624154.00 ns, 1.2750 us/op, 89611587.00 uJpkg, 0.00 uJdram
WorkloadResult  13: 784800 op, 1001088652.00 ns, 1.2756 us/op, 89741958.00 uJpkg, 0.00 uJdram
WorkloadResult  14: 784800 op, 1000896978.00 ns, 1.2754 us/op, 89767287.00 uJpkg, 0.00 uJdram
WorkloadResult  15: 784800 op, 1002076382.00 ns, 1.2769 us/op, 90327955.00 uJpkg, 0.00 uJdram

// AfterAll
// Benchmark Process 4057927 has exited with code 0.

Mean = 1.276 μs, StdErr = 0.000 μs (0.02%), N = 15, StdDev = 0.001 μs
Min = 1.273 μs, Q1 = 1.275 μs, Median = 1.276 μs, Q3 = 1.277 μs, Max = 1.278 μs
IQR = 0.001 μs, LowerFence = 1.273 μs, UpperFence = 1.279 μs
ConfidenceInterval = [1.275 μs; 1.277 μs] (CI 99.9%), Margin = 0.001 μs (0.10% of Mean)
Skewness = -0.74, Kurtosis = 3.37, MValue = 2

// ** Remained 4 (13.3%) benchmark(s) to run. Estimated finish 2025-12-31 19:54 (0h 1m from now) **
// **************************
// Benchmark: JsonSerializationBenchmarks.Newtonsoft_Serialize_Small: Overhead-Fixed-Energy-5(OutlierMode=DontRemove, IterationCount=15, IterationTime=1s, LaunchCount=1, WarmupCount=6)
// *** Execute ***
// Launch: 1 / 1
// Execute: dotnet Serialization.Bench-Overhead-Fixed-Energy-5-1.dll --anonymousPipes 103 104 --benchmarkName Serialization.Bench.JsonSerializationBenchmarks.Newtonsoft_Serialize_Small --job Overhead-Fixed-Energy-5 --benchmarkId 26 in /home/test/rapl-tests/lib-energy-bench/src/Serialization.Bench/bin/Release/net8.0/Serialization.Bench-Overhead-Fixed-Energy-5-1/bin/Release/net8.0
// BeforeAnythingElse

// Benchmark Process Environment Information:
// BenchmarkDotNet v0.15.5-develop (2025-12-31)
// Runtime=.NET 8.0.21 (8.0.21, 8.0.2125.47513), X64 RyuJIT x86-64-v4
// GC=Concurrent Workstation
// HardwareIntrinsics=AVX512 IFMA+VBMI,AVX512 F+BW+CD+DQ+VL,AVX2+BMI1+BMI2+F16C+FMA+LZCNT+MOVBE,AVX,SSE3+SSSE3+SSE4.1+SSE4.2+POPCNT,X86Base+SSE+SSE2,AES+PCLMUL VectorSize=256
// Job: Overhead-Fixed-Energy-5(OutlierMode=DontRemove, IterationCount=15, IterationTime=1s, LaunchCount=1, WarmupCount=6)

OverheadJitting  1: 1 op, 136922.00 ns, 136.9220 us/op, 0.00 uJpkg, 0.00 uJdram
WorkloadJitting  1: 1 op, 37652958.00 ns, 37.6530 ms/op, 2327448.00 uJpkg, 0.00 uJdram

OverheadJitting  2: 16 op, 359425.00 ns, 22.4641 us/op, 0.00 uJpkg, 0.00 uJdram
WorkloadJitting  2: 16 op, 633232.00 ns, 39.5770 us/op, 97962.00 uJpkg, 0.00 uJdram

WorkloadPilot    1: 16 op, 271580.00 ns, 16.9738 us/op, 61340.00 uJpkg, 0.00 uJdram
WorkloadPilot    2: 58928 op, 242745093.00 ns, 4.1194 us/op, 20835091.00 uJpkg, 0.00 uJdram
WorkloadPilot    3: 242768 op, 540301928.00 ns, 2.2256 us/op, 47151552.00 uJpkg, 0.00 uJdram
WorkloadPilot    4: 449328 op, 997836501.00 ns, 2.2207 us/op, 87365621.00 uJpkg, 0.00 uJdram
WorkloadPilot    5: 450304 op, 997812842.00 ns, 2.2159 us/op, 87405538.00 uJpkg, 0.00 uJdram
WorkloadPilot    6: 451296 op, 1000422821.00 ns, 2.2168 us/op, 87684834.00 uJpkg, 0.00 uJdram
WorkloadPilot    7: 451120 op, 1002578550.00 ns, 2.2224 us/op, 87909138.00 uJpkg, 0.00 uJdram
WorkloadPilot    8: 449968 op, 999920451.00 ns, 2.2222 us/op, 87480550.00 uJpkg, 0.00 uJdram
WorkloadPilot    9: 450016 op, 999065303.00 ns, 2.2201 us/op, 87366658.00 uJpkg, 0.00 uJdram
WorkloadPilot   10: 450448 op, 1003087223.00 ns, 2.2269 us/op, 88550189.00 uJpkg, 0.00 uJdram

OverheadWarmup   1: 450448 op, 1535787.00 ns, 3.4095 ns/op, 80505.00 uJpkg, 0.00 uJdram
OverheadWarmup   2: 450448 op, 1534723.00 ns, 3.4071 ns/op, 143372.00 uJpkg, 0.00 uJdram
OverheadWarmup   3: 450448 op, 1543306.00 ns, 3.4262 ns/op, 164855.00 uJpkg, 0.00 uJdram
OverheadWarmup   4: 450448 op, 1544343.00 ns, 3.4285 ns/op, 91369.00 uJpkg, 0.00 uJdram
OverheadWarmup   5: 450448 op, 1544870.00 ns, 3.4296 ns/op, 175659.00 uJpkg, 0.00 uJdram
OverheadWarmup   6: 450448 op, 1546678.00 ns, 3.4336 ns/op, 82092.00 uJpkg, 0.00 uJdram
OverheadWarmup   7: 450448 op, 1558023.00 ns, 3.4588 ns/op, 152099.00 uJpkg, 0.00 uJdram
OverheadWarmup   8: 450448 op, 1544703.00 ns, 3.4293 ns/op, 90514.00 uJpkg, 0.00 uJdram
OverheadWarmup   9: 450448 op, 1547254.00 ns, 3.4349 ns/op, 156372.00 uJpkg, 0.00 uJdram
OverheadWarmup  10: 450448 op, 1546229.00 ns, 3.4326 ns/op, 86243.00 uJpkg, 0.00 uJdram

OverheadActual   1: 450448 op, 1545677.00 ns, 3.4314 ns/op, 154540.00 uJpkg, 0.00 uJdram
OverheadActual   2: 450448 op, 1544991.00 ns, 3.4299 ns/op, 154113.00 uJpkg, 0.00 uJdram
OverheadActual   3: 450448 op, 1544981.00 ns, 3.4299 ns/op, 80077.00 uJpkg, 0.00 uJdram
OverheadActual   4: 450448 op, 1545408.00 ns, 3.4308 ns/op, 156189.00 uJpkg, 0.00 uJdram
OverheadActual   5: 450448 op, 1545956.00 ns, 3.4320 ns/op, 94604.00 uJpkg, 0.00 uJdram
OverheadActual   6: 450448 op, 1557467.00 ns, 3.4576 ns/op, 159240.00 uJpkg, 0.00 uJdram
OverheadActual   7: 450448 op, 1545527.00 ns, 3.4311 ns/op, 63293.00 uJpkg, 0.00 uJdram
OverheadActual   8: 450448 op, 1540420.00 ns, 3.4198 ns/op, 168884.00 uJpkg, 0.00 uJdram
OverheadActual   9: 450448 op, 1544464.00 ns, 3.4287 ns/op, 146972.00 uJpkg, 0.00 uJdram
OverheadActual  10: 450448 op, 1566870.00 ns, 3.4785 ns/op, 162842.00 uJpkg, 0.00 uJdram
OverheadActual  11: 450448 op, 1561307.00 ns, 3.4661 ns/op, 95337.00 uJpkg, 0.00 uJdram
OverheadActual  12: 450448 op, 1557106.00 ns, 3.4568 ns/op, 144714.00 uJpkg, 0.00 uJdram
OverheadActual  13: 450448 op, 1550606.00 ns, 3.4424 ns/op, 67565.00 uJpkg, 0.00 uJdram
OverheadActual  14: 450448 op, 1543026.00 ns, 3.4255 ns/op, 133118.00 uJpkg, 0.00 uJdram
OverheadActual  15: 450448 op, 1548108.00 ns, 3.4368 ns/op, 143493.00 uJpkg, 0.00 uJdram

WorkloadWarmup   1: 450448 op, 1004389310.00 ns, 2.2298 us/op, 90584119.00 uJpkg, 0.00 uJdram
WorkloadWarmup   2: 450448 op, 1003680270.00 ns, 2.2282 us/op, 87971882.00 uJpkg, 0.00 uJdram
WorkloadWarmup   3: 450448 op, 1000651827.00 ns, 2.2215 us/op, 87668293.00 uJpkg, 0.00 uJdram
WorkloadWarmup   4: 450448 op, 1001792786.00 ns, 2.2240 us/op, 87686787.00 uJpkg, 0.00 uJdram
WorkloadWarmup   5: 450448 op, 996066734.00 ns, 2.2113 us/op, 87152853.00 uJpkg, 0.00 uJdram
WorkloadWarmup   6: 450448 op, 996680604.00 ns, 2.2126 us/op, 87017172.00 uJpkg, 0.00 uJdram

// BeforeActualRun
WorkloadActual   1: 450448 op, 1002792151.00 ns, 2.2262 us/op, 88297686.00 uJpkg, 0.00 uJdram
WorkloadActual   2: 450448 op, 999895785.00 ns, 2.2198 us/op, 87635884.00 uJpkg, 0.00 uJdram
WorkloadActual   3: 450448 op, 999560456.00 ns, 2.2190 us/op, 87937091.00 uJpkg, 0.00 uJdram
WorkloadActual   4: 450448 op, 1005308785.00 ns, 2.2318 us/op, 87997394.00 uJpkg, 0.00 uJdram
WorkloadActual   5: 450448 op, 1006866593.00 ns, 2.2353 us/op, 88322772.00 uJpkg, 0.00 uJdram
WorkloadActual   6: 450448 op, 1003887650.00 ns, 2.2286 us/op, 87973102.00 uJpkg, 0.00 uJdram
WorkloadActual   7: 450448 op, 1001357031.00 ns, 2.2230 us/op, 87910663.00 uJpkg, 0.00 uJdram
WorkloadActual   8: 450448 op, 1001752010.00 ns, 2.2239 us/op, 87968646.00 uJpkg, 0.00 uJdram
WorkloadActual   9: 450448 op, 1004909420.00 ns, 2.2309 us/op, 88370562.00 uJpkg, 0.00 uJdram
WorkloadActual  10: 450448 op, 1002704411.00 ns, 2.2260 us/op, 89199784.00 uJpkg, 0.00 uJdram
WorkloadActual  11: 450448 op, 1003445450.00 ns, 2.2277 us/op, 88040485.00 uJpkg, 0.00 uJdram
WorkloadActual  12: 450448 op, 1004066185.00 ns, 2.2290 us/op, 88004780.00 uJpkg, 0.00 uJdram
WorkloadActual  13: 450448 op, 1000618274.00 ns, 2.2214 us/op, 87622640.00 uJpkg, 0.00 uJdram
WorkloadActual  14: 450448 op, 1000869272.00 ns, 2.2219 us/op, 87793781.00 uJpkg, 0.00 uJdram
WorkloadActual  15: 450448 op, 999112090.00 ns, 2.2180 us/op, 87920979.00 uJpkg, 0.00 uJdram

// AfterActualRun
WorkloadResult   1: 450448 op, 1001246474.00 ns, 2.2228 us/op, 88297686.00 uJpkg, 0.00 uJdram
WorkloadResult   2: 450448 op, 998350108.00 ns, 2.2163 us/op, 87635884.00 uJpkg, 0.00 uJdram
WorkloadResult   3: 450448 op, 998014779.00 ns, 2.2156 us/op, 87937091.00 uJpkg, 0.00 uJdram
WorkloadResult   4: 450448 op, 1003763108.00 ns, 2.2284 us/op, 87997394.00 uJpkg, 0.00 uJdram
WorkloadResult   5: 450448 op, 1005320916.00 ns, 2.2318 us/op, 88322772.00 uJpkg, 0.00 uJdram
WorkloadResult   6: 450448 op, 1002341973.00 ns, 2.2252 us/op, 87973102.00 uJpkg, 0.00 uJdram
WorkloadResult   7: 450448 op, 999811354.00 ns, 2.2196 us/op, 87910663.00 uJpkg, 0.00 uJdram
WorkloadResult   8: 450448 op, 1000206333.00 ns, 2.2205 us/op, 87968646.00 uJpkg, 0.00 uJdram
WorkloadResult   9: 450448 op, 1003363743.00 ns, 2.2275 us/op, 88370562.00 uJpkg, 0.00 uJdram
WorkloadResult  10: 450448 op, 1001158734.00 ns, 2.2226 us/op, 89199784.00 uJpkg, 0.00 uJdram
WorkloadResult  11: 450448 op, 1001899773.00 ns, 2.2242 us/op, 88040485.00 uJpkg, 0.00 uJdram
WorkloadResult  12: 450448 op, 1002520508.00 ns, 2.2256 us/op, 88004780.00 uJpkg, 0.00 uJdram
WorkloadResult  13: 450448 op, 999072597.00 ns, 2.2180 us/op, 87622640.00 uJpkg, 0.00 uJdram
WorkloadResult  14: 450448 op, 999323595.00 ns, 2.2185 us/op, 87793781.00 uJpkg, 0.00 uJdram
WorkloadResult  15: 450448 op, 997566413.00 ns, 2.2146 us/op, 87920979.00 uJpkg, 0.00 uJdram

// AfterAll
// Benchmark Process 4057942 has exited with code 0.

Mean = 2.222 μs, StdErr = 0.001 μs (0.06%), N = 15, StdDev = 0.005 μs
Min = 2.215 μs, Q1 = 2.218 μs, Median = 2.223 μs, Q3 = 2.225 μs, Max = 2.232 μs
IQR = 0.007 μs, LowerFence = 2.207 μs, UpperFence = 2.236 μs
ConfidenceInterval = [2.217 μs; 2.228 μs] (CI 99.9%), Margin = 0.005 μs (0.24% of Mean)
Skewness = 0.21, Kurtosis = 1.83, MValue = 2

// ** Remained 3 (10.0%) benchmark(s) to run. Estimated finish 2025-12-31 19:54 (0h 1m from now) **
// **************************
// Benchmark: JsonSerializationBenchmarks.Jil_Serialize_Small: Overhead-Fixed-Energy-5(OutlierMode=DontRemove, IterationCount=15, IterationTime=1s, LaunchCount=1, WarmupCount=6)
// *** Execute ***
// Launch: 1 / 1
// Execute: dotnet Serialization.Bench-Overhead-Fixed-Energy-5-1.dll --anonymousPipes 103 104 --benchmarkName Serialization.Bench.JsonSerializationBenchmarks.Jil_Serialize_Small --job Overhead-Fixed-Energy-5 --benchmarkId 27 in /home/test/rapl-tests/lib-energy-bench/src/Serialization.Bench/bin/Release/net8.0/Serialization.Bench-Overhead-Fixed-Energy-5-1/bin/Release/net8.0
// BeforeAnythingElse

// Benchmark Process Environment Information:
// BenchmarkDotNet v0.15.5-develop (2025-12-31)
// Runtime=.NET 8.0.21 (8.0.21, 8.0.2125.47513), X64 RyuJIT x86-64-v4
// GC=Concurrent Workstation
// HardwareIntrinsics=AVX512 IFMA+VBMI,AVX512 F+BW+CD+DQ+VL,AVX2+BMI1+BMI2+F16C+FMA+LZCNT+MOVBE,AVX,SSE3+SSSE3+SSE4.1+SSE4.2+POPCNT,X86Base+SSE+SSE2,AES+PCLMUL VectorSize=256
// Job: Overhead-Fixed-Energy-5(OutlierMode=DontRemove, IterationCount=15, IterationTime=1s, LaunchCount=1, WarmupCount=6)

OverheadJitting  1: 1 op, 135883.00 ns, 135.8830 us/op, 0.00 uJpkg, 0.00 uJdram
WorkloadJitting  1: 1 op, 105268431.00 ns, 105.2684 ms/op, 6479354.00 uJpkg, 0.00 uJdram

WorkloadPilot    1: 4 op, 21357.00 ns, 5.3393 us/op, 0.00 uJpkg, 0.00 uJdram
WorkloadPilot    2: 187292 op, 411397880.00 ns, 2.1966 us/op, 34089451.00 uJpkg, 0.00 uJdram
WorkloadPilot    3: 455258 op, 790254526.00 ns, 1.7358 us/op, 69754521.00 uJpkg, 0.00 uJdram
WorkloadPilot    4: 576090 op, 999899129.00 ns, 1.7357 us/op, 88758501.00 uJpkg, 0.00 uJdram
WorkloadPilot    5: 576148 op, 998641523.00 ns, 1.7333 us/op, 88787493.00 uJpkg, 0.00 uJdram
WorkloadPilot    6: 576932 op, 1001533564.00 ns, 1.7360 us/op, 88508990.00 uJpkg, 0.00 uJdram
WorkloadPilot    7: 576049 op, 1004132497.00 ns, 1.7431 us/op, 89331497.00 uJpkg, 0.00 uJdram
WorkloadPilot    8: 573678 op, 1001191551.00 ns, 1.7452 us/op, 88822710.00 uJpkg, 0.00 uJdram

WorkloadWarmup   1: 573678 op, 993166309.00 ns, 1.7312 us/op, 88363177.00 uJpkg, 0.00 uJdram
WorkloadWarmup   2: 573678 op, 997834742.00 ns, 1.7394 us/op, 89155045.00 uJpkg, 0.00 uJdram
WorkloadWarmup   3: 573678 op, 997713584.00 ns, 1.7392 us/op, 88816972.00 uJpkg, 0.00 uJdram
WorkloadWarmup   4: 573678 op, 999565460.00 ns, 1.7424 us/op, 88843034.00 uJpkg, 0.00 uJdram
WorkloadWarmup   5: 573678 op, 999152293.00 ns, 1.7417 us/op, 88729936.00 uJpkg, 0.00 uJdram
WorkloadWarmup   6: 573678 op, 999315683.00 ns, 1.7419 us/op, 88821611.00 uJpkg, 0.00 uJdram

// BeforeActualRun
WorkloadActual   1: 573678 op, 996369834.00 ns, 1.7368 us/op, 88903032.00 uJpkg, 0.00 uJdram
WorkloadActual   2: 573678 op, 1000338302.00 ns, 1.7437 us/op, 88817033.00 uJpkg, 0.00 uJdram
WorkloadActual   3: 573678 op, 1000134931.00 ns, 1.7434 us/op, 90453260.00 uJpkg, 0.00 uJdram
WorkloadActual   4: 573678 op, 1000408284.00 ns, 1.7438 us/op, 89965162.00 uJpkg, 0.00 uJdram
WorkloadActual   5: 573678 op, 1001171150.00 ns, 1.7452 us/op, 89114457.00 uJpkg, 0.00 uJdram
WorkloadActual   6: 573678 op, 999091894.00 ns, 1.7416 us/op, 89056900.00 uJpkg, 0.00 uJdram
WorkloadActual   7: 573678 op, 1000112880.00 ns, 1.7433 us/op, 89406143.00 uJpkg, 0.00 uJdram
WorkloadActual   8: 573678 op, 999269377.00 ns, 1.7419 us/op, 89749831.00 uJpkg, 0.00 uJdram
WorkloadActual   9: 573678 op, 998596282.00 ns, 1.7407 us/op, 88337970.00 uJpkg, 0.00 uJdram
WorkloadActual  10: 573678 op, 998298551.00 ns, 1.7402 us/op, 88050251.00 uJpkg, 0.00 uJdram
WorkloadActual  11: 573678 op, 999544573.00 ns, 1.7423 us/op, 88837297.00 uJpkg, 0.00 uJdram
WorkloadActual  12: 573678 op, 997830542.00 ns, 1.7394 us/op, 88571551.00 uJpkg, 0.00 uJdram
WorkloadActual  13: 573678 op, 998998554.00 ns, 1.7414 us/op, 88462359.00 uJpkg, 0.00 uJdram
WorkloadActual  14: 573678 op, 997087993.00 ns, 1.7381 us/op, 87736348.00 uJpkg, 0.00 uJdram
WorkloadActual  15: 573678 op, 997730045.00 ns, 1.7392 us/op, 88112323.00 uJpkg, 0.00 uJdram

// AfterActualRun
WorkloadResult   1: 573678 op, 996369834.00 ns, 1.7368 us/op, 88903032.00 uJpkg, 0.00 uJdram
WorkloadResult   2: 573678 op, 1000338302.00 ns, 1.7437 us/op, 88817033.00 uJpkg, 0.00 uJdram
WorkloadResult   3: 573678 op, 1000134931.00 ns, 1.7434 us/op, 90453260.00 uJpkg, 0.00 uJdram
WorkloadResult   4: 573678 op, 1000408284.00 ns, 1.7438 us/op, 89965162.00 uJpkg, 0.00 uJdram
WorkloadResult   5: 573678 op, 1001171150.00 ns, 1.7452 us/op, 89114457.00 uJpkg, 0.00 uJdram
WorkloadResult   6: 573678 op, 999091894.00 ns, 1.7416 us/op, 89056900.00 uJpkg, 0.00 uJdram
WorkloadResult   7: 573678 op, 1000112880.00 ns, 1.7433 us/op, 89406143.00 uJpkg, 0.00 uJdram
WorkloadResult   8: 573678 op, 999269377.00 ns, 1.7419 us/op, 89749831.00 uJpkg, 0.00 uJdram
WorkloadResult   9: 573678 op, 998596282.00 ns, 1.7407 us/op, 88337970.00 uJpkg, 0.00 uJdram
WorkloadResult  10: 573678 op, 998298551.00 ns, 1.7402 us/op, 88050251.00 uJpkg, 0.00 uJdram
WorkloadResult  11: 573678 op, 999544573.00 ns, 1.7423 us/op, 88837297.00 uJpkg, 0.00 uJdram
WorkloadResult  12: 573678 op, 997830542.00 ns, 1.7394 us/op, 88571551.00 uJpkg, 0.00 uJdram
WorkloadResult  13: 573678 op, 998998554.00 ns, 1.7414 us/op, 88462359.00 uJpkg, 0.00 uJdram
WorkloadResult  14: 573678 op, 997087993.00 ns, 1.7381 us/op, 87736348.00 uJpkg, 0.00 uJdram
WorkloadResult  15: 573678 op, 997730045.00 ns, 1.7392 us/op, 88112323.00 uJpkg, 0.00 uJdram

// AfterAll
// Benchmark Process 4057956 has exited with code 0.

Mean = 1.741 μs, StdErr = 0.001 μs (0.03%), N = 15, StdDev = 0.002 μs
Min = 1.737 μs, Q1 = 1.740 μs, Median = 1.742 μs, Q3 = 1.743 μs, Max = 1.745 μs
IQR = 0.004 μs, LowerFence = 1.734 μs, UpperFence = 1.749 μs
ConfidenceInterval = [1.739 μs; 1.744 μs] (CI 99.9%), Margin = 0.003 μs (0.14% of Mean)
Skewness = -0.29, Kurtosis = 1.96, MValue = 2

// ** Remained 2 (6.7%) benchmark(s) to run. Estimated finish 2025-12-31 19:54 (0h 0m from now) **
// **************************
// Benchmark: JsonSerializationBenchmarks.Utf8Json_Serialize_Small: Overhead-Fixed-Energy-5(OutlierMode=DontRemove, IterationCount=15, IterationTime=1s, LaunchCount=1, WarmupCount=6)
// *** Execute ***
// Launch: 1 / 1
// Execute: dotnet Serialization.Bench-Overhead-Fixed-Energy-5-1.dll --anonymousPipes 103 104 --benchmarkName Serialization.Bench.JsonSerializationBenchmarks.Utf8Json_Serialize_Small --job Overhead-Fixed-Energy-5 --benchmarkId 28 in /home/test/rapl-tests/lib-energy-bench/src/Serialization.Bench/bin/Release/net8.0/Serialization.Bench-Overhead-Fixed-Energy-5-1/bin/Release/net8.0
// BeforeAnythingElse

// Benchmark Process Environment Information:
// BenchmarkDotNet v0.15.5-develop (2025-12-31)
// Runtime=.NET 8.0.21 (8.0.21, 8.0.2125.47513), X64 RyuJIT x86-64-v4
// GC=Concurrent Workstation
// HardwareIntrinsics=AVX512 IFMA+VBMI,AVX512 F+BW+CD+DQ+VL,AVX2+BMI1+BMI2+F16C+FMA+LZCNT+MOVBE,AVX,SSE3+SSSE3+SSE4.1+SSE4.2+POPCNT,X86Base+SSE+SSE2,AES+PCLMUL VectorSize=256
// Job: Overhead-Fixed-Energy-5(OutlierMode=DontRemove, IterationCount=15, IterationTime=1s, LaunchCount=1, WarmupCount=6)

OverheadJitting  1: 1 op, 137907.00 ns, 137.9070 us/op, 65430.00 uJpkg, 0.00 uJdram
WorkloadJitting  1: 1 op, 46100840.00 ns, 46.1008 ms/op, 2793083.00 uJpkg, 0.00 uJdram

OverheadJitting  2: 16 op, 373592.00 ns, 23.3495 us/op, 71716.00 uJpkg, 0.00 uJdram
WorkloadJitting  2: 16 op, 532902.00 ns, 33.3064 us/op, 76477.00 uJpkg, 0.00 uJdram

WorkloadPilot    1: 16 op, 212570.00 ns, 13.2856 us/op, 0.00 uJpkg, 0.00 uJdram
WorkloadPilot    2: 75280 op, 427692347.00 ns, 5.6814 us/op, 34378452.00 uJpkg, 0.00 uJdram
WorkloadPilot    3: 176016 op, 175399168.00 ns, 996.4956 ns/op, 15560934.00 uJpkg, 0.00 uJdram
WorkloadPilot    4: 1003520 op, 969120607.00 ns, 965.7213 ns/op, 82113804.00 uJpkg, 0.00 uJdram
WorkloadPilot    5: 1035504 op, 999631262.00 ns, 965.3572 ns/op, 84681363.00 uJpkg, 0.00 uJdram
WorkloadPilot    6: 1035888 op, 991366696.00 ns, 957.0211 ns/op, 84141508.00 uJpkg, 0.00 uJdram
WorkloadPilot    7: 1044912 op, 1011032349.00 ns, 967.5766 ns/op, 85780298.00 uJpkg, 0.00 uJdram
WorkloadPilot    8: 1033520 op, 990840347.00 ns, 958.7046 ns/op, 84116728.00 uJpkg, 0.00 uJdram
WorkloadPilot    9: 1043088 op, 1009336711.00 ns, 967.6429 ns/op, 85325099.00 uJpkg, 0.00 uJdram
WorkloadPilot   10: 1033440 op, 997827940.00 ns, 965.5403 ns/op, 85366724.00 uJpkg, 0.00 uJdram
WorkloadPilot   11: 1035696 op, 993012986.00 ns, 958.7881 ns/op, 84083830.00 uJpkg, 0.00 uJdram
WorkloadPilot   12: 1042992 op, 1009118501.00 ns, 967.5228 ns/op, 85884546.00 uJpkg, 0.00 uJdram

OverheadWarmup   1: 1042992 op, 3542070.00 ns, 3.3961 ns/op, 269286.00 uJpkg, 0.00 uJdram
OverheadWarmup   2: 1042992 op, 3552272.00 ns, 3.4058 ns/op, 261352.00 uJpkg, 0.00 uJdram
OverheadWarmup   3: 1042992 op, 3548515.00 ns, 3.4022 ns/op, 272521.00 uJpkg, 0.00 uJdram
OverheadWarmup   4: 1042992 op, 3559808.00 ns, 3.4131 ns/op, 276305.00 uJpkg, 0.00 uJdram
OverheadWarmup   5: 1042992 op, 3608955.00 ns, 3.4602 ns/op, 281494.00 uJpkg, 0.00 uJdram
OverheadWarmup   6: 1042992 op, 3557321.00 ns, 3.4107 ns/op, 203064.00 uJpkg, 0.00 uJdram

OverheadActual   1: 1042992 op, 3561949.00 ns, 3.4151 ns/op, 222045.00 uJpkg, 0.00 uJdram
OverheadActual   2: 1042992 op, 3568842.00 ns, 3.4217 ns/op, 278014.00 uJpkg, 0.00 uJdram
OverheadActual   3: 1042992 op, 3551582.00 ns, 3.4052 ns/op, 252074.00 uJpkg, 0.00 uJdram
OverheadActual   4: 1042992 op, 3577043.00 ns, 3.4296 ns/op, 218750.00 uJpkg, 0.00 uJdram
OverheadActual   5: 1042992 op, 3559822.00 ns, 3.4131 ns/op, 208434.00 uJpkg, 0.00 uJdram
OverheadActual   6: 1042992 op, 3564418.00 ns, 3.4175 ns/op, 266906.00 uJpkg, 0.00 uJdram
OverheadActual   7: 1042992 op, 3551015.00 ns, 3.4046 ns/op, 258972.00 uJpkg, 0.00 uJdram
OverheadActual   8: 1042992 op, 3554306.00 ns, 3.4078 ns/op, 206543.00 uJpkg, 0.00 uJdram
OverheadActual   9: 1042992 op, 3562038.00 ns, 3.4152 ns/op, 283813.00 uJpkg, 0.00 uJdram
OverheadActual  10: 1042992 op, 3544336.00 ns, 3.3982 ns/op, 251525.00 uJpkg, 0.00 uJdram
OverheadActual  11: 1042992 op, 3557697.00 ns, 3.4110 ns/op, 256774.00 uJpkg, 0.00 uJdram
OverheadActual  12: 1042992 op, 3542506.00 ns, 3.3965 ns/op, 197815.00 uJpkg, 0.00 uJdram
OverheadActual  13: 1042992 op, 3550502.00 ns, 3.4042 ns/op, 276062.00 uJpkg, 0.00 uJdram
OverheadActual  14: 1042992 op, 3544095.00 ns, 3.3980 ns/op, 258117.00 uJpkg, 0.00 uJdram
OverheadActual  15: 1042992 op, 3565419.00 ns, 3.4185 ns/op, 193359.00 uJpkg, 0.00 uJdram

WorkloadWarmup   1: 1042992 op, 999126645.00 ns, 957.9428 ns/op, 87319845.00 uJpkg, 0.00 uJdram
WorkloadWarmup   2: 1042992 op, 998476809.00 ns, 957.3197 ns/op, 84920315.00 uJpkg, 0.00 uJdram
WorkloadWarmup   3: 1042992 op, 1004554018.00 ns, 963.1464 ns/op, 85096279.00 uJpkg, 0.00 uJdram
WorkloadWarmup   4: 1042992 op, 1003292887.00 ns, 961.9373 ns/op, 84983669.00 uJpkg, 0.00 uJdram
WorkloadWarmup   5: 1042992 op, 996272276.00 ns, 955.2061 ns/op, 84305387.00 uJpkg, 0.00 uJdram
WorkloadWarmup   6: 1042992 op, 1003259260.00 ns, 961.9050 ns/op, 85018764.00 uJpkg, 0.00 uJdram

// BeforeActualRun
WorkloadActual   1: 1042992 op, 999310430.00 ns, 958.1190 ns/op, 84766080.00 uJpkg, 0.00 uJdram
WorkloadActual   2: 1042992 op, 1000688338.00 ns, 959.4401 ns/op, 84885342.00 uJpkg, 0.00 uJdram
WorkloadActual   3: 1042992 op, 1007793108.00 ns, 966.2520 ns/op, 85453822.00 uJpkg, 0.00 uJdram
WorkloadActual   4: 1042992 op, 1003265585.00 ns, 961.9111 ns/op, 85112148.00 uJpkg, 0.00 uJdram
WorkloadActual   5: 1042992 op, 1000356070.00 ns, 959.1215 ns/op, 85055202.00 uJpkg, 0.00 uJdram
WorkloadActual   6: 1042992 op, 1002112390.00 ns, 960.8054 ns/op, 85056911.00 uJpkg, 0.00 uJdram
WorkloadActual   7: 1042992 op, 994464976.00 ns, 953.4733 ns/op, 84332975.00 uJpkg, 0.00 uJdram
WorkloadActual   8: 1042992 op, 1001871829.00 ns, 960.5748 ns/op, 85127529.00 uJpkg, 0.00 uJdram
WorkloadActual   9: 1042992 op, 1001541394.00 ns, 960.2580 ns/op, 84885769.00 uJpkg, 0.00 uJdram
WorkloadActual  10: 1042992 op, 996274258.00 ns, 955.2080 ns/op, 85850000.00 uJpkg, 0.00 uJdram
WorkloadActual  11: 1042992 op, 1000181121.00 ns, 958.9538 ns/op, 84971157.00 uJpkg, 0.00 uJdram
WorkloadActual  12: 1042992 op, 995579662.00 ns, 954.5420 ns/op, 84548368.00 uJpkg, 0.00 uJdram
WorkloadActual  13: 1042992 op, 1004494095.00 ns, 963.0890 ns/op, 85250758.00 uJpkg, 0.00 uJdram
WorkloadActual  14: 1042992 op, 995696697.00 ns, 954.6542 ns/op, 84850125.00 uJpkg, 0.00 uJdram
WorkloadActual  15: 1042992 op, 994863041.00 ns, 953.8549 ns/op, 84964382.00 uJpkg, 0.00 uJdram

// AfterActualRun
WorkloadResult   1: 1042992 op, 995752733.00 ns, 954.7079 ns/op, 84766080.00 uJpkg, 0.00 uJdram
WorkloadResult   2: 1042992 op, 997130641.00 ns, 956.0290 ns/op, 84885342.00 uJpkg, 0.00 uJdram
WorkloadResult   3: 1042992 op, 1004235411.00 ns, 962.8410 ns/op, 85453822.00 uJpkg, 0.00 uJdram
WorkloadResult   4: 1042992 op, 999707888.00 ns, 958.5001 ns/op, 85112148.00 uJpkg, 0.00 uJdram
WorkloadResult   5: 1042992 op, 996798373.00 ns, 955.7105 ns/op, 85055202.00 uJpkg, 0.00 uJdram
WorkloadResult   6: 1042992 op, 998554693.00 ns, 957.3944 ns/op, 85056911.00 uJpkg, 0.00 uJdram
WorkloadResult   7: 1042992 op, 990907279.00 ns, 950.0622 ns/op, 84332975.00 uJpkg, 0.00 uJdram
WorkloadResult   8: 1042992 op, 998314132.00 ns, 957.1637 ns/op, 85127529.00 uJpkg, 0.00 uJdram
WorkloadResult   9: 1042992 op, 997983697.00 ns, 956.8469 ns/op, 84885769.00 uJpkg, 0.00 uJdram
WorkloadResult  10: 1042992 op, 992716561.00 ns, 951.7969 ns/op, 85850000.00 uJpkg, 0.00 uJdram
WorkloadResult  11: 1042992 op, 996623424.00 ns, 955.5427 ns/op, 84971157.00 uJpkg, 0.00 uJdram
WorkloadResult  12: 1042992 op, 992021965.00 ns, 951.1309 ns/op, 84548368.00 uJpkg, 0.00 uJdram
WorkloadResult  13: 1042992 op, 1000936398.00 ns, 959.6779 ns/op, 85250758.00 uJpkg, 0.00 uJdram
WorkloadResult  14: 1042992 op, 992139000.00 ns, 951.2432 ns/op, 84850125.00 uJpkg, 0.00 uJdram
WorkloadResult  15: 1042992 op, 991305344.00 ns, 950.4439 ns/op, 84964382.00 uJpkg, 0.00 uJdram

// AfterAll
// Benchmark Process 4057969 has exited with code 0.

Mean = 955.273 ns, StdErr = 0.963 ns (0.10%), N = 15, StdDev = 3.730 ns
Min = 950.062 ns, Q1 = 951.520 ns, Median = 955.710 ns, Q3 = 957.279 ns, Max = 962.841 ns
IQR = 5.759 ns, LowerFence = 942.881 ns, UpperFence = 965.918 ns
ConfidenceInterval = [951.285 ns; 959.260 ns] (CI 99.9%), Margin = 3.987 ns (0.42% of Mean)
Skewness = 0.18, Kurtosis = 1.99, MValue = 2

// ** Remained 1 (3.3%) benchmark(s) to run. Estimated finish 2025-12-31 19:54 (0h 0m from now) **
// **************************
// Benchmark: JsonSerializationBenchmarks.SpanJson_Serialize_Small: Overhead-Fixed-Energy-5(OutlierMode=DontRemove, IterationCount=15, IterationTime=1s, LaunchCount=1, WarmupCount=6)
// *** Execute ***
// Launch: 1 / 1
// Execute: dotnet Serialization.Bench-Overhead-Fixed-Energy-5-1.dll --anonymousPipes 103 104 --benchmarkName Serialization.Bench.JsonSerializationBenchmarks.SpanJson_Serialize_Small --job Overhead-Fixed-Energy-5 --benchmarkId 29 in /home/test/rapl-tests/lib-energy-bench/src/Serialization.Bench/bin/Release/net8.0/Serialization.Bench-Overhead-Fixed-Energy-5-1/bin/Release/net8.0
// BeforeAnythingElse

// Benchmark Process Environment Information:
// BenchmarkDotNet v0.15.5-develop (2025-12-31)
// Runtime=.NET 8.0.21 (8.0.21, 8.0.2125.47513), X64 RyuJIT x86-64-v4
// GC=Concurrent Workstation
// HardwareIntrinsics=AVX512 IFMA+VBMI,AVX512 F+BW+CD+DQ+VL,AVX2+BMI1+BMI2+F16C+FMA+LZCNT+MOVBE,AVX,SSE3+SSSE3+SSE4.1+SSE4.2+POPCNT,X86Base+SSE+SSE2,AES+PCLMUL VectorSize=256
// Job: Overhead-Fixed-Energy-5(OutlierMode=DontRemove, IterationCount=15, IterationTime=1s, LaunchCount=1, WarmupCount=6)

OverheadJitting  1: 1 op, 136305.00 ns, 136.3050 us/op, 0.00 uJpkg, 0.00 uJdram
WorkloadJitting  1: 1 op, 60325483.00 ns, 60.3255 ms/op, 4395008.00 uJpkg, 0.00 uJdram

OverheadJitting  2: 16 op, 370529.00 ns, 23.1581 us/op, 0.00 uJpkg, 0.00 uJdram
WorkloadJitting  2: 16 op, 582010.00 ns, 36.3756 us/op, 85266.00 uJpkg, 0.00 uJdram

WorkloadPilot    1: 16 op, 232976.00 ns, 14.5610 us/op, 0.00 uJpkg, 0.00 uJdram
WorkloadPilot    2: 68688 op, 242311757.00 ns, 3.5277 us/op, 16728595.00 uJpkg, 0.00 uJdram
WorkloadPilot    3: 283472 op, 352892436.00 ns, 1.2449 us/op, 23361147.00 uJpkg, 0.00 uJdram
WorkloadPilot    4: 803296 op, 988262191.00 ns, 1.2303 us/op, 65179032.00 uJpkg, 0.00 uJdram
WorkloadPilot    5: 812848 op, 998709024.00 ns, 1.2287 us/op, 65879348.00 uJpkg, 0.00 uJdram
WorkloadPilot    6: 813904 op, 1003656528.00 ns, 1.2331 us/op, 65975112.00 uJpkg, 0.00 uJdram
WorkloadPilot    7: 810944 op, 1003691900.00 ns, 1.2377 us/op, 66239149.00 uJpkg, 0.00 uJdram
WorkloadPilot    8: 807968 op, 1000336550.00 ns, 1.2381 us/op, 65770583.00 uJpkg, 0.00 uJdram

OverheadWarmup   1: 807968 op, 2746313.00 ns, 3.3990 ns/op, 183533.00 uJpkg, 0.00 uJdram
OverheadWarmup   2: 807968 op, 2745798.00 ns, 3.3984 ns/op, 119018.00 uJpkg, 0.00 uJdram
OverheadWarmup   3: 807968 op, 2752620.00 ns, 3.4068 ns/op, 215088.00 uJpkg, 0.00 uJdram
OverheadWarmup   4: 807968 op, 2745633.00 ns, 3.3982 ns/op, 198547.00 uJpkg, 0.00 uJdram
OverheadWarmup   5: 807968 op, 2753134.00 ns, 3.4075 ns/op, 185180.00 uJpkg, 0.00 uJdram
OverheadWarmup   6: 807968 op, 2746710.00 ns, 3.3995 ns/op, 117187.00 uJpkg, 0.00 uJdram

OverheadActual   1: 807968 op, 2744606.00 ns, 3.3969 ns/op, 219726.00 uJpkg, 0.00 uJdram
OverheadActual   2: 807968 op, 2745854.00 ns, 3.3985 ns/op, 195190.00 uJpkg, 0.00 uJdram
OverheadActual   3: 807968 op, 2746323.00 ns, 3.3990 ns/op, 191528.00 uJpkg, 0.00 uJdram
OverheadActual   4: 807968 op, 2743337.00 ns, 3.3954 ns/op, 198791.00 uJpkg, 0.00 uJdram
OverheadActual   5: 807968 op, 2744139.00 ns, 3.3963 ns/op, 196166.00 uJpkg, 0.00 uJdram
OverheadActual   6: 807968 op, 2743960.00 ns, 3.3961 ns/op, 197753.00 uJpkg, 0.00 uJdram
OverheadActual   7: 807968 op, 2747809.00 ns, 3.4009 ns/op, 213744.00 uJpkg, 0.00 uJdram
OverheadActual   8: 807968 op, 2744123.00 ns, 3.3963 ns/op, 191100.00 uJpkg, 0.00 uJdram
OverheadActual   9: 807968 op, 2742775.00 ns, 3.3947 ns/op, 118408.00 uJpkg, 0.00 uJdram
OverheadActual  10: 807968 op, 2746822.00 ns, 3.3997 ns/op, 187621.00 uJpkg, 0.00 uJdram
OverheadActual  11: 807968 op, 2743979.00 ns, 3.3961 ns/op, 194763.00 uJpkg, 0.00 uJdram
OverheadActual  12: 807968 op, 2741587.00 ns, 3.3932 ns/op, 192565.00 uJpkg, 0.00 uJdram
OverheadActual  13: 807968 op, 2744894.00 ns, 3.3973 ns/op, 186157.00 uJpkg, 0.00 uJdram
OverheadActual  14: 807968 op, 2748747.00 ns, 3.4020 ns/op, 131347.00 uJpkg, 0.00 uJdram
OverheadActual  15: 807968 op, 2767899.00 ns, 3.4258 ns/op, 204406.00 uJpkg, 0.00 uJdram

WorkloadWarmup   1: 807968 op, 1000209262.00 ns, 1.2379 us/op, 67940927.00 uJpkg, 0.00 uJdram
WorkloadWarmup   2: 807968 op, 996313582.00 ns, 1.2331 us/op, 65774856.00 uJpkg, 0.00 uJdram
WorkloadWarmup   3: 807968 op, 994381035.00 ns, 1.2307 us/op, 65941176.00 uJpkg, 0.00 uJdram
WorkloadWarmup   4: 807968 op, 992231869.00 ns, 1.2281 us/op, 65455093.00 uJpkg, 0.00 uJdram
WorkloadWarmup   5: 807968 op, 995495905.00 ns, 1.2321 us/op, 65106828.00 uJpkg, 0.00 uJdram
WorkloadWarmup   6: 807968 op, 994272534.00 ns, 1.2306 us/op, 65425492.00 uJpkg, 0.00 uJdram

// BeforeActualRun
WorkloadActual   1: 807968 op, 994201999.00 ns, 1.2305 us/op, 65176896.00 uJpkg, 0.00 uJdram
WorkloadActual   2: 807968 op, 999248122.00 ns, 1.2367 us/op, 65820144.00 uJpkg, 0.00 uJdram
WorkloadActual   3: 807968 op, 999275785.00 ns, 1.2368 us/op, 66487928.00 uJpkg, 0.00 uJdram
WorkloadActual   4: 807968 op, 997239475.00 ns, 1.2343 us/op, 65435014.00 uJpkg, 0.00 uJdram
WorkloadActual   5: 807968 op, 999066554.00 ns, 1.2365 us/op, 65909133.00 uJpkg, 0.00 uJdram
WorkloadActual   6: 807968 op, 997640107.00 ns, 1.2348 us/op, 65783890.00 uJpkg, 0.00 uJdram
WorkloadActual   7: 807968 op, 995339219.00 ns, 1.2319 us/op, 65592056.00 uJpkg, 0.00 uJdram
WorkloadActual   8: 807968 op, 999725834.00 ns, 1.2373 us/op, 66077529.00 uJpkg, 0.00 uJdram
WorkloadActual   9: 807968 op, 998562399.00 ns, 1.2359 us/op, 65987136.00 uJpkg, 0.00 uJdram
WorkloadActual  10: 807968 op, 997381511.00 ns, 1.2344 us/op, 66406812.00 uJpkg, 0.00 uJdram
WorkloadActual  11: 807968 op, 1000116067.00 ns, 1.2378 us/op, 65526505.00 uJpkg, 0.00 uJdram
WorkloadActual  12: 807968 op, 1000073436.00 ns, 1.2378 us/op, 65673782.00 uJpkg, 0.00 uJdram
WorkloadActual  13: 807968 op, 998271354.00 ns, 1.2355 us/op, 65779434.00 uJpkg, 0.00 uJdram
WorkloadActual  14: 807968 op, 999029251.00 ns, 1.2365 us/op, 66034987.00 uJpkg, 0.00 uJdram
WorkloadActual  15: 807968 op, 998811991.00 ns, 1.2362 us/op, 65893081.00 uJpkg, 0.00 uJdram

// AfterActualRun
WorkloadResult   1: 807968 op, 991457393.00 ns, 1.2271 us/op, 65176896.00 uJpkg, 0.00 uJdram
WorkloadResult   2: 807968 op, 996503516.00 ns, 1.2333 us/op, 65820144.00 uJpkg, 0.00 uJdram
WorkloadResult   3: 807968 op, 996531179.00 ns, 1.2334 us/op, 66487928.00 uJpkg, 0.00 uJdram
WorkloadResult   4: 807968 op, 994494869.00 ns, 1.2309 us/op, 65435014.00 uJpkg, 0.00 uJdram
WorkloadResult   5: 807968 op, 996321948.00 ns, 1.2331 us/op, 65909133.00 uJpkg, 0.00 uJdram
WorkloadResult   6: 807968 op, 994895501.00 ns, 1.2314 us/op, 65783890.00 uJpkg, 0.00 uJdram
WorkloadResult   7: 807968 op, 992594613.00 ns, 1.2285 us/op, 65592056.00 uJpkg, 0.00 uJdram
WorkloadResult   8: 807968 op, 996981228.00 ns, 1.2339 us/op, 66077529.00 uJpkg, 0.00 uJdram
WorkloadResult   9: 807968 op, 995817793.00 ns, 1.2325 us/op, 65987136.00 uJpkg, 0.00 uJdram
WorkloadResult  10: 807968 op, 994636905.00 ns, 1.2310 us/op, 66406812.00 uJpkg, 0.00 uJdram
WorkloadResult  11: 807968 op, 997371461.00 ns, 1.2344 us/op, 65526505.00 uJpkg, 0.00 uJdram
WorkloadResult  12: 807968 op, 997328830.00 ns, 1.2344 us/op, 65673782.00 uJpkg, 0.00 uJdram
WorkloadResult  13: 807968 op, 995526748.00 ns, 1.2321 us/op, 65779434.00 uJpkg, 0.00 uJdram
WorkloadResult  14: 807968 op, 996284645.00 ns, 1.2331 us/op, 66034987.00 uJpkg, 0.00 uJdram
WorkloadResult  15: 807968 op, 996067385.00 ns, 1.2328 us/op, 65893081.00 uJpkg, 0.00 uJdram

// AfterAll
// Benchmark Process 4057983 has exited with code 0.

Mean = 1.232 μs, StdErr = 0.001 μs (0.04%), N = 15, StdDev = 0.002 μs
Min = 1.227 μs, Q1 = 1.231 μs, Median = 1.233 μs, Q3 = 1.233 μs, Max = 1.234 μs
IQR = 0.002 μs, LowerFence = 1.228 μs, UpperFence = 1.237 μs
ConfidenceInterval = [1.230 μs; 1.234 μs] (CI 99.9%), Margin = 0.002 μs (0.18% of Mean)
Skewness = -1.06, Kurtosis = 3.13, MValue = 2

// ** Remained 0 (0.0%) benchmark(s) to run. Estimated finish 2025-12-31 19:54 (0h 0m from now) **
// ***** BenchmarkRunner: Finish  *****

// * Export *
  Helpers/../BenchmarkArtifacts/results/Serialization.Bench.JsonSerializationBenchmarks-report.csv
  Helpers/../BenchmarkArtifacts/results/Serialization.Bench.JsonSerializationBenchmarks-report-github.md
  Helpers/../BenchmarkArtifacts/results/Serialization.Bench.JsonSerializationBenchmarks-report.html
  Helpers/../BenchmarkArtifacts/results/Serialization.Bench.JsonSerializationBenchmarks-measurements.csv

// * Detailed results *
JsonSerializationBenchmarks.SpanJson_Deserialize_Large: Overhead-Fixed-Energy-5(OutlierMode=DontRemove, IterationCount=15, IterationTime=1s, LaunchCount=1, WarmupCount=6)
Runtime = .NET 8.0.21 (8.0.21, 8.0.2125.47513), X64 RyuJIT x86-64-v4; GC = Concurrent Workstation
Mean = 151.310 μs, StdErr = 0.034 μs (0.02%), N = 15, StdDev = 0.130 μs
Min = 151.154 μs, Q1 = 151.183 μs, Median = 151.323 μs, Q3 = 151.368 μs, Max = 151.566 μs
IQR = 0.185 μs, LowerFence = 150.907 μs, UpperFence = 151.645 μs
ConfidenceInterval = [151.171 μs; 151.449 μs] (CI 99.9%), Margin = 0.139 μs (0.09% of Mean)
Skewness = 0.56, Kurtosis = 2.3, MValue = 2
-------------------- Histogram --------------------
[151.084 μs ; 151.636 μs) | @@@@@@@@@@@@@@@
---------------------------------------------------

JsonSerializationBenchmarks.STJ_Deserialize_Large: Overhead-Fixed-Energy-5(OutlierMode=DontRemove, IterationCount=15, IterationTime=1s, LaunchCount=1, WarmupCount=6)
Runtime = .NET 8.0.21 (8.0.21, 8.0.2125.47513), X64 RyuJIT x86-64-v4; GC = Concurrent Workstation
Mean = 202.777 μs, StdErr = 0.109 μs (0.05%), N = 15, StdDev = 0.423 μs
Min = 202.409 μs, Q1 = 202.559 μs, Median = 202.655 μs, Q3 = 202.814 μs, Max = 204.089 μs
IQR = 0.255 μs, LowerFence = 202.177 μs, UpperFence = 203.196 μs
ConfidenceInterval = [202.324 μs; 203.229 μs] (CI 99.9%), Margin = 0.452 μs (0.22% of Mean)
Skewness = 2, Kurtosis = 6.43, MValue = 2
-------------------- Histogram --------------------
[202.184 μs ; 204.314 μs) | @@@@@@@@@@@@@@@
---------------------------------------------------

JsonSerializationBenchmarks.Jil_Deserialize_Large: Overhead-Fixed-Energy-5(OutlierMode=DontRemove, IterationCount=15, IterationTime=1s, LaunchCount=1, WarmupCount=6)
Runtime = .NET 8.0.21 (8.0.21, 8.0.2125.47513), X64 RyuJIT x86-64-v4; GC = Concurrent Workstation
Mean = 214.757 μs, StdErr = 0.116 μs (0.05%), N = 15, StdDev = 0.449 μs
Min = 213.798 μs, Q1 = 214.537 μs, Median = 214.766 μs, Q3 = 214.880 μs, Max = 215.906 μs
IQR = 0.344 μs, LowerFence = 214.021 μs, UpperFence = 215.396 μs
ConfidenceInterval = [214.277 μs; 215.238 μs] (CI 99.9%), Margin = 0.480 μs (0.22% of Mean)
Skewness = 0.45, Kurtosis = 4.33, MValue = 2
-------------------- Histogram --------------------
[213.558 μs ; 216.145 μs) | @@@@@@@@@@@@@@@
---------------------------------------------------

JsonSerializationBenchmarks.Newtonsoft_Deserialize_Large: Overhead-Fixed-Energy-5(OutlierMode=DontRemove, IterationCount=15, IterationTime=1s, LaunchCount=1, WarmupCount=6)
Runtime = .NET 8.0.21 (8.0.21, 8.0.2125.47513), X64 RyuJIT x86-64-v4; GC = Concurrent Workstation
Mean = 240.510 μs, StdErr = 0.119 μs (0.05%), N = 15, StdDev = 0.463 μs
Min = 239.788 μs, Q1 = 240.252 μs, Median = 240.364 μs, Q3 = 240.813 μs, Max = 241.350 μs
IQR = 0.561 μs, LowerFence = 239.411 μs, UpperFence = 241.654 μs
ConfidenceInterval = [240.015 μs; 241.005 μs] (CI 99.9%), Margin = 0.495 μs (0.21% of Mean)
Skewness = 0.33, Kurtosis = 1.86, MValue = 2
-------------------- Histogram --------------------
[239.542 μs ; 241.596 μs) | @@@@@@@@@@@@@@@
---------------------------------------------------

JsonSerializationBenchmarks.Utf8Json_Deserialize_Large: Overhead-Fixed-Energy-5(OutlierMode=DontRemove, IterationCount=15, IterationTime=1s, LaunchCount=1, WarmupCount=6)
Runtime = .NET 8.0.21 (8.0.21, 8.0.2125.47513), X64 RyuJIT x86-64-v4; GC = Concurrent Workstation
Mean = 284.306 μs, StdErr = 0.049 μs (0.02%), N = 15, StdDev = 0.190 μs
Min = 284.079 μs, Q1 = 284.176 μs, Median = 284.260 μs, Q3 = 284.384 μs, Max = 284.756 μs
IQR = 0.208 μs, LowerFence = 283.863 μs, UpperFence = 284.697 μs
ConfidenceInterval = [284.103 μs; 284.509 μs] (CI 99.9%), Margin = 0.203 μs (0.07% of Mean)
Skewness = 0.98, Kurtosis = 2.99, MValue = 2
-------------------- Histogram --------------------
[283.978 μs ; 284.857 μs) | @@@@@@@@@@@@@@@
---------------------------------------------------

JsonSerializationBenchmarks.SpanJson_Deserialize_Medium: Overhead-Fixed-Energy-5(OutlierMode=DontRemove, IterationCount=15, IterationTime=1s, LaunchCount=1, WarmupCount=6)
Runtime = .NET 8.0.21 (8.0.21, 8.0.2125.47513), X64 RyuJIT x86-64-v4; GC = Concurrent Workstation
Mean = 40.994 μs, StdErr = 0.030 μs (0.07%), N = 15, StdDev = 0.118 μs
Min = 40.899 μs, Q1 = 40.917 μs, Median = 40.950 μs, Q3 = 41.008 μs, Max = 41.339 μs
IQR = 0.091 μs, LowerFence = 40.781 μs, UpperFence = 41.144 μs
ConfidenceInterval = [40.868 μs; 41.121 μs] (CI 99.9%), Margin = 0.126 μs (0.31% of Mean)
Skewness = 1.68, Kurtosis = 5.16, MValue = 2
-------------------- Histogram --------------------
[40.836 μs ; 41.402 μs) | @@@@@@@@@@@@@@@
---------------------------------------------------

JsonSerializationBenchmarks.STJ_Deserialize_Medium: Overhead-Fixed-Energy-5(OutlierMode=DontRemove, IterationCount=15, IterationTime=1s, LaunchCount=1, WarmupCount=6)
Runtime = .NET 8.0.21 (8.0.21, 8.0.2125.47513), X64 RyuJIT x86-64-v4; GC = Concurrent Workstation
Mean = 52.817 μs, StdErr = 0.014 μs (0.03%), N = 15, StdDev = 0.053 μs
Min = 52.735 μs, Q1 = 52.778 μs, Median = 52.801 μs, Q3 = 52.864 μs, Max = 52.898 μs
IQR = 0.086 μs, LowerFence = 52.650 μs, UpperFence = 52.992 μs
ConfidenceInterval = [52.760 μs; 52.873 μs] (CI 99.9%), Margin = 0.056 μs (0.11% of Mean)
Skewness = 0.02, Kurtosis = 1.56, MValue = 2
-------------------- Histogram --------------------
[52.707 μs ; 52.926 μs) | @@@@@@@@@@@@@@@
---------------------------------------------------

JsonSerializationBenchmarks.Jil_Deserialize_Medium: Overhead-Fixed-Energy-5(OutlierMode=DontRemove, IterationCount=15, IterationTime=1s, LaunchCount=1, WarmupCount=6)
Runtime = .NET 8.0.21 (8.0.21, 8.0.2125.47513), X64 RyuJIT x86-64-v4; GC = Concurrent Workstation
Mean = 55.230 μs, StdErr = 0.030 μs (0.05%), N = 15, StdDev = 0.116 μs
Min = 55.030 μs, Q1 = 55.165 μs, Median = 55.215 μs, Q3 = 55.302 μs, Max = 55.471 μs
IQR = 0.137 μs, LowerFence = 54.959 μs, UpperFence = 55.508 μs
ConfidenceInterval = [55.106 μs; 55.354 μs] (CI 99.9%), Margin = 0.124 μs (0.22% of Mean)
Skewness = 0.25, Kurtosis = 2.37, MValue = 2
-------------------- Histogram --------------------
[54.968 μs ; 55.533 μs) | @@@@@@@@@@@@@@@
---------------------------------------------------

JsonSerializationBenchmarks.Utf8Json_Deserialize_Medium: Overhead-Fixed-Energy-5(OutlierMode=DontRemove, IterationCount=15, IterationTime=1s, LaunchCount=1, WarmupCount=6)
Runtime = .NET 8.0.21 (8.0.21, 8.0.2125.47513), X64 RyuJIT x86-64-v4; GC = Concurrent Workstation
Mean = 61.978 μs, StdErr = 0.016 μs (0.03%), N = 15, StdDev = 0.061 μs
Min = 61.875 μs, Q1 = 61.938 μs, Median = 61.980 μs, Q3 = 62.027 μs, Max = 62.088 μs
IQR = 0.089 μs, LowerFence = 61.805 μs, UpperFence = 62.160 μs
ConfidenceInterval = [61.913 μs; 62.043 μs] (CI 99.9%), Margin = 0.065 μs (0.11% of Mean)
Skewness = 0, Kurtosis = 1.83, MValue = 2
-------------------- Histogram --------------------
[61.842 μs ; 62.120 μs) | @@@@@@@@@@@@@@@
---------------------------------------------------

JsonSerializationBenchmarks.Newtonsoft_Deserialize_Medium: Overhead-Fixed-Energy-5(OutlierMode=DontRemove, IterationCount=15, IterationTime=1s, LaunchCount=1, WarmupCount=6)
Runtime = .NET 8.0.21 (8.0.21, 8.0.2125.47513), X64 RyuJIT x86-64-v4; GC = Concurrent Workstation
Mean = 66.413 μs, StdErr = 0.069 μs (0.10%), N = 15, StdDev = 0.267 μs
Min = 66.065 μs, Q1 = 66.194 μs, Median = 66.458 μs, Q3 = 66.560 μs, Max = 66.916 μs
IQR = 0.367 μs, LowerFence = 65.644 μs, UpperFence = 67.110 μs
ConfidenceInterval = [66.127 μs; 66.699 μs] (CI 99.9%), Margin = 0.286 μs (0.43% of Mean)
Skewness = 0.24, Kurtosis = 1.8, MValue = 2
-------------------- Histogram --------------------
[65.923 μs ; 67.058 μs) | @@@@@@@@@@@@@@@
---------------------------------------------------

JsonSerializationBenchmarks.SpanJson_Deserialize_Small: Overhead-Fixed-Energy-5(OutlierMode=DontRemove, IterationCount=15, IterationTime=1s, LaunchCount=1, WarmupCount=6)
Runtime = .NET 8.0.21 (8.0.21, 8.0.2125.47513), X64 RyuJIT x86-64-v4; GC = Concurrent Workstation
Mean = 1.162 μs, StdErr = 0.000 μs (0.03%), N = 15, StdDev = 0.001 μs
Min = 1.159 μs, Q1 = 1.161 μs, Median = 1.162 μs, Q3 = 1.163 μs, Max = 1.163 μs
IQR = 0.002 μs, LowerFence = 1.157 μs, UpperFence = 1.166 μs
ConfidenceInterval = [1.160 μs; 1.163 μs] (CI 99.9%), Margin = 0.001 μs (0.12% of Mean)
Skewness = -0.25, Kurtosis = 1.55, MValue = 2
-------------------- Histogram --------------------
[1.159 μs ; 1.164 μs) | @@@@@@@@@@@@@@@
---------------------------------------------------

JsonSerializationBenchmarks.STJ_Deserialize_Small: Overhead-Fixed-Energy-5(OutlierMode=DontRemove, IterationCount=15, IterationTime=1s, LaunchCount=1, WarmupCount=6)
Runtime = .NET 8.0.21 (8.0.21, 8.0.2125.47513), X64 RyuJIT x86-64-v4; GC = Concurrent Workstation
Mean = 2.005 μs, StdErr = 0.001 μs (0.05%), N = 15, StdDev = 0.004 μs
Min = 2.001 μs, Q1 = 2.003 μs, Median = 2.003 μs, Q3 = 2.005 μs, Max = 2.018 μs
IQR = 0.003 μs, LowerFence = 1.998 μs, UpperFence = 2.010 μs
ConfidenceInterval = [2.000 μs; 2.009 μs] (CI 99.9%), Margin = 0.004 μs (0.22% of Mean)
Skewness = 2.33, Kurtosis = 8.13, MValue = 2
-------------------- Histogram --------------------
[1.999 μs ; 2.021 μs) | @@@@@@@@@@@@@@@
---------------------------------------------------

JsonSerializationBenchmarks.Utf8Json_Deserialize_Small: Overhead-Fixed-Energy-5(OutlierMode=DontRemove, IterationCount=15, IterationTime=1s, LaunchCount=1, WarmupCount=6)
Runtime = .NET 8.0.21 (8.0.21, 8.0.2125.47513), X64 RyuJIT x86-64-v4; GC = Concurrent Workstation
Mean = 2.052 μs, StdErr = 0.001 μs (0.05%), N = 15, StdDev = 0.004 μs
Min = 2.045 μs, Q1 = 2.050 μs, Median = 2.052 μs, Q3 = 2.055 μs, Max = 2.058 μs
IQR = 0.005 μs, LowerFence = 2.042 μs, UpperFence = 2.063 μs
ConfidenceInterval = [2.048 μs; 2.056 μs] (CI 99.9%), Margin = 0.004 μs (0.20% of Mean)
Skewness = -0.08, Kurtosis = 1.86, MValue = 2
-------------------- Histogram --------------------
[2.043 μs ; 2.060 μs) | @@@@@@@@@@@@@@@
---------------------------------------------------

JsonSerializationBenchmarks.Jil_Deserialize_Small: Overhead-Fixed-Energy-5(OutlierMode=DontRemove, IterationCount=15, IterationTime=1s, LaunchCount=1, WarmupCount=6)
Runtime = .NET 8.0.21 (8.0.21, 8.0.2125.47513), X64 RyuJIT x86-64-v4; GC = Concurrent Workstation
Mean = 2.251 μs, StdErr = 0.001 μs (0.03%), N = 15, StdDev = 0.002 μs
Min = 2.248 μs, Q1 = 2.250 μs, Median = 2.251 μs, Q3 = 2.253 μs, Max = 2.256 μs
IQR = 0.003 μs, LowerFence = 2.245 μs, UpperFence = 2.258 μs
ConfidenceInterval = [2.249 μs; 2.254 μs] (CI 99.9%), Margin = 0.003 μs (0.11% of Mean)
Skewness = 0.55, Kurtosis = 2.12, MValue = 2
-------------------- Histogram --------------------
[2.246 μs ; 2.258 μs) | @@@@@@@@@@@@@@@
---------------------------------------------------

JsonSerializationBenchmarks.Newtonsoft_Deserialize_Small: Overhead-Fixed-Energy-5(OutlierMode=DontRemove, IterationCount=15, IterationTime=1s, LaunchCount=1, WarmupCount=6)
Runtime = .NET 8.0.21 (8.0.21, 8.0.2125.47513), X64 RyuJIT x86-64-v4; GC = Concurrent Workstation
Mean = 3.578 μs, StdErr = 0.000 μs (0.01%), N = 15, StdDev = 0.001 μs
Min = 3.575 μs, Q1 = 3.577 μs, Median = 3.578 μs, Q3 = 3.579 μs, Max = 3.580 μs
IQR = 0.002 μs, LowerFence = 3.574 μs, UpperFence = 3.582 μs
ConfidenceInterval = [3.576 μs; 3.579 μs] (CI 99.9%), Margin = 0.002 μs (0.04% of Mean)
Skewness = -0.26, Kurtosis = 1.87, MValue = 2
-------------------- Histogram --------------------
[3.574 μs ; 3.581 μs) | @@@@@@@@@@@@@@@
---------------------------------------------------

JsonSerializationBenchmarks.SpanJson_Serialize_Large: Overhead-Fixed-Energy-5(OutlierMode=DontRemove, IterationCount=15, IterationTime=1s, LaunchCount=1, WarmupCount=6)
Runtime = .NET 8.0.21 (8.0.21, 8.0.2125.47513), X64 RyuJIT x86-64-v4; GC = Concurrent Workstation
Mean = 159.904 μs, StdErr = 0.244 μs (0.15%), N = 15, StdDev = 0.946 μs
Min = 157.684 μs, Q1 = 159.298 μs, Median = 160.151 μs, Q3 = 160.591 μs, Max = 161.157 μs
IQR = 1.292 μs, LowerFence = 157.360 μs, UpperFence = 162.529 μs
ConfidenceInterval = [158.893 μs; 160.915 μs] (CI 99.9%), Margin = 1.011 μs (0.63% of Mean)
Skewness = -0.68, Kurtosis = 2.56, MValue = 2
-------------------- Histogram --------------------
[157.180 μs ; 161.660 μs) | @@@@@@@@@@@@@@@
---------------------------------------------------

JsonSerializationBenchmarks.STJ_Serialize_Large: Overhead-Fixed-Energy-5(OutlierMode=DontRemove, IterationCount=15, IterationTime=1s, LaunchCount=1, WarmupCount=6)
Runtime = .NET 8.0.21 (8.0.21, 8.0.2125.47513), X64 RyuJIT x86-64-v4; GC = Concurrent Workstation
Mean = 188.430 μs, StdErr = 0.088 μs (0.05%), N = 15, StdDev = 0.341 μs
Min = 188.019 μs, Q1 = 188.146 μs, Median = 188.365 μs, Q3 = 188.645 μs, Max = 189.176 μs
IQR = 0.500 μs, LowerFence = 187.396 μs, UpperFence = 189.395 μs
ConfidenceInterval = [188.065 μs; 188.794 μs] (CI 99.9%), Margin = 0.364 μs (0.19% of Mean)
Skewness = 0.61, Kurtosis = 2.2, MValue = 2
-------------------- Histogram --------------------
[187.837 μs ; 189.357 μs) | @@@@@@@@@@@@@@@
---------------------------------------------------

JsonSerializationBenchmarks.Jil_Serialize_Large: Overhead-Fixed-Energy-5(OutlierMode=DontRemove, IterationCount=15, IterationTime=1s, LaunchCount=1, WarmupCount=6)
Runtime = .NET 8.0.21 (8.0.21, 8.0.2125.47513), X64 RyuJIT x86-64-v4; GC = Concurrent Workstation
Mean = 271.362 μs, StdErr = 0.068 μs (0.02%), N = 15, StdDev = 0.263 μs
Min = 270.911 μs, Q1 = 271.204 μs, Median = 271.303 μs, Q3 = 271.526 μs, Max = 271.810 μs
IQR = 0.322 μs, LowerFence = 270.722 μs, UpperFence = 272.008 μs
ConfidenceInterval = [271.081 μs; 271.643 μs] (CI 99.9%), Margin = 0.281 μs (0.10% of Mean)
Skewness = 0.35, Kurtosis = 2.01, MValue = 2
-------------------- Histogram --------------------
[270.772 μs ; 271.949 μs) | @@@@@@@@@@@@@@@
---------------------------------------------------

JsonSerializationBenchmarks.Utf8Json_Serialize_Large: Overhead-Fixed-Energy-5(OutlierMode=DontRemove, IterationCount=15, IterationTime=1s, LaunchCount=1, WarmupCount=6)
Runtime = .NET 8.0.21 (8.0.21, 8.0.2125.47513), X64 RyuJIT x86-64-v4; GC = Concurrent Workstation
Mean = 281.335 μs, StdErr = 0.683 μs (0.24%), N = 15, StdDev = 2.647 μs
Min = 278.817 μs, Q1 = 279.496 μs, Median = 280.238 μs, Q3 = 282.552 μs, Max = 288.427 μs
IQR = 3.056 μs, LowerFence = 274.911 μs, UpperFence = 287.136 μs
ConfidenceInterval = [278.506 μs; 284.165 μs] (CI 99.9%), Margin = 2.830 μs (1.01% of Mean)
Skewness = 1.27, Kurtosis = 3.8, MValue = 2
-------------------- Histogram --------------------
[277.408 μs ; 289.836 μs) | @@@@@@@@@@@@@@@
---------------------------------------------------

JsonSerializationBenchmarks.Newtonsoft_Serialize_Large: Overhead-Fixed-Energy-5(OutlierMode=DontRemove, IterationCount=15, IterationTime=1s, LaunchCount=1, WarmupCount=6)
Runtime = .NET 8.0.21 (8.0.21, 8.0.2125.47513), X64 RyuJIT x86-64-v4; GC = Concurrent Workstation
Mean = 313.090 μs, StdErr = 0.065 μs (0.02%), N = 15, StdDev = 0.253 μs
Min = 312.718 μs, Q1 = 312.916 μs, Median = 313.123 μs, Q3 = 313.236 μs, Max = 313.536 μs
IQR = 0.320 μs, LowerFence = 312.437 μs, UpperFence = 313.715 μs
ConfidenceInterval = [312.819 μs; 313.360 μs] (CI 99.9%), Margin = 0.271 μs (0.09% of Mean)
Skewness = 0.17, Kurtosis = 1.89, MValue = 2
-------------------- Histogram --------------------
[312.583 μs ; 313.671 μs) | @@@@@@@@@@@@@@@
---------------------------------------------------

JsonSerializationBenchmarks.Jil_Serialize_Medium: Overhead-Fixed-Energy-5(OutlierMode=DontRemove, IterationCount=15, IterationTime=1s, LaunchCount=1, WarmupCount=6)
Runtime = .NET 8.0.21 (8.0.21, 8.0.2125.47513), X64 RyuJIT x86-64-v4; GC = Concurrent Workstation
Mean = 36.982 μs, StdErr = 0.026 μs (0.07%), N = 15, StdDev = 0.102 μs
Min = 36.827 μs, Q1 = 36.916 μs, Median = 36.943 μs, Q3 = 37.054 μs, Max = 37.157 μs
IQR = 0.138 μs, LowerFence = 36.709 μs, UpperFence = 37.261 μs
ConfidenceInterval = [36.873 μs; 37.092 μs] (CI 99.9%), Margin = 0.109 μs (0.30% of Mean)
Skewness = 0.3, Kurtosis = 1.69, MValue = 2
-------------------- Histogram --------------------
[36.772 μs ; 37.211 μs) | @@@@@@@@@@@@@@@
---------------------------------------------------

JsonSerializationBenchmarks.SpanJson_Serialize_Medium: Overhead-Fixed-Energy-5(OutlierMode=DontRemove, IterationCount=15, IterationTime=1s, LaunchCount=1, WarmupCount=6)
Runtime = .NET 8.0.21 (8.0.21, 8.0.2125.47513), X64 RyuJIT x86-64-v4; GC = Concurrent Workstation
Mean = 39.310 μs, StdErr = 0.033 μs (0.08%), N = 15, StdDev = 0.129 μs
Min = 39.080 μs, Q1 = 39.248 μs, Median = 39.302 μs, Q3 = 39.378 μs, Max = 39.573 μs
IQR = 0.130 μs, LowerFence = 39.053 μs, UpperFence = 39.573 μs
ConfidenceInterval = [39.172 μs; 39.448 μs] (CI 99.9%), Margin = 0.138 μs (0.35% of Mean)
Skewness = 0.23, Kurtosis = 2.35, MValue = 2
-------------------- Histogram --------------------
[39.011 μs ; 39.642 μs) | @@@@@@@@@@@@@@@
---------------------------------------------------

JsonSerializationBenchmarks.STJ_Serialize_Medium: Overhead-Fixed-Energy-5(OutlierMode=DontRemove, IterationCount=15, IterationTime=1s, LaunchCount=1, WarmupCount=6)
Runtime = .NET 8.0.21 (8.0.21, 8.0.2125.47513), X64 RyuJIT x86-64-v4; GC = Concurrent Workstation
Mean = 47.464 μs, StdErr = 0.032 μs (0.07%), N = 15, StdDev = 0.123 μs
Min = 47.277 μs, Q1 = 47.396 μs, Median = 47.460 μs, Q3 = 47.529 μs, Max = 47.750 μs
IQR = 0.133 μs, LowerFence = 47.197 μs, UpperFence = 47.727 μs
ConfidenceInterval = [47.332 μs; 47.596 μs] (CI 99.9%), Margin = 0.132 μs (0.28% of Mean)
Skewness = 0.52, Kurtosis = 2.77, MValue = 2
-------------------- Histogram --------------------
[47.212 μs ; 47.815 μs) | @@@@@@@@@@@@@@@
---------------------------------------------------

JsonSerializationBenchmarks.Newtonsoft_Serialize_Medium: Overhead-Fixed-Energy-5(OutlierMode=DontRemove, IterationCount=15, IterationTime=1s, LaunchCount=1, WarmupCount=6)
Runtime = .NET 8.0.21 (8.0.21, 8.0.2125.47513), X64 RyuJIT x86-64-v4; GC = Concurrent Workstation
Mean = 55.614 μs, StdErr = 0.030 μs (0.05%), N = 15, StdDev = 0.118 μs
Min = 55.457 μs, Q1 = 55.524 μs, Median = 55.570 μs, Q3 = 55.695 μs, Max = 55.859 μs
IQR = 0.171 μs, LowerFence = 55.268 μs, UpperFence = 55.952 μs
ConfidenceInterval = [55.488 μs; 55.740 μs] (CI 99.9%), Margin = 0.126 μs (0.23% of Mean)
Skewness = 0.51, Kurtosis = 2.05, MValue = 2
-------------------- Histogram --------------------
[55.395 μs ; 55.922 μs) | @@@@@@@@@@@@@@@
---------------------------------------------------

JsonSerializationBenchmarks.Utf8Json_Serialize_Medium: Overhead-Fixed-Energy-5(OutlierMode=DontRemove, IterationCount=15, IterationTime=1s, LaunchCount=1, WarmupCount=6)
Runtime = .NET 8.0.21 (8.0.21, 8.0.2125.47513), X64 RyuJIT x86-64-v4; GC = Concurrent Workstation
Mean = 56.836 μs, StdErr = 0.137 μs (0.24%), N = 15, StdDev = 0.531 μs
Min = 56.221 μs, Q1 = 56.512 μs, Median = 56.753 μs, Q3 = 56.977 μs, Max = 58.278 μs
IQR = 0.465 μs, LowerFence = 55.815 μs, UpperFence = 57.674 μs
ConfidenceInterval = [56.269 μs; 57.403 μs] (CI 99.9%), Margin = 0.567 μs (1.00% of Mean)
Skewness = 1.18, Kurtosis = 4.15, MValue = 2
-------------------- Histogram --------------------
[55.939 μs ; 57.374 μs) | @@@@@@@@@@@@@
[57.374 μs ; 58.561 μs) | @@
---------------------------------------------------

JsonSerializationBenchmarks.Utf8Json_Serialize_Small: Overhead-Fixed-Energy-5(OutlierMode=DontRemove, IterationCount=15, IterationTime=1s, LaunchCount=1, WarmupCount=6)
Runtime = .NET 8.0.21 (8.0.21, 8.0.2125.47513), X64 RyuJIT x86-64-v4; GC = Concurrent Workstation
Mean = 955.273 ns, StdErr = 0.963 ns (0.10%), N = 15, StdDev = 3.730 ns
Min = 950.062 ns, Q1 = 951.520 ns, Median = 955.710 ns, Q3 = 957.279 ns, Max = 962.841 ns
IQR = 5.759 ns, LowerFence = 942.881 ns, UpperFence = 965.918 ns
ConfidenceInterval = [951.285 ns; 959.260 ns] (CI 99.9%), Margin = 3.987 ns (0.42% of Mean)
Skewness = 0.18, Kurtosis = 1.99, MValue = 2
-------------------- Histogram --------------------
[948.077 ns ; 964.826 ns) | @@@@@@@@@@@@@@@
---------------------------------------------------

JsonSerializationBenchmarks.SpanJson_Serialize_Small: Overhead-Fixed-Energy-5(OutlierMode=DontRemove, IterationCount=15, IterationTime=1s, LaunchCount=1, WarmupCount=6)
Runtime = .NET 8.0.21 (8.0.21, 8.0.2125.47513), X64 RyuJIT x86-64-v4; GC = Concurrent Workstation
Mean = 1.232 μs, StdErr = 0.001 μs (0.04%), N = 15, StdDev = 0.002 μs
Min = 1.227 μs, Q1 = 1.231 μs, Median = 1.233 μs, Q3 = 1.233 μs, Max = 1.234 μs
IQR = 0.002 μs, LowerFence = 1.228 μs, UpperFence = 1.237 μs
ConfidenceInterval = [1.230 μs; 1.234 μs] (CI 99.9%), Margin = 0.002 μs (0.18% of Mean)
Skewness = -1.06, Kurtosis = 3.13, MValue = 2
-------------------- Histogram --------------------
[1.226 μs ; 1.236 μs) | @@@@@@@@@@@@@@@
---------------------------------------------------

JsonSerializationBenchmarks.STJ_Serialize_Small: Overhead-Fixed-Energy-5(OutlierMode=DontRemove, IterationCount=15, IterationTime=1s, LaunchCount=1, WarmupCount=6)
Runtime = .NET 8.0.21 (8.0.21, 8.0.2125.47513), X64 RyuJIT x86-64-v4; GC = Concurrent Workstation
Mean = 1.276 μs, StdErr = 0.000 μs (0.02%), N = 15, StdDev = 0.001 μs
Min = 1.273 μs, Q1 = 1.275 μs, Median = 1.276 μs, Q3 = 1.277 μs, Max = 1.278 μs
IQR = 0.001 μs, LowerFence = 1.273 μs, UpperFence = 1.279 μs
ConfidenceInterval = [1.275 μs; 1.277 μs] (CI 99.9%), Margin = 0.001 μs (0.10% of Mean)
Skewness = -0.74, Kurtosis = 3.37, MValue = 2
-------------------- Histogram --------------------
[1.273 μs ; 1.279 μs) | @@@@@@@@@@@@@@@
---------------------------------------------------

JsonSerializationBenchmarks.Jil_Serialize_Small: Overhead-Fixed-Energy-5(OutlierMode=DontRemove, IterationCount=15, IterationTime=1s, LaunchCount=1, WarmupCount=6)
Runtime = .NET 8.0.21 (8.0.21, 8.0.2125.47513), X64 RyuJIT x86-64-v4; GC = Concurrent Workstation
Mean = 1.741 μs, StdErr = 0.001 μs (0.03%), N = 15, StdDev = 0.002 μs
Min = 1.737 μs, Q1 = 1.740 μs, Median = 1.742 μs, Q3 = 1.743 μs, Max = 1.745 μs
IQR = 0.004 μs, LowerFence = 1.734 μs, UpperFence = 1.749 μs
ConfidenceInterval = [1.739 μs; 1.744 μs] (CI 99.9%), Margin = 0.003 μs (0.14% of Mean)
Skewness = -0.29, Kurtosis = 1.96, MValue = 2
-------------------- Histogram --------------------
[1.736 μs ; 1.746 μs) | @@@@@@@@@@@@@@@
---------------------------------------------------

JsonSerializationBenchmarks.Newtonsoft_Serialize_Small: Overhead-Fixed-Energy-5(OutlierMode=DontRemove, IterationCount=15, IterationTime=1s, LaunchCount=1, WarmupCount=6)
Runtime = .NET 8.0.21 (8.0.21, 8.0.2125.47513), X64 RyuJIT x86-64-v4; GC = Concurrent Workstation
Mean = 2.222 μs, StdErr = 0.001 μs (0.06%), N = 15, StdDev = 0.005 μs
Min = 2.215 μs, Q1 = 2.218 μs, Median = 2.223 μs, Q3 = 2.225 μs, Max = 2.232 μs
IQR = 0.007 μs, LowerFence = 2.207 μs, UpperFence = 2.236 μs
ConfidenceInterval = [2.217 μs; 2.228 μs] (CI 99.9%), Margin = 0.005 μs (0.24% of Mean)
Skewness = 0.21, Kurtosis = 1.83, MValue = 2
-------------------- Histogram --------------------
[2.212 μs ; 2.235 μs) | @@@@@@@@@@@@@@@
---------------------------------------------------

// * Summary *

BenchmarkDotNet v0.15.5-develop (2025-12-31), Linux Ubuntu 24.04.3 LTS (Noble Numbat)
11th Gen Intel Core i7-11700KF 3.60GHz (Max: 0.80GHz), 1 CPU, 16 logical and 8 physical cores
.NET SDK 8.0.121
  [Host]                  : .NET 8.0.21 (8.0.21, 8.0.2125.47513), X64 RyuJIT x86-64-v4
  Overhead-Fixed-Energy-5 : .NET 8.0.21 (8.0.21, 8.0.2125.47513), X64 RyuJIT x86-64-v4

Job=Overhead-Fixed-Energy-5  OutlierMode=DontRemove  IterationCount=15  
IterationTime=1s  LaunchCount=1  WarmupCount=6  

| Method                        | Mean         | Error       | StdDev      | Operations | Iterations | Ratio | MannWhitney(3%) | Rank | Package Energy (uJ/op) | Package Energy (uJ/iter) |
|------------------------------ |-------------:|------------:|------------:|-----------:|-----------:|------:|---------------- |-----:|-----------------------:|-------------------------:|
| SpanJson_Deserialize_Large    | 151,310.3 ns |   139.04 ns |   130.06 ns |      6,633 |      15.00 |  0.75 | Faster          |    1 |            12501.54 uj |           82922696.20 uj |
| STJ_Deserialize_Large         | 202,776.6 ns |   452.13 ns |   422.92 ns |      4,944 |      15.00 |  1.00 | Baseline        |    2 |            16831.87 uj |           83216770.93 uj |
| Jil_Deserialize_Large         | 214,757.4 ns |   480.22 ns |   449.20 ns |      4,650 |      15.00 |  1.06 | Slower          |    3 |            17977.66 uj |           83596136.20 uj |
| Newtonsoft_Deserialize_Large  | 240,510.1 ns |   494.77 ns |   462.81 ns |      4,176 |      15.00 |  1.19 | Slower          |    4 |            20322.96 uj |           84868670.87 uj |
| Utf8Json_Deserialize_Large    | 284,306.1 ns |   202.66 ns |   189.57 ns |      3,552 |      15.00 |  1.40 | Slower          |    5 |            23631.47 uj |           83938985.93 uj |
|                               |              |             |             |            |            |       |                 |      |                        |                          |
| SpanJson_Deserialize_Medium   |  40,994.3 ns |   126.25 ns |   118.10 ns |     24,434 |      15.00 |  0.78 | Faster          |    1 |             3385.45 uj |           82720145.40 uj |
| STJ_Deserialize_Medium        |  52,816.9 ns |    56.44 ns |    52.80 ns |     18,944 |      15.00 |  1.00 | Baseline        |    2 |             4491.45 uj |           85086057.33 uj |
| Jil_Deserialize_Medium        |  55,229.8 ns |   124.10 ns |   116.09 ns |     18,056 |      15.00 |  1.05 | Slower          |    3 |             4497.77 uj |           81211669.53 uj |
| Utf8Json_Deserialize_Medium   |  61,977.7 ns |    65.17 ns |    60.96 ns |     16,112 |      15.00 |  1.17 | Slower          |    4 |             5210.62 uj |           83953479.67 uj |
| Newtonsoft_Deserialize_Medium |  66,413.0 ns |   285.80 ns |   267.34 ns |     15,184 |      15.00 |  1.26 | Slower          |    5 |             5706.52 uj |           86647837.13 uj |
|                               |              |             |             |            |            |       |                 |      |                        |                          |
| SpanJson_Deserialize_Small    |   1,161.6 ns |     1.39 ns |     1.30 ns |    858,576 |      15.00 |  0.58 | Faster          |    1 |               99.80 uj |           85688981.60 uj |
| STJ_Deserialize_Small         |   2,004.8 ns |     4.37 ns |     4.09 ns |    499,824 |      15.00 |  1.00 | Baseline        |    2 |              180.02 uj |           89978256.67 uj |
| Utf8Json_Deserialize_Small    |   2,052.2 ns |     4.17 ns |     3.90 ns |    487,200 |      15.00 |  1.02 | Same            |    2 |              174.06 uj |           84799697.33 uj |
| Jil_Deserialize_Small         |   2,251.2 ns |     2.58 ns |     2.41 ns |    443,669 |      15.00 |  1.12 | Slower          |    3 |              193.14 uj |           85690588.73 uj |
| Newtonsoft_Deserialize_Small  |   3,577.8 ns |     1.54 ns |     1.44 ns |    279,616 |      15.00 |  1.78 | Slower          |    4 |              312.37 uj |           87342834.73 uj |
|                               |              |             |             |            |            |       |                 |      |                        |                          |
| SpanJson_Serialize_Large      | 159,903.9 ns | 1,011.27 ns |   945.94 ns |      6,276 |      15.00 |  0.85 | Faster          |    1 |            11637.15 uj |           73034725.13 uj |
| STJ_Serialize_Large           | 188,429.6 ns |   364.12 ns |   340.60 ns |      5,344 |      15.00 |  1.00 | Baseline        |    2 |            17550.55 uj |           93790128.53 uj |
| Jil_Serialize_Large           | 271,362.2 ns |   280.73 ns |   262.59 ns |      3,690 |      15.00 |  1.44 | Slower          |    3 |            23698.81 uj |           87448624.47 uj |
| Utf8Json_Serialize_Large      | 281,335.5 ns | 2,829.64 ns | 2,646.84 ns |      3,584 |      15.00 |  1.49 | Slower          |    4 |            27460.09 uj |           98416964.07 uj |
| Newtonsoft_Serialize_Large    | 313,089.9 ns |   270.59 ns |   253.11 ns |      3,200 |      15.00 |  1.66 | Slower          |    5 |            25977.45 uj |           83127830.93 uj |
|                               |              |             |             |            |            |       |                 |      |                        |                          |
| Jil_Serialize_Medium          |  36,982.5 ns |   109.50 ns |   102.43 ns |     27,032 |      15.00 |  0.78 | Faster          |    1 |             3176.91 uj |           85878271.33 uj |
| SpanJson_Serialize_Medium     |  39,310.1 ns |   138.11 ns |   129.18 ns |     25,402 |      15.00 |  0.83 | Faster          |    2 |             2529.04 uj |           64242698.53 uj |
| STJ_Serialize_Medium          |  47,464.0 ns |   131.64 ns |   123.14 ns |     21,408 |      15.00 |  1.00 | Baseline        |    3 |             4128.56 uj |           88384221.87 uj |
| Newtonsoft_Serialize_Medium   |  55,614.3 ns |   125.95 ns |   117.82 ns |     18,064 |      15.00 |  1.17 | Slower          |    4 |             4738.30 uj |           85592660.07 uj |
| Utf8Json_Serialize_Medium     |  56,835.9 ns |   567.35 ns |   530.70 ns |     17,472 |      15.00 |  1.20 | Slower          |    4 |             4626.28 uj |           80830420.67 uj |
|                               |              |             |             |            |            |       |                 |      |                        |                          |
| Utf8Json_Serialize_Small      |     955.3 ns |     3.99 ns |     3.73 ns |  1,042,992 |      15.00 |  0.75 | Faster          |    1 |               81.50 uj |           85007371.20 uj |
| SpanJson_Serialize_Small      |   1,232.1 ns |     2.23 ns |     2.08 ns |    807,968 |      15.00 |  0.97 | Faster          |    2 |               81.49 uj |           65838955.13 uj |
| STJ_Serialize_Small           |   1,276.2 ns |     1.26 ns |     1.17 ns |    784,800 |      15.00 |  1.00 | Baseline        |    3 |              113.79 uj |           89306005.20 uj |
| Jil_Serialize_Small           |   1,741.4 ns |     2.52 ns |     2.36 ns |    573,678 |      15.00 |  1.36 | Slower          |    4 |              154.97 uj |           88904927.80 uj |
| Newtonsoft_Serialize_Small    |   2,222.1 ns |     5.42 ns |     5.07 ns |    450,448 |      15.00 |  1.74 | Slower          |    5 |              195.51 uj |           88066416.60 uj |

// * Hints *
Outliers
  JsonSerializationBenchmarks.STJ_Deserialize_Large: Overhead-Fixed-Energy-5       -> 2 outliers were detected (203.31 μs, 204.09 μs)
  JsonSerializationBenchmarks.Jil_Deserialize_Large: Overhead-Fixed-Energy-5       -> 2 outliers were detected (213.80 μs, 215.91 μs)
  JsonSerializationBenchmarks.Utf8Json_Deserialize_Large: Overhead-Fixed-Energy-5  -> 1 outlier  was  detected (284.76 μs)
  JsonSerializationBenchmarks.SpanJson_Deserialize_Medium: Overhead-Fixed-Energy-5 -> 2 outliers were detected (41.15 μs, 41.34 μs)
  JsonSerializationBenchmarks.STJ_Deserialize_Small: Overhead-Fixed-Energy-5       -> 1 outlier  was  detected (2.02 μs)
  JsonSerializationBenchmarks.Utf8Json_Serialize_Large: Overhead-Fixed-Energy-5    -> 1 outlier  was  detected (288.43 μs)
  JsonSerializationBenchmarks.STJ_Serialize_Medium: Overhead-Fixed-Energy-5        -> 1 outlier  was  detected (47.75 μs)
  JsonSerializationBenchmarks.Utf8Json_Serialize_Medium: Overhead-Fixed-Energy-5   -> 1 outlier  was  detected (58.28 μs)
  JsonSerializationBenchmarks.SpanJson_Serialize_Small: Overhead-Fixed-Energy-5    -> 1 outlier  was  detected (1.23 μs)
  JsonSerializationBenchmarks.STJ_Serialize_Small: Overhead-Fixed-Energy-5         -> 1 outlier  was  detected (1.28 μs)

// * Legends *
  Mean                     : Arithmetic mean of all measurements
  Error                    : Half of 99.9% confidence interval
  StdDev                   : Standard deviation of all measurements
  Operations               : Actual invocations per measured iteration (from measurements)
  Iterations               : Number of target iterations
  Ratio                    : Mean of the ratio distribution ([Current]/[Baseline])
  MannWhitney(3%)          : MannWhitney-based equivalence test (threshold=3%, alpha = 1E-05)
  Rank                     : Relative position of current benchmark mean among all benchmarks (Arabic style)
  Package Energy (uJ/op)   : Average CPU package energy consumed per operation (µJ).
  Package Energy (uJ/iter) : Average CPU package energy consumed per benchmark iteration (µJ).
  1 ns                     : 1 Nanosecond (0.000000001 sec)

// * Diagnostic Output - EnergyDiagnoser *


// ***** BenchmarkRunner: End *****
Run time: 00:13:51 (831.53 sec), executed benchmarks: 30

Global total time: 00:14:04 (844.22 sec), executed benchmarks: 30
// * Artifacts cleanup *
Artifacts cleanup is finished
