// Validating benchmarks:
// ***** BenchmarkRunner: Start   *****
// ***** Found 30 benchmark(s) in total *****
// ***** Building 1 exe(s) in Parallel: Start   *****
// start dotnet  restore --nodeReuse:false /p:UseSharedCompilation=false /p:Deterministic=true /p:Optimize=true /p:ArtifactsPath="/home/test/rapl-tests/lib-energy-bench/src/Serialization.Bench/bin/Release/net8.0/Serialization.Bench-Overhead-Fixed-NoEnergy-4-1/" /p:OutDir="/home/test/rapl-tests/lib-energy-bench/src/Serialization.Bench/bin/Release/net8.0/Serialization.Bench-Overhead-Fixed-NoEnergy-4-1/bin/Release/net8.0/" /p:OutputPath="/home/test/rapl-tests/lib-energy-bench/src/Serialization.Bench/bin/Release/net8.0/Serialization.Bench-Overhead-Fixed-NoEnergy-4-1/bin/Release/net8.0/" /p:PublishDir="/home/test/rapl-tests/lib-energy-bench/src/Serialization.Bench/bin/Release/net8.0/Serialization.Bench-Overhead-Fixed-NoEnergy-4-1/publish/" in /home/test/rapl-tests/lib-energy-bench/src/Serialization.Bench/bin/Release/net8.0/Serialization.Bench-Overhead-Fixed-NoEnergy-4-1
// command took 1.04 sec and exited with 0
// start dotnet  build -c Release --no-restore --nodeReuse:false /p:UseSharedCompilation=false /p:Deterministic=true /p:Optimize=true /p:ArtifactsPath="/home/test/rapl-tests/lib-energy-bench/src/Serialization.Bench/bin/Release/net8.0/Serialization.Bench-Overhead-Fixed-NoEnergy-4-1/" /p:OutDir="/home/test/rapl-tests/lib-energy-bench/src/Serialization.Bench/bin/Release/net8.0/Serialization.Bench-Overhead-Fixed-NoEnergy-4-1/bin/Release/net8.0/" /p:OutputPath="/home/test/rapl-tests/lib-energy-bench/src/Serialization.Bench/bin/Release/net8.0/Serialization.Bench-Overhead-Fixed-NoEnergy-4-1/bin/Release/net8.0/" /p:PublishDir="/home/test/rapl-tests/lib-energy-bench/src/Serialization.Bench/bin/Release/net8.0/Serialization.Bench-Overhead-Fixed-NoEnergy-4-1/publish/" --output "/home/test/rapl-tests/lib-energy-bench/src/Serialization.Bench/bin/Release/net8.0/Serialization.Bench-Overhead-Fixed-NoEnergy-4-1/bin/Release/net8.0/" in /home/test/rapl-tests/lib-energy-bench/src/Serialization.Bench/bin/Release/net8.0/Serialization.Bench-Overhead-Fixed-NoEnergy-4-1
// command took 9.32 sec and exited with 0
// ***** Done, took 00:00:10 (10.4 sec)   *****
// Found 30 benchmarks:
//   JsonSerializationBenchmarks.STJ_Deserialize_Large: Overhead-Fixed-NoEnergy-4(OutlierMode=DontRemove, IterationCount=15, IterationTime=1s, LaunchCount=1, WarmupCount=6)
//   JsonSerializationBenchmarks.Newtonsoft_Deserialize_Large: Overhead-Fixed-NoEnergy-4(OutlierMode=DontRemove, IterationCount=15, IterationTime=1s, LaunchCount=1, WarmupCount=6)
//   JsonSerializationBenchmarks.Jil_Deserialize_Large: Overhead-Fixed-NoEnergy-4(OutlierMode=DontRemove, IterationCount=15, IterationTime=1s, LaunchCount=1, WarmupCount=6)
//   JsonSerializationBenchmarks.Utf8Json_Deserialize_Large: Overhead-Fixed-NoEnergy-4(OutlierMode=DontRemove, IterationCount=15, IterationTime=1s, LaunchCount=1, WarmupCount=6)
//   JsonSerializationBenchmarks.SpanJson_Deserialize_Large: Overhead-Fixed-NoEnergy-4(OutlierMode=DontRemove, IterationCount=15, IterationTime=1s, LaunchCount=1, WarmupCount=6)
//   JsonSerializationBenchmarks.STJ_Deserialize_Medium: Overhead-Fixed-NoEnergy-4(OutlierMode=DontRemove, IterationCount=15, IterationTime=1s, LaunchCount=1, WarmupCount=6)
//   JsonSerializationBenchmarks.Newtonsoft_Deserialize_Medium: Overhead-Fixed-NoEnergy-4(OutlierMode=DontRemove, IterationCount=15, IterationTime=1s, LaunchCount=1, WarmupCount=6)
//   JsonSerializationBenchmarks.Jil_Deserialize_Medium: Overhead-Fixed-NoEnergy-4(OutlierMode=DontRemove, IterationCount=15, IterationTime=1s, LaunchCount=1, WarmupCount=6)
//   JsonSerializationBenchmarks.Utf8Json_Deserialize_Medium: Overhead-Fixed-NoEnergy-4(OutlierMode=DontRemove, IterationCount=15, IterationTime=1s, LaunchCount=1, WarmupCount=6)
//   JsonSerializationBenchmarks.SpanJson_Deserialize_Medium: Overhead-Fixed-NoEnergy-4(OutlierMode=DontRemove, IterationCount=15, IterationTime=1s, LaunchCount=1, WarmupCount=6)
//   JsonSerializationBenchmarks.STJ_Deserialize_Small: Overhead-Fixed-NoEnergy-4(OutlierMode=DontRemove, IterationCount=15, IterationTime=1s, LaunchCount=1, WarmupCount=6)
//   JsonSerializationBenchmarks.Newtonsoft_Deserialize_Small: Overhead-Fixed-NoEnergy-4(OutlierMode=DontRemove, IterationCount=15, IterationTime=1s, LaunchCount=1, WarmupCount=6)
//   JsonSerializationBenchmarks.Jil_Deserialize_Small: Overhead-Fixed-NoEnergy-4(OutlierMode=DontRemove, IterationCount=15, IterationTime=1s, LaunchCount=1, WarmupCount=6)
//   JsonSerializationBenchmarks.Utf8Json_Deserialize_Small: Overhead-Fixed-NoEnergy-4(OutlierMode=DontRemove, IterationCount=15, IterationTime=1s, LaunchCount=1, WarmupCount=6)
//   JsonSerializationBenchmarks.SpanJson_Deserialize_Small: Overhead-Fixed-NoEnergy-4(OutlierMode=DontRemove, IterationCount=15, IterationTime=1s, LaunchCount=1, WarmupCount=6)
//   JsonSerializationBenchmarks.STJ_Serialize_Large: Overhead-Fixed-NoEnergy-4(OutlierMode=DontRemove, IterationCount=15, IterationTime=1s, LaunchCount=1, WarmupCount=6)
//   JsonSerializationBenchmarks.Newtonsoft_Serialize_Large: Overhead-Fixed-NoEnergy-4(OutlierMode=DontRemove, IterationCount=15, IterationTime=1s, LaunchCount=1, WarmupCount=6)
//   JsonSerializationBenchmarks.Jil_Serialize_Large: Overhead-Fixed-NoEnergy-4(OutlierMode=DontRemove, IterationCount=15, IterationTime=1s, LaunchCount=1, WarmupCount=6)
//   JsonSerializationBenchmarks.Utf8Json_Serialize_Large: Overhead-Fixed-NoEnergy-4(OutlierMode=DontRemove, IterationCount=15, IterationTime=1s, LaunchCount=1, WarmupCount=6)
//   JsonSerializationBenchmarks.SpanJson_Serialize_Large: Overhead-Fixed-NoEnergy-4(OutlierMode=DontRemove, IterationCount=15, IterationTime=1s, LaunchCount=1, WarmupCount=6)
//   JsonSerializationBenchmarks.STJ_Serialize_Medium: Overhead-Fixed-NoEnergy-4(OutlierMode=DontRemove, IterationCount=15, IterationTime=1s, LaunchCount=1, WarmupCount=6)
//   JsonSerializationBenchmarks.Newtonsoft_Serialize_Medium: Overhead-Fixed-NoEnergy-4(OutlierMode=DontRemove, IterationCount=15, IterationTime=1s, LaunchCount=1, WarmupCount=6)
//   JsonSerializationBenchmarks.Jil_Serialize_Medium: Overhead-Fixed-NoEnergy-4(OutlierMode=DontRemove, IterationCount=15, IterationTime=1s, LaunchCount=1, WarmupCount=6)
//   JsonSerializationBenchmarks.Utf8Json_Serialize_Medium: Overhead-Fixed-NoEnergy-4(OutlierMode=DontRemove, IterationCount=15, IterationTime=1s, LaunchCount=1, WarmupCount=6)
//   JsonSerializationBenchmarks.SpanJson_Serialize_Medium: Overhead-Fixed-NoEnergy-4(OutlierMode=DontRemove, IterationCount=15, IterationTime=1s, LaunchCount=1, WarmupCount=6)
//   JsonSerializationBenchmarks.STJ_Serialize_Small: Overhead-Fixed-NoEnergy-4(OutlierMode=DontRemove, IterationCount=15, IterationTime=1s, LaunchCount=1, WarmupCount=6)
//   JsonSerializationBenchmarks.Newtonsoft_Serialize_Small: Overhead-Fixed-NoEnergy-4(OutlierMode=DontRemove, IterationCount=15, IterationTime=1s, LaunchCount=1, WarmupCount=6)
//   JsonSerializationBenchmarks.Jil_Serialize_Small: Overhead-Fixed-NoEnergy-4(OutlierMode=DontRemove, IterationCount=15, IterationTime=1s, LaunchCount=1, WarmupCount=6)
//   JsonSerializationBenchmarks.Utf8Json_Serialize_Small: Overhead-Fixed-NoEnergy-4(OutlierMode=DontRemove, IterationCount=15, IterationTime=1s, LaunchCount=1, WarmupCount=6)
//   JsonSerializationBenchmarks.SpanJson_Serialize_Small: Overhead-Fixed-NoEnergy-4(OutlierMode=DontRemove, IterationCount=15, IterationTime=1s, LaunchCount=1, WarmupCount=6)

// **************************
// Benchmark: JsonSerializationBenchmarks.STJ_Deserialize_Large: Overhead-Fixed-NoEnergy-4(OutlierMode=DontRemove, IterationCount=15, IterationTime=1s, LaunchCount=1, WarmupCount=6)
// *** Execute ***
// Launch: 1 / 1
// Execute: dotnet Serialization.Bench-Overhead-Fixed-NoEnergy-4-1.dll --anonymousPipes 101 102 --benchmarkName Serialization.Bench.JsonSerializationBenchmarks.STJ_Deserialize_Large --job Overhead-Fixed-NoEnergy-4 --benchmarkId 0 in /home/test/rapl-tests/lib-energy-bench/src/Serialization.Bench/bin/Release/net8.0/Serialization.Bench-Overhead-Fixed-NoEnergy-4-1/bin/Release/net8.0
// BeforeAnythingElse

// Benchmark Process Environment Information:
// BenchmarkDotNet v0.15.5-develop (2025-12-31)
// Runtime=.NET 8.0.21 (8.0.21, 8.0.2125.47513), X64 RyuJIT x86-64-v4
// GC=Concurrent Workstation
// HardwareIntrinsics=AVX512 IFMA+VBMI,AVX512 F+BW+CD+DQ+VL,AVX2+BMI1+BMI2+F16C+FMA+LZCNT+MOVBE,AVX,SSE3+SSSE3+SSE4.1+SSE4.2+POPCNT,X86Base+SSE+SSE2,AES+PCLMUL VectorSize=256
// Job: Overhead-Fixed-NoEnergy-4(OutlierMode=DontRemove, IterationCount=15, IterationTime=1s, LaunchCount=1, WarmupCount=6)

OverheadJitting  1: 1 op, 140644.00 ns, 140.6440 us/op
WorkloadJitting  1: 1 op, 540533.00 ns, 540.5330 us/op

OverheadJitting  2: 16 op, 370550.00 ns, 23.1594 us/op
WorkloadJitting  2: 16 op, 6843256.00 ns, 427.7035 us/op

WorkloadPilot    1: 16 op, 6109379.00 ns, 381.8362 us/op
WorkloadPilot    2: 2624 op, 746968513.00 ns, 284.6679 us/op
WorkloadPilot    3: 3520 op, 708773050.00 ns, 201.3560 us/op
WorkloadPilot    4: 4976 op, 999049689.00 ns, 200.7737 us/op
WorkloadPilot    5: 4992 op, 1001005300.00 ns, 200.5219 us/op

OverheadWarmup   1: 4992 op, 19009.00 ns, 3.8079 ns/op
OverheadWarmup   2: 4992 op, 18970.00 ns, 3.8001 ns/op
OverheadWarmup   3: 4992 op, 18881.00 ns, 3.7823 ns/op
OverheadWarmup   4: 4992 op, 19173.00 ns, 3.8407 ns/op
OverheadWarmup   5: 4992 op, 18927.00 ns, 3.7915 ns/op
OverheadWarmup   6: 4992 op, 19252.00 ns, 3.8566 ns/op
OverheadWarmup   7: 4992 op, 19272.00 ns, 3.8606 ns/op
OverheadWarmup   8: 4992 op, 19389.00 ns, 3.8840 ns/op
OverheadWarmup   9: 4992 op, 19703.00 ns, 3.9469 ns/op
OverheadWarmup  10: 4992 op, 18935.00 ns, 3.7931 ns/op

OverheadActual   1: 4992 op, 18917.00 ns, 3.7895 ns/op
OverheadActual   2: 4992 op, 19122.00 ns, 3.8305 ns/op
OverheadActual   3: 4992 op, 19169.00 ns, 3.8399 ns/op
OverheadActual   4: 4992 op, 33495.00 ns, 6.7097 ns/op
OverheadActual   5: 4992 op, 19060.00 ns, 3.8181 ns/op
OverheadActual   6: 4992 op, 19355.00 ns, 3.8772 ns/op
OverheadActual   7: 4992 op, 25989.00 ns, 5.2061 ns/op
OverheadActual   8: 4992 op, 19042.00 ns, 3.8145 ns/op
OverheadActual   9: 4992 op, 19125.00 ns, 3.8311 ns/op
OverheadActual  10: 4992 op, 19415.00 ns, 3.8892 ns/op
OverheadActual  11: 4992 op, 18945.00 ns, 3.7951 ns/op
OverheadActual  12: 4992 op, 18892.00 ns, 3.7845 ns/op
OverheadActual  13: 4992 op, 19490.00 ns, 3.9042 ns/op
OverheadActual  14: 4992 op, 19143.00 ns, 3.8347 ns/op
OverheadActual  15: 4992 op, 19088.00 ns, 3.8237 ns/op
OverheadActual  16: 4992 op, 19587.00 ns, 3.9237 ns/op
OverheadActual  17: 4992 op, 19575.00 ns, 3.9213 ns/op
OverheadActual  18: 4992 op, 18923.00 ns, 3.7907 ns/op
OverheadActual  19: 4992 op, 19459.00 ns, 3.8980 ns/op
OverheadActual  20: 4992 op, 19172.00 ns, 3.8405 ns/op

WorkloadWarmup   1: 4992 op, 1007083903.00 ns, 201.7396 us/op
WorkloadWarmup   2: 4992 op, 1005750279.00 ns, 201.4724 us/op
WorkloadWarmup   3: 4992 op, 1001559888.00 ns, 200.6330 us/op
WorkloadWarmup   4: 4992 op, 1002431993.00 ns, 200.8077 us/op
WorkloadWarmup   5: 4992 op, 1002497132.00 ns, 200.8207 us/op
WorkloadWarmup   6: 4992 op, 1004539022.00 ns, 201.2298 us/op

// BeforeActualRun
WorkloadActual   1: 4992 op, 1005499643.00 ns, 201.4222 us/op
WorkloadActual   2: 4992 op, 1006393399.00 ns, 201.6012 us/op
WorkloadActual   3: 4992 op, 1004097552.00 ns, 201.1413 us/op
WorkloadActual   4: 4992 op, 1003677711.00 ns, 201.0572 us/op
WorkloadActual   5: 4992 op, 1005143939.00 ns, 201.3509 us/op
WorkloadActual   6: 4992 op, 1004634860.00 ns, 201.2490 us/op
WorkloadActual   7: 4992 op, 1003855579.00 ns, 201.0929 us/op
WorkloadActual   8: 4992 op, 1004385833.00 ns, 201.1991 us/op
WorkloadActual   9: 4992 op, 1007186040.00 ns, 201.7600 us/op
WorkloadActual  10: 4992 op, 1014204263.00 ns, 203.1659 us/op
WorkloadActual  11: 4992 op, 1004359511.00 ns, 201.1938 us/op
WorkloadActual  12: 4992 op, 1004098407.00 ns, 201.1415 us/op
WorkloadActual  13: 4992 op, 1005222569.00 ns, 201.3667 us/op
WorkloadActual  14: 4992 op, 1004286441.00 ns, 201.1792 us/op
WorkloadActual  15: 4992 op, 1004113298.00 ns, 201.1445 us/op

// AfterActualRun
WorkloadResult   1: 4992 op, 1005480487.00 ns, 201.4184 us/op
WorkloadResult   2: 4992 op, 1006374243.00 ns, 201.5974 us/op
WorkloadResult   3: 4992 op, 1004078396.00 ns, 201.1375 us/op
WorkloadResult   4: 4992 op, 1003658555.00 ns, 201.0534 us/op
WorkloadResult   5: 4992 op, 1005124783.00 ns, 201.3471 us/op
WorkloadResult   6: 4992 op, 1004615704.00 ns, 201.2451 us/op
WorkloadResult   7: 4992 op, 1003836423.00 ns, 201.0890 us/op
WorkloadResult   8: 4992 op, 1004366677.00 ns, 201.1952 us/op
WorkloadResult   9: 4992 op, 1007166884.00 ns, 201.7562 us/op
WorkloadResult  10: 4992 op, 1014185107.00 ns, 203.1621 us/op
WorkloadResult  11: 4992 op, 1004340355.00 ns, 201.1900 us/op
WorkloadResult  12: 4992 op, 1004079251.00 ns, 201.1377 us/op
WorkloadResult  13: 4992 op, 1005203413.00 ns, 201.3629 us/op
WorkloadResult  14: 4992 op, 1004267285.00 ns, 201.1753 us/op
WorkloadResult  15: 4992 op, 1004094142.00 ns, 201.1407 us/op

// AfterAll
// Benchmark Process 4053935 has exited with code 0.

Mean = 201.401 μs, StdErr = 0.136 μs (0.07%), N = 15, StdDev = 0.525 μs
Min = 201.053 μs, Q1 = 201.139 μs, Median = 201.195 μs, Q3 = 201.391 μs, Max = 203.162 μs
IQR = 0.251 μs, LowerFence = 200.762 μs, UpperFence = 201.768 μs
ConfidenceInterval = [200.839 μs; 201.962 μs] (CI 99.9%), Margin = 0.561 μs (0.28% of Mean)
Skewness = 2.47, Kurtosis = 8.51, MValue = 2

// ** Remained 29 (96.7%) benchmark(s) to run. Estimated finish 2025-12-31 19:05 (0h 12m from now) **
// **************************
// Benchmark: JsonSerializationBenchmarks.Newtonsoft_Deserialize_Large: Overhead-Fixed-NoEnergy-4(OutlierMode=DontRemove, IterationCount=15, IterationTime=1s, LaunchCount=1, WarmupCount=6)
// *** Execute ***
// Launch: 1 / 1
// Execute: dotnet Serialization.Bench-Overhead-Fixed-NoEnergy-4-1.dll --anonymousPipes 103 104 --benchmarkName Serialization.Bench.JsonSerializationBenchmarks.Newtonsoft_Deserialize_Large --job Overhead-Fixed-NoEnergy-4 --benchmarkId 1 in /home/test/rapl-tests/lib-energy-bench/src/Serialization.Bench/bin/Release/net8.0/Serialization.Bench-Overhead-Fixed-NoEnergy-4-1/bin/Release/net8.0
// BeforeAnythingElse

// Benchmark Process Environment Information:
// BenchmarkDotNet v0.15.5-develop (2025-12-31)
// Runtime=.NET 8.0.21 (8.0.21, 8.0.2125.47513), X64 RyuJIT x86-64-v4
// GC=Concurrent Workstation
// HardwareIntrinsics=AVX512 IFMA+VBMI,AVX512 F+BW+CD+DQ+VL,AVX2+BMI1+BMI2+F16C+FMA+LZCNT+MOVBE,AVX,SSE3+SSSE3+SSE4.1+SSE4.2+POPCNT,X86Base+SSE+SSE2,AES+PCLMUL VectorSize=256
// Job: Overhead-Fixed-NoEnergy-4(OutlierMode=DontRemove, IterationCount=15, IterationTime=1s, LaunchCount=1, WarmupCount=6)

OverheadJitting  1: 1 op, 139300.00 ns, 139.3000 us/op
WorkloadJitting  1: 1 op, 55609170.00 ns, 55.6092 ms/op

OverheadJitting  2: 16 op, 389610.00 ns, 24.3506 us/op
WorkloadJitting  2: 16 op, 18455303.00 ns, 1.1535 ms/op

WorkloadPilot    1: 16 op, 17252579.00 ns, 1.0783 ms/op
WorkloadPilot    2: 928 op, 461710343.00 ns, 497.5327 us/op
WorkloadPilot    3: 2016 op, 487953770.00 ns, 242.0406 us/op
WorkloadPilot    4: 4144 op, 1001271340.00 ns, 241.6195 us/op

OverheadWarmup   1: 4144 op, 16172.00 ns, 3.9025 ns/op
OverheadWarmup   2: 4144 op, 15142.00 ns, 3.6540 ns/op
OverheadWarmup   3: 4144 op, 15100.00 ns, 3.6438 ns/op
OverheadWarmup   4: 4144 op, 15097.00 ns, 3.6431 ns/op
OverheadWarmup   5: 4144 op, 15084.00 ns, 3.6400 ns/op
OverheadWarmup   6: 4144 op, 15127.00 ns, 3.6503 ns/op
OverheadWarmup   7: 4144 op, 15414.00 ns, 3.7196 ns/op
OverheadWarmup   8: 4144 op, 15101.00 ns, 3.6441 ns/op
OverheadWarmup   9: 4144 op, 15435.00 ns, 3.7247 ns/op
OverheadWarmup  10: 4144 op, 15405.00 ns, 3.7174 ns/op

OverheadActual   1: 4144 op, 15220.00 ns, 3.6728 ns/op
OverheadActual   2: 4144 op, 15225.00 ns, 3.6740 ns/op
OverheadActual   3: 4144 op, 15244.00 ns, 3.6786 ns/op
OverheadActual   4: 4144 op, 15479.00 ns, 3.7353 ns/op
OverheadActual   5: 4144 op, 15436.00 ns, 3.7249 ns/op
OverheadActual   6: 4144 op, 15582.00 ns, 3.7601 ns/op
OverheadActual   7: 4144 op, 15543.00 ns, 3.7507 ns/op
OverheadActual   8: 4144 op, 15499.00 ns, 3.7401 ns/op
OverheadActual   9: 4144 op, 15182.00 ns, 3.6636 ns/op
OverheadActual  10: 4144 op, 16098.00 ns, 3.8847 ns/op
OverheadActual  11: 4144 op, 16051.00 ns, 3.8733 ns/op
OverheadActual  12: 4144 op, 15401.00 ns, 3.7165 ns/op
OverheadActual  13: 4144 op, 15395.00 ns, 3.7150 ns/op
OverheadActual  14: 4144 op, 15445.00 ns, 3.7271 ns/op
OverheadActual  15: 4144 op, 15440.00 ns, 3.7259 ns/op

WorkloadWarmup   1: 4144 op, 1009705665.00 ns, 243.6548 us/op
WorkloadWarmup   2: 4144 op, 1011200200.00 ns, 244.0155 us/op
WorkloadWarmup   3: 4144 op, 1008654465.00 ns, 243.4012 us/op
WorkloadWarmup   4: 4144 op, 1004141370.00 ns, 242.3121 us/op
WorkloadWarmup   5: 4144 op, 1007216846.00 ns, 243.0543 us/op
WorkloadWarmup   6: 4144 op, 1004717320.00 ns, 242.4511 us/op

// BeforeActualRun
WorkloadActual   1: 4144 op, 1009834524.00 ns, 243.6859 us/op
WorkloadActual   2: 4144 op, 1008794420.00 ns, 243.4349 us/op
WorkloadActual   3: 4144 op, 1009030011.00 ns, 243.4918 us/op
WorkloadActual   4: 4144 op, 1011201459.00 ns, 244.0158 us/op
WorkloadActual   5: 4144 op, 1005614330.00 ns, 242.6676 us/op
WorkloadActual   6: 4144 op, 1008871779.00 ns, 243.4536 us/op
WorkloadActual   7: 4144 op, 1009261957.00 ns, 243.5478 us/op
WorkloadActual   8: 4144 op, 1008814313.00 ns, 243.4397 us/op
WorkloadActual   9: 4144 op, 1010004934.00 ns, 243.7271 us/op
WorkloadActual  10: 4144 op, 1009753532.00 ns, 243.6664 us/op
WorkloadActual  11: 4144 op, 1007043733.00 ns, 243.0125 us/op
WorkloadActual  12: 4144 op, 1007783083.00 ns, 243.1909 us/op
WorkloadActual  13: 4144 op, 1014053702.00 ns, 244.7041 us/op
WorkloadActual  14: 4144 op, 1011520322.00 ns, 244.0927 us/op
WorkloadActual  15: 4144 op, 1008049910.00 ns, 243.2553 us/op

// AfterActualRun
WorkloadResult   1: 4144 op, 1009819084.00 ns, 243.6822 us/op
WorkloadResult   2: 4144 op, 1008778980.00 ns, 243.4312 us/op
WorkloadResult   3: 4144 op, 1009014571.00 ns, 243.4881 us/op
WorkloadResult   4: 4144 op, 1011186019.00 ns, 244.0121 us/op
WorkloadResult   5: 4144 op, 1005598890.00 ns, 242.6638 us/op
WorkloadResult   6: 4144 op, 1008856339.00 ns, 243.4499 us/op
WorkloadResult   7: 4144 op, 1009246517.00 ns, 243.5440 us/op
WorkloadResult   8: 4144 op, 1008798873.00 ns, 243.4360 us/op
WorkloadResult   9: 4144 op, 1009989494.00 ns, 243.7233 us/op
WorkloadResult  10: 4144 op, 1009738092.00 ns, 243.6627 us/op
WorkloadResult  11: 4144 op, 1007028293.00 ns, 243.0088 us/op
WorkloadResult  12: 4144 op, 1007767643.00 ns, 243.1872 us/op
WorkloadResult  13: 4144 op, 1014038262.00 ns, 244.7004 us/op
WorkloadResult  14: 4144 op, 1011504882.00 ns, 244.0890 us/op
WorkloadResult  15: 4144 op, 1008034470.00 ns, 243.2516 us/op

// AfterAll
// Benchmark Process 4053957 has exited with code 0.

Mean = 243.555 μs, StdErr = 0.124 μs (0.05%), N = 15, StdDev = 0.480 μs
Min = 242.664 μs, Q1 = 243.341 μs, Median = 243.488 μs, Q3 = 243.703 μs, Max = 244.700 μs
IQR = 0.361 μs, LowerFence = 242.799 μs, UpperFence = 244.245 μs
ConfidenceInterval = [243.042 μs; 244.069 μs] (CI 99.9%), Margin = 0.513 μs (0.21% of Mean)
Skewness = 0.48, Kurtosis = 3.25, MValue = 2

// ** Remained 28 (93.3%) benchmark(s) to run. Estimated finish 2025-12-31 19:05 (0h 11m from now) **
// **************************
// Benchmark: JsonSerializationBenchmarks.Jil_Deserialize_Large: Overhead-Fixed-NoEnergy-4(OutlierMode=DontRemove, IterationCount=15, IterationTime=1s, LaunchCount=1, WarmupCount=6)
// *** Execute ***
// Launch: 1 / 1
// Execute: dotnet Serialization.Bench-Overhead-Fixed-NoEnergy-4-1.dll --anonymousPipes 103 104 --benchmarkName Serialization.Bench.JsonSerializationBenchmarks.Jil_Deserialize_Large --job Overhead-Fixed-NoEnergy-4 --benchmarkId 2 in /home/test/rapl-tests/lib-energy-bench/src/Serialization.Bench/bin/Release/net8.0/Serialization.Bench-Overhead-Fixed-NoEnergy-4-1/bin/Release/net8.0
// BeforeAnythingElse

// Benchmark Process Environment Information:
// BenchmarkDotNet v0.15.5-develop (2025-12-31)
// Runtime=.NET 8.0.21 (8.0.21, 8.0.2125.47513), X64 RyuJIT x86-64-v4
// GC=Concurrent Workstation
// HardwareIntrinsics=AVX512 IFMA+VBMI,AVX512 F+BW+CD+DQ+VL,AVX2+BMI1+BMI2+F16C+FMA+LZCNT+MOVBE,AVX,SSE3+SSSE3+SSE4.1+SSE4.2+POPCNT,X86Base+SSE+SSE2,AES+PCLMUL VectorSize=256
// Job: Overhead-Fixed-NoEnergy-4(OutlierMode=DontRemove, IterationCount=15, IterationTime=1s, LaunchCount=1, WarmupCount=6)

OverheadJitting  1: 1 op, 143770.00 ns, 143.7700 us/op
WorkloadJitting  1: 1 op, 246996248.00 ns, 246.9962 ms/op

WorkloadPilot    1: 4 op, 3039243.00 ns, 759.8108 us/op
WorkloadPilot    2: 1316 op, 355209948.00 ns, 269.9164 us/op
WorkloadPilot    3: 3705 op, 784704622.00 ns, 211.7961 us/op
WorkloadPilot    4: 4722 op, 1000494495.00 ns, 211.8794 us/op
WorkloadPilot    5: 4720 op, 998196722.00 ns, 211.4824 us/op
WorkloadPilot    6: 4729 op, 1002442720.00 ns, 211.9777 us/op
WorkloadPilot    7: 4717 op, 1003344431.00 ns, 212.7082 us/op

WorkloadWarmup   1: 4717 op, 997775408.00 ns, 211.5275 us/op
WorkloadWarmup   2: 4717 op, 1000585258.00 ns, 212.1232 us/op
WorkloadWarmup   3: 4717 op, 1003198913.00 ns, 212.6773 us/op
WorkloadWarmup   4: 4717 op, 1003032861.00 ns, 212.6421 us/op
WorkloadWarmup   5: 4717 op, 1002805774.00 ns, 212.5940 us/op
WorkloadWarmup   6: 4717 op, 1002151655.00 ns, 212.4553 us/op

// BeforeActualRun
WorkloadActual   1: 4717 op, 999152979.00 ns, 211.8196 us/op
WorkloadActual   2: 4717 op, 1002672513.00 ns, 212.5657 us/op
WorkloadActual   3: 4717 op, 1002358458.00 ns, 212.4991 us/op
WorkloadActual   4: 4717 op, 1003964226.00 ns, 212.8396 us/op
WorkloadActual   5: 4717 op, 1003004373.00 ns, 212.6361 us/op
WorkloadActual   6: 4717 op, 1002320088.00 ns, 212.4910 us/op
WorkloadActual   7: 4717 op, 1002161267.00 ns, 212.4573 us/op
WorkloadActual   8: 4717 op, 1002164804.00 ns, 212.4581 us/op
WorkloadActual   9: 4717 op, 1001846079.00 ns, 212.3905 us/op
WorkloadActual  10: 4717 op, 1002779770.00 ns, 212.5885 us/op
WorkloadActual  11: 4717 op, 1002940279.00 ns, 212.6225 us/op
WorkloadActual  12: 4717 op, 1002927093.00 ns, 212.6197 us/op
WorkloadActual  13: 4717 op, 1002826510.00 ns, 212.5984 us/op
WorkloadActual  14: 4717 op, 1001422664.00 ns, 212.3008 us/op
WorkloadActual  15: 4717 op, 1001967312.00 ns, 212.4162 us/op

// AfterActualRun
WorkloadResult   1: 4717 op, 999152979.00 ns, 211.8196 us/op
WorkloadResult   2: 4717 op, 1002672513.00 ns, 212.5657 us/op
WorkloadResult   3: 4717 op, 1002358458.00 ns, 212.4991 us/op
WorkloadResult   4: 4717 op, 1003964226.00 ns, 212.8396 us/op
WorkloadResult   5: 4717 op, 1003004373.00 ns, 212.6361 us/op
WorkloadResult   6: 4717 op, 1002320088.00 ns, 212.4910 us/op
WorkloadResult   7: 4717 op, 1002161267.00 ns, 212.4573 us/op
WorkloadResult   8: 4717 op, 1002164804.00 ns, 212.4581 us/op
WorkloadResult   9: 4717 op, 1001846079.00 ns, 212.3905 us/op
WorkloadResult  10: 4717 op, 1002779770.00 ns, 212.5885 us/op
WorkloadResult  11: 4717 op, 1002940279.00 ns, 212.6225 us/op
WorkloadResult  12: 4717 op, 1002927093.00 ns, 212.6197 us/op
WorkloadResult  13: 4717 op, 1002826510.00 ns, 212.5984 us/op
WorkloadResult  14: 4717 op, 1001422664.00 ns, 212.3008 us/op
WorkloadResult  15: 4717 op, 1001967312.00 ns, 212.4162 us/op

// AfterAll
// Benchmark Process 4053971 has exited with code 0.

Mean = 212.487 μs, StdErr = 0.058 μs (0.03%), N = 15, StdDev = 0.225 μs
Min = 211.820 μs, Q1 = 212.437 μs, Median = 212.499 μs, Q3 = 212.609 μs, Max = 212.840 μs
IQR = 0.172 μs, LowerFence = 212.178 μs, UpperFence = 212.867 μs
ConfidenceInterval = [212.247 μs; 212.727 μs] (CI 99.9%), Margin = 0.240 μs (0.11% of Mean)
Skewness = -1.47, Kurtosis = 5.65, MValue = 2

// ** Remained 27 (90.0%) benchmark(s) to run. Estimated finish 2025-12-31 19:06 (0h 11m from now) **
// **************************
// Benchmark: JsonSerializationBenchmarks.Utf8Json_Deserialize_Large: Overhead-Fixed-NoEnergy-4(OutlierMode=DontRemove, IterationCount=15, IterationTime=1s, LaunchCount=1, WarmupCount=6)
// *** Execute ***
// Launch: 1 / 1
// Execute: dotnet Serialization.Bench-Overhead-Fixed-NoEnergy-4-1.dll --anonymousPipes 103 104 --benchmarkName Serialization.Bench.JsonSerializationBenchmarks.Utf8Json_Deserialize_Large --job Overhead-Fixed-NoEnergy-4 --benchmarkId 3 in /home/test/rapl-tests/lib-energy-bench/src/Serialization.Bench/bin/Release/net8.0/Serialization.Bench-Overhead-Fixed-NoEnergy-4-1/bin/Release/net8.0
// BeforeAnythingElse

// Benchmark Process Environment Information:
// BenchmarkDotNet v0.15.5-develop (2025-12-31)
// Runtime=.NET 8.0.21 (8.0.21, 8.0.2125.47513), X64 RyuJIT x86-64-v4
// GC=Concurrent Workstation
// HardwareIntrinsics=AVX512 IFMA+VBMI,AVX512 F+BW+CD+DQ+VL,AVX2+BMI1+BMI2+F16C+FMA+LZCNT+MOVBE,AVX,SSE3+SSSE3+SSE4.1+SSE4.2+POPCNT,X86Base+SSE+SSE2,AES+PCLMUL VectorSize=256
// Job: Overhead-Fixed-NoEnergy-4(OutlierMode=DontRemove, IterationCount=15, IterationTime=1s, LaunchCount=1, WarmupCount=6)

OverheadJitting  1: 1 op, 140286.00 ns, 140.2860 us/op
WorkloadJitting  1: 1 op, 58323317.00 ns, 58.3233 ms/op

OverheadJitting  2: 16 op, 383974.00 ns, 23.9984 us/op
WorkloadJitting  2: 16 op, 14661743.00 ns, 916.3589 us/op

WorkloadPilot    1: 16 op, 13715846.00 ns, 857.2404 us/op
WorkloadPilot    2: 1168 op, 681434714.00 ns, 583.4201 us/op
WorkloadPilot    3: 1728 op, 482468719.00 ns, 279.2064 us/op
WorkloadPilot    4: 3584 op, 998296945.00 ns, 278.5427 us/op
WorkloadPilot    5: 3600 op, 1003038036.00 ns, 278.6217 us/op

OverheadWarmup   1: 3600 op, 14123.00 ns, 3.9231 ns/op
OverheadWarmup   2: 3600 op, 13189.00 ns, 3.6636 ns/op
OverheadWarmup   3: 3600 op, 13436.00 ns, 3.7322 ns/op
OverheadWarmup   4: 3600 op, 13194.00 ns, 3.6650 ns/op
OverheadWarmup   5: 3600 op, 13570.00 ns, 3.7694 ns/op
OverheadWarmup   6: 3600 op, 13259.00 ns, 3.6831 ns/op

OverheadActual   1: 3600 op, 13307.00 ns, 3.6964 ns/op
OverheadActual   2: 3600 op, 13420.00 ns, 3.7278 ns/op
OverheadActual   3: 3600 op, 13260.00 ns, 3.6833 ns/op
OverheadActual   4: 3600 op, 13244.00 ns, 3.6789 ns/op
OverheadActual   5: 3600 op, 13195.00 ns, 3.6653 ns/op
OverheadActual   6: 3600 op, 13151.00 ns, 3.6531 ns/op
OverheadActual   7: 3600 op, 13208.00 ns, 3.6689 ns/op
OverheadActual   8: 3600 op, 13142.00 ns, 3.6506 ns/op
OverheadActual   9: 3600 op, 13148.00 ns, 3.6522 ns/op
OverheadActual  10: 3600 op, 13189.00 ns, 3.6636 ns/op
OverheadActual  11: 3600 op, 13390.00 ns, 3.7194 ns/op
OverheadActual  12: 3600 op, 13453.00 ns, 3.7369 ns/op
OverheadActual  13: 3600 op, 13883.00 ns, 3.8564 ns/op
OverheadActual  14: 3600 op, 13999.00 ns, 3.8886 ns/op
OverheadActual  15: 3600 op, 13432.00 ns, 3.7311 ns/op

WorkloadWarmup   1: 3600 op, 1011848564.00 ns, 281.0690 us/op
WorkloadWarmup   2: 3600 op, 1004072108.00 ns, 278.9089 us/op
WorkloadWarmup   3: 3600 op, 1003430995.00 ns, 278.7308 us/op
WorkloadWarmup   4: 3600 op, 1002266091.00 ns, 278.4072 us/op
WorkloadWarmup   5: 3600 op, 1003112155.00 ns, 278.6423 us/op
WorkloadWarmup   6: 3600 op, 1003002401.00 ns, 278.6118 us/op

// BeforeActualRun
WorkloadActual   1: 3600 op, 989168055.00 ns, 274.7689 us/op
WorkloadActual   2: 3600 op, 987754457.00 ns, 274.3762 us/op
WorkloadActual   3: 3600 op, 1003131998.00 ns, 278.6478 us/op
WorkloadActual   4: 3600 op, 1002920929.00 ns, 278.5891 us/op
WorkloadActual   5: 3600 op, 1002301187.00 ns, 278.4170 us/op
WorkloadActual   6: 3600 op, 1002480189.00 ns, 278.4667 us/op
WorkloadActual   7: 3600 op, 1002192050.00 ns, 278.3867 us/op
WorkloadActual   8: 3600 op, 1003741595.00 ns, 278.8171 us/op
WorkloadActual   9: 3600 op, 1003291172.00 ns, 278.6920 us/op
WorkloadActual  10: 3600 op, 1003947094.00 ns, 278.8742 us/op
WorkloadActual  11: 3600 op, 1003107956.00 ns, 278.6411 us/op
WorkloadActual  12: 3600 op, 1003833179.00 ns, 278.8425 us/op
WorkloadActual  13: 3600 op, 1002970898.00 ns, 278.6030 us/op
WorkloadActual  14: 3600 op, 1003380221.00 ns, 278.7167 us/op
WorkloadActual  15: 3600 op, 1002581161.00 ns, 278.4948 us/op

// AfterActualRun
WorkloadResult   1: 3600 op, 989154795.00 ns, 274.7652 us/op
WorkloadResult   2: 3600 op, 987741197.00 ns, 274.3726 us/op
WorkloadResult   3: 3600 op, 1003118738.00 ns, 278.6441 us/op
WorkloadResult   4: 3600 op, 1002907669.00 ns, 278.5855 us/op
WorkloadResult   5: 3600 op, 1002287927.00 ns, 278.4133 us/op
WorkloadResult   6: 3600 op, 1002466929.00 ns, 278.4630 us/op
WorkloadResult   7: 3600 op, 1002178790.00 ns, 278.3830 us/op
WorkloadResult   8: 3600 op, 1003728335.00 ns, 278.8134 us/op
WorkloadResult   9: 3600 op, 1003277912.00 ns, 278.6883 us/op
WorkloadResult  10: 3600 op, 1003933834.00 ns, 278.8705 us/op
WorkloadResult  11: 3600 op, 1003094696.00 ns, 278.6374 us/op
WorkloadResult  12: 3600 op, 1003819919.00 ns, 278.8389 us/op
WorkloadResult  13: 3600 op, 1002957638.00 ns, 278.5993 us/op
WorkloadResult  14: 3600 op, 1003366961.00 ns, 278.7130 us/op
WorkloadResult  15: 3600 op, 1002567901.00 ns, 278.4911 us/op

// AfterAll
// Benchmark Process 4053986 has exited with code 0.

Mean = 278.085 μs, StdErr = 0.371 μs (0.13%), N = 15, StdDev = 1.437 μs
Min = 274.373 μs, Q1 = 278.438 μs, Median = 278.599 μs, Q3 = 278.701 μs, Max = 278.871 μs
IQR = 0.263 μs, LowerFence = 278.044 μs, UpperFence = 279.094 μs
ConfidenceInterval = [276.549 μs; 279.622 μs] (CI 99.9%), Margin = 1.536 μs (0.55% of Mean)
Skewness = -1.91, Kurtosis = 4.89, MValue = 2

// ** Remained 26 (86.7%) benchmark(s) to run. Estimated finish 2025-12-31 19:05 (0h 10m from now) **
// **************************
// Benchmark: JsonSerializationBenchmarks.SpanJson_Deserialize_Large: Overhead-Fixed-NoEnergy-4(OutlierMode=DontRemove, IterationCount=15, IterationTime=1s, LaunchCount=1, WarmupCount=6)
// *** Execute ***
// Launch: 1 / 1
// Execute: dotnet Serialization.Bench-Overhead-Fixed-NoEnergy-4-1.dll --anonymousPipes 103 104 --benchmarkName Serialization.Bench.JsonSerializationBenchmarks.SpanJson_Deserialize_Large --job Overhead-Fixed-NoEnergy-4 --benchmarkId 4 in /home/test/rapl-tests/lib-energy-bench/src/Serialization.Bench/bin/Release/net8.0/Serialization.Bench-Overhead-Fixed-NoEnergy-4-1/bin/Release/net8.0
// BeforeAnythingElse

// Benchmark Process Environment Information:
// BenchmarkDotNet v0.15.5-develop (2025-12-31)
// Runtime=.NET 8.0.21 (8.0.21, 8.0.2125.47513), X64 RyuJIT x86-64-v4
// GC=Concurrent Workstation
// HardwareIntrinsics=AVX512 IFMA+VBMI,AVX512 F+BW+CD+DQ+VL,AVX2+BMI1+BMI2+F16C+FMA+LZCNT+MOVBE,AVX,SSE3+SSSE3+SSE4.1+SSE4.2+POPCNT,X86Base+SSE+SSE2,AES+PCLMUL VectorSize=256
// Job: Overhead-Fixed-NoEnergy-4(OutlierMode=DontRemove, IterationCount=15, IterationTime=1s, LaunchCount=1, WarmupCount=6)

OverheadJitting  1: 1 op, 141907.00 ns, 141.9070 us/op
WorkloadJitting  1: 1 op, 113641927.00 ns, 113.6419 ms/op

WorkloadPilot    1: 4 op, 1912086.00 ns, 478.0215 us/op
WorkloadPilot    2: 2092 op, 420053333.00 ns, 200.7903 us/op
WorkloadPilot    3: 4980 op, 758376316.00 ns, 152.2844 us/op
WorkloadPilot    4: 6567 op, 1000052536.00 ns, 152.2845 us/op

WorkloadWarmup   1: 6567 op, 1000205235.00 ns, 152.3078 us/op
WorkloadWarmup   2: 6567 op, 1001780716.00 ns, 152.5477 us/op
WorkloadWarmup   3: 6567 op, 1002297790.00 ns, 152.6264 us/op
WorkloadWarmup   4: 6567 op, 1001502734.00 ns, 152.5054 us/op
WorkloadWarmup   5: 6567 op, 1001114588.00 ns, 152.4463 us/op
WorkloadWarmup   6: 6567 op, 1001600662.00 ns, 152.5203 us/op

// BeforeActualRun
WorkloadActual   1: 6567 op, 1004526516.00 ns, 152.9658 us/op
WorkloadActual   2: 6567 op, 1001577476.00 ns, 152.5167 us/op
WorkloadActual   3: 6567 op, 1001368580.00 ns, 152.4849 us/op
WorkloadActual   4: 6567 op, 1000961527.00 ns, 152.4230 us/op
WorkloadActual   5: 6567 op, 1001744512.00 ns, 152.5422 us/op
WorkloadActual   6: 6567 op, 1001508510.00 ns, 152.5062 us/op
WorkloadActual   7: 6567 op, 1001777699.00 ns, 152.5472 us/op
WorkloadActual   8: 6567 op, 1001330064.00 ns, 152.4791 us/op
WorkloadActual   9: 6567 op, 1002179323.00 ns, 152.6084 us/op
WorkloadActual  10: 6567 op, 1002155740.00 ns, 152.6048 us/op
WorkloadActual  11: 6567 op, 1000674311.00 ns, 152.3792 us/op
WorkloadActual  12: 6567 op, 1001744371.00 ns, 152.5422 us/op
WorkloadActual  13: 6567 op, 1001367399.00 ns, 152.4848 us/op
WorkloadActual  14: 6567 op, 1000661386.00 ns, 152.3772 us/op
WorkloadActual  15: 6567 op, 1001329277.00 ns, 152.4790 us/op

// AfterActualRun
WorkloadResult   1: 6567 op, 1004526516.00 ns, 152.9658 us/op
WorkloadResult   2: 6567 op, 1001577476.00 ns, 152.5167 us/op
WorkloadResult   3: 6567 op, 1001368580.00 ns, 152.4849 us/op
WorkloadResult   4: 6567 op, 1000961527.00 ns, 152.4230 us/op
WorkloadResult   5: 6567 op, 1001744512.00 ns, 152.5422 us/op
WorkloadResult   6: 6567 op, 1001508510.00 ns, 152.5062 us/op
WorkloadResult   7: 6567 op, 1001777699.00 ns, 152.5472 us/op
WorkloadResult   8: 6567 op, 1001330064.00 ns, 152.4791 us/op
WorkloadResult   9: 6567 op, 1002179323.00 ns, 152.6084 us/op
WorkloadResult  10: 6567 op, 1002155740.00 ns, 152.6048 us/op
WorkloadResult  11: 6567 op, 1000674311.00 ns, 152.3792 us/op
WorkloadResult  12: 6567 op, 1001744371.00 ns, 152.5422 us/op
WorkloadResult  13: 6567 op, 1001367399.00 ns, 152.4848 us/op
WorkloadResult  14: 6567 op, 1000661386.00 ns, 152.3772 us/op
WorkloadResult  15: 6567 op, 1001329277.00 ns, 152.4790 us/op

// AfterAll
// Benchmark Process 4054003 has exited with code 0.

Mean = 152.529 μs, StdErr = 0.036 μs (0.02%), N = 15, StdDev = 0.139 μs
Min = 152.377 μs, Q1 = 152.479 μs, Median = 152.506 μs, Q3 = 152.545 μs, Max = 152.966 μs
IQR = 0.066 μs, LowerFence = 152.380 μs, UpperFence = 152.643 μs
ConfidenceInterval = [152.381 μs; 152.678 μs] (CI 99.9%), Margin = 0.148 μs (0.10% of Mean)
Skewness = 1.88, Kurtosis = 6.74, MValue = 2

// ** Remained 25 (83.3%) benchmark(s) to run. Estimated finish 2025-12-31 19:05 (0h 10m from now) **
// **************************
// Benchmark: JsonSerializationBenchmarks.STJ_Deserialize_Medium: Overhead-Fixed-NoEnergy-4(OutlierMode=DontRemove, IterationCount=15, IterationTime=1s, LaunchCount=1, WarmupCount=6)
// *** Execute ***
// Launch: 1 / 1
// Execute: dotnet Serialization.Bench-Overhead-Fixed-NoEnergy-4-1.dll --anonymousPipes 103 104 --benchmarkName Serialization.Bench.JsonSerializationBenchmarks.STJ_Deserialize_Medium --job Overhead-Fixed-NoEnergy-4 --benchmarkId 5 in /home/test/rapl-tests/lib-energy-bench/src/Serialization.Bench/bin/Release/net8.0/Serialization.Bench-Overhead-Fixed-NoEnergy-4-1/bin/Release/net8.0
// BeforeAnythingElse

// Benchmark Process Environment Information:
// BenchmarkDotNet v0.15.5-develop (2025-12-31)
// Runtime=.NET 8.0.21 (8.0.21, 8.0.2125.47513), X64 RyuJIT x86-64-v4
// GC=Concurrent Workstation
// HardwareIntrinsics=AVX512 IFMA+VBMI,AVX512 F+BW+CD+DQ+VL,AVX2+BMI1+BMI2+F16C+FMA+LZCNT+MOVBE,AVX,SSE3+SSSE3+SSE4.1+SSE4.2+POPCNT,X86Base+SSE+SSE2,AES+PCLMUL VectorSize=256
// Job: Overhead-Fixed-NoEnergy-4(OutlierMode=DontRemove, IterationCount=15, IterationTime=1s, LaunchCount=1, WarmupCount=6)

OverheadJitting  1: 1 op, 141082.00 ns, 141.0820 us/op
WorkloadJitting  1: 1 op, 292904.00 ns, 292.9040 us/op

OverheadJitting  2: 16 op, 371783.00 ns, 23.2364 us/op
WorkloadJitting  2: 16 op, 2191997.00 ns, 136.9998 us/op

WorkloadPilot    1: 16 op, 1649527.00 ns, 103.0954 us/op
WorkloadPilot    2: 9712 op, 770166888.00 ns, 79.3005 us/op
WorkloadPilot    3: 12624 op, 670738554.00 ns, 53.1320 us/op
WorkloadPilot    4: 18832 op, 1002818252.00 ns, 53.2508 us/op
WorkloadPilot    5: 18784 op, 999358650.00 ns, 53.2027 us/op
WorkloadPilot    6: 18800 op, 999620828.00 ns, 53.1713 us/op
WorkloadPilot    7: 18816 op, 1002396091.00 ns, 53.2736 us/op
WorkloadPilot    8: 18784 op, 999035569.00 ns, 53.1855 us/op
WorkloadPilot    9: 18816 op, 999808509.00 ns, 53.1361 us/op
WorkloadPilot   10: 18832 op, 1001745957.00 ns, 53.1938 us/op

OverheadWarmup   1: 18832 op, 68891.00 ns, 3.6582 ns/op
OverheadWarmup   2: 18832 op, 67824.00 ns, 3.6015 ns/op
OverheadWarmup   3: 18832 op, 72935.00 ns, 3.8729 ns/op
OverheadWarmup   4: 18832 op, 68133.00 ns, 3.6179 ns/op
OverheadWarmup   5: 18832 op, 69129.00 ns, 3.6708 ns/op
OverheadWarmup   6: 18832 op, 69153.00 ns, 3.6721 ns/op
OverheadWarmup   7: 18832 op, 68171.00 ns, 3.6200 ns/op

OverheadActual   1: 18832 op, 69155.00 ns, 3.6722 ns/op
OverheadActual   2: 18832 op, 67897.00 ns, 3.6054 ns/op
OverheadActual   3: 18832 op, 69117.00 ns, 3.6702 ns/op
OverheadActual   4: 18832 op, 69524.00 ns, 3.6918 ns/op
OverheadActual   5: 18832 op, 67854.00 ns, 3.6031 ns/op
OverheadActual   6: 18832 op, 69187.00 ns, 3.6739 ns/op
OverheadActual   7: 18832 op, 69546.00 ns, 3.6930 ns/op
OverheadActual   8: 18832 op, 69219.00 ns, 3.6756 ns/op
OverheadActual   9: 18832 op, 67794.00 ns, 3.5999 ns/op
OverheadActual  10: 18832 op, 69142.00 ns, 3.6715 ns/op
OverheadActual  11: 18832 op, 68131.00 ns, 3.6178 ns/op
OverheadActual  12: 18832 op, 69238.00 ns, 3.6766 ns/op
OverheadActual  13: 18832 op, 69268.00 ns, 3.6782 ns/op
OverheadActual  14: 18832 op, 69572.00 ns, 3.6944 ns/op
OverheadActual  15: 18832 op, 69151.00 ns, 3.6720 ns/op

WorkloadWarmup   1: 18832 op, 1005636777.00 ns, 53.4004 us/op
WorkloadWarmup   2: 18832 op, 1004116511.00 ns, 53.3197 us/op
WorkloadWarmup   3: 18832 op, 1001600967.00 ns, 53.1861 us/op
WorkloadWarmup   4: 18832 op, 1000760132.00 ns, 53.1415 us/op
WorkloadWarmup   5: 18832 op, 999947903.00 ns, 53.0983 us/op
WorkloadWarmup   6: 18832 op, 1001014496.00 ns, 53.1550 us/op

// BeforeActualRun
WorkloadActual   1: 18832 op, 1002627571.00 ns, 53.2406 us/op
WorkloadActual   2: 18832 op, 1005911901.00 ns, 53.4150 us/op
WorkloadActual   3: 18832 op, 1001842575.00 ns, 53.1989 us/op
WorkloadActual   4: 18832 op, 1001646048.00 ns, 53.1885 us/op
WorkloadActual   5: 18832 op, 1001747762.00 ns, 53.1939 us/op
WorkloadActual   6: 18832 op, 1002328576.00 ns, 53.2248 us/op
WorkloadActual   7: 18832 op, 1002708232.00 ns, 53.2449 us/op
WorkloadActual   8: 18832 op, 1002938710.00 ns, 53.2572 us/op
WorkloadActual   9: 18832 op, 1002977029.00 ns, 53.2592 us/op
WorkloadActual  10: 18832 op, 1003782279.00 ns, 53.3019 us/op
WorkloadActual  11: 18832 op, 1002878146.00 ns, 53.2539 us/op
WorkloadActual  12: 18832 op, 1002372022.00 ns, 53.2271 us/op
WorkloadActual  13: 18832 op, 1003397354.00 ns, 53.2815 us/op
WorkloadActual  14: 18832 op, 1003441665.00 ns, 53.2839 us/op
WorkloadActual  15: 18832 op, 1003677323.00 ns, 53.2964 us/op

// AfterActualRun
WorkloadResult   1: 18832 op, 1002558416.00 ns, 53.2370 us/op
WorkloadResult   2: 18832 op, 1005842746.00 ns, 53.4114 us/op
WorkloadResult   3: 18832 op, 1001773420.00 ns, 53.1953 us/op
WorkloadResult   4: 18832 op, 1001576893.00 ns, 53.1848 us/op
WorkloadResult   5: 18832 op, 1001678607.00 ns, 53.1902 us/op
WorkloadResult   6: 18832 op, 1002259421.00 ns, 53.2211 us/op
WorkloadResult   7: 18832 op, 1002639077.00 ns, 53.2412 us/op
WorkloadResult   8: 18832 op, 1002869555.00 ns, 53.2535 us/op
WorkloadResult   9: 18832 op, 1002907874.00 ns, 53.2555 us/op
WorkloadResult  10: 18832 op, 1003713124.00 ns, 53.2983 us/op
WorkloadResult  11: 18832 op, 1002808991.00 ns, 53.2503 us/op
WorkloadResult  12: 18832 op, 1002302867.00 ns, 53.2234 us/op
WorkloadResult  13: 18832 op, 1003328199.00 ns, 53.2778 us/op
WorkloadResult  14: 18832 op, 1003372510.00 ns, 53.2802 us/op
WorkloadResult  15: 18832 op, 1003608168.00 ns, 53.2927 us/op

// AfterAll
// Benchmark Process 4054020 has exited with code 0.

Mean = 53.254 μs, StdErr = 0.015 μs (0.03%), N = 15, StdDev = 0.056 μs
Min = 53.185 μs, Q1 = 53.222 μs, Median = 53.250 μs, Q3 = 53.279 μs, Max = 53.411 μs
IQR = 0.057 μs, LowerFence = 53.137 μs, UpperFence = 53.364 μs
ConfidenceInterval = [53.194 μs; 53.314 μs] (CI 99.9%), Margin = 0.060 μs (0.11% of Mean)
Skewness = 1.19, Kurtosis = 4.48, MValue = 2

// ** Remained 24 (80.0%) benchmark(s) to run. Estimated finish 2025-12-31 19:06 (0h 10m from now) **
// **************************
// Benchmark: JsonSerializationBenchmarks.Newtonsoft_Deserialize_Medium: Overhead-Fixed-NoEnergy-4(OutlierMode=DontRemove, IterationCount=15, IterationTime=1s, LaunchCount=1, WarmupCount=6)
// *** Execute ***
// Launch: 1 / 1
// Execute: dotnet Serialization.Bench-Overhead-Fixed-NoEnergy-4-1.dll --anonymousPipes 103 104 --benchmarkName Serialization.Bench.JsonSerializationBenchmarks.Newtonsoft_Deserialize_Medium --job Overhead-Fixed-NoEnergy-4 --benchmarkId 6 in /home/test/rapl-tests/lib-energy-bench/src/Serialization.Bench/bin/Release/net8.0/Serialization.Bench-Overhead-Fixed-NoEnergy-4-1/bin/Release/net8.0
// BeforeAnythingElse

// Benchmark Process Environment Information:
// BenchmarkDotNet v0.15.5-develop (2025-12-31)
// Runtime=.NET 8.0.21 (8.0.21, 8.0.2125.47513), X64 RyuJIT x86-64-v4
// GC=Concurrent Workstation
// HardwareIntrinsics=AVX512 IFMA+VBMI,AVX512 F+BW+CD+DQ+VL,AVX2+BMI1+BMI2+F16C+FMA+LZCNT+MOVBE,AVX,SSE3+SSSE3+SSE4.1+SSE4.2+POPCNT,X86Base+SSE+SSE2,AES+PCLMUL VectorSize=256
// Job: Overhead-Fixed-NoEnergy-4(OutlierMode=DontRemove, IterationCount=15, IterationTime=1s, LaunchCount=1, WarmupCount=6)

OverheadJitting  1: 1 op, 140477.00 ns, 140.4770 us/op
WorkloadJitting  1: 1 op, 53495857.00 ns, 53.4959 ms/op

OverheadJitting  2: 16 op, 377198.00 ns, 23.5749 us/op
WorkloadJitting  2: 16 op, 5676879.00 ns, 354.8049 us/op

WorkloadPilot    1: 16 op, 4995310.00 ns, 312.2069 us/op
WorkloadPilot    2: 3216 op, 476370043.00 ns, 148.1250 us/op
WorkloadPilot    3: 6752 op, 454557597.00 ns, 67.3219 us/op
WorkloadPilot    4: 14864 op, 1003488993.00 ns, 67.5114 us/op
WorkloadPilot    5: 14816 op, 996181418.00 ns, 67.2369 us/op
WorkloadPilot    6: 14880 op, 1000450129.00 ns, 67.2346 us/op

OverheadWarmup   1: 14880 op, 54563.00 ns, 3.6669 ns/op
OverheadWarmup   2: 14880 op, 53639.00 ns, 3.6048 ns/op
OverheadWarmup   3: 14880 op, 58751.00 ns, 3.9483 ns/op
OverheadWarmup   4: 14880 op, 57462.00 ns, 3.8617 ns/op
OverheadWarmup   5: 14880 op, 57597.00 ns, 3.8708 ns/op
OverheadWarmup   6: 14880 op, 56285.00 ns, 3.7826 ns/op

OverheadActual   1: 14880 op, 53741.00 ns, 3.6116 ns/op
OverheadActual   2: 14880 op, 53744.00 ns, 3.6118 ns/op
OverheadActual   3: 14880 op, 55221.00 ns, 3.7111 ns/op
OverheadActual   4: 14880 op, 53652.00 ns, 3.6056 ns/op
OverheadActual   5: 14880 op, 53662.00 ns, 3.6063 ns/op
OverheadActual   6: 14880 op, 54800.00 ns, 3.6828 ns/op
OverheadActual   7: 14880 op, 53654.00 ns, 3.6058 ns/op
OverheadActual   8: 14880 op, 54084.00 ns, 3.6347 ns/op
OverheadActual   9: 14880 op, 53695.00 ns, 3.6085 ns/op
OverheadActual  10: 14880 op, 54822.00 ns, 3.6843 ns/op
OverheadActual  11: 14880 op, 53643.00 ns, 3.6050 ns/op
OverheadActual  12: 14880 op, 53998.00 ns, 3.6289 ns/op
OverheadActual  13: 14880 op, 53616.00 ns, 3.6032 ns/op
OverheadActual  14: 14880 op, 54757.00 ns, 3.6799 ns/op
OverheadActual  15: 14880 op, 53677.00 ns, 3.6073 ns/op

WorkloadWarmup   1: 14880 op, 1004497608.00 ns, 67.5066 us/op
WorkloadWarmup   2: 14880 op, 1004728790.00 ns, 67.5221 us/op
WorkloadWarmup   3: 14880 op, 997051067.00 ns, 67.0061 us/op
WorkloadWarmup   4: 14880 op, 998415868.00 ns, 67.0978 us/op
WorkloadWarmup   5: 14880 op, 1001970247.00 ns, 67.3367 us/op
WorkloadWarmup   6: 14880 op, 997969736.00 ns, 67.0679 us/op

// BeforeActualRun
WorkloadActual   1: 14880 op, 1001277938.00 ns, 67.2902 us/op
WorkloadActual   2: 14880 op, 1002975542.00 ns, 67.4043 us/op
WorkloadActual   3: 14880 op, 1004109637.00 ns, 67.4805 us/op
WorkloadActual   4: 14880 op, 1002744137.00 ns, 67.3887 us/op
WorkloadActual   5: 14880 op, 1003440379.00 ns, 67.4355 us/op
WorkloadActual   6: 14880 op, 1005736579.00 ns, 67.5898 us/op
WorkloadActual   7: 14880 op, 1002075726.00 ns, 67.3438 us/op
WorkloadActual   8: 14880 op, 1004611449.00 ns, 67.5142 us/op
WorkloadActual   9: 14880 op, 1002272737.00 ns, 67.3570 us/op
WorkloadActual  10: 14880 op, 1002081769.00 ns, 67.3442 us/op
WorkloadActual  11: 14880 op, 998921010.00 ns, 67.1318 us/op
WorkloadActual  12: 14880 op, 1003625785.00 ns, 67.4480 us/op
WorkloadActual  13: 14880 op, 998540103.00 ns, 67.1062 us/op
WorkloadActual  14: 14880 op, 1001362939.00 ns, 67.2959 us/op
WorkloadActual  15: 14880 op, 1001312219.00 ns, 67.2925 us/op

// AfterActualRun
WorkloadResult   1: 14880 op, 1001224197.00 ns, 67.2866 us/op
WorkloadResult   2: 14880 op, 1002921801.00 ns, 67.4007 us/op
WorkloadResult   3: 14880 op, 1004055896.00 ns, 67.4769 us/op
WorkloadResult   4: 14880 op, 1002690396.00 ns, 67.3851 us/op
WorkloadResult   5: 14880 op, 1003386638.00 ns, 67.4319 us/op
WorkloadResult   6: 14880 op, 1005682838.00 ns, 67.5862 us/op
WorkloadResult   7: 14880 op, 1002021985.00 ns, 67.3402 us/op
WorkloadResult   8: 14880 op, 1004557708.00 ns, 67.5106 us/op
WorkloadResult   9: 14880 op, 1002218996.00 ns, 67.3534 us/op
WorkloadResult  10: 14880 op, 1002028028.00 ns, 67.3406 us/op
WorkloadResult  11: 14880 op, 998867269.00 ns, 67.1282 us/op
WorkloadResult  12: 14880 op, 1003572044.00 ns, 67.4444 us/op
WorkloadResult  13: 14880 op, 998486362.00 ns, 67.1026 us/op
WorkloadResult  14: 14880 op, 1001309198.00 ns, 67.2923 us/op
WorkloadResult  15: 14880 op, 1001258478.00 ns, 67.2889 us/op

// AfterAll
// Benchmark Process 4054039 has exited with code 0.

Mean = 67.358 μs, StdErr = 0.034 μs (0.05%), N = 15, StdDev = 0.130 μs
Min = 67.103 μs, Q1 = 67.291 μs, Median = 67.353 μs, Q3 = 67.438 μs, Max = 67.586 μs
IQR = 0.148 μs, LowerFence = 67.069 μs, UpperFence = 67.659 μs
ConfidenceInterval = [67.219 μs; 67.497 μs] (CI 99.9%), Margin = 0.139 μs (0.21% of Mean)
Skewness = -0.34, Kurtosis = 2.46, MValue = 2

// ** Remained 23 (76.7%) benchmark(s) to run. Estimated finish 2025-12-31 19:06 (0h 9m from now) **
// **************************
// Benchmark: JsonSerializationBenchmarks.Jil_Deserialize_Medium: Overhead-Fixed-NoEnergy-4(OutlierMode=DontRemove, IterationCount=15, IterationTime=1s, LaunchCount=1, WarmupCount=6)
// *** Execute ***
// Launch: 1 / 1
// Execute: dotnet Serialization.Bench-Overhead-Fixed-NoEnergy-4-1.dll --anonymousPipes 103 104 --benchmarkName Serialization.Bench.JsonSerializationBenchmarks.Jil_Deserialize_Medium --job Overhead-Fixed-NoEnergy-4 --benchmarkId 7 in /home/test/rapl-tests/lib-energy-bench/src/Serialization.Bench/bin/Release/net8.0/Serialization.Bench-Overhead-Fixed-NoEnergy-4-1/bin/Release/net8.0
// BeforeAnythingElse

// Benchmark Process Environment Information:
// BenchmarkDotNet v0.15.5-develop (2025-12-31)
// Runtime=.NET 8.0.21 (8.0.21, 8.0.2125.47513), X64 RyuJIT x86-64-v4
// GC=Concurrent Workstation
// HardwareIntrinsics=AVX512 IFMA+VBMI,AVX512 F+BW+CD+DQ+VL,AVX2+BMI1+BMI2+F16C+FMA+LZCNT+MOVBE,AVX,SSE3+SSSE3+SSE4.1+SSE4.2+POPCNT,X86Base+SSE+SSE2,AES+PCLMUL VectorSize=256
// Job: Overhead-Fixed-NoEnergy-4(OutlierMode=DontRemove, IterationCount=15, IterationTime=1s, LaunchCount=1, WarmupCount=6)

OverheadJitting  1: 1 op, 141281.00 ns, 141.2810 us/op
WorkloadJitting  1: 1 op, 200080332.00 ns, 200.0803 ms/op

WorkloadPilot    1: 4 op, 775646.00 ns, 193.9115 us/op
WorkloadPilot    2: 5157 op, 394438049.00 ns, 76.4860 us/op
WorkloadPilot    3: 13074 op, 722632187.00 ns, 55.2725 us/op
WorkloadPilot    4: 18092 op, 998377084.00 ns, 55.1833 us/op
WorkloadPilot    5: 18121 op, 999560815.00 ns, 55.1604 us/op
WorkloadPilot    6: 18129 op, 1001070697.00 ns, 55.2193 us/op
WorkloadPilot    7: 18110 op, 1002450562.00 ns, 55.3534 us/op
WorkloadPilot    8: 18066 op, 996919317.00 ns, 55.1821 us/op
WorkloadPilot    9: 18122 op, 1000211791.00 ns, 55.1932 us/op

WorkloadWarmup   1: 18122 op, 999464680.00 ns, 55.1520 us/op
WorkloadWarmup   2: 18122 op, 1002316513.00 ns, 55.3094 us/op
WorkloadWarmup   3: 18122 op, 1000857950.00 ns, 55.2289 us/op
WorkloadWarmup   4: 18122 op, 999807806.00 ns, 55.1709 us/op
WorkloadWarmup   5: 18122 op, 1000561421.00 ns, 55.2125 us/op
WorkloadWarmup   6: 18122 op, 1000126412.00 ns, 55.1885 us/op

// BeforeActualRun
WorkloadActual   1: 18122 op, 1000485282.00 ns, 55.2083 us/op
WorkloadActual   2: 18122 op, 1000372008.00 ns, 55.2021 us/op
WorkloadActual   3: 18122 op, 1001750879.00 ns, 55.2782 us/op
WorkloadActual   4: 18122 op, 1000707641.00 ns, 55.2206 us/op
WorkloadActual   5: 18122 op, 1000507177.00 ns, 55.2095 us/op
WorkloadActual   6: 18122 op, 1000465001.00 ns, 55.2072 us/op
WorkloadActual   7: 18122 op, 1002053657.00 ns, 55.2949 us/op
WorkloadActual   8: 18122 op, 1006472356.00 ns, 55.5387 us/op
WorkloadActual   9: 18122 op, 1000900146.00 ns, 55.2312 us/op
WorkloadActual  10: 18122 op, 1000583077.00 ns, 55.2137 us/op
WorkloadActual  11: 18122 op, 1000450645.00 ns, 55.2064 us/op
WorkloadActual  12: 18122 op, 999415413.00 ns, 55.1493 us/op
WorkloadActual  13: 18122 op, 999978266.00 ns, 55.1803 us/op
WorkloadActual  14: 18122 op, 999730205.00 ns, 55.1667 us/op
WorkloadActual  15: 18122 op, 1000326025.00 ns, 55.1995 us/op

// AfterActualRun
WorkloadResult   1: 18122 op, 1000485282.00 ns, 55.2083 us/op
WorkloadResult   2: 18122 op, 1000372008.00 ns, 55.2021 us/op
WorkloadResult   3: 18122 op, 1001750879.00 ns, 55.2782 us/op
WorkloadResult   4: 18122 op, 1000707641.00 ns, 55.2206 us/op
WorkloadResult   5: 18122 op, 1000507177.00 ns, 55.2095 us/op
WorkloadResult   6: 18122 op, 1000465001.00 ns, 55.2072 us/op
WorkloadResult   7: 18122 op, 1002053657.00 ns, 55.2949 us/op
WorkloadResult   8: 18122 op, 1006472356.00 ns, 55.5387 us/op
WorkloadResult   9: 18122 op, 1000900146.00 ns, 55.2312 us/op
WorkloadResult  10: 18122 op, 1000583077.00 ns, 55.2137 us/op
WorkloadResult  11: 18122 op, 1000450645.00 ns, 55.2064 us/op
WorkloadResult  12: 18122 op, 999415413.00 ns, 55.1493 us/op
WorkloadResult  13: 18122 op, 999978266.00 ns, 55.1803 us/op
WorkloadResult  14: 18122 op, 999730205.00 ns, 55.1667 us/op
WorkloadResult  15: 18122 op, 1000326025.00 ns, 55.1995 us/op

// AfterAll
// Benchmark Process 4054056 has exited with code 0.

Mean = 55.234 μs, StdErr = 0.024 μs (0.04%), N = 15, StdDev = 0.092 μs
Min = 55.149 μs, Q1 = 55.201 μs, Median = 55.208 μs, Q3 = 55.226 μs, Max = 55.539 μs
IQR = 0.025 μs, LowerFence = 55.163 μs, UpperFence = 55.264 μs
ConfidenceInterval = [55.135 μs; 55.332 μs] (CI 99.9%), Margin = 0.098 μs (0.18% of Mean)
Skewness = 2.35, Kurtosis = 8.12, MValue = 2

// ** Remained 22 (73.3%) benchmark(s) to run. Estimated finish 2025-12-31 19:06 (0h 9m from now) **
// **************************
// Benchmark: JsonSerializationBenchmarks.Utf8Json_Deserialize_Medium: Overhead-Fixed-NoEnergy-4(OutlierMode=DontRemove, IterationCount=15, IterationTime=1s, LaunchCount=1, WarmupCount=6)
// *** Execute ***
// Launch: 1 / 1
// Execute: dotnet Serialization.Bench-Overhead-Fixed-NoEnergy-4-1.dll --anonymousPipes 103 104 --benchmarkName Serialization.Bench.JsonSerializationBenchmarks.Utf8Json_Deserialize_Medium --job Overhead-Fixed-NoEnergy-4 --benchmarkId 8 in /home/test/rapl-tests/lib-energy-bench/src/Serialization.Bench/bin/Release/net8.0/Serialization.Bench-Overhead-Fixed-NoEnergy-4-1/bin/Release/net8.0
// BeforeAnythingElse

// Benchmark Process Environment Information:
// BenchmarkDotNet v0.15.5-develop (2025-12-31)
// Runtime=.NET 8.0.21 (8.0.21, 8.0.2125.47513), X64 RyuJIT x86-64-v4
// GC=Concurrent Workstation
// HardwareIntrinsics=AVX512 IFMA+VBMI,AVX512 F+BW+CD+DQ+VL,AVX2+BMI1+BMI2+F16C+FMA+LZCNT+MOVBE,AVX,SSE3+SSSE3+SSE4.1+SSE4.2+POPCNT,X86Base+SSE+SSE2,AES+PCLMUL VectorSize=256
// Job: Overhead-Fixed-NoEnergy-4(OutlierMode=DontRemove, IterationCount=15, IterationTime=1s, LaunchCount=1, WarmupCount=6)

OverheadJitting  1: 1 op, 140040.00 ns, 140.0400 us/op
WorkloadJitting  1: 1 op, 57527104.00 ns, 57.5271 ms/op

OverheadJitting  2: 16 op, 384714.00 ns, 24.0446 us/op
WorkloadJitting  2: 16 op, 4715010.00 ns, 294.6881 us/op

WorkloadPilot    1: 16 op, 3856039.00 ns, 241.0024 us/op
WorkloadPilot    2: 4160 op, 720877809.00 ns, 173.2879 us/op
WorkloadPilot    3: 5776 op, 358290170.00 ns, 62.0308 us/op
WorkloadPilot    4: 16128 op, 998030023.00 ns, 61.8818 us/op
WorkloadPilot    5: 16160 op, 999329420.00 ns, 61.8397 us/op
WorkloadPilot    6: 16176 op, 1002196082.00 ns, 61.9557 us/op
WorkloadPilot    7: 16144 op, 1000440512.00 ns, 61.9698 us/op

OverheadWarmup   1: 16144 op, 59203.00 ns, 3.6672 ns/op
OverheadWarmup   2: 16144 op, 58382.00 ns, 3.6163 ns/op
OverheadWarmup   3: 16144 op, 58370.00 ns, 3.6156 ns/op
OverheadWarmup   4: 16144 op, 62833.00 ns, 3.8920 ns/op
OverheadWarmup   5: 16144 op, 58675.00 ns, 3.6345 ns/op
OverheadWarmup   6: 16144 op, 58386.00 ns, 3.6166 ns/op
OverheadWarmup   7: 16144 op, 58357.00 ns, 3.6148 ns/op
OverheadWarmup   8: 16144 op, 58351.00 ns, 3.6144 ns/op
OverheadWarmup   9: 16144 op, 58744.00 ns, 3.6388 ns/op
OverheadWarmup  10: 16144 op, 58338.00 ns, 3.6136 ns/op

OverheadActual   1: 16144 op, 58513.00 ns, 3.6244 ns/op
OverheadActual   2: 16144 op, 58456.00 ns, 3.6209 ns/op
OverheadActual   3: 16144 op, 58884.00 ns, 3.6474 ns/op
OverheadActual   4: 16144 op, 58313.00 ns, 3.6121 ns/op
OverheadActual   5: 16144 op, 58345.00 ns, 3.6140 ns/op
OverheadActual   6: 16144 op, 59551.00 ns, 3.6887 ns/op
OverheadActual   7: 16144 op, 62482.00 ns, 3.8703 ns/op
OverheadActual   8: 16144 op, 63032.00 ns, 3.9044 ns/op
OverheadActual   9: 16144 op, 59520.00 ns, 3.6868 ns/op
OverheadActual  10: 16144 op, 59545.00 ns, 3.6884 ns/op
OverheadActual  11: 16144 op, 59905.00 ns, 3.7107 ns/op
OverheadActual  12: 16144 op, 59554.00 ns, 3.6889 ns/op
OverheadActual  13: 16144 op, 58300.00 ns, 3.6112 ns/op
OverheadActual  14: 16144 op, 58345.00 ns, 3.6140 ns/op
OverheadActual  15: 16144 op, 58667.00 ns, 3.6340 ns/op

WorkloadWarmup   1: 16144 op, 1003047430.00 ns, 62.1313 us/op
WorkloadWarmup   2: 16144 op, 998518189.00 ns, 61.8507 us/op
WorkloadWarmup   3: 16144 op, 997859531.00 ns, 61.8099 us/op
WorkloadWarmup   4: 16144 op, 996873022.00 ns, 61.7488 us/op
WorkloadWarmup   5: 16144 op, 998255312.00 ns, 61.8344 us/op
WorkloadWarmup   6: 16144 op, 998193750.00 ns, 61.8306 us/op

// BeforeActualRun
WorkloadActual   1: 16144 op, 1000477406.00 ns, 61.9721 us/op
WorkloadActual   2: 16144 op, 998700423.00 ns, 61.8620 us/op
WorkloadActual   3: 16144 op, 998176488.00 ns, 61.8296 us/op
WorkloadActual   4: 16144 op, 997900813.00 ns, 61.8125 us/op
WorkloadActual   5: 16144 op, 998710564.00 ns, 61.8626 us/op
WorkloadActual   6: 16144 op, 999129212.00 ns, 61.8886 us/op
WorkloadActual   7: 16144 op, 998275095.00 ns, 61.8357 us/op
WorkloadActual   8: 16144 op, 997436927.00 ns, 61.7838 us/op
WorkloadActual   9: 16144 op, 998758098.00 ns, 61.8656 us/op
WorkloadActual  10: 16144 op, 998497463.00 ns, 61.8494 us/op
WorkloadActual  11: 16144 op, 1002370198.00 ns, 62.0893 us/op
WorkloadActual  12: 16144 op, 998354395.00 ns, 61.8406 us/op
WorkloadActual  13: 16144 op, 997641333.00 ns, 61.7964 us/op
WorkloadActual  14: 16144 op, 997935378.00 ns, 61.8146 us/op
WorkloadActual  15: 16144 op, 998049852.00 ns, 61.8217 us/op

// AfterActualRun
WorkloadResult   1: 16144 op, 1000418522.00 ns, 61.9684 us/op
WorkloadResult   2: 16144 op, 998641539.00 ns, 61.8584 us/op
WorkloadResult   3: 16144 op, 998117604.00 ns, 61.8259 us/op
WorkloadResult   4: 16144 op, 997841929.00 ns, 61.8088 us/op
WorkloadResult   5: 16144 op, 998651680.00 ns, 61.8590 us/op
WorkloadResult   6: 16144 op, 999070328.00 ns, 61.8849 us/op
WorkloadResult   7: 16144 op, 998216211.00 ns, 61.8320 us/op
WorkloadResult   8: 16144 op, 997378043.00 ns, 61.7801 us/op
WorkloadResult   9: 16144 op, 998699214.00 ns, 61.8619 us/op
WorkloadResult  10: 16144 op, 998438579.00 ns, 61.8458 us/op
WorkloadResult  11: 16144 op, 1002311314.00 ns, 62.0857 us/op
WorkloadResult  12: 16144 op, 998295511.00 ns, 61.8369 us/op
WorkloadResult  13: 16144 op, 997582449.00 ns, 61.7928 us/op
WorkloadResult  14: 16144 op, 997876494.00 ns, 61.8110 us/op
WorkloadResult  15: 16144 op, 997990968.00 ns, 61.8181 us/op

// AfterAll
// Benchmark Process 4054072 has exited with code 0.

Mean = 61.858 μs, StdErr = 0.020 μs (0.03%), N = 15, StdDev = 0.077 μs
Min = 61.780 μs, Q1 = 61.815 μs, Median = 61.837 μs, Q3 = 61.860 μs, Max = 62.086 μs
IQR = 0.046 μs, LowerFence = 61.746 μs, UpperFence = 61.929 μs
ConfidenceInterval = [61.775 μs; 61.941 μs] (CI 99.9%), Margin = 0.083 μs (0.13% of Mean)
Skewness = 1.74, Kurtosis = 5.43, MValue = 2

// ** Remained 21 (70.0%) benchmark(s) to run. Estimated finish 2025-12-31 19:06 (0h 9m from now) **
// **************************
// Benchmark: JsonSerializationBenchmarks.SpanJson_Deserialize_Medium: Overhead-Fixed-NoEnergy-4(OutlierMode=DontRemove, IterationCount=15, IterationTime=1s, LaunchCount=1, WarmupCount=6)
// *** Execute ***
// Launch: 1 / 1
// Execute: dotnet Serialization.Bench-Overhead-Fixed-NoEnergy-4-1.dll --anonymousPipes 103 104 --benchmarkName Serialization.Bench.JsonSerializationBenchmarks.SpanJson_Deserialize_Medium --job Overhead-Fixed-NoEnergy-4 --benchmarkId 9 in /home/test/rapl-tests/lib-energy-bench/src/Serialization.Bench/bin/Release/net8.0/Serialization.Bench-Overhead-Fixed-NoEnergy-4-1/bin/Release/net8.0
// BeforeAnythingElse

// Benchmark Process Environment Information:
// BenchmarkDotNet v0.15.5-develop (2025-12-31)
// Runtime=.NET 8.0.21 (8.0.21, 8.0.2125.47513), X64 RyuJIT x86-64-v4
// GC=Concurrent Workstation
// HardwareIntrinsics=AVX512 IFMA+VBMI,AVX512 F+BW+CD+DQ+VL,AVX2+BMI1+BMI2+F16C+FMA+LZCNT+MOVBE,AVX,SSE3+SSSE3+SSE4.1+SSE4.2+POPCNT,X86Base+SSE+SSE2,AES+PCLMUL VectorSize=256
// Job: Overhead-Fixed-NoEnergy-4(OutlierMode=DontRemove, IterationCount=15, IterationTime=1s, LaunchCount=1, WarmupCount=6)

OverheadJitting  1: 1 op, 146407.00 ns, 146.4070 us/op
WorkloadJitting  1: 1 op, 100849377.00 ns, 100.8494 ms/op

WorkloadPilot    1: 4 op, 829251.00 ns, 207.3128 us/op
WorkloadPilot    2: 4824 op, 316812547.00 ns, 65.6742 us/op
WorkloadPilot    3: 15227 op, 615881372.00 ns, 40.4467 us/op
WorkloadPilot    4: 24724 op, 995254839.00 ns, 40.2546 us/op
WorkloadPilot    5: 24842 op, 1000123754.00 ns, 40.2594 us/op
WorkloadPilot    6: 24839 op, 999504398.00 ns, 40.2393 us/op
WorkloadPilot    7: 24851 op, 1001247732.00 ns, 40.2900 us/op
WorkloadPilot    8: 24820 op, 1001474910.00 ns, 40.3495 us/op

WorkloadWarmup   1: 24820 op, 1000132249.00 ns, 40.2954 us/op
WorkloadWarmup   2: 24820 op, 1001497795.00 ns, 40.3504 us/op
WorkloadWarmup   3: 24820 op, 1000787199.00 ns, 40.3218 us/op
WorkloadWarmup   4: 24820 op, 1002081215.00 ns, 40.3739 us/op
WorkloadWarmup   5: 24820 op, 1000445381.00 ns, 40.3080 us/op
WorkloadWarmup   6: 24820 op, 1001746831.00 ns, 40.3605 us/op

// BeforeActualRun
WorkloadActual   1: 24820 op, 997919949.00 ns, 40.2063 us/op
WorkloadActual   2: 24820 op, 999678636.00 ns, 40.2771 us/op
WorkloadActual   3: 24820 op, 999708831.00 ns, 40.2784 us/op
WorkloadActual   4: 24820 op, 1001452378.00 ns, 40.3486 us/op
WorkloadActual   5: 24820 op, 1000676610.00 ns, 40.3173 us/op
WorkloadActual   6: 24820 op, 1000369237.00 ns, 40.3050 us/op
WorkloadActual   7: 24820 op, 1000101442.00 ns, 40.2942 us/op
WorkloadActual   8: 24820 op, 1002424058.00 ns, 40.3878 us/op
WorkloadActual   9: 24820 op, 1001532489.00 ns, 40.3518 us/op
WorkloadActual  10: 24820 op, 1000139172.00 ns, 40.2957 us/op
WorkloadActual  11: 24820 op, 1001758468.00 ns, 40.3609 us/op
WorkloadActual  12: 24820 op, 1000073658.00 ns, 40.2931 us/op
WorkloadActual  13: 24820 op, 1001788885.00 ns, 40.3622 us/op
WorkloadActual  14: 24820 op, 1003186368.00 ns, 40.4185 us/op
WorkloadActual  15: 24820 op, 1002388813.00 ns, 40.3863 us/op

// AfterActualRun
WorkloadResult   1: 24820 op, 997919949.00 ns, 40.2063 us/op
WorkloadResult   2: 24820 op, 999678636.00 ns, 40.2771 us/op
WorkloadResult   3: 24820 op, 999708831.00 ns, 40.2784 us/op
WorkloadResult   4: 24820 op, 1001452378.00 ns, 40.3486 us/op
WorkloadResult   5: 24820 op, 1000676610.00 ns, 40.3173 us/op
WorkloadResult   6: 24820 op, 1000369237.00 ns, 40.3050 us/op
WorkloadResult   7: 24820 op, 1000101442.00 ns, 40.2942 us/op
WorkloadResult   8: 24820 op, 1002424058.00 ns, 40.3878 us/op
WorkloadResult   9: 24820 op, 1001532489.00 ns, 40.3518 us/op
WorkloadResult  10: 24820 op, 1000139172.00 ns, 40.2957 us/op
WorkloadResult  11: 24820 op, 1001758468.00 ns, 40.3609 us/op
WorkloadResult  12: 24820 op, 1000073658.00 ns, 40.2931 us/op
WorkloadResult  13: 24820 op, 1001788885.00 ns, 40.3622 us/op
WorkloadResult  14: 24820 op, 1003186368.00 ns, 40.4185 us/op
WorkloadResult  15: 24820 op, 1002388813.00 ns, 40.3863 us/op

// AfterAll
// Benchmark Process 4054089 has exited with code 0.

Mean = 40.326 μs, StdErr = 0.014 μs (0.04%), N = 15, StdDev = 0.055 μs
Min = 40.206 μs, Q1 = 40.294 μs, Median = 40.317 μs, Q3 = 40.362 μs, Max = 40.418 μs
IQR = 0.068 μs, LowerFence = 40.192 μs, UpperFence = 40.463 μs
ConfidenceInterval = [40.267 μs; 40.384 μs] (CI 99.9%), Margin = 0.059 μs (0.15% of Mean)
Skewness = -0.25, Kurtosis = 2.37, MValue = 2

// ** Remained 20 (66.7%) benchmark(s) to run. Estimated finish 2025-12-31 19:06 (0h 8m from now) **
// **************************
// Benchmark: JsonSerializationBenchmarks.STJ_Deserialize_Small: Overhead-Fixed-NoEnergy-4(OutlierMode=DontRemove, IterationCount=15, IterationTime=1s, LaunchCount=1, WarmupCount=6)
// *** Execute ***
// Launch: 1 / 1
// Execute: dotnet Serialization.Bench-Overhead-Fixed-NoEnergy-4-1.dll --anonymousPipes 103 104 --benchmarkName Serialization.Bench.JsonSerializationBenchmarks.STJ_Deserialize_Small --job Overhead-Fixed-NoEnergy-4 --benchmarkId 10 in /home/test/rapl-tests/lib-energy-bench/src/Serialization.Bench/bin/Release/net8.0/Serialization.Bench-Overhead-Fixed-NoEnergy-4-1/bin/Release/net8.0
// BeforeAnythingElse

// Benchmark Process Environment Information:
// BenchmarkDotNet v0.15.5-develop (2025-12-31)
// Runtime=.NET 8.0.21 (8.0.21, 8.0.2125.47513), X64 RyuJIT x86-64-v4
// GC=Concurrent Workstation
// HardwareIntrinsics=AVX512 IFMA+VBMI,AVX512 F+BW+CD+DQ+VL,AVX2+BMI1+BMI2+F16C+FMA+LZCNT+MOVBE,AVX,SSE3+SSSE3+SSE4.1+SSE4.2+POPCNT,X86Base+SSE+SSE2,AES+PCLMUL VectorSize=256
// Job: Overhead-Fixed-NoEnergy-4(OutlierMode=DontRemove, IterationCount=15, IterationTime=1s, LaunchCount=1, WarmupCount=6)

OverheadJitting  1: 1 op, 141350.00 ns, 141.3500 us/op
WorkloadJitting  1: 1 op, 195471.00 ns, 195.4710 us/op

OverheadJitting  2: 16 op, 392937.00 ns, 24.5586 us/op
WorkloadJitting  2: 16 op, 485073.00 ns, 30.3171 us/op

WorkloadPilot    1: 16 op, 96275.00 ns, 6.0172 us/op
WorkloadPilot    2: 166192 op, 582716180.00 ns, 3.5063 us/op
WorkloadPilot    3: 285216 op, 578433103.00 ns, 2.0281 us/op
WorkloadPilot    4: 493088 op, 999901646.00 ns, 2.0278 us/op
WorkloadPilot    5: 493152 op, 992973007.00 ns, 2.0135 us/op
WorkloadPilot    6: 496656 op, 1003490586.00 ns, 2.0205 us/op
WorkloadPilot    7: 494928 op, 999992591.00 ns, 2.0205 us/op
WorkloadPilot    8: 494944 op, 998383359.00 ns, 2.0172 us/op
WorkloadPilot    9: 495760 op, 1003021475.00 ns, 2.0232 us/op
WorkloadPilot   10: 494272 op, 999698188.00 ns, 2.0226 us/op
WorkloadPilot   11: 494432 op, 998088457.00 ns, 2.0187 us/op
WorkloadPilot   12: 495392 op, 1002025817.00 ns, 2.0227 us/op

OverheadWarmup   1: 495392 op, 1691329.00 ns, 3.4141 ns/op
OverheadWarmup   2: 495392 op, 1713580.00 ns, 3.4590 ns/op
OverheadWarmup   3: 495392 op, 1695261.00 ns, 3.4221 ns/op
OverheadWarmup   4: 495392 op, 1695500.00 ns, 3.4225 ns/op
OverheadWarmup   5: 495392 op, 1690068.00 ns, 3.4116 ns/op

OverheadActual   1: 495392 op, 1698607.00 ns, 3.4288 ns/op
OverheadActual   2: 495392 op, 1690173.00 ns, 3.4118 ns/op
OverheadActual   3: 495392 op, 1696080.00 ns, 3.4237 ns/op
OverheadActual   4: 495392 op, 1693127.00 ns, 3.4178 ns/op
OverheadActual   5: 495392 op, 1695188.00 ns, 3.4219 ns/op
OverheadActual   6: 495392 op, 1695079.00 ns, 3.4217 ns/op
OverheadActual   7: 495392 op, 1691624.00 ns, 3.4147 ns/op
OverheadActual   8: 495392 op, 1691896.00 ns, 3.4153 ns/op
OverheadActual   9: 495392 op, 1725079.00 ns, 3.4823 ns/op
OverheadActual  10: 495392 op, 1736931.00 ns, 3.5062 ns/op
OverheadActual  11: 495392 op, 1733209.00 ns, 3.4987 ns/op
OverheadActual  12: 495392 op, 1695818.00 ns, 3.4232 ns/op
OverheadActual  13: 495392 op, 1693854.00 ns, 3.4192 ns/op
OverheadActual  14: 495392 op, 1708098.00 ns, 3.4480 ns/op
OverheadActual  15: 495392 op, 1703719.00 ns, 3.4391 ns/op

WorkloadWarmup   1: 495392 op, 1001769833.00 ns, 2.0222 us/op
WorkloadWarmup   2: 495392 op, 1004130317.00 ns, 2.0269 us/op
WorkloadWarmup   3: 495392 op, 999700496.00 ns, 2.0180 us/op
WorkloadWarmup   4: 495392 op, 1007192732.00 ns, 2.0331 us/op
WorkloadWarmup   5: 495392 op, 998677993.00 ns, 2.0159 us/op
WorkloadWarmup   6: 495392 op, 1000077737.00 ns, 2.0188 us/op

// BeforeActualRun
WorkloadActual   1: 495392 op, 996963312.00 ns, 2.0125 us/op
WorkloadActual   2: 495392 op, 1005715922.00 ns, 2.0301 us/op
WorkloadActual   3: 495392 op, 1001057369.00 ns, 2.0207 us/op
WorkloadActual   4: 495392 op, 999282885.00 ns, 2.0172 us/op
WorkloadActual   5: 495392 op, 999447072.00 ns, 2.0175 us/op
WorkloadActual   6: 495392 op, 1001668807.00 ns, 2.0220 us/op
WorkloadActual   7: 495392 op, 1006931358.00 ns, 2.0326 us/op
WorkloadActual   8: 495392 op, 1000551548.00 ns, 2.0197 us/op
WorkloadActual   9: 495392 op, 1005366332.00 ns, 2.0294 us/op
WorkloadActual  10: 495392 op, 1007038778.00 ns, 2.0328 us/op
WorkloadActual  11: 495392 op, 1001432244.00 ns, 2.0215 us/op
WorkloadActual  12: 495392 op, 1007898655.00 ns, 2.0345 us/op
WorkloadActual  13: 495392 op, 1004685914.00 ns, 2.0281 us/op
WorkloadActual  14: 495392 op, 999129049.00 ns, 2.0168 us/op
WorkloadActual  15: 495392 op, 1000837902.00 ns, 2.0203 us/op

// AfterActualRun
WorkloadResult   1: 495392 op, 995267494.00 ns, 2.0091 us/op
WorkloadResult   2: 495392 op, 1004020104.00 ns, 2.0267 us/op
WorkloadResult   3: 495392 op, 999361551.00 ns, 2.0173 us/op
WorkloadResult   4: 495392 op, 997587067.00 ns, 2.0137 us/op
WorkloadResult   5: 495392 op, 997751254.00 ns, 2.0141 us/op
WorkloadResult   6: 495392 op, 999972989.00 ns, 2.0185 us/op
WorkloadResult   7: 495392 op, 1005235540.00 ns, 2.0292 us/op
WorkloadResult   8: 495392 op, 998855730.00 ns, 2.0163 us/op
WorkloadResult   9: 495392 op, 1003670514.00 ns, 2.0260 us/op
WorkloadResult  10: 495392 op, 1005342960.00 ns, 2.0294 us/op
WorkloadResult  11: 495392 op, 999736426.00 ns, 2.0181 us/op
WorkloadResult  12: 495392 op, 1006202837.00 ns, 2.0311 us/op
WorkloadResult  13: 495392 op, 1002990096.00 ns, 2.0246 us/op
WorkloadResult  14: 495392 op, 997433231.00 ns, 2.0134 us/op
WorkloadResult  15: 495392 op, 999142084.00 ns, 2.0169 us/op

// AfterAll
// Benchmark Process 4054104 has exited with code 0.

Mean = 2.020 μs, StdErr = 0.002 μs (0.09%), N = 15, StdDev = 0.007 μs
Min = 2.009 μs, Q1 = 2.015 μs, Median = 2.018 μs, Q3 = 2.026 μs, Max = 2.031 μs
IQR = 0.011 μs, LowerFence = 1.998 μs, UpperFence = 2.043 μs
ConfidenceInterval = [2.013 μs; 2.028 μs] (CI 99.9%), Margin = 0.007 μs (0.37% of Mean)
Skewness = 0.17, Kurtosis = 1.51, MValue = 2

// ** Remained 19 (63.3%) benchmark(s) to run. Estimated finish 2025-12-31 19:06 (0h 8m from now) **
// **************************
// Benchmark: JsonSerializationBenchmarks.Newtonsoft_Deserialize_Small: Overhead-Fixed-NoEnergy-4(OutlierMode=DontRemove, IterationCount=15, IterationTime=1s, LaunchCount=1, WarmupCount=6)
// *** Execute ***
// Launch: 1 / 1
// Execute: dotnet Serialization.Bench-Overhead-Fixed-NoEnergy-4-1.dll --anonymousPipes 103 104 --benchmarkName Serialization.Bench.JsonSerializationBenchmarks.Newtonsoft_Deserialize_Small --job Overhead-Fixed-NoEnergy-4 --benchmarkId 11 in /home/test/rapl-tests/lib-energy-bench/src/Serialization.Bench/bin/Release/net8.0/Serialization.Bench-Overhead-Fixed-NoEnergy-4-1/bin/Release/net8.0
// BeforeAnythingElse

// Benchmark Process Environment Information:
// BenchmarkDotNet v0.15.5-develop (2025-12-31)
// Runtime=.NET 8.0.21 (8.0.21, 8.0.2125.47513), X64 RyuJIT x86-64-v4
// GC=Concurrent Workstation
// HardwareIntrinsics=AVX512 IFMA+VBMI,AVX512 F+BW+CD+DQ+VL,AVX2+BMI1+BMI2+F16C+FMA+LZCNT+MOVBE,AVX,SSE3+SSSE3+SSE4.1+SSE4.2+POPCNT,X86Base+SSE+SSE2,AES+PCLMUL VectorSize=256
// Job: Overhead-Fixed-NoEnergy-4(OutlierMode=DontRemove, IterationCount=15, IterationTime=1s, LaunchCount=1, WarmupCount=6)

OverheadJitting  1: 1 op, 139800.00 ns, 139.8000 us/op
WorkloadJitting  1: 1 op, 42440140.00 ns, 42.4401 ms/op

OverheadJitting  2: 16 op, 392930.00 ns, 24.5581 us/op
WorkloadJitting  2: 16 op, 839692.00 ns, 52.4808 us/op

WorkloadPilot    1: 16 op, 408960.00 ns, 25.5600 us/op
WorkloadPilot    2: 39136 op, 272041951.00 ns, 6.9512 us/op
WorkloadPilot    3: 143872 op, 523990639.00 ns, 3.6421 us/op
WorkloadPilot    4: 274576 op, 994771426.00 ns, 3.6229 us/op
WorkloadPilot    5: 276032 op, 999690675.00 ns, 3.6216 us/op
WorkloadPilot    6: 276128 op, 999447586.00 ns, 3.6195 us/op
WorkloadPilot    7: 276288 op, 999828336.00 ns, 3.6188 us/op
WorkloadPilot    8: 276336 op, 1000432518.00 ns, 3.6203 us/op
WorkloadPilot    9: 276224 op, 999436137.00 ns, 3.6182 us/op
WorkloadPilot   10: 276384 op, 1000599766.00 ns, 3.6203 us/op
WorkloadPilot   11: 276224 op, 1001039996.00 ns, 3.6240 us/op

OverheadWarmup   1: 276224 op, 944228.00 ns, 3.4183 ns/op
OverheadWarmup   2: 276224 op, 949004.00 ns, 3.4356 ns/op
OverheadWarmup   3: 276224 op, 940495.00 ns, 3.4048 ns/op
OverheadWarmup   4: 276224 op, 946335.00 ns, 3.4260 ns/op
OverheadWarmup   5: 276224 op, 949607.00 ns, 3.4378 ns/op
OverheadWarmup   6: 276224 op, 948119.00 ns, 3.4324 ns/op

OverheadActual   1: 276224 op, 953187.00 ns, 3.4508 ns/op
OverheadActual   2: 276224 op, 971360.00 ns, 3.5166 ns/op
OverheadActual   3: 276224 op, 965295.00 ns, 3.4946 ns/op
OverheadActual   4: 276224 op, 954981.00 ns, 3.4573 ns/op
OverheadActual   5: 276224 op, 961861.00 ns, 3.4822 ns/op
OverheadActual   6: 276224 op, 967814.00 ns, 3.5037 ns/op
OverheadActual   7: 276224 op, 969479.00 ns, 3.5098 ns/op
OverheadActual   8: 276224 op, 966028.00 ns, 3.4973 ns/op
OverheadActual   9: 276224 op, 966270.00 ns, 3.4981 ns/op
OverheadActual  10: 276224 op, 950710.00 ns, 3.4418 ns/op
OverheadActual  11: 276224 op, 947233.00 ns, 3.4292 ns/op
OverheadActual  12: 276224 op, 952798.00 ns, 3.4494 ns/op
OverheadActual  13: 276224 op, 971067.00 ns, 3.5155 ns/op
OverheadActual  14: 276224 op, 969868.00 ns, 3.5112 ns/op
OverheadActual  15: 276224 op, 966469.00 ns, 3.4989 ns/op

WorkloadWarmup   1: 276224 op, 1003413875.00 ns, 3.6326 us/op
WorkloadWarmup   2: 276224 op, 1003132790.00 ns, 3.6316 us/op
WorkloadWarmup   3: 276224 op, 999876500.00 ns, 3.6198 us/op
WorkloadWarmup   4: 276224 op, 998818821.00 ns, 3.6160 us/op
WorkloadWarmup   5: 276224 op, 1000048626.00 ns, 3.6204 us/op
WorkloadWarmup   6: 276224 op, 1000008464.00 ns, 3.6203 us/op

// BeforeActualRun
WorkloadActual   1: 276224 op, 1001163032.00 ns, 3.6245 us/op
WorkloadActual   2: 276224 op, 1000785703.00 ns, 3.6231 us/op
WorkloadActual   3: 276224 op, 1000249202.00 ns, 3.6212 us/op
WorkloadActual   4: 276224 op, 1000722143.00 ns, 3.6229 us/op
WorkloadActual   5: 276224 op, 1000866808.00 ns, 3.6234 us/op
WorkloadActual   6: 276224 op, 1000771123.00 ns, 3.6230 us/op
WorkloadActual   7: 276224 op, 1000342546.00 ns, 3.6215 us/op
WorkloadActual   8: 276224 op, 1000945931.00 ns, 3.6237 us/op
WorkloadActual   9: 276224 op, 1000950915.00 ns, 3.6237 us/op
WorkloadActual  10: 276224 op, 1001554626.00 ns, 3.6259 us/op
WorkloadActual  11: 276224 op, 1000804884.00 ns, 3.6232 us/op
WorkloadActual  12: 276224 op, 1003513054.00 ns, 3.6330 us/op
WorkloadActual  13: 276224 op, 1000670704.00 ns, 3.6227 us/op
WorkloadActual  14: 276224 op, 1000247799.00 ns, 3.6211 us/op
WorkloadActual  15: 276224 op, 1001214385.00 ns, 3.6246 us/op

// AfterActualRun
WorkloadResult   1: 276224 op, 1000197004.00 ns, 3.6210 us/op
WorkloadResult   2: 276224 op, 999819675.00 ns, 3.6196 us/op
WorkloadResult   3: 276224 op, 999283174.00 ns, 3.6177 us/op
WorkloadResult   4: 276224 op, 999756115.00 ns, 3.6194 us/op
WorkloadResult   5: 276224 op, 999900780.00 ns, 3.6199 us/op
WorkloadResult   6: 276224 op, 999805095.00 ns, 3.6195 us/op
WorkloadResult   7: 276224 op, 999376518.00 ns, 3.6180 us/op
WorkloadResult   8: 276224 op, 999979903.00 ns, 3.6202 us/op
WorkloadResult   9: 276224 op, 999984887.00 ns, 3.6202 us/op
WorkloadResult  10: 276224 op, 1000588598.00 ns, 3.6224 us/op
WorkloadResult  11: 276224 op, 999838856.00 ns, 3.6197 us/op
WorkloadResult  12: 276224 op, 1002547026.00 ns, 3.6295 us/op
WorkloadResult  13: 276224 op, 999704676.00 ns, 3.6192 us/op
WorkloadResult  14: 276224 op, 999281771.00 ns, 3.6177 us/op
WorkloadResult  15: 276224 op, 1000248357.00 ns, 3.6211 us/op

// AfterAll
// Benchmark Process 4054122 has exited with code 0.

Mean = 3.620 μs, StdErr = 0.001 μs (0.02%), N = 15, StdDev = 0.003 μs
Min = 3.618 μs, Q1 = 3.619 μs, Median = 3.620 μs, Q3 = 3.621 μs, Max = 3.629 μs
IQR = 0.001 μs, LowerFence = 3.617 μs, UpperFence = 3.623 μs
ConfidenceInterval = [3.617 μs; 3.623 μs] (CI 99.9%), Margin = 0.003 μs (0.08% of Mean)
Skewness = 2.1, Kurtosis = 7.35, MValue = 2

// ** Remained 18 (60.0%) benchmark(s) to run. Estimated finish 2025-12-31 19:06 (0h 8m from now) **
// **************************
// Benchmark: JsonSerializationBenchmarks.Jil_Deserialize_Small: Overhead-Fixed-NoEnergy-4(OutlierMode=DontRemove, IterationCount=15, IterationTime=1s, LaunchCount=1, WarmupCount=6)
// *** Execute ***
// Launch: 1 / 1
// Execute: dotnet Serialization.Bench-Overhead-Fixed-NoEnergy-4-1.dll --anonymousPipes 103 104 --benchmarkName Serialization.Bench.JsonSerializationBenchmarks.Jil_Deserialize_Small --job Overhead-Fixed-NoEnergy-4 --benchmarkId 12 in /home/test/rapl-tests/lib-energy-bench/src/Serialization.Bench/bin/Release/net8.0/Serialization.Bench-Overhead-Fixed-NoEnergy-4-1/bin/Release/net8.0
// BeforeAnythingElse

// Benchmark Process Environment Information:
// BenchmarkDotNet v0.15.5-develop (2025-12-31)
// Runtime=.NET 8.0.21 (8.0.21, 8.0.2125.47513), X64 RyuJIT x86-64-v4
// GC=Concurrent Workstation
// HardwareIntrinsics=AVX512 IFMA+VBMI,AVX512 F+BW+CD+DQ+VL,AVX2+BMI1+BMI2+F16C+FMA+LZCNT+MOVBE,AVX,SSE3+SSSE3+SSE4.1+SSE4.2+POPCNT,X86Base+SSE+SSE2,AES+PCLMUL VectorSize=256
// Job: Overhead-Fixed-NoEnergy-4(OutlierMode=DontRemove, IterationCount=15, IterationTime=1s, LaunchCount=1, WarmupCount=6)

OverheadJitting  1: 1 op, 139904.00 ns, 139.9040 us/op
WorkloadJitting  1: 1 op, 115237822.00 ns, 115.2378 ms/op

WorkloadPilot    1: 4 op, 45095.00 ns, 11.2738 us/op
WorkloadPilot    2: 88702 op, 307749337.00 ns, 3.4695 us/op
WorkloadPilot    3: 288228 op, 683131033.00 ns, 2.3701 us/op
WorkloadPilot    4: 421922 op, 995716508.00 ns, 2.3600 us/op
WorkloadPilot    5: 423737 op, 998140934.00 ns, 2.3556 us/op
WorkloadPilot    6: 424526 op, 1001685438.00 ns, 2.3595 us/op
WorkloadPilot    7: 423812 op, 1003937447.00 ns, 2.3688 us/op
WorkloadPilot    8: 422150 op, 998224504.00 ns, 2.3646 us/op
WorkloadPilot    9: 422901 op, 999903698.00 ns, 2.3644 us/op
WorkloadPilot   10: 422942 op, 996525123.00 ns, 2.3562 us/op
WorkloadPilot   11: 424417 op, 1004261989.00 ns, 2.3662 us/op

WorkloadWarmup   1: 424417 op, 1001904375.00 ns, 2.3607 us/op
WorkloadWarmup   2: 424417 op, 1003747464.00 ns, 2.3650 us/op
WorkloadWarmup   3: 424417 op, 1004410479.00 ns, 2.3666 us/op
WorkloadWarmup   4: 424417 op, 1003694855.00 ns, 2.3649 us/op
WorkloadWarmup   5: 424417 op, 1003513734.00 ns, 2.3645 us/op
WorkloadWarmup   6: 424417 op, 1003682390.00 ns, 2.3648 us/op

// BeforeActualRun
WorkloadActual   1: 424417 op, 999610234.00 ns, 2.3553 us/op
WorkloadActual   2: 424417 op, 1003784093.00 ns, 2.3651 us/op
WorkloadActual   3: 424417 op, 1003752745.00 ns, 2.3650 us/op
WorkloadActual   4: 424417 op, 1003840529.00 ns, 2.3652 us/op
WorkloadActual   5: 424417 op, 1003622496.00 ns, 2.3647 us/op
WorkloadActual   6: 424417 op, 1003537810.00 ns, 2.3645 us/op
WorkloadActual   7: 424417 op, 1003339735.00 ns, 2.3640 us/op
WorkloadActual   8: 424417 op, 1004154286.00 ns, 2.3660 us/op
WorkloadActual   9: 424417 op, 1002492927.00 ns, 2.3620 us/op
WorkloadActual  10: 424417 op, 1003407831.00 ns, 2.3642 us/op
WorkloadActual  11: 424417 op, 1002979487.00 ns, 2.3632 us/op
WorkloadActual  12: 424417 op, 1008390701.00 ns, 2.3759 us/op
WorkloadActual  13: 424417 op, 1003628573.00 ns, 2.3647 us/op
WorkloadActual  14: 424417 op, 1002732964.00 ns, 2.3626 us/op
WorkloadActual  15: 424417 op, 1004914109.00 ns, 2.3678 us/op

// AfterActualRun
WorkloadResult   1: 424417 op, 999610234.00 ns, 2.3553 us/op
WorkloadResult   2: 424417 op, 1003784093.00 ns, 2.3651 us/op
WorkloadResult   3: 424417 op, 1003752745.00 ns, 2.3650 us/op
WorkloadResult   4: 424417 op, 1003840529.00 ns, 2.3652 us/op
WorkloadResult   5: 424417 op, 1003622496.00 ns, 2.3647 us/op
WorkloadResult   6: 424417 op, 1003537810.00 ns, 2.3645 us/op
WorkloadResult   7: 424417 op, 1003339735.00 ns, 2.3640 us/op
WorkloadResult   8: 424417 op, 1004154286.00 ns, 2.3660 us/op
WorkloadResult   9: 424417 op, 1002492927.00 ns, 2.3620 us/op
WorkloadResult  10: 424417 op, 1003407831.00 ns, 2.3642 us/op
WorkloadResult  11: 424417 op, 1002979487.00 ns, 2.3632 us/op
WorkloadResult  12: 424417 op, 1008390701.00 ns, 2.3759 us/op
WorkloadResult  13: 424417 op, 1003628573.00 ns, 2.3647 us/op
WorkloadResult  14: 424417 op, 1002732964.00 ns, 2.3626 us/op
WorkloadResult  15: 424417 op, 1004914109.00 ns, 2.3678 us/op

// AfterAll
// Benchmark Process 4054140 has exited with code 0.

Mean = 2.365 μs, StdErr = 0.001 μs (0.05%), N = 15, StdDev = 0.004 μs
Min = 2.355 μs, Q1 = 2.364 μs, Median = 2.365 μs, Q3 = 2.365 μs, Max = 2.376 μs
IQR = 0.002 μs, LowerFence = 2.361 μs, UpperFence = 2.367 μs
ConfidenceInterval = [2.360 μs; 2.369 μs] (CI 99.9%), Margin = 0.004 μs (0.19% of Mean)
Skewness = 0.55, Kurtosis = 5.41, MValue = 2

// ** Remained 17 (56.7%) benchmark(s) to run. Estimated finish 2025-12-31 19:07 (0h 7m from now) **
// **************************
// Benchmark: JsonSerializationBenchmarks.Utf8Json_Deserialize_Small: Overhead-Fixed-NoEnergy-4(OutlierMode=DontRemove, IterationCount=15, IterationTime=1s, LaunchCount=1, WarmupCount=6)
// *** Execute ***
// Launch: 1 / 1
// Execute: dotnet Serialization.Bench-Overhead-Fixed-NoEnergy-4-1.dll --anonymousPipes 103 104 --benchmarkName Serialization.Bench.JsonSerializationBenchmarks.Utf8Json_Deserialize_Small --job Overhead-Fixed-NoEnergy-4 --benchmarkId 13 in /home/test/rapl-tests/lib-energy-bench/src/Serialization.Bench/bin/Release/net8.0/Serialization.Bench-Overhead-Fixed-NoEnergy-4-1/bin/Release/net8.0
// BeforeAnythingElse

// Benchmark Process Environment Information:
// BenchmarkDotNet v0.15.5-develop (2025-12-31)
// Runtime=.NET 8.0.21 (8.0.21, 8.0.2125.47513), X64 RyuJIT x86-64-v4
// GC=Concurrent Workstation
// HardwareIntrinsics=AVX512 IFMA+VBMI,AVX512 F+BW+CD+DQ+VL,AVX2+BMI1+BMI2+F16C+FMA+LZCNT+MOVBE,AVX,SSE3+SSSE3+SSE4.1+SSE4.2+POPCNT,X86Base+SSE+SSE2,AES+PCLMUL VectorSize=256
// Job: Overhead-Fixed-NoEnergy-4(OutlierMode=DontRemove, IterationCount=15, IterationTime=1s, LaunchCount=1, WarmupCount=6)

OverheadJitting  1: 1 op, 148060.00 ns, 148.0600 us/op
WorkloadJitting  1: 1 op, 48451337.00 ns, 48.4513 ms/op

OverheadJitting  2: 16 op, 384467.00 ns, 24.0292 us/op
WorkloadJitting  2: 16 op, 650421.00 ns, 40.6513 us/op

WorkloadPilot    1: 16 op, 251449.00 ns, 15.7156 us/op
WorkloadPilot    2: 63632 op, 572302224.00 ns, 8.9939 us/op
WorkloadPilot    3: 111200 op, 222772243.00 ns, 2.0033 us/op
WorkloadPilot    4: 499168 op, 982788258.00 ns, 1.9689 us/op
WorkloadPilot    5: 507920 op, 1002210536.00 ns, 1.9732 us/op
WorkloadPilot    6: 506800 op, 1001501357.00 ns, 1.9761 us/op
WorkloadPilot    7: 506048 op, 996794196.00 ns, 1.9698 us/op
WorkloadPilot    8: 507680 op, 1000117154.00 ns, 1.9700 us/op

OverheadWarmup   1: 507680 op, 1729804.00 ns, 3.4073 ns/op
OverheadWarmup   2: 507680 op, 1727729.00 ns, 3.4032 ns/op
OverheadWarmup   3: 507680 op, 1731264.00 ns, 3.4101 ns/op
OverheadWarmup   4: 507680 op, 1725693.00 ns, 3.3992 ns/op
OverheadWarmup   5: 507680 op, 1731740.00 ns, 3.4111 ns/op
OverheadWarmup   6: 507680 op, 1730799.00 ns, 3.4092 ns/op

OverheadActual   1: 507680 op, 1725057.00 ns, 3.3979 ns/op
OverheadActual   2: 507680 op, 1727551.00 ns, 3.4028 ns/op
OverheadActual   3: 507680 op, 1725106.00 ns, 3.3980 ns/op
OverheadActual   4: 507680 op, 1723034.00 ns, 3.3939 ns/op
OverheadActual   5: 507680 op, 1730797.00 ns, 3.4092 ns/op
OverheadActual   6: 507680 op, 1731105.00 ns, 3.4098 ns/op
OverheadActual   7: 507680 op, 1725913.00 ns, 3.3996 ns/op
OverheadActual   8: 507680 op, 1729329.00 ns, 3.4063 ns/op
OverheadActual   9: 507680 op, 1734451.00 ns, 3.4164 ns/op
OverheadActual  10: 507680 op, 1730930.00 ns, 3.4095 ns/op
OverheadActual  11: 507680 op, 1730595.00 ns, 3.4088 ns/op
OverheadActual  12: 507680 op, 1752262.00 ns, 3.4515 ns/op
OverheadActual  13: 507680 op, 1729781.00 ns, 3.4072 ns/op
OverheadActual  14: 507680 op, 1728249.00 ns, 3.4042 ns/op
OverheadActual  15: 507680 op, 1731239.00 ns, 3.4101 ns/op

WorkloadWarmup   1: 507680 op, 1002470380.00 ns, 1.9746 us/op
WorkloadWarmup   2: 507680 op, 1000702772.00 ns, 1.9711 us/op
WorkloadWarmup   3: 507680 op, 1000799906.00 ns, 1.9713 us/op
WorkloadWarmup   4: 507680 op, 999921308.00 ns, 1.9696 us/op
WorkloadWarmup   5: 507680 op, 1000111288.00 ns, 1.9700 us/op
WorkloadWarmup   6: 507680 op, 997657370.00 ns, 1.9651 us/op

// BeforeActualRun
WorkloadActual   1: 507680 op, 1003755205.00 ns, 1.9771 us/op
WorkloadActual   2: 507680 op, 1000612160.00 ns, 1.9710 us/op
WorkloadActual   3: 507680 op, 999727979.00 ns, 1.9692 us/op
WorkloadActual   4: 507680 op, 999461242.00 ns, 1.9687 us/op
WorkloadActual   5: 507680 op, 999154273.00 ns, 1.9681 us/op
WorkloadActual   6: 507680 op, 999202042.00 ns, 1.9682 us/op
WorkloadActual   7: 507680 op, 999009054.00 ns, 1.9678 us/op
WorkloadActual   8: 507680 op, 1001449984.00 ns, 1.9726 us/op
WorkloadActual   9: 507680 op, 998425610.00 ns, 1.9666 us/op
WorkloadActual  10: 507680 op, 1000435425.00 ns, 1.9706 us/op
WorkloadActual  11: 507680 op, 998926220.00 ns, 1.9676 us/op
WorkloadActual  12: 507680 op, 999511152.00 ns, 1.9688 us/op
WorkloadActual  13: 507680 op, 997819455.00 ns, 1.9654 us/op
WorkloadActual  14: 507680 op, 999768719.00 ns, 1.9693 us/op
WorkloadActual  15: 507680 op, 1001622739.00 ns, 1.9729 us/op

// AfterActualRun
WorkloadResult   1: 507680 op, 1002025424.00 ns, 1.9737 us/op
WorkloadResult   2: 507680 op, 998882379.00 ns, 1.9675 us/op
WorkloadResult   3: 507680 op, 997998198.00 ns, 1.9658 us/op
WorkloadResult   4: 507680 op, 997731461.00 ns, 1.9653 us/op
WorkloadResult   5: 507680 op, 997424492.00 ns, 1.9647 us/op
WorkloadResult   6: 507680 op, 997472261.00 ns, 1.9648 us/op
WorkloadResult   7: 507680 op, 997279273.00 ns, 1.9644 us/op
WorkloadResult   8: 507680 op, 999720203.00 ns, 1.9692 us/op
WorkloadResult   9: 507680 op, 996695829.00 ns, 1.9632 us/op
WorkloadResult  10: 507680 op, 998705644.00 ns, 1.9672 us/op
WorkloadResult  11: 507680 op, 997196439.00 ns, 1.9642 us/op
WorkloadResult  12: 507680 op, 997781371.00 ns, 1.9654 us/op
WorkloadResult  13: 507680 op, 996089674.00 ns, 1.9620 us/op
WorkloadResult  14: 507680 op, 998038938.00 ns, 1.9659 us/op
WorkloadResult  15: 507680 op, 999892958.00 ns, 1.9695 us/op

// AfterAll
// Benchmark Process 4054155 has exited with code 0.

Mean = 1.966 μs, StdErr = 0.001 μs (0.04%), N = 15, StdDev = 0.003 μs
Min = 1.962 μs, Q1 = 1.965 μs, Median = 1.965 μs, Q3 = 1.967 μs, Max = 1.974 μs
IQR = 0.003 μs, LowerFence = 1.960 μs, UpperFence = 1.972 μs
ConfidenceInterval = [1.963 μs; 1.969 μs] (CI 99.9%), Margin = 0.003 μs (0.16% of Mean)
Skewness = 1.02, Kurtosis = 3.55, MValue = 2

// ** Remained 16 (53.3%) benchmark(s) to run. Estimated finish 2025-12-31 19:07 (0h 7m from now) **
// **************************
// Benchmark: JsonSerializationBenchmarks.SpanJson_Deserialize_Small: Overhead-Fixed-NoEnergy-4(OutlierMode=DontRemove, IterationCount=15, IterationTime=1s, LaunchCount=1, WarmupCount=6)
// *** Execute ***
// Launch: 1 / 1
// Execute: dotnet Serialization.Bench-Overhead-Fixed-NoEnergy-4-1.dll --anonymousPipes 103 104 --benchmarkName Serialization.Bench.JsonSerializationBenchmarks.SpanJson_Deserialize_Small --job Overhead-Fixed-NoEnergy-4 --benchmarkId 14 in /home/test/rapl-tests/lib-energy-bench/src/Serialization.Bench/bin/Release/net8.0/Serialization.Bench-Overhead-Fixed-NoEnergy-4-1/bin/Release/net8.0
// BeforeAnythingElse

// Benchmark Process Environment Information:
// BenchmarkDotNet v0.15.5-develop (2025-12-31)
// Runtime=.NET 8.0.21 (8.0.21, 8.0.2125.47513), X64 RyuJIT x86-64-v4
// GC=Concurrent Workstation
// HardwareIntrinsics=AVX512 IFMA+VBMI,AVX512 F+BW+CD+DQ+VL,AVX2+BMI1+BMI2+F16C+FMA+LZCNT+MOVBE,AVX,SSE3+SSSE3+SSE4.1+SSE4.2+POPCNT,X86Base+SSE+SSE2,AES+PCLMUL VectorSize=256
// Job: Overhead-Fixed-NoEnergy-4(OutlierMode=DontRemove, IterationCount=15, IterationTime=1s, LaunchCount=1, WarmupCount=6)

OverheadJitting  1: 1 op, 142806.00 ns, 142.8060 us/op
WorkloadJitting  1: 1 op, 59316446.00 ns, 59.3164 ms/op

OverheadJitting  2: 16 op, 388108.00 ns, 24.2568 us/op
WorkloadJitting  2: 16 op, 418892.00 ns, 26.1808 us/op

WorkloadPilot    1: 16 op, 37834.00 ns, 2.3646 us/op
WorkloadPilot    2: 422912 op, 517454185.00 ns, 1.2236 us/op
WorkloadPilot    3: 817296 op, 964567535.00 ns, 1.1802 us/op
WorkloadPilot    4: 847328 op, 997319929.00 ns, 1.1770 us/op
WorkloadPilot    5: 849616 op, 998115780.00 ns, 1.1748 us/op
WorkloadPilot    6: 851232 op, 1001930380.00 ns, 1.1770 us/op
WorkloadPilot    7: 849600 op, 1000838206.00 ns, 1.1780 us/op
WorkloadPilot    8: 848896 op, 1000942599.00 ns, 1.1791 us/op

OverheadWarmup   1: 848896 op, 2889256.00 ns, 3.4035 ns/op
OverheadWarmup   2: 848896 op, 2891519.00 ns, 3.4062 ns/op
OverheadWarmup   3: 848896 op, 2886679.00 ns, 3.4005 ns/op
OverheadWarmup   4: 848896 op, 2882098.00 ns, 3.3951 ns/op
OverheadWarmup   5: 848896 op, 2883385.00 ns, 3.3966 ns/op
OverheadWarmup   6: 848896 op, 2885823.00 ns, 3.3995 ns/op
OverheadWarmup   7: 848896 op, 2882135.00 ns, 3.3952 ns/op

OverheadActual   1: 848896 op, 2880980.00 ns, 3.3938 ns/op
OverheadActual   2: 848896 op, 2886209.00 ns, 3.4000 ns/op
OverheadActual   3: 848896 op, 2885153.00 ns, 3.3987 ns/op
OverheadActual   4: 848896 op, 2894959.00 ns, 3.4103 ns/op
OverheadActual   5: 848896 op, 2886571.00 ns, 3.4004 ns/op
OverheadActual   6: 848896 op, 2885798.00 ns, 3.3995 ns/op
OverheadActual   7: 848896 op, 2879894.00 ns, 3.3925 ns/op
OverheadActual   8: 848896 op, 2885280.00 ns, 3.3989 ns/op
OverheadActual   9: 848896 op, 2883072.00 ns, 3.3963 ns/op
OverheadActual  10: 848896 op, 2881939.00 ns, 3.3949 ns/op
OverheadActual  11: 848896 op, 2885425.00 ns, 3.3990 ns/op
OverheadActual  12: 848896 op, 2882793.00 ns, 3.3959 ns/op
OverheadActual  13: 848896 op, 2882130.00 ns, 3.3952 ns/op
OverheadActual  14: 848896 op, 2888422.00 ns, 3.4026 ns/op
OverheadActual  15: 848896 op, 2889591.00 ns, 3.4039 ns/op

WorkloadWarmup   1: 848896 op, 999841556.00 ns, 1.1778 us/op
WorkloadWarmup   2: 848896 op, 1000755328.00 ns, 1.1789 us/op
WorkloadWarmup   3: 848896 op, 1000225091.00 ns, 1.1783 us/op
WorkloadWarmup   4: 848896 op, 999767703.00 ns, 1.1777 us/op
WorkloadWarmup   5: 848896 op, 1000088159.00 ns, 1.1781 us/op
WorkloadWarmup   6: 848896 op, 998999709.00 ns, 1.1768 us/op

// BeforeActualRun
WorkloadActual   1: 848896 op, 1001112135.00 ns, 1.1793 us/op
WorkloadActual   2: 848896 op, 999333220.00 ns, 1.1772 us/op
WorkloadActual   3: 848896 op, 998874594.00 ns, 1.1767 us/op
WorkloadActual   4: 848896 op, 999758133.00 ns, 1.1777 us/op
WorkloadActual   5: 848896 op, 1006079860.00 ns, 1.1852 us/op
WorkloadActual   6: 848896 op, 1002433712.00 ns, 1.1809 us/op
WorkloadActual   7: 848896 op, 1001241295.00 ns, 1.1795 us/op
WorkloadActual   8: 848896 op, 1000320836.00 ns, 1.1784 us/op
WorkloadActual   9: 848896 op, 1003531843.00 ns, 1.1822 us/op
WorkloadActual  10: 848896 op, 999514129.00 ns, 1.1774 us/op
WorkloadActual  11: 848896 op, 999787253.00 ns, 1.1777 us/op
WorkloadActual  12: 848896 op, 999062815.00 ns, 1.1769 us/op
WorkloadActual  13: 848896 op, 998888098.00 ns, 1.1767 us/op
WorkloadActual  14: 848896 op, 999283150.00 ns, 1.1772 us/op
WorkloadActual  15: 848896 op, 998454765.00 ns, 1.1762 us/op

// AfterActualRun
WorkloadResult   1: 848896 op, 998226855.00 ns, 1.1759 us/op
WorkloadResult   2: 848896 op, 996447940.00 ns, 1.1738 us/op
WorkloadResult   3: 848896 op, 995989314.00 ns, 1.1733 us/op
WorkloadResult   4: 848896 op, 996872853.00 ns, 1.1743 us/op
WorkloadResult   5: 848896 op, 1003194580.00 ns, 1.1818 us/op
WorkloadResult   6: 848896 op, 999548432.00 ns, 1.1775 us/op
WorkloadResult   7: 848896 op, 998356015.00 ns, 1.1761 us/op
WorkloadResult   8: 848896 op, 997435556.00 ns, 1.1750 us/op
WorkloadResult   9: 848896 op, 1000646563.00 ns, 1.1788 us/op
WorkloadResult  10: 848896 op, 996628849.00 ns, 1.1740 us/op
WorkloadResult  11: 848896 op, 996901973.00 ns, 1.1744 us/op
WorkloadResult  12: 848896 op, 996177535.00 ns, 1.1735 us/op
WorkloadResult  13: 848896 op, 996002818.00 ns, 1.1733 us/op
WorkloadResult  14: 848896 op, 996397870.00 ns, 1.1738 us/op
WorkloadResult  15: 848896 op, 995569485.00 ns, 1.1728 us/op

// AfterAll
// Benchmark Process 4054172 has exited with code 0.

Mean = 1.175 μs, StdErr = 0.001 μs (0.05%), N = 15, StdDev = 0.002 μs
Min = 1.173 μs, Q1 = 1.174 μs, Median = 1.174 μs, Q3 = 1.176 μs, Max = 1.182 μs
IQR = 0.002 μs, LowerFence = 1.170 μs, UpperFence = 1.180 μs
ConfidenceInterval = [1.173 μs; 1.178 μs] (CI 99.9%), Margin = 0.003 μs (0.22% of Mean)
Skewness = 1.32, Kurtosis = 3.82, MValue = 2

// ** Remained 15 (50.0%) benchmark(s) to run. Estimated finish 2025-12-31 19:07 (0h 6m from now) **
// **************************
// Benchmark: JsonSerializationBenchmarks.STJ_Serialize_Large: Overhead-Fixed-NoEnergy-4(OutlierMode=DontRemove, IterationCount=15, IterationTime=1s, LaunchCount=1, WarmupCount=6)
// *** Execute ***
// Launch: 1 / 1
// Execute: dotnet Serialization.Bench-Overhead-Fixed-NoEnergy-4-1.dll --anonymousPipes 103 104 --benchmarkName Serialization.Bench.JsonSerializationBenchmarks.STJ_Serialize_Large --job Overhead-Fixed-NoEnergy-4 --benchmarkId 15 in /home/test/rapl-tests/lib-energy-bench/src/Serialization.Bench/bin/Release/net8.0/Serialization.Bench-Overhead-Fixed-NoEnergy-4-1/bin/Release/net8.0
// BeforeAnythingElse

// Benchmark Process Environment Information:
// BenchmarkDotNet v0.15.5-develop (2025-12-31)
// Runtime=.NET 8.0.21 (8.0.21, 8.0.2125.47513), X64 RyuJIT x86-64-v4
// GC=Concurrent Workstation
// HardwareIntrinsics=AVX512 IFMA+VBMI,AVX512 F+BW+CD+DQ+VL,AVX2+BMI1+BMI2+F16C+FMA+LZCNT+MOVBE,AVX,SSE3+SSSE3+SSE4.1+SSE4.2+POPCNT,X86Base+SSE+SSE2,AES+PCLMUL VectorSize=256
// Job: Overhead-Fixed-NoEnergy-4(OutlierMode=DontRemove, IterationCount=15, IterationTime=1s, LaunchCount=1, WarmupCount=6)

OverheadJitting  1: 1 op, 135012.00 ns, 135.0120 us/op
WorkloadJitting  1: 1 op, 8200924.00 ns, 8.2009 ms/op

OverheadJitting  2: 16 op, 361526.00 ns, 22.5954 us/op
WorkloadJitting  2: 16 op, 6281872.00 ns, 392.6170 us/op

WorkloadPilot    1: 16 op, 5862582.00 ns, 366.4114 us/op
WorkloadPilot    2: 2736 op, 749259740.00 ns, 273.8522 us/op
WorkloadPilot    3: 3664 op, 685799832.00 ns, 187.1724 us/op
WorkloadPilot    4: 5344 op, 994471698.00 ns, 186.0913 us/op
WorkloadPilot    5: 5376 op, 1001080392.00 ns, 186.2129 us/op

OverheadWarmup   1: 5376 op, 19193.00 ns, 3.5701 ns/op
OverheadWarmup   2: 5376 op, 18478.00 ns, 3.4371 ns/op
OverheadWarmup   3: 5376 op, 18803.00 ns, 3.4976 ns/op
OverheadWarmup   4: 5376 op, 18491.00 ns, 3.4395 ns/op
OverheadWarmup   5: 5376 op, 18832.00 ns, 3.5030 ns/op
OverheadWarmup   6: 5376 op, 18434.00 ns, 3.4289 ns/op

OverheadActual   1: 5376 op, 18572.00 ns, 3.4546 ns/op
OverheadActual   2: 5376 op, 18558.00 ns, 3.4520 ns/op
OverheadActual   3: 5376 op, 18569.00 ns, 3.4541 ns/op
OverheadActual   4: 5376 op, 18552.00 ns, 3.4509 ns/op
OverheadActual   5: 5376 op, 18511.00 ns, 3.4433 ns/op
OverheadActual   6: 5376 op, 18512.00 ns, 3.4435 ns/op
OverheadActual   7: 5376 op, 18893.00 ns, 3.5143 ns/op
OverheadActual   8: 5376 op, 18460.00 ns, 3.4338 ns/op
OverheadActual   9: 5376 op, 23531.00 ns, 4.3770 ns/op
OverheadActual  10: 5376 op, 18519.00 ns, 3.4448 ns/op
OverheadActual  11: 5376 op, 18883.00 ns, 3.5125 ns/op
OverheadActual  12: 5376 op, 18855.00 ns, 3.5073 ns/op
OverheadActual  13: 5376 op, 18498.00 ns, 3.4408 ns/op
OverheadActual  14: 5376 op, 18488.00 ns, 3.4390 ns/op
OverheadActual  15: 5376 op, 18877.00 ns, 3.5113 ns/op
OverheadActual  16: 5376 op, 18501.00 ns, 3.4414 ns/op
OverheadActual  17: 5376 op, 18475.00 ns, 3.4366 ns/op
OverheadActual  18: 5376 op, 18862.00 ns, 3.5086 ns/op
OverheadActual  19: 5376 op, 18885.00 ns, 3.5128 ns/op
OverheadActual  20: 5376 op, 18896.00 ns, 3.5149 ns/op

WorkloadWarmup   1: 5376 op, 1011000983.00 ns, 188.0582 us/op
WorkloadWarmup   2: 5376 op, 1005916423.00 ns, 187.1124 us/op
WorkloadWarmup   3: 5376 op, 1012016266.00 ns, 188.2471 us/op
WorkloadWarmup   4: 5376 op, 1008102382.00 ns, 187.5190 us/op
WorkloadWarmup   5: 5376 op, 1005222166.00 ns, 186.9833 us/op
WorkloadWarmup   6: 5376 op, 1009144959.00 ns, 187.7130 us/op

// BeforeActualRun
WorkloadActual   1: 5376 op, 1008321328.00 ns, 187.5598 us/op
WorkloadActual   2: 5376 op, 1005960108.00 ns, 187.1206 us/op
WorkloadActual   3: 5376 op, 1005955837.00 ns, 187.1198 us/op
WorkloadActual   4: 5376 op, 1006417734.00 ns, 187.2057 us/op
WorkloadActual   5: 5376 op, 1006668099.00 ns, 187.2523 us/op
WorkloadActual   6: 5376 op, 1006585524.00 ns, 187.2369 us/op
WorkloadActual   7: 5376 op, 1008728130.00 ns, 187.6354 us/op
WorkloadActual   8: 5376 op, 1006576877.00 ns, 187.2353 us/op
WorkloadActual   9: 5376 op, 1002974560.00 ns, 186.5652 us/op
WorkloadActual  10: 5376 op, 1010193139.00 ns, 187.9079 us/op
WorkloadActual  11: 5376 op, 1005844162.00 ns, 187.0990 us/op
WorkloadActual  12: 5376 op, 1005837444.00 ns, 187.0977 us/op
WorkloadActual  13: 5376 op, 1005911983.00 ns, 187.1116 us/op
WorkloadActual  14: 5376 op, 1007239186.00 ns, 187.3585 us/op
WorkloadActual  15: 5376 op, 1007208606.00 ns, 187.3528 us/op

// AfterActualRun
WorkloadResult   1: 5376 op, 1008302764.50 ns, 187.5563 us/op
WorkloadResult   2: 5376 op, 1005941544.50 ns, 187.1171 us/op
WorkloadResult   3: 5376 op, 1005937273.50 ns, 187.1163 us/op
WorkloadResult   4: 5376 op, 1006399170.50 ns, 187.2022 us/op
WorkloadResult   5: 5376 op, 1006649535.50 ns, 187.2488 us/op
WorkloadResult   6: 5376 op, 1006566960.50 ns, 187.2334 us/op
WorkloadResult   7: 5376 op, 1008709566.50 ns, 187.6320 us/op
WorkloadResult   8: 5376 op, 1006558313.50 ns, 187.2318 us/op
WorkloadResult   9: 5376 op, 1002955996.50 ns, 186.5618 us/op
WorkloadResult  10: 5376 op, 1010174575.50 ns, 187.9045 us/op
WorkloadResult  11: 5376 op, 1005825598.50 ns, 187.0955 us/op
WorkloadResult  12: 5376 op, 1005818880.50 ns, 187.0943 us/op
WorkloadResult  13: 5376 op, 1005893419.50 ns, 187.1082 us/op
WorkloadResult  14: 5376 op, 1007220622.50 ns, 187.3550 us/op
WorkloadResult  15: 5376 op, 1007190042.50 ns, 187.3493 us/op

// AfterAll
// Benchmark Process 4054189 has exited with code 0.

Mean = 187.254 μs, StdErr = 0.078 μs (0.04%), N = 15, StdDev = 0.301 μs
Min = 186.562 μs, Q1 = 187.112 μs, Median = 187.232 μs, Q3 = 187.352 μs, Max = 187.904 μs
IQR = 0.240 μs, LowerFence = 186.752 μs, UpperFence = 187.712 μs
ConfidenceInterval = [186.932 μs; 187.576 μs] (CI 99.9%), Margin = 0.322 μs (0.17% of Mean)
Skewness = 0.03, Kurtosis = 3.57, MValue = 2

// ** Remained 14 (46.7%) benchmark(s) to run. Estimated finish 2025-12-31 19:07 (0h 6m from now) **
// **************************
// Benchmark: JsonSerializationBenchmarks.Newtonsoft_Serialize_Large: Overhead-Fixed-NoEnergy-4(OutlierMode=DontRemove, IterationCount=15, IterationTime=1s, LaunchCount=1, WarmupCount=6)
// *** Execute ***
// Launch: 1 / 1
// Execute: dotnet Serialization.Bench-Overhead-Fixed-NoEnergy-4-1.dll --anonymousPipes 103 104 --benchmarkName Serialization.Bench.JsonSerializationBenchmarks.Newtonsoft_Serialize_Large --job Overhead-Fixed-NoEnergy-4 --benchmarkId 16 in /home/test/rapl-tests/lib-energy-bench/src/Serialization.Bench/bin/Release/net8.0/Serialization.Bench-Overhead-Fixed-NoEnergy-4-1/bin/Release/net8.0
// BeforeAnythingElse

// Benchmark Process Environment Information:
// BenchmarkDotNet v0.15.5-develop (2025-12-31)
// Runtime=.NET 8.0.21 (8.0.21, 8.0.2125.47513), X64 RyuJIT x86-64-v4
// GC=Concurrent Workstation
// HardwareIntrinsics=AVX512 IFMA+VBMI,AVX512 F+BW+CD+DQ+VL,AVX2+BMI1+BMI2+F16C+FMA+LZCNT+MOVBE,AVX,SSE3+SSSE3+SSE4.1+SSE4.2+POPCNT,X86Base+SSE+SSE2,AES+PCLMUL VectorSize=256
// Job: Overhead-Fixed-NoEnergy-4(OutlierMode=DontRemove, IterationCount=15, IterationTime=1s, LaunchCount=1, WarmupCount=6)

OverheadJitting  1: 1 op, 135027.00 ns, 135.0270 us/op
WorkloadJitting  1: 1 op, 50688374.00 ns, 50.6884 ms/op

OverheadJitting  2: 16 op, 375740.00 ns, 23.4838 us/op
WorkloadJitting  2: 16 op, 16240816.00 ns, 1.0151 ms/op

WorkloadPilot    1: 16 op, 15662911.00 ns, 978.9319 us/op
WorkloadPilot    2: 1024 op, 453610678.00 ns, 442.9792 us/op
WorkloadPilot    3: 2272 op, 690807375.00 ns, 304.0525 us/op
WorkloadPilot    4: 3296 op, 1003042809.00 ns, 304.3212 us/op

OverheadWarmup   1: 3296 op, 12472.00 ns, 3.7840 ns/op
OverheadWarmup   2: 3296 op, 11567.00 ns, 3.5094 ns/op
OverheadWarmup   3: 3296 op, 11531.00 ns, 3.4985 ns/op
OverheadWarmup   4: 3296 op, 11746.00 ns, 3.5637 ns/op
OverheadWarmup   5: 3296 op, 11514.00 ns, 3.4933 ns/op
OverheadWarmup   6: 3296 op, 11752.00 ns, 3.5655 ns/op
OverheadWarmup   7: 3296 op, 11483.00 ns, 3.4839 ns/op

OverheadActual   1: 3296 op, 11855.00 ns, 3.5968 ns/op
OverheadActual   2: 3296 op, 11840.00 ns, 3.5922 ns/op
OverheadActual   3: 3296 op, 11585.00 ns, 3.5149 ns/op
OverheadActual   4: 3296 op, 11518.00 ns, 3.4945 ns/op
OverheadActual   5: 3296 op, 11661.00 ns, 3.5379 ns/op
OverheadActual   6: 3296 op, 11797.00 ns, 3.5792 ns/op
OverheadActual   7: 3296 op, 11744.00 ns, 3.5631 ns/op
OverheadActual   8: 3296 op, 11756.00 ns, 3.5667 ns/op
OverheadActual   9: 3296 op, 11477.00 ns, 3.4821 ns/op
OverheadActual  10: 3296 op, 11513.00 ns, 3.4930 ns/op
OverheadActual  11: 3296 op, 11463.00 ns, 3.4779 ns/op
OverheadActual  12: 3296 op, 11475.00 ns, 3.4815 ns/op
OverheadActual  13: 3296 op, 12042.00 ns, 3.6535 ns/op
OverheadActual  14: 3296 op, 11476.00 ns, 3.4818 ns/op
OverheadActual  15: 3296 op, 11444.00 ns, 3.4721 ns/op

WorkloadWarmup   1: 3296 op, 1004096131.00 ns, 304.6408 us/op
WorkloadWarmup   2: 3296 op, 1001248248.00 ns, 303.7768 us/op
WorkloadWarmup   3: 3296 op, 1000305845.00 ns, 303.4909 us/op
WorkloadWarmup   4: 3296 op, 1004594147.00 ns, 304.7919 us/op
WorkloadWarmup   5: 3296 op, 1000460379.00 ns, 303.5377 us/op
WorkloadWarmup   6: 3296 op, 1002964868.00 ns, 304.2976 us/op

// BeforeActualRun
WorkloadActual   1: 3296 op, 1003217804.00 ns, 304.3743 us/op
WorkloadActual   2: 3296 op, 1001343215.00 ns, 303.8056 us/op
WorkloadActual   3: 3296 op, 1001489943.00 ns, 303.8501 us/op
WorkloadActual   4: 3296 op, 1001853110.00 ns, 303.9603 us/op
WorkloadActual   5: 3296 op, 1001266338.00 ns, 303.7823 us/op
WorkloadActual   6: 3296 op, 1001603059.00 ns, 303.8844 us/op
WorkloadActual   7: 3296 op, 1000609509.00 ns, 303.5830 us/op
WorkloadActual   8: 3296 op, 1001424694.00 ns, 303.8303 us/op
WorkloadActual   9: 3296 op, 1000381177.00 ns, 303.5137 us/op
WorkloadActual  10: 3296 op, 1001449529.00 ns, 303.8378 us/op
WorkloadActual  11: 3296 op, 1002108786.00 ns, 304.0379 us/op
WorkloadActual  12: 3296 op, 1002101453.00 ns, 304.0356 us/op
WorkloadActual  13: 3296 op, 1001141797.00 ns, 303.7445 us/op
WorkloadActual  14: 3296 op, 1002128847.00 ns, 304.0439 us/op
WorkloadActual  15: 3296 op, 1001881254.00 ns, 303.9688 us/op

// AfterActualRun
WorkloadResult   1: 3296 op, 1003206219.00 ns, 304.3708 us/op
WorkloadResult   2: 3296 op, 1001331630.00 ns, 303.8021 us/op
WorkloadResult   3: 3296 op, 1001478358.00 ns, 303.8466 us/op
WorkloadResult   4: 3296 op, 1001841525.00 ns, 303.9568 us/op
WorkloadResult   5: 3296 op, 1001254753.00 ns, 303.7787 us/op
WorkloadResult   6: 3296 op, 1001591474.00 ns, 303.8809 us/op
WorkloadResult   7: 3296 op, 1000597924.00 ns, 303.5795 us/op
WorkloadResult   8: 3296 op, 1001413109.00 ns, 303.8268 us/op
WorkloadResult   9: 3296 op, 1000369592.00 ns, 303.5102 us/op
WorkloadResult  10: 3296 op, 1001437944.00 ns, 303.8343 us/op
WorkloadResult  11: 3296 op, 1002097201.00 ns, 304.0343 us/op
WorkloadResult  12: 3296 op, 1002089868.00 ns, 304.0321 us/op
WorkloadResult  13: 3296 op, 1001130212.00 ns, 303.7410 us/op
WorkloadResult  14: 3296 op, 1002117262.00 ns, 304.0404 us/op
WorkloadResult  15: 3296 op, 1001869669.00 ns, 303.9653 us/op

// AfterAll
// Benchmark Process 4054207 has exited with code 0.

Mean = 303.880 μs, StdErr = 0.053 μs (0.02%), N = 15, StdDev = 0.206 μs
Min = 303.510 μs, Q1 = 303.790 μs, Median = 303.847 μs, Q3 = 303.999 μs, Max = 304.371 μs
IQR = 0.208 μs, LowerFence = 303.478 μs, UpperFence = 304.311 μs
ConfidenceInterval = [303.659 μs; 304.100 μs] (CI 99.9%), Margin = 0.220 μs (0.07% of Mean)
Skewness = 0.37, Kurtosis = 3.22, MValue = 2

// ** Remained 13 (43.3%) benchmark(s) to run. Estimated finish 2025-12-31 19:06 (0h 5m from now) **
// **************************
// Benchmark: JsonSerializationBenchmarks.Jil_Serialize_Large: Overhead-Fixed-NoEnergy-4(OutlierMode=DontRemove, IterationCount=15, IterationTime=1s, LaunchCount=1, WarmupCount=6)
// *** Execute ***
// Launch: 1 / 1
// Execute: dotnet Serialization.Bench-Overhead-Fixed-NoEnergy-4-1.dll --anonymousPipes 103 104 --benchmarkName Serialization.Bench.JsonSerializationBenchmarks.Jil_Serialize_Large --job Overhead-Fixed-NoEnergy-4 --benchmarkId 17 in /home/test/rapl-tests/lib-energy-bench/src/Serialization.Bench/bin/Release/net8.0/Serialization.Bench-Overhead-Fixed-NoEnergy-4-1/bin/Release/net8.0
// BeforeAnythingElse

// Benchmark Process Environment Information:
// BenchmarkDotNet v0.15.5-develop (2025-12-31)
// Runtime=.NET 8.0.21 (8.0.21, 8.0.2125.47513), X64 RyuJIT x86-64-v4
// GC=Concurrent Workstation
// HardwareIntrinsics=AVX512 IFMA+VBMI,AVX512 F+BW+CD+DQ+VL,AVX2+BMI1+BMI2+F16C+FMA+LZCNT+MOVBE,AVX,SSE3+SSSE3+SSE4.1+SSE4.2+POPCNT,X86Base+SSE+SSE2,AES+PCLMUL VectorSize=256
// Job: Overhead-Fixed-NoEnergy-4(OutlierMode=DontRemove, IterationCount=15, IterationTime=1s, LaunchCount=1, WarmupCount=6)

OverheadJitting  1: 1 op, 138216.00 ns, 138.2160 us/op
WorkloadJitting  1: 1 op, 158881393.00 ns, 158.8814 ms/op

WorkloadPilot    1: 4 op, 1594615.00 ns, 398.6538 us/op
WorkloadPilot    2: 2508 op, 789372707.00 ns, 314.7419 us/op
WorkloadPilot    3: 3177 op, 902277535.00 ns, 284.0030 us/op
WorkloadPilot    4: 3521 op, 1000933909.00 ns, 284.2755 us/op
WorkloadPilot    5: 3518 op, 999454405.00 ns, 284.0973 us/op
WorkloadPilot    6: 3520 op, 1000415599.00 ns, 284.2090 us/op

WorkloadWarmup   1: 3520 op, 1001196792.00 ns, 284.4309 us/op
WorkloadWarmup   2: 3520 op, 1000681544.00 ns, 284.2845 us/op
WorkloadWarmup   3: 3520 op, 999964338.00 ns, 284.0808 us/op
WorkloadWarmup   4: 3520 op, 1001667485.00 ns, 284.5646 us/op
WorkloadWarmup   5: 3520 op, 1001180695.00 ns, 284.4263 us/op
WorkloadWarmup   6: 3520 op, 1000737308.00 ns, 284.3004 us/op

// BeforeActualRun
WorkloadActual   1: 3520 op, 1000870347.00 ns, 284.3382 us/op
WorkloadActual   2: 3520 op, 1004318211.00 ns, 285.3177 us/op
WorkloadActual   3: 3520 op, 1000308808.00 ns, 284.1786 us/op
WorkloadActual   4: 3520 op, 1000065613.00 ns, 284.1095 us/op
WorkloadActual   5: 3520 op, 1000606604.00 ns, 284.2632 us/op
WorkloadActual   6: 3520 op, 1000432468.00 ns, 284.2138 us/op
WorkloadActual   7: 3520 op, 999736990.00 ns, 284.0162 us/op
WorkloadActual   8: 3520 op, 999859410.00 ns, 284.0510 us/op
WorkloadActual   9: 3520 op, 1000275237.00 ns, 284.1691 us/op
WorkloadActual  10: 3520 op, 1000305461.00 ns, 284.1777 us/op
WorkloadActual  11: 3520 op, 999855652.00 ns, 284.0499 us/op
WorkloadActual  12: 3520 op, 1000724524.00 ns, 284.2967 us/op
WorkloadActual  13: 3520 op, 999490663.00 ns, 283.9462 us/op
WorkloadActual  14: 3520 op, 999866480.00 ns, 284.0530 us/op
WorkloadActual  15: 3520 op, 1000414636.00 ns, 284.2087 us/op

// AfterActualRun
WorkloadResult   1: 3520 op, 1000870347.00 ns, 284.3382 us/op
WorkloadResult   2: 3520 op, 1004318211.00 ns, 285.3177 us/op
WorkloadResult   3: 3520 op, 1000308808.00 ns, 284.1786 us/op
WorkloadResult   4: 3520 op, 1000065613.00 ns, 284.1095 us/op
WorkloadResult   5: 3520 op, 1000606604.00 ns, 284.2632 us/op
WorkloadResult   6: 3520 op, 1000432468.00 ns, 284.2138 us/op
WorkloadResult   7: 3520 op, 999736990.00 ns, 284.0162 us/op
WorkloadResult   8: 3520 op, 999859410.00 ns, 284.0510 us/op
WorkloadResult   9: 3520 op, 1000275237.00 ns, 284.1691 us/op
WorkloadResult  10: 3520 op, 1000305461.00 ns, 284.1777 us/op
WorkloadResult  11: 3520 op, 999855652.00 ns, 284.0499 us/op
WorkloadResult  12: 3520 op, 1000724524.00 ns, 284.2967 us/op
WorkloadResult  13: 3520 op, 999490663.00 ns, 283.9462 us/op
WorkloadResult  14: 3520 op, 999866480.00 ns, 284.0530 us/op
WorkloadResult  15: 3520 op, 1000414636.00 ns, 284.2087 us/op

// AfterAll
// Benchmark Process 4054223 has exited with code 0.

Mean = 284.226 μs, StdErr = 0.083 μs (0.03%), N = 15, StdDev = 0.321 μs
Min = 283.946 μs, Q1 = 284.052 μs, Median = 284.178 μs, Q3 = 284.239 μs, Max = 285.318 μs
IQR = 0.187 μs, LowerFence = 283.772 μs, UpperFence = 284.518 μs
ConfidenceInterval = [283.882 μs; 284.570 μs] (CI 99.9%), Margin = 0.344 μs (0.12% of Mean)
Skewness = 2.52, Kurtosis = 8.94, MValue = 2

// ** Remained 12 (40.0%) benchmark(s) to run. Estimated finish 2025-12-31 19:06 (0h 5m from now) **
// **************************
// Benchmark: JsonSerializationBenchmarks.Utf8Json_Serialize_Large: Overhead-Fixed-NoEnergy-4(OutlierMode=DontRemove, IterationCount=15, IterationTime=1s, LaunchCount=1, WarmupCount=6)
// *** Execute ***
// Launch: 1 / 1
// Execute: dotnet Serialization.Bench-Overhead-Fixed-NoEnergy-4-1.dll --anonymousPipes 103 104 --benchmarkName Serialization.Bench.JsonSerializationBenchmarks.Utf8Json_Serialize_Large --job Overhead-Fixed-NoEnergy-4 --benchmarkId 18 in /home/test/rapl-tests/lib-energy-bench/src/Serialization.Bench/bin/Release/net8.0/Serialization.Bench-Overhead-Fixed-NoEnergy-4-1/bin/Release/net8.0
// BeforeAnythingElse

// Benchmark Process Environment Information:
// BenchmarkDotNet v0.15.5-develop (2025-12-31)
// Runtime=.NET 8.0.21 (8.0.21, 8.0.2125.47513), X64 RyuJIT x86-64-v4
// GC=Concurrent Workstation
// HardwareIntrinsics=AVX512 IFMA+VBMI,AVX512 F+BW+CD+DQ+VL,AVX2+BMI1+BMI2+F16C+FMA+LZCNT+MOVBE,AVX,SSE3+SSSE3+SSE4.1+SSE4.2+POPCNT,X86Base+SSE+SSE2,AES+PCLMUL VectorSize=256
// Job: Overhead-Fixed-NoEnergy-4(OutlierMode=DontRemove, IterationCount=15, IterationTime=1s, LaunchCount=1, WarmupCount=6)

OverheadJitting  1: 1 op, 134309.00 ns, 134.3090 us/op
WorkloadJitting  1: 1 op, 56279638.00 ns, 56.2796 ms/op

OverheadJitting  2: 16 op, 362520.00 ns, 22.6575 us/op
WorkloadJitting  2: 16 op, 13512459.00 ns, 844.5287 us/op

WorkloadPilot    1: 16 op, 12553636.00 ns, 784.6023 us/op
WorkloadPilot    2: 1280 op, 501101088.00 ns, 391.4852 us/op
WorkloadPilot    3: 2560 op, 740390681.00 ns, 289.2151 us/op
WorkloadPilot    4: 3472 op, 1002807379.00 ns, 288.8270 us/op

OverheadWarmup   1: 3472 op, 13033.00 ns, 3.7537 ns/op
OverheadWarmup   2: 3472 op, 12297.00 ns, 3.5418 ns/op
OverheadWarmup   3: 3472 op, 12251.00 ns, 3.5285 ns/op
OverheadWarmup   4: 3472 op, 12259.00 ns, 3.5308 ns/op
OverheadWarmup   5: 3472 op, 12302.00 ns, 3.5432 ns/op
OverheadWarmup   6: 3472 op, 12276.00 ns, 3.5357 ns/op
OverheadWarmup   7: 3472 op, 12275.00 ns, 3.5354 ns/op
OverheadWarmup   8: 3472 op, 12254.00 ns, 3.5294 ns/op
OverheadWarmup   9: 3472 op, 12771.00 ns, 3.6783 ns/op
OverheadWarmup  10: 3472 op, 12903.00 ns, 3.7163 ns/op

OverheadActual   1: 3472 op, 12406.00 ns, 3.5732 ns/op
OverheadActual   2: 3472 op, 12110.00 ns, 3.4879 ns/op
OverheadActual   3: 3472 op, 12117.00 ns, 3.4899 ns/op
OverheadActual   4: 3472 op, 12332.00 ns, 3.5518 ns/op
OverheadActual   5: 3472 op, 12383.00 ns, 3.5665 ns/op
OverheadActual   6: 3472 op, 12254.00 ns, 3.5294 ns/op
OverheadActual   7: 3472 op, 12760.00 ns, 3.6751 ns/op
OverheadActual   8: 3472 op, 12242.00 ns, 3.5259 ns/op
OverheadActual   9: 3472 op, 12544.00 ns, 3.6129 ns/op
OverheadActual  10: 3472 op, 12255.00 ns, 3.5297 ns/op
OverheadActual  11: 3472 op, 12234.00 ns, 3.5236 ns/op
OverheadActual  12: 3472 op, 12223.00 ns, 3.5204 ns/op
OverheadActual  13: 3472 op, 12195.00 ns, 3.5124 ns/op
OverheadActual  14: 3472 op, 11986.00 ns, 3.4522 ns/op
OverheadActual  15: 3472 op, 11957.00 ns, 3.4438 ns/op

WorkloadWarmup   1: 3472 op, 1007905851.00 ns, 290.2955 us/op
WorkloadWarmup   2: 3472 op, 997332330.00 ns, 287.2501 us/op
WorkloadWarmup   3: 3472 op, 1000901256.00 ns, 288.2780 us/op
WorkloadWarmup   4: 3472 op, 1002844378.00 ns, 288.8377 us/op
WorkloadWarmup   5: 3472 op, 999740505.00 ns, 287.9437 us/op
WorkloadWarmup   6: 3472 op, 998901935.00 ns, 287.7022 us/op

// BeforeActualRun
WorkloadActual   1: 3472 op, 999738226.00 ns, 287.9430 us/op
WorkloadActual   2: 3472 op, 994255755.00 ns, 286.3640 us/op
WorkloadActual   3: 3472 op, 1002121604.00 ns, 288.6295 us/op
WorkloadActual   4: 3472 op, 996987852.00 ns, 287.1509 us/op
WorkloadActual   5: 3472 op, 996302097.00 ns, 286.9534 us/op
WorkloadActual   6: 3472 op, 998184523.00 ns, 287.4955 us/op
WorkloadActual   7: 3472 op, 997224772.00 ns, 287.2191 us/op
WorkloadActual   8: 3472 op, 998613193.00 ns, 287.6190 us/op
WorkloadActual   9: 3472 op, 998362512.00 ns, 287.5468 us/op
WorkloadActual  10: 3472 op, 1001912945.00 ns, 288.5694 us/op
WorkloadActual  11: 3472 op, 1008949191.00 ns, 290.5960 us/op
WorkloadActual  12: 3472 op, 997291594.00 ns, 287.2384 us/op
WorkloadActual  13: 3472 op, 1000886975.00 ns, 288.2739 us/op
WorkloadActual  14: 3472 op, 999859727.00 ns, 287.9780 us/op
WorkloadActual  15: 3472 op, 1000344654.00 ns, 288.1177 us/op

// AfterActualRun
WorkloadResult   1: 3472 op, 999725984.00 ns, 287.9395 us/op
WorkloadResult   2: 3472 op, 994243513.00 ns, 286.3605 us/op
WorkloadResult   3: 3472 op, 1002109362.00 ns, 288.6260 us/op
WorkloadResult   4: 3472 op, 996975610.00 ns, 287.1474 us/op
WorkloadResult   5: 3472 op, 996289855.00 ns, 286.9498 us/op
WorkloadResult   6: 3472 op, 998172281.00 ns, 287.4920 us/op
WorkloadResult   7: 3472 op, 997212530.00 ns, 287.2156 us/op
WorkloadResult   8: 3472 op, 998600951.00 ns, 287.6155 us/op
WorkloadResult   9: 3472 op, 998350270.00 ns, 287.5433 us/op
WorkloadResult  10: 3472 op, 1001900703.00 ns, 288.5659 us/op
WorkloadResult  11: 3472 op, 1008936949.00 ns, 290.5924 us/op
WorkloadResult  12: 3472 op, 997279352.00 ns, 287.2348 us/op
WorkloadResult  13: 3472 op, 1000874733.00 ns, 288.2704 us/op
WorkloadResult  14: 3472 op, 999847485.00 ns, 287.9745 us/op
WorkloadResult  15: 3472 op, 1000332412.00 ns, 288.1142 us/op

// AfterAll
// Benchmark Process 4054240 has exited with code 0.

Mean = 287.843 μs, StdErr = 0.253 μs (0.09%), N = 15, StdDev = 0.981 μs
Min = 286.360 μs, Q1 = 287.225 μs, Median = 287.615 μs, Q3 = 288.192 μs, Max = 290.592 μs
IQR = 0.967 μs, LowerFence = 285.775 μs, UpperFence = 289.643 μs
ConfidenceInterval = [286.794 μs; 288.892 μs] (CI 99.9%), Margin = 1.049 μs (0.36% of Mean)
Skewness = 1.19, Kurtosis = 4.59, MValue = 2

// ** Remained 11 (36.7%) benchmark(s) to run. Estimated finish 2025-12-31 19:06 (0h 4m from now) **
// **************************
// Benchmark: JsonSerializationBenchmarks.SpanJson_Serialize_Large: Overhead-Fixed-NoEnergy-4(OutlierMode=DontRemove, IterationCount=15, IterationTime=1s, LaunchCount=1, WarmupCount=6)
// *** Execute ***
// Launch: 1 / 1
// Execute: dotnet Serialization.Bench-Overhead-Fixed-NoEnergy-4-1.dll --anonymousPipes 103 104 --benchmarkName Serialization.Bench.JsonSerializationBenchmarks.SpanJson_Serialize_Large --job Overhead-Fixed-NoEnergy-4 --benchmarkId 19 in /home/test/rapl-tests/lib-energy-bench/src/Serialization.Bench/bin/Release/net8.0/Serialization.Bench-Overhead-Fixed-NoEnergy-4-1/bin/Release/net8.0
// BeforeAnythingElse

// Benchmark Process Environment Information:
// BenchmarkDotNet v0.15.5-develop (2025-12-31)
// Runtime=.NET 8.0.21 (8.0.21, 8.0.2125.47513), X64 RyuJIT x86-64-v4
// GC=Concurrent Workstation
// HardwareIntrinsics=AVX512 IFMA+VBMI,AVX512 F+BW+CD+DQ+VL,AVX2+BMI1+BMI2+F16C+FMA+LZCNT+MOVBE,AVX,SSE3+SSSE3+SSE4.1+SSE4.2+POPCNT,X86Base+SSE+SSE2,AES+PCLMUL VectorSize=256
// Job: Overhead-Fixed-NoEnergy-4(OutlierMode=DontRemove, IterationCount=15, IterationTime=1s, LaunchCount=1, WarmupCount=6)

OverheadJitting  1: 1 op, 134290.00 ns, 134.2900 us/op
WorkloadJitting  1: 1 op, 109618059.00 ns, 109.6181 ms/op

WorkloadPilot    1: 4 op, 3000978.00 ns, 750.2445 us/op
WorkloadPilot    2: 1333 op, 335247716.00 ns, 251.4987 us/op
WorkloadPilot    3: 3976 op, 643750000.00 ns, 161.9090 us/op
WorkloadPilot    4: 6176 op, 1000464539.00 ns, 161.9923 us/op
WorkloadPilot    5: 6173 op, 1008685926.00 ns, 163.4029 us/op
WorkloadPilot    6: 6120 op, 992939576.00 ns, 162.2450 us/op
WorkloadPilot    7: 6164 op, 1006066277.00 ns, 163.2165 us/op

WorkloadWarmup   1: 6164 op, 1006428616.00 ns, 163.2752 us/op
WorkloadWarmup   2: 6164 op, 1016315520.00 ns, 164.8792 us/op
WorkloadWarmup   3: 6164 op, 1008501900.00 ns, 163.6116 us/op
WorkloadWarmup   4: 6164 op, 993140784.00 ns, 161.1195 us/op
WorkloadWarmup   5: 6164 op, 1001504999.00 ns, 162.4765 us/op
WorkloadWarmup   6: 6164 op, 1006731380.00 ns, 163.3244 us/op

// BeforeActualRun
WorkloadActual   1: 6164 op, 1003943368.00 ns, 162.8721 us/op
WorkloadActual   2: 6164 op, 996949603.00 ns, 161.7374 us/op
WorkloadActual   3: 6164 op, 1004120304.00 ns, 162.9008 us/op
WorkloadActual   4: 6164 op, 989456790.00 ns, 160.5219 us/op
WorkloadActual   5: 6164 op, 998324479.00 ns, 161.9605 us/op
WorkloadActual   6: 6164 op, 1007477714.00 ns, 163.4454 us/op
WorkloadActual   7: 6164 op, 1001114497.00 ns, 162.4131 us/op
WorkloadActual   8: 6164 op, 1003450993.00 ns, 162.7922 us/op
WorkloadActual   9: 6164 op, 1006371586.00 ns, 163.2660 us/op
WorkloadActual  10: 6164 op, 998756459.00 ns, 162.0306 us/op
WorkloadActual  11: 6164 op, 993543984.00 ns, 161.1849 us/op
WorkloadActual  12: 6164 op, 1008975364.00 ns, 163.6884 us/op
WorkloadActual  13: 6164 op, 986772789.00 ns, 160.0864 us/op
WorkloadActual  14: 6164 op, 986685517.00 ns, 160.0723 us/op
WorkloadActual  15: 6164 op, 1002370843.00 ns, 162.6169 us/op

// AfterActualRun
WorkloadResult   1: 6164 op, 1003943368.00 ns, 162.8721 us/op
WorkloadResult   2: 6164 op, 996949603.00 ns, 161.7374 us/op
WorkloadResult   3: 6164 op, 1004120304.00 ns, 162.9008 us/op
WorkloadResult   4: 6164 op, 989456790.00 ns, 160.5219 us/op
WorkloadResult   5: 6164 op, 998324479.00 ns, 161.9605 us/op
WorkloadResult   6: 6164 op, 1007477714.00 ns, 163.4454 us/op
WorkloadResult   7: 6164 op, 1001114497.00 ns, 162.4131 us/op
WorkloadResult   8: 6164 op, 1003450993.00 ns, 162.7922 us/op
WorkloadResult   9: 6164 op, 1006371586.00 ns, 163.2660 us/op
WorkloadResult  10: 6164 op, 998756459.00 ns, 162.0306 us/op
WorkloadResult  11: 6164 op, 993543984.00 ns, 161.1849 us/op
WorkloadResult  12: 6164 op, 1008975364.00 ns, 163.6884 us/op
WorkloadResult  13: 6164 op, 986772789.00 ns, 160.0864 us/op
WorkloadResult  14: 6164 op, 986685517.00 ns, 160.0723 us/op
WorkloadResult  15: 6164 op, 1002370843.00 ns, 162.6169 us/op

// AfterAll
// Benchmark Process 4054257 has exited with code 0.

Mean = 162.106 μs, StdErr = 0.304 μs (0.19%), N = 15, StdDev = 1.178 μs
Min = 160.072 μs, Q1 = 161.461 μs, Median = 162.413 μs, Q3 = 162.886 μs, Max = 163.688 μs
IQR = 1.425 μs, LowerFence = 159.323 μs, UpperFence = 165.024 μs
ConfidenceInterval = [160.847 μs; 163.365 μs] (CI 99.9%), Margin = 1.259 μs (0.78% of Mean)
Skewness = -0.49, Kurtosis = 1.84, MValue = 2

// ** Remained 10 (33.3%) benchmark(s) to run. Estimated finish 2025-12-31 19:06 (0h 4m from now) **
// **************************
// Benchmark: JsonSerializationBenchmarks.STJ_Serialize_Medium: Overhead-Fixed-NoEnergy-4(OutlierMode=DontRemove, IterationCount=15, IterationTime=1s, LaunchCount=1, WarmupCount=6)
// *** Execute ***
// Launch: 1 / 1
// Execute: dotnet Serialization.Bench-Overhead-Fixed-NoEnergy-4-1.dll --anonymousPipes 103 104 --benchmarkName Serialization.Bench.JsonSerializationBenchmarks.STJ_Serialize_Medium --job Overhead-Fixed-NoEnergy-4 --benchmarkId 20 in /home/test/rapl-tests/lib-energy-bench/src/Serialization.Bench/bin/Release/net8.0/Serialization.Bench-Overhead-Fixed-NoEnergy-4-1/bin/Release/net8.0
// BeforeAnythingElse

// Benchmark Process Environment Information:
// BenchmarkDotNet v0.15.5-develop (2025-12-31)
// Runtime=.NET 8.0.21 (8.0.21, 8.0.2125.47513), X64 RyuJIT x86-64-v4
// GC=Concurrent Workstation
// HardwareIntrinsics=AVX512 IFMA+VBMI,AVX512 F+BW+CD+DQ+VL,AVX2+BMI1+BMI2+F16C+FMA+LZCNT+MOVBE,AVX,SSE3+SSSE3+SSE4.1+SSE4.2+POPCNT,X86Base+SSE+SSE2,AES+PCLMUL VectorSize=256
// Job: Overhead-Fixed-NoEnergy-4(OutlierMode=DontRemove, IterationCount=15, IterationTime=1s, LaunchCount=1, WarmupCount=6)

OverheadJitting  1: 1 op, 135033.00 ns, 135.0330 us/op
WorkloadJitting  1: 1 op, 6999737.00 ns, 6.9997 ms/op

OverheadJitting  2: 16 op, 350202.00 ns, 21.8876 us/op
WorkloadJitting  2: 16 op, 2066555.00 ns, 129.1597 us/op

WorkloadPilot    1: 16 op, 1439645.00 ns, 89.9778 us/op
WorkloadPilot    2: 11120 op, 782863686.00 ns, 70.4014 us/op
WorkloadPilot    3: 14208 op, 676522727.00 ns, 47.6156 us/op
WorkloadPilot    4: 21008 op, 998374302.00 ns, 47.5235 us/op
WorkloadPilot    5: 21056 op, 1002257641.00 ns, 47.5996 us/op
WorkloadPilot    6: 21024 op, 997922221.00 ns, 47.4659 us/op
WorkloadPilot    7: 21072 op, 1003097459.00 ns, 47.6033 us/op
WorkloadPilot    8: 21008 op, 994695951.00 ns, 47.3484 us/op
WorkloadPilot    9: 21120 op, 1003917691.00 ns, 47.5340 us/op

OverheadWarmup   1: 21120 op, 72648.00 ns, 3.4398 ns/op
OverheadWarmup   2: 21120 op, 71824.00 ns, 3.4008 ns/op
OverheadWarmup   3: 21120 op, 73210.00 ns, 3.4664 ns/op
OverheadWarmup   4: 21120 op, 73663.00 ns, 3.4878 ns/op
OverheadWarmup   5: 21120 op, 73230.00 ns, 3.4673 ns/op
OverheadWarmup   6: 21120 op, 73216.00 ns, 3.4667 ns/op
OverheadWarmup   7: 21120 op, 73585.00 ns, 3.4841 ns/op
OverheadWarmup   8: 21120 op, 73210.00 ns, 3.4664 ns/op

OverheadActual   1: 21120 op, 71904.00 ns, 3.4045 ns/op
OverheadActual   2: 21120 op, 72319.00 ns, 3.4242 ns/op
OverheadActual   3: 21120 op, 77380.00 ns, 3.6638 ns/op
OverheadActual   4: 21120 op, 71844.00 ns, 3.4017 ns/op
OverheadActual   5: 21120 op, 72168.00 ns, 3.4170 ns/op
OverheadActual   6: 21120 op, 77416.00 ns, 3.6655 ns/op
OverheadActual   7: 21120 op, 71783.00 ns, 3.3988 ns/op
OverheadActual   8: 21120 op, 72156.00 ns, 3.4165 ns/op
OverheadActual   9: 21120 op, 87914.00 ns, 4.1626 ns/op
OverheadActual  10: 21120 op, 71754.00 ns, 3.3974 ns/op
OverheadActual  11: 21120 op, 72207.00 ns, 3.4189 ns/op
OverheadActual  12: 21120 op, 71861.00 ns, 3.4025 ns/op
OverheadActual  13: 21120 op, 71812.00 ns, 3.4002 ns/op
OverheadActual  14: 21120 op, 72195.00 ns, 3.4183 ns/op
OverheadActual  15: 21120 op, 73261.00 ns, 3.4688 ns/op
OverheadActual  16: 21120 op, 71766.00 ns, 3.3980 ns/op
OverheadActual  17: 21120 op, 73688.00 ns, 3.4890 ns/op
OverheadActual  18: 21120 op, 71752.00 ns, 3.3973 ns/op
OverheadActual  19: 21120 op, 71796.00 ns, 3.3994 ns/op

WorkloadWarmup   1: 21120 op, 1005317731.00 ns, 47.6003 us/op
WorkloadWarmup   2: 21120 op, 1006432849.00 ns, 47.6531 us/op
WorkloadWarmup   3: 21120 op, 992059848.00 ns, 46.9725 us/op
WorkloadWarmup   4: 21120 op, 1000970401.00 ns, 47.3944 us/op
WorkloadWarmup   5: 21120 op, 1001586951.00 ns, 47.4236 us/op
WorkloadWarmup   6: 21120 op, 996028522.00 ns, 47.1604 us/op

// BeforeActualRun
WorkloadActual   1: 21120 op, 998442214.00 ns, 47.2747 us/op
WorkloadActual   2: 21120 op, 1000120968.00 ns, 47.3542 us/op
WorkloadActual   3: 21120 op, 999047301.00 ns, 47.3034 us/op
WorkloadActual   4: 21120 op, 989589412.00 ns, 46.8556 us/op
WorkloadActual   5: 21120 op, 986819428.00 ns, 46.7244 us/op
WorkloadActual   6: 21120 op, 990057497.00 ns, 46.8777 us/op
WorkloadActual   7: 21120 op, 990784979.00 ns, 46.9122 us/op
WorkloadActual   8: 21120 op, 990772573.00 ns, 46.9116 us/op
WorkloadActual   9: 21120 op, 990732020.00 ns, 46.9097 us/op
WorkloadActual  10: 21120 op, 983789918.00 ns, 46.5810 us/op
WorkloadActual  11: 21120 op, 987600566.00 ns, 46.7614 us/op
WorkloadActual  12: 21120 op, 991224191.00 ns, 46.9330 us/op
WorkloadActual  13: 21120 op, 987071588.00 ns, 46.7363 us/op
WorkloadActual  14: 21120 op, 1000319850.00 ns, 47.3636 us/op
WorkloadActual  15: 21120 op, 994967223.00 ns, 47.1102 us/op

// AfterActualRun
WorkloadResult   1: 21120 op, 998370058.00 ns, 47.2713 us/op
WorkloadResult   2: 21120 op, 1000048812.00 ns, 47.3508 us/op
WorkloadResult   3: 21120 op, 998975145.00 ns, 47.3000 us/op
WorkloadResult   4: 21120 op, 989517256.00 ns, 46.8521 us/op
WorkloadResult   5: 21120 op, 986747272.00 ns, 46.7210 us/op
WorkloadResult   6: 21120 op, 989985341.00 ns, 46.8743 us/op
WorkloadResult   7: 21120 op, 990712823.00 ns, 46.9088 us/op
WorkloadResult   8: 21120 op, 990700417.00 ns, 46.9082 us/op
WorkloadResult   9: 21120 op, 990659864.00 ns, 46.9062 us/op
WorkloadResult  10: 21120 op, 983717762.00 ns, 46.5775 us/op
WorkloadResult  11: 21120 op, 987528410.00 ns, 46.7580 us/op
WorkloadResult  12: 21120 op, 991152035.00 ns, 46.9295 us/op
WorkloadResult  13: 21120 op, 986999432.00 ns, 46.7329 us/op
WorkloadResult  14: 21120 op, 1000247694.00 ns, 47.3602 us/op
WorkloadResult  15: 21120 op, 994895067.00 ns, 47.1068 us/op

// AfterAll
// Benchmark Process 4054272 has exited with code 0.

Mean = 46.971 μs, StdErr = 0.064 μs (0.14%), N = 15, StdDev = 0.249 μs
Min = 46.578 μs, Q1 = 46.805 μs, Median = 46.908 μs, Q3 = 47.189 μs, Max = 47.360 μs
IQR = 0.384 μs, LowerFence = 46.229 μs, UpperFence = 47.765 μs
ConfidenceInterval = [46.704 μs; 47.237 μs] (CI 99.9%), Margin = 0.266 μs (0.57% of Mean)
Skewness = 0.33, Kurtosis = 1.69, MValue = 2

// ** Remained 9 (30.0%) benchmark(s) to run. Estimated finish 2025-12-31 19:06 (0h 4m from now) **
// **************************
// Benchmark: JsonSerializationBenchmarks.Newtonsoft_Serialize_Medium: Overhead-Fixed-NoEnergy-4(OutlierMode=DontRemove, IterationCount=15, IterationTime=1s, LaunchCount=1, WarmupCount=6)
// *** Execute ***
// Launch: 1 / 1
// Execute: dotnet Serialization.Bench-Overhead-Fixed-NoEnergy-4-1.dll --anonymousPipes 103 104 --benchmarkName Serialization.Bench.JsonSerializationBenchmarks.Newtonsoft_Serialize_Medium --job Overhead-Fixed-NoEnergy-4 --benchmarkId 21 in /home/test/rapl-tests/lib-energy-bench/src/Serialization.Bench/bin/Release/net8.0/Serialization.Bench-Overhead-Fixed-NoEnergy-4-1/bin/Release/net8.0
// BeforeAnythingElse

// Benchmark Process Environment Information:
// BenchmarkDotNet v0.15.5-develop (2025-12-31)
// Runtime=.NET 8.0.21 (8.0.21, 8.0.2125.47513), X64 RyuJIT x86-64-v4
// GC=Concurrent Workstation
// HardwareIntrinsics=AVX512 IFMA+VBMI,AVX512 F+BW+CD+DQ+VL,AVX2+BMI1+BMI2+F16C+FMA+LZCNT+MOVBE,AVX,SSE3+SSSE3+SSE4.1+SSE4.2+POPCNT,X86Base+SSE+SSE2,AES+PCLMUL VectorSize=256
// Job: Overhead-Fixed-NoEnergy-4(OutlierMode=DontRemove, IterationCount=15, IterationTime=1s, LaunchCount=1, WarmupCount=6)

OverheadJitting  1: 1 op, 133366.00 ns, 133.3660 us/op
WorkloadJitting  1: 1 op, 48210993.00 ns, 48.2110 ms/op

OverheadJitting  2: 16 op, 355292.00 ns, 22.2058 us/op
WorkloadJitting  2: 16 op, 5041486.00 ns, 315.0929 us/op

WorkloadPilot    1: 16 op, 4541632.00 ns, 283.8520 us/op
WorkloadPilot    2: 3536 op, 371982769.00 ns, 105.1987 us/op
WorkloadPilot    3: 9520 op, 509380581.00 ns, 53.5064 us/op
WorkloadPilot    4: 18704 op, 1003530902.00 ns, 53.6533 us/op
WorkloadPilot    5: 18640 op, 996727359.00 ns, 53.4725 us/op
WorkloadPilot    6: 18704 op, 996661574.00 ns, 53.2860 us/op
WorkloadPilot    7: 18768 op, 1001015689.00 ns, 53.3363 us/op
WorkloadPilot    8: 18752 op, 998674206.00 ns, 53.2569 us/op
WorkloadPilot    9: 18784 op, 1005226449.00 ns, 53.5150 us/op

OverheadWarmup   1: 18784 op, 66503.00 ns, 3.5404 ns/op
OverheadWarmup   2: 18784 op, 64167.00 ns, 3.4160 ns/op
OverheadWarmup   3: 18784 op, 65454.00 ns, 3.4846 ns/op
OverheadWarmup   4: 18784 op, 65792.00 ns, 3.5026 ns/op
OverheadWarmup   5: 18784 op, 65419.00 ns, 3.4827 ns/op
OverheadWarmup   6: 18784 op, 64099.00 ns, 3.4124 ns/op
OverheadWarmup   7: 18784 op, 65766.00 ns, 3.5012 ns/op
OverheadWarmup   8: 18784 op, 68261.00 ns, 3.6340 ns/op
OverheadWarmup   9: 18784 op, 69694.00 ns, 3.7103 ns/op
OverheadWarmup  10: 18784 op, 69077.00 ns, 3.6774 ns/op

OverheadActual   1: 18784 op, 64662.00 ns, 3.4424 ns/op
OverheadActual   2: 18784 op, 65508.00 ns, 3.4874 ns/op
OverheadActual   3: 18784 op, 65530.00 ns, 3.4886 ns/op
OverheadActual   4: 18784 op, 64490.00 ns, 3.4332 ns/op
OverheadActual   5: 18784 op, 64145.00 ns, 3.4149 ns/op
OverheadActual   6: 18784 op, 65438.00 ns, 3.4837 ns/op
OverheadActual   7: 18784 op, 64120.00 ns, 3.4135 ns/op
OverheadActual   8: 18784 op, 64475.00 ns, 3.4324 ns/op
OverheadActual   9: 18784 op, 64074.00 ns, 3.4111 ns/op
OverheadActual  10: 18784 op, 64142.00 ns, 3.4147 ns/op
OverheadActual  11: 18784 op, 65741.00 ns, 3.4998 ns/op
OverheadActual  12: 18784 op, 64131.00 ns, 3.4141 ns/op
OverheadActual  13: 18784 op, 65297.00 ns, 3.4762 ns/op
OverheadActual  14: 18784 op, 65454.00 ns, 3.4846 ns/op
OverheadActual  15: 18784 op, 65860.00 ns, 3.5062 ns/op

WorkloadWarmup   1: 18784 op, 1013942742.00 ns, 53.9791 us/op
WorkloadWarmup   2: 18784 op, 1013513261.00 ns, 53.9562 us/op
WorkloadWarmup   3: 18784 op, 1002891785.00 ns, 53.3907 us/op
WorkloadWarmup   4: 18784 op, 1006112872.00 ns, 53.5622 us/op
WorkloadWarmup   5: 18784 op, 1002742449.00 ns, 53.3828 us/op
WorkloadWarmup   6: 18784 op, 1007500418.00 ns, 53.6361 us/op

// BeforeActualRun
WorkloadActual   1: 18784 op, 1002721521.00 ns, 53.3817 us/op
WorkloadActual   2: 18784 op, 1012073909.00 ns, 53.8796 us/op
WorkloadActual   3: 18784 op, 1004199482.00 ns, 53.4604 us/op
WorkloadActual   4: 18784 op, 1004006160.00 ns, 53.4501 us/op
WorkloadActual   5: 18784 op, 1006951806.00 ns, 53.6069 us/op
WorkloadActual   6: 18784 op, 1002926629.00 ns, 53.3926 us/op
WorkloadActual   7: 18784 op, 998565306.00 ns, 53.1604 us/op
WorkloadActual   8: 18784 op, 1002421250.00 ns, 53.3657 us/op
WorkloadActual   9: 18784 op, 1010411512.00 ns, 53.7911 us/op
WorkloadActual  10: 18784 op, 1002400588.00 ns, 53.3646 us/op
WorkloadActual  11: 18784 op, 1007966021.00 ns, 53.6609 us/op
WorkloadActual  12: 18784 op, 1003177619.00 ns, 53.4060 us/op
WorkloadActual  13: 18784 op, 1006551330.00 ns, 53.5856 us/op
WorkloadActual  14: 18784 op, 1002419911.00 ns, 53.3656 us/op
WorkloadActual  15: 18784 op, 1017064909.00 ns, 54.1453 us/op

// AfterActualRun
WorkloadResult   1: 18784 op, 1002656859.00 ns, 53.3782 us/op
WorkloadResult   2: 18784 op, 1012009247.00 ns, 53.8761 us/op
WorkloadResult   3: 18784 op, 1004134820.00 ns, 53.4569 us/op
WorkloadResult   4: 18784 op, 1003941498.00 ns, 53.4466 us/op
WorkloadResult   5: 18784 op, 1006887144.00 ns, 53.6034 us/op
WorkloadResult   6: 18784 op, 1002861967.00 ns, 53.3892 us/op
WorkloadResult   7: 18784 op, 998500644.00 ns, 53.1570 us/op
WorkloadResult   8: 18784 op, 1002356588.00 ns, 53.3623 us/op
WorkloadResult   9: 18784 op, 1010346850.00 ns, 53.7876 us/op
WorkloadResult  10: 18784 op, 1002335926.00 ns, 53.3612 us/op
WorkloadResult  11: 18784 op, 1007901359.00 ns, 53.6574 us/op
WorkloadResult  12: 18784 op, 1003112957.00 ns, 53.4025 us/op
WorkloadResult  13: 18784 op, 1006486668.00 ns, 53.5821 us/op
WorkloadResult  14: 18784 op, 1002355249.00 ns, 53.3622 us/op
WorkloadResult  15: 18784 op, 1017000247.00 ns, 54.1418 us/op

// AfterAll
// Benchmark Process 4054288 has exited with code 0.

Mean = 53.531 μs, StdErr = 0.065 μs (0.12%), N = 15, StdDev = 0.251 μs
Min = 53.157 μs, Q1 = 53.370 μs, Median = 53.447 μs, Q3 = 53.630 μs, Max = 54.142 μs
IQR = 0.260 μs, LowerFence = 52.980 μs, UpperFence = 54.021 μs
ConfidenceInterval = [53.263 μs; 53.799 μs] (CI 99.9%), Margin = 0.268 μs (0.50% of Mean)
Skewness = 0.9, Kurtosis = 3.06, MValue = 2

// ** Remained 8 (26.7%) benchmark(s) to run. Estimated finish 2025-12-31 19:06 (0h 3m from now) **
// **************************
// Benchmark: JsonSerializationBenchmarks.Jil_Serialize_Medium: Overhead-Fixed-NoEnergy-4(OutlierMode=DontRemove, IterationCount=15, IterationTime=1s, LaunchCount=1, WarmupCount=6)
// *** Execute ***
// Launch: 1 / 1
// Execute: dotnet Serialization.Bench-Overhead-Fixed-NoEnergy-4-1.dll --anonymousPipes 103 104 --benchmarkName Serialization.Bench.JsonSerializationBenchmarks.Jil_Serialize_Medium --job Overhead-Fixed-NoEnergy-4 --benchmarkId 22 in /home/test/rapl-tests/lib-energy-bench/src/Serialization.Bench/bin/Release/net8.0/Serialization.Bench-Overhead-Fixed-NoEnergy-4-1/bin/Release/net8.0
// BeforeAnythingElse

// Benchmark Process Environment Information:
// BenchmarkDotNet v0.15.5-develop (2025-12-31)
// Runtime=.NET 8.0.21 (8.0.21, 8.0.2125.47513), X64 RyuJIT x86-64-v4
// GC=Concurrent Workstation
// HardwareIntrinsics=AVX512 IFMA+VBMI,AVX512 F+BW+CD+DQ+VL,AVX2+BMI1+BMI2+F16C+FMA+LZCNT+MOVBE,AVX,SSE3+SSSE3+SSE4.1+SSE4.2+POPCNT,X86Base+SSE+SSE2,AES+PCLMUL VectorSize=256
// Job: Overhead-Fixed-NoEnergy-4(OutlierMode=DontRemove, IterationCount=15, IterationTime=1s, LaunchCount=1, WarmupCount=6)

OverheadJitting  1: 1 op, 133442.00 ns, 133.4420 us/op
WorkloadJitting  1: 1 op, 134710647.00 ns, 134.7106 ms/op

WorkloadPilot    1: 4 op, 718390.00 ns, 179.5975 us/op
WorkloadPilot    2: 5568 op, 307381703.00 ns, 55.2050 us/op
WorkloadPilot    3: 18114 op, 672188431.00 ns, 37.1088 us/op
WorkloadPilot    4: 26948 op, 1004550343.00 ns, 37.2774 us/op
WorkloadPilot    5: 26826 op, 995633638.00 ns, 37.1145 us/op
WorkloadPilot    6: 26944 op, 996936810.00 ns, 37.0003 us/op
WorkloadPilot    7: 27027 op, 1005776911.00 ns, 37.2138 us/op
WorkloadPilot    8: 26872 op, 1004529650.00 ns, 37.3820 us/op

WorkloadWarmup   1: 26872 op, 992384860.00 ns, 36.9301 us/op
WorkloadWarmup   2: 26872 op, 997499670.00 ns, 37.1204 us/op
WorkloadWarmup   3: 26872 op, 1002638831.00 ns, 37.3117 us/op
WorkloadWarmup   4: 26872 op, 1006596872.00 ns, 37.4589 us/op
WorkloadWarmup   5: 26872 op, 998647249.00 ns, 37.1631 us/op
WorkloadWarmup   6: 26872 op, 1006608717.00 ns, 37.4594 us/op

// BeforeActualRun
WorkloadActual   1: 26872 op, 999056770.00 ns, 37.1784 us/op
WorkloadActual   2: 26872 op, 1003679503.00 ns, 37.3504 us/op
WorkloadActual   3: 26872 op, 1004042942.00 ns, 37.3639 us/op
WorkloadActual   4: 26872 op, 994895852.00 ns, 37.0235 us/op
WorkloadActual   5: 26872 op, 1002379850.00 ns, 37.3020 us/op
WorkloadActual   6: 26872 op, 1000484307.00 ns, 37.2315 us/op
WorkloadActual   7: 26872 op, 1000257963.00 ns, 37.2231 us/op
WorkloadActual   8: 26872 op, 1002498810.00 ns, 37.3064 us/op
WorkloadActual   9: 26872 op, 1006556943.00 ns, 37.4575 us/op
WorkloadActual  10: 26872 op, 1001140972.00 ns, 37.2559 us/op
WorkloadActual  11: 26872 op, 995527365.00 ns, 37.0470 us/op
WorkloadActual  12: 26872 op, 1003650698.00 ns, 37.3493 us/op
WorkloadActual  13: 26872 op, 1004115358.00 ns, 37.3666 us/op
WorkloadActual  14: 26872 op, 1003294672.00 ns, 37.3361 us/op
WorkloadActual  15: 26872 op, 1001361726.00 ns, 37.2641 us/op

// AfterActualRun
WorkloadResult   1: 26872 op, 999056770.00 ns, 37.1784 us/op
WorkloadResult   2: 26872 op, 1003679503.00 ns, 37.3504 us/op
WorkloadResult   3: 26872 op, 1004042942.00 ns, 37.3639 us/op
WorkloadResult   4: 26872 op, 994895852.00 ns, 37.0235 us/op
WorkloadResult   5: 26872 op, 1002379850.00 ns, 37.3020 us/op
WorkloadResult   6: 26872 op, 1000484307.00 ns, 37.2315 us/op
WorkloadResult   7: 26872 op, 1000257963.00 ns, 37.2231 us/op
WorkloadResult   8: 26872 op, 1002498810.00 ns, 37.3064 us/op
WorkloadResult   9: 26872 op, 1006556943.00 ns, 37.4575 us/op
WorkloadResult  10: 26872 op, 1001140972.00 ns, 37.2559 us/op
WorkloadResult  11: 26872 op, 995527365.00 ns, 37.0470 us/op
WorkloadResult  12: 26872 op, 1003650698.00 ns, 37.3493 us/op
WorkloadResult  13: 26872 op, 1004115358.00 ns, 37.3666 us/op
WorkloadResult  14: 26872 op, 1003294672.00 ns, 37.3361 us/op
WorkloadResult  15: 26872 op, 1001361726.00 ns, 37.2641 us/op

// AfterAll
// Benchmark Process 4054311 has exited with code 0.

Mean = 37.270 μs, StdErr = 0.031 μs (0.08%), N = 15, StdDev = 0.118 μs
Min = 37.024 μs, Q1 = 37.227 μs, Median = 37.302 μs, Q3 = 37.350 μs, Max = 37.457 μs
IQR = 0.123 μs, LowerFence = 37.043 μs, UpperFence = 37.534 μs
ConfidenceInterval = [37.144 μs; 37.397 μs] (CI 99.9%), Margin = 0.126 μs (0.34% of Mean)
Skewness = -0.71, Kurtosis = 2.65, MValue = 2

// ** Remained 7 (23.3%) benchmark(s) to run. Estimated finish 2025-12-31 19:06 (0h 3m from now) **
// **************************
// Benchmark: JsonSerializationBenchmarks.Utf8Json_Serialize_Medium: Overhead-Fixed-NoEnergy-4(OutlierMode=DontRemove, IterationCount=15, IterationTime=1s, LaunchCount=1, WarmupCount=6)
// *** Execute ***
// Launch: 1 / 1
// Execute: dotnet Serialization.Bench-Overhead-Fixed-NoEnergy-4-1.dll --anonymousPipes 103 104 --benchmarkName Serialization.Bench.JsonSerializationBenchmarks.Utf8Json_Serialize_Medium --job Overhead-Fixed-NoEnergy-4 --benchmarkId 23 in /home/test/rapl-tests/lib-energy-bench/src/Serialization.Bench/bin/Release/net8.0/Serialization.Bench-Overhead-Fixed-NoEnergy-4-1/bin/Release/net8.0
// BeforeAnythingElse

// Benchmark Process Environment Information:
// BenchmarkDotNet v0.15.5-develop (2025-12-31)
// Runtime=.NET 8.0.21 (8.0.21, 8.0.2125.47513), X64 RyuJIT x86-64-v4
// GC=Concurrent Workstation
// HardwareIntrinsics=AVX512 IFMA+VBMI,AVX512 F+BW+CD+DQ+VL,AVX2+BMI1+BMI2+F16C+FMA+LZCNT+MOVBE,AVX,SSE3+SSSE3+SSE4.1+SSE4.2+POPCNT,X86Base+SSE+SSE2,AES+PCLMUL VectorSize=256
// Job: Overhead-Fixed-NoEnergy-4(OutlierMode=DontRemove, IterationCount=15, IterationTime=1s, LaunchCount=1, WarmupCount=6)

OverheadJitting  1: 1 op, 133579.00 ns, 133.5790 us/op
WorkloadJitting  1: 1 op, 53922124.00 ns, 53.9221 ms/op

OverheadJitting  2: 16 op, 368114.00 ns, 23.0071 us/op
WorkloadJitting  2: 16 op, 4165093.00 ns, 260.3183 us/op

WorkloadPilot    1: 16 op, 3496164.00 ns, 218.5103 us/op
WorkloadPilot    2: 4576 op, 430152908.00 ns, 94.0019 us/op
WorkloadPilot    3: 10640 op, 638044447.00 ns, 59.9666 us/op
WorkloadPilot    4: 16688 op, 974738393.00 ns, 58.4095 us/op
WorkloadPilot    5: 17120 op, 980815518.00 ns, 57.2906 us/op
WorkloadPilot    6: 17456 op, 991643866.00 ns, 56.8082 us/op
WorkloadPilot    7: 17616 op, 1000866182.00 ns, 56.8157 us/op

OverheadWarmup   1: 17616 op, 60828.00 ns, 3.4530 ns/op
OverheadWarmup   2: 17616 op, 61982.00 ns, 3.5185 ns/op
OverheadWarmup   3: 17616 op, 61204.00 ns, 3.4743 ns/op
OverheadWarmup   4: 17616 op, 61545.00 ns, 3.4937 ns/op
OverheadWarmup   5: 17616 op, 61395.00 ns, 3.4852 ns/op

OverheadActual   1: 17616 op, 61498.00 ns, 3.4910 ns/op
OverheadActual   2: 17616 op, 60246.00 ns, 3.4200 ns/op
OverheadActual   3: 17616 op, 61674.00 ns, 3.5010 ns/op
OverheadActual   4: 17616 op, 61347.00 ns, 3.4825 ns/op
OverheadActual   5: 17616 op, 61391.00 ns, 3.4850 ns/op
OverheadActual   6: 17616 op, 60133.00 ns, 3.4135 ns/op
OverheadActual   7: 17616 op, 60551.00 ns, 3.4373 ns/op
OverheadActual   8: 17616 op, 60142.00 ns, 3.4141 ns/op
OverheadActual   9: 17616 op, 60182.00 ns, 3.4163 ns/op
OverheadActual  10: 17616 op, 65710.00 ns, 3.7301 ns/op
OverheadActual  11: 17616 op, 61380.00 ns, 3.4843 ns/op
OverheadActual  12: 17616 op, 61335.00 ns, 3.4818 ns/op
OverheadActual  13: 17616 op, 61383.00 ns, 3.4845 ns/op
OverheadActual  14: 17616 op, 61688.00 ns, 3.5018 ns/op
OverheadActual  15: 17616 op, 61369.00 ns, 3.4837 ns/op

WorkloadWarmup   1: 17616 op, 1015709266.00 ns, 57.6583 us/op
WorkloadWarmup   2: 17616 op, 1088278012.00 ns, 61.7778 us/op
WorkloadWarmup   3: 17616 op, 1063366368.00 ns, 60.3637 us/op
WorkloadWarmup   4: 17616 op, 1046778641.00 ns, 59.4220 us/op
WorkloadWarmup   5: 17616 op, 1038455899.00 ns, 58.9496 us/op
WorkloadWarmup   6: 17616 op, 1055046427.00 ns, 59.8914 us/op

// BeforeActualRun
WorkloadActual   1: 17616 op, 1058798533.00 ns, 60.1044 us/op
WorkloadActual   2: 17616 op, 1019368686.00 ns, 57.8661 us/op
WorkloadActual   3: 17616 op, 1001960429.00 ns, 56.8779 us/op
WorkloadActual   4: 17616 op, 1064908190.00 ns, 60.4512 us/op
WorkloadActual   5: 17616 op, 1030763297.00 ns, 58.5129 us/op
WorkloadActual   6: 17616 op, 1069994387.00 ns, 60.7399 us/op
WorkloadActual   7: 17616 op, 1034064360.00 ns, 58.7003 us/op
WorkloadActual   8: 17616 op, 1023060886.00 ns, 58.0757 us/op
WorkloadActual   9: 17616 op, 999579061.00 ns, 56.7427 us/op
WorkloadActual  10: 17616 op, 1041208129.00 ns, 59.1058 us/op
WorkloadActual  11: 17616 op, 1003200969.00 ns, 56.9483 us/op
WorkloadActual  12: 17616 op, 1051016322.00 ns, 59.6626 us/op
WorkloadActual  13: 17616 op, 1028701680.00 ns, 58.3959 us/op
WorkloadActual  14: 17616 op, 1018437792.00 ns, 57.8132 us/op
WorkloadActual  15: 17616 op, 1016978124.00 ns, 57.7304 us/op

// AfterActualRun
WorkloadResult   1: 17616 op, 1058737164.00 ns, 60.1009 us/op
WorkloadResult   2: 17616 op, 1019307317.00 ns, 57.8626 us/op
WorkloadResult   3: 17616 op, 1001899060.00 ns, 56.8744 us/op
WorkloadResult   4: 17616 op, 1064846821.00 ns, 60.4477 us/op
WorkloadResult   5: 17616 op, 1030701928.00 ns, 58.5094 us/op
WorkloadResult   6: 17616 op, 1069933018.00 ns, 60.7364 us/op
WorkloadResult   7: 17616 op, 1034002991.00 ns, 58.6968 us/op
WorkloadResult   8: 17616 op, 1022999517.00 ns, 58.0722 us/op
WorkloadResult   9: 17616 op, 999517692.00 ns, 56.7392 us/op
WorkloadResult  10: 17616 op, 1041146760.00 ns, 59.1023 us/op
WorkloadResult  11: 17616 op, 1003139600.00 ns, 56.9448 us/op
WorkloadResult  12: 17616 op, 1050954953.00 ns, 59.6591 us/op
WorkloadResult  13: 17616 op, 1028640311.00 ns, 58.3924 us/op
WorkloadResult  14: 17616 op, 1018376423.00 ns, 57.8097 us/op
WorkloadResult  15: 17616 op, 1016916755.00 ns, 57.7269 us/op

// AfterAll
// Benchmark Process 4054323 has exited with code 0.

Mean = 58.512 μs, StdErr = 0.330 μs (0.56%), N = 15, StdDev = 1.280 μs
Min = 56.739 μs, Q1 = 57.768 μs, Median = 58.392 μs, Q3 = 59.381 μs, Max = 60.736 μs
IQR = 1.612 μs, LowerFence = 55.350 μs, UpperFence = 61.799 μs
ConfidenceInterval = [57.143 μs; 59.880 μs] (CI 99.9%), Margin = 1.368 μs (2.34% of Mean)
Skewness = 0.29, Kurtosis = 1.76, MValue = 2

// ** Remained 6 (20.0%) benchmark(s) to run. Estimated finish 2025-12-31 19:06 (0h 2m from now) **
// **************************
// Benchmark: JsonSerializationBenchmarks.SpanJson_Serialize_Medium: Overhead-Fixed-NoEnergy-4(OutlierMode=DontRemove, IterationCount=15, IterationTime=1s, LaunchCount=1, WarmupCount=6)
// *** Execute ***
// Launch: 1 / 1
// Execute: dotnet Serialization.Bench-Overhead-Fixed-NoEnergy-4-1.dll --anonymousPipes 103 104 --benchmarkName Serialization.Bench.JsonSerializationBenchmarks.SpanJson_Serialize_Medium --job Overhead-Fixed-NoEnergy-4 --benchmarkId 24 in /home/test/rapl-tests/lib-energy-bench/src/Serialization.Bench/bin/Release/net8.0/Serialization.Bench-Overhead-Fixed-NoEnergy-4-1/bin/Release/net8.0
// BeforeAnythingElse

// Benchmark Process Environment Information:
// BenchmarkDotNet v0.15.5-develop (2025-12-31)
// Runtime=.NET 8.0.21 (8.0.21, 8.0.2125.47513), X64 RyuJIT x86-64-v4
// GC=Concurrent Workstation
// HardwareIntrinsics=AVX512 IFMA+VBMI,AVX512 F+BW+CD+DQ+VL,AVX2+BMI1+BMI2+F16C+FMA+LZCNT+MOVBE,AVX,SSE3+SSSE3+SSE4.1+SSE4.2+POPCNT,X86Base+SSE+SSE2,AES+PCLMUL VectorSize=256
// Job: Overhead-Fixed-NoEnergy-4(OutlierMode=DontRemove, IterationCount=15, IterationTime=1s, LaunchCount=1, WarmupCount=6)

OverheadJitting  1: 1 op, 133775.00 ns, 133.7750 us/op
WorkloadJitting  1: 1 op, 97100320.00 ns, 97.1003 ms/op

WorkloadPilot    1: 4 op, 1055455.00 ns, 263.8638 us/op
WorkloadPilot    2: 3790 op, 287407990.00 ns, 75.8332 us/op
WorkloadPilot    3: 13187 op, 513562635.00 ns, 38.9446 us/op
WorkloadPilot    4: 25677 op, 1003261788.00 ns, 39.0724 us/op
WorkloadPilot    5: 25594 op, 981385097.00 ns, 38.3443 us/op
WorkloadPilot    6: 26079 op, 1005033876.00 ns, 38.5381 us/op
WorkloadPilot    7: 25948 op, 1023114644.00 ns, 39.4294 us/op

WorkloadWarmup   1: 25948 op, 1016784763.00 ns, 39.1855 us/op
WorkloadWarmup   2: 25948 op, 1017593294.00 ns, 39.2166 us/op
WorkloadWarmup   3: 25948 op, 1016922731.00 ns, 39.1908 us/op
WorkloadWarmup   4: 25948 op, 998618364.00 ns, 38.4854 us/op
WorkloadWarmup   5: 25948 op, 1020018136.00 ns, 39.3101 us/op
WorkloadWarmup   6: 25948 op, 1017066722.00 ns, 39.1963 us/op

// BeforeActualRun
WorkloadActual   1: 25948 op, 1017883414.00 ns, 39.2278 us/op
WorkloadActual   2: 25948 op, 1002649758.00 ns, 38.6407 us/op
WorkloadActual   3: 25948 op, 1014446459.00 ns, 39.0954 us/op
WorkloadActual   4: 25948 op, 999236700.00 ns, 38.5092 us/op
WorkloadActual   5: 25948 op, 1018681566.00 ns, 39.2586 us/op
WorkloadActual   6: 25948 op, 1018544432.00 ns, 39.2533 us/op
WorkloadActual   7: 25948 op, 1010740320.00 ns, 38.9525 us/op
WorkloadActual   8: 25948 op, 1018309900.00 ns, 39.2443 us/op
WorkloadActual   9: 25948 op, 998170991.00 ns, 38.4681 us/op
WorkloadActual  10: 25948 op, 995415586.00 ns, 38.3619 us/op
WorkloadActual  11: 25948 op, 1021836579.00 ns, 39.3802 us/op
WorkloadActual  12: 25948 op, 1026067748.00 ns, 39.5432 us/op
WorkloadActual  13: 25948 op, 994558050.00 ns, 38.3289 us/op
WorkloadActual  14: 25948 op, 996133652.00 ns, 38.3896 us/op
WorkloadActual  15: 25948 op, 1012003154.00 ns, 39.0012 us/op

// AfterActualRun
WorkloadResult   1: 25948 op, 1017883414.00 ns, 39.2278 us/op
WorkloadResult   2: 25948 op, 1002649758.00 ns, 38.6407 us/op
WorkloadResult   3: 25948 op, 1014446459.00 ns, 39.0954 us/op
WorkloadResult   4: 25948 op, 999236700.00 ns, 38.5092 us/op
WorkloadResult   5: 25948 op, 1018681566.00 ns, 39.2586 us/op
WorkloadResult   6: 25948 op, 1018544432.00 ns, 39.2533 us/op
WorkloadResult   7: 25948 op, 1010740320.00 ns, 38.9525 us/op
WorkloadResult   8: 25948 op, 1018309900.00 ns, 39.2443 us/op
WorkloadResult   9: 25948 op, 998170991.00 ns, 38.4681 us/op
WorkloadResult  10: 25948 op, 995415586.00 ns, 38.3619 us/op
WorkloadResult  11: 25948 op, 1021836579.00 ns, 39.3802 us/op
WorkloadResult  12: 25948 op, 1026067748.00 ns, 39.5432 us/op
WorkloadResult  13: 25948 op, 994558050.00 ns, 38.3289 us/op
WorkloadResult  14: 25948 op, 996133652.00 ns, 38.3896 us/op
WorkloadResult  15: 25948 op, 1012003154.00 ns, 39.0012 us/op

// AfterAll
// Benchmark Process 4054336 has exited with code 0.

Mean = 38.910 μs, StdErr = 0.108 μs (0.28%), N = 15, StdDev = 0.419 μs
Min = 38.329 μs, Q1 = 38.489 μs, Median = 39.001 μs, Q3 = 39.249 μs, Max = 39.543 μs
IQR = 0.760 μs, LowerFence = 37.348 μs, UpperFence = 40.389 μs
ConfidenceInterval = [38.463 μs; 39.358 μs] (CI 99.9%), Margin = 0.448 μs (1.15% of Mean)
Skewness = -0.14, Kurtosis = 1.32, MValue = 2

// ** Remained 5 (16.7%) benchmark(s) to run. Estimated finish 2025-12-31 19:06 (0h 2m from now) **
// **************************
// Benchmark: JsonSerializationBenchmarks.STJ_Serialize_Small: Overhead-Fixed-NoEnergy-4(OutlierMode=DontRemove, IterationCount=15, IterationTime=1s, LaunchCount=1, WarmupCount=6)
// *** Execute ***
// Launch: 1 / 1
// Execute: dotnet Serialization.Bench-Overhead-Fixed-NoEnergy-4-1.dll --anonymousPipes 103 104 --benchmarkName Serialization.Bench.JsonSerializationBenchmarks.STJ_Serialize_Small --job Overhead-Fixed-NoEnergy-4 --benchmarkId 25 in /home/test/rapl-tests/lib-energy-bench/src/Serialization.Bench/bin/Release/net8.0/Serialization.Bench-Overhead-Fixed-NoEnergy-4-1/bin/Release/net8.0
// BeforeAnythingElse

// Benchmark Process Environment Information:
// BenchmarkDotNet v0.15.5-develop (2025-12-31)
// Runtime=.NET 8.0.21 (8.0.21, 8.0.2125.47513), X64 RyuJIT x86-64-v4
// GC=Concurrent Workstation
// HardwareIntrinsics=AVX512 IFMA+VBMI,AVX512 F+BW+CD+DQ+VL,AVX2+BMI1+BMI2+F16C+FMA+LZCNT+MOVBE,AVX,SSE3+SSSE3+SSE4.1+SSE4.2+POPCNT,X86Base+SSE+SSE2,AES+PCLMUL VectorSize=256
// Job: Overhead-Fixed-NoEnergy-4(OutlierMode=DontRemove, IterationCount=15, IterationTime=1s, LaunchCount=1, WarmupCount=6)

OverheadJitting  1: 1 op, 133062.00 ns, 133.0620 us/op
WorkloadJitting  1: 1 op, 3787109.00 ns, 3.7871 ms/op

OverheadJitting  2: 16 op, 366011.00 ns, 22.8757 us/op
WorkloadJitting  2: 16 op, 508703.00 ns, 31.7939 us/op

WorkloadPilot    1: 16 op, 84207.00 ns, 5.2629 us/op
WorkloadPilot    2: 190016 op, 519762950.00 ns, 2.7354 us/op
WorkloadPilot    3: 365584 op, 461126604.00 ns, 1.2613 us/op
WorkloadPilot    4: 792816 op, 991733775.00 ns, 1.2509 us/op
WorkloadPilot    5: 799424 op, 1004949721.00 ns, 1.2571 us/op
WorkloadPilot    6: 795488 op, 1000012740.00 ns, 1.2571 us/op

OverheadWarmup   1: 795488 op, 2721286.00 ns, 3.4209 ns/op
OverheadWarmup   2: 795488 op, 2712710.00 ns, 3.4101 ns/op
OverheadWarmup   3: 795488 op, 2726930.00 ns, 3.4280 ns/op
OverheadWarmup   4: 795488 op, 2712042.00 ns, 3.4093 ns/op
OverheadWarmup   5: 795488 op, 2712219.00 ns, 3.4095 ns/op
OverheadWarmup   6: 795488 op, 2724875.00 ns, 3.4254 ns/op
OverheadWarmup   7: 795488 op, 2711988.00 ns, 3.4092 ns/op

OverheadActual   1: 795488 op, 2713637.00 ns, 3.4113 ns/op
OverheadActual   2: 795488 op, 2716173.00 ns, 3.4145 ns/op
OverheadActual   3: 795488 op, 2715179.00 ns, 3.4132 ns/op
OverheadActual   4: 795488 op, 2716665.00 ns, 3.4151 ns/op
OverheadActual   5: 795488 op, 2715083.00 ns, 3.4131 ns/op
OverheadActual   6: 795488 op, 2709682.00 ns, 3.4063 ns/op
OverheadActual   7: 795488 op, 2711685.00 ns, 3.4088 ns/op
OverheadActual   8: 795488 op, 2711991.00 ns, 3.4092 ns/op
OverheadActual   9: 795488 op, 2709631.00 ns, 3.4063 ns/op
OverheadActual  10: 795488 op, 2718503.00 ns, 3.4174 ns/op
OverheadActual  11: 795488 op, 2712561.00 ns, 3.4099 ns/op
OverheadActual  12: 795488 op, 2715092.00 ns, 3.4131 ns/op
OverheadActual  13: 795488 op, 2725355.00 ns, 3.4260 ns/op
OverheadActual  14: 795488 op, 2713415.00 ns, 3.4110 ns/op
OverheadActual  15: 795488 op, 2720635.00 ns, 3.4201 ns/op

WorkloadWarmup   1: 795488 op, 1002303223.00 ns, 1.2600 us/op
WorkloadWarmup   2: 795488 op, 997711321.00 ns, 1.2542 us/op
WorkloadWarmup   3: 795488 op, 999672236.00 ns, 1.2567 us/op
WorkloadWarmup   4: 795488 op, 999408566.00 ns, 1.2563 us/op
WorkloadWarmup   5: 795488 op, 999076757.00 ns, 1.2559 us/op
WorkloadWarmup   6: 795488 op, 998668853.00 ns, 1.2554 us/op

// BeforeActualRun
WorkloadActual   1: 795488 op, 999474196.00 ns, 1.2564 us/op
WorkloadActual   2: 795488 op, 1004186268.00 ns, 1.2624 us/op
WorkloadActual   3: 795488 op, 1004875352.00 ns, 1.2632 us/op
WorkloadActual   4: 795488 op, 1003025068.00 ns, 1.2609 us/op
WorkloadActual   5: 795488 op, 1004936147.00 ns, 1.2633 us/op
WorkloadActual   6: 795488 op, 1003771763.00 ns, 1.2618 us/op
WorkloadActual   7: 795488 op, 1004095370.00 ns, 1.2622 us/op
WorkloadActual   8: 795488 op, 1003499018.00 ns, 1.2615 us/op
WorkloadActual   9: 795488 op, 1004748102.00 ns, 1.2631 us/op
WorkloadActual  10: 795488 op, 1003411861.00 ns, 1.2614 us/op
WorkloadActual  11: 795488 op, 1004056886.00 ns, 1.2622 us/op
WorkloadActual  12: 795488 op, 1004359574.00 ns, 1.2626 us/op
WorkloadActual  13: 795488 op, 1003324624.00 ns, 1.2613 us/op
WorkloadActual  14: 795488 op, 1005102417.00 ns, 1.2635 us/op
WorkloadActual  15: 795488 op, 1003647989.00 ns, 1.2617 us/op

// AfterActualRun
WorkloadResult   1: 795488 op, 996759113.00 ns, 1.2530 us/op
WorkloadResult   2: 795488 op, 1001471185.00 ns, 1.2589 us/op
WorkloadResult   3: 795488 op, 1002160269.00 ns, 1.2598 us/op
WorkloadResult   4: 795488 op, 1000309985.00 ns, 1.2575 us/op
WorkloadResult   5: 795488 op, 1002221064.00 ns, 1.2599 us/op
WorkloadResult   6: 795488 op, 1001056680.00 ns, 1.2584 us/op
WorkloadResult   7: 795488 op, 1001380287.00 ns, 1.2588 us/op
WorkloadResult   8: 795488 op, 1000783935.00 ns, 1.2581 us/op
WorkloadResult   9: 795488 op, 1002033019.00 ns, 1.2596 us/op
WorkloadResult  10: 795488 op, 1000696778.00 ns, 1.2580 us/op
WorkloadResult  11: 795488 op, 1001341803.00 ns, 1.2588 us/op
WorkloadResult  12: 795488 op, 1001644491.00 ns, 1.2592 us/op
WorkloadResult  13: 795488 op, 1000609541.00 ns, 1.2579 us/op
WorkloadResult  14: 795488 op, 1002387334.00 ns, 1.2601 us/op
WorkloadResult  15: 795488 op, 1000932906.00 ns, 1.2583 us/op

// AfterAll
// Benchmark Process 4054349 has exited with code 0.

Mean = 1.258 μs, StdErr = 0.000 μs (0.03%), N = 15, StdDev = 0.002 μs
Min = 1.253 μs, Q1 = 1.258 μs, Median = 1.259 μs, Q3 = 1.259 μs, Max = 1.260 μs
IQR = 0.001 μs, LowerFence = 1.256 μs, UpperFence = 1.261 μs
ConfidenceInterval = [1.257 μs; 1.260 μs] (CI 99.9%), Margin = 0.002 μs (0.14% of Mean)
Skewness = -1.99, Kurtosis = 7.02, MValue = 2

// ** Remained 4 (13.3%) benchmark(s) to run. Estimated finish 2025-12-31 19:06 (0h 1m from now) **
// **************************
// Benchmark: JsonSerializationBenchmarks.Newtonsoft_Serialize_Small: Overhead-Fixed-NoEnergy-4(OutlierMode=DontRemove, IterationCount=15, IterationTime=1s, LaunchCount=1, WarmupCount=6)
// *** Execute ***
// Launch: 1 / 1
// Execute: dotnet Serialization.Bench-Overhead-Fixed-NoEnergy-4-1.dll --anonymousPipes 103 104 --benchmarkName Serialization.Bench.JsonSerializationBenchmarks.Newtonsoft_Serialize_Small --job Overhead-Fixed-NoEnergy-4 --benchmarkId 26 in /home/test/rapl-tests/lib-energy-bench/src/Serialization.Bench/bin/Release/net8.0/Serialization.Bench-Overhead-Fixed-NoEnergy-4-1/bin/Release/net8.0
// BeforeAnythingElse

// Benchmark Process Environment Information:
// BenchmarkDotNet v0.15.5-develop (2025-12-31)
// Runtime=.NET 8.0.21 (8.0.21, 8.0.2125.47513), X64 RyuJIT x86-64-v4
// GC=Concurrent Workstation
// HardwareIntrinsics=AVX512 IFMA+VBMI,AVX512 F+BW+CD+DQ+VL,AVX2+BMI1+BMI2+F16C+FMA+LZCNT+MOVBE,AVX,SSE3+SSSE3+SSE4.1+SSE4.2+POPCNT,X86Base+SSE+SSE2,AES+PCLMUL VectorSize=256
// Job: Overhead-Fixed-NoEnergy-4(OutlierMode=DontRemove, IterationCount=15, IterationTime=1s, LaunchCount=1, WarmupCount=6)

OverheadJitting  1: 1 op, 135545.00 ns, 135.5450 us/op
WorkloadJitting  1: 1 op, 37857410.00 ns, 37.8574 ms/op

OverheadJitting  2: 16 op, 369459.00 ns, 23.0912 us/op
WorkloadJitting  2: 16 op, 642082.00 ns, 40.1301 us/op

WorkloadPilot    1: 16 op, 226512.00 ns, 14.1570 us/op
WorkloadPilot    2: 70640 op, 278199200.00 ns, 3.9383 us/op
WorkloadPilot    3: 253920 op, 554662792.00 ns, 2.1844 us/op
WorkloadPilot    4: 457792 op, 997429732.00 ns, 2.1788 us/op
WorkloadPilot    5: 458976 op, 1000886032.00 ns, 2.1807 us/op
WorkloadPilot    6: 458576 op, 1002133091.00 ns, 2.1853 us/op
WorkloadPilot    7: 457600 op, 1004899197.00 ns, 2.1960 us/op

OverheadWarmup   1: 457600 op, 1556101.00 ns, 3.4006 ns/op
OverheadWarmup   2: 457600 op, 1558547.00 ns, 3.4059 ns/op
OverheadWarmup   3: 457600 op, 1556141.00 ns, 3.4007 ns/op
OverheadWarmup   4: 457600 op, 1556457.00 ns, 3.4013 ns/op
OverheadWarmup   5: 457600 op, 1560765.00 ns, 3.4108 ns/op
OverheadWarmup   6: 457600 op, 1557577.00 ns, 3.4038 ns/op

OverheadActual   1: 457600 op, 1561710.00 ns, 3.4128 ns/op
OverheadActual   2: 457600 op, 1554109.00 ns, 3.3962 ns/op
OverheadActual   3: 457600 op, 1556970.00 ns, 3.4025 ns/op
OverheadActual   4: 457600 op, 1559573.00 ns, 3.4082 ns/op
OverheadActual   5: 457600 op, 1559664.00 ns, 3.4084 ns/op
OverheadActual   6: 457600 op, 1561227.00 ns, 3.4118 ns/op
OverheadActual   7: 457600 op, 1555832.00 ns, 3.4000 ns/op
OverheadActual   8: 457600 op, 1561024.00 ns, 3.4113 ns/op
OverheadActual   9: 457600 op, 1567267.00 ns, 3.4250 ns/op
OverheadActual  10: 457600 op, 1566279.00 ns, 3.4228 ns/op
OverheadActual  11: 457600 op, 1556499.00 ns, 3.4014 ns/op
OverheadActual  12: 457600 op, 1561108.00 ns, 3.4115 ns/op
OverheadActual  13: 457600 op, 1569083.00 ns, 3.4289 ns/op
OverheadActual  14: 457600 op, 1590033.00 ns, 3.4747 ns/op
OverheadActual  15: 457600 op, 1566611.00 ns, 3.4235 ns/op

WorkloadWarmup   1: 457600 op, 999149912.00 ns, 2.1835 us/op
WorkloadWarmup   2: 457600 op, 1003974075.00 ns, 2.1940 us/op
WorkloadWarmup   3: 457600 op, 995279449.00 ns, 2.1750 us/op
WorkloadWarmup   4: 457600 op, 997335864.00 ns, 2.1795 us/op
WorkloadWarmup   5: 457600 op, 1000360690.00 ns, 2.1861 us/op
WorkloadWarmup   6: 457600 op, 996900747.00 ns, 2.1785 us/op

// BeforeActualRun
WorkloadActual   1: 457600 op, 996860286.00 ns, 2.1785 us/op
WorkloadActual   2: 457600 op, 1002458881.00 ns, 2.1907 us/op
WorkloadActual   3: 457600 op, 1003529394.00 ns, 2.1930 us/op
WorkloadActual   4: 457600 op, 1000090702.00 ns, 2.1855 us/op
WorkloadActual   5: 457600 op, 1001467422.00 ns, 2.1885 us/op
WorkloadActual   6: 457600 op, 1001075928.00 ns, 2.1877 us/op
WorkloadActual   7: 457600 op, 1001262971.00 ns, 2.1881 us/op
WorkloadActual   8: 457600 op, 1002280074.00 ns, 2.1903 us/op
WorkloadActual   9: 457600 op, 1001086592.00 ns, 2.1877 us/op
WorkloadActual  10: 457600 op, 1000168595.00 ns, 2.1857 us/op
WorkloadActual  11: 457600 op, 1000172914.00 ns, 2.1857 us/op
WorkloadActual  12: 457600 op, 1000815214.00 ns, 2.1871 us/op
WorkloadActual  13: 457600 op, 1000430520.00 ns, 2.1863 us/op
WorkloadActual  14: 457600 op, 1000594019.00 ns, 2.1866 us/op
WorkloadActual  15: 457600 op, 998762208.00 ns, 2.1826 us/op

// AfterActualRun
WorkloadResult   1: 457600 op, 995299178.00 ns, 2.1750 us/op
WorkloadResult   2: 457600 op, 1000897773.00 ns, 2.1873 us/op
WorkloadResult   3: 457600 op, 1001968286.00 ns, 2.1896 us/op
WorkloadResult   4: 457600 op, 998529594.00 ns, 2.1821 us/op
WorkloadResult   5: 457600 op, 999906314.00 ns, 2.1851 us/op
WorkloadResult   6: 457600 op, 999514820.00 ns, 2.1843 us/op
WorkloadResult   7: 457600 op, 999701863.00 ns, 2.1847 us/op
WorkloadResult   8: 457600 op, 1000718966.00 ns, 2.1869 us/op
WorkloadResult   9: 457600 op, 999525484.00 ns, 2.1843 us/op
WorkloadResult  10: 457600 op, 998607487.00 ns, 2.1823 us/op
WorkloadResult  11: 457600 op, 998611806.00 ns, 2.1823 us/op
WorkloadResult  12: 457600 op, 999254106.00 ns, 2.1837 us/op
WorkloadResult  13: 457600 op, 998869412.00 ns, 2.1828 us/op
WorkloadResult  14: 457600 op, 999032911.00 ns, 2.1832 us/op
WorkloadResult  15: 457600 op, 997201100.00 ns, 2.1792 us/op

// AfterAll
// Benchmark Process 4054367 has exited with code 0.

Mean = 2.184 μs, StdErr = 0.001 μs (0.04%), N = 15, StdDev = 0.003 μs
Min = 2.175 μs, Q1 = 2.182 μs, Median = 2.184 μs, Q3 = 2.185 μs, Max = 2.190 μs
IQR = 0.003 μs, LowerFence = 2.178 μs, UpperFence = 2.189 μs
ConfidenceInterval = [2.180 μs; 2.187 μs] (CI 99.9%), Margin = 0.004 μs (0.17% of Mean)
Skewness = -0.62, Kurtosis = 3.52, MValue = 2

// ** Remained 3 (10.0%) benchmark(s) to run. Estimated finish 2025-12-31 19:06 (0h 1m from now) **
// **************************
// Benchmark: JsonSerializationBenchmarks.Jil_Serialize_Small: Overhead-Fixed-NoEnergy-4(OutlierMode=DontRemove, IterationCount=15, IterationTime=1s, LaunchCount=1, WarmupCount=6)
// *** Execute ***
// Launch: 1 / 1
// Execute: dotnet Serialization.Bench-Overhead-Fixed-NoEnergy-4-1.dll --anonymousPipes 103 104 --benchmarkName Serialization.Bench.JsonSerializationBenchmarks.Jil_Serialize_Small --job Overhead-Fixed-NoEnergy-4 --benchmarkId 27 in /home/test/rapl-tests/lib-energy-bench/src/Serialization.Bench/bin/Release/net8.0/Serialization.Bench-Overhead-Fixed-NoEnergy-4-1/bin/Release/net8.0
// BeforeAnythingElse

// Benchmark Process Environment Information:
// BenchmarkDotNet v0.15.5-develop (2025-12-31)
// Runtime=.NET 8.0.21 (8.0.21, 8.0.2125.47513), X64 RyuJIT x86-64-v4
// GC=Concurrent Workstation
// HardwareIntrinsics=AVX512 IFMA+VBMI,AVX512 F+BW+CD+DQ+VL,AVX2+BMI1+BMI2+F16C+FMA+LZCNT+MOVBE,AVX,SSE3+SSSE3+SSE4.1+SSE4.2+POPCNT,X86Base+SSE+SSE2,AES+PCLMUL VectorSize=256
// Job: Overhead-Fixed-NoEnergy-4(OutlierMode=DontRemove, IterationCount=15, IterationTime=1s, LaunchCount=1, WarmupCount=6)

OverheadJitting  1: 1 op, 136241.00 ns, 136.2410 us/op
WorkloadJitting  1: 1 op, 106685262.00 ns, 106.6853 ms/op

WorkloadPilot    1: 4 op, 23282.00 ns, 5.8205 us/op
WorkloadPilot    2: 171807 op, 391267591.00 ns, 2.2774 us/op
WorkloadPilot    3: 439104 op, 754393460.00 ns, 1.7180 us/op
WorkloadPilot    4: 582062 op, 995344061.00 ns, 1.7100 us/op
WorkloadPilot    5: 584785 op, 1000189952.00 ns, 1.7104 us/op
WorkloadPilot    6: 584674 op, 1001684860.00 ns, 1.7132 us/op
WorkloadPilot    7: 583691 op, 1005802314.00 ns, 1.7232 us/op

WorkloadWarmup   1: 583691 op, 997701490.00 ns, 1.7093 us/op
WorkloadWarmup   2: 583691 op, 1003779706.00 ns, 1.7197 us/op
WorkloadWarmup   3: 583691 op, 1004190005.00 ns, 1.7204 us/op
WorkloadWarmup   4: 583691 op, 1004214745.00 ns, 1.7205 us/op
WorkloadWarmup   5: 583691 op, 1003656761.00 ns, 1.7195 us/op
WorkloadWarmup   6: 583691 op, 1005087805.00 ns, 1.7220 us/op

// BeforeActualRun
WorkloadActual   1: 583691 op, 999605344.00 ns, 1.7126 us/op
WorkloadActual   2: 583691 op, 1003580831.00 ns, 1.7194 us/op
WorkloadActual   3: 583691 op, 1003250771.00 ns, 1.7188 us/op
WorkloadActual   4: 583691 op, 1004648690.00 ns, 1.7212 us/op
WorkloadActual   5: 583691 op, 1004938561.00 ns, 1.7217 us/op
WorkloadActual   6: 583691 op, 1004076314.00 ns, 1.7202 us/op
WorkloadActual   7: 583691 op, 1004406964.00 ns, 1.7208 us/op
WorkloadActual   8: 583691 op, 1004900784.00 ns, 1.7216 us/op
WorkloadActual   9: 583691 op, 1004963983.00 ns, 1.7217 us/op
WorkloadActual  10: 583691 op, 1003021245.00 ns, 1.7184 us/op
WorkloadActual  11: 583691 op, 1005353222.00 ns, 1.7224 us/op
WorkloadActual  12: 583691 op, 1003596217.00 ns, 1.7194 us/op
WorkloadActual  13: 583691 op, 1003860776.00 ns, 1.7198 us/op
WorkloadActual  14: 583691 op, 1002990899.00 ns, 1.7184 us/op
WorkloadActual  15: 583691 op, 1003138594.00 ns, 1.7186 us/op

// AfterActualRun
WorkloadResult   1: 583691 op, 999605344.00 ns, 1.7126 us/op
WorkloadResult   2: 583691 op, 1003580831.00 ns, 1.7194 us/op
WorkloadResult   3: 583691 op, 1003250771.00 ns, 1.7188 us/op
WorkloadResult   4: 583691 op, 1004648690.00 ns, 1.7212 us/op
WorkloadResult   5: 583691 op, 1004938561.00 ns, 1.7217 us/op
WorkloadResult   6: 583691 op, 1004076314.00 ns, 1.7202 us/op
WorkloadResult   7: 583691 op, 1004406964.00 ns, 1.7208 us/op
WorkloadResult   8: 583691 op, 1004900784.00 ns, 1.7216 us/op
WorkloadResult   9: 583691 op, 1004963983.00 ns, 1.7217 us/op
WorkloadResult  10: 583691 op, 1003021245.00 ns, 1.7184 us/op
WorkloadResult  11: 583691 op, 1005353222.00 ns, 1.7224 us/op
WorkloadResult  12: 583691 op, 1003596217.00 ns, 1.7194 us/op
WorkloadResult  13: 583691 op, 1003860776.00 ns, 1.7198 us/op
WorkloadResult  14: 583691 op, 1002990899.00 ns, 1.7184 us/op
WorkloadResult  15: 583691 op, 1003138594.00 ns, 1.7186 us/op

// AfterAll
// Benchmark Process 4054381 has exited with code 0.

Mean = 1.720 μs, StdErr = 0.001 μs (0.04%), N = 15, StdDev = 0.002 μs
Min = 1.713 μs, Q1 = 1.719 μs, Median = 1.720 μs, Q3 = 1.721 μs, Max = 1.722 μs
IQR = 0.003 μs, LowerFence = 1.715 μs, UpperFence = 1.725 μs
ConfidenceInterval = [1.717 μs; 1.722 μs] (CI 99.9%), Margin = 0.003 μs (0.15% of Mean)
Skewness = -1.55, Kurtosis = 5.53, MValue = 2

// ** Remained 2 (6.7%) benchmark(s) to run. Estimated finish 2025-12-31 19:06 (0h 0m from now) **
// **************************
// Benchmark: JsonSerializationBenchmarks.Utf8Json_Serialize_Small: Overhead-Fixed-NoEnergy-4(OutlierMode=DontRemove, IterationCount=15, IterationTime=1s, LaunchCount=1, WarmupCount=6)
// *** Execute ***
// Launch: 1 / 1
// Execute: dotnet Serialization.Bench-Overhead-Fixed-NoEnergy-4-1.dll --anonymousPipes 103 104 --benchmarkName Serialization.Bench.JsonSerializationBenchmarks.Utf8Json_Serialize_Small --job Overhead-Fixed-NoEnergy-4 --benchmarkId 28 in /home/test/rapl-tests/lib-energy-bench/src/Serialization.Bench/bin/Release/net8.0/Serialization.Bench-Overhead-Fixed-NoEnergy-4-1/bin/Release/net8.0
// BeforeAnythingElse

// Benchmark Process Environment Information:
// BenchmarkDotNet v0.15.5-develop (2025-12-31)
// Runtime=.NET 8.0.21 (8.0.21, 8.0.2125.47513), X64 RyuJIT x86-64-v4
// GC=Concurrent Workstation
// HardwareIntrinsics=AVX512 IFMA+VBMI,AVX512 F+BW+CD+DQ+VL,AVX2+BMI1+BMI2+F16C+FMA+LZCNT+MOVBE,AVX,SSE3+SSSE3+SSE4.1+SSE4.2+POPCNT,X86Base+SSE+SSE2,AES+PCLMUL VectorSize=256
// Job: Overhead-Fixed-NoEnergy-4(OutlierMode=DontRemove, IterationCount=15, IterationTime=1s, LaunchCount=1, WarmupCount=6)

OverheadJitting  1: 1 op, 133763.00 ns, 133.7630 us/op
WorkloadJitting  1: 1 op, 47558973.00 ns, 47.5590 ms/op

OverheadJitting  2: 16 op, 375709.00 ns, 23.4818 us/op
WorkloadJitting  2: 16 op, 550028.00 ns, 34.3768 us/op

WorkloadPilot    1: 16 op, 192461.00 ns, 12.0288 us/op
WorkloadPilot    2: 83136 op, 366788025.00 ns, 4.4119 us/op
WorkloadPilot    3: 226672 op, 199459505.00 ns, 879.9477 ns/op
WorkloadPilot    4: 1136432 op, 997271052.00 ns, 877.5457 ns/op
WorkloadPilot    5: 1139552 op, 1000566884.00 ns, 878.0353 ns/op
WorkloadPilot    6: 1138912 op, 1000713490.00 ns, 878.6574 ns/op
WorkloadPilot    7: 1138112 op, 1005691137.00 ns, 883.6487 ns/op

OverheadWarmup   1: 1138112 op, 3869529.00 ns, 3.4000 ns/op
OverheadWarmup   2: 1138112 op, 3875066.00 ns, 3.4048 ns/op
OverheadWarmup   3: 1138112 op, 3872281.00 ns, 3.4024 ns/op
OverheadWarmup   4: 1138112 op, 3869541.00 ns, 3.4000 ns/op
OverheadWarmup   5: 1138112 op, 3864576.00 ns, 3.3956 ns/op
OverheadWarmup   6: 1138112 op, 3864599.00 ns, 3.3956 ns/op
OverheadWarmup   7: 1138112 op, 3869892.00 ns, 3.4003 ns/op
OverheadWarmup   8: 1138112 op, 3868589.00 ns, 3.3991 ns/op

OverheadActual   1: 1138112 op, 3874395.00 ns, 3.4042 ns/op
OverheadActual   2: 1138112 op, 3872818.00 ns, 3.4028 ns/op
OverheadActual   3: 1138112 op, 3869306.00 ns, 3.3998 ns/op
OverheadActual   4: 1138112 op, 3868249.00 ns, 3.3988 ns/op
OverheadActual   5: 1138112 op, 3867020.00 ns, 3.3977 ns/op
OverheadActual   6: 1138112 op, 3863576.00 ns, 3.3947 ns/op
OverheadActual   7: 1138112 op, 3864013.00 ns, 3.3951 ns/op
OverheadActual   8: 1138112 op, 3863393.00 ns, 3.3946 ns/op
OverheadActual   9: 1138112 op, 3875167.00 ns, 3.4049 ns/op
OverheadActual  10: 1138112 op, 3875223.00 ns, 3.4050 ns/op
OverheadActual  11: 1138112 op, 3865286.00 ns, 3.3962 ns/op
OverheadActual  12: 1138112 op, 3864162.00 ns, 3.3952 ns/op
OverheadActual  13: 1138112 op, 3870804.00 ns, 3.4011 ns/op
OverheadActual  14: 1138112 op, 3867623.00 ns, 3.3983 ns/op
OverheadActual  15: 1138112 op, 3869730.00 ns, 3.4001 ns/op

WorkloadWarmup   1: 1138112 op, 1002959551.00 ns, 881.2486 ns/op
WorkloadWarmup   2: 1138112 op, 1003410402.00 ns, 881.6447 ns/op
WorkloadWarmup   3: 1138112 op, 1001079619.00 ns, 879.5968 ns/op
WorkloadWarmup   4: 1138112 op, 1000903119.00 ns, 879.4417 ns/op
WorkloadWarmup   5: 1138112 op, 999341762.00 ns, 878.0698 ns/op
WorkloadWarmup   6: 1138112 op, 1000176314.00 ns, 878.8031 ns/op

// BeforeActualRun
WorkloadActual   1: 1138112 op, 1002282469.00 ns, 880.6536 ns/op
WorkloadActual   2: 1138112 op, 1000085415.00 ns, 878.7232 ns/op
WorkloadActual   3: 1138112 op, 1000008901.00 ns, 878.6560 ns/op
WorkloadActual   4: 1138112 op, 1001957428.00 ns, 880.3680 ns/op
WorkloadActual   5: 1138112 op, 999732514.00 ns, 878.4131 ns/op
WorkloadActual   6: 1138112 op, 1000062395.00 ns, 878.7030 ns/op
WorkloadActual   7: 1138112 op, 998713673.00 ns, 877.5179 ns/op
WorkloadActual   8: 1138112 op, 998954452.00 ns, 877.7295 ns/op
WorkloadActual   9: 1138112 op, 998910889.00 ns, 877.6912 ns/op
WorkloadActual  10: 1138112 op, 1001061133.00 ns, 879.5805 ns/op
WorkloadActual  11: 1138112 op, 999476394.00 ns, 878.1881 ns/op
WorkloadActual  12: 1138112 op, 999389501.00 ns, 878.1117 ns/op
WorkloadActual  13: 1138112 op, 1000235440.00 ns, 878.8550 ns/op
WorkloadActual  14: 1138112 op, 999854627.00 ns, 878.5204 ns/op
WorkloadActual  15: 1138112 op, 1000336998.00 ns, 878.9442 ns/op

// AfterActualRun
WorkloadResult   1: 1138112 op, 998414220.00 ns, 877.2548 ns/op
WorkloadResult   2: 1138112 op, 996217166.00 ns, 875.3244 ns/op
WorkloadResult   3: 1138112 op, 996140652.00 ns, 875.2571 ns/op
WorkloadResult   4: 1138112 op, 998089179.00 ns, 876.9692 ns/op
WorkloadResult   5: 1138112 op, 995864265.00 ns, 875.0143 ns/op
WorkloadResult   6: 1138112 op, 996194146.00 ns, 875.3041 ns/op
WorkloadResult   7: 1138112 op, 994845424.00 ns, 874.1191 ns/op
WorkloadResult   8: 1138112 op, 995086203.00 ns, 874.3306 ns/op
WorkloadResult   9: 1138112 op, 995042640.00 ns, 874.2924 ns/op
WorkloadResult  10: 1138112 op, 997192884.00 ns, 876.1817 ns/op
WorkloadResult  11: 1138112 op, 995608145.00 ns, 874.7893 ns/op
WorkloadResult  12: 1138112 op, 995521252.00 ns, 874.7129 ns/op
WorkloadResult  13: 1138112 op, 996367191.00 ns, 875.4562 ns/op
WorkloadResult  14: 1138112 op, 995986378.00 ns, 875.1216 ns/op
WorkloadResult  15: 1138112 op, 996468749.00 ns, 875.5454 ns/op

// AfterAll
// Benchmark Process 4054393 has exited with code 0.

Mean = 875.312 ns, StdErr = 0.234 ns (0.03%), N = 15, StdDev = 0.908 ns
Min = 874.119 ns, Q1 = 874.751 ns, Median = 875.257 ns, Q3 = 875.501 ns, Max = 877.255 ns
IQR = 0.750 ns, LowerFence = 873.626 ns, UpperFence = 876.625 ns
ConfidenceInterval = [874.341 ns; 876.282 ns] (CI 99.9%), Margin = 0.971 ns (0.11% of Mean)
Skewness = 0.76, Kurtosis = 2.61, MValue = 2

// ** Remained 1 (3.3%) benchmark(s) to run. Estimated finish 2025-12-31 19:06 (0h 0m from now) **
// **************************
// Benchmark: JsonSerializationBenchmarks.SpanJson_Serialize_Small: Overhead-Fixed-NoEnergy-4(OutlierMode=DontRemove, IterationCount=15, IterationTime=1s, LaunchCount=1, WarmupCount=6)
// *** Execute ***
// Launch: 1 / 1
// Execute: dotnet Serialization.Bench-Overhead-Fixed-NoEnergy-4-1.dll --anonymousPipes 103 104 --benchmarkName Serialization.Bench.JsonSerializationBenchmarks.SpanJson_Serialize_Small --job Overhead-Fixed-NoEnergy-4 --benchmarkId 29 in /home/test/rapl-tests/lib-energy-bench/src/Serialization.Bench/bin/Release/net8.0/Serialization.Bench-Overhead-Fixed-NoEnergy-4-1/bin/Release/net8.0
// BeforeAnythingElse

// Benchmark Process Environment Information:
// BenchmarkDotNet v0.15.5-develop (2025-12-31)
// Runtime=.NET 8.0.21 (8.0.21, 8.0.2125.47513), X64 RyuJIT x86-64-v4
// GC=Concurrent Workstation
// HardwareIntrinsics=AVX512 IFMA+VBMI,AVX512 F+BW+CD+DQ+VL,AVX2+BMI1+BMI2+F16C+FMA+LZCNT+MOVBE,AVX,SSE3+SSSE3+SSE4.1+SSE4.2+POPCNT,X86Base+SSE+SSE2,AES+PCLMUL VectorSize=256
// Job: Overhead-Fixed-NoEnergy-4(OutlierMode=DontRemove, IterationCount=15, IterationTime=1s, LaunchCount=1, WarmupCount=6)

OverheadJitting  1: 1 op, 134876.00 ns, 134.8760 us/op
WorkloadJitting  1: 1 op, 59897239.00 ns, 59.8972 ms/op

OverheadJitting  2: 16 op, 381452.00 ns, 23.8408 us/op
WorkloadJitting  2: 16 op, 572584.00 ns, 35.7865 us/op

WorkloadPilot    1: 16 op, 223480.00 ns, 13.9675 us/op
WorkloadPilot    2: 71600 op, 260501263.00 ns, 3.6383 us/op
WorkloadPilot    3: 274864 op, 335425889.00 ns, 1.2203 us/op
WorkloadPilot    4: 819456 op, 992165931.00 ns, 1.2108 us/op
WorkloadPilot    5: 825936 op, 997370761.00 ns, 1.2076 us/op
WorkloadPilot    6: 828128 op, 1005778389.00 ns, 1.2145 us/op
WorkloadPilot    7: 823376 op, 1000008698.00 ns, 1.2145 us/op

OverheadWarmup   1: 823376 op, 2813839.00 ns, 3.4174 ns/op
OverheadWarmup   2: 823376 op, 2820332.00 ns, 3.4253 ns/op
OverheadWarmup   3: 823376 op, 2833546.00 ns, 3.4414 ns/op
OverheadWarmup   4: 823376 op, 2815269.00 ns, 3.4192 ns/op
OverheadWarmup   5: 823376 op, 2807001.00 ns, 3.4091 ns/op
OverheadWarmup   6: 823376 op, 2809834.00 ns, 3.4126 ns/op
OverheadWarmup   7: 823376 op, 2804467.00 ns, 3.4061 ns/op

OverheadActual   1: 823376 op, 2816764.00 ns, 3.4210 ns/op
OverheadActual   2: 823376 op, 2811904.00 ns, 3.4151 ns/op
OverheadActual   3: 823376 op, 2835435.00 ns, 3.4437 ns/op
OverheadActual   4: 823376 op, 2833719.00 ns, 3.4416 ns/op
OverheadActual   5: 823376 op, 2804416.00 ns, 3.4060 ns/op
OverheadActual   6: 823376 op, 2819010.00 ns, 3.4237 ns/op
OverheadActual   7: 823376 op, 2806955.00 ns, 3.4091 ns/op
OverheadActual   8: 823376 op, 2804518.00 ns, 3.4061 ns/op
OverheadActual   9: 823376 op, 2806770.00 ns, 3.4089 ns/op
OverheadActual  10: 823376 op, 2806933.00 ns, 3.4091 ns/op
OverheadActual  11: 823376 op, 2806895.00 ns, 3.4090 ns/op
OverheadActual  12: 823376 op, 2809053.00 ns, 3.4116 ns/op
OverheadActual  13: 823376 op, 2805973.00 ns, 3.4079 ns/op
OverheadActual  14: 823376 op, 2809135.00 ns, 3.4117 ns/op
OverheadActual  15: 823376 op, 2807051.00 ns, 3.4092 ns/op

WorkloadWarmup   1: 823376 op, 996257965.00 ns, 1.2100 us/op
WorkloadWarmup   2: 823376 op, 999050268.00 ns, 1.2134 us/op
WorkloadWarmup   3: 823376 op, 993044122.00 ns, 1.2061 us/op
WorkloadWarmup   4: 823376 op, 993399649.00 ns, 1.2065 us/op
WorkloadWarmup   5: 823376 op, 995266037.00 ns, 1.2088 us/op
WorkloadWarmup   6: 823376 op, 994878869.00 ns, 1.2083 us/op

// BeforeActualRun
WorkloadActual   1: 823376 op, 993653648.00 ns, 1.2068 us/op
WorkloadActual   2: 823376 op, 1000562247.00 ns, 1.2152 us/op
WorkloadActual   3: 823376 op, 990869290.00 ns, 1.2034 us/op
WorkloadActual   4: 823376 op, 999203129.00 ns, 1.2135 us/op
WorkloadActual   5: 823376 op, 992734421.00 ns, 1.2057 us/op
WorkloadActual   6: 823376 op, 996197919.00 ns, 1.2099 us/op
WorkloadActual   7: 823376 op, 995898630.00 ns, 1.2095 us/op
WorkloadActual   8: 823376 op, 995222287.00 ns, 1.2087 us/op
WorkloadActual   9: 823376 op, 996966149.00 ns, 1.2108 us/op
WorkloadActual  10: 823376 op, 997806989.00 ns, 1.2118 us/op
WorkloadActual  11: 823376 op, 994495882.00 ns, 1.2078 us/op
WorkloadActual  12: 823376 op, 999158205.00 ns, 1.2135 us/op
WorkloadActual  13: 823376 op, 996769436.00 ns, 1.2106 us/op
WorkloadActual  14: 823376 op, 996919571.00 ns, 1.2108 us/op
WorkloadActual  15: 823376 op, 996364183.00 ns, 1.2101 us/op

// AfterActualRun
WorkloadResult   1: 823376 op, 990846597.00 ns, 1.2034 us/op
WorkloadResult   2: 823376 op, 997755196.00 ns, 1.2118 us/op
WorkloadResult   3: 823376 op, 988062239.00 ns, 1.2000 us/op
WorkloadResult   4: 823376 op, 996396078.00 ns, 1.2101 us/op
WorkloadResult   5: 823376 op, 989927370.00 ns, 1.2023 us/op
WorkloadResult   6: 823376 op, 993390868.00 ns, 1.2065 us/op
WorkloadResult   7: 823376 op, 993091579.00 ns, 1.2061 us/op
WorkloadResult   8: 823376 op, 992415236.00 ns, 1.2053 us/op
WorkloadResult   9: 823376 op, 994159098.00 ns, 1.2074 us/op
WorkloadResult  10: 823376 op, 994999938.00 ns, 1.2084 us/op
WorkloadResult  11: 823376 op, 991688831.00 ns, 1.2044 us/op
WorkloadResult  12: 823376 op, 996351154.00 ns, 1.2101 us/op
WorkloadResult  13: 823376 op, 993962385.00 ns, 1.2072 us/op
WorkloadResult  14: 823376 op, 994112520.00 ns, 1.2074 us/op
WorkloadResult  15: 823376 op, 993557132.00 ns, 1.2067 us/op

// AfterAll
// Benchmark Process 4054408 has exited with code 0.

Mean = 1.206 μs, StdErr = 0.001 μs (0.07%), N = 15, StdDev = 0.003 μs
Min = 1.200 μs, Q1 = 1.205 μs, Median = 1.207 μs, Q3 = 1.208 μs, Max = 1.212 μs
IQR = 0.003 μs, LowerFence = 1.200 μs, UpperFence = 1.213 μs
ConfidenceInterval = [1.203 μs; 1.210 μs] (CI 99.9%), Margin = 0.003 μs (0.28% of Mean)
Skewness = -0.28, Kurtosis = 2.37, MValue = 2

// ** Remained 0 (0.0%) benchmark(s) to run. Estimated finish 2025-12-31 19:06 (0h 0m from now) **
// ***** BenchmarkRunner: Finish  *****

// * Export *
  Helpers/../BenchmarkArtifacts/results/Serialization.Bench.JsonSerializationBenchmarks-report.csv
  Helpers/../BenchmarkArtifacts/results/Serialization.Bench.JsonSerializationBenchmarks-report-github.md
  Helpers/../BenchmarkArtifacts/results/Serialization.Bench.JsonSerializationBenchmarks-report.html
  Helpers/../BenchmarkArtifacts/results/Serialization.Bench.JsonSerializationBenchmarks-measurements.csv

// * Detailed results *
JsonSerializationBenchmarks.SpanJson_Deserialize_Large: Overhead-Fixed-NoEnergy-4(OutlierMode=DontRemove, IterationCount=15, IterationTime=1s, LaunchCount=1, WarmupCount=6)
Runtime = .NET 8.0.21 (8.0.21, 8.0.2125.47513), X64 RyuJIT x86-64-v4; GC = Concurrent Workstation
Mean = 152.529 μs, StdErr = 0.036 μs (0.02%), N = 15, StdDev = 0.139 μs
Min = 152.377 μs, Q1 = 152.479 μs, Median = 152.506 μs, Q3 = 152.545 μs, Max = 152.966 μs
IQR = 0.066 μs, LowerFence = 152.380 μs, UpperFence = 152.643 μs
ConfidenceInterval = [152.381 μs; 152.678 μs] (CI 99.9%), Margin = 0.148 μs (0.10% of Mean)
Skewness = 1.88, Kurtosis = 6.74, MValue = 2
-------------------- Histogram --------------------
[152.303 μs ; 153.040 μs) | @@@@@@@@@@@@@@@
---------------------------------------------------

JsonSerializationBenchmarks.STJ_Deserialize_Large: Overhead-Fixed-NoEnergy-4(OutlierMode=DontRemove, IterationCount=15, IterationTime=1s, LaunchCount=1, WarmupCount=6)
Runtime = .NET 8.0.21 (8.0.21, 8.0.2125.47513), X64 RyuJIT x86-64-v4; GC = Concurrent Workstation
Mean = 201.401 μs, StdErr = 0.136 μs (0.07%), N = 15, StdDev = 0.525 μs
Min = 201.053 μs, Q1 = 201.139 μs, Median = 201.195 μs, Q3 = 201.391 μs, Max = 203.162 μs
IQR = 0.251 μs, LowerFence = 200.762 μs, UpperFence = 201.768 μs
ConfidenceInterval = [200.839 μs; 201.962 μs] (CI 99.9%), Margin = 0.561 μs (0.28% of Mean)
Skewness = 2.47, Kurtosis = 8.51, MValue = 2
-------------------- Histogram --------------------
[200.774 μs ; 203.441 μs) | @@@@@@@@@@@@@@@
---------------------------------------------------

JsonSerializationBenchmarks.Jil_Deserialize_Large: Overhead-Fixed-NoEnergy-4(OutlierMode=DontRemove, IterationCount=15, IterationTime=1s, LaunchCount=1, WarmupCount=6)
Runtime = .NET 8.0.21 (8.0.21, 8.0.2125.47513), X64 RyuJIT x86-64-v4; GC = Concurrent Workstation
Mean = 212.487 μs, StdErr = 0.058 μs (0.03%), N = 15, StdDev = 0.225 μs
Min = 211.820 μs, Q1 = 212.437 μs, Median = 212.499 μs, Q3 = 212.609 μs, Max = 212.840 μs
IQR = 0.172 μs, LowerFence = 212.178 μs, UpperFence = 212.867 μs
ConfidenceInterval = [212.247 μs; 212.727 μs] (CI 99.9%), Margin = 0.240 μs (0.11% of Mean)
Skewness = -1.47, Kurtosis = 5.65, MValue = 2
-------------------- Histogram --------------------
[211.700 μs ; 212.959 μs) | @@@@@@@@@@@@@@@
---------------------------------------------------

JsonSerializationBenchmarks.Newtonsoft_Deserialize_Large: Overhead-Fixed-NoEnergy-4(OutlierMode=DontRemove, IterationCount=15, IterationTime=1s, LaunchCount=1, WarmupCount=6)
Runtime = .NET 8.0.21 (8.0.21, 8.0.2125.47513), X64 RyuJIT x86-64-v4; GC = Concurrent Workstation
Mean = 243.555 μs, StdErr = 0.124 μs (0.05%), N = 15, StdDev = 0.480 μs
Min = 242.664 μs, Q1 = 243.341 μs, Median = 243.488 μs, Q3 = 243.703 μs, Max = 244.700 μs
IQR = 0.361 μs, LowerFence = 242.799 μs, UpperFence = 244.245 μs
ConfidenceInterval = [243.042 μs; 244.069 μs] (CI 99.9%), Margin = 0.513 μs (0.21% of Mean)
Skewness = 0.48, Kurtosis = 3.25, MValue = 2
-------------------- Histogram --------------------
[242.408 μs ; 244.956 μs) | @@@@@@@@@@@@@@@
---------------------------------------------------

JsonSerializationBenchmarks.Utf8Json_Deserialize_Large: Overhead-Fixed-NoEnergy-4(OutlierMode=DontRemove, IterationCount=15, IterationTime=1s, LaunchCount=1, WarmupCount=6)
Runtime = .NET 8.0.21 (8.0.21, 8.0.2125.47513), X64 RyuJIT x86-64-v4; GC = Concurrent Workstation
Mean = 278.085 μs, StdErr = 0.371 μs (0.13%), N = 15, StdDev = 1.437 μs
Min = 274.373 μs, Q1 = 278.438 μs, Median = 278.599 μs, Q3 = 278.701 μs, Max = 278.871 μs
IQR = 0.263 μs, LowerFence = 278.044 μs, UpperFence = 279.094 μs
ConfidenceInterval = [276.549 μs; 279.622 μs] (CI 99.9%), Margin = 1.536 μs (0.55% of Mean)
Skewness = -1.91, Kurtosis = 4.89, MValue = 2
-------------------- Histogram --------------------
[273.608 μs ; 279.635 μs) | @@@@@@@@@@@@@@@
---------------------------------------------------

JsonSerializationBenchmarks.SpanJson_Deserialize_Medium: Overhead-Fixed-NoEnergy-4(OutlierMode=DontRemove, IterationCount=15, IterationTime=1s, LaunchCount=1, WarmupCount=6)
Runtime = .NET 8.0.21 (8.0.21, 8.0.2125.47513), X64 RyuJIT x86-64-v4; GC = Concurrent Workstation
Mean = 40.326 μs, StdErr = 0.014 μs (0.04%), N = 15, StdDev = 0.055 μs
Min = 40.206 μs, Q1 = 40.294 μs, Median = 40.317 μs, Q3 = 40.362 μs, Max = 40.418 μs
IQR = 0.068 μs, LowerFence = 40.192 μs, UpperFence = 40.463 μs
ConfidenceInterval = [40.267 μs; 40.384 μs] (CI 99.9%), Margin = 0.059 μs (0.15% of Mean)
Skewness = -0.25, Kurtosis = 2.37, MValue = 2
-------------------- Histogram --------------------
[40.177 μs ; 40.448 μs) | @@@@@@@@@@@@@@@
---------------------------------------------------

JsonSerializationBenchmarks.STJ_Deserialize_Medium: Overhead-Fixed-NoEnergy-4(OutlierMode=DontRemove, IterationCount=15, IterationTime=1s, LaunchCount=1, WarmupCount=6)
Runtime = .NET 8.0.21 (8.0.21, 8.0.2125.47513), X64 RyuJIT x86-64-v4; GC = Concurrent Workstation
Mean = 53.254 μs, StdErr = 0.015 μs (0.03%), N = 15, StdDev = 0.056 μs
Min = 53.185 μs, Q1 = 53.222 μs, Median = 53.250 μs, Q3 = 53.279 μs, Max = 53.411 μs
IQR = 0.057 μs, LowerFence = 53.137 μs, UpperFence = 53.364 μs
ConfidenceInterval = [53.194 μs; 53.314 μs] (CI 99.9%), Margin = 0.060 μs (0.11% of Mean)
Skewness = 1.19, Kurtosis = 4.48, MValue = 2
-------------------- Histogram --------------------
[53.155 μs ; 53.441 μs) | @@@@@@@@@@@@@@@
---------------------------------------------------

JsonSerializationBenchmarks.Jil_Deserialize_Medium: Overhead-Fixed-NoEnergy-4(OutlierMode=DontRemove, IterationCount=15, IterationTime=1s, LaunchCount=1, WarmupCount=6)
Runtime = .NET 8.0.21 (8.0.21, 8.0.2125.47513), X64 RyuJIT x86-64-v4; GC = Concurrent Workstation
Mean = 55.234 μs, StdErr = 0.024 μs (0.04%), N = 15, StdDev = 0.092 μs
Min = 55.149 μs, Q1 = 55.201 μs, Median = 55.208 μs, Q3 = 55.226 μs, Max = 55.539 μs
IQR = 0.025 μs, LowerFence = 55.163 μs, UpperFence = 55.264 μs
ConfidenceInterval = [55.135 μs; 55.332 μs] (CI 99.9%), Margin = 0.098 μs (0.18% of Mean)
Skewness = 2.35, Kurtosis = 8.12, MValue = 2
-------------------- Histogram --------------------
[55.100 μs ; 55.588 μs) | @@@@@@@@@@@@@@@
---------------------------------------------------

JsonSerializationBenchmarks.Utf8Json_Deserialize_Medium: Overhead-Fixed-NoEnergy-4(OutlierMode=DontRemove, IterationCount=15, IterationTime=1s, LaunchCount=1, WarmupCount=6)
Runtime = .NET 8.0.21 (8.0.21, 8.0.2125.47513), X64 RyuJIT x86-64-v4; GC = Concurrent Workstation
Mean = 61.858 μs, StdErr = 0.020 μs (0.03%), N = 15, StdDev = 0.077 μs
Min = 61.780 μs, Q1 = 61.815 μs, Median = 61.837 μs, Q3 = 61.860 μs, Max = 62.086 μs
IQR = 0.046 μs, LowerFence = 61.746 μs, UpperFence = 61.929 μs
ConfidenceInterval = [61.775 μs; 61.941 μs] (CI 99.9%), Margin = 0.083 μs (0.13% of Mean)
Skewness = 1.74, Kurtosis = 5.43, MValue = 2
-------------------- Histogram --------------------
[61.739 μs ; 62.127 μs) | @@@@@@@@@@@@@@@
---------------------------------------------------

JsonSerializationBenchmarks.Newtonsoft_Deserialize_Medium: Overhead-Fixed-NoEnergy-4(OutlierMode=DontRemove, IterationCount=15, IterationTime=1s, LaunchCount=1, WarmupCount=6)
Runtime = .NET 8.0.21 (8.0.21, 8.0.2125.47513), X64 RyuJIT x86-64-v4; GC = Concurrent Workstation
Mean = 67.358 μs, StdErr = 0.034 μs (0.05%), N = 15, StdDev = 0.130 μs
Min = 67.103 μs, Q1 = 67.291 μs, Median = 67.353 μs, Q3 = 67.438 μs, Max = 67.586 μs
IQR = 0.148 μs, LowerFence = 67.069 μs, UpperFence = 67.659 μs
ConfidenceInterval = [67.219 μs; 67.497 μs] (CI 99.9%), Margin = 0.139 μs (0.21% of Mean)
Skewness = -0.34, Kurtosis = 2.46, MValue = 2
-------------------- Histogram --------------------
[67.033 μs ; 67.656 μs) | @@@@@@@@@@@@@@@
---------------------------------------------------

JsonSerializationBenchmarks.SpanJson_Deserialize_Small: Overhead-Fixed-NoEnergy-4(OutlierMode=DontRemove, IterationCount=15, IterationTime=1s, LaunchCount=1, WarmupCount=6)
Runtime = .NET 8.0.21 (8.0.21, 8.0.2125.47513), X64 RyuJIT x86-64-v4; GC = Concurrent Workstation
Mean = 1.175 μs, StdErr = 0.001 μs (0.05%), N = 15, StdDev = 0.002 μs
Min = 1.173 μs, Q1 = 1.174 μs, Median = 1.174 μs, Q3 = 1.176 μs, Max = 1.182 μs
IQR = 0.002 μs, LowerFence = 1.170 μs, UpperFence = 1.180 μs
ConfidenceInterval = [1.173 μs; 1.178 μs] (CI 99.9%), Margin = 0.003 μs (0.22% of Mean)
Skewness = 1.32, Kurtosis = 3.82, MValue = 2
-------------------- Histogram --------------------
[1.171 μs ; 1.183 μs) | @@@@@@@@@@@@@@@
---------------------------------------------------

JsonSerializationBenchmarks.Utf8Json_Deserialize_Small: Overhead-Fixed-NoEnergy-4(OutlierMode=DontRemove, IterationCount=15, IterationTime=1s, LaunchCount=1, WarmupCount=6)
Runtime = .NET 8.0.21 (8.0.21, 8.0.2125.47513), X64 RyuJIT x86-64-v4; GC = Concurrent Workstation
Mean = 1.966 μs, StdErr = 0.001 μs (0.04%), N = 15, StdDev = 0.003 μs
Min = 1.962 μs, Q1 = 1.965 μs, Median = 1.965 μs, Q3 = 1.967 μs, Max = 1.974 μs
IQR = 0.003 μs, LowerFence = 1.960 μs, UpperFence = 1.972 μs
ConfidenceInterval = [1.963 μs; 1.969 μs] (CI 99.9%), Margin = 0.003 μs (0.16% of Mean)
Skewness = 1.02, Kurtosis = 3.55, MValue = 2
-------------------- Histogram --------------------
[1.960 μs ; 1.975 μs) | @@@@@@@@@@@@@@@
---------------------------------------------------

JsonSerializationBenchmarks.STJ_Deserialize_Small: Overhead-Fixed-NoEnergy-4(OutlierMode=DontRemove, IterationCount=15, IterationTime=1s, LaunchCount=1, WarmupCount=6)
Runtime = .NET 8.0.21 (8.0.21, 8.0.2125.47513), X64 RyuJIT x86-64-v4; GC = Concurrent Workstation
Mean = 2.020 μs, StdErr = 0.002 μs (0.09%), N = 15, StdDev = 0.007 μs
Min = 2.009 μs, Q1 = 2.015 μs, Median = 2.018 μs, Q3 = 2.026 μs, Max = 2.031 μs
IQR = 0.011 μs, LowerFence = 1.998 μs, UpperFence = 2.043 μs
ConfidenceInterval = [2.013 μs; 2.028 μs] (CI 99.9%), Margin = 0.007 μs (0.37% of Mean)
Skewness = 0.17, Kurtosis = 1.51, MValue = 2
-------------------- Histogram --------------------
[2.005 μs ; 2.035 μs) | @@@@@@@@@@@@@@@
---------------------------------------------------

JsonSerializationBenchmarks.Jil_Deserialize_Small: Overhead-Fixed-NoEnergy-4(OutlierMode=DontRemove, IterationCount=15, IterationTime=1s, LaunchCount=1, WarmupCount=6)
Runtime = .NET 8.0.21 (8.0.21, 8.0.2125.47513), X64 RyuJIT x86-64-v4; GC = Concurrent Workstation
Mean = 2.365 μs, StdErr = 0.001 μs (0.05%), N = 15, StdDev = 0.004 μs
Min = 2.355 μs, Q1 = 2.364 μs, Median = 2.365 μs, Q3 = 2.365 μs, Max = 2.376 μs
IQR = 0.002 μs, LowerFence = 2.361 μs, UpperFence = 2.367 μs
ConfidenceInterval = [2.360 μs; 2.369 μs] (CI 99.9%), Margin = 0.004 μs (0.19% of Mean)
Skewness = 0.55, Kurtosis = 5.41, MValue = 2
-------------------- Histogram --------------------
[2.353 μs ; 2.378 μs) | @@@@@@@@@@@@@@@
---------------------------------------------------

JsonSerializationBenchmarks.Newtonsoft_Deserialize_Small: Overhead-Fixed-NoEnergy-4(OutlierMode=DontRemove, IterationCount=15, IterationTime=1s, LaunchCount=1, WarmupCount=6)
Runtime = .NET 8.0.21 (8.0.21, 8.0.2125.47513), X64 RyuJIT x86-64-v4; GC = Concurrent Workstation
Mean = 3.620 μs, StdErr = 0.001 μs (0.02%), N = 15, StdDev = 0.003 μs
Min = 3.618 μs, Q1 = 3.619 μs, Median = 3.620 μs, Q3 = 3.621 μs, Max = 3.629 μs
IQR = 0.001 μs, LowerFence = 3.617 μs, UpperFence = 3.623 μs
ConfidenceInterval = [3.617 μs; 3.623 μs] (CI 99.9%), Margin = 0.003 μs (0.08% of Mean)
Skewness = 2.1, Kurtosis = 7.35, MValue = 2
-------------------- Histogram --------------------
[3.616 μs ; 3.631 μs) | @@@@@@@@@@@@@@@
---------------------------------------------------

JsonSerializationBenchmarks.SpanJson_Serialize_Large: Overhead-Fixed-NoEnergy-4(OutlierMode=DontRemove, IterationCount=15, IterationTime=1s, LaunchCount=1, WarmupCount=6)
Runtime = .NET 8.0.21 (8.0.21, 8.0.2125.47513), X64 RyuJIT x86-64-v4; GC = Concurrent Workstation
Mean = 162.106 μs, StdErr = 0.304 μs (0.19%), N = 15, StdDev = 1.178 μs
Min = 160.072 μs, Q1 = 161.461 μs, Median = 162.413 μs, Q3 = 162.886 μs, Max = 163.688 μs
IQR = 1.425 μs, LowerFence = 159.323 μs, UpperFence = 165.024 μs
ConfidenceInterval = [160.847 μs; 163.365 μs] (CI 99.9%), Margin = 1.259 μs (0.78% of Mean)
Skewness = -0.49, Kurtosis = 1.84, MValue = 2
-------------------- Histogram --------------------
[159.445 μs ; 163.942 μs) | @@@@@@@@@@@@@@@
---------------------------------------------------

JsonSerializationBenchmarks.STJ_Serialize_Large: Overhead-Fixed-NoEnergy-4(OutlierMode=DontRemove, IterationCount=15, IterationTime=1s, LaunchCount=1, WarmupCount=6)
Runtime = .NET 8.0.21 (8.0.21, 8.0.2125.47513), X64 RyuJIT x86-64-v4; GC = Concurrent Workstation
Mean = 187.254 μs, StdErr = 0.078 μs (0.04%), N = 15, StdDev = 0.301 μs
Min = 186.562 μs, Q1 = 187.112 μs, Median = 187.232 μs, Q3 = 187.352 μs, Max = 187.904 μs
IQR = 0.240 μs, LowerFence = 186.752 μs, UpperFence = 187.712 μs
ConfidenceInterval = [186.932 μs; 187.576 μs] (CI 99.9%), Margin = 0.322 μs (0.17% of Mean)
Skewness = 0.03, Kurtosis = 3.57, MValue = 2
-------------------- Histogram --------------------
[186.402 μs ; 188.065 μs) | @@@@@@@@@@@@@@@
---------------------------------------------------

JsonSerializationBenchmarks.Jil_Serialize_Large: Overhead-Fixed-NoEnergy-4(OutlierMode=DontRemove, IterationCount=15, IterationTime=1s, LaunchCount=1, WarmupCount=6)
Runtime = .NET 8.0.21 (8.0.21, 8.0.2125.47513), X64 RyuJIT x86-64-v4; GC = Concurrent Workstation
Mean = 284.226 μs, StdErr = 0.083 μs (0.03%), N = 15, StdDev = 0.321 μs
Min = 283.946 μs, Q1 = 284.052 μs, Median = 284.178 μs, Q3 = 284.239 μs, Max = 285.318 μs
IQR = 0.187 μs, LowerFence = 283.772 μs, UpperFence = 284.518 μs
ConfidenceInterval = [283.882 μs; 284.570 μs] (CI 99.9%), Margin = 0.344 μs (0.12% of Mean)
Skewness = 2.52, Kurtosis = 8.94, MValue = 2
-------------------- Histogram --------------------
[283.775 μs ; 285.489 μs) | @@@@@@@@@@@@@@@
---------------------------------------------------

JsonSerializationBenchmarks.Utf8Json_Serialize_Large: Overhead-Fixed-NoEnergy-4(OutlierMode=DontRemove, IterationCount=15, IterationTime=1s, LaunchCount=1, WarmupCount=6)
Runtime = .NET 8.0.21 (8.0.21, 8.0.2125.47513), X64 RyuJIT x86-64-v4; GC = Concurrent Workstation
Mean = 287.843 μs, StdErr = 0.253 μs (0.09%), N = 15, StdDev = 0.981 μs
Min = 286.360 μs, Q1 = 287.225 μs, Median = 287.615 μs, Q3 = 288.192 μs, Max = 290.592 μs
IQR = 0.967 μs, LowerFence = 285.775 μs, UpperFence = 289.643 μs
ConfidenceInterval = [286.794 μs; 288.892 μs] (CI 99.9%), Margin = 1.049 μs (0.36% of Mean)
Skewness = 1.19, Kurtosis = 4.59, MValue = 2
-------------------- Histogram --------------------
[285.838 μs ; 291.115 μs) | @@@@@@@@@@@@@@@
---------------------------------------------------

JsonSerializationBenchmarks.Newtonsoft_Serialize_Large: Overhead-Fixed-NoEnergy-4(OutlierMode=DontRemove, IterationCount=15, IterationTime=1s, LaunchCount=1, WarmupCount=6)
Runtime = .NET 8.0.21 (8.0.21, 8.0.2125.47513), X64 RyuJIT x86-64-v4; GC = Concurrent Workstation
Mean = 303.880 μs, StdErr = 0.053 μs (0.02%), N = 15, StdDev = 0.206 μs
Min = 303.510 μs, Q1 = 303.790 μs, Median = 303.847 μs, Q3 = 303.999 μs, Max = 304.371 μs
IQR = 0.208 μs, LowerFence = 303.478 μs, UpperFence = 304.311 μs
ConfidenceInterval = [303.659 μs; 304.100 μs] (CI 99.9%), Margin = 0.220 μs (0.07% of Mean)
Skewness = 0.37, Kurtosis = 3.22, MValue = 2
-------------------- Histogram --------------------
[303.400 μs ; 304.481 μs) | @@@@@@@@@@@@@@@
---------------------------------------------------

JsonSerializationBenchmarks.Jil_Serialize_Medium: Overhead-Fixed-NoEnergy-4(OutlierMode=DontRemove, IterationCount=15, IterationTime=1s, LaunchCount=1, WarmupCount=6)
Runtime = .NET 8.0.21 (8.0.21, 8.0.2125.47513), X64 RyuJIT x86-64-v4; GC = Concurrent Workstation
Mean = 37.270 μs, StdErr = 0.031 μs (0.08%), N = 15, StdDev = 0.118 μs
Min = 37.024 μs, Q1 = 37.227 μs, Median = 37.302 μs, Q3 = 37.350 μs, Max = 37.457 μs
IQR = 0.123 μs, LowerFence = 37.043 μs, UpperFence = 37.534 μs
ConfidenceInterval = [37.144 μs; 37.397 μs] (CI 99.9%), Margin = 0.126 μs (0.34% of Mean)
Skewness = -0.71, Kurtosis = 2.65, MValue = 2
-------------------- Histogram --------------------
[36.961 μs ; 37.520 μs) | @@@@@@@@@@@@@@@
---------------------------------------------------

JsonSerializationBenchmarks.SpanJson_Serialize_Medium: Overhead-Fixed-NoEnergy-4(OutlierMode=DontRemove, IterationCount=15, IterationTime=1s, LaunchCount=1, WarmupCount=6)
Runtime = .NET 8.0.21 (8.0.21, 8.0.2125.47513), X64 RyuJIT x86-64-v4; GC = Concurrent Workstation
Mean = 38.910 μs, StdErr = 0.108 μs (0.28%), N = 15, StdDev = 0.419 μs
Min = 38.329 μs, Q1 = 38.489 μs, Median = 39.001 μs, Q3 = 39.249 μs, Max = 39.543 μs
IQR = 0.760 μs, LowerFence = 37.348 μs, UpperFence = 40.389 μs
ConfidenceInterval = [38.463 μs; 39.358 μs] (CI 99.9%), Margin = 0.448 μs (1.15% of Mean)
Skewness = -0.14, Kurtosis = 1.32, MValue = 2
-------------------- Histogram --------------------
[38.106 μs ; 39.558 μs) | @@@@@@@@@@@@@@@
---------------------------------------------------

JsonSerializationBenchmarks.STJ_Serialize_Medium: Overhead-Fixed-NoEnergy-4(OutlierMode=DontRemove, IterationCount=15, IterationTime=1s, LaunchCount=1, WarmupCount=6)
Runtime = .NET 8.0.21 (8.0.21, 8.0.2125.47513), X64 RyuJIT x86-64-v4; GC = Concurrent Workstation
Mean = 46.971 μs, StdErr = 0.064 μs (0.14%), N = 15, StdDev = 0.249 μs
Min = 46.578 μs, Q1 = 46.805 μs, Median = 46.908 μs, Q3 = 47.189 μs, Max = 47.360 μs
IQR = 0.384 μs, LowerFence = 46.229 μs, UpperFence = 47.765 μs
ConfidenceInterval = [46.704 μs; 47.237 μs] (CI 99.9%), Margin = 0.266 μs (0.57% of Mean)
Skewness = 0.33, Kurtosis = 1.69, MValue = 2
-------------------- Histogram --------------------
[46.445 μs ; 47.493 μs) | @@@@@@@@@@@@@@@
---------------------------------------------------

JsonSerializationBenchmarks.Newtonsoft_Serialize_Medium: Overhead-Fixed-NoEnergy-4(OutlierMode=DontRemove, IterationCount=15, IterationTime=1s, LaunchCount=1, WarmupCount=6)
Runtime = .NET 8.0.21 (8.0.21, 8.0.2125.47513), X64 RyuJIT x86-64-v4; GC = Concurrent Workstation
Mean = 53.531 μs, StdErr = 0.065 μs (0.12%), N = 15, StdDev = 0.251 μs
Min = 53.157 μs, Q1 = 53.370 μs, Median = 53.447 μs, Q3 = 53.630 μs, Max = 54.142 μs
IQR = 0.260 μs, LowerFence = 52.980 μs, UpperFence = 54.021 μs
ConfidenceInterval = [53.263 μs; 53.799 μs] (CI 99.9%), Margin = 0.268 μs (0.50% of Mean)
Skewness = 0.9, Kurtosis = 3.06, MValue = 2
-------------------- Histogram --------------------
[53.024 μs ; 54.275 μs) | @@@@@@@@@@@@@@@
---------------------------------------------------

JsonSerializationBenchmarks.Utf8Json_Serialize_Medium: Overhead-Fixed-NoEnergy-4(OutlierMode=DontRemove, IterationCount=15, IterationTime=1s, LaunchCount=1, WarmupCount=6)
Runtime = .NET 8.0.21 (8.0.21, 8.0.2125.47513), X64 RyuJIT x86-64-v4; GC = Concurrent Workstation
Mean = 58.512 μs, StdErr = 0.330 μs (0.56%), N = 15, StdDev = 1.280 μs
Min = 56.739 μs, Q1 = 57.768 μs, Median = 58.392 μs, Q3 = 59.381 μs, Max = 60.736 μs
IQR = 1.612 μs, LowerFence = 55.350 μs, UpperFence = 61.799 μs
ConfidenceInterval = [57.143 μs; 59.880 μs] (CI 99.9%), Margin = 1.368 μs (2.34% of Mean)
Skewness = 0.29, Kurtosis = 1.76, MValue = 2
-------------------- Histogram --------------------
[56.058 μs ; 57.531 μs) | @@@
[57.531 μs ; 58.893 μs) | @@@@@@@
[58.893 μs ; 60.879 μs) | @@@@@
---------------------------------------------------

JsonSerializationBenchmarks.Utf8Json_Serialize_Small: Overhead-Fixed-NoEnergy-4(OutlierMode=DontRemove, IterationCount=15, IterationTime=1s, LaunchCount=1, WarmupCount=6)
Runtime = .NET 8.0.21 (8.0.21, 8.0.2125.47513), X64 RyuJIT x86-64-v4; GC = Concurrent Workstation
Mean = 875.312 ns, StdErr = 0.234 ns (0.03%), N = 15, StdDev = 0.908 ns
Min = 874.119 ns, Q1 = 874.751 ns, Median = 875.257 ns, Q3 = 875.501 ns, Max = 877.255 ns
IQR = 0.750 ns, LowerFence = 873.626 ns, UpperFence = 876.625 ns
ConfidenceInterval = [874.341 ns; 876.282 ns] (CI 99.9%), Margin = 0.971 ns (0.11% of Mean)
Skewness = 0.76, Kurtosis = 2.61, MValue = 2
-------------------- Histogram --------------------
[873.636 ns ; 877.738 ns) | @@@@@@@@@@@@@@@
---------------------------------------------------

JsonSerializationBenchmarks.SpanJson_Serialize_Small: Overhead-Fixed-NoEnergy-4(OutlierMode=DontRemove, IterationCount=15, IterationTime=1s, LaunchCount=1, WarmupCount=6)
Runtime = .NET 8.0.21 (8.0.21, 8.0.2125.47513), X64 RyuJIT x86-64-v4; GC = Concurrent Workstation
Mean = 1.206 μs, StdErr = 0.001 μs (0.07%), N = 15, StdDev = 0.003 μs
Min = 1.200 μs, Q1 = 1.205 μs, Median = 1.207 μs, Q3 = 1.208 μs, Max = 1.212 μs
IQR = 0.003 μs, LowerFence = 1.200 μs, UpperFence = 1.213 μs
ConfidenceInterval = [1.203 μs; 1.210 μs] (CI 99.9%), Margin = 0.003 μs (0.28% of Mean)
Skewness = -0.28, Kurtosis = 2.37, MValue = 2
-------------------- Histogram --------------------
[1.198 μs ; 1.213 μs) | @@@@@@@@@@@@@@@
---------------------------------------------------

JsonSerializationBenchmarks.STJ_Serialize_Small: Overhead-Fixed-NoEnergy-4(OutlierMode=DontRemove, IterationCount=15, IterationTime=1s, LaunchCount=1, WarmupCount=6)
Runtime = .NET 8.0.21 (8.0.21, 8.0.2125.47513), X64 RyuJIT x86-64-v4; GC = Concurrent Workstation
Mean = 1.258 μs, StdErr = 0.000 μs (0.03%), N = 15, StdDev = 0.002 μs
Min = 1.253 μs, Q1 = 1.258 μs, Median = 1.259 μs, Q3 = 1.259 μs, Max = 1.260 μs
IQR = 0.001 μs, LowerFence = 1.256 μs, UpperFence = 1.261 μs
ConfidenceInterval = [1.257 μs; 1.260 μs] (CI 99.9%), Margin = 0.002 μs (0.14% of Mean)
Skewness = -1.99, Kurtosis = 7.02, MValue = 2
-------------------- Histogram --------------------
[1.252 μs ; 1.261 μs) | @@@@@@@@@@@@@@@
---------------------------------------------------

JsonSerializationBenchmarks.Jil_Serialize_Small: Overhead-Fixed-NoEnergy-4(OutlierMode=DontRemove, IterationCount=15, IterationTime=1s, LaunchCount=1, WarmupCount=6)
Runtime = .NET 8.0.21 (8.0.21, 8.0.2125.47513), X64 RyuJIT x86-64-v4; GC = Concurrent Workstation
Mean = 1.720 μs, StdErr = 0.001 μs (0.04%), N = 15, StdDev = 0.002 μs
Min = 1.713 μs, Q1 = 1.719 μs, Median = 1.720 μs, Q3 = 1.721 μs, Max = 1.722 μs
IQR = 0.003 μs, LowerFence = 1.715 μs, UpperFence = 1.725 μs
ConfidenceInterval = [1.717 μs; 1.722 μs] (CI 99.9%), Margin = 0.003 μs (0.15% of Mean)
Skewness = -1.55, Kurtosis = 5.53, MValue = 2
-------------------- Histogram --------------------
[1.711 μs ; 1.724 μs) | @@@@@@@@@@@@@@@
---------------------------------------------------

JsonSerializationBenchmarks.Newtonsoft_Serialize_Small: Overhead-Fixed-NoEnergy-4(OutlierMode=DontRemove, IterationCount=15, IterationTime=1s, LaunchCount=1, WarmupCount=6)
Runtime = .NET 8.0.21 (8.0.21, 8.0.2125.47513), X64 RyuJIT x86-64-v4; GC = Concurrent Workstation
Mean = 2.184 μs, StdErr = 0.001 μs (0.04%), N = 15, StdDev = 0.003 μs
Min = 2.175 μs, Q1 = 2.182 μs, Median = 2.184 μs, Q3 = 2.185 μs, Max = 2.190 μs
IQR = 0.003 μs, LowerFence = 2.178 μs, UpperFence = 2.189 μs
ConfidenceInterval = [2.180 μs; 2.187 μs] (CI 99.9%), Margin = 0.004 μs (0.17% of Mean)
Skewness = -0.62, Kurtosis = 3.52, MValue = 2
-------------------- Histogram --------------------
[2.173 μs ; 2.191 μs) | @@@@@@@@@@@@@@@
---------------------------------------------------

// * Summary *

BenchmarkDotNet v0.15.5-develop (2025-12-31), Linux Ubuntu 24.04.3 LTS (Noble Numbat)
11th Gen Intel Core i7-11700KF 3.60GHz (Max: 0.80GHz), 1 CPU, 16 logical and 8 physical cores
.NET SDK 8.0.121
  [Host]                    : .NET 8.0.21 (8.0.21, 8.0.2125.47513), X64 RyuJIT x86-64-v4
  Overhead-Fixed-NoEnergy-4 : .NET 8.0.21 (8.0.21, 8.0.2125.47513), X64 RyuJIT x86-64-v4

Job=Overhead-Fixed-NoEnergy-4  OutlierMode=DontRemove  IterationCount=15  
IterationTime=1s  LaunchCount=1  WarmupCount=6  

| Method                        | Mean         | Error       | StdDev      | Operations | Iterations | Ratio | MannWhitney(3%) | RatioSD | Rank |
|------------------------------ |-------------:|------------:|------------:|-----------:|-----------:|------:|---------------- |--------:|-----:|
| SpanJson_Deserialize_Large    | 152,529.4 ns |   148.41 ns |   138.82 ns |      6,567 |      15.00 |  0.76 | Faster          |    0.00 |    1 |
| STJ_Deserialize_Large         | 201,400.5 ns |   561.17 ns |   524.92 ns |      4,992 |      15.00 |  1.00 | Baseline        |    0.00 |    2 |
| Jil_Deserialize_Large         | 212,486.9 ns |   240.36 ns |   224.84 ns |      4,717 |      15.00 |  1.06 | Slower          |    0.00 |    3 |
| Newtonsoft_Deserialize_Large  | 243,555.3 ns |   513.27 ns |   480.11 ns |      4,144 |      15.00 |  1.21 | Slower          |    0.00 |    4 |
| Utf8Json_Deserialize_Large    | 278,085.2 ns | 1,536.38 ns | 1,437.13 ns |      3,600 |      15.00 |  1.38 | Slower          |    0.01 |    5 |
|                               |              |             |             |            |            |       |                 |         |      |
| SpanJson_Deserialize_Medium   |  40,325.5 ns |    58.72 ns |    54.92 ns |     24,820 |      15.00 |  0.76 | Faster          |    0.00 |    1 |
| STJ_Deserialize_Medium        |  53,254.2 ns |    60.11 ns |    56.23 ns |     18,832 |      15.00 |  1.00 | Baseline        |    0.00 |    2 |
| Jil_Deserialize_Medium        |  55,233.8 ns |    98.41 ns |    92.05 ns |     18,122 |      15.00 |  1.04 | Slower          |    0.00 |    3 |
| Utf8Json_Deserialize_Medium   |  61,858.0 ns |    82.62 ns |    77.28 ns |     16,144 |      15.00 |  1.16 | Slower          |    0.00 |    4 |
| Newtonsoft_Deserialize_Medium |  67,357.9 ns |   139.35 ns |   130.35 ns |     14,880 |      15.00 |  1.26 | Slower          |    0.00 |    5 |
|                               |              |             |             |            |            |       |                 |         |      |
| SpanJson_Deserialize_Small    |   1,175.2 ns |     2.64 ns |     2.47 ns |    848,896 |      15.00 |  0.58 | Faster          |    0.00 |    1 |
| Utf8Json_Deserialize_Small    |   1,966.2 ns |     3.12 ns |     2.92 ns |    507,680 |      15.00 |  0.97 | Same            |    0.00 |    2 |
| STJ_Deserialize_Small         |   2,020.3 ns |     7.41 ns |     6.93 ns |    495,392 |      15.00 |  1.00 | Baseline        |    0.00 |    3 |
| Jil_Deserialize_Small         |   2,364.7 ns |     4.44 ns |     4.15 ns |    424,417 |      15.00 |  1.17 | Slower          |    0.00 |    4 |
| Newtonsoft_Deserialize_Small  |   3,620.3 ns |     3.03 ns |     2.84 ns |    276,224 |      15.00 |  1.79 | Slower          |    0.01 |    5 |
|                               |              |             |             |            |            |       |                 |         |      |
| SpanJson_Serialize_Large      | 162,105.9 ns | 1,259.23 ns | 1,177.88 ns |      6,164 |      15.00 |  0.87 | Faster          |    0.01 |    1 |
| STJ_Serialize_Large           | 187,253.8 ns |   321.88 ns |   301.08 ns |      5,376 |      15.00 |  1.00 | Baseline        |    0.00 |    2 |
| Jil_Serialize_Large           | 284,226.0 ns |   343.63 ns |   321.43 ns |      3,520 |      15.00 |  1.52 | Slower          |    0.00 |    3 |
| Utf8Json_Serialize_Large      | 287,842.8 ns | 1,049.24 ns |   981.46 ns |      3,472 |      15.00 |  1.54 | Slower          |    0.01 |    3 |
| Newtonsoft_Serialize_Large    | 303,880.0 ns |   220.49 ns |   206.25 ns |      3,296 |      15.00 |  1.62 | Slower          |    0.00 |    4 |
|                               |              |             |             |            |            |       |                 |         |      |
| Jil_Serialize_Medium          |  37,270.4 ns |   126.35 ns |   118.19 ns |     26,872 |      15.00 |  0.79 | Faster          |    0.00 |    1 |
| SpanJson_Serialize_Medium     |  38,910.3 ns |   447.76 ns |   418.83 ns |     25,948 |      15.00 |  0.83 | Faster          |    0.01 |    2 |
| STJ_Serialize_Medium          |  46,970.5 ns |   266.37 ns |   249.16 ns |     21,120 |      15.00 |  1.00 | Baseline        |    0.01 |    3 |
| Newtonsoft_Serialize_Medium   |  53,531.0 ns |   268.06 ns |   250.75 ns |     18,784 |      15.00 |  1.14 | Slower          |    0.01 |    4 |
| Utf8Json_Serialize_Medium     |  58,511.7 ns | 1,368.41 ns | 1,280.01 ns |     17,616 |      15.00 |  1.25 | Slower          |    0.03 |    5 |
|                               |              |             |             |            |            |       |                 |         |      |
| Utf8Json_Serialize_Small      |     875.3 ns |     0.97 ns |     0.91 ns |  1,138,112 |      15.00 |  0.70 | Faster          |    0.00 |    1 |
| SpanJson_Serialize_Small      |   1,206.5 ns |     3.32 ns |     3.11 ns |    823,376 |      15.00 |  0.96 | Faster          |    0.00 |    2 |
| STJ_Serialize_Small           |   1,258.4 ns |     1.81 ns |     1.69 ns |    795,488 |      15.00 |  1.00 | Baseline        |    0.00 |    3 |
| Jil_Serialize_Small           |   1,719.7 ns |     2.55 ns |     2.38 ns |    583,691 |      15.00 |  1.37 | Slower          |    0.00 |    4 |
| Newtonsoft_Serialize_Small    |   2,183.5 ns |     3.66 ns |     3.42 ns |    457,600 |      15.00 |  1.74 | Slower          |    0.00 |    5 |

// * Hints *
Outliers
  JsonSerializationBenchmarks.SpanJson_Deserialize_Large: Overhead-Fixed-NoEnergy-4   -> 3 outliers were detected (152.38 μs, 152.38 μs, 152.97 μs)
  JsonSerializationBenchmarks.STJ_Deserialize_Large: Overhead-Fixed-NoEnergy-4        -> 1 outlier  was  detected (203.17 μs)
  JsonSerializationBenchmarks.Jil_Deserialize_Large: Overhead-Fixed-NoEnergy-4        -> 1 outlier  was  detected (211.82 μs)
  JsonSerializationBenchmarks.Newtonsoft_Deserialize_Large: Overhead-Fixed-NoEnergy-4 -> 2 outliers were detected (242.67 μs, 244.70 μs)
  JsonSerializationBenchmarks.Utf8Json_Deserialize_Large: Overhead-Fixed-NoEnergy-4   -> 2 outliers were detected (274.38 μs, 274.77 μs)
  JsonSerializationBenchmarks.STJ_Deserialize_Medium: Overhead-Fixed-NoEnergy-4       -> 1 outlier  was  detected (53.42 μs)
  JsonSerializationBenchmarks.Jil_Deserialize_Medium: Overhead-Fixed-NoEnergy-4       -> 4 outliers were detected (55.15 μs, 55.28 μs..55.54 μs)
  JsonSerializationBenchmarks.Utf8Json_Deserialize_Medium: Overhead-Fixed-NoEnergy-4  -> 2 outliers were detected (61.97 μs, 62.09 μs)
  JsonSerializationBenchmarks.SpanJson_Deserialize_Small: Overhead-Fixed-NoEnergy-4   -> 1 outlier  was  detected (1.19 μs)
  JsonSerializationBenchmarks.Utf8Json_Deserialize_Small: Overhead-Fixed-NoEnergy-4   -> 1 outlier  was  detected (1.98 μs)
  JsonSerializationBenchmarks.Jil_Deserialize_Small: Overhead-Fixed-NoEnergy-4        -> 3 outliers were detected (2.36 μs, 2.37 μs, 2.38 μs)
  JsonSerializationBenchmarks.Newtonsoft_Deserialize_Small: Overhead-Fixed-NoEnergy-4 -> 1 outlier  was  detected (3.63 μs)
  JsonSerializationBenchmarks.STJ_Serialize_Large: Overhead-Fixed-NoEnergy-4          -> 2 outliers were detected (186.57 μs, 187.91 μs)
  JsonSerializationBenchmarks.Jil_Serialize_Large: Overhead-Fixed-NoEnergy-4          -> 1 outlier  was  detected (285.32 μs)
  JsonSerializationBenchmarks.Utf8Json_Serialize_Large: Overhead-Fixed-NoEnergy-4     -> 1 outlier  was  detected (290.60 μs)
  JsonSerializationBenchmarks.Newtonsoft_Serialize_Large: Overhead-Fixed-NoEnergy-4   -> 1 outlier  was  detected (304.37 μs)
  JsonSerializationBenchmarks.Jil_Serialize_Medium: Overhead-Fixed-NoEnergy-4         -> 1 outlier  was  detected (37.02 μs)
  JsonSerializationBenchmarks.Newtonsoft_Serialize_Medium: Overhead-Fixed-NoEnergy-4  -> 1 outlier  was  detected (54.15 μs)
  JsonSerializationBenchmarks.Utf8Json_Serialize_Small: Overhead-Fixed-NoEnergy-4     -> 2 outliers were detected (880.37 ns, 880.65 ns)
  JsonSerializationBenchmarks.SpanJson_Serialize_Small: Overhead-Fixed-NoEnergy-4     -> 1 outlier  was  detected (1.20 μs)
  JsonSerializationBenchmarks.STJ_Serialize_Small: Overhead-Fixed-NoEnergy-4          -> 1 outlier  was  detected (1.26 μs)
  JsonSerializationBenchmarks.Jil_Serialize_Small: Overhead-Fixed-NoEnergy-4          -> 1 outlier  was  detected (1.71 μs)
  JsonSerializationBenchmarks.Newtonsoft_Serialize_Small: Overhead-Fixed-NoEnergy-4   -> 2 outliers were detected (2.18 μs, 2.19 μs)

// * Legends *
  Mean            : Arithmetic mean of all measurements
  Error           : Half of 99.9% confidence interval
  StdDev          : Standard deviation of all measurements
  Operations      : Actual invocations per measured iteration (from measurements)
  Iterations      : Number of target iterations
  Ratio           : Mean of the ratio distribution ([Current]/[Baseline])
  MannWhitney(3%) : MannWhitney-based equivalence test (threshold=3%, alpha = 1E-05)
  RatioSD         : Standard deviation of the ratio distribution ([Current]/[Baseline])
  Rank            : Relative position of current benchmark mean among all benchmarks (Arabic style)
  1 ns            : 1 Nanosecond (0.000000001 sec)

// ***** BenchmarkRunner: End *****
Run time: 00:13:20 (800.36 sec), executed benchmarks: 30

Global total time: 00:13:31 (811.1 sec), executed benchmarks: 30
// * Artifacts cleanup *
Artifacts cleanup is finished
