// Validating benchmarks:
// ***** BenchmarkRunner: Start   *****
// ***** Found 30 benchmark(s) in total *****
// ***** Building 1 exe(s) in Parallel: Start   *****
// start dotnet  restore --nodeReuse:false /p:UseSharedCompilation=false /p:Deterministic=true /p:Optimize=true /p:ArtifactsPath="/home/test/rapl-tests/lib-energy-bench/src/Serialization.Bench/bin/Release/net8.0/Serialization.Bench-Overhead-Fixed-NoEnergy-3-1/" /p:OutDir="/home/test/rapl-tests/lib-energy-bench/src/Serialization.Bench/bin/Release/net8.0/Serialization.Bench-Overhead-Fixed-NoEnergy-3-1/bin/Release/net8.0/" /p:OutputPath="/home/test/rapl-tests/lib-energy-bench/src/Serialization.Bench/bin/Release/net8.0/Serialization.Bench-Overhead-Fixed-NoEnergy-3-1/bin/Release/net8.0/" /p:PublishDir="/home/test/rapl-tests/lib-energy-bench/src/Serialization.Bench/bin/Release/net8.0/Serialization.Bench-Overhead-Fixed-NoEnergy-3-1/publish/" in /home/test/rapl-tests/lib-energy-bench/src/Serialization.Bench/bin/Release/net8.0/Serialization.Bench-Overhead-Fixed-NoEnergy-3-1
// command took 3.19 sec and exited with 0
// start dotnet  build -c Release --no-restore --nodeReuse:false /p:UseSharedCompilation=false /p:Deterministic=true /p:Optimize=true /p:ArtifactsPath="/home/test/rapl-tests/lib-energy-bench/src/Serialization.Bench/bin/Release/net8.0/Serialization.Bench-Overhead-Fixed-NoEnergy-3-1/" /p:OutDir="/home/test/rapl-tests/lib-energy-bench/src/Serialization.Bench/bin/Release/net8.0/Serialization.Bench-Overhead-Fixed-NoEnergy-3-1/bin/Release/net8.0/" /p:OutputPath="/home/test/rapl-tests/lib-energy-bench/src/Serialization.Bench/bin/Release/net8.0/Serialization.Bench-Overhead-Fixed-NoEnergy-3-1/bin/Release/net8.0/" /p:PublishDir="/home/test/rapl-tests/lib-energy-bench/src/Serialization.Bench/bin/Release/net8.0/Serialization.Bench-Overhead-Fixed-NoEnergy-3-1/publish/" --output "/home/test/rapl-tests/lib-energy-bench/src/Serialization.Bench/bin/Release/net8.0/Serialization.Bench-Overhead-Fixed-NoEnergy-3-1/bin/Release/net8.0/" in /home/test/rapl-tests/lib-energy-bench/src/Serialization.Bench/bin/Release/net8.0/Serialization.Bench-Overhead-Fixed-NoEnergy-3-1
// command took 9.35 sec and exited with 0
// ***** Done, took 00:00:12 (12.59 sec)   *****
// Found 30 benchmarks:
//   JsonSerializationBenchmarks.STJ_Deserialize_Large: Overhead-Fixed-NoEnergy-3(OutlierMode=DontRemove, IterationCount=15, IterationTime=1s, LaunchCount=1, WarmupCount=6)
//   JsonSerializationBenchmarks.Newtonsoft_Deserialize_Large: Overhead-Fixed-NoEnergy-3(OutlierMode=DontRemove, IterationCount=15, IterationTime=1s, LaunchCount=1, WarmupCount=6)
//   JsonSerializationBenchmarks.Jil_Deserialize_Large: Overhead-Fixed-NoEnergy-3(OutlierMode=DontRemove, IterationCount=15, IterationTime=1s, LaunchCount=1, WarmupCount=6)
//   JsonSerializationBenchmarks.Utf8Json_Deserialize_Large: Overhead-Fixed-NoEnergy-3(OutlierMode=DontRemove, IterationCount=15, IterationTime=1s, LaunchCount=1, WarmupCount=6)
//   JsonSerializationBenchmarks.SpanJson_Deserialize_Large: Overhead-Fixed-NoEnergy-3(OutlierMode=DontRemove, IterationCount=15, IterationTime=1s, LaunchCount=1, WarmupCount=6)
//   JsonSerializationBenchmarks.STJ_Deserialize_Medium: Overhead-Fixed-NoEnergy-3(OutlierMode=DontRemove, IterationCount=15, IterationTime=1s, LaunchCount=1, WarmupCount=6)
//   JsonSerializationBenchmarks.Newtonsoft_Deserialize_Medium: Overhead-Fixed-NoEnergy-3(OutlierMode=DontRemove, IterationCount=15, IterationTime=1s, LaunchCount=1, WarmupCount=6)
//   JsonSerializationBenchmarks.Jil_Deserialize_Medium: Overhead-Fixed-NoEnergy-3(OutlierMode=DontRemove, IterationCount=15, IterationTime=1s, LaunchCount=1, WarmupCount=6)
//   JsonSerializationBenchmarks.Utf8Json_Deserialize_Medium: Overhead-Fixed-NoEnergy-3(OutlierMode=DontRemove, IterationCount=15, IterationTime=1s, LaunchCount=1, WarmupCount=6)
//   JsonSerializationBenchmarks.SpanJson_Deserialize_Medium: Overhead-Fixed-NoEnergy-3(OutlierMode=DontRemove, IterationCount=15, IterationTime=1s, LaunchCount=1, WarmupCount=6)
//   JsonSerializationBenchmarks.STJ_Deserialize_Small: Overhead-Fixed-NoEnergy-3(OutlierMode=DontRemove, IterationCount=15, IterationTime=1s, LaunchCount=1, WarmupCount=6)
//   JsonSerializationBenchmarks.Newtonsoft_Deserialize_Small: Overhead-Fixed-NoEnergy-3(OutlierMode=DontRemove, IterationCount=15, IterationTime=1s, LaunchCount=1, WarmupCount=6)
//   JsonSerializationBenchmarks.Jil_Deserialize_Small: Overhead-Fixed-NoEnergy-3(OutlierMode=DontRemove, IterationCount=15, IterationTime=1s, LaunchCount=1, WarmupCount=6)
//   JsonSerializationBenchmarks.Utf8Json_Deserialize_Small: Overhead-Fixed-NoEnergy-3(OutlierMode=DontRemove, IterationCount=15, IterationTime=1s, LaunchCount=1, WarmupCount=6)
//   JsonSerializationBenchmarks.SpanJson_Deserialize_Small: Overhead-Fixed-NoEnergy-3(OutlierMode=DontRemove, IterationCount=15, IterationTime=1s, LaunchCount=1, WarmupCount=6)
//   JsonSerializationBenchmarks.STJ_Serialize_Large: Overhead-Fixed-NoEnergy-3(OutlierMode=DontRemove, IterationCount=15, IterationTime=1s, LaunchCount=1, WarmupCount=6)
//   JsonSerializationBenchmarks.Newtonsoft_Serialize_Large: Overhead-Fixed-NoEnergy-3(OutlierMode=DontRemove, IterationCount=15, IterationTime=1s, LaunchCount=1, WarmupCount=6)
//   JsonSerializationBenchmarks.Jil_Serialize_Large: Overhead-Fixed-NoEnergy-3(OutlierMode=DontRemove, IterationCount=15, IterationTime=1s, LaunchCount=1, WarmupCount=6)
//   JsonSerializationBenchmarks.Utf8Json_Serialize_Large: Overhead-Fixed-NoEnergy-3(OutlierMode=DontRemove, IterationCount=15, IterationTime=1s, LaunchCount=1, WarmupCount=6)
//   JsonSerializationBenchmarks.SpanJson_Serialize_Large: Overhead-Fixed-NoEnergy-3(OutlierMode=DontRemove, IterationCount=15, IterationTime=1s, LaunchCount=1, WarmupCount=6)
//   JsonSerializationBenchmarks.STJ_Serialize_Medium: Overhead-Fixed-NoEnergy-3(OutlierMode=DontRemove, IterationCount=15, IterationTime=1s, LaunchCount=1, WarmupCount=6)
//   JsonSerializationBenchmarks.Newtonsoft_Serialize_Medium: Overhead-Fixed-NoEnergy-3(OutlierMode=DontRemove, IterationCount=15, IterationTime=1s, LaunchCount=1, WarmupCount=6)
//   JsonSerializationBenchmarks.Jil_Serialize_Medium: Overhead-Fixed-NoEnergy-3(OutlierMode=DontRemove, IterationCount=15, IterationTime=1s, LaunchCount=1, WarmupCount=6)
//   JsonSerializationBenchmarks.Utf8Json_Serialize_Medium: Overhead-Fixed-NoEnergy-3(OutlierMode=DontRemove, IterationCount=15, IterationTime=1s, LaunchCount=1, WarmupCount=6)
//   JsonSerializationBenchmarks.SpanJson_Serialize_Medium: Overhead-Fixed-NoEnergy-3(OutlierMode=DontRemove, IterationCount=15, IterationTime=1s, LaunchCount=1, WarmupCount=6)
//   JsonSerializationBenchmarks.STJ_Serialize_Small: Overhead-Fixed-NoEnergy-3(OutlierMode=DontRemove, IterationCount=15, IterationTime=1s, LaunchCount=1, WarmupCount=6)
//   JsonSerializationBenchmarks.Newtonsoft_Serialize_Small: Overhead-Fixed-NoEnergy-3(OutlierMode=DontRemove, IterationCount=15, IterationTime=1s, LaunchCount=1, WarmupCount=6)
//   JsonSerializationBenchmarks.Jil_Serialize_Small: Overhead-Fixed-NoEnergy-3(OutlierMode=DontRemove, IterationCount=15, IterationTime=1s, LaunchCount=1, WarmupCount=6)
//   JsonSerializationBenchmarks.Utf8Json_Serialize_Small: Overhead-Fixed-NoEnergy-3(OutlierMode=DontRemove, IterationCount=15, IterationTime=1s, LaunchCount=1, WarmupCount=6)
//   JsonSerializationBenchmarks.SpanJson_Serialize_Small: Overhead-Fixed-NoEnergy-3(OutlierMode=DontRemove, IterationCount=15, IterationTime=1s, LaunchCount=1, WarmupCount=6)

// **************************
// Benchmark: JsonSerializationBenchmarks.STJ_Deserialize_Large: Overhead-Fixed-NoEnergy-3(OutlierMode=DontRemove, IterationCount=15, IterationTime=1s, LaunchCount=1, WarmupCount=6)
// *** Execute ***
// Launch: 1 / 1
// Execute: dotnet Serialization.Bench-Overhead-Fixed-NoEnergy-3-1.dll --anonymousPipes 101 102 --benchmarkName Serialization.Bench.JsonSerializationBenchmarks.STJ_Deserialize_Large --job Overhead-Fixed-NoEnergy-3 --benchmarkId 0 in /home/test/rapl-tests/lib-energy-bench/src/Serialization.Bench/bin/Release/net8.0/Serialization.Bench-Overhead-Fixed-NoEnergy-3-1/bin/Release/net8.0
// BeforeAnythingElse

// Benchmark Process Environment Information:
// BenchmarkDotNet v0.15.5-develop (2025-12-31)
// Runtime=.NET 8.0.21 (8.0.21, 8.0.2125.47513), X64 RyuJIT x86-64-v4
// GC=Concurrent Workstation
// HardwareIntrinsics=AVX512 IFMA+VBMI,AVX512 F+BW+CD+DQ+VL,AVX2+BMI1+BMI2+F16C+FMA+LZCNT+MOVBE,AVX,SSE3+SSSE3+SSE4.1+SSE4.2+POPCNT,X86Base+SSE+SSE2,AES+PCLMUL VectorSize=256
// Job: Overhead-Fixed-NoEnergy-3(OutlierMode=DontRemove, IterationCount=15, IterationTime=1s, LaunchCount=1, WarmupCount=6)

OverheadJitting  1: 1 op, 142203.00 ns, 142.2030 us/op
WorkloadJitting  1: 1 op, 534447.00 ns, 534.4470 us/op

OverheadJitting  2: 16 op, 374371.00 ns, 23.3982 us/op
WorkloadJitting  2: 16 op, 6862811.00 ns, 428.9257 us/op

WorkloadPilot    1: 16 op, 6156777.00 ns, 384.7986 us/op
WorkloadPilot    2: 2608 op, 739134829.00 ns, 283.4106 us/op
WorkloadPilot    3: 3536 op, 708663499.00 ns, 200.4139 us/op
WorkloadPilot    4: 4992 op, 997863046.00 ns, 199.8924 us/op
WorkloadPilot    5: 5008 op, 1004059843.00 ns, 200.4912 us/op
WorkloadPilot    6: 4992 op, 1001048893.00 ns, 200.5306 us/op

OverheadWarmup   1: 4992 op, 19057.00 ns, 3.8175 ns/op
OverheadWarmup   2: 4992 op, 18195.00 ns, 3.6448 ns/op
OverheadWarmup   3: 4992 op, 18574.00 ns, 3.7208 ns/op
OverheadWarmup   4: 4992 op, 18181.00 ns, 3.6420 ns/op
OverheadWarmup   5: 4992 op, 18531.00 ns, 3.7121 ns/op
OverheadWarmup   6: 4992 op, 18507.00 ns, 3.7073 ns/op

OverheadActual   1: 4992 op, 18692.00 ns, 3.7444 ns/op
OverheadActual   2: 4992 op, 18612.00 ns, 3.7284 ns/op
OverheadActual   3: 4992 op, 18636.00 ns, 3.7332 ns/op
OverheadActual   4: 4992 op, 19345.00 ns, 3.8752 ns/op
OverheadActual   5: 4992 op, 18548.00 ns, 3.7155 ns/op
OverheadActual   6: 4992 op, 18494.00 ns, 3.7047 ns/op
OverheadActual   7: 4992 op, 18526.00 ns, 3.7111 ns/op
OverheadActual   8: 4992 op, 18587.00 ns, 3.7234 ns/op
OverheadActual   9: 4992 op, 18141.00 ns, 3.6340 ns/op
OverheadActual  10: 4992 op, 18168.00 ns, 3.6394 ns/op
OverheadActual  11: 4992 op, 18534.00 ns, 3.7127 ns/op
OverheadActual  12: 4992 op, 18540.00 ns, 3.7139 ns/op
OverheadActual  13: 4992 op, 18574.00 ns, 3.7208 ns/op
OverheadActual  14: 4992 op, 18151.00 ns, 3.6360 ns/op
OverheadActual  15: 4992 op, 18134.00 ns, 3.6326 ns/op

WorkloadWarmup   1: 4992 op, 1003785282.00 ns, 201.0788 us/op
WorkloadWarmup   2: 4992 op, 1002110018.00 ns, 200.7432 us/op
WorkloadWarmup   3: 4992 op, 1001224737.00 ns, 200.5659 us/op
WorkloadWarmup   4: 4992 op, 999126604.00 ns, 200.1456 us/op
WorkloadWarmup   5: 4992 op, 997844236.00 ns, 199.8887 us/op
WorkloadWarmup   6: 4992 op, 999505332.00 ns, 200.2214 us/op

// BeforeActualRun
WorkloadActual   1: 4992 op, 1000050420.00 ns, 200.3306 us/op
WorkloadActual   2: 4992 op, 1001076804.00 ns, 200.5362 us/op
WorkloadActual   3: 4992 op, 1001509194.00 ns, 200.6228 us/op
WorkloadActual   4: 4992 op, 1000580662.00 ns, 200.4368 us/op
WorkloadActual   5: 4992 op, 1000966040.00 ns, 200.5140 us/op
WorkloadActual   6: 4992 op, 1001045886.00 ns, 200.5300 us/op
WorkloadActual   7: 4992 op, 1010722459.00 ns, 202.4684 us/op
WorkloadActual   8: 4992 op, 1001612169.00 ns, 200.6435 us/op
WorkloadActual   9: 4992 op, 1003156977.00 ns, 200.9529 us/op
WorkloadActual  10: 4992 op, 1002384923.00 ns, 200.7983 us/op
WorkloadActual  11: 4992 op, 1001162228.00 ns, 200.5533 us/op
WorkloadActual  12: 4992 op, 1001811931.00 ns, 200.6835 us/op
WorkloadActual  13: 4992 op, 1001770467.00 ns, 200.6752 us/op
WorkloadActual  14: 4992 op, 999058267.00 ns, 200.1319 us/op
WorkloadActual  15: 4992 op, 999656973.00 ns, 200.2518 us/op

// AfterActualRun
WorkloadResult   1: 4992 op, 1000031880.00 ns, 200.3269 us/op
WorkloadResult   2: 4992 op, 1001058264.00 ns, 200.5325 us/op
WorkloadResult   3: 4992 op, 1001490654.00 ns, 200.6191 us/op
WorkloadResult   4: 4992 op, 1000562122.00 ns, 200.4331 us/op
WorkloadResult   5: 4992 op, 1000947500.00 ns, 200.5103 us/op
WorkloadResult   6: 4992 op, 1001027346.00 ns, 200.5263 us/op
WorkloadResult   7: 4992 op, 1010703919.00 ns, 202.4647 us/op
WorkloadResult   8: 4992 op, 1001593629.00 ns, 200.6397 us/op
WorkloadResult   9: 4992 op, 1003138437.00 ns, 200.9492 us/op
WorkloadResult  10: 4992 op, 1002366383.00 ns, 200.7945 us/op
WorkloadResult  11: 4992 op, 1001143688.00 ns, 200.5496 us/op
WorkloadResult  12: 4992 op, 1001793391.00 ns, 200.6798 us/op
WorkloadResult  13: 4992 op, 1001751927.00 ns, 200.6715 us/op
WorkloadResult  14: 4992 op, 999039727.00 ns, 200.1282 us/op
WorkloadResult  15: 4992 op, 999638433.00 ns, 200.2481 us/op

// AfterAll
// Benchmark Process 4051548 has exited with code 0.

Mean = 200.672 μs, StdErr = 0.139 μs (0.07%), N = 15, StdDev = 0.537 μs
Min = 200.128 μs, Q1 = 200.472 μs, Median = 200.550 μs, Q3 = 200.676 μs, Max = 202.465 μs
IQR = 0.204 μs, LowerFence = 200.166 μs, UpperFence = 200.981 μs
ConfidenceInterval = [200.097 μs; 201.246 μs] (CI 99.9%), Margin = 0.575 μs (0.29% of Mean)
Skewness = 2.36, Kurtosis = 8.38, MValue = 2

// ** Remained 29 (96.7%) benchmark(s) to run. Estimated finish 2025-12-31 18:36 (0h 12m from now) **
// **************************
// Benchmark: JsonSerializationBenchmarks.Newtonsoft_Deserialize_Large: Overhead-Fixed-NoEnergy-3(OutlierMode=DontRemove, IterationCount=15, IterationTime=1s, LaunchCount=1, WarmupCount=6)
// *** Execute ***
// Launch: 1 / 1
// Execute: dotnet Serialization.Bench-Overhead-Fixed-NoEnergy-3-1.dll --anonymousPipes 103 104 --benchmarkName Serialization.Bench.JsonSerializationBenchmarks.Newtonsoft_Deserialize_Large --job Overhead-Fixed-NoEnergy-3 --benchmarkId 1 in /home/test/rapl-tests/lib-energy-bench/src/Serialization.Bench/bin/Release/net8.0/Serialization.Bench-Overhead-Fixed-NoEnergy-3-1/bin/Release/net8.0
// BeforeAnythingElse

// Benchmark Process Environment Information:
// BenchmarkDotNet v0.15.5-develop (2025-12-31)
// Runtime=.NET 8.0.21 (8.0.21, 8.0.2125.47513), X64 RyuJIT x86-64-v4
// GC=Concurrent Workstation
// HardwareIntrinsics=AVX512 IFMA+VBMI,AVX512 F+BW+CD+DQ+VL,AVX2+BMI1+BMI2+F16C+FMA+LZCNT+MOVBE,AVX,SSE3+SSSE3+SSE4.1+SSE4.2+POPCNT,X86Base+SSE+SSE2,AES+PCLMUL VectorSize=256
// Job: Overhead-Fixed-NoEnergy-3(OutlierMode=DontRemove, IterationCount=15, IterationTime=1s, LaunchCount=1, WarmupCount=6)

OverheadJitting  1: 1 op, 139556.00 ns, 139.5560 us/op
WorkloadJitting  1: 1 op, 55902769.00 ns, 55.9028 ms/op

OverheadJitting  2: 16 op, 387948.00 ns, 24.2468 us/op
WorkloadJitting  2: 16 op, 18446722.00 ns, 1.1529 ms/op

WorkloadPilot    1: 16 op, 17284192.00 ns, 1.0803 ms/op
WorkloadPilot    2: 928 op, 462501344.00 ns, 498.3851 us/op
WorkloadPilot    3: 2016 op, 490097166.00 ns, 243.1038 us/op
WorkloadPilot    4: 4128 op, 1001975042.00 ns, 242.7265 us/op

OverheadWarmup   1: 4128 op, 15956.00 ns, 3.8653 ns/op
OverheadWarmup   2: 4128 op, 15100.00 ns, 3.6579 ns/op
OverheadWarmup   3: 4128 op, 15086.00 ns, 3.6546 ns/op
OverheadWarmup   4: 4128 op, 15060.00 ns, 3.6483 ns/op
OverheadWarmup   5: 4128 op, 15386.00 ns, 3.7272 ns/op
OverheadWarmup   6: 4128 op, 15106.00 ns, 3.6594 ns/op
OverheadWarmup   7: 4128 op, 15356.00 ns, 3.7200 ns/op
OverheadWarmup   8: 4128 op, 16073.00 ns, 3.8937 ns/op
OverheadWarmup   9: 4128 op, 15081.00 ns, 3.6533 ns/op

OverheadActual   1: 4128 op, 15521.00 ns, 3.7599 ns/op
OverheadActual   2: 4128 op, 15181.00 ns, 3.6776 ns/op
OverheadActual   3: 4128 op, 15204.00 ns, 3.6831 ns/op
OverheadActual   4: 4128 op, 15107.00 ns, 3.6596 ns/op
OverheadActual   5: 4128 op, 18920.00 ns, 4.5833 ns/op
OverheadActual   6: 4128 op, 16032.00 ns, 3.8837 ns/op
OverheadActual   7: 4128 op, 15850.00 ns, 3.8396 ns/op
OverheadActual   8: 4128 op, 17022.00 ns, 4.1235 ns/op
OverheadActual   9: 4128 op, 15374.00 ns, 3.7243 ns/op
OverheadActual  10: 4128 op, 15394.00 ns, 3.7292 ns/op
OverheadActual  11: 4128 op, 15360.00 ns, 3.7209 ns/op
OverheadActual  12: 4128 op, 15350.00 ns, 3.7185 ns/op
OverheadActual  13: 4128 op, 15379.00 ns, 3.7255 ns/op
OverheadActual  14: 4128 op, 15334.00 ns, 3.7146 ns/op
OverheadActual  15: 4128 op, 15326.00 ns, 3.7127 ns/op
OverheadActual  16: 4128 op, 15361.00 ns, 3.7212 ns/op
OverheadActual  17: 4128 op, 15355.00 ns, 3.7197 ns/op
OverheadActual  18: 4128 op, 15343.00 ns, 3.7168 ns/op
OverheadActual  19: 4128 op, 15128.00 ns, 3.6647 ns/op
OverheadActual  20: 4128 op, 15085.00 ns, 3.6543 ns/op

WorkloadWarmup   1: 4128 op, 1005929727.00 ns, 243.6845 us/op
WorkloadWarmup   2: 4128 op, 1005363649.00 ns, 243.5474 us/op
WorkloadWarmup   3: 4128 op, 1001307660.00 ns, 242.5648 us/op
WorkloadWarmup   4: 4128 op, 1001689936.00 ns, 242.6574 us/op
WorkloadWarmup   5: 4128 op, 1000028170.00 ns, 242.2549 us/op
WorkloadWarmup   6: 4128 op, 1006927566.00 ns, 243.9263 us/op

// BeforeActualRun
WorkloadActual   1: 4128 op, 1003789784.00 ns, 243.1661 us/op
WorkloadActual   2: 4128 op, 1001859905.00 ns, 242.6986 us/op
WorkloadActual   3: 4128 op, 1002108288.00 ns, 242.7588 us/op
WorkloadActual   4: 4128 op, 1004301961.00 ns, 243.2902 us/op
WorkloadActual   5: 4128 op, 1002429252.00 ns, 242.8365 us/op
WorkloadActual   6: 4128 op, 1002665758.00 ns, 242.8938 us/op
WorkloadActual   7: 4128 op, 1002901877.00 ns, 242.9510 us/op
WorkloadActual   8: 4128 op, 1003767025.00 ns, 243.1606 us/op
WorkloadActual   9: 4128 op, 1002185011.00 ns, 242.7774 us/op
WorkloadActual  10: 4128 op, 1001955494.00 ns, 242.7218 us/op
WorkloadActual  11: 4128 op, 1002311855.00 ns, 242.8081 us/op
WorkloadActual  12: 4128 op, 1002532715.00 ns, 242.8616 us/op
WorkloadActual  13: 4128 op, 1005603642.00 ns, 243.6055 us/op
WorkloadActual  14: 4128 op, 1002928572.00 ns, 242.9575 us/op
WorkloadActual  15: 4128 op, 1004947888.00 ns, 243.4467 us/op

// AfterActualRun
WorkloadResult   1: 4128 op, 1003774426.50 ns, 243.1624 us/op
WorkloadResult   2: 4128 op, 1001844547.50 ns, 242.6949 us/op
WorkloadResult   3: 4128 op, 1002092930.50 ns, 242.7551 us/op
WorkloadResult   4: 4128 op, 1004286603.50 ns, 243.2865 us/op
WorkloadResult   5: 4128 op, 1002413894.50 ns, 242.8328 us/op
WorkloadResult   6: 4128 op, 1002650400.50 ns, 242.8901 us/op
WorkloadResult   7: 4128 op, 1002886519.50 ns, 242.9473 us/op
WorkloadResult   8: 4128 op, 1003751667.50 ns, 243.1569 us/op
WorkloadResult   9: 4128 op, 1002169653.50 ns, 242.7737 us/op
WorkloadResult  10: 4128 op, 1001940136.50 ns, 242.7181 us/op
WorkloadResult  11: 4128 op, 1002296497.50 ns, 242.8044 us/op
WorkloadResult  12: 4128 op, 1002517357.50 ns, 242.8579 us/op
WorkloadResult  13: 4128 op, 1005588284.50 ns, 243.6018 us/op
WorkloadResult  14: 4128 op, 1002913214.50 ns, 242.9538 us/op
WorkloadResult  15: 4128 op, 1004932530.50 ns, 243.4430 us/op

// AfterAll
// Benchmark Process 4051573 has exited with code 0.

Mean = 242.992 μs, StdErr = 0.072 μs (0.03%), N = 15, StdDev = 0.277 μs
Min = 242.695 μs, Q1 = 242.789 μs, Median = 242.890 μs, Q3 = 243.160 μs, Max = 243.602 μs
IQR = 0.371 μs, LowerFence = 242.233 μs, UpperFence = 243.716 μs
ConfidenceInterval = [242.695 μs; 243.289 μs] (CI 99.9%), Margin = 0.297 μs (0.12% of Mean)
Skewness = 0.84, Kurtosis = 2.36, MValue = 2

// ** Remained 28 (93.3%) benchmark(s) to run. Estimated finish 2025-12-31 18:36 (0h 11m from now) **
// **************************
// Benchmark: JsonSerializationBenchmarks.Jil_Deserialize_Large: Overhead-Fixed-NoEnergy-3(OutlierMode=DontRemove, IterationCount=15, IterationTime=1s, LaunchCount=1, WarmupCount=6)
// *** Execute ***
// Launch: 1 / 1
// Execute: dotnet Serialization.Bench-Overhead-Fixed-NoEnergy-3-1.dll --anonymousPipes 103 104 --benchmarkName Serialization.Bench.JsonSerializationBenchmarks.Jil_Deserialize_Large --job Overhead-Fixed-NoEnergy-3 --benchmarkId 2 in /home/test/rapl-tests/lib-energy-bench/src/Serialization.Bench/bin/Release/net8.0/Serialization.Bench-Overhead-Fixed-NoEnergy-3-1/bin/Release/net8.0
// BeforeAnythingElse

// Benchmark Process Environment Information:
// BenchmarkDotNet v0.15.5-develop (2025-12-31)
// Runtime=.NET 8.0.21 (8.0.21, 8.0.2125.47513), X64 RyuJIT x86-64-v4
// GC=Concurrent Workstation
// HardwareIntrinsics=AVX512 IFMA+VBMI,AVX512 F+BW+CD+DQ+VL,AVX2+BMI1+BMI2+F16C+FMA+LZCNT+MOVBE,AVX,SSE3+SSSE3+SSE4.1+SSE4.2+POPCNT,X86Base+SSE+SSE2,AES+PCLMUL VectorSize=256
// Job: Overhead-Fixed-NoEnergy-3(OutlierMode=DontRemove, IterationCount=15, IterationTime=1s, LaunchCount=1, WarmupCount=6)

OverheadJitting  1: 1 op, 140060.00 ns, 140.0600 us/op
WorkloadJitting  1: 1 op, 245875351.00 ns, 245.8754 ms/op

WorkloadPilot    1: 4 op, 2873593.00 ns, 718.3983 us/op
WorkloadPilot    2: 1392 op, 370775761.00 ns, 266.3619 us/op
WorkloadPilot    3: 3754 op, 802703533.00 ns, 213.8262 us/op
WorkloadPilot    4: 4677 op, 1000387257.00 ns, 213.8951 us/op
WorkloadPilot    5: 4675 op, 999013346.00 ns, 213.6927 us/op
WorkloadPilot    6: 4680 op, 996839288.00 ns, 212.9998 us/op
WorkloadPilot    7: 4695 op, 1003733148.00 ns, 213.7877 us/op
WorkloadPilot    8: 4678 op, 999423441.00 ns, 213.6433 us/op
WorkloadPilot    9: 4681 op, 1001337743.00 ns, 213.9153 us/op

WorkloadWarmup   1: 4681 op, 999161564.00 ns, 213.4505 us/op
WorkloadWarmup   2: 4681 op, 1000702934.00 ns, 213.7797 us/op
WorkloadWarmup   3: 4681 op, 999705212.00 ns, 213.5666 us/op
WorkloadWarmup   4: 4681 op, 1000363335.00 ns, 213.7072 us/op
WorkloadWarmup   5: 4681 op, 1000122955.00 ns, 213.6558 us/op
WorkloadWarmup   6: 4681 op, 1000893496.00 ns, 213.8204 us/op

// BeforeActualRun
WorkloadActual   1: 4681 op, 999416371.00 ns, 213.5049 us/op
WorkloadActual   2: 4681 op, 1001329788.00 ns, 213.9136 us/op
WorkloadActual   3: 4681 op, 1001378404.00 ns, 213.9240 us/op
WorkloadActual   4: 4681 op, 1000508481.00 ns, 213.7382 us/op
WorkloadActual   5: 4681 op, 1000105664.00 ns, 213.6521 us/op
WorkloadActual   6: 4681 op, 999981249.00 ns, 213.6256 us/op
WorkloadActual   7: 4681 op, 1000657065.00 ns, 213.7699 us/op
WorkloadActual   8: 4681 op, 1000498802.00 ns, 213.7361 us/op
WorkloadActual   9: 4681 op, 1000965406.00 ns, 213.8358 us/op
WorkloadActual  10: 4681 op, 1000491332.00 ns, 213.7345 us/op
WorkloadActual  11: 4681 op, 999595291.00 ns, 213.5431 us/op
WorkloadActual  12: 4681 op, 999917781.00 ns, 213.6120 us/op
WorkloadActual  13: 4681 op, 1000270914.00 ns, 213.6874 us/op
WorkloadActual  14: 4681 op, 1004927161.00 ns, 214.6822 us/op
WorkloadActual  15: 4681 op, 1002409645.00 ns, 214.1443 us/op

// AfterActualRun
WorkloadResult   1: 4681 op, 999416371.00 ns, 213.5049 us/op
WorkloadResult   2: 4681 op, 1001329788.00 ns, 213.9136 us/op
WorkloadResult   3: 4681 op, 1001378404.00 ns, 213.9240 us/op
WorkloadResult   4: 4681 op, 1000508481.00 ns, 213.7382 us/op
WorkloadResult   5: 4681 op, 1000105664.00 ns, 213.6521 us/op
WorkloadResult   6: 4681 op, 999981249.00 ns, 213.6256 us/op
WorkloadResult   7: 4681 op, 1000657065.00 ns, 213.7699 us/op
WorkloadResult   8: 4681 op, 1000498802.00 ns, 213.7361 us/op
WorkloadResult   9: 4681 op, 1000965406.00 ns, 213.8358 us/op
WorkloadResult  10: 4681 op, 1000491332.00 ns, 213.7345 us/op
WorkloadResult  11: 4681 op, 999595291.00 ns, 213.5431 us/op
WorkloadResult  12: 4681 op, 999917781.00 ns, 213.6120 us/op
WorkloadResult  13: 4681 op, 1000270914.00 ns, 213.6874 us/op
WorkloadResult  14: 4681 op, 1004927161.00 ns, 214.6822 us/op
WorkloadResult  15: 4681 op, 1002409645.00 ns, 214.1443 us/op

// AfterAll
// Benchmark Process 4051591 has exited with code 0.

Mean = 213.807 μs, StdErr = 0.075 μs (0.04%), N = 15, StdDev = 0.292 μs
Min = 213.505 μs, Q1 = 213.639 μs, Median = 213.736 μs, Q3 = 213.875 μs, Max = 214.682 μs
IQR = 0.236 μs, LowerFence = 213.285 μs, UpperFence = 214.229 μs
ConfidenceInterval = [213.495 μs; 214.119 μs] (CI 99.9%), Margin = 0.312 μs (0.15% of Mean)
Skewness = 1.73, Kurtosis = 5.67, MValue = 2

// ** Remained 27 (90.0%) benchmark(s) to run. Estimated finish 2025-12-31 18:36 (0h 11m from now) **
// **************************
// Benchmark: JsonSerializationBenchmarks.Utf8Json_Deserialize_Large: Overhead-Fixed-NoEnergy-3(OutlierMode=DontRemove, IterationCount=15, IterationTime=1s, LaunchCount=1, WarmupCount=6)
// *** Execute ***
// Launch: 1 / 1
// Execute: dotnet Serialization.Bench-Overhead-Fixed-NoEnergy-3-1.dll --anonymousPipes 103 104 --benchmarkName Serialization.Bench.JsonSerializationBenchmarks.Utf8Json_Deserialize_Large --job Overhead-Fixed-NoEnergy-3 --benchmarkId 3 in /home/test/rapl-tests/lib-energy-bench/src/Serialization.Bench/bin/Release/net8.0/Serialization.Bench-Overhead-Fixed-NoEnergy-3-1/bin/Release/net8.0
// BeforeAnythingElse

// Benchmark Process Environment Information:
// BenchmarkDotNet v0.15.5-develop (2025-12-31)
// Runtime=.NET 8.0.21 (8.0.21, 8.0.2125.47513), X64 RyuJIT x86-64-v4
// GC=Concurrent Workstation
// HardwareIntrinsics=AVX512 IFMA+VBMI,AVX512 F+BW+CD+DQ+VL,AVX2+BMI1+BMI2+F16C+FMA+LZCNT+MOVBE,AVX,SSE3+SSSE3+SSE4.1+SSE4.2+POPCNT,X86Base+SSE+SSE2,AES+PCLMUL VectorSize=256
// Job: Overhead-Fixed-NoEnergy-3(OutlierMode=DontRemove, IterationCount=15, IterationTime=1s, LaunchCount=1, WarmupCount=6)

OverheadJitting  1: 1 op, 150618.00 ns, 150.6180 us/op
WorkloadJitting  1: 1 op, 59167159.00 ns, 59.1672 ms/op

OverheadJitting  2: 16 op, 391429.00 ns, 24.4643 us/op
WorkloadJitting  2: 16 op, 14664249.00 ns, 916.5156 us/op

WorkloadPilot    1: 16 op, 13687942.00 ns, 855.4964 us/op
WorkloadPilot    2: 1184 op, 690740563.00 ns, 583.3957 us/op
WorkloadPilot    3: 1728 op, 492644196.00 ns, 285.0950 us/op
WorkloadPilot    4: 3520 op, 1001927294.00 ns, 284.6384 us/op

OverheadWarmup   1: 3520 op, 18034.00 ns, 5.1233 ns/op
OverheadWarmup   2: 3520 op, 12927.00 ns, 3.6724 ns/op
OverheadWarmup   3: 3520 op, 12923.00 ns, 3.6713 ns/op
OverheadWarmup   4: 3520 op, 12891.00 ns, 3.6622 ns/op
OverheadWarmup   5: 3520 op, 12897.00 ns, 3.6639 ns/op
OverheadWarmup   6: 3520 op, 13111.00 ns, 3.7247 ns/op
OverheadWarmup   7: 3520 op, 13147.00 ns, 3.7349 ns/op
OverheadWarmup   8: 3520 op, 13128.00 ns, 3.7295 ns/op
OverheadWarmup   9: 3520 op, 13116.00 ns, 3.7261 ns/op
OverheadWarmup  10: 3520 op, 12901.00 ns, 3.6651 ns/op

OverheadActual   1: 3520 op, 12990.00 ns, 3.6903 ns/op
OverheadActual   2: 3520 op, 13002.00 ns, 3.6938 ns/op
OverheadActual   3: 3520 op, 13248.00 ns, 3.7636 ns/op
OverheadActual   4: 3520 op, 13166.00 ns, 3.7403 ns/op
OverheadActual   5: 3520 op, 13205.00 ns, 3.7514 ns/op
OverheadActual   6: 3520 op, 12940.00 ns, 3.6761 ns/op
OverheadActual   7: 3520 op, 12922.00 ns, 3.6710 ns/op
OverheadActual   8: 3520 op, 12934.00 ns, 3.6744 ns/op
OverheadActual   9: 3520 op, 13437.00 ns, 3.8173 ns/op
OverheadActual  10: 3520 op, 15972.00 ns, 4.5375 ns/op
OverheadActual  11: 3520 op, 15714.00 ns, 4.4642 ns/op
OverheadActual  12: 3520 op, 13158.00 ns, 3.7381 ns/op
OverheadActual  13: 3520 op, 13182.00 ns, 3.7449 ns/op
OverheadActual  14: 3520 op, 13166.00 ns, 3.7403 ns/op
OverheadActual  15: 3520 op, 13175.00 ns, 3.7429 ns/op
OverheadActual  16: 3520 op, 13151.00 ns, 3.7361 ns/op
OverheadActual  17: 3520 op, 13168.00 ns, 3.7409 ns/op
OverheadActual  18: 3520 op, 13191.00 ns, 3.7474 ns/op
OverheadActual  19: 3520 op, 13145.00 ns, 3.7344 ns/op
OverheadActual  20: 3520 op, 13201.00 ns, 3.7503 ns/op

WorkloadWarmup   1: 3520 op, 1013757128.00 ns, 287.9992 us/op
WorkloadWarmup   2: 3520 op, 1003882260.00 ns, 285.1938 us/op
WorkloadWarmup   3: 3520 op, 1010406774.00 ns, 287.0474 us/op
WorkloadWarmup   4: 3520 op, 1003924425.00 ns, 285.2058 us/op
WorkloadWarmup   5: 3520 op, 1009600084.00 ns, 286.8182 us/op
WorkloadWarmup   6: 3520 op, 1003737948.00 ns, 285.1528 us/op

// BeforeActualRun
WorkloadActual   1: 3520 op, 997720260.00 ns, 283.4433 us/op
WorkloadActual   2: 3520 op, 994812242.00 ns, 282.6171 us/op
WorkloadActual   3: 3520 op, 994865161.00 ns, 282.6321 us/op
WorkloadActual   4: 3520 op, 996443330.00 ns, 283.0805 us/op
WorkloadActual   5: 3520 op, 996677299.00 ns, 283.1470 us/op
WorkloadActual   6: 3520 op, 996060756.00 ns, 282.9718 us/op
WorkloadActual   7: 3520 op, 995079145.00 ns, 282.6929 us/op
WorkloadActual   8: 3520 op, 995890976.00 ns, 282.9236 us/op
WorkloadActual   9: 3520 op, 994736799.00 ns, 282.5957 us/op
WorkloadActual  10: 3520 op, 995572764.00 ns, 282.8332 us/op
WorkloadActual  11: 3520 op, 995044459.00 ns, 282.6831 us/op
WorkloadActual  12: 3520 op, 994507396.00 ns, 282.5305 us/op
WorkloadActual  13: 3520 op, 994647834.00 ns, 282.5704 us/op
WorkloadActual  14: 3520 op, 994510357.00 ns, 282.5314 us/op
WorkloadActual  15: 3520 op, 994489996.00 ns, 282.5256 us/op

// AfterActualRun
WorkloadResult   1: 3520 op, 997707093.00 ns, 283.4395 us/op
WorkloadResult   2: 3520 op, 994799075.00 ns, 282.6134 us/op
WorkloadResult   3: 3520 op, 994851994.00 ns, 282.6284 us/op
WorkloadResult   4: 3520 op, 996430163.00 ns, 283.0768 us/op
WorkloadResult   5: 3520 op, 996664132.00 ns, 283.1432 us/op
WorkloadResult   6: 3520 op, 996047589.00 ns, 282.9681 us/op
WorkloadResult   7: 3520 op, 995065978.00 ns, 282.6892 us/op
WorkloadResult   8: 3520 op, 995877809.00 ns, 282.9198 us/op
WorkloadResult   9: 3520 op, 994723632.00 ns, 282.5919 us/op
WorkloadResult  10: 3520 op, 995559597.00 ns, 282.8294 us/op
WorkloadResult  11: 3520 op, 995031292.00 ns, 282.6793 us/op
WorkloadResult  12: 3520 op, 994494229.00 ns, 282.5268 us/op
WorkloadResult  13: 3520 op, 994634667.00 ns, 282.5667 us/op
WorkloadResult  14: 3520 op, 994497190.00 ns, 282.5276 us/op
WorkloadResult  15: 3520 op, 994476829.00 ns, 282.5218 us/op

// AfterAll
// Benchmark Process 4051609 has exited with code 0.

Mean = 282.781 μs, StdErr = 0.071 μs (0.03%), N = 15, StdDev = 0.275 μs
Min = 282.522 μs, Q1 = 282.579 μs, Median = 282.679 μs, Q3 = 282.944 μs, Max = 283.440 μs
IQR = 0.365 μs, LowerFence = 282.032 μs, UpperFence = 283.491 μs
ConfidenceInterval = [282.488 μs; 283.075 μs] (CI 99.9%), Margin = 0.294 μs (0.10% of Mean)
Skewness = 0.93, Kurtosis = 2.71, MValue = 2

// ** Remained 26 (86.7%) benchmark(s) to run. Estimated finish 2025-12-31 18:36 (0h 10m from now) **
// **************************
// Benchmark: JsonSerializationBenchmarks.SpanJson_Deserialize_Large: Overhead-Fixed-NoEnergy-3(OutlierMode=DontRemove, IterationCount=15, IterationTime=1s, LaunchCount=1, WarmupCount=6)
// *** Execute ***
// Launch: 1 / 1
// Execute: dotnet Serialization.Bench-Overhead-Fixed-NoEnergy-3-1.dll --anonymousPipes 103 104 --benchmarkName Serialization.Bench.JsonSerializationBenchmarks.SpanJson_Deserialize_Large --job Overhead-Fixed-NoEnergy-3 --benchmarkId 4 in /home/test/rapl-tests/lib-energy-bench/src/Serialization.Bench/bin/Release/net8.0/Serialization.Bench-Overhead-Fixed-NoEnergy-3-1/bin/Release/net8.0
// BeforeAnythingElse

// Benchmark Process Environment Information:
// BenchmarkDotNet v0.15.5-develop (2025-12-31)
// Runtime=.NET 8.0.21 (8.0.21, 8.0.2125.47513), X64 RyuJIT x86-64-v4
// GC=Concurrent Workstation
// HardwareIntrinsics=AVX512 IFMA+VBMI,AVX512 F+BW+CD+DQ+VL,AVX2+BMI1+BMI2+F16C+FMA+LZCNT+MOVBE,AVX,SSE3+SSSE3+SSE4.1+SSE4.2+POPCNT,X86Base+SSE+SSE2,AES+PCLMUL VectorSize=256
// Job: Overhead-Fixed-NoEnergy-3(OutlierMode=DontRemove, IterationCount=15, IterationTime=1s, LaunchCount=1, WarmupCount=6)

OverheadJitting  1: 1 op, 141921.00 ns, 141.9210 us/op
WorkloadJitting  1: 1 op, 113519280.00 ns, 113.5193 ms/op

WorkloadPilot    1: 4 op, 1923017.00 ns, 480.7543 us/op
WorkloadPilot    2: 2080 op, 414566257.00 ns, 199.3107 us/op
WorkloadPilot    3: 5017 op, 761115225.00 ns, 151.7072 us/op
WorkloadPilot    4: 6592 op, 996728756.00 ns, 151.2028 us/op
WorkloadPilot    5: 6614 op, 1002716396.00 ns, 151.6051 us/op
WorkloadPilot    6: 6596 op, 998379884.00 ns, 151.3614 us/op
WorkloadPilot    7: 6607 op, 1005711812.00 ns, 152.2191 us/op
WorkloadPilot    8: 6569 op, 998269029.00 ns, 151.9667 us/op
WorkloadPilot    9: 6580 op, 997385982.00 ns, 151.5784 us/op
WorkloadPilot   10: 6597 op, 1000635977.00 ns, 151.6805 us/op

WorkloadWarmup   1: 6597 op, 999279881.00 ns, 151.4749 us/op
WorkloadWarmup   2: 6597 op, 1001791293.00 ns, 151.8556 us/op
WorkloadWarmup   3: 6597 op, 1000297895.00 ns, 151.6292 us/op
WorkloadWarmup   4: 6597 op, 999912020.00 ns, 151.5707 us/op
WorkloadWarmup   5: 6597 op, 999685122.00 ns, 151.5363 us/op
WorkloadWarmup   6: 6597 op, 1000172035.00 ns, 151.6101 us/op

// BeforeActualRun
WorkloadActual   1: 6597 op, 999575480.00 ns, 151.5197 us/op
WorkloadActual   2: 6597 op, 1000402655.00 ns, 151.6451 us/op
WorkloadActual   3: 6597 op, 1001845574.00 ns, 151.8638 us/op
WorkloadActual   4: 6597 op, 999505225.00 ns, 151.5091 us/op
WorkloadActual   5: 6597 op, 999571661.00 ns, 151.5191 us/op
WorkloadActual   6: 6597 op, 1002262647.00 ns, 151.9270 us/op
WorkloadActual   7: 6597 op, 1003190542.00 ns, 152.0677 us/op
WorkloadActual   8: 6597 op, 1001721306.00 ns, 151.8450 us/op
WorkloadActual   9: 6597 op, 1000387033.00 ns, 151.6427 us/op
WorkloadActual  10: 6597 op, 999490834.00 ns, 151.5069 us/op
WorkloadActual  11: 6597 op, 999588608.00 ns, 151.5217 us/op
WorkloadActual  12: 6597 op, 999951860.00 ns, 151.5768 us/op
WorkloadActual  13: 6597 op, 1004082456.00 ns, 152.2029 us/op
WorkloadActual  14: 6597 op, 1000131329.00 ns, 151.6040 us/op
WorkloadActual  15: 6597 op, 1000100087.00 ns, 151.5992 us/op

// AfterActualRun
WorkloadResult   1: 6597 op, 999575480.00 ns, 151.5197 us/op
WorkloadResult   2: 6597 op, 1000402655.00 ns, 151.6451 us/op
WorkloadResult   3: 6597 op, 1001845574.00 ns, 151.8638 us/op
WorkloadResult   4: 6597 op, 999505225.00 ns, 151.5091 us/op
WorkloadResult   5: 6597 op, 999571661.00 ns, 151.5191 us/op
WorkloadResult   6: 6597 op, 1002262647.00 ns, 151.9270 us/op
WorkloadResult   7: 6597 op, 1003190542.00 ns, 152.0677 us/op
WorkloadResult   8: 6597 op, 1001721306.00 ns, 151.8450 us/op
WorkloadResult   9: 6597 op, 1000387033.00 ns, 151.6427 us/op
WorkloadResult  10: 6597 op, 999490834.00 ns, 151.5069 us/op
WorkloadResult  11: 6597 op, 999588608.00 ns, 151.5217 us/op
WorkloadResult  12: 6597 op, 999951860.00 ns, 151.5768 us/op
WorkloadResult  13: 6597 op, 1004082456.00 ns, 152.2029 us/op
WorkloadResult  14: 6597 op, 1000131329.00 ns, 151.6040 us/op
WorkloadResult  15: 6597 op, 1000100087.00 ns, 151.5992 us/op

// AfterAll
// Benchmark Process 4051624 has exited with code 0.

Mean = 151.703 μs, StdErr = 0.058 μs (0.04%), N = 15, StdDev = 0.223 μs
Min = 151.507 μs, Q1 = 151.521 μs, Median = 151.604 μs, Q3 = 151.854 μs, Max = 152.203 μs
IQR = 0.334 μs, LowerFence = 151.020 μs, UpperFence = 152.355 μs
ConfidenceInterval = [151.465 μs; 151.942 μs] (CI 99.9%), Margin = 0.239 μs (0.16% of Mean)
Skewness = 0.92, Kurtosis = 2.41, MValue = 2

// ** Remained 25 (83.3%) benchmark(s) to run. Estimated finish 2025-12-31 18:36 (0h 10m from now) **
// **************************
// Benchmark: JsonSerializationBenchmarks.STJ_Deserialize_Medium: Overhead-Fixed-NoEnergy-3(OutlierMode=DontRemove, IterationCount=15, IterationTime=1s, LaunchCount=1, WarmupCount=6)
// *** Execute ***
// Launch: 1 / 1
// Execute: dotnet Serialization.Bench-Overhead-Fixed-NoEnergy-3-1.dll --anonymousPipes 103 104 --benchmarkName Serialization.Bench.JsonSerializationBenchmarks.STJ_Deserialize_Medium --job Overhead-Fixed-NoEnergy-3 --benchmarkId 5 in /home/test/rapl-tests/lib-energy-bench/src/Serialization.Bench/bin/Release/net8.0/Serialization.Bench-Overhead-Fixed-NoEnergy-3-1/bin/Release/net8.0
// BeforeAnythingElse

// Benchmark Process Environment Information:
// BenchmarkDotNet v0.15.5-develop (2025-12-31)
// Runtime=.NET 8.0.21 (8.0.21, 8.0.2125.47513), X64 RyuJIT x86-64-v4
// GC=Concurrent Workstation
// HardwareIntrinsics=AVX512 IFMA+VBMI,AVX512 F+BW+CD+DQ+VL,AVX2+BMI1+BMI2+F16C+FMA+LZCNT+MOVBE,AVX,SSE3+SSSE3+SSE4.1+SSE4.2+POPCNT,X86Base+SSE+SSE2,AES+PCLMUL VectorSize=256
// Job: Overhead-Fixed-NoEnergy-3(OutlierMode=DontRemove, IterationCount=15, IterationTime=1s, LaunchCount=1, WarmupCount=6)

OverheadJitting  1: 1 op, 140615.00 ns, 140.6150 us/op
WorkloadJitting  1: 1 op, 305911.00 ns, 305.9110 us/op

OverheadJitting  2: 16 op, 378803.00 ns, 23.6752 us/op
WorkloadJitting  2: 16 op, 2213513.00 ns, 138.3446 us/op

WorkloadPilot    1: 16 op, 1641628.00 ns, 102.6018 us/op
WorkloadPilot    2: 9760 op, 768364339.00 ns, 78.7259 us/op
WorkloadPilot    3: 12704 op, 679590893.00 ns, 53.4942 us/op
WorkloadPilot    4: 18704 op, 999476828.00 ns, 53.4365 us/op
WorkloadPilot    5: 18720 op, 999588957.00 ns, 53.3968 us/op
WorkloadPilot    6: 18736 op, 1000755645.00 ns, 53.4135 us/op

OverheadWarmup   1: 18736 op, 68323.00 ns, 3.6466 ns/op
OverheadWarmup   2: 18736 op, 67504.00 ns, 3.6029 ns/op
OverheadWarmup   3: 18736 op, 67425.00 ns, 3.5987 ns/op
OverheadWarmup   4: 18736 op, 69224.00 ns, 3.6947 ns/op
OverheadWarmup   5: 18736 op, 68801.00 ns, 3.6721 ns/op
OverheadWarmup   6: 18736 op, 68789.00 ns, 3.6715 ns/op
OverheadWarmup   7: 18736 op, 69149.00 ns, 3.6907 ns/op
OverheadWarmup   8: 18736 op, 68866.00 ns, 3.6756 ns/op

OverheadActual   1: 18736 op, 68972.00 ns, 3.6813 ns/op
OverheadActual   2: 18736 op, 67544.00 ns, 3.6050 ns/op
OverheadActual   3: 18736 op, 67946.00 ns, 3.6265 ns/op
OverheadActual   4: 18736 op, 69992.00 ns, 3.7357 ns/op
OverheadActual   5: 18736 op, 67468.00 ns, 3.6010 ns/op
OverheadActual   6: 18736 op, 67805.00 ns, 3.6190 ns/op
OverheadActual   7: 18736 op, 69739.00 ns, 3.7222 ns/op
OverheadActual   8: 18736 op, 68832.00 ns, 3.6738 ns/op
OverheadActual   9: 18736 op, 68817.00 ns, 3.6730 ns/op
OverheadActual  10: 18736 op, 69195.00 ns, 3.6932 ns/op
OverheadActual  11: 18736 op, 68860.00 ns, 3.6753 ns/op
OverheadActual  12: 18736 op, 68827.00 ns, 3.6735 ns/op
OverheadActual  13: 18736 op, 69167.00 ns, 3.6917 ns/op
OverheadActual  14: 18736 op, 68834.00 ns, 3.6739 ns/op
OverheadActual  15: 18736 op, 71732.00 ns, 3.8286 ns/op

WorkloadWarmup   1: 18736 op, 1005009742.00 ns, 53.6406 us/op
WorkloadWarmup   2: 18736 op, 1008702080.00 ns, 53.8376 us/op
WorkloadWarmup   3: 18736 op, 1001904325.00 ns, 53.4748 us/op
WorkloadWarmup   4: 18736 op, 1000021070.00 ns, 53.3743 us/op
WorkloadWarmup   5: 18736 op, 1000146993.00 ns, 53.3810 us/op
WorkloadWarmup   6: 18736 op, 1000373374.00 ns, 53.3931 us/op

// BeforeActualRun
WorkloadActual   1: 18736 op, 1001170975.00 ns, 53.4357 us/op
WorkloadActual   2: 18736 op, 1001809439.00 ns, 53.4698 us/op
WorkloadActual   3: 18736 op, 1001550180.00 ns, 53.4559 us/op
WorkloadActual   4: 18736 op, 1001632896.00 ns, 53.4603 us/op
WorkloadActual   5: 18736 op, 1001181321.00 ns, 53.4362 us/op
WorkloadActual   6: 18736 op, 1001535203.00 ns, 53.4551 us/op
WorkloadActual   7: 18736 op, 1001825880.00 ns, 53.4706 us/op
WorkloadActual   8: 18736 op, 1001317492.00 ns, 53.4435 us/op
WorkloadActual   9: 18736 op, 1001723711.00 ns, 53.4652 us/op
WorkloadActual  10: 18736 op, 1001999018.00 ns, 53.4799 us/op
WorkloadActual  11: 18736 op, 1001898928.00 ns, 53.4745 us/op
WorkloadActual  12: 18736 op, 1002277726.00 ns, 53.4948 us/op
WorkloadActual  13: 18736 op, 1001209485.00 ns, 53.4377 us/op
WorkloadActual  14: 18736 op, 1001803039.00 ns, 53.4694 us/op
WorkloadActual  15: 18736 op, 1001883478.00 ns, 53.4737 us/op

// AfterActualRun
WorkloadResult   1: 18736 op, 1001102141.00 ns, 53.4320 us/op
WorkloadResult   2: 18736 op, 1001740605.00 ns, 53.4661 us/op
WorkloadResult   3: 18736 op, 1001481346.00 ns, 53.4522 us/op
WorkloadResult   4: 18736 op, 1001564062.00 ns, 53.4567 us/op
WorkloadResult   5: 18736 op, 1001112487.00 ns, 53.4326 us/op
WorkloadResult   6: 18736 op, 1001466369.00 ns, 53.4515 us/op
WorkloadResult   7: 18736 op, 1001757046.00 ns, 53.4670 us/op
WorkloadResult   8: 18736 op, 1001248658.00 ns, 53.4398 us/op
WorkloadResult   9: 18736 op, 1001654877.00 ns, 53.4615 us/op
WorkloadResult  10: 18736 op, 1001930184.00 ns, 53.4762 us/op
WorkloadResult  11: 18736 op, 1001830094.00 ns, 53.4709 us/op
WorkloadResult  12: 18736 op, 1002208892.00 ns, 53.4911 us/op
WorkloadResult  13: 18736 op, 1001140651.00 ns, 53.4341 us/op
WorkloadResult  14: 18736 op, 1001734205.00 ns, 53.4657 us/op
WorkloadResult  15: 18736 op, 1001814644.00 ns, 53.4700 us/op

// AfterAll
// Benchmark Process 4051642 has exited with code 0.

Mean = 53.458 μs, StdErr = 0.005 μs (0.01%), N = 15, StdDev = 0.017 μs
Min = 53.432 μs, Q1 = 53.446 μs, Median = 53.462 μs, Q3 = 53.469 μs, Max = 53.491 μs
IQR = 0.023 μs, LowerFence = 53.411 μs, UpperFence = 53.503 μs
ConfidenceInterval = [53.439 μs; 53.476 μs] (CI 99.9%), Margin = 0.019 μs (0.03% of Mean)
Skewness = -0.05, Kurtosis = 1.93, MValue = 2

// ** Remained 24 (80.0%) benchmark(s) to run. Estimated finish 2025-12-31 18:36 (0h 10m from now) **
// **************************
// Benchmark: JsonSerializationBenchmarks.Newtonsoft_Deserialize_Medium: Overhead-Fixed-NoEnergy-3(OutlierMode=DontRemove, IterationCount=15, IterationTime=1s, LaunchCount=1, WarmupCount=6)
// *** Execute ***
// Launch: 1 / 1
// Execute: dotnet Serialization.Bench-Overhead-Fixed-NoEnergy-3-1.dll --anonymousPipes 103 104 --benchmarkName Serialization.Bench.JsonSerializationBenchmarks.Newtonsoft_Deserialize_Medium --job Overhead-Fixed-NoEnergy-3 --benchmarkId 6 in /home/test/rapl-tests/lib-energy-bench/src/Serialization.Bench/bin/Release/net8.0/Serialization.Bench-Overhead-Fixed-NoEnergy-3-1/bin/Release/net8.0
// BeforeAnythingElse

// Benchmark Process Environment Information:
// BenchmarkDotNet v0.15.5-develop (2025-12-31)
// Runtime=.NET 8.0.21 (8.0.21, 8.0.2125.47513), X64 RyuJIT x86-64-v4
// GC=Concurrent Workstation
// HardwareIntrinsics=AVX512 IFMA+VBMI,AVX512 F+BW+CD+DQ+VL,AVX2+BMI1+BMI2+F16C+FMA+LZCNT+MOVBE,AVX,SSE3+SSSE3+SSE4.1+SSE4.2+POPCNT,X86Base+SSE+SSE2,AES+PCLMUL VectorSize=256
// Job: Overhead-Fixed-NoEnergy-3(OutlierMode=DontRemove, IterationCount=15, IterationTime=1s, LaunchCount=1, WarmupCount=6)

OverheadJitting  1: 1 op, 140048.00 ns, 140.0480 us/op
WorkloadJitting  1: 1 op, 53299175.00 ns, 53.2992 ms/op

OverheadJitting  2: 16 op, 383009.00 ns, 23.9381 us/op
WorkloadJitting  2: 16 op, 5712816.00 ns, 357.0510 us/op

WorkloadPilot    1: 16 op, 5035248.00 ns, 314.7030 us/op
WorkloadPilot    2: 3184 op, 472208006.00 ns, 148.3065 us/op
WorkloadPilot    3: 6752 op, 447699896.00 ns, 66.3063 us/op
WorkloadPilot    4: 15088 op, 1000607375.00 ns, 66.3181 us/op

OverheadWarmup   1: 15088 op, 55375.00 ns, 3.6701 ns/op
OverheadWarmup   2: 15088 op, 54390.00 ns, 3.6049 ns/op
OverheadWarmup   3: 15088 op, 54411.00 ns, 3.6062 ns/op
OverheadWarmup   4: 15088 op, 55515.00 ns, 3.6794 ns/op
OverheadWarmup   5: 15088 op, 56089.00 ns, 3.7175 ns/op
OverheadWarmup   6: 15088 op, 55516.00 ns, 3.6795 ns/op
OverheadWarmup   7: 15088 op, 55455.00 ns, 3.6754 ns/op
OverheadWarmup   8: 15088 op, 54350.00 ns, 3.6022 ns/op
OverheadWarmup   9: 15088 op, 60306.00 ns, 3.9970 ns/op
OverheadWarmup  10: 15088 op, 55443.00 ns, 3.6746 ns/op

OverheadActual   1: 15088 op, 55625.00 ns, 3.6867 ns/op
OverheadActual   2: 15088 op, 54495.00 ns, 3.6118 ns/op
OverheadActual   3: 15088 op, 54515.00 ns, 3.6131 ns/op
OverheadActual   4: 15088 op, 58648.00 ns, 3.8871 ns/op
OverheadActual   5: 15088 op, 58705.00 ns, 3.8908 ns/op
OverheadActual   6: 15088 op, 54370.00 ns, 3.6035 ns/op
OverheadActual   7: 15088 op, 54385.00 ns, 3.6045 ns/op
OverheadActual   8: 15088 op, 55971.00 ns, 3.7096 ns/op
OverheadActual   9: 15088 op, 55262.00 ns, 3.6626 ns/op
OverheadActual  10: 15088 op, 55268.00 ns, 3.6630 ns/op
OverheadActual  11: 15088 op, 55267.00 ns, 3.6630 ns/op
OverheadActual  12: 15088 op, 56019.00 ns, 3.7128 ns/op
OverheadActual  13: 15088 op, 54374.00 ns, 3.6038 ns/op
OverheadActual  14: 15088 op, 54384.00 ns, 3.6045 ns/op
OverheadActual  15: 15088 op, 54323.00 ns, 3.6004 ns/op

WorkloadWarmup   1: 15088 op, 1001883900.00 ns, 66.4027 us/op
WorkloadWarmup   2: 15088 op, 1005653326.00 ns, 66.6525 us/op
WorkloadWarmup   3: 15088 op, 1000026361.00 ns, 66.2796 us/op
WorkloadWarmup   4: 15088 op, 1002020364.00 ns, 66.4117 us/op
WorkloadWarmup   5: 15088 op, 998744276.00 ns, 66.1946 us/op
WorkloadWarmup   6: 15088 op, 1000819254.00 ns, 66.3321 us/op

// BeforeActualRun
WorkloadActual   1: 15088 op, 1000203608.00 ns, 66.2913 us/op
WorkloadActual   2: 15088 op, 1005187792.00 ns, 66.6217 us/op
WorkloadActual   3: 15088 op, 1004438411.00 ns, 66.5720 us/op
WorkloadActual   4: 15088 op, 1006124397.00 ns, 66.6837 us/op
WorkloadActual   5: 15088 op, 1003408384.00 ns, 66.5037 us/op
WorkloadActual   6: 15088 op, 1003508237.00 ns, 66.5104 us/op
WorkloadActual   7: 15088 op, 1002813451.00 ns, 66.4643 us/op
WorkloadActual   8: 15088 op, 1002826755.00 ns, 66.4652 us/op
WorkloadActual   9: 15088 op, 1005561619.00 ns, 66.6464 us/op
WorkloadActual  10: 15088 op, 1007657502.00 ns, 66.7854 us/op
WorkloadActual  11: 15088 op, 1005114278.00 ns, 66.6168 us/op
WorkloadActual  12: 15088 op, 1004297910.00 ns, 66.5627 us/op
WorkloadActual  13: 15088 op, 1003868040.00 ns, 66.5342 us/op
WorkloadActual  14: 15088 op, 1005402305.00 ns, 66.6359 us/op
WorkloadActual  15: 15088 op, 1004765871.00 ns, 66.5937 us/op

// AfterActualRun
WorkloadResult   1: 15088 op, 1000148346.00 ns, 66.2877 us/op
WorkloadResult   2: 15088 op, 1005132530.00 ns, 66.6180 us/op
WorkloadResult   3: 15088 op, 1004383149.00 ns, 66.5683 us/op
WorkloadResult   4: 15088 op, 1006069135.00 ns, 66.6801 us/op
WorkloadResult   5: 15088 op, 1003353122.00 ns, 66.5001 us/op
WorkloadResult   6: 15088 op, 1003452975.00 ns, 66.5067 us/op
WorkloadResult   7: 15088 op, 1002758189.00 ns, 66.4606 us/op
WorkloadResult   8: 15088 op, 1002771493.00 ns, 66.4615 us/op
WorkloadResult   9: 15088 op, 1005506357.00 ns, 66.6428 us/op
WorkloadResult  10: 15088 op, 1007602240.00 ns, 66.7817 us/op
WorkloadResult  11: 15088 op, 1005059016.00 ns, 66.6131 us/op
WorkloadResult  12: 15088 op, 1004242648.00 ns, 66.5590 us/op
WorkloadResult  13: 15088 op, 1003812778.00 ns, 66.5305 us/op
WorkloadResult  14: 15088 op, 1005347043.00 ns, 66.6322 us/op
WorkloadResult  15: 15088 op, 1004710609.00 ns, 66.5900 us/op

// AfterAll
// Benchmark Process 4051658 has exited with code 0.

Mean = 66.562 μs, StdErr = 0.030 μs (0.04%), N = 15, StdDev = 0.115 μs
Min = 66.288 μs, Q1 = 66.503 μs, Median = 66.568 μs, Q3 = 66.625 μs, Max = 66.782 μs
IQR = 0.122 μs, LowerFence = 66.321 μs, UpperFence = 66.808 μs
ConfidenceInterval = [66.440 μs; 66.685 μs] (CI 99.9%), Margin = 0.122 μs (0.18% of Mean)
Skewness = -0.43, Kurtosis = 3.29, MValue = 2

// ** Remained 23 (76.7%) benchmark(s) to run. Estimated finish 2025-12-31 18:36 (0h 9m from now) **
// **************************
// Benchmark: JsonSerializationBenchmarks.Jil_Deserialize_Medium: Overhead-Fixed-NoEnergy-3(OutlierMode=DontRemove, IterationCount=15, IterationTime=1s, LaunchCount=1, WarmupCount=6)
// *** Execute ***
// Launch: 1 / 1
// Execute: dotnet Serialization.Bench-Overhead-Fixed-NoEnergy-3-1.dll --anonymousPipes 103 104 --benchmarkName Serialization.Bench.JsonSerializationBenchmarks.Jil_Deserialize_Medium --job Overhead-Fixed-NoEnergy-3 --benchmarkId 7 in /home/test/rapl-tests/lib-energy-bench/src/Serialization.Bench/bin/Release/net8.0/Serialization.Bench-Overhead-Fixed-NoEnergy-3-1/bin/Release/net8.0
// BeforeAnythingElse

// Benchmark Process Environment Information:
// BenchmarkDotNet v0.15.5-develop (2025-12-31)
// Runtime=.NET 8.0.21 (8.0.21, 8.0.2125.47513), X64 RyuJIT x86-64-v4
// GC=Concurrent Workstation
// HardwareIntrinsics=AVX512 IFMA+VBMI,AVX512 F+BW+CD+DQ+VL,AVX2+BMI1+BMI2+F16C+FMA+LZCNT+MOVBE,AVX,SSE3+SSSE3+SSE4.1+SSE4.2+POPCNT,X86Base+SSE+SSE2,AES+PCLMUL VectorSize=256
// Job: Overhead-Fixed-NoEnergy-3(OutlierMode=DontRemove, IterationCount=15, IterationTime=1s, LaunchCount=1, WarmupCount=6)

OverheadJitting  1: 1 op, 140964.00 ns, 140.9640 us/op
WorkloadJitting  1: 1 op, 199797760.00 ns, 199.7978 ms/op

WorkloadPilot    1: 4 op, 794452.00 ns, 198.6130 us/op
WorkloadPilot    2: 5035 op, 389654006.00 ns, 77.3891 us/op
WorkloadPilot    3: 12922 op, 716259477.00 ns, 55.4295 us/op
WorkloadPilot    4: 18041 op, 994467193.00 ns, 55.1226 us/op
WorkloadPilot    5: 18141 op, 1000921604.00 ns, 55.1746 us/op
WorkloadPilot    6: 18124 op, 1000735232.00 ns, 55.2160 us/op
WorkloadPilot    7: 18111 op, 1001258085.00 ns, 55.2845 us/op

WorkloadWarmup   1: 18111 op, 999470450.00 ns, 55.1858 us/op
WorkloadWarmup   2: 18111 op, 1000649217.00 ns, 55.2509 us/op
WorkloadWarmup   3: 18111 op, 1000939575.00 ns, 55.2669 us/op
WorkloadWarmup   4: 18111 op, 1001356303.00 ns, 55.2900 us/op
WorkloadWarmup   5: 18111 op, 1000624117.00 ns, 55.2495 us/op
WorkloadWarmup   6: 18111 op, 1000768859.00 ns, 55.2575 us/op

// BeforeActualRun
WorkloadActual   1: 18111 op, 999145367.00 ns, 55.1679 us/op
WorkloadActual   2: 18111 op, 1000199686.00 ns, 55.2261 us/op
WorkloadActual   3: 18111 op, 1000957085.00 ns, 55.2679 us/op
WorkloadActual   4: 18111 op, 1001570733.00 ns, 55.3018 us/op
WorkloadActual   5: 18111 op, 1000359836.00 ns, 55.2349 us/op
WorkloadActual   6: 18111 op, 1003669321.00 ns, 55.4177 us/op
WorkloadActual   7: 18111 op, 1002308865.00 ns, 55.3425 us/op
WorkloadActual   8: 18111 op, 999757337.00 ns, 55.2017 us/op
WorkloadActual   9: 18111 op, 1001253467.00 ns, 55.2843 us/op
WorkloadActual  10: 18111 op, 1001019623.00 ns, 55.2714 us/op
WorkloadActual  11: 18111 op, 1002162238.00 ns, 55.3345 us/op
WorkloadActual  12: 18111 op, 999081081.00 ns, 55.1643 us/op
WorkloadActual  13: 18111 op, 999937798.00 ns, 55.2116 us/op
WorkloadActual  14: 18111 op, 1001146381.00 ns, 55.2784 us/op
WorkloadActual  15: 18111 op, 1000126031.00 ns, 55.2220 us/op

// AfterActualRun
WorkloadResult   1: 18111 op, 999145367.00 ns, 55.1679 us/op
WorkloadResult   2: 18111 op, 1000199686.00 ns, 55.2261 us/op
WorkloadResult   3: 18111 op, 1000957085.00 ns, 55.2679 us/op
WorkloadResult   4: 18111 op, 1001570733.00 ns, 55.3018 us/op
WorkloadResult   5: 18111 op, 1000359836.00 ns, 55.2349 us/op
WorkloadResult   6: 18111 op, 1003669321.00 ns, 55.4177 us/op
WorkloadResult   7: 18111 op, 1002308865.00 ns, 55.3425 us/op
WorkloadResult   8: 18111 op, 999757337.00 ns, 55.2017 us/op
WorkloadResult   9: 18111 op, 1001253467.00 ns, 55.2843 us/op
WorkloadResult  10: 18111 op, 1001019623.00 ns, 55.2714 us/op
WorkloadResult  11: 18111 op, 1002162238.00 ns, 55.3345 us/op
WorkloadResult  12: 18111 op, 999081081.00 ns, 55.1643 us/op
WorkloadResult  13: 18111 op, 999937798.00 ns, 55.2116 us/op
WorkloadResult  14: 18111 op, 1001146381.00 ns, 55.2784 us/op
WorkloadResult  15: 18111 op, 1000126031.00 ns, 55.2220 us/op

// AfterAll
// Benchmark Process 4051673 has exited with code 0.

Mean = 55.262 μs, StdErr = 0.018 μs (0.03%), N = 15, StdDev = 0.069 μs
Min = 55.164 μs, Q1 = 55.217 μs, Median = 55.268 μs, Q3 = 55.293 μs, Max = 55.418 μs
IQR = 0.076 μs, LowerFence = 55.103 μs, UpperFence = 55.407 μs
ConfidenceInterval = [55.188 μs; 55.336 μs] (CI 99.9%), Margin = 0.074 μs (0.13% of Mean)
Skewness = 0.52, Kurtosis = 2.52, MValue = 2

// ** Remained 22 (73.3%) benchmark(s) to run. Estimated finish 2025-12-31 18:36 (0h 9m from now) **
// **************************
// Benchmark: JsonSerializationBenchmarks.Utf8Json_Deserialize_Medium: Overhead-Fixed-NoEnergy-3(OutlierMode=DontRemove, IterationCount=15, IterationTime=1s, LaunchCount=1, WarmupCount=6)
// *** Execute ***
// Launch: 1 / 1
// Execute: dotnet Serialization.Bench-Overhead-Fixed-NoEnergy-3-1.dll --anonymousPipes 103 104 --benchmarkName Serialization.Bench.JsonSerializationBenchmarks.Utf8Json_Deserialize_Medium --job Overhead-Fixed-NoEnergy-3 --benchmarkId 8 in /home/test/rapl-tests/lib-energy-bench/src/Serialization.Bench/bin/Release/net8.0/Serialization.Bench-Overhead-Fixed-NoEnergy-3-1/bin/Release/net8.0
// BeforeAnythingElse

// Benchmark Process Environment Information:
// BenchmarkDotNet v0.15.5-develop (2025-12-31)
// Runtime=.NET 8.0.21 (8.0.21, 8.0.2125.47513), X64 RyuJIT x86-64-v4
// GC=Concurrent Workstation
// HardwareIntrinsics=AVX512 IFMA+VBMI,AVX512 F+BW+CD+DQ+VL,AVX2+BMI1+BMI2+F16C+FMA+LZCNT+MOVBE,AVX,SSE3+SSSE3+SSE4.1+SSE4.2+POPCNT,X86Base+SSE+SSE2,AES+PCLMUL VectorSize=256
// Job: Overhead-Fixed-NoEnergy-3(OutlierMode=DontRemove, IterationCount=15, IterationTime=1s, LaunchCount=1, WarmupCount=6)

OverheadJitting  1: 1 op, 140898.00 ns, 140.8980 us/op
WorkloadJitting  1: 1 op, 57591618.00 ns, 57.5916 ms/op

OverheadJitting  2: 16 op, 382574.00 ns, 23.9109 us/op
WorkloadJitting  2: 16 op, 4709048.00 ns, 294.3155 us/op

WorkloadPilot    1: 16 op, 3896009.00 ns, 243.5006 us/op
WorkloadPilot    2: 4112 op, 720642341.00 ns, 175.2535 us/op
WorkloadPilot    3: 5712 op, 361188959.00 ns, 63.2334 us/op
WorkloadPilot    4: 15824 op, 994351050.00 ns, 62.8382 us/op
WorkloadPilot    5: 15920 op, 1000824765.00 ns, 62.8659 us/op

OverheadWarmup   1: 15920 op, 58649.00 ns, 3.6840 ns/op
OverheadWarmup   2: 15920 op, 61369.00 ns, 3.8548 ns/op
OverheadWarmup   3: 15920 op, 57336.00 ns, 3.6015 ns/op
OverheadWarmup   4: 15920 op, 58497.00 ns, 3.6744 ns/op
OverheadWarmup   5: 15920 op, 59483.00 ns, 3.7364 ns/op
OverheadWarmup   6: 15920 op, 57340.00 ns, 3.6018 ns/op

OverheadActual   1: 15920 op, 57478.00 ns, 3.6104 ns/op
OverheadActual   2: 15920 op, 57471.00 ns, 3.6100 ns/op
OverheadActual   3: 15920 op, 60028.00 ns, 3.7706 ns/op
OverheadActual   4: 15920 op, 57394.00 ns, 3.6052 ns/op
OverheadActual   5: 15920 op, 58572.00 ns, 3.6791 ns/op
OverheadActual   6: 15920 op, 58561.00 ns, 3.6785 ns/op
OverheadActual   7: 15920 op, 58949.00 ns, 3.7028 ns/op
OverheadActual   8: 15920 op, 58536.00 ns, 3.6769 ns/op
OverheadActual   9: 15920 op, 58574.00 ns, 3.6793 ns/op
OverheadActual  10: 15920 op, 57388.00 ns, 3.6048 ns/op
OverheadActual  11: 15920 op, 57741.00 ns, 3.6269 ns/op
OverheadActual  12: 15920 op, 57365.00 ns, 3.6033 ns/op
OverheadActual  13: 15920 op, 57398.00 ns, 3.6054 ns/op
OverheadActual  14: 15920 op, 58560.00 ns, 3.6784 ns/op
OverheadActual  15: 15920 op, 63325.00 ns, 3.9777 ns/op

WorkloadWarmup   1: 15920 op, 1004138872.00 ns, 63.0740 us/op
WorkloadWarmup   2: 15920 op, 1000768555.00 ns, 62.8623 us/op
WorkloadWarmup   3: 15920 op, 1000725865.00 ns, 62.8597 us/op
WorkloadWarmup   4: 15920 op, 1001555671.00 ns, 62.9118 us/op
WorkloadWarmup   5: 15920 op, 1001167368.00 ns, 62.8874 us/op
WorkloadWarmup   6: 15920 op, 1001045457.00 ns, 62.8797 us/op

// BeforeActualRun
WorkloadActual   1: 15920 op, 1002959690.00 ns, 63.0000 us/op
WorkloadActual   2: 15920 op, 1002007959.00 ns, 62.9402 us/op
WorkloadActual   3: 15920 op, 1000895930.00 ns, 62.8703 us/op
WorkloadActual   4: 15920 op, 1001565813.00 ns, 62.9124 us/op
WorkloadActual   5: 15920 op, 1000269964.00 ns, 62.8310 us/op
WorkloadActual   6: 15920 op, 1000469953.00 ns, 62.8436 us/op
WorkloadActual   7: 15920 op, 1001756569.00 ns, 62.9244 us/op
WorkloadActual   8: 15920 op, 1001028249.00 ns, 62.8787 us/op
WorkloadActual   9: 15920 op, 1000701412.00 ns, 62.8581 us/op
WorkloadActual  10: 15920 op, 1000716496.00 ns, 62.8591 us/op
WorkloadActual  11: 15920 op, 1003677913.00 ns, 63.0451 us/op
WorkloadActual  12: 15920 op, 1001150714.00 ns, 62.8864 us/op
WorkloadActual  13: 15920 op, 1000276016.00 ns, 62.8314 us/op
WorkloadActual  14: 15920 op, 999562417.00 ns, 62.7866 us/op
WorkloadActual  15: 15920 op, 999898178.00 ns, 62.8077 us/op

// AfterActualRun
WorkloadResult   1: 15920 op, 1002901154.00 ns, 62.9963 us/op
WorkloadResult   2: 15920 op, 1001949423.00 ns, 62.9365 us/op
WorkloadResult   3: 15920 op, 1000837394.00 ns, 62.8667 us/op
WorkloadResult   4: 15920 op, 1001507277.00 ns, 62.9087 us/op
WorkloadResult   5: 15920 op, 1000211428.00 ns, 62.8274 us/op
WorkloadResult   6: 15920 op, 1000411417.00 ns, 62.8399 us/op
WorkloadResult   7: 15920 op, 1001698033.00 ns, 62.9207 us/op
WorkloadResult   8: 15920 op, 1000969713.00 ns, 62.8750 us/op
WorkloadResult   9: 15920 op, 1000642876.00 ns, 62.8545 us/op
WorkloadResult  10: 15920 op, 1000657960.00 ns, 62.8554 us/op
WorkloadResult  11: 15920 op, 1003619377.00 ns, 63.0414 us/op
WorkloadResult  12: 15920 op, 1001092178.00 ns, 62.8827 us/op
WorkloadResult  13: 15920 op, 1000217480.00 ns, 62.8277 us/op
WorkloadResult  14: 15920 op, 999503881.00 ns, 62.7829 us/op
WorkloadResult  15: 15920 op, 999839642.00 ns, 62.8040 us/op

// AfterAll
// Benchmark Process 4051691 has exited with code 0.

Mean = 62.881 μs, StdErr = 0.018 μs (0.03%), N = 15, StdDev = 0.070 μs
Min = 62.783 μs, Q1 = 62.834 μs, Median = 62.867 μs, Q3 = 62.915 μs, Max = 63.041 μs
IQR = 0.081 μs, LowerFence = 62.712 μs, UpperFence = 63.036 μs
ConfidenceInterval = [62.806 μs; 62.956 μs] (CI 99.9%), Margin = 0.075 μs (0.12% of Mean)
Skewness = 0.78, Kurtosis = 2.73, MValue = 2

// ** Remained 21 (70.0%) benchmark(s) to run. Estimated finish 2025-12-31 18:36 (0h 8m from now) **
// **************************
// Benchmark: JsonSerializationBenchmarks.SpanJson_Deserialize_Medium: Overhead-Fixed-NoEnergy-3(OutlierMode=DontRemove, IterationCount=15, IterationTime=1s, LaunchCount=1, WarmupCount=6)
// *** Execute ***
// Launch: 1 / 1
// Execute: dotnet Serialization.Bench-Overhead-Fixed-NoEnergy-3-1.dll --anonymousPipes 103 104 --benchmarkName Serialization.Bench.JsonSerializationBenchmarks.SpanJson_Deserialize_Medium --job Overhead-Fixed-NoEnergy-3 --benchmarkId 9 in /home/test/rapl-tests/lib-energy-bench/src/Serialization.Bench/bin/Release/net8.0/Serialization.Bench-Overhead-Fixed-NoEnergy-3-1/bin/Release/net8.0
// BeforeAnythingElse

// Benchmark Process Environment Information:
// BenchmarkDotNet v0.15.5-develop (2025-12-31)
// Runtime=.NET 8.0.21 (8.0.21, 8.0.2125.47513), X64 RyuJIT x86-64-v4
// GC=Concurrent Workstation
// HardwareIntrinsics=AVX512 IFMA+VBMI,AVX512 F+BW+CD+DQ+VL,AVX2+BMI1+BMI2+F16C+FMA+LZCNT+MOVBE,AVX,SSE3+SSSE3+SSE4.1+SSE4.2+POPCNT,X86Base+SSE+SSE2,AES+PCLMUL VectorSize=256
// Job: Overhead-Fixed-NoEnergy-3(OutlierMode=DontRemove, IterationCount=15, IterationTime=1s, LaunchCount=1, WarmupCount=6)

OverheadJitting  1: 1 op, 141618.00 ns, 141.6180 us/op
WorkloadJitting  1: 1 op, 101819258.00 ns, 101.8193 ms/op

WorkloadPilot    1: 4 op, 822960.00 ns, 205.7400 us/op
WorkloadPilot    2: 4861 op, 314438016.00 ns, 64.6859 us/op
WorkloadPilot    3: 15459 op, 607927863.00 ns, 39.3252 us/op
WorkloadPilot    4: 25429 op, 994050723.00 ns, 39.0912 us/op
WorkloadPilot    5: 25581 op, 1000430831.00 ns, 39.1084 us/op
WorkloadPilot    6: 25570 op, 1003563904.00 ns, 39.2477 us/op
WorkloadPilot    7: 25479 op, 997434735.00 ns, 39.1473 us/op
WorkloadPilot    8: 25545 op, 1010651367.00 ns, 39.5636 us/op

WorkloadWarmup   1: 25545 op, 1000009385.00 ns, 39.1470 us/op
WorkloadWarmup   2: 25545 op, 1000019974.00 ns, 39.1474 us/op
WorkloadWarmup   3: 25545 op, 1001242105.00 ns, 39.1952 us/op
WorkloadWarmup   4: 25545 op, 1003043700.00 ns, 39.2658 us/op
WorkloadWarmup   5: 25545 op, 1004225474.00 ns, 39.3120 us/op
WorkloadWarmup   6: 25545 op, 1002163854.00 ns, 39.2313 us/op

// BeforeActualRun
WorkloadActual   1: 25545 op, 1004572615.00 ns, 39.3256 us/op
WorkloadActual   2: 25545 op, 1004085765.00 ns, 39.3065 us/op
WorkloadActual   3: 25545 op, 1003207944.00 ns, 39.2722 us/op
WorkloadActual   4: 25545 op, 1008939497.00 ns, 39.4966 us/op
WorkloadActual   5: 25545 op, 1005540058.00 ns, 39.3635 us/op
WorkloadActual   6: 25545 op, 1002041492.00 ns, 39.2265 us/op
WorkloadActual   7: 25545 op, 1001752202.00 ns, 39.2152 us/op
WorkloadActual   8: 25545 op, 1001733644.00 ns, 39.2145 us/op
WorkloadActual   9: 25545 op, 1002680246.00 ns, 39.2515 us/op
WorkloadActual  10: 25545 op, 1004019464.00 ns, 39.3040 us/op
WorkloadActual  11: 25545 op, 1002633008.00 ns, 39.2497 us/op
WorkloadActual  12: 25545 op, 1003043847.00 ns, 39.2658 us/op
WorkloadActual  13: 25545 op, 1000084151.00 ns, 39.1499 us/op
WorkloadActual  14: 25545 op, 1009917649.00 ns, 39.5348 us/op
WorkloadActual  15: 25545 op, 1003718879.00 ns, 39.2922 us/op

// AfterActualRun
WorkloadResult   1: 25545 op, 1004572615.00 ns, 39.3256 us/op
WorkloadResult   2: 25545 op, 1004085765.00 ns, 39.3065 us/op
WorkloadResult   3: 25545 op, 1003207944.00 ns, 39.2722 us/op
WorkloadResult   4: 25545 op, 1008939497.00 ns, 39.4966 us/op
WorkloadResult   5: 25545 op, 1005540058.00 ns, 39.3635 us/op
WorkloadResult   6: 25545 op, 1002041492.00 ns, 39.2265 us/op
WorkloadResult   7: 25545 op, 1001752202.00 ns, 39.2152 us/op
WorkloadResult   8: 25545 op, 1001733644.00 ns, 39.2145 us/op
WorkloadResult   9: 25545 op, 1002680246.00 ns, 39.2515 us/op
WorkloadResult  10: 25545 op, 1004019464.00 ns, 39.3040 us/op
WorkloadResult  11: 25545 op, 1002633008.00 ns, 39.2497 us/op
WorkloadResult  12: 25545 op, 1003043847.00 ns, 39.2658 us/op
WorkloadResult  13: 25545 op, 1000084151.00 ns, 39.1499 us/op
WorkloadResult  14: 25545 op, 1009917649.00 ns, 39.5348 us/op
WorkloadResult  15: 25545 op, 1003718879.00 ns, 39.2922 us/op

// AfterAll
// Benchmark Process 4051708 has exited with code 0.

Mean = 39.298 μs, StdErr = 0.027 μs (0.07%), N = 15, StdDev = 0.103 μs
Min = 39.150 μs, Q1 = 39.238 μs, Median = 39.272 μs, Q3 = 39.316 μs, Max = 39.535 μs
IQR = 0.078 μs, LowerFence = 39.121 μs, UpperFence = 39.433 μs
ConfidenceInterval = [39.188 μs; 39.408 μs] (CI 99.9%), Margin = 0.110 μs (0.28% of Mean)
Skewness = 1.01, Kurtosis = 3.2, MValue = 2

// ** Remained 20 (66.7%) benchmark(s) to run. Estimated finish 2025-12-31 18:36 (0h 8m from now) **
// **************************
// Benchmark: JsonSerializationBenchmarks.STJ_Deserialize_Small: Overhead-Fixed-NoEnergy-3(OutlierMode=DontRemove, IterationCount=15, IterationTime=1s, LaunchCount=1, WarmupCount=6)
// *** Execute ***
// Launch: 1 / 1
// Execute: dotnet Serialization.Bench-Overhead-Fixed-NoEnergy-3-1.dll --anonymousPipes 103 104 --benchmarkName Serialization.Bench.JsonSerializationBenchmarks.STJ_Deserialize_Small --job Overhead-Fixed-NoEnergy-3 --benchmarkId 10 in /home/test/rapl-tests/lib-energy-bench/src/Serialization.Bench/bin/Release/net8.0/Serialization.Bench-Overhead-Fixed-NoEnergy-3-1/bin/Release/net8.0
// BeforeAnythingElse

// Benchmark Process Environment Information:
// BenchmarkDotNet v0.15.5-develop (2025-12-31)
// Runtime=.NET 8.0.21 (8.0.21, 8.0.2125.47513), X64 RyuJIT x86-64-v4
// GC=Concurrent Workstation
// HardwareIntrinsics=AVX512 IFMA+VBMI,AVX512 F+BW+CD+DQ+VL,AVX2+BMI1+BMI2+F16C+FMA+LZCNT+MOVBE,AVX,SSE3+SSSE3+SSE4.1+SSE4.2+POPCNT,X86Base+SSE+SSE2,AES+PCLMUL VectorSize=256
// Job: Overhead-Fixed-NoEnergy-3(OutlierMode=DontRemove, IterationCount=15, IterationTime=1s, LaunchCount=1, WarmupCount=6)

OverheadJitting  1: 1 op, 139169.00 ns, 139.1690 us/op
WorkloadJitting  1: 1 op, 188286.00 ns, 188.2860 us/op

OverheadJitting  2: 16 op, 372219.00 ns, 23.2637 us/op
WorkloadJitting  2: 16 op, 487747.00 ns, 30.4842 us/op

WorkloadPilot    1: 16 op, 94938.00 ns, 5.9336 us/op
WorkloadPilot    2: 168544 op, 585549376.00 ns, 3.4742 us/op
WorkloadPilot    3: 287840 op, 573198979.00 ns, 1.9914 us/op
WorkloadPilot    4: 502176 op, 1002792119.00 ns, 1.9969 us/op
WorkloadPilot    5: 500784 op, 997417174.00 ns, 1.9917 us/op
WorkloadPilot    6: 502096 op, 998210876.00 ns, 1.9881 us/op
WorkloadPilot    7: 503008 op, 1002735481.00 ns, 1.9935 us/op
WorkloadPilot    8: 501648 op, 996744234.00 ns, 1.9869 us/op
WorkloadPilot    9: 503296 op, 1026807779.00 ns, 2.0402 us/op

OverheadWarmup   1: 503296 op, 1716158.00 ns, 3.4098 ns/op
OverheadWarmup   2: 503296 op, 1717676.00 ns, 3.4129 ns/op
OverheadWarmup   3: 503296 op, 1721922.00 ns, 3.4213 ns/op
OverheadWarmup   4: 503296 op, 1719837.00 ns, 3.4171 ns/op
OverheadWarmup   5: 503296 op, 1725606.00 ns, 3.4286 ns/op
OverheadWarmup   6: 503296 op, 1724698.00 ns, 3.4268 ns/op

OverheadActual   1: 503296 op, 1733950.00 ns, 3.4452 ns/op
OverheadActual   2: 503296 op, 1715058.00 ns, 3.4077 ns/op
OverheadActual   3: 503296 op, 1723407.00 ns, 3.4242 ns/op
OverheadActual   4: 503296 op, 1720323.00 ns, 3.4181 ns/op
OverheadActual   5: 503296 op, 1722413.00 ns, 3.4223 ns/op
OverheadActual   6: 503296 op, 1741949.00 ns, 3.4611 ns/op
OverheadActual   7: 503296 op, 1720394.00 ns, 3.4183 ns/op
OverheadActual   8: 503296 op, 1731614.00 ns, 3.4405 ns/op
OverheadActual   9: 503296 op, 1729428.00 ns, 3.4362 ns/op
OverheadActual  10: 503296 op, 1720013.00 ns, 3.4175 ns/op
OverheadActual  11: 503296 op, 1728806.00 ns, 3.4350 ns/op
OverheadActual  12: 503296 op, 1720544.00 ns, 3.4186 ns/op
OverheadActual  13: 503296 op, 1722629.00 ns, 3.4227 ns/op
OverheadActual  14: 503296 op, 1724293.00 ns, 3.4260 ns/op
OverheadActual  15: 503296 op, 1716859.00 ns, 3.4112 ns/op

WorkloadWarmup   1: 503296 op, 1004975099.00 ns, 1.9968 us/op
WorkloadWarmup   2: 503296 op, 1004312018.00 ns, 1.9955 us/op
WorkloadWarmup   3: 503296 op, 1002305501.00 ns, 1.9915 us/op
WorkloadWarmup   4: 503296 op, 1001085836.00 ns, 1.9891 us/op
WorkloadWarmup   5: 503296 op, 1000903680.00 ns, 1.9887 us/op
WorkloadWarmup   6: 503296 op, 1000775215.00 ns, 1.9884 us/op

// BeforeActualRun
WorkloadActual   1: 503296 op, 1001674550.00 ns, 1.9902 us/op
WorkloadActual   2: 503296 op, 1007930641.00 ns, 2.0027 us/op
WorkloadActual   3: 503296 op, 1003486186.00 ns, 1.9938 us/op
WorkloadActual   4: 503296 op, 1006774817.00 ns, 2.0004 us/op
WorkloadActual   5: 503296 op, 1003618660.00 ns, 1.9941 us/op
WorkloadActual   6: 503296 op, 1002718139.00 ns, 1.9923 us/op
WorkloadActual   7: 503296 op, 1005079923.00 ns, 1.9970 us/op
WorkloadActual   8: 503296 op, 1007467573.00 ns, 2.0017 us/op
WorkloadActual   9: 503296 op, 1006962629.00 ns, 2.0007 us/op
WorkloadActual  10: 503296 op, 1008153790.00 ns, 2.0031 us/op
WorkloadActual  11: 503296 op, 1008533869.00 ns, 2.0039 us/op
WorkloadActual  12: 503296 op, 1004520926.00 ns, 1.9959 us/op
WorkloadActual  13: 503296 op, 1007288148.00 ns, 2.0014 us/op
WorkloadActual  14: 503296 op, 1005206449.00 ns, 1.9972 us/op
WorkloadActual  15: 503296 op, 1012703787.00 ns, 2.0121 us/op

// AfterActualRun
WorkloadResult   1: 503296 op, 999951921.00 ns, 1.9868 us/op
WorkloadResult   2: 503296 op, 1006208012.00 ns, 1.9992 us/op
WorkloadResult   3: 503296 op, 1001763557.00 ns, 1.9904 us/op
WorkloadResult   4: 503296 op, 1005052188.00 ns, 1.9969 us/op
WorkloadResult   5: 503296 op, 1001896031.00 ns, 1.9907 us/op
WorkloadResult   6: 503296 op, 1000995510.00 ns, 1.9889 us/op
WorkloadResult   7: 503296 op, 1003357294.00 ns, 1.9936 us/op
WorkloadResult   8: 503296 op, 1005744944.00 ns, 1.9983 us/op
WorkloadResult   9: 503296 op, 1005240000.00 ns, 1.9973 us/op
WorkloadResult  10: 503296 op, 1006431161.00 ns, 1.9997 us/op
WorkloadResult  11: 503296 op, 1006811240.00 ns, 2.0004 us/op
WorkloadResult  12: 503296 op, 1002798297.00 ns, 1.9925 us/op
WorkloadResult  13: 503296 op, 1005565519.00 ns, 1.9980 us/op
WorkloadResult  14: 503296 op, 1003483820.00 ns, 1.9938 us/op
WorkloadResult  15: 503296 op, 1010981158.00 ns, 2.0087 us/op

// AfterAll
// Benchmark Process 4051725 has exited with code 0.

Mean = 1.996 μs, StdErr = 0.001 μs (0.07%), N = 15, StdDev = 0.006 μs
Min = 1.987 μs, Q1 = 1.992 μs, Median = 1.997 μs, Q3 = 1.999 μs, Max = 2.009 μs
IQR = 0.007 μs, LowerFence = 1.981 μs, UpperFence = 2.010 μs
ConfidenceInterval = [1.990 μs; 2.002 μs] (CI 99.9%), Margin = 0.006 μs (0.30% of Mean)
Skewness = 0.44, Kurtosis = 2.76, MValue = 2

// ** Remained 19 (63.3%) benchmark(s) to run. Estimated finish 2025-12-31 18:36 (0h 8m from now) **
// **************************
// Benchmark: JsonSerializationBenchmarks.Newtonsoft_Deserialize_Small: Overhead-Fixed-NoEnergy-3(OutlierMode=DontRemove, IterationCount=15, IterationTime=1s, LaunchCount=1, WarmupCount=6)
// *** Execute ***
// Launch: 1 / 1
// Execute: dotnet Serialization.Bench-Overhead-Fixed-NoEnergy-3-1.dll --anonymousPipes 103 104 --benchmarkName Serialization.Bench.JsonSerializationBenchmarks.Newtonsoft_Deserialize_Small --job Overhead-Fixed-NoEnergy-3 --benchmarkId 11 in /home/test/rapl-tests/lib-energy-bench/src/Serialization.Bench/bin/Release/net8.0/Serialization.Bench-Overhead-Fixed-NoEnergy-3-1/bin/Release/net8.0
// BeforeAnythingElse

// Benchmark Process Environment Information:
// BenchmarkDotNet v0.15.5-develop (2025-12-31)
// Runtime=.NET 8.0.21 (8.0.21, 8.0.2125.47513), X64 RyuJIT x86-64-v4
// GC=Concurrent Workstation
// HardwareIntrinsics=AVX512 IFMA+VBMI,AVX512 F+BW+CD+DQ+VL,AVX2+BMI1+BMI2+F16C+FMA+LZCNT+MOVBE,AVX,SSE3+SSSE3+SSE4.1+SSE4.2+POPCNT,X86Base+SSE+SSE2,AES+PCLMUL VectorSize=256
// Job: Overhead-Fixed-NoEnergy-3(OutlierMode=DontRemove, IterationCount=15, IterationTime=1s, LaunchCount=1, WarmupCount=6)

OverheadJitting  1: 1 op, 140181.00 ns, 140.1810 us/op
WorkloadJitting  1: 1 op, 42133781.00 ns, 42.1338 ms/op

OverheadJitting  2: 16 op, 388809.00 ns, 24.3006 us/op
WorkloadJitting  2: 16 op, 833850.00 ns, 52.1156 us/op

WorkloadPilot    1: 16 op, 414503.00 ns, 25.9064 us/op
WorkloadPilot    2: 38608 op, 266461298.00 ns, 6.9017 us/op
WorkloadPilot    3: 144896 op, 505240437.00 ns, 3.4869 us/op
WorkloadPilot    4: 286800 op, 994979515.00 ns, 3.4692 us/op
WorkloadPilot    5: 288256 op, 997666102.00 ns, 3.4610 us/op
WorkloadPilot    6: 288944 op, 1001139987.00 ns, 3.4648 us/op
WorkloadPilot    7: 288624 op, 1000587992.00 ns, 3.4668 us/op
WorkloadPilot    8: 288464 op, 998576578.00 ns, 3.4617 us/op
WorkloadPilot    9: 288880 op, 1000358233.00 ns, 3.4629 us/op

OverheadWarmup   1: 288880 op, 989840.00 ns, 3.4265 ns/op
OverheadWarmup   2: 288880 op, 991918.00 ns, 3.4337 ns/op
OverheadWarmup   3: 288880 op, 986680.00 ns, 3.4155 ns/op
OverheadWarmup   4: 288880 op, 1005899.00 ns, 3.4821 ns/op
OverheadWarmup   5: 288880 op, 1000591.00 ns, 3.4637 ns/op

OverheadActual   1: 288880 op, 1012061.00 ns, 3.5034 ns/op
OverheadActual   2: 288880 op, 995882.00 ns, 3.4474 ns/op
OverheadActual   3: 288880 op, 1014840.00 ns, 3.5130 ns/op
OverheadActual   4: 288880 op, 991935.00 ns, 3.4337 ns/op
OverheadActual   5: 288880 op, 991219.00 ns, 3.4312 ns/op
OverheadActual   6: 288880 op, 1012365.00 ns, 3.5044 ns/op
OverheadActual   7: 288880 op, 1009846.00 ns, 3.4957 ns/op
OverheadActual   8: 288880 op, 1010637.00 ns, 3.4985 ns/op
OverheadActual   9: 288880 op, 991714.00 ns, 3.4330 ns/op
OverheadActual  10: 288880 op, 990659.00 ns, 3.4293 ns/op
OverheadActual  11: 288880 op, 1004873.00 ns, 3.4785 ns/op
OverheadActual  12: 288880 op, 1008595.00 ns, 3.4914 ns/op
OverheadActual  13: 288880 op, 1006697.00 ns, 3.4848 ns/op
OverheadActual  14: 288880 op, 1009714.00 ns, 3.4953 ns/op
OverheadActual  15: 288880 op, 992897.00 ns, 3.4371 ns/op

WorkloadWarmup   1: 288880 op, 1004510082.00 ns, 3.4773 us/op
WorkloadWarmup   2: 288880 op, 1002653315.00 ns, 3.4708 us/op
WorkloadWarmup   3: 288880 op, 1000036371.00 ns, 3.4618 us/op
WorkloadWarmup   4: 288880 op, 999557403.00 ns, 3.4601 us/op
WorkloadWarmup   5: 288880 op, 999160229.00 ns, 3.4587 us/op
WorkloadWarmup   6: 288880 op, 999895604.00 ns, 3.4613 us/op

// BeforeActualRun
WorkloadActual   1: 288880 op, 1000706177.00 ns, 3.4641 us/op
WorkloadActual   2: 288880 op, 1001717051.00 ns, 3.4676 us/op
WorkloadActual   3: 288880 op, 1001891760.00 ns, 3.4682 us/op
WorkloadActual   4: 288880 op, 1002854569.00 ns, 3.4715 us/op
WorkloadActual   5: 288880 op, 1002215539.00 ns, 3.4693 us/op
WorkloadActual   6: 288880 op, 1001546874.00 ns, 3.4670 us/op
WorkloadActual   7: 288880 op, 1002198125.00 ns, 3.4693 us/op
WorkloadActual   8: 288880 op, 1001671707.00 ns, 3.4674 us/op
WorkloadActual   9: 288880 op, 1002241908.00 ns, 3.4694 us/op
WorkloadActual  10: 288880 op, 1002148736.00 ns, 3.4691 us/op
WorkloadActual  11: 288880 op, 1001885869.00 ns, 3.4682 us/op
WorkloadActual  12: 288880 op, 1001393611.00 ns, 3.4665 us/op
WorkloadActual  13: 288880 op, 1001366719.00 ns, 3.4664 us/op
WorkloadActual  14: 288880 op, 1001492220.00 ns, 3.4668 us/op
WorkloadActual  15: 288880 op, 1002334636.00 ns, 3.4697 us/op

// AfterActualRun
WorkloadResult   1: 288880 op, 999699480.00 ns, 3.4606 us/op
WorkloadResult   2: 288880 op, 1000710354.00 ns, 3.4641 us/op
WorkloadResult   3: 288880 op, 1000885063.00 ns, 3.4647 us/op
WorkloadResult   4: 288880 op, 1001847872.00 ns, 3.4680 us/op
WorkloadResult   5: 288880 op, 1001208842.00 ns, 3.4658 us/op
WorkloadResult   6: 288880 op, 1000540177.00 ns, 3.4635 us/op
WorkloadResult   7: 288880 op, 1001191428.00 ns, 3.4658 us/op
WorkloadResult   8: 288880 op, 1000665010.00 ns, 3.4639 us/op
WorkloadResult   9: 288880 op, 1001235211.00 ns, 3.4659 us/op
WorkloadResult  10: 288880 op, 1001142039.00 ns, 3.4656 us/op
WorkloadResult  11: 288880 op, 1000879172.00 ns, 3.4647 us/op
WorkloadResult  12: 288880 op, 1000386914.00 ns, 3.4630 us/op
WorkloadResult  13: 288880 op, 1000360022.00 ns, 3.4629 us/op
WorkloadResult  14: 288880 op, 1000485523.00 ns, 3.4633 us/op
WorkloadResult  15: 288880 op, 1001327939.00 ns, 3.4662 us/op

// AfterAll
// Benchmark Process 4051743 has exited with code 0.

Mean = 3.465 μs, StdErr = 0.000 μs (0.01%), N = 15, StdDev = 0.002 μs
Min = 3.461 μs, Q1 = 3.463 μs, Median = 3.465 μs, Q3 = 3.466 μs, Max = 3.468 μs
IQR = 0.002 μs, LowerFence = 3.460 μs, UpperFence = 3.469 μs
ConfidenceInterval = [3.463 μs; 3.466 μs] (CI 99.9%), Margin = 0.002 μs (0.06% of Mean)
Skewness = -0.2, Kurtosis = 2.73, MValue = 2

// ** Remained 18 (60.0%) benchmark(s) to run. Estimated finish 2025-12-31 18:36 (0h 7m from now) **
// **************************
// Benchmark: JsonSerializationBenchmarks.Jil_Deserialize_Small: Overhead-Fixed-NoEnergy-3(OutlierMode=DontRemove, IterationCount=15, IterationTime=1s, LaunchCount=1, WarmupCount=6)
// *** Execute ***
// Launch: 1 / 1
// Execute: dotnet Serialization.Bench-Overhead-Fixed-NoEnergy-3-1.dll --anonymousPipes 103 104 --benchmarkName Serialization.Bench.JsonSerializationBenchmarks.Jil_Deserialize_Small --job Overhead-Fixed-NoEnergy-3 --benchmarkId 12 in /home/test/rapl-tests/lib-energy-bench/src/Serialization.Bench/bin/Release/net8.0/Serialization.Bench-Overhead-Fixed-NoEnergy-3-1/bin/Release/net8.0
// BeforeAnythingElse

// Benchmark Process Environment Information:
// BenchmarkDotNet v0.15.5-develop (2025-12-31)
// Runtime=.NET 8.0.21 (8.0.21, 8.0.2125.47513), X64 RyuJIT x86-64-v4
// GC=Concurrent Workstation
// HardwareIntrinsics=AVX512 IFMA+VBMI,AVX512 F+BW+CD+DQ+VL,AVX2+BMI1+BMI2+F16C+FMA+LZCNT+MOVBE,AVX,SSE3+SSSE3+SSE4.1+SSE4.2+POPCNT,X86Base+SSE+SSE2,AES+PCLMUL VectorSize=256
// Job: Overhead-Fixed-NoEnergy-3(OutlierMode=DontRemove, IterationCount=15, IterationTime=1s, LaunchCount=1, WarmupCount=6)

OverheadJitting  1: 1 op, 141159.00 ns, 141.1590 us/op
WorkloadJitting  1: 1 op, 116048820.00 ns, 116.0488 ms/op

WorkloadPilot    1: 4 op, 39907.00 ns, 9.9768 us/op
WorkloadPilot    2: 100233 op, 328411662.00 ns, 3.2765 us/op
WorkloadPilot    3: 305205 op, 694714490.00 ns, 2.2762 us/op
WorkloadPilot    4: 439324 op, 996992448.00 ns, 2.2694 us/op
WorkloadPilot    5: 440649 op, 996705959.00 ns, 2.2619 us/op
WorkloadPilot    6: 442105 op, 1000914377.00 ns, 2.2640 us/op
WorkloadPilot    7: 441701 op, 1003286653.00 ns, 2.2714 us/op
WorkloadPilot    8: 440254 op, 996494479.00 ns, 2.2635 us/op
WorkloadPilot    9: 441803 op, 1000784720.00 ns, 2.2652 us/op

WorkloadWarmup   1: 441803 op, 999371118.00 ns, 2.2620 us/op
WorkloadWarmup   2: 441803 op, 1001788626.00 ns, 2.2675 us/op
WorkloadWarmup   3: 441803 op, 1001922937.00 ns, 2.2678 us/op
WorkloadWarmup   4: 441803 op, 1000580238.00 ns, 2.2648 us/op
WorkloadWarmup   5: 441803 op, 1002182107.00 ns, 2.2684 us/op
WorkloadWarmup   6: 441803 op, 1002745107.00 ns, 2.2697 us/op

// BeforeActualRun
WorkloadActual   1: 441803 op, 998757964.00 ns, 2.2606 us/op
WorkloadActual   2: 441803 op, 1002845896.00 ns, 2.2699 us/op
WorkloadActual   3: 441803 op, 1001898670.00 ns, 2.2677 us/op
WorkloadActual   4: 441803 op, 1000566083.00 ns, 2.2647 us/op
WorkloadActual   5: 441803 op, 1002294208.00 ns, 2.2686 us/op
WorkloadActual   6: 441803 op, 1000960558.00 ns, 2.2656 us/op
WorkloadActual   7: 441803 op, 1002169899.00 ns, 2.2684 us/op
WorkloadActual   8: 441803 op, 1000224455.00 ns, 2.2640 us/op
WorkloadActual   9: 441803 op, 1001157126.00 ns, 2.2661 us/op
WorkloadActual  10: 441803 op, 1001600112.00 ns, 2.2671 us/op
WorkloadActual  11: 441803 op, 1001927305.00 ns, 2.2678 us/op
WorkloadActual  12: 441803 op, 1001143983.00 ns, 2.2660 us/op
WorkloadActual  13: 441803 op, 1000453368.00 ns, 2.2645 us/op
WorkloadActual  14: 441803 op, 1001362786.00 ns, 2.2665 us/op
WorkloadActual  15: 441803 op, 1000481414.00 ns, 2.2645 us/op

// AfterActualRun
WorkloadResult   1: 441803 op, 998757964.00 ns, 2.2606 us/op
WorkloadResult   2: 441803 op, 1002845896.00 ns, 2.2699 us/op
WorkloadResult   3: 441803 op, 1001898670.00 ns, 2.2677 us/op
WorkloadResult   4: 441803 op, 1000566083.00 ns, 2.2647 us/op
WorkloadResult   5: 441803 op, 1002294208.00 ns, 2.2686 us/op
WorkloadResult   6: 441803 op, 1000960558.00 ns, 2.2656 us/op
WorkloadResult   7: 441803 op, 1002169899.00 ns, 2.2684 us/op
WorkloadResult   8: 441803 op, 1000224455.00 ns, 2.2640 us/op
WorkloadResult   9: 441803 op, 1001157126.00 ns, 2.2661 us/op
WorkloadResult  10: 441803 op, 1001600112.00 ns, 2.2671 us/op
WorkloadResult  11: 441803 op, 1001927305.00 ns, 2.2678 us/op
WorkloadResult  12: 441803 op, 1001143983.00 ns, 2.2660 us/op
WorkloadResult  13: 441803 op, 1000453368.00 ns, 2.2645 us/op
WorkloadResult  14: 441803 op, 1001362786.00 ns, 2.2665 us/op
WorkloadResult  15: 441803 op, 1000481414.00 ns, 2.2645 us/op

// AfterAll
// Benchmark Process 4051757 has exited with code 0.

Mean = 2.266 μs, StdErr = 0.001 μs (0.03%), N = 15, StdDev = 0.002 μs
Min = 2.261 μs, Q1 = 2.265 μs, Median = 2.266 μs, Q3 = 2.268 μs, Max = 2.270 μs
IQR = 0.003 μs, LowerFence = 2.260 μs, UpperFence = 2.272 μs
ConfidenceInterval = [2.264 μs; 2.269 μs] (CI 99.9%), Margin = 0.002 μs (0.11% of Mean)
Skewness = -0.55, Kurtosis = 2.92, MValue = 2

// ** Remained 17 (56.7%) benchmark(s) to run. Estimated finish 2025-12-31 18:36 (0h 7m from now) **
// **************************
// Benchmark: JsonSerializationBenchmarks.Utf8Json_Deserialize_Small: Overhead-Fixed-NoEnergy-3(OutlierMode=DontRemove, IterationCount=15, IterationTime=1s, LaunchCount=1, WarmupCount=6)
// *** Execute ***
// Launch: 1 / 1
// Execute: dotnet Serialization.Bench-Overhead-Fixed-NoEnergy-3-1.dll --anonymousPipes 103 104 --benchmarkName Serialization.Bench.JsonSerializationBenchmarks.Utf8Json_Deserialize_Small --job Overhead-Fixed-NoEnergy-3 --benchmarkId 13 in /home/test/rapl-tests/lib-energy-bench/src/Serialization.Bench/bin/Release/net8.0/Serialization.Bench-Overhead-Fixed-NoEnergy-3-1/bin/Release/net8.0
// BeforeAnythingElse

// Benchmark Process Environment Information:
// BenchmarkDotNet v0.15.5-develop (2025-12-31)
// Runtime=.NET 8.0.21 (8.0.21, 8.0.2125.47513), X64 RyuJIT x86-64-v4
// GC=Concurrent Workstation
// HardwareIntrinsics=AVX512 IFMA+VBMI,AVX512 F+BW+CD+DQ+VL,AVX2+BMI1+BMI2+F16C+FMA+LZCNT+MOVBE,AVX,SSE3+SSSE3+SSE4.1+SSE4.2+POPCNT,X86Base+SSE+SSE2,AES+PCLMUL VectorSize=256
// Job: Overhead-Fixed-NoEnergy-3(OutlierMode=DontRemove, IterationCount=15, IterationTime=1s, LaunchCount=1, WarmupCount=6)

OverheadJitting  1: 1 op, 143075.00 ns, 143.0750 us/op
WorkloadJitting  1: 1 op, 48636792.00 ns, 48.6368 ms/op

OverheadJitting  2: 16 op, 382076.00 ns, 23.8798 us/op
WorkloadJitting  2: 16 op, 647235.00 ns, 40.4522 us/op

WorkloadPilot    1: 16 op, 272733.00 ns, 17.0458 us/op
WorkloadPilot    2: 58672 op, 563215453.00 ns, 9.5994 us/op
WorkloadPilot    3: 104176 op, 214590689.00 ns, 2.0599 us/op
WorkloadPilot    4: 485472 op, 986529355.00 ns, 2.0321 us/op
WorkloadPilot    5: 492112 op, 1001226320.00 ns, 2.0345 us/op
WorkloadPilot    6: 491520 op, 1005065113.00 ns, 2.0448 us/op
WorkloadPilot    7: 489056 op, 997499128.00 ns, 2.0396 us/op
WorkloadPilot    8: 490288 op, 999670697.00 ns, 2.0389 us/op
WorkloadPilot    9: 490464 op, 998951539.00 ns, 2.0367 us/op
WorkloadPilot   10: 490992 op, 1000837854.00 ns, 2.0384 us/op

OverheadWarmup   1: 490992 op, 1637759.00 ns, 3.3356 ns/op
OverheadWarmup   2: 490992 op, 1637410.00 ns, 3.3349 ns/op
OverheadWarmup   3: 490992 op, 1643232.00 ns, 3.3468 ns/op
OverheadWarmup   4: 490992 op, 1646085.00 ns, 3.3526 ns/op
OverheadWarmup   5: 490992 op, 1644358.00 ns, 3.3491 ns/op
OverheadWarmup   6: 490992 op, 1645936.00 ns, 3.3523 ns/op
OverheadWarmup   7: 490992 op, 1643724.00 ns, 3.3478 ns/op

OverheadActual   1: 490992 op, 1639152.00 ns, 3.3384 ns/op
OverheadActual   2: 490992 op, 1638999.00 ns, 3.3381 ns/op
OverheadActual   3: 490992 op, 1640717.00 ns, 3.3416 ns/op
OverheadActual   4: 490992 op, 1648921.00 ns, 3.3583 ns/op
OverheadActual   5: 490992 op, 1638533.00 ns, 3.3372 ns/op
OverheadActual   6: 490992 op, 1643354.00 ns, 3.3470 ns/op
OverheadActual   7: 490992 op, 1640631.00 ns, 3.3415 ns/op
OverheadActual   8: 490992 op, 1638686.00 ns, 3.3375 ns/op
OverheadActual   9: 490992 op, 1651875.00 ns, 3.3644 ns/op
OverheadActual  10: 490992 op, 1639839.00 ns, 3.3398 ns/op
OverheadActual  11: 490992 op, 1643402.00 ns, 3.3471 ns/op
OverheadActual  12: 490992 op, 1643105.00 ns, 3.3465 ns/op
OverheadActual  13: 490992 op, 1638712.00 ns, 3.3376 ns/op
OverheadActual  14: 490992 op, 1644272.00 ns, 3.3489 ns/op
OverheadActual  15: 490992 op, 1641608.00 ns, 3.3435 ns/op

WorkloadWarmup   1: 490992 op, 1005464590.00 ns, 2.0478 us/op
WorkloadWarmup   2: 490992 op, 1001038169.00 ns, 2.0388 us/op
WorkloadWarmup   3: 490992 op, 1002333348.00 ns, 2.0414 us/op
WorkloadWarmup   4: 490992 op, 1001105041.00 ns, 2.0389 us/op
WorkloadWarmup   5: 490992 op, 998432174.00 ns, 2.0335 us/op
WorkloadWarmup   6: 490992 op, 999907959.00 ns, 2.0365 us/op

// BeforeActualRun
WorkloadActual   1: 490992 op, 1000456533.00 ns, 2.0376 us/op
WorkloadActual   2: 490992 op, 1001625124.00 ns, 2.0400 us/op
WorkloadActual   3: 490992 op, 997873460.00 ns, 2.0324 us/op
WorkloadActual   4: 490992 op, 999179984.00 ns, 2.0350 us/op
WorkloadActual   5: 490992 op, 996601205.00 ns, 2.0298 us/op
WorkloadActual   6: 490992 op, 998213610.00 ns, 2.0331 us/op
WorkloadActual   7: 490992 op, 997956098.00 ns, 2.0325 us/op
WorkloadActual   8: 490992 op, 998357236.00 ns, 2.0333 us/op
WorkloadActual   9: 490992 op, 1000784149.00 ns, 2.0383 us/op
WorkloadActual  10: 490992 op, 1003503112.00 ns, 2.0438 us/op
WorkloadActual  11: 490992 op, 999427917.00 ns, 2.0355 us/op
WorkloadActual  12: 490992 op, 999069433.00 ns, 2.0348 us/op
WorkloadActual  13: 490992 op, 997177136.00 ns, 2.0309 us/op
WorkloadActual  14: 490992 op, 998312601.00 ns, 2.0333 us/op
WorkloadActual  15: 490992 op, 1000324098.00 ns, 2.0374 us/op

// AfterActualRun
WorkloadResult   1: 490992 op, 998815816.00 ns, 2.0343 us/op
WorkloadResult   2: 490992 op, 999984407.00 ns, 2.0367 us/op
WorkloadResult   3: 490992 op, 996232743.00 ns, 2.0290 us/op
WorkloadResult   4: 490992 op, 997539267.00 ns, 2.0317 us/op
WorkloadResult   5: 490992 op, 994960488.00 ns, 2.0264 us/op
WorkloadResult   6: 490992 op, 996572893.00 ns, 2.0297 us/op
WorkloadResult   7: 490992 op, 996315381.00 ns, 2.0292 us/op
WorkloadResult   8: 490992 op, 996716519.00 ns, 2.0300 us/op
WorkloadResult   9: 490992 op, 999143432.00 ns, 2.0349 us/op
WorkloadResult  10: 490992 op, 1001862395.00 ns, 2.0405 us/op
WorkloadResult  11: 490992 op, 997787200.00 ns, 2.0322 us/op
WorkloadResult  12: 490992 op, 997428716.00 ns, 2.0315 us/op
WorkloadResult  13: 490992 op, 995536419.00 ns, 2.0276 us/op
WorkloadResult  14: 490992 op, 996671884.00 ns, 2.0299 us/op
WorkloadResult  15: 490992 op, 998683381.00 ns, 2.0340 us/op

// AfterAll
// Benchmark Process 4051773 has exited with code 0.

Mean = 2.032 μs, StdErr = 0.001 μs (0.05%), N = 15, StdDev = 0.004 μs
Min = 2.026 μs, Q1 = 2.029 μs, Median = 2.031 μs, Q3 = 2.034 μs, Max = 2.040 μs
IQR = 0.005 μs, LowerFence = 2.022 μs, UpperFence = 2.041 μs
ConfidenceInterval = [2.028 μs; 2.036 μs] (CI 99.9%), Margin = 0.004 μs (0.20% of Mean)
Skewness = 0.67, Kurtosis = 2.69, MValue = 2

// ** Remained 16 (53.3%) benchmark(s) to run. Estimated finish 2025-12-31 18:37 (0h 7m from now) **
// **************************
// Benchmark: JsonSerializationBenchmarks.SpanJson_Deserialize_Small: Overhead-Fixed-NoEnergy-3(OutlierMode=DontRemove, IterationCount=15, IterationTime=1s, LaunchCount=1, WarmupCount=6)
// *** Execute ***
// Launch: 1 / 1
// Execute: dotnet Serialization.Bench-Overhead-Fixed-NoEnergy-3-1.dll --anonymousPipes 103 104 --benchmarkName Serialization.Bench.JsonSerializationBenchmarks.SpanJson_Deserialize_Small --job Overhead-Fixed-NoEnergy-3 --benchmarkId 14 in /home/test/rapl-tests/lib-energy-bench/src/Serialization.Bench/bin/Release/net8.0/Serialization.Bench-Overhead-Fixed-NoEnergy-3-1/bin/Release/net8.0
// BeforeAnythingElse

// Benchmark Process Environment Information:
// BenchmarkDotNet v0.15.5-develop (2025-12-31)
// Runtime=.NET 8.0.21 (8.0.21, 8.0.2125.47513), X64 RyuJIT x86-64-v4
// GC=Concurrent Workstation
// HardwareIntrinsics=AVX512 IFMA+VBMI,AVX512 F+BW+CD+DQ+VL,AVX2+BMI1+BMI2+F16C+FMA+LZCNT+MOVBE,AVX,SSE3+SSSE3+SSE4.1+SSE4.2+POPCNT,X86Base+SSE+SSE2,AES+PCLMUL VectorSize=256
// Job: Overhead-Fixed-NoEnergy-3(OutlierMode=DontRemove, IterationCount=15, IterationTime=1s, LaunchCount=1, WarmupCount=6)

OverheadJitting  1: 1 op, 143044.00 ns, 143.0440 us/op
WorkloadJitting  1: 1 op, 59506597.00 ns, 59.5066 ms/op

OverheadJitting  2: 16 op, 386030.00 ns, 24.1269 us/op
WorkloadJitting  2: 16 op, 449937.00 ns, 28.1211 us/op

WorkloadPilot    1: 16 op, 38299.00 ns, 2.3937 us/op
WorkloadPilot    2: 417776 op, 510022475.00 ns, 1.2208 us/op
WorkloadPilot    3: 819136 op, 960949910.00 ns, 1.1731 us/op
WorkloadPilot    4: 852432 op, 996524489.00 ns, 1.1690 us/op
WorkloadPilot    5: 855408 op, 998745546.00 ns, 1.1676 us/op
WorkloadPilot    6: 856496 op, 1005146784.00 ns, 1.1736 us/op
WorkloadPilot    7: 852112 op, 998983836.00 ns, 1.1724 us/op
WorkloadPilot    8: 852992 op, 999617131.00 ns, 1.1719 us/op
WorkloadPilot    9: 853328 op, 999222510.00 ns, 1.1710 us/op
WorkloadPilot   10: 854000 op, 996802959.00 ns, 1.1672 us/op
WorkloadPilot   11: 856752 op, 1003378156.00 ns, 1.1711 us/op
WorkloadPilot   12: 853872 op, 1000623130.00 ns, 1.1719 us/op

OverheadWarmup   1: 853872 op, 2899223.00 ns, 3.3954 ns/op
OverheadWarmup   2: 853872 op, 2902711.00 ns, 3.3995 ns/op
OverheadWarmup   3: 853872 op, 2903513.00 ns, 3.4004 ns/op
OverheadWarmup   4: 853872 op, 2900166.00 ns, 3.3965 ns/op
OverheadWarmup   5: 853872 op, 2897433.00 ns, 3.3933 ns/op
OverheadWarmup   6: 853872 op, 2937560.00 ns, 3.4403 ns/op
OverheadWarmup   7: 853872 op, 2928480.00 ns, 3.4296 ns/op

OverheadActual   1: 853872 op, 2901205.00 ns, 3.3977 ns/op
OverheadActual   2: 853872 op, 2946285.00 ns, 3.4505 ns/op
OverheadActual   3: 853872 op, 2978595.00 ns, 3.4883 ns/op
OverheadActual   4: 853872 op, 2911614.00 ns, 3.4099 ns/op
OverheadActual   5: 853872 op, 2900046.00 ns, 3.3963 ns/op
OverheadActual   6: 853872 op, 2902785.00 ns, 3.3996 ns/op
OverheadActual   7: 853872 op, 2899426.00 ns, 3.3956 ns/op
OverheadActual   8: 853872 op, 2899892.00 ns, 3.3962 ns/op
OverheadActual   9: 853872 op, 2898921.00 ns, 3.3950 ns/op
OverheadActual  10: 853872 op, 2919255.00 ns, 3.4188 ns/op
OverheadActual  11: 853872 op, 2902545.00 ns, 3.3993 ns/op
OverheadActual  12: 853872 op, 2900273.00 ns, 3.3966 ns/op
OverheadActual  13: 853872 op, 2901143.00 ns, 3.3976 ns/op
OverheadActual  14: 853872 op, 2898539.00 ns, 3.3946 ns/op
OverheadActual  15: 853872 op, 2899791.00 ns, 3.3960 ns/op

WorkloadWarmup   1: 853872 op, 1000658336.00 ns, 1.1719 us/op
WorkloadWarmup   2: 853872 op, 1000886913.00 ns, 1.1722 us/op
WorkloadWarmup   3: 853872 op, 1000734599.00 ns, 1.1720 us/op
WorkloadWarmup   4: 853872 op, 1001869674.00 ns, 1.1733 us/op
WorkloadWarmup   5: 853872 op, 1000259169.00 ns, 1.1714 us/op
WorkloadWarmup   6: 853872 op, 999200840.00 ns, 1.1702 us/op

// BeforeActualRun
WorkloadActual   1: 853872 op, 996614837.00 ns, 1.1672 us/op
WorkloadActual   2: 853872 op, 999899278.00 ns, 1.1710 us/op
WorkloadActual   3: 853872 op, 999157886.00 ns, 1.1701 us/op
WorkloadActual   4: 853872 op, 999649626.00 ns, 1.1707 us/op
WorkloadActual   5: 853872 op, 1000039305.00 ns, 1.1712 us/op
WorkloadActual   6: 853872 op, 998993200.00 ns, 1.1700 us/op
WorkloadActual   7: 853872 op, 998662153.00 ns, 1.1696 us/op
WorkloadActual   8: 853872 op, 999569891.00 ns, 1.1706 us/op
WorkloadActual   9: 853872 op, 999424737.00 ns, 1.1705 us/op
WorkloadActual  10: 853872 op, 1000232119.00 ns, 1.1714 us/op
WorkloadActual  11: 853872 op, 1000076264.00 ns, 1.1712 us/op
WorkloadActual  12: 853872 op, 1000032789.00 ns, 1.1712 us/op
WorkloadActual  13: 853872 op, 1000973795.00 ns, 1.1723 us/op
WorkloadActual  14: 853872 op, 1001418169.00 ns, 1.1728 us/op
WorkloadActual  15: 853872 op, 1000085860.00 ns, 1.1712 us/op

// AfterActualRun
WorkloadResult   1: 853872 op, 993713694.00 ns, 1.1638 us/op
WorkloadResult   2: 853872 op, 996998135.00 ns, 1.1676 us/op
WorkloadResult   3: 853872 op, 996256743.00 ns, 1.1668 us/op
WorkloadResult   4: 853872 op, 996748483.00 ns, 1.1673 us/op
WorkloadResult   5: 853872 op, 997138162.00 ns, 1.1678 us/op
WorkloadResult   6: 853872 op, 996092057.00 ns, 1.1666 us/op
WorkloadResult   7: 853872 op, 995761010.00 ns, 1.1662 us/op
WorkloadResult   8: 853872 op, 996668748.00 ns, 1.1672 us/op
WorkloadResult   9: 853872 op, 996523594.00 ns, 1.1671 us/op
WorkloadResult  10: 853872 op, 997330976.00 ns, 1.1680 us/op
WorkloadResult  11: 853872 op, 997175121.00 ns, 1.1678 us/op
WorkloadResult  12: 853872 op, 997131646.00 ns, 1.1678 us/op
WorkloadResult  13: 853872 op, 998072652.00 ns, 1.1689 us/op
WorkloadResult  14: 853872 op, 998517026.00 ns, 1.1694 us/op
WorkloadResult  15: 853872 op, 997184717.00 ns, 1.1678 us/op

// AfterAll
// Benchmark Process 4051789 has exited with code 0.

Mean = 1.167 μs, StdErr = 0.000 μs (0.03%), N = 15, StdDev = 0.001 μs
Min = 1.164 μs, Q1 = 1.167 μs, Median = 1.168 μs, Q3 = 1.168 μs, Max = 1.169 μs
IQR = 0.001 μs, LowerFence = 1.166 μs, UpperFence = 1.169 μs
ConfidenceInterval = [1.166 μs; 1.169 μs] (CI 99.9%), Margin = 0.001 μs (0.12% of Mean)
Skewness = -1.07, Kurtosis = 4.57, MValue = 2

// ** Remained 15 (50.0%) benchmark(s) to run. Estimated finish 2025-12-31 18:37 (0h 6m from now) **
// **************************
// Benchmark: JsonSerializationBenchmarks.STJ_Serialize_Large: Overhead-Fixed-NoEnergy-3(OutlierMode=DontRemove, IterationCount=15, IterationTime=1s, LaunchCount=1, WarmupCount=6)
// *** Execute ***
// Launch: 1 / 1
// Execute: dotnet Serialization.Bench-Overhead-Fixed-NoEnergy-3-1.dll --anonymousPipes 103 104 --benchmarkName Serialization.Bench.JsonSerializationBenchmarks.STJ_Serialize_Large --job Overhead-Fixed-NoEnergy-3 --benchmarkId 15 in /home/test/rapl-tests/lib-energy-bench/src/Serialization.Bench/bin/Release/net8.0/Serialization.Bench-Overhead-Fixed-NoEnergy-3-1/bin/Release/net8.0
// BeforeAnythingElse

// Benchmark Process Environment Information:
// BenchmarkDotNet v0.15.5-develop (2025-12-31)
// Runtime=.NET 8.0.21 (8.0.21, 8.0.2125.47513), X64 RyuJIT x86-64-v4
// GC=Concurrent Workstation
// HardwareIntrinsics=AVX512 IFMA+VBMI,AVX512 F+BW+CD+DQ+VL,AVX2+BMI1+BMI2+F16C+FMA+LZCNT+MOVBE,AVX,SSE3+SSSE3+SSE4.1+SSE4.2+POPCNT,X86Base+SSE+SSE2,AES+PCLMUL VectorSize=256
// Job: Overhead-Fixed-NoEnergy-3(OutlierMode=DontRemove, IterationCount=15, IterationTime=1s, LaunchCount=1, WarmupCount=6)

OverheadJitting  1: 1 op, 136412.00 ns, 136.4120 us/op
WorkloadJitting  1: 1 op, 8106533.00 ns, 8.1065 ms/op

OverheadJitting  2: 16 op, 351284.00 ns, 21.9553 us/op
WorkloadJitting  2: 16 op, 6320491.00 ns, 395.0307 us/op

WorkloadPilot    1: 16 op, 5860850.00 ns, 366.3031 us/op
WorkloadPilot    2: 2736 op, 746574140.00 ns, 272.8707 us/op
WorkloadPilot    3: 3680 op, 683120809.00 ns, 185.6307 us/op
WorkloadPilot    4: 5392 op, 1020792319.00 ns, 189.3161 us/op
WorkloadPilot    5: 5296 op, 1005859223.00 ns, 189.9281 us/op
WorkloadPilot    6: 5280 op, 1001806202.00 ns, 189.7360 us/op

OverheadWarmup   1: 5280 op, 19338.00 ns, 3.6625 ns/op
OverheadWarmup   2: 5280 op, 18169.00 ns, 3.4411 ns/op
OverheadWarmup   3: 5280 op, 18164.00 ns, 3.4402 ns/op
OverheadWarmup   4: 5280 op, 18140.00 ns, 3.4356 ns/op
OverheadWarmup   5: 5280 op, 18142.00 ns, 3.4360 ns/op
OverheadWarmup   6: 5280 op, 18471.00 ns, 3.4983 ns/op
OverheadWarmup   7: 5280 op, 18498.00 ns, 3.5034 ns/op
OverheadWarmup   8: 5280 op, 18111.00 ns, 3.4301 ns/op
OverheadWarmup   9: 5280 op, 18639.00 ns, 3.5301 ns/op
OverheadWarmup  10: 5280 op, 18451.00 ns, 3.4945 ns/op

OverheadActual   1: 5280 op, 19410.00 ns, 3.6761 ns/op
OverheadActual   2: 5280 op, 18591.00 ns, 3.5210 ns/op
OverheadActual   3: 5280 op, 19064.00 ns, 3.6106 ns/op
OverheadActual   4: 5280 op, 22203.00 ns, 4.2051 ns/op
OverheadActual   5: 5280 op, 18212.00 ns, 3.4492 ns/op
OverheadActual   6: 5280 op, 18121.00 ns, 3.4320 ns/op
OverheadActual   7: 5280 op, 18512.00 ns, 3.5061 ns/op
OverheadActual   8: 5280 op, 18530.00 ns, 3.5095 ns/op
OverheadActual   9: 5280 op, 18501.00 ns, 3.5040 ns/op
OverheadActual  10: 5280 op, 19259.00 ns, 3.6475 ns/op
OverheadActual  11: 5280 op, 18456.00 ns, 3.4955 ns/op
OverheadActual  12: 5280 op, 18623.00 ns, 3.5271 ns/op
OverheadActual  13: 5280 op, 18469.00 ns, 3.4979 ns/op
OverheadActual  14: 5280 op, 18497.00 ns, 3.5032 ns/op
OverheadActual  15: 5280 op, 19618.00 ns, 3.7155 ns/op
OverheadActual  16: 5280 op, 19276.00 ns, 3.6508 ns/op
OverheadActual  17: 5280 op, 18108.00 ns, 3.4295 ns/op

WorkloadWarmup   1: 5280 op, 1065358335.00 ns, 201.7724 us/op
WorkloadWarmup   2: 5280 op, 985622226.00 ns, 186.6709 us/op
WorkloadWarmup   3: 5280 op, 982829468.00 ns, 186.1419 us/op
WorkloadWarmup   4: 5280 op, 982753658.00 ns, 186.1276 us/op
WorkloadWarmup   5: 5280 op, 983650114.00 ns, 186.2974 us/op
WorkloadWarmup   6: 5280 op, 984252043.00 ns, 186.4114 us/op

// BeforeActualRun
WorkloadActual   1: 5280 op, 985077788.00 ns, 186.5678 us/op
WorkloadActual   2: 5280 op, 985739218.00 ns, 186.6930 us/op
WorkloadActual   3: 5280 op, 984534078.00 ns, 186.4648 us/op
WorkloadActual   4: 5280 op, 983241673.00 ns, 186.2200 us/op
WorkloadActual   5: 5280 op, 984446850.00 ns, 186.4483 us/op
WorkloadActual   6: 5280 op, 983424086.00 ns, 186.2546 us/op
WorkloadActual   7: 5280 op, 983414516.00 ns, 186.2527 us/op
WorkloadActual   8: 5280 op, 982851875.00 ns, 186.1462 us/op
WorkloadActual   9: 5280 op, 984070929.00 ns, 186.3771 us/op
WorkloadActual  10: 5280 op, 985245956.00 ns, 186.5996 us/op
WorkloadActual  11: 5280 op, 983475392.00 ns, 186.2643 us/op
WorkloadActual  12: 5280 op, 983953650.00 ns, 186.3549 us/op
WorkloadActual  13: 5280 op, 984391737.00 ns, 186.4378 us/op
WorkloadActual  14: 5280 op, 984685294.00 ns, 186.4934 us/op
WorkloadActual  15: 5280 op, 984915127.00 ns, 186.5370 us/op

// AfterActualRun
WorkloadResult   1: 5280 op, 985059258.00 ns, 186.5643 us/op
WorkloadResult   2: 5280 op, 985720688.00 ns, 186.6895 us/op
WorkloadResult   3: 5280 op, 984515548.00 ns, 186.4613 us/op
WorkloadResult   4: 5280 op, 983223143.00 ns, 186.2165 us/op
WorkloadResult   5: 5280 op, 984428320.00 ns, 186.4448 us/op
WorkloadResult   6: 5280 op, 983405556.00 ns, 186.2511 us/op
WorkloadResult   7: 5280 op, 983395986.00 ns, 186.2492 us/op
WorkloadResult   8: 5280 op, 982833345.00 ns, 186.1427 us/op
WorkloadResult   9: 5280 op, 984052399.00 ns, 186.3736 us/op
WorkloadResult  10: 5280 op, 985227426.00 ns, 186.5961 us/op
WorkloadResult  11: 5280 op, 983456862.00 ns, 186.2608 us/op
WorkloadResult  12: 5280 op, 983935120.00 ns, 186.3513 us/op
WorkloadResult  13: 5280 op, 984373207.00 ns, 186.4343 us/op
WorkloadResult  14: 5280 op, 984666764.00 ns, 186.4899 us/op
WorkloadResult  15: 5280 op, 984896597.00 ns, 186.5334 us/op

// AfterAll
// Benchmark Process 4051810 has exited with code 0.

Mean = 186.404 μs, StdErr = 0.041 μs (0.02%), N = 15, StdDev = 0.158 μs
Min = 186.143 μs, Q1 = 186.256 μs, Median = 186.434 μs, Q3 = 186.512 μs, Max = 186.690 μs
IQR = 0.256 μs, LowerFence = 185.872 μs, UpperFence = 186.895 μs
ConfidenceInterval = [186.235 μs; 186.573 μs] (CI 99.9%), Margin = 0.169 μs (0.09% of Mean)
Skewness = 0.05, Kurtosis = 1.77, MValue = 2

// ** Remained 14 (46.7%) benchmark(s) to run. Estimated finish 2025-12-31 18:37 (0h 6m from now) **
// **************************
// Benchmark: JsonSerializationBenchmarks.Newtonsoft_Serialize_Large: Overhead-Fixed-NoEnergy-3(OutlierMode=DontRemove, IterationCount=15, IterationTime=1s, LaunchCount=1, WarmupCount=6)
// *** Execute ***
// Launch: 1 / 1
// Execute: dotnet Serialization.Bench-Overhead-Fixed-NoEnergy-3-1.dll --anonymousPipes 103 104 --benchmarkName Serialization.Bench.JsonSerializationBenchmarks.Newtonsoft_Serialize_Large --job Overhead-Fixed-NoEnergy-3 --benchmarkId 16 in /home/test/rapl-tests/lib-energy-bench/src/Serialization.Bench/bin/Release/net8.0/Serialization.Bench-Overhead-Fixed-NoEnergy-3-1/bin/Release/net8.0
// BeforeAnythingElse

// Benchmark Process Environment Information:
// BenchmarkDotNet v0.15.5-develop (2025-12-31)
// Runtime=.NET 8.0.21 (8.0.21, 8.0.2125.47513), X64 RyuJIT x86-64-v4
// GC=Concurrent Workstation
// HardwareIntrinsics=AVX512 IFMA+VBMI,AVX512 F+BW+CD+DQ+VL,AVX2+BMI1+BMI2+F16C+FMA+LZCNT+MOVBE,AVX,SSE3+SSSE3+SSE4.1+SSE4.2+POPCNT,X86Base+SSE+SSE2,AES+PCLMUL VectorSize=256
// Job: Overhead-Fixed-NoEnergy-3(OutlierMode=DontRemove, IterationCount=15, IterationTime=1s, LaunchCount=1, WarmupCount=6)

OverheadJitting  1: 1 op, 134909.00 ns, 134.9090 us/op
WorkloadJitting  1: 1 op, 50680962.00 ns, 50.6810 ms/op

OverheadJitting  2: 16 op, 354787.00 ns, 22.1742 us/op
WorkloadJitting  2: 16 op, 16227726.00 ns, 1.0142 ms/op

WorkloadPilot    1: 16 op, 15604265.00 ns, 975.2666 us/op
WorkloadPilot    2: 1040 op, 453941707.00 ns, 436.4824 us/op
WorkloadPilot    3: 2304 op, 693340816.00 ns, 300.9292 us/op
WorkloadPilot    4: 3328 op, 1005979893.00 ns, 302.2776 us/op
WorkloadPilot    5: 3312 op, 1000943464.00 ns, 302.2172 us/op

OverheadWarmup   1: 3312 op, 12430.00 ns, 3.7530 ns/op
OverheadWarmup   2: 3312 op, 11766.00 ns, 3.5525 ns/op
OverheadWarmup   3: 3312 op, 11550.00 ns, 3.4873 ns/op
OverheadWarmup   4: 3312 op, 11742.00 ns, 3.5453 ns/op
OverheadWarmup   5: 3312 op, 13354.00 ns, 4.0320 ns/op
OverheadWarmup   6: 3312 op, 11708.00 ns, 3.5350 ns/op
OverheadWarmup   7: 3312 op, 11765.00 ns, 3.5522 ns/op
OverheadWarmup   8: 3312 op, 14024.00 ns, 4.2343 ns/op
OverheadWarmup   9: 3312 op, 11761.00 ns, 3.5510 ns/op

OverheadActual   1: 3312 op, 11873.00 ns, 3.5848 ns/op
OverheadActual   2: 3312 op, 11836.00 ns, 3.5737 ns/op
OverheadActual   3: 3312 op, 11619.00 ns, 3.5082 ns/op
OverheadActual   4: 3312 op, 11756.00 ns, 3.5495 ns/op
OverheadActual   5: 3312 op, 11500.00 ns, 3.4722 ns/op
OverheadActual   6: 3312 op, 11706.00 ns, 3.5344 ns/op
OverheadActual   7: 3312 op, 11681.00 ns, 3.5269 ns/op
OverheadActual   8: 3312 op, 11776.00 ns, 3.5556 ns/op
OverheadActual   9: 3312 op, 11515.00 ns, 3.4768 ns/op
OverheadActual  10: 3312 op, 11760.00 ns, 3.5507 ns/op
OverheadActual  11: 3312 op, 12142.00 ns, 3.6661 ns/op
OverheadActual  12: 3312 op, 11784.00 ns, 3.5580 ns/op
OverheadActual  13: 3312 op, 11726.00 ns, 3.5405 ns/op
OverheadActual  14: 3312 op, 11743.00 ns, 3.5456 ns/op
OverheadActual  15: 3312 op, 11765.00 ns, 3.5522 ns/op

WorkloadWarmup   1: 3312 op, 1001077706.00 ns, 302.2578 us/op
WorkloadWarmup   2: 3312 op, 998701986.00 ns, 301.5405 us/op
WorkloadWarmup   3: 3312 op, 998904603.00 ns, 301.6016 us/op
WorkloadWarmup   4: 3312 op, 1005006039.00 ns, 303.4439 us/op
WorkloadWarmup   5: 3312 op, 999472793.00 ns, 301.7732 us/op
WorkloadWarmup   6: 3312 op, 999560915.00 ns, 301.7998 us/op

// BeforeActualRun
WorkloadActual   1: 3312 op, 1002380136.00 ns, 302.6510 us/op
WorkloadActual   2: 3312 op, 1000521990.00 ns, 302.0900 us/op
WorkloadActual   3: 3312 op, 1003656698.00 ns, 303.0364 us/op
WorkloadActual   4: 3312 op, 1001866364.00 ns, 302.4959 us/op
WorkloadActual   5: 3312 op, 1001650232.00 ns, 302.4306 us/op
WorkloadActual   6: 3312 op, 1000897096.00 ns, 302.2032 us/op
WorkloadActual   7: 3312 op, 1003598898.00 ns, 303.0190 us/op
WorkloadActual   8: 3312 op, 1000919051.00 ns, 302.2099 us/op
WorkloadActual   9: 3312 op, 1003838058.00 ns, 303.0912 us/op
WorkloadActual  10: 3312 op, 1001661164.00 ns, 302.4339 us/op
WorkloadActual  11: 3312 op, 1001322006.00 ns, 302.3315 us/op
WorkloadActual  12: 3312 op, 1000869648.00 ns, 302.1949 us/op
WorkloadActual  13: 3312 op, 1001839582.00 ns, 302.4878 us/op
WorkloadActual  14: 3312 op, 1001371269.00 ns, 302.3464 us/op
WorkloadActual  15: 3312 op, 1001418850.00 ns, 302.3608 us/op

// AfterActualRun
WorkloadResult   1: 3312 op, 1002368380.00 ns, 302.6475 us/op
WorkloadResult   2: 3312 op, 1000510234.00 ns, 302.0864 us/op
WorkloadResult   3: 3312 op, 1003644942.00 ns, 303.0329 us/op
WorkloadResult   4: 3312 op, 1001854608.00 ns, 302.4923 us/op
WorkloadResult   5: 3312 op, 1001638476.00 ns, 302.4271 us/op
WorkloadResult   6: 3312 op, 1000885340.00 ns, 302.1997 us/op
WorkloadResult   7: 3312 op, 1003587142.00 ns, 303.0154 us/op
WorkloadResult   8: 3312 op, 1000907295.00 ns, 302.2063 us/op
WorkloadResult   9: 3312 op, 1003826302.00 ns, 303.0877 us/op
WorkloadResult  10: 3312 op, 1001649408.00 ns, 302.4304 us/op
WorkloadResult  11: 3312 op, 1001310250.00 ns, 302.3280 us/op
WorkloadResult  12: 3312 op, 1000857892.00 ns, 302.1914 us/op
WorkloadResult  13: 3312 op, 1001827826.00 ns, 302.4842 us/op
WorkloadResult  14: 3312 op, 1001359513.00 ns, 302.3428 us/op
WorkloadResult  15: 3312 op, 1001407094.00 ns, 302.3572 us/op

// AfterAll
// Benchmark Process 4051828 has exited with code 0.

Mean = 302.489 μs, StdErr = 0.083 μs (0.03%), N = 15, StdDev = 0.321 μs
Min = 302.086 μs, Q1 = 302.267 μs, Median = 302.427 μs, Q3 = 302.570 μs, Max = 303.088 μs
IQR = 0.303 μs, LowerFence = 301.813 μs, UpperFence = 303.024 μs
ConfidenceInterval = [302.145 μs; 302.832 μs] (CI 99.9%), Margin = 0.343 μs (0.11% of Mean)
Skewness = 0.76, Kurtosis = 2.15, MValue = 2

// ** Remained 13 (43.3%) benchmark(s) to run. Estimated finish 2025-12-31 18:37 (0h 5m from now) **
// **************************
// Benchmark: JsonSerializationBenchmarks.Jil_Serialize_Large: Overhead-Fixed-NoEnergy-3(OutlierMode=DontRemove, IterationCount=15, IterationTime=1s, LaunchCount=1, WarmupCount=6)
// *** Execute ***
// Launch: 1 / 1
// Execute: dotnet Serialization.Bench-Overhead-Fixed-NoEnergy-3-1.dll --anonymousPipes 103 104 --benchmarkName Serialization.Bench.JsonSerializationBenchmarks.Jil_Serialize_Large --job Overhead-Fixed-NoEnergy-3 --benchmarkId 17 in /home/test/rapl-tests/lib-energy-bench/src/Serialization.Bench/bin/Release/net8.0/Serialization.Bench-Overhead-Fixed-NoEnergy-3-1/bin/Release/net8.0
// BeforeAnythingElse

// Benchmark Process Environment Information:
// BenchmarkDotNet v0.15.5-develop (2025-12-31)
// Runtime=.NET 8.0.21 (8.0.21, 8.0.2125.47513), X64 RyuJIT x86-64-v4
// GC=Concurrent Workstation
// HardwareIntrinsics=AVX512 IFMA+VBMI,AVX512 F+BW+CD+DQ+VL,AVX2+BMI1+BMI2+F16C+FMA+LZCNT+MOVBE,AVX,SSE3+SSSE3+SSE4.1+SSE4.2+POPCNT,X86Base+SSE+SSE2,AES+PCLMUL VectorSize=256
// Job: Overhead-Fixed-NoEnergy-3(OutlierMode=DontRemove, IterationCount=15, IterationTime=1s, LaunchCount=1, WarmupCount=6)

OverheadJitting  1: 1 op, 134760.00 ns, 134.7600 us/op
WorkloadJitting  1: 1 op, 157256856.00 ns, 157.2569 ms/op

WorkloadPilot    1: 4 op, 1601035.00 ns, 400.2588 us/op
WorkloadPilot    2: 2498 op, 751659225.00 ns, 300.9044 us/op
WorkloadPilot    3: 3323 op, 941608197.00 ns, 283.3609 us/op
WorkloadPilot    4: 3529 op, 1001278240.00 ns, 283.7286 us/op
WorkloadPilot    5: 3524 op, 999112956.00 ns, 283.5167 us/op
WorkloadPilot    6: 3527 op, 999800359.00 ns, 283.4705 us/op

WorkloadWarmup   1: 3527 op, 1001368723.00 ns, 283.9151 us/op
WorkloadWarmup   2: 3527 op, 1000175660.00 ns, 283.5769 us/op
WorkloadWarmup   3: 3527 op, 999802885.00 ns, 283.4712 us/op
WorkloadWarmup   4: 3527 op, 1000251906.00 ns, 283.5985 us/op
WorkloadWarmup   5: 3527 op, 999639502.00 ns, 283.4249 us/op
WorkloadWarmup   6: 3527 op, 1000863590.00 ns, 283.7719 us/op

// BeforeActualRun
WorkloadActual   1: 3527 op, 1000476259.00 ns, 283.6621 us/op
WorkloadActual   2: 3527 op, 1003166619.00 ns, 284.4249 us/op
WorkloadActual   3: 3527 op, 998965023.00 ns, 283.2336 us/op
WorkloadActual   4: 3527 op, 998668250.00 ns, 283.1495 us/op
WorkloadActual   5: 3527 op, 1000738496.00 ns, 283.7365 us/op
WorkloadActual   6: 3527 op, 998141928.00 ns, 283.0003 us/op
WorkloadActual   7: 3527 op, 998369615.00 ns, 283.0648 us/op
WorkloadActual   8: 3527 op, 998317171.00 ns, 283.0499 us/op
WorkloadActual   9: 3527 op, 998301886.00 ns, 283.0456 us/op
WorkloadActual  10: 3527 op, 998934343.00 ns, 283.2249 us/op
WorkloadActual  11: 3527 op, 999658568.00 ns, 283.4303 us/op
WorkloadActual  12: 3527 op, 998889447.00 ns, 283.2122 us/op
WorkloadActual  13: 3527 op, 999190795.00 ns, 283.2976 us/op
WorkloadActual  14: 3527 op, 998848619.00 ns, 283.2006 us/op
WorkloadActual  15: 3527 op, 998553525.00 ns, 283.1170 us/op

// AfterActualRun
WorkloadResult   1: 3527 op, 1000476259.00 ns, 283.6621 us/op
WorkloadResult   2: 3527 op, 1003166619.00 ns, 284.4249 us/op
WorkloadResult   3: 3527 op, 998965023.00 ns, 283.2336 us/op
WorkloadResult   4: 3527 op, 998668250.00 ns, 283.1495 us/op
WorkloadResult   5: 3527 op, 1000738496.00 ns, 283.7365 us/op
WorkloadResult   6: 3527 op, 998141928.00 ns, 283.0003 us/op
WorkloadResult   7: 3527 op, 998369615.00 ns, 283.0648 us/op
WorkloadResult   8: 3527 op, 998317171.00 ns, 283.0499 us/op
WorkloadResult   9: 3527 op, 998301886.00 ns, 283.0456 us/op
WorkloadResult  10: 3527 op, 998934343.00 ns, 283.2249 us/op
WorkloadResult  11: 3527 op, 999658568.00 ns, 283.4303 us/op
WorkloadResult  12: 3527 op, 998889447.00 ns, 283.2122 us/op
WorkloadResult  13: 3527 op, 999190795.00 ns, 283.2976 us/op
WorkloadResult  14: 3527 op, 998848619.00 ns, 283.2006 us/op
WorkloadResult  15: 3527 op, 998553525.00 ns, 283.1170 us/op

// AfterAll
// Benchmark Process 4051844 has exited with code 0.

Mean = 283.323 μs, StdErr = 0.096 μs (0.03%), N = 15, StdDev = 0.373 μs
Min = 283.000 μs, Q1 = 283.091 μs, Median = 283.212 μs, Q3 = 283.364 μs, Max = 284.425 μs
IQR = 0.273 μs, LowerFence = 282.681 μs, UpperFence = 283.774 μs
ConfidenceInterval = [282.924 μs; 283.723 μs] (CI 99.9%), Margin = 0.399 μs (0.14% of Mean)
Skewness = 1.71, Kurtosis = 5.3, MValue = 2

// ** Remained 12 (40.0%) benchmark(s) to run. Estimated finish 2025-12-31 18:37 (0h 5m from now) **
// **************************
// Benchmark: JsonSerializationBenchmarks.Utf8Json_Serialize_Large: Overhead-Fixed-NoEnergy-3(OutlierMode=DontRemove, IterationCount=15, IterationTime=1s, LaunchCount=1, WarmupCount=6)
// *** Execute ***
// Launch: 1 / 1
// Execute: dotnet Serialization.Bench-Overhead-Fixed-NoEnergy-3-1.dll --anonymousPipes 103 104 --benchmarkName Serialization.Bench.JsonSerializationBenchmarks.Utf8Json_Serialize_Large --job Overhead-Fixed-NoEnergy-3 --benchmarkId 18 in /home/test/rapl-tests/lib-energy-bench/src/Serialization.Bench/bin/Release/net8.0/Serialization.Bench-Overhead-Fixed-NoEnergy-3-1/bin/Release/net8.0
// BeforeAnythingElse

// Benchmark Process Environment Information:
// BenchmarkDotNet v0.15.5-develop (2025-12-31)
// Runtime=.NET 8.0.21 (8.0.21, 8.0.2125.47513), X64 RyuJIT x86-64-v4
// GC=Concurrent Workstation
// HardwareIntrinsics=AVX512 IFMA+VBMI,AVX512 F+BW+CD+DQ+VL,AVX2+BMI1+BMI2+F16C+FMA+LZCNT+MOVBE,AVX,SSE3+SSSE3+SSE4.1+SSE4.2+POPCNT,X86Base+SSE+SSE2,AES+PCLMUL VectorSize=256
// Job: Overhead-Fixed-NoEnergy-3(OutlierMode=DontRemove, IterationCount=15, IterationTime=1s, LaunchCount=1, WarmupCount=6)

OverheadJitting  1: 1 op, 134540.00 ns, 134.5400 us/op
WorkloadJitting  1: 1 op, 56331438.00 ns, 56.3314 ms/op

OverheadJitting  2: 16 op, 362804.00 ns, 22.6753 us/op
WorkloadJitting  2: 16 op, 13587861.00 ns, 849.2413 us/op

WorkloadPilot    1: 16 op, 12666677.00 ns, 791.6673 us/op
WorkloadPilot    2: 1264 op, 503810999.00 ns, 398.5847 us/op
WorkloadPilot    3: 2512 op, 733503876.00 ns, 292.0000 us/op
WorkloadPilot    4: 3440 op, 1002220709.00 ns, 291.3432 us/op

OverheadWarmup   1: 3440 op, 12966.00 ns, 3.7692 ns/op
OverheadWarmup   2: 3440 op, 12205.00 ns, 3.5480 ns/op
OverheadWarmup   3: 3440 op, 11986.00 ns, 3.4843 ns/op
OverheadWarmup   4: 3440 op, 12141.00 ns, 3.5294 ns/op
OverheadWarmup   5: 3440 op, 12163.00 ns, 3.5358 ns/op
OverheadWarmup   6: 3440 op, 12191.00 ns, 3.5439 ns/op
OverheadWarmup   7: 3440 op, 11866.00 ns, 3.4494 ns/op
OverheadWarmup   8: 3440 op, 12147.00 ns, 3.5311 ns/op
OverheadWarmup   9: 3440 op, 12131.00 ns, 3.5265 ns/op

OverheadActual   1: 3440 op, 12256.00 ns, 3.5628 ns/op
OverheadActual   2: 3440 op, 11992.00 ns, 3.4860 ns/op
OverheadActual   3: 3440 op, 12001.00 ns, 3.4887 ns/op
OverheadActual   4: 3440 op, 12219.00 ns, 3.5520 ns/op
OverheadActual   5: 3440 op, 12229.00 ns, 3.5549 ns/op
OverheadActual   6: 3440 op, 12103.00 ns, 3.5183 ns/op
OverheadActual   7: 3440 op, 12187.00 ns, 3.5427 ns/op
OverheadActual   8: 3440 op, 11893.00 ns, 3.4573 ns/op
OverheadActual   9: 3440 op, 11889.00 ns, 3.4561 ns/op
OverheadActual  10: 3440 op, 11932.00 ns, 3.4686 ns/op
OverheadActual  11: 3440 op, 12272.00 ns, 3.5674 ns/op
OverheadActual  12: 3440 op, 11933.00 ns, 3.4689 ns/op
OverheadActual  13: 3440 op, 14006.00 ns, 4.0715 ns/op
OverheadActual  14: 3440 op, 11912.00 ns, 3.4628 ns/op
OverheadActual  15: 3440 op, 12165.00 ns, 3.5363 ns/op

WorkloadWarmup   1: 3440 op, 1003211625.00 ns, 291.6313 us/op
WorkloadWarmup   2: 3440 op, 1001008886.00 ns, 290.9910 us/op
WorkloadWarmup   3: 3440 op, 1002844764.00 ns, 291.5246 us/op
WorkloadWarmup   4: 3440 op, 1010728199.00 ns, 293.8163 us/op
WorkloadWarmup   5: 3440 op, 1004389909.00 ns, 291.9738 us/op
WorkloadWarmup   6: 3440 op, 999629586.00 ns, 290.5900 us/op

// BeforeActualRun
WorkloadActual   1: 3440 op, 997795089.00 ns, 290.0567 us/op
WorkloadActual   2: 3440 op, 999628405.00 ns, 290.5897 us/op
WorkloadActual   3: 3440 op, 1003179574.00 ns, 291.6220 us/op
WorkloadActual   4: 3440 op, 998539384.00 ns, 290.2731 us/op
WorkloadActual   5: 3440 op, 1003303010.00 ns, 291.6579 us/op
WorkloadActual   6: 3440 op, 998740393.00 ns, 290.3315 us/op
WorkloadActual   7: 3440 op, 1001990523.00 ns, 291.2763 us/op
WorkloadActual   8: 3440 op, 1005701584.00 ns, 292.3551 us/op
WorkloadActual   9: 3440 op, 1011519195.00 ns, 294.0463 us/op
WorkloadActual  10: 3440 op, 1002846180.00 ns, 291.5251 us/op
WorkloadActual  11: 3440 op, 1001385124.00 ns, 291.1003 us/op
WorkloadActual  12: 3440 op, 1000330733.00 ns, 290.7938 us/op
WorkloadActual  13: 3440 op, 1003772000.00 ns, 291.7942 us/op
WorkloadActual  14: 3440 op, 1004527337.00 ns, 292.0138 us/op
WorkloadActual  15: 3440 op, 1001331221.00 ns, 291.0847 us/op

// AfterActualRun
WorkloadResult   1: 3440 op, 997782986.00 ns, 290.0532 us/op
WorkloadResult   2: 3440 op, 999616302.00 ns, 290.5861 us/op
WorkloadResult   3: 3440 op, 1003167471.00 ns, 291.6185 us/op
WorkloadResult   4: 3440 op, 998527281.00 ns, 290.2696 us/op
WorkloadResult   5: 3440 op, 1003290907.00 ns, 291.6543 us/op
WorkloadResult   6: 3440 op, 998728290.00 ns, 290.3280 us/op
WorkloadResult   7: 3440 op, 1001978420.00 ns, 291.2728 us/op
WorkloadResult   8: 3440 op, 1005689481.00 ns, 292.3516 us/op
WorkloadResult   9: 3440 op, 1011507092.00 ns, 294.0428 us/op
WorkloadResult  10: 3440 op, 1002834077.00 ns, 291.5215 us/op
WorkloadResult  11: 3440 op, 1001373021.00 ns, 291.0968 us/op
WorkloadResult  12: 3440 op, 1000318630.00 ns, 290.7903 us/op
WorkloadResult  13: 3440 op, 1003759897.00 ns, 291.7907 us/op
WorkloadResult  14: 3440 op, 1004515234.00 ns, 292.0102 us/op
WorkloadResult  15: 3440 op, 1001319118.00 ns, 291.0811 us/op

// AfterAll
// Benchmark Process 4051860 has exited with code 0.

Mean = 291.365 μs, StdErr = 0.258 μs (0.09%), N = 15, StdDev = 1.000 μs
Min = 290.053 μs, Q1 = 290.688 μs, Median = 291.273 μs, Q3 = 291.723 μs, Max = 294.043 μs
IQR = 1.034 μs, LowerFence = 289.137 μs, UpperFence = 293.274 μs
ConfidenceInterval = [290.295 μs; 292.434 μs] (CI 99.9%), Margin = 1.069 μs (0.37% of Mean)
Skewness = 1.01, Kurtosis = 3.91, MValue = 2

// ** Remained 11 (36.7%) benchmark(s) to run. Estimated finish 2025-12-31 18:37 (0h 4m from now) **
// **************************
// Benchmark: JsonSerializationBenchmarks.SpanJson_Serialize_Large: Overhead-Fixed-NoEnergy-3(OutlierMode=DontRemove, IterationCount=15, IterationTime=1s, LaunchCount=1, WarmupCount=6)
// *** Execute ***
// Launch: 1 / 1
// Execute: dotnet Serialization.Bench-Overhead-Fixed-NoEnergy-3-1.dll --anonymousPipes 103 104 --benchmarkName Serialization.Bench.JsonSerializationBenchmarks.SpanJson_Serialize_Large --job Overhead-Fixed-NoEnergy-3 --benchmarkId 19 in /home/test/rapl-tests/lib-energy-bench/src/Serialization.Bench/bin/Release/net8.0/Serialization.Bench-Overhead-Fixed-NoEnergy-3-1/bin/Release/net8.0
// BeforeAnythingElse

// Benchmark Process Environment Information:
// BenchmarkDotNet v0.15.5-develop (2025-12-31)
// Runtime=.NET 8.0.21 (8.0.21, 8.0.2125.47513), X64 RyuJIT x86-64-v4
// GC=Concurrent Workstation
// HardwareIntrinsics=AVX512 IFMA+VBMI,AVX512 F+BW+CD+DQ+VL,AVX2+BMI1+BMI2+F16C+FMA+LZCNT+MOVBE,AVX,SSE3+SSSE3+SSE4.1+SSE4.2+POPCNT,X86Base+SSE+SSE2,AES+PCLMUL VectorSize=256
// Job: Overhead-Fixed-NoEnergy-3(OutlierMode=DontRemove, IterationCount=15, IterationTime=1s, LaunchCount=1, WarmupCount=6)

OverheadJitting  1: 1 op, 134755.00 ns, 134.7550 us/op
WorkloadJitting  1: 1 op, 109436244.00 ns, 109.4362 ms/op

WorkloadPilot    1: 4 op, 3027399.00 ns, 756.8498 us/op
WorkloadPilot    2: 1321 op, 328314411.00 ns, 248.5348 us/op
WorkloadPilot    3: 4024 op, 650310310.00 ns, 161.6079 us/op
WorkloadPilot    4: 6188 op, 969278376.00 ns, 156.6384 us/op
WorkloadPilot    5: 6384 op, 994157520.00 ns, 155.7264 us/op
WorkloadPilot    6: 6422 op, 1014558187.00 ns, 157.9817 us/op
WorkloadPilot    7: 6330 op, 1010351779.00 ns, 159.6132 us/op
WorkloadPilot    8: 6265 op, 992533329.00 ns, 158.4251 us/op
WorkloadPilot    9: 6312 op, 1003394896.00 ns, 158.9662 us/op

WorkloadWarmup   1: 6312 op, 986618652.00 ns, 156.3084 us/op
WorkloadWarmup   2: 6312 op, 996916661.00 ns, 157.9399 us/op
WorkloadWarmup   3: 6312 op, 993115544.00 ns, 157.3377 us/op
WorkloadWarmup   4: 6312 op, 988409053.00 ns, 156.5921 us/op
WorkloadWarmup   5: 6312 op, 1002523247.00 ns, 158.8281 us/op
WorkloadWarmup   6: 6312 op, 1003953938.00 ns, 159.0548 us/op

// BeforeActualRun
WorkloadActual   1: 6312 op, 996977766.00 ns, 157.9496 us/op
WorkloadActual   2: 6312 op, 1002507766.00 ns, 158.8257 us/op
WorkloadActual   3: 6312 op, 997821291.00 ns, 158.0832 us/op
WorkloadActual   4: 6312 op, 1010801659.00 ns, 160.1397 us/op
WorkloadActual   5: 6312 op, 1000287185.00 ns, 158.4739 us/op
WorkloadActual   6: 6312 op, 1003623520.00 ns, 159.0025 us/op
WorkloadActual   7: 6312 op, 1009988410.00 ns, 160.0108 us/op
WorkloadActual   8: 6312 op, 996586895.00 ns, 157.8877 us/op
WorkloadActual   9: 6312 op, 1008671329.00 ns, 159.8022 us/op
WorkloadActual  10: 6312 op, 1008669616.00 ns, 159.8019 us/op
WorkloadActual  11: 6312 op, 998460602.00 ns, 158.1845 us/op
WorkloadActual  12: 6312 op, 1007815160.00 ns, 159.6665 us/op
WorkloadActual  13: 6312 op, 1006036870.00 ns, 159.3848 us/op
WorkloadActual  14: 6312 op, 999901257.00 ns, 158.4127 us/op
WorkloadActual  15: 6312 op, 1000490086.00 ns, 158.5060 us/op

// AfterActualRun
WorkloadResult   1: 6312 op, 996977766.00 ns, 157.9496 us/op
WorkloadResult   2: 6312 op, 1002507766.00 ns, 158.8257 us/op
WorkloadResult   3: 6312 op, 997821291.00 ns, 158.0832 us/op
WorkloadResult   4: 6312 op, 1010801659.00 ns, 160.1397 us/op
WorkloadResult   5: 6312 op, 1000287185.00 ns, 158.4739 us/op
WorkloadResult   6: 6312 op, 1003623520.00 ns, 159.0025 us/op
WorkloadResult   7: 6312 op, 1009988410.00 ns, 160.0108 us/op
WorkloadResult   8: 6312 op, 996586895.00 ns, 157.8877 us/op
WorkloadResult   9: 6312 op, 1008671329.00 ns, 159.8022 us/op
WorkloadResult  10: 6312 op, 1008669616.00 ns, 159.8019 us/op
WorkloadResult  11: 6312 op, 998460602.00 ns, 158.1845 us/op
WorkloadResult  12: 6312 op, 1007815160.00 ns, 159.6665 us/op
WorkloadResult  13: 6312 op, 1006036870.00 ns, 159.3848 us/op
WorkloadResult  14: 6312 op, 999901257.00 ns, 158.4127 us/op
WorkloadResult  15: 6312 op, 1000490086.00 ns, 158.5060 us/op

// AfterAll
// Benchmark Process 4051876 has exited with code 0.

Mean = 158.942 μs, StdErr = 0.206 μs (0.13%), N = 15, StdDev = 0.797 μs
Min = 157.888 μs, Q1 = 158.299 μs, Median = 158.826 μs, Q3 = 159.734 μs, Max = 160.140 μs
IQR = 1.436 μs, LowerFence = 156.145 μs, UpperFence = 161.888 μs
ConfidenceInterval = [158.090 μs; 159.794 μs] (CI 99.9%), Margin = 0.852 μs (0.54% of Mean)
Skewness = 0.15, Kurtosis = 1.32, MValue = 2

// ** Remained 10 (33.3%) benchmark(s) to run. Estimated finish 2025-12-31 18:37 (0h 4m from now) **
// **************************
// Benchmark: JsonSerializationBenchmarks.STJ_Serialize_Medium: Overhead-Fixed-NoEnergy-3(OutlierMode=DontRemove, IterationCount=15, IterationTime=1s, LaunchCount=1, WarmupCount=6)
// *** Execute ***
// Launch: 1 / 1
// Execute: dotnet Serialization.Bench-Overhead-Fixed-NoEnergy-3-1.dll --anonymousPipes 103 104 --benchmarkName Serialization.Bench.JsonSerializationBenchmarks.STJ_Serialize_Medium --job Overhead-Fixed-NoEnergy-3 --benchmarkId 20 in /home/test/rapl-tests/lib-energy-bench/src/Serialization.Bench/bin/Release/net8.0/Serialization.Bench-Overhead-Fixed-NoEnergy-3-1/bin/Release/net8.0
// BeforeAnythingElse

// Benchmark Process Environment Information:
// BenchmarkDotNet v0.15.5-develop (2025-12-31)
// Runtime=.NET 8.0.21 (8.0.21, 8.0.2125.47513), X64 RyuJIT x86-64-v4
// GC=Concurrent Workstation
// HardwareIntrinsics=AVX512 IFMA+VBMI,AVX512 F+BW+CD+DQ+VL,AVX2+BMI1+BMI2+F16C+FMA+LZCNT+MOVBE,AVX,SSE3+SSSE3+SSE4.1+SSE4.2+POPCNT,X86Base+SSE+SSE2,AES+PCLMUL VectorSize=256
// Job: Overhead-Fixed-NoEnergy-3(OutlierMode=DontRemove, IterationCount=15, IterationTime=1s, LaunchCount=1, WarmupCount=6)

OverheadJitting  1: 1 op, 135412.00 ns, 135.4120 us/op
WorkloadJitting  1: 1 op, 7044840.00 ns, 7.0448 ms/op

OverheadJitting  2: 16 op, 377418.00 ns, 23.5886 us/op
WorkloadJitting  2: 16 op, 2088925.00 ns, 130.5578 us/op

WorkloadPilot    1: 16 op, 1420219.00 ns, 88.7637 us/op
WorkloadPilot    2: 11280 op, 768644970.00 ns, 68.1423 us/op
WorkloadPilot    3: 14688 op, 663222736.00 ns, 45.1541 us/op
WorkloadPilot    4: 22160 op, 995671582.00 ns, 44.9310 us/op
WorkloadPilot    5: 22256 op, 1003310095.00 ns, 45.0804 us/op
WorkloadPilot    6: 22192 op, 998829001.00 ns, 45.0085 us/op
WorkloadPilot    7: 22224 op, 998216005.00 ns, 44.9161 us/op
WorkloadPilot    8: 22272 op, 1001290519.00 ns, 44.9574 us/op
WorkloadPilot    9: 22256 op, 1000109108.00 ns, 44.9366 us/op

OverheadWarmup   1: 22256 op, 76462.00 ns, 3.4356 ns/op
OverheadWarmup   2: 22256 op, 79318.00 ns, 3.5639 ns/op
OverheadWarmup   3: 22256 op, 75981.00 ns, 3.4140 ns/op
OverheadWarmup   4: 22256 op, 75609.00 ns, 3.3972 ns/op
OverheadWarmup   5: 22256 op, 75640.00 ns, 3.3986 ns/op
OverheadWarmup   6: 22256 op, 75941.00 ns, 3.4122 ns/op
OverheadWarmup   7: 22256 op, 75616.00 ns, 3.3976 ns/op

OverheadActual   1: 22256 op, 75797.00 ns, 3.4057 ns/op
OverheadActual   2: 22256 op, 76190.00 ns, 3.4233 ns/op
OverheadActual   3: 22256 op, 78172.00 ns, 3.5124 ns/op
OverheadActual   4: 22256 op, 75659.00 ns, 3.3995 ns/op
OverheadActual   5: 22256 op, 76005.00 ns, 3.4150 ns/op
OverheadActual   6: 22256 op, 75646.00 ns, 3.3989 ns/op
OverheadActual   7: 22256 op, 75651.00 ns, 3.3991 ns/op
OverheadActual   8: 22256 op, 76225.00 ns, 3.4249 ns/op
OverheadActual   9: 22256 op, 75662.00 ns, 3.3996 ns/op
OverheadActual  10: 22256 op, 75597.00 ns, 3.3967 ns/op
OverheadActual  11: 22256 op, 77555.00 ns, 3.4847 ns/op
OverheadActual  12: 22256 op, 75656.00 ns, 3.3994 ns/op
OverheadActual  13: 22256 op, 75638.00 ns, 3.3985 ns/op
OverheadActual  14: 22256 op, 77517.00 ns, 3.4830 ns/op
OverheadActual  15: 22256 op, 75636.00 ns, 3.3985 ns/op

WorkloadWarmup   1: 22256 op, 1000712198.00 ns, 44.9637 us/op
WorkloadWarmup   2: 22256 op, 1000788392.00 ns, 44.9671 us/op
WorkloadWarmup   3: 22256 op, 999293665.00 ns, 44.9000 us/op
WorkloadWarmup   4: 22256 op, 995975118.00 ns, 44.7509 us/op
WorkloadWarmup   5: 22256 op, 996151245.00 ns, 44.7588 us/op
WorkloadWarmup   6: 22256 op, 998729306.00 ns, 44.8746 us/op

// BeforeActualRun
WorkloadActual   1: 22256 op, 997070859.00 ns, 44.8001 us/op
WorkloadActual   2: 22256 op, 997813463.00 ns, 44.8335 us/op
WorkloadActual   3: 22256 op, 996374720.00 ns, 44.7688 us/op
WorkloadActual   4: 22256 op, 996654573.00 ns, 44.7814 us/op
WorkloadActual   5: 22256 op, 995199310.00 ns, 44.7160 us/op
WorkloadActual   6: 22256 op, 996263513.00 ns, 44.7638 us/op
WorkloadActual   7: 22256 op, 996959176.00 ns, 44.7951 us/op
WorkloadActual   8: 22256 op, 996181299.00 ns, 44.7601 us/op
WorkloadActual   9: 22256 op, 995099185.00 ns, 44.7115 us/op
WorkloadActual  10: 22256 op, 1000421512.00 ns, 44.9506 us/op
WorkloadActual  11: 22256 op, 1003540678.00 ns, 45.0908 us/op
WorkloadActual  12: 22256 op, 997290367.00 ns, 44.8100 us/op
WorkloadActual  13: 22256 op, 994490444.00 ns, 44.6842 us/op
WorkloadActual  14: 22256 op, 996710851.00 ns, 44.7839 us/op
WorkloadActual  15: 22256 op, 995373214.00 ns, 44.7238 us/op

// AfterActualRun
WorkloadResult   1: 22256 op, 996995197.00 ns, 44.7967 us/op
WorkloadResult   2: 22256 op, 997737801.00 ns, 44.8301 us/op
WorkloadResult   3: 22256 op, 996299058.00 ns, 44.7654 us/op
WorkloadResult   4: 22256 op, 996578911.00 ns, 44.7780 us/op
WorkloadResult   5: 22256 op, 995123648.00 ns, 44.7126 us/op
WorkloadResult   6: 22256 op, 996187851.00 ns, 44.7604 us/op
WorkloadResult   7: 22256 op, 996883514.00 ns, 44.7917 us/op
WorkloadResult   8: 22256 op, 996105637.00 ns, 44.7567 us/op
WorkloadResult   9: 22256 op, 995023523.00 ns, 44.7081 us/op
WorkloadResult  10: 22256 op, 1000345850.00 ns, 44.9472 us/op
WorkloadResult  11: 22256 op, 1003465016.00 ns, 45.0874 us/op
WorkloadResult  12: 22256 op, 997214705.00 ns, 44.8066 us/op
WorkloadResult  13: 22256 op, 994414782.00 ns, 44.6808 us/op
WorkloadResult  14: 22256 op, 996635189.00 ns, 44.7805 us/op
WorkloadResult  15: 22256 op, 995297552.00 ns, 44.7204 us/op

// AfterAll
// Benchmark Process 4051892 has exited with code 0.

Mean = 44.795 μs, StdErr = 0.026 μs (0.06%), N = 15, StdDev = 0.102 μs
Min = 44.681 μs, Q1 = 44.739 μs, Median = 44.778 μs, Q3 = 44.802 μs, Max = 45.087 μs
IQR = 0.063 μs, LowerFence = 44.644 μs, UpperFence = 44.896 μs
ConfidenceInterval = [44.685 μs; 44.904 μs] (CI 99.9%), Margin = 0.110 μs (0.24% of Mean)
Skewness = 1.57, Kurtosis = 4.94, MValue = 2

// ** Remained 9 (30.0%) benchmark(s) to run. Estimated finish 2025-12-31 18:37 (0h 4m from now) **
// **************************
// Benchmark: JsonSerializationBenchmarks.Newtonsoft_Serialize_Medium: Overhead-Fixed-NoEnergy-3(OutlierMode=DontRemove, IterationCount=15, IterationTime=1s, LaunchCount=1, WarmupCount=6)
// *** Execute ***
// Launch: 1 / 1
// Execute: dotnet Serialization.Bench-Overhead-Fixed-NoEnergy-3-1.dll --anonymousPipes 103 104 --benchmarkName Serialization.Bench.JsonSerializationBenchmarks.Newtonsoft_Serialize_Medium --job Overhead-Fixed-NoEnergy-3 --benchmarkId 21 in /home/test/rapl-tests/lib-energy-bench/src/Serialization.Bench/bin/Release/net8.0/Serialization.Bench-Overhead-Fixed-NoEnergy-3-1/bin/Release/net8.0
// BeforeAnythingElse

// Benchmark Process Environment Information:
// BenchmarkDotNet v0.15.5-develop (2025-12-31)
// Runtime=.NET 8.0.21 (8.0.21, 8.0.2125.47513), X64 RyuJIT x86-64-v4
// GC=Concurrent Workstation
// HardwareIntrinsics=AVX512 IFMA+VBMI,AVX512 F+BW+CD+DQ+VL,AVX2+BMI1+BMI2+F16C+FMA+LZCNT+MOVBE,AVX,SSE3+SSSE3+SSE4.1+SSE4.2+POPCNT,X86Base+SSE+SSE2,AES+PCLMUL VectorSize=256
// Job: Overhead-Fixed-NoEnergy-3(OutlierMode=DontRemove, IterationCount=15, IterationTime=1s, LaunchCount=1, WarmupCount=6)

OverheadJitting  1: 1 op, 135071.00 ns, 135.0710 us/op
WorkloadJitting  1: 1 op, 48309604.00 ns, 48.3096 ms/op

OverheadJitting  2: 16 op, 357646.00 ns, 22.3529 us/op
WorkloadJitting  2: 16 op, 5188238.00 ns, 324.2649 us/op

WorkloadPilot    1: 16 op, 4679307.00 ns, 292.4567 us/op
WorkloadPilot    2: 3424 op, 371414616.00 ns, 108.4739 us/op
WorkloadPilot    3: 9232 op, 508366155.00 ns, 55.0657 us/op
WorkloadPilot    4: 18160 op, 995787197.00 ns, 54.8341 us/op
WorkloadPilot    5: 18240 op, 994615326.00 ns, 54.5293 us/op
WorkloadPilot    6: 18352 op, 1009039379.00 ns, 54.9825 us/op
WorkloadPilot    7: 18192 op, 1000438805.00 ns, 54.9933 us/op

OverheadWarmup   1: 18192 op, 63976.00 ns, 3.5167 ns/op
OverheadWarmup   2: 18192 op, 62156.00 ns, 3.4167 ns/op
OverheadWarmup   3: 18192 op, 68884.00 ns, 3.7865 ns/op
OverheadWarmup   4: 18192 op, 67430.00 ns, 3.7066 ns/op
OverheadWarmup   5: 18192 op, 64828.00 ns, 3.5635 ns/op
OverheadWarmup   6: 18192 op, 63365.00 ns, 3.4831 ns/op
OverheadWarmup   7: 18192 op, 63353.00 ns, 3.4825 ns/op
OverheadWarmup   8: 18192 op, 63671.00 ns, 3.4999 ns/op
OverheadWarmup   9: 18192 op, 63414.00 ns, 3.4858 ns/op

OverheadActual   1: 18192 op, 63534.00 ns, 3.4924 ns/op
OverheadActual   2: 18192 op, 62532.00 ns, 3.4373 ns/op
OverheadActual   3: 18192 op, 62190.00 ns, 3.4185 ns/op
OverheadActual   4: 18192 op, 63061.00 ns, 3.4664 ns/op
OverheadActual   5: 18192 op, 63399.00 ns, 3.4850 ns/op
OverheadActual   6: 18192 op, 63705.00 ns, 3.5018 ns/op
OverheadActual   7: 18192 op, 62064.00 ns, 3.4116 ns/op
OverheadActual   8: 18192 op, 62043.00 ns, 3.4105 ns/op
OverheadActual   9: 18192 op, 62068.00 ns, 3.4118 ns/op
OverheadActual  10: 18192 op, 63726.00 ns, 3.5030 ns/op
OverheadActual  11: 18192 op, 65556.00 ns, 3.6036 ns/op
OverheadActual  12: 18192 op, 66920.00 ns, 3.6785 ns/op
OverheadActual  13: 18192 op, 73693.00 ns, 4.0508 ns/op
OverheadActual  14: 18192 op, 66850.00 ns, 3.6747 ns/op
OverheadActual  15: 18192 op, 63354.00 ns, 3.4825 ns/op
OverheadActual  16: 18192 op, 63376.00 ns, 3.4837 ns/op

WorkloadWarmup   1: 18192 op, 1003205338.00 ns, 55.1454 us/op
WorkloadWarmup   2: 18192 op, 1004519709.00 ns, 55.2177 us/op
WorkloadWarmup   3: 18192 op, 997005829.00 ns, 54.8046 us/op
WorkloadWarmup   4: 18192 op, 1001145720.00 ns, 55.0322 us/op
WorkloadWarmup   5: 18192 op, 1014612445.00 ns, 55.7725 us/op
WorkloadWarmup   6: 18192 op, 1005858876.00 ns, 55.2913 us/op

// BeforeActualRun
WorkloadActual   1: 18192 op, 997280051.00 ns, 54.8197 us/op
WorkloadActual   2: 18192 op, 1013260618.00 ns, 55.6981 us/op
WorkloadActual   3: 18192 op, 999900067.00 ns, 54.9637 us/op
WorkloadActual   4: 18192 op, 1005902761.00 ns, 55.2937 us/op
WorkloadActual   5: 18192 op, 1001560440.00 ns, 55.0550 us/op
WorkloadActual   6: 18192 op, 1001082804.00 ns, 55.0287 us/op
WorkloadActual   7: 18192 op, 1000189748.00 ns, 54.9796 us/op
WorkloadActual   8: 18192 op, 996914425.00 ns, 54.7996 us/op
WorkloadActual   9: 18192 op, 1001952764.00 ns, 55.0766 us/op
WorkloadActual  10: 18192 op, 999418965.00 ns, 54.9373 us/op
WorkloadActual  11: 18192 op, 999866956.00 ns, 54.9619 us/op
WorkloadActual  12: 18192 op, 1002461643.00 ns, 55.1045 us/op
WorkloadActual  13: 18192 op, 995776369.00 ns, 54.7370 us/op
WorkloadActual  14: 18192 op, 1015651481.00 ns, 55.8296 us/op
WorkloadActual  15: 18192 op, 996664848.00 ns, 54.7859 us/op

// AfterActualRun
WorkloadResult   1: 18192 op, 997216663.50 ns, 54.8162 us/op
WorkloadResult   2: 18192 op, 1013197230.50 ns, 55.6947 us/op
WorkloadResult   3: 18192 op, 999836679.50 ns, 54.9602 us/op
WorkloadResult   4: 18192 op, 1005839373.50 ns, 55.2902 us/op
WorkloadResult   5: 18192 op, 1001497052.50 ns, 55.0515 us/op
WorkloadResult   6: 18192 op, 1001019416.50 ns, 55.0253 us/op
WorkloadResult   7: 18192 op, 1000126360.50 ns, 54.9762 us/op
WorkloadResult   8: 18192 op, 996851037.50 ns, 54.7961 us/op
WorkloadResult   9: 18192 op, 1001889376.50 ns, 55.0731 us/op
WorkloadResult  10: 18192 op, 999355577.50 ns, 54.9338 us/op
WorkloadResult  11: 18192 op, 999803568.50 ns, 54.9584 us/op
WorkloadResult  12: 18192 op, 1002398255.50 ns, 55.1010 us/op
WorkloadResult  13: 18192 op, 995712981.50 ns, 54.7336 us/op
WorkloadResult  14: 18192 op, 1015588093.50 ns, 55.8261 us/op
WorkloadResult  15: 18192 op, 996601460.50 ns, 54.7824 us/op

// AfterAll
// Benchmark Process 4051909 has exited with code 0.

Mean = 55.068 μs, StdErr = 0.082 μs (0.15%), N = 15, StdDev = 0.316 μs
Min = 54.734 μs, Q1 = 54.875 μs, Median = 54.976 μs, Q3 = 55.087 μs, Max = 55.826 μs
IQR = 0.212 μs, LowerFence = 54.557 μs, UpperFence = 55.405 μs
ConfidenceInterval = [54.730 μs; 55.406 μs] (CI 99.9%), Margin = 0.338 μs (0.61% of Mean)
Skewness = 1.24, Kurtosis = 3.44, MValue = 2

// ** Remained 8 (26.7%) benchmark(s) to run. Estimated finish 2025-12-31 18:37 (0h 3m from now) **
// **************************
// Benchmark: JsonSerializationBenchmarks.Jil_Serialize_Medium: Overhead-Fixed-NoEnergy-3(OutlierMode=DontRemove, IterationCount=15, IterationTime=1s, LaunchCount=1, WarmupCount=6)
// *** Execute ***
// Launch: 1 / 1
// Execute: dotnet Serialization.Bench-Overhead-Fixed-NoEnergy-3-1.dll --anonymousPipes 103 104 --benchmarkName Serialization.Bench.JsonSerializationBenchmarks.Jil_Serialize_Medium --job Overhead-Fixed-NoEnergy-3 --benchmarkId 22 in /home/test/rapl-tests/lib-energy-bench/src/Serialization.Bench/bin/Release/net8.0/Serialization.Bench-Overhead-Fixed-NoEnergy-3-1/bin/Release/net8.0
// BeforeAnythingElse

// Benchmark Process Environment Information:
// BenchmarkDotNet v0.15.5-develop (2025-12-31)
// Runtime=.NET 8.0.21 (8.0.21, 8.0.2125.47513), X64 RyuJIT x86-64-v4
// GC=Concurrent Workstation
// HardwareIntrinsics=AVX512 IFMA+VBMI,AVX512 F+BW+CD+DQ+VL,AVX2+BMI1+BMI2+F16C+FMA+LZCNT+MOVBE,AVX,SSE3+SSSE3+SSE4.1+SSE4.2+POPCNT,X86Base+SSE+SSE2,AES+PCLMUL VectorSize=256
// Job: Overhead-Fixed-NoEnergy-3(OutlierMode=DontRemove, IterationCount=15, IterationTime=1s, LaunchCount=1, WarmupCount=6)

OverheadJitting  1: 1 op, 136685.00 ns, 136.6850 us/op
WorkloadJitting  1: 1 op, 134999286.00 ns, 134.9993 ms/op

WorkloadPilot    1: 4 op, 668133.00 ns, 167.0333 us/op
WorkloadPilot    2: 5987 op, 325258315.00 ns, 54.3274 us/op
WorkloadPilot    3: 18407 op, 695116231.00 ns, 37.7637 us/op
WorkloadPilot    4: 26480 op, 999633973.00 ns, 37.7505 us/op
WorkloadPilot    5: 26490 op, 999166978.00 ns, 37.7186 us/op
WorkloadPilot    6: 26512 op, 999919979.00 ns, 37.7158 us/op
WorkloadPilot    7: 26514 op, 1004538965.00 ns, 37.8871 us/op
WorkloadPilot    8: 26394 op, 1001182781.00 ns, 37.9322 us/op
WorkloadPilot    9: 26363 op, 997932158.00 ns, 37.8535 us/op
WorkloadPilot   10: 26418 op, 996720351.00 ns, 37.7288 us/op
WorkloadPilot   11: 26505 op, 1003510825.00 ns, 37.8612 us/op

WorkloadWarmup   1: 26505 op, 999406438.00 ns, 37.7063 us/op
WorkloadWarmup   2: 26505 op, 1004232446.00 ns, 37.8884 us/op
WorkloadWarmup   3: 26505 op, 1003747387.00 ns, 37.8701 us/op
WorkloadWarmup   4: 26505 op, 1002654351.00 ns, 37.8289 us/op
WorkloadWarmup   5: 26505 op, 1004213220.00 ns, 37.8877 us/op
WorkloadWarmup   6: 26505 op, 1003467726.00 ns, 37.8596 us/op

// BeforeActualRun
WorkloadActual   1: 26505 op, 999797567.00 ns, 37.7211 us/op
WorkloadActual   2: 26505 op, 1004717251.00 ns, 37.9067 us/op
WorkloadActual   3: 26505 op, 1004462338.00 ns, 37.8971 us/op
WorkloadActual   4: 26505 op, 1004655057.00 ns, 37.9044 us/op
WorkloadActual   5: 26505 op, 1004711333.00 ns, 37.9065 us/op
WorkloadActual   6: 26505 op, 1002110047.00 ns, 37.8083 us/op
WorkloadActual   7: 26505 op, 1004049733.00 ns, 37.8815 us/op
WorkloadActual   8: 26505 op, 1003447560.00 ns, 37.8588 us/op
WorkloadActual   9: 26505 op, 1002735709.00 ns, 37.8319 us/op
WorkloadActual  10: 26505 op, 1003168142.00 ns, 37.8483 us/op
WorkloadActual  11: 26505 op, 1004516300.00 ns, 37.8991 us/op
WorkloadActual  12: 26505 op, 1003463366.00 ns, 37.8594 us/op
WorkloadActual  13: 26505 op, 1004080514.00 ns, 37.8827 us/op
WorkloadActual  14: 26505 op, 1003030044.00 ns, 37.8431 us/op
WorkloadActual  15: 26505 op, 1005413283.00 ns, 37.9330 us/op

// AfterActualRun
WorkloadResult   1: 26505 op, 999797567.00 ns, 37.7211 us/op
WorkloadResult   2: 26505 op, 1004717251.00 ns, 37.9067 us/op
WorkloadResult   3: 26505 op, 1004462338.00 ns, 37.8971 us/op
WorkloadResult   4: 26505 op, 1004655057.00 ns, 37.9044 us/op
WorkloadResult   5: 26505 op, 1004711333.00 ns, 37.9065 us/op
WorkloadResult   6: 26505 op, 1002110047.00 ns, 37.8083 us/op
WorkloadResult   7: 26505 op, 1004049733.00 ns, 37.8815 us/op
WorkloadResult   8: 26505 op, 1003447560.00 ns, 37.8588 us/op
WorkloadResult   9: 26505 op, 1002735709.00 ns, 37.8319 us/op
WorkloadResult  10: 26505 op, 1003168142.00 ns, 37.8483 us/op
WorkloadResult  11: 26505 op, 1004516300.00 ns, 37.8991 us/op
WorkloadResult  12: 26505 op, 1003463366.00 ns, 37.8594 us/op
WorkloadResult  13: 26505 op, 1004080514.00 ns, 37.8827 us/op
WorkloadResult  14: 26505 op, 1003030044.00 ns, 37.8431 us/op
WorkloadResult  15: 26505 op, 1005413283.00 ns, 37.9330 us/op

// AfterAll
// Benchmark Process 4051933 has exited with code 0.

Mean = 37.865 μs, StdErr = 0.013 μs (0.04%), N = 15, StdDev = 0.052 μs
Min = 37.721 μs, Q1 = 37.846 μs, Median = 37.882 μs, Q3 = 37.902 μs, Max = 37.933 μs
IQR = 0.056 μs, LowerFence = 37.762 μs, UpperFence = 37.986 μs
ConfidenceInterval = [37.810 μs; 37.921 μs] (CI 99.9%), Margin = 0.056 μs (0.15% of Mean)
Skewness = -1.24, Kurtosis = 4.27, MValue = 2

// ** Remained 7 (23.3%) benchmark(s) to run. Estimated finish 2025-12-31 18:37 (0h 3m from now) **
// **************************
// Benchmark: JsonSerializationBenchmarks.Utf8Json_Serialize_Medium: Overhead-Fixed-NoEnergy-3(OutlierMode=DontRemove, IterationCount=15, IterationTime=1s, LaunchCount=1, WarmupCount=6)
// *** Execute ***
// Launch: 1 / 1
// Execute: dotnet Serialization.Bench-Overhead-Fixed-NoEnergy-3-1.dll --anonymousPipes 103 104 --benchmarkName Serialization.Bench.JsonSerializationBenchmarks.Utf8Json_Serialize_Medium --job Overhead-Fixed-NoEnergy-3 --benchmarkId 23 in /home/test/rapl-tests/lib-energy-bench/src/Serialization.Bench/bin/Release/net8.0/Serialization.Bench-Overhead-Fixed-NoEnergy-3-1/bin/Release/net8.0
// BeforeAnythingElse

// Benchmark Process Environment Information:
// BenchmarkDotNet v0.15.5-develop (2025-12-31)
// Runtime=.NET 8.0.21 (8.0.21, 8.0.2125.47513), X64 RyuJIT x86-64-v4
// GC=Concurrent Workstation
// HardwareIntrinsics=AVX512 IFMA+VBMI,AVX512 F+BW+CD+DQ+VL,AVX2+BMI1+BMI2+F16C+FMA+LZCNT+MOVBE,AVX,SSE3+SSSE3+SSE4.1+SSE4.2+POPCNT,X86Base+SSE+SSE2,AES+PCLMUL VectorSize=256
// Job: Overhead-Fixed-NoEnergy-3(OutlierMode=DontRemove, IterationCount=15, IterationTime=1s, LaunchCount=1, WarmupCount=6)

OverheadJitting  1: 1 op, 134247.00 ns, 134.2470 us/op
WorkloadJitting  1: 1 op, 54048826.00 ns, 54.0488 ms/op

OverheadJitting  2: 16 op, 362237.00 ns, 22.6398 us/op
WorkloadJitting  2: 16 op, 4332961.00 ns, 270.8101 us/op

WorkloadPilot    1: 16 op, 3662333.00 ns, 228.8958 us/op
WorkloadPilot    2: 4384 op, 434498854.00 ns, 99.1101 us/op
WorkloadPilot    3: 10096 op, 607568892.00 ns, 60.1792 us/op
WorkloadPilot    4: 16624 op, 995516219.00 ns, 59.8843 us/op
WorkloadPilot    5: 16704 op, 1026780615.00 ns, 61.4691 us/op
WorkloadPilot    6: 16272 op, 992048254.00 ns, 60.9666 us/op
WorkloadPilot    7: 16416 op, 990358391.00 ns, 60.3288 us/op
WorkloadPilot    8: 16576 op, 985351545.00 ns, 59.4445 us/op
WorkloadPilot    9: 16832 op, 1012711021.00 ns, 60.1658 us/op
WorkloadPilot   10: 16624 op, 1020512741.00 ns, 61.3879 us/op

OverheadWarmup   1: 16624 op, 57524.00 ns, 3.4603 ns/op
OverheadWarmup   2: 16624 op, 56860.00 ns, 3.4204 ns/op
OverheadWarmup   3: 16624 op, 57993.00 ns, 3.4885 ns/op
OverheadWarmup   4: 16624 op, 57116.00 ns, 3.4358 ns/op
OverheadWarmup   5: 16624 op, 57955.00 ns, 3.4862 ns/op
OverheadWarmup   6: 16624 op, 61134.00 ns, 3.6775 ns/op
OverheadWarmup   7: 16624 op, 60084.00 ns, 3.6143 ns/op

OverheadActual   1: 16624 op, 58422.00 ns, 3.5143 ns/op
OverheadActual   2: 16624 op, 56873.00 ns, 3.4211 ns/op
OverheadActual   3: 16624 op, 56941.00 ns, 3.4252 ns/op
OverheadActual   4: 16624 op, 56818.00 ns, 3.4178 ns/op
OverheadActual   5: 16624 op, 57185.00 ns, 3.4399 ns/op
OverheadActual   6: 16624 op, 56743.00 ns, 3.4133 ns/op
OverheadActual   7: 16624 op, 61043.00 ns, 3.6720 ns/op
OverheadActual   8: 16624 op, 59678.00 ns, 3.5899 ns/op
OverheadActual   9: 16624 op, 60416.00 ns, 3.6343 ns/op
OverheadActual  10: 16624 op, 57973.00 ns, 3.4873 ns/op
OverheadActual  11: 16624 op, 57889.00 ns, 3.4823 ns/op
OverheadActual  12: 16624 op, 57963.00 ns, 3.4867 ns/op
OverheadActual  13: 16624 op, 58310.00 ns, 3.5076 ns/op
OverheadActual  14: 16624 op, 56821.00 ns, 3.4180 ns/op
OverheadActual  15: 16624 op, 56802.00 ns, 3.4169 ns/op

WorkloadWarmup   1: 16624 op, 1002299520.00 ns, 60.2923 us/op
WorkloadWarmup   2: 16624 op, 984933848.00 ns, 59.2477 us/op
WorkloadWarmup   3: 16624 op, 1046617938.00 ns, 62.9582 us/op
WorkloadWarmup   4: 16624 op, 1039030030.00 ns, 62.5018 us/op
WorkloadWarmup   5: 16624 op, 1003908478.00 ns, 60.3891 us/op
WorkloadWarmup   6: 16624 op, 999316053.00 ns, 60.1129 us/op

// BeforeActualRun
WorkloadActual   1: 16624 op, 1028866785.00 ns, 61.8904 us/op
WorkloadActual   2: 16624 op, 1050568697.00 ns, 63.1959 us/op
WorkloadActual   3: 16624 op, 1029373469.00 ns, 61.9209 us/op
WorkloadActual   4: 16624 op, 1004469552.00 ns, 60.4229 us/op
WorkloadActual   5: 16624 op, 991310883.00 ns, 59.6313 us/op
WorkloadActual   6: 16624 op, 1003072368.00 ns, 60.3388 us/op
WorkloadActual   7: 16624 op, 983868950.00 ns, 59.1836 us/op
WorkloadActual   8: 16624 op, 1016307214.00 ns, 61.1349 us/op
WorkloadActual   9: 16624 op, 986114495.00 ns, 59.3187 us/op
WorkloadActual  10: 16624 op, 994958784.00 ns, 59.8507 us/op
WorkloadActual  11: 16624 op, 1000362233.00 ns, 60.1758 us/op
WorkloadActual  12: 16624 op, 1047945614.00 ns, 63.0381 us/op
WorkloadActual  13: 16624 op, 1011589786.00 ns, 60.8512 us/op
WorkloadActual  14: 16624 op, 1028570275.00 ns, 61.8726 us/op
WorkloadActual  15: 16624 op, 1003547650.00 ns, 60.3674 us/op

// AfterActualRun
WorkloadResult   1: 16624 op, 1028808896.00 ns, 61.8870 us/op
WorkloadResult   2: 16624 op, 1050510808.00 ns, 63.1924 us/op
WorkloadResult   3: 16624 op, 1029315580.00 ns, 61.9174 us/op
WorkloadResult   4: 16624 op, 1004411663.00 ns, 60.4194 us/op
WorkloadResult   5: 16624 op, 991252994.00 ns, 59.6278 us/op
WorkloadResult   6: 16624 op, 1003014479.00 ns, 60.3353 us/op
WorkloadResult   7: 16624 op, 983811061.00 ns, 59.1802 us/op
WorkloadResult   8: 16624 op, 1016249325.00 ns, 61.1315 us/op
WorkloadResult   9: 16624 op, 986056606.00 ns, 59.3152 us/op
WorkloadResult  10: 16624 op, 994900895.00 ns, 59.8473 us/op
WorkloadResult  11: 16624 op, 1000304344.00 ns, 60.1723 us/op
WorkloadResult  12: 16624 op, 1047887725.00 ns, 63.0346 us/op
WorkloadResult  13: 16624 op, 1011531897.00 ns, 60.8477 us/op
WorkloadResult  14: 16624 op, 1028512386.00 ns, 61.8691 us/op
WorkloadResult  15: 16624 op, 1003489761.00 ns, 60.3639 us/op

// AfterAll
// Benchmark Process 4051945 has exited with code 0.

Mean = 60.876 μs, StdErr = 0.326 μs (0.54%), N = 15, StdDev = 1.264 μs
Min = 59.180 μs, Q1 = 60.010 μs, Median = 60.419 μs, Q3 = 61.878 μs, Max = 63.192 μs
IQR = 1.868 μs, LowerFence = 57.207 μs, UpperFence = 64.680 μs
ConfidenceInterval = [59.525 μs; 62.227 μs] (CI 99.9%), Margin = 1.351 μs (2.22% of Mean)
Skewness = 0.44, Kurtosis = 1.88, MValue = 2

// ** Remained 6 (20.0%) benchmark(s) to run. Estimated finish 2025-12-31 18:37 (0h 2m from now) **
// **************************
// Benchmark: JsonSerializationBenchmarks.SpanJson_Serialize_Medium: Overhead-Fixed-NoEnergy-3(OutlierMode=DontRemove, IterationCount=15, IterationTime=1s, LaunchCount=1, WarmupCount=6)
// *** Execute ***
// Launch: 1 / 1
// Execute: dotnet Serialization.Bench-Overhead-Fixed-NoEnergy-3-1.dll --anonymousPipes 103 104 --benchmarkName Serialization.Bench.JsonSerializationBenchmarks.SpanJson_Serialize_Medium --job Overhead-Fixed-NoEnergy-3 --benchmarkId 24 in /home/test/rapl-tests/lib-energy-bench/src/Serialization.Bench/bin/Release/net8.0/Serialization.Bench-Overhead-Fixed-NoEnergy-3-1/bin/Release/net8.0
// BeforeAnythingElse

// Benchmark Process Environment Information:
// BenchmarkDotNet v0.15.5-develop (2025-12-31)
// Runtime=.NET 8.0.21 (8.0.21, 8.0.2125.47513), X64 RyuJIT x86-64-v4
// GC=Concurrent Workstation
// HardwareIntrinsics=AVX512 IFMA+VBMI,AVX512 F+BW+CD+DQ+VL,AVX2+BMI1+BMI2+F16C+FMA+LZCNT+MOVBE,AVX,SSE3+SSSE3+SSE4.1+SSE4.2+POPCNT,X86Base+SSE+SSE2,AES+PCLMUL VectorSize=256
// Job: Overhead-Fixed-NoEnergy-3(OutlierMode=DontRemove, IterationCount=15, IterationTime=1s, LaunchCount=1, WarmupCount=6)

OverheadJitting  1: 1 op, 134329.00 ns, 134.3290 us/op
WorkloadJitting  1: 1 op, 97592389.00 ns, 97.5924 ms/op

WorkloadPilot    1: 4 op, 1061735.00 ns, 265.4338 us/op
WorkloadPilot    2: 3767 op, 287661423.00 ns, 76.3635 us/op
WorkloadPilot    3: 13095 op, 512335832.00 ns, 39.1245 us/op
WorkloadPilot    4: 25559 op, 979464674.00 ns, 38.3217 us/op
WorkloadPilot    5: 26095 op, 1017713418.00 ns, 39.0003 us/op
WorkloadPilot    6: 25641 op, 992419570.00 ns, 38.7044 us/op
WorkloadPilot    7: 25837 op, 1011409951.00 ns, 39.1458 us/op
WorkloadPilot    8: 25546 op, 993685167.00 ns, 38.8979 us/op
WorkloadPilot    9: 25708 op, 997275479.00 ns, 38.7924 us/op
WorkloadPilot   10: 25778 op, 1002293159.00 ns, 38.8817 us/op

WorkloadWarmup   1: 25778 op, 987383878.00 ns, 38.3034 us/op
WorkloadWarmup   2: 25778 op, 1005399445.00 ns, 39.0022 us/op
WorkloadWarmup   3: 25778 op, 1001444080.00 ns, 38.8488 us/op
WorkloadWarmup   4: 25778 op, 1002904888.00 ns, 38.9055 us/op
WorkloadWarmup   5: 25778 op, 1000665281.00 ns, 38.8186 us/op
WorkloadWarmup   6: 25778 op, 1006049967.00 ns, 39.0275 us/op

// BeforeActualRun
WorkloadActual   1: 25778 op, 1006355708.00 ns, 39.0393 us/op
WorkloadActual   2: 25778 op, 995389325.00 ns, 38.6139 us/op
WorkloadActual   3: 25778 op, 1000487237.00 ns, 38.8117 us/op
WorkloadActual   4: 25778 op, 990916568.00 ns, 38.4404 us/op
WorkloadActual   5: 25778 op, 1004485193.00 ns, 38.9668 us/op
WorkloadActual   6: 25778 op, 1005900570.00 ns, 39.0217 us/op
WorkloadActual   7: 25778 op, 1005801241.00 ns, 39.0178 us/op
WorkloadActual   8: 25778 op, 1006462989.00 ns, 39.0435 us/op
WorkloadActual   9: 25778 op, 1003817248.00 ns, 38.9409 us/op
WorkloadActual  10: 25778 op, 998791817.00 ns, 38.7459 us/op
WorkloadActual  11: 25778 op, 1003901315.00 ns, 38.9441 us/op
WorkloadActual  12: 25778 op, 1004710495.00 ns, 38.9755 us/op
WorkloadActual  13: 25778 op, 1003780524.00 ns, 38.9394 us/op
WorkloadActual  14: 25778 op, 1006331530.00 ns, 39.0384 us/op
WorkloadActual  15: 25778 op, 1002453644.00 ns, 38.8880 us/op

// AfterActualRun
WorkloadResult   1: 25778 op, 1006355708.00 ns, 39.0393 us/op
WorkloadResult   2: 25778 op, 995389325.00 ns, 38.6139 us/op
WorkloadResult   3: 25778 op, 1000487237.00 ns, 38.8117 us/op
WorkloadResult   4: 25778 op, 990916568.00 ns, 38.4404 us/op
WorkloadResult   5: 25778 op, 1004485193.00 ns, 38.9668 us/op
WorkloadResult   6: 25778 op, 1005900570.00 ns, 39.0217 us/op
WorkloadResult   7: 25778 op, 1005801241.00 ns, 39.0178 us/op
WorkloadResult   8: 25778 op, 1006462989.00 ns, 39.0435 us/op
WorkloadResult   9: 25778 op, 1003817248.00 ns, 38.9409 us/op
WorkloadResult  10: 25778 op, 998791817.00 ns, 38.7459 us/op
WorkloadResult  11: 25778 op, 1003901315.00 ns, 38.9441 us/op
WorkloadResult  12: 25778 op, 1004710495.00 ns, 38.9755 us/op
WorkloadResult  13: 25778 op, 1003780524.00 ns, 38.9394 us/op
WorkloadResult  14: 25778 op, 1006331530.00 ns, 39.0384 us/op
WorkloadResult  15: 25778 op, 1002453644.00 ns, 38.8880 us/op

// AfterAll
// Benchmark Process 4051959 has exited with code 0.

Mean = 38.895 μs, StdErr = 0.045 μs (0.12%), N = 15, StdDev = 0.175 μs
Min = 38.440 μs, Q1 = 38.850 μs, Median = 38.944 μs, Q3 = 39.020 μs, Max = 39.043 μs
IQR = 0.170 μs, LowerFence = 38.595 μs, UpperFence = 39.275 μs
ConfidenceInterval = [38.708 μs; 39.082 μs] (CI 99.9%), Margin = 0.187 μs (0.48% of Mean)
Skewness = -1.32, Kurtosis = 3.68, MValue = 2

// ** Remained 5 (16.7%) benchmark(s) to run. Estimated finish 2025-12-31 18:37 (0h 2m from now) **
// **************************
// Benchmark: JsonSerializationBenchmarks.STJ_Serialize_Small: Overhead-Fixed-NoEnergy-3(OutlierMode=DontRemove, IterationCount=15, IterationTime=1s, LaunchCount=1, WarmupCount=6)
// *** Execute ***
// Launch: 1 / 1
// Execute: dotnet Serialization.Bench-Overhead-Fixed-NoEnergy-3-1.dll --anonymousPipes 103 104 --benchmarkName Serialization.Bench.JsonSerializationBenchmarks.STJ_Serialize_Small --job Overhead-Fixed-NoEnergy-3 --benchmarkId 25 in /home/test/rapl-tests/lib-energy-bench/src/Serialization.Bench/bin/Release/net8.0/Serialization.Bench-Overhead-Fixed-NoEnergy-3-1/bin/Release/net8.0
// BeforeAnythingElse

// Benchmark Process Environment Information:
// BenchmarkDotNet v0.15.5-develop (2025-12-31)
// Runtime=.NET 8.0.21 (8.0.21, 8.0.2125.47513), X64 RyuJIT x86-64-v4
// GC=Concurrent Workstation
// HardwareIntrinsics=AVX512 IFMA+VBMI,AVX512 F+BW+CD+DQ+VL,AVX2+BMI1+BMI2+F16C+FMA+LZCNT+MOVBE,AVX,SSE3+SSSE3+SSE4.1+SSE4.2+POPCNT,X86Base+SSE+SSE2,AES+PCLMUL VectorSize=256
// Job: Overhead-Fixed-NoEnergy-3(OutlierMode=DontRemove, IterationCount=15, IterationTime=1s, LaunchCount=1, WarmupCount=6)

OverheadJitting  1: 1 op, 133205.00 ns, 133.2050 us/op
WorkloadJitting  1: 1 op, 3789289.00 ns, 3.7893 ms/op

OverheadJitting  2: 16 op, 347516.00 ns, 21.7198 us/op
WorkloadJitting  2: 16 op, 496602.00 ns, 31.0376 us/op

WorkloadPilot    1: 16 op, 75042.00 ns, 4.6901 us/op
WorkloadPilot    2: 213216 op, 557643551.00 ns, 2.6154 us/op
WorkloadPilot    3: 382352 op, 501324401.00 ns, 1.3112 us/op
WorkloadPilot    4: 762688 op, 999123758.00 ns, 1.3100 us/op
WorkloadPilot    5: 763360 op, 997795378.00 ns, 1.3071 us/op
WorkloadPilot    6: 765056 op, 999408475.00 ns, 1.3063 us/op
WorkloadPilot    7: 765520 op, 1003898706.00 ns, 1.3114 us/op
WorkloadPilot    8: 762560 op, 995919262.00 ns, 1.3060 us/op
WorkloadPilot    9: 765696 op, 1001200485.00 ns, 1.3076 us/op
WorkloadPilot   10: 764784 op, 1000773508.00 ns, 1.3086 us/op

OverheadWarmup   1: 764784 op, 2610903.00 ns, 3.4139 ns/op
OverheadWarmup   2: 764784 op, 2607690.00 ns, 3.4097 ns/op
OverheadWarmup   3: 764784 op, 2616652.00 ns, 3.4214 ns/op
OverheadWarmup   4: 764784 op, 2615506.00 ns, 3.4199 ns/op
OverheadWarmup   5: 764784 op, 2616533.00 ns, 3.4213 ns/op
OverheadWarmup   6: 764784 op, 2625916.00 ns, 3.4335 ns/op
OverheadWarmup   7: 764784 op, 2609951.00 ns, 3.4127 ns/op

OverheadActual   1: 764784 op, 2607437.00 ns, 3.4094 ns/op
OverheadActual   2: 764784 op, 2611383.00 ns, 3.4145 ns/op
OverheadActual   3: 764784 op, 2612729.00 ns, 3.4163 ns/op
OverheadActual   4: 764784 op, 2611404.00 ns, 3.4146 ns/op
OverheadActual   5: 764784 op, 2613335.00 ns, 3.4171 ns/op
OverheadActual   6: 764784 op, 2607777.00 ns, 3.4098 ns/op
OverheadActual   7: 764784 op, 2610536.00 ns, 3.4134 ns/op
OverheadActual   8: 764784 op, 2610336.00 ns, 3.4132 ns/op
OverheadActual   9: 764784 op, 2618665.00 ns, 3.4241 ns/op
OverheadActual  10: 764784 op, 2615067.00 ns, 3.4194 ns/op
OverheadActual  11: 764784 op, 2610241.00 ns, 3.4130 ns/op
OverheadActual  12: 764784 op, 2608269.00 ns, 3.4105 ns/op
OverheadActual  13: 764784 op, 2616011.00 ns, 3.4206 ns/op
OverheadActual  14: 764784 op, 2616098.00 ns, 3.4207 ns/op
OverheadActual  15: 764784 op, 2610580.00 ns, 3.4135 ns/op

WorkloadWarmup   1: 764784 op, 1000234892.00 ns, 1.3079 us/op
WorkloadWarmup   2: 764784 op, 998796942.00 ns, 1.3060 us/op
WorkloadWarmup   3: 764784 op, 995232906.00 ns, 1.3013 us/op
WorkloadWarmup   4: 764784 op, 993829837.00 ns, 1.2995 us/op
WorkloadWarmup   5: 764784 op, 993590149.00 ns, 1.2992 us/op
WorkloadWarmup   6: 764784 op, 994697123.00 ns, 1.3006 us/op

// BeforeActualRun
WorkloadActual   1: 764784 op, 996037501.00 ns, 1.3024 us/op
WorkloadActual   2: 764784 op, 994278089.00 ns, 1.3001 us/op
WorkloadActual   3: 764784 op, 993833594.00 ns, 1.2995 us/op
WorkloadActual   4: 764784 op, 992782105.00 ns, 1.2981 us/op
WorkloadActual   5: 764784 op, 993540249.00 ns, 1.2991 us/op
WorkloadActual   6: 764784 op, 993364166.00 ns, 1.2989 us/op
WorkloadActual   7: 764784 op, 992875981.00 ns, 1.2982 us/op
WorkloadActual   8: 764784 op, 998643771.00 ns, 1.3058 us/op
WorkloadActual   9: 764784 op, 995824683.00 ns, 1.3021 us/op
WorkloadActual  10: 764784 op, 997355251.00 ns, 1.3041 us/op
WorkloadActual  11: 764784 op, 995023092.00 ns, 1.3011 us/op
WorkloadActual  12: 764784 op, 995207211.00 ns, 1.3013 us/op
WorkloadActual  13: 764784 op, 994594068.00 ns, 1.3005 us/op
WorkloadActual  14: 764784 op, 994782657.00 ns, 1.3007 us/op
WorkloadActual  15: 764784 op, 997167686.00 ns, 1.3039 us/op

// AfterActualRun
WorkloadResult   1: 764784 op, 993426118.00 ns, 1.2990 us/op
WorkloadResult   2: 764784 op, 991666706.00 ns, 1.2967 us/op
WorkloadResult   3: 764784 op, 991222211.00 ns, 1.2961 us/op
WorkloadResult   4: 764784 op, 990170722.00 ns, 1.2947 us/op
WorkloadResult   5: 764784 op, 990928866.00 ns, 1.2957 us/op
WorkloadResult   6: 764784 op, 990752783.00 ns, 1.2955 us/op
WorkloadResult   7: 764784 op, 990264598.00 ns, 1.2948 us/op
WorkloadResult   8: 764784 op, 996032388.00 ns, 1.3024 us/op
WorkloadResult   9: 764784 op, 993213300.00 ns, 1.2987 us/op
WorkloadResult  10: 764784 op, 994743868.00 ns, 1.3007 us/op
WorkloadResult  11: 764784 op, 992411709.00 ns, 1.2976 us/op
WorkloadResult  12: 764784 op, 992595828.00 ns, 1.2979 us/op
WorkloadResult  13: 764784 op, 991982685.00 ns, 1.2971 us/op
WorkloadResult  14: 764784 op, 992171274.00 ns, 1.2973 us/op
WorkloadResult  15: 764784 op, 994556303.00 ns, 1.3004 us/op

// AfterAll
// Benchmark Process 4051972 has exited with code 0.

Mean = 1.298 μs, StdErr = 0.001 μs (0.04%), N = 15, StdDev = 0.002 μs
Min = 1.295 μs, Q1 = 1.296 μs, Median = 1.297 μs, Q3 = 1.299 μs, Max = 1.302 μs
IQR = 0.003 μs, LowerFence = 1.291 μs, UpperFence = 1.303 μs
ConfidenceInterval = [1.295 μs; 1.300 μs] (CI 99.9%), Margin = 0.002 μs (0.19% of Mean)
Skewness = 0.53, Kurtosis = 2.15, MValue = 2

// ** Remained 4 (13.3%) benchmark(s) to run. Estimated finish 2025-12-31 18:37 (0h 1m from now) **
// **************************
// Benchmark: JsonSerializationBenchmarks.Newtonsoft_Serialize_Small: Overhead-Fixed-NoEnergy-3(OutlierMode=DontRemove, IterationCount=15, IterationTime=1s, LaunchCount=1, WarmupCount=6)
// *** Execute ***
// Launch: 1 / 1
// Execute: dotnet Serialization.Bench-Overhead-Fixed-NoEnergy-3-1.dll --anonymousPipes 103 104 --benchmarkName Serialization.Bench.JsonSerializationBenchmarks.Newtonsoft_Serialize_Small --job Overhead-Fixed-NoEnergy-3 --benchmarkId 26 in /home/test/rapl-tests/lib-energy-bench/src/Serialization.Bench/bin/Release/net8.0/Serialization.Bench-Overhead-Fixed-NoEnergy-3-1/bin/Release/net8.0
// BeforeAnythingElse

// Benchmark Process Environment Information:
// BenchmarkDotNet v0.15.5-develop (2025-12-31)
// Runtime=.NET 8.0.21 (8.0.21, 8.0.2125.47513), X64 RyuJIT x86-64-v4
// GC=Concurrent Workstation
// HardwareIntrinsics=AVX512 IFMA+VBMI,AVX512 F+BW+CD+DQ+VL,AVX2+BMI1+BMI2+F16C+FMA+LZCNT+MOVBE,AVX,SSE3+SSSE3+SSE4.1+SSE4.2+POPCNT,X86Base+SSE+SSE2,AES+PCLMUL VectorSize=256
// Job: Overhead-Fixed-NoEnergy-3(OutlierMode=DontRemove, IterationCount=15, IterationTime=1s, LaunchCount=1, WarmupCount=6)

OverheadJitting  1: 1 op, 135071.00 ns, 135.0710 us/op
WorkloadJitting  1: 1 op, 37837259.00 ns, 37.8373 ms/op

OverheadJitting  2: 16 op, 364363.00 ns, 22.7727 us/op
WorkloadJitting  2: 16 op, 639529.00 ns, 39.9706 us/op

WorkloadPilot    1: 16 op, 221160.00 ns, 13.8225 us/op
WorkloadPilot    2: 72352 op, 285060186.00 ns, 3.9399 us/op
WorkloadPilot    3: 253824 op, 560537914.00 ns, 2.2084 us/op
WorkloadPilot    4: 452832 op, 997229032.00 ns, 2.2022 us/op
WorkloadPilot    5: 454096 op, 998588120.00 ns, 2.1991 us/op
WorkloadPilot    6: 454752 op, 1002154453.00 ns, 2.2037 us/op
WorkloadPilot    7: 453776 op, 1001487100.00 ns, 2.2070 us/op
WorkloadPilot    8: 453104 op, 993583148.00 ns, 2.1928 us/op
WorkloadPilot    9: 456032 op, 1004867777.00 ns, 2.2035 us/op

OverheadWarmup   1: 456032 op, 1549752.00 ns, 3.3983 ns/op
OverheadWarmup   2: 456032 op, 1553035.00 ns, 3.4055 ns/op
OverheadWarmup   3: 456032 op, 1549627.00 ns, 3.3981 ns/op
OverheadWarmup   4: 456032 op, 1551829.00 ns, 3.4029 ns/op
OverheadWarmup   5: 456032 op, 1547953.00 ns, 3.3944 ns/op

OverheadActual   1: 456032 op, 1551693.00 ns, 3.4026 ns/op
OverheadActual   2: 456032 op, 1551000.00 ns, 3.4011 ns/op
OverheadActual   3: 456032 op, 1551882.00 ns, 3.4030 ns/op
OverheadActual   4: 456032 op, 1551463.00 ns, 3.4021 ns/op
OverheadActual   5: 456032 op, 1550728.00 ns, 3.4005 ns/op
OverheadActual   6: 456032 op, 1559002.00 ns, 3.4186 ns/op
OverheadActual   7: 456032 op, 1550253.00 ns, 3.3994 ns/op
OverheadActual   8: 456032 op, 1556219.00 ns, 3.4125 ns/op
OverheadActual   9: 456032 op, 1550675.00 ns, 3.4004 ns/op
OverheadActual  10: 456032 op, 1552620.00 ns, 3.4046 ns/op
OverheadActual  11: 456032 op, 1576494.00 ns, 3.4570 ns/op
OverheadActual  12: 456032 op, 1595114.00 ns, 3.4978 ns/op
OverheadActual  13: 456032 op, 1585682.00 ns, 3.4771 ns/op
OverheadActual  14: 456032 op, 1584098.00 ns, 3.4737 ns/op
OverheadActual  15: 456032 op, 1562525.00 ns, 3.4263 ns/op

WorkloadWarmup   1: 456032 op, 1003888453.00 ns, 2.2014 us/op
WorkloadWarmup   2: 456032 op, 1002248346.00 ns, 2.1978 us/op
WorkloadWarmup   3: 456032 op, 1015389121.00 ns, 2.2266 us/op
WorkloadWarmup   4: 456032 op, 999730214.00 ns, 2.1922 us/op
WorkloadWarmup   5: 456032 op, 999570817.00 ns, 2.1919 us/op
WorkloadWarmup   6: 456032 op, 1001248415.00 ns, 2.1956 us/op

// BeforeActualRun
WorkloadActual   1: 456032 op, 1002204176.00 ns, 2.1977 us/op
WorkloadActual   2: 456032 op, 1007775521.00 ns, 2.2099 us/op
WorkloadActual   3: 456032 op, 999868826.00 ns, 2.1925 us/op
WorkloadActual   4: 456032 op, 1000428256.00 ns, 2.1938 us/op
WorkloadActual   5: 456032 op, 1000963436.00 ns, 2.1949 us/op
WorkloadActual   6: 456032 op, 1000301419.00 ns, 2.1935 us/op
WorkloadActual   7: 456032 op, 999602139.00 ns, 2.1920 us/op
WorkloadActual   8: 456032 op, 999182215.00 ns, 2.1910 us/op
WorkloadActual   9: 456032 op, 1003003920.00 ns, 2.1994 us/op
WorkloadActual  10: 456032 op, 1000111794.00 ns, 2.1931 us/op
WorkloadActual  11: 456032 op, 999564813.00 ns, 2.1919 us/op
WorkloadActual  12: 456032 op, 1000057822.00 ns, 2.1930 us/op
WorkloadActual  13: 456032 op, 998902153.00 ns, 2.1904 us/op
WorkloadActual  14: 456032 op, 999438303.00 ns, 2.1916 us/op
WorkloadActual  15: 456032 op, 998511199.00 ns, 2.1896 us/op

// AfterActualRun
WorkloadResult   1: 456032 op, 1000651556.00 ns, 2.1943 us/op
WorkloadResult   2: 456032 op, 1006222901.00 ns, 2.2065 us/op
WorkloadResult   3: 456032 op, 998316206.00 ns, 2.1891 us/op
WorkloadResult   4: 456032 op, 998875636.00 ns, 2.1904 us/op
WorkloadResult   5: 456032 op, 999410816.00 ns, 2.1915 us/op
WorkloadResult   6: 456032 op, 998748799.00 ns, 2.1901 us/op
WorkloadResult   7: 456032 op, 998049519.00 ns, 2.1886 us/op
WorkloadResult   8: 456032 op, 997629595.00 ns, 2.1876 us/op
WorkloadResult   9: 456032 op, 1001451300.00 ns, 2.1960 us/op
WorkloadResult  10: 456032 op, 998559174.00 ns, 2.1897 us/op
WorkloadResult  11: 456032 op, 998012193.00 ns, 2.1885 us/op
WorkloadResult  12: 456032 op, 998505202.00 ns, 2.1896 us/op
WorkloadResult  13: 456032 op, 997349533.00 ns, 2.1870 us/op
WorkloadResult  14: 456032 op, 997885683.00 ns, 2.1882 us/op
WorkloadResult  15: 456032 op, 996958579.00 ns, 2.1862 us/op

// AfterAll
// Benchmark Process 4051989 has exited with code 0.

Mean = 2.191 μs, StdErr = 0.001 μs (0.06%), N = 15, StdDev = 0.005 μs
Min = 2.186 μs, Q1 = 2.188 μs, Median = 2.190 μs, Q3 = 2.191 μs, Max = 2.206 μs
IQR = 0.003 μs, LowerFence = 2.184 μs, UpperFence = 2.195 μs
ConfidenceInterval = [2.185 μs; 2.196 μs] (CI 99.9%), Margin = 0.005 μs (0.25% of Mean)
Skewness = 1.94, Kurtosis = 6.34, MValue = 2

// ** Remained 3 (10.0%) benchmark(s) to run. Estimated finish 2025-12-31 18:37 (0h 1m from now) **
// **************************
// Benchmark: JsonSerializationBenchmarks.Jil_Serialize_Small: Overhead-Fixed-NoEnergy-3(OutlierMode=DontRemove, IterationCount=15, IterationTime=1s, LaunchCount=1, WarmupCount=6)
// *** Execute ***
// Launch: 1 / 1
// Execute: dotnet Serialization.Bench-Overhead-Fixed-NoEnergy-3-1.dll --anonymousPipes 103 104 --benchmarkName Serialization.Bench.JsonSerializationBenchmarks.Jil_Serialize_Small --job Overhead-Fixed-NoEnergy-3 --benchmarkId 27 in /home/test/rapl-tests/lib-energy-bench/src/Serialization.Bench/bin/Release/net8.0/Serialization.Bench-Overhead-Fixed-NoEnergy-3-1/bin/Release/net8.0
// BeforeAnythingElse

// Benchmark Process Environment Information:
// BenchmarkDotNet v0.15.5-develop (2025-12-31)
// Runtime=.NET 8.0.21 (8.0.21, 8.0.2125.47513), X64 RyuJIT x86-64-v4
// GC=Concurrent Workstation
// HardwareIntrinsics=AVX512 IFMA+VBMI,AVX512 F+BW+CD+DQ+VL,AVX2+BMI1+BMI2+F16C+FMA+LZCNT+MOVBE,AVX,SSE3+SSSE3+SSE4.1+SSE4.2+POPCNT,X86Base+SSE+SSE2,AES+PCLMUL VectorSize=256
// Job: Overhead-Fixed-NoEnergy-3(OutlierMode=DontRemove, IterationCount=15, IterationTime=1s, LaunchCount=1, WarmupCount=6)

OverheadJitting  1: 1 op, 134252.00 ns, 134.2520 us/op
WorkloadJitting  1: 1 op, 106638775.00 ns, 106.6388 ms/op

WorkloadPilot    1: 4 op, 22944.00 ns, 5.7360 us/op
WorkloadPilot    2: 174338 op, 396933600.00 ns, 2.2768 us/op
WorkloadPilot    3: 439212 op, 751614840.00 ns, 1.7113 us/op
WorkloadPilot    4: 584358 op, 993761691.00 ns, 1.7006 us/op
WorkloadPilot    5: 588026 op, 998893956.00 ns, 1.6987 us/op
WorkloadPilot    6: 588677 op, 1000843425.00 ns, 1.7002 us/op
WorkloadPilot    7: 588181 op, 1005459109.00 ns, 1.7094 us/op
WorkloadPilot    8: 584987 op, 998621782.00 ns, 1.7071 us/op
WorkloadPilot    9: 585794 op, 1000545678.00 ns, 1.7080 us/op

WorkloadWarmup   1: 585794 op, 994687737.00 ns, 1.6980 us/op
WorkloadWarmup   2: 585794 op, 999810394.00 ns, 1.7068 us/op
WorkloadWarmup   3: 585794 op, 999766491.00 ns, 1.7067 us/op
WorkloadWarmup   4: 585794 op, 1000513775.00 ns, 1.7080 us/op
WorkloadWarmup   5: 585794 op, 999712814.00 ns, 1.7066 us/op
WorkloadWarmup   6: 585794 op, 1000694268.00 ns, 1.7083 us/op

// BeforeActualRun
WorkloadActual   1: 585794 op, 994518102.00 ns, 1.6977 us/op
WorkloadActual   2: 585794 op, 1002882826.00 ns, 1.7120 us/op
WorkloadActual   3: 585794 op, 1000360685.00 ns, 1.7077 us/op
WorkloadActual   4: 585794 op, 998030603.00 ns, 1.7037 us/op
WorkloadActual   5: 585794 op, 999052354.00 ns, 1.7055 us/op
WorkloadActual   6: 585794 op, 1001221669.00 ns, 1.7092 us/op
WorkloadActual   7: 585794 op, 1000413647.00 ns, 1.7078 us/op
WorkloadActual   8: 585794 op, 999008044.00 ns, 1.7054 us/op
WorkloadActual   9: 585794 op, 998657390.00 ns, 1.7048 us/op
WorkloadActual  10: 585794 op, 998705937.00 ns, 1.7049 us/op
WorkloadActual  11: 585794 op, 999553988.00 ns, 1.7063 us/op
WorkloadActual  12: 585794 op, 998752519.00 ns, 1.7050 us/op
WorkloadActual  13: 585794 op, 999499381.00 ns, 1.7062 us/op
WorkloadActual  14: 585794 op, 1001905186.00 ns, 1.7103 us/op
WorkloadActual  15: 585794 op, 999441263.00 ns, 1.7061 us/op

// AfterActualRun
WorkloadResult   1: 585794 op, 994518102.00 ns, 1.6977 us/op
WorkloadResult   2: 585794 op, 1002882826.00 ns, 1.7120 us/op
WorkloadResult   3: 585794 op, 1000360685.00 ns, 1.7077 us/op
WorkloadResult   4: 585794 op, 998030603.00 ns, 1.7037 us/op
WorkloadResult   5: 585794 op, 999052354.00 ns, 1.7055 us/op
WorkloadResult   6: 585794 op, 1001221669.00 ns, 1.7092 us/op
WorkloadResult   7: 585794 op, 1000413647.00 ns, 1.7078 us/op
WorkloadResult   8: 585794 op, 999008044.00 ns, 1.7054 us/op
WorkloadResult   9: 585794 op, 998657390.00 ns, 1.7048 us/op
WorkloadResult  10: 585794 op, 998705937.00 ns, 1.7049 us/op
WorkloadResult  11: 585794 op, 999553988.00 ns, 1.7063 us/op
WorkloadResult  12: 585794 op, 998752519.00 ns, 1.7050 us/op
WorkloadResult  13: 585794 op, 999499381.00 ns, 1.7062 us/op
WorkloadResult  14: 585794 op, 1001905186.00 ns, 1.7103 us/op
WorkloadResult  15: 585794 op, 999441263.00 ns, 1.7061 us/op

// AfterAll
// Benchmark Process 4052004 has exited with code 0.

Mean = 1.706 μs, StdErr = 0.001 μs (0.05%), N = 15, StdDev = 0.003 μs
Min = 1.698 μs, Q1 = 1.705 μs, Median = 1.706 μs, Q3 = 1.708 μs, Max = 1.712 μs
IQR = 0.003 μs, LowerFence = 1.701 μs, UpperFence = 1.712 μs
ConfidenceInterval = [1.703 μs; 1.710 μs] (CI 99.9%), Margin = 0.003 μs (0.20% of Mean)
Skewness = -0.62, Kurtosis = 3.94, MValue = 2

// ** Remained 2 (6.7%) benchmark(s) to run. Estimated finish 2025-12-31 18:37 (0h 0m from now) **
// **************************
// Benchmark: JsonSerializationBenchmarks.Utf8Json_Serialize_Small: Overhead-Fixed-NoEnergy-3(OutlierMode=DontRemove, IterationCount=15, IterationTime=1s, LaunchCount=1, WarmupCount=6)
// *** Execute ***
// Launch: 1 / 1
// Execute: dotnet Serialization.Bench-Overhead-Fixed-NoEnergy-3-1.dll --anonymousPipes 103 104 --benchmarkName Serialization.Bench.JsonSerializationBenchmarks.Utf8Json_Serialize_Small --job Overhead-Fixed-NoEnergy-3 --benchmarkId 28 in /home/test/rapl-tests/lib-energy-bench/src/Serialization.Bench/bin/Release/net8.0/Serialization.Bench-Overhead-Fixed-NoEnergy-3-1/bin/Release/net8.0
// BeforeAnythingElse

// Benchmark Process Environment Information:
// BenchmarkDotNet v0.15.5-develop (2025-12-31)
// Runtime=.NET 8.0.21 (8.0.21, 8.0.2125.47513), X64 RyuJIT x86-64-v4
// GC=Concurrent Workstation
// HardwareIntrinsics=AVX512 IFMA+VBMI,AVX512 F+BW+CD+DQ+VL,AVX2+BMI1+BMI2+F16C+FMA+LZCNT+MOVBE,AVX,SSE3+SSSE3+SSE4.1+SSE4.2+POPCNT,X86Base+SSE+SSE2,AES+PCLMUL VectorSize=256
// Job: Overhead-Fixed-NoEnergy-3(OutlierMode=DontRemove, IterationCount=15, IterationTime=1s, LaunchCount=1, WarmupCount=6)

OverheadJitting  1: 1 op, 133452.00 ns, 133.4520 us/op
WorkloadJitting  1: 1 op, 47880981.00 ns, 47.8810 ms/op

OverheadJitting  2: 16 op, 375132.00 ns, 23.4458 us/op
WorkloadJitting  2: 16 op, 548175.00 ns, 34.2609 us/op

WorkloadPilot    1: 16 op, 208688.00 ns, 13.0430 us/op
WorkloadPilot    2: 76672 op, 360831813.00 ns, 4.7062 us/op
WorkloadPilot    3: 212496 op, 207424952.00 ns, 976.1358 ns/op
WorkloadPilot    4: 1024448 op, 989168509.00 ns, 965.5624 ns/op
WorkloadPilot    5: 1035680 op, 998854001.00 ns, 964.4427 ns/op
WorkloadPilot    6: 1036880 op, 1001193707.00 ns, 965.5830 ns/op
WorkloadPilot    7: 1035648 op, 1002466675.00 ns, 967.9608 ns/op
WorkloadPilot    8: 1033104 op, 1002272068.00 ns, 970.1560 ns/op

OverheadWarmup   1: 1033104 op, 3512593.00 ns, 3.4000 ns/op
OverheadWarmup   2: 1033104 op, 3509222.00 ns, 3.3968 ns/op
OverheadWarmup   3: 1033104 op, 3511390.00 ns, 3.3989 ns/op
OverheadWarmup   4: 1033104 op, 3506019.00 ns, 3.3937 ns/op
OverheadWarmup   5: 1033104 op, 3509237.00 ns, 3.3968 ns/op
OverheadWarmup   6: 1033104 op, 3506530.00 ns, 3.3942 ns/op

OverheadActual   1: 1033104 op, 3519729.00 ns, 3.4069 ns/op
OverheadActual   2: 1033104 op, 3516265.00 ns, 3.4036 ns/op
OverheadActual   3: 1033104 op, 3512668.00 ns, 3.4001 ns/op
OverheadActual   4: 1033104 op, 3515341.00 ns, 3.4027 ns/op
OverheadActual   5: 1033104 op, 3506254.00 ns, 3.3939 ns/op
OverheadActual   6: 1033104 op, 3508583.00 ns, 3.3962 ns/op
OverheadActual   7: 1033104 op, 3506147.00 ns, 3.3938 ns/op
OverheadActual   8: 1033104 op, 3508682.00 ns, 3.3963 ns/op
OverheadActual   9: 1033104 op, 3506274.00 ns, 3.3939 ns/op
OverheadActual  10: 1033104 op, 3509118.00 ns, 3.3967 ns/op
OverheadActual  11: 1033104 op, 3506120.00 ns, 3.3938 ns/op
OverheadActual  12: 1033104 op, 3511543.00 ns, 3.3990 ns/op
OverheadActual  13: 1033104 op, 3518500.00 ns, 3.4058 ns/op
OverheadActual  14: 1033104 op, 3512337.00 ns, 3.3998 ns/op
OverheadActual  15: 1033104 op, 3510220.00 ns, 3.3977 ns/op

WorkloadWarmup   1: 1033104 op, 998456621.00 ns, 966.4628 ns/op
WorkloadWarmup   2: 1033104 op, 996853415.00 ns, 964.9110 ns/op
WorkloadWarmup   3: 1033104 op, 994797591.00 ns, 962.9211 ns/op
WorkloadWarmup   4: 1033104 op, 993942575.00 ns, 962.0934 ns/op
WorkloadWarmup   5: 1033104 op, 993322305.00 ns, 961.4930 ns/op
WorkloadWarmup   6: 1033104 op, 993422650.00 ns, 961.5902 ns/op

// BeforeActualRun
WorkloadActual   1: 1033104 op, 996959655.00 ns, 965.0138 ns/op
WorkloadActual   2: 1033104 op, 998291652.00 ns, 966.3032 ns/op
WorkloadActual   3: 1033104 op, 999503570.00 ns, 967.4762 ns/op
WorkloadActual   4: 1033104 op, 998974452.00 ns, 966.9641 ns/op
WorkloadActual   5: 1033104 op, 998231114.00 ns, 966.2446 ns/op
WorkloadActual   6: 1033104 op, 998696017.00 ns, 966.6946 ns/op
WorkloadActual   7: 1033104 op, 999055934.00 ns, 967.0429 ns/op
WorkloadActual   8: 1033104 op, 999000511.00 ns, 966.9893 ns/op
WorkloadActual   9: 1033104 op, 999419754.00 ns, 967.3951 ns/op
WorkloadActual  10: 1033104 op, 1000064608.00 ns, 968.0193 ns/op
WorkloadActual  11: 1033104 op, 999425748.00 ns, 967.4009 ns/op
WorkloadActual  12: 1033104 op, 998815994.00 ns, 966.8107 ns/op
WorkloadActual  13: 1033104 op, 998069734.00 ns, 966.0883 ns/op
WorkloadActual  14: 1033104 op, 997655393.00 ns, 965.6873 ns/op
WorkloadActual  15: 1033104 op, 997417781.00 ns, 965.4573 ns/op

// AfterActualRun
WorkloadResult   1: 1033104 op, 993449435.00 ns, 961.6161 ns/op
WorkloadResult   2: 1033104 op, 994781432.00 ns, 962.9054 ns/op
WorkloadResult   3: 1033104 op, 995993350.00 ns, 964.0785 ns/op
WorkloadResult   4: 1033104 op, 995464232.00 ns, 963.5663 ns/op
WorkloadResult   5: 1033104 op, 994720894.00 ns, 962.8468 ns/op
WorkloadResult   6: 1033104 op, 995185797.00 ns, 963.2968 ns/op
WorkloadResult   7: 1033104 op, 995545714.00 ns, 963.6452 ns/op
WorkloadResult   8: 1033104 op, 995490291.00 ns, 963.5916 ns/op
WorkloadResult   9: 1033104 op, 995909534.00 ns, 963.9974 ns/op
WorkloadResult  10: 1033104 op, 996554388.00 ns, 964.6216 ns/op
WorkloadResult  11: 1033104 op, 995915528.00 ns, 964.0032 ns/op
WorkloadResult  12: 1033104 op, 995305774.00 ns, 963.4130 ns/op
WorkloadResult  13: 1033104 op, 994559514.00 ns, 962.6906 ns/op
WorkloadResult  14: 1033104 op, 994145173.00 ns, 962.2895 ns/op
WorkloadResult  15: 1033104 op, 993907561.00 ns, 962.0595 ns/op

// AfterAll
// Benchmark Process 4052017 has exited with code 0.

Mean = 963.241 ns, StdErr = 0.215 ns (0.02%), N = 15, StdDev = 0.832 ns
Min = 961.616 ns, Q1 = 962.769 ns, Median = 963.413 ns, Q3 = 963.821 ns, Max = 964.622 ns
IQR = 1.053 ns, LowerFence = 961.190 ns, UpperFence = 965.400 ns
ConfidenceInterval = [962.352 ns; 964.131 ns] (CI 99.9%), Margin = 0.890 ns (0.09% of Mean)
Skewness = -0.33, Kurtosis = 2.04, MValue = 2

// ** Remained 1 (3.3%) benchmark(s) to run. Estimated finish 2025-12-31 18:37 (0h 0m from now) **
// **************************
// Benchmark: JsonSerializationBenchmarks.SpanJson_Serialize_Small: Overhead-Fixed-NoEnergy-3(OutlierMode=DontRemove, IterationCount=15, IterationTime=1s, LaunchCount=1, WarmupCount=6)
// *** Execute ***
// Launch: 1 / 1
// Execute: dotnet Serialization.Bench-Overhead-Fixed-NoEnergy-3-1.dll --anonymousPipes 103 104 --benchmarkName Serialization.Bench.JsonSerializationBenchmarks.SpanJson_Serialize_Small --job Overhead-Fixed-NoEnergy-3 --benchmarkId 29 in /home/test/rapl-tests/lib-energy-bench/src/Serialization.Bench/bin/Release/net8.0/Serialization.Bench-Overhead-Fixed-NoEnergy-3-1/bin/Release/net8.0
// BeforeAnythingElse

// Benchmark Process Environment Information:
// BenchmarkDotNet v0.15.5-develop (2025-12-31)
// Runtime=.NET 8.0.21 (8.0.21, 8.0.2125.47513), X64 RyuJIT x86-64-v4
// GC=Concurrent Workstation
// HardwareIntrinsics=AVX512 IFMA+VBMI,AVX512 F+BW+CD+DQ+VL,AVX2+BMI1+BMI2+F16C+FMA+LZCNT+MOVBE,AVX,SSE3+SSSE3+SSE4.1+SSE4.2+POPCNT,X86Base+SSE+SSE2,AES+PCLMUL VectorSize=256
// Job: Overhead-Fixed-NoEnergy-3(OutlierMode=DontRemove, IterationCount=15, IterationTime=1s, LaunchCount=1, WarmupCount=6)

OverheadJitting  1: 1 op, 133158.00 ns, 133.1580 us/op
WorkloadJitting  1: 1 op, 60002043.00 ns, 60.0020 ms/op

OverheadJitting  2: 16 op, 364026.00 ns, 22.7516 us/op
WorkloadJitting  2: 16 op, 594604.00 ns, 37.1628 us/op

WorkloadPilot    1: 16 op, 252991.00 ns, 15.8119 us/op
WorkloadPilot    2: 63248 op, 248369738.00 ns, 3.9269 us/op
WorkloadPilot    3: 254656 op, 313991743.00 ns, 1.2330 us/op
WorkloadPilot    4: 811040 op, 988368094.00 ns, 1.2186 us/op
WorkloadPilot    5: 820592 op, 999429861.00 ns, 1.2179 us/op
WorkloadPilot    6: 821072 op, 999567839.00 ns, 1.2174 us/op
WorkloadPilot    7: 821440 op, 1002149794.00 ns, 1.2200 us/op
WorkloadPilot    8: 819680 op, 994602501.00 ns, 1.2134 us/op
WorkloadPilot    9: 824128 op, 1006459189.00 ns, 1.2212 us/op
WorkloadPilot   10: 818848 op, 992503737.00 ns, 1.2121 us/op
WorkloadPilot   11: 825040 op, 1010412100.00 ns, 1.2247 us/op

OverheadWarmup   1: 825040 op, 2814537.00 ns, 3.4114 ns/op
OverheadWarmup   2: 825040 op, 2816780.00 ns, 3.4141 ns/op
OverheadWarmup   3: 825040 op, 2828419.00 ns, 3.4282 ns/op
OverheadWarmup   4: 825040 op, 2810364.00 ns, 3.4063 ns/op
OverheadWarmup   5: 825040 op, 2815356.00 ns, 3.4124 ns/op
OverheadWarmup   6: 825040 op, 2815103.00 ns, 3.4121 ns/op

OverheadActual   1: 825040 op, 2813163.00 ns, 3.4097 ns/op
OverheadActual   2: 825040 op, 2818763.00 ns, 3.4165 ns/op
OverheadActual   3: 825040 op, 2812535.00 ns, 3.4090 ns/op
OverheadActual   4: 825040 op, 2823868.00 ns, 3.4227 ns/op
OverheadActual   5: 825040 op, 2825256.00 ns, 3.4244 ns/op
OverheadActual   6: 825040 op, 2817212.00 ns, 3.4146 ns/op
OverheadActual   7: 825040 op, 2817476.00 ns, 3.4150 ns/op
OverheadActual   8: 825040 op, 2816856.00 ns, 3.4142 ns/op
OverheadActual   9: 825040 op, 2814058.00 ns, 3.4108 ns/op
OverheadActual  10: 825040 op, 2820352.00 ns, 3.4184 ns/op
OverheadActual  11: 825040 op, 2816352.00 ns, 3.4136 ns/op
OverheadActual  12: 825040 op, 2815134.00 ns, 3.4121 ns/op
OverheadActual  13: 825040 op, 2819281.00 ns, 3.4171 ns/op
OverheadActual  14: 825040 op, 2815928.00 ns, 3.4131 ns/op
OverheadActual  15: 825040 op, 2813706.00 ns, 3.4104 ns/op

WorkloadWarmup   1: 825040 op, 1001802327.00 ns, 1.2142 us/op
WorkloadWarmup   2: 825040 op, 1000969708.00 ns, 1.2132 us/op
WorkloadWarmup   3: 825040 op, 1000020442.00 ns, 1.2121 us/op
WorkloadWarmup   4: 825040 op, 1000421218.00 ns, 1.2126 us/op
WorkloadWarmup   5: 825040 op, 1002235534.00 ns, 1.2148 us/op
WorkloadWarmup   6: 825040 op, 1000489660.00 ns, 1.2127 us/op

// BeforeActualRun
WorkloadActual   1: 825040 op, 1006445769.00 ns, 1.2199 us/op
WorkloadActual   2: 825040 op, 1004001892.00 ns, 1.2169 us/op
WorkloadActual   3: 825040 op, 1002739072.00 ns, 1.2154 us/op
WorkloadActual   4: 825040 op, 1002953310.00 ns, 1.2156 us/op
WorkloadActual   5: 825040 op, 1003620516.00 ns, 1.2165 us/op
WorkloadActual   6: 825040 op, 1005089014.00 ns, 1.2182 us/op
WorkloadActual   7: 825040 op, 1004906368.00 ns, 1.2180 us/op
WorkloadActual   8: 825040 op, 1006393408.00 ns, 1.2198 us/op
WorkloadActual   9: 825040 op, 1007938396.00 ns, 1.2217 us/op
WorkloadActual  10: 825040 op, 1002144589.00 ns, 1.2147 us/op
WorkloadActual  11: 825040 op, 1005415368.00 ns, 1.2186 us/op
WorkloadActual  12: 825040 op, 1002744367.00 ns, 1.2154 us/op
WorkloadActual  13: 825040 op, 1006930110.00 ns, 1.2205 us/op
WorkloadActual  14: 825040 op, 1003423332.00 ns, 1.2162 us/op
WorkloadActual  15: 825040 op, 1003744583.00 ns, 1.2166 us/op

// AfterActualRun
WorkloadResult   1: 825040 op, 1003628913.00 ns, 1.2165 us/op
WorkloadResult   2: 825040 op, 1001185036.00 ns, 1.2135 us/op
WorkloadResult   3: 825040 op, 999922216.00 ns, 1.2120 us/op
WorkloadResult   4: 825040 op, 1000136454.00 ns, 1.2122 us/op
WorkloadResult   5: 825040 op, 1000803660.00 ns, 1.2130 us/op
WorkloadResult   6: 825040 op, 1002272158.00 ns, 1.2148 us/op
WorkloadResult   7: 825040 op, 1002089512.00 ns, 1.2146 us/op
WorkloadResult   8: 825040 op, 1003576552.00 ns, 1.2164 us/op
WorkloadResult   9: 825040 op, 1005121540.00 ns, 1.2183 us/op
WorkloadResult  10: 825040 op, 999327733.00 ns, 1.2112 us/op
WorkloadResult  11: 825040 op, 1002598512.00 ns, 1.2152 us/op
WorkloadResult  12: 825040 op, 999927511.00 ns, 1.2120 us/op
WorkloadResult  13: 825040 op, 1004113254.00 ns, 1.2170 us/op
WorkloadResult  14: 825040 op, 1000606476.00 ns, 1.2128 us/op
WorkloadResult  15: 825040 op, 1000927727.00 ns, 1.2132 us/op

// AfterAll
// Benchmark Process 4052031 has exited with code 0.

Mean = 1.214 μs, StdErr = 0.001 μs (0.05%), N = 15, StdDev = 0.002 μs
Min = 1.211 μs, Q1 = 1.213 μs, Median = 1.213 μs, Q3 = 1.216 μs, Max = 1.218 μs
IQR = 0.003 μs, LowerFence = 1.208 μs, UpperFence = 1.221 μs
ConfidenceInterval = [1.212 μs; 1.216 μs] (CI 99.9%), Margin = 0.002 μs (0.19% of Mean)
Skewness = 0.39, Kurtosis = 1.75, MValue = 2

// ** Remained 0 (0.0%) benchmark(s) to run. Estimated finish 2025-12-31 18:37 (0h 0m from now) **
// ***** BenchmarkRunner: Finish  *****

// * Export *
  Helpers/../BenchmarkArtifacts/results/Serialization.Bench.JsonSerializationBenchmarks-report.csv
  Helpers/../BenchmarkArtifacts/results/Serialization.Bench.JsonSerializationBenchmarks-report-github.md
  Helpers/../BenchmarkArtifacts/results/Serialization.Bench.JsonSerializationBenchmarks-report.html
  Helpers/../BenchmarkArtifacts/results/Serialization.Bench.JsonSerializationBenchmarks-measurements.csv

// * Detailed results *
JsonSerializationBenchmarks.SpanJson_Deserialize_Large: Overhead-Fixed-NoEnergy-3(OutlierMode=DontRemove, IterationCount=15, IterationTime=1s, LaunchCount=1, WarmupCount=6)
Runtime = .NET 8.0.21 (8.0.21, 8.0.2125.47513), X64 RyuJIT x86-64-v4; GC = Concurrent Workstation
Mean = 151.703 μs, StdErr = 0.058 μs (0.04%), N = 15, StdDev = 0.223 μs
Min = 151.507 μs, Q1 = 151.521 μs, Median = 151.604 μs, Q3 = 151.854 μs, Max = 152.203 μs
IQR = 0.334 μs, LowerFence = 151.020 μs, UpperFence = 152.355 μs
ConfidenceInterval = [151.465 μs; 151.942 μs] (CI 99.9%), Margin = 0.239 μs (0.16% of Mean)
Skewness = 0.92, Kurtosis = 2.41, MValue = 2
-------------------- Histogram --------------------
[151.388 μs ; 152.322 μs) | @@@@@@@@@@@@@@@
---------------------------------------------------

JsonSerializationBenchmarks.STJ_Deserialize_Large: Overhead-Fixed-NoEnergy-3(OutlierMode=DontRemove, IterationCount=15, IterationTime=1s, LaunchCount=1, WarmupCount=6)
Runtime = .NET 8.0.21 (8.0.21, 8.0.2125.47513), X64 RyuJIT x86-64-v4; GC = Concurrent Workstation
Mean = 200.672 μs, StdErr = 0.139 μs (0.07%), N = 15, StdDev = 0.537 μs
Min = 200.128 μs, Q1 = 200.472 μs, Median = 200.550 μs, Q3 = 200.676 μs, Max = 202.465 μs
IQR = 0.204 μs, LowerFence = 200.166 μs, UpperFence = 200.981 μs
ConfidenceInterval = [200.097 μs; 201.246 μs] (CI 99.9%), Margin = 0.575 μs (0.29% of Mean)
Skewness = 2.36, Kurtosis = 8.38, MValue = 2
-------------------- Histogram --------------------
[199.842 μs ; 202.751 μs) | @@@@@@@@@@@@@@@
---------------------------------------------------

JsonSerializationBenchmarks.Jil_Deserialize_Large: Overhead-Fixed-NoEnergy-3(OutlierMode=DontRemove, IterationCount=15, IterationTime=1s, LaunchCount=1, WarmupCount=6)
Runtime = .NET 8.0.21 (8.0.21, 8.0.2125.47513), X64 RyuJIT x86-64-v4; GC = Concurrent Workstation
Mean = 213.807 μs, StdErr = 0.075 μs (0.04%), N = 15, StdDev = 0.292 μs
Min = 213.505 μs, Q1 = 213.639 μs, Median = 213.736 μs, Q3 = 213.875 μs, Max = 214.682 μs
IQR = 0.236 μs, LowerFence = 213.285 μs, UpperFence = 214.229 μs
ConfidenceInterval = [213.495 μs; 214.119 μs] (CI 99.9%), Margin = 0.312 μs (0.15% of Mean)
Skewness = 1.73, Kurtosis = 5.67, MValue = 2
-------------------- Histogram --------------------
[213.350 μs ; 214.837 μs) | @@@@@@@@@@@@@@@
---------------------------------------------------

JsonSerializationBenchmarks.Newtonsoft_Deserialize_Large: Overhead-Fixed-NoEnergy-3(OutlierMode=DontRemove, IterationCount=15, IterationTime=1s, LaunchCount=1, WarmupCount=6)
Runtime = .NET 8.0.21 (8.0.21, 8.0.2125.47513), X64 RyuJIT x86-64-v4; GC = Concurrent Workstation
Mean = 242.992 μs, StdErr = 0.072 μs (0.03%), N = 15, StdDev = 0.277 μs
Min = 242.695 μs, Q1 = 242.789 μs, Median = 242.890 μs, Q3 = 243.160 μs, Max = 243.602 μs
IQR = 0.371 μs, LowerFence = 242.233 μs, UpperFence = 243.716 μs
ConfidenceInterval = [242.695 μs; 243.289 μs] (CI 99.9%), Margin = 0.297 μs (0.12% of Mean)
Skewness = 0.84, Kurtosis = 2.36, MValue = 2
-------------------- Histogram --------------------
[242.547 μs ; 243.749 μs) | @@@@@@@@@@@@@@@
---------------------------------------------------

JsonSerializationBenchmarks.Utf8Json_Deserialize_Large: Overhead-Fixed-NoEnergy-3(OutlierMode=DontRemove, IterationCount=15, IterationTime=1s, LaunchCount=1, WarmupCount=6)
Runtime = .NET 8.0.21 (8.0.21, 8.0.2125.47513), X64 RyuJIT x86-64-v4; GC = Concurrent Workstation
Mean = 282.781 μs, StdErr = 0.071 μs (0.03%), N = 15, StdDev = 0.275 μs
Min = 282.522 μs, Q1 = 282.579 μs, Median = 282.679 μs, Q3 = 282.944 μs, Max = 283.440 μs
IQR = 0.365 μs, LowerFence = 282.032 μs, UpperFence = 283.491 μs
ConfidenceInterval = [282.488 μs; 283.075 μs] (CI 99.9%), Margin = 0.294 μs (0.10% of Mean)
Skewness = 0.93, Kurtosis = 2.71, MValue = 2
-------------------- Histogram --------------------
[282.376 μs ; 283.586 μs) | @@@@@@@@@@@@@@@
---------------------------------------------------

JsonSerializationBenchmarks.SpanJson_Deserialize_Medium: Overhead-Fixed-NoEnergy-3(OutlierMode=DontRemove, IterationCount=15, IterationTime=1s, LaunchCount=1, WarmupCount=6)
Runtime = .NET 8.0.21 (8.0.21, 8.0.2125.47513), X64 RyuJIT x86-64-v4; GC = Concurrent Workstation
Mean = 39.298 μs, StdErr = 0.027 μs (0.07%), N = 15, StdDev = 0.103 μs
Min = 39.150 μs, Q1 = 39.238 μs, Median = 39.272 μs, Q3 = 39.316 μs, Max = 39.535 μs
IQR = 0.078 μs, LowerFence = 39.121 μs, UpperFence = 39.433 μs
ConfidenceInterval = [39.188 μs; 39.408 μs] (CI 99.9%), Margin = 0.110 μs (0.28% of Mean)
Skewness = 1.01, Kurtosis = 3.2, MValue = 2
-------------------- Histogram --------------------
[39.095 μs ; 39.590 μs) | @@@@@@@@@@@@@@@
---------------------------------------------------

JsonSerializationBenchmarks.STJ_Deserialize_Medium: Overhead-Fixed-NoEnergy-3(OutlierMode=DontRemove, IterationCount=15, IterationTime=1s, LaunchCount=1, WarmupCount=6)
Runtime = .NET 8.0.21 (8.0.21, 8.0.2125.47513), X64 RyuJIT x86-64-v4; GC = Concurrent Workstation
Mean = 53.458 μs, StdErr = 0.005 μs (0.01%), N = 15, StdDev = 0.017 μs
Min = 53.432 μs, Q1 = 53.446 μs, Median = 53.462 μs, Q3 = 53.469 μs, Max = 53.491 μs
IQR = 0.023 μs, LowerFence = 53.411 μs, UpperFence = 53.503 μs
ConfidenceInterval = [53.439 μs; 53.476 μs] (CI 99.9%), Margin = 0.019 μs (0.03% of Mean)
Skewness = -0.05, Kurtosis = 1.93, MValue = 2
-------------------- Histogram --------------------
[53.423 μs ; 53.500 μs) | @@@@@@@@@@@@@@@
---------------------------------------------------

JsonSerializationBenchmarks.Jil_Deserialize_Medium: Overhead-Fixed-NoEnergy-3(OutlierMode=DontRemove, IterationCount=15, IterationTime=1s, LaunchCount=1, WarmupCount=6)
Runtime = .NET 8.0.21 (8.0.21, 8.0.2125.47513), X64 RyuJIT x86-64-v4; GC = Concurrent Workstation
Mean = 55.262 μs, StdErr = 0.018 μs (0.03%), N = 15, StdDev = 0.069 μs
Min = 55.164 μs, Q1 = 55.217 μs, Median = 55.268 μs, Q3 = 55.293 μs, Max = 55.418 μs
IQR = 0.076 μs, LowerFence = 55.103 μs, UpperFence = 55.407 μs
ConfidenceInterval = [55.188 μs; 55.336 μs] (CI 99.9%), Margin = 0.074 μs (0.13% of Mean)
Skewness = 0.52, Kurtosis = 2.52, MValue = 2
-------------------- Histogram --------------------
[55.128 μs ; 55.454 μs) | @@@@@@@@@@@@@@@
---------------------------------------------------

JsonSerializationBenchmarks.Utf8Json_Deserialize_Medium: Overhead-Fixed-NoEnergy-3(OutlierMode=DontRemove, IterationCount=15, IterationTime=1s, LaunchCount=1, WarmupCount=6)
Runtime = .NET 8.0.21 (8.0.21, 8.0.2125.47513), X64 RyuJIT x86-64-v4; GC = Concurrent Workstation
Mean = 62.881 μs, StdErr = 0.018 μs (0.03%), N = 15, StdDev = 0.070 μs
Min = 62.783 μs, Q1 = 62.834 μs, Median = 62.867 μs, Q3 = 62.915 μs, Max = 63.041 μs
IQR = 0.081 μs, LowerFence = 62.712 μs, UpperFence = 63.036 μs
ConfidenceInterval = [62.806 μs; 62.956 μs] (CI 99.9%), Margin = 0.075 μs (0.12% of Mean)
Skewness = 0.78, Kurtosis = 2.73, MValue = 2
-------------------- Histogram --------------------
[62.746 μs ; 63.079 μs) | @@@@@@@@@@@@@@@
---------------------------------------------------

JsonSerializationBenchmarks.Newtonsoft_Deserialize_Medium: Overhead-Fixed-NoEnergy-3(OutlierMode=DontRemove, IterationCount=15, IterationTime=1s, LaunchCount=1, WarmupCount=6)
Runtime = .NET 8.0.21 (8.0.21, 8.0.2125.47513), X64 RyuJIT x86-64-v4; GC = Concurrent Workstation
Mean = 66.562 μs, StdErr = 0.030 μs (0.04%), N = 15, StdDev = 0.115 μs
Min = 66.288 μs, Q1 = 66.503 μs, Median = 66.568 μs, Q3 = 66.625 μs, Max = 66.782 μs
IQR = 0.122 μs, LowerFence = 66.321 μs, UpperFence = 66.808 μs
ConfidenceInterval = [66.440 μs; 66.685 μs] (CI 99.9%), Margin = 0.122 μs (0.18% of Mean)
Skewness = -0.43, Kurtosis = 3.29, MValue = 2
-------------------- Histogram --------------------
[66.227 μs ; 66.843 μs) | @@@@@@@@@@@@@@@
---------------------------------------------------

JsonSerializationBenchmarks.SpanJson_Deserialize_Small: Overhead-Fixed-NoEnergy-3(OutlierMode=DontRemove, IterationCount=15, IterationTime=1s, LaunchCount=1, WarmupCount=6)
Runtime = .NET 8.0.21 (8.0.21, 8.0.2125.47513), X64 RyuJIT x86-64-v4; GC = Concurrent Workstation
Mean = 1.167 μs, StdErr = 0.000 μs (0.03%), N = 15, StdDev = 0.001 μs
Min = 1.164 μs, Q1 = 1.167 μs, Median = 1.168 μs, Q3 = 1.168 μs, Max = 1.169 μs
IQR = 0.001 μs, LowerFence = 1.166 μs, UpperFence = 1.169 μs
ConfidenceInterval = [1.166 μs; 1.169 μs] (CI 99.9%), Margin = 0.001 μs (0.12% of Mean)
Skewness = -1.07, Kurtosis = 4.57, MValue = 2
-------------------- Histogram --------------------
[1.163 μs ; 1.170 μs) | @@@@@@@@@@@@@@@
---------------------------------------------------

JsonSerializationBenchmarks.STJ_Deserialize_Small: Overhead-Fixed-NoEnergy-3(OutlierMode=DontRemove, IterationCount=15, IterationTime=1s, LaunchCount=1, WarmupCount=6)
Runtime = .NET 8.0.21 (8.0.21, 8.0.2125.47513), X64 RyuJIT x86-64-v4; GC = Concurrent Workstation
Mean = 1.996 μs, StdErr = 0.001 μs (0.07%), N = 15, StdDev = 0.006 μs
Min = 1.987 μs, Q1 = 1.992 μs, Median = 1.997 μs, Q3 = 1.999 μs, Max = 2.009 μs
IQR = 0.007 μs, LowerFence = 1.981 μs, UpperFence = 2.010 μs
ConfidenceInterval = [1.990 μs; 2.002 μs] (CI 99.9%), Margin = 0.006 μs (0.30% of Mean)
Skewness = 0.44, Kurtosis = 2.76, MValue = 2
-------------------- Histogram --------------------
[1.984 μs ; 2.012 μs) | @@@@@@@@@@@@@@@
---------------------------------------------------

JsonSerializationBenchmarks.Utf8Json_Deserialize_Small: Overhead-Fixed-NoEnergy-3(OutlierMode=DontRemove, IterationCount=15, IterationTime=1s, LaunchCount=1, WarmupCount=6)
Runtime = .NET 8.0.21 (8.0.21, 8.0.2125.47513), X64 RyuJIT x86-64-v4; GC = Concurrent Workstation
Mean = 2.032 μs, StdErr = 0.001 μs (0.05%), N = 15, StdDev = 0.004 μs
Min = 2.026 μs, Q1 = 2.029 μs, Median = 2.031 μs, Q3 = 2.034 μs, Max = 2.040 μs
IQR = 0.005 μs, LowerFence = 2.022 μs, UpperFence = 2.041 μs
ConfidenceInterval = [2.028 μs; 2.036 μs] (CI 99.9%), Margin = 0.004 μs (0.20% of Mean)
Skewness = 0.67, Kurtosis = 2.69, MValue = 2
-------------------- Histogram --------------------
[2.024 μs ; 2.042 μs) | @@@@@@@@@@@@@@@
---------------------------------------------------

JsonSerializationBenchmarks.Jil_Deserialize_Small: Overhead-Fixed-NoEnergy-3(OutlierMode=DontRemove, IterationCount=15, IterationTime=1s, LaunchCount=1, WarmupCount=6)
Runtime = .NET 8.0.21 (8.0.21, 8.0.2125.47513), X64 RyuJIT x86-64-v4; GC = Concurrent Workstation
Mean = 2.266 μs, StdErr = 0.001 μs (0.03%), N = 15, StdDev = 0.002 μs
Min = 2.261 μs, Q1 = 2.265 μs, Median = 2.266 μs, Q3 = 2.268 μs, Max = 2.270 μs
IQR = 0.003 μs, LowerFence = 2.260 μs, UpperFence = 2.272 μs
ConfidenceInterval = [2.264 μs; 2.269 μs] (CI 99.9%), Margin = 0.002 μs (0.11% of Mean)
Skewness = -0.55, Kurtosis = 2.92, MValue = 2
-------------------- Histogram --------------------
[2.259 μs ; 2.271 μs) | @@@@@@@@@@@@@@@
---------------------------------------------------

JsonSerializationBenchmarks.Newtonsoft_Deserialize_Small: Overhead-Fixed-NoEnergy-3(OutlierMode=DontRemove, IterationCount=15, IterationTime=1s, LaunchCount=1, WarmupCount=6)
Runtime = .NET 8.0.21 (8.0.21, 8.0.2125.47513), X64 RyuJIT x86-64-v4; GC = Concurrent Workstation
Mean = 3.465 μs, StdErr = 0.000 μs (0.01%), N = 15, StdDev = 0.002 μs
Min = 3.461 μs, Q1 = 3.463 μs, Median = 3.465 μs, Q3 = 3.466 μs, Max = 3.468 μs
IQR = 0.002 μs, LowerFence = 3.460 μs, UpperFence = 3.469 μs
ConfidenceInterval = [3.463 μs; 3.466 μs] (CI 99.9%), Margin = 0.002 μs (0.06% of Mean)
Skewness = -0.2, Kurtosis = 2.73, MValue = 2
-------------------- Histogram --------------------
[3.460 μs ; 3.469 μs) | @@@@@@@@@@@@@@@
---------------------------------------------------

JsonSerializationBenchmarks.SpanJson_Serialize_Large: Overhead-Fixed-NoEnergy-3(OutlierMode=DontRemove, IterationCount=15, IterationTime=1s, LaunchCount=1, WarmupCount=6)
Runtime = .NET 8.0.21 (8.0.21, 8.0.2125.47513), X64 RyuJIT x86-64-v4; GC = Concurrent Workstation
Mean = 158.942 μs, StdErr = 0.206 μs (0.13%), N = 15, StdDev = 0.797 μs
Min = 157.888 μs, Q1 = 158.299 μs, Median = 158.826 μs, Q3 = 159.734 μs, Max = 160.140 μs
IQR = 1.436 μs, LowerFence = 156.145 μs, UpperFence = 161.888 μs
ConfidenceInterval = [158.090 μs; 159.794 μs] (CI 99.9%), Margin = 0.852 μs (0.54% of Mean)
Skewness = 0.15, Kurtosis = 1.32, MValue = 2
-------------------- Histogram --------------------
[157.464 μs ; 160.564 μs) | @@@@@@@@@@@@@@@
---------------------------------------------------

JsonSerializationBenchmarks.STJ_Serialize_Large: Overhead-Fixed-NoEnergy-3(OutlierMode=DontRemove, IterationCount=15, IterationTime=1s, LaunchCount=1, WarmupCount=6)
Runtime = .NET 8.0.21 (8.0.21, 8.0.2125.47513), X64 RyuJIT x86-64-v4; GC = Concurrent Workstation
Mean = 186.404 μs, StdErr = 0.041 μs (0.02%), N = 15, StdDev = 0.158 μs
Min = 186.143 μs, Q1 = 186.256 μs, Median = 186.434 μs, Q3 = 186.512 μs, Max = 186.690 μs
IQR = 0.256 μs, LowerFence = 185.872 μs, UpperFence = 186.895 μs
ConfidenceInterval = [186.235 μs; 186.573 μs] (CI 99.9%), Margin = 0.169 μs (0.09% of Mean)
Skewness = 0.05, Kurtosis = 1.77, MValue = 2
-------------------- Histogram --------------------
[186.059 μs ; 186.774 μs) | @@@@@@@@@@@@@@@
---------------------------------------------------

JsonSerializationBenchmarks.Jil_Serialize_Large: Overhead-Fixed-NoEnergy-3(OutlierMode=DontRemove, IterationCount=15, IterationTime=1s, LaunchCount=1, WarmupCount=6)
Runtime = .NET 8.0.21 (8.0.21, 8.0.2125.47513), X64 RyuJIT x86-64-v4; GC = Concurrent Workstation
Mean = 283.323 μs, StdErr = 0.096 μs (0.03%), N = 15, StdDev = 0.373 μs
Min = 283.000 μs, Q1 = 283.091 μs, Median = 283.212 μs, Q3 = 283.364 μs, Max = 284.425 μs
IQR = 0.273 μs, LowerFence = 282.681 μs, UpperFence = 283.774 μs
ConfidenceInterval = [282.924 μs; 283.723 μs] (CI 99.9%), Margin = 0.399 μs (0.14% of Mean)
Skewness = 1.71, Kurtosis = 5.3, MValue = 2
-------------------- Histogram --------------------
[282.802 μs ; 284.624 μs) | @@@@@@@@@@@@@@@
---------------------------------------------------

JsonSerializationBenchmarks.Utf8Json_Serialize_Large: Overhead-Fixed-NoEnergy-3(OutlierMode=DontRemove, IterationCount=15, IterationTime=1s, LaunchCount=1, WarmupCount=6)
Runtime = .NET 8.0.21 (8.0.21, 8.0.2125.47513), X64 RyuJIT x86-64-v4; GC = Concurrent Workstation
Mean = 291.365 μs, StdErr = 0.258 μs (0.09%), N = 15, StdDev = 1.000 μs
Min = 290.053 μs, Q1 = 290.688 μs, Median = 291.273 μs, Q3 = 291.723 μs, Max = 294.043 μs
IQR = 1.034 μs, LowerFence = 289.137 μs, UpperFence = 293.274 μs
ConfidenceInterval = [290.295 μs; 292.434 μs] (CI 99.9%), Margin = 1.069 μs (0.37% of Mean)
Skewness = 1.01, Kurtosis = 3.91, MValue = 2
-------------------- Histogram --------------------
[289.521 μs ; 294.575 μs) | @@@@@@@@@@@@@@@
---------------------------------------------------

JsonSerializationBenchmarks.Newtonsoft_Serialize_Large: Overhead-Fixed-NoEnergy-3(OutlierMode=DontRemove, IterationCount=15, IterationTime=1s, LaunchCount=1, WarmupCount=6)
Runtime = .NET 8.0.21 (8.0.21, 8.0.2125.47513), X64 RyuJIT x86-64-v4; GC = Concurrent Workstation
Mean = 302.489 μs, StdErr = 0.083 μs (0.03%), N = 15, StdDev = 0.321 μs
Min = 302.086 μs, Q1 = 302.267 μs, Median = 302.427 μs, Q3 = 302.570 μs, Max = 303.088 μs
IQR = 0.303 μs, LowerFence = 301.813 μs, UpperFence = 303.024 μs
ConfidenceInterval = [302.145 μs; 302.832 μs] (CI 99.9%), Margin = 0.343 μs (0.11% of Mean)
Skewness = 0.76, Kurtosis = 2.15, MValue = 2
-------------------- Histogram --------------------
[301.916 μs ; 303.258 μs) | @@@@@@@@@@@@@@@
---------------------------------------------------

JsonSerializationBenchmarks.Jil_Serialize_Medium: Overhead-Fixed-NoEnergy-3(OutlierMode=DontRemove, IterationCount=15, IterationTime=1s, LaunchCount=1, WarmupCount=6)
Runtime = .NET 8.0.21 (8.0.21, 8.0.2125.47513), X64 RyuJIT x86-64-v4; GC = Concurrent Workstation
Mean = 37.865 μs, StdErr = 0.013 μs (0.04%), N = 15, StdDev = 0.052 μs
Min = 37.721 μs, Q1 = 37.846 μs, Median = 37.882 μs, Q3 = 37.902 μs, Max = 37.933 μs
IQR = 0.056 μs, LowerFence = 37.762 μs, UpperFence = 37.986 μs
ConfidenceInterval = [37.810 μs; 37.921 μs] (CI 99.9%), Margin = 0.056 μs (0.15% of Mean)
Skewness = -1.24, Kurtosis = 4.27, MValue = 2
-------------------- Histogram --------------------
[37.693 μs ; 37.961 μs) | @@@@@@@@@@@@@@@
---------------------------------------------------

JsonSerializationBenchmarks.SpanJson_Serialize_Medium: Overhead-Fixed-NoEnergy-3(OutlierMode=DontRemove, IterationCount=15, IterationTime=1s, LaunchCount=1, WarmupCount=6)
Runtime = .NET 8.0.21 (8.0.21, 8.0.2125.47513), X64 RyuJIT x86-64-v4; GC = Concurrent Workstation
Mean = 38.895 μs, StdErr = 0.045 μs (0.12%), N = 15, StdDev = 0.175 μs
Min = 38.440 μs, Q1 = 38.850 μs, Median = 38.944 μs, Q3 = 39.020 μs, Max = 39.043 μs
IQR = 0.170 μs, LowerFence = 38.595 μs, UpperFence = 39.275 μs
ConfidenceInterval = [38.708 μs; 39.082 μs] (CI 99.9%), Margin = 0.187 μs (0.48% of Mean)
Skewness = -1.32, Kurtosis = 3.68, MValue = 2
-------------------- Histogram --------------------
[38.347 μs ; 39.136 μs) | @@@@@@@@@@@@@@@
---------------------------------------------------

JsonSerializationBenchmarks.STJ_Serialize_Medium: Overhead-Fixed-NoEnergy-3(OutlierMode=DontRemove, IterationCount=15, IterationTime=1s, LaunchCount=1, WarmupCount=6)
Runtime = .NET 8.0.21 (8.0.21, 8.0.2125.47513), X64 RyuJIT x86-64-v4; GC = Concurrent Workstation
Mean = 44.795 μs, StdErr = 0.026 μs (0.06%), N = 15, StdDev = 0.102 μs
Min = 44.681 μs, Q1 = 44.739 μs, Median = 44.778 μs, Q3 = 44.802 μs, Max = 45.087 μs
IQR = 0.063 μs, LowerFence = 44.644 μs, UpperFence = 44.896 μs
ConfidenceInterval = [44.685 μs; 44.904 μs] (CI 99.9%), Margin = 0.110 μs (0.24% of Mean)
Skewness = 1.57, Kurtosis = 4.94, MValue = 2
-------------------- Histogram --------------------
[44.626 μs ; 45.142 μs) | @@@@@@@@@@@@@@@
---------------------------------------------------

JsonSerializationBenchmarks.Newtonsoft_Serialize_Medium: Overhead-Fixed-NoEnergy-3(OutlierMode=DontRemove, IterationCount=15, IterationTime=1s, LaunchCount=1, WarmupCount=6)
Runtime = .NET 8.0.21 (8.0.21, 8.0.2125.47513), X64 RyuJIT x86-64-v4; GC = Concurrent Workstation
Mean = 55.068 μs, StdErr = 0.082 μs (0.15%), N = 15, StdDev = 0.316 μs
Min = 54.734 μs, Q1 = 54.875 μs, Median = 54.976 μs, Q3 = 55.087 μs, Max = 55.826 μs
IQR = 0.212 μs, LowerFence = 54.557 μs, UpperFence = 55.405 μs
ConfidenceInterval = [54.730 μs; 55.406 μs] (CI 99.9%), Margin = 0.338 μs (0.61% of Mean)
Skewness = 1.24, Kurtosis = 3.44, MValue = 2
-------------------- Histogram --------------------
[54.565 μs ; 55.994 μs) | @@@@@@@@@@@@@@@
---------------------------------------------------

JsonSerializationBenchmarks.Utf8Json_Serialize_Medium: Overhead-Fixed-NoEnergy-3(OutlierMode=DontRemove, IterationCount=15, IterationTime=1s, LaunchCount=1, WarmupCount=6)
Runtime = .NET 8.0.21 (8.0.21, 8.0.2125.47513), X64 RyuJIT x86-64-v4; GC = Concurrent Workstation
Mean = 60.876 μs, StdErr = 0.326 μs (0.54%), N = 15, StdDev = 1.264 μs
Min = 59.180 μs, Q1 = 60.010 μs, Median = 60.419 μs, Q3 = 61.878 μs, Max = 63.192 μs
IQR = 1.868 μs, LowerFence = 57.207 μs, UpperFence = 64.680 μs
ConfidenceInterval = [59.525 μs; 62.227 μs] (CI 99.9%), Margin = 1.351 μs (2.22% of Mean)
Skewness = 0.44, Kurtosis = 1.88, MValue = 2
-------------------- Histogram --------------------
[59.127 μs ; 60.473 μs) | @@@@@@@@
[60.473 μs ; 62.055 μs) | @@@@@
[62.055 μs ; 63.865 μs) | @@
---------------------------------------------------

JsonSerializationBenchmarks.Utf8Json_Serialize_Small: Overhead-Fixed-NoEnergy-3(OutlierMode=DontRemove, IterationCount=15, IterationTime=1s, LaunchCount=1, WarmupCount=6)
Runtime = .NET 8.0.21 (8.0.21, 8.0.2125.47513), X64 RyuJIT x86-64-v4; GC = Concurrent Workstation
Mean = 963.241 ns, StdErr = 0.215 ns (0.02%), N = 15, StdDev = 0.832 ns
Min = 961.616 ns, Q1 = 962.769 ns, Median = 963.413 ns, Q3 = 963.821 ns, Max = 964.622 ns
IQR = 1.053 ns, LowerFence = 961.190 ns, UpperFence = 965.400 ns
ConfidenceInterval = [962.352 ns; 964.131 ns] (CI 99.9%), Margin = 0.890 ns (0.09% of Mean)
Skewness = -0.33, Kurtosis = 2.04, MValue = 2
-------------------- Histogram --------------------
[961.173 ns ; 965.065 ns) | @@@@@@@@@@@@@@@
---------------------------------------------------

JsonSerializationBenchmarks.SpanJson_Serialize_Small: Overhead-Fixed-NoEnergy-3(OutlierMode=DontRemove, IterationCount=15, IterationTime=1s, LaunchCount=1, WarmupCount=6)
Runtime = .NET 8.0.21 (8.0.21, 8.0.2125.47513), X64 RyuJIT x86-64-v4; GC = Concurrent Workstation
Mean = 1.214 μs, StdErr = 0.001 μs (0.05%), N = 15, StdDev = 0.002 μs
Min = 1.211 μs, Q1 = 1.213 μs, Median = 1.213 μs, Q3 = 1.216 μs, Max = 1.218 μs
IQR = 0.003 μs, LowerFence = 1.208 μs, UpperFence = 1.221 μs
ConfidenceInterval = [1.212 μs; 1.216 μs] (CI 99.9%), Margin = 0.002 μs (0.19% of Mean)
Skewness = 0.39, Kurtosis = 1.75, MValue = 2
-------------------- Histogram --------------------
[1.210 μs ; 1.219 μs) | @@@@@@@@@@@@@@@
---------------------------------------------------

JsonSerializationBenchmarks.STJ_Serialize_Small: Overhead-Fixed-NoEnergy-3(OutlierMode=DontRemove, IterationCount=15, IterationTime=1s, LaunchCount=1, WarmupCount=6)
Runtime = .NET 8.0.21 (8.0.21, 8.0.2125.47513), X64 RyuJIT x86-64-v4; GC = Concurrent Workstation
Mean = 1.298 μs, StdErr = 0.001 μs (0.04%), N = 15, StdDev = 0.002 μs
Min = 1.295 μs, Q1 = 1.296 μs, Median = 1.297 μs, Q3 = 1.299 μs, Max = 1.302 μs
IQR = 0.003 μs, LowerFence = 1.291 μs, UpperFence = 1.303 μs
ConfidenceInterval = [1.295 μs; 1.300 μs] (CI 99.9%), Margin = 0.002 μs (0.19% of Mean)
Skewness = 0.53, Kurtosis = 2.15, MValue = 2
-------------------- Histogram --------------------
[1.294 μs ; 1.304 μs) | @@@@@@@@@@@@@@@
---------------------------------------------------

JsonSerializationBenchmarks.Jil_Serialize_Small: Overhead-Fixed-NoEnergy-3(OutlierMode=DontRemove, IterationCount=15, IterationTime=1s, LaunchCount=1, WarmupCount=6)
Runtime = .NET 8.0.21 (8.0.21, 8.0.2125.47513), X64 RyuJIT x86-64-v4; GC = Concurrent Workstation
Mean = 1.706 μs, StdErr = 0.001 μs (0.05%), N = 15, StdDev = 0.003 μs
Min = 1.698 μs, Q1 = 1.705 μs, Median = 1.706 μs, Q3 = 1.708 μs, Max = 1.712 μs
IQR = 0.003 μs, LowerFence = 1.701 μs, UpperFence = 1.712 μs
ConfidenceInterval = [1.703 μs; 1.710 μs] (CI 99.9%), Margin = 0.003 μs (0.20% of Mean)
Skewness = -0.62, Kurtosis = 3.94, MValue = 2
-------------------- Histogram --------------------
[1.696 μs ; 1.714 μs) | @@@@@@@@@@@@@@@
---------------------------------------------------

JsonSerializationBenchmarks.Newtonsoft_Serialize_Small: Overhead-Fixed-NoEnergy-3(OutlierMode=DontRemove, IterationCount=15, IterationTime=1s, LaunchCount=1, WarmupCount=6)
Runtime = .NET 8.0.21 (8.0.21, 8.0.2125.47513), X64 RyuJIT x86-64-v4; GC = Concurrent Workstation
Mean = 2.191 μs, StdErr = 0.001 μs (0.06%), N = 15, StdDev = 0.005 μs
Min = 2.186 μs, Q1 = 2.188 μs, Median = 2.190 μs, Q3 = 2.191 μs, Max = 2.206 μs
IQR = 0.003 μs, LowerFence = 2.184 μs, UpperFence = 2.195 μs
ConfidenceInterval = [2.185 μs; 2.196 μs] (CI 99.9%), Margin = 0.005 μs (0.25% of Mean)
Skewness = 1.94, Kurtosis = 6.34, MValue = 2
-------------------- Histogram --------------------
[2.183 μs ; 2.209 μs) | @@@@@@@@@@@@@@@
---------------------------------------------------

// * Summary *

BenchmarkDotNet v0.15.5-develop (2025-12-31), Linux Ubuntu 24.04.3 LTS (Noble Numbat)
11th Gen Intel Core i7-11700KF 3.60GHz (Max: 0.80GHz), 1 CPU, 16 logical and 8 physical cores
.NET SDK 8.0.121
  [Host]                    : .NET 8.0.21 (8.0.21, 8.0.2125.47513), X64 RyuJIT x86-64-v4
  Overhead-Fixed-NoEnergy-3 : .NET 8.0.21 (8.0.21, 8.0.2125.47513), X64 RyuJIT x86-64-v4

Job=Overhead-Fixed-NoEnergy-3  OutlierMode=DontRemove  IterationCount=15  
IterationTime=1s  LaunchCount=1  WarmupCount=6  

| Method                        | Mean         | Error       | StdDev      | Operations | Iterations | Ratio | MannWhitney(3%) | RatioSD | Rank |
|------------------------------ |-------------:|------------:|------------:|-----------:|-----------:|------:|---------------- |--------:|-----:|
| SpanJson_Deserialize_Large    | 151,703.4 ns |   238.87 ns |   223.44 ns |      6,597 |      15.00 |  0.76 | Faster          |    0.00 |    1 |
| STJ_Deserialize_Large         | 200,671.6 ns |   574.50 ns |   537.39 ns |      4,992 |      15.00 |  1.00 | Baseline        |    0.00 |    2 |
| Jil_Deserialize_Large         | 213,806.9 ns |   311.96 ns |   291.81 ns |      4,681 |      15.00 |  1.07 | Slower          |    0.00 |    3 |
| Newtonsoft_Deserialize_Large  | 242,991.9 ns |   296.61 ns |   277.45 ns |      4,128 |      15.00 |  1.21 | Slower          |    0.00 |    4 |
| Utf8Json_Deserialize_Large    | 282,781.5 ns |   293.72 ns |   274.74 ns |      3,520 |      15.00 |  1.41 | Slower          |    0.00 |    5 |
|                               |              |             |             |            |            |       |                 |         |      |
| SpanJson_Deserialize_Medium   |  39,297.9 ns |   109.84 ns |   102.74 ns |     25,545 |      15.00 |  0.74 | Faster          |    0.00 |    1 |
| STJ_Deserialize_Medium        |  53,457.8 ns |    18.64 ns |    17.44 ns |     18,736 |      15.00 |  1.00 | Baseline        |    0.00 |    2 |
| Jil_Deserialize_Medium        |  55,261.8 ns |    73.76 ns |    68.99 ns |     18,111 |      15.00 |  1.03 | Slower          |    0.00 |    3 |
| Utf8Json_Deserialize_Medium   |  62,881.3 ns |    75.06 ns |    70.21 ns |     15,920 |      15.00 |  1.18 | Slower          |    0.00 |    4 |
| Newtonsoft_Deserialize_Medium |  66,562.2 ns |   122.48 ns |   114.57 ns |     15,088 |      15.00 |  1.25 | Slower          |    0.00 |    5 |
|                               |              |             |             |            |            |       |                 |         |      |
| SpanJson_Deserialize_Small    |   1,167.3 ns |     1.37 ns |     1.29 ns |    853,872 |      15.00 |  0.58 | Faster          |    0.00 |    1 |
| STJ_Deserialize_Small         |   1,995.7 ns |     5.95 ns |     5.57 ns |    503,296 |      15.00 |  1.00 | Baseline        |    0.00 |    2 |
| Utf8Json_Deserialize_Small    |   2,031.8 ns |     3.96 ns |     3.71 ns |    490,992 |      15.00 |  1.02 | Same            |    0.00 |    2 |
| Jil_Deserialize_Small         |   2,266.1 ns |     2.46 ns |     2.30 ns |    441,803 |      15.00 |  1.14 | Slower          |    0.00 |    3 |
| Newtonsoft_Deserialize_Small  |   3,464.5 ns |     1.92 ns |     1.79 ns |    288,880 |      15.00 |  1.74 | Slower          |    0.00 |    4 |
|                               |              |             |             |            |            |       |                 |         |      |
| SpanJson_Serialize_Large      | 158,942.1 ns |   851.97 ns |   796.94 ns |      6,312 |      15.00 |  0.85 | Faster          |    0.00 |    1 |
| STJ_Serialize_Large           | 186,403.9 ns |   168.82 ns |   157.91 ns |      5,280 |      15.00 |  1.00 | Baseline        |    0.00 |    2 |
| Jil_Serialize_Large           | 283,323.3 ns |   399.19 ns |   373.40 ns |      3,527 |      15.00 |  1.52 | Slower          |    0.00 |    3 |
| Utf8Json_Serialize_Large      | 291,364.5 ns | 1,069.36 ns | 1,000.28 ns |      3,440 |      15.00 |  1.56 | Slower          |    0.01 |    4 |
| Newtonsoft_Serialize_Large    | 302,488.6 ns |   343.18 ns |   321.01 ns |      3,312 |      15.00 |  1.62 | Slower          |    0.00 |    5 |
|                               |              |             |             |            |            |       |                 |         |      |
| Jil_Serialize_Medium          |  37,865.5 ns |    55.88 ns |    52.27 ns |     26,505 |      15.00 |  0.85 | Faster          |    0.00 |    1 |
| SpanJson_Serialize_Medium     |  38,895.1 ns |   186.83 ns |   174.76 ns |     25,778 |      15.00 |  0.87 | Faster          |    0.00 |    1 |
| STJ_Serialize_Medium          |  44,794.8 ns |   109.56 ns |   102.48 ns |     22,256 |      15.00 |  1.00 | Baseline        |    0.00 |    2 |
| Newtonsoft_Serialize_Medium   |  55,067.9 ns |   338.16 ns |   316.31 ns |     18,192 |      15.00 |  1.23 | Slower          |    0.01 |    3 |
| Utf8Json_Serialize_Medium     |  60,876.1 ns | 1,351.39 ns | 1,264.09 ns |     16,624 |      15.00 |  1.36 | Slower          |    0.03 |    4 |
|                               |              |             |             |            |            |       |                 |         |      |
| Utf8Json_Serialize_Small      |     963.2 ns |     0.89 ns |     0.83 ns |  1,033,104 |      15.00 |  0.74 | Faster          |    0.00 |    1 |
| SpanJson_Serialize_Small      |   1,214.2 ns |     2.28 ns |     2.13 ns |    825,040 |      15.00 |  0.94 | Faster          |    0.00 |    2 |
| STJ_Serialize_Small           |   1,297.6 ns |     2.41 ns |     2.26 ns |    764,784 |      15.00 |  1.00 | Baseline        |    0.00 |    3 |
| Jil_Serialize_Small           |   1,706.2 ns |     3.49 ns |     3.26 ns |    585,794 |      15.00 |  1.31 | Slower          |    0.00 |    4 |
| Newtonsoft_Serialize_Small    |   2,190.9 ns |     5.38 ns |     5.03 ns |    456,032 |      15.00 |  1.69 | Slower          |    0.00 |    5 |

// * Hints *
Outliers
  JsonSerializationBenchmarks.STJ_Deserialize_Large: Overhead-Fixed-NoEnergy-3         -> 2 outliers were detected (200.13 μs, 202.47 μs)
  JsonSerializationBenchmarks.Jil_Deserialize_Large: Overhead-Fixed-NoEnergy-3         -> 1 outlier  was  detected (214.68 μs)
  JsonSerializationBenchmarks.SpanJson_Deserialize_Medium: Overhead-Fixed-NoEnergy-3   -> 2 outliers were detected (39.50 μs, 39.53 μs)
  JsonSerializationBenchmarks.Jil_Deserialize_Medium: Overhead-Fixed-NoEnergy-3        -> 1 outlier  was  detected (55.42 μs)
  JsonSerializationBenchmarks.Utf8Json_Deserialize_Medium: Overhead-Fixed-NoEnergy-3   -> 1 outlier  was  detected (63.05 μs)
  JsonSerializationBenchmarks.Newtonsoft_Deserialize_Medium: Overhead-Fixed-NoEnergy-3 -> 1 outlier  was  detected (66.29 μs)
  JsonSerializationBenchmarks.SpanJson_Deserialize_Small: Overhead-Fixed-NoEnergy-3    -> 2 outliers were detected (1.17 μs, 1.17 μs)
  JsonSerializationBenchmarks.Jil_Serialize_Large: Overhead-Fixed-NoEnergy-3           -> 1 outlier  was  detected (284.42 μs)
  JsonSerializationBenchmarks.Utf8Json_Serialize_Large: Overhead-Fixed-NoEnergy-3      -> 1 outlier  was  detected (294.05 μs)
  JsonSerializationBenchmarks.Newtonsoft_Serialize_Large: Overhead-Fixed-NoEnergy-3    -> 2 outliers were detected (303.04 μs, 303.09 μs)
  JsonSerializationBenchmarks.Jil_Serialize_Medium: Overhead-Fixed-NoEnergy-3          -> 1 outlier  was  detected (37.72 μs)
  JsonSerializationBenchmarks.SpanJson_Serialize_Medium: Overhead-Fixed-NoEnergy-3     -> 1 outlier  was  detected (38.44 μs)
  JsonSerializationBenchmarks.STJ_Serialize_Medium: Overhead-Fixed-NoEnergy-3          -> 2 outliers were detected (44.95 μs, 45.09 μs)
  JsonSerializationBenchmarks.Newtonsoft_Serialize_Medium: Overhead-Fixed-NoEnergy-3   -> 2 outliers were detected (55.70 μs, 55.83 μs)
  JsonSerializationBenchmarks.Jil_Serialize_Small: Overhead-Fixed-NoEnergy-3           -> 2 outliers were detected (1.70 μs, 1.71 μs)
  JsonSerializationBenchmarks.Newtonsoft_Serialize_Small: Overhead-Fixed-NoEnergy-3    -> 2 outliers were detected (2.20 μs, 2.21 μs)

// * Legends *
  Mean            : Arithmetic mean of all measurements
  Error           : Half of 99.9% confidence interval
  StdDev          : Standard deviation of all measurements
  Operations      : Actual invocations per measured iteration (from measurements)
  Iterations      : Number of target iterations
  Ratio           : Mean of the ratio distribution ([Current]/[Baseline])
  MannWhitney(3%) : MannWhitney-based equivalence test (threshold=3%, alpha = 1E-05)
  RatioSD         : Standard deviation of the ratio distribution ([Current]/[Baseline])
  Rank            : Relative position of current benchmark mean among all benchmarks (Arabic style)
  1 ns            : 1 Nanosecond (0.000000001 sec)

// ***** BenchmarkRunner: End *****
Run time: 00:13:40 (820.17 sec), executed benchmarks: 30

Global total time: 00:13:53 (833.09 sec), executed benchmarks: 30
// * Artifacts cleanup *
Artifacts cleanup is finished
