// Validating benchmarks:
// ***** BenchmarkRunner: Start   *****
// ***** Found 30 benchmark(s) in total *****
// ***** Building 1 exe(s) in Parallel: Start   *****
// start dotnet  restore --nodeReuse:false /p:UseSharedCompilation=false /p:Deterministic=true /p:Optimize=true /p:ArtifactsPath="/home/test/rapl-tests/lib-energy-bench/src/Serialization.Bench/bin/Release/net8.0/Serialization.Bench-Overhead-Fixed-Energy-8-1/" /p:OutDir="/home/test/rapl-tests/lib-energy-bench/src/Serialization.Bench/bin/Release/net8.0/Serialization.Bench-Overhead-Fixed-Energy-8-1/bin/Release/net8.0/" /p:OutputPath="/home/test/rapl-tests/lib-energy-bench/src/Serialization.Bench/bin/Release/net8.0/Serialization.Bench-Overhead-Fixed-Energy-8-1/bin/Release/net8.0/" /p:PublishDir="/home/test/rapl-tests/lib-energy-bench/src/Serialization.Bench/bin/Release/net8.0/Serialization.Bench-Overhead-Fixed-Energy-8-1/publish/" in /home/test/rapl-tests/lib-energy-bench/src/Serialization.Bench/bin/Release/net8.0/Serialization.Bench-Overhead-Fixed-Energy-8-1
// command took 1.03 sec and exited with 0
// start dotnet  build -c Release --no-restore --nodeReuse:false /p:UseSharedCompilation=false /p:Deterministic=true /p:Optimize=true /p:ArtifactsPath="/home/test/rapl-tests/lib-energy-bench/src/Serialization.Bench/bin/Release/net8.0/Serialization.Bench-Overhead-Fixed-Energy-8-1/" /p:OutDir="/home/test/rapl-tests/lib-energy-bench/src/Serialization.Bench/bin/Release/net8.0/Serialization.Bench-Overhead-Fixed-Energy-8-1/bin/Release/net8.0/" /p:OutputPath="/home/test/rapl-tests/lib-energy-bench/src/Serialization.Bench/bin/Release/net8.0/Serialization.Bench-Overhead-Fixed-Energy-8-1/bin/Release/net8.0/" /p:PublishDir="/home/test/rapl-tests/lib-energy-bench/src/Serialization.Bench/bin/Release/net8.0/Serialization.Bench-Overhead-Fixed-Energy-8-1/publish/" --output "/home/test/rapl-tests/lib-energy-bench/src/Serialization.Bench/bin/Release/net8.0/Serialization.Bench-Overhead-Fixed-Energy-8-1/bin/Release/net8.0/" in /home/test/rapl-tests/lib-energy-bench/src/Serialization.Bench/bin/Release/net8.0/Serialization.Bench-Overhead-Fixed-Energy-8-1
// command took 9.26 sec and exited with 0
// ***** Done, took 00:00:10 (10.35 sec)   *****
// Found 30 benchmarks:
//   JsonSerializationBenchmarks.STJ_Deserialize_Large: Overhead-Fixed-Energy-8(OutlierMode=DontRemove, IterationCount=15, IterationTime=1s, LaunchCount=1, WarmupCount=6)
//   JsonSerializationBenchmarks.Newtonsoft_Deserialize_Large: Overhead-Fixed-Energy-8(OutlierMode=DontRemove, IterationCount=15, IterationTime=1s, LaunchCount=1, WarmupCount=6)
//   JsonSerializationBenchmarks.Jil_Deserialize_Large: Overhead-Fixed-Energy-8(OutlierMode=DontRemove, IterationCount=15, IterationTime=1s, LaunchCount=1, WarmupCount=6)
//   JsonSerializationBenchmarks.Utf8Json_Deserialize_Large: Overhead-Fixed-Energy-8(OutlierMode=DontRemove, IterationCount=15, IterationTime=1s, LaunchCount=1, WarmupCount=6)
//   JsonSerializationBenchmarks.SpanJson_Deserialize_Large: Overhead-Fixed-Energy-8(OutlierMode=DontRemove, IterationCount=15, IterationTime=1s, LaunchCount=1, WarmupCount=6)
//   JsonSerializationBenchmarks.STJ_Deserialize_Medium: Overhead-Fixed-Energy-8(OutlierMode=DontRemove, IterationCount=15, IterationTime=1s, LaunchCount=1, WarmupCount=6)
//   JsonSerializationBenchmarks.Newtonsoft_Deserialize_Medium: Overhead-Fixed-Energy-8(OutlierMode=DontRemove, IterationCount=15, IterationTime=1s, LaunchCount=1, WarmupCount=6)
//   JsonSerializationBenchmarks.Jil_Deserialize_Medium: Overhead-Fixed-Energy-8(OutlierMode=DontRemove, IterationCount=15, IterationTime=1s, LaunchCount=1, WarmupCount=6)
//   JsonSerializationBenchmarks.Utf8Json_Deserialize_Medium: Overhead-Fixed-Energy-8(OutlierMode=DontRemove, IterationCount=15, IterationTime=1s, LaunchCount=1, WarmupCount=6)
//   JsonSerializationBenchmarks.SpanJson_Deserialize_Medium: Overhead-Fixed-Energy-8(OutlierMode=DontRemove, IterationCount=15, IterationTime=1s, LaunchCount=1, WarmupCount=6)
//   JsonSerializationBenchmarks.STJ_Deserialize_Small: Overhead-Fixed-Energy-8(OutlierMode=DontRemove, IterationCount=15, IterationTime=1s, LaunchCount=1, WarmupCount=6)
//   JsonSerializationBenchmarks.Newtonsoft_Deserialize_Small: Overhead-Fixed-Energy-8(OutlierMode=DontRemove, IterationCount=15, IterationTime=1s, LaunchCount=1, WarmupCount=6)
//   JsonSerializationBenchmarks.Jil_Deserialize_Small: Overhead-Fixed-Energy-8(OutlierMode=DontRemove, IterationCount=15, IterationTime=1s, LaunchCount=1, WarmupCount=6)
//   JsonSerializationBenchmarks.Utf8Json_Deserialize_Small: Overhead-Fixed-Energy-8(OutlierMode=DontRemove, IterationCount=15, IterationTime=1s, LaunchCount=1, WarmupCount=6)
//   JsonSerializationBenchmarks.SpanJson_Deserialize_Small: Overhead-Fixed-Energy-8(OutlierMode=DontRemove, IterationCount=15, IterationTime=1s, LaunchCount=1, WarmupCount=6)
//   JsonSerializationBenchmarks.STJ_Serialize_Large: Overhead-Fixed-Energy-8(OutlierMode=DontRemove, IterationCount=15, IterationTime=1s, LaunchCount=1, WarmupCount=6)
//   JsonSerializationBenchmarks.Newtonsoft_Serialize_Large: Overhead-Fixed-Energy-8(OutlierMode=DontRemove, IterationCount=15, IterationTime=1s, LaunchCount=1, WarmupCount=6)
//   JsonSerializationBenchmarks.Jil_Serialize_Large: Overhead-Fixed-Energy-8(OutlierMode=DontRemove, IterationCount=15, IterationTime=1s, LaunchCount=1, WarmupCount=6)
//   JsonSerializationBenchmarks.Utf8Json_Serialize_Large: Overhead-Fixed-Energy-8(OutlierMode=DontRemove, IterationCount=15, IterationTime=1s, LaunchCount=1, WarmupCount=6)
//   JsonSerializationBenchmarks.SpanJson_Serialize_Large: Overhead-Fixed-Energy-8(OutlierMode=DontRemove, IterationCount=15, IterationTime=1s, LaunchCount=1, WarmupCount=6)
//   JsonSerializationBenchmarks.STJ_Serialize_Medium: Overhead-Fixed-Energy-8(OutlierMode=DontRemove, IterationCount=15, IterationTime=1s, LaunchCount=1, WarmupCount=6)
//   JsonSerializationBenchmarks.Newtonsoft_Serialize_Medium: Overhead-Fixed-Energy-8(OutlierMode=DontRemove, IterationCount=15, IterationTime=1s, LaunchCount=1, WarmupCount=6)
//   JsonSerializationBenchmarks.Jil_Serialize_Medium: Overhead-Fixed-Energy-8(OutlierMode=DontRemove, IterationCount=15, IterationTime=1s, LaunchCount=1, WarmupCount=6)
//   JsonSerializationBenchmarks.Utf8Json_Serialize_Medium: Overhead-Fixed-Energy-8(OutlierMode=DontRemove, IterationCount=15, IterationTime=1s, LaunchCount=1, WarmupCount=6)
//   JsonSerializationBenchmarks.SpanJson_Serialize_Medium: Overhead-Fixed-Energy-8(OutlierMode=DontRemove, IterationCount=15, IterationTime=1s, LaunchCount=1, WarmupCount=6)
//   JsonSerializationBenchmarks.STJ_Serialize_Small: Overhead-Fixed-Energy-8(OutlierMode=DontRemove, IterationCount=15, IterationTime=1s, LaunchCount=1, WarmupCount=6)
//   JsonSerializationBenchmarks.Newtonsoft_Serialize_Small: Overhead-Fixed-Energy-8(OutlierMode=DontRemove, IterationCount=15, IterationTime=1s, LaunchCount=1, WarmupCount=6)
//   JsonSerializationBenchmarks.Jil_Serialize_Small: Overhead-Fixed-Energy-8(OutlierMode=DontRemove, IterationCount=15, IterationTime=1s, LaunchCount=1, WarmupCount=6)
//   JsonSerializationBenchmarks.Utf8Json_Serialize_Small: Overhead-Fixed-Energy-8(OutlierMode=DontRemove, IterationCount=15, IterationTime=1s, LaunchCount=1, WarmupCount=6)
//   JsonSerializationBenchmarks.SpanJson_Serialize_Small: Overhead-Fixed-Energy-8(OutlierMode=DontRemove, IterationCount=15, IterationTime=1s, LaunchCount=1, WarmupCount=6)

// **************************
// Benchmark: JsonSerializationBenchmarks.STJ_Deserialize_Large: Overhead-Fixed-Energy-8(OutlierMode=DontRemove, IterationCount=15, IterationTime=1s, LaunchCount=1, WarmupCount=6)
// *** Execute ***
// Launch: 1 / 1
// Execute: dotnet Serialization.Bench-Overhead-Fixed-Energy-8-1.dll --anonymousPipes 101 102 --benchmarkName Serialization.Bench.JsonSerializationBenchmarks.STJ_Deserialize_Large --job Overhead-Fixed-Energy-8 --benchmarkId 0 in /home/test/rapl-tests/lib-energy-bench/src/Serialization.Bench/bin/Release/net8.0/Serialization.Bench-Overhead-Fixed-Energy-8-1/bin/Release/net8.0
// BeforeAnythingElse

// Benchmark Process Environment Information:
// BenchmarkDotNet v0.15.5-develop (2025-12-31)
// Runtime=.NET 8.0.21 (8.0.21, 8.0.2125.47513), X64 RyuJIT x86-64-v4
// GC=Concurrent Workstation
// HardwareIntrinsics=AVX512 IFMA+VBMI,AVX512 F+BW+CD+DQ+VL,AVX2+BMI1+BMI2+F16C+FMA+LZCNT+MOVBE,AVX,SSE3+SSSE3+SSE4.1+SSE4.2+POPCNT,X86Base+SSE+SSE2,AES+PCLMUL VectorSize=256
// Job: Overhead-Fixed-Energy-8(OutlierMode=DontRemove, IterationCount=15, IterationTime=1s, LaunchCount=1, WarmupCount=6)

OverheadJitting  1: 1 op, 142367.00 ns, 142.3670 us/op, 0.00 uJpkg, 0.00 uJdram
WorkloadJitting  1: 1 op, 570807.00 ns, 570.8070 us/op, 77149.00 uJpkg, 0.00 uJdram

OverheadJitting  2: 16 op, 415071.00 ns, 25.9419 us/op, 87036.00 uJpkg, 0.00 uJdram
WorkloadJitting  2: 16 op, 7159886.00 ns, 447.4929 us/op, 681029.00 uJpkg, 0.00 uJdram

WorkloadPilot    1: 16 op, 6581565.00 ns, 411.3478 us/op, 591551.00 uJpkg, 0.00 uJdram
WorkloadPilot    2: 2432 op, 709300750.00 ns, 291.6533 us/op, 61439967.00 uJpkg, 0.00 uJdram
WorkloadPilot    3: 3440 op, 689652976.00 ns, 200.4805 us/op, 56947425.00 uJpkg, 0.00 uJdram
WorkloadPilot    4: 4992 op, 1002068866.00 ns, 200.7349 us/op, 82118503.00 uJpkg, 0.00 uJdram

OverheadWarmup   1: 4992 op, 19802.00 ns, 3.9667 ns/op, 0.00 uJpkg, 0.00 uJdram
OverheadWarmup   2: 4992 op, 17601.00 ns, 3.5258 ns/op, 0.00 uJpkg, 0.00 uJdram
OverheadWarmup   3: 4992 op, 17595.00 ns, 3.5246 ns/op, 0.00 uJpkg, 0.00 uJdram
OverheadWarmup   4: 4992 op, 18342.00 ns, 3.6743 ns/op, 0.00 uJpkg, 0.00 uJdram
OverheadWarmup   5: 4992 op, 17607.00 ns, 3.5270 ns/op, 0.00 uJpkg, 0.00 uJdram
OverheadWarmup   6: 4992 op, 18340.00 ns, 3.6739 ns/op, 0.00 uJpkg, 0.00 uJdram
OverheadWarmup   7: 4992 op, 18336.00 ns, 3.6731 ns/op, 0.00 uJpkg, 0.00 uJdram

OverheadActual   1: 4992 op, 18353.00 ns, 3.6765 ns/op, 0.00 uJpkg, 0.00 uJdram
OverheadActual   2: 4992 op, 17606.00 ns, 3.5268 ns/op, 0.00 uJpkg, 0.00 uJdram
OverheadActual   3: 4992 op, 17590.00 ns, 3.5236 ns/op, 0.00 uJpkg, 0.00 uJdram
OverheadActual   4: 4992 op, 17594.00 ns, 3.5244 ns/op, 0.00 uJpkg, 0.00 uJdram
OverheadActual   5: 4992 op, 17597.00 ns, 3.5250 ns/op, 0.00 uJpkg, 0.00 uJdram
OverheadActual   6: 4992 op, 18348.00 ns, 3.6755 ns/op, 0.00 uJpkg, 0.00 uJdram
OverheadActual   7: 4992 op, 18010.00 ns, 3.6078 ns/op, 0.00 uJpkg, 0.00 uJdram
OverheadActual   8: 4992 op, 17603.00 ns, 3.5262 ns/op, 0.00 uJpkg, 0.00 uJdram
OverheadActual   9: 4992 op, 17585.00 ns, 3.5226 ns/op, 0.00 uJpkg, 0.00 uJdram
OverheadActual  10: 4992 op, 17597.00 ns, 3.5250 ns/op, 0.00 uJpkg, 0.00 uJdram
OverheadActual  11: 4992 op, 18335.00 ns, 3.6729 ns/op, 0.00 uJpkg, 0.00 uJdram
OverheadActual  12: 4992 op, 17591.00 ns, 3.5238 ns/op, 0.00 uJpkg, 0.00 uJdram
OverheadActual  13: 4992 op, 17598.00 ns, 3.5252 ns/op, 0.00 uJpkg, 0.00 uJdram
OverheadActual  14: 4992 op, 17587.00 ns, 3.5230 ns/op, 0.00 uJpkg, 0.00 uJdram
OverheadActual  15: 4992 op, 21605.00 ns, 4.3279 ns/op, 0.00 uJpkg, 0.00 uJdram
OverheadActual  16: 4992 op, 17599.00 ns, 3.5254 ns/op, 0.00 uJpkg, 0.00 uJdram
OverheadActual  17: 4992 op, 18351.00 ns, 3.6761 ns/op, 0.00 uJpkg, 0.00 uJdram
OverheadActual  18: 4992 op, 17617.00 ns, 3.5290 ns/op, 0.00 uJpkg, 0.00 uJdram

WorkloadWarmup   1: 4992 op, 1002590263.00 ns, 200.8394 us/op, 84958095.00 uJpkg, 0.00 uJdram
WorkloadWarmup   2: 4992 op, 1002833718.00 ns, 200.8882 us/op, 82005467.00 uJpkg, 0.00 uJdram
WorkloadWarmup   3: 4992 op, 1001350622.00 ns, 200.5911 us/op, 82800203.00 uJpkg, 0.00 uJdram
WorkloadWarmup   4: 4992 op, 1000109437.00 ns, 200.3424 us/op, 82491000.00 uJpkg, 0.00 uJdram
WorkloadWarmup   5: 4992 op, 1002772144.00 ns, 200.8758 us/op, 82846224.00 uJpkg, 0.00 uJdram
WorkloadWarmup   6: 4992 op, 999397165.00 ns, 200.1998 us/op, 82495638.00 uJpkg, 0.00 uJdram

// BeforeActualRun
WorkloadActual   1: 4992 op, 1003589781.00 ns, 201.0396 us/op, 84155546.00 uJpkg, 0.00 uJdram
WorkloadActual   2: 4992 op, 1002581280.00 ns, 200.8376 us/op, 82465304.00 uJpkg, 0.00 uJdram
WorkloadActual   3: 4992 op, 1001491200.00 ns, 200.6192 us/op, 83364349.00 uJpkg, 0.00 uJdram
WorkloadActual   4: 4992 op, 1003188067.00 ns, 200.9591 us/op, 81593724.00 uJpkg, 0.00 uJdram
WorkloadActual   5: 4992 op, 1001109074.00 ns, 200.5427 us/op, 82403781.00 uJpkg, 0.00 uJdram
WorkloadActual   6: 4992 op, 1002713543.00 ns, 200.8641 us/op, 81759251.00 uJpkg, 0.00 uJdram
WorkloadActual   7: 4992 op, 1001340280.00 ns, 200.5890 us/op, 82065037.00 uJpkg, 0.00 uJdram
WorkloadActual   8: 4992 op, 1001058849.00 ns, 200.5326 us/op, 82125583.00 uJpkg, 0.00 uJdram
WorkloadActual   9: 4992 op, 1001599102.00 ns, 200.6408 us/op, 82658541.00 uJpkg, 0.00 uJdram
WorkloadActual  10: 4992 op, 1002724997.00 ns, 200.8664 us/op, 83569122.00 uJpkg, 0.00 uJdram
WorkloadActual  11: 4992 op, 1008286851.00 ns, 201.9805 us/op, 84753568.00 uJpkg, 0.00 uJdram
WorkloadActual  12: 4992 op, 1004565157.00 ns, 201.2350 us/op, 84088774.00 uJpkg, 0.00 uJdram
WorkloadActual  13: 4992 op, 1000438841.00 ns, 200.4084 us/op, 82511141.00 uJpkg, 0.00 uJdram
WorkloadActual  14: 4992 op, 1001129899.00 ns, 200.5469 us/op, 82492586.00 uJpkg, 0.00 uJdram
WorkloadActual  15: 4992 op, 1001786032.00 ns, 200.6783 us/op, 83040864.00 uJpkg, 0.00 uJdram

// AfterActualRun
WorkloadResult   1: 4992 op, 1003572180.00 ns, 201.0361 us/op, 84155546.00 uJpkg, 0.00 uJdram
WorkloadResult   2: 4992 op, 1002563679.00 ns, 200.8341 us/op, 82465304.00 uJpkg, 0.00 uJdram
WorkloadResult   3: 4992 op, 1001473599.00 ns, 200.6157 us/op, 83364349.00 uJpkg, 0.00 uJdram
WorkloadResult   4: 4992 op, 1003170466.00 ns, 200.9556 us/op, 81593724.00 uJpkg, 0.00 uJdram
WorkloadResult   5: 4992 op, 1001091473.00 ns, 200.5392 us/op, 82403781.00 uJpkg, 0.00 uJdram
WorkloadResult   6: 4992 op, 1002695942.00 ns, 200.8606 us/op, 81759251.00 uJpkg, 0.00 uJdram
WorkloadResult   7: 4992 op, 1001322679.00 ns, 200.5855 us/op, 82065037.00 uJpkg, 0.00 uJdram
WorkloadResult   8: 4992 op, 1001041248.00 ns, 200.5291 us/op, 82125583.00 uJpkg, 0.00 uJdram
WorkloadResult   9: 4992 op, 1001581501.00 ns, 200.6373 us/op, 82658541.00 uJpkg, 0.00 uJdram
WorkloadResult  10: 4992 op, 1002707396.00 ns, 200.8629 us/op, 83569122.00 uJpkg, 0.00 uJdram
WorkloadResult  11: 4992 op, 1008269250.00 ns, 201.9770 us/op, 84753568.00 uJpkg, 0.00 uJdram
WorkloadResult  12: 4992 op, 1004547556.00 ns, 201.2315 us/op, 84088774.00 uJpkg, 0.00 uJdram
WorkloadResult  13: 4992 op, 1000421240.00 ns, 200.4049 us/op, 82511141.00 uJpkg, 0.00 uJdram
WorkloadResult  14: 4992 op, 1001112298.00 ns, 200.5433 us/op, 82492586.00 uJpkg, 0.00 uJdram
WorkloadResult  15: 4992 op, 1001768431.00 ns, 200.6748 us/op, 83040864.00 uJpkg, 0.00 uJdram

// AfterAll
// Benchmark Process 4065877 has exited with code 0.

Mean = 200.819 μs, StdErr = 0.101 μs (0.05%), N = 15, StdDev = 0.391 μs
Min = 200.405 μs, Q1 = 200.564 μs, Median = 200.675 μs, Q3 = 200.909 μs, Max = 201.977 μs
IQR = 0.345 μs, LowerFence = 200.047 μs, UpperFence = 201.427 μs
ConfidenceInterval = [200.401 μs; 201.237 μs] (CI 99.9%), Margin = 0.418 μs (0.21% of Mean)
Skewness = 1.64, Kurtosis = 5.37, MValue = 2

// ** Remained 29 (96.7%) benchmark(s) to run. Estimated finish 2025-12-31 21:42 (0h 11m from now) **
// **************************
// Benchmark: JsonSerializationBenchmarks.Newtonsoft_Deserialize_Large: Overhead-Fixed-Energy-8(OutlierMode=DontRemove, IterationCount=15, IterationTime=1s, LaunchCount=1, WarmupCount=6)
// *** Execute ***
// Launch: 1 / 1
// Execute: dotnet Serialization.Bench-Overhead-Fixed-Energy-8-1.dll --anonymousPipes 103 104 --benchmarkName Serialization.Bench.JsonSerializationBenchmarks.Newtonsoft_Deserialize_Large --job Overhead-Fixed-Energy-8 --benchmarkId 1 in /home/test/rapl-tests/lib-energy-bench/src/Serialization.Bench/bin/Release/net8.0/Serialization.Bench-Overhead-Fixed-Energy-8-1/bin/Release/net8.0
// BeforeAnythingElse

// Benchmark Process Environment Information:
// BenchmarkDotNet v0.15.5-develop (2025-12-31)
// Runtime=.NET 8.0.21 (8.0.21, 8.0.2125.47513), X64 RyuJIT x86-64-v4
// GC=Concurrent Workstation
// HardwareIntrinsics=AVX512 IFMA+VBMI,AVX512 F+BW+CD+DQ+VL,AVX2+BMI1+BMI2+F16C+FMA+LZCNT+MOVBE,AVX,SSE3+SSSE3+SSE4.1+SSE4.2+POPCNT,X86Base+SSE+SSE2,AES+PCLMUL VectorSize=256
// Job: Overhead-Fixed-Energy-8(OutlierMode=DontRemove, IterationCount=15, IterationTime=1s, LaunchCount=1, WarmupCount=6)

OverheadJitting  1: 1 op, 143212.00 ns, 143.2120 us/op, 57800.00 uJpkg, 0.00 uJdram
WorkloadJitting  1: 1 op, 55513933.00 ns, 55.5139 ms/op, 4289967.00 uJpkg, 0.00 uJdram

OverheadJitting  2: 16 op, 381734.00 ns, 23.8584 us/op, 65429.00 uJpkg, 0.00 uJdram
WorkloadJitting  2: 16 op, 18546055.00 ns, 1.1591 ms/op, 1271481.00 uJpkg, 0.00 uJdram

WorkloadPilot    1: 16 op, 17679106.00 ns, 1.1049 ms/op, 1175168.00 uJpkg, 0.00 uJdram
WorkloadPilot    2: 912 op, 398947713.00 ns, 437.4427 us/op, 33130469.00 uJpkg, 0.00 uJdram
WorkloadPilot    3: 2288 op, 544489105.00 ns, 237.9760 us/op, 45585088.00 uJpkg, 0.00 uJdram
WorkloadPilot    4: 4208 op, 1002381806.00 ns, 238.2086 us/op, 83994658.00 uJpkg, 0.00 uJdram

OverheadWarmup   1: 4208 op, 15333.00 ns, 3.6438 ns/op, 0.00 uJpkg, 0.00 uJdram
OverheadWarmup   2: 4208 op, 14890.00 ns, 3.5385 ns/op, 0.00 uJpkg, 0.00 uJdram
OverheadWarmup   3: 4208 op, 14884.00 ns, 3.5371 ns/op, 0.00 uJpkg, 0.00 uJdram
OverheadWarmup   4: 4208 op, 14889.00 ns, 3.5383 ns/op, 0.00 uJpkg, 0.00 uJdram
OverheadWarmup   5: 4208 op, 14914.00 ns, 3.5442 ns/op, 0.00 uJpkg, 0.00 uJdram
OverheadWarmup   6: 4208 op, 14889.00 ns, 3.5383 ns/op, 0.00 uJpkg, 0.00 uJdram
OverheadWarmup   7: 4208 op, 14883.00 ns, 3.5368 ns/op, 0.00 uJpkg, 0.00 uJdram
OverheadWarmup   8: 4208 op, 14884.00 ns, 3.5371 ns/op, 0.00 uJpkg, 0.00 uJdram
OverheadWarmup   9: 4208 op, 14861.00 ns, 3.5316 ns/op, 0.00 uJpkg, 0.00 uJdram

OverheadActual   1: 4208 op, 14876.00 ns, 3.5352 ns/op, 0.00 uJpkg, 0.00 uJdram
OverheadActual   2: 4208 op, 14883.00 ns, 3.5368 ns/op, 0.00 uJpkg, 0.00 uJdram
OverheadActual   3: 4208 op, 14883.00 ns, 3.5368 ns/op, 0.00 uJpkg, 0.00 uJdram
OverheadActual   4: 4208 op, 14894.00 ns, 3.5394 ns/op, 0.00 uJpkg, 0.00 uJdram
OverheadActual   5: 4208 op, 14888.00 ns, 3.5380 ns/op, 89843.00 uJpkg, 0.00 uJdram
OverheadActual   6: 4208 op, 14886.00 ns, 3.5375 ns/op, 0.00 uJpkg, 0.00 uJdram
OverheadActual   7: 4208 op, 15448.00 ns, 3.6711 ns/op, 0.00 uJpkg, 0.00 uJdram
OverheadActual   8: 4208 op, 18495.00 ns, 4.3952 ns/op, 0.00 uJpkg, 0.00 uJdram
OverheadActual   9: 4208 op, 14847.00 ns, 3.5283 ns/op, 0.00 uJpkg, 0.00 uJdram
OverheadActual  10: 4208 op, 14881.00 ns, 3.5364 ns/op, 0.00 uJpkg, 0.00 uJdram
OverheadActual  11: 4208 op, 14869.00 ns, 3.5335 ns/op, 0.00 uJpkg, 0.00 uJdram
OverheadActual  12: 4208 op, 14876.00 ns, 3.5352 ns/op, 0.00 uJpkg, 0.00 uJdram
OverheadActual  13: 4208 op, 14878.00 ns, 3.5356 ns/op, 0.00 uJpkg, 0.00 uJdram
OverheadActual  14: 4208 op, 14874.00 ns, 3.5347 ns/op, 86731.00 uJpkg, 0.00 uJdram
OverheadActual  15: 4208 op, 14872.00 ns, 3.5342 ns/op, 0.00 uJpkg, 0.00 uJdram
OverheadActual  16: 4208 op, 14880.00 ns, 3.5361 ns/op, 0.00 uJpkg, 0.00 uJdram
OverheadActual  17: 4208 op, 14880.00 ns, 3.5361 ns/op, 0.00 uJpkg, 0.00 uJdram
OverheadActual  18: 4208 op, 16803.00 ns, 3.9931 ns/op, 0.00 uJpkg, 0.00 uJdram
OverheadActual  19: 4208 op, 14884.00 ns, 3.5371 ns/op, 0.00 uJpkg, 0.00 uJdram
OverheadActual  20: 4208 op, 14877.00 ns, 3.5354 ns/op, 0.00 uJpkg, 0.00 uJdram

WorkloadWarmup   1: 4208 op, 1002768137.00 ns, 238.3004 us/op, 86625206.00 uJpkg, 0.00 uJdram
WorkloadWarmup   2: 4208 op, 1004436136.00 ns, 238.6968 us/op, 84237822.00 uJpkg, 0.00 uJdram
WorkloadWarmup   3: 4208 op, 1000828875.00 ns, 237.8396 us/op, 83944426.00 uJpkg, 0.00 uJdram
WorkloadWarmup   4: 4208 op, 1000401004.00 ns, 237.7379 us/op, 83875884.00 uJpkg, 0.00 uJdram
WorkloadWarmup   5: 4208 op, 1001149485.00 ns, 237.9158 us/op, 83950225.00 uJpkg, 0.00 uJdram
WorkloadWarmup   6: 4208 op, 999781230.00 ns, 237.5906 us/op, 83133210.00 uJpkg, 0.00 uJdram

// BeforeActualRun
WorkloadActual   1: 4208 op, 1004217939.00 ns, 238.6449 us/op, 83581207.00 uJpkg, 0.00 uJdram
WorkloadActual   2: 4208 op, 1001758098.00 ns, 238.0604 us/op, 83815337.00 uJpkg, 0.00 uJdram
WorkloadActual   3: 4208 op, 1002420007.00 ns, 238.2177 us/op, 84314543.00 uJpkg, 0.00 uJdram
WorkloadActual   4: 4208 op, 1001538341.00 ns, 238.0082 us/op, 84359037.00 uJpkg, 0.00 uJdram
WorkloadActual   5: 4208 op, 1003825119.00 ns, 238.5516 us/op, 84284575.00 uJpkg, 0.00 uJdram
WorkloadActual   6: 4208 op, 1001745004.00 ns, 238.0573 us/op, 83972136.00 uJpkg, 0.00 uJdram
WorkloadActual   7: 4208 op, 1001346253.00 ns, 237.9625 us/op, 83857573.00 uJpkg, 0.00 uJdram
WorkloadActual   8: 4208 op, 1001783207.00 ns, 238.0664 us/op, 83814483.00 uJpkg, 0.00 uJdram
WorkloadActual   9: 4208 op, 1001774842.00 ns, 238.0644 us/op, 83856780.00 uJpkg, 0.00 uJdram
WorkloadActual  10: 4208 op, 1002766183.00 ns, 238.2999 us/op, 85163234.00 uJpkg, 0.00 uJdram
WorkloadActual  11: 4208 op, 1001712587.00 ns, 238.0496 us/op, 84253324.00 uJpkg, 0.00 uJdram
WorkloadActual  12: 4208 op, 1000920888.00 ns, 237.8614 us/op, 84188139.00 uJpkg, 0.00 uJdram
WorkloadActual  13: 4208 op, 1001844315.00 ns, 238.0809 us/op, 84140409.00 uJpkg, 0.00 uJdram
WorkloadActual  14: 4208 op, 1001241883.00 ns, 237.9377 us/op, 84136076.00 uJpkg, 0.00 uJdram
WorkloadActual  15: 4208 op, 1001318063.00 ns, 237.9558 us/op, 84378080.00 uJpkg, 0.00 uJdram

// AfterActualRun
WorkloadResult   1: 4208 op, 1004203058.50 ns, 238.6414 us/op, 83581207.00 uJpkg, 0.00 uJdram
WorkloadResult   2: 4208 op, 1001743217.50 ns, 238.0568 us/op, 83815337.00 uJpkg, 0.00 uJdram
WorkloadResult   3: 4208 op, 1002405126.50 ns, 238.2141 us/op, 84314543.00 uJpkg, 0.00 uJdram
WorkloadResult   4: 4208 op, 1001523460.50 ns, 238.0046 us/op, 84359037.00 uJpkg, 0.00 uJdram
WorkloadResult   5: 4208 op, 1003810238.50 ns, 238.5481 us/op, 84284575.00 uJpkg, 0.00 uJdram
WorkloadResult   6: 4208 op, 1001730123.50 ns, 238.0537 us/op, 83972136.00 uJpkg, 0.00 uJdram
WorkloadResult   7: 4208 op, 1001331372.50 ns, 237.9590 us/op, 83857573.00 uJpkg, 0.00 uJdram
WorkloadResult   8: 4208 op, 1001768326.50 ns, 238.0628 us/op, 83814483.00 uJpkg, 0.00 uJdram
WorkloadResult   9: 4208 op, 1001759961.50 ns, 238.0608 us/op, 83856780.00 uJpkg, 0.00 uJdram
WorkloadResult  10: 4208 op, 1002751302.50 ns, 238.2964 us/op, 85163234.00 uJpkg, 0.00 uJdram
WorkloadResult  11: 4208 op, 1001697706.50 ns, 238.0460 us/op, 84253324.00 uJpkg, 0.00 uJdram
WorkloadResult  12: 4208 op, 1000906007.50 ns, 237.8579 us/op, 84188139.00 uJpkg, 0.00 uJdram
WorkloadResult  13: 4208 op, 1001829434.50 ns, 238.0773 us/op, 84140409.00 uJpkg, 0.00 uJdram
WorkloadResult  14: 4208 op, 1001227002.50 ns, 237.9342 us/op, 84136076.00 uJpkg, 0.00 uJdram
WorkloadResult  15: 4208 op, 1001303182.50 ns, 237.9523 us/op, 84378080.00 uJpkg, 0.00 uJdram

// AfterAll
// Benchmark Process 4065911 has exited with code 0.

Mean = 238.118 μs, StdErr = 0.057 μs (0.02%), N = 15, StdDev = 0.222 μs
Min = 237.858 μs, Q1 = 237.982 μs, Median = 238.057 μs, Q3 = 238.146 μs, Max = 238.641 μs
IQR = 0.164 μs, LowerFence = 237.736 μs, UpperFence = 238.392 μs
ConfidenceInterval = [237.881 μs; 238.355 μs] (CI 99.9%), Margin = 0.237 μs (0.10% of Mean)
Skewness = 1.19, Kurtosis = 3.26, MValue = 2

// ** Remained 28 (93.3%) benchmark(s) to run. Estimated finish 2025-12-31 21:42 (0h 11m from now) **
// **************************
// Benchmark: JsonSerializationBenchmarks.Jil_Deserialize_Large: Overhead-Fixed-Energy-8(OutlierMode=DontRemove, IterationCount=15, IterationTime=1s, LaunchCount=1, WarmupCount=6)
// *** Execute ***
// Launch: 1 / 1
// Execute: dotnet Serialization.Bench-Overhead-Fixed-Energy-8-1.dll --anonymousPipes 103 104 --benchmarkName Serialization.Bench.JsonSerializationBenchmarks.Jil_Deserialize_Large --job Overhead-Fixed-Energy-8 --benchmarkId 2 in /home/test/rapl-tests/lib-energy-bench/src/Serialization.Bench/bin/Release/net8.0/Serialization.Bench-Overhead-Fixed-Energy-8-1/bin/Release/net8.0
// BeforeAnythingElse

// Benchmark Process Environment Information:
// BenchmarkDotNet v0.15.5-develop (2025-12-31)
// Runtime=.NET 8.0.21 (8.0.21, 8.0.2125.47513), X64 RyuJIT x86-64-v4
// GC=Concurrent Workstation
// HardwareIntrinsics=AVX512 IFMA+VBMI,AVX512 F+BW+CD+DQ+VL,AVX2+BMI1+BMI2+F16C+FMA+LZCNT+MOVBE,AVX,SSE3+SSSE3+SSE4.1+SSE4.2+POPCNT,X86Base+SSE+SSE2,AES+PCLMUL VectorSize=256
// Job: Overhead-Fixed-Energy-8(OutlierMode=DontRemove, IterationCount=15, IterationTime=1s, LaunchCount=1, WarmupCount=6)

OverheadJitting  1: 1 op, 151279.00 ns, 151.2790 us/op, 0.00 uJpkg, 0.00 uJdram
WorkloadJitting  1: 1 op, 244755701.00 ns, 244.7557 ms/op, 16403888.00 uJpkg, 0.00 uJdram

WorkloadPilot    1: 4 op, 2894139.00 ns, 723.5348 us/op, 206054.00 uJpkg, 0.00 uJdram
WorkloadPilot    2: 1382 op, 419391799.00 ns, 303.4673 us/op, 31992716.00 uJpkg, 0.00 uJdram
WorkloadPilot    3: 3295 op, 697075203.00 ns, 211.5554 us/op, 57421728.00 uJpkg, 0.00 uJdram
WorkloadPilot    4: 4727 op, 1001946158.00 ns, 211.9624 us/op, 82815462.00 uJpkg, 0.00 uJdram
WorkloadPilot    5: 4718 op, 997870967.00 ns, 211.5030 us/op, 81899326.00 uJpkg, 0.00 uJdram
WorkloadPilot    6: 4728 op, 1002585710.00 ns, 212.0528 us/op, 82416842.00 uJpkg, 0.00 uJdram
WorkloadPilot    7: 4716 op, 1003442862.00 ns, 212.7741 us/op, 82417514.00 uJpkg, 0.00 uJdram

WorkloadWarmup   1: 4716 op, 998554454.00 ns, 211.7376 us/op, 82002598.00 uJpkg, 0.00 uJdram
WorkloadWarmup   2: 4716 op, 1003626071.00 ns, 212.8130 us/op, 82959565.00 uJpkg, 0.00 uJdram
WorkloadWarmup   3: 4716 op, 1003565036.00 ns, 212.8001 us/op, 83504669.00 uJpkg, 0.00 uJdram
WorkloadWarmup   4: 4716 op, 1004032476.00 ns, 212.8992 us/op, 82959688.00 uJpkg, 0.00 uJdram
WorkloadWarmup   5: 4716 op, 1000450777.00 ns, 212.1397 us/op, 82764559.00 uJpkg, 0.00 uJdram
WorkloadWarmup   6: 4716 op, 1001773149.00 ns, 212.4201 us/op, 82478976.00 uJpkg, 0.00 uJdram

// BeforeActualRun
WorkloadActual   1: 4716 op, 998869693.00 ns, 211.8044 us/op, 82031956.00 uJpkg, 0.00 uJdram
WorkloadActual   2: 4716 op, 1006071869.00 ns, 213.3316 us/op, 83221711.00 uJpkg, 0.00 uJdram
WorkloadActual   3: 4716 op, 998885333.00 ns, 211.8077 us/op, 81898472.00 uJpkg, 0.00 uJdram
WorkloadActual   4: 4716 op, 999435478.00 ns, 211.9244 us/op, 83549896.00 uJpkg, 0.00 uJdram
WorkloadActual   5: 4716 op, 999720176.00 ns, 211.9848 us/op, 83194001.00 uJpkg, 0.00 uJdram
WorkloadActual   6: 4716 op, 999331187.00 ns, 211.9023 us/op, 82401706.00 uJpkg, 0.00 uJdram
WorkloadActual   7: 4716 op, 999608988.00 ns, 211.9612 us/op, 82724153.00 uJpkg, 0.00 uJdram
WorkloadActual   8: 4716 op, 996528142.00 ns, 211.3079 us/op, 82513400.00 uJpkg, 0.00 uJdram
WorkloadActual   9: 4716 op, 998860561.00 ns, 211.8025 us/op, 83394867.00 uJpkg, 0.00 uJdram
WorkloadActual  10: 4716 op, 997979242.00 ns, 211.6156 us/op, 83009797.00 uJpkg, 0.00 uJdram
WorkloadActual  11: 4716 op, 999479963.00 ns, 211.9338 us/op, 83279023.00 uJpkg, 0.00 uJdram
WorkloadActual  12: 4716 op, 996271044.00 ns, 211.2534 us/op, 82759188.00 uJpkg, 0.00 uJdram
WorkloadActual  13: 4716 op, 999081409.00 ns, 211.8493 us/op, 82972139.00 uJpkg, 0.00 uJdram
WorkloadActual  14: 4716 op, 997269722.00 ns, 211.4652 us/op, 82444125.00 uJpkg, 0.00 uJdram
WorkloadActual  15: 4716 op, 997163956.00 ns, 211.4427 us/op, 82000950.00 uJpkg, 0.00 uJdram

// AfterActualRun
WorkloadResult   1: 4716 op, 998869693.00 ns, 211.8044 us/op, 82031956.00 uJpkg, 0.00 uJdram
WorkloadResult   2: 4716 op, 1006071869.00 ns, 213.3316 us/op, 83221711.00 uJpkg, 0.00 uJdram
WorkloadResult   3: 4716 op, 998885333.00 ns, 211.8077 us/op, 81898472.00 uJpkg, 0.00 uJdram
WorkloadResult   4: 4716 op, 999435478.00 ns, 211.9244 us/op, 83549896.00 uJpkg, 0.00 uJdram
WorkloadResult   5: 4716 op, 999720176.00 ns, 211.9848 us/op, 83194001.00 uJpkg, 0.00 uJdram
WorkloadResult   6: 4716 op, 999331187.00 ns, 211.9023 us/op, 82401706.00 uJpkg, 0.00 uJdram
WorkloadResult   7: 4716 op, 999608988.00 ns, 211.9612 us/op, 82724153.00 uJpkg, 0.00 uJdram
WorkloadResult   8: 4716 op, 996528142.00 ns, 211.3079 us/op, 82513400.00 uJpkg, 0.00 uJdram
WorkloadResult   9: 4716 op, 998860561.00 ns, 211.8025 us/op, 83394867.00 uJpkg, 0.00 uJdram
WorkloadResult  10: 4716 op, 997979242.00 ns, 211.6156 us/op, 83009797.00 uJpkg, 0.00 uJdram
WorkloadResult  11: 4716 op, 999479963.00 ns, 211.9338 us/op, 83279023.00 uJpkg, 0.00 uJdram
WorkloadResult  12: 4716 op, 996271044.00 ns, 211.2534 us/op, 82759188.00 uJpkg, 0.00 uJdram
WorkloadResult  13: 4716 op, 999081409.00 ns, 211.8493 us/op, 82972139.00 uJpkg, 0.00 uJdram
WorkloadResult  14: 4716 op, 997269722.00 ns, 211.4652 us/op, 82444125.00 uJpkg, 0.00 uJdram
WorkloadResult  15: 4716 op, 997163956.00 ns, 211.4427 us/op, 82000950.00 uJpkg, 0.00 uJdram

// AfterAll
// Benchmark Process 4065925 has exited with code 0.

Mean = 211.826 μs, StdErr = 0.125 μs (0.06%), N = 15, StdDev = 0.482 μs
Min = 211.253 μs, Q1 = 211.540 μs, Median = 211.808 μs, Q3 = 211.929 μs, Max = 213.332 μs
IQR = 0.389 μs, LowerFence = 210.957 μs, UpperFence = 212.512 μs
ConfidenceInterval = [211.310 μs; 212.341 μs] (CI 99.9%), Margin = 0.516 μs (0.24% of Mean)
Skewness = 1.77, Kurtosis = 6.61, MValue = 2

// ** Remained 27 (90.0%) benchmark(s) to run. Estimated finish 2025-12-31 21:43 (0h 11m from now) **
// **************************
// Benchmark: JsonSerializationBenchmarks.Utf8Json_Deserialize_Large: Overhead-Fixed-Energy-8(OutlierMode=DontRemove, IterationCount=15, IterationTime=1s, LaunchCount=1, WarmupCount=6)
// *** Execute ***
// Launch: 1 / 1
// Execute: dotnet Serialization.Bench-Overhead-Fixed-Energy-8-1.dll --anonymousPipes 103 104 --benchmarkName Serialization.Bench.JsonSerializationBenchmarks.Utf8Json_Deserialize_Large --job Overhead-Fixed-Energy-8 --benchmarkId 3 in /home/test/rapl-tests/lib-energy-bench/src/Serialization.Bench/bin/Release/net8.0/Serialization.Bench-Overhead-Fixed-Energy-8-1/bin/Release/net8.0
// BeforeAnythingElse

// Benchmark Process Environment Information:
// BenchmarkDotNet v0.15.5-develop (2025-12-31)
// Runtime=.NET 8.0.21 (8.0.21, 8.0.2125.47513), X64 RyuJIT x86-64-v4
// GC=Concurrent Workstation
// HardwareIntrinsics=AVX512 IFMA+VBMI,AVX512 F+BW+CD+DQ+VL,AVX2+BMI1+BMI2+F16C+FMA+LZCNT+MOVBE,AVX,SSE3+SSSE3+SSE4.1+SSE4.2+POPCNT,X86Base+SSE+SSE2,AES+PCLMUL VectorSize=256
// Job: Overhead-Fixed-Energy-8(OutlierMode=DontRemove, IterationCount=15, IterationTime=1s, LaunchCount=1, WarmupCount=6)

OverheadJitting  1: 1 op, 147491.00 ns, 147.4910 us/op, 0.00 uJpkg, 0.00 uJdram
WorkloadJitting  1: 1 op, 57261990.00 ns, 57.2620 ms/op, 3496878.00 uJpkg, 0.00 uJdram

OverheadJitting  2: 16 op, 407353.00 ns, 25.4596 us/op, 71838.00 uJpkg, 0.00 uJdram
WorkloadJitting  2: 16 op, 14467614.00 ns, 904.2259 us/op, 938474.00 uJpkg, 0.00 uJdram

WorkloadPilot    1: 16 op, 13432766.00 ns, 839.5479 us/op, 900083.00 uJpkg, 0.00 uJdram
WorkloadPilot    2: 1200 op, 679563644.00 ns, 566.3030 us/op, 58686312.00 uJpkg, 0.00 uJdram
WorkloadPilot    3: 1776 op, 502916541.00 ns, 283.1737 us/op, 41158830.00 uJpkg, 0.00 uJdram
WorkloadPilot    4: 3536 op, 996219272.00 ns, 281.7362 us/op, 81800449.00 uJpkg, 0.00 uJdram
WorkloadPilot    5: 3552 op, 1001746041.00 ns, 282.0231 us/op, 81788609.00 uJpkg, 0.00 uJdram

OverheadWarmup   1: 3552 op, 12613.00 ns, 3.5510 ns/op, 0.00 uJpkg, 0.00 uJdram
OverheadWarmup   2: 3552 op, 12579.00 ns, 3.5414 ns/op, 0.00 uJpkg, 0.00 uJdram
OverheadWarmup   3: 3552 op, 12556.00 ns, 3.5349 ns/op, 0.00 uJpkg, 0.00 uJdram
OverheadWarmup   4: 3552 op, 12551.00 ns, 3.5335 ns/op, 0.00 uJpkg, 0.00 uJdram
OverheadWarmup   5: 3552 op, 12559.00 ns, 3.5358 ns/op, 0.00 uJpkg, 0.00 uJdram
OverheadWarmup   6: 3552 op, 12554.00 ns, 3.5343 ns/op, 0.00 uJpkg, 0.00 uJdram
OverheadWarmup   7: 3552 op, 15027.00 ns, 4.2306 ns/op, 0.00 uJpkg, 0.00 uJdram
OverheadWarmup   8: 3552 op, 13004.00 ns, 3.6610 ns/op, 0.00 uJpkg, 0.00 uJdram

OverheadActual   1: 3552 op, 12553.00 ns, 3.5341 ns/op, 0.00 uJpkg, 0.00 uJdram
OverheadActual   2: 3552 op, 12546.00 ns, 3.5321 ns/op, 0.00 uJpkg, 0.00 uJdram
OverheadActual   3: 3552 op, 12550.00 ns, 3.5332 ns/op, 0.00 uJpkg, 0.00 uJdram
OverheadActual   4: 3552 op, 12556.00 ns, 3.5349 ns/op, 0.00 uJpkg, 0.00 uJdram
OverheadActual   5: 3552 op, 12554.00 ns, 3.5343 ns/op, 0.00 uJpkg, 0.00 uJdram
OverheadActual   6: 3552 op, 12547.00 ns, 3.5324 ns/op, 0.00 uJpkg, 0.00 uJdram
OverheadActual   7: 3552 op, 12544.00 ns, 3.5315 ns/op, 0.00 uJpkg, 0.00 uJdram
OverheadActual   8: 3552 op, 12847.00 ns, 3.6168 ns/op, 0.00 uJpkg, 0.00 uJdram
OverheadActual   9: 3552 op, 12547.00 ns, 3.5324 ns/op, 0.00 uJpkg, 0.00 uJdram
OverheadActual  10: 3552 op, 12549.00 ns, 3.5329 ns/op, 0.00 uJpkg, 0.00 uJdram
OverheadActual  11: 3552 op, 12983.00 ns, 3.6551 ns/op, 0.00 uJpkg, 0.00 uJdram
OverheadActual  12: 3552 op, 12548.00 ns, 3.5327 ns/op, 0.00 uJpkg, 0.00 uJdram
OverheadActual  13: 3552 op, 12562.00 ns, 3.5366 ns/op, 0.00 uJpkg, 0.00 uJdram
OverheadActual  14: 3552 op, 12552.00 ns, 3.5338 ns/op, 0.00 uJpkg, 0.00 uJdram
OverheadActual  15: 3552 op, 12758.00 ns, 3.5918 ns/op, 0.00 uJpkg, 0.00 uJdram

WorkloadWarmup   1: 3552 op, 1013801104.00 ns, 285.4170 us/op, 84981411.00 uJpkg, 0.00 uJdram
WorkloadWarmup   2: 3552 op, 1013874307.00 ns, 285.4376 us/op, 83962187.00 uJpkg, 0.00 uJdram
WorkloadWarmup   3: 3552 op, 1009885489.00 ns, 284.3146 us/op, 82280307.00 uJpkg, 0.00 uJdram
WorkloadWarmup   4: 3552 op, 1011526791.00 ns, 284.7767 us/op, 82863496.00 uJpkg, 0.00 uJdram
WorkloadWarmup   5: 3552 op, 1010237144.00 ns, 284.4136 us/op, 89161393.00 uJpkg, 0.00 uJdram
WorkloadWarmup   6: 3552 op, 1010444259.00 ns, 284.4719 us/op, 82732516.00 uJpkg, 0.00 uJdram

// BeforeActualRun
WorkloadActual   1: 3552 op, 1017615391.00 ns, 286.4908 us/op, 83093965.00 uJpkg, 0.00 uJdram
WorkloadActual   2: 3552 op, 1015938215.00 ns, 286.0186 us/op, 83078096.00 uJpkg, 0.00 uJdram
WorkloadActual   3: 3552 op, 1016670385.00 ns, 286.2248 us/op, 83847503.00 uJpkg, 0.00 uJdram
WorkloadActual   4: 3552 op, 1017504640.00 ns, 286.4596 us/op, 83787688.00 uJpkg, 0.00 uJdram
WorkloadActual   5: 3552 op, 1017601889.00 ns, 286.4870 us/op, 82977876.00 uJpkg, 0.00 uJdram
WorkloadActual   6: 3552 op, 1015790656.00 ns, 285.9771 us/op, 82468295.00 uJpkg, 0.00 uJdram
WorkloadActual   7: 3552 op, 1017092077.00 ns, 286.3435 us/op, 82786409.00 uJpkg, 0.00 uJdram
WorkloadActual   8: 3552 op, 1016549691.00 ns, 286.1908 us/op, 83267670.00 uJpkg, 0.00 uJdram
WorkloadActual   9: 3552 op, 1016347869.00 ns, 286.1340 us/op, 83380157.00 uJpkg, 0.00 uJdram
WorkloadActual  10: 3552 op, 1016034814.00 ns, 286.0458 us/op, 85139004.00 uJpkg, 0.00 uJdram
WorkloadActual  11: 3552 op, 1015478664.00 ns, 285.8893 us/op, 83895049.00 uJpkg, 0.00 uJdram
WorkloadActual  12: 3552 op, 1016030023.00 ns, 286.0445 us/op, 83720733.00 uJpkg, 0.00 uJdram
WorkloadActual  13: 3552 op, 1017157901.00 ns, 286.3620 us/op, 83622894.00 uJpkg, 0.00 uJdram
WorkloadActual  14: 3552 op, 1015933606.00 ns, 286.0173 us/op, 84079680.00 uJpkg, 0.00 uJdram
WorkloadActual  15: 3552 op, 1016256042.00 ns, 286.1081 us/op, 83980742.00 uJpkg, 0.00 uJdram

// AfterActualRun
WorkloadResult   1: 3552 op, 1017602839.00 ns, 286.4873 us/op, 83093965.00 uJpkg, 0.00 uJdram
WorkloadResult   2: 3552 op, 1015925663.00 ns, 286.0151 us/op, 83078096.00 uJpkg, 0.00 uJdram
WorkloadResult   3: 3552 op, 1016657833.00 ns, 286.2212 us/op, 83847503.00 uJpkg, 0.00 uJdram
WorkloadResult   4: 3552 op, 1017492088.00 ns, 286.4561 us/op, 83787688.00 uJpkg, 0.00 uJdram
WorkloadResult   5: 3552 op, 1017589337.00 ns, 286.4835 us/op, 82977876.00 uJpkg, 0.00 uJdram
WorkloadResult   6: 3552 op, 1015778104.00 ns, 285.9736 us/op, 82468295.00 uJpkg, 0.00 uJdram
WorkloadResult   7: 3552 op, 1017079525.00 ns, 286.3400 us/op, 82786409.00 uJpkg, 0.00 uJdram
WorkloadResult   8: 3552 op, 1016537139.00 ns, 286.1873 us/op, 83267670.00 uJpkg, 0.00 uJdram
WorkloadResult   9: 3552 op, 1016335317.00 ns, 286.1304 us/op, 83380157.00 uJpkg, 0.00 uJdram
WorkloadResult  10: 3552 op, 1016022262.00 ns, 286.0423 us/op, 85139004.00 uJpkg, 0.00 uJdram
WorkloadResult  11: 3552 op, 1015466112.00 ns, 285.8857 us/op, 83895049.00 uJpkg, 0.00 uJdram
WorkloadResult  12: 3552 op, 1016017471.00 ns, 286.0410 us/op, 83720733.00 uJpkg, 0.00 uJdram
WorkloadResult  13: 3552 op, 1017145349.00 ns, 286.3585 us/op, 83622894.00 uJpkg, 0.00 uJdram
WorkloadResult  14: 3552 op, 1015921054.00 ns, 286.0138 us/op, 84079680.00 uJpkg, 0.00 uJdram
WorkloadResult  15: 3552 op, 1016243490.00 ns, 286.1046 us/op, 83980742.00 uJpkg, 0.00 uJdram

// AfterAll
// Benchmark Process 4065941 has exited with code 0.

Mean = 286.183 μs, StdErr = 0.051 μs (0.02%), N = 15, StdDev = 0.199 μs
Min = 285.886 μs, Q1 = 286.028 μs, Median = 286.130 μs, Q3 = 286.349 μs, Max = 286.487 μs
IQR = 0.321 μs, LowerFence = 285.546 μs, UpperFence = 286.831 μs
ConfidenceInterval = [285.970 μs; 286.395 μs] (CI 99.9%), Margin = 0.212 μs (0.07% of Mean)
Skewness = 0.29, Kurtosis = 1.55, MValue = 2

// ** Remained 26 (86.7%) benchmark(s) to run. Estimated finish 2025-12-31 21:43 (0h 10m from now) **
// **************************
// Benchmark: JsonSerializationBenchmarks.SpanJson_Deserialize_Large: Overhead-Fixed-Energy-8(OutlierMode=DontRemove, IterationCount=15, IterationTime=1s, LaunchCount=1, WarmupCount=6)
// *** Execute ***
// Launch: 1 / 1
// Execute: dotnet Serialization.Bench-Overhead-Fixed-Energy-8-1.dll --anonymousPipes 103 104 --benchmarkName Serialization.Bench.JsonSerializationBenchmarks.SpanJson_Deserialize_Large --job Overhead-Fixed-Energy-8 --benchmarkId 4 in /home/test/rapl-tests/lib-energy-bench/src/Serialization.Bench/bin/Release/net8.0/Serialization.Bench-Overhead-Fixed-Energy-8-1/bin/Release/net8.0
// BeforeAnythingElse

// Benchmark Process Environment Information:
// BenchmarkDotNet v0.15.5-develop (2025-12-31)
// Runtime=.NET 8.0.21 (8.0.21, 8.0.2125.47513), X64 RyuJIT x86-64-v4
// GC=Concurrent Workstation
// HardwareIntrinsics=AVX512 IFMA+VBMI,AVX512 F+BW+CD+DQ+VL,AVX2+BMI1+BMI2+F16C+FMA+LZCNT+MOVBE,AVX,SSE3+SSSE3+SSE4.1+SSE4.2+POPCNT,X86Base+SSE+SSE2,AES+PCLMUL VectorSize=256
// Job: Overhead-Fixed-Energy-8(OutlierMode=DontRemove, IterationCount=15, IterationTime=1s, LaunchCount=1, WarmupCount=6)

OverheadJitting  1: 1 op, 143766.00 ns, 143.7660 us/op, 0.00 uJpkg, 0.00 uJdram
WorkloadJitting  1: 1 op, 112808844.00 ns, 112.8088 ms/op, 7255291.00 uJpkg, 0.00 uJdram

WorkloadPilot    1: 4 op, 1869740.00 ns, 467.4350 us/op, 141479.00 uJpkg, 0.00 uJdram
WorkloadPilot    2: 2139 op, 411168542.00 ns, 192.2247 us/op, 32406839.00 uJpkg, 0.00 uJdram
WorkloadPilot    3: 5202 op, 778701718.00 ns, 149.6928 us/op, 63943135.00 uJpkg, 0.00 uJdram
WorkloadPilot    4: 6680 op, 998987511.00 ns, 149.5490 us/op, 82293551.00 uJpkg, 0.00 uJdram
WorkloadPilot    5: 6687 op, 999828988.00 ns, 149.5183 us/op, 82641512.00 uJpkg, 0.00 uJdram

WorkloadWarmup   1: 6687 op, 1003861024.00 ns, 150.1213 us/op, 82656038.00 uJpkg, 0.00 uJdram
WorkloadWarmup   2: 6687 op, 1004544596.00 ns, 150.2235 us/op, 82776705.00 uJpkg, 0.00 uJdram
WorkloadWarmup   3: 6687 op, 1004026336.00 ns, 150.1460 us/op, 82686678.00 uJpkg, 0.00 uJdram
WorkloadWarmup   4: 6687 op, 1003529192.00 ns, 150.0717 us/op, 82698946.00 uJpkg, 0.00 uJdram
WorkloadWarmup   5: 6687 op, 1004317389.00 ns, 150.1895 us/op, 83655609.00 uJpkg, 0.00 uJdram
WorkloadWarmup   6: 6687 op, 1007899540.00 ns, 150.7252 us/op, 83183015.00 uJpkg, 0.00 uJdram

// BeforeActualRun
WorkloadActual   1: 6687 op, 1003798287.00 ns, 150.1119 us/op, 82529696.00 uJpkg, 0.00 uJdram
WorkloadActual   2: 6687 op, 1003555449.00 ns, 150.0756 us/op, 82239780.00 uJpkg, 0.00 uJdram
WorkloadActual   3: 6687 op, 1003609794.00 ns, 150.0837 us/op, 82564364.00 uJpkg, 0.00 uJdram
WorkloadActual   4: 6687 op, 1001143398.00 ns, 149.7149 us/op, 82044224.00 uJpkg, 0.00 uJdram
WorkloadActual   5: 6687 op, 1000173561.00 ns, 149.5698 us/op, 81910557.00 uJpkg, 0.00 uJdram
WorkloadActual   6: 6687 op, 1002755813.00 ns, 149.9560 us/op, 83425873.00 uJpkg, 0.00 uJdram
WorkloadActual   7: 6687 op, 1000825113.00 ns, 149.6673 us/op, 82420260.00 uJpkg, 0.00 uJdram
WorkloadActual   8: 6687 op, 1000071475.00 ns, 149.5546 us/op, 81959629.00 uJpkg, 0.00 uJdram
WorkloadActual   9: 6687 op, 999909582.00 ns, 149.5304 us/op, 82247775.00 uJpkg, 0.00 uJdram
WorkloadActual  10: 6687 op, 1000794634.00 ns, 149.6627 us/op, 82619295.00 uJpkg, 0.00 uJdram
WorkloadActual  11: 6687 op, 1000522495.00 ns, 149.6220 us/op, 82332920.00 uJpkg, 0.00 uJdram
WorkloadActual  12: 6687 op, 1000300922.00 ns, 149.5889 us/op, 82226474.00 uJpkg, 0.00 uJdram
WorkloadActual  13: 6687 op, 1000334996.00 ns, 149.5940 us/op, 82087986.00 uJpkg, 0.00 uJdram
WorkloadActual  14: 6687 op, 1000233405.00 ns, 149.5788 us/op, 81506017.00 uJpkg, 0.00 uJdram
WorkloadActual  15: 6687 op, 999770544.00 ns, 149.5096 us/op, 81363622.00 uJpkg, 0.00 uJdram

// AfterActualRun
WorkloadResult   1: 6687 op, 1003798287.00 ns, 150.1119 us/op, 82529696.00 uJpkg, 0.00 uJdram
WorkloadResult   2: 6687 op, 1003555449.00 ns, 150.0756 us/op, 82239780.00 uJpkg, 0.00 uJdram
WorkloadResult   3: 6687 op, 1003609794.00 ns, 150.0837 us/op, 82564364.00 uJpkg, 0.00 uJdram
WorkloadResult   4: 6687 op, 1001143398.00 ns, 149.7149 us/op, 82044224.00 uJpkg, 0.00 uJdram
WorkloadResult   5: 6687 op, 1000173561.00 ns, 149.5698 us/op, 81910557.00 uJpkg, 0.00 uJdram
WorkloadResult   6: 6687 op, 1002755813.00 ns, 149.9560 us/op, 83425873.00 uJpkg, 0.00 uJdram
WorkloadResult   7: 6687 op, 1000825113.00 ns, 149.6673 us/op, 82420260.00 uJpkg, 0.00 uJdram
WorkloadResult   8: 6687 op, 1000071475.00 ns, 149.5546 us/op, 81959629.00 uJpkg, 0.00 uJdram
WorkloadResult   9: 6687 op, 999909582.00 ns, 149.5304 us/op, 82247775.00 uJpkg, 0.00 uJdram
WorkloadResult  10: 6687 op, 1000794634.00 ns, 149.6627 us/op, 82619295.00 uJpkg, 0.00 uJdram
WorkloadResult  11: 6687 op, 1000522495.00 ns, 149.6220 us/op, 82332920.00 uJpkg, 0.00 uJdram
WorkloadResult  12: 6687 op, 1000300922.00 ns, 149.5889 us/op, 82226474.00 uJpkg, 0.00 uJdram
WorkloadResult  13: 6687 op, 1000334996.00 ns, 149.5940 us/op, 82087986.00 uJpkg, 0.00 uJdram
WorkloadResult  14: 6687 op, 1000233405.00 ns, 149.5788 us/op, 81506017.00 uJpkg, 0.00 uJdram
WorkloadResult  15: 6687 op, 999770544.00 ns, 149.5096 us/op, 81363622.00 uJpkg, 0.00 uJdram

// AfterAll
// Benchmark Process 4065957 has exited with code 0.

Mean = 149.721 μs, StdErr = 0.056 μs (0.04%), N = 15, StdDev = 0.218 μs
Min = 149.510 μs, Q1 = 149.574 μs, Median = 149.622 μs, Q3 = 149.835 μs, Max = 150.112 μs
IQR = 0.261 μs, LowerFence = 149.183 μs, UpperFence = 150.227 μs
ConfidenceInterval = [149.488 μs; 149.955 μs] (CI 99.9%), Margin = 0.233 μs (0.16% of Mean)
Skewness = 0.84, Kurtosis = 1.91, MValue = 2

// ** Remained 25 (83.3%) benchmark(s) to run. Estimated finish 2025-12-31 21:43 (0h 10m from now) **
// **************************
// Benchmark: JsonSerializationBenchmarks.STJ_Deserialize_Medium: Overhead-Fixed-Energy-8(OutlierMode=DontRemove, IterationCount=15, IterationTime=1s, LaunchCount=1, WarmupCount=6)
// *** Execute ***
// Launch: 1 / 1
// Execute: dotnet Serialization.Bench-Overhead-Fixed-Energy-8-1.dll --anonymousPipes 103 104 --benchmarkName Serialization.Bench.JsonSerializationBenchmarks.STJ_Deserialize_Medium --job Overhead-Fixed-Energy-8 --benchmarkId 5 in /home/test/rapl-tests/lib-energy-bench/src/Serialization.Bench/bin/Release/net8.0/Serialization.Bench-Overhead-Fixed-Energy-8-1/bin/Release/net8.0
// BeforeAnythingElse

// Benchmark Process Environment Information:
// BenchmarkDotNet v0.15.5-develop (2025-12-31)
// Runtime=.NET 8.0.21 (8.0.21, 8.0.2125.47513), X64 RyuJIT x86-64-v4
// GC=Concurrent Workstation
// HardwareIntrinsics=AVX512 IFMA+VBMI,AVX512 F+BW+CD+DQ+VL,AVX2+BMI1+BMI2+F16C+FMA+LZCNT+MOVBE,AVX,SSE3+SSSE3+SSE4.1+SSE4.2+POPCNT,X86Base+SSE+SSE2,AES+PCLMUL VectorSize=256
// Job: Overhead-Fixed-Energy-8(OutlierMode=DontRemove, IterationCount=15, IterationTime=1s, LaunchCount=1, WarmupCount=6)

OverheadJitting  1: 1 op, 142181.00 ns, 142.1810 us/op, 0.00 uJpkg, 0.00 uJdram
WorkloadJitting  1: 1 op, 294832.00 ns, 294.8320 us/op, 65612.00 uJpkg, 0.00 uJdram

OverheadJitting  2: 16 op, 404302.00 ns, 25.2689 us/op, 0.00 uJpkg, 0.00 uJdram
WorkloadJitting  2: 16 op, 2269647.00 ns, 141.8529 us/op, 149657.00 uJpkg, 0.00 uJdram

WorkloadPilot    1: 16 op, 1871114.00 ns, 116.9446 us/op, 137573.00 uJpkg, 0.00 uJdram
WorkloadPilot    2: 8560 op, 695470165.00 ns, 81.2465 us/op, 59174043.00 uJpkg, 0.00 uJdram
WorkloadPilot    3: 12320 op, 652324535.00 ns, 52.9484 us/op, 54525800.00 uJpkg, 0.00 uJdram
WorkloadPilot    4: 18896 op, 999973522.00 ns, 52.9199 us/op, 83918487.00 uJpkg, 0.00 uJdram
WorkloadPilot    5: 18912 op, 999593798.00 ns, 52.8550 us/op, 83572784.00 uJpkg, 0.00 uJdram
WorkloadPilot    6: 18928 op, 1001513524.00 ns, 52.9117 us/op, 84001738.00 uJpkg, 0.00 uJdram
WorkloadPilot    7: 18912 op, 1001952961.00 ns, 52.9797 us/op, 83746672.00 uJpkg, 0.00 uJdram
WorkloadPilot    8: 18880 op, 998934169.00 ns, 52.9096 us/op, 84449918.00 uJpkg, 0.00 uJdram
WorkloadPilot    9: 18912 op, 999972330.00 ns, 52.8750 us/op, 84136076.00 uJpkg, 0.00 uJdram
WorkloadPilot   10: 18928 op, 1002569872.00 ns, 52.9676 us/op, 85224941.00 uJpkg, 0.00 uJdram

OverheadWarmup   1: 18928 op, 66534.00 ns, 3.5151 ns/op, 0.00 uJpkg, 0.00 uJdram
OverheadWarmup   2: 18928 op, 65958.00 ns, 3.4847 ns/op, 0.00 uJpkg, 0.00 uJdram
OverheadWarmup   3: 18928 op, 65933.00 ns, 3.4834 ns/op, 101135.00 uJpkg, 0.00 uJdram
OverheadWarmup   4: 18928 op, 68942.00 ns, 3.6423 ns/op, 0.00 uJpkg, 0.00 uJdram
OverheadWarmup   5: 18928 op, 65934.00 ns, 3.4834 ns/op, 0.00 uJpkg, 0.00 uJdram
OverheadWarmup   6: 18928 op, 68745.00 ns, 3.6319 ns/op, 0.00 uJpkg, 0.00 uJdram
OverheadWarmup   7: 18928 op, 66080.00 ns, 3.4911 ns/op, 0.00 uJpkg, 0.00 uJdram

OverheadActual   1: 18928 op, 65950.00 ns, 3.4843 ns/op, 0.00 uJpkg, 0.00 uJdram
OverheadActual   2: 18928 op, 67680.00 ns, 3.5757 ns/op, 0.00 uJpkg, 0.00 uJdram
OverheadActual   3: 18928 op, 65950.00 ns, 3.4843 ns/op, 0.00 uJpkg, 0.00 uJdram
OverheadActual   4: 18928 op, 66308.00 ns, 3.5032 ns/op, 0.00 uJpkg, 0.00 uJdram
OverheadActual   5: 18928 op, 65946.00 ns, 3.4840 ns/op, 0.00 uJpkg, 0.00 uJdram
OverheadActual   6: 18928 op, 65952.00 ns, 3.4844 ns/op, 0.00 uJpkg, 0.00 uJdram
OverheadActual   7: 18928 op, 66310.00 ns, 3.5033 ns/op, 0.00 uJpkg, 0.00 uJdram
OverheadActual   8: 18928 op, 65945.00 ns, 3.4840 ns/op, 0.00 uJpkg, 0.00 uJdram
OverheadActual   9: 18928 op, 65968.00 ns, 3.4852 ns/op, 0.00 uJpkg, 0.00 uJdram
OverheadActual  10: 18928 op, 65941.00 ns, 3.4838 ns/op, 0.00 uJpkg, 0.00 uJdram
OverheadActual  11: 18928 op, 66365.00 ns, 3.5062 ns/op, 0.00 uJpkg, 0.00 uJdram
OverheadActual  12: 18928 op, 65951.00 ns, 3.4843 ns/op, 0.00 uJpkg, 0.00 uJdram
OverheadActual  13: 18928 op, 65952.00 ns, 3.4844 ns/op, 0.00 uJpkg, 0.00 uJdram
OverheadActual  14: 18928 op, 66313.00 ns, 3.5034 ns/op, 0.00 uJpkg, 0.00 uJdram
OverheadActual  15: 18928 op, 65908.00 ns, 3.4820 ns/op, 0.00 uJpkg, 0.00 uJdram

WorkloadWarmup   1: 18928 op, 1003104633.00 ns, 52.9958 us/op, 86525291.00 uJpkg, 0.00 uJdram
WorkloadWarmup   2: 18928 op, 1002741811.00 ns, 52.9766 us/op, 84293730.00 uJpkg, 0.00 uJdram
WorkloadWarmup   3: 18928 op, 1001150364.00 ns, 52.8926 us/op, 84081206.00 uJpkg, 0.00 uJdram
WorkloadWarmup   4: 18928 op, 999922455.00 ns, 52.8277 us/op, 84090178.00 uJpkg, 0.00 uJdram
WorkloadWarmup   5: 18928 op, 1001924300.00 ns, 52.9334 us/op, 84409757.00 uJpkg, 0.00 uJdram
WorkloadWarmup   6: 18928 op, 1000844930.00 ns, 52.8764 us/op, 84584134.00 uJpkg, 0.00 uJdram

// BeforeActualRun
WorkloadActual   1: 18928 op, 1002115739.00 ns, 52.9436 us/op, 84638211.00 uJpkg, 0.00 uJdram
WorkloadActual   2: 18928 op, 1005147627.00 ns, 53.1037 us/op, 85127529.00 uJpkg, 0.00 uJdram
WorkloadActual   3: 18928 op, 1002491652.00 ns, 52.9634 us/op, 83810943.00 uJpkg, 0.00 uJdram
WorkloadActual   4: 18928 op, 1002389436.00 ns, 52.9580 us/op, 83876067.00 uJpkg, 0.00 uJdram
WorkloadActual   5: 18928 op, 1001037673.00 ns, 52.8866 us/op, 84158720.00 uJpkg, 0.00 uJdram
WorkloadActual   6: 18928 op, 999558434.00 ns, 52.8085 us/op, 83749908.00 uJpkg, 0.00 uJdram
WorkloadActual   7: 18928 op, 999946459.00 ns, 52.8290 us/op, 83699615.00 uJpkg, 0.00 uJdram
WorkloadActual   8: 18928 op, 999529336.00 ns, 52.8069 us/op, 83725066.00 uJpkg, 0.00 uJdram
WorkloadActual   9: 18928 op, 1000610745.00 ns, 52.8641 us/op, 84102385.00 uJpkg, 0.00 uJdram
WorkloadActual  10: 18928 op, 1000787848.00 ns, 52.8734 us/op, 84984829.00 uJpkg, 0.00 uJdram
WorkloadActual  11: 18928 op, 1000911028.00 ns, 52.8799 us/op, 84058012.00 uJpkg, 0.00 uJdram
WorkloadActual  12: 18928 op, 999678036.00 ns, 52.8148 us/op, 83823638.00 uJpkg, 0.00 uJdram
WorkloadActual  13: 18928 op, 1000922891.00 ns, 52.8805 us/op, 84142302.00 uJpkg, 0.00 uJdram
WorkloadActual  14: 18928 op, 998505862.00 ns, 52.7528 us/op, 83705352.00 uJpkg, 0.00 uJdram
WorkloadActual  15: 18928 op, 1000527407.00 ns, 52.8596 us/op, 83817779.00 uJpkg, 0.00 uJdram

// AfterActualRun
WorkloadResult   1: 18928 op, 1002049787.00 ns, 52.9401 us/op, 84638211.00 uJpkg, 0.00 uJdram
WorkloadResult   2: 18928 op, 1005081675.00 ns, 53.1003 us/op, 85127529.00 uJpkg, 0.00 uJdram
WorkloadResult   3: 18928 op, 1002425700.00 ns, 52.9599 us/op, 83810943.00 uJpkg, 0.00 uJdram
WorkloadResult   4: 18928 op, 1002323484.00 ns, 52.9545 us/op, 83876067.00 uJpkg, 0.00 uJdram
WorkloadResult   5: 18928 op, 1000971721.00 ns, 52.8831 us/op, 84158720.00 uJpkg, 0.00 uJdram
WorkloadResult   6: 18928 op, 999492482.00 ns, 52.8050 us/op, 83749908.00 uJpkg, 0.00 uJdram
WorkloadResult   7: 18928 op, 999880507.00 ns, 52.8255 us/op, 83699615.00 uJpkg, 0.00 uJdram
WorkloadResult   8: 18928 op, 999463384.00 ns, 52.8034 us/op, 83725066.00 uJpkg, 0.00 uJdram
WorkloadResult   9: 18928 op, 1000544793.00 ns, 52.8606 us/op, 84102385.00 uJpkg, 0.00 uJdram
WorkloadResult  10: 18928 op, 1000721896.00 ns, 52.8699 us/op, 84984829.00 uJpkg, 0.00 uJdram
WorkloadResult  11: 18928 op, 1000845076.00 ns, 52.8764 us/op, 84058012.00 uJpkg, 0.00 uJdram
WorkloadResult  12: 18928 op, 999612084.00 ns, 52.8113 us/op, 83823638.00 uJpkg, 0.00 uJdram
WorkloadResult  13: 18928 op, 1000856939.00 ns, 52.8771 us/op, 84142302.00 uJpkg, 0.00 uJdram
WorkloadResult  14: 18928 op, 998439910.00 ns, 52.7494 us/op, 83705352.00 uJpkg, 0.00 uJdram
WorkloadResult  15: 18928 op, 1000461455.00 ns, 52.8562 us/op, 83817779.00 uJpkg, 0.00 uJdram

// AfterAll
// Benchmark Process 4065973 has exited with code 0.

Mean = 52.878 μs, StdErr = 0.022 μs (0.04%), N = 15, StdDev = 0.085 μs
Min = 52.749 μs, Q1 = 52.818 μs, Median = 52.870 μs, Q3 = 52.912 μs, Max = 53.100 μs
IQR = 0.093 μs, LowerFence = 52.679 μs, UpperFence = 53.051 μs
ConfidenceInterval = [52.787 μs; 52.969 μs] (CI 99.9%), Margin = 0.091 μs (0.17% of Mean)
Skewness = 0.95, Kurtosis = 3.68, MValue = 2

// ** Remained 24 (80.0%) benchmark(s) to run. Estimated finish 2025-12-31 21:43 (0h 10m from now) **
// **************************
// Benchmark: JsonSerializationBenchmarks.Newtonsoft_Deserialize_Medium: Overhead-Fixed-Energy-8(OutlierMode=DontRemove, IterationCount=15, IterationTime=1s, LaunchCount=1, WarmupCount=6)
// *** Execute ***
// Launch: 1 / 1
// Execute: dotnet Serialization.Bench-Overhead-Fixed-Energy-8-1.dll --anonymousPipes 103 104 --benchmarkName Serialization.Bench.JsonSerializationBenchmarks.Newtonsoft_Deserialize_Medium --job Overhead-Fixed-Energy-8 --benchmarkId 6 in /home/test/rapl-tests/lib-energy-bench/src/Serialization.Bench/bin/Release/net8.0/Serialization.Bench-Overhead-Fixed-Energy-8-1/bin/Release/net8.0
// BeforeAnythingElse

// Benchmark Process Environment Information:
// BenchmarkDotNet v0.15.5-develop (2025-12-31)
// Runtime=.NET 8.0.21 (8.0.21, 8.0.2125.47513), X64 RyuJIT x86-64-v4
// GC=Concurrent Workstation
// HardwareIntrinsics=AVX512 IFMA+VBMI,AVX512 F+BW+CD+DQ+VL,AVX2+BMI1+BMI2+F16C+FMA+LZCNT+MOVBE,AVX,SSE3+SSSE3+SSE4.1+SSE4.2+POPCNT,X86Base+SSE+SSE2,AES+PCLMUL VectorSize=256
// Job: Overhead-Fixed-Energy-8(OutlierMode=DontRemove, IterationCount=15, IterationTime=1s, LaunchCount=1, WarmupCount=6)

OverheadJitting  1: 1 op, 140125.00 ns, 140.1250 us/op, 0.00 uJpkg, 0.00 uJdram
WorkloadJitting  1: 1 op, 53276379.00 ns, 53.2764 ms/op, 3196586.00 uJpkg, 0.00 uJdram

OverheadJitting  2: 16 op, 390492.00 ns, 24.4058 us/op, 0.00 uJpkg, 0.00 uJdram
WorkloadJitting  2: 16 op, 5662658.00 ns, 353.9161 us/op, 422301.00 uJpkg, 0.00 uJdram

WorkloadPilot    1: 16 op, 5067525.00 ns, 316.7203 us/op, 329223.00 uJpkg, 0.00 uJdram
WorkloadPilot    2: 3168 op, 463276709.00 ns, 146.2363 us/op, 38778648.00 uJpkg, 0.00 uJdram
WorkloadPilot    3: 6848 op, 470283237.00 ns, 68.6745 us/op, 39363058.00 uJpkg, 0.00 uJdram
WorkloadPilot    4: 14576 op, 997219784.00 ns, 68.4152 us/op, 83665252.00 uJpkg, 0.00 uJdram
WorkloadPilot    5: 14624 op, 999124865.00 ns, 68.3209 us/op, 83555634.00 uJpkg, 0.00 uJdram
WorkloadPilot    6: 14640 op, 1001265384.00 ns, 68.3924 us/op, 84747708.00 uJpkg, 0.00 uJdram
WorkloadPilot    7: 14624 op, 999081523.00 ns, 68.3179 us/op, 84715299.00 uJpkg, 0.00 uJdram
WorkloadPilot    8: 14640 op, 1002084946.00 ns, 68.4484 us/op, 85075710.00 uJpkg, 0.00 uJdram
WorkloadPilot    9: 14624 op, 998127704.00 ns, 68.2527 us/op, 84047514.00 uJpkg, 0.00 uJdram
WorkloadPilot   10: 14656 op, 1005144616.00 ns, 68.5825 us/op, 85345606.00 uJpkg, 0.00 uJdram

OverheadWarmup   1: 14656 op, 51754.00 ns, 3.5313 ns/op, 0.00 uJpkg, 0.00 uJdram
OverheadWarmup   2: 14656 op, 51133.00 ns, 3.4889 ns/op, 0.00 uJpkg, 0.00 uJdram
OverheadWarmup   3: 14656 op, 50114.00 ns, 3.4194 ns/op, 0.00 uJpkg, 0.00 uJdram
OverheadWarmup   4: 14656 op, 52491.00 ns, 3.5815 ns/op, 0.00 uJpkg, 0.00 uJdram
OverheadWarmup   5: 14656 op, 50503.00 ns, 3.4459 ns/op, 0.00 uJpkg, 0.00 uJdram
OverheadWarmup   6: 14656 op, 50106.00 ns, 3.4188 ns/op, 0.00 uJpkg, 0.00 uJdram
OverheadWarmup   7: 14656 op, 51126.00 ns, 3.4884 ns/op, 99182.00 uJpkg, 0.00 uJdram
OverheadWarmup   8: 14656 op, 51113.00 ns, 3.4875 ns/op, 0.00 uJpkg, 0.00 uJdram

OverheadActual   1: 14656 op, 50496.00 ns, 3.4454 ns/op, 0.00 uJpkg, 0.00 uJdram
OverheadActual   2: 14656 op, 51126.00 ns, 3.4884 ns/op, 0.00 uJpkg, 0.00 uJdram
OverheadActual   3: 14656 op, 51168.00 ns, 3.4913 ns/op, 69763.00 uJpkg, 0.00 uJdram
OverheadActual   4: 14656 op, 50096.00 ns, 3.4181 ns/op, 105774.00 uJpkg, 0.00 uJdram
OverheadActual   5: 14656 op, 50081.00 ns, 3.4171 ns/op, 0.00 uJpkg, 0.00 uJdram
OverheadActual   6: 14656 op, 50455.00 ns, 3.4426 ns/op, 0.00 uJpkg, 0.00 uJdram
OverheadActual   7: 14656 op, 50098.00 ns, 3.4183 ns/op, 0.00 uJpkg, 0.00 uJdram
OverheadActual   8: 14656 op, 50091.00 ns, 3.4178 ns/op, 0.00 uJpkg, 0.00 uJdram
OverheadActual   9: 14656 op, 50095.00 ns, 3.4181 ns/op, 0.00 uJpkg, 0.00 uJdram
OverheadActual  10: 14656 op, 50463.00 ns, 3.4432 ns/op, 0.00 uJpkg, 0.00 uJdram
OverheadActual  11: 14656 op, 50114.00 ns, 3.4194 ns/op, 0.00 uJpkg, 0.00 uJdram
OverheadActual  12: 14656 op, 50101.00 ns, 3.4185 ns/op, 0.00 uJpkg, 0.00 uJdram
OverheadActual  13: 14656 op, 51117.00 ns, 3.4878 ns/op, 0.00 uJpkg, 0.00 uJdram
OverheadActual  14: 14656 op, 50092.00 ns, 3.4178 ns/op, 0.00 uJpkg, 0.00 uJdram
OverheadActual  15: 14656 op, 50489.00 ns, 3.4449 ns/op, 0.00 uJpkg, 0.00 uJdram

WorkloadWarmup   1: 14656 op, 1004385263.00 ns, 68.5307 us/op, 87368185.00 uJpkg, 0.00 uJdram
WorkloadWarmup   2: 14656 op, 1010660337.00 ns, 68.9588 us/op, 85445277.00 uJpkg, 0.00 uJdram
WorkloadWarmup   3: 14656 op, 1008292545.00 ns, 68.7973 us/op, 85132655.00 uJpkg, 0.00 uJdram
WorkloadWarmup   4: 14656 op, 1001681532.00 ns, 68.3462 us/op, 84559415.00 uJpkg, 0.00 uJdram
WorkloadWarmup   5: 14656 op, 1002778779.00 ns, 68.4210 us/op, 84724820.00 uJpkg, 0.00 uJdram
WorkloadWarmup   6: 14656 op, 1006623108.00 ns, 68.6833 us/op, 84928127.00 uJpkg, 0.00 uJdram

// BeforeActualRun
WorkloadActual   1: 14656 op, 1003465231.00 ns, 68.4679 us/op, 84737271.00 uJpkg, 0.00 uJdram
WorkloadActual   2: 14656 op, 1009260134.00 ns, 68.8633 us/op, 85685266.00 uJpkg, 0.00 uJdram
WorkloadActual   3: 14656 op, 1006804251.00 ns, 68.6957 us/op, 85293788.00 uJpkg, 0.00 uJdram
WorkloadActual   4: 14656 op, 1005150325.00 ns, 68.5829 us/op, 85216029.00 uJpkg, 0.00 uJdram
WorkloadActual   5: 14656 op, 1009598814.00 ns, 68.8864 us/op, 85585230.00 uJpkg, 0.00 uJdram
WorkloadActual   6: 14656 op, 1004779329.00 ns, 68.5575 us/op, 85357874.00 uJpkg, 0.00 uJdram
WorkloadActual   7: 14656 op, 1004858669.00 ns, 68.5630 us/op, 85134426.00 uJpkg, 0.00 uJdram
WorkloadActual   8: 14656 op, 1007420572.00 ns, 68.7378 us/op, 85266749.00 uJpkg, 0.00 uJdram
WorkloadActual   9: 14656 op, 1005195071.00 ns, 68.5859 us/op, 84924953.00 uJpkg, 0.00 uJdram
WorkloadActual  10: 14656 op, 1003930480.00 ns, 68.4996 us/op, 85854272.00 uJpkg, 0.00 uJdram
WorkloadActual  11: 14656 op, 1006850103.00 ns, 68.6988 us/op, 84764614.00 uJpkg, 0.00 uJdram
WorkloadActual  12: 14656 op, 1004331375.00 ns, 68.5270 us/op, 84818997.00 uJpkg, 0.00 uJdram
WorkloadActual  13: 14656 op, 1006528843.00 ns, 68.6769 us/op, 85043056.00 uJpkg, 0.00 uJdram
WorkloadActual  14: 14656 op, 1007364864.00 ns, 68.7340 us/op, 84869350.00 uJpkg, 0.00 uJdram
WorkloadActual  15: 14656 op, 1005282276.00 ns, 68.5919 us/op, 84222806.00 uJpkg, 0.00 uJdram

// AfterActualRun
WorkloadResult   1: 14656 op, 1003415117.00 ns, 68.4645 us/op, 84737271.00 uJpkg, 0.00 uJdram
WorkloadResult   2: 14656 op, 1009210020.00 ns, 68.8599 us/op, 85685266.00 uJpkg, 0.00 uJdram
WorkloadResult   3: 14656 op, 1006754137.00 ns, 68.6923 us/op, 85293788.00 uJpkg, 0.00 uJdram
WorkloadResult   4: 14656 op, 1005100211.00 ns, 68.5794 us/op, 85216029.00 uJpkg, 0.00 uJdram
WorkloadResult   5: 14656 op, 1009548700.00 ns, 68.8830 us/op, 85585230.00 uJpkg, 0.00 uJdram
WorkloadResult   6: 14656 op, 1004729215.00 ns, 68.5541 us/op, 85357874.00 uJpkg, 0.00 uJdram
WorkloadResult   7: 14656 op, 1004808555.00 ns, 68.5595 us/op, 85134426.00 uJpkg, 0.00 uJdram
WorkloadResult   8: 14656 op, 1007370458.00 ns, 68.7343 us/op, 85266749.00 uJpkg, 0.00 uJdram
WorkloadResult   9: 14656 op, 1005144957.00 ns, 68.5825 us/op, 84924953.00 uJpkg, 0.00 uJdram
WorkloadResult  10: 14656 op, 1003880366.00 ns, 68.4962 us/op, 85854272.00 uJpkg, 0.00 uJdram
WorkloadResult  11: 14656 op, 1006799989.00 ns, 68.6954 us/op, 84764614.00 uJpkg, 0.00 uJdram
WorkloadResult  12: 14656 op, 1004281261.00 ns, 68.5236 us/op, 84818997.00 uJpkg, 0.00 uJdram
WorkloadResult  13: 14656 op, 1006478729.00 ns, 68.6735 us/op, 85043056.00 uJpkg, 0.00 uJdram
WorkloadResult  14: 14656 op, 1007314750.00 ns, 68.7305 us/op, 84869350.00 uJpkg, 0.00 uJdram
WorkloadResult  15: 14656 op, 1005232162.00 ns, 68.5884 us/op, 84222806.00 uJpkg, 0.00 uJdram

// AfterAll
// Benchmark Process 4065992 has exited with code 0.

Mean = 68.641 μs, StdErr = 0.032 μs (0.05%), N = 15, StdDev = 0.125 μs
Min = 68.464 μs, Q1 = 68.557 μs, Median = 68.588 μs, Q3 = 68.713 μs, Max = 68.883 μs
IQR = 0.156 μs, LowerFence = 68.323 μs, UpperFence = 68.947 μs
ConfidenceInterval = [68.507 μs; 68.775 μs] (CI 99.9%), Margin = 0.134 μs (0.20% of Mean)
Skewness = 0.49, Kurtosis = 2.06, MValue = 2

// ** Remained 23 (76.7%) benchmark(s) to run. Estimated finish 2025-12-31 21:43 (0h 9m from now) **
// **************************
// Benchmark: JsonSerializationBenchmarks.Jil_Deserialize_Medium: Overhead-Fixed-Energy-8(OutlierMode=DontRemove, IterationCount=15, IterationTime=1s, LaunchCount=1, WarmupCount=6)
// *** Execute ***
// Launch: 1 / 1
// Execute: dotnet Serialization.Bench-Overhead-Fixed-Energy-8-1.dll --anonymousPipes 103 104 --benchmarkName Serialization.Bench.JsonSerializationBenchmarks.Jil_Deserialize_Medium --job Overhead-Fixed-Energy-8 --benchmarkId 7 in /home/test/rapl-tests/lib-energy-bench/src/Serialization.Bench/bin/Release/net8.0/Serialization.Bench-Overhead-Fixed-Energy-8-1/bin/Release/net8.0
// BeforeAnythingElse

// Benchmark Process Environment Information:
// BenchmarkDotNet v0.15.5-develop (2025-12-31)
// Runtime=.NET 8.0.21 (8.0.21, 8.0.2125.47513), X64 RyuJIT x86-64-v4
// GC=Concurrent Workstation
// HardwareIntrinsics=AVX512 IFMA+VBMI,AVX512 F+BW+CD+DQ+VL,AVX2+BMI1+BMI2+F16C+FMA+LZCNT+MOVBE,AVX,SSE3+SSSE3+SSE4.1+SSE4.2+POPCNT,X86Base+SSE+SSE2,AES+PCLMUL VectorSize=256
// Job: Overhead-Fixed-Energy-8(OutlierMode=DontRemove, IterationCount=15, IterationTime=1s, LaunchCount=1, WarmupCount=6)

OverheadJitting  1: 1 op, 142785.00 ns, 142.7850 us/op, 63050.00 uJpkg, 0.00 uJdram
WorkloadJitting  1: 1 op, 198927409.00 ns, 198.9274 ms/op, 12130950.00 uJpkg, 0.00 uJdram

WorkloadPilot    1: 4 op, 849550.00 ns, 212.3875 us/op, 0.00 uJpkg, 0.00 uJdram
WorkloadPilot    2: 4708 op, 361681136.00 ns, 76.8227 us/op, 27398001.00 uJpkg, 0.00 uJdram
WorkloadPilot    3: 13017 op, 725662236.00 ns, 55.7473 us/op, 58105869.00 uJpkg, 0.00 uJdram
WorkloadPilot    4: 17938 op, 997809323.00 ns, 55.6255 us/op, 80118508.00 uJpkg, 0.00 uJdram
WorkloadPilot    5: 17977 op, 1000552050.00 ns, 55.6573 us/op, 80002054.00 uJpkg, 0.00 uJdram
WorkloadPilot    6: 17967 op, 1001673149.00 ns, 55.7507 us/op, 80291359.00 uJpkg, 0.00 uJdram
WorkloadPilot    7: 17937 op, 1000421163.00 ns, 55.7742 us/op, 80458900.00 uJpkg, 0.00 uJdram

WorkloadWarmup   1: 17937 op, 997197537.00 ns, 55.5944 us/op, 79799906.00 uJpkg, 0.00 uJdram
WorkloadWarmup   2: 17937 op, 999253866.00 ns, 55.7091 us/op, 80716712.00 uJpkg, 0.00 uJdram
WorkloadWarmup   3: 17937 op, 1001570570.00 ns, 55.8382 us/op, 81459020.00 uJpkg, 0.00 uJdram
WorkloadWarmup   4: 17937 op, 999855537.00 ns, 55.7426 us/op, 80374306.00 uJpkg, 0.00 uJdram
WorkloadWarmup   5: 17937 op, 999129846.00 ns, 55.7022 us/op, 80869849.00 uJpkg, 0.00 uJdram
WorkloadWarmup   6: 17937 op, 999028423.00 ns, 55.6965 us/op, 80575538.00 uJpkg, 0.00 uJdram

// BeforeActualRun
WorkloadActual   1: 17937 op, 997031901.00 ns, 55.5852 us/op, 80308999.00 uJpkg, 0.00 uJdram
WorkloadActual   2: 17937 op, 998831852.00 ns, 55.6856 us/op, 80980628.00 uJpkg, 0.00 uJdram
WorkloadActual   3: 17937 op, 998675903.00 ns, 55.6769 us/op, 80359231.00 uJpkg, 0.00 uJdram
WorkloadActual   4: 17937 op, 1000634954.00 ns, 55.7861 us/op, 82143162.00 uJpkg, 0.00 uJdram
WorkloadActual   5: 17937 op, 1000154626.00 ns, 55.7593 us/op, 81783604.00 uJpkg, 0.00 uJdram
WorkloadActual   6: 17937 op, 1001303390.00 ns, 55.8233 us/op, 81382787.00 uJpkg, 0.00 uJdram
WorkloadActual   7: 17937 op, 999394189.00 ns, 55.7169 us/op, 80617347.00 uJpkg, 0.00 uJdram
WorkloadActual   8: 17937 op, 998994800.00 ns, 55.6946 us/op, 80506813.00 uJpkg, 0.00 uJdram
WorkloadActual   9: 17937 op, 998415056.00 ns, 55.6623 us/op, 80936865.00 uJpkg, 0.00 uJdram
WorkloadActual  10: 17937 op, 998419829.00 ns, 55.6626 us/op, 81052100.00 uJpkg, 0.00 uJdram
WorkloadActual  11: 17937 op, 999141899.00 ns, 55.7028 us/op, 80583656.00 uJpkg, 0.00 uJdram
WorkloadActual  12: 17937 op, 998483149.00 ns, 55.6661 us/op, 80955848.00 uJpkg, 0.00 uJdram
WorkloadActual  13: 17937 op, 999660818.00 ns, 55.7318 us/op, 80956030.00 uJpkg, 0.00 uJdram
WorkloadActual  14: 17937 op, 997713997.00 ns, 55.6232 us/op, 80719397.00 uJpkg, 0.00 uJdram
WorkloadActual  15: 17937 op, 999212907.00 ns, 55.7068 us/op, 80676246.00 uJpkg, 0.00 uJdram

// AfterActualRun
WorkloadResult   1: 17937 op, 997031901.00 ns, 55.5852 us/op, 80308999.00 uJpkg, 0.00 uJdram
WorkloadResult   2: 17937 op, 998831852.00 ns, 55.6856 us/op, 80980628.00 uJpkg, 0.00 uJdram
WorkloadResult   3: 17937 op, 998675903.00 ns, 55.6769 us/op, 80359231.00 uJpkg, 0.00 uJdram
WorkloadResult   4: 17937 op, 1000634954.00 ns, 55.7861 us/op, 82143162.00 uJpkg, 0.00 uJdram
WorkloadResult   5: 17937 op, 1000154626.00 ns, 55.7593 us/op, 81783604.00 uJpkg, 0.00 uJdram
WorkloadResult   6: 17937 op, 1001303390.00 ns, 55.8233 us/op, 81382787.00 uJpkg, 0.00 uJdram
WorkloadResult   7: 17937 op, 999394189.00 ns, 55.7169 us/op, 80617347.00 uJpkg, 0.00 uJdram
WorkloadResult   8: 17937 op, 998994800.00 ns, 55.6946 us/op, 80506813.00 uJpkg, 0.00 uJdram
WorkloadResult   9: 17937 op, 998415056.00 ns, 55.6623 us/op, 80936865.00 uJpkg, 0.00 uJdram
WorkloadResult  10: 17937 op, 998419829.00 ns, 55.6626 us/op, 81052100.00 uJpkg, 0.00 uJdram
WorkloadResult  11: 17937 op, 999141899.00 ns, 55.7028 us/op, 80583656.00 uJpkg, 0.00 uJdram
WorkloadResult  12: 17937 op, 998483149.00 ns, 55.6661 us/op, 80955848.00 uJpkg, 0.00 uJdram
WorkloadResult  13: 17937 op, 999660818.00 ns, 55.7318 us/op, 80956030.00 uJpkg, 0.00 uJdram
WorkloadResult  14: 17937 op, 997713997.00 ns, 55.6232 us/op, 80719397.00 uJpkg, 0.00 uJdram
WorkloadResult  15: 17937 op, 999212907.00 ns, 55.7068 us/op, 80676246.00 uJpkg, 0.00 uJdram

// AfterAll
// Benchmark Process 4066010 has exited with code 0.

Mean = 55.699 μs, StdErr = 0.016 μs (0.03%), N = 15, StdDev = 0.061 μs
Min = 55.585 μs, Q1 = 55.664 μs, Median = 55.695 μs, Q3 = 55.724 μs, Max = 55.823 μs
IQR = 0.060 μs, LowerFence = 55.574 μs, UpperFence = 55.814 μs
ConfidenceInterval = [55.634 μs; 55.764 μs] (CI 99.9%), Margin = 0.065 μs (0.12% of Mean)
Skewness = 0.24, Kurtosis = 2.57, MValue = 2

// ** Remained 22 (73.3%) benchmark(s) to run. Estimated finish 2025-12-31 21:43 (0h 9m from now) **
// **************************
// Benchmark: JsonSerializationBenchmarks.Utf8Json_Deserialize_Medium: Overhead-Fixed-Energy-8(OutlierMode=DontRemove, IterationCount=15, IterationTime=1s, LaunchCount=1, WarmupCount=6)
// *** Execute ***
// Launch: 1 / 1
// Execute: dotnet Serialization.Bench-Overhead-Fixed-Energy-8-1.dll --anonymousPipes 103 104 --benchmarkName Serialization.Bench.JsonSerializationBenchmarks.Utf8Json_Deserialize_Medium --job Overhead-Fixed-Energy-8 --benchmarkId 8 in /home/test/rapl-tests/lib-energy-bench/src/Serialization.Bench/bin/Release/net8.0/Serialization.Bench-Overhead-Fixed-Energy-8-1/bin/Release/net8.0
// BeforeAnythingElse

// Benchmark Process Environment Information:
// BenchmarkDotNet v0.15.5-develop (2025-12-31)
// Runtime=.NET 8.0.21 (8.0.21, 8.0.2125.47513), X64 RyuJIT x86-64-v4
// GC=Concurrent Workstation
// HardwareIntrinsics=AVX512 IFMA+VBMI,AVX512 F+BW+CD+DQ+VL,AVX2+BMI1+BMI2+F16C+FMA+LZCNT+MOVBE,AVX,SSE3+SSSE3+SSE4.1+SSE4.2+POPCNT,X86Base+SSE+SSE2,AES+PCLMUL VectorSize=256
// Job: Overhead-Fixed-Energy-8(OutlierMode=DontRemove, IterationCount=15, IterationTime=1s, LaunchCount=1, WarmupCount=6)

OverheadJitting  1: 1 op, 141170.00 ns, 141.1700 us/op, 0.00 uJpkg, 0.00 uJdram
WorkloadJitting  1: 1 op, 55785736.00 ns, 55.7857 ms/op, 3416556.00 uJpkg, 0.00 uJdram

OverheadJitting  2: 16 op, 401025.00 ns, 25.0641 us/op, 56824.00 uJpkg, 0.00 uJdram
WorkloadJitting  2: 16 op, 4837703.00 ns, 302.3564 us/op, 345397.00 uJpkg, 0.00 uJdram

WorkloadPilot    1: 16 op, 4073102.00 ns, 254.5689 us/op, 264831.00 uJpkg, 0.00 uJdram
WorkloadPilot    2: 3936 op, 704893064.00 ns, 179.0887 us/op, 61354091.00 uJpkg, 0.00 uJdram
WorkloadPilot    3: 5584 op, 355871466.00 ns, 63.7306 us/op, 29647324.00 uJpkg, 0.00 uJdram
WorkloadPilot    4: 15696 op, 992500697.00 ns, 63.2327 us/op, 82701998.00 uJpkg, 0.00 uJdram
WorkloadPilot    5: 15824 op, 999564137.00 ns, 63.1676 us/op, 83283844.00 uJpkg, 0.00 uJdram
WorkloadPilot    6: 15840 op, 1002435427.00 ns, 63.2851 us/op, 83373261.00 uJpkg, 0.00 uJdram
WorkloadPilot    7: 15808 op, 999276995.00 ns, 63.2134 us/op, 83426056.00 uJpkg, 0.00 uJdram
WorkloadPilot    8: 15824 op, 1000424570.00 ns, 63.2220 us/op, 83525238.00 uJpkg, 0.00 uJdram

OverheadWarmup   1: 15824 op, 55735.00 ns, 3.5222 ns/op, 0.00 uJpkg, 0.00 uJdram
OverheadWarmup   2: 15824 op, 55176.00 ns, 3.4869 ns/op, 0.00 uJpkg, 0.00 uJdram
OverheadWarmup   3: 15824 op, 55198.00 ns, 3.4882 ns/op, 0.00 uJpkg, 0.00 uJdram
OverheadWarmup   4: 15824 op, 62649.00 ns, 3.9591 ns/op, 0.00 uJpkg, 0.00 uJdram
OverheadWarmup   5: 15824 op, 55487.00 ns, 3.5065 ns/op, 0.00 uJpkg, 0.00 uJdram
OverheadWarmup   6: 15824 op, 55163.00 ns, 3.4860 ns/op, 79712.00 uJpkg, 0.00 uJdram
OverheadWarmup   7: 15824 op, 55174.00 ns, 3.4867 ns/op, 0.00 uJpkg, 0.00 uJdram
OverheadWarmup   8: 15824 op, 55153.00 ns, 3.4854 ns/op, 0.00 uJpkg, 0.00 uJdram

OverheadActual   1: 15824 op, 55386.00 ns, 3.5001 ns/op, 0.00 uJpkg, 0.00 uJdram
OverheadActual   2: 15824 op, 55180.00 ns, 3.4871 ns/op, 0.00 uJpkg, 0.00 uJdram
OverheadActual   3: 15824 op, 55198.00 ns, 3.4882 ns/op, 0.00 uJpkg, 0.00 uJdram
OverheadActual   4: 15824 op, 55165.00 ns, 3.4862 ns/op, 0.00 uJpkg, 0.00 uJdram
OverheadActual   5: 15824 op, 59261.00 ns, 3.7450 ns/op, 0.00 uJpkg, 0.00 uJdram
OverheadActual   6: 15824 op, 55158.00 ns, 3.4857 ns/op, 0.00 uJpkg, 0.00 uJdram
OverheadActual   7: 15824 op, 55166.00 ns, 3.4862 ns/op, 0.00 uJpkg, 0.00 uJdram
OverheadActual   8: 15824 op, 57527.00 ns, 3.6354 ns/op, 0.00 uJpkg, 0.00 uJdram
OverheadActual   9: 15824 op, 55425.00 ns, 3.5026 ns/op, 0.00 uJpkg, 0.00 uJdram
OverheadActual  10: 15824 op, 55180.00 ns, 3.4871 ns/op, 0.00 uJpkg, 0.00 uJdram
OverheadActual  11: 15824 op, 55126.00 ns, 3.4837 ns/op, 0.00 uJpkg, 0.00 uJdram
OverheadActual  12: 15824 op, 55155.00 ns, 3.4855 ns/op, 0.00 uJpkg, 0.00 uJdram
OverheadActual  13: 15824 op, 57880.00 ns, 3.6577 ns/op, 0.00 uJpkg, 0.00 uJdram
OverheadActual  14: 15824 op, 57521.00 ns, 3.6350 ns/op, 0.00 uJpkg, 0.00 uJdram
OverheadActual  15: 15824 op, 57808.00 ns, 3.6532 ns/op, 0.00 uJpkg, 0.00 uJdram

WorkloadWarmup   1: 15824 op, 1005235499.00 ns, 63.5260 us/op, 86611595.00 uJpkg, 0.00 uJdram
WorkloadWarmup   2: 15824 op, 1001756996.00 ns, 63.3062 us/op, 83397064.00 uJpkg, 0.00 uJdram
WorkloadWarmup   3: 15824 op, 998563255.00 ns, 63.1044 us/op, 83156037.00 uJpkg, 0.00 uJdram
WorkloadWarmup   4: 15824 op, 999277565.00 ns, 63.1495 us/op, 83609711.00 uJpkg, 0.00 uJdram
WorkloadWarmup   5: 15824 op, 998082188.00 ns, 63.0740 us/op, 83561432.00 uJpkg, 0.00 uJdram
WorkloadWarmup   6: 15824 op, 998811373.00 ns, 63.1200 us/op, 83520599.00 uJpkg, 0.00 uJdram

// BeforeActualRun
WorkloadActual   1: 15824 op, 1000764093.00 ns, 63.2434 us/op, 83621795.00 uJpkg, 0.00 uJdram
WorkloadActual   2: 15824 op, 1000336741.00 ns, 63.2164 us/op, 83500763.00 uJpkg, 0.00 uJdram
WorkloadActual   3: 15824 op, 999432719.00 ns, 63.1593 us/op, 83353729.00 uJpkg, 0.00 uJdram
WorkloadActual   4: 15824 op, 999120995.00 ns, 63.1396 us/op, 83252350.00 uJpkg, 0.00 uJdram
WorkloadActual   5: 15824 op, 999581319.00 ns, 63.1687 us/op, 83292389.00 uJpkg, 0.00 uJdram
WorkloadActual   6: 15824 op, 1000744420.00 ns, 63.2422 us/op, 83866667.00 uJpkg, 0.00 uJdram
WorkloadActual   7: 15824 op, 999121034.00 ns, 63.1396 us/op, 83007600.00 uJpkg, 0.00 uJdram
WorkloadActual   8: 15824 op, 1003407529.00 ns, 63.4105 us/op, 84002837.00 uJpkg, 0.00 uJdram
WorkloadActual   9: 15824 op, 998827044.00 ns, 63.1210 us/op, 82589266.00 uJpkg, 0.00 uJdram
WorkloadActual  10: 15824 op, 999463283.00 ns, 63.1612 us/op, 83736664.00 uJpkg, 0.00 uJdram
WorkloadActual  11: 15824 op, 999312687.00 ns, 63.1517 us/op, 82344211.00 uJpkg, 0.00 uJdram
WorkloadActual  12: 15824 op, 999229660.00 ns, 63.1465 us/op, 82988008.00 uJpkg, 0.00 uJdram
WorkloadActual  13: 15824 op, 998748808.00 ns, 63.1161 us/op, 82954012.00 uJpkg, 0.00 uJdram
WorkloadActual  14: 15824 op, 998552162.00 ns, 63.1037 us/op, 82922883.00 uJpkg, 0.00 uJdram
WorkloadActual  15: 15824 op, 998806159.00 ns, 63.1197 us/op, 83029450.00 uJpkg, 0.00 uJdram

// AfterActualRun
WorkloadResult   1: 15824 op, 1000708895.00 ns, 63.2399 us/op, 83621795.00 uJpkg, 0.00 uJdram
WorkloadResult   2: 15824 op, 1000281543.00 ns, 63.2129 us/op, 83500763.00 uJpkg, 0.00 uJdram
WorkloadResult   3: 15824 op, 999377521.00 ns, 63.1558 us/op, 83353729.00 uJpkg, 0.00 uJdram
WorkloadResult   4: 15824 op, 999065797.00 ns, 63.1361 us/op, 83252350.00 uJpkg, 0.00 uJdram
WorkloadResult   5: 15824 op, 999526121.00 ns, 63.1652 us/op, 83292389.00 uJpkg, 0.00 uJdram
WorkloadResult   6: 15824 op, 1000689222.00 ns, 63.2387 us/op, 83866667.00 uJpkg, 0.00 uJdram
WorkloadResult   7: 15824 op, 999065836.00 ns, 63.1361 us/op, 83007600.00 uJpkg, 0.00 uJdram
WorkloadResult   8: 15824 op, 1003352331.00 ns, 63.4070 us/op, 84002837.00 uJpkg, 0.00 uJdram
WorkloadResult   9: 15824 op, 998771846.00 ns, 63.1175 us/op, 82589266.00 uJpkg, 0.00 uJdram
WorkloadResult  10: 15824 op, 999408085.00 ns, 63.1577 us/op, 83736664.00 uJpkg, 0.00 uJdram
WorkloadResult  11: 15824 op, 999257489.00 ns, 63.1482 us/op, 82344211.00 uJpkg, 0.00 uJdram
WorkloadResult  12: 15824 op, 999174462.00 ns, 63.1430 us/op, 82988008.00 uJpkg, 0.00 uJdram
WorkloadResult  13: 15824 op, 998693610.00 ns, 63.1126 us/op, 82954012.00 uJpkg, 0.00 uJdram
WorkloadResult  14: 15824 op, 998496964.00 ns, 63.1002 us/op, 82922883.00 uJpkg, 0.00 uJdram
WorkloadResult  15: 15824 op, 998750961.00 ns, 63.1162 us/op, 83029450.00 uJpkg, 0.00 uJdram

// AfterAll
// Benchmark Process 4066027 has exited with code 0.

Mean = 63.172 μs, StdErr = 0.020 μs (0.03%), N = 15, StdDev = 0.078 μs
Min = 63.100 μs, Q1 = 63.127 μs, Median = 63.148 μs, Q3 = 63.189 μs, Max = 63.407 μs
IQR = 0.062 μs, LowerFence = 63.033 μs, UpperFence = 63.282 μs
ConfidenceInterval = [63.089 μs; 63.256 μs] (CI 99.9%), Margin = 0.083 μs (0.13% of Mean)
Skewness = 1.75, Kurtosis = 5.63, MValue = 2

// ** Remained 21 (70.0%) benchmark(s) to run. Estimated finish 2025-12-31 21:43 (0h 9m from now) **
// **************************
// Benchmark: JsonSerializationBenchmarks.SpanJson_Deserialize_Medium: Overhead-Fixed-Energy-8(OutlierMode=DontRemove, IterationCount=15, IterationTime=1s, LaunchCount=1, WarmupCount=6)
// *** Execute ***
// Launch: 1 / 1
// Execute: dotnet Serialization.Bench-Overhead-Fixed-Energy-8-1.dll --anonymousPipes 103 104 --benchmarkName Serialization.Bench.JsonSerializationBenchmarks.SpanJson_Deserialize_Medium --job Overhead-Fixed-Energy-8 --benchmarkId 9 in /home/test/rapl-tests/lib-energy-bench/src/Serialization.Bench/bin/Release/net8.0/Serialization.Bench-Overhead-Fixed-Energy-8-1/bin/Release/net8.0
// BeforeAnythingElse

// Benchmark Process Environment Information:
// BenchmarkDotNet v0.15.5-develop (2025-12-31)
// Runtime=.NET 8.0.21 (8.0.21, 8.0.2125.47513), X64 RyuJIT x86-64-v4
// GC=Concurrent Workstation
// HardwareIntrinsics=AVX512 IFMA+VBMI,AVX512 F+BW+CD+DQ+VL,AVX2+BMI1+BMI2+F16C+FMA+LZCNT+MOVBE,AVX,SSE3+SSSE3+SSE4.1+SSE4.2+POPCNT,X86Base+SSE+SSE2,AES+PCLMUL VectorSize=256
// Job: Overhead-Fixed-Energy-8(OutlierMode=DontRemove, IterationCount=15, IterationTime=1s, LaunchCount=1, WarmupCount=6)

OverheadJitting  1: 1 op, 150735.00 ns, 150.7350 us/op, 66223.00 uJpkg, 0.00 uJdram
WorkloadJitting  1: 1 op, 101095964.00 ns, 101.0960 ms/op, 6251876.00 uJpkg, 0.00 uJdram

WorkloadPilot    1: 4 op, 797344.00 ns, 199.3360 us/op, 68054.00 uJpkg, 0.00 uJdram
WorkloadPilot    2: 5017 op, 311030699.00 ns, 61.9954 us/op, 23539430.00 uJpkg, 0.00 uJdram
WorkloadPilot    3: 16130 op, 647917585.00 ns, 40.1685 us/op, 52825976.00 uJpkg, 0.00 uJdram
WorkloadPilot    4: 24895 op, 997587080.00 ns, 40.0718 us/op, 81677464.00 uJpkg, 0.00 uJdram
WorkloadPilot    5: 24955 op, 1005092095.00 ns, 40.2762 us/op, 82242954.00 uJpkg, 0.00 uJdram
WorkloadPilot    6: 24829 op, 996237483.00 ns, 40.1239 us/op, 81529454.00 uJpkg, 0.00 uJdram
WorkloadPilot    7: 24923 op, 1000643368.00 ns, 40.1494 us/op, 81507665.00 uJpkg, 0.00 uJdram
WorkloadPilot    8: 24907 op, 1000236818.00 ns, 40.1589 us/op, 81471105.00 uJpkg, 0.00 uJdram

WorkloadWarmup   1: 24907 op, 998676185.00 ns, 40.0962 us/op, 81318761.00 uJpkg, 0.00 uJdram
WorkloadWarmup   2: 24907 op, 1000915003.00 ns, 40.1861 us/op, 82462557.00 uJpkg, 0.00 uJdram
WorkloadWarmup   3: 24907 op, 999647871.00 ns, 40.1352 us/op, 81702366.00 uJpkg, 0.00 uJdram
WorkloadWarmup   4: 24907 op, 999465718.00 ns, 40.1279 us/op, 81789280.00 uJpkg, 0.00 uJdram
WorkloadWarmup   5: 24907 op, 1000198504.00 ns, 40.1573 us/op, 81919285.00 uJpkg, 0.00 uJdram
WorkloadWarmup   6: 24907 op, 1000144430.00 ns, 40.1552 us/op, 81714146.00 uJpkg, 0.00 uJdram

// BeforeActualRun
WorkloadActual   1: 24907 op, 997817656.00 ns, 40.0617 us/op, 81840184.00 uJpkg, 0.00 uJdram
WorkloadActual   2: 24907 op, 1001608295.00 ns, 40.2139 us/op, 82286593.00 uJpkg, 0.00 uJdram
WorkloadActual   3: 24907 op, 1001329602.00 ns, 40.2027 us/op, 83281281.00 uJpkg, 0.00 uJdram
WorkloadActual   4: 24907 op, 1001405398.00 ns, 40.2058 us/op, 82830171.00 uJpkg, 0.00 uJdram
WorkloadActual   5: 24907 op, 1001172967.00 ns, 40.1964 us/op, 81697850.00 uJpkg, 0.00 uJdram
WorkloadActual   6: 24907 op, 1001846185.00 ns, 40.2235 us/op, 82337802.00 uJpkg, 0.00 uJdram
WorkloadActual   7: 24907 op, 999667574.00 ns, 40.1360 us/op, 81641576.00 uJpkg, 0.00 uJdram
WorkloadActual   8: 24907 op, 1000193687.00 ns, 40.1571 us/op, 81996983.00 uJpkg, 0.00 uJdram
WorkloadActual   9: 24907 op, 1000456837.00 ns, 40.1677 us/op, 81780003.00 uJpkg, 0.00 uJdram
WorkloadActual  10: 24907 op, 999330111.00 ns, 40.1225 us/op, 81406774.00 uJpkg, 0.00 uJdram
WorkloadActual  11: 24907 op, 1001454469.00 ns, 40.2078 us/op, 82002232.00 uJpkg, 0.00 uJdram
WorkloadActual  12: 24907 op, 997573918.00 ns, 40.0519 us/op, 81620702.00 uJpkg, 0.00 uJdram
WorkloadActual  13: 24907 op, 999058719.00 ns, 40.1116 us/op, 81661412.00 uJpkg, 0.00 uJdram
WorkloadActual  14: 24907 op, 996900463.00 ns, 40.0249 us/op, 81482641.00 uJpkg, 0.00 uJdram
WorkloadActual  15: 24907 op, 997076355.00 ns, 40.0320 us/op, 81576757.00 uJpkg, 0.00 uJdram

// AfterActualRun
WorkloadResult   1: 24907 op, 997817656.00 ns, 40.0617 us/op, 81840184.00 uJpkg, 0.00 uJdram
WorkloadResult   2: 24907 op, 1001608295.00 ns, 40.2139 us/op, 82286593.00 uJpkg, 0.00 uJdram
WorkloadResult   3: 24907 op, 1001329602.00 ns, 40.2027 us/op, 83281281.00 uJpkg, 0.00 uJdram
WorkloadResult   4: 24907 op, 1001405398.00 ns, 40.2058 us/op, 82830171.00 uJpkg, 0.00 uJdram
WorkloadResult   5: 24907 op, 1001172967.00 ns, 40.1964 us/op, 81697850.00 uJpkg, 0.00 uJdram
WorkloadResult   6: 24907 op, 1001846185.00 ns, 40.2235 us/op, 82337802.00 uJpkg, 0.00 uJdram
WorkloadResult   7: 24907 op, 999667574.00 ns, 40.1360 us/op, 81641576.00 uJpkg, 0.00 uJdram
WorkloadResult   8: 24907 op, 1000193687.00 ns, 40.1571 us/op, 81996983.00 uJpkg, 0.00 uJdram
WorkloadResult   9: 24907 op, 1000456837.00 ns, 40.1677 us/op, 81780003.00 uJpkg, 0.00 uJdram
WorkloadResult  10: 24907 op, 999330111.00 ns, 40.1225 us/op, 81406774.00 uJpkg, 0.00 uJdram
WorkloadResult  11: 24907 op, 1001454469.00 ns, 40.2078 us/op, 82002232.00 uJpkg, 0.00 uJdram
WorkloadResult  12: 24907 op, 997573918.00 ns, 40.0519 us/op, 81620702.00 uJpkg, 0.00 uJdram
WorkloadResult  13: 24907 op, 999058719.00 ns, 40.1116 us/op, 81661412.00 uJpkg, 0.00 uJdram
WorkloadResult  14: 24907 op, 996900463.00 ns, 40.0249 us/op, 81482641.00 uJpkg, 0.00 uJdram
WorkloadResult  15: 24907 op, 997076355.00 ns, 40.0320 us/op, 81576757.00 uJpkg, 0.00 uJdram

// AfterAll
// Benchmark Process 4066046 has exited with code 0.

Mean = 40.141 μs, StdErr = 0.018 μs (0.05%), N = 15, StdDev = 0.070 μs
Min = 40.025 μs, Q1 = 40.087 μs, Median = 40.157 μs, Q3 = 40.204 μs, Max = 40.223 μs
IQR = 0.118 μs, LowerFence = 39.910 μs, UpperFence = 40.381 μs
ConfidenceInterval = [40.066 μs; 40.216 μs] (CI 99.9%), Margin = 0.075 μs (0.19% of Mean)
Skewness = -0.41, Kurtosis = 1.53, MValue = 2

// ** Remained 20 (66.7%) benchmark(s) to run. Estimated finish 2025-12-31 21:43 (0h 8m from now) **
// **************************
// Benchmark: JsonSerializationBenchmarks.STJ_Deserialize_Small: Overhead-Fixed-Energy-8(OutlierMode=DontRemove, IterationCount=15, IterationTime=1s, LaunchCount=1, WarmupCount=6)
// *** Execute ***
// Launch: 1 / 1
// Execute: dotnet Serialization.Bench-Overhead-Fixed-Energy-8-1.dll --anonymousPipes 103 104 --benchmarkName Serialization.Bench.JsonSerializationBenchmarks.STJ_Deserialize_Small --job Overhead-Fixed-Energy-8 --benchmarkId 10 in /home/test/rapl-tests/lib-energy-bench/src/Serialization.Bench/bin/Release/net8.0/Serialization.Bench-Overhead-Fixed-Energy-8-1/bin/Release/net8.0
// BeforeAnythingElse

// Benchmark Process Environment Information:
// BenchmarkDotNet v0.15.5-develop (2025-12-31)
// Runtime=.NET 8.0.21 (8.0.21, 8.0.2125.47513), X64 RyuJIT x86-64-v4
// GC=Concurrent Workstation
// HardwareIntrinsics=AVX512 IFMA+VBMI,AVX512 F+BW+CD+DQ+VL,AVX2+BMI1+BMI2+F16C+FMA+LZCNT+MOVBE,AVX,SSE3+SSSE3+SSE4.1+SSE4.2+POPCNT,X86Base+SSE+SSE2,AES+PCLMUL VectorSize=256
// Job: Overhead-Fixed-Energy-8(OutlierMode=DontRemove, IterationCount=15, IterationTime=1s, LaunchCount=1, WarmupCount=6)

OverheadJitting  1: 1 op, 141000.00 ns, 141.0000 us/op, 70434.00 uJpkg, 0.00 uJdram
WorkloadJitting  1: 1 op, 181368.00 ns, 181.3680 us/op, 0.00 uJpkg, 0.00 uJdram

OverheadJitting  2: 16 op, 384133.00 ns, 24.0083 us/op, 0.00 uJpkg, 0.00 uJdram
WorkloadJitting  2: 16 op, 472932.00 ns, 29.5583 us/op, 66039.00 uJpkg, 0.00 uJdram

WorkloadPilot    1: 16 op, 81196.00 ns, 5.0748 us/op, 0.00 uJpkg, 0.00 uJdram
WorkloadPilot    2: 197056 op, 637463918.00 ns, 3.2349 us/op, 50548210.00 uJpkg, 0.00 uJdram
WorkloadPilot    3: 309136 op, 616197293.00 ns, 1.9933 us/op, 54415082.00 uJpkg, 0.00 uJdram
WorkloadPilot    4: 501696 op, 997413917.00 ns, 1.9881 us/op, 88606706.00 uJpkg, 0.00 uJdram
WorkloadPilot    5: 503008 op, 999487990.00 ns, 1.9870 us/op, 88794634.00 uJpkg, 0.00 uJdram
WorkloadPilot    6: 503280 op, 995406139.00 ns, 1.9778 us/op, 88276569.00 uJpkg, 0.00 uJdram
WorkloadPilot    7: 505616 op, 1006630062.00 ns, 1.9909 us/op, 89484268.00 uJpkg, 0.00 uJdram
WorkloadPilot    8: 502288 op, 995690395.00 ns, 1.9823 us/op, 88406939.00 uJpkg, 0.00 uJdram
WorkloadPilot    9: 504464 op, 997505257.00 ns, 1.9774 us/op, 88677385.00 uJpkg, 0.00 uJdram
WorkloadPilot   10: 505728 op, 1000799109.00 ns, 1.9789 us/op, 89302689.00 uJpkg, 0.00 uJdram
WorkloadPilot   11: 505328 op, 998737205.00 ns, 1.9764 us/op, 89114274.00 uJpkg, 0.00 uJdram
WorkloadPilot   12: 505968 op, 1005629927.00 ns, 1.9875 us/op, 89042436.00 uJpkg, 0.00 uJdram

OverheadWarmup   1: 505968 op, 1727788.00 ns, 3.4148 ns/op, 76599.00 uJpkg, 0.00 uJdram
OverheadWarmup   2: 505968 op, 1727974.00 ns, 3.4152 ns/op, 137390.00 uJpkg, 0.00 uJdram
OverheadWarmup   3: 505968 op, 1732550.00 ns, 3.4242 ns/op, 124633.00 uJpkg, 0.00 uJdram
OverheadWarmup   4: 505968 op, 1728342.00 ns, 3.4159 ns/op, 61585.00 uJpkg, 0.00 uJdram
OverheadWarmup   5: 505968 op, 1727647.00 ns, 3.4145 ns/op, 145934.00 uJpkg, 0.00 uJdram
OverheadWarmup   6: 505968 op, 1729629.00 ns, 3.4185 ns/op, 144592.00 uJpkg, 0.00 uJdram
OverheadWarmup   7: 505968 op, 1728054.00 ns, 3.4153 ns/op, 138245.00 uJpkg, 0.00 uJdram

OverheadActual   1: 505968 op, 1728150.00 ns, 3.4155 ns/op, 138916.00 uJpkg, 0.00 uJdram
OverheadActual   2: 505968 op, 1730185.00 ns, 3.4196 ns/op, 138854.00 uJpkg, 0.00 uJdram
OverheadActual   3: 505968 op, 1724076.00 ns, 3.4075 ns/op, 62500.00 uJpkg, 0.00 uJdram
OverheadActual   4: 505968 op, 1729717.00 ns, 3.4186 ns/op, 128906.00 uJpkg, 0.00 uJdram
OverheadActual   5: 505968 op, 1730358.00 ns, 3.4199 ns/op, 148804.00 uJpkg, 0.00 uJdram
OverheadActual   6: 505968 op, 1730653.00 ns, 3.4205 ns/op, 125732.00 uJpkg, 0.00 uJdram
OverheadActual   7: 505968 op, 1733318.00 ns, 3.4257 ns/op, 163330.00 uJpkg, 0.00 uJdram
OverheadActual   8: 505968 op, 1728406.00 ns, 3.4160 ns/op, 145874.00 uJpkg, 0.00 uJdram
OverheadActual   9: 505968 op, 1733530.00 ns, 3.4262 ns/op, 140807.00 uJpkg, 0.00 uJdram
OverheadActual  10: 505968 op, 1738600.00 ns, 3.4362 ns/op, 124512.00 uJpkg, 0.00 uJdram
OverheadActual  11: 505968 op, 1733991.00 ns, 3.4271 ns/op, 115906.00 uJpkg, 0.00 uJdram
OverheadActual  12: 505968 op, 1733193.00 ns, 3.4255 ns/op, 52429.00 uJpkg, 0.00 uJdram
OverheadActual  13: 505968 op, 1745305.00 ns, 3.4494 ns/op, 124755.00 uJpkg, 0.00 uJdram
OverheadActual  14: 505968 op, 1755851.00 ns, 3.4703 ns/op, 66345.00 uJpkg, 0.00 uJdram
OverheadActual  15: 505968 op, 1761086.00 ns, 3.4806 ns/op, 137023.00 uJpkg, 0.00 uJdram

WorkloadWarmup   1: 505968 op, 1004577041.00 ns, 1.9855 us/op, 90738293.00 uJpkg, 0.00 uJdram
WorkloadWarmup   2: 505968 op, 1003031224.00 ns, 1.9824 us/op, 88395160.00 uJpkg, 0.00 uJdram
WorkloadWarmup   3: 505968 op, 999855249.00 ns, 1.9761 us/op, 87964802.00 uJpkg, 0.00 uJdram
WorkloadWarmup   4: 505968 op, 1000770686.00 ns, 1.9779 us/op, 88295428.00 uJpkg, 0.00 uJdram
WorkloadWarmup   5: 505968 op, 1006145593.00 ns, 1.9886 us/op, 88906938.00 uJpkg, 0.00 uJdram
WorkloadWarmup   6: 505968 op, 1004604882.00 ns, 1.9855 us/op, 88633745.00 uJpkg, 0.00 uJdram

// BeforeActualRun
WorkloadActual   1: 505968 op, 1007574815.00 ns, 1.9914 us/op, 88693254.00 uJpkg, 0.00 uJdram
WorkloadActual   2: 505968 op, 1002371374.00 ns, 1.9811 us/op, 88633135.00 uJpkg, 0.00 uJdram
WorkloadActual   3: 505968 op, 1007183123.00 ns, 1.9906 us/op, 88988419.00 uJpkg, 0.00 uJdram
WorkloadActual   4: 505968 op, 1006180824.00 ns, 1.9886 us/op, 89113786.00 uJpkg, 0.00 uJdram
WorkloadActual   5: 505968 op, 1005978486.00 ns, 1.9882 us/op, 89281327.00 uJpkg, 0.00 uJdram
WorkloadActual   6: 505968 op, 1005652590.00 ns, 1.9876 us/op, 89320938.00 uJpkg, 0.00 uJdram
WorkloadActual   7: 505968 op, 1001279220.00 ns, 1.9789 us/op, 88898759.00 uJpkg, 0.00 uJdram
WorkloadActual   8: 505968 op, 1001146639.00 ns, 1.9787 us/op, 89019730.00 uJpkg, 0.00 uJdram
WorkloadActual   9: 505968 op, 1003363091.00 ns, 1.9831 us/op, 89323623.00 uJpkg, 0.00 uJdram
WorkloadActual  10: 505968 op, 1003452002.00 ns, 1.9832 us/op, 89675124.00 uJpkg, 0.00 uJdram
WorkloadActual  11: 505968 op, 1000822580.00 ns, 1.9780 us/op, 88252582.00 uJpkg, 0.00 uJdram
WorkloadActual  12: 505968 op, 1002208160.00 ns, 1.9808 us/op, 88260882.00 uJpkg, 0.00 uJdram
WorkloadActual  13: 505968 op, 1004020988.00 ns, 1.9844 us/op, 88533159.00 uJpkg, 0.00 uJdram
WorkloadActual  14: 505968 op, 1002390395.00 ns, 1.9811 us/op, 88328265.00 uJpkg, 0.00 uJdram
WorkloadActual  15: 505968 op, 1001876449.00 ns, 1.9801 us/op, 88569719.00 uJpkg, 0.00 uJdram

// AfterActualRun
WorkloadResult   1: 505968 op, 1005841622.00 ns, 1.9880 us/op, 88693254.00 uJpkg, 0.00 uJdram
WorkloadResult   2: 505968 op, 1000638181.00 ns, 1.9777 us/op, 88633135.00 uJpkg, 0.00 uJdram
WorkloadResult   3: 505968 op, 1005449930.00 ns, 1.9872 us/op, 88988419.00 uJpkg, 0.00 uJdram
WorkloadResult   4: 505968 op, 1004447631.00 ns, 1.9852 us/op, 89113786.00 uJpkg, 0.00 uJdram
WorkloadResult   5: 505968 op, 1004245293.00 ns, 1.9848 us/op, 89281327.00 uJpkg, 0.00 uJdram
WorkloadResult   6: 505968 op, 1003919397.00 ns, 1.9842 us/op, 89320938.00 uJpkg, 0.00 uJdram
WorkloadResult   7: 505968 op, 999546027.00 ns, 1.9755 us/op, 88898759.00 uJpkg, 0.00 uJdram
WorkloadResult   8: 505968 op, 999413446.00 ns, 1.9753 us/op, 89019730.00 uJpkg, 0.00 uJdram
WorkloadResult   9: 505968 op, 1001629898.00 ns, 1.9796 us/op, 89323623.00 uJpkg, 0.00 uJdram
WorkloadResult  10: 505968 op, 1001718809.00 ns, 1.9798 us/op, 89675124.00 uJpkg, 0.00 uJdram
WorkloadResult  11: 505968 op, 999089387.00 ns, 1.9746 us/op, 88252582.00 uJpkg, 0.00 uJdram
WorkloadResult  12: 505968 op, 1000474967.00 ns, 1.9773 us/op, 88260882.00 uJpkg, 0.00 uJdram
WorkloadResult  13: 505968 op, 1002287795.00 ns, 1.9809 us/op, 88533159.00 uJpkg, 0.00 uJdram
WorkloadResult  14: 505968 op, 1000657202.00 ns, 1.9777 us/op, 88328265.00 uJpkg, 0.00 uJdram
WorkloadResult  15: 505968 op, 1000143256.00 ns, 1.9767 us/op, 88569719.00 uJpkg, 0.00 uJdram

// AfterAll
// Benchmark Process 4066067 has exited with code 0.

Mean = 1.980 μs, StdErr = 0.001 μs (0.06%), N = 15, StdDev = 0.004 μs
Min = 1.975 μs, Q1 = 1.977 μs, Median = 1.980 μs, Q3 = 1.984 μs, Max = 1.988 μs
IQR = 0.007 μs, LowerFence = 1.966 μs, UpperFence = 1.996 μs
ConfidenceInterval = [1.975 μs; 1.985 μs] (CI 99.9%), Margin = 0.005 μs (0.24% of Mean)
Skewness = 0.38, Kurtosis = 1.55, MValue = 2

// ** Remained 19 (63.3%) benchmark(s) to run. Estimated finish 2025-12-31 21:44 (0h 8m from now) **
// **************************
// Benchmark: JsonSerializationBenchmarks.Newtonsoft_Deserialize_Small: Overhead-Fixed-Energy-8(OutlierMode=DontRemove, IterationCount=15, IterationTime=1s, LaunchCount=1, WarmupCount=6)
// *** Execute ***
// Launch: 1 / 1
// Execute: dotnet Serialization.Bench-Overhead-Fixed-Energy-8-1.dll --anonymousPipes 103 104 --benchmarkName Serialization.Bench.JsonSerializationBenchmarks.Newtonsoft_Deserialize_Small --job Overhead-Fixed-Energy-8 --benchmarkId 11 in /home/test/rapl-tests/lib-energy-bench/src/Serialization.Bench/bin/Release/net8.0/Serialization.Bench-Overhead-Fixed-Energy-8-1/bin/Release/net8.0
// BeforeAnythingElse

// Benchmark Process Environment Information:
// BenchmarkDotNet v0.15.5-develop (2025-12-31)
// Runtime=.NET 8.0.21 (8.0.21, 8.0.2125.47513), X64 RyuJIT x86-64-v4
// GC=Concurrent Workstation
// HardwareIntrinsics=AVX512 IFMA+VBMI,AVX512 F+BW+CD+DQ+VL,AVX2+BMI1+BMI2+F16C+FMA+LZCNT+MOVBE,AVX,SSE3+SSSE3+SSE4.1+SSE4.2+POPCNT,X86Base+SSE+SSE2,AES+PCLMUL VectorSize=256
// Job: Overhead-Fixed-Energy-8(OutlierMode=DontRemove, IterationCount=15, IterationTime=1s, LaunchCount=1, WarmupCount=6)

OverheadJitting  1: 1 op, 141672.00 ns, 141.6720 us/op, 63599.00 uJpkg, 0.00 uJdram
WorkloadJitting  1: 1 op, 42094555.00 ns, 42.0946 ms/op, 2559319.00 uJpkg, 0.00 uJdram

OverheadJitting  2: 16 op, 395001.00 ns, 24.6876 us/op, 64759.00 uJpkg, 0.00 uJdram
WorkloadJitting  2: 16 op, 814390.00 ns, 50.8994 us/op, 0.00 uJpkg, 0.00 uJdram

WorkloadPilot    1: 16 op, 415197.00 ns, 25.9498 us/op, 0.00 uJpkg, 0.00 uJdram
WorkloadPilot    2: 38544 op, 339443022.00 ns, 8.8066 us/op, 27480338.00 uJpkg, 0.00 uJdram
WorkloadPilot    3: 113552 op, 421374012.00 ns, 3.7108 us/op, 36275298.00 uJpkg, 0.00 uJdram
WorkloadPilot    4: 269488 op, 995166893.00 ns, 3.6928 us/op, 85456812.00 uJpkg, 0.00 uJdram
WorkloadPilot    5: 270800 op, 999154059.00 ns, 3.6896 us/op, 86066369.00 uJpkg, 0.00 uJdram
WorkloadPilot    6: 271040 op, 998633360.00 ns, 3.6845 us/op, 86189354.00 uJpkg, 0.00 uJdram
WorkloadPilot    7: 271424 op, 1001715380.00 ns, 3.6906 us/op, 86705772.00 uJpkg, 0.00 uJdram
WorkloadPilot    8: 270960 op, 999669736.00 ns, 3.6894 us/op, 86326500.00 uJpkg, 0.00 uJdram
WorkloadPilot    9: 271056 op, 999898061.00 ns, 3.6889 us/op, 86085107.00 uJpkg, 0.00 uJdram
WorkloadPilot   10: 271088 op, 1001501900.00 ns, 3.6944 us/op, 87046530.00 uJpkg, 0.00 uJdram
WorkloadPilot   11: 270688 op, 999036490.00 ns, 3.6907 us/op, 85944848.00 uJpkg, 0.00 uJdram
WorkloadPilot   12: 270960 op, 1000061072.00 ns, 3.6908 us/op, 86415245.00 uJpkg, 0.00 uJdram

OverheadWarmup   1: 270960 op, 922704.00 ns, 3.4053 ns/op, 75622.00 uJpkg, 0.00 uJdram
OverheadWarmup   2: 270960 op, 923165.00 ns, 3.4070 ns/op, 0.00 uJpkg, 0.00 uJdram
OverheadWarmup   3: 270960 op, 922013.00 ns, 3.4028 ns/op, 52062.00 uJpkg, 0.00 uJdram
OverheadWarmup   4: 270960 op, 928612.00 ns, 3.4271 ns/op, 57983.00 uJpkg, 0.00 uJdram
OverheadWarmup   5: 270960 op, 926925.00 ns, 3.4209 ns/op, 70129.00 uJpkg, 0.00 uJdram

OverheadActual   1: 270960 op, 926582.00 ns, 3.4196 ns/op, 70312.00 uJpkg, 0.00 uJdram
OverheadActual   2: 270960 op, 931266.00 ns, 3.4369 ns/op, 77697.00 uJpkg, 0.00 uJdram
OverheadActual   3: 270960 op, 944910.00 ns, 3.4873 ns/op, 75317.00 uJpkg, 0.00 uJdram
OverheadActual   4: 270960 op, 947924.00 ns, 3.4984 ns/op, 82519.00 uJpkg, 0.00 uJdram
OverheadActual   5: 270960 op, 929950.00 ns, 3.4321 ns/op, 86486.00 uJpkg, 0.00 uJdram
OverheadActual   6: 270960 op, 947448.00 ns, 3.4966 ns/op, 72082.00 uJpkg, 0.00 uJdram
OverheadActual   7: 270960 op, 945081.00 ns, 3.4879 ns/op, 72815.00 uJpkg, 0.00 uJdram
OverheadActual   8: 270960 op, 924009.00 ns, 3.4101 ns/op, 84594.00 uJpkg, 0.00 uJdram
OverheadActual   9: 270960 op, 921061.00 ns, 3.3993 ns/op, 69886.00 uJpkg, 0.00 uJdram
OverheadActual  10: 270960 op, 925037.00 ns, 3.4139 ns/op, 72876.00 uJpkg, 0.00 uJdram
OverheadActual  11: 270960 op, 924672.00 ns, 3.4126 ns/op, 87585.00 uJpkg, 0.00 uJdram
OverheadActual  12: 270960 op, 924369.00 ns, 3.4115 ns/op, 94360.00 uJpkg, 0.00 uJdram
OverheadActual  13: 270960 op, 921270.00 ns, 3.4000 ns/op, 79773.00 uJpkg, 0.00 uJdram
OverheadActual  14: 270960 op, 944905.00 ns, 3.4872 ns/op, 72998.00 uJpkg, 0.00 uJdram
OverheadActual  15: 270960 op, 927297.00 ns, 3.4223 ns/op, 81421.00 uJpkg, 0.00 uJdram

WorkloadWarmup   1: 270960 op, 1001787624.00 ns, 3.6972 us/op, 88863237.00 uJpkg, 0.00 uJdram
WorkloadWarmup   2: 270960 op, 1001122833.00 ns, 3.6947 us/op, 86536766.00 uJpkg, 0.00 uJdram
WorkloadWarmup   3: 270960 op, 998451635.00 ns, 3.6849 us/op, 85906519.00 uJpkg, 0.00 uJdram
WorkloadWarmup   4: 270960 op, 998714347.00 ns, 3.6858 us/op, 86389855.00 uJpkg, 0.00 uJdram
WorkloadWarmup   5: 270960 op, 999695811.00 ns, 3.6895 us/op, 86165673.00 uJpkg, 0.00 uJdram
WorkloadWarmup   6: 270960 op, 1000069760.00 ns, 3.6908 us/op, 86258446.00 uJpkg, 0.00 uJdram

// BeforeActualRun
WorkloadActual   1: 270960 op, 1000304410.00 ns, 3.6917 us/op, 86230554.00 uJpkg, 0.00 uJdram
WorkloadActual   2: 270960 op, 1000845801.00 ns, 3.6937 us/op, 86497398.00 uJpkg, 0.00 uJdram
WorkloadActual   3: 270960 op, 1000041839.00 ns, 3.6907 us/op, 86621727.00 uJpkg, 0.00 uJdram
WorkloadActual   4: 270960 op, 1000449837.00 ns, 3.6922 us/op, 86706016.00 uJpkg, 0.00 uJdram
WorkloadActual   5: 270960 op, 1000480692.00 ns, 3.6924 us/op, 86547996.00 uJpkg, 0.00 uJdram
WorkloadActual   6: 270960 op, 1001336851.00 ns, 3.6955 us/op, 86402672.00 uJpkg, 0.00 uJdram
WorkloadActual   7: 270960 op, 999919367.00 ns, 3.6903 us/op, 86603843.00 uJpkg, 0.00 uJdram
WorkloadActual   8: 270960 op, 1003247911.00 ns, 3.7026 us/op, 87412557.00 uJpkg, 0.00 uJdram
WorkloadActual   9: 270960 op, 1000925682.00 ns, 3.6940 us/op, 86528221.00 uJpkg, 0.00 uJdram
WorkloadActual  10: 270960 op, 1000112093.00 ns, 3.6910 us/op, 87538106.00 uJpkg, 0.00 uJdram
WorkloadActual  11: 270960 op, 1000137328.00 ns, 3.6911 us/op, 86182884.00 uJpkg, 0.00 uJdram
WorkloadActual  12: 270960 op, 1000540294.00 ns, 3.6926 us/op, 86776450.00 uJpkg, 0.00 uJdram
WorkloadActual  13: 270960 op, 1000107259.00 ns, 3.6910 us/op, 86422447.00 uJpkg, 0.00 uJdram
WorkloadActual  14: 270960 op, 1000236213.00 ns, 3.6915 us/op, 86358055.00 uJpkg, 0.00 uJdram
WorkloadActual  15: 270960 op, 1000347542.00 ns, 3.6919 us/op, 86358239.00 uJpkg, 0.00 uJdram

// AfterActualRun
WorkloadResult   1: 270960 op, 999377113.00 ns, 3.6883 us/op, 86230554.00 uJpkg, 0.00 uJdram
WorkloadResult   2: 270960 op, 999918504.00 ns, 3.6903 us/op, 86497398.00 uJpkg, 0.00 uJdram
WorkloadResult   3: 270960 op, 999114542.00 ns, 3.6873 us/op, 86621727.00 uJpkg, 0.00 uJdram
WorkloadResult   4: 270960 op, 999522540.00 ns, 3.6888 us/op, 86706016.00 uJpkg, 0.00 uJdram
WorkloadResult   5: 270960 op, 999553395.00 ns, 3.6889 us/op, 86547996.00 uJpkg, 0.00 uJdram
WorkloadResult   6: 270960 op, 1000409554.00 ns, 3.6921 us/op, 86402672.00 uJpkg, 0.00 uJdram
WorkloadResult   7: 270960 op, 998992070.00 ns, 3.6869 us/op, 86603843.00 uJpkg, 0.00 uJdram
WorkloadResult   8: 270960 op, 1002320614.00 ns, 3.6991 us/op, 87412557.00 uJpkg, 0.00 uJdram
WorkloadResult   9: 270960 op, 999998385.00 ns, 3.6906 us/op, 86528221.00 uJpkg, 0.00 uJdram
WorkloadResult  10: 270960 op, 999184796.00 ns, 3.6876 us/op, 87538106.00 uJpkg, 0.00 uJdram
WorkloadResult  11: 270960 op, 999210031.00 ns, 3.6877 us/op, 86182884.00 uJpkg, 0.00 uJdram
WorkloadResult  12: 270960 op, 999612997.00 ns, 3.6892 us/op, 86776450.00 uJpkg, 0.00 uJdram
WorkloadResult  13: 270960 op, 999179962.00 ns, 3.6876 us/op, 86422447.00 uJpkg, 0.00 uJdram
WorkloadResult  14: 270960 op, 999308916.00 ns, 3.6880 us/op, 86358055.00 uJpkg, 0.00 uJdram
WorkloadResult  15: 270960 op, 999420245.00 ns, 3.6884 us/op, 86358239.00 uJpkg, 0.00 uJdram

// AfterAll
// Benchmark Process 4066084 has exited with code 0.

Mean = 3.689 μs, StdErr = 0.001 μs (0.02%), N = 15, StdDev = 0.003 μs
Min = 3.687 μs, Q1 = 3.688 μs, Median = 3.688 μs, Q3 = 3.690 μs, Max = 3.699 μs
IQR = 0.002 μs, LowerFence = 3.684 μs, UpperFence = 3.693 μs
ConfidenceInterval = [3.686 μs; 3.693 μs] (CI 99.9%), Margin = 0.003 μs (0.09% of Mean)
Skewness = 2.15, Kurtosis = 7.19, MValue = 2

// ** Remained 18 (60.0%) benchmark(s) to run. Estimated finish 2025-12-31 21:44 (0h 8m from now) **
// **************************
// Benchmark: JsonSerializationBenchmarks.Jil_Deserialize_Small: Overhead-Fixed-Energy-8(OutlierMode=DontRemove, IterationCount=15, IterationTime=1s, LaunchCount=1, WarmupCount=6)
// *** Execute ***
// Launch: 1 / 1
// Execute: dotnet Serialization.Bench-Overhead-Fixed-Energy-8-1.dll --anonymousPipes 103 104 --benchmarkName Serialization.Bench.JsonSerializationBenchmarks.Jil_Deserialize_Small --job Overhead-Fixed-Energy-8 --benchmarkId 12 in /home/test/rapl-tests/lib-energy-bench/src/Serialization.Bench/bin/Release/net8.0/Serialization.Bench-Overhead-Fixed-Energy-8-1/bin/Release/net8.0
// BeforeAnythingElse

// Benchmark Process Environment Information:
// BenchmarkDotNet v0.15.5-develop (2025-12-31)
// Runtime=.NET 8.0.21 (8.0.21, 8.0.2125.47513), X64 RyuJIT x86-64-v4
// GC=Concurrent Workstation
// HardwareIntrinsics=AVX512 IFMA+VBMI,AVX512 F+BW+CD+DQ+VL,AVX2+BMI1+BMI2+F16C+FMA+LZCNT+MOVBE,AVX,SSE3+SSSE3+SSE4.1+SSE4.2+POPCNT,X86Base+SSE+SSE2,AES+PCLMUL VectorSize=256
// Job: Overhead-Fixed-Energy-8(OutlierMode=DontRemove, IterationCount=15, IterationTime=1s, LaunchCount=1, WarmupCount=6)

OverheadJitting  1: 1 op, 142819.00 ns, 142.8190 us/op, 63049.00 uJpkg, 0.00 uJdram
WorkloadJitting  1: 1 op, 113920204.00 ns, 113.9202 ms/op, 7148053.00 uJpkg, 0.00 uJdram

WorkloadPilot    1: 4 op, 42212.00 ns, 10.5530 us/op, 0.00 uJpkg, 0.00 uJdram
WorkloadPilot    2: 94760 op, 307206838.00 ns, 3.2419 us/op, 23088198.00 uJpkg, 0.00 uJdram
WorkloadPilot    3: 308457 op, 697995951.00 ns, 2.2629 us/op, 59285920.00 uJpkg, 0.00 uJdram
WorkloadPilot    4: 441918 op, 999096247.00 ns, 2.2608 us/op, 84591275.00 uJpkg, 0.00 uJdram
WorkloadPilot    5: 442318 op, 999059071.00 ns, 2.2587 us/op, 84734158.00 uJpkg, 0.00 uJdram
WorkloadPilot    6: 442735 op, 1002447277.00 ns, 2.2642 us/op, 85574915.00 uJpkg, 0.00 uJdram
WorkloadPilot    7: 441654 op, 1001930908.00 ns, 2.2686 us/op, 85141810.00 uJpkg, 0.00 uJdram
WorkloadPilot    8: 440803 op, 995814446.00 ns, 2.2591 us/op, 84536892.00 uJpkg, 0.00 uJdram
WorkloadPilot    9: 442656 op, 1002654423.00 ns, 2.2651 us/op, 84948330.00 uJpkg, 0.00 uJdram

WorkloadWarmup   1: 442656 op, 1000424702.00 ns, 2.2601 us/op, 85760584.00 uJpkg, 0.00 uJdram
WorkloadWarmup   2: 442656 op, 1000629187.00 ns, 2.2605 us/op, 85235805.00 uJpkg, 0.00 uJdram
WorkloadWarmup   3: 442656 op, 1004267549.00 ns, 2.2687 us/op, 85736780.00 uJpkg, 0.00 uJdram
WorkloadWarmup   4: 442656 op, 1000999234.00 ns, 2.2613 us/op, 84460477.00 uJpkg, 0.00 uJdram
WorkloadWarmup   5: 442656 op, 1003190908.00 ns, 2.2663 us/op, 84661465.00 uJpkg, 0.00 uJdram
WorkloadWarmup   6: 442656 op, 1000270708.00 ns, 2.2597 us/op, 85229762.00 uJpkg, 0.00 uJdram

// BeforeActualRun
WorkloadActual   1: 442656 op, 999091402.00 ns, 2.2570 us/op, 84907131.00 uJpkg, 0.00 uJdram
WorkloadActual   2: 442656 op, 1000777190.00 ns, 2.2608 us/op, 86308434.00 uJpkg, 0.00 uJdram
WorkloadActual   3: 442656 op, 1003183839.00 ns, 2.2663 us/op, 85948938.00 uJpkg, 0.00 uJdram
WorkloadActual   4: 442656 op, 1002795335.00 ns, 2.2654 us/op, 85862574.00 uJpkg, 0.00 uJdram
WorkloadActual   5: 442656 op, 999287259.00 ns, 2.2575 us/op, 85067592.00 uJpkg, 0.00 uJdram
WorkloadActual   6: 442656 op, 1003750058.00 ns, 2.2676 us/op, 85275416.00 uJpkg, 0.00 uJdram
WorkloadActual   7: 442656 op, 1003494815.00 ns, 2.2670 us/op, 85434169.00 uJpkg, 0.00 uJdram
WorkloadActual   8: 442656 op, 1001152097.00 ns, 2.2617 us/op, 85891565.00 uJpkg, 0.00 uJdram
WorkloadActual   9: 442656 op, 1001602742.00 ns, 2.2627 us/op, 84964077.00 uJpkg, 0.00 uJdram
WorkloadActual  10: 442656 op, 1005784077.00 ns, 2.2722 us/op, 86301659.00 uJpkg, 0.00 uJdram
WorkloadActual  11: 442656 op, 1002407037.00 ns, 2.2645 us/op, 86029138.00 uJpkg, 0.00 uJdram
WorkloadActual  12: 442656 op, 1002570829.00 ns, 2.2649 us/op, 86005944.00 uJpkg, 0.00 uJdram
WorkloadActual  13: 442656 op, 999752151.00 ns, 2.2585 us/op, 85499293.00 uJpkg, 0.00 uJdram
WorkloadActual  14: 442656 op, 999324086.00 ns, 2.2576 us/op, 85532435.00 uJpkg, 0.00 uJdram
WorkloadActual  15: 442656 op, 1002834014.00 ns, 2.2655 us/op, 85083644.00 uJpkg, 0.00 uJdram

// AfterActualRun
WorkloadResult   1: 442656 op, 999091402.00 ns, 2.2570 us/op, 84907131.00 uJpkg, 0.00 uJdram
WorkloadResult   2: 442656 op, 1000777190.00 ns, 2.2608 us/op, 86308434.00 uJpkg, 0.00 uJdram
WorkloadResult   3: 442656 op, 1003183839.00 ns, 2.2663 us/op, 85948938.00 uJpkg, 0.00 uJdram
WorkloadResult   4: 442656 op, 1002795335.00 ns, 2.2654 us/op, 85862574.00 uJpkg, 0.00 uJdram
WorkloadResult   5: 442656 op, 999287259.00 ns, 2.2575 us/op, 85067592.00 uJpkg, 0.00 uJdram
WorkloadResult   6: 442656 op, 1003750058.00 ns, 2.2676 us/op, 85275416.00 uJpkg, 0.00 uJdram
WorkloadResult   7: 442656 op, 1003494815.00 ns, 2.2670 us/op, 85434169.00 uJpkg, 0.00 uJdram
WorkloadResult   8: 442656 op, 1001152097.00 ns, 2.2617 us/op, 85891565.00 uJpkg, 0.00 uJdram
WorkloadResult   9: 442656 op, 1001602742.00 ns, 2.2627 us/op, 84964077.00 uJpkg, 0.00 uJdram
WorkloadResult  10: 442656 op, 1005784077.00 ns, 2.2722 us/op, 86301659.00 uJpkg, 0.00 uJdram
WorkloadResult  11: 442656 op, 1002407037.00 ns, 2.2645 us/op, 86029138.00 uJpkg, 0.00 uJdram
WorkloadResult  12: 442656 op, 1002570829.00 ns, 2.2649 us/op, 86005944.00 uJpkg, 0.00 uJdram
WorkloadResult  13: 442656 op, 999752151.00 ns, 2.2585 us/op, 85499293.00 uJpkg, 0.00 uJdram
WorkloadResult  14: 442656 op, 999324086.00 ns, 2.2576 us/op, 85532435.00 uJpkg, 0.00 uJdram
WorkloadResult  15: 442656 op, 1002834014.00 ns, 2.2655 us/op, 85083644.00 uJpkg, 0.00 uJdram

// AfterAll
// Benchmark Process 4066101 has exited with code 0.

Mean = 2.263 μs, StdErr = 0.001 μs (0.05%), N = 15, StdDev = 0.004 μs
Min = 2.257 μs, Q1 = 2.260 μs, Median = 2.265 μs, Q3 = 2.266 μs, Max = 2.272 μs
IQR = 0.006 μs, LowerFence = 2.250 μs, UpperFence = 2.275 μs
ConfidenceInterval = [2.259 μs; 2.268 μs] (CI 99.9%), Margin = 0.005 μs (0.21% of Mean)
Skewness = 0.1, Kurtosis = 2, MValue = 2

// ** Remained 17 (56.7%) benchmark(s) to run. Estimated finish 2025-12-31 21:44 (0h 7m from now) **
// **************************
// Benchmark: JsonSerializationBenchmarks.Utf8Json_Deserialize_Small: Overhead-Fixed-Energy-8(OutlierMode=DontRemove, IterationCount=15, IterationTime=1s, LaunchCount=1, WarmupCount=6)
// *** Execute ***
// Launch: 1 / 1
// Execute: dotnet Serialization.Bench-Overhead-Fixed-Energy-8-1.dll --anonymousPipes 103 104 --benchmarkName Serialization.Bench.JsonSerializationBenchmarks.Utf8Json_Deserialize_Small --job Overhead-Fixed-Energy-8 --benchmarkId 13 in /home/test/rapl-tests/lib-energy-bench/src/Serialization.Bench/bin/Release/net8.0/Serialization.Bench-Overhead-Fixed-Energy-8-1/bin/Release/net8.0
// BeforeAnythingElse

// Benchmark Process Environment Information:
// BenchmarkDotNet v0.15.5-develop (2025-12-31)
// Runtime=.NET 8.0.21 (8.0.21, 8.0.2125.47513), X64 RyuJIT x86-64-v4
// GC=Concurrent Workstation
// HardwareIntrinsics=AVX512 IFMA+VBMI,AVX512 F+BW+CD+DQ+VL,AVX2+BMI1+BMI2+F16C+FMA+LZCNT+MOVBE,AVX,SSE3+SSSE3+SSE4.1+SSE4.2+POPCNT,X86Base+SSE+SSE2,AES+PCLMUL VectorSize=256
// Job: Overhead-Fixed-Energy-8(OutlierMode=DontRemove, IterationCount=15, IterationTime=1s, LaunchCount=1, WarmupCount=6)

OverheadJitting  1: 1 op, 142447.00 ns, 142.4470 us/op, 0.00 uJpkg, 0.00 uJdram
WorkloadJitting  1: 1 op, 46915213.00 ns, 46.9152 ms/op, 2901299.00 uJpkg, 0.00 uJdram

OverheadJitting  2: 16 op, 400400.00 ns, 25.0250 us/op, 61157.00 uJpkg, 0.00 uJdram
WorkloadJitting  2: 16 op, 652311.00 ns, 40.7694 us/op, 0.00 uJpkg, 0.00 uJdram

WorkloadPilot    1: 16 op, 264605.00 ns, 16.5378 us/op, 0.00 uJpkg, 0.00 uJdram
WorkloadPilot    2: 60480 op, 631561554.00 ns, 10.4425 us/op, 53178514.00 uJpkg, 0.00 uJdram
WorkloadPilot    3: 95776 op, 198272848.00 ns, 2.0702 us/op, 17031939.00 uJpkg, 0.00 uJdram
WorkloadPilot    4: 483056 op, 970312792.00 ns, 2.0087 us/op, 81523473.00 uJpkg, 0.00 uJdram
WorkloadPilot    5: 497840 op, 999118619.00 ns, 2.0069 us/op, 83995757.00 uJpkg, 0.00 uJdram
WorkloadPilot    6: 498288 op, 1000241382.00 ns, 2.0074 us/op, 83969023.00 uJpkg, 0.00 uJdram
WorkloadPilot    7: 498176 op, 997157867.00 ns, 2.0016 us/op, 83948332.00 uJpkg, 0.00 uJdram
WorkloadPilot    8: 499600 op, 1001266565.00 ns, 2.0041 us/op, 84274565.00 uJpkg, 0.00 uJdram
WorkloadPilot    9: 498976 op, 998539145.00 ns, 2.0012 us/op, 83709930.00 uJpkg, 0.00 uJdram
WorkloadPilot   10: 499712 op, 1002227619.00 ns, 2.0056 us/op, 84473721.00 uJpkg, 0.00 uJdram

OverheadWarmup   1: 499712 op, 1700691.00 ns, 3.4033 ns/op, 133239.00 uJpkg, 0.00 uJdram
OverheadWarmup   2: 499712 op, 1703864.00 ns, 3.4097 ns/op, 143371.00 uJpkg, 0.00 uJdram
OverheadWarmup   3: 499712 op, 1703288.00 ns, 3.4085 ns/op, 131896.00 uJpkg, 0.00 uJdram
OverheadWarmup   4: 499712 op, 1699311.00 ns, 3.4006 ns/op, 124573.00 uJpkg, 0.00 uJdram
OverheadWarmup   5: 499712 op, 1699264.00 ns, 3.4005 ns/op, 130248.00 uJpkg, 0.00 uJdram
OverheadWarmup   6: 499712 op, 1698551.00 ns, 3.3991 ns/op, 68542.00 uJpkg, 0.00 uJdram
OverheadWarmup   7: 499712 op, 1703125.00 ns, 3.4082 ns/op, 152770.00 uJpkg, 0.00 uJdram
OverheadWarmup   8: 499712 op, 1703263.00 ns, 3.4085 ns/op, 119995.00 uJpkg, 0.00 uJdram
OverheadWarmup   9: 499712 op, 1703939.00 ns, 3.4098 ns/op, 129089.00 uJpkg, 0.00 uJdram
OverheadWarmup  10: 499712 op, 1696556.00 ns, 3.3951 ns/op, 68665.00 uJpkg, 0.00 uJdram

OverheadActual   1: 499712 op, 1703867.00 ns, 3.4097 ns/op, 64087.00 uJpkg, 0.00 uJdram
OverheadActual   2: 499712 op, 1701643.00 ns, 3.4052 ns/op, 135315.00 uJpkg, 0.00 uJdram
OverheadActual   3: 499712 op, 1698595.00 ns, 3.3991 ns/op, 128967.00 uJpkg, 0.00 uJdram
OverheadActual   4: 499712 op, 1698485.00 ns, 3.3989 ns/op, 124267.00 uJpkg, 0.00 uJdram
OverheadActual   5: 499712 op, 1696710.00 ns, 3.3954 ns/op, 138916.00 uJpkg, 0.00 uJdram
OverheadActual   6: 499712 op, 1698459.00 ns, 3.3989 ns/op, 70679.00 uJpkg, 0.00 uJdram
OverheadActual   7: 499712 op, 1698569.00 ns, 3.3991 ns/op, 132873.00 uJpkg, 0.00 uJdram
OverheadActual   8: 499712 op, 1698872.00 ns, 3.3997 ns/op, 138062.00 uJpkg, 0.00 uJdram
OverheadActual   9: 499712 op, 1701243.00 ns, 3.4044 ns/op, 80078.00 uJpkg, 0.00 uJdram
OverheadActual  10: 499712 op, 1703634.00 ns, 3.4092 ns/op, 149291.00 uJpkg, 0.00 uJdram
OverheadActual  11: 499712 op, 1698256.00 ns, 3.3985 ns/op, 130004.00 uJpkg, 0.00 uJdram
OverheadActual  12: 499712 op, 1696613.00 ns, 3.3952 ns/op, 68298.00 uJpkg, 0.00 uJdram
OverheadActual  13: 499712 op, 1703136.00 ns, 3.4082 ns/op, 148315.00 uJpkg, 0.00 uJdram
OverheadActual  14: 499712 op, 1700640.00 ns, 3.4032 ns/op, 130798.00 uJpkg, 0.00 uJdram
OverheadActual  15: 499712 op, 1696529.00 ns, 3.3950 ns/op, 127990.00 uJpkg, 0.00 uJdram

WorkloadWarmup   1: 499712 op, 1003777765.00 ns, 2.0087 us/op, 86631858.00 uJpkg, 0.00 uJdram
WorkloadWarmup   2: 499712 op, 1005203710.00 ns, 2.0116 us/op, 83915007.00 uJpkg, 0.00 uJdram
WorkloadWarmup   3: 499712 op, 998463453.00 ns, 1.9981 us/op, 83643401.00 uJpkg, 0.00 uJdram
WorkloadWarmup   4: 499712 op, 1000510435.00 ns, 2.0022 us/op, 83802886.00 uJpkg, 0.00 uJdram
WorkloadWarmup   5: 499712 op, 999569529.00 ns, 2.0003 us/op, 83570160.00 uJpkg, 0.00 uJdram
WorkloadWarmup   6: 499712 op, 1001572572.00 ns, 2.0043 us/op, 83801605.00 uJpkg, 0.00 uJdram

// BeforeActualRun
WorkloadActual   1: 499712 op, 1000517619.00 ns, 2.0022 us/op, 84018217.00 uJpkg, 0.00 uJdram
WorkloadActual   2: 499712 op, 1002730557.00 ns, 2.0066 us/op, 84196989.00 uJpkg, 0.00 uJdram
WorkloadActual   3: 499712 op, 1001143200.00 ns, 2.0034 us/op, 83661346.00 uJpkg, 0.00 uJdram
WorkloadActual   4: 499712 op, 1000411393.00 ns, 2.0020 us/op, 83614654.00 uJpkg, 0.00 uJdram
WorkloadActual   5: 499712 op, 1001436897.00 ns, 2.0040 us/op, 84302702.00 uJpkg, 0.00 uJdram
WorkloadActual   6: 499712 op, 1000001890.00 ns, 2.0012 us/op, 84081877.00 uJpkg, 0.00 uJdram
WorkloadActual   7: 499712 op, 1001284605.00 ns, 2.0037 us/op, 83882964.00 uJpkg, 0.00 uJdram
WorkloadActual   8: 499712 op, 1001510071.00 ns, 2.0042 us/op, 83701996.00 uJpkg, 0.00 uJdram
WorkloadActual   9: 499712 op, 1002498229.00 ns, 2.0062 us/op, 83884185.00 uJpkg, 0.00 uJdram
WorkloadActual  10: 499712 op, 1005634051.00 ns, 2.0124 us/op, 85953027.00 uJpkg, 0.00 uJdram
WorkloadActual  11: 499712 op, 1000259161.00 ns, 2.0017 us/op, 84423428.00 uJpkg, 0.00 uJdram
WorkloadActual  12: 499712 op, 1002248296.00 ns, 2.0057 us/op, 84460782.00 uJpkg, 0.00 uJdram
WorkloadActual  13: 499712 op, 1002296105.00 ns, 2.0057 us/op, 84230436.00 uJpkg, 0.00 uJdram
WorkloadActual  14: 499712 op, 999803983.00 ns, 2.0008 us/op, 84116606.00 uJpkg, 0.00 uJdram
WorkloadActual  15: 499712 op, 999149071.00 ns, 1.9994 us/op, 84544339.00 uJpkg, 0.00 uJdram

// AfterActualRun
WorkloadResult   1: 499712 op, 998819024.00 ns, 1.9988 us/op, 84018217.00 uJpkg, 0.00 uJdram
WorkloadResult   2: 499712 op, 1001031962.00 ns, 2.0032 us/op, 84196989.00 uJpkg, 0.00 uJdram
WorkloadResult   3: 499712 op, 999444605.00 ns, 2.0000 us/op, 83661346.00 uJpkg, 0.00 uJdram
WorkloadResult   4: 499712 op, 998712798.00 ns, 1.9986 us/op, 83614654.00 uJpkg, 0.00 uJdram
WorkloadResult   5: 499712 op, 999738302.00 ns, 2.0006 us/op, 84302702.00 uJpkg, 0.00 uJdram
WorkloadResult   6: 499712 op, 998303295.00 ns, 1.9978 us/op, 84081877.00 uJpkg, 0.00 uJdram
WorkloadResult   7: 499712 op, 999586010.00 ns, 2.0003 us/op, 83882964.00 uJpkg, 0.00 uJdram
WorkloadResult   8: 499712 op, 999811476.00 ns, 2.0008 us/op, 83701996.00 uJpkg, 0.00 uJdram
WorkloadResult   9: 499712 op, 1000799634.00 ns, 2.0028 us/op, 83884185.00 uJpkg, 0.00 uJdram
WorkloadResult  10: 499712 op, 1003935456.00 ns, 2.0090 us/op, 85953027.00 uJpkg, 0.00 uJdram
WorkloadResult  11: 499712 op, 998560566.00 ns, 1.9983 us/op, 84423428.00 uJpkg, 0.00 uJdram
WorkloadResult  12: 499712 op, 1000549701.00 ns, 2.0023 us/op, 84460782.00 uJpkg, 0.00 uJdram
WorkloadResult  13: 499712 op, 1000597510.00 ns, 2.0023 us/op, 84230436.00 uJpkg, 0.00 uJdram
WorkloadResult  14: 499712 op, 998105388.00 ns, 1.9974 us/op, 84116606.00 uJpkg, 0.00 uJdram
WorkloadResult  15: 499712 op, 997450476.00 ns, 1.9961 us/op, 84544339.00 uJpkg, 0.00 uJdram

// AfterAll
// Benchmark Process 4066117 has exited with code 0.

Mean = 2.001 μs, StdErr = 0.001 μs (0.04%), N = 15, StdDev = 0.003 μs
Min = 1.996 μs, Q1 = 1.998 μs, Median = 2.000 μs, Q3 = 2.002 μs, Max = 2.009 μs
IQR = 0.004 μs, LowerFence = 1.993 μs, UpperFence = 2.008 μs
ConfidenceInterval = [1.997 μs; 2.004 μs] (CI 99.9%), Margin = 0.003 μs (0.17% of Mean)
Skewness = 1.01, Kurtosis = 3.89, MValue = 2

// ** Remained 16 (53.3%) benchmark(s) to run. Estimated finish 2025-12-31 21:44 (0h 7m from now) **
// **************************
// Benchmark: JsonSerializationBenchmarks.SpanJson_Deserialize_Small: Overhead-Fixed-Energy-8(OutlierMode=DontRemove, IterationCount=15, IterationTime=1s, LaunchCount=1, WarmupCount=6)
// *** Execute ***
// Launch: 1 / 1
// Execute: dotnet Serialization.Bench-Overhead-Fixed-Energy-8-1.dll --anonymousPipes 103 104 --benchmarkName Serialization.Bench.JsonSerializationBenchmarks.SpanJson_Deserialize_Small --job Overhead-Fixed-Energy-8 --benchmarkId 14 in /home/test/rapl-tests/lib-energy-bench/src/Serialization.Bench/bin/Release/net8.0/Serialization.Bench-Overhead-Fixed-Energy-8-1/bin/Release/net8.0
// BeforeAnythingElse

// Benchmark Process Environment Information:
// BenchmarkDotNet v0.15.5-develop (2025-12-31)
// Runtime=.NET 8.0.21 (8.0.21, 8.0.2125.47513), X64 RyuJIT x86-64-v4
// GC=Concurrent Workstation
// HardwareIntrinsics=AVX512 IFMA+VBMI,AVX512 F+BW+CD+DQ+VL,AVX2+BMI1+BMI2+F16C+FMA+LZCNT+MOVBE,AVX,SSE3+SSSE3+SSE4.1+SSE4.2+POPCNT,X86Base+SSE+SSE2,AES+PCLMUL VectorSize=256
// Job: Overhead-Fixed-Energy-8(OutlierMode=DontRemove, IterationCount=15, IterationTime=1s, LaunchCount=1, WarmupCount=6)

OverheadJitting  1: 1 op, 144215.00 ns, 144.2150 us/op, 0.00 uJpkg, 0.00 uJdram
WorkloadJitting  1: 1 op, 59186901.00 ns, 59.1869 ms/op, 3751882.00 uJpkg, 0.00 uJdram

OverheadJitting  2: 16 op, 396736.00 ns, 24.7960 us/op, 67932.00 uJpkg, 0.00 uJdram
WorkloadJitting  2: 16 op, 422091.00 ns, 26.3807 us/op, 0.00 uJpkg, 0.00 uJdram

WorkloadPilot    1: 16 op, 33138.00 ns, 2.0711 us/op, 0.00 uJpkg, 0.00 uJdram
WorkloadPilot    2: 482832 op, 581113546.00 ns, 1.2036 us/op, 44500191.00 uJpkg, 0.00 uJdram
WorkloadPilot    3: 830880 op, 964172625.00 ns, 1.1604 us/op, 80664894.00 uJpkg, 0.00 uJdram
WorkloadPilot    4: 861760 op, 996984955.00 ns, 1.1569 us/op, 84084929.00 uJpkg, 0.00 uJdram
WorkloadPilot    5: 864368 op, 998815436.00 ns, 1.1555 us/op, 83564727.00 uJpkg, 0.00 uJdram
WorkloadPilot    6: 865408 op, 1001527075.00 ns, 1.1573 us/op, 83783660.00 uJpkg, 0.00 uJdram
WorkloadPilot    7: 864096 op, 1002135095.00 ns, 1.1597 us/op, 84583584.00 uJpkg, 0.00 uJdram
WorkloadPilot    8: 862256 op, 1001479095.00 ns, 1.1615 us/op, 84426725.00 uJpkg, 0.00 uJdram

OverheadWarmup   1: 862256 op, 2953042.00 ns, 3.4248 ns/op, 197082.00 uJpkg, 0.00 uJdram
OverheadWarmup   2: 862256 op, 2952578.00 ns, 3.4242 ns/op, 184021.00 uJpkg, 0.00 uJdram
OverheadWarmup   3: 862256 op, 2955472.00 ns, 3.4276 ns/op, 198913.00 uJpkg, 0.00 uJdram
OverheadWarmup   4: 862256 op, 2955142.00 ns, 3.4272 ns/op, 190978.00 uJpkg, 0.00 uJdram
OverheadWarmup   5: 862256 op, 2964689.00 ns, 3.4383 ns/op, 198120.00 uJpkg, 0.00 uJdram
OverheadWarmup   6: 862256 op, 2952303.00 ns, 3.4239 ns/op, 190490.00 uJpkg, 0.00 uJdram

OverheadActual   1: 862256 op, 2963541.00 ns, 3.4370 ns/op, 207763.00 uJpkg, 0.00 uJdram
OverheadActual   2: 862256 op, 2956651.00 ns, 3.4290 ns/op, 192322.00 uJpkg, 0.00 uJdram
OverheadActual   3: 862256 op, 2959014.00 ns, 3.4317 ns/op, 186156.00 uJpkg, 0.00 uJdram
OverheadActual   4: 862256 op, 2955926.00 ns, 3.4281 ns/op, 195923.00 uJpkg, 0.00 uJdram
OverheadActual   5: 862256 op, 2964630.00 ns, 3.4382 ns/op, 199584.00 uJpkg, 0.00 uJdram
OverheadActual   6: 862256 op, 2951514.00 ns, 3.4230 ns/op, 131774.00 uJpkg, 0.00 uJdram
OverheadActual   7: 862256 op, 2969546.00 ns, 3.4439 ns/op, 172668.00 uJpkg, 0.00 uJdram
OverheadActual   8: 862256 op, 2951991.00 ns, 3.4236 ns/op, 186523.00 uJpkg, 0.00 uJdram
OverheadActual   9: 862256 op, 2957497.00 ns, 3.4300 ns/op, 198425.00 uJpkg, 0.00 uJdram
OverheadActual  10: 862256 op, 2955040.00 ns, 3.4271 ns/op, 194457.00 uJpkg, 0.00 uJdram
OverheadActual  11: 862256 op, 2955368.00 ns, 3.4275 ns/op, 205077.00 uJpkg, 0.00 uJdram
OverheadActual  12: 862256 op, 2957450.00 ns, 3.4299 ns/op, 196532.00 uJpkg, 0.00 uJdram
OverheadActual  13: 862256 op, 2962680.00 ns, 3.4360 ns/op, 187988.00 uJpkg, 0.00 uJdram
OverheadActual  14: 862256 op, 2952687.00 ns, 3.4244 ns/op, 200561.00 uJpkg, 0.00 uJdram
OverheadActual  15: 862256 op, 2966836.00 ns, 3.4408 ns/op, 133911.00 uJpkg, 0.00 uJdram

WorkloadWarmup   1: 862256 op, 1000002001.00 ns, 1.1598 us/op, 87142233.00 uJpkg, 0.00 uJdram
WorkloadWarmup   2: 862256 op, 998045780.00 ns, 1.1575 us/op, 84519498.00 uJpkg, 0.00 uJdram
WorkloadWarmup   3: 862256 op, 996317246.00 ns, 1.1555 us/op, 84310942.00 uJpkg, 0.00 uJdram
WorkloadWarmup   4: 862256 op, 996770325.00 ns, 1.1560 us/op, 84195463.00 uJpkg, 0.00 uJdram
WorkloadWarmup   5: 862256 op, 995882061.00 ns, 1.1550 us/op, 83764922.00 uJpkg, 0.00 uJdram
WorkloadWarmup   6: 862256 op, 993534237.00 ns, 1.1522 us/op, 83046235.00 uJpkg, 0.00 uJdram

// BeforeActualRun
WorkloadActual   1: 862256 op, 999193645.00 ns, 1.1588 us/op, 83485870.00 uJpkg, 0.00 uJdram
WorkloadActual   2: 862256 op, 1001938642.00 ns, 1.1620 us/op, 84015776.00 uJpkg, 0.00 uJdram
WorkloadActual   3: 862256 op, 1001022023.00 ns, 1.1609 us/op, 84235685.00 uJpkg, 0.00 uJdram
WorkloadActual   4: 862256 op, 1000910424.00 ns, 1.1608 us/op, 83838958.00 uJpkg, 0.00 uJdram
WorkloadActual   5: 862256 op, 1000891033.00 ns, 1.1608 us/op, 84163664.00 uJpkg, 0.00 uJdram
WorkloadActual   6: 862256 op, 1000380767.00 ns, 1.1602 us/op, 83948821.00 uJpkg, 0.00 uJdram
WorkloadActual   7: 862256 op, 999118080.00 ns, 1.1587 us/op, 83787261.00 uJpkg, 0.00 uJdram
WorkloadActual   8: 862256 op, 999365111.00 ns, 1.1590 us/op, 83594940.00 uJpkg, 0.00 uJdram
WorkloadActual   9: 862256 op, 998153891.00 ns, 1.1576 us/op, 84191984.00 uJpkg, 0.00 uJdram
WorkloadActual  10: 862256 op, 1000207624.00 ns, 1.1600 us/op, 85371180.00 uJpkg, 0.00 uJdram
WorkloadActual  11: 862256 op, 1000896339.00 ns, 1.1608 us/op, 84110991.00 uJpkg, 0.00 uJdram
WorkloadActual  12: 862256 op, 1002633783.00 ns, 1.1628 us/op, 84937588.00 uJpkg, 0.00 uJdram
WorkloadActual  13: 862256 op, 1000481119.00 ns, 1.1603 us/op, 84586759.00 uJpkg, 0.00 uJdram
WorkloadActual  14: 862256 op, 1000000173.00 ns, 1.1597 us/op, 84650174.00 uJpkg, 0.00 uJdram
WorkloadActual  15: 862256 op, 998490169.00 ns, 1.1580 us/op, 83749053.00 uJpkg, 0.00 uJdram

// AfterActualRun
WorkloadResult   1: 862256 op, 996236195.00 ns, 1.1554 us/op, 83485870.00 uJpkg, 0.00 uJdram
WorkloadResult   2: 862256 op, 998981192.00 ns, 1.1586 us/op, 84015776.00 uJpkg, 0.00 uJdram
WorkloadResult   3: 862256 op, 998064573.00 ns, 1.1575 us/op, 84235685.00 uJpkg, 0.00 uJdram
WorkloadResult   4: 862256 op, 997952974.00 ns, 1.1574 us/op, 83838958.00 uJpkg, 0.00 uJdram
WorkloadResult   5: 862256 op, 997933583.00 ns, 1.1574 us/op, 84163664.00 uJpkg, 0.00 uJdram
WorkloadResult   6: 862256 op, 997423317.00 ns, 1.1568 us/op, 83948821.00 uJpkg, 0.00 uJdram
WorkloadResult   7: 862256 op, 996160630.00 ns, 1.1553 us/op, 83787261.00 uJpkg, 0.00 uJdram
WorkloadResult   8: 862256 op, 996407661.00 ns, 1.1556 us/op, 83594940.00 uJpkg, 0.00 uJdram
WorkloadResult   9: 862256 op, 995196441.00 ns, 1.1542 us/op, 84191984.00 uJpkg, 0.00 uJdram
WorkloadResult  10: 862256 op, 997250174.00 ns, 1.1566 us/op, 85371180.00 uJpkg, 0.00 uJdram
WorkloadResult  11: 862256 op, 997938889.00 ns, 1.1574 us/op, 84110991.00 uJpkg, 0.00 uJdram
WorkloadResult  12: 862256 op, 999676333.00 ns, 1.1594 us/op, 84937588.00 uJpkg, 0.00 uJdram
WorkloadResult  13: 862256 op, 997523669.00 ns, 1.1569 us/op, 84586759.00 uJpkg, 0.00 uJdram
WorkloadResult  14: 862256 op, 997042723.00 ns, 1.1563 us/op, 84650174.00 uJpkg, 0.00 uJdram
WorkloadResult  15: 862256 op, 995532719.00 ns, 1.1546 us/op, 83749053.00 uJpkg, 0.00 uJdram

// AfterAll
// Benchmark Process 4066135 has exited with code 0.

Mean = 1.157 μs, StdErr = 0.000 μs (0.03%), N = 15, StdDev = 0.001 μs
Min = 1.154 μs, Q1 = 1.155 μs, Median = 1.157 μs, Q3 = 1.157 μs, Max = 1.159 μs
IQR = 0.002 μs, LowerFence = 1.153 μs, UpperFence = 1.160 μs
ConfidenceInterval = [1.155 μs; 1.158 μs] (CI 99.9%), Margin = 0.002 μs (0.13% of Mean)
Skewness = 0.07, Kurtosis = 2.14, MValue = 2

// ** Remained 15 (50.0%) benchmark(s) to run. Estimated finish 2025-12-31 21:44 (0h 6m from now) **
// **************************
// Benchmark: JsonSerializationBenchmarks.STJ_Serialize_Large: Overhead-Fixed-Energy-8(OutlierMode=DontRemove, IterationCount=15, IterationTime=1s, LaunchCount=1, WarmupCount=6)
// *** Execute ***
// Launch: 1 / 1
// Execute: dotnet Serialization.Bench-Overhead-Fixed-Energy-8-1.dll --anonymousPipes 103 104 --benchmarkName Serialization.Bench.JsonSerializationBenchmarks.STJ_Serialize_Large --job Overhead-Fixed-Energy-8 --benchmarkId 15 in /home/test/rapl-tests/lib-energy-bench/src/Serialization.Bench/bin/Release/net8.0/Serialization.Bench-Overhead-Fixed-Energy-8-1/bin/Release/net8.0
// BeforeAnythingElse

// Benchmark Process Environment Information:
// BenchmarkDotNet v0.15.5-develop (2025-12-31)
// Runtime=.NET 8.0.21 (8.0.21, 8.0.2125.47513), X64 RyuJIT x86-64-v4
// GC=Concurrent Workstation
// HardwareIntrinsics=AVX512 IFMA+VBMI,AVX512 F+BW+CD+DQ+VL,AVX2+BMI1+BMI2+F16C+FMA+LZCNT+MOVBE,AVX,SSE3+SSSE3+SSE4.1+SSE4.2+POPCNT,X86Base+SSE+SSE2,AES+PCLMUL VectorSize=256
// Job: Overhead-Fixed-Energy-8(OutlierMode=DontRemove, IterationCount=15, IterationTime=1s, LaunchCount=1, WarmupCount=6)

OverheadJitting  1: 1 op, 140192.00 ns, 140.1920 us/op, 52857.00 uJpkg, 0.00 uJdram
WorkloadJitting  1: 1 op, 7945333.00 ns, 7.9453 ms/op, 494567.00 uJpkg, 0.00 uJdram

OverheadJitting  2: 16 op, 357319.00 ns, 22.3324 us/op, 0.00 uJpkg, 0.00 uJdram
WorkloadJitting  2: 16 op, 6211885.00 ns, 388.2428 us/op, 416625.00 uJpkg, 0.00 uJdram

WorkloadPilot    1: 16 op, 5907543.00 ns, 369.2214 us/op, 411254.00 uJpkg, 0.00 uJdram
WorkloadPilot    2: 2720 op, 737855601.00 ns, 271.2704 us/op, 69908512.00 uJpkg, 0.00 uJdram
WorkloadPilot    3: 3696 op, 699845902.00 ns, 189.3522 us/op, 64176655.00 uJpkg, 0.00 uJdram
WorkloadPilot    4: 5296 op, 999467256.00 ns, 188.7212 us/op, 92060983.00 uJpkg, 0.00 uJdram
WorkloadPilot    5: 5312 op, 1003618783.00 ns, 188.9343 us/op, 92598457.00 uJpkg, 0.00 uJdram
WorkloadPilot    6: 5296 op, 1003480765.00 ns, 189.4790 us/op, 92436714.00 uJpkg, 0.00 uJdram
WorkloadPilot    7: 5280 op, 998001660.00 ns, 189.0155 us/op, 92732733.00 uJpkg, 0.00 uJdram
WorkloadPilot    8: 5296 op, 1002673641.00 ns, 189.3266 us/op, 92474067.00 uJpkg, 0.00 uJdram

OverheadWarmup   1: 5296 op, 19034.00 ns, 3.5940 ns/op, 0.00 uJpkg, 0.00 uJdram
OverheadWarmup   2: 5296 op, 18585.00 ns, 3.5093 ns/op, 0.00 uJpkg, 0.00 uJdram
OverheadWarmup   3: 5296 op, 18577.00 ns, 3.5077 ns/op, 0.00 uJpkg, 0.00 uJdram
OverheadWarmup   4: 5296 op, 18577.00 ns, 3.5077 ns/op, 0.00 uJpkg, 0.00 uJdram
OverheadWarmup   5: 5296 op, 18583.00 ns, 3.5089 ns/op, 0.00 uJpkg, 0.00 uJdram
OverheadWarmup   6: 5296 op, 21188.00 ns, 4.0008 ns/op, 0.00 uJpkg, 0.00 uJdram
OverheadWarmup   7: 5296 op, 18555.00 ns, 3.5036 ns/op, 0.00 uJpkg, 0.00 uJdram
OverheadWarmup   8: 5296 op, 18575.00 ns, 3.5074 ns/op, 0.00 uJpkg, 0.00 uJdram

OverheadActual   1: 5296 op, 18600.00 ns, 3.5121 ns/op, 0.00 uJpkg, 0.00 uJdram
OverheadActual   2: 5296 op, 18585.00 ns, 3.5093 ns/op, 0.00 uJpkg, 0.00 uJdram
OverheadActual   3: 5296 op, 18597.00 ns, 3.5115 ns/op, 0.00 uJpkg, 0.00 uJdram
OverheadActual   4: 5296 op, 18580.00 ns, 3.5083 ns/op, 0.00 uJpkg, 0.00 uJdram
OverheadActual   5: 5296 op, 18927.00 ns, 3.5738 ns/op, 0.00 uJpkg, 0.00 uJdram
OverheadActual   6: 5296 op, 18599.00 ns, 3.5119 ns/op, 0.00 uJpkg, 0.00 uJdram
OverheadActual   7: 5296 op, 18587.00 ns, 3.5096 ns/op, 0.00 uJpkg, 0.00 uJdram
OverheadActual   8: 5296 op, 18626.00 ns, 3.5170 ns/op, 0.00 uJpkg, 0.00 uJdram
OverheadActual   9: 5296 op, 18582.00 ns, 3.5087 ns/op, 0.00 uJpkg, 0.00 uJdram
OverheadActual  10: 5296 op, 18593.00 ns, 3.5108 ns/op, 0.00 uJpkg, 0.00 uJdram
OverheadActual  11: 5296 op, 18590.00 ns, 3.5102 ns/op, 0.00 uJpkg, 0.00 uJdram
OverheadActual  12: 5296 op, 18596.00 ns, 3.5113 ns/op, 0.00 uJpkg, 0.00 uJdram
OverheadActual  13: 5296 op, 18593.00 ns, 3.5108 ns/op, 0.00 uJpkg, 0.00 uJdram
OverheadActual  14: 5296 op, 18595.00 ns, 3.5111 ns/op, 0.00 uJpkg, 0.00 uJdram
OverheadActual  15: 5296 op, 18605.00 ns, 3.5130 ns/op, 0.00 uJpkg, 0.00 uJdram

WorkloadWarmup   1: 5296 op, 1010234952.00 ns, 190.7543 us/op, 95215333.00 uJpkg, 0.00 uJdram
WorkloadWarmup   2: 5296 op, 1002339667.00 ns, 189.2635 us/op, 92614021.00 uJpkg, 0.00 uJdram
WorkloadWarmup   3: 5296 op, 1001667543.00 ns, 189.1366 us/op, 92041940.00 uJpkg, 0.00 uJdram
WorkloadWarmup   4: 5296 op, 1005094172.00 ns, 189.7836 us/op, 92881171.00 uJpkg, 0.00 uJdram
WorkloadWarmup   5: 5296 op, 1004180061.00 ns, 189.6110 us/op, 92550849.00 uJpkg, 0.00 uJdram
WorkloadWarmup   6: 5296 op, 1004952087.00 ns, 189.7568 us/op, 92692939.00 uJpkg, 0.00 uJdram

// BeforeActualRun
WorkloadActual   1: 5296 op, 1003937198.00 ns, 189.5652 us/op, 92837653.00 uJpkg, 0.00 uJdram
WorkloadActual   2: 5296 op, 1004648982.00 ns, 189.6996 us/op, 92425484.00 uJpkg, 0.00 uJdram
WorkloadActual   3: 5296 op, 1004227521.00 ns, 189.6200 us/op, 93378789.00 uJpkg, 0.00 uJdram
WorkloadActual   4: 5296 op, 1004822148.00 ns, 189.7323 us/op, 92925971.00 uJpkg, 0.00 uJdram
WorkloadActual   5: 5296 op, 1006264428.00 ns, 190.0046 us/op, 93089728.00 uJpkg, 0.00 uJdram
WorkloadActual   6: 5296 op, 1004367988.00 ns, 189.6465 us/op, 93010504.00 uJpkg, 0.00 uJdram
WorkloadActual   7: 5296 op, 1003929482.00 ns, 189.5637 us/op, 92709784.00 uJpkg, 0.00 uJdram
WorkloadActual   8: 5296 op, 1005391798.00 ns, 189.8398 us/op, 93071295.00 uJpkg, 0.00 uJdram
WorkloadActual   9: 5296 op, 1003986389.00 ns, 189.5745 us/op, 92466866.00 uJpkg, 0.00 uJdram
WorkloadActual  10: 5296 op, 1005171685.00 ns, 189.7983 us/op, 93579228.00 uJpkg, 0.00 uJdram
WorkloadActual  11: 5296 op, 1005090210.00 ns, 189.7829 us/op, 92449287.00 uJpkg, 0.00 uJdram
WorkloadActual  12: 5296 op, 1010337671.00 ns, 190.7737 us/op, 93131292.00 uJpkg, 0.00 uJdram
WorkloadActual  13: 5296 op, 1005790776.00 ns, 189.9152 us/op, 92639106.00 uJpkg, 0.00 uJdram
WorkloadActual  14: 5296 op, 1006004773.00 ns, 189.9556 us/op, 92563483.00 uJpkg, 0.00 uJdram
WorkloadActual  15: 5296 op, 1008112992.00 ns, 190.3537 us/op, 93277471.00 uJpkg, 0.00 uJdram

// AfterActualRun
WorkloadResult   1: 5296 op, 1003918603.00 ns, 189.5617 us/op, 92837653.00 uJpkg, 0.00 uJdram
WorkloadResult   2: 5296 op, 1004630387.00 ns, 189.6961 us/op, 92425484.00 uJpkg, 0.00 uJdram
WorkloadResult   3: 5296 op, 1004208926.00 ns, 189.6165 us/op, 93378789.00 uJpkg, 0.00 uJdram
WorkloadResult   4: 5296 op, 1004803553.00 ns, 189.7288 us/op, 92925971.00 uJpkg, 0.00 uJdram
WorkloadResult   5: 5296 op, 1006245833.00 ns, 190.0011 us/op, 93089728.00 uJpkg, 0.00 uJdram
WorkloadResult   6: 5296 op, 1004349393.00 ns, 189.6430 us/op, 93010504.00 uJpkg, 0.00 uJdram
WorkloadResult   7: 5296 op, 1003910887.00 ns, 189.5602 us/op, 92709784.00 uJpkg, 0.00 uJdram
WorkloadResult   8: 5296 op, 1005373203.00 ns, 189.8363 us/op, 93071295.00 uJpkg, 0.00 uJdram
WorkloadResult   9: 5296 op, 1003967794.00 ns, 189.5710 us/op, 92466866.00 uJpkg, 0.00 uJdram
WorkloadResult  10: 5296 op, 1005153090.00 ns, 189.7948 us/op, 93579228.00 uJpkg, 0.00 uJdram
WorkloadResult  11: 5296 op, 1005071615.00 ns, 189.7794 us/op, 92449287.00 uJpkg, 0.00 uJdram
WorkloadResult  12: 5296 op, 1010319076.00 ns, 190.7702 us/op, 93131292.00 uJpkg, 0.00 uJdram
WorkloadResult  13: 5296 op, 1005772181.00 ns, 189.9117 us/op, 92639106.00 uJpkg, 0.00 uJdram
WorkloadResult  14: 5296 op, 1005986178.00 ns, 189.9521 us/op, 92563483.00 uJpkg, 0.00 uJdram
WorkloadResult  15: 5296 op, 1008094397.00 ns, 190.3502 us/op, 93277471.00 uJpkg, 0.00 uJdram

// AfterAll
// Benchmark Process 4066153 has exited with code 0.

Mean = 189.852 μs, StdErr = 0.085 μs (0.04%), N = 15, StdDev = 0.330 μs
Min = 189.560 μs, Q1 = 189.630 μs, Median = 189.779 μs, Q3 = 189.932 μs, Max = 190.770 μs
IQR = 0.302 μs, LowerFence = 189.177 μs, UpperFence = 190.385 μs
ConfidenceInterval = [189.499 μs; 190.204 μs] (CI 99.9%), Margin = 0.353 μs (0.19% of Mean)
Skewness = 1.49, Kurtosis = 4.51, MValue = 2

// ** Remained 14 (46.7%) benchmark(s) to run. Estimated finish 2025-12-31 21:44 (0h 6m from now) **
// **************************
// Benchmark: JsonSerializationBenchmarks.Newtonsoft_Serialize_Large: Overhead-Fixed-Energy-8(OutlierMode=DontRemove, IterationCount=15, IterationTime=1s, LaunchCount=1, WarmupCount=6)
// *** Execute ***
// Launch: 1 / 1
// Execute: dotnet Serialization.Bench-Overhead-Fixed-Energy-8-1.dll --anonymousPipes 103 104 --benchmarkName Serialization.Bench.JsonSerializationBenchmarks.Newtonsoft_Serialize_Large --job Overhead-Fixed-Energy-8 --benchmarkId 16 in /home/test/rapl-tests/lib-energy-bench/src/Serialization.Bench/bin/Release/net8.0/Serialization.Bench-Overhead-Fixed-Energy-8-1/bin/Release/net8.0
// BeforeAnythingElse

// Benchmark Process Environment Information:
// BenchmarkDotNet v0.15.5-develop (2025-12-31)
// Runtime=.NET 8.0.21 (8.0.21, 8.0.2125.47513), X64 RyuJIT x86-64-v4
// GC=Concurrent Workstation
// HardwareIntrinsics=AVX512 IFMA+VBMI,AVX512 F+BW+CD+DQ+VL,AVX2+BMI1+BMI2+F16C+FMA+LZCNT+MOVBE,AVX,SSE3+SSSE3+SSE4.1+SSE4.2+POPCNT,X86Base+SSE+SSE2,AES+PCLMUL VectorSize=256
// Job: Overhead-Fixed-Energy-8(OutlierMode=DontRemove, IterationCount=15, IterationTime=1s, LaunchCount=1, WarmupCount=6)

OverheadJitting  1: 1 op, 134634.00 ns, 134.6340 us/op, 62195.00 uJpkg, 0.00 uJdram
WorkloadJitting  1: 1 op, 50473779.00 ns, 50.4738 ms/op, 3100700.00 uJpkg, 0.00 uJdram

OverheadJitting  2: 16 op, 373962.00 ns, 23.3726 us/op, 59692.00 uJpkg, 0.00 uJdram
WorkloadJitting  2: 16 op, 16031968.00 ns, 1.0020 ms/op, 1061703.00 uJpkg, 0.00 uJdram

WorkloadPilot    1: 16 op, 15122842.00 ns, 945.1776 us/op, 970334.00 uJpkg, 0.00 uJdram
WorkloadPilot    2: 1072 op, 444377034.00 ns, 414.5308 us/op, 37133511.00 uJpkg, 0.00 uJdram
WorkloadPilot    3: 2416 op, 710346859.00 ns, 294.0177 us/op, 59343842.00 uJpkg, 0.00 uJdram
WorkloadPilot    4: 3408 op, 1000505512.00 ns, 293.5756 us/op, 82878755.00 uJpkg, 0.00 uJdram

OverheadWarmup   1: 3408 op, 14037.00 ns, 4.1188 ns/op, 0.00 uJpkg, 0.00 uJdram
OverheadWarmup   2: 3408 op, 12059.00 ns, 3.5384 ns/op, 0.00 uJpkg, 0.00 uJdram
OverheadWarmup   3: 3408 op, 12051.00 ns, 3.5361 ns/op, 0.00 uJpkg, 0.00 uJdram
OverheadWarmup   4: 3408 op, 12061.00 ns, 3.5390 ns/op, 0.00 uJpkg, 0.00 uJdram
OverheadWarmup   5: 3408 op, 12050.00 ns, 3.5358 ns/op, 93506.00 uJpkg, 0.00 uJdram
OverheadWarmup   6: 3408 op, 12063.00 ns, 3.5396 ns/op, 89111.00 uJpkg, 0.00 uJdram
OverheadWarmup   7: 3408 op, 12059.00 ns, 3.5384 ns/op, 0.00 uJpkg, 0.00 uJdram

OverheadActual   1: 3408 op, 12597.00 ns, 3.6963 ns/op, 0.00 uJpkg, 0.00 uJdram
OverheadActual   2: 3408 op, 12069.00 ns, 3.5414 ns/op, 0.00 uJpkg, 0.00 uJdram
OverheadActual   3: 3408 op, 12070.00 ns, 3.5417 ns/op, 0.00 uJpkg, 0.00 uJdram
OverheadActual   4: 3408 op, 12063.00 ns, 3.5396 ns/op, 0.00 uJpkg, 0.00 uJdram
OverheadActual   5: 3408 op, 12055.00 ns, 3.5373 ns/op, 0.00 uJpkg, 0.00 uJdram
OverheadActual   6: 3408 op, 12085.00 ns, 3.5461 ns/op, 0.00 uJpkg, 0.00 uJdram
OverheadActual   7: 3408 op, 12055.00 ns, 3.5373 ns/op, 0.00 uJpkg, 0.00 uJdram
OverheadActual   8: 3408 op, 12061.00 ns, 3.5390 ns/op, 0.00 uJpkg, 0.00 uJdram
OverheadActual   9: 3408 op, 12080.00 ns, 3.5446 ns/op, 0.00 uJpkg, 0.00 uJdram
OverheadActual  10: 3408 op, 12066.00 ns, 3.5405 ns/op, 0.00 uJpkg, 0.00 uJdram
OverheadActual  11: 3408 op, 12067.00 ns, 3.5408 ns/op, 0.00 uJpkg, 0.00 uJdram
OverheadActual  12: 3408 op, 12044.00 ns, 3.5340 ns/op, 0.00 uJpkg, 0.00 uJdram
OverheadActual  13: 3408 op, 13008.00 ns, 3.8169 ns/op, 0.00 uJpkg, 0.00 uJdram
OverheadActual  14: 3408 op, 12071.00 ns, 3.5420 ns/op, 0.00 uJpkg, 0.00 uJdram
OverheadActual  15: 3408 op, 12062.00 ns, 3.5393 ns/op, 0.00 uJpkg, 0.00 uJdram

WorkloadWarmup   1: 3408 op, 1003484291.00 ns, 294.4496 us/op, 86083459.00 uJpkg, 0.00 uJdram
WorkloadWarmup   2: 3408 op, 1000314510.00 ns, 293.5195 us/op, 83122895.00 uJpkg, 0.00 uJdram
WorkloadWarmup   3: 3408 op, 1001210916.00 ns, 293.7825 us/op, 83408417.00 uJpkg, 0.00 uJdram
WorkloadWarmup   4: 3408 op, 999804998.00 ns, 293.3700 us/op, 83256623.00 uJpkg, 0.00 uJdram
WorkloadWarmup   5: 3408 op, 1001164004.00 ns, 293.7688 us/op, 83494659.00 uJpkg, 0.00 uJdram
WorkloadWarmup   6: 3408 op, 1000954898.00 ns, 293.7074 us/op, 83094209.00 uJpkg, 0.00 uJdram

// BeforeActualRun
WorkloadActual   1: 3408 op, 1002800855.00 ns, 294.2491 us/op, 83928069.00 uJpkg, 0.00 uJdram
WorkloadActual   2: 3408 op, 998508578.00 ns, 292.9896 us/op, 83135225.00 uJpkg, 0.00 uJdram
WorkloadActual   3: 3408 op, 997956728.00 ns, 292.8277 us/op, 83315521.00 uJpkg, 0.00 uJdram
WorkloadActual   4: 3408 op, 998232671.00 ns, 292.9086 us/op, 82824007.00 uJpkg, 0.00 uJdram
WorkloadActual   5: 3408 op, 997740988.00 ns, 292.7644 us/op, 82780366.00 uJpkg, 0.00 uJdram
WorkloadActual   6: 3408 op, 997847597.00 ns, 292.7957 us/op, 82659334.00 uJpkg, 0.00 uJdram
WorkloadActual   7: 3408 op, 997088733.00 ns, 292.5730 us/op, 82563204.00 uJpkg, 0.00 uJdram
WorkloadActual   8: 3408 op, 997970500.00 ns, 292.8317 us/op, 82456270.00 uJpkg, 0.00 uJdram
WorkloadActual   9: 3408 op, 997931178.00 ns, 292.8202 us/op, 82855745.00 uJpkg, 0.00 uJdram
WorkloadActual  10: 3408 op, 998562354.00 ns, 293.0054 us/op, 83798553.00 uJpkg, 0.00 uJdram
WorkloadActual  11: 3408 op, 999578916.00 ns, 293.3037 us/op, 83650055.00 uJpkg, 0.00 uJdram
WorkloadActual  12: 3408 op, 999178820.00 ns, 293.1863 us/op, 83787322.00 uJpkg, 0.00 uJdram
WorkloadActual  13: 3408 op, 998487263.00 ns, 292.9834 us/op, 83179353.00 uJpkg, 0.00 uJdram
WorkloadActual  14: 3408 op, 998532219.00 ns, 292.9965 us/op, 83222016.00 uJpkg, 0.00 uJdram
WorkloadActual  15: 3408 op, 997499678.00 ns, 292.6936 us/op, 83154573.00 uJpkg, 0.00 uJdram

// AfterActualRun
WorkloadResult   1: 3408 op, 1002788788.00 ns, 294.2455 us/op, 83928069.00 uJpkg, 0.00 uJdram
WorkloadResult   2: 3408 op, 998496511.00 ns, 292.9861 us/op, 83135225.00 uJpkg, 0.00 uJdram
WorkloadResult   3: 3408 op, 997944661.00 ns, 292.8241 us/op, 83315521.00 uJpkg, 0.00 uJdram
WorkloadResult   4: 3408 op, 998220604.00 ns, 292.9051 us/op, 82824007.00 uJpkg, 0.00 uJdram
WorkloadResult   5: 3408 op, 997728921.00 ns, 292.7608 us/op, 82780366.00 uJpkg, 0.00 uJdram
WorkloadResult   6: 3408 op, 997835530.00 ns, 292.7921 us/op, 82659334.00 uJpkg, 0.00 uJdram
WorkloadResult   7: 3408 op, 997076666.00 ns, 292.5694 us/op, 82563204.00 uJpkg, 0.00 uJdram
WorkloadResult   8: 3408 op, 997958433.00 ns, 292.8282 us/op, 82456270.00 uJpkg, 0.00 uJdram
WorkloadResult   9: 3408 op, 997919111.00 ns, 292.8166 us/op, 82855745.00 uJpkg, 0.00 uJdram
WorkloadResult  10: 3408 op, 998550287.00 ns, 293.0018 us/op, 83798553.00 uJpkg, 0.00 uJdram
WorkloadResult  11: 3408 op, 999566849.00 ns, 293.3001 us/op, 83650055.00 uJpkg, 0.00 uJdram
WorkloadResult  12: 3408 op, 999166753.00 ns, 293.1827 us/op, 83787322.00 uJpkg, 0.00 uJdram
WorkloadResult  13: 3408 op, 998475196.00 ns, 292.9798 us/op, 83179353.00 uJpkg, 0.00 uJdram
WorkloadResult  14: 3408 op, 998520152.00 ns, 292.9930 us/op, 83222016.00 uJpkg, 0.00 uJdram
WorkloadResult  15: 3408 op, 997487611.00 ns, 292.6900 us/op, 83154573.00 uJpkg, 0.00 uJdram

// AfterAll
// Benchmark Process 4066172 has exited with code 0.

Mean = 292.992 μs, StdErr = 0.101 μs (0.03%), N = 15, StdDev = 0.393 μs
Min = 292.569 μs, Q1 = 292.804 μs, Median = 292.905 μs, Q3 = 292.997 μs, Max = 294.246 μs
IQR = 0.193 μs, LowerFence = 292.515 μs, UpperFence = 293.287 μs
ConfidenceInterval = [292.572 μs; 293.412 μs] (CI 99.9%), Margin = 0.420 μs (0.14% of Mean)
Skewness = 2.06, Kurtosis = 7.09, MValue = 2

// ** Remained 13 (43.3%) benchmark(s) to run. Estimated finish 2025-12-31 21:44 (0h 5m from now) **
// **************************
// Benchmark: JsonSerializationBenchmarks.Jil_Serialize_Large: Overhead-Fixed-Energy-8(OutlierMode=DontRemove, IterationCount=15, IterationTime=1s, LaunchCount=1, WarmupCount=6)
// *** Execute ***
// Launch: 1 / 1
// Execute: dotnet Serialization.Bench-Overhead-Fixed-Energy-8-1.dll --anonymousPipes 103 104 --benchmarkName Serialization.Bench.JsonSerializationBenchmarks.Jil_Serialize_Large --job Overhead-Fixed-Energy-8 --benchmarkId 17 in /home/test/rapl-tests/lib-energy-bench/src/Serialization.Bench/bin/Release/net8.0/Serialization.Bench-Overhead-Fixed-Energy-8-1/bin/Release/net8.0
// BeforeAnythingElse

// Benchmark Process Environment Information:
// BenchmarkDotNet v0.15.5-develop (2025-12-31)
// Runtime=.NET 8.0.21 (8.0.21, 8.0.2125.47513), X64 RyuJIT x86-64-v4
// GC=Concurrent Workstation
// HardwareIntrinsics=AVX512 IFMA+VBMI,AVX512 F+BW+CD+DQ+VL,AVX2+BMI1+BMI2+F16C+FMA+LZCNT+MOVBE,AVX,SSE3+SSSE3+SSE4.1+SSE4.2+POPCNT,X86Base+SSE+SSE2,AES+PCLMUL VectorSize=256
// Job: Overhead-Fixed-Energy-8(OutlierMode=DontRemove, IterationCount=15, IterationTime=1s, LaunchCount=1, WarmupCount=6)

OverheadJitting  1: 1 op, 135463.00 ns, 135.4630 us/op, 51636.00 uJpkg, 0.00 uJdram
WorkloadJitting  1: 1 op, 155841095.00 ns, 155.8411 ms/op, 9694800.00 uJpkg, 0.00 uJdram

WorkloadPilot    1: 4 op, 1611708.00 ns, 402.9270 us/op, 66162.00 uJpkg, 0.00 uJdram
WorkloadPilot    2: 2482 op, 777633765.00 ns, 313.3093 us/op, 64667437.00 uJpkg, 0.00 uJdram
WorkloadPilot    3: 3192 op, 903600468.00 ns, 283.0829 us/op, 76802782.00 uJpkg, 0.00 uJdram
WorkloadPilot    4: 3533 op, 1001069399.00 ns, 283.3483 us/op, 85177699.00 uJpkg, 0.00 uJdram
WorkloadPilot    5: 3529 op, 1001828128.00 ns, 283.8844 us/op, 86181786.00 uJpkg, 0.00 uJdram
WorkloadPilot    6: 3523 op, 998292351.00 ns, 283.3643 us/op, 84911342.00 uJpkg, 0.00 uJdram
WorkloadPilot    7: 3529 op, 1005014974.00 ns, 284.7875 us/op, 89291641.00 uJpkg, 0.00 uJdram

WorkloadWarmup   1: 3529 op, 1005473400.00 ns, 284.9174 us/op, 91908212.00 uJpkg, 0.00 uJdram
WorkloadWarmup   2: 3529 op, 1003099413.00 ns, 284.2447 us/op, 86786521.00 uJpkg, 0.00 uJdram
WorkloadWarmup   3: 3529 op, 1002267428.00 ns, 284.0089 us/op, 85589441.00 uJpkg, 0.00 uJdram
WorkloadWarmup   4: 3529 op, 1001237908.00 ns, 283.7172 us/op, 84505216.00 uJpkg, 0.00 uJdram
WorkloadWarmup   5: 3529 op, 1001895263.00 ns, 283.9034 us/op, 84735379.00 uJpkg, 0.00 uJdram
WorkloadWarmup   6: 3529 op, 1001963116.00 ns, 283.9227 us/op, 84248868.00 uJpkg, 0.00 uJdram

// BeforeActualRun
WorkloadActual   1: 3529 op, 1001476218.00 ns, 283.7847 us/op, 84391996.00 uJpkg, 0.00 uJdram
WorkloadActual   2: 3529 op, 1002969362.00 ns, 284.2078 us/op, 84478544.00 uJpkg, 0.00 uJdram
WorkloadActual   3: 3529 op, 1001330022.00 ns, 283.7433 us/op, 84114774.00 uJpkg, 0.00 uJdram
WorkloadActual   4: 3529 op, 1002867484.00 ns, 284.1789 us/op, 85804407.00 uJpkg, 0.00 uJdram
WorkloadActual   5: 3529 op, 1003061604.00 ns, 284.2339 us/op, 85601709.00 uJpkg, 0.00 uJdram
WorkloadActual   6: 3529 op, 1001077161.00 ns, 283.6716 us/op, 84350676.00 uJpkg, 0.00 uJdram
WorkloadActual   7: 3529 op, 1001331012.00 ns, 283.7436 us/op, 85130092.00 uJpkg, 0.00 uJdram
WorkloadActual   8: 3529 op, 1001301690.00 ns, 283.7352 us/op, 84832425.00 uJpkg, 0.00 uJdram
WorkloadActual   9: 3529 op, 1000860568.00 ns, 283.6102 us/op, 84808377.00 uJpkg, 0.00 uJdram
WorkloadActual  10: 3529 op, 1000929412.00 ns, 283.6298 us/op, 84177336.00 uJpkg, 0.00 uJdram
WorkloadActual  11: 3529 op, 1001591717.00 ns, 283.8174 us/op, 84737210.00 uJpkg, 0.00 uJdram
WorkloadActual  12: 3529 op, 1001743049.00 ns, 283.8603 us/op, 84807278.00 uJpkg, 0.00 uJdram
WorkloadActual  13: 3529 op, 1002370943.00 ns, 284.0382 us/op, 85219204.00 uJpkg, 0.00 uJdram
WorkloadActual  14: 3529 op, 1002961846.00 ns, 284.2057 us/op, 85452235.00 uJpkg, 0.00 uJdram
WorkloadActual  15: 3529 op, 1001697400.00 ns, 283.8474 us/op, 85316921.00 uJpkg, 0.00 uJdram

// AfterActualRun
WorkloadResult   1: 3529 op, 1001476218.00 ns, 283.7847 us/op, 84391996.00 uJpkg, 0.00 uJdram
WorkloadResult   2: 3529 op, 1002969362.00 ns, 284.2078 us/op, 84478544.00 uJpkg, 0.00 uJdram
WorkloadResult   3: 3529 op, 1001330022.00 ns, 283.7433 us/op, 84114774.00 uJpkg, 0.00 uJdram
WorkloadResult   4: 3529 op, 1002867484.00 ns, 284.1789 us/op, 85804407.00 uJpkg, 0.00 uJdram
WorkloadResult   5: 3529 op, 1003061604.00 ns, 284.2339 us/op, 85601709.00 uJpkg, 0.00 uJdram
WorkloadResult   6: 3529 op, 1001077161.00 ns, 283.6716 us/op, 84350676.00 uJpkg, 0.00 uJdram
WorkloadResult   7: 3529 op, 1001331012.00 ns, 283.7436 us/op, 85130092.00 uJpkg, 0.00 uJdram
WorkloadResult   8: 3529 op, 1001301690.00 ns, 283.7352 us/op, 84832425.00 uJpkg, 0.00 uJdram
WorkloadResult   9: 3529 op, 1000860568.00 ns, 283.6102 us/op, 84808377.00 uJpkg, 0.00 uJdram
WorkloadResult  10: 3529 op, 1000929412.00 ns, 283.6298 us/op, 84177336.00 uJpkg, 0.00 uJdram
WorkloadResult  11: 3529 op, 1001591717.00 ns, 283.8174 us/op, 84737210.00 uJpkg, 0.00 uJdram
WorkloadResult  12: 3529 op, 1001743049.00 ns, 283.8603 us/op, 84807278.00 uJpkg, 0.00 uJdram
WorkloadResult  13: 3529 op, 1002370943.00 ns, 284.0382 us/op, 85219204.00 uJpkg, 0.00 uJdram
WorkloadResult  14: 3529 op, 1002961846.00 ns, 284.2057 us/op, 85452235.00 uJpkg, 0.00 uJdram
WorkloadResult  15: 3529 op, 1001697400.00 ns, 283.8474 us/op, 85316921.00 uJpkg, 0.00 uJdram

// AfterAll
// Benchmark Process 4066185 has exited with code 0.

Mean = 283.887 μs, StdErr = 0.058 μs (0.02%), N = 15, StdDev = 0.224 μs
Min = 283.610 μs, Q1 = 283.739 μs, Median = 283.817 μs, Q3 = 284.109 μs, Max = 284.234 μs
IQR = 0.369 μs, LowerFence = 283.185 μs, UpperFence = 284.663 μs
ConfidenceInterval = [283.647 μs; 284.127 μs] (CI 99.9%), Margin = 0.240 μs (0.08% of Mean)
Skewness = 0.45, Kurtosis = 1.5, MValue = 2

// ** Remained 12 (40.0%) benchmark(s) to run. Estimated finish 2025-12-31 21:44 (0h 5m from now) **
// **************************
// Benchmark: JsonSerializationBenchmarks.Utf8Json_Serialize_Large: Overhead-Fixed-Energy-8(OutlierMode=DontRemove, IterationCount=15, IterationTime=1s, LaunchCount=1, WarmupCount=6)
// *** Execute ***
// Launch: 1 / 1
// Execute: dotnet Serialization.Bench-Overhead-Fixed-Energy-8-1.dll --anonymousPipes 103 104 --benchmarkName Serialization.Bench.JsonSerializationBenchmarks.Utf8Json_Serialize_Large --job Overhead-Fixed-Energy-8 --benchmarkId 18 in /home/test/rapl-tests/lib-energy-bench/src/Serialization.Bench/bin/Release/net8.0/Serialization.Bench-Overhead-Fixed-Energy-8-1/bin/Release/net8.0
// BeforeAnythingElse

// Benchmark Process Environment Information:
// BenchmarkDotNet v0.15.5-develop (2025-12-31)
// Runtime=.NET 8.0.21 (8.0.21, 8.0.2125.47513), X64 RyuJIT x86-64-v4
// GC=Concurrent Workstation
// HardwareIntrinsics=AVX512 IFMA+VBMI,AVX512 F+BW+CD+DQ+VL,AVX2+BMI1+BMI2+F16C+FMA+LZCNT+MOVBE,AVX,SSE3+SSSE3+SSE4.1+SSE4.2+POPCNT,X86Base+SSE+SSE2,AES+PCLMUL VectorSize=256
// Job: Overhead-Fixed-Energy-8(OutlierMode=DontRemove, IterationCount=15, IterationTime=1s, LaunchCount=1, WarmupCount=6)

OverheadJitting  1: 1 op, 140181.00 ns, 140.1810 us/op, 0.00 uJpkg, 0.00 uJdram
WorkloadJitting  1: 1 op, 54271248.00 ns, 54.2712 ms/op, 3606619.00 uJpkg, 0.00 uJdram

OverheadJitting  2: 16 op, 367762.00 ns, 22.9851 us/op, 0.00 uJpkg, 0.00 uJdram
WorkloadJitting  2: 16 op, 13303437.00 ns, 831.4648 us/op, 941526.00 uJpkg, 0.00 uJdram

WorkloadPilot    1: 16 op, 12361091.00 ns, 772.5682 us/op, 871336.00 uJpkg, 0.00 uJdram
WorkloadPilot    2: 1296 op, 492268304.00 ns, 379.8367 us/op, 44851997.00 uJpkg, 0.00 uJdram
WorkloadPilot    3: 2640 op, 756581401.00 ns, 286.5839 us/op, 72108336.00 uJpkg, 0.00 uJdram
WorkloadPilot    4: 3504 op, 1002691876.00 ns, 286.1564 us/op, 95483154.00 uJpkg, 0.00 uJdram

OverheadWarmup   1: 3504 op, 12719.00 ns, 3.6299 ns/op, 0.00 uJpkg, 0.00 uJdram
OverheadWarmup   2: 3504 op, 12470.00 ns, 3.5588 ns/op, 0.00 uJpkg, 0.00 uJdram
OverheadWarmup   3: 3504 op, 12437.00 ns, 3.5494 ns/op, 0.00 uJpkg, 0.00 uJdram
OverheadWarmup   4: 3504 op, 12442.00 ns, 3.5508 ns/op, 0.00 uJpkg, 0.00 uJdram
OverheadWarmup   5: 3504 op, 12422.00 ns, 3.5451 ns/op, 0.00 uJpkg, 0.00 uJdram
OverheadWarmup   6: 3504 op, 12422.00 ns, 3.5451 ns/op, 0.00 uJpkg, 0.00 uJdram
OverheadWarmup   7: 3504 op, 12434.00 ns, 3.5485 ns/op, 0.00 uJpkg, 0.00 uJdram

OverheadActual   1: 3504 op, 12704.00 ns, 3.6256 ns/op, 0.00 uJpkg, 0.00 uJdram
OverheadActual   2: 3504 op, 12472.00 ns, 3.5594 ns/op, 0.00 uJpkg, 0.00 uJdram
OverheadActual   3: 3504 op, 12431.00 ns, 3.5477 ns/op, 0.00 uJpkg, 0.00 uJdram
OverheadActual   4: 3504 op, 12180.00 ns, 3.4760 ns/op, 0.00 uJpkg, 0.00 uJdram
OverheadActual   5: 3504 op, 12179.00 ns, 3.4757 ns/op, 0.00 uJpkg, 0.00 uJdram
OverheadActual   6: 3504 op, 12178.00 ns, 3.4755 ns/op, 0.00 uJpkg, 0.00 uJdram
OverheadActual   7: 3504 op, 12164.00 ns, 3.4715 ns/op, 0.00 uJpkg, 0.00 uJdram
OverheadActual   8: 3504 op, 12185.00 ns, 3.4775 ns/op, 0.00 uJpkg, 0.00 uJdram
OverheadActual   9: 3504 op, 12422.00 ns, 3.5451 ns/op, 0.00 uJpkg, 0.00 uJdram
OverheadActual  10: 3504 op, 12401.00 ns, 3.5391 ns/op, 0.00 uJpkg, 0.00 uJdram
OverheadActual  11: 3504 op, 12181.00 ns, 3.4763 ns/op, 0.00 uJpkg, 0.00 uJdram
OverheadActual  12: 3504 op, 12682.00 ns, 3.6193 ns/op, 0.00 uJpkg, 0.00 uJdram
OverheadActual  13: 3504 op, 12180.00 ns, 3.4760 ns/op, 0.00 uJpkg, 0.00 uJdram
OverheadActual  14: 3504 op, 12185.00 ns, 3.4775 ns/op, 0.00 uJpkg, 0.00 uJdram
OverheadActual  15: 3504 op, 12440.00 ns, 3.5502 ns/op, 0.00 uJpkg, 0.00 uJdram

WorkloadWarmup   1: 3504 op, 1004677959.00 ns, 286.7232 us/op, 96637814.00 uJpkg, 0.00 uJdram
WorkloadWarmup   2: 3504 op, 1006928826.00 ns, 287.3655 us/op, 95512329.00 uJpkg, 0.00 uJdram
WorkloadWarmup   3: 3504 op, 1002485855.00 ns, 286.0976 us/op, 95377930.00 uJpkg, 0.00 uJdram
WorkloadWarmup   4: 3504 op, 1006190511.00 ns, 287.1548 us/op, 96425229.00 uJpkg, 0.00 uJdram
WorkloadWarmup   5: 3504 op, 1001479375.00 ns, 285.8103 us/op, 95273255.00 uJpkg, 0.00 uJdram
WorkloadWarmup   6: 3504 op, 1008387535.00 ns, 287.7818 us/op, 96904293.00 uJpkg, 0.00 uJdram

// BeforeActualRun
WorkloadActual   1: 3504 op, 1002654006.00 ns, 286.1455 us/op, 95169251.00 uJpkg, 0.00 uJdram
WorkloadActual   2: 3504 op, 1003086530.00 ns, 286.2690 us/op, 96035460.00 uJpkg, 0.00 uJdram
WorkloadActual   3: 3504 op, 1004436205.00 ns, 286.6542 us/op, 96353025.00 uJpkg, 0.00 uJdram
WorkloadActual   4: 3504 op, 1003880782.00 ns, 286.4957 us/op, 95953917.00 uJpkg, 0.00 uJdram
WorkloadActual   5: 3504 op, 1003830005.00 ns, 286.4812 us/op, 95729369.00 uJpkg, 0.00 uJdram
WorkloadActual   6: 3504 op, 1000743800.00 ns, 285.6004 us/op, 95433166.00 uJpkg, 0.00 uJdram
WorkloadActual   7: 3504 op, 1004336329.00 ns, 286.6257 us/op, 95509888.00 uJpkg, 0.00 uJdram
WorkloadActual   8: 3504 op, 1002366373.00 ns, 286.0635 us/op, 95762756.00 uJpkg, 0.00 uJdram
WorkloadActual   9: 3504 op, 1005410006.00 ns, 286.9321 us/op, 96031493.00 uJpkg, 0.00 uJdram
WorkloadActual  10: 3504 op, 1008088283.00 ns, 287.6964 us/op, 96578732.00 uJpkg, 0.00 uJdram
WorkloadActual  11: 3504 op, 1004171627.00 ns, 286.5787 us/op, 96088743.00 uJpkg, 0.00 uJdram
WorkloadActual  12: 3504 op, 1004842034.00 ns, 286.7700 us/op, 96399961.00 uJpkg, 0.00 uJdram
WorkloadActual  13: 3504 op, 1002684139.00 ns, 286.1541 us/op, 95981871.00 uJpkg, 0.00 uJdram
WorkloadActual  14: 3504 op, 1002094123.00 ns, 285.9858 us/op, 95351807.00 uJpkg, 0.00 uJdram
WorkloadActual  15: 3504 op, 1002606319.00 ns, 286.1319 us/op, 95779601.00 uJpkg, 0.00 uJdram

// AfterActualRun
WorkloadResult   1: 3504 op, 1002641821.00 ns, 286.1421 us/op, 95169251.00 uJpkg, 0.00 uJdram
WorkloadResult   2: 3504 op, 1003074345.00 ns, 286.2655 us/op, 96035460.00 uJpkg, 0.00 uJdram
WorkloadResult   3: 3504 op, 1004424020.00 ns, 286.6507 us/op, 96353025.00 uJpkg, 0.00 uJdram
WorkloadResult   4: 3504 op, 1003868597.00 ns, 286.4922 us/op, 95953917.00 uJpkg, 0.00 uJdram
WorkloadResult   5: 3504 op, 1003817820.00 ns, 286.4777 us/op, 95729369.00 uJpkg, 0.00 uJdram
WorkloadResult   6: 3504 op, 1000731615.00 ns, 285.5969 us/op, 95433166.00 uJpkg, 0.00 uJdram
WorkloadResult   7: 3504 op, 1004324144.00 ns, 286.6222 us/op, 95509888.00 uJpkg, 0.00 uJdram
WorkloadResult   8: 3504 op, 1002354188.00 ns, 286.0600 us/op, 95762756.00 uJpkg, 0.00 uJdram
WorkloadResult   9: 3504 op, 1005397821.00 ns, 286.9286 us/op, 96031493.00 uJpkg, 0.00 uJdram
WorkloadResult  10: 3504 op, 1008076098.00 ns, 287.6930 us/op, 96578732.00 uJpkg, 0.00 uJdram
WorkloadResult  11: 3504 op, 1004159442.00 ns, 286.5752 us/op, 96088743.00 uJpkg, 0.00 uJdram
WorkloadResult  12: 3504 op, 1004829849.00 ns, 286.7665 us/op, 96399961.00 uJpkg, 0.00 uJdram
WorkloadResult  13: 3504 op, 1002671954.00 ns, 286.1507 us/op, 95981871.00 uJpkg, 0.00 uJdram
WorkloadResult  14: 3504 op, 1002081938.00 ns, 285.9823 us/op, 95351807.00 uJpkg, 0.00 uJdram
WorkloadResult  15: 3504 op, 1002594134.00 ns, 286.1285 us/op, 95779601.00 uJpkg, 0.00 uJdram

// AfterAll
// Benchmark Process 4066201 has exited with code 0.

Mean = 286.435 μs, StdErr = 0.127 μs (0.04%), N = 15, StdDev = 0.491 μs
Min = 285.597 μs, Q1 = 286.135 μs, Median = 286.478 μs, Q3 = 286.636 μs, Max = 287.693 μs
IQR = 0.501 μs, LowerFence = 285.384 μs, UpperFence = 287.388 μs
ConfidenceInterval = [285.910 μs; 286.961 μs] (CI 99.9%), Margin = 0.525 μs (0.18% of Mean)
Skewness = 0.76, Kurtosis = 3.61, MValue = 2

// ** Remained 11 (36.7%) benchmark(s) to run. Estimated finish 2025-12-31 21:44 (0h 4m from now) **
// **************************
// Benchmark: JsonSerializationBenchmarks.SpanJson_Serialize_Large: Overhead-Fixed-Energy-8(OutlierMode=DontRemove, IterationCount=15, IterationTime=1s, LaunchCount=1, WarmupCount=6)
// *** Execute ***
// Launch: 1 / 1
// Execute: dotnet Serialization.Bench-Overhead-Fixed-Energy-8-1.dll --anonymousPipes 103 104 --benchmarkName Serialization.Bench.JsonSerializationBenchmarks.SpanJson_Serialize_Large --job Overhead-Fixed-Energy-8 --benchmarkId 19 in /home/test/rapl-tests/lib-energy-bench/src/Serialization.Bench/bin/Release/net8.0/Serialization.Bench-Overhead-Fixed-Energy-8-1/bin/Release/net8.0
// BeforeAnythingElse

// Benchmark Process Environment Information:
// BenchmarkDotNet v0.15.5-develop (2025-12-31)
// Runtime=.NET 8.0.21 (8.0.21, 8.0.2125.47513), X64 RyuJIT x86-64-v4
// GC=Concurrent Workstation
// HardwareIntrinsics=AVX512 IFMA+VBMI,AVX512 F+BW+CD+DQ+VL,AVX2+BMI1+BMI2+F16C+FMA+LZCNT+MOVBE,AVX,SSE3+SSSE3+SSE4.1+SSE4.2+POPCNT,X86Base+SSE+SSE2,AES+PCLMUL VectorSize=256
// Job: Overhead-Fixed-Energy-8(OutlierMode=DontRemove, IterationCount=15, IterationTime=1s, LaunchCount=1, WarmupCount=6)

OverheadJitting  1: 1 op, 137695.00 ns, 137.6950 us/op, 0.00 uJpkg, 0.00 uJdram
WorkloadJitting  1: 1 op, 109073712.00 ns, 109.0737 ms/op, 6801252.00 uJpkg, 0.00 uJdram

WorkloadPilot    1: 4 op, 3050004.00 ns, 762.5010 us/op, 202087.00 uJpkg, 0.00 uJdram
WorkloadPilot    2: 1311 op, 316146066.00 ns, 241.1488 us/op, 22815554.00 uJpkg, 0.00 uJdram
WorkloadPilot    3: 4147 op, 674742725.00 ns, 162.7062 us/op, 48769834.00 uJpkg, 0.00 uJdram
WorkloadPilot    4: 6146 op, 997430367.00 ns, 162.2894 us/op, 72871518.00 uJpkg, 0.00 uJdram
WorkloadPilot    5: 6162 op, 1007828726.00 ns, 163.5555 us/op, 74021661.00 uJpkg, 0.00 uJdram
WorkloadPilot    6: 6114 op, 997235537.00 ns, 163.1069 us/op, 73333064.00 uJpkg, 0.00 uJdram
WorkloadPilot    7: 6131 op, 1007285081.00 ns, 164.2938 us/op, 73872552.00 uJpkg, 0.00 uJdram
WorkloadPilot    8: 6087 op, 998973055.00 ns, 164.1158 us/op, 73464472.00 uJpkg, 0.00 uJdram
WorkloadPilot    9: 6093 op, 1003015913.00 ns, 164.6177 us/op, 73465327.00 uJpkg, 0.00 uJdram

WorkloadWarmup   1: 6093 op, 1000363283.00 ns, 164.1824 us/op, 73642512.00 uJpkg, 0.00 uJdram
WorkloadWarmup   2: 6093 op, 1003197378.00 ns, 164.6475 us/op, 73477534.00 uJpkg, 0.00 uJdram
WorkloadWarmup   3: 6093 op, 1003712720.00 ns, 164.7321 us/op, 73654536.00 uJpkg, 0.00 uJdram
WorkloadWarmup   4: 6093 op, 993280141.00 ns, 163.0199 us/op, 72730710.00 uJpkg, 0.00 uJdram
WorkloadWarmup   5: 6093 op, 992959251.00 ns, 162.9672 us/op, 72684751.00 uJpkg, 0.00 uJdram
WorkloadWarmup   6: 6093 op, 988451366.00 ns, 162.2274 us/op, 71309754.00 uJpkg, 0.00 uJdram

// BeforeActualRun
WorkloadActual   1: 6093 op, 990886067.00 ns, 162.6270 us/op, 72395932.00 uJpkg, 0.00 uJdram
WorkloadActual   2: 6093 op, 1005056640.00 ns, 164.9527 us/op, 74050103.00 uJpkg, 0.00 uJdram
WorkloadActual   3: 6093 op, 1001459079.00 ns, 164.3622 us/op, 73404842.00 uJpkg, 0.00 uJdram
WorkloadActual   4: 6093 op, 1000866447.00 ns, 164.2650 us/op, 73285518.00 uJpkg, 0.00 uJdram
WorkloadActual   5: 6093 op, 994373576.00 ns, 163.1993 us/op, 73205990.00 uJpkg, 0.00 uJdram
WorkloadActual   6: 6093 op, 1002898677.00 ns, 164.5985 us/op, 73546260.00 uJpkg, 0.00 uJdram
WorkloadActual   7: 6093 op, 1000467483.00 ns, 164.1995 us/op, 73667658.00 uJpkg, 0.00 uJdram
WorkloadActual   8: 6093 op, 991582642.00 ns, 162.7413 us/op, 73756403.00 uJpkg, 0.00 uJdram
WorkloadActual   9: 6093 op, 998175607.00 ns, 163.8233 us/op, 73021114.00 uJpkg, 0.00 uJdram
WorkloadActual  10: 6093 op, 993368770.00 ns, 163.0344 us/op, 73503230.00 uJpkg, 0.00 uJdram
WorkloadActual  11: 6093 op, 995288257.00 ns, 163.3495 us/op, 73412226.00 uJpkg, 0.00 uJdram
WorkloadActual  12: 6093 op, 993571015.00 ns, 163.0676 us/op, 72923580.00 uJpkg, 0.00 uJdram
WorkloadActual  13: 6093 op, 1001735759.00 ns, 164.4076 us/op, 73758905.00 uJpkg, 0.00 uJdram
WorkloadActual  14: 6093 op, 996054378.00 ns, 163.4752 us/op, 73538813.00 uJpkg, 0.00 uJdram
WorkloadActual  15: 6093 op, 988080607.00 ns, 162.1665 us/op, 72948849.00 uJpkg, 0.00 uJdram

// AfterActualRun
WorkloadResult   1: 6093 op, 990886067.00 ns, 162.6270 us/op, 72395932.00 uJpkg, 0.00 uJdram
WorkloadResult   2: 6093 op, 1005056640.00 ns, 164.9527 us/op, 74050103.00 uJpkg, 0.00 uJdram
WorkloadResult   3: 6093 op, 1001459079.00 ns, 164.3622 us/op, 73404842.00 uJpkg, 0.00 uJdram
WorkloadResult   4: 6093 op, 1000866447.00 ns, 164.2650 us/op, 73285518.00 uJpkg, 0.00 uJdram
WorkloadResult   5: 6093 op, 994373576.00 ns, 163.1993 us/op, 73205990.00 uJpkg, 0.00 uJdram
WorkloadResult   6: 6093 op, 1002898677.00 ns, 164.5985 us/op, 73546260.00 uJpkg, 0.00 uJdram
WorkloadResult   7: 6093 op, 1000467483.00 ns, 164.1995 us/op, 73667658.00 uJpkg, 0.00 uJdram
WorkloadResult   8: 6093 op, 991582642.00 ns, 162.7413 us/op, 73756403.00 uJpkg, 0.00 uJdram
WorkloadResult   9: 6093 op, 998175607.00 ns, 163.8233 us/op, 73021114.00 uJpkg, 0.00 uJdram
WorkloadResult  10: 6093 op, 993368770.00 ns, 163.0344 us/op, 73503230.00 uJpkg, 0.00 uJdram
WorkloadResult  11: 6093 op, 995288257.00 ns, 163.3495 us/op, 73412226.00 uJpkg, 0.00 uJdram
WorkloadResult  12: 6093 op, 993571015.00 ns, 163.0676 us/op, 72923580.00 uJpkg, 0.00 uJdram
WorkloadResult  13: 6093 op, 1001735759.00 ns, 164.4076 us/op, 73758905.00 uJpkg, 0.00 uJdram
WorkloadResult  14: 6093 op, 996054378.00 ns, 163.4752 us/op, 73538813.00 uJpkg, 0.00 uJdram
WorkloadResult  15: 6093 op, 988080607.00 ns, 162.1665 us/op, 72948849.00 uJpkg, 0.00 uJdram

// AfterAll
// Benchmark Process 4066219 has exited with code 0.

Mean = 163.618 μs, StdErr = 0.213 μs (0.13%), N = 15, StdDev = 0.823 μs
Min = 162.167 μs, Q1 = 163.051 μs, Median = 163.475 μs, Q3 = 164.314 μs, Max = 164.953 μs
IQR = 1.263 μs, LowerFence = 161.157 μs, UpperFence = 166.207 μs
ConfidenceInterval = [162.738 μs; 164.498 μs] (CI 99.9%), Margin = 0.880 μs (0.54% of Mean)
Skewness = -0.06, Kurtosis = 1.64, MValue = 2

// ** Remained 10 (33.3%) benchmark(s) to run. Estimated finish 2025-12-31 21:44 (0h 4m from now) **
// **************************
// Benchmark: JsonSerializationBenchmarks.STJ_Serialize_Medium: Overhead-Fixed-Energy-8(OutlierMode=DontRemove, IterationCount=15, IterationTime=1s, LaunchCount=1, WarmupCount=6)
// *** Execute ***
// Launch: 1 / 1
// Execute: dotnet Serialization.Bench-Overhead-Fixed-Energy-8-1.dll --anonymousPipes 103 104 --benchmarkName Serialization.Bench.JsonSerializationBenchmarks.STJ_Serialize_Medium --job Overhead-Fixed-Energy-8 --benchmarkId 20 in /home/test/rapl-tests/lib-energy-bench/src/Serialization.Bench/bin/Release/net8.0/Serialization.Bench-Overhead-Fixed-Energy-8-1/bin/Release/net8.0
// BeforeAnythingElse

// Benchmark Process Environment Information:
// BenchmarkDotNet v0.15.5-develop (2025-12-31)
// Runtime=.NET 8.0.21 (8.0.21, 8.0.2125.47513), X64 RyuJIT x86-64-v4
// GC=Concurrent Workstation
// HardwareIntrinsics=AVX512 IFMA+VBMI,AVX512 F+BW+CD+DQ+VL,AVX2+BMI1+BMI2+F16C+FMA+LZCNT+MOVBE,AVX,SSE3+SSSE3+SSE4.1+SSE4.2+POPCNT,X86Base+SSE+SSE2,AES+PCLMUL VectorSize=256
// Job: Overhead-Fixed-Energy-8(OutlierMode=DontRemove, IterationCount=15, IterationTime=1s, LaunchCount=1, WarmupCount=6)

OverheadJitting  1: 1 op, 136942.00 ns, 136.9420 us/op, 63293.00 uJpkg, 0.00 uJdram
WorkloadJitting  1: 1 op, 7026841.00 ns, 7.0268 ms/op, 433470.00 uJpkg, 0.00 uJdram

OverheadJitting  2: 16 op, 356844.00 ns, 22.3028 us/op, 0.00 uJpkg, 0.00 uJdram
WorkloadJitting  2: 16 op, 2064277.00 ns, 129.0173 us/op, 145996.00 uJpkg, 0.00 uJdram

WorkloadPilot    1: 16 op, 1585703.00 ns, 99.1064 us/op, 127807.00 uJpkg, 0.00 uJdram
WorkloadPilot    2: 10096 op, 719431172.00 ns, 71.2590 us/op, 63048422.00 uJpkg, 0.00 uJdram
WorkloadPilot    3: 14048 op, 669547964.00 ns, 47.6614 us/op, 57528784.00 uJpkg, 0.00 uJdram
WorkloadPilot    4: 20992 op, 997352931.00 ns, 47.5111 us/op, 86155724.00 uJpkg, 0.00 uJdram
WorkloadPilot    5: 21056 op, 1007873174.00 ns, 47.8663 us/op, 88046894.00 uJpkg, 0.00 uJdram
WorkloadPilot    6: 20896 op, 998319508.00 ns, 47.7756 us/op, 87742818.00 uJpkg, 0.00 uJdram
WorkloadPilot    7: 20944 op, 999009354.00 ns, 47.6991 us/op, 87853779.00 uJpkg, 0.00 uJdram
WorkloadPilot    8: 20976 op, 1004621418.00 ns, 47.8939 us/op, 88273517.00 uJpkg, 0.00 uJdram
WorkloadPilot    9: 20880 op, 996707387.00 ns, 47.7350 us/op, 87376851.00 uJpkg, 0.00 uJdram
WorkloadPilot   10: 20960 op, 1003891881.00 ns, 47.8956 us/op, 88783525.00 uJpkg, 0.00 uJdram

OverheadWarmup   1: 20960 op, 71861.00 ns, 3.4285 ns/op, 0.00 uJpkg, 0.00 uJdram
OverheadWarmup   2: 20960 op, 74144.00 ns, 3.5374 ns/op, 0.00 uJpkg, 0.00 uJdram
OverheadWarmup   3: 20960 op, 72724.00 ns, 3.4697 ns/op, 0.00 uJpkg, 0.00 uJdram
OverheadWarmup   4: 20960 op, 72933.00 ns, 3.4796 ns/op, 0.00 uJpkg, 0.00 uJdram
OverheadWarmup   5: 20960 op, 77113.00 ns, 3.6791 ns/op, 0.00 uJpkg, 0.00 uJdram
OverheadWarmup   6: 20960 op, 72692.00 ns, 3.4681 ns/op, 0.00 uJpkg, 0.00 uJdram

OverheadActual   1: 20960 op, 72873.00 ns, 3.4768 ns/op, 0.00 uJpkg, 0.00 uJdram
OverheadActual   2: 20960 op, 80690.00 ns, 3.8497 ns/op, 0.00 uJpkg, 0.00 uJdram
OverheadActual   3: 20960 op, 77711.00 ns, 3.7076 ns/op, 0.00 uJpkg, 0.00 uJdram
OverheadActual   4: 20960 op, 73083.00 ns, 3.4868 ns/op, 0.00 uJpkg, 0.00 uJdram
OverheadActual   5: 20960 op, 72723.00 ns, 3.4696 ns/op, 0.00 uJpkg, 0.00 uJdram
OverheadActual   6: 20960 op, 72729.00 ns, 3.4699 ns/op, 0.00 uJpkg, 0.00 uJdram
OverheadActual   7: 20960 op, 72956.00 ns, 3.4807 ns/op, 0.00 uJpkg, 0.00 uJdram
OverheadActual   8: 20960 op, 75050.00 ns, 3.5806 ns/op, 0.00 uJpkg, 0.00 uJdram
OverheadActual   9: 20960 op, 72743.00 ns, 3.4706 ns/op, 0.00 uJpkg, 0.00 uJdram
OverheadActual  10: 20960 op, 73074.00 ns, 3.4864 ns/op, 0.00 uJpkg, 0.00 uJdram
OverheadActual  11: 20960 op, 72729.00 ns, 3.4699 ns/op, 0.00 uJpkg, 0.00 uJdram
OverheadActual  12: 20960 op, 72720.00 ns, 3.4695 ns/op, 71838.00 uJpkg, 0.00 uJdram
OverheadActual  13: 20960 op, 73130.00 ns, 3.4890 ns/op, 0.00 uJpkg, 0.00 uJdram
OverheadActual  14: 20960 op, 72728.00 ns, 3.4698 ns/op, 0.00 uJpkg, 0.00 uJdram
OverheadActual  15: 20960 op, 79411.00 ns, 3.7887 ns/op, 0.00 uJpkg, 0.00 uJdram

WorkloadWarmup   1: 20960 op, 1005129039.00 ns, 47.9546 us/op, 90586255.00 uJpkg, 0.00 uJdram
WorkloadWarmup   2: 20960 op, 1002240777.00 ns, 47.8168 us/op, 88217731.00 uJpkg, 0.00 uJdram
WorkloadWarmup   3: 20960 op, 992214004.00 ns, 47.3385 us/op, 87127218.00 uJpkg, 0.00 uJdram
WorkloadWarmup   4: 20960 op, 992110019.00 ns, 47.3335 us/op, 87082601.00 uJpkg, 0.00 uJdram
WorkloadWarmup   5: 20960 op, 991217309.00 ns, 47.2909 us/op, 87094259.00 uJpkg, 0.00 uJdram
WorkloadWarmup   6: 20960 op, 990076052.00 ns, 47.2365 us/op, 86832969.00 uJpkg, 0.00 uJdram

// BeforeActualRun
WorkloadActual   1: 20960 op, 994366975.00 ns, 47.4412 us/op, 86795310.00 uJpkg, 0.00 uJdram
WorkloadActual   2: 20960 op, 996256725.00 ns, 47.5313 us/op, 87026083.00 uJpkg, 0.00 uJdram
WorkloadActual   3: 20960 op, 990219545.00 ns, 47.2433 us/op, 85766748.00 uJpkg, 0.00 uJdram
WorkloadActual   4: 20960 op, 988391173.00 ns, 47.1561 us/op, 85043484.00 uJpkg, 0.00 uJdram
WorkloadActual   5: 20960 op, 988369288.00 ns, 47.1550 us/op, 85406093.00 uJpkg, 0.00 uJdram
WorkloadActual   6: 20960 op, 1000663663.00 ns, 47.7416 us/op, 86202721.00 uJpkg, 0.00 uJdram
WorkloadActual   7: 20960 op, 998973139.00 ns, 47.6609 us/op, 86050378.00 uJpkg, 0.00 uJdram
WorkloadActual   8: 20960 op, 999855880.00 ns, 47.7030 us/op, 85940698.00 uJpkg, 0.00 uJdram
WorkloadActual   9: 20960 op, 1000595346.00 ns, 47.7383 us/op, 86259301.00 uJpkg, 0.00 uJdram
WorkloadActual  10: 20960 op, 1000541835.00 ns, 47.7358 us/op, 87247946.00 uJpkg, 0.00 uJdram
WorkloadActual  11: 20960 op, 1001492698.00 ns, 47.7811 us/op, 86094262.00 uJpkg, 0.00 uJdram
WorkloadActual  12: 20960 op, 1000985877.00 ns, 47.7570 us/op, 86957602.00 uJpkg, 0.00 uJdram
WorkloadActual  13: 20960 op, 999519120.00 ns, 47.6870 us/op, 86154504.00 uJpkg, 0.00 uJdram
WorkloadActual  14: 20960 op, 1004825675.00 ns, 47.9402 us/op, 86780723.00 uJpkg, 0.00 uJdram
WorkloadActual  15: 20960 op, 1003808711.00 ns, 47.8916 us/op, 87559468.00 uJpkg, 0.00 uJdram

// AfterActualRun
WorkloadResult   1: 20960 op, 994294019.00 ns, 47.4377 us/op, 86795310.00 uJpkg, 0.00 uJdram
WorkloadResult   2: 20960 op, 996183769.00 ns, 47.5279 us/op, 87026083.00 uJpkg, 0.00 uJdram
WorkloadResult   3: 20960 op, 990146589.00 ns, 47.2398 us/op, 85766748.00 uJpkg, 0.00 uJdram
WorkloadResult   4: 20960 op, 988318217.00 ns, 47.1526 us/op, 85043484.00 uJpkg, 0.00 uJdram
WorkloadResult   5: 20960 op, 988296332.00 ns, 47.1515 us/op, 85406093.00 uJpkg, 0.00 uJdram
WorkloadResult   6: 20960 op, 1000590707.00 ns, 47.7381 us/op, 86202721.00 uJpkg, 0.00 uJdram
WorkloadResult   7: 20960 op, 998900183.00 ns, 47.6575 us/op, 86050378.00 uJpkg, 0.00 uJdram
WorkloadResult   8: 20960 op, 999782924.00 ns, 47.6996 us/op, 85940698.00 uJpkg, 0.00 uJdram
WorkloadResult   9: 20960 op, 1000522390.00 ns, 47.7348 us/op, 86259301.00 uJpkg, 0.00 uJdram
WorkloadResult  10: 20960 op, 1000468879.00 ns, 47.7323 us/op, 87247946.00 uJpkg, 0.00 uJdram
WorkloadResult  11: 20960 op, 1001419742.00 ns, 47.7777 us/op, 86094262.00 uJpkg, 0.00 uJdram
WorkloadResult  12: 20960 op, 1000912921.00 ns, 47.7535 us/op, 86957602.00 uJpkg, 0.00 uJdram
WorkloadResult  13: 20960 op, 999446164.00 ns, 47.6835 us/op, 86154504.00 uJpkg, 0.00 uJdram
WorkloadResult  14: 20960 op, 1004752719.00 ns, 47.9367 us/op, 86780723.00 uJpkg, 0.00 uJdram
WorkloadResult  15: 20960 op, 1003735755.00 ns, 47.8882 us/op, 87559468.00 uJpkg, 0.00 uJdram

// AfterAll
// Benchmark Process 4066234 has exited with code 0.

Mean = 47.607 μs, StdErr = 0.065 μs (0.14%), N = 15, StdDev = 0.252 μs
Min = 47.152 μs, Q1 = 47.483 μs, Median = 47.700 μs, Q3 = 47.746 μs, Max = 47.937 μs
IQR = 0.263 μs, LowerFence = 47.088 μs, UpperFence = 48.140 μs
ConfidenceInterval = [47.338 μs; 47.877 μs] (CI 99.9%), Margin = 0.269 μs (0.57% of Mean)
Skewness = -0.71, Kurtosis = 2.08, MValue = 2

// ** Remained 9 (30.0%) benchmark(s) to run. Estimated finish 2025-12-31 21:44 (0h 4m from now) **
// **************************
// Benchmark: JsonSerializationBenchmarks.Newtonsoft_Serialize_Medium: Overhead-Fixed-Energy-8(OutlierMode=DontRemove, IterationCount=15, IterationTime=1s, LaunchCount=1, WarmupCount=6)
// *** Execute ***
// Launch: 1 / 1
// Execute: dotnet Serialization.Bench-Overhead-Fixed-Energy-8-1.dll --anonymousPipes 103 104 --benchmarkName Serialization.Bench.JsonSerializationBenchmarks.Newtonsoft_Serialize_Medium --job Overhead-Fixed-Energy-8 --benchmarkId 21 in /home/test/rapl-tests/lib-energy-bench/src/Serialization.Bench/bin/Release/net8.0/Serialization.Bench-Overhead-Fixed-Energy-8-1/bin/Release/net8.0
// BeforeAnythingElse

// Benchmark Process Environment Information:
// BenchmarkDotNet v0.15.5-develop (2025-12-31)
// Runtime=.NET 8.0.21 (8.0.21, 8.0.2125.47513), X64 RyuJIT x86-64-v4
// GC=Concurrent Workstation
// HardwareIntrinsics=AVX512 IFMA+VBMI,AVX512 F+BW+CD+DQ+VL,AVX2+BMI1+BMI2+F16C+FMA+LZCNT+MOVBE,AVX,SSE3+SSSE3+SSE4.1+SSE4.2+POPCNT,X86Base+SSE+SSE2,AES+PCLMUL VectorSize=256
// Job: Overhead-Fixed-Energy-8(OutlierMode=DontRemove, IterationCount=15, IterationTime=1s, LaunchCount=1, WarmupCount=6)

OverheadJitting  1: 1 op, 135691.00 ns, 135.6910 us/op, 55603.00 uJpkg, 0.00 uJdram
WorkloadJitting  1: 1 op, 48159376.00 ns, 48.1594 ms/op, 2978081.00 uJpkg, 0.00 uJdram

OverheadJitting  2: 16 op, 359765.00 ns, 22.4853 us/op, 0.00 uJpkg, 0.00 uJdram
WorkloadJitting  2: 16 op, 5028052.00 ns, 314.2533 us/op, 358763.00 uJpkg, 0.00 uJdram

WorkloadPilot    1: 16 op, 4426422.00 ns, 276.6514 us/op, 252746.00 uJpkg, 0.00 uJdram
WorkloadPilot    2: 3616 op, 358920596.00 ns, 99.2590 us/op, 28787036.00 uJpkg, 0.00 uJdram
WorkloadPilot    3: 10080 op, 527861215.00 ns, 52.3672 us/op, 45023078.00 uJpkg, 0.00 uJdram
WorkloadPilot    4: 19104 op, 996446729.00 ns, 52.1591 us/op, 84998074.00 uJpkg, 0.00 uJdram
WorkloadPilot    5: 19184 op, 1000693952.00 ns, 52.1629 us/op, 84750332.00 uJpkg, 0.00 uJdram

OverheadWarmup   1: 19184 op, 67715.00 ns, 3.5298 ns/op, 79590.00 uJpkg, 0.00 uJdram
OverheadWarmup   2: 19184 op, 66601.00 ns, 3.4717 ns/op, 0.00 uJpkg, 0.00 uJdram
OverheadWarmup   3: 19184 op, 66602.00 ns, 3.4717 ns/op, 0.00 uJpkg, 0.00 uJdram
OverheadWarmup   4: 19184 op, 66998.00 ns, 3.4924 ns/op, 0.00 uJpkg, 0.00 uJdram
OverheadWarmup   5: 19184 op, 66581.00 ns, 3.4707 ns/op, 0.00 uJpkg, 0.00 uJdram
OverheadWarmup   6: 19184 op, 66541.00 ns, 3.4686 ns/op, 0.00 uJpkg, 0.00 uJdram
OverheadWarmup   7: 19184 op, 66921.00 ns, 3.4884 ns/op, 0.00 uJpkg, 0.00 uJdram
OverheadWarmup   8: 19184 op, 66575.00 ns, 3.4703 ns/op, 0.00 uJpkg, 0.00 uJdram

OverheadActual   1: 19184 op, 67614.00 ns, 3.5245 ns/op, 0.00 uJpkg, 0.00 uJdram
OverheadActual   2: 19184 op, 66621.00 ns, 3.4727 ns/op, 0.00 uJpkg, 0.00 uJdram
OverheadActual   3: 19184 op, 66970.00 ns, 3.4909 ns/op, 0.00 uJpkg, 0.00 uJdram
OverheadActual   4: 19184 op, 66600.00 ns, 3.4716 ns/op, 0.00 uJpkg, 0.00 uJdram
OverheadActual   5: 19184 op, 70836.00 ns, 3.6925 ns/op, 0.00 uJpkg, 0.00 uJdram
OverheadActual   6: 19184 op, 67933.00 ns, 3.5411 ns/op, 0.00 uJpkg, 0.00 uJdram
OverheadActual   7: 19184 op, 66584.00 ns, 3.4708 ns/op, 0.00 uJpkg, 0.00 uJdram
OverheadActual   8: 19184 op, 66582.00 ns, 3.4707 ns/op, 84534.00 uJpkg, 0.00 uJdram
OverheadActual   9: 19184 op, 66590.00 ns, 3.4711 ns/op, 0.00 uJpkg, 0.00 uJdram
OverheadActual  10: 19184 op, 66899.00 ns, 3.4872 ns/op, 0.00 uJpkg, 0.00 uJdram
OverheadActual  11: 19184 op, 66581.00 ns, 3.4707 ns/op, 0.00 uJpkg, 0.00 uJdram
OverheadActual  12: 19184 op, 71823.00 ns, 3.7439 ns/op, 0.00 uJpkg, 0.00 uJdram
OverheadActual  13: 19184 op, 66950.00 ns, 3.4899 ns/op, 0.00 uJpkg, 0.00 uJdram
OverheadActual  14: 19184 op, 66598.00 ns, 3.4715 ns/op, 0.00 uJpkg, 0.00 uJdram
OverheadActual  15: 19184 op, 66601.00 ns, 3.4717 ns/op, 0.00 uJpkg, 0.00 uJdram

WorkloadWarmup   1: 19184 op, 1010296402.00 ns, 52.6635 us/op, 88625872.00 uJpkg, 0.00 uJdram
WorkloadWarmup   2: 19184 op, 1009722321.00 ns, 52.6336 us/op, 86110863.00 uJpkg, 0.00 uJdram
WorkloadWarmup   3: 19184 op, 998526568.00 ns, 52.0500 us/op, 84987026.00 uJpkg, 0.00 uJdram
WorkloadWarmup   4: 19184 op, 999066972.00 ns, 52.0781 us/op, 84882046.00 uJpkg, 0.00 uJdram
WorkloadWarmup   5: 19184 op, 1017284365.00 ns, 53.0278 us/op, 86231835.00 uJpkg, 0.00 uJdram
WorkloadWarmup   6: 19184 op, 1015006482.00 ns, 52.9090 us/op, 85682520.00 uJpkg, 0.00 uJdram

// BeforeActualRun
WorkloadActual   1: 19184 op, 1006747602.00 ns, 52.4785 us/op, 85267360.00 uJpkg, 0.00 uJdram
WorkloadActual   2: 19184 op, 999434831.00 ns, 52.0973 us/op, 85685266.00 uJpkg, 0.00 uJdram
WorkloadActual   3: 19184 op, 1002099916.00 ns, 52.2362 us/op, 86055688.00 uJpkg, 0.00 uJdram
WorkloadActual   4: 19184 op, 1003442073.00 ns, 52.3062 us/op, 85325587.00 uJpkg, 0.00 uJdram
WorkloadActual   5: 19184 op, 1003155689.00 ns, 52.2913 us/op, 85951135.00 uJpkg, 0.00 uJdram
WorkloadActual   6: 19184 op, 1001181555.00 ns, 52.1884 us/op, 85869409.00 uJpkg, 0.00 uJdram
WorkloadActual   7: 19184 op, 1006151057.00 ns, 52.4474 us/op, 85928491.00 uJpkg, 0.00 uJdram
WorkloadActual   8: 19184 op, 1009403741.00 ns, 52.6170 us/op, 86761374.00 uJpkg, 0.00 uJdram
WorkloadActual   9: 19184 op, 1001223279.00 ns, 52.1905 us/op, 85265162.00 uJpkg, 0.00 uJdram
WorkloadActual  10: 19184 op, 1002107618.00 ns, 52.2366 us/op, 86079004.00 uJpkg, 0.00 uJdram
WorkloadActual  11: 19184 op, 1003561901.00 ns, 52.3124 us/op, 85262050.00 uJpkg, 0.00 uJdram
WorkloadActual  12: 19184 op, 1002235505.00 ns, 52.2433 us/op, 85259914.00 uJpkg, 0.00 uJdram
WorkloadActual  13: 19184 op, 1004550866.00 ns, 52.3640 us/op, 85242336.00 uJpkg, 0.00 uJdram
WorkloadActual  14: 19184 op, 1005308144.00 ns, 52.4035 us/op, 85634058.00 uJpkg, 0.00 uJdram
WorkloadActual  15: 19184 op, 1000887237.00 ns, 52.1730 us/op, 85157924.00 uJpkg, 0.00 uJdram

// AfterActualRun
WorkloadResult   1: 19184 op, 1006680981.00 ns, 52.4750 us/op, 85267360.00 uJpkg, 0.00 uJdram
WorkloadResult   2: 19184 op, 999368210.00 ns, 52.0938 us/op, 85685266.00 uJpkg, 0.00 uJdram
WorkloadResult   3: 19184 op, 1002033295.00 ns, 52.2328 us/op, 86055688.00 uJpkg, 0.00 uJdram
WorkloadResult   4: 19184 op, 1003375452.00 ns, 52.3027 us/op, 85325587.00 uJpkg, 0.00 uJdram
WorkloadResult   5: 19184 op, 1003089068.00 ns, 52.2878 us/op, 85951135.00 uJpkg, 0.00 uJdram
WorkloadResult   6: 19184 op, 1001114934.00 ns, 52.1849 us/op, 85869409.00 uJpkg, 0.00 uJdram
WorkloadResult   7: 19184 op, 1006084436.00 ns, 52.4439 us/op, 85928491.00 uJpkg, 0.00 uJdram
WorkloadResult   8: 19184 op, 1009337120.00 ns, 52.6135 us/op, 86761374.00 uJpkg, 0.00 uJdram
WorkloadResult   9: 19184 op, 1001156658.00 ns, 52.1871 us/op, 85265162.00 uJpkg, 0.00 uJdram
WorkloadResult  10: 19184 op, 1002040997.00 ns, 52.2332 us/op, 86079004.00 uJpkg, 0.00 uJdram
WorkloadResult  11: 19184 op, 1003495280.00 ns, 52.3090 us/op, 85262050.00 uJpkg, 0.00 uJdram
WorkloadResult  12: 19184 op, 1002168884.00 ns, 52.2398 us/op, 85259914.00 uJpkg, 0.00 uJdram
WorkloadResult  13: 19184 op, 1004484245.00 ns, 52.3605 us/op, 85242336.00 uJpkg, 0.00 uJdram
WorkloadResult  14: 19184 op, 1005241523.00 ns, 52.4000 us/op, 85634058.00 uJpkg, 0.00 uJdram
WorkloadResult  15: 19184 op, 1000820616.00 ns, 52.1695 us/op, 85157924.00 uJpkg, 0.00 uJdram

// AfterAll
// Benchmark Process 4066255 has exited with code 0.

Mean = 52.302 μs, StdErr = 0.035 μs (0.07%), N = 15, StdDev = 0.137 μs
Min = 52.094 μs, Q1 = 52.210 μs, Median = 52.288 μs, Q3 = 52.380 μs, Max = 52.613 μs
IQR = 0.170 μs, LowerFence = 51.954 μs, UpperFence = 52.636 μs
ConfidenceInterval = [52.156 μs; 52.448 μs] (CI 99.9%), Margin = 0.146 μs (0.28% of Mean)
Skewness = 0.62, Kurtosis = 2.56, MValue = 2

// ** Remained 8 (26.7%) benchmark(s) to run. Estimated finish 2025-12-31 21:44 (0h 3m from now) **
// **************************
// Benchmark: JsonSerializationBenchmarks.Jil_Serialize_Medium: Overhead-Fixed-Energy-8(OutlierMode=DontRemove, IterationCount=15, IterationTime=1s, LaunchCount=1, WarmupCount=6)
// *** Execute ***
// Launch: 1 / 1
// Execute: dotnet Serialization.Bench-Overhead-Fixed-Energy-8-1.dll --anonymousPipes 103 104 --benchmarkName Serialization.Bench.JsonSerializationBenchmarks.Jil_Serialize_Medium --job Overhead-Fixed-Energy-8 --benchmarkId 22 in /home/test/rapl-tests/lib-energy-bench/src/Serialization.Bench/bin/Release/net8.0/Serialization.Bench-Overhead-Fixed-Energy-8-1/bin/Release/net8.0
// BeforeAnythingElse

// Benchmark Process Environment Information:
// BenchmarkDotNet v0.15.5-develop (2025-12-31)
// Runtime=.NET 8.0.21 (8.0.21, 8.0.2125.47513), X64 RyuJIT x86-64-v4
// GC=Concurrent Workstation
// HardwareIntrinsics=AVX512 IFMA+VBMI,AVX512 F+BW+CD+DQ+VL,AVX2+BMI1+BMI2+F16C+FMA+LZCNT+MOVBE,AVX,SSE3+SSSE3+SSE4.1+SSE4.2+POPCNT,X86Base+SSE+SSE2,AES+PCLMUL VectorSize=256
// Job: Overhead-Fixed-Energy-8(OutlierMode=DontRemove, IterationCount=15, IterationTime=1s, LaunchCount=1, WarmupCount=6)

OverheadJitting  1: 1 op, 135611.00 ns, 135.6110 us/op, 0.00 uJpkg, 0.00 uJdram
WorkloadJitting  1: 1 op, 132730977.00 ns, 132.7310 ms/op, 8286600.00 uJpkg, 0.00 uJdram

WorkloadPilot    1: 4 op, 647780.00 ns, 161.9450 us/op, 0.00 uJpkg, 0.00 uJdram
WorkloadPilot    2: 6175 op, 318114179.00 ns, 51.5165 us/op, 26214167.00 uJpkg, 0.00 uJdram
WorkloadPilot    3: 19411 op, 727656920.00 ns, 37.4868 us/op, 61754908.00 uJpkg, 0.00 uJdram
WorkloadPilot    4: 26676 op, 999430549.00 ns, 37.4655 us/op, 85158473.00 uJpkg, 0.00 uJdram
WorkloadPilot    5: 26691 op, 995951713.00 ns, 37.3141 us/op, 84580960.00 uJpkg, 0.00 uJdram
WorkloadPilot    6: 26799 op, 993906123.00 ns, 37.0874 us/op, 85401698.00 uJpkg, 0.00 uJdram
WorkloadPilot    7: 26963 op, 1003063099.00 ns, 37.2015 us/op, 86061120.00 uJpkg, 0.00 uJdram
WorkloadPilot    8: 26881 op, 1000637286.00 ns, 37.2247 us/op, 85930200.00 uJpkg, 0.00 uJdram
WorkloadPilot    9: 26864 op, 998655004.00 ns, 37.1745 us/op, 85544214.00 uJpkg, 0.00 uJdram
WorkloadPilot   10: 26900 op, 1005132312.00 ns, 37.3655 us/op, 86697960.00 uJpkg, 0.00 uJdram

WorkloadWarmup   1: 26900 op, 1009164872.00 ns, 37.5154 us/op, 86341087.00 uJpkg, 0.00 uJdram
WorkloadWarmup   2: 26900 op, 1005087041.00 ns, 37.3638 us/op, 86217369.00 uJpkg, 0.00 uJdram
WorkloadWarmup   3: 26900 op, 1000557154.00 ns, 37.1954 us/op, 85921777.00 uJpkg, 0.00 uJdram
WorkloadWarmup   4: 26900 op, 1000927581.00 ns, 37.2092 us/op, 85395899.00 uJpkg, 0.00 uJdram
WorkloadWarmup   5: 26900 op, 1001918691.00 ns, 37.2460 us/op, 85075222.00 uJpkg, 0.00 uJdram
WorkloadWarmup   6: 26900 op, 1001584461.00 ns, 37.2336 us/op, 85434779.00 uJpkg, 0.00 uJdram

// BeforeActualRun
WorkloadActual   1: 26900 op, 999117907.00 ns, 37.1419 us/op, 86255456.00 uJpkg, 0.00 uJdram
WorkloadActual   2: 26900 op, 1006563698.00 ns, 37.4187 us/op, 86432640.00 uJpkg, 0.00 uJdram
WorkloadActual   3: 26900 op, 1001668649.00 ns, 37.2368 us/op, 85545923.00 uJpkg, 0.00 uJdram
WorkloadActual   4: 26900 op, 1000376803.00 ns, 37.1887 us/op, 85322719.00 uJpkg, 0.00 uJdram
WorkloadActual   5: 26900 op, 1002071807.00 ns, 37.2517 us/op, 85569117.00 uJpkg, 0.00 uJdram
WorkloadActual   6: 26900 op, 1003102526.00 ns, 37.2901 us/op, 86519004.00 uJpkg, 0.00 uJdram
WorkloadActual   7: 26900 op, 1002533349.00 ns, 37.2689 us/op, 86125878.00 uJpkg, 0.00 uJdram
WorkloadActual   8: 26900 op, 999211350.00 ns, 37.1454 us/op, 85686304.00 uJpkg, 0.00 uJdram
WorkloadActual   9: 26900 op, 998922071.00 ns, 37.1346 us/op, 85150173.00 uJpkg, 0.00 uJdram
WorkloadActual  10: 26900 op, 1000462123.00 ns, 37.1919 us/op, 85871240.00 uJpkg, 0.00 uJdram
WorkloadActual  11: 26900 op, 1002736800.00 ns, 37.2765 us/op, 85838037.00 uJpkg, 0.00 uJdram
WorkloadActual  12: 26900 op, 1002701814.00 ns, 37.2752 us/op, 85952050.00 uJpkg, 0.00 uJdram
WorkloadActual  13: 26900 op, 1001986336.00 ns, 37.2486 us/op, 85917138.00 uJpkg, 0.00 uJdram
WorkloadActual  14: 26900 op, 999883481.00 ns, 37.1704 us/op, 85961389.00 uJpkg, 0.00 uJdram
WorkloadActual  15: 26900 op, 1004196964.00 ns, 37.3307 us/op, 86355491.00 uJpkg, 0.00 uJdram

// AfterActualRun
WorkloadResult   1: 26900 op, 999117907.00 ns, 37.1419 us/op, 86255456.00 uJpkg, 0.00 uJdram
WorkloadResult   2: 26900 op, 1006563698.00 ns, 37.4187 us/op, 86432640.00 uJpkg, 0.00 uJdram
WorkloadResult   3: 26900 op, 1001668649.00 ns, 37.2368 us/op, 85545923.00 uJpkg, 0.00 uJdram
WorkloadResult   4: 26900 op, 1000376803.00 ns, 37.1887 us/op, 85322719.00 uJpkg, 0.00 uJdram
WorkloadResult   5: 26900 op, 1002071807.00 ns, 37.2517 us/op, 85569117.00 uJpkg, 0.00 uJdram
WorkloadResult   6: 26900 op, 1003102526.00 ns, 37.2901 us/op, 86519004.00 uJpkg, 0.00 uJdram
WorkloadResult   7: 26900 op, 1002533349.00 ns, 37.2689 us/op, 86125878.00 uJpkg, 0.00 uJdram
WorkloadResult   8: 26900 op, 999211350.00 ns, 37.1454 us/op, 85686304.00 uJpkg, 0.00 uJdram
WorkloadResult   9: 26900 op, 998922071.00 ns, 37.1346 us/op, 85150173.00 uJpkg, 0.00 uJdram
WorkloadResult  10: 26900 op, 1000462123.00 ns, 37.1919 us/op, 85871240.00 uJpkg, 0.00 uJdram
WorkloadResult  11: 26900 op, 1002736800.00 ns, 37.2765 us/op, 85838037.00 uJpkg, 0.00 uJdram
WorkloadResult  12: 26900 op, 1002701814.00 ns, 37.2752 us/op, 85952050.00 uJpkg, 0.00 uJdram
WorkloadResult  13: 26900 op, 1001986336.00 ns, 37.2486 us/op, 85917138.00 uJpkg, 0.00 uJdram
WorkloadResult  14: 26900 op, 999883481.00 ns, 37.1704 us/op, 85961389.00 uJpkg, 0.00 uJdram
WorkloadResult  15: 26900 op, 1004196964.00 ns, 37.3307 us/op, 86355491.00 uJpkg, 0.00 uJdram

// AfterAll
// Benchmark Process 4066278 has exited with code 0.

Mean = 37.238 μs, StdErr = 0.020 μs (0.05%), N = 15, StdDev = 0.078 μs
Min = 37.135 μs, Q1 = 37.180 μs, Median = 37.249 μs, Q3 = 37.276 μs, Max = 37.419 μs
IQR = 0.096 μs, LowerFence = 37.035 μs, UpperFence = 37.420 μs
ConfidenceInterval = [37.154 μs; 37.322 μs] (CI 99.9%), Margin = 0.084 μs (0.22% of Mean)
Skewness = 0.51, Kurtosis = 2.59, MValue = 2

// ** Remained 7 (23.3%) benchmark(s) to run. Estimated finish 2025-12-31 21:44 (0h 3m from now) **
// **************************
// Benchmark: JsonSerializationBenchmarks.Utf8Json_Serialize_Medium: Overhead-Fixed-Energy-8(OutlierMode=DontRemove, IterationCount=15, IterationTime=1s, LaunchCount=1, WarmupCount=6)
// *** Execute ***
// Launch: 1 / 1
// Execute: dotnet Serialization.Bench-Overhead-Fixed-Energy-8-1.dll --anonymousPipes 103 104 --benchmarkName Serialization.Bench.JsonSerializationBenchmarks.Utf8Json_Serialize_Medium --job Overhead-Fixed-Energy-8 --benchmarkId 23 in /home/test/rapl-tests/lib-energy-bench/src/Serialization.Bench/bin/Release/net8.0/Serialization.Bench-Overhead-Fixed-Energy-8-1/bin/Release/net8.0
// BeforeAnythingElse

// Benchmark Process Environment Information:
// BenchmarkDotNet v0.15.5-develop (2025-12-31)
// Runtime=.NET 8.0.21 (8.0.21, 8.0.2125.47513), X64 RyuJIT x86-64-v4
// GC=Concurrent Workstation
// HardwareIntrinsics=AVX512 IFMA+VBMI,AVX512 F+BW+CD+DQ+VL,AVX2+BMI1+BMI2+F16C+FMA+LZCNT+MOVBE,AVX,SSE3+SSSE3+SSE4.1+SSE4.2+POPCNT,X86Base+SSE+SSE2,AES+PCLMUL VectorSize=256
// Job: Overhead-Fixed-Energy-8(OutlierMode=DontRemove, IterationCount=15, IterationTime=1s, LaunchCount=1, WarmupCount=6)

OverheadJitting  1: 1 op, 136844.00 ns, 136.8440 us/op, 69702.00 uJpkg, 0.00 uJdram
WorkloadJitting  1: 1 op, 52461737.00 ns, 52.4617 ms/op, 3377128.00 uJpkg, 0.00 uJdram

OverheadJitting  2: 16 op, 381032.00 ns, 23.8145 us/op, 70373.00 uJpkg, 0.00 uJdram
WorkloadJitting  2: 16 op, 4297053.00 ns, 268.5658 us/op, 368041.00 uJpkg, 0.00 uJdram

WorkloadPilot    1: 16 op, 3474196.00 ns, 217.1373 us/op, 287597.00 uJpkg, 0.00 uJdram
WorkloadPilot    2: 4608 op, 418612733.00 ns, 90.8448 us/op, 32624490.00 uJpkg, 0.00 uJdram
WorkloadPilot    3: 11008 op, 627912517.00 ns, 57.0415 us/op, 51871572.00 uJpkg, 0.00 uJdram
WorkloadPilot    4: 17536 op, 1002559128.00 ns, 57.1715 us/op, 80900855.00 uJpkg, 0.00 uJdram
WorkloadPilot    5: 17504 op, 1011203745.00 ns, 57.7699 us/op, 81793858.00 uJpkg, 0.00 uJdram
WorkloadPilot    6: 17312 op, 988530363.00 ns, 57.1009 us/op, 79907449.00 uJpkg, 0.00 uJdram
WorkloadPilot    7: 17520 op, 1001555149.00 ns, 57.1664 us/op, 80891761.00 uJpkg, 0.00 uJdram

OverheadWarmup   1: 17520 op, 60127.00 ns, 3.4319 ns/op, 0.00 uJpkg, 0.00 uJdram
OverheadWarmup   2: 17520 op, 61064.00 ns, 3.4854 ns/op, 0.00 uJpkg, 0.00 uJdram
OverheadWarmup   3: 17520 op, 61064.00 ns, 3.4854 ns/op, 0.00 uJpkg, 0.00 uJdram
OverheadWarmup   4: 17520 op, 61280.00 ns, 3.4977 ns/op, 0.00 uJpkg, 0.00 uJdram
OverheadWarmup   5: 17520 op, 63919.00 ns, 3.6483 ns/op, 0.00 uJpkg, 0.00 uJdram
OverheadWarmup   6: 17520 op, 61084.00 ns, 3.4865 ns/op, 0.00 uJpkg, 0.00 uJdram

OverheadActual   1: 17520 op, 61063.00 ns, 3.4853 ns/op, 56030.00 uJpkg, 0.00 uJdram
OverheadActual   2: 17520 op, 62108.00 ns, 3.5450 ns/op, 0.00 uJpkg, 0.00 uJdram
OverheadActual   3: 17520 op, 61056.00 ns, 3.4849 ns/op, 0.00 uJpkg, 0.00 uJdram
OverheadActual   4: 17520 op, 61061.00 ns, 3.4852 ns/op, 0.00 uJpkg, 0.00 uJdram
OverheadActual   5: 17520 op, 65086.00 ns, 3.7150 ns/op, 0.00 uJpkg, 0.00 uJdram
OverheadActual   6: 17520 op, 61458.00 ns, 3.5079 ns/op, 0.00 uJpkg, 0.00 uJdram
OverheadActual   7: 17520 op, 61075.00 ns, 3.4860 ns/op, 0.00 uJpkg, 0.00 uJdram
OverheadActual   8: 17520 op, 61060.00 ns, 3.4852 ns/op, 0.00 uJpkg, 0.00 uJdram
OverheadActual   9: 17520 op, 61455.00 ns, 3.5077 ns/op, 0.00 uJpkg, 0.00 uJdram
OverheadActual  10: 17520 op, 62309.00 ns, 3.5564 ns/op, 0.00 uJpkg, 0.00 uJdram
OverheadActual  11: 17520 op, 61022.00 ns, 3.4830 ns/op, 0.00 uJpkg, 0.00 uJdram
OverheadActual  12: 17520 op, 61070.00 ns, 3.4857 ns/op, 0.00 uJpkg, 0.00 uJdram
OverheadActual  13: 17520 op, 61364.00 ns, 3.5025 ns/op, 0.00 uJpkg, 0.00 uJdram
OverheadActual  14: 17520 op, 61043.00 ns, 3.4842 ns/op, 71411.00 uJpkg, 0.00 uJdram
OverheadActual  15: 17520 op, 61056.00 ns, 3.4849 ns/op, 0.00 uJpkg, 0.00 uJdram

WorkloadWarmup   1: 17520 op, 1018054383.00 ns, 58.1081 us/op, 84206206.00 uJpkg, 0.00 uJdram
WorkloadWarmup   2: 17520 op, 999960695.00 ns, 57.0754 us/op, 80524452.00 uJpkg, 0.00 uJdram
WorkloadWarmup   3: 17520 op, 996995651.00 ns, 56.9061 us/op, 80166054.00 uJpkg, 0.00 uJdram
WorkloadWarmup   4: 17520 op, 1031100903.00 ns, 58.8528 us/op, 82935335.00 uJpkg, 0.00 uJdram
WorkloadWarmup   5: 17520 op, 996627378.00 ns, 56.8851 us/op, 80069558.00 uJpkg, 0.00 uJdram
WorkloadWarmup   6: 17520 op, 994595430.00 ns, 56.7691 us/op, 80429054.00 uJpkg, 0.00 uJdram

// BeforeActualRun
WorkloadActual   1: 17520 op, 998191217.00 ns, 56.9744 us/op, 80736488.00 uJpkg, 0.00 uJdram
WorkloadActual   2: 17520 op, 1010316706.00 ns, 57.6665 us/op, 81192297.00 uJpkg, 0.00 uJdram
WorkloadActual   3: 17520 op, 995733735.00 ns, 56.8341 us/op, 80479896.00 uJpkg, 0.00 uJdram
WorkloadActual   4: 17520 op, 997585868.00 ns, 56.9398 us/op, 80121011.00 uJpkg, 0.00 uJdram
WorkloadActual   5: 17520 op, 1012862146.00 ns, 57.8118 us/op, 81322423.00 uJpkg, 0.00 uJdram
WorkloadActual   6: 17520 op, 993688372.00 ns, 56.7174 us/op, 79735880.00 uJpkg, 0.00 uJdram
WorkloadActual   7: 17520 op, 993940275.00 ns, 56.7318 us/op, 80007364.00 uJpkg, 0.00 uJdram
WorkloadActual   8: 17520 op, 1053655869.00 ns, 60.1402 us/op, 85014248.00 uJpkg, 0.00 uJdram
WorkloadActual   9: 17520 op, 1015053173.00 ns, 57.9368 us/op, 82066136.00 uJpkg, 0.00 uJdram
WorkloadActual  10: 17520 op, 1023242198.00 ns, 58.4042 us/op, 83499725.00 uJpkg, 0.00 uJdram
WorkloadActual  11: 17520 op, 998197773.00 ns, 56.9748 us/op, 80464882.00 uJpkg, 0.00 uJdram
WorkloadActual  12: 17520 op, 1020441579.00 ns, 58.2444 us/op, 82245944.00 uJpkg, 0.00 uJdram
WorkloadActual  13: 17520 op, 1012739720.00 ns, 57.8048 us/op, 82021336.00 uJpkg, 0.00 uJdram
WorkloadActual  14: 17520 op, 998683037.00 ns, 57.0025 us/op, 80953528.00 uJpkg, 0.00 uJdram
WorkloadActual  15: 17520 op, 1013521581.00 ns, 57.8494 us/op, 81995152.00 uJpkg, 0.00 uJdram

// AfterActualRun
WorkloadResult   1: 17520 op, 998130147.00 ns, 56.9709 us/op, 80736488.00 uJpkg, 0.00 uJdram
WorkloadResult   2: 17520 op, 1010255636.00 ns, 57.6630 us/op, 81192297.00 uJpkg, 0.00 uJdram
WorkloadResult   3: 17520 op, 995672665.00 ns, 56.8306 us/op, 80479896.00 uJpkg, 0.00 uJdram
WorkloadResult   4: 17520 op, 997524798.00 ns, 56.9363 us/op, 80121011.00 uJpkg, 0.00 uJdram
WorkloadResult   5: 17520 op, 1012801076.00 ns, 57.8083 us/op, 81322423.00 uJpkg, 0.00 uJdram
WorkloadResult   6: 17520 op, 993627302.00 ns, 56.7139 us/op, 79735880.00 uJpkg, 0.00 uJdram
WorkloadResult   7: 17520 op, 993879205.00 ns, 56.7283 us/op, 80007364.00 uJpkg, 0.00 uJdram
WorkloadResult   8: 17520 op, 1053594799.00 ns, 60.1367 us/op, 85014248.00 uJpkg, 0.00 uJdram
WorkloadResult   9: 17520 op, 1014992103.00 ns, 57.9333 us/op, 82066136.00 uJpkg, 0.00 uJdram
WorkloadResult  10: 17520 op, 1023181128.00 ns, 58.4007 us/op, 83499725.00 uJpkg, 0.00 uJdram
WorkloadResult  11: 17520 op, 998136703.00 ns, 56.9713 us/op, 80464882.00 uJpkg, 0.00 uJdram
WorkloadResult  12: 17520 op, 1020380509.00 ns, 58.2409 us/op, 82245944.00 uJpkg, 0.00 uJdram
WorkloadResult  13: 17520 op, 1012678650.00 ns, 57.8013 us/op, 82021336.00 uJpkg, 0.00 uJdram
WorkloadResult  14: 17520 op, 998621967.00 ns, 56.9990 us/op, 80953528.00 uJpkg, 0.00 uJdram
WorkloadResult  15: 17520 op, 1013460511.00 ns, 57.8459 us/op, 81995152.00 uJpkg, 0.00 uJdram

// AfterAll
// Benchmark Process 4066291 has exited with code 0.

Mean = 57.599 μs, StdErr = 0.234 μs (0.41%), N = 15, StdDev = 0.905 μs
Min = 56.714 μs, Q1 = 56.954 μs, Median = 57.663 μs, Q3 = 57.890 μs, Max = 60.137 μs
IQR = 0.936 μs, LowerFence = 55.550 μs, UpperFence = 59.294 μs
ConfidenceInterval = [56.631 μs; 58.567 μs] (CI 99.9%), Margin = 0.968 μs (1.68% of Mean)
Skewness = 1.29, Kurtosis = 4.39, MValue = 2

// ** Remained 6 (20.0%) benchmark(s) to run. Estimated finish 2025-12-31 21:44 (0h 2m from now) **
// **************************
// Benchmark: JsonSerializationBenchmarks.SpanJson_Serialize_Medium: Overhead-Fixed-Energy-8(OutlierMode=DontRemove, IterationCount=15, IterationTime=1s, LaunchCount=1, WarmupCount=6)
// *** Execute ***
// Launch: 1 / 1
// Execute: dotnet Serialization.Bench-Overhead-Fixed-Energy-8-1.dll --anonymousPipes 103 104 --benchmarkName Serialization.Bench.JsonSerializationBenchmarks.SpanJson_Serialize_Medium --job Overhead-Fixed-Energy-8 --benchmarkId 24 in /home/test/rapl-tests/lib-energy-bench/src/Serialization.Bench/bin/Release/net8.0/Serialization.Bench-Overhead-Fixed-Energy-8-1/bin/Release/net8.0
// BeforeAnythingElse

// Benchmark Process Environment Information:
// BenchmarkDotNet v0.15.5-develop (2025-12-31)
// Runtime=.NET 8.0.21 (8.0.21, 8.0.2125.47513), X64 RyuJIT x86-64-v4
// GC=Concurrent Workstation
// HardwareIntrinsics=AVX512 IFMA+VBMI,AVX512 F+BW+CD+DQ+VL,AVX2+BMI1+BMI2+F16C+FMA+LZCNT+MOVBE,AVX,SSE3+SSSE3+SSE4.1+SSE4.2+POPCNT,X86Base+SSE+SSE2,AES+PCLMUL VectorSize=256
// Job: Overhead-Fixed-Energy-8(OutlierMode=DontRemove, IterationCount=15, IterationTime=1s, LaunchCount=1, WarmupCount=6)

OverheadJitting  1: 1 op, 135901.00 ns, 135.9010 us/op, 69763.00 uJpkg, 0.00 uJdram
WorkloadJitting  1: 1 op, 97357436.00 ns, 97.3574 ms/op, 6176376.00 uJpkg, 0.00 uJdram

WorkloadPilot    1: 4 op, 1016717.00 ns, 254.1793 us/op, 72082.00 uJpkg, 0.00 uJdram
WorkloadPilot    2: 3934 op, 280743299.00 ns, 71.3633 us/op, 18997449.00 uJpkg, 0.00 uJdram
WorkloadPilot    3: 14013 op, 562519901.00 ns, 40.1427 us/op, 36686613.00 uJpkg, 0.00 uJdram
WorkloadPilot    4: 24911 op, 1002402114.00 ns, 40.2393 us/op, 64788652.00 uJpkg, 0.00 uJdram
WorkloadPilot    5: 24851 op, 997025889.00 ns, 40.1202 us/op, 65322892.00 uJpkg, 0.00 uJdram
WorkloadPilot    6: 24925 op, 1006040710.00 ns, 40.3627 us/op, 65502945.00 uJpkg, 0.00 uJdram
WorkloadPilot    7: 24775 op, 1003699788.00 ns, 40.5126 us/op, 63866780.00 uJpkg, 0.00 uJdram

WorkloadWarmup   1: 24775 op, 995758589.00 ns, 40.1921 us/op, 63589375.00 uJpkg, 0.00 uJdram
WorkloadWarmup   2: 24775 op, 997943938.00 ns, 40.2803 us/op, 63892354.00 uJpkg, 0.00 uJdram
WorkloadWarmup   3: 24775 op, 1005160333.00 ns, 40.5716 us/op, 64959002.00 uJpkg, 0.00 uJdram
WorkloadWarmup   4: 24775 op, 1000557662.00 ns, 40.3858 us/op, 63683248.00 uJpkg, 0.00 uJdram
WorkloadWarmup   5: 24775 op, 1002311973.00 ns, 40.4566 us/op, 64392658.00 uJpkg, 0.00 uJdram
WorkloadWarmup   6: 24775 op, 993961848.00 ns, 40.1195 us/op, 63049399.00 uJpkg, 0.00 uJdram

// BeforeActualRun
WorkloadActual   1: 24775 op, 1003169441.00 ns, 40.4912 us/op, 63046408.00 uJpkg, 0.00 uJdram
WorkloadActual   2: 24775 op, 995596305.00 ns, 40.1855 us/op, 63334066.00 uJpkg, 0.00 uJdram
WorkloadActual   3: 24775 op, 1002364870.00 ns, 40.4587 us/op, 63059226.00 uJpkg, 0.00 uJdram
WorkloadActual   4: 24775 op, 997747547.00 ns, 40.2724 us/op, 64582294.00 uJpkg, 0.00 uJdram
WorkloadActual   5: 24775 op, 998702150.00 ns, 40.3109 us/op, 64085529.00 uJpkg, 0.00 uJdram
WorkloadActual   6: 24775 op, 998612832.00 ns, 40.3073 us/op, 64473895.00 uJpkg, 0.00 uJdram
WorkloadActual   7: 24775 op, 1007672779.00 ns, 40.6730 us/op, 64114338.00 uJpkg, 0.00 uJdram
WorkloadActual   8: 24775 op, 996549750.00 ns, 40.2240 us/op, 63423239.00 uJpkg, 0.00 uJdram
WorkloadActual   9: 24775 op, 997152835.00 ns, 40.2483 us/op, 64719622.00 uJpkg, 0.00 uJdram
WorkloadActual  10: 24775 op, 1002751566.00 ns, 40.4743 us/op, 63945881.00 uJpkg, 0.00 uJdram
WorkloadActual  11: 24775 op, 996243968.00 ns, 40.2117 us/op, 63295492.00 uJpkg, 0.00 uJdram
WorkloadActual  12: 24775 op, 996410883.00 ns, 40.2184 us/op, 63333212.00 uJpkg, 0.00 uJdram
WorkloadActual  13: 24775 op, 1001759234.00 ns, 40.4343 us/op, 63105063.00 uJpkg, 0.00 uJdram
WorkloadActual  14: 24775 op, 997492151.00 ns, 40.2620 us/op, 63465780.00 uJpkg, 0.00 uJdram
WorkloadActual  15: 24775 op, 999984619.00 ns, 40.3626 us/op, 64147479.00 uJpkg, 0.00 uJdram

// AfterActualRun
WorkloadResult   1: 24775 op, 1003169441.00 ns, 40.4912 us/op, 63046408.00 uJpkg, 0.00 uJdram
WorkloadResult   2: 24775 op, 995596305.00 ns, 40.1855 us/op, 63334066.00 uJpkg, 0.00 uJdram
WorkloadResult   3: 24775 op, 1002364870.00 ns, 40.4587 us/op, 63059226.00 uJpkg, 0.00 uJdram
WorkloadResult   4: 24775 op, 997747547.00 ns, 40.2724 us/op, 64582294.00 uJpkg, 0.00 uJdram
WorkloadResult   5: 24775 op, 998702150.00 ns, 40.3109 us/op, 64085529.00 uJpkg, 0.00 uJdram
WorkloadResult   6: 24775 op, 998612832.00 ns, 40.3073 us/op, 64473895.00 uJpkg, 0.00 uJdram
WorkloadResult   7: 24775 op, 1007672779.00 ns, 40.6730 us/op, 64114338.00 uJpkg, 0.00 uJdram
WorkloadResult   8: 24775 op, 996549750.00 ns, 40.2240 us/op, 63423239.00 uJpkg, 0.00 uJdram
WorkloadResult   9: 24775 op, 997152835.00 ns, 40.2483 us/op, 64719622.00 uJpkg, 0.00 uJdram
WorkloadResult  10: 24775 op, 1002751566.00 ns, 40.4743 us/op, 63945881.00 uJpkg, 0.00 uJdram
WorkloadResult  11: 24775 op, 996243968.00 ns, 40.2117 us/op, 63295492.00 uJpkg, 0.00 uJdram
WorkloadResult  12: 24775 op, 996410883.00 ns, 40.2184 us/op, 63333212.00 uJpkg, 0.00 uJdram
WorkloadResult  13: 24775 op, 1001759234.00 ns, 40.4343 us/op, 63105063.00 uJpkg, 0.00 uJdram
WorkloadResult  14: 24775 op, 997492151.00 ns, 40.2620 us/op, 63465780.00 uJpkg, 0.00 uJdram
WorkloadResult  15: 24775 op, 999984619.00 ns, 40.3626 us/op, 64147479.00 uJpkg, 0.00 uJdram

// AfterAll
// Benchmark Process 4066304 has exited with code 0.

Mean = 40.342 μs, StdErr = 0.036 μs (0.09%), N = 15, StdDev = 0.138 μs
Min = 40.186 μs, Q1 = 40.236 μs, Median = 40.307 μs, Q3 = 40.447 μs, Max = 40.673 μs
IQR = 0.210 μs, LowerFence = 39.921 μs, UpperFence = 40.762 μs
ConfidenceInterval = [40.195 μs; 40.489 μs] (CI 99.9%), Margin = 0.147 μs (0.36% of Mean)
Skewness = 0.84, Kurtosis = 2.7, MValue = 2

// ** Remained 5 (16.7%) benchmark(s) to run. Estimated finish 2025-12-31 21:44 (0h 2m from now) **
// **************************
// Benchmark: JsonSerializationBenchmarks.STJ_Serialize_Small: Overhead-Fixed-Energy-8(OutlierMode=DontRemove, IterationCount=15, IterationTime=1s, LaunchCount=1, WarmupCount=6)
// *** Execute ***
// Launch: 1 / 1
// Execute: dotnet Serialization.Bench-Overhead-Fixed-Energy-8-1.dll --anonymousPipes 103 104 --benchmarkName Serialization.Bench.JsonSerializationBenchmarks.STJ_Serialize_Small --job Overhead-Fixed-Energy-8 --benchmarkId 25 in /home/test/rapl-tests/lib-energy-bench/src/Serialization.Bench/bin/Release/net8.0/Serialization.Bench-Overhead-Fixed-Energy-8-1/bin/Release/net8.0
// BeforeAnythingElse

// Benchmark Process Environment Information:
// BenchmarkDotNet v0.15.5-develop (2025-12-31)
// Runtime=.NET 8.0.21 (8.0.21, 8.0.2125.47513), X64 RyuJIT x86-64-v4
// GC=Concurrent Workstation
// HardwareIntrinsics=AVX512 IFMA+VBMI,AVX512 F+BW+CD+DQ+VL,AVX2+BMI1+BMI2+F16C+FMA+LZCNT+MOVBE,AVX,SSE3+SSSE3+SSE4.1+SSE4.2+POPCNT,X86Base+SSE+SSE2,AES+PCLMUL VectorSize=256
// Job: Overhead-Fixed-Energy-8(OutlierMode=DontRemove, IterationCount=15, IterationTime=1s, LaunchCount=1, WarmupCount=6)

OverheadJitting  1: 1 op, 134486.00 ns, 134.4860 us/op, 0.00 uJpkg, 0.00 uJdram
WorkloadJitting  1: 1 op, 3784179.00 ns, 3.7842 ms/op, 201660.00 uJpkg, 0.00 uJdram

OverheadJitting  2: 16 op, 390122.00 ns, 24.3826 us/op, 0.00 uJpkg, 0.00 uJdram
WorkloadJitting  2: 16 op, 474842.00 ns, 29.6776 us/op, 77209.00 uJpkg, 0.00 uJdram

WorkloadPilot    1: 16 op, 68651.00 ns, 4.2907 us/op, 0.00 uJpkg, 0.00 uJdram
WorkloadPilot    2: 233072 op, 562691204.00 ns, 2.4142 us/op, 48330016.00 uJpkg, 0.00 uJdram
WorkloadPilot    3: 414224 op, 516767776.00 ns, 1.2476 us/op, 44954047.00 uJpkg, 0.00 uJdram
WorkloadPilot    4: 801568 op, 995656464.00 ns, 1.2421 us/op, 86523399.00 uJpkg, 0.00 uJdram
WorkloadPilot    5: 805072 op, 999582508.00 ns, 1.2416 us/op, 87678303.00 uJpkg, 0.00 uJdram
WorkloadPilot    6: 805408 op, 998840263.00 ns, 1.2402 us/op, 87631185.00 uJpkg, 0.00 uJdram
WorkloadPilot    7: 806352 op, 1005497004.00 ns, 1.2470 us/op, 88358904.00 uJpkg, 0.00 uJdram
WorkloadPilot    8: 801952 op, 994089908.00 ns, 1.2396 us/op, 87414571.00 uJpkg, 0.00 uJdram
WorkloadPilot    9: 806720 op, 999517386.00 ns, 1.2390 us/op, 87980122.00 uJpkg, 0.00 uJdram
WorkloadPilot   10: 807120 op, 1000547338.00 ns, 1.2397 us/op, 88861345.00 uJpkg, 0.00 uJdram
WorkloadPilot   11: 806688 op, 999725201.00 ns, 1.2393 us/op, 88443926.00 uJpkg, 0.00 uJdram
WorkloadPilot   12: 806912 op, 1000736082.00 ns, 1.2402 us/op, 88987505.00 uJpkg, 0.00 uJdram

OverheadWarmup   1: 806912 op, 2756093.00 ns, 3.4156 ns/op, 195495.00 uJpkg, 0.00 uJdram
OverheadWarmup   2: 806912 op, 2759279.00 ns, 3.4196 ns/op, 182067.00 uJpkg, 0.00 uJdram
OverheadWarmup   3: 806912 op, 2768733.00 ns, 3.4313 ns/op, 205078.00 uJpkg, 0.00 uJdram
OverheadWarmup   4: 806912 op, 2772949.00 ns, 3.4365 ns/op, 192444.00 uJpkg, 0.00 uJdram
OverheadWarmup   5: 806912 op, 2764337.00 ns, 3.4258 ns/op, 189574.00 uJpkg, 0.00 uJdram
OverheadWarmup   6: 806912 op, 2775885.00 ns, 3.4401 ns/op, 132751.00 uJpkg, 0.00 uJdram
OverheadWarmup   7: 806912 op, 2769609.00 ns, 3.4324 ns/op, 197143.00 uJpkg, 0.00 uJdram

OverheadActual   1: 806912 op, 2780353.00 ns, 3.4457 ns/op, 195251.00 uJpkg, 0.00 uJdram
OverheadActual   2: 806912 op, 2760689.00 ns, 3.4213 ns/op, 141296.00 uJpkg, 0.00 uJdram
OverheadActual   3: 806912 op, 2764858.00 ns, 3.4265 ns/op, 183288.00 uJpkg, 0.00 uJdram
OverheadActual   4: 806912 op, 2809657.00 ns, 3.4820 ns/op, 205199.00 uJpkg, 0.00 uJdram
OverheadActual   5: 806912 op, 2766888.00 ns, 3.4290 ns/op, 228759.00 uJpkg, 0.00 uJdram
OverheadActual   6: 806912 op, 2770396.00 ns, 3.4333 ns/op, 148925.00 uJpkg, 0.00 uJdram
OverheadActual   7: 806912 op, 2763606.00 ns, 3.4249 ns/op, 220153.00 uJpkg, 0.00 uJdram
OverheadActual   8: 806912 op, 2766914.00 ns, 3.4290 ns/op, 193237.00 uJpkg, 0.00 uJdram
OverheadActual   9: 806912 op, 2769789.00 ns, 3.4326 ns/op, 240539.00 uJpkg, 0.00 uJdram
OverheadActual  10: 806912 op, 2838109.00 ns, 3.5172 ns/op, 206054.00 uJpkg, 0.00 uJdram
OverheadActual  11: 806912 op, 2780495.00 ns, 3.4458 ns/op, 242736.00 uJpkg, 0.00 uJdram
OverheadActual  12: 806912 op, 2773518.00 ns, 3.4372 ns/op, 202758.00 uJpkg, 0.00 uJdram
OverheadActual  13: 806912 op, 2751590.00 ns, 3.4100 ns/op, 199279.00 uJpkg, 0.00 uJdram
OverheadActual  14: 806912 op, 2769126.00 ns, 3.4318 ns/op, 212402.00 uJpkg, 0.00 uJdram
OverheadActual  15: 806912 op, 2753926.00 ns, 3.4129 ns/op, 207641.00 uJpkg, 0.00 uJdram

WorkloadWarmup   1: 806912 op, 1003503777.00 ns, 1.2436 us/op, 91194896.00 uJpkg, 0.00 uJdram
WorkloadWarmup   2: 806912 op, 1001936534.00 ns, 1.2417 us/op, 88644427.00 uJpkg, 0.00 uJdram
WorkloadWarmup   3: 806912 op, 998053854.00 ns, 1.2369 us/op, 87949054.00 uJpkg, 0.00 uJdram
WorkloadWarmup   4: 806912 op, 998458651.00 ns, 1.2374 us/op, 88025287.00 uJpkg, 0.00 uJdram
WorkloadWarmup   5: 806912 op, 998383106.00 ns, 1.2373 us/op, 87963398.00 uJpkg, 0.00 uJdram
WorkloadWarmup   6: 806912 op, 998227996.00 ns, 1.2371 us/op, 88267169.00 uJpkg, 0.00 uJdram

// BeforeActualRun
WorkloadActual   1: 806912 op, 1000760400.00 ns, 1.2402 us/op, 88313311.00 uJpkg, 0.00 uJdram
WorkloadActual   2: 806912 op, 1003900846.00 ns, 1.2441 us/op, 88747514.00 uJpkg, 0.00 uJdram
WorkloadActual   3: 806912 op, 1003726235.00 ns, 1.2439 us/op, 88976762.00 uJpkg, 0.00 uJdram
WorkloadActual   4: 806912 op, 1004518590.00 ns, 1.2449 us/op, 89739150.00 uJpkg, 0.00 uJdram
WorkloadActual   5: 806912 op, 1003888497.00 ns, 1.2441 us/op, 88947282.00 uJpkg, 0.00 uJdram
WorkloadActual   6: 806912 op, 1003993145.00 ns, 1.2442 us/op, 89004350.00 uJpkg, 0.00 uJdram
WorkloadActual   7: 806912 op, 1003802272.00 ns, 1.2440 us/op, 88681596.00 uJpkg, 0.00 uJdram
WorkloadActual   8: 806912 op, 1003481678.00 ns, 1.2436 us/op, 89183304.00 uJpkg, 0.00 uJdram
WorkloadActual   9: 806912 op, 1004173786.00 ns, 1.2445 us/op, 88641375.00 uJpkg, 0.00 uJdram
WorkloadActual  10: 806912 op, 1004968903.00 ns, 1.2455 us/op, 90268567.00 uJpkg, 0.00 uJdram
WorkloadActual  11: 806912 op, 1004610330.00 ns, 1.2450 us/op, 89458022.00 uJpkg, 0.00 uJdram
WorkloadActual  12: 806912 op, 1007060971.00 ns, 1.2480 us/op, 89730056.00 uJpkg, 0.00 uJdram
WorkloadActual  13: 806912 op, 1005205574.00 ns, 1.2457 us/op, 89270462.00 uJpkg, 0.00 uJdram
WorkloadActual  14: 806912 op, 1005536522.00 ns, 1.2462 us/op, 89231522.00 uJpkg, 0.00 uJdram
WorkloadActual  15: 806912 op, 1004711118.00 ns, 1.2451 us/op, 89113968.00 uJpkg, 0.00 uJdram

// AfterActualRun
WorkloadResult   1: 806912 op, 997991274.00 ns, 1.2368 us/op, 88313311.00 uJpkg, 0.00 uJdram
WorkloadResult   2: 806912 op, 1001131720.00 ns, 1.2407 us/op, 88747514.00 uJpkg, 0.00 uJdram
WorkloadResult   3: 806912 op, 1000957109.00 ns, 1.2405 us/op, 88976762.00 uJpkg, 0.00 uJdram
WorkloadResult   4: 806912 op, 1001749464.00 ns, 1.2415 us/op, 89739150.00 uJpkg, 0.00 uJdram
WorkloadResult   5: 806912 op, 1001119371.00 ns, 1.2407 us/op, 88947282.00 uJpkg, 0.00 uJdram
WorkloadResult   6: 806912 op, 1001224019.00 ns, 1.2408 us/op, 89004350.00 uJpkg, 0.00 uJdram
WorkloadResult   7: 806912 op, 1001033146.00 ns, 1.2406 us/op, 88681596.00 uJpkg, 0.00 uJdram
WorkloadResult   8: 806912 op, 1000712552.00 ns, 1.2402 us/op, 89183304.00 uJpkg, 0.00 uJdram
WorkloadResult   9: 806912 op, 1001404660.00 ns, 1.2410 us/op, 88641375.00 uJpkg, 0.00 uJdram
WorkloadResult  10: 806912 op, 1002199777.00 ns, 1.2420 us/op, 90268567.00 uJpkg, 0.00 uJdram
WorkloadResult  11: 806912 op, 1001841204.00 ns, 1.2416 us/op, 89458022.00 uJpkg, 0.00 uJdram
WorkloadResult  12: 806912 op, 1004291845.00 ns, 1.2446 us/op, 89730056.00 uJpkg, 0.00 uJdram
WorkloadResult  13: 806912 op, 1002436448.00 ns, 1.2423 us/op, 89270462.00 uJpkg, 0.00 uJdram
WorkloadResult  14: 806912 op, 1002767396.00 ns, 1.2427 us/op, 89231522.00 uJpkg, 0.00 uJdram
WorkloadResult  15: 806912 op, 1001941992.00 ns, 1.2417 us/op, 89113968.00 uJpkg, 0.00 uJdram

// AfterAll
// Benchmark Process 4066317 has exited with code 0.

Mean = 1.241 μs, StdErr = 0.000 μs (0.03%), N = 15, StdDev = 0.002 μs
Min = 1.237 μs, Q1 = 1.241 μs, Median = 1.241 μs, Q3 = 1.242 μs, Max = 1.245 μs
IQR = 0.001 μs, LowerFence = 1.239 μs, UpperFence = 1.244 μs
ConfidenceInterval = [1.239 μs; 1.243 μs] (CI 99.9%), Margin = 0.002 μs (0.14% of Mean)
Skewness = -0.57, Kurtosis = 4.58, MValue = 2

// ** Remained 4 (13.3%) benchmark(s) to run. Estimated finish 2025-12-31 21:44 (0h 1m from now) **
// **************************
// Benchmark: JsonSerializationBenchmarks.Newtonsoft_Serialize_Small: Overhead-Fixed-Energy-8(OutlierMode=DontRemove, IterationCount=15, IterationTime=1s, LaunchCount=1, WarmupCount=6)
// *** Execute ***
// Launch: 1 / 1
// Execute: dotnet Serialization.Bench-Overhead-Fixed-Energy-8-1.dll --anonymousPipes 103 104 --benchmarkName Serialization.Bench.JsonSerializationBenchmarks.Newtonsoft_Serialize_Small --job Overhead-Fixed-Energy-8 --benchmarkId 26 in /home/test/rapl-tests/lib-energy-bench/src/Serialization.Bench/bin/Release/net8.0/Serialization.Bench-Overhead-Fixed-Energy-8-1/bin/Release/net8.0
// BeforeAnythingElse

// Benchmark Process Environment Information:
// BenchmarkDotNet v0.15.5-develop (2025-12-31)
// Runtime=.NET 8.0.21 (8.0.21, 8.0.2125.47513), X64 RyuJIT x86-64-v4
// GC=Concurrent Workstation
// HardwareIntrinsics=AVX512 IFMA+VBMI,AVX512 F+BW+CD+DQ+VL,AVX2+BMI1+BMI2+F16C+FMA+LZCNT+MOVBE,AVX,SSE3+SSSE3+SSE4.1+SSE4.2+POPCNT,X86Base+SSE+SSE2,AES+PCLMUL VectorSize=256
// Job: Overhead-Fixed-Energy-8(OutlierMode=DontRemove, IterationCount=15, IterationTime=1s, LaunchCount=1, WarmupCount=6)

OverheadJitting  1: 1 op, 138709.00 ns, 138.7090 us/op, 0.00 uJpkg, 0.00 uJdram
WorkloadJitting  1: 1 op, 37688667.00 ns, 37.6887 ms/op, 2230280.00 uJpkg, 0.00 uJdram

OverheadJitting  2: 16 op, 367138.00 ns, 22.9461 us/op, 0.00 uJpkg, 0.00 uJdram
WorkloadJitting  2: 16 op, 644907.00 ns, 40.3067 us/op, 59753.00 uJpkg, 0.00 uJdram

WorkloadPilot    1: 16 op, 274723.00 ns, 17.1702 us/op, 0.00 uJpkg, 0.00 uJdram
WorkloadPilot    2: 58240 op, 241345496.00 ns, 4.1440 us/op, 20506967.00 uJpkg, 0.00 uJdram
WorkloadPilot    3: 241328 op, 536457023.00 ns, 2.2229 us/op, 46832766.00 uJpkg, 0.00 uJdram
WorkloadPilot    4: 449856 op, 996466405.00 ns, 2.2151 us/op, 87214438.00 uJpkg, 0.00 uJdram
WorkloadPilot    5: 451456 op, 999027134.00 ns, 2.2129 us/op, 87245199.00 uJpkg, 0.00 uJdram
WorkloadPilot    6: 451904 op, 1000735462.00 ns, 2.2145 us/op, 87395162.00 uJpkg, 0.00 uJdram
WorkloadPilot    7: 451584 op, 1002290846.00 ns, 2.2195 us/op, 87677998.00 uJpkg, 0.00 uJdram
WorkloadPilot    8: 450560 op, 997556102.00 ns, 2.2140 us/op, 86902488.00 uJpkg, 0.00 uJdram
WorkloadPilot    9: 451664 op, 1000636627.00 ns, 2.2154 us/op, 87228048.00 uJpkg, 0.00 uJdram

OverheadWarmup   1: 451664 op, 1549941.00 ns, 3.4316 ns/op, 129516.00 uJpkg, 0.00 uJdram
OverheadWarmup   2: 451664 op, 1555917.00 ns, 3.4449 ns/op, 141662.00 uJpkg, 0.00 uJdram
OverheadWarmup   3: 451664 op, 1541827.00 ns, 3.4137 ns/op, 70983.00 uJpkg, 0.00 uJdram
OverheadWarmup   4: 451664 op, 1550414.00 ns, 3.4327 ns/op, 138611.00 uJpkg, 0.00 uJdram
OverheadWarmup   5: 451664 op, 1578291.00 ns, 3.4944 ns/op, 67443.00 uJpkg, 0.00 uJdram
OverheadWarmup   6: 451664 op, 1550497.00 ns, 3.4329 ns/op, 142090.00 uJpkg, 0.00 uJdram

OverheadActual   1: 451664 op, 1542026.00 ns, 3.4141 ns/op, 65429.00 uJpkg, 0.00 uJdram
OverheadActual   2: 451664 op, 1550048.00 ns, 3.4319 ns/op, 125244.00 uJpkg, 0.00 uJdram
OverheadActual   3: 451664 op, 1551312.00 ns, 3.4347 ns/op, 131164.00 uJpkg, 0.00 uJdram
OverheadActual   4: 451664 op, 1549285.00 ns, 3.4302 ns/op, 149780.00 uJpkg, 0.00 uJdram
OverheadActual   5: 451664 op, 1539280.00 ns, 3.4080 ns/op, 69031.00 uJpkg, 0.00 uJdram
OverheadActual   6: 451664 op, 1549646.00 ns, 3.4310 ns/op, 133849.00 uJpkg, 0.00 uJdram
OverheadActual   7: 451664 op, 1547659.00 ns, 3.4266 ns/op, 84350.00 uJpkg, 0.00 uJdram
OverheadActual   8: 451664 op, 1549565.00 ns, 3.4308 ns/op, 146240.00 uJpkg, 0.00 uJdram
OverheadActual   9: 451664 op, 1569981.00 ns, 3.4760 ns/op, 80200.00 uJpkg, 0.00 uJdram
OverheadActual  10: 451664 op, 1551332.00 ns, 3.4347 ns/op, 137939.00 uJpkg, 0.00 uJdram
OverheadActual  11: 451664 op, 1564189.00 ns, 3.4632 ns/op, 168273.00 uJpkg, 0.00 uJdram
OverheadActual  12: 451664 op, 1556583.00 ns, 3.4463 ns/op, 70495.00 uJpkg, 0.00 uJdram
OverheadActual  13: 451664 op, 1568096.00 ns, 3.4718 ns/op, 166686.00 uJpkg, 0.00 uJdram
OverheadActual  14: 451664 op, 1553962.00 ns, 3.4405 ns/op, 130676.00 uJpkg, 0.00 uJdram
OverheadActual  15: 451664 op, 1554079.00 ns, 3.4408 ns/op, 137511.00 uJpkg, 0.00 uJdram

WorkloadWarmup   1: 451664 op, 1003171852.00 ns, 2.2211 us/op, 90363599.00 uJpkg, 0.00 uJdram
WorkloadWarmup   2: 451664 op, 1002788850.00 ns, 2.2202 us/op, 88132525.00 uJpkg, 0.00 uJdram
WorkloadWarmup   3: 451664 op, 1013342128.00 ns, 2.2436 us/op, 88646685.00 uJpkg, 0.00 uJdram
WorkloadWarmup   4: 451664 op, 1000773844.00 ns, 2.2157 us/op, 87752828.00 uJpkg, 0.00 uJdram
WorkloadWarmup   5: 451664 op, 999140007.00 ns, 2.2121 us/op, 87662190.00 uJpkg, 0.00 uJdram
WorkloadWarmup   6: 451664 op, 999067888.00 ns, 2.2120 us/op, 87716633.00 uJpkg, 0.00 uJdram

// BeforeActualRun
WorkloadActual   1: 451664 op, 1000512558.00 ns, 2.2152 us/op, 87452107.00 uJpkg, 0.00 uJdram
WorkloadActual   2: 451664 op, 1000483070.00 ns, 2.2151 us/op, 87724201.00 uJpkg, 0.00 uJdram
WorkloadActual   3: 451664 op, 1000753877.00 ns, 2.2157 us/op, 88267474.00 uJpkg, 0.00 uJdram
WorkloadActual   4: 451664 op, 1001856842.00 ns, 2.2181 us/op, 86688987.00 uJpkg, 0.00 uJdram
WorkloadActual   5: 451664 op, 1001562271.00 ns, 2.2175 us/op, 86798423.00 uJpkg, 0.00 uJdram
WorkloadActual   6: 451664 op, 1000158809.00 ns, 2.2144 us/op, 86862204.00 uJpkg, 0.00 uJdram
WorkloadActual   7: 451664 op, 999429130.00 ns, 2.2128 us/op, 87609334.00 uJpkg, 0.00 uJdram
WorkloadActual   8: 451664 op, 1000292982.00 ns, 2.2147 us/op, 87853596.00 uJpkg, 0.00 uJdram
WorkloadActual   9: 451664 op, 998568530.00 ns, 2.2109 us/op, 87748066.00 uJpkg, 0.00 uJdram
WorkloadActual  10: 451664 op, 1000880711.00 ns, 2.2160 us/op, 88890825.00 uJpkg, 0.00 uJdram
WorkloadActual  11: 451664 op, 998590398.00 ns, 2.2109 us/op, 87635518.00 uJpkg, 0.00 uJdram
WorkloadActual  12: 451664 op, 1000049284.00 ns, 2.2141 us/op, 88076496.00 uJpkg, 0.00 uJdram
WorkloadActual  13: 451664 op, 998953392.00 ns, 2.2117 us/op, 87939411.00 uJpkg, 0.00 uJdram
WorkloadActual  14: 451664 op, 999697836.00 ns, 2.2134 us/op, 88078815.00 uJpkg, 0.00 uJdram
WorkloadActual  15: 451664 op, 1002427197.00 ns, 2.2194 us/op, 88018696.00 uJpkg, 0.00 uJdram

// AfterActualRun
WorkloadResult   1: 451664 op, 998961246.00 ns, 2.2117 us/op, 87452107.00 uJpkg, 0.00 uJdram
WorkloadResult   2: 451664 op, 998931758.00 ns, 2.2117 us/op, 87724201.00 uJpkg, 0.00 uJdram
WorkloadResult   3: 451664 op, 999202565.00 ns, 2.2123 us/op, 88267474.00 uJpkg, 0.00 uJdram
WorkloadResult   4: 451664 op, 1000305530.00 ns, 2.2147 us/op, 86688987.00 uJpkg, 0.00 uJdram
WorkloadResult   5: 451664 op, 1000010959.00 ns, 2.2141 us/op, 86798423.00 uJpkg, 0.00 uJdram
WorkloadResult   6: 451664 op, 998607497.00 ns, 2.2110 us/op, 86862204.00 uJpkg, 0.00 uJdram
WorkloadResult   7: 451664 op, 997877818.00 ns, 2.2093 us/op, 87609334.00 uJpkg, 0.00 uJdram
WorkloadResult   8: 451664 op, 998741670.00 ns, 2.2112 us/op, 87853596.00 uJpkg, 0.00 uJdram
WorkloadResult   9: 451664 op, 997017218.00 ns, 2.2074 us/op, 87748066.00 uJpkg, 0.00 uJdram
WorkloadResult  10: 451664 op, 999329399.00 ns, 2.2126 us/op, 88890825.00 uJpkg, 0.00 uJdram
WorkloadResult  11: 451664 op, 997039086.00 ns, 2.2075 us/op, 87635518.00 uJpkg, 0.00 uJdram
WorkloadResult  12: 451664 op, 998497972.00 ns, 2.2107 us/op, 88076496.00 uJpkg, 0.00 uJdram
WorkloadResult  13: 451664 op, 997402080.00 ns, 2.2083 us/op, 87939411.00 uJpkg, 0.00 uJdram
WorkloadResult  14: 451664 op, 998146524.00 ns, 2.2099 us/op, 88078815.00 uJpkg, 0.00 uJdram
WorkloadResult  15: 451664 op, 1000875885.00 ns, 2.2160 us/op, 88018696.00 uJpkg, 0.00 uJdram

// AfterAll
// Benchmark Process 4066332 has exited with code 0.

Mean = 2.211 μs, StdErr = 0.001 μs (0.03%), N = 15, StdDev = 0.003 μs
Min = 2.207 μs, Q1 = 2.210 μs, Median = 2.211 μs, Q3 = 2.212 μs, Max = 2.216 μs
IQR = 0.003 μs, LowerFence = 2.205 μs, UpperFence = 2.217 μs
ConfidenceInterval = [2.209 μs; 2.214 μs] (CI 99.9%), Margin = 0.003 μs (0.12% of Mean)
Skewness = 0.15, Kurtosis = 2.03, MValue = 2

// ** Remained 3 (10.0%) benchmark(s) to run. Estimated finish 2025-12-31 21:44 (0h 1m from now) **
// **************************
// Benchmark: JsonSerializationBenchmarks.Jil_Serialize_Small: Overhead-Fixed-Energy-8(OutlierMode=DontRemove, IterationCount=15, IterationTime=1s, LaunchCount=1, WarmupCount=6)
// *** Execute ***
// Launch: 1 / 1
// Execute: dotnet Serialization.Bench-Overhead-Fixed-Energy-8-1.dll --anonymousPipes 103 104 --benchmarkName Serialization.Bench.JsonSerializationBenchmarks.Jil_Serialize_Small --job Overhead-Fixed-Energy-8 --benchmarkId 27 in /home/test/rapl-tests/lib-energy-bench/src/Serialization.Bench/bin/Release/net8.0/Serialization.Bench-Overhead-Fixed-Energy-8-1/bin/Release/net8.0
// BeforeAnythingElse

// Benchmark Process Environment Information:
// BenchmarkDotNet v0.15.5-develop (2025-12-31)
// Runtime=.NET 8.0.21 (8.0.21, 8.0.2125.47513), X64 RyuJIT x86-64-v4
// GC=Concurrent Workstation
// HardwareIntrinsics=AVX512 IFMA+VBMI,AVX512 F+BW+CD+DQ+VL,AVX2+BMI1+BMI2+F16C+FMA+LZCNT+MOVBE,AVX,SSE3+SSSE3+SSE4.1+SSE4.2+POPCNT,X86Base+SSE+SSE2,AES+PCLMUL VectorSize=256
// Job: Overhead-Fixed-Energy-8(OutlierMode=DontRemove, IterationCount=15, IterationTime=1s, LaunchCount=1, WarmupCount=6)

OverheadJitting  1: 1 op, 134457.00 ns, 134.4570 us/op, 67748.00 uJpkg, 0.00 uJdram
WorkloadJitting  1: 1 op, 105169443.00 ns, 105.1694 ms/op, 6515303.00 uJpkg, 0.00 uJdram

WorkloadPilot    1: 4 op, 21962.00 ns, 5.4905 us/op, 0.00 uJpkg, 0.00 uJdram
WorkloadPilot    2: 182133 op, 400662715.00 ns, 2.1998 us/op, 33245948.00 uJpkg, 0.00 uJdram
WorkloadPilot    3: 454579 op, 786028165.00 ns, 1.7291 us/op, 68560005.00 uJpkg, 0.00 uJdram
WorkloadPilot    4: 578324 op, 998320904.00 ns, 1.7262 us/op, 87454915.00 uJpkg, 0.00 uJdram
WorkloadPilot    5: 579297 op, 999184589.00 ns, 1.7248 us/op, 87579549.00 uJpkg, 0.00 uJdram
WorkloadPilot    6: 579770 op, 1002070652.00 ns, 1.7284 us/op, 88308611.00 uJpkg, 0.00 uJdram
WorkloadPilot    7: 578572 op, 1004882483.00 ns, 1.7368 us/op, 88178791.00 uJpkg, 0.00 uJdram
WorkloadPilot    8: 575761 op, 994085958.00 ns, 1.7266 us/op, 87025595.00 uJpkg, 0.00 uJdram
WorkloadPilot    9: 579186 op, 999793592.00 ns, 1.7262 us/op, 87716084.00 uJpkg, 0.00 uJdram
WorkloadPilot   10: 579306 op, 1000889677.00 ns, 1.7277 us/op, 88888689.00 uJpkg, 0.00 uJdram

WorkloadWarmup   1: 579306 op, 999006898.00 ns, 1.7245 us/op, 87652303.00 uJpkg, 0.00 uJdram
WorkloadWarmup   2: 579306 op, 1004525277.00 ns, 1.7340 us/op, 88378497.00 uJpkg, 0.00 uJdram
WorkloadWarmup   3: 579306 op, 1005276620.00 ns, 1.7353 us/op, 88458696.00 uJpkg, 0.00 uJdram
WorkloadWarmup   4: 579306 op, 1004148096.00 ns, 1.7334 us/op, 88723833.00 uJpkg, 0.00 uJdram
WorkloadWarmup   5: 579306 op, 1004425511.00 ns, 1.7338 us/op, 88822344.00 uJpkg, 0.00 uJdram
WorkloadWarmup   6: 579306 op, 1004409321.00 ns, 1.7338 us/op, 89462723.00 uJpkg, 0.00 uJdram

// BeforeActualRun
WorkloadActual   1: 579306 op, 999647604.00 ns, 1.7256 us/op, 89560439.00 uJpkg, 0.00 uJdram
WorkloadActual   2: 579306 op, 1006771480.00 ns, 1.7379 us/op, 89842849.00 uJpkg, 0.00 uJdram
WorkloadActual   3: 579306 op, 1004501562.00 ns, 1.7340 us/op, 88694292.00 uJpkg, 0.00 uJdram
WorkloadActual   4: 579306 op, 1003623099.00 ns, 1.7325 us/op, 88812151.00 uJpkg, 0.00 uJdram
WorkloadActual   5: 579306 op, 1004402221.00 ns, 1.7338 us/op, 88654741.00 uJpkg, 0.00 uJdram
WorkloadActual   6: 579306 op, 1005691960.00 ns, 1.7360 us/op, 89076494.00 uJpkg, 0.00 uJdram
WorkloadActual   7: 579306 op, 1003570089.00 ns, 1.7324 us/op, 88719072.00 uJpkg, 0.00 uJdram
WorkloadActual   8: 579306 op, 1005222153.00 ns, 1.7352 us/op, 88577166.00 uJpkg, 0.00 uJdram
WorkloadActual   9: 579306 op, 1004206228.00 ns, 1.7335 us/op, 89013627.00 uJpkg, 0.00 uJdram
WorkloadActual  10: 579306 op, 1004890640.00 ns, 1.7346 us/op, 89424148.00 uJpkg, 0.00 uJdram
WorkloadActual  11: 579306 op, 1004376871.00 ns, 1.7338 us/op, 89246720.00 uJpkg, 0.00 uJdram
WorkloadActual  12: 579306 op, 1003721603.00 ns, 1.7326 us/op, 89213516.00 uJpkg, 0.00 uJdram
WorkloadActual  13: 579306 op, 1004482882.00 ns, 1.7339 us/op, 89472427.00 uJpkg, 0.00 uJdram
WorkloadActual  14: 579306 op, 1003914638.00 ns, 1.7330 us/op, 89326553.00 uJpkg, 0.00 uJdram
WorkloadActual  15: 579306 op, 1005024238.00 ns, 1.7349 us/op, 89013017.00 uJpkg, 0.00 uJdram

// AfterActualRun
WorkloadResult   1: 579306 op, 999647604.00 ns, 1.7256 us/op, 89560439.00 uJpkg, 0.00 uJdram
WorkloadResult   2: 579306 op, 1006771480.00 ns, 1.7379 us/op, 89842849.00 uJpkg, 0.00 uJdram
WorkloadResult   3: 579306 op, 1004501562.00 ns, 1.7340 us/op, 88694292.00 uJpkg, 0.00 uJdram
WorkloadResult   4: 579306 op, 1003623099.00 ns, 1.7325 us/op, 88812151.00 uJpkg, 0.00 uJdram
WorkloadResult   5: 579306 op, 1004402221.00 ns, 1.7338 us/op, 88654741.00 uJpkg, 0.00 uJdram
WorkloadResult   6: 579306 op, 1005691960.00 ns, 1.7360 us/op, 89076494.00 uJpkg, 0.00 uJdram
WorkloadResult   7: 579306 op, 1003570089.00 ns, 1.7324 us/op, 88719072.00 uJpkg, 0.00 uJdram
WorkloadResult   8: 579306 op, 1005222153.00 ns, 1.7352 us/op, 88577166.00 uJpkg, 0.00 uJdram
WorkloadResult   9: 579306 op, 1004206228.00 ns, 1.7335 us/op, 89013627.00 uJpkg, 0.00 uJdram
WorkloadResult  10: 579306 op, 1004890640.00 ns, 1.7346 us/op, 89424148.00 uJpkg, 0.00 uJdram
WorkloadResult  11: 579306 op, 1004376871.00 ns, 1.7338 us/op, 89246720.00 uJpkg, 0.00 uJdram
WorkloadResult  12: 579306 op, 1003721603.00 ns, 1.7326 us/op, 89213516.00 uJpkg, 0.00 uJdram
WorkloadResult  13: 579306 op, 1004482882.00 ns, 1.7339 us/op, 89472427.00 uJpkg, 0.00 uJdram
WorkloadResult  14: 579306 op, 1003914638.00 ns, 1.7330 us/op, 89326553.00 uJpkg, 0.00 uJdram
WorkloadResult  15: 579306 op, 1005024238.00 ns, 1.7349 us/op, 89013017.00 uJpkg, 0.00 uJdram

// AfterAll
// Benchmark Process 4066347 has exited with code 0.

Mean = 1.734 μs, StdErr = 0.001 μs (0.04%), N = 15, StdDev = 0.003 μs
Min = 1.726 μs, Q1 = 1.733 μs, Median = 1.734 μs, Q3 = 1.735 μs, Max = 1.738 μs
IQR = 0.002 μs, LowerFence = 1.730 μs, UpperFence = 1.738 μs
ConfidenceInterval = [1.731 μs; 1.736 μs] (CI 99.9%), Margin = 0.003 μs (0.16% of Mean)
Skewness = -1.47, Kurtosis = 6.03, MValue = 2

// ** Remained 2 (6.7%) benchmark(s) to run. Estimated finish 2025-12-31 21:44 (0h 0m from now) **
// **************************
// Benchmark: JsonSerializationBenchmarks.Utf8Json_Serialize_Small: Overhead-Fixed-Energy-8(OutlierMode=DontRemove, IterationCount=15, IterationTime=1s, LaunchCount=1, WarmupCount=6)
// *** Execute ***
// Launch: 1 / 1
// Execute: dotnet Serialization.Bench-Overhead-Fixed-Energy-8-1.dll --anonymousPipes 103 104 --benchmarkName Serialization.Bench.JsonSerializationBenchmarks.Utf8Json_Serialize_Small --job Overhead-Fixed-Energy-8 --benchmarkId 28 in /home/test/rapl-tests/lib-energy-bench/src/Serialization.Bench/bin/Release/net8.0/Serialization.Bench-Overhead-Fixed-Energy-8-1/bin/Release/net8.0
// BeforeAnythingElse

// Benchmark Process Environment Information:
// BenchmarkDotNet v0.15.5-develop (2025-12-31)
// Runtime=.NET 8.0.21 (8.0.21, 8.0.2125.47513), X64 RyuJIT x86-64-v4
// GC=Concurrent Workstation
// HardwareIntrinsics=AVX512 IFMA+VBMI,AVX512 F+BW+CD+DQ+VL,AVX2+BMI1+BMI2+F16C+FMA+LZCNT+MOVBE,AVX,SSE3+SSSE3+SSE4.1+SSE4.2+POPCNT,X86Base+SSE+SSE2,AES+PCLMUL VectorSize=256
// Job: Overhead-Fixed-Energy-8(OutlierMode=DontRemove, IterationCount=15, IterationTime=1s, LaunchCount=1, WarmupCount=6)

OverheadJitting  1: 1 op, 134211.00 ns, 134.2110 us/op, 63660.00 uJpkg, 0.00 uJdram
WorkloadJitting  1: 1 op, 46031928.00 ns, 46.0319 ms/op, 2841118.00 uJpkg, 0.00 uJdram

OverheadJitting  2: 16 op, 376442.00 ns, 23.5276 us/op, 58899.00 uJpkg, 0.00 uJdram
WorkloadJitting  2: 16 op, 527693.00 ns, 32.9808 us/op, 0.00 uJpkg, 0.00 uJdram

WorkloadPilot    1: 16 op, 207660.00 ns, 12.9788 us/op, 0.00 uJpkg, 0.00 uJdram
WorkloadPilot    2: 77056 op, 423677209.00 ns, 5.4983 us/op, 34430271.00 uJpkg, 0.00 uJdram
WorkloadPilot    3: 181888 op, 167905257.00 ns, 923.1244 ns/op, 15306418.00 uJpkg, 0.00 uJdram
WorkloadPilot    4: 1083280 op, 961296237.00 ns, 887.3941 ns/op, 82540499.00 uJpkg, 0.00 uJdram
WorkloadPilot    5: 1126896 op, 998600811.00 ns, 886.1517 ns/op, 86266381.00 uJpkg, 0.00 uJdram
WorkloadPilot    6: 1128480 op, 1001112069.00 ns, 887.1332 ns/op, 86136315.00 uJpkg, 0.00 uJdram
WorkloadPilot    7: 1127232 op, 1016092326.00 ns, 901.4048 ns/op, 87610554.00 uJpkg, 0.00 uJdram
WorkloadPilot    8: 1109392 op, 1000014224.00 ns, 901.4075 ns/op, 85531580.00 uJpkg, 0.00 uJdram

OverheadWarmup   1: 1109392 op, 3770474.00 ns, 3.3987 ns/op, 273559.00 uJpkg, 0.00 uJdram
OverheadWarmup   2: 1109392 op, 3780259.00 ns, 3.4075 ns/op, 283446.00 uJpkg, 0.00 uJdram
OverheadWarmup   3: 1109392 op, 3795917.00 ns, 3.4216 ns/op, 262084.00 uJpkg, 0.00 uJdram
OverheadWarmup   4: 1109392 op, 3781354.00 ns, 3.4085 ns/op, 277710.00 uJpkg, 0.00 uJdram
OverheadWarmup   5: 1109392 op, 3788245.00 ns, 3.4147 ns/op, 284972.00 uJpkg, 0.00 uJdram
OverheadWarmup   6: 1109392 op, 3765589.00 ns, 3.3943 ns/op, 210144.00 uJpkg, 0.00 uJdram

OverheadActual   1: 1109392 op, 3768071.00 ns, 3.3965 ns/op, 275573.00 uJpkg, 0.00 uJdram
OverheadActual   2: 1109392 op, 3776303.00 ns, 3.4039 ns/op, 217773.00 uJpkg, 0.00 uJdram
OverheadActual   3: 1109392 op, 3778311.00 ns, 3.4057 ns/op, 222351.00 uJpkg, 0.00 uJdram
OverheadActual   4: 1109392 op, 3777114.00 ns, 3.4047 ns/op, 292480.00 uJpkg, 0.00 uJdram
OverheadActual   5: 1109392 op, 3764059.00 ns, 3.3929 ns/op, 256408.00 uJpkg, 0.00 uJdram
OverheadActual   6: 1109392 op, 3766463.00 ns, 3.3951 ns/op, 268005.00 uJpkg, 0.00 uJdram
OverheadActual   7: 1109392 op, 3769975.00 ns, 3.3982 ns/op, 261108.00 uJpkg, 0.00 uJdram
OverheadActual   8: 1109392 op, 3768941.00 ns, 3.3973 ns/op, 244568.00 uJpkg, 0.00 uJdram
OverheadActual   9: 1109392 op, 3768126.00 ns, 3.3966 ns/op, 241638.00 uJpkg, 0.00 uJdram
OverheadActual  10: 1109392 op, 3768246.00 ns, 3.3967 ns/op, 253479.00 uJpkg, 0.00 uJdram
OverheadActual  11: 1109392 op, 3765186.00 ns, 3.3939 ns/op, 233520.00 uJpkg, 0.00 uJdram
OverheadActual  12: 1109392 op, 3843985.00 ns, 3.4649 ns/op, 261047.00 uJpkg, 0.00 uJdram
OverheadActual  13: 1109392 op, 3842612.00 ns, 3.4637 ns/op, 171447.00 uJpkg, 0.00 uJdram
OverheadActual  14: 1109392 op, 3842757.00 ns, 3.4638 ns/op, 233520.00 uJpkg, 0.00 uJdram
OverheadActual  15: 1109392 op, 3846978.00 ns, 3.4676 ns/op, 249999.00 uJpkg, 0.00 uJdram

WorkloadWarmup   1: 1109392 op, 997203629.00 ns, 898.8740 ns/op, 87305257.00 uJpkg, 0.00 uJdram
WorkloadWarmup   2: 1109392 op, 998131373.00 ns, 899.7103 ns/op, 84971950.00 uJpkg, 0.00 uJdram
WorkloadWarmup   3: 1109392 op, 987934665.00 ns, 890.5190 ns/op, 84328397.00 uJpkg, 0.00 uJdram
WorkloadWarmup   4: 1109392 op, 987887996.00 ns, 890.4769 ns/op, 84193937.00 uJpkg, 0.00 uJdram
WorkloadWarmup   5: 1109392 op, 986986763.00 ns, 889.6646 ns/op, 84390531.00 uJpkg, 0.00 uJdram
WorkloadWarmup   6: 1109392 op, 990160809.00 ns, 892.5256 ns/op, 84380643.00 uJpkg, 0.00 uJdram

// BeforeActualRun
WorkloadActual   1: 1109392 op, 989911802.00 ns, 892.3012 ns/op, 84870754.00 uJpkg, 0.00 uJdram
WorkloadActual   2: 1109392 op, 993769617.00 ns, 895.7786 ns/op, 84847683.00 uJpkg, 0.00 uJdram
WorkloadActual   3: 1109392 op, 992401728.00 ns, 894.5456 ns/op, 85277369.00 uJpkg, 0.00 uJdram
WorkloadActual   4: 1109392 op, 992476800.00 ns, 894.6133 ns/op, 84329313.00 uJpkg, 0.00 uJdram
WorkloadActual   5: 1109392 op, 994211227.00 ns, 896.1767 ns/op, 84956203.00 uJpkg, 0.00 uJdram
WorkloadActual   6: 1109392 op, 993602666.00 ns, 895.6281 ns/op, 85349330.00 uJpkg, 0.00 uJdram
WorkloadActual   7: 1109392 op, 992567221.00 ns, 894.6948 ns/op, 84418424.00 uJpkg, 0.00 uJdram
WorkloadActual   8: 1109392 op, 993362320.00 ns, 895.4115 ns/op, 84315397.00 uJpkg, 0.00 uJdram
WorkloadActual   9: 1109392 op, 991658217.00 ns, 893.8754 ns/op, 84564664.00 uJpkg, 0.00 uJdram
WorkloadActual  10: 1109392 op, 996339059.00 ns, 898.0947 ns/op, 85997033.00 uJpkg, 0.00 uJdram
WorkloadActual  11: 1109392 op, 993996380.00 ns, 895.9830 ns/op, 84916653.00 uJpkg, 0.00 uJdram
WorkloadActual  12: 1109392 op, 992416877.00 ns, 894.5593 ns/op, 84896206.00 uJpkg, 0.00 uJdram
WorkloadActual  13: 1109392 op, 1001001299.00 ns, 902.2972 ns/op, 85184536.00 uJpkg, 0.00 uJdram
WorkloadActual  14: 1109392 op, 992519033.00 ns, 894.6513 ns/op, 84885586.00 uJpkg, 0.00 uJdram
WorkloadActual  15: 1109392 op, 992078036.00 ns, 894.2538 ns/op, 84561795.00 uJpkg, 0.00 uJdram

// AfterActualRun
WorkloadResult   1: 1109392 op, 986141827.00 ns, 888.9030 ns/op, 84870754.00 uJpkg, 0.00 uJdram
WorkloadResult   2: 1109392 op, 989999642.00 ns, 892.3804 ns/op, 84847683.00 uJpkg, 0.00 uJdram
WorkloadResult   3: 1109392 op, 988631753.00 ns, 891.1474 ns/op, 85277369.00 uJpkg, 0.00 uJdram
WorkloadResult   4: 1109392 op, 988706825.00 ns, 891.2150 ns/op, 84329313.00 uJpkg, 0.00 uJdram
WorkloadResult   5: 1109392 op, 990441252.00 ns, 892.7784 ns/op, 84956203.00 uJpkg, 0.00 uJdram
WorkloadResult   6: 1109392 op, 989832691.00 ns, 892.2299 ns/op, 85349330.00 uJpkg, 0.00 uJdram
WorkloadResult   7: 1109392 op, 988797246.00 ns, 891.2965 ns/op, 84418424.00 uJpkg, 0.00 uJdram
WorkloadResult   8: 1109392 op, 989592345.00 ns, 892.0132 ns/op, 84315397.00 uJpkg, 0.00 uJdram
WorkloadResult   9: 1109392 op, 987888242.00 ns, 890.4772 ns/op, 84564664.00 uJpkg, 0.00 uJdram
WorkloadResult  10: 1109392 op, 992569084.00 ns, 894.6964 ns/op, 85997033.00 uJpkg, 0.00 uJdram
WorkloadResult  11: 1109392 op, 990226405.00 ns, 892.5848 ns/op, 84916653.00 uJpkg, 0.00 uJdram
WorkloadResult  12: 1109392 op, 988646902.00 ns, 891.1610 ns/op, 84896206.00 uJpkg, 0.00 uJdram
WorkloadResult  13: 1109392 op, 997231324.00 ns, 898.8990 ns/op, 85184536.00 uJpkg, 0.00 uJdram
WorkloadResult  14: 1109392 op, 988749058.00 ns, 891.2531 ns/op, 84885586.00 uJpkg, 0.00 uJdram
WorkloadResult  15: 1109392 op, 988308061.00 ns, 890.8556 ns/op, 84561795.00 uJpkg, 0.00 uJdram

// AfterAll
// Benchmark Process 4066360 has exited with code 0.

Mean = 892.126 ns, StdErr = 0.586 ns (0.07%), N = 15, StdDev = 2.269 ns
Min = 888.903 ns, Q1 = 891.154 ns, Median = 891.297 ns, Q3 = 892.483 ns, Max = 898.899 ns
IQR = 1.328 ns, LowerFence = 889.162 ns, UpperFence = 894.475 ns
ConfidenceInterval = [889.700 ns; 894.552 ns] (CI 99.9%), Margin = 2.426 ns (0.27% of Mean)
Skewness = 1.62, Kurtosis = 5.71, MValue = 2

// ** Remained 1 (3.3%) benchmark(s) to run. Estimated finish 2025-12-31 21:44 (0h 0m from now) **
// **************************
// Benchmark: JsonSerializationBenchmarks.SpanJson_Serialize_Small: Overhead-Fixed-Energy-8(OutlierMode=DontRemove, IterationCount=15, IterationTime=1s, LaunchCount=1, WarmupCount=6)
// *** Execute ***
// Launch: 1 / 1
// Execute: dotnet Serialization.Bench-Overhead-Fixed-Energy-8-1.dll --anonymousPipes 103 104 --benchmarkName Serialization.Bench.JsonSerializationBenchmarks.SpanJson_Serialize_Small --job Overhead-Fixed-Energy-8 --benchmarkId 29 in /home/test/rapl-tests/lib-energy-bench/src/Serialization.Bench/bin/Release/net8.0/Serialization.Bench-Overhead-Fixed-Energy-8-1/bin/Release/net8.0
// BeforeAnythingElse

// Benchmark Process Environment Information:
// BenchmarkDotNet v0.15.5-develop (2025-12-31)
// Runtime=.NET 8.0.21 (8.0.21, 8.0.2125.47513), X64 RyuJIT x86-64-v4
// GC=Concurrent Workstation
// HardwareIntrinsics=AVX512 IFMA+VBMI,AVX512 F+BW+CD+DQ+VL,AVX2+BMI1+BMI2+F16C+FMA+LZCNT+MOVBE,AVX,SSE3+SSSE3+SSE4.1+SSE4.2+POPCNT,X86Base+SSE+SSE2,AES+PCLMUL VectorSize=256
// Job: Overhead-Fixed-Energy-8(OutlierMode=DontRemove, IterationCount=15, IterationTime=1s, LaunchCount=1, WarmupCount=6)

OverheadJitting  1: 1 op, 135800.00 ns, 135.8000 us/op, 0.00 uJpkg, 0.00 uJdram
WorkloadJitting  1: 1 op, 59874633.00 ns, 59.8746 ms/op, 4366383.00 uJpkg, 0.00 uJdram

OverheadJitting  2: 16 op, 394040.00 ns, 24.6275 us/op, 83252.00 uJpkg, 0.00 uJdram
WorkloadJitting  2: 16 op, 581141.00 ns, 36.3213 us/op, 0.00 uJpkg, 0.00 uJdram

WorkloadPilot    1: 16 op, 223633.00 ns, 13.9771 us/op, 0.00 uJpkg, 0.00 uJdram
WorkloadPilot    2: 71552 op, 247241287.00 ns, 3.4554 us/op, 17042071.00 uJpkg, 0.00 uJdram
WorkloadPilot    3: 289408 op, 349921072.00 ns, 1.2091 us/op, 22933230.00 uJpkg, 0.00 uJdram
WorkloadPilot    4: 827072 op, 987211590.00 ns, 1.1936 us/op, 64841203.00 uJpkg, 0.00 uJdram
WorkloadPilot    5: 837792 op, 996737388.00 ns, 1.1897 us/op, 65680679.00 uJpkg, 0.00 uJdram
WorkloadPilot    6: 840544 op, 1001682891.00 ns, 1.1917 us/op, 65649185.00 uJpkg, 0.00 uJdram
WorkloadPilot    7: 839136 op, 1005873469.00 ns, 1.1987 us/op, 65946670.00 uJpkg, 0.00 uJdram
WorkloadPilot    8: 834240 op, 1001277270.00 ns, 1.2002 us/op, 65949661.00 uJpkg, 0.00 uJdram

OverheadWarmup   1: 834240 op, 2836840.00 ns, 3.4005 ns/op, 209045.00 uJpkg, 0.00 uJdram
OverheadWarmup   2: 834240 op, 2838153.00 ns, 3.4021 ns/op, 192260.00 uJpkg, 0.00 uJdram
OverheadWarmup   3: 834240 op, 2862591.00 ns, 3.4314 ns/op, 139404.00 uJpkg, 0.00 uJdram
OverheadWarmup   4: 834240 op, 2861455.00 ns, 3.4300 ns/op, 212402.00 uJpkg, 0.00 uJdram
OverheadWarmup   5: 834240 op, 2860810.00 ns, 3.4292 ns/op, 192382.00 uJpkg, 0.00 uJdram
OverheadWarmup   6: 834240 op, 2850565.00 ns, 3.4170 ns/op, 204589.00 uJpkg, 0.00 uJdram
OverheadWarmup   7: 834240 op, 2840365.00 ns, 3.4047 ns/op, 188293.00 uJpkg, 0.00 uJdram
OverheadWarmup   8: 834240 op, 2837298.00 ns, 3.4011 ns/op, 127563.00 uJpkg, 0.00 uJdram
OverheadWarmup   9: 834240 op, 2844587.00 ns, 3.4098 ns/op, 145691.00 uJpkg, 0.00 uJdram
OverheadWarmup  10: 834240 op, 2860471.00 ns, 3.4288 ns/op, 201843.00 uJpkg, 0.00 uJdram

OverheadActual   1: 834240 op, 2852720.00 ns, 3.4195 ns/op, 199890.00 uJpkg, 0.00 uJdram
OverheadActual   2: 834240 op, 2841504.00 ns, 3.4061 ns/op, 191162.00 uJpkg, 0.00 uJdram
OverheadActual   3: 834240 op, 2856291.00 ns, 3.4238 ns/op, 194091.00 uJpkg, 0.00 uJdram
OverheadActual   4: 834240 op, 2890170.00 ns, 3.4644 ns/op, 205871.00 uJpkg, 0.00 uJdram
OverheadActual   5: 834240 op, 2837852.00 ns, 3.4017 ns/op, 144591.00 uJpkg, 0.00 uJdram
OverheadActual   6: 834240 op, 2835676.00 ns, 3.3991 ns/op, 161437.00 uJpkg, 0.00 uJdram
OverheadActual   7: 834240 op, 2846094.00 ns, 3.4116 ns/op, 199157.00 uJpkg, 0.00 uJdram
OverheadActual   8: 834240 op, 2834783.00 ns, 3.3980 ns/op, 178710.00 uJpkg, 0.00 uJdram
OverheadActual   9: 834240 op, 2834409.00 ns, 3.3976 ns/op, 202819.00 uJpkg, 0.00 uJdram
OverheadActual  10: 834240 op, 2839017.00 ns, 3.4031 ns/op, 199829.00 uJpkg, 0.00 uJdram
OverheadActual  11: 834240 op, 2843113.00 ns, 3.4080 ns/op, 192626.00 uJpkg, 0.00 uJdram
OverheadActual  12: 834240 op, 2848510.00 ns, 3.4145 ns/op, 192626.00 uJpkg, 0.00 uJdram
OverheadActual  13: 834240 op, 2833377.00 ns, 3.3964 ns/op, 166687.00 uJpkg, 0.00 uJdram
OverheadActual  14: 834240 op, 2841645.00 ns, 3.4063 ns/op, 121948.00 uJpkg, 0.00 uJdram
OverheadActual  15: 834240 op, 2841483.00 ns, 3.4061 ns/op, 173400.00 uJpkg, 0.00 uJdram

WorkloadWarmup   1: 834240 op, 997469940.00 ns, 1.1957 us/op, 67642466.00 uJpkg, 0.00 uJdram
WorkloadWarmup   2: 834240 op, 998452601.00 ns, 1.1968 us/op, 65688004.00 uJpkg, 0.00 uJdram
WorkloadWarmup   3: 834240 op, 995957127.00 ns, 1.1938 us/op, 65475724.00 uJpkg, 0.00 uJdram
WorkloadWarmup   4: 834240 op, 996943821.00 ns, 1.1950 us/op, 65476029.00 uJpkg, 0.00 uJdram
WorkloadWarmup   5: 834240 op, 998697266.00 ns, 1.1971 us/op, 65236833.00 uJpkg, 0.00 uJdram
WorkloadWarmup   6: 834240 op, 997830614.00 ns, 1.1961 us/op, 65180558.00 uJpkg, 0.00 uJdram

// BeforeActualRun
WorkloadActual   1: 834240 op, 997286335.00 ns, 1.1954 us/op, 64991289.00 uJpkg, 0.00 uJdram
WorkloadActual   2: 834240 op, 1001202982.00 ns, 1.2001 us/op, 65351639.00 uJpkg, 0.00 uJdram
WorkloadActual   3: 834240 op, 1002508050.00 ns, 1.2017 us/op, 66125685.00 uJpkg, 0.00 uJdram
WorkloadActual   4: 834240 op, 999312620.00 ns, 1.1979 us/op, 65479264.00 uJpkg, 0.00 uJdram
WorkloadActual   5: 834240 op, 1000884436.00 ns, 1.1998 us/op, 65463334.00 uJpkg, 0.00 uJdram
WorkloadActual   6: 834240 op, 998326360.00 ns, 1.1967 us/op, 64888688.00 uJpkg, 0.00 uJdram
WorkloadActual   7: 834240 op, 998216169.00 ns, 1.1966 us/op, 64966081.00 uJpkg, 0.00 uJdram
WorkloadActual   8: 834240 op, 1001683877.00 ns, 1.2007 us/op, 65436966.00 uJpkg, 0.00 uJdram
WorkloadActual   9: 834240 op, 999635871.00 ns, 1.1983 us/op, 65626663.00 uJpkg, 0.00 uJdram
WorkloadActual  10: 834240 op, 998068123.00 ns, 1.1964 us/op, 65977676.00 uJpkg, 0.00 uJdram
WorkloadActual  11: 834240 op, 996016926.00 ns, 1.1939 us/op, 64752398.00 uJpkg, 0.00 uJdram
WorkloadActual  12: 834240 op, 997186779.00 ns, 1.1953 us/op, 64704790.00 uJpkg, 0.00 uJdram
WorkloadActual  13: 834240 op, 999758271.00 ns, 1.1984 us/op, 64969500.00 uJpkg, 0.00 uJdram
WorkloadActual  14: 834240 op, 995113502.00 ns, 1.1928 us/op, 64923845.00 uJpkg, 0.00 uJdram
WorkloadActual  15: 834240 op, 997176138.00 ns, 1.1953 us/op, 64953325.00 uJpkg, 0.00 uJdram

// AfterActualRun
WorkloadResult   1: 834240 op, 994444831.00 ns, 1.1920 us/op, 64991289.00 uJpkg, 0.00 uJdram
WorkloadResult   2: 834240 op, 998361478.00 ns, 1.1967 us/op, 65351639.00 uJpkg, 0.00 uJdram
WorkloadResult   3: 834240 op, 999666546.00 ns, 1.1983 us/op, 66125685.00 uJpkg, 0.00 uJdram
WorkloadResult   4: 834240 op, 996471116.00 ns, 1.1945 us/op, 65479264.00 uJpkg, 0.00 uJdram
WorkloadResult   5: 834240 op, 998042932.00 ns, 1.1963 us/op, 65463334.00 uJpkg, 0.00 uJdram
WorkloadResult   6: 834240 op, 995484856.00 ns, 1.1933 us/op, 64888688.00 uJpkg, 0.00 uJdram
WorkloadResult   7: 834240 op, 995374665.00 ns, 1.1932 us/op, 64966081.00 uJpkg, 0.00 uJdram
WorkloadResult   8: 834240 op, 998842373.00 ns, 1.1973 us/op, 65436966.00 uJpkg, 0.00 uJdram
WorkloadResult   9: 834240 op, 996794367.00 ns, 1.1949 us/op, 65626663.00 uJpkg, 0.00 uJdram
WorkloadResult  10: 834240 op, 995226619.00 ns, 1.1930 us/op, 65977676.00 uJpkg, 0.00 uJdram
WorkloadResult  11: 834240 op, 993175422.00 ns, 1.1905 us/op, 64752398.00 uJpkg, 0.00 uJdram
WorkloadResult  12: 834240 op, 994345275.00 ns, 1.1919 us/op, 64704790.00 uJpkg, 0.00 uJdram
WorkloadResult  13: 834240 op, 996916767.00 ns, 1.1950 us/op, 64969500.00 uJpkg, 0.00 uJdram
WorkloadResult  14: 834240 op, 992271998.00 ns, 1.1894 us/op, 64923845.00 uJpkg, 0.00 uJdram
WorkloadResult  15: 834240 op, 994334634.00 ns, 1.1919 us/op, 64953325.00 uJpkg, 0.00 uJdram

// AfterAll
// Benchmark Process 4066373 has exited with code 0.

Mean = 1.194 μs, StdErr = 0.001 μs (0.06%), N = 15, StdDev = 0.003 μs
Min = 1.189 μs, Q1 = 1.192 μs, Median = 1.193 μs, Q3 = 1.196 μs, Max = 1.198 μs
IQR = 0.004 μs, LowerFence = 1.186 μs, UpperFence = 1.201 μs
ConfidenceInterval = [1.191 μs; 1.197 μs] (CI 99.9%), Margin = 0.003 μs (0.23% of Mean)
Skewness = 0.07, Kurtosis = 1.83, MValue = 2

// ** Remained 0 (0.0%) benchmark(s) to run. Estimated finish 2025-12-31 21:44 (0h 0m from now) **
// ***** BenchmarkRunner: Finish  *****

// * Export *
  Helpers/../BenchmarkArtifacts/results/Serialization.Bench.JsonSerializationBenchmarks-report.csv
  Helpers/../BenchmarkArtifacts/results/Serialization.Bench.JsonSerializationBenchmarks-report-github.md
  Helpers/../BenchmarkArtifacts/results/Serialization.Bench.JsonSerializationBenchmarks-report.html
  Helpers/../BenchmarkArtifacts/results/Serialization.Bench.JsonSerializationBenchmarks-measurements.csv

// * Detailed results *
JsonSerializationBenchmarks.SpanJson_Deserialize_Large: Overhead-Fixed-Energy-8(OutlierMode=DontRemove, IterationCount=15, IterationTime=1s, LaunchCount=1, WarmupCount=6)
Runtime = .NET 8.0.21 (8.0.21, 8.0.2125.47513), X64 RyuJIT x86-64-v4; GC = Concurrent Workstation
Mean = 149.721 μs, StdErr = 0.056 μs (0.04%), N = 15, StdDev = 0.218 μs
Min = 149.510 μs, Q1 = 149.574 μs, Median = 149.622 μs, Q3 = 149.835 μs, Max = 150.112 μs
IQR = 0.261 μs, LowerFence = 149.183 μs, UpperFence = 150.227 μs
ConfidenceInterval = [149.488 μs; 149.955 μs] (CI 99.9%), Margin = 0.233 μs (0.16% of Mean)
Skewness = 0.84, Kurtosis = 1.91, MValue = 2
-------------------- Histogram --------------------
[149.393 μs ; 150.228 μs) | @@@@@@@@@@@@@@@
---------------------------------------------------

JsonSerializationBenchmarks.STJ_Deserialize_Large: Overhead-Fixed-Energy-8(OutlierMode=DontRemove, IterationCount=15, IterationTime=1s, LaunchCount=1, WarmupCount=6)
Runtime = .NET 8.0.21 (8.0.21, 8.0.2125.47513), X64 RyuJIT x86-64-v4; GC = Concurrent Workstation
Mean = 200.819 μs, StdErr = 0.101 μs (0.05%), N = 15, StdDev = 0.391 μs
Min = 200.405 μs, Q1 = 200.564 μs, Median = 200.675 μs, Q3 = 200.909 μs, Max = 201.977 μs
IQR = 0.345 μs, LowerFence = 200.047 μs, UpperFence = 201.427 μs
ConfidenceInterval = [200.401 μs; 201.237 μs] (CI 99.9%), Margin = 0.418 μs (0.21% of Mean)
Skewness = 1.64, Kurtosis = 5.37, MValue = 2
-------------------- Histogram --------------------
[200.197 μs ; 202.185 μs) | @@@@@@@@@@@@@@@
---------------------------------------------------

JsonSerializationBenchmarks.Jil_Deserialize_Large: Overhead-Fixed-Energy-8(OutlierMode=DontRemove, IterationCount=15, IterationTime=1s, LaunchCount=1, WarmupCount=6)
Runtime = .NET 8.0.21 (8.0.21, 8.0.2125.47513), X64 RyuJIT x86-64-v4; GC = Concurrent Workstation
Mean = 211.826 μs, StdErr = 0.125 μs (0.06%), N = 15, StdDev = 0.482 μs
Min = 211.253 μs, Q1 = 211.540 μs, Median = 211.808 μs, Q3 = 211.929 μs, Max = 213.332 μs
IQR = 0.389 μs, LowerFence = 210.957 μs, UpperFence = 212.512 μs
ConfidenceInterval = [211.310 μs; 212.341 μs] (CI 99.9%), Margin = 0.516 μs (0.24% of Mean)
Skewness = 1.77, Kurtosis = 6.61, MValue = 2
-------------------- Histogram --------------------
[210.997 μs ; 213.588 μs) | @@@@@@@@@@@@@@@
---------------------------------------------------

JsonSerializationBenchmarks.Newtonsoft_Deserialize_Large: Overhead-Fixed-Energy-8(OutlierMode=DontRemove, IterationCount=15, IterationTime=1s, LaunchCount=1, WarmupCount=6)
Runtime = .NET 8.0.21 (8.0.21, 8.0.2125.47513), X64 RyuJIT x86-64-v4; GC = Concurrent Workstation
Mean = 238.118 μs, StdErr = 0.057 μs (0.02%), N = 15, StdDev = 0.222 μs
Min = 237.858 μs, Q1 = 237.982 μs, Median = 238.057 μs, Q3 = 238.146 μs, Max = 238.641 μs
IQR = 0.164 μs, LowerFence = 237.736 μs, UpperFence = 238.392 μs
ConfidenceInterval = [237.881 μs; 238.355 μs] (CI 99.9%), Margin = 0.237 μs (0.10% of Mean)
Skewness = 1.19, Kurtosis = 3.26, MValue = 2
-------------------- Histogram --------------------
[237.740 μs ; 238.759 μs) | @@@@@@@@@@@@@@@
---------------------------------------------------

JsonSerializationBenchmarks.Utf8Json_Deserialize_Large: Overhead-Fixed-Energy-8(OutlierMode=DontRemove, IterationCount=15, IterationTime=1s, LaunchCount=1, WarmupCount=6)
Runtime = .NET 8.0.21 (8.0.21, 8.0.2125.47513), X64 RyuJIT x86-64-v4; GC = Concurrent Workstation
Mean = 286.183 μs, StdErr = 0.051 μs (0.02%), N = 15, StdDev = 0.199 μs
Min = 285.886 μs, Q1 = 286.028 μs, Median = 286.130 μs, Q3 = 286.349 μs, Max = 286.487 μs
IQR = 0.321 μs, LowerFence = 285.546 μs, UpperFence = 286.831 μs
ConfidenceInterval = [285.970 μs; 286.395 μs] (CI 99.9%), Margin = 0.212 μs (0.07% of Mean)
Skewness = 0.29, Kurtosis = 1.55, MValue = 2
-------------------- Histogram --------------------
[285.780 μs ; 286.593 μs) | @@@@@@@@@@@@@@@
---------------------------------------------------

JsonSerializationBenchmarks.SpanJson_Deserialize_Medium: Overhead-Fixed-Energy-8(OutlierMode=DontRemove, IterationCount=15, IterationTime=1s, LaunchCount=1, WarmupCount=6)
Runtime = .NET 8.0.21 (8.0.21, 8.0.2125.47513), X64 RyuJIT x86-64-v4; GC = Concurrent Workstation
Mean = 40.141 μs, StdErr = 0.018 μs (0.05%), N = 15, StdDev = 0.070 μs
Min = 40.025 μs, Q1 = 40.087 μs, Median = 40.157 μs, Q3 = 40.204 μs, Max = 40.223 μs
IQR = 0.118 μs, LowerFence = 39.910 μs, UpperFence = 40.381 μs
ConfidenceInterval = [40.066 μs; 40.216 μs] (CI 99.9%), Margin = 0.075 μs (0.19% of Mean)
Skewness = -0.41, Kurtosis = 1.53, MValue = 2
-------------------- Histogram --------------------
[39.987 μs ; 40.261 μs) | @@@@@@@@@@@@@@@
---------------------------------------------------

JsonSerializationBenchmarks.STJ_Deserialize_Medium: Overhead-Fixed-Energy-8(OutlierMode=DontRemove, IterationCount=15, IterationTime=1s, LaunchCount=1, WarmupCount=6)
Runtime = .NET 8.0.21 (8.0.21, 8.0.2125.47513), X64 RyuJIT x86-64-v4; GC = Concurrent Workstation
Mean = 52.878 μs, StdErr = 0.022 μs (0.04%), N = 15, StdDev = 0.085 μs
Min = 52.749 μs, Q1 = 52.818 μs, Median = 52.870 μs, Q3 = 52.912 μs, Max = 53.100 μs
IQR = 0.093 μs, LowerFence = 52.679 μs, UpperFence = 53.051 μs
ConfidenceInterval = [52.787 μs; 52.969 μs] (CI 99.9%), Margin = 0.091 μs (0.17% of Mean)
Skewness = 0.95, Kurtosis = 3.68, MValue = 2
-------------------- Histogram --------------------
[52.704 μs ; 53.146 μs) | @@@@@@@@@@@@@@@
---------------------------------------------------

JsonSerializationBenchmarks.Jil_Deserialize_Medium: Overhead-Fixed-Energy-8(OutlierMode=DontRemove, IterationCount=15, IterationTime=1s, LaunchCount=1, WarmupCount=6)
Runtime = .NET 8.0.21 (8.0.21, 8.0.2125.47513), X64 RyuJIT x86-64-v4; GC = Concurrent Workstation
Mean = 55.699 μs, StdErr = 0.016 μs (0.03%), N = 15, StdDev = 0.061 μs
Min = 55.585 μs, Q1 = 55.664 μs, Median = 55.695 μs, Q3 = 55.724 μs, Max = 55.823 μs
IQR = 0.060 μs, LowerFence = 55.574 μs, UpperFence = 55.814 μs
ConfidenceInterval = [55.634 μs; 55.764 μs] (CI 99.9%), Margin = 0.065 μs (0.12% of Mean)
Skewness = 0.24, Kurtosis = 2.57, MValue = 2
-------------------- Histogram --------------------
[55.553 μs ; 55.856 μs) | @@@@@@@@@@@@@@@
---------------------------------------------------

JsonSerializationBenchmarks.Utf8Json_Deserialize_Medium: Overhead-Fixed-Energy-8(OutlierMode=DontRemove, IterationCount=15, IterationTime=1s, LaunchCount=1, WarmupCount=6)
Runtime = .NET 8.0.21 (8.0.21, 8.0.2125.47513), X64 RyuJIT x86-64-v4; GC = Concurrent Workstation
Mean = 63.172 μs, StdErr = 0.020 μs (0.03%), N = 15, StdDev = 0.078 μs
Min = 63.100 μs, Q1 = 63.127 μs, Median = 63.148 μs, Q3 = 63.189 μs, Max = 63.407 μs
IQR = 0.062 μs, LowerFence = 63.033 μs, UpperFence = 63.282 μs
ConfidenceInterval = [63.089 μs; 63.256 μs] (CI 99.9%), Margin = 0.083 μs (0.13% of Mean)
Skewness = 1.75, Kurtosis = 5.63, MValue = 2
-------------------- Histogram --------------------
[63.059 μs ; 63.449 μs) | @@@@@@@@@@@@@@@
---------------------------------------------------

JsonSerializationBenchmarks.Newtonsoft_Deserialize_Medium: Overhead-Fixed-Energy-8(OutlierMode=DontRemove, IterationCount=15, IterationTime=1s, LaunchCount=1, WarmupCount=6)
Runtime = .NET 8.0.21 (8.0.21, 8.0.2125.47513), X64 RyuJIT x86-64-v4; GC = Concurrent Workstation
Mean = 68.641 μs, StdErr = 0.032 μs (0.05%), N = 15, StdDev = 0.125 μs
Min = 68.464 μs, Q1 = 68.557 μs, Median = 68.588 μs, Q3 = 68.713 μs, Max = 68.883 μs
IQR = 0.156 μs, LowerFence = 68.323 μs, UpperFence = 68.947 μs
ConfidenceInterval = [68.507 μs; 68.775 μs] (CI 99.9%), Margin = 0.134 μs (0.20% of Mean)
Skewness = 0.49, Kurtosis = 2.06, MValue = 2
-------------------- Histogram --------------------
[68.398 μs ; 68.950 μs) | @@@@@@@@@@@@@@@
---------------------------------------------------

JsonSerializationBenchmarks.SpanJson_Deserialize_Small: Overhead-Fixed-Energy-8(OutlierMode=DontRemove, IterationCount=15, IterationTime=1s, LaunchCount=1, WarmupCount=6)
Runtime = .NET 8.0.21 (8.0.21, 8.0.2125.47513), X64 RyuJIT x86-64-v4; GC = Concurrent Workstation
Mean = 1.157 μs, StdErr = 0.000 μs (0.03%), N = 15, StdDev = 0.001 μs
Min = 1.154 μs, Q1 = 1.155 μs, Median = 1.157 μs, Q3 = 1.157 μs, Max = 1.159 μs
IQR = 0.002 μs, LowerFence = 1.153 μs, UpperFence = 1.160 μs
ConfidenceInterval = [1.155 μs; 1.158 μs] (CI 99.9%), Margin = 0.002 μs (0.13% of Mean)
Skewness = 0.07, Kurtosis = 2.14, MValue = 2
-------------------- Histogram --------------------
[1.153 μs ; 1.160 μs) | @@@@@@@@@@@@@@@
---------------------------------------------------

JsonSerializationBenchmarks.STJ_Deserialize_Small: Overhead-Fixed-Energy-8(OutlierMode=DontRemove, IterationCount=15, IterationTime=1s, LaunchCount=1, WarmupCount=6)
Runtime = .NET 8.0.21 (8.0.21, 8.0.2125.47513), X64 RyuJIT x86-64-v4; GC = Concurrent Workstation
Mean = 1.980 μs, StdErr = 0.001 μs (0.06%), N = 15, StdDev = 0.004 μs
Min = 1.975 μs, Q1 = 1.977 μs, Median = 1.980 μs, Q3 = 1.984 μs, Max = 1.988 μs
IQR = 0.007 μs, LowerFence = 1.966 μs, UpperFence = 1.996 μs
ConfidenceInterval = [1.975 μs; 1.985 μs] (CI 99.9%), Margin = 0.005 μs (0.24% of Mean)
Skewness = 0.38, Kurtosis = 1.55, MValue = 2
-------------------- Histogram --------------------
[1.972 μs ; 1.990 μs) | @@@@@@@@@@@@@@@
---------------------------------------------------

JsonSerializationBenchmarks.Utf8Json_Deserialize_Small: Overhead-Fixed-Energy-8(OutlierMode=DontRemove, IterationCount=15, IterationTime=1s, LaunchCount=1, WarmupCount=6)
Runtime = .NET 8.0.21 (8.0.21, 8.0.2125.47513), X64 RyuJIT x86-64-v4; GC = Concurrent Workstation
Mean = 2.001 μs, StdErr = 0.001 μs (0.04%), N = 15, StdDev = 0.003 μs
Min = 1.996 μs, Q1 = 1.998 μs, Median = 2.000 μs, Q3 = 2.002 μs, Max = 2.009 μs
IQR = 0.004 μs, LowerFence = 1.993 μs, UpperFence = 2.008 μs
ConfidenceInterval = [1.997 μs; 2.004 μs] (CI 99.9%), Margin = 0.003 μs (0.17% of Mean)
Skewness = 1.01, Kurtosis = 3.89, MValue = 2
-------------------- Histogram --------------------
[1.994 μs ; 2.011 μs) | @@@@@@@@@@@@@@@
---------------------------------------------------

JsonSerializationBenchmarks.Jil_Deserialize_Small: Overhead-Fixed-Energy-8(OutlierMode=DontRemove, IterationCount=15, IterationTime=1s, LaunchCount=1, WarmupCount=6)
Runtime = .NET 8.0.21 (8.0.21, 8.0.2125.47513), X64 RyuJIT x86-64-v4; GC = Concurrent Workstation
Mean = 2.263 μs, StdErr = 0.001 μs (0.05%), N = 15, StdDev = 0.004 μs
Min = 2.257 μs, Q1 = 2.260 μs, Median = 2.265 μs, Q3 = 2.266 μs, Max = 2.272 μs
IQR = 0.006 μs, LowerFence = 2.250 μs, UpperFence = 2.275 μs
ConfidenceInterval = [2.259 μs; 2.268 μs] (CI 99.9%), Margin = 0.005 μs (0.21% of Mean)
Skewness = 0.1, Kurtosis = 2, MValue = 2
-------------------- Histogram --------------------
[2.255 μs ; 2.274 μs) | @@@@@@@@@@@@@@@
---------------------------------------------------

JsonSerializationBenchmarks.Newtonsoft_Deserialize_Small: Overhead-Fixed-Energy-8(OutlierMode=DontRemove, IterationCount=15, IterationTime=1s, LaunchCount=1, WarmupCount=6)
Runtime = .NET 8.0.21 (8.0.21, 8.0.2125.47513), X64 RyuJIT x86-64-v4; GC = Concurrent Workstation
Mean = 3.689 μs, StdErr = 0.001 μs (0.02%), N = 15, StdDev = 0.003 μs
Min = 3.687 μs, Q1 = 3.688 μs, Median = 3.688 μs, Q3 = 3.690 μs, Max = 3.699 μs
IQR = 0.002 μs, LowerFence = 3.684 μs, UpperFence = 3.693 μs
ConfidenceInterval = [3.686 μs; 3.693 μs] (CI 99.9%), Margin = 0.003 μs (0.09% of Mean)
Skewness = 2.15, Kurtosis = 7.19, MValue = 2
-------------------- Histogram --------------------
[3.685 μs ; 3.701 μs) | @@@@@@@@@@@@@@@
---------------------------------------------------

JsonSerializationBenchmarks.SpanJson_Serialize_Large: Overhead-Fixed-Energy-8(OutlierMode=DontRemove, IterationCount=15, IterationTime=1s, LaunchCount=1, WarmupCount=6)
Runtime = .NET 8.0.21 (8.0.21, 8.0.2125.47513), X64 RyuJIT x86-64-v4; GC = Concurrent Workstation
Mean = 163.618 μs, StdErr = 0.213 μs (0.13%), N = 15, StdDev = 0.823 μs
Min = 162.167 μs, Q1 = 163.051 μs, Median = 163.475 μs, Q3 = 164.314 μs, Max = 164.953 μs
IQR = 1.263 μs, LowerFence = 161.157 μs, UpperFence = 166.207 μs
ConfidenceInterval = [162.738 μs; 164.498 μs] (CI 99.9%), Margin = 0.880 μs (0.54% of Mean)
Skewness = -0.06, Kurtosis = 1.64, MValue = 2
-------------------- Histogram --------------------
[161.728 μs ; 165.391 μs) | @@@@@@@@@@@@@@@
---------------------------------------------------

JsonSerializationBenchmarks.STJ_Serialize_Large: Overhead-Fixed-Energy-8(OutlierMode=DontRemove, IterationCount=15, IterationTime=1s, LaunchCount=1, WarmupCount=6)
Runtime = .NET 8.0.21 (8.0.21, 8.0.2125.47513), X64 RyuJIT x86-64-v4; GC = Concurrent Workstation
Mean = 189.852 μs, StdErr = 0.085 μs (0.04%), N = 15, StdDev = 0.330 μs
Min = 189.560 μs, Q1 = 189.630 μs, Median = 189.779 μs, Q3 = 189.932 μs, Max = 190.770 μs
IQR = 0.302 μs, LowerFence = 189.177 μs, UpperFence = 190.385 μs
ConfidenceInterval = [189.499 μs; 190.204 μs] (CI 99.9%), Margin = 0.353 μs (0.19% of Mean)
Skewness = 1.49, Kurtosis = 4.51, MValue = 2
-------------------- Histogram --------------------
[189.385 μs ; 190.946 μs) | @@@@@@@@@@@@@@@
---------------------------------------------------

JsonSerializationBenchmarks.Jil_Serialize_Large: Overhead-Fixed-Energy-8(OutlierMode=DontRemove, IterationCount=15, IterationTime=1s, LaunchCount=1, WarmupCount=6)
Runtime = .NET 8.0.21 (8.0.21, 8.0.2125.47513), X64 RyuJIT x86-64-v4; GC = Concurrent Workstation
Mean = 283.887 μs, StdErr = 0.058 μs (0.02%), N = 15, StdDev = 0.224 μs
Min = 283.610 μs, Q1 = 283.739 μs, Median = 283.817 μs, Q3 = 284.109 μs, Max = 284.234 μs
IQR = 0.369 μs, LowerFence = 283.185 μs, UpperFence = 284.663 μs
ConfidenceInterval = [283.647 μs; 284.127 μs] (CI 99.9%), Margin = 0.240 μs (0.08% of Mean)
Skewness = 0.45, Kurtosis = 1.5, MValue = 2
-------------------- Histogram --------------------
[283.491 μs ; 284.353 μs) | @@@@@@@@@@@@@@@
---------------------------------------------------

JsonSerializationBenchmarks.Utf8Json_Serialize_Large: Overhead-Fixed-Energy-8(OutlierMode=DontRemove, IterationCount=15, IterationTime=1s, LaunchCount=1, WarmupCount=6)
Runtime = .NET 8.0.21 (8.0.21, 8.0.2125.47513), X64 RyuJIT x86-64-v4; GC = Concurrent Workstation
Mean = 286.435 μs, StdErr = 0.127 μs (0.04%), N = 15, StdDev = 0.491 μs
Min = 285.597 μs, Q1 = 286.135 μs, Median = 286.478 μs, Q3 = 286.636 μs, Max = 287.693 μs
IQR = 0.501 μs, LowerFence = 285.384 μs, UpperFence = 287.388 μs
ConfidenceInterval = [285.910 μs; 286.961 μs] (CI 99.9%), Margin = 0.525 μs (0.18% of Mean)
Skewness = 0.76, Kurtosis = 3.61, MValue = 2
-------------------- Histogram --------------------
[285.335 μs ; 287.954 μs) | @@@@@@@@@@@@@@@
---------------------------------------------------

JsonSerializationBenchmarks.Newtonsoft_Serialize_Large: Overhead-Fixed-Energy-8(OutlierMode=DontRemove, IterationCount=15, IterationTime=1s, LaunchCount=1, WarmupCount=6)
Runtime = .NET 8.0.21 (8.0.21, 8.0.2125.47513), X64 RyuJIT x86-64-v4; GC = Concurrent Workstation
Mean = 292.992 μs, StdErr = 0.101 μs (0.03%), N = 15, StdDev = 0.393 μs
Min = 292.569 μs, Q1 = 292.804 μs, Median = 292.905 μs, Q3 = 292.997 μs, Max = 294.246 μs
IQR = 0.193 μs, LowerFence = 292.515 μs, UpperFence = 293.287 μs
ConfidenceInterval = [292.572 μs; 293.412 μs] (CI 99.9%), Margin = 0.420 μs (0.14% of Mean)
Skewness = 2.06, Kurtosis = 7.09, MValue = 2
-------------------- Histogram --------------------
[292.360 μs ; 294.455 μs) | @@@@@@@@@@@@@@@
---------------------------------------------------

JsonSerializationBenchmarks.Jil_Serialize_Medium: Overhead-Fixed-Energy-8(OutlierMode=DontRemove, IterationCount=15, IterationTime=1s, LaunchCount=1, WarmupCount=6)
Runtime = .NET 8.0.21 (8.0.21, 8.0.2125.47513), X64 RyuJIT x86-64-v4; GC = Concurrent Workstation
Mean = 37.238 μs, StdErr = 0.020 μs (0.05%), N = 15, StdDev = 0.078 μs
Min = 37.135 μs, Q1 = 37.180 μs, Median = 37.249 μs, Q3 = 37.276 μs, Max = 37.419 μs
IQR = 0.096 μs, LowerFence = 37.035 μs, UpperFence = 37.420 μs
ConfidenceInterval = [37.154 μs; 37.322 μs] (CI 99.9%), Margin = 0.084 μs (0.22% of Mean)
Skewness = 0.51, Kurtosis = 2.59, MValue = 2
-------------------- Histogram --------------------
[37.093 μs ; 37.460 μs) | @@@@@@@@@@@@@@@
---------------------------------------------------

JsonSerializationBenchmarks.SpanJson_Serialize_Medium: Overhead-Fixed-Energy-8(OutlierMode=DontRemove, IterationCount=15, IterationTime=1s, LaunchCount=1, WarmupCount=6)
Runtime = .NET 8.0.21 (8.0.21, 8.0.2125.47513), X64 RyuJIT x86-64-v4; GC = Concurrent Workstation
Mean = 40.342 μs, StdErr = 0.036 μs (0.09%), N = 15, StdDev = 0.138 μs
Min = 40.186 μs, Q1 = 40.236 μs, Median = 40.307 μs, Q3 = 40.447 μs, Max = 40.673 μs
IQR = 0.210 μs, LowerFence = 39.921 μs, UpperFence = 40.762 μs
ConfidenceInterval = [40.195 μs; 40.489 μs] (CI 99.9%), Margin = 0.147 μs (0.36% of Mean)
Skewness = 0.84, Kurtosis = 2.7, MValue = 2
-------------------- Histogram --------------------
[40.112 μs ; 40.746 μs) | @@@@@@@@@@@@@@@
---------------------------------------------------

JsonSerializationBenchmarks.STJ_Serialize_Medium: Overhead-Fixed-Energy-8(OutlierMode=DontRemove, IterationCount=15, IterationTime=1s, LaunchCount=1, WarmupCount=6)
Runtime = .NET 8.0.21 (8.0.21, 8.0.2125.47513), X64 RyuJIT x86-64-v4; GC = Concurrent Workstation
Mean = 47.607 μs, StdErr = 0.065 μs (0.14%), N = 15, StdDev = 0.252 μs
Min = 47.152 μs, Q1 = 47.483 μs, Median = 47.700 μs, Q3 = 47.746 μs, Max = 47.937 μs
IQR = 0.263 μs, LowerFence = 47.088 μs, UpperFence = 48.140 μs
ConfidenceInterval = [47.338 μs; 47.877 μs] (CI 99.9%), Margin = 0.269 μs (0.57% of Mean)
Skewness = -0.71, Kurtosis = 2.08, MValue = 2
-------------------- Histogram --------------------
[47.017 μs ; 48.071 μs) | @@@@@@@@@@@@@@@
---------------------------------------------------

JsonSerializationBenchmarks.Newtonsoft_Serialize_Medium: Overhead-Fixed-Energy-8(OutlierMode=DontRemove, IterationCount=15, IterationTime=1s, LaunchCount=1, WarmupCount=6)
Runtime = .NET 8.0.21 (8.0.21, 8.0.2125.47513), X64 RyuJIT x86-64-v4; GC = Concurrent Workstation
Mean = 52.302 μs, StdErr = 0.035 μs (0.07%), N = 15, StdDev = 0.137 μs
Min = 52.094 μs, Q1 = 52.210 μs, Median = 52.288 μs, Q3 = 52.380 μs, Max = 52.613 μs
IQR = 0.170 μs, LowerFence = 51.954 μs, UpperFence = 52.636 μs
ConfidenceInterval = [52.156 μs; 52.448 μs] (CI 99.9%), Margin = 0.146 μs (0.28% of Mean)
Skewness = 0.62, Kurtosis = 2.56, MValue = 2
-------------------- Histogram --------------------
[52.021 μs ; 52.686 μs) | @@@@@@@@@@@@@@@
---------------------------------------------------

JsonSerializationBenchmarks.Utf8Json_Serialize_Medium: Overhead-Fixed-Energy-8(OutlierMode=DontRemove, IterationCount=15, IterationTime=1s, LaunchCount=1, WarmupCount=6)
Runtime = .NET 8.0.21 (8.0.21, 8.0.2125.47513), X64 RyuJIT x86-64-v4; GC = Concurrent Workstation
Mean = 57.599 μs, StdErr = 0.234 μs (0.41%), N = 15, StdDev = 0.905 μs
Min = 56.714 μs, Q1 = 56.954 μs, Median = 57.663 μs, Q3 = 57.890 μs, Max = 60.137 μs
IQR = 0.936 μs, LowerFence = 55.550 μs, UpperFence = 59.294 μs
ConfidenceInterval = [56.631 μs; 58.567 μs] (CI 99.9%), Margin = 0.968 μs (1.68% of Mean)
Skewness = 1.29, Kurtosis = 4.39, MValue = 2
-------------------- Histogram --------------------
[56.232 μs ; 57.965 μs) | @@@@@@@@@@@@
[57.965 μs ; 60.619 μs) | @@@
---------------------------------------------------

JsonSerializationBenchmarks.Utf8Json_Serialize_Small: Overhead-Fixed-Energy-8(OutlierMode=DontRemove, IterationCount=15, IterationTime=1s, LaunchCount=1, WarmupCount=6)
Runtime = .NET 8.0.21 (8.0.21, 8.0.2125.47513), X64 RyuJIT x86-64-v4; GC = Concurrent Workstation
Mean = 892.126 ns, StdErr = 0.586 ns (0.07%), N = 15, StdDev = 2.269 ns
Min = 888.903 ns, Q1 = 891.154 ns, Median = 891.297 ns, Q3 = 892.483 ns, Max = 898.899 ns
IQR = 1.328 ns, LowerFence = 889.162 ns, UpperFence = 894.475 ns
ConfidenceInterval = [889.700 ns; 894.552 ns] (CI 99.9%), Margin = 2.426 ns (0.27% of Mean)
Skewness = 1.62, Kurtosis = 5.71, MValue = 2
-------------------- Histogram --------------------
[887.695 ns ; 900.107 ns) | @@@@@@@@@@@@@@@
---------------------------------------------------

JsonSerializationBenchmarks.SpanJson_Serialize_Small: Overhead-Fixed-Energy-8(OutlierMode=DontRemove, IterationCount=15, IterationTime=1s, LaunchCount=1, WarmupCount=6)
Runtime = .NET 8.0.21 (8.0.21, 8.0.2125.47513), X64 RyuJIT x86-64-v4; GC = Concurrent Workstation
Mean = 1.194 μs, StdErr = 0.001 μs (0.06%), N = 15, StdDev = 0.003 μs
Min = 1.189 μs, Q1 = 1.192 μs, Median = 1.193 μs, Q3 = 1.196 μs, Max = 1.198 μs
IQR = 0.004 μs, LowerFence = 1.186 μs, UpperFence = 1.201 μs
ConfidenceInterval = [1.191 μs; 1.197 μs] (CI 99.9%), Margin = 0.003 μs (0.23% of Mean)
Skewness = 0.07, Kurtosis = 1.83, MValue = 2
-------------------- Histogram --------------------
[1.188 μs ; 1.200 μs) | @@@@@@@@@@@@@@@
---------------------------------------------------

JsonSerializationBenchmarks.STJ_Serialize_Small: Overhead-Fixed-Energy-8(OutlierMode=DontRemove, IterationCount=15, IterationTime=1s, LaunchCount=1, WarmupCount=6)
Runtime = .NET 8.0.21 (8.0.21, 8.0.2125.47513), X64 RyuJIT x86-64-v4; GC = Concurrent Workstation
Mean = 1.241 μs, StdErr = 0.000 μs (0.03%), N = 15, StdDev = 0.002 μs
Min = 1.237 μs, Q1 = 1.241 μs, Median = 1.241 μs, Q3 = 1.242 μs, Max = 1.245 μs
IQR = 0.001 μs, LowerFence = 1.239 μs, UpperFence = 1.244 μs
ConfidenceInterval = [1.239 μs; 1.243 μs] (CI 99.9%), Margin = 0.002 μs (0.14% of Mean)
Skewness = -0.57, Kurtosis = 4.58, MValue = 2
-------------------- Histogram --------------------
[1.236 μs ; 1.245 μs) | @@@@@@@@@@@@@@@
---------------------------------------------------

JsonSerializationBenchmarks.Jil_Serialize_Small: Overhead-Fixed-Energy-8(OutlierMode=DontRemove, IterationCount=15, IterationTime=1s, LaunchCount=1, WarmupCount=6)
Runtime = .NET 8.0.21 (8.0.21, 8.0.2125.47513), X64 RyuJIT x86-64-v4; GC = Concurrent Workstation
Mean = 1.734 μs, StdErr = 0.001 μs (0.04%), N = 15, StdDev = 0.003 μs
Min = 1.726 μs, Q1 = 1.733 μs, Median = 1.734 μs, Q3 = 1.735 μs, Max = 1.738 μs
IQR = 0.002 μs, LowerFence = 1.730 μs, UpperFence = 1.738 μs
ConfidenceInterval = [1.731 μs; 1.736 μs] (CI 99.9%), Margin = 0.003 μs (0.16% of Mean)
Skewness = -1.47, Kurtosis = 6.03, MValue = 2
-------------------- Histogram --------------------
[1.724 μs ; 1.739 μs) | @@@@@@@@@@@@@@@
---------------------------------------------------

JsonSerializationBenchmarks.Newtonsoft_Serialize_Small: Overhead-Fixed-Energy-8(OutlierMode=DontRemove, IterationCount=15, IterationTime=1s, LaunchCount=1, WarmupCount=6)
Runtime = .NET 8.0.21 (8.0.21, 8.0.2125.47513), X64 RyuJIT x86-64-v4; GC = Concurrent Workstation
Mean = 2.211 μs, StdErr = 0.001 μs (0.03%), N = 15, StdDev = 0.003 μs
Min = 2.207 μs, Q1 = 2.210 μs, Median = 2.211 μs, Q3 = 2.212 μs, Max = 2.216 μs
IQR = 0.003 μs, LowerFence = 2.205 μs, UpperFence = 2.217 μs
ConfidenceInterval = [2.209 μs; 2.214 μs] (CI 99.9%), Margin = 0.003 μs (0.12% of Mean)
Skewness = 0.15, Kurtosis = 2.03, MValue = 2
-------------------- Histogram --------------------
[2.206 μs ; 2.217 μs) | @@@@@@@@@@@@@@@
---------------------------------------------------

// * Summary *

BenchmarkDotNet v0.15.5-develop (2025-12-31), Linux Ubuntu 24.04.3 LTS (Noble Numbat)
11th Gen Intel Core i7-11700KF 3.60GHz (Max: 0.80GHz), 1 CPU, 16 logical and 8 physical cores
.NET SDK 8.0.121
  [Host]                  : .NET 8.0.21 (8.0.21, 8.0.2125.47513), X64 RyuJIT x86-64-v4
  Overhead-Fixed-Energy-8 : .NET 8.0.21 (8.0.21, 8.0.2125.47513), X64 RyuJIT x86-64-v4

Job=Overhead-Fixed-Energy-8  OutlierMode=DontRemove  IterationCount=15  
IterationTime=1s  LaunchCount=1  WarmupCount=6  

| Method                        | Mean         | Error     | StdDev    | Operations | Iterations | Ratio | MannWhitney(3%) | RatioSD | Rank | Package Energy (uJ/op) | Package Energy (uJ/iter) |
|------------------------------ |-------------:|----------:|----------:|-----------:|-----------:|------:|---------------- |--------:|-----:|-----------------------:|-------------------------:|
| SpanJson_Deserialize_Large    | 149,721.3 ns | 233.32 ns | 218.24 ns |      6,687 |      15.00 |  0.75 | Faster          |    0.00 |    1 |            12297.28 uj |           82231898.13 uj |
| STJ_Deserialize_Large         | 200,819.2 ns | 418.00 ns | 391.00 ns |      4,992 |      15.00 |  1.00 | Baseline        |    0.00 |    2 |            16600.52 uj |           82869811.40 uj |
| Jil_Deserialize_Large         | 211,825.8 ns | 515.64 ns | 482.33 ns |      4,716 |      15.00 |  1.05 | Slower          |    0.00 |    3 |            17548.70 uj |           82759692.27 uj |
| Newtonsoft_Deserialize_Large  | 238,117.7 ns | 237.00 ns | 221.69 ns |      4,208 |      15.00 |  1.19 | Slower          |    0.00 |    4 |            19995.48 uj |           84140995.53 uj |
| Utf8Json_Deserialize_Large    | 286,182.7 ns | 212.34 ns | 198.62 ns |      3,552 |      15.00 |  1.43 | Slower          |    0.00 |    5 |            23519.63 uj |           83541717.40 uj |
|                               |              |           |           |            |            |       |                 |         |      |                        |                          |
| SpanJson_Deserialize_Medium   |  40,141.0 ns |  75.29 ns |  70.43 ns |     24,907 |      15.00 |  0.76 | Faster          |    0.00 |    1 |             3290.76 uj |           81962864.07 uj |
| STJ_Deserialize_Medium        |  52,878.2 ns |  90.96 ns |  85.08 ns |     18,928 |      15.00 |  1.00 | Baseline        |    0.00 |    2 |             4442.87 uj |           84094690.40 uj |
| Jil_Deserialize_Medium        |  55,698.9 ns |  64.70 ns |  60.52 ns |     17,937 |      15.00 |  1.05 | Slower          |    0.00 |    3 |             4511.95 uj |           80930847.53 uj |
| Utf8Json_Deserialize_Medium   |  63,172.5 ns |  83.41 ns |  78.02 ns |     15,824 |      15.00 |  1.19 | Slower          |    0.00 |    4 |             5259.79 uj |           83230841.60 uj |
| Newtonsoft_Deserialize_Medium |  68,641.1 ns | 133.98 ns | 125.33 ns |     14,656 |      15.00 |  1.30 | Slower          |    0.00 |    5 |             5807.75 uj |           85118312.07 uj |
|                               |              |           |           |            |            |       |                 |         |      |                        |                          |
| SpanJson_Deserialize_Small    |   1,156.6 ns |   1.53 ns |   1.43 ns |    862,256 |      15.00 |  0.58 | Faster          |    0.00 |    1 |               97.63 uj |           84177913.60 uj |
| STJ_Deserialize_Small         |   1,980.3 ns |   4.80 ns |   4.49 ns |    505,968 |      15.00 |  1.00 | Baseline        |    0.00 |    2 |              175.62 uj |           88859513.47 uj |
| Utf8Json_Deserialize_Small    |   2,000.5 ns |   3.39 ns |   3.17 ns |    499,712 |      15.00 |  1.01 | Same            |    0.00 |    2 |              168.51 uj |           84204903.20 uj |
| Jil_Deserialize_Small         |   2,263.3 ns |   4.70 ns |   4.39 ns |    442,656 |      15.00 |  1.14 | Slower          |    0.00 |    3 |              193.40 uj |           85607467.27 uj |
| Newtonsoft_Deserialize_Small  |   3,689.4 ns |   3.25 ns |   3.04 ns |    270,960 |      15.00 |  1.86 | Slower          |    0.00 |    4 |              319.65 uj |           86612477.67 uj |
|                               |              |           |           |            |            |       |                 |         |      |                        |                          |
| SpanJson_Serialize_Large      | 163,618.0 ns | 880.08 ns | 823.23 ns |      6,093 |      15.00 |  0.86 | Faster          |    0.00 |    1 |            12040.26 uj |           73361294.87 uj |
| STJ_Serialize_Large           | 189,851.5 ns | 352.60 ns | 329.82 ns |      5,296 |      15.00 |  1.00 | Baseline        |    0.00 |    2 |            17542.24 uj |           92903729.40 uj |
| Jil_Serialize_Large           | 283,887.2 ns | 239.72 ns | 224.24 ns |      3,529 |      15.00 |  1.50 | Slower          |    0.00 |    3 |            24052.58 uj |           84881545.60 uj |
| Utf8Json_Serialize_Large      | 286,435.5 ns | 525.25 ns | 491.32 ns |      3,504 |      15.00 |  1.51 | Slower          |    0.00 |    3 |            27362.23 uj |           95877269.33 uj |
| Newtonsoft_Serialize_Large    | 292,991.7 ns | 419.86 ns | 392.74 ns |      3,408 |      15.00 |  1.54 | Slower          |    0.00 |    4 |            24399.64 uj |           83153974.20 uj |
|                               |              |           |           |            |            |       |                 |         |      |                        |                          |
| Jil_Serialize_Medium          |  37,238.0 ns |  83.64 ns |  78.24 ns |     26,900 |      15.00 |  0.78 | Faster          |    0.00 |    1 |             3193.31 uj |           85900170.60 uj |
| SpanJson_Serialize_Medium     |  40,342.3 ns | 147.01 ns | 137.51 ns |     24,775 |      15.00 |  0.85 | Faster          |    0.01 |    2 |             2572.84 uj |           63742101.60 uj |
| STJ_Serialize_Medium          |  47,607.4 ns | 269.27 ns | 251.88 ns |     20,960 |      15.00 |  1.00 | Baseline        |    0.01 |    3 |             4119.86 uj |           86352354.73 uj |
| Newtonsoft_Serialize_Medium   |  52,302.2 ns | 146.13 ns | 136.69 ns |     19,184 |      15.00 |  1.10 | Slower          |    0.01 |    4 |             4464.64 uj |           85649650.53 uj |
| Utf8Json_Serialize_Medium     |  57,598.7 ns | 967.91 ns | 905.38 ns |     17,520 |      15.00 |  1.21 | Slower          |    0.02 |    5 |             4649.38 uj |           81457087.33 uj |
|                               |              |           |           |            |            |       |                 |         |      |                        |                          |
| Utf8Json_Serialize_Small      |     892.1 ns |   2.43 ns |   2.27 ns |  1,109,392 |      15.00 |  0.72 | Faster          |    0.00 |    1 |               76.52 uj |           84891396.40 uj |
| SpanJson_Serialize_Small      |   1,193.9 ns |   2.74 ns |   2.56 ns |    834,240 |      15.00 |  0.96 | Faster          |    0.00 |    2 |               78.20 uj |           65240742.87 uj |
| STJ_Serialize_Small           |   1,241.2 ns |   1.77 ns |   1.65 ns |    806,912 |      15.00 |  1.00 | Baseline        |    0.00 |    3 |              110.49 uj |           89153816.07 uj |
| Jil_Serialize_Small           |   1,733.6 ns |   2.83 ns |   2.65 ns |    579,306 |      15.00 |  1.40 | Slower          |    0.00 |    4 |              153.82 uj |           89109814.13 uj |
| Newtonsoft_Serialize_Small    |   2,211.2 ns |   2.69 ns |   2.52 ns |    451,664 |      15.00 |  1.78 | Slower          |    0.00 |    5 |              194.19 uj |           87709610.20 uj |

// * Hints *
Outliers
  JsonSerializationBenchmarks.STJ_Deserialize_Large: Overhead-Fixed-Energy-8        -> 1 outlier  was  detected (201.98 μs)
  JsonSerializationBenchmarks.Jil_Deserialize_Large: Overhead-Fixed-Energy-8        -> 1 outlier  was  detected (213.33 μs)
  JsonSerializationBenchmarks.Newtonsoft_Deserialize_Large: Overhead-Fixed-Energy-8 -> 2 outliers were detected (238.55 μs, 238.64 μs)
  JsonSerializationBenchmarks.STJ_Deserialize_Medium: Overhead-Fixed-Energy-8       -> 1 outlier  was  detected (53.10 μs)
  JsonSerializationBenchmarks.Jil_Deserialize_Medium: Overhead-Fixed-Energy-8       -> 1 outlier  was  detected (55.82 μs)
  JsonSerializationBenchmarks.Utf8Json_Deserialize_Medium: Overhead-Fixed-Energy-8  -> 1 outlier  was  detected (63.41 μs)
  JsonSerializationBenchmarks.Utf8Json_Deserialize_Small: Overhead-Fixed-Energy-8   -> 1 outlier  was  detected (2.01 μs)
  JsonSerializationBenchmarks.Newtonsoft_Deserialize_Small: Overhead-Fixed-Energy-8 -> 1 outlier  was  detected (3.70 μs)
  JsonSerializationBenchmarks.STJ_Serialize_Large: Overhead-Fixed-Energy-8          -> 1 outlier  was  detected (190.77 μs)
  JsonSerializationBenchmarks.Utf8Json_Serialize_Large: Overhead-Fixed-Energy-8     -> 1 outlier  was  detected (287.70 μs)
  JsonSerializationBenchmarks.Newtonsoft_Serialize_Large: Overhead-Fixed-Energy-8   -> 2 outliers were detected (293.30 μs, 294.25 μs)
  JsonSerializationBenchmarks.Utf8Json_Serialize_Medium: Overhead-Fixed-Energy-8    -> 1 outlier  was  detected (60.14 μs)
  JsonSerializationBenchmarks.Utf8Json_Serialize_Small: Overhead-Fixed-Energy-8     -> 3 outliers were detected (892.30 ns, 898.09 ns, 902.30 ns)
  JsonSerializationBenchmarks.STJ_Serialize_Small: Overhead-Fixed-Energy-8          -> 2 outliers were detected (1.24 μs, 1.25 μs)
  JsonSerializationBenchmarks.Jil_Serialize_Small: Overhead-Fixed-Energy-8          -> 2 outliers were detected (1.73 μs, 1.74 μs)

// * Legends *
  Mean                     : Arithmetic mean of all measurements
  Error                    : Half of 99.9% confidence interval
  StdDev                   : Standard deviation of all measurements
  Operations               : Actual invocations per measured iteration (from measurements)
  Iterations               : Number of target iterations
  Ratio                    : Mean of the ratio distribution ([Current]/[Baseline])
  MannWhitney(3%)          : MannWhitney-based equivalence test (threshold=3%, alpha = 1E-05)
  RatioSD                  : Standard deviation of the ratio distribution ([Current]/[Baseline])
  Rank                     : Relative position of current benchmark mean among all benchmarks (Arabic style)
  Package Energy (uJ/op)   : Average CPU package energy consumed per operation (µJ).
  Package Energy (uJ/iter) : Average CPU package energy consumed per benchmark iteration (µJ).
  1 ns                     : 1 Nanosecond (0.000000001 sec)

// * Diagnostic Output - EnergyDiagnoser *


// ***** BenchmarkRunner: End *****
Run time: 00:13:42 (822.37 sec), executed benchmarks: 30

Global total time: 00:13:53 (833.06 sec), executed benchmarks: 30
// * Artifacts cleanup *
Artifacts cleanup is finished
