// Validating benchmarks:
// ***** BenchmarkRunner: Start   *****
// ***** Found 30 benchmark(s) in total *****
// ***** Building 1 exe(s) in Parallel: Start   *****
// start dotnet  restore --nodeReuse:false /p:UseSharedCompilation=false /p:Deterministic=true /p:Optimize=true /p:ArtifactsPath="/home/test/rapl-tests/lib-energy-bench/src/Serialization.Bench/bin/Release/net8.0/Serialization.Bench-Overhead-Fixed-Energy-9-1/" /p:OutDir="/home/test/rapl-tests/lib-energy-bench/src/Serialization.Bench/bin/Release/net8.0/Serialization.Bench-Overhead-Fixed-Energy-9-1/bin/Release/net8.0/" /p:OutputPath="/home/test/rapl-tests/lib-energy-bench/src/Serialization.Bench/bin/Release/net8.0/Serialization.Bench-Overhead-Fixed-Energy-9-1/bin/Release/net8.0/" /p:PublishDir="/home/test/rapl-tests/lib-energy-bench/src/Serialization.Bench/bin/Release/net8.0/Serialization.Bench-Overhead-Fixed-Energy-9-1/publish/" in /home/test/rapl-tests/lib-energy-bench/src/Serialization.Bench/bin/Release/net8.0/Serialization.Bench-Overhead-Fixed-Energy-9-1
// command took 1.04 sec and exited with 0
// start dotnet  build -c Release --no-restore --nodeReuse:false /p:UseSharedCompilation=false /p:Deterministic=true /p:Optimize=true /p:ArtifactsPath="/home/test/rapl-tests/lib-energy-bench/src/Serialization.Bench/bin/Release/net8.0/Serialization.Bench-Overhead-Fixed-Energy-9-1/" /p:OutDir="/home/test/rapl-tests/lib-energy-bench/src/Serialization.Bench/bin/Release/net8.0/Serialization.Bench-Overhead-Fixed-Energy-9-1/bin/Release/net8.0/" /p:OutputPath="/home/test/rapl-tests/lib-energy-bench/src/Serialization.Bench/bin/Release/net8.0/Serialization.Bench-Overhead-Fixed-Energy-9-1/bin/Release/net8.0/" /p:PublishDir="/home/test/rapl-tests/lib-energy-bench/src/Serialization.Bench/bin/Release/net8.0/Serialization.Bench-Overhead-Fixed-Energy-9-1/publish/" --output "/home/test/rapl-tests/lib-energy-bench/src/Serialization.Bench/bin/Release/net8.0/Serialization.Bench-Overhead-Fixed-Energy-9-1/bin/Release/net8.0/" in /home/test/rapl-tests/lib-energy-bench/src/Serialization.Bench/bin/Release/net8.0/Serialization.Bench-Overhead-Fixed-Energy-9-1
// command took 9.33 sec and exited with 0
// ***** Done, took 00:00:10 (10.42 sec)   *****
// Found 30 benchmarks:
//   JsonSerializationBenchmarks.STJ_Deserialize_Large: Overhead-Fixed-Energy-9(OutlierMode=DontRemove, IterationCount=15, IterationTime=1s, LaunchCount=1, WarmupCount=6)
//   JsonSerializationBenchmarks.Newtonsoft_Deserialize_Large: Overhead-Fixed-Energy-9(OutlierMode=DontRemove, IterationCount=15, IterationTime=1s, LaunchCount=1, WarmupCount=6)
//   JsonSerializationBenchmarks.Jil_Deserialize_Large: Overhead-Fixed-Energy-9(OutlierMode=DontRemove, IterationCount=15, IterationTime=1s, LaunchCount=1, WarmupCount=6)
//   JsonSerializationBenchmarks.Utf8Json_Deserialize_Large: Overhead-Fixed-Energy-9(OutlierMode=DontRemove, IterationCount=15, IterationTime=1s, LaunchCount=1, WarmupCount=6)
//   JsonSerializationBenchmarks.SpanJson_Deserialize_Large: Overhead-Fixed-Energy-9(OutlierMode=DontRemove, IterationCount=15, IterationTime=1s, LaunchCount=1, WarmupCount=6)
//   JsonSerializationBenchmarks.STJ_Deserialize_Medium: Overhead-Fixed-Energy-9(OutlierMode=DontRemove, IterationCount=15, IterationTime=1s, LaunchCount=1, WarmupCount=6)
//   JsonSerializationBenchmarks.Newtonsoft_Deserialize_Medium: Overhead-Fixed-Energy-9(OutlierMode=DontRemove, IterationCount=15, IterationTime=1s, LaunchCount=1, WarmupCount=6)
//   JsonSerializationBenchmarks.Jil_Deserialize_Medium: Overhead-Fixed-Energy-9(OutlierMode=DontRemove, IterationCount=15, IterationTime=1s, LaunchCount=1, WarmupCount=6)
//   JsonSerializationBenchmarks.Utf8Json_Deserialize_Medium: Overhead-Fixed-Energy-9(OutlierMode=DontRemove, IterationCount=15, IterationTime=1s, LaunchCount=1, WarmupCount=6)
//   JsonSerializationBenchmarks.SpanJson_Deserialize_Medium: Overhead-Fixed-Energy-9(OutlierMode=DontRemove, IterationCount=15, IterationTime=1s, LaunchCount=1, WarmupCount=6)
//   JsonSerializationBenchmarks.STJ_Deserialize_Small: Overhead-Fixed-Energy-9(OutlierMode=DontRemove, IterationCount=15, IterationTime=1s, LaunchCount=1, WarmupCount=6)
//   JsonSerializationBenchmarks.Newtonsoft_Deserialize_Small: Overhead-Fixed-Energy-9(OutlierMode=DontRemove, IterationCount=15, IterationTime=1s, LaunchCount=1, WarmupCount=6)
//   JsonSerializationBenchmarks.Jil_Deserialize_Small: Overhead-Fixed-Energy-9(OutlierMode=DontRemove, IterationCount=15, IterationTime=1s, LaunchCount=1, WarmupCount=6)
//   JsonSerializationBenchmarks.Utf8Json_Deserialize_Small: Overhead-Fixed-Energy-9(OutlierMode=DontRemove, IterationCount=15, IterationTime=1s, LaunchCount=1, WarmupCount=6)
//   JsonSerializationBenchmarks.SpanJson_Deserialize_Small: Overhead-Fixed-Energy-9(OutlierMode=DontRemove, IterationCount=15, IterationTime=1s, LaunchCount=1, WarmupCount=6)
//   JsonSerializationBenchmarks.STJ_Serialize_Large: Overhead-Fixed-Energy-9(OutlierMode=DontRemove, IterationCount=15, IterationTime=1s, LaunchCount=1, WarmupCount=6)
//   JsonSerializationBenchmarks.Newtonsoft_Serialize_Large: Overhead-Fixed-Energy-9(OutlierMode=DontRemove, IterationCount=15, IterationTime=1s, LaunchCount=1, WarmupCount=6)
//   JsonSerializationBenchmarks.Jil_Serialize_Large: Overhead-Fixed-Energy-9(OutlierMode=DontRemove, IterationCount=15, IterationTime=1s, LaunchCount=1, WarmupCount=6)
//   JsonSerializationBenchmarks.Utf8Json_Serialize_Large: Overhead-Fixed-Energy-9(OutlierMode=DontRemove, IterationCount=15, IterationTime=1s, LaunchCount=1, WarmupCount=6)
//   JsonSerializationBenchmarks.SpanJson_Serialize_Large: Overhead-Fixed-Energy-9(OutlierMode=DontRemove, IterationCount=15, IterationTime=1s, LaunchCount=1, WarmupCount=6)
//   JsonSerializationBenchmarks.STJ_Serialize_Medium: Overhead-Fixed-Energy-9(OutlierMode=DontRemove, IterationCount=15, IterationTime=1s, LaunchCount=1, WarmupCount=6)
//   JsonSerializationBenchmarks.Newtonsoft_Serialize_Medium: Overhead-Fixed-Energy-9(OutlierMode=DontRemove, IterationCount=15, IterationTime=1s, LaunchCount=1, WarmupCount=6)
//   JsonSerializationBenchmarks.Jil_Serialize_Medium: Overhead-Fixed-Energy-9(OutlierMode=DontRemove, IterationCount=15, IterationTime=1s, LaunchCount=1, WarmupCount=6)
//   JsonSerializationBenchmarks.Utf8Json_Serialize_Medium: Overhead-Fixed-Energy-9(OutlierMode=DontRemove, IterationCount=15, IterationTime=1s, LaunchCount=1, WarmupCount=6)
//   JsonSerializationBenchmarks.SpanJson_Serialize_Medium: Overhead-Fixed-Energy-9(OutlierMode=DontRemove, IterationCount=15, IterationTime=1s, LaunchCount=1, WarmupCount=6)
//   JsonSerializationBenchmarks.STJ_Serialize_Small: Overhead-Fixed-Energy-9(OutlierMode=DontRemove, IterationCount=15, IterationTime=1s, LaunchCount=1, WarmupCount=6)
//   JsonSerializationBenchmarks.Newtonsoft_Serialize_Small: Overhead-Fixed-Energy-9(OutlierMode=DontRemove, IterationCount=15, IterationTime=1s, LaunchCount=1, WarmupCount=6)
//   JsonSerializationBenchmarks.Jil_Serialize_Small: Overhead-Fixed-Energy-9(OutlierMode=DontRemove, IterationCount=15, IterationTime=1s, LaunchCount=1, WarmupCount=6)
//   JsonSerializationBenchmarks.Utf8Json_Serialize_Small: Overhead-Fixed-Energy-9(OutlierMode=DontRemove, IterationCount=15, IterationTime=1s, LaunchCount=1, WarmupCount=6)
//   JsonSerializationBenchmarks.SpanJson_Serialize_Small: Overhead-Fixed-Energy-9(OutlierMode=DontRemove, IterationCount=15, IterationTime=1s, LaunchCount=1, WarmupCount=6)

// **************************
// Benchmark: JsonSerializationBenchmarks.STJ_Deserialize_Large: Overhead-Fixed-Energy-9(OutlierMode=DontRemove, IterationCount=15, IterationTime=1s, LaunchCount=1, WarmupCount=6)
// *** Execute ***
// Launch: 1 / 1
// Execute: dotnet Serialization.Bench-Overhead-Fixed-Energy-9-1.dll --anonymousPipes 101 102 --benchmarkName Serialization.Bench.JsonSerializationBenchmarks.STJ_Deserialize_Large --job Overhead-Fixed-Energy-9 --benchmarkId 0 in /home/test/rapl-tests/lib-energy-bench/src/Serialization.Bench/bin/Release/net8.0/Serialization.Bench-Overhead-Fixed-Energy-9-1/bin/Release/net8.0
// BeforeAnythingElse

// Benchmark Process Environment Information:
// BenchmarkDotNet v0.15.5-develop (2025-12-31)
// Runtime=.NET 8.0.21 (8.0.21, 8.0.2125.47513), X64 RyuJIT x86-64-v4
// GC=Concurrent Workstation
// HardwareIntrinsics=AVX512 IFMA+VBMI,AVX512 F+BW+CD+DQ+VL,AVX2+BMI1+BMI2+F16C+FMA+LZCNT+MOVBE,AVX,SSE3+SSSE3+SSE4.1+SSE4.2+POPCNT,X86Base+SSE+SSE2,AES+PCLMUL VectorSize=256
// Job: Overhead-Fixed-Energy-9(OutlierMode=DontRemove, IterationCount=15, IterationTime=1s, LaunchCount=1, WarmupCount=6)

OverheadJitting  1: 1 op, 141498.00 ns, 141.4980 us/op, 0.00 uJpkg, 0.00 uJdram
WorkloadJitting  1: 1 op, 533758.00 ns, 533.7580 us/op, 60425.00 uJpkg, 0.00 uJdram

OverheadJitting  2: 16 op, 391968.00 ns, 24.4980 us/op, 0.00 uJpkg, 0.00 uJdram
WorkloadJitting  2: 16 op, 6908132.00 ns, 431.7583 us/op, 485839.00 uJpkg, 0.00 uJdram

WorkloadPilot    1: 16 op, 6398289.00 ns, 399.8931 us/op, 476195.00 uJpkg, 0.00 uJdram
WorkloadPilot    2: 2512 op, 728057070.00 ns, 289.8316 us/op, 63681417.00 uJpkg, 0.00 uJdram
WorkloadPilot    3: 3456 op, 701854167.00 ns, 203.0828 us/op, 57808202.00 uJpkg, 0.00 uJdram
WorkloadPilot    4: 4928 op, 1001547148.00 ns, 203.2360 us/op, 82777803.00 uJpkg, 0.00 uJdram

OverheadWarmup   1: 4928 op, 17978.00 ns, 3.6481 ns/op, 0.00 uJpkg, 0.00 uJdram
OverheadWarmup   2: 4928 op, 17346.00 ns, 3.5199 ns/op, 0.00 uJpkg, 0.00 uJdram
OverheadWarmup   3: 4928 op, 17387.00 ns, 3.5282 ns/op, 0.00 uJpkg, 0.00 uJdram
OverheadWarmup   4: 4928 op, 17386.00 ns, 3.5280 ns/op, 0.00 uJpkg, 0.00 uJdram
OverheadWarmup   5: 4928 op, 17366.00 ns, 3.5239 ns/op, 0.00 uJpkg, 0.00 uJdram
OverheadWarmup   6: 4928 op, 18111.00 ns, 3.6751 ns/op, 0.00 uJpkg, 0.00 uJdram
OverheadWarmup   7: 4928 op, 17390.00 ns, 3.5288 ns/op, 0.00 uJpkg, 0.00 uJdram

OverheadActual   1: 4928 op, 18108.00 ns, 3.6745 ns/op, 0.00 uJpkg, 0.00 uJdram
OverheadActual   2: 4928 op, 17382.00 ns, 3.5272 ns/op, 0.00 uJpkg, 0.00 uJdram
OverheadActual   3: 4928 op, 17391.00 ns, 3.5290 ns/op, 0.00 uJpkg, 0.00 uJdram
OverheadActual   4: 4928 op, 17356.00 ns, 3.5219 ns/op, 0.00 uJpkg, 0.00 uJdram
OverheadActual   5: 4928 op, 18118.00 ns, 3.6765 ns/op, 0.00 uJpkg, 0.00 uJdram
OverheadActual   6: 4928 op, 18118.00 ns, 3.6765 ns/op, 0.00 uJpkg, 0.00 uJdram
OverheadActual   7: 4928 op, 17782.00 ns, 3.6084 ns/op, 0.00 uJpkg, 0.00 uJdram
OverheadActual   8: 4928 op, 17358.00 ns, 3.5223 ns/op, 0.00 uJpkg, 0.00 uJdram
OverheadActual   9: 4928 op, 17357.00 ns, 3.5221 ns/op, 78552.00 uJpkg, 0.00 uJdram
OverheadActual  10: 4928 op, 17361.00 ns, 3.5229 ns/op, 0.00 uJpkg, 0.00 uJdram
OverheadActual  11: 4928 op, 17364.00 ns, 3.5235 ns/op, 0.00 uJpkg, 0.00 uJdram
OverheadActual  12: 4928 op, 17367.00 ns, 3.5241 ns/op, 0.00 uJpkg, 0.00 uJdram
OverheadActual  13: 4928 op, 17358.00 ns, 3.5223 ns/op, 0.00 uJpkg, 0.00 uJdram
OverheadActual  14: 4928 op, 18107.00 ns, 3.6743 ns/op, 0.00 uJpkg, 0.00 uJdram
OverheadActual  15: 4928 op, 17362.00 ns, 3.5231 ns/op, 0.00 uJpkg, 0.00 uJdram

WorkloadWarmup   1: 4928 op, 1003110351.00 ns, 203.5532 us/op, 85155056.00 uJpkg, 0.00 uJdram
WorkloadWarmup   2: 4928 op, 1003352737.00 ns, 203.6024 us/op, 82600984.00 uJpkg, 0.00 uJdram
WorkloadWarmup   3: 4928 op, 1001070293.00 ns, 203.1393 us/op, 83524994.00 uJpkg, 0.00 uJdram
WorkloadWarmup   4: 4928 op, 998875859.00 ns, 202.6940 us/op, 82673250.00 uJpkg, 0.00 uJdram
WorkloadWarmup   5: 4928 op, 1001272874.00 ns, 203.1804 us/op, 82861238.00 uJpkg, 0.00 uJdram
WorkloadWarmup   6: 4928 op, 1000027036.00 ns, 202.9276 us/op, 82580477.00 uJpkg, 0.00 uJdram

// BeforeActualRun
WorkloadActual   1: 4928 op, 1002888756.00 ns, 203.5083 us/op, 83609649.00 uJpkg, 0.00 uJdram
WorkloadActual   2: 4928 op, 1001859157.00 ns, 203.2993 us/op, 82677584.00 uJpkg, 0.00 uJdram
WorkloadActual   3: 4928 op, 1001923189.00 ns, 203.3123 us/op, 83430206.00 uJpkg, 0.00 uJdram
WorkloadActual   4: 4928 op, 1001769956.00 ns, 203.2812 us/op, 83213166.00 uJpkg, 0.00 uJdram
WorkloadActual   5: 4928 op, 1001499727.00 ns, 203.2264 us/op, 83396270.00 uJpkg, 0.00 uJdram
WorkloadActual   6: 4928 op, 1001134531.00 ns, 203.1523 us/op, 83155610.00 uJpkg, 0.00 uJdram
WorkloadActual   7: 4928 op, 1001674501.00 ns, 203.2619 us/op, 82954683.00 uJpkg, 0.00 uJdram
WorkloadActual   8: 4928 op, 1002415580.00 ns, 203.4123 us/op, 82405429.00 uJpkg, 0.00 uJdram
WorkloadActual   9: 4928 op, 1002781057.00 ns, 203.4864 us/op, 82642305.00 uJpkg, 0.00 uJdram
WorkloadActual  10: 4928 op, 1002995838.00 ns, 203.5300 us/op, 83411530.00 uJpkg, 0.00 uJdram
WorkloadActual  11: 4928 op, 1008234621.00 ns, 204.5931 us/op, 84105680.00 uJpkg, 0.00 uJdram
WorkloadActual  12: 4928 op, 1002954948.00 ns, 203.5217 us/op, 82756868.00 uJpkg, 0.00 uJdram
WorkloadActual  13: 4928 op, 1000845329.00 ns, 203.0936 us/op, 82694918.00 uJpkg, 0.00 uJdram
WorkloadActual  14: 4928 op, 1000200520.00 ns, 202.9628 us/op, 82293307.00 uJpkg, 0.00 uJdram
WorkloadActual  15: 4928 op, 1000564723.00 ns, 203.0367 us/op, 82335117.00 uJpkg, 0.00 uJdram

// AfterActualRun
WorkloadResult   1: 4928 op, 1002871389.00 ns, 203.5047 us/op, 83609649.00 uJpkg, 0.00 uJdram
WorkloadResult   2: 4928 op, 1001841790.00 ns, 203.2958 us/op, 82677584.00 uJpkg, 0.00 uJdram
WorkloadResult   3: 4928 op, 1001905822.00 ns, 203.3088 us/op, 83430206.00 uJpkg, 0.00 uJdram
WorkloadResult   4: 4928 op, 1001752589.00 ns, 203.2777 us/op, 83213166.00 uJpkg, 0.00 uJdram
WorkloadResult   5: 4928 op, 1001482360.00 ns, 203.2229 us/op, 83396270.00 uJpkg, 0.00 uJdram
WorkloadResult   6: 4928 op, 1001117164.00 ns, 203.1488 us/op, 83155610.00 uJpkg, 0.00 uJdram
WorkloadResult   7: 4928 op, 1001657134.00 ns, 203.2583 us/op, 82954683.00 uJpkg, 0.00 uJdram
WorkloadResult   8: 4928 op, 1002398213.00 ns, 203.4087 us/op, 82405429.00 uJpkg, 0.00 uJdram
WorkloadResult   9: 4928 op, 1002763690.00 ns, 203.4829 us/op, 82642305.00 uJpkg, 0.00 uJdram
WorkloadResult  10: 4928 op, 1002978471.00 ns, 203.5265 us/op, 83411530.00 uJpkg, 0.00 uJdram
WorkloadResult  11: 4928 op, 1008217254.00 ns, 204.5895 us/op, 84105680.00 uJpkg, 0.00 uJdram
WorkloadResult  12: 4928 op, 1002937581.00 ns, 203.5182 us/op, 82756868.00 uJpkg, 0.00 uJdram
WorkloadResult  13: 4928 op, 1000827962.00 ns, 203.0901 us/op, 82694918.00 uJpkg, 0.00 uJdram
WorkloadResult  14: 4928 op, 1000183153.00 ns, 202.9592 us/op, 82293307.00 uJpkg, 0.00 uJdram
WorkloadResult  15: 4928 op, 1000547356.00 ns, 203.0331 us/op, 82335117.00 uJpkg, 0.00 uJdram

// AfterAll
// Benchmark Process 4068282 has exited with code 0.

Mean = 203.375 μs, StdErr = 0.098 μs (0.05%), N = 15, StdDev = 0.381 μs
Min = 202.959 μs, Q1 = 203.186 μs, Median = 203.296 μs, Q3 = 203.494 μs, Max = 204.590 μs
IQR = 0.308 μs, LowerFence = 202.724 μs, UpperFence = 203.956 μs
ConfidenceInterval = [202.968 μs; 203.782 μs] (CI 99.9%), Margin = 0.407 μs (0.20% of Mean)
Skewness = 1.99, Kurtosis = 7.09, MValue = 2

// ** Remained 29 (96.7%) benchmark(s) to run. Estimated finish 2025-12-31 22:14 (0h 11m from now) **
// **************************
// Benchmark: JsonSerializationBenchmarks.Newtonsoft_Deserialize_Large: Overhead-Fixed-Energy-9(OutlierMode=DontRemove, IterationCount=15, IterationTime=1s, LaunchCount=1, WarmupCount=6)
// *** Execute ***
// Launch: 1 / 1
// Execute: dotnet Serialization.Bench-Overhead-Fixed-Energy-9-1.dll --anonymousPipes 103 104 --benchmarkName Serialization.Bench.JsonSerializationBenchmarks.Newtonsoft_Deserialize_Large --job Overhead-Fixed-Energy-9 --benchmarkId 1 in /home/test/rapl-tests/lib-energy-bench/src/Serialization.Bench/bin/Release/net8.0/Serialization.Bench-Overhead-Fixed-Energy-9-1/bin/Release/net8.0
// BeforeAnythingElse

// Benchmark Process Environment Information:
// BenchmarkDotNet v0.15.5-develop (2025-12-31)
// Runtime=.NET 8.0.21 (8.0.21, 8.0.2125.47513), X64 RyuJIT x86-64-v4
// GC=Concurrent Workstation
// HardwareIntrinsics=AVX512 IFMA+VBMI,AVX512 F+BW+CD+DQ+VL,AVX2+BMI1+BMI2+F16C+FMA+LZCNT+MOVBE,AVX,SSE3+SSSE3+SSE4.1+SSE4.2+POPCNT,X86Base+SSE+SSE2,AES+PCLMUL VectorSize=256
// Job: Overhead-Fixed-Energy-9(OutlierMode=DontRemove, IterationCount=15, IterationTime=1s, LaunchCount=1, WarmupCount=6)

OverheadJitting  1: 1 op, 149807.00 ns, 149.8070 us/op, 63660.00 uJpkg, 0.00 uJdram
WorkloadJitting  1: 1 op, 56090210.00 ns, 56.0902 ms/op, 4323048.00 uJpkg, 0.00 uJdram

OverheadJitting  2: 16 op, 384138.00 ns, 24.0086 us/op, 57068.00 uJpkg, 0.00 uJdram
WorkloadJitting  2: 16 op, 18293900.00 ns, 1.1434 ms/op, 1196103.00 uJpkg, 0.00 uJdram

WorkloadPilot    1: 16 op, 17511372.00 ns, 1.0945 ms/op, 1179379.00 uJpkg, 0.00 uJdram
WorkloadPilot    2: 928 op, 452304874.00 ns, 487.3975 us/op, 37786524.00 uJpkg, 0.00 uJdram
WorkloadPilot    3: 2064 op, 485497665.00 ns, 235.2217 us/op, 41008562.00 uJpkg, 0.00 uJdram
WorkloadPilot    4: 4256 op, 997676525.00 ns, 234.4165 us/op, 84409025.00 uJpkg, 0.00 uJdram
WorkloadPilot    5: 4272 op, 997426847.00 ns, 233.4801 us/op, 84133024.00 uJpkg, 0.00 uJdram
WorkloadPilot    6: 4288 op, 1004749730.00 ns, 234.3166 us/op, 84199675.00 uJpkg, 0.00 uJdram
WorkloadPilot    7: 4272 op, 1002299474.00 ns, 234.6207 us/op, 84441800.00 uJpkg, 0.00 uJdram

OverheadWarmup   1: 4272 op, 15767.00 ns, 3.6908 ns/op, 0.00 uJpkg, 0.00 uJdram
OverheadWarmup   2: 4272 op, 15099.00 ns, 3.5344 ns/op, 0.00 uJpkg, 0.00 uJdram
OverheadWarmup   3: 4272 op, 15097.00 ns, 3.5339 ns/op, 0.00 uJpkg, 0.00 uJdram
OverheadWarmup   4: 4272 op, 15082.00 ns, 3.5304 ns/op, 0.00 uJpkg, 0.00 uJdram
OverheadWarmup   5: 4272 op, 15101.00 ns, 3.5349 ns/op, 0.00 uJpkg, 0.00 uJdram
OverheadWarmup   6: 4272 op, 15062.00 ns, 3.5257 ns/op, 0.00 uJpkg, 0.00 uJdram
OverheadWarmup   7: 4272 op, 15099.00 ns, 3.5344 ns/op, 0.00 uJpkg, 0.00 uJdram
OverheadWarmup   8: 4272 op, 15108.00 ns, 3.5365 ns/op, 0.00 uJpkg, 0.00 uJdram
OverheadWarmup   9: 4272 op, 15087.00 ns, 3.5316 ns/op, 0.00 uJpkg, 0.00 uJdram

OverheadActual   1: 4272 op, 15755.00 ns, 3.6880 ns/op, 69336.00 uJpkg, 0.00 uJdram
OverheadActual   2: 4272 op, 15095.00 ns, 3.5335 ns/op, 0.00 uJpkg, 0.00 uJdram
OverheadActual   3: 4272 op, 15085.00 ns, 3.5311 ns/op, 0.00 uJpkg, 0.00 uJdram
OverheadActual   4: 4272 op, 15095.00 ns, 3.5335 ns/op, 0.00 uJpkg, 0.00 uJdram
OverheadActual   5: 4272 op, 15093.00 ns, 3.5330 ns/op, 0.00 uJpkg, 0.00 uJdram
OverheadActual   6: 4272 op, 15086.00 ns, 3.5314 ns/op, 74524.00 uJpkg, 0.00 uJdram
OverheadActual   7: 4272 op, 15485.00 ns, 3.6248 ns/op, 0.00 uJpkg, 0.00 uJdram
OverheadActual   8: 4272 op, 15063.00 ns, 3.5260 ns/op, 0.00 uJpkg, 0.00 uJdram
OverheadActual   9: 4272 op, 15095.00 ns, 3.5335 ns/op, 89782.00 uJpkg, 0.00 uJdram
OverheadActual  10: 4272 op, 15090.00 ns, 3.5323 ns/op, 0.00 uJpkg, 0.00 uJdram
OverheadActual  11: 4272 op, 18933.00 ns, 4.4319 ns/op, 0.00 uJpkg, 0.00 uJdram
OverheadActual  12: 4272 op, 15141.00 ns, 3.5442 ns/op, 0.00 uJpkg, 0.00 uJdram
OverheadActual  13: 4272 op, 15748.00 ns, 3.6863 ns/op, 0.00 uJpkg, 0.00 uJdram
OverheadActual  14: 4272 op, 15083.00 ns, 3.5307 ns/op, 0.00 uJpkg, 0.00 uJdram
OverheadActual  15: 4272 op, 15089.00 ns, 3.5321 ns/op, 0.00 uJpkg, 0.00 uJdram
OverheadActual  16: 4272 op, 15098.00 ns, 3.5342 ns/op, 0.00 uJpkg, 0.00 uJdram
OverheadActual  17: 4272 op, 15098.00 ns, 3.5342 ns/op, 0.00 uJpkg, 0.00 uJdram
OverheadActual  18: 4272 op, 15100.00 ns, 3.5346 ns/op, 0.00 uJpkg, 0.00 uJdram
OverheadActual  19: 4272 op, 15087.00 ns, 3.5316 ns/op, 0.00 uJpkg, 0.00 uJdram
OverheadActual  20: 4272 op, 15098.00 ns, 3.5342 ns/op, 78247.00 uJpkg, 0.00 uJdram

WorkloadWarmup   1: 4272 op, 1003783305.00 ns, 234.9680 us/op, 87601338.00 uJpkg, 0.00 uJdram
WorkloadWarmup   2: 4272 op, 1005331701.00 ns, 235.3305 us/op, 84874843.00 uJpkg, 0.00 uJdram
WorkloadWarmup   3: 4272 op, 998817661.00 ns, 233.8056 us/op, 84004240.00 uJpkg, 0.00 uJdram
WorkloadWarmup   4: 4272 op, 999784632.00 ns, 234.0320 us/op, 84263517.00 uJpkg, 0.00 uJdram
WorkloadWarmup   5: 4272 op, 999517153.00 ns, 233.9694 us/op, 84054655.00 uJpkg, 0.00 uJdram
WorkloadWarmup   6: 4272 op, 1000407132.00 ns, 234.1777 us/op, 84134001.00 uJpkg, 0.00 uJdram

// BeforeActualRun
WorkloadActual   1: 4272 op, 1001362553.00 ns, 234.4013 us/op, 84142058.00 uJpkg, 0.00 uJdram
WorkloadActual   2: 4272 op, 1000838237.00 ns, 234.2786 us/op, 84184782.00 uJpkg, 0.00 uJdram
WorkloadActual   3: 4272 op, 1002560307.00 ns, 234.6817 us/op, 84905972.00 uJpkg, 0.00 uJdram
WorkloadActual   4: 4272 op, 1004094901.00 ns, 235.0409 us/op, 84370573.00 uJpkg, 0.00 uJdram
WorkloadActual   5: 4272 op, 1000109445.00 ns, 234.1080 us/op, 83919341.00 uJpkg, 0.00 uJdram
WorkloadActual   6: 4272 op, 1002752250.00 ns, 234.7267 us/op, 84347380.00 uJpkg, 0.00 uJdram
WorkloadActual   7: 4272 op, 1001750434.00 ns, 234.4921 us/op, 84304777.00 uJpkg, 0.00 uJdram
WorkloadActual   8: 4272 op, 997530613.00 ns, 233.5044 us/op, 84182401.00 uJpkg, 0.00 uJdram
WorkloadActual   9: 4272 op, 997840674.00 ns, 233.5769 us/op, 83967741.00 uJpkg, 0.00 uJdram
WorkloadActual  10: 4272 op, 1000009123.00 ns, 234.0845 us/op, 85206325.00 uJpkg, 0.00 uJdram
WorkloadActual  11: 4272 op, 1000987651.00 ns, 234.3136 us/op, 84035368.00 uJpkg, 0.00 uJdram
WorkloadActual  12: 4272 op, 997270931.00 ns, 233.4436 us/op, 84347379.00 uJpkg, 0.00 uJdram
WorkloadActual  13: 4272 op, 998672699.00 ns, 233.7717 us/op, 84387235.00 uJpkg, 0.00 uJdram
WorkloadActual  14: 4272 op, 1001455150.00 ns, 234.4230 us/op, 84921169.00 uJpkg, 0.00 uJdram
WorkloadActual  15: 4272 op, 999457849.00 ns, 233.9555 us/op, 84391202.00 uJpkg, 0.00 uJdram

// AfterActualRun
WorkloadResult   1: 4272 op, 1001347458.00 ns, 234.3978 us/op, 84142058.00 uJpkg, 0.00 uJdram
WorkloadResult   2: 4272 op, 1000823142.00 ns, 234.2751 us/op, 84184782.00 uJpkg, 0.00 uJdram
WorkloadResult   3: 4272 op, 1002545212.00 ns, 234.6782 us/op, 84905972.00 uJpkg, 0.00 uJdram
WorkloadResult   4: 4272 op, 1004079806.00 ns, 235.0374 us/op, 84370573.00 uJpkg, 0.00 uJdram
WorkloadResult   5: 4272 op, 1000094350.00 ns, 234.1045 us/op, 83919341.00 uJpkg, 0.00 uJdram
WorkloadResult   6: 4272 op, 1002737155.00 ns, 234.7231 us/op, 84347380.00 uJpkg, 0.00 uJdram
WorkloadResult   7: 4272 op, 1001735339.00 ns, 234.4886 us/op, 84304777.00 uJpkg, 0.00 uJdram
WorkloadResult   8: 4272 op, 997515518.00 ns, 233.5008 us/op, 84182401.00 uJpkg, 0.00 uJdram
WorkloadResult   9: 4272 op, 997825579.00 ns, 233.5734 us/op, 83967741.00 uJpkg, 0.00 uJdram
WorkloadResult  10: 4272 op, 999994028.00 ns, 234.0810 us/op, 85206325.00 uJpkg, 0.00 uJdram
WorkloadResult  11: 4272 op, 1000972556.00 ns, 234.3101 us/op, 84035368.00 uJpkg, 0.00 uJdram
WorkloadResult  12: 4272 op, 997255836.00 ns, 233.4400 us/op, 84347379.00 uJpkg, 0.00 uJdram
WorkloadResult  13: 4272 op, 998657604.00 ns, 233.7682 us/op, 84387235.00 uJpkg, 0.00 uJdram
WorkloadResult  14: 4272 op, 1001440055.00 ns, 234.4195 us/op, 84921169.00 uJpkg, 0.00 uJdram
WorkloadResult  15: 4272 op, 999442754.00 ns, 233.9520 us/op, 84391202.00 uJpkg, 0.00 uJdram

// AfterAll
// Benchmark Process 4068303 has exited with code 0.

Mean = 234.183 μs, StdErr = 0.122 μs (0.05%), N = 15, StdDev = 0.472 μs
Min = 233.440 μs, Q1 = 233.860 μs, Median = 234.275 μs, Q3 = 234.454 μs, Max = 235.037 μs
IQR = 0.594 μs, LowerFence = 232.969 μs, UpperFence = 235.345 μs
ConfidenceInterval = [233.679 μs; 234.688 μs] (CI 99.9%), Margin = 0.505 μs (0.22% of Mean)
Skewness = -0.05, Kurtosis = 1.86, MValue = 2

// ** Remained 28 (93.3%) benchmark(s) to run. Estimated finish 2025-12-31 22:15 (0h 11m from now) **
// **************************
// Benchmark: JsonSerializationBenchmarks.Jil_Deserialize_Large: Overhead-Fixed-Energy-9(OutlierMode=DontRemove, IterationCount=15, IterationTime=1s, LaunchCount=1, WarmupCount=6)
// *** Execute ***
// Launch: 1 / 1
// Execute: dotnet Serialization.Bench-Overhead-Fixed-Energy-9-1.dll --anonymousPipes 103 104 --benchmarkName Serialization.Bench.JsonSerializationBenchmarks.Jil_Deserialize_Large --job Overhead-Fixed-Energy-9 --benchmarkId 2 in /home/test/rapl-tests/lib-energy-bench/src/Serialization.Bench/bin/Release/net8.0/Serialization.Bench-Overhead-Fixed-Energy-9-1/bin/Release/net8.0
// BeforeAnythingElse

// Benchmark Process Environment Information:
// BenchmarkDotNet v0.15.5-develop (2025-12-31)
// Runtime=.NET 8.0.21 (8.0.21, 8.0.2125.47513), X64 RyuJIT x86-64-v4
// GC=Concurrent Workstation
// HardwareIntrinsics=AVX512 IFMA+VBMI,AVX512 F+BW+CD+DQ+VL,AVX2+BMI1+BMI2+F16C+FMA+LZCNT+MOVBE,AVX,SSE3+SSSE3+SSE4.1+SSE4.2+POPCNT,X86Base+SSE+SSE2,AES+PCLMUL VectorSize=256
// Job: Overhead-Fixed-Energy-9(OutlierMode=DontRemove, IterationCount=15, IterationTime=1s, LaunchCount=1, WarmupCount=6)

OverheadJitting  1: 1 op, 142430.00 ns, 142.4300 us/op, 56701.00 uJpkg, 0.00 uJdram
WorkloadJitting  1: 1 op, 245682785.00 ns, 245.6828 ms/op, 16508198.00 uJpkg, 0.00 uJdram

WorkloadPilot    1: 4 op, 2953285.00 ns, 738.3213 us/op, 211975.00 uJpkg, 0.00 uJdram
WorkloadPilot    2: 1354 op, 411895945.00 ns, 304.2068 us/op, 31232098.00 uJpkg, 0.00 uJdram
WorkloadPilot    3: 3287 op, 692743733.00 ns, 210.7526 us/op, 56722450.00 uJpkg, 0.00 uJdram
WorkloadPilot    4: 4745 op, 1000547232.00 ns, 210.8635 us/op, 82449496.00 uJpkg, 0.00 uJdram
WorkloadPilot    5: 4742 op, 998690524.00 ns, 210.6053 us/op, 82595308.00 uJpkg, 0.00 uJdram
WorkloadPilot    6: 4748 op, 1002089770.00 ns, 211.0551 us/op, 82712191.00 uJpkg, 0.00 uJdram
WorkloadPilot    7: 4738 op, 1004622731.00 ns, 212.0352 us/op, 83443512.00 uJpkg, 0.00 uJdram

WorkloadWarmup   1: 4738 op, 997753148.00 ns, 210.5853 us/op, 82389559.00 uJpkg, 0.00 uJdram
WorkloadWarmup   2: 4738 op, 1005866941.00 ns, 212.2978 us/op, 82943269.00 uJpkg, 0.00 uJdram
WorkloadWarmup   3: 4738 op, 1005661604.00 ns, 212.2545 us/op, 84373442.00 uJpkg, 0.00 uJdram
WorkloadWarmup   4: 4738 op, 1003234394.00 ns, 211.7422 us/op, 83077485.00 uJpkg, 0.00 uJdram
WorkloadWarmup   5: 4738 op, 1004120815.00 ns, 211.9293 us/op, 83728484.00 uJpkg, 0.00 uJdram
WorkloadWarmup   6: 4738 op, 1003973336.00 ns, 211.8981 us/op, 83228852.00 uJpkg, 0.00 uJdram

// BeforeActualRun
WorkloadActual   1: 4738 op, 997493675.00 ns, 210.5305 us/op, 82359531.00 uJpkg, 0.00 uJdram
WorkloadActual   2: 4738 op, 1002473682.00 ns, 211.5816 us/op, 82521518.00 uJpkg, 0.00 uJdram
WorkloadActual   3: 4738 op, 1003724181.00 ns, 211.8455 us/op, 82815462.00 uJpkg, 0.00 uJdram
WorkloadActual   4: 4738 op, 1004440614.00 ns, 211.9968 us/op, 84391691.00 uJpkg, 0.00 uJdram
WorkloadActual   5: 4738 op, 1004462236.00 ns, 212.0013 us/op, 83576263.00 uJpkg, 0.00 uJdram
WorkloadActual   6: 4738 op, 1002334861.00 ns, 211.5523 us/op, 82762484.00 uJpkg, 0.00 uJdram
WorkloadActual   7: 4738 op, 1004174953.00 ns, 211.9407 us/op, 83096589.00 uJpkg, 0.00 uJdram
WorkloadActual   8: 4738 op, 1002732081.00 ns, 211.6362 us/op, 83018036.00 uJpkg, 0.00 uJdram
WorkloadActual   9: 4738 op, 1003467524.00 ns, 211.7914 us/op, 83567840.00 uJpkg, 0.00 uJdram
WorkloadActual  10: 4738 op, 1002618152.00 ns, 211.6121 us/op, 82836885.00 uJpkg, 0.00 uJdram
WorkloadActual  11: 4738 op, 1003067934.00 ns, 211.7070 us/op, 82660372.00 uJpkg, 0.00 uJdram
WorkloadActual  12: 4738 op, 1002436266.00 ns, 211.5737 us/op, 82794526.00 uJpkg, 0.00 uJdram
WorkloadActual  13: 4738 op, 1001910554.00 ns, 211.4628 us/op, 83173432.00 uJpkg, 0.00 uJdram
WorkloadActual  14: 4738 op, 1001714247.00 ns, 211.4213 us/op, 82943208.00 uJpkg, 0.00 uJdram
WorkloadActual  15: 4738 op, 1002178380.00 ns, 211.5193 us/op, 83141999.00 uJpkg, 0.00 uJdram

// AfterActualRun
WorkloadResult   1: 4738 op, 997493675.00 ns, 210.5305 us/op, 82359531.00 uJpkg, 0.00 uJdram
WorkloadResult   2: 4738 op, 1002473682.00 ns, 211.5816 us/op, 82521518.00 uJpkg, 0.00 uJdram
WorkloadResult   3: 4738 op, 1003724181.00 ns, 211.8455 us/op, 82815462.00 uJpkg, 0.00 uJdram
WorkloadResult   4: 4738 op, 1004440614.00 ns, 211.9968 us/op, 84391691.00 uJpkg, 0.00 uJdram
WorkloadResult   5: 4738 op, 1004462236.00 ns, 212.0013 us/op, 83576263.00 uJpkg, 0.00 uJdram
WorkloadResult   6: 4738 op, 1002334861.00 ns, 211.5523 us/op, 82762484.00 uJpkg, 0.00 uJdram
WorkloadResult   7: 4738 op, 1004174953.00 ns, 211.9407 us/op, 83096589.00 uJpkg, 0.00 uJdram
WorkloadResult   8: 4738 op, 1002732081.00 ns, 211.6362 us/op, 83018036.00 uJpkg, 0.00 uJdram
WorkloadResult   9: 4738 op, 1003467524.00 ns, 211.7914 us/op, 83567840.00 uJpkg, 0.00 uJdram
WorkloadResult  10: 4738 op, 1002618152.00 ns, 211.6121 us/op, 82836885.00 uJpkg, 0.00 uJdram
WorkloadResult  11: 4738 op, 1003067934.00 ns, 211.7070 us/op, 82660372.00 uJpkg, 0.00 uJdram
WorkloadResult  12: 4738 op, 1002436266.00 ns, 211.5737 us/op, 82794526.00 uJpkg, 0.00 uJdram
WorkloadResult  13: 4738 op, 1001910554.00 ns, 211.4628 us/op, 83173432.00 uJpkg, 0.00 uJdram
WorkloadResult  14: 4738 op, 1001714247.00 ns, 211.4213 us/op, 82943208.00 uJpkg, 0.00 uJdram
WorkloadResult  15: 4738 op, 1002178380.00 ns, 211.5193 us/op, 83141999.00 uJpkg, 0.00 uJdram

// AfterAll
// Benchmark Process 4068321 has exited with code 0.

Mean = 211.612 μs, StdErr = 0.091 μs (0.04%), N = 15, StdDev = 0.353 μs
Min = 210.531 μs, Q1 = 211.536 μs, Median = 211.612 μs, Q3 = 211.818 μs, Max = 212.001 μs
IQR = 0.283 μs, LowerFence = 211.112 μs, UpperFence = 212.242 μs
ConfidenceInterval = [211.234 μs; 211.989 μs] (CI 99.9%), Margin = 0.378 μs (0.18% of Mean)
Skewness = -1.67, Kurtosis = 6.12, MValue = 2

// ** Remained 27 (90.0%) benchmark(s) to run. Estimated finish 2025-12-31 22:15 (0h 11m from now) **
// **************************
// Benchmark: JsonSerializationBenchmarks.Utf8Json_Deserialize_Large: Overhead-Fixed-Energy-9(OutlierMode=DontRemove, IterationCount=15, IterationTime=1s, LaunchCount=1, WarmupCount=6)
// *** Execute ***
// Launch: 1 / 1
// Execute: dotnet Serialization.Bench-Overhead-Fixed-Energy-9-1.dll --anonymousPipes 103 104 --benchmarkName Serialization.Bench.JsonSerializationBenchmarks.Utf8Json_Deserialize_Large --job Overhead-Fixed-Energy-9 --benchmarkId 3 in /home/test/rapl-tests/lib-energy-bench/src/Serialization.Bench/bin/Release/net8.0/Serialization.Bench-Overhead-Fixed-Energy-9-1/bin/Release/net8.0
// BeforeAnythingElse

// Benchmark Process Environment Information:
// BenchmarkDotNet v0.15.5-develop (2025-12-31)
// Runtime=.NET 8.0.21 (8.0.21, 8.0.2125.47513), X64 RyuJIT x86-64-v4
// GC=Concurrent Workstation
// HardwareIntrinsics=AVX512 IFMA+VBMI,AVX512 F+BW+CD+DQ+VL,AVX2+BMI1+BMI2+F16C+FMA+LZCNT+MOVBE,AVX,SSE3+SSSE3+SSE4.1+SSE4.2+POPCNT,X86Base+SSE+SSE2,AES+PCLMUL VectorSize=256
// Job: Overhead-Fixed-Energy-9(OutlierMode=DontRemove, IterationCount=15, IterationTime=1s, LaunchCount=1, WarmupCount=6)

OverheadJitting  1: 1 op, 143019.00 ns, 143.0190 us/op, 54199.00 uJpkg, 0.00 uJdram
WorkloadJitting  1: 1 op, 57848896.00 ns, 57.8489 ms/op, 3539176.00 uJpkg, 0.00 uJdram

OverheadJitting  2: 16 op, 396902.00 ns, 24.8064 us/op, 0.00 uJpkg, 0.00 uJdram
WorkloadJitting  2: 16 op, 14741968.00 ns, 921.3730 us/op, 935240.00 uJpkg, 0.00 uJdram

WorkloadPilot    1: 16 op, 13671114.00 ns, 854.4446 us/op, 928343.00 uJpkg, 0.00 uJdram
WorkloadPilot    2: 1184 op, 678011102.00 ns, 572.6445 us/op, 58916781.00 uJpkg, 0.00 uJdram
WorkloadPilot    3: 1760 op, 499992632.00 ns, 284.0867 us/op, 41236894.00 uJpkg, 0.00 uJdram
WorkloadPilot    4: 3520 op, 999866110.00 ns, 284.0529 us/op, 82709078.00 uJpkg, 0.00 uJdram

OverheadWarmup   1: 3520 op, 12735.00 ns, 3.6179 ns/op, 0.00 uJpkg, 0.00 uJdram
OverheadWarmup   2: 3520 op, 12456.00 ns, 3.5386 ns/op, 0.00 uJpkg, 0.00 uJdram
OverheadWarmup   3: 3520 op, 12440.00 ns, 3.5341 ns/op, 0.00 uJpkg, 0.00 uJdram
OverheadWarmup   4: 3520 op, 12456.00 ns, 3.5386 ns/op, 0.00 uJpkg, 0.00 uJdram
OverheadWarmup   5: 3520 op, 12438.00 ns, 3.5335 ns/op, 0.00 uJpkg, 0.00 uJdram
OverheadWarmup   6: 3520 op, 12451.00 ns, 3.5372 ns/op, 0.00 uJpkg, 0.00 uJdram
OverheadWarmup   7: 3520 op, 12455.00 ns, 3.5384 ns/op, 0.00 uJpkg, 0.00 uJdram
OverheadWarmup   8: 3520 op, 12460.00 ns, 3.5398 ns/op, 0.00 uJpkg, 0.00 uJdram
OverheadWarmup   9: 3520 op, 12454.00 ns, 3.5381 ns/op, 0.00 uJpkg, 0.00 uJdram

OverheadActual   1: 3520 op, 12454.00 ns, 3.5381 ns/op, 0.00 uJpkg, 0.00 uJdram
OverheadActual   2: 3520 op, 12446.00 ns, 3.5358 ns/op, 0.00 uJpkg, 0.00 uJdram
OverheadActual   3: 3520 op, 12450.00 ns, 3.5369 ns/op, 0.00 uJpkg, 0.00 uJdram
OverheadActual   4: 3520 op, 12436.00 ns, 3.5330 ns/op, 0.00 uJpkg, 0.00 uJdram
OverheadActual   5: 3520 op, 12452.00 ns, 3.5375 ns/op, 0.00 uJpkg, 0.00 uJdram
OverheadActual   6: 3520 op, 12483.00 ns, 3.5463 ns/op, 0.00 uJpkg, 0.00 uJdram
OverheadActual   7: 3520 op, 12482.00 ns, 3.5460 ns/op, 0.00 uJpkg, 0.00 uJdram
OverheadActual   8: 3520 op, 12437.00 ns, 3.5332 ns/op, 49804.00 uJpkg, 0.00 uJdram
OverheadActual   9: 3520 op, 12447.00 ns, 3.5361 ns/op, 0.00 uJpkg, 0.00 uJdram
OverheadActual  10: 3520 op, 12986.00 ns, 3.6892 ns/op, 0.00 uJpkg, 0.00 uJdram
OverheadActual  11: 3520 op, 12439.00 ns, 3.5338 ns/op, 0.00 uJpkg, 0.00 uJdram
OverheadActual  12: 3520 op, 12469.00 ns, 3.5423 ns/op, 0.00 uJpkg, 0.00 uJdram
OverheadActual  13: 3520 op, 12465.00 ns, 3.5412 ns/op, 0.00 uJpkg, 0.00 uJdram
OverheadActual  14: 3520 op, 12447.00 ns, 3.5361 ns/op, 0.00 uJpkg, 0.00 uJdram
OverheadActual  15: 3520 op, 12446.00 ns, 3.5358 ns/op, 0.00 uJpkg, 0.00 uJdram

WorkloadWarmup   1: 3520 op, 999015995.00 ns, 283.8114 us/op, 83131745.00 uJpkg, 0.00 uJdram
WorkloadWarmup   2: 3520 op, 996543468.00 ns, 283.1089 us/op, 81454442.00 uJpkg, 0.00 uJdram
WorkloadWarmup   3: 3520 op, 994826734.00 ns, 282.6212 us/op, 82094578.00 uJpkg, 0.00 uJdram
WorkloadWarmup   4: 3520 op, 995468421.00 ns, 282.8035 us/op, 81260901.00 uJpkg, 0.00 uJdram
WorkloadWarmup   5: 3520 op, 994057363.00 ns, 282.4027 us/op, 81001135.00 uJpkg, 0.00 uJdram
WorkloadWarmup   6: 3520 op, 995975043.00 ns, 282.9475 us/op, 81289770.00 uJpkg, 0.00 uJdram

// BeforeActualRun
WorkloadActual   1: 3520 op, 990719455.00 ns, 281.4544 us/op, 81691197.00 uJpkg, 0.00 uJdram
WorkloadActual   2: 3520 op, 988610779.00 ns, 280.8553 us/op, 81776830.00 uJpkg, 0.00 uJdram
WorkloadActual   3: 3520 op, 989714812.00 ns, 281.1690 us/op, 81635289.00 uJpkg, 0.00 uJdram
WorkloadActual   4: 3520 op, 989285050.00 ns, 281.0469 us/op, 80246926.00 uJpkg, 0.00 uJdram
WorkloadActual   5: 3520 op, 989916524.00 ns, 281.2263 us/op, 81161352.00 uJpkg, 0.00 uJdram
WorkloadActual   6: 3520 op, 988856603.00 ns, 280.9252 us/op, 81201208.00 uJpkg, 0.00 uJdram
WorkloadActual   7: 3520 op, 988433052.00 ns, 280.8048 us/op, 81258581.00 uJpkg, 0.00 uJdram
WorkloadActual   8: 3520 op, 989560604.00 ns, 281.1252 us/op, 81573766.00 uJpkg, 0.00 uJdram
WorkloadActual   9: 3520 op, 990136244.00 ns, 281.2887 us/op, 80980872.00 uJpkg, 0.00 uJdram
WorkloadActual  10: 3520 op, 989840235.00 ns, 281.2046 us/op, 82101901.00 uJpkg, 0.00 uJdram
WorkloadActual  11: 3520 op, 989127418.00 ns, 281.0021 us/op, 81344091.00 uJpkg, 0.00 uJdram
WorkloadActual  12: 3520 op, 989156506.00 ns, 281.0104 us/op, 81187048.00 uJpkg, 0.00 uJdram
WorkloadActual  13: 3520 op, 988558086.00 ns, 280.8404 us/op, 80952369.00 uJpkg, 0.00 uJdram
WorkloadActual  14: 3520 op, 989354200.00 ns, 281.0665 us/op, 81660069.00 uJpkg, 0.00 uJdram
WorkloadActual  15: 3520 op, 988787098.00 ns, 280.9054 us/op, 81008460.00 uJpkg, 0.00 uJdram

// AfterActualRun
WorkloadResult   1: 3520 op, 990707005.00 ns, 281.4509 us/op, 81691197.00 uJpkg, 0.00 uJdram
WorkloadResult   2: 3520 op, 988598329.00 ns, 280.8518 us/op, 81776830.00 uJpkg, 0.00 uJdram
WorkloadResult   3: 3520 op, 989702362.00 ns, 281.1654 us/op, 81635289.00 uJpkg, 0.00 uJdram
WorkloadResult   4: 3520 op, 989272600.00 ns, 281.0434 us/op, 80246926.00 uJpkg, 0.00 uJdram
WorkloadResult   5: 3520 op, 989904074.00 ns, 281.2227 us/op, 81161352.00 uJpkg, 0.00 uJdram
WorkloadResult   6: 3520 op, 988844153.00 ns, 280.9216 us/op, 81201208.00 uJpkg, 0.00 uJdram
WorkloadResult   7: 3520 op, 988420602.00 ns, 280.8013 us/op, 81258581.00 uJpkg, 0.00 uJdram
WorkloadResult   8: 3520 op, 989548154.00 ns, 281.1216 us/op, 81573766.00 uJpkg, 0.00 uJdram
WorkloadResult   9: 3520 op, 990123794.00 ns, 281.2852 us/op, 80980872.00 uJpkg, 0.00 uJdram
WorkloadResult  10: 3520 op, 989827785.00 ns, 281.2011 us/op, 82101901.00 uJpkg, 0.00 uJdram
WorkloadResult  11: 3520 op, 989114968.00 ns, 280.9986 us/op, 81344091.00 uJpkg, 0.00 uJdram
WorkloadResult  12: 3520 op, 989144056.00 ns, 281.0068 us/op, 81187048.00 uJpkg, 0.00 uJdram
WorkloadResult  13: 3520 op, 988545636.00 ns, 280.8368 us/op, 80952369.00 uJpkg, 0.00 uJdram
WorkloadResult  14: 3520 op, 989341750.00 ns, 281.0630 us/op, 81660069.00 uJpkg, 0.00 uJdram
WorkloadResult  15: 3520 op, 988774648.00 ns, 280.9019 us/op, 81008460.00 uJpkg, 0.00 uJdram

// AfterAll
// Benchmark Process 4068335 has exited with code 0.

Mean = 281.058 μs, StdErr = 0.048 μs (0.02%), N = 15, StdDev = 0.184 μs
Min = 280.801 μs, Q1 = 280.912 μs, Median = 281.043 μs, Q3 = 281.183 μs, Max = 281.451 μs
IQR = 0.271 μs, LowerFence = 280.505 μs, UpperFence = 281.591 μs
ConfidenceInterval = [280.861 μs; 281.255 μs] (CI 99.9%), Margin = 0.197 μs (0.07% of Mean)
Skewness = 0.4, Kurtosis = 2.15, MValue = 2

// ** Remained 26 (86.7%) benchmark(s) to run. Estimated finish 2025-12-31 22:15 (0h 10m from now) **
// **************************
// Benchmark: JsonSerializationBenchmarks.SpanJson_Deserialize_Large: Overhead-Fixed-Energy-9(OutlierMode=DontRemove, IterationCount=15, IterationTime=1s, LaunchCount=1, WarmupCount=6)
// *** Execute ***
// Launch: 1 / 1
// Execute: dotnet Serialization.Bench-Overhead-Fixed-Energy-9-1.dll --anonymousPipes 103 104 --benchmarkName Serialization.Bench.JsonSerializationBenchmarks.SpanJson_Deserialize_Large --job Overhead-Fixed-Energy-9 --benchmarkId 4 in /home/test/rapl-tests/lib-energy-bench/src/Serialization.Bench/bin/Release/net8.0/Serialization.Bench-Overhead-Fixed-Energy-9-1/bin/Release/net8.0
// BeforeAnythingElse

// Benchmark Process Environment Information:
// BenchmarkDotNet v0.15.5-develop (2025-12-31)
// Runtime=.NET 8.0.21 (8.0.21, 8.0.2125.47513), X64 RyuJIT x86-64-v4
// GC=Concurrent Workstation
// HardwareIntrinsics=AVX512 IFMA+VBMI,AVX512 F+BW+CD+DQ+VL,AVX2+BMI1+BMI2+F16C+FMA+LZCNT+MOVBE,AVX,SSE3+SSSE3+SSE4.1+SSE4.2+POPCNT,X86Base+SSE+SSE2,AES+PCLMUL VectorSize=256
// Job: Overhead-Fixed-Energy-9(OutlierMode=DontRemove, IterationCount=15, IterationTime=1s, LaunchCount=1, WarmupCount=6)

OverheadJitting  1: 1 op, 142298.00 ns, 142.2980 us/op, 74951.00 uJpkg, 0.00 uJdram
WorkloadJitting  1: 1 op, 112775145.00 ns, 112.7751 ms/op, 7132551.00 uJpkg, 0.00 uJdram

WorkloadPilot    1: 4 op, 1885176.00 ns, 471.2940 us/op, 142333.00 uJpkg, 0.00 uJdram
WorkloadPilot    2: 2122 op, 410141246.00 ns, 193.2805 us/op, 31809916.00 uJpkg, 0.00 uJdram
WorkloadPilot    3: 5174 op, 781451032.00 ns, 151.0342 us/op, 63508810.00 uJpkg, 0.00 uJdram
WorkloadPilot    4: 6621 op, 1001018664.00 ns, 151.1884 us/op, 81723668.00 uJpkg, 0.00 uJdram
WorkloadPilot    5: 6614 op, 997959546.00 ns, 150.8859 us/op, 81297522.00 uJpkg, 0.00 uJdram
WorkloadPilot    6: 6628 op, 1001009241.00 ns, 151.0273 us/op, 81802586.00 uJpkg, 0.00 uJdram
WorkloadPilot    7: 6621 op, 1001827947.00 ns, 151.3107 us/op, 81847386.00 uJpkg, 0.00 uJdram

WorkloadWarmup   1: 6621 op, 999019597.00 ns, 150.8865 us/op, 81723606.00 uJpkg, 0.00 uJdram
WorkloadWarmup   2: 6621 op, 1001419109.00 ns, 151.2489 us/op, 82108371.00 uJpkg, 0.00 uJdram
WorkloadWarmup   3: 6621 op, 1001938633.00 ns, 151.3274 us/op, 82816927.00 uJpkg, 0.00 uJdram
WorkloadWarmup   4: 6621 op, 1005609322.00 ns, 151.8818 us/op, 82446383.00 uJpkg, 0.00 uJdram
WorkloadWarmup   5: 6621 op, 1002132742.00 ns, 151.3567 us/op, 81704319.00 uJpkg, 0.00 uJdram
WorkloadWarmup   6: 6621 op, 1004438454.00 ns, 151.7049 us/op, 81927098.00 uJpkg, 0.00 uJdram

// BeforeActualRun
WorkloadActual   1: 6621 op, 1000441845.00 ns, 151.1013 us/op, 81708836.00 uJpkg, 0.00 uJdram
WorkloadActual   2: 6621 op, 1001470049.00 ns, 151.2566 us/op, 81650731.00 uJpkg, 0.00 uJdram
WorkloadActual   3: 6621 op, 1001599652.00 ns, 151.2762 us/op, 81757420.00 uJpkg, 0.00 uJdram
WorkloadActual   4: 6621 op, 1008072127.00 ns, 152.2538 us/op, 82950960.00 uJpkg, 0.00 uJdram
WorkloadActual   5: 6621 op, 1002036855.00 ns, 151.3422 us/op, 81888523.00 uJpkg, 0.00 uJdram
WorkloadActual   6: 6621 op, 1004492277.00 ns, 151.7131 us/op, 81568944.00 uJpkg, 0.00 uJdram
WorkloadActual   7: 6621 op, 1001083759.00 ns, 151.1983 us/op, 81431676.00 uJpkg, 0.00 uJdram
WorkloadActual   8: 6621 op, 1002109553.00 ns, 151.3532 us/op, 81553075.00 uJpkg, 0.00 uJdram
WorkloadActual   9: 6621 op, 1001911440.00 ns, 151.3233 us/op, 82225131.00 uJpkg, 0.00 uJdram
WorkloadActual  10: 6621 op, 1001661619.00 ns, 151.2855 us/op, 81978672.00 uJpkg, 0.00 uJdram
WorkloadActual  11: 6621 op, 1003311518.00 ns, 151.5347 us/op, 82088169.00 uJpkg, 0.00 uJdram
WorkloadActual  12: 6621 op, 1000910839.00 ns, 151.1722 us/op, 82067783.00 uJpkg, 0.00 uJdram
WorkloadActual  13: 6621 op, 1000666405.00 ns, 151.1352 us/op, 81870945.00 uJpkg, 0.00 uJdram
WorkloadActual  14: 6621 op, 1001171325.00 ns, 151.2115 us/op, 81479039.00 uJpkg, 0.00 uJdram
WorkloadActual  15: 6621 op, 1002922892.00 ns, 151.4760 us/op, 81943150.00 uJpkg, 0.00 uJdram

// AfterActualRun
WorkloadResult   1: 6621 op, 1000441845.00 ns, 151.1013 us/op, 81708836.00 uJpkg, 0.00 uJdram
WorkloadResult   2: 6621 op, 1001470049.00 ns, 151.2566 us/op, 81650731.00 uJpkg, 0.00 uJdram
WorkloadResult   3: 6621 op, 1001599652.00 ns, 151.2762 us/op, 81757420.00 uJpkg, 0.00 uJdram
WorkloadResult   4: 6621 op, 1008072127.00 ns, 152.2538 us/op, 82950960.00 uJpkg, 0.00 uJdram
WorkloadResult   5: 6621 op, 1002036855.00 ns, 151.3422 us/op, 81888523.00 uJpkg, 0.00 uJdram
WorkloadResult   6: 6621 op, 1004492277.00 ns, 151.7131 us/op, 81568944.00 uJpkg, 0.00 uJdram
WorkloadResult   7: 6621 op, 1001083759.00 ns, 151.1983 us/op, 81431676.00 uJpkg, 0.00 uJdram
WorkloadResult   8: 6621 op, 1002109553.00 ns, 151.3532 us/op, 81553075.00 uJpkg, 0.00 uJdram
WorkloadResult   9: 6621 op, 1001911440.00 ns, 151.3233 us/op, 82225131.00 uJpkg, 0.00 uJdram
WorkloadResult  10: 6621 op, 1001661619.00 ns, 151.2855 us/op, 81978672.00 uJpkg, 0.00 uJdram
WorkloadResult  11: 6621 op, 1003311518.00 ns, 151.5347 us/op, 82088169.00 uJpkg, 0.00 uJdram
WorkloadResult  12: 6621 op, 1000910839.00 ns, 151.1722 us/op, 82067783.00 uJpkg, 0.00 uJdram
WorkloadResult  13: 6621 op, 1000666405.00 ns, 151.1352 us/op, 81870945.00 uJpkg, 0.00 uJdram
WorkloadResult  14: 6621 op, 1001171325.00 ns, 151.2115 us/op, 81479039.00 uJpkg, 0.00 uJdram
WorkloadResult  15: 6621 op, 1002922892.00 ns, 151.4760 us/op, 81943150.00 uJpkg, 0.00 uJdram

// AfterAll
// Benchmark Process 4068349 has exited with code 0.

Mean = 151.376 μs, StdErr = 0.075 μs (0.05%), N = 15, StdDev = 0.292 μs
Min = 151.101 μs, Q1 = 151.205 μs, Median = 151.286 μs, Q3 = 151.415 μs, Max = 152.254 μs
IQR = 0.210 μs, LowerFence = 150.890 μs, UpperFence = 151.729 μs
ConfidenceInterval = [151.064 μs; 151.687 μs] (CI 99.9%), Margin = 0.312 μs (0.21% of Mean)
Skewness = 1.79, Kurtosis = 5.74, MValue = 2

// ** Remained 25 (83.3%) benchmark(s) to run. Estimated finish 2025-12-31 22:15 (0h 10m from now) **
// **************************
// Benchmark: JsonSerializationBenchmarks.STJ_Deserialize_Medium: Overhead-Fixed-Energy-9(OutlierMode=DontRemove, IterationCount=15, IterationTime=1s, LaunchCount=1, WarmupCount=6)
// *** Execute ***
// Launch: 1 / 1
// Execute: dotnet Serialization.Bench-Overhead-Fixed-Energy-9-1.dll --anonymousPipes 103 104 --benchmarkName Serialization.Bench.JsonSerializationBenchmarks.STJ_Deserialize_Medium --job Overhead-Fixed-Energy-9 --benchmarkId 5 in /home/test/rapl-tests/lib-energy-bench/src/Serialization.Bench/bin/Release/net8.0/Serialization.Bench-Overhead-Fixed-Energy-9-1/bin/Release/net8.0
// BeforeAnythingElse

// Benchmark Process Environment Information:
// BenchmarkDotNet v0.15.5-develop (2025-12-31)
// Runtime=.NET 8.0.21 (8.0.21, 8.0.2125.47513), X64 RyuJIT x86-64-v4
// GC=Concurrent Workstation
// HardwareIntrinsics=AVX512 IFMA+VBMI,AVX512 F+BW+CD+DQ+VL,AVX2+BMI1+BMI2+F16C+FMA+LZCNT+MOVBE,AVX,SSE3+SSSE3+SSE4.1+SSE4.2+POPCNT,X86Base+SSE+SSE2,AES+PCLMUL VectorSize=256
// Job: Overhead-Fixed-Energy-9(OutlierMode=DontRemove, IterationCount=15, IterationTime=1s, LaunchCount=1, WarmupCount=6)

OverheadJitting  1: 1 op, 144860.00 ns, 144.8600 us/op, 0.00 uJpkg, 0.00 uJdram
WorkloadJitting  1: 1 op, 296048.00 ns, 296.0480 us/op, 0.00 uJpkg, 0.00 uJdram

OverheadJitting  2: 16 op, 398329.00 ns, 24.8956 us/op, 0.00 uJpkg, 0.00 uJdram
WorkloadJitting  2: 16 op, 2379387.00 ns, 148.7117 us/op, 196899.00 uJpkg, 0.00 uJdram

WorkloadPilot    1: 16 op, 1820833.00 ns, 113.8021 us/op, 135498.00 uJpkg, 0.00 uJdram
WorkloadPilot    2: 8800 op, 705398100.00 ns, 80.1589 us/op, 59470124.00 uJpkg, 0.00 uJdram
WorkloadPilot    3: 12480 op, 660173780.00 ns, 52.8985 us/op, 55250164.00 uJpkg, 0.00 uJdram
WorkloadPilot    4: 18912 op, 1000507015.00 ns, 52.9033 us/op, 84258513.00 uJpkg, 0.00 uJdram

OverheadWarmup   1: 18912 op, 64957.00 ns, 3.4347 ns/op, 0.00 uJpkg, 0.00 uJdram
OverheadWarmup   2: 18912 op, 65892.00 ns, 3.4841 ns/op, 0.00 uJpkg, 0.00 uJdram
OverheadWarmup   3: 18912 op, 65892.00 ns, 3.4841 ns/op, 0.00 uJpkg, 0.00 uJdram
OverheadWarmup   4: 18912 op, 66098.00 ns, 3.4950 ns/op, 0.00 uJpkg, 0.00 uJdram
OverheadWarmup   5: 18912 op, 65898.00 ns, 3.4845 ns/op, 0.00 uJpkg, 0.00 uJdram

OverheadActual   1: 18912 op, 65891.00 ns, 3.4841 ns/op, 0.00 uJpkg, 0.00 uJdram
OverheadActual   2: 18912 op, 66106.00 ns, 3.4955 ns/op, 0.00 uJpkg, 0.00 uJdram
OverheadActual   3: 18912 op, 65887.00 ns, 3.4839 ns/op, 0.00 uJpkg, 0.00 uJdram
OverheadActual   4: 18912 op, 65893.00 ns, 3.4842 ns/op, 0.00 uJpkg, 0.00 uJdram
OverheadActual   5: 18912 op, 65886.00 ns, 3.4838 ns/op, 0.00 uJpkg, 0.00 uJdram
OverheadActual   6: 18912 op, 72693.00 ns, 3.8438 ns/op, 0.00 uJpkg, 0.00 uJdram
OverheadActual   7: 18912 op, 65894.00 ns, 3.4842 ns/op, 0.00 uJpkg, 0.00 uJdram
OverheadActual   8: 18912 op, 65892.00 ns, 3.4841 ns/op, 0.00 uJpkg, 0.00 uJdram
OverheadActual   9: 18912 op, 66256.00 ns, 3.5034 ns/op, 0.00 uJpkg, 0.00 uJdram
OverheadActual  10: 18912 op, 65897.00 ns, 3.4844 ns/op, 0.00 uJpkg, 0.00 uJdram
OverheadActual  11: 18912 op, 69382.00 ns, 3.6687 ns/op, 0.00 uJpkg, 0.00 uJdram
OverheadActual  12: 18912 op, 68692.00 ns, 3.6322 ns/op, 0.00 uJpkg, 0.00 uJdram
OverheadActual  13: 18912 op, 66325.00 ns, 3.5070 ns/op, 97961.00 uJpkg, 0.00 uJdram
OverheadActual  14: 18912 op, 65893.00 ns, 3.4842 ns/op, 0.00 uJpkg, 0.00 uJdram
OverheadActual  15: 18912 op, 65895.00 ns, 3.4843 ns/op, 0.00 uJpkg, 0.00 uJdram

WorkloadWarmup   1: 18912 op, 1001744839.00 ns, 52.9687 us/op, 85904077.00 uJpkg, 0.00 uJdram
WorkloadWarmup   2: 18912 op, 1001786811.00 ns, 52.9710 us/op, 83464752.00 uJpkg, 0.00 uJdram
WorkloadWarmup   3: 18912 op, 1000510894.00 ns, 52.9035 us/op, 83566986.00 uJpkg, 0.00 uJdram
WorkloadWarmup   4: 18912 op, 998645385.00 ns, 52.8049 us/op, 83434784.00 uJpkg, 0.00 uJdram
WorkloadWarmup   5: 18912 op, 998036614.00 ns, 52.7727 us/op, 84304410.00 uJpkg, 0.00 uJdram
WorkloadWarmup   6: 18912 op, 997730646.00 ns, 52.7565 us/op, 83504791.00 uJpkg, 0.00 uJdram

// BeforeActualRun
WorkloadActual   1: 18912 op, 1000127461.00 ns, 52.8832 us/op, 84021879.00 uJpkg, 0.00 uJdram
WorkloadActual   2: 18912 op, 1001362297.00 ns, 52.9485 us/op, 84312956.00 uJpkg, 0.00 uJdram
WorkloadActual   3: 18912 op, 1001193242.00 ns, 52.9396 us/op, 84687649.00 uJpkg, 0.00 uJdram
WorkloadActual   4: 18912 op, 1003072390.00 ns, 53.0389 us/op, 84256621.00 uJpkg, 0.00 uJdram
WorkloadActual   5: 18912 op, 1000631250.00 ns, 52.9099 us/op, 83935149.00 uJpkg, 0.00 uJdram
WorkloadActual   6: 18912 op, 999903525.00 ns, 52.8714 us/op, 83592498.00 uJpkg, 0.00 uJdram
WorkloadActual   7: 18912 op, 999030465.00 ns, 52.8252 us/op, 83928679.00 uJpkg, 0.00 uJdram
WorkloadActual   8: 18912 op, 1001274226.00 ns, 52.9439 us/op, 83389740.00 uJpkg, 0.00 uJdram
WorkloadActual   9: 18912 op, 999832662.00 ns, 52.8676 us/op, 83767242.00 uJpkg, 0.00 uJdram
WorkloadActual  10: 18912 op, 1000520532.00 ns, 52.9040 us/op, 85179958.00 uJpkg, 0.00 uJdram
WorkloadActual  11: 18912 op, 1000074320.00 ns, 52.8804 us/op, 84379911.00 uJpkg, 0.00 uJdram
WorkloadActual  12: 18912 op, 999837108.00 ns, 52.8679 us/op, 84443693.00 uJpkg, 0.00 uJdram
WorkloadActual  13: 18912 op, 999722840.00 ns, 52.8618 us/op, 83974455.00 uJpkg, 0.00 uJdram
WorkloadActual  14: 18912 op, 997865759.00 ns, 52.7636 us/op, 83642852.00 uJpkg, 0.00 uJdram
WorkloadActual  15: 18912 op, 997649224.00 ns, 52.7522 us/op, 83496918.00 uJpkg, 0.00 uJdram

// AfterActualRun
WorkloadResult   1: 18912 op, 1000061566.00 ns, 52.8797 us/op, 84021879.00 uJpkg, 0.00 uJdram
WorkloadResult   2: 18912 op, 1001296402.00 ns, 52.9450 us/op, 84312956.00 uJpkg, 0.00 uJdram
WorkloadResult   3: 18912 op, 1001127347.00 ns, 52.9361 us/op, 84687649.00 uJpkg, 0.00 uJdram
WorkloadResult   4: 18912 op, 1003006495.00 ns, 53.0355 us/op, 84256621.00 uJpkg, 0.00 uJdram
WorkloadResult   5: 18912 op, 1000565355.00 ns, 52.9064 us/op, 83935149.00 uJpkg, 0.00 uJdram
WorkloadResult   6: 18912 op, 999837630.00 ns, 52.8679 us/op, 83592498.00 uJpkg, 0.00 uJdram
WorkloadResult   7: 18912 op, 998964570.00 ns, 52.8217 us/op, 83928679.00 uJpkg, 0.00 uJdram
WorkloadResult   8: 18912 op, 1001208331.00 ns, 52.9404 us/op, 83389740.00 uJpkg, 0.00 uJdram
WorkloadResult   9: 18912 op, 999766767.00 ns, 52.8641 us/op, 83767242.00 uJpkg, 0.00 uJdram
WorkloadResult  10: 18912 op, 1000454637.00 ns, 52.9005 us/op, 85179958.00 uJpkg, 0.00 uJdram
WorkloadResult  11: 18912 op, 1000008425.00 ns, 52.8769 us/op, 84379911.00 uJpkg, 0.00 uJdram
WorkloadResult  12: 18912 op, 999771213.00 ns, 52.8644 us/op, 84443693.00 uJpkg, 0.00 uJdram
WorkloadResult  13: 18912 op, 999656945.00 ns, 52.8583 us/op, 83974455.00 uJpkg, 0.00 uJdram
WorkloadResult  14: 18912 op, 997799864.00 ns, 52.7601 us/op, 83642852.00 uJpkg, 0.00 uJdram
WorkloadResult  15: 18912 op, 997583329.00 ns, 52.7487 us/op, 83496918.00 uJpkg, 0.00 uJdram

// AfterAll
// Benchmark Process 4068365 has exited with code 0.

Mean = 52.880 μs, StdErr = 0.019 μs (0.04%), N = 15, StdDev = 0.072 μs
Min = 52.749 μs, Q1 = 52.861 μs, Median = 52.877 μs, Q3 = 52.921 μs, Max = 53.035 μs
IQR = 0.060 μs, LowerFence = 52.771 μs, UpperFence = 53.011 μs
ConfidenceInterval = [52.803 μs; 52.957 μs] (CI 99.9%), Margin = 0.077 μs (0.15% of Mean)
Skewness = 0.03, Kurtosis = 2.84, MValue = 2

// ** Remained 24 (80.0%) benchmark(s) to run. Estimated finish 2025-12-31 22:15 (0h 10m from now) **
// **************************
// Benchmark: JsonSerializationBenchmarks.Newtonsoft_Deserialize_Medium: Overhead-Fixed-Energy-9(OutlierMode=DontRemove, IterationCount=15, IterationTime=1s, LaunchCount=1, WarmupCount=6)
// *** Execute ***
// Launch: 1 / 1
// Execute: dotnet Serialization.Bench-Overhead-Fixed-Energy-9-1.dll --anonymousPipes 103 104 --benchmarkName Serialization.Bench.JsonSerializationBenchmarks.Newtonsoft_Deserialize_Medium --job Overhead-Fixed-Energy-9 --benchmarkId 6 in /home/test/rapl-tests/lib-energy-bench/src/Serialization.Bench/bin/Release/net8.0/Serialization.Bench-Overhead-Fixed-Energy-9-1/bin/Release/net8.0
// BeforeAnythingElse

// Benchmark Process Environment Information:
// BenchmarkDotNet v0.15.5-develop (2025-12-31)
// Runtime=.NET 8.0.21 (8.0.21, 8.0.2125.47513), X64 RyuJIT x86-64-v4
// GC=Concurrent Workstation
// HardwareIntrinsics=AVX512 IFMA+VBMI,AVX512 F+BW+CD+DQ+VL,AVX2+BMI1+BMI2+F16C+FMA+LZCNT+MOVBE,AVX,SSE3+SSSE3+SSE4.1+SSE4.2+POPCNT,X86Base+SSE+SSE2,AES+PCLMUL VectorSize=256
// Job: Overhead-Fixed-Energy-9(OutlierMode=DontRemove, IterationCount=15, IterationTime=1s, LaunchCount=1, WarmupCount=6)

OverheadJitting  1: 1 op, 142781.00 ns, 142.7810 us/op, 0.00 uJpkg, 0.00 uJdram
WorkloadJitting  1: 1 op, 53688947.00 ns, 53.6889 ms/op, 3378165.00 uJpkg, 0.00 uJdram

OverheadJitting  2: 16 op, 394102.00 ns, 24.6314 us/op, 73425.00 uJpkg, 0.00 uJdram
WorkloadJitting  2: 16 op, 5750531.00 ns, 359.4082 us/op, 416625.00 uJpkg, 0.00 uJdram

WorkloadPilot    1: 16 op, 5032948.00 ns, 314.5593 us/op, 334411.00 uJpkg, 0.00 uJdram
WorkloadPilot    2: 3184 op, 422539199.00 ns, 132.7070 us/op, 35338533.00 uJpkg, 0.00 uJdram
WorkloadPilot    3: 7536 op, 504927602.00 ns, 67.0021 us/op, 42383253.00 uJpkg, 0.00 uJdram
WorkloadPilot    4: 14928 op, 998557789.00 ns, 66.8916 us/op, 84283964.00 uJpkg, 0.00 uJdram
WorkloadPilot    5: 14960 op, 998882961.00 ns, 66.7703 us/op, 84423673.00 uJpkg, 0.00 uJdram
WorkloadPilot    6: 14992 op, 1005434286.00 ns, 67.0647 us/op, 85006069.00 uJpkg, 0.00 uJdram
WorkloadPilot    7: 14912 op, 1001463044.00 ns, 67.1582 us/op, 84703091.00 uJpkg, 0.00 uJdram
WorkloadPilot    8: 14896 op, 997106551.00 ns, 66.9379 us/op, 84288298.00 uJpkg, 0.00 uJdram
WorkloadPilot    9: 14944 op, 996229507.00 ns, 66.6642 us/op, 84086272.00 uJpkg, 0.00 uJdram
WorkloadPilot   10: 15008 op, 1002043297.00 ns, 66.7673 us/op, 85642664.00 uJpkg, 0.00 uJdram

OverheadWarmup   1: 15008 op, 54597.00 ns, 3.6379 ns/op, 0.00 uJpkg, 0.00 uJdram
OverheadWarmup   2: 15008 op, 53345.00 ns, 3.5544 ns/op, 0.00 uJpkg, 0.00 uJdram
OverheadWarmup   3: 15008 op, 53467.00 ns, 3.5626 ns/op, 0.00 uJpkg, 0.00 uJdram
OverheadWarmup   4: 15008 op, 52333.00 ns, 3.4870 ns/op, 0.00 uJpkg, 0.00 uJdram
OverheadWarmup   5: 15008 op, 53666.00 ns, 3.5758 ns/op, 0.00 uJpkg, 0.00 uJdram
OverheadWarmup   6: 15008 op, 52347.00 ns, 3.4879 ns/op, 0.00 uJpkg, 0.00 uJdram

OverheadActual   1: 15008 op, 56029.00 ns, 3.7333 ns/op, 0.00 uJpkg, 0.00 uJdram
OverheadActual   2: 15008 op, 53195.00 ns, 3.5444 ns/op, 0.00 uJpkg, 0.00 uJdram
OverheadActual   3: 15008 op, 52729.00 ns, 3.5134 ns/op, 0.00 uJpkg, 0.00 uJdram
OverheadActual   4: 15008 op, 52336.00 ns, 3.4872 ns/op, 0.00 uJpkg, 0.00 uJdram
OverheadActual   5: 15008 op, 56053.00 ns, 3.7349 ns/op, 0.00 uJpkg, 0.00 uJdram
OverheadActual   6: 15008 op, 53368.00 ns, 3.5560 ns/op, 0.00 uJpkg, 0.00 uJdram
OverheadActual   7: 15008 op, 52325.00 ns, 3.4865 ns/op, 0.00 uJpkg, 0.00 uJdram
OverheadActual   8: 15008 op, 52683.00 ns, 3.5103 ns/op, 0.00 uJpkg, 0.00 uJdram
OverheadActual   9: 15008 op, 52337.00 ns, 3.4873 ns/op, 0.00 uJpkg, 0.00 uJdram
OverheadActual  10: 15008 op, 52341.00 ns, 3.4875 ns/op, 0.00 uJpkg, 0.00 uJdram
OverheadActual  11: 15008 op, 52333.00 ns, 3.4870 ns/op, 0.00 uJpkg, 0.00 uJdram
OverheadActual  12: 15008 op, 52732.00 ns, 3.5136 ns/op, 0.00 uJpkg, 0.00 uJdram
OverheadActual  13: 15008 op, 52333.00 ns, 3.4870 ns/op, 0.00 uJpkg, 0.00 uJdram
OverheadActual  14: 15008 op, 52328.00 ns, 3.4867 ns/op, 0.00 uJpkg, 0.00 uJdram
OverheadActual  15: 15008 op, 64309.00 ns, 4.2850 ns/op, 0.00 uJpkg, 0.00 uJdram
OverheadActual  16: 15008 op, 54798.00 ns, 3.6513 ns/op, 0.00 uJpkg, 0.00 uJdram
OverheadActual  17: 15008 op, 54588.00 ns, 3.6373 ns/op, 0.00 uJpkg, 0.00 uJdram
OverheadActual  18: 15008 op, 54571.00 ns, 3.6361 ns/op, 75317.00 uJpkg, 0.00 uJdram

WorkloadWarmup   1: 15008 op, 1009525731.00 ns, 67.2658 us/op, 87963520.00 uJpkg, 0.00 uJdram
WorkloadWarmup   2: 15008 op, 1001028697.00 ns, 66.6997 us/op, 84215971.00 uJpkg, 0.00 uJdram
WorkloadWarmup   3: 15008 op, 1000667004.00 ns, 66.6756 us/op, 84449063.00 uJpkg, 0.00 uJdram
WorkloadWarmup   4: 15008 op, 998324941.00 ns, 66.5195 us/op, 84311369.00 uJpkg, 0.00 uJdram
WorkloadWarmup   5: 15008 op, 998468864.00 ns, 66.5291 us/op, 84213469.00 uJpkg, 0.00 uJdram
WorkloadWarmup   6: 15008 op, 1002591395.00 ns, 66.8038 us/op, 84709439.00 uJpkg, 0.00 uJdram

// BeforeActualRun
WorkloadActual   1: 15008 op, 1000964231.00 ns, 66.6954 us/op, 84160917.00 uJpkg, 0.00 uJdram
WorkloadActual   2: 15008 op, 1005066171.00 ns, 66.9687 us/op, 84748441.00 uJpkg, 0.00 uJdram
WorkloadActual   3: 15008 op, 1002011111.00 ns, 66.7651 us/op, 84773099.00 uJpkg, 0.00 uJdram
WorkloadActual   4: 15008 op, 1002368091.00 ns, 66.7889 us/op, 84765653.00 uJpkg, 0.00 uJdram
WorkloadActual   5: 15008 op, 1012016941.00 ns, 67.4318 us/op, 86679832.00 uJpkg, 0.00 uJdram
WorkloadActual   6: 15008 op, 1001518606.00 ns, 66.7323 us/op, 84734647.00 uJpkg, 0.00 uJdram
WorkloadActual   7: 15008 op, 1002135206.00 ns, 66.7734 us/op, 84580350.00 uJpkg, 0.00 uJdram
WorkloadActual   8: 15008 op, 1008473166.00 ns, 67.1957 us/op, 85329188.00 uJpkg, 0.00 uJdram
WorkloadActual   9: 15008 op, 1003786189.00 ns, 66.8834 us/op, 85072536.00 uJpkg, 0.00 uJdram
WorkloadActual  10: 15008 op, 1002784442.00 ns, 66.8167 us/op, 85808191.00 uJpkg, 0.00 uJdram
WorkloadActual  11: 15008 op, 1004537793.00 ns, 66.9335 us/op, 84848477.00 uJpkg, 0.00 uJdram
WorkloadActual  12: 15008 op, 1002428851.00 ns, 66.7930 us/op, 84956081.00 uJpkg, 0.00 uJdram
WorkloadActual  13: 15008 op, 1004115501.00 ns, 66.9054 us/op, 84884304.00 uJpkg, 0.00 uJdram
WorkloadActual  14: 15008 op, 1006728689.00 ns, 67.0795 us/op, 85237391.00 uJpkg, 0.00 uJdram
WorkloadActual  15: 15008 op, 1007187137.00 ns, 67.1100 us/op, 85153468.00 uJpkg, 0.00 uJdram

// AfterActualRun
WorkloadResult   1: 15008 op, 1000911500.50 ns, 66.6919 us/op, 84160917.00 uJpkg, 0.00 uJdram
WorkloadResult   2: 15008 op, 1005013440.50 ns, 66.9652 us/op, 84748441.00 uJpkg, 0.00 uJdram
WorkloadResult   3: 15008 op, 1001958380.50 ns, 66.7616 us/op, 84773099.00 uJpkg, 0.00 uJdram
WorkloadResult   4: 15008 op, 1002315360.50 ns, 66.7854 us/op, 84765653.00 uJpkg, 0.00 uJdram
WorkloadResult   5: 15008 op, 1011964210.50 ns, 67.4283 us/op, 86679832.00 uJpkg, 0.00 uJdram
WorkloadResult   6: 15008 op, 1001465875.50 ns, 66.7288 us/op, 84734647.00 uJpkg, 0.00 uJdram
WorkloadResult   7: 15008 op, 1002082475.50 ns, 66.7699 us/op, 84580350.00 uJpkg, 0.00 uJdram
WorkloadResult   8: 15008 op, 1008420435.50 ns, 67.1922 us/op, 85329188.00 uJpkg, 0.00 uJdram
WorkloadResult   9: 15008 op, 1003733458.50 ns, 66.8799 us/op, 85072536.00 uJpkg, 0.00 uJdram
WorkloadResult  10: 15008 op, 1002731711.50 ns, 66.8131 us/op, 85808191.00 uJpkg, 0.00 uJdram
WorkloadResult  11: 15008 op, 1004485062.50 ns, 66.9300 us/op, 84848477.00 uJpkg, 0.00 uJdram
WorkloadResult  12: 15008 op, 1002376120.50 ns, 66.7895 us/op, 84956081.00 uJpkg, 0.00 uJdram
WorkloadResult  13: 15008 op, 1004062770.50 ns, 66.9018 us/op, 84884304.00 uJpkg, 0.00 uJdram
WorkloadResult  14: 15008 op, 1006675958.50 ns, 67.0760 us/op, 85237391.00 uJpkg, 0.00 uJdram
WorkloadResult  15: 15008 op, 1007134406.50 ns, 67.1065 us/op, 85153468.00 uJpkg, 0.00 uJdram

// AfterAll
// Benchmark Process 4068386 has exited with code 0.

Mean = 66.921 μs, StdErr = 0.052 μs (0.08%), N = 15, StdDev = 0.203 μs
Min = 66.692 μs, Q1 = 66.778 μs, Median = 66.880 μs, Q3 = 67.021 μs, Max = 67.428 μs
IQR = 0.243 μs, LowerFence = 66.413 μs, UpperFence = 67.385 μs
ConfidenceInterval = [66.704 μs; 67.139 μs] (CI 99.9%), Margin = 0.217 μs (0.32% of Mean)
Skewness = 1.01, Kurtosis = 3.1, MValue = 2

// ** Remained 23 (76.7%) benchmark(s) to run. Estimated finish 2025-12-31 22:15 (0h 9m from now) **
// **************************
// Benchmark: JsonSerializationBenchmarks.Jil_Deserialize_Medium: Overhead-Fixed-Energy-9(OutlierMode=DontRemove, IterationCount=15, IterationTime=1s, LaunchCount=1, WarmupCount=6)
// *** Execute ***
// Launch: 1 / 1
// Execute: dotnet Serialization.Bench-Overhead-Fixed-Energy-9-1.dll --anonymousPipes 103 104 --benchmarkName Serialization.Bench.JsonSerializationBenchmarks.Jil_Deserialize_Medium --job Overhead-Fixed-Energy-9 --benchmarkId 7 in /home/test/rapl-tests/lib-energy-bench/src/Serialization.Bench/bin/Release/net8.0/Serialization.Bench-Overhead-Fixed-Energy-9-1/bin/Release/net8.0
// BeforeAnythingElse

// Benchmark Process Environment Information:
// BenchmarkDotNet v0.15.5-develop (2025-12-31)
// Runtime=.NET 8.0.21 (8.0.21, 8.0.2125.47513), X64 RyuJIT x86-64-v4
// GC=Concurrent Workstation
// HardwareIntrinsics=AVX512 IFMA+VBMI,AVX512 F+BW+CD+DQ+VL,AVX2+BMI1+BMI2+F16C+FMA+LZCNT+MOVBE,AVX,SSE3+SSSE3+SSE4.1+SSE4.2+POPCNT,X86Base+SSE+SSE2,AES+PCLMUL VectorSize=256
// Job: Overhead-Fixed-Energy-9(OutlierMode=DontRemove, IterationCount=15, IterationTime=1s, LaunchCount=1, WarmupCount=6)

OverheadJitting  1: 1 op, 144187.00 ns, 144.1870 us/op, 0.00 uJpkg, 0.00 uJdram
WorkloadJitting  1: 1 op, 199218508.00 ns, 199.2185 ms/op, 12256622.00 uJpkg, 0.00 uJdram

WorkloadPilot    1: 4 op, 804277.00 ns, 201.0693 us/op, 70435.00 uJpkg, 0.00 uJdram
WorkloadPilot    2: 4973 op, 375403612.00 ns, 75.4884 us/op, 28927172.00 uJpkg, 0.00 uJdram
WorkloadPilot    3: 13247 op, 737081237.00 ns, 55.6414 us/op, 58984590.00 uJpkg, 0.00 uJdram
WorkloadPilot    4: 17972 op, 997351339.00 ns, 55.4947 us/op, 80522682.00 uJpkg, 0.00 uJdram
WorkloadPilot    5: 18020 op, 999005630.00 ns, 55.4387 us/op, 80371498.00 uJpkg, 0.00 uJdram
WorkloadPilot    6: 18038 op, 1002726937.00 ns, 55.5897 us/op, 80751746.00 uJpkg, 0.00 uJdram
WorkloadPilot    7: 17989 op, 1000592583.00 ns, 55.6225 us/op, 80705726.00 uJpkg, 0.00 uJdram
WorkloadPilot    8: 17978 op, 999639831.00 ns, 55.6035 us/op, 80621925.00 uJpkg, 0.00 uJdram
WorkloadPilot    9: 17984 op, 1000144389.00 ns, 55.6130 us/op, 80266335.00 uJpkg, 0.00 uJdram

WorkloadWarmup   1: 17984 op, 998702447.00 ns, 55.5328 us/op, 81222265.00 uJpkg, 0.00 uJdram
WorkloadWarmup   2: 17984 op, 1000488089.00 ns, 55.6321 us/op, 80743568.00 uJpkg, 0.00 uJdram
WorkloadWarmup   3: 17984 op, 1000753975.00 ns, 55.6469 us/op, 80904212.00 uJpkg, 0.00 uJdram
WorkloadWarmup   4: 17984 op, 1001306359.00 ns, 55.6776 us/op, 80056619.00 uJpkg, 0.00 uJdram
WorkloadWarmup   5: 17984 op, 1000469004.00 ns, 55.6311 us/op, 80631202.00 uJpkg, 0.00 uJdram
WorkloadWarmup   6: 17984 op, 997379503.00 ns, 55.4593 us/op, 80528297.00 uJpkg, 0.00 uJdram

// BeforeActualRun
WorkloadActual   1: 17984 op, 999570805.00 ns, 55.5811 us/op, 80708717.00 uJpkg, 0.00 uJdram
WorkloadActual   2: 17984 op, 1000301086.00 ns, 55.6217 us/op, 81920445.00 uJpkg, 0.00 uJdram
WorkloadActual   3: 17984 op, 1000261337.00 ns, 55.6195 us/op, 81309607.00 uJpkg, 0.00 uJdram
WorkloadActual   4: 17984 op, 1000295630.00 ns, 55.6214 us/op, 80815894.00 uJpkg, 0.00 uJdram
WorkloadActual   5: 17984 op, 1000359311.00 ns, 55.6250 us/op, 80881995.00 uJpkg, 0.00 uJdram
WorkloadActual   6: 17984 op, 1002737345.00 ns, 55.7572 us/op, 81297094.00 uJpkg, 0.00 uJdram
WorkloadActual   7: 17984 op, 1000410023.00 ns, 55.6278 us/op, 80787635.00 uJpkg, 0.00 uJdram
WorkloadActual   8: 17984 op, 999750783.00 ns, 55.5911 us/op, 80511634.00 uJpkg, 0.00 uJdram
WorkloadActual   9: 17984 op, 1000938765.00 ns, 55.6572 us/op, 80079263.00 uJpkg, 0.00 uJdram
WorkloadActual  10: 17984 op, 999455338.00 ns, 55.5747 us/op, 79969338.00 uJpkg, 0.00 uJdram
WorkloadActual  11: 17984 op, 1000039457.00 ns, 55.6072 us/op, 80955359.00 uJpkg, 0.00 uJdram
WorkloadActual  12: 17984 op, 1000327973.00 ns, 55.6232 us/op, 80510841.00 uJpkg, 0.00 uJdram
WorkloadActual  13: 17984 op, 1000692271.00 ns, 55.6435 us/op, 80395424.00 uJpkg, 0.00 uJdram
WorkloadActual  14: 17984 op, 999421668.00 ns, 55.5728 us/op, 80384133.00 uJpkg, 0.00 uJdram
WorkloadActual  15: 17984 op, 999863551.00 ns, 55.5974 us/op, 80127968.00 uJpkg, 0.00 uJdram

// AfterActualRun
WorkloadResult   1: 17984 op, 999570805.00 ns, 55.5811 us/op, 80708717.00 uJpkg, 0.00 uJdram
WorkloadResult   2: 17984 op, 1000301086.00 ns, 55.6217 us/op, 81920445.00 uJpkg, 0.00 uJdram
WorkloadResult   3: 17984 op, 1000261337.00 ns, 55.6195 us/op, 81309607.00 uJpkg, 0.00 uJdram
WorkloadResult   4: 17984 op, 1000295630.00 ns, 55.6214 us/op, 80815894.00 uJpkg, 0.00 uJdram
WorkloadResult   5: 17984 op, 1000359311.00 ns, 55.6250 us/op, 80881995.00 uJpkg, 0.00 uJdram
WorkloadResult   6: 17984 op, 1002737345.00 ns, 55.7572 us/op, 81297094.00 uJpkg, 0.00 uJdram
WorkloadResult   7: 17984 op, 1000410023.00 ns, 55.6278 us/op, 80787635.00 uJpkg, 0.00 uJdram
WorkloadResult   8: 17984 op, 999750783.00 ns, 55.5911 us/op, 80511634.00 uJpkg, 0.00 uJdram
WorkloadResult   9: 17984 op, 1000938765.00 ns, 55.6572 us/op, 80079263.00 uJpkg, 0.00 uJdram
WorkloadResult  10: 17984 op, 999455338.00 ns, 55.5747 us/op, 79969338.00 uJpkg, 0.00 uJdram
WorkloadResult  11: 17984 op, 1000039457.00 ns, 55.6072 us/op, 80955359.00 uJpkg, 0.00 uJdram
WorkloadResult  12: 17984 op, 1000327973.00 ns, 55.6232 us/op, 80510841.00 uJpkg, 0.00 uJdram
WorkloadResult  13: 17984 op, 1000692271.00 ns, 55.6435 us/op, 80395424.00 uJpkg, 0.00 uJdram
WorkloadResult  14: 17984 op, 999421668.00 ns, 55.5728 us/op, 80384133.00 uJpkg, 0.00 uJdram
WorkloadResult  15: 17984 op, 999863551.00 ns, 55.5974 us/op, 80127968.00 uJpkg, 0.00 uJdram

// AfterAll
// Benchmark Process 4068404 has exited with code 0.

Mean = 55.621 μs, StdErr = 0.012 μs (0.02%), N = 15, StdDev = 0.045 μs
Min = 55.573 μs, Q1 = 55.594 μs, Median = 55.621 μs, Q3 = 55.626 μs, Max = 55.757 μs
IQR = 0.032 μs, LowerFence = 55.546 μs, UpperFence = 55.675 μs
ConfidenceInterval = [55.573 μs; 55.669 μs] (CI 99.9%), Margin = 0.048 μs (0.09% of Mean)
Skewness = 1.66, Kurtosis = 5.88, MValue = 2

// ** Remained 22 (73.3%) benchmark(s) to run. Estimated finish 2025-12-31 22:15 (0h 9m from now) **
// **************************
// Benchmark: JsonSerializationBenchmarks.Utf8Json_Deserialize_Medium: Overhead-Fixed-Energy-9(OutlierMode=DontRemove, IterationCount=15, IterationTime=1s, LaunchCount=1, WarmupCount=6)
// *** Execute ***
// Launch: 1 / 1
// Execute: dotnet Serialization.Bench-Overhead-Fixed-Energy-9-1.dll --anonymousPipes 103 104 --benchmarkName Serialization.Bench.JsonSerializationBenchmarks.Utf8Json_Deserialize_Medium --job Overhead-Fixed-Energy-9 --benchmarkId 8 in /home/test/rapl-tests/lib-energy-bench/src/Serialization.Bench/bin/Release/net8.0/Serialization.Bench-Overhead-Fixed-Energy-9-1/bin/Release/net8.0
// BeforeAnythingElse

// Benchmark Process Environment Information:
// BenchmarkDotNet v0.15.5-develop (2025-12-31)
// Runtime=.NET 8.0.21 (8.0.21, 8.0.2125.47513), X64 RyuJIT x86-64-v4
// GC=Concurrent Workstation
// HardwareIntrinsics=AVX512 IFMA+VBMI,AVX512 F+BW+CD+DQ+VL,AVX2+BMI1+BMI2+F16C+FMA+LZCNT+MOVBE,AVX,SSE3+SSSE3+SSE4.1+SSE4.2+POPCNT,X86Base+SSE+SSE2,AES+PCLMUL VectorSize=256
// Job: Overhead-Fixed-Energy-9(OutlierMode=DontRemove, IterationCount=15, IterationTime=1s, LaunchCount=1, WarmupCount=6)

OverheadJitting  1: 1 op, 141144.00 ns, 141.1440 us/op, 0.00 uJpkg, 0.00 uJdram
WorkloadJitting  1: 1 op, 55983139.00 ns, 55.9831 ms/op, 3358329.00 uJpkg, 0.00 uJdram

OverheadJitting  2: 16 op, 406264.00 ns, 25.3915 us/op, 0.00 uJpkg, 0.00 uJdram
WorkloadJitting  2: 16 op, 4862177.00 ns, 303.8861 us/op, 332824.00 uJpkg, 0.00 uJdram

WorkloadPilot    1: 16 op, 4104195.00 ns, 256.5122 us/op, 276916.00 uJpkg, 0.00 uJdram
WorkloadPilot    2: 3904 op, 701946328.00 ns, 179.8018 us/op, 60998196.00 uJpkg, 0.00 uJdram
WorkloadPilot    3: 5568 op, 346123401.00 ns, 62.1630 us/op, 28941881.00 uJpkg, 0.00 uJdram
WorkloadPilot    4: 16096 op, 985717609.00 ns, 61.2399 us/op, 81917088.00 uJpkg, 0.00 uJdram
WorkloadPilot    5: 16336 op, 1001297704.00 ns, 61.2939 us/op, 83273835.00 uJpkg, 0.00 uJdram
WorkloadPilot    6: 16320 op, 1000749013.00 ns, 61.3204 us/op, 83199310.00 uJpkg, 0.00 uJdram

OverheadWarmup   1: 16320 op, 59054.00 ns, 3.6185 ns/op, 0.00 uJpkg, 0.00 uJdram
OverheadWarmup   2: 16320 op, 58518.00 ns, 3.5857 ns/op, 0.00 uJpkg, 0.00 uJdram
OverheadWarmup   3: 16320 op, 56678.00 ns, 3.4729 ns/op, 0.00 uJpkg, 0.00 uJdram
OverheadWarmup   4: 16320 op, 56715.00 ns, 3.4752 ns/op, 0.00 uJpkg, 0.00 uJdram
OverheadWarmup   5: 16320 op, 60321.00 ns, 3.6961 ns/op, 0.00 uJpkg, 0.00 uJdram
OverheadWarmup   6: 16320 op, 56695.00 ns, 3.4740 ns/op, 0.00 uJpkg, 0.00 uJdram
OverheadWarmup   7: 16320 op, 60101.00 ns, 3.6827 ns/op, 0.00 uJpkg, 0.00 uJdram
OverheadWarmup   8: 16320 op, 56689.00 ns, 3.4736 ns/op, 0.00 uJpkg, 0.00 uJdram

OverheadActual   1: 16320 op, 59486.00 ns, 3.6450 ns/op, 0.00 uJpkg, 0.00 uJdram
OverheadActual   2: 16320 op, 58162.00 ns, 3.5638 ns/op, 0.00 uJpkg, 0.00 uJdram
OverheadActual   3: 16320 op, 56697.00 ns, 3.4741 ns/op, 0.00 uJpkg, 0.00 uJdram
OverheadActual   4: 16320 op, 56684.00 ns, 3.4733 ns/op, 0.00 uJpkg, 0.00 uJdram
OverheadActual   5: 16320 op, 60330.00 ns, 3.6967 ns/op, 0.00 uJpkg, 0.00 uJdram
OverheadActual   6: 16320 op, 59748.00 ns, 3.6610 ns/op, 0.00 uJpkg, 0.00 uJdram
OverheadActual   7: 16320 op, 59086.00 ns, 3.6205 ns/op, 0.00 uJpkg, 0.00 uJdram
OverheadActual   8: 16320 op, 56696.00 ns, 3.4740 ns/op, 0.00 uJpkg, 0.00 uJdram
OverheadActual   9: 16320 op, 57016.00 ns, 3.4936 ns/op, 0.00 uJpkg, 0.00 uJdram
OverheadActual  10: 16320 op, 55584.00 ns, 3.4059 ns/op, 0.00 uJpkg, 0.00 uJdram
OverheadActual  11: 16320 op, 56690.00 ns, 3.4737 ns/op, 0.00 uJpkg, 0.00 uJdram
OverheadActual  12: 16320 op, 56690.00 ns, 3.4737 ns/op, 0.00 uJpkg, 0.00 uJdram
OverheadActual  13: 16320 op, 59369.00 ns, 3.6378 ns/op, 69458.00 uJpkg, 0.00 uJdram
OverheadActual  14: 16320 op, 56667.00 ns, 3.4722 ns/op, 0.00 uJpkg, 0.00 uJdram
OverheadActual  15: 16320 op, 57927.00 ns, 3.5494 ns/op, 0.00 uJpkg, 0.00 uJdram

WorkloadWarmup   1: 16320 op, 1004490289.00 ns, 61.5497 us/op, 86045007.00 uJpkg, 0.00 uJdram
WorkloadWarmup   2: 16320 op, 1005506354.00 ns, 61.6119 us/op, 83780242.00 uJpkg, 0.00 uJdram
WorkloadWarmup   3: 16320 op, 1005475551.00 ns, 61.6100 us/op, 83931548.00 uJpkg, 0.00 uJdram
WorkloadWarmup   4: 16320 op, 1007978682.00 ns, 61.7634 us/op, 84065642.00 uJpkg, 0.00 uJdram
WorkloadWarmup   5: 16320 op, 1007904137.00 ns, 61.7588 us/op, 83849212.00 uJpkg, 0.00 uJdram
WorkloadWarmup   6: 16320 op, 1008563618.00 ns, 61.7992 us/op, 84334379.00 uJpkg, 0.00 uJdram

// BeforeActualRun
WorkloadActual   1: 16320 op, 1008386505.00 ns, 61.7884 us/op, 83879424.00 uJpkg, 0.00 uJdram
WorkloadActual   2: 16320 op, 1007824923.00 ns, 61.7540 us/op, 83871001.00 uJpkg, 0.00 uJdram
WorkloadActual   3: 16320 op, 1008964653.00 ns, 61.8238 us/op, 84858914.00 uJpkg, 0.00 uJdram
WorkloadActual   4: 16320 op, 1008638178.00 ns, 61.8038 us/op, 85595301.00 uJpkg, 0.00 uJdram
WorkloadActual   5: 16320 op, 1006822985.00 ns, 61.6926 us/op, 84593533.00 uJpkg, 0.00 uJdram
WorkloadActual   6: 16320 op, 1008730997.00 ns, 61.8095 us/op, 84249540.00 uJpkg, 0.00 uJdram
WorkloadActual   7: 16320 op, 1007106514.00 ns, 61.7100 us/op, 84024443.00 uJpkg, 0.00 uJdram
WorkloadActual   8: 16320 op, 1005387079.00 ns, 61.6046 us/op, 83749481.00 uJpkg, 0.00 uJdram
WorkloadActual   9: 16320 op, 1004873335.00 ns, 61.5731 us/op, 83772674.00 uJpkg, 0.00 uJdram
WorkloadActual  10: 16320 op, 1009387104.00 ns, 61.8497 us/op, 85795495.00 uJpkg, 0.00 uJdram
WorkloadActual  11: 16320 op, 1005485915.00 ns, 61.6107 us/op, 83971953.00 uJpkg, 0.00 uJdram
WorkloadActual  12: 16320 op, 1004654181.00 ns, 61.5597 us/op, 83733184.00 uJpkg, 0.00 uJdram
WorkloadActual  13: 16320 op, 1004774213.00 ns, 61.5670 us/op, 84493986.00 uJpkg, 0.00 uJdram
WorkloadActual  14: 16320 op, 1005299886.00 ns, 61.5993 us/op, 84384123.00 uJpkg, 0.00 uJdram
WorkloadActual  15: 16320 op, 1004801719.00 ns, 61.5687 us/op, 84038664.00 uJpkg, 0.00 uJdram

// AfterActualRun
WorkloadResult   1: 16320 op, 1008329489.00 ns, 61.7849 us/op, 83879424.00 uJpkg, 0.00 uJdram
WorkloadResult   2: 16320 op, 1007767907.00 ns, 61.7505 us/op, 83871001.00 uJpkg, 0.00 uJdram
WorkloadResult   3: 16320 op, 1008907637.00 ns, 61.8203 us/op, 84858914.00 uJpkg, 0.00 uJdram
WorkloadResult   4: 16320 op, 1008581162.00 ns, 61.8003 us/op, 85595301.00 uJpkg, 0.00 uJdram
WorkloadResult   5: 16320 op, 1006765969.00 ns, 61.6891 us/op, 84593533.00 uJpkg, 0.00 uJdram
WorkloadResult   6: 16320 op, 1008673981.00 ns, 61.8060 us/op, 84249540.00 uJpkg, 0.00 uJdram
WorkloadResult   7: 16320 op, 1007049498.00 ns, 61.7065 us/op, 84024443.00 uJpkg, 0.00 uJdram
WorkloadResult   8: 16320 op, 1005330063.00 ns, 61.6011 us/op, 83749481.00 uJpkg, 0.00 uJdram
WorkloadResult   9: 16320 op, 1004816319.00 ns, 61.5696 us/op, 83772674.00 uJpkg, 0.00 uJdram
WorkloadResult  10: 16320 op, 1009330088.00 ns, 61.8462 us/op, 85795495.00 uJpkg, 0.00 uJdram
WorkloadResult  11: 16320 op, 1005428899.00 ns, 61.6072 us/op, 83971953.00 uJpkg, 0.00 uJdram
WorkloadResult  12: 16320 op, 1004597165.00 ns, 61.5562 us/op, 83733184.00 uJpkg, 0.00 uJdram
WorkloadResult  13: 16320 op, 1004717197.00 ns, 61.5636 us/op, 84493986.00 uJpkg, 0.00 uJdram
WorkloadResult  14: 16320 op, 1005242870.00 ns, 61.5958 us/op, 84384123.00 uJpkg, 0.00 uJdram
WorkloadResult  15: 16320 op, 1004744703.00 ns, 61.5652 us/op, 84038664.00 uJpkg, 0.00 uJdram

// AfterAll
// Benchmark Process 4068421 has exited with code 0.

Mean = 61.684 μs, StdErr = 0.028 μs (0.05%), N = 15, StdDev = 0.109 μs
Min = 61.556 μs, Q1 = 61.583 μs, Median = 61.689 μs, Q3 = 61.793 μs, Max = 61.846 μs
IQR = 0.210 μs, LowerFence = 61.268 μs, UpperFence = 62.107 μs
ConfidenceInterval = [61.567 μs; 61.801 μs] (CI 99.9%), Margin = 0.117 μs (0.19% of Mean)
Skewness = 0.14, Kurtosis = 1.2, MValue = 2

// ** Remained 21 (70.0%) benchmark(s) to run. Estimated finish 2025-12-31 22:15 (0h 9m from now) **
// **************************
// Benchmark: JsonSerializationBenchmarks.SpanJson_Deserialize_Medium: Overhead-Fixed-Energy-9(OutlierMode=DontRemove, IterationCount=15, IterationTime=1s, LaunchCount=1, WarmupCount=6)
// *** Execute ***
// Launch: 1 / 1
// Execute: dotnet Serialization.Bench-Overhead-Fixed-Energy-9-1.dll --anonymousPipes 103 104 --benchmarkName Serialization.Bench.JsonSerializationBenchmarks.SpanJson_Deserialize_Medium --job Overhead-Fixed-Energy-9 --benchmarkId 9 in /home/test/rapl-tests/lib-energy-bench/src/Serialization.Bench/bin/Release/net8.0/Serialization.Bench-Overhead-Fixed-Energy-9-1/bin/Release/net8.0
// BeforeAnythingElse

// Benchmark Process Environment Information:
// BenchmarkDotNet v0.15.5-develop (2025-12-31)
// Runtime=.NET 8.0.21 (8.0.21, 8.0.2125.47513), X64 RyuJIT x86-64-v4
// GC=Concurrent Workstation
// HardwareIntrinsics=AVX512 IFMA+VBMI,AVX512 F+BW+CD+DQ+VL,AVX2+BMI1+BMI2+F16C+FMA+LZCNT+MOVBE,AVX,SSE3+SSSE3+SSE4.1+SSE4.2+POPCNT,X86Base+SSE+SSE2,AES+PCLMUL VectorSize=256
// Job: Overhead-Fixed-Energy-9(OutlierMode=DontRemove, IterationCount=15, IterationTime=1s, LaunchCount=1, WarmupCount=6)

OverheadJitting  1: 1 op, 142894.00 ns, 142.8940 us/op, 63720.00 uJpkg, 0.00 uJdram
WorkloadJitting  1: 1 op, 101278644.00 ns, 101.2786 ms/op, 6507430.00 uJpkg, 0.00 uJdram

WorkloadPilot    1: 4 op, 780134.00 ns, 195.0335 us/op, 80322.00 uJpkg, 0.00 uJdram
WorkloadPilot    2: 5127 op, 320895300.00 ns, 62.5893 us/op, 24740110.00 uJpkg, 0.00 uJdram
WorkloadPilot    3: 15977 op, 660540822.00 ns, 41.3432 us/op, 54190108.00 uJpkg, 0.00 uJdram
WorkloadPilot    4: 24188 op, 998071210.00 ns, 41.2631 us/op, 81621434.00 uJpkg, 0.00 uJdram
WorkloadPilot    5: 24235 op, 996741976.00 ns, 41.1282 us/op, 81197485.00 uJpkg, 0.00 uJdram
WorkloadPilot    6: 24314 op, 1002725356.00 ns, 41.2407 us/op, 81747410.00 uJpkg, 0.00 uJdram
WorkloadPilot    7: 24248 op, 1004423518.00 ns, 41.4229 us/op, 81942905.00 uJpkg, 0.00 uJdram
WorkloadPilot    8: 24141 op, 996142729.00 ns, 41.2635 us/op, 80797889.00 uJpkg, 0.00 uJdram
WorkloadPilot    9: 24234 op, 999806285.00 ns, 41.2563 us/op, 81463109.00 uJpkg, 0.00 uJdram
WorkloadPilot   10: 24239 op, 998458234.00 ns, 41.1922 us/op, 82489901.00 uJpkg, 0.00 uJdram
WorkloadPilot   11: 24276 op, 1002384771.00 ns, 41.2912 us/op, 81954563.00 uJpkg, 0.00 uJdram

WorkloadWarmup   1: 24276 op, 1000886374.00 ns, 41.2295 us/op, 81976902.00 uJpkg, 0.00 uJdram
WorkloadWarmup   2: 24276 op, 1000559170.00 ns, 41.2160 us/op, 81933567.00 uJpkg, 0.00 uJdram
WorkloadWarmup   3: 24276 op, 999155792.00 ns, 41.1582 us/op, 81640050.00 uJpkg, 0.00 uJdram
WorkloadWarmup   4: 24276 op, 998614040.00 ns, 41.1359 us/op, 81911289.00 uJpkg, 0.00 uJdram
WorkloadWarmup   5: 24276 op, 999205780.00 ns, 41.1602 us/op, 82020542.00 uJpkg, 0.00 uJdram
WorkloadWarmup   6: 24276 op, 999697404.00 ns, 41.1805 us/op, 82823762.00 uJpkg, 0.00 uJdram

// BeforeActualRun
WorkloadActual   1: 24276 op, 1001129396.00 ns, 41.2395 us/op, 82544710.00 uJpkg, 0.00 uJdram
WorkloadActual   2: 24276 op, 1002109721.00 ns, 41.2799 us/op, 81993381.00 uJpkg, 0.00 uJdram
WorkloadActual   3: 24276 op, 1002171022.00 ns, 41.2824 us/op, 81950230.00 uJpkg, 0.00 uJdram
WorkloadActual   4: 24276 op, 1002195224.00 ns, 41.2834 us/op, 82046360.00 uJpkg, 0.00 uJdram
WorkloadActual   5: 24276 op, 1002489071.00 ns, 41.2955 us/op, 82155185.00 uJpkg, 0.00 uJdram
WorkloadActual   6: 24276 op, 1000712082.00 ns, 41.2223 us/op, 81685337.00 uJpkg, 0.00 uJdram
WorkloadActual   7: 24276 op, 1001737458.00 ns, 41.2645 us/op, 81921970.00 uJpkg, 0.00 uJdram
WorkloadActual   8: 24276 op, 1004335676.00 ns, 41.3715 us/op, 82069980.00 uJpkg, 0.00 uJdram
WorkloadActual   9: 24276 op, 1000435792.00 ns, 41.2109 us/op, 81784642.00 uJpkg, 0.00 uJdram
WorkloadActual  10: 24276 op, 1004467758.00 ns, 41.3770 us/op, 82355990.00 uJpkg, 0.00 uJdram
WorkloadActual  11: 24276 op, 1002569806.00 ns, 41.2988 us/op, 82048923.00 uJpkg, 0.00 uJdram
WorkloadActual  12: 24276 op, 1001202117.00 ns, 41.2425 us/op, 82113621.00 uJpkg, 0.00 uJdram
WorkloadActual  13: 24276 op, 1001219111.00 ns, 41.2432 us/op, 82081516.00 uJpkg, 0.00 uJdram
WorkloadActual  14: 24276 op, 1003247950.00 ns, 41.3267 us/op, 82087803.00 uJpkg, 0.00 uJdram
WorkloadActual  15: 24276 op, 1001185581.00 ns, 41.2418 us/op, 82995271.00 uJpkg, 0.00 uJdram

// AfterActualRun
WorkloadResult   1: 24276 op, 1001129396.00 ns, 41.2395 us/op, 82544710.00 uJpkg, 0.00 uJdram
WorkloadResult   2: 24276 op, 1002109721.00 ns, 41.2799 us/op, 81993381.00 uJpkg, 0.00 uJdram
WorkloadResult   3: 24276 op, 1002171022.00 ns, 41.2824 us/op, 81950230.00 uJpkg, 0.00 uJdram
WorkloadResult   4: 24276 op, 1002195224.00 ns, 41.2834 us/op, 82046360.00 uJpkg, 0.00 uJdram
WorkloadResult   5: 24276 op, 1002489071.00 ns, 41.2955 us/op, 82155185.00 uJpkg, 0.00 uJdram
WorkloadResult   6: 24276 op, 1000712082.00 ns, 41.2223 us/op, 81685337.00 uJpkg, 0.00 uJdram
WorkloadResult   7: 24276 op, 1001737458.00 ns, 41.2645 us/op, 81921970.00 uJpkg, 0.00 uJdram
WorkloadResult   8: 24276 op, 1004335676.00 ns, 41.3715 us/op, 82069980.00 uJpkg, 0.00 uJdram
WorkloadResult   9: 24276 op, 1000435792.00 ns, 41.2109 us/op, 81784642.00 uJpkg, 0.00 uJdram
WorkloadResult  10: 24276 op, 1004467758.00 ns, 41.3770 us/op, 82355990.00 uJpkg, 0.00 uJdram
WorkloadResult  11: 24276 op, 1002569806.00 ns, 41.2988 us/op, 82048923.00 uJpkg, 0.00 uJdram
WorkloadResult  12: 24276 op, 1001202117.00 ns, 41.2425 us/op, 82113621.00 uJpkg, 0.00 uJdram
WorkloadResult  13: 24276 op, 1001219111.00 ns, 41.2432 us/op, 82081516.00 uJpkg, 0.00 uJdram
WorkloadResult  14: 24276 op, 1003247950.00 ns, 41.3267 us/op, 82087803.00 uJpkg, 0.00 uJdram
WorkloadResult  15: 24276 op, 1001185581.00 ns, 41.2418 us/op, 82995271.00 uJpkg, 0.00 uJdram

// AfterAll
// Benchmark Process 4068439 has exited with code 0.

Mean = 41.279 μs, StdErr = 0.013 μs (0.03%), N = 15, StdDev = 0.050 μs
Min = 41.211 μs, Q1 = 41.242 μs, Median = 41.280 μs, Q3 = 41.297 μs, Max = 41.377 μs
IQR = 0.055 μs, LowerFence = 41.160 μs, UpperFence = 41.380 μs
ConfidenceInterval = [41.225 μs; 41.332 μs] (CI 99.9%), Margin = 0.053 μs (0.13% of Mean)
Skewness = 0.64, Kurtosis = 2.29, MValue = 2

// ** Remained 20 (66.7%) benchmark(s) to run. Estimated finish 2025-12-31 22:16 (0h 8m from now) **
// **************************
// Benchmark: JsonSerializationBenchmarks.STJ_Deserialize_Small: Overhead-Fixed-Energy-9(OutlierMode=DontRemove, IterationCount=15, IterationTime=1s, LaunchCount=1, WarmupCount=6)
// *** Execute ***
// Launch: 1 / 1
// Execute: dotnet Serialization.Bench-Overhead-Fixed-Energy-9-1.dll --anonymousPipes 103 104 --benchmarkName Serialization.Bench.JsonSerializationBenchmarks.STJ_Deserialize_Small --job Overhead-Fixed-Energy-9 --benchmarkId 10 in /home/test/rapl-tests/lib-energy-bench/src/Serialization.Bench/bin/Release/net8.0/Serialization.Bench-Overhead-Fixed-Energy-9-1/bin/Release/net8.0
// BeforeAnythingElse

// Benchmark Process Environment Information:
// BenchmarkDotNet v0.15.5-develop (2025-12-31)
// Runtime=.NET 8.0.21 (8.0.21, 8.0.2125.47513), X64 RyuJIT x86-64-v4
// GC=Concurrent Workstation
// HardwareIntrinsics=AVX512 IFMA+VBMI,AVX512 F+BW+CD+DQ+VL,AVX2+BMI1+BMI2+F16C+FMA+LZCNT+MOVBE,AVX,SSE3+SSSE3+SSE4.1+SSE4.2+POPCNT,X86Base+SSE+SSE2,AES+PCLMUL VectorSize=256
// Job: Overhead-Fixed-Energy-9(OutlierMode=DontRemove, IterationCount=15, IterationTime=1s, LaunchCount=1, WarmupCount=6)

OverheadJitting  1: 1 op, 142874.00 ns, 142.8740 us/op, 56946.00 uJpkg, 0.00 uJdram
WorkloadJitting  1: 1 op, 181801.00 ns, 181.8010 us/op, 64514.00 uJpkg, 0.00 uJdram

OverheadJitting  2: 16 op, 395350.00 ns, 24.7094 us/op, 0.00 uJpkg, 0.00 uJdram
WorkloadJitting  2: 16 op, 467984.00 ns, 29.2490 us/op, 101562.00 uJpkg, 0.00 uJdram

WorkloadPilot    1: 16 op, 99151.00 ns, 6.1969 us/op, 0.00 uJpkg, 0.00 uJdram
WorkloadPilot    2: 161376 op, 567914131.00 ns, 3.5192 us/op, 44686837.00 uJpkg, 0.00 uJdram
WorkloadPilot    3: 284160 op, 573149738.00 ns, 2.0170 us/op, 51010368.00 uJpkg, 0.00 uJdram
WorkloadPilot    4: 495792 op, 992141907.00 ns, 2.0011 us/op, 88697221.00 uJpkg, 0.00 uJdram
WorkloadPilot    5: 499728 op, 1000243084.00 ns, 2.0016 us/op, 89328689.00 uJpkg, 0.00 uJdram
WorkloadPilot    6: 499616 op, 997144005.00 ns, 1.9958 us/op, 89305557.00 uJpkg, 0.00 uJdram
WorkloadPilot    7: 501056 op, 1004799026.00 ns, 2.0054 us/op, 90452405.00 uJpkg, 0.00 uJdram
WorkloadPilot    8: 498672 op, 996347523.00 ns, 1.9980 us/op, 89215287.00 uJpkg, 0.00 uJdram
WorkloadPilot    9: 500512 op, 1002959387.00 ns, 2.0039 us/op, 89617751.00 uJpkg, 0.00 uJdram

OverheadWarmup   1: 500512 op, 1743554.00 ns, 3.4835 ns/op, 84106.00 uJpkg, 0.00 uJdram
OverheadWarmup   2: 500512 op, 1711548.00 ns, 3.4196 ns/op, 143860.00 uJpkg, 0.00 uJdram
OverheadWarmup   3: 500512 op, 1721880.00 ns, 3.4402 ns/op, 132507.00 uJpkg, 0.00 uJdram
OverheadWarmup   4: 500512 op, 1710767.00 ns, 3.4180 ns/op, 80993.00 uJpkg, 0.00 uJdram
OverheadWarmup   5: 500512 op, 1715028.00 ns, 3.4265 ns/op, 140259.00 uJpkg, 0.00 uJdram
OverheadWarmup   6: 500512 op, 1720471.00 ns, 3.4374 ns/op, 159606.00 uJpkg, 0.00 uJdram
OverheadWarmup   7: 500512 op, 1715521.00 ns, 3.4275 ns/op, 133788.00 uJpkg, 0.00 uJdram

OverheadActual   1: 500512 op, 1743998.00 ns, 3.4844 ns/op, 153197.00 uJpkg, 0.00 uJdram
OverheadActual   2: 500512 op, 1712370.00 ns, 3.4212 ns/op, 151611.00 uJpkg, 0.00 uJdram
OverheadActual   3: 500512 op, 1712974.00 ns, 3.4224 ns/op, 140075.00 uJpkg, 0.00 uJdram
OverheadActual   4: 500512 op, 1714784.00 ns, 3.4261 ns/op, 140075.00 uJpkg, 0.00 uJdram
OverheadActual   5: 500512 op, 1709846.00 ns, 3.4162 ns/op, 125426.00 uJpkg, 0.00 uJdram
OverheadActual   6: 500512 op, 1718825.00 ns, 3.4341 ns/op, 141601.00 uJpkg, 0.00 uJdram
OverheadActual   7: 500512 op, 1710187.00 ns, 3.4169 ns/op, 143005.00 uJpkg, 0.00 uJdram
OverheadActual   8: 500512 op, 1722813.00 ns, 3.4421 ns/op, 155578.00 uJpkg, 0.00 uJdram
OverheadActual   9: 500512 op, 1714499.00 ns, 3.4255 ns/op, 146911.00 uJpkg, 0.00 uJdram
OverheadActual  10: 500512 op, 1729312.00 ns, 3.4551 ns/op, 85937.00 uJpkg, 0.00 uJdram
OverheadActual  11: 500512 op, 1742669.00 ns, 3.4818 ns/op, 147582.00 uJpkg, 0.00 uJdram
OverheadActual  12: 500512 op, 1744871.00 ns, 3.4862 ns/op, 57678.00 uJpkg, 0.00 uJdram
OverheadActual  13: 500512 op, 1724718.00 ns, 3.4459 ns/op, 151001.00 uJpkg, 0.00 uJdram
OverheadActual  14: 500512 op, 1714173.00 ns, 3.4248 ns/op, 166504.00 uJpkg, 0.00 uJdram
OverheadActual  15: 500512 op, 1727374.00 ns, 3.4512 ns/op, 141967.00 uJpkg, 0.00 uJdram

WorkloadWarmup   1: 500512 op, 1003522316.00 ns, 2.0050 us/op, 92191720.00 uJpkg, 0.00 uJdram
WorkloadWarmup   2: 500512 op, 1001364859.00 ns, 2.0007 us/op, 89645888.00 uJpkg, 0.00 uJdram
WorkloadWarmup   3: 500512 op, 998145408.00 ns, 1.9942 us/op, 89444900.00 uJpkg, 0.00 uJdram
WorkloadWarmup   4: 500512 op, 1000621545.00 ns, 1.9992 us/op, 89515884.00 uJpkg, 0.00 uJdram
WorkloadWarmup   5: 500512 op, 1000117440.00 ns, 1.9982 us/op, 89476638.00 uJpkg, 0.00 uJdram
WorkloadWarmup   6: 500512 op, 998282338.00 ns, 1.9945 us/op, 89436844.00 uJpkg, 0.00 uJdram

// BeforeActualRun
WorkloadActual   1: 500512 op, 1000161161.00 ns, 1.9983 us/op, 89321182.00 uJpkg, 0.00 uJdram
WorkloadActual   2: 500512 op, 1003174255.00 ns, 2.0043 us/op, 89943251.00 uJpkg, 0.00 uJdram
WorkloadActual   3: 500512 op, 1002442752.00 ns, 2.0028 us/op, 89947218.00 uJpkg, 0.00 uJdram
WorkloadActual   4: 500512 op, 1005244387.00 ns, 2.0084 us/op, 90019423.00 uJpkg, 0.00 uJdram
WorkloadActual   5: 500512 op, 1001250108.00 ns, 2.0005 us/op, 89914198.00 uJpkg, 0.00 uJdram
WorkloadActual   6: 500512 op, 1001803592.00 ns, 2.0016 us/op, 89900039.00 uJpkg, 0.00 uJdram
WorkloadActual   7: 500512 op, 1002506726.00 ns, 2.0030 us/op, 89995864.00 uJpkg, 0.00 uJdram
WorkloadActual   8: 500512 op, 1001569890.00 ns, 2.0011 us/op, 89714858.00 uJpkg, 0.00 uJdram
WorkloadActual   9: 500512 op, 1001194661.00 ns, 2.0003 us/op, 89759231.00 uJpkg, 0.00 uJdram
WorkloadActual  10: 500512 op, 1002844171.00 ns, 2.0036 us/op, 90632824.00 uJpkg, 0.00 uJdram
WorkloadActual  11: 500512 op, 1004676563.00 ns, 2.0073 us/op, 90386732.00 uJpkg, 0.00 uJdram
WorkloadActual  12: 500512 op, 1006074245.00 ns, 2.0101 us/op, 88837847.00 uJpkg, 0.00 uJdram
WorkloadActual  13: 500512 op, 1003458554.00 ns, 2.0049 us/op, 88876604.00 uJpkg, 0.00 uJdram
WorkloadActual  14: 500512 op, 1000253956.00 ns, 1.9985 us/op, 88694353.00 uJpkg, 0.00 uJdram
WorkloadActual  15: 500512 op, 1000633900.00 ns, 1.9992 us/op, 89155229.00 uJpkg, 0.00 uJdram

// AfterActualRun
WorkloadResult   1: 500512 op, 998442336.00 ns, 1.9948 us/op, 89321182.00 uJpkg, 0.00 uJdram
WorkloadResult   2: 500512 op, 1001455430.00 ns, 2.0009 us/op, 89943251.00 uJpkg, 0.00 uJdram
WorkloadResult   3: 500512 op, 1000723927.00 ns, 1.9994 us/op, 89947218.00 uJpkg, 0.00 uJdram
WorkloadResult   4: 500512 op, 1003525562.00 ns, 2.0050 us/op, 90019423.00 uJpkg, 0.00 uJdram
WorkloadResult   5: 500512 op, 999531283.00 ns, 1.9970 us/op, 89914198.00 uJpkg, 0.00 uJdram
WorkloadResult   6: 500512 op, 1000084767.00 ns, 1.9981 us/op, 89900039.00 uJpkg, 0.00 uJdram
WorkloadResult   7: 500512 op, 1000787901.00 ns, 1.9995 us/op, 89995864.00 uJpkg, 0.00 uJdram
WorkloadResult   8: 500512 op, 999851065.00 ns, 1.9977 us/op, 89714858.00 uJpkg, 0.00 uJdram
WorkloadResult   9: 500512 op, 999475836.00 ns, 1.9969 us/op, 89759231.00 uJpkg, 0.00 uJdram
WorkloadResult  10: 500512 op, 1001125346.00 ns, 2.0002 us/op, 90632824.00 uJpkg, 0.00 uJdram
WorkloadResult  11: 500512 op, 1002957738.00 ns, 2.0039 us/op, 90386732.00 uJpkg, 0.00 uJdram
WorkloadResult  12: 500512 op, 1004355420.00 ns, 2.0067 us/op, 88837847.00 uJpkg, 0.00 uJdram
WorkloadResult  13: 500512 op, 1001739729.00 ns, 2.0014 us/op, 88876604.00 uJpkg, 0.00 uJdram
WorkloadResult  14: 500512 op, 998535131.00 ns, 1.9950 us/op, 88694353.00 uJpkg, 0.00 uJdram
WorkloadResult  15: 500512 op, 998915075.00 ns, 1.9958 us/op, 89155229.00 uJpkg, 0.00 uJdram

// AfterAll
// Benchmark Process 4068455 has exited with code 0.

Mean = 1.999 μs, StdErr = 0.001 μs (0.05%), N = 15, StdDev = 0.004 μs
Min = 1.995 μs, Q1 = 1.997 μs, Median = 1.999 μs, Q3 = 2.001 μs, Max = 2.007 μs
IQR = 0.004 μs, LowerFence = 1.991 μs, UpperFence = 2.007 μs
ConfidenceInterval = [1.996 μs; 2.003 μs] (CI 99.9%), Margin = 0.004 μs (0.19% of Mean)
Skewness = 0.5, Kurtosis = 2.05, MValue = 2

// ** Remained 19 (63.3%) benchmark(s) to run. Estimated finish 2025-12-31 22:16 (0h 8m from now) **
// **************************
// Benchmark: JsonSerializationBenchmarks.Newtonsoft_Deserialize_Small: Overhead-Fixed-Energy-9(OutlierMode=DontRemove, IterationCount=15, IterationTime=1s, LaunchCount=1, WarmupCount=6)
// *** Execute ***
// Launch: 1 / 1
// Execute: dotnet Serialization.Bench-Overhead-Fixed-Energy-9-1.dll --anonymousPipes 103 104 --benchmarkName Serialization.Bench.JsonSerializationBenchmarks.Newtonsoft_Deserialize_Small --job Overhead-Fixed-Energy-9 --benchmarkId 11 in /home/test/rapl-tests/lib-energy-bench/src/Serialization.Bench/bin/Release/net8.0/Serialization.Bench-Overhead-Fixed-Energy-9-1/bin/Release/net8.0
// BeforeAnythingElse

// Benchmark Process Environment Information:
// BenchmarkDotNet v0.15.5-develop (2025-12-31)
// Runtime=.NET 8.0.21 (8.0.21, 8.0.2125.47513), X64 RyuJIT x86-64-v4
// GC=Concurrent Workstation
// HardwareIntrinsics=AVX512 IFMA+VBMI,AVX512 F+BW+CD+DQ+VL,AVX2+BMI1+BMI2+F16C+FMA+LZCNT+MOVBE,AVX,SSE3+SSSE3+SSE4.1+SSE4.2+POPCNT,X86Base+SSE+SSE2,AES+PCLMUL VectorSize=256
// Job: Overhead-Fixed-Energy-9(OutlierMode=DontRemove, IterationCount=15, IterationTime=1s, LaunchCount=1, WarmupCount=6)

OverheadJitting  1: 1 op, 142510.00 ns, 142.5100 us/op, 62622.00 uJpkg, 0.00 uJdram
WorkloadJitting  1: 1 op, 41910820.00 ns, 41.9108 ms/op, 2543878.00 uJpkg, 0.00 uJdram

OverheadJitting  2: 16 op, 389054.00 ns, 24.3159 us/op, 0.00 uJpkg, 0.00 uJdram
WorkloadJitting  2: 16 op, 816298.00 ns, 51.0186 us/op, 70679.00 uJpkg, 0.00 uJdram

WorkloadPilot    1: 16 op, 408139.00 ns, 25.5087 us/op, 64881.00 uJpkg, 0.00 uJdram
WorkloadPilot    2: 39216 op, 335251947.00 ns, 8.5489 us/op, 26774346.00 uJpkg, 0.00 uJdram
WorkloadPilot    3: 116976 op, 406639907.00 ns, 3.4763 us/op, 35001131.00 uJpkg, 0.00 uJdram
WorkloadPilot    4: 287680 op, 992176676.00 ns, 3.4489 us/op, 86251489.00 uJpkg, 0.00 uJdram
WorkloadPilot    5: 289952 op, 1001338363.00 ns, 3.4535 us/op, 86066247.00 uJpkg, 0.00 uJdram
WorkloadPilot    6: 289568 op, 1001464012.00 ns, 3.4585 us/op, 86291955.00 uJpkg, 0.00 uJdram
WorkloadPilot    7: 289152 op, 1001090516.00 ns, 3.4622 us/op, 86409813.00 uJpkg, 0.00 uJdram

OverheadWarmup   1: 289152 op, 986209.00 ns, 3.4107 ns/op, 64636.00 uJpkg, 0.00 uJdram
OverheadWarmup   2: 289152 op, 989132.00 ns, 3.4208 ns/op, 82397.00 uJpkg, 0.00 uJdram
OverheadWarmup   3: 289152 op, 1003835.00 ns, 3.4717 ns/op, 65734.00 uJpkg, 0.00 uJdram
OverheadWarmup   4: 289152 op, 1003638.00 ns, 3.4710 ns/op, 66589.00 uJpkg, 0.00 uJdram
OverheadWarmup   5: 289152 op, 1000485.00 ns, 3.4601 ns/op, 65796.00 uJpkg, 0.00 uJdram
OverheadWarmup   6: 289152 op, 1001265.00 ns, 3.4628 ns/op, 72021.00 uJpkg, 0.00 uJdram
OverheadWarmup   7: 289152 op, 1001423.00 ns, 3.4633 ns/op, 73791.00 uJpkg, 0.00 uJdram
OverheadWarmup   8: 289152 op, 1006369.00 ns, 3.4804 ns/op, 83435.00 uJpkg, 0.00 uJdram
OverheadWarmup   9: 289152 op, 1003636.00 ns, 3.4710 ns/op, 80200.00 uJpkg, 0.00 uJdram

OverheadActual   1: 289152 op, 1004149.00 ns, 3.4727 ns/op, 65673.00 uJpkg, 0.00 uJdram
OverheadActual   2: 289152 op, 991890.00 ns, 3.4303 ns/op, 64453.00 uJpkg, 0.00 uJdram
OverheadActual   3: 289152 op, 993674.00 ns, 3.4365 ns/op, 67322.00 uJpkg, 0.00 uJdram
OverheadActual   4: 289152 op, 996603.00 ns, 3.4466 ns/op, 82763.00 uJpkg, 0.00 uJdram
OverheadActual   5: 289152 op, 1002463.00 ns, 3.4669 ns/op, 92101.00 uJpkg, 0.00 uJdram
OverheadActual   6: 289152 op, 1001713.00 ns, 3.4643 ns/op, 67931.00 uJpkg, 0.00 uJdram
OverheadActual   7: 289152 op, 1003986.00 ns, 3.4722 ns/op, 80444.00 uJpkg, 0.00 uJdram
OverheadActual   8: 289152 op, 1002205.00 ns, 3.4660 ns/op, 84289.00 uJpkg, 0.00 uJdram
OverheadActual   9: 289152 op, 1007644.00 ns, 3.4848 ns/op, 85693.00 uJpkg, 0.00 uJdram
OverheadActual  10: 289152 op, 1003375.00 ns, 3.4701 ns/op, 67444.00 uJpkg, 0.00 uJdram
OverheadActual  11: 289152 op, 1003983.00 ns, 3.4722 ns/op, 70007.00 uJpkg, 0.00 uJdram
OverheadActual  12: 289152 op, 992965.00 ns, 3.4341 ns/op, 78430.00 uJpkg, 0.00 uJdram
OverheadActual  13: 289152 op, 994464.00 ns, 3.4392 ns/op, 154357.00 uJpkg, 0.00 uJdram
OverheadActual  14: 289152 op, 1006847.00 ns, 3.4821 ns/op, 144348.00 uJpkg, 0.00 uJdram
OverheadActual  15: 289152 op, 995678.00 ns, 3.4434 ns/op, 84289.00 uJpkg, 0.00 uJdram

WorkloadWarmup   1: 289152 op, 1002921555.00 ns, 3.4685 us/op, 89718703.00 uJpkg, 0.00 uJdram
WorkloadWarmup   2: 289152 op, 1002992241.00 ns, 3.4687 us/op, 86641318.00 uJpkg, 0.00 uJdram
WorkloadWarmup   3: 289152 op, 1000936143.00 ns, 3.4616 us/op, 86438073.00 uJpkg, 0.00 uJdram
WorkloadWarmup   4: 289152 op, 1001177120.00 ns, 3.4625 us/op, 86337487.00 uJpkg, 0.00 uJdram
WorkloadWarmup   5: 289152 op, 997664178.00 ns, 3.4503 us/op, 86049096.00 uJpkg, 0.00 uJdram
WorkloadWarmup   6: 289152 op, 998327692.00 ns, 3.4526 us/op, 86275597.00 uJpkg, 0.00 uJdram

// BeforeActualRun
WorkloadActual   1: 289152 op, 1002499491.00 ns, 3.4670 us/op, 86588890.00 uJpkg, 0.00 uJdram
WorkloadActual   2: 289152 op, 1000577166.00 ns, 3.4604 us/op, 86344627.00 uJpkg, 0.00 uJdram
WorkloadActual   3: 289152 op, 999738400.00 ns, 3.4575 us/op, 86961509.00 uJpkg, 0.00 uJdram
WorkloadActual   4: 289152 op, 1000709856.00 ns, 3.4608 us/op, 86588889.00 uJpkg, 0.00 uJdram
WorkloadActual   5: 289152 op, 1000311025.00 ns, 3.4595 us/op, 87096884.00 uJpkg, 0.00 uJdram
WorkloadActual   6: 289152 op, 1002093508.00 ns, 3.4656 us/op, 86930014.00 uJpkg, 0.00 uJdram
WorkloadActual   7: 289152 op, 999184367.00 ns, 3.4556 us/op, 86588341.00 uJpkg, 0.00 uJdram
WorkloadActual   8: 289152 op, 1002581065.00 ns, 3.4673 us/op, 86822715.00 uJpkg, 0.00 uJdram
WorkloadActual   9: 289152 op, 1003961584.00 ns, 3.4721 us/op, 87194723.00 uJpkg, 0.00 uJdram
WorkloadActual  10: 289152 op, 1000528885.00 ns, 3.4602 us/op, 87726887.00 uJpkg, 0.00 uJdram
WorkloadActual  11: 289152 op, 1002925712.00 ns, 3.4685 us/op, 86637291.00 uJpkg, 0.00 uJdram
WorkloadActual  12: 289152 op, 1002420646.00 ns, 3.4668 us/op, 86605308.00 uJpkg, 0.00 uJdram
WorkloadActual  13: 289152 op, 1001055842.00 ns, 3.4620 us/op, 86659385.00 uJpkg, 0.00 uJdram
WorkloadActual  14: 289152 op, 998937620.00 ns, 3.4547 us/op, 86430260.00 uJpkg, 0.00 uJdram
WorkloadActual  15: 289152 op, 1005978003.00 ns, 3.4791 us/op, 87503560.00 uJpkg, 0.00 uJdram

// AfterActualRun
WorkloadResult   1: 289152 op, 1001497286.00 ns, 3.4636 us/op, 86588890.00 uJpkg, 0.00 uJdram
WorkloadResult   2: 289152 op, 999574961.00 ns, 3.4569 us/op, 86344627.00 uJpkg, 0.00 uJdram
WorkloadResult   3: 289152 op, 998736195.00 ns, 3.4540 us/op, 86961509.00 uJpkg, 0.00 uJdram
WorkloadResult   4: 289152 op, 999707651.00 ns, 3.4574 us/op, 86588889.00 uJpkg, 0.00 uJdram
WorkloadResult   5: 289152 op, 999308820.00 ns, 3.4560 us/op, 87096884.00 uJpkg, 0.00 uJdram
WorkloadResult   6: 289152 op, 1001091303.00 ns, 3.4622 us/op, 86930014.00 uJpkg, 0.00 uJdram
WorkloadResult   7: 289152 op, 998182162.00 ns, 3.4521 us/op, 86588341.00 uJpkg, 0.00 uJdram
WorkloadResult   8: 289152 op, 1001578860.00 ns, 3.4638 us/op, 86822715.00 uJpkg, 0.00 uJdram
WorkloadResult   9: 289152 op, 1002959379.00 ns, 3.4686 us/op, 87194723.00 uJpkg, 0.00 uJdram
WorkloadResult  10: 289152 op, 999526680.00 ns, 3.4568 us/op, 87726887.00 uJpkg, 0.00 uJdram
WorkloadResult  11: 289152 op, 1001923507.00 ns, 3.4650 us/op, 86637291.00 uJpkg, 0.00 uJdram
WorkloadResult  12: 289152 op, 1001418441.00 ns, 3.4633 us/op, 86605308.00 uJpkg, 0.00 uJdram
WorkloadResult  13: 289152 op, 1000053637.00 ns, 3.4586 us/op, 86659385.00 uJpkg, 0.00 uJdram
WorkloadResult  14: 289152 op, 997935415.00 ns, 3.4512 us/op, 86430260.00 uJpkg, 0.00 uJdram
WorkloadResult  15: 289152 op, 1004975798.00 ns, 3.4756 us/op, 87503560.00 uJpkg, 0.00 uJdram

// AfterAll
// Benchmark Process 4068474 has exited with code 0.

Mean = 3.460 μs, StdErr = 0.002 μs (0.05%), N = 15, StdDev = 0.007 μs
Min = 3.451 μs, Q1 = 3.456 μs, Median = 3.459 μs, Q3 = 3.464 μs, Max = 3.476 μs
IQR = 0.007 μs, LowerFence = 3.445 μs, UpperFence = 3.475 μs
ConfidenceInterval = [3.453 μs; 3.467 μs] (CI 99.9%), Margin = 0.007 μs (0.20% of Mean)
Skewness = 0.6, Kurtosis = 2.63, MValue = 2

// ** Remained 18 (60.0%) benchmark(s) to run. Estimated finish 2025-12-31 22:16 (0h 7m from now) **
// **************************
// Benchmark: JsonSerializationBenchmarks.Jil_Deserialize_Small: Overhead-Fixed-Energy-9(OutlierMode=DontRemove, IterationCount=15, IterationTime=1s, LaunchCount=1, WarmupCount=6)
// *** Execute ***
// Launch: 1 / 1
// Execute: dotnet Serialization.Bench-Overhead-Fixed-Energy-9-1.dll --anonymousPipes 103 104 --benchmarkName Serialization.Bench.JsonSerializationBenchmarks.Jil_Deserialize_Small --job Overhead-Fixed-Energy-9 --benchmarkId 12 in /home/test/rapl-tests/lib-energy-bench/src/Serialization.Bench/bin/Release/net8.0/Serialization.Bench-Overhead-Fixed-Energy-9-1/bin/Release/net8.0
// BeforeAnythingElse

// Benchmark Process Environment Information:
// BenchmarkDotNet v0.15.5-develop (2025-12-31)
// Runtime=.NET 8.0.21 (8.0.21, 8.0.2125.47513), X64 RyuJIT x86-64-v4
// GC=Concurrent Workstation
// HardwareIntrinsics=AVX512 IFMA+VBMI,AVX512 F+BW+CD+DQ+VL,AVX2+BMI1+BMI2+F16C+FMA+LZCNT+MOVBE,AVX,SSE3+SSSE3+SSE4.1+SSE4.2+POPCNT,X86Base+SSE+SSE2,AES+PCLMUL VectorSize=256
// Job: Overhead-Fixed-Energy-9(OutlierMode=DontRemove, IterationCount=15, IterationTime=1s, LaunchCount=1, WarmupCount=6)

OverheadJitting  1: 1 op, 149735.00 ns, 149.7350 us/op, 0.00 uJpkg, 0.00 uJdram
WorkloadJitting  1: 1 op, 113650594.00 ns, 113.6506 ms/op, 7178937.00 uJpkg, 0.00 uJdram

WorkloadPilot    1: 4 op, 41522.00 ns, 10.3805 us/op, 0.00 uJpkg, 0.00 uJdram
WorkloadPilot    2: 96334 op, 306913084.00 ns, 3.1859 us/op, 23702210.00 uJpkg, 0.00 uJdram
WorkloadPilot    3: 313880 op, 708709575.00 ns, 2.2579 us/op, 60105498.00 uJpkg, 0.00 uJdram
WorkloadPilot    4: 442889 op, 999613520.00 ns, 2.2570 us/op, 85056484.00 uJpkg, 0.00 uJdram
WorkloadPilot    5: 443060 op, 997954711.00 ns, 2.2524 us/op, 85132045.00 uJpkg, 0.00 uJdram
WorkloadPilot    6: 443968 op, 1003134874.00 ns, 2.2595 us/op, 85743249.00 uJpkg, 0.00 uJdram
WorkloadPilot    7: 442581 op, 1000604734.00 ns, 2.2608 us/op, 85582361.00 uJpkg, 0.00 uJdram
WorkloadPilot    8: 442314 op, 999514012.00 ns, 2.2597 us/op, 85935388.00 uJpkg, 0.00 uJdram
WorkloadPilot    9: 442529 op, 997719031.00 ns, 2.2546 us/op, 84660855.00 uJpkg, 0.00 uJdram
WorkloadPilot   10: 443541 op, 997882475.00 ns, 2.2498 us/op, 85523524.00 uJpkg, 0.00 uJdram
WorkloadPilot   11: 444482 op, 1002354220.00 ns, 2.2551 us/op, 85195888.00 uJpkg, 0.00 uJdram

WorkloadWarmup   1: 444482 op, 1003315405.00 ns, 2.2573 us/op, 85705957.00 uJpkg, 0.00 uJdram
WorkloadWarmup   2: 444482 op, 999712355.00 ns, 2.2492 us/op, 84956569.00 uJpkg, 0.00 uJdram
WorkloadWarmup   3: 444482 op, 999874114.00 ns, 2.2495 us/op, 85118801.00 uJpkg, 0.00 uJdram
WorkloadWarmup   4: 444482 op, 998736894.00 ns, 2.2470 us/op, 84789761.00 uJpkg, 0.00 uJdram
WorkloadWarmup   5: 444482 op, 997468562.00 ns, 2.2441 us/op, 84887417.00 uJpkg, 0.00 uJdram
WorkloadWarmup   6: 444482 op, 1000332609.00 ns, 2.2506 us/op, 86167321.00 uJpkg, 0.00 uJdram

// BeforeActualRun
WorkloadActual   1: 444482 op, 1002214871.00 ns, 2.2548 us/op, 85664148.00 uJpkg, 0.00 uJdram
WorkloadActual   2: 444482 op, 1002748976.00 ns, 2.2560 us/op, 85358790.00 uJpkg, 0.00 uJdram
WorkloadActual   3: 444482 op, 1004292961.00 ns, 2.2595 us/op, 86354149.00 uJpkg, 0.00 uJdram
WorkloadActual   4: 444482 op, 1001876067.00 ns, 2.2540 us/op, 85185756.00 uJpkg, 0.00 uJdram
WorkloadActual   5: 444482 op, 1003614988.00 ns, 2.2579 us/op, 85916773.00 uJpkg, 0.00 uJdram
WorkloadActual   6: 444482 op, 1001003761.00 ns, 2.2521 us/op, 84980862.00 uJpkg, 0.00 uJdram
WorkloadActual   7: 444482 op, 1002061221.00 ns, 2.2544 us/op, 85444117.00 uJpkg, 0.00 uJdram
WorkloadActual   8: 444482 op, 1004722011.00 ns, 2.2604 us/op, 86638511.00 uJpkg, 0.00 uJdram
WorkloadActual   9: 444482 op, 1001911749.00 ns, 2.2541 us/op, 85583948.00 uJpkg, 0.00 uJdram
WorkloadActual  10: 444482 op, 1001269049.00 ns, 2.2527 us/op, 85332423.00 uJpkg, 0.00 uJdram
WorkloadActual  11: 444482 op, 1001823762.00 ns, 2.2539 us/op, 85307216.00 uJpkg, 0.00 uJdram
WorkloadActual  12: 444482 op, 1002344627.00 ns, 2.2551 us/op, 85407374.00 uJpkg, 0.00 uJdram
WorkloadActual  13: 444482 op, 1002054043.00 ns, 2.2544 us/op, 84990200.00 uJpkg, 0.00 uJdram
WorkloadActual  14: 444482 op, 1002016574.00 ns, 2.2543 us/op, 84921902.00 uJpkg, 0.00 uJdram
WorkloadActual  15: 444482 op, 1006143476.00 ns, 2.2636 us/op, 87069541.00 uJpkg, 0.00 uJdram

// AfterActualRun
WorkloadResult   1: 444482 op, 1002214871.00 ns, 2.2548 us/op, 85664148.00 uJpkg, 0.00 uJdram
WorkloadResult   2: 444482 op, 1002748976.00 ns, 2.2560 us/op, 85358790.00 uJpkg, 0.00 uJdram
WorkloadResult   3: 444482 op, 1004292961.00 ns, 2.2595 us/op, 86354149.00 uJpkg, 0.00 uJdram
WorkloadResult   4: 444482 op, 1001876067.00 ns, 2.2540 us/op, 85185756.00 uJpkg, 0.00 uJdram
WorkloadResult   5: 444482 op, 1003614988.00 ns, 2.2579 us/op, 85916773.00 uJpkg, 0.00 uJdram
WorkloadResult   6: 444482 op, 1001003761.00 ns, 2.2521 us/op, 84980862.00 uJpkg, 0.00 uJdram
WorkloadResult   7: 444482 op, 1002061221.00 ns, 2.2544 us/op, 85444117.00 uJpkg, 0.00 uJdram
WorkloadResult   8: 444482 op, 1004722011.00 ns, 2.2604 us/op, 86638511.00 uJpkg, 0.00 uJdram
WorkloadResult   9: 444482 op, 1001911749.00 ns, 2.2541 us/op, 85583948.00 uJpkg, 0.00 uJdram
WorkloadResult  10: 444482 op, 1001269049.00 ns, 2.2527 us/op, 85332423.00 uJpkg, 0.00 uJdram
WorkloadResult  11: 444482 op, 1001823762.00 ns, 2.2539 us/op, 85307216.00 uJpkg, 0.00 uJdram
WorkloadResult  12: 444482 op, 1002344627.00 ns, 2.2551 us/op, 85407374.00 uJpkg, 0.00 uJdram
WorkloadResult  13: 444482 op, 1002054043.00 ns, 2.2544 us/op, 84990200.00 uJpkg, 0.00 uJdram
WorkloadResult  14: 444482 op, 1002016574.00 ns, 2.2543 us/op, 84921902.00 uJpkg, 0.00 uJdram
WorkloadResult  15: 444482 op, 1006143476.00 ns, 2.2636 us/op, 87069541.00 uJpkg, 0.00 uJdram

// AfterAll
// Benchmark Process 4068492 has exited with code 0.

Mean = 2.256 μs, StdErr = 0.001 μs (0.04%), N = 15, StdDev = 0.003 μs
Min = 2.252 μs, Q1 = 2.254 μs, Median = 2.254 μs, Q3 = 2.257 μs, Max = 2.264 μs
IQR = 0.003 μs, LowerFence = 2.250 μs, UpperFence = 2.261 μs
ConfidenceInterval = [2.252 μs; 2.259 μs] (CI 99.9%), Margin = 0.003 μs (0.15% of Mean)
Skewness = 1.08, Kurtosis = 3.07, MValue = 2

// ** Remained 17 (56.7%) benchmark(s) to run. Estimated finish 2025-12-31 22:16 (0h 7m from now) **
// **************************
// Benchmark: JsonSerializationBenchmarks.Utf8Json_Deserialize_Small: Overhead-Fixed-Energy-9(OutlierMode=DontRemove, IterationCount=15, IterationTime=1s, LaunchCount=1, WarmupCount=6)
// *** Execute ***
// Launch: 1 / 1
// Execute: dotnet Serialization.Bench-Overhead-Fixed-Energy-9-1.dll --anonymousPipes 103 104 --benchmarkName Serialization.Bench.JsonSerializationBenchmarks.Utf8Json_Deserialize_Small --job Overhead-Fixed-Energy-9 --benchmarkId 13 in /home/test/rapl-tests/lib-energy-bench/src/Serialization.Bench/bin/Release/net8.0/Serialization.Bench-Overhead-Fixed-Energy-9-1/bin/Release/net8.0
// BeforeAnythingElse

// Benchmark Process Environment Information:
// BenchmarkDotNet v0.15.5-develop (2025-12-31)
// Runtime=.NET 8.0.21 (8.0.21, 8.0.2125.47513), X64 RyuJIT x86-64-v4
// GC=Concurrent Workstation
// HardwareIntrinsics=AVX512 IFMA+VBMI,AVX512 F+BW+CD+DQ+VL,AVX2+BMI1+BMI2+F16C+FMA+LZCNT+MOVBE,AVX,SSE3+SSSE3+SSE4.1+SSE4.2+POPCNT,X86Base+SSE+SSE2,AES+PCLMUL VectorSize=256
// Job: Overhead-Fixed-Energy-9(OutlierMode=DontRemove, IterationCount=15, IterationTime=1s, LaunchCount=1, WarmupCount=6)

OverheadJitting  1: 1 op, 140486.00 ns, 140.4860 us/op, 0.00 uJpkg, 0.00 uJdram
WorkloadJitting  1: 1 op, 46620378.00 ns, 46.6204 ms/op, 2903740.00 uJpkg, 0.00 uJdram

OverheadJitting  2: 16 op, 402237.00 ns, 25.1398 us/op, 75867.00 uJpkg, 0.00 uJdram
WorkloadJitting  2: 16 op, 667110.00 ns, 41.6944 us/op, 71716.00 uJpkg, 0.00 uJdram

WorkloadPilot    1: 16 op, 285511.00 ns, 17.8444 us/op, 74707.00 uJpkg, 0.00 uJdram
WorkloadPilot    2: 56048 op, 621905317.00 ns, 11.0959 us/op, 50385186.00 uJpkg, 0.00 uJdram
WorkloadPilot    3: 90128 op, 191452548.00 ns, 2.1242 us/op, 16779986.00 uJpkg, 0.00 uJdram
WorkloadPilot    4: 470768 op, 955418573.00 ns, 2.0295 us/op, 80666724.00 uJpkg, 0.00 uJdram
WorkloadPilot    5: 492736 op, 998857745.00 ns, 2.0272 us/op, 84973660.00 uJpkg, 0.00 uJdram
WorkloadPilot    6: 493312 op, 1000398989.00 ns, 2.0279 us/op, 84739102.00 uJpkg, 0.00 uJdram
WorkloadPilot    7: 493120 op, 998807417.00 ns, 2.0255 us/op, 85153835.00 uJpkg, 0.00 uJdram
WorkloadPilot    8: 493712 op, 998266934.00 ns, 2.0220 us/op, 84484098.00 uJpkg, 0.00 uJdram
WorkloadPilot    9: 494576 op, 1001495665.00 ns, 2.0250 us/op, 84475735.00 uJpkg, 0.00 uJdram
WorkloadPilot   10: 493840 op, 1003516267.00 ns, 2.0321 us/op, 85670435.00 uJpkg, 0.00 uJdram

OverheadWarmup   1: 493840 op, 1687844.00 ns, 3.4178 ns/op, 152709.00 uJpkg, 0.00 uJdram
OverheadWarmup   2: 493840 op, 1710218.00 ns, 3.4631 ns/op, 74402.00 uJpkg, 0.00 uJdram
OverheadWarmup   3: 493840 op, 1716788.00 ns, 3.4764 ns/op, 100525.00 uJpkg, 0.00 uJdram
OverheadWarmup   4: 493840 op, 1689440.00 ns, 3.4210 ns/op, 144043.00 uJpkg, 0.00 uJdram
OverheadWarmup   5: 493840 op, 1719889.00 ns, 3.4827 ns/op, 143432.00 uJpkg, 0.00 uJdram
OverheadWarmup   6: 493840 op, 1696229.00 ns, 3.4348 ns/op, 69031.00 uJpkg, 0.00 uJdram

OverheadActual   1: 493840 op, 1699077.00 ns, 3.4405 ns/op, 141113.00 uJpkg, 0.00 uJdram
OverheadActual   2: 493840 op, 1690921.00 ns, 3.4240 ns/op, 138732.00 uJpkg, 0.00 uJdram
OverheadActual   3: 493840 op, 1695984.00 ns, 3.4343 ns/op, 139526.00 uJpkg, 0.00 uJdram
OverheadActual   4: 493840 op, 1702990.00 ns, 3.4485 ns/op, 71289.00 uJpkg, 0.00 uJdram
OverheadActual   5: 493840 op, 1700696.00 ns, 3.4438 ns/op, 168213.00 uJpkg, 0.00 uJdram
OverheadActual   6: 493840 op, 1686305.00 ns, 3.4147 ns/op, 144958.00 uJpkg, 0.00 uJdram
OverheadActual   7: 493840 op, 1691646.00 ns, 3.4255 ns/op, 148193.00 uJpkg, 0.00 uJdram
OverheadActual   8: 493840 op, 1692047.00 ns, 3.4263 ns/op, 120239.00 uJpkg, 0.00 uJdram
OverheadActual   9: 493840 op, 1698254.00 ns, 3.4389 ns/op, 55115.00 uJpkg, 0.00 uJdram
OverheadActual  10: 493840 op, 1687821.00 ns, 3.4177 ns/op, 136108.00 uJpkg, 0.00 uJdram
OverheadActual  11: 493840 op, 1689333.00 ns, 3.4208 ns/op, 151916.00 uJpkg, 0.00 uJdram
OverheadActual  12: 493840 op, 1693806.00 ns, 3.4299 ns/op, 136596.00 uJpkg, 0.00 uJdram
OverheadActual  13: 493840 op, 1694161.00 ns, 3.4306 ns/op, 73059.00 uJpkg, 0.00 uJdram
OverheadActual  14: 493840 op, 1687126.00 ns, 3.4163 ns/op, 168151.00 uJpkg, 0.00 uJdram
OverheadActual  15: 493840 op, 1688582.00 ns, 3.4193 ns/op, 164002.00 uJpkg, 0.00 uJdram

WorkloadWarmup   1: 493840 op, 1008316478.00 ns, 2.0418 us/op, 88084125.00 uJpkg, 0.00 uJdram
WorkloadWarmup   2: 493840 op, 1004190038.00 ns, 2.0334 us/op, 84990383.00 uJpkg, 0.00 uJdram
WorkloadWarmup   3: 493840 op, 1001094673.00 ns, 2.0272 us/op, 84612820.00 uJpkg, 0.00 uJdram
WorkloadWarmup   4: 493840 op, 1000164528.00 ns, 2.0253 us/op, 84891445.00 uJpkg, 0.00 uJdram
WorkloadWarmup   5: 493840 op, 999476160.00 ns, 2.0239 us/op, 84799343.00 uJpkg, 0.00 uJdram
WorkloadWarmup   6: 493840 op, 1001184295.00 ns, 2.0273 us/op, 84864773.00 uJpkg, 0.00 uJdram

// BeforeActualRun
WorkloadActual   1: 493840 op, 1003894183.00 ns, 2.0328 us/op, 85231716.00 uJpkg, 0.00 uJdram
WorkloadActual   2: 493840 op, 1002533690.00 ns, 2.0301 us/op, 85153042.00 uJpkg, 0.00 uJdram
WorkloadActual   3: 493840 op, 1000012265.00 ns, 2.0250 us/op, 85117274.00 uJpkg, 0.00 uJdram
WorkloadActual   4: 493840 op, 999915122.00 ns, 2.0248 us/op, 84685330.00 uJpkg, 0.00 uJdram
WorkloadActual   5: 493840 op, 1001819203.00 ns, 2.0286 us/op, 85147853.00 uJpkg, 0.00 uJdram
WorkloadActual   6: 493840 op, 999545775.00 ns, 2.0240 us/op, 84771206.00 uJpkg, 0.00 uJdram
WorkloadActual   7: 493840 op, 1003378109.00 ns, 2.0318 us/op, 84844510.00 uJpkg, 0.00 uJdram
WorkloadActual   8: 493840 op, 1002082368.00 ns, 2.0292 us/op, 85088710.00 uJpkg, 0.00 uJdram
WorkloadActual   9: 493840 op, 1002772491.00 ns, 2.0306 us/op, 85328151.00 uJpkg, 0.00 uJdram
WorkloadActual  10: 493840 op, 1001463891.00 ns, 2.0279 us/op, 85923974.00 uJpkg, 0.00 uJdram
WorkloadActual  11: 493840 op, 999683326.00 ns, 2.0243 us/op, 84714139.00 uJpkg, 0.00 uJdram
WorkloadActual  12: 493840 op, 1001812582.00 ns, 2.0286 us/op, 84715176.00 uJpkg, 0.00 uJdram
WorkloadActual  13: 493840 op, 999134708.00 ns, 2.0232 us/op, 84342069.00 uJpkg, 0.00 uJdram
WorkloadActual  14: 493840 op, 1001685969.00 ns, 2.0284 us/op, 84525785.00 uJpkg, 0.00 uJdram
WorkloadActual  15: 493840 op, 998789150.00 ns, 2.0225 us/op, 84379301.00 uJpkg, 0.00 uJdram

// AfterActualRun
WorkloadResult   1: 493840 op, 1002202136.00 ns, 2.0294 us/op, 85231716.00 uJpkg, 0.00 uJdram
WorkloadResult   2: 493840 op, 1000841643.00 ns, 2.0267 us/op, 85153042.00 uJpkg, 0.00 uJdram
WorkloadResult   3: 493840 op, 998320218.00 ns, 2.0215 us/op, 85117274.00 uJpkg, 0.00 uJdram
WorkloadResult   4: 493840 op, 998223075.00 ns, 2.0213 us/op, 84685330.00 uJpkg, 0.00 uJdram
WorkloadResult   5: 493840 op, 1000127156.00 ns, 2.0252 us/op, 85147853.00 uJpkg, 0.00 uJdram
WorkloadResult   6: 493840 op, 997853728.00 ns, 2.0206 us/op, 84771206.00 uJpkg, 0.00 uJdram
WorkloadResult   7: 493840 op, 1001686062.00 ns, 2.0284 us/op, 84844510.00 uJpkg, 0.00 uJdram
WorkloadResult   8: 493840 op, 1000390321.00 ns, 2.0257 us/op, 85088710.00 uJpkg, 0.00 uJdram
WorkloadResult   9: 493840 op, 1001080444.00 ns, 2.0271 us/op, 85328151.00 uJpkg, 0.00 uJdram
WorkloadResult  10: 493840 op, 999771844.00 ns, 2.0245 us/op, 85923974.00 uJpkg, 0.00 uJdram
WorkloadResult  11: 493840 op, 997991279.00 ns, 2.0209 us/op, 84714139.00 uJpkg, 0.00 uJdram
WorkloadResult  12: 493840 op, 1000120535.00 ns, 2.0252 us/op, 84715176.00 uJpkg, 0.00 uJdram
WorkloadResult  13: 493840 op, 997442661.00 ns, 2.0198 us/op, 84342069.00 uJpkg, 0.00 uJdram
WorkloadResult  14: 493840 op, 999993922.00 ns, 2.0249 us/op, 84525785.00 uJpkg, 0.00 uJdram
WorkloadResult  15: 493840 op, 997097103.00 ns, 2.0191 us/op, 84379301.00 uJpkg, 0.00 uJdram

// AfterAll
// Benchmark Process 4068507 has exited with code 0.

Mean = 2.024 μs, StdErr = 0.001 μs (0.04%), N = 15, StdDev = 0.003 μs
Min = 2.019 μs, Q1 = 2.021 μs, Median = 2.025 μs, Q3 = 2.026 μs, Max = 2.029 μs
IQR = 0.005 μs, LowerFence = 2.013 μs, UpperFence = 2.034 μs
ConfidenceInterval = [2.021 μs; 2.028 μs] (CI 99.9%), Margin = 0.003 μs (0.17% of Mean)
Skewness = -0.02, Kurtosis = 1.54, MValue = 2

// ** Remained 16 (53.3%) benchmark(s) to run. Estimated finish 2025-12-31 22:16 (0h 7m from now) **
// **************************
// Benchmark: JsonSerializationBenchmarks.SpanJson_Deserialize_Small: Overhead-Fixed-Energy-9(OutlierMode=DontRemove, IterationCount=15, IterationTime=1s, LaunchCount=1, WarmupCount=6)
// *** Execute ***
// Launch: 1 / 1
// Execute: dotnet Serialization.Bench-Overhead-Fixed-Energy-9-1.dll --anonymousPipes 103 104 --benchmarkName Serialization.Bench.JsonSerializationBenchmarks.SpanJson_Deserialize_Small --job Overhead-Fixed-Energy-9 --benchmarkId 14 in /home/test/rapl-tests/lib-energy-bench/src/Serialization.Bench/bin/Release/net8.0/Serialization.Bench-Overhead-Fixed-Energy-9-1/bin/Release/net8.0
// BeforeAnythingElse

// Benchmark Process Environment Information:
// BenchmarkDotNet v0.15.5-develop (2025-12-31)
// Runtime=.NET 8.0.21 (8.0.21, 8.0.2125.47513), X64 RyuJIT x86-64-v4
// GC=Concurrent Workstation
// HardwareIntrinsics=AVX512 IFMA+VBMI,AVX512 F+BW+CD+DQ+VL,AVX2+BMI1+BMI2+F16C+FMA+LZCNT+MOVBE,AVX,SSE3+SSSE3+SSE4.1+SSE4.2+POPCNT,X86Base+SSE+SSE2,AES+PCLMUL VectorSize=256
// Job: Overhead-Fixed-Energy-9(OutlierMode=DontRemove, IterationCount=15, IterationTime=1s, LaunchCount=1, WarmupCount=6)

OverheadJitting  1: 1 op, 151119.00 ns, 151.1190 us/op, 53162.00 uJpkg, 0.00 uJdram
WorkloadJitting  1: 1 op, 59330611.00 ns, 59.3306 ms/op, 3705069.00 uJpkg, 0.00 uJdram

OverheadJitting  2: 16 op, 404035.00 ns, 25.2522 us/op, 0.00 uJpkg, 0.00 uJdram
WorkloadJitting  2: 16 op, 415014.00 ns, 25.9384 us/op, 0.00 uJpkg, 0.00 uJdram

WorkloadPilot    1: 16 op, 32759.00 ns, 2.0474 us/op, 0.00 uJpkg, 0.00 uJdram
WorkloadPilot    2: 488416 op, 591736849.00 ns, 1.2115 us/op, 45862431.00 uJpkg, 0.00 uJdram
WorkloadPilot    3: 825408 op, 971865158.00 ns, 1.1774 us/op, 81287511.00 uJpkg, 0.00 uJdram
WorkloadPilot    4: 849312 op, 996562101.00 ns, 1.1734 us/op, 83994536.00 uJpkg, 0.00 uJdram
WorkloadPilot    5: 852256 op, 998624017.00 ns, 1.1717 us/op, 84058745.00 uJpkg, 0.00 uJdram
WorkloadPilot    6: 853440 op, 1003379010.00 ns, 1.1757 us/op, 83989592.00 uJpkg, 0.00 uJdram
WorkloadPilot    7: 850576 op, 1001519793.00 ns, 1.1775 us/op, 84247038.00 uJpkg, 0.00 uJdram
WorkloadPilot    8: 849296 op, 999384540.00 ns, 1.1767 us/op, 84080046.00 uJpkg, 0.00 uJdram
WorkloadPilot    9: 849824 op, 999882695.00 ns, 1.1766 us/op, 83981291.00 uJpkg, 0.00 uJdram
WorkloadPilot   10: 849936 op, 996548136.00 ns, 1.1725 us/op, 84414701.00 uJpkg, 0.00 uJdram
WorkloadPilot   11: 852880 op, 1004066807.00 ns, 1.1773 us/op, 85027065.00 uJpkg, 0.00 uJdram

OverheadWarmup   1: 852880 op, 2938934.00 ns, 3.4459 ns/op, 226196.00 uJpkg, 0.00 uJdram
OverheadWarmup   2: 852880 op, 2953729.00 ns, 3.4632 ns/op, 196716.00 uJpkg, 0.00 uJdram
OverheadWarmup   3: 852880 op, 2980669.00 ns, 3.4948 ns/op, 235656.00 uJpkg, 0.00 uJdram
OverheadWarmup   4: 852880 op, 2930398.00 ns, 3.4359 ns/op, 187195.00 uJpkg, 0.00 uJdram
OverheadWarmup   5: 852880 op, 2925899.00 ns, 3.4306 ns/op, 196228.00 uJpkg, 0.00 uJdram
OverheadWarmup   6: 852880 op, 2925753.00 ns, 3.4304 ns/op, 186584.00 uJpkg, 0.00 uJdram
OverheadWarmup   7: 852880 op, 2909244.00 ns, 3.4111 ns/op, 209472.00 uJpkg, 0.00 uJdram
OverheadWarmup   8: 852880 op, 2917124.00 ns, 3.4203 ns/op, 201660.00 uJpkg, 0.00 uJdram
OverheadWarmup   9: 852880 op, 2911661.00 ns, 3.4139 ns/op, 227966.00 uJpkg, 0.00 uJdram

OverheadActual   1: 852880 op, 2940895.00 ns, 3.4482 ns/op, 199035.00 uJpkg, 0.00 uJdram
OverheadActual   2: 852880 op, 2921469.00 ns, 3.4254 ns/op, 198303.00 uJpkg, 0.00 uJdram
OverheadActual   3: 852880 op, 2921165.00 ns, 3.4251 ns/op, 194030.00 uJpkg, 0.00 uJdram
OverheadActual   4: 852880 op, 2919027.00 ns, 3.4226 ns/op, 228942.00 uJpkg, 0.00 uJdram
OverheadActual   5: 852880 op, 2929960.00 ns, 3.4354 ns/op, 204589.00 uJpkg, 0.00 uJdram
OverheadActual   6: 852880 op, 2919276.00 ns, 3.4228 ns/op, 197753.00 uJpkg, 0.00 uJdram
OverheadActual   7: 852880 op, 2911824.00 ns, 3.4141 ns/op, 192322.00 uJpkg, 0.00 uJdram
OverheadActual   8: 852880 op, 2911384.00 ns, 3.4136 ns/op, 199706.00 uJpkg, 0.00 uJdram
OverheadActual   9: 852880 op, 2918300.00 ns, 3.4217 ns/op, 208740.00 uJpkg, 0.00 uJdram
OverheadActual  10: 852880 op, 2909250.00 ns, 3.4111 ns/op, 207580.00 uJpkg, 0.00 uJdram
OverheadActual  11: 852880 op, 2925928.00 ns, 3.4306 ns/op, 192260.00 uJpkg, 0.00 uJdram
OverheadActual  12: 852880 op, 2909077.00 ns, 3.4109 ns/op, 191589.00 uJpkg, 0.00 uJdram
OverheadActual  13: 852880 op, 2914780.00 ns, 3.4176 ns/op, 194214.00 uJpkg, 0.00 uJdram
OverheadActual  14: 852880 op, 2908977.00 ns, 3.4108 ns/op, 223815.00 uJpkg, 0.00 uJdram
OverheadActual  15: 852880 op, 2921521.00 ns, 3.4255 ns/op, 189148.00 uJpkg, 0.00 uJdram

WorkloadWarmup   1: 852880 op, 1002794018.00 ns, 1.1758 us/op, 87282370.00 uJpkg, 0.00 uJdram
WorkloadWarmup   2: 852880 op, 1001032880.00 ns, 1.1737 us/op, 84388212.00 uJpkg, 0.00 uJdram
WorkloadWarmup   3: 852880 op, 999939735.00 ns, 1.1724 us/op, 84661466.00 uJpkg, 0.00 uJdram
WorkloadWarmup   4: 852880 op, 998848070.00 ns, 1.1711 us/op, 84411161.00 uJpkg, 0.00 uJdram
WorkloadWarmup   5: 852880 op, 998518639.00 ns, 1.1708 us/op, 84469022.00 uJpkg, 0.00 uJdram
WorkloadWarmup   6: 852880 op, 998774435.00 ns, 1.1711 us/op, 84283537.00 uJpkg, 0.00 uJdram

// BeforeActualRun
WorkloadActual   1: 852880 op, 1002476850.00 ns, 1.1754 us/op, 84180205.00 uJpkg, 0.00 uJdram
WorkloadActual   2: 852880 op, 1003186244.00 ns, 1.1762 us/op, 84112395.00 uJpkg, 0.00 uJdram
WorkloadActual   3: 852880 op, 1003420500.00 ns, 1.1765 us/op, 84426053.00 uJpkg, 0.00 uJdram
WorkloadActual   4: 852880 op, 1002596932.00 ns, 1.1755 us/op, 84430265.00 uJpkg, 0.00 uJdram
WorkloadActual   5: 852880 op, 1003211187.00 ns, 1.1763 us/op, 84348661.00 uJpkg, 0.00 uJdram
WorkloadActual   6: 852880 op, 1002254220.00 ns, 1.1751 us/op, 83739227.00 uJpkg, 0.00 uJdram
WorkloadActual   7: 852880 op, 1002467798.00 ns, 1.1754 us/op, 83836028.00 uJpkg, 0.00 uJdram
WorkloadActual   8: 852880 op, 1001850259.00 ns, 1.1747 us/op, 83944182.00 uJpkg, 0.00 uJdram
WorkloadActual   9: 852880 op, 1001992710.00 ns, 1.1748 us/op, 83862396.00 uJpkg, 0.00 uJdram
WorkloadActual  10: 852880 op, 1002936398.00 ns, 1.1759 us/op, 85387233.00 uJpkg, 0.00 uJdram
WorkloadActual  11: 852880 op, 1002557104.00 ns, 1.1755 us/op, 84217741.00 uJpkg, 0.00 uJdram
WorkloadActual  12: 852880 op, 1001758068.00 ns, 1.1746 us/op, 84080290.00 uJpkg, 0.00 uJdram
WorkloadActual  13: 852880 op, 1002475530.00 ns, 1.1754 us/op, 84058379.00 uJpkg, 0.00 uJdram
WorkloadActual  14: 852880 op, 1001535784.00 ns, 1.1743 us/op, 84214567.00 uJpkg, 0.00 uJdram
WorkloadActual  15: 852880 op, 1006504398.00 ns, 1.1801 us/op, 85215358.00 uJpkg, 0.00 uJdram

// AfterActualRun
WorkloadResult   1: 852880 op, 999557823.00 ns, 1.1720 us/op, 84180205.00 uJpkg, 0.00 uJdram
WorkloadResult   2: 852880 op, 1000267217.00 ns, 1.1728 us/op, 84112395.00 uJpkg, 0.00 uJdram
WorkloadResult   3: 852880 op, 1000501473.00 ns, 1.1731 us/op, 84426053.00 uJpkg, 0.00 uJdram
WorkloadResult   4: 852880 op, 999677905.00 ns, 1.1721 us/op, 84430265.00 uJpkg, 0.00 uJdram
WorkloadResult   5: 852880 op, 1000292160.00 ns, 1.1728 us/op, 84348661.00 uJpkg, 0.00 uJdram
WorkloadResult   6: 852880 op, 999335193.00 ns, 1.1717 us/op, 83739227.00 uJpkg, 0.00 uJdram
WorkloadResult   7: 852880 op, 999548771.00 ns, 1.1720 us/op, 83836028.00 uJpkg, 0.00 uJdram
WorkloadResult   8: 852880 op, 998931232.00 ns, 1.1712 us/op, 83944182.00 uJpkg, 0.00 uJdram
WorkloadResult   9: 852880 op, 999073683.00 ns, 1.1714 us/op, 83862396.00 uJpkg, 0.00 uJdram
WorkloadResult  10: 852880 op, 1000017371.00 ns, 1.1725 us/op, 85387233.00 uJpkg, 0.00 uJdram
WorkloadResult  11: 852880 op, 999638077.00 ns, 1.1721 us/op, 84217741.00 uJpkg, 0.00 uJdram
WorkloadResult  12: 852880 op, 998839041.00 ns, 1.1711 us/op, 84080290.00 uJpkg, 0.00 uJdram
WorkloadResult  13: 852880 op, 999556503.00 ns, 1.1720 us/op, 84058379.00 uJpkg, 0.00 uJdram
WorkloadResult  14: 852880 op, 998616757.00 ns, 1.1709 us/op, 84214567.00 uJpkg, 0.00 uJdram
WorkloadResult  15: 852880 op, 1003585371.00 ns, 1.1767 us/op, 85215358.00 uJpkg, 0.00 uJdram

// AfterAll
// Benchmark Process 4068524 has exited with code 0.

Mean = 1.172 μs, StdErr = 0.000 μs (0.03%), N = 15, StdDev = 0.001 μs
Min = 1.171 μs, Q1 = 1.172 μs, Median = 1.172 μs, Q3 = 1.173 μs, Max = 1.177 μs
IQR = 0.001 μs, LowerFence = 1.170 μs, UpperFence = 1.174 μs
ConfidenceInterval = [1.171 μs; 1.174 μs] (CI 99.9%), Margin = 0.001 μs (0.13% of Mean)
Skewness = 2.02, Kurtosis = 7.09, MValue = 2

// ** Remained 15 (50.0%) benchmark(s) to run. Estimated finish 2025-12-31 22:16 (0h 6m from now) **
// **************************
// Benchmark: JsonSerializationBenchmarks.STJ_Serialize_Large: Overhead-Fixed-Energy-9(OutlierMode=DontRemove, IterationCount=15, IterationTime=1s, LaunchCount=1, WarmupCount=6)
// *** Execute ***
// Launch: 1 / 1
// Execute: dotnet Serialization.Bench-Overhead-Fixed-Energy-9-1.dll --anonymousPipes 103 104 --benchmarkName Serialization.Bench.JsonSerializationBenchmarks.STJ_Serialize_Large --job Overhead-Fixed-Energy-9 --benchmarkId 15 in /home/test/rapl-tests/lib-energy-bench/src/Serialization.Bench/bin/Release/net8.0/Serialization.Bench-Overhead-Fixed-Energy-9-1/bin/Release/net8.0
// BeforeAnythingElse

// Benchmark Process Environment Information:
// BenchmarkDotNet v0.15.5-develop (2025-12-31)
// Runtime=.NET 8.0.21 (8.0.21, 8.0.2125.47513), X64 RyuJIT x86-64-v4
// GC=Concurrent Workstation
// HardwareIntrinsics=AVX512 IFMA+VBMI,AVX512 F+BW+CD+DQ+VL,AVX2+BMI1+BMI2+F16C+FMA+LZCNT+MOVBE,AVX,SSE3+SSSE3+SSE4.1+SSE4.2+POPCNT,X86Base+SSE+SSE2,AES+PCLMUL VectorSize=256
// Job: Overhead-Fixed-Energy-9(OutlierMode=DontRemove, IterationCount=15, IterationTime=1s, LaunchCount=1, WarmupCount=6)

OverheadJitting  1: 1 op, 134795.00 ns, 134.7950 us/op, 0.00 uJpkg, 0.00 uJdram
WorkloadJitting  1: 1 op, 7968691.00 ns, 7.9687 ms/op, 483092.00 uJpkg, 0.00 uJdram

OverheadJitting  2: 16 op, 356793.00 ns, 22.2996 us/op, 66223.00 uJpkg, 0.00 uJdram
WorkloadJitting  2: 16 op, 6194449.00 ns, 387.1531 us/op, 428343.00 uJpkg, 0.00 uJdram

WorkloadPilot    1: 16 op, 5862282.00 ns, 366.3926 us/op, 401366.00 uJpkg, 0.00 uJdram
WorkloadPilot    2: 2736 op, 743157138.00 ns, 271.6218 us/op, 69556218.00 uJpkg, 0.00 uJdram
WorkloadPilot    3: 3696 op, 700131546.00 ns, 189.4295 us/op, 64330768.00 uJpkg, 0.00 uJdram
WorkloadPilot    4: 5280 op, 998082191.00 ns, 189.0307 us/op, 91415232.00 uJpkg, 0.00 uJdram
WorkloadPilot    5: 5296 op, 1001800217.00 ns, 189.1617 us/op, 91830392.00 uJpkg, 0.00 uJdram

OverheadWarmup   1: 5296 op, 18929.00 ns, 3.5742 ns/op, 0.00 uJpkg, 0.00 uJdram
OverheadWarmup   2: 5296 op, 18564.00 ns, 3.5053 ns/op, 0.00 uJpkg, 0.00 uJdram
OverheadWarmup   3: 5296 op, 18589.00 ns, 3.5100 ns/op, 0.00 uJpkg, 0.00 uJdram
OverheadWarmup   4: 5296 op, 18593.00 ns, 3.5108 ns/op, 0.00 uJpkg, 0.00 uJdram
OverheadWarmup   5: 5296 op, 18579.00 ns, 3.5081 ns/op, 0.00 uJpkg, 0.00 uJdram
OverheadWarmup   6: 5296 op, 18576.00 ns, 3.5076 ns/op, 0.00 uJpkg, 0.00 uJdram
OverheadWarmup   7: 5296 op, 18607.00 ns, 3.5134 ns/op, 0.00 uJpkg, 0.00 uJdram
OverheadWarmup   8: 5296 op, 18602.00 ns, 3.5125 ns/op, 0.00 uJpkg, 0.00 uJdram

OverheadActual   1: 5296 op, 18593.00 ns, 3.5108 ns/op, 0.00 uJpkg, 0.00 uJdram
OverheadActual   2: 5296 op, 18601.00 ns, 3.5123 ns/op, 0.00 uJpkg, 0.00 uJdram
OverheadActual   3: 5296 op, 18588.00 ns, 3.5098 ns/op, 63171.00 uJpkg, 0.00 uJdram
OverheadActual   4: 5296 op, 19385.00 ns, 3.6603 ns/op, 0.00 uJpkg, 0.00 uJdram
OverheadActual   5: 5296 op, 19743.00 ns, 3.7279 ns/op, 0.00 uJpkg, 0.00 uJdram
OverheadActual   6: 5296 op, 18596.00 ns, 3.5113 ns/op, 0.00 uJpkg, 0.00 uJdram
OverheadActual   7: 5296 op, 18584.00 ns, 3.5091 ns/op, 80383.00 uJpkg, 0.00 uJdram
OverheadActual   8: 5296 op, 18579.00 ns, 3.5081 ns/op, 0.00 uJpkg, 0.00 uJdram
OverheadActual   9: 5296 op, 18590.00 ns, 3.5102 ns/op, 0.00 uJpkg, 0.00 uJdram
OverheadActual  10: 5296 op, 18575.00 ns, 3.5074 ns/op, 0.00 uJpkg, 0.00 uJdram
OverheadActual  11: 5296 op, 18568.00 ns, 3.5060 ns/op, 0.00 uJpkg, 0.00 uJdram
OverheadActual  12: 5296 op, 18582.00 ns, 3.5087 ns/op, 0.00 uJpkg, 0.00 uJdram
OverheadActual  13: 5296 op, 18599.00 ns, 3.5119 ns/op, 0.00 uJpkg, 0.00 uJdram
OverheadActual  14: 5296 op, 18589.00 ns, 3.5100 ns/op, 0.00 uJpkg, 0.00 uJdram
OverheadActual  15: 5296 op, 18571.00 ns, 3.5066 ns/op, 0.00 uJpkg, 0.00 uJdram

WorkloadWarmup   1: 5296 op, 1012824672.00 ns, 191.2433 us/op, 94656252.00 uJpkg, 0.00 uJdram
WorkloadWarmup   2: 5296 op, 1006359282.00 ns, 190.0225 us/op, 92403145.00 uJpkg, 0.00 uJdram
WorkloadWarmup   3: 5296 op, 1004193932.00 ns, 189.6137 us/op, 91869516.00 uJpkg, 0.00 uJdram
WorkloadWarmup   4: 5296 op, 1006346407.00 ns, 190.0201 us/op, 92702400.00 uJpkg, 0.00 uJdram
WorkloadWarmup   5: 5296 op, 1014604118.00 ns, 191.5793 us/op, 93438482.00 uJpkg, 0.00 uJdram
WorkloadWarmup   6: 5296 op, 1006046642.00 ns, 189.9635 us/op, 92353523.00 uJpkg, 0.00 uJdram

// BeforeActualRun
WorkloadActual   1: 5296 op, 1005434750.00 ns, 189.8480 us/op, 92306282.00 uJpkg, 0.00 uJdram
WorkloadActual   2: 5296 op, 1004023120.00 ns, 189.5814 us/op, 92436104.00 uJpkg, 0.00 uJdram
WorkloadActual   3: 5296 op, 1035424892.00 ns, 195.5107 us/op, 96635190.00 uJpkg, 0.00 uJdram
WorkloadActual   4: 5296 op, 1006639572.00 ns, 190.0754 us/op, 92548164.00 uJpkg, 0.00 uJdram
WorkloadActual   5: 5296 op, 1015558572.00 ns, 191.7595 us/op, 93352117.00 uJpkg, 0.00 uJdram
WorkloadActual   6: 5296 op, 1025676066.00 ns, 193.6700 us/op, 95007691.00 uJpkg, 0.00 uJdram
WorkloadActual   7: 5296 op, 1004222949.00 ns, 189.6191 us/op, 92003854.00 uJpkg, 0.00 uJdram
WorkloadActual   8: 5296 op, 1007605800.00 ns, 190.2579 us/op, 92265694.00 uJpkg, 0.00 uJdram
WorkloadActual   9: 5296 op, 1029414175.00 ns, 194.3758 us/op, 95046510.00 uJpkg, 0.00 uJdram
WorkloadActual  10: 5296 op, 1006739922.00 ns, 190.0944 us/op, 92674018.00 uJpkg, 0.00 uJdram
WorkloadActual  11: 5296 op, 1005417479.00 ns, 189.8447 us/op, 92066780.00 uJpkg, 0.00 uJdram
WorkloadActual  12: 5296 op, 1005663178.00 ns, 189.8911 us/op, 91958383.00 uJpkg, 0.00 uJdram
WorkloadActual  13: 5296 op, 1004199085.00 ns, 189.6146 us/op, 92220406.00 uJpkg, 0.00 uJdram
WorkloadActual  14: 5296 op, 1005874123.00 ns, 189.9309 us/op, 92048958.00 uJpkg, 0.00 uJdram
WorkloadActual  15: 5296 op, 1006153509.00 ns, 189.9837 us/op, 92665412.00 uJpkg, 0.00 uJdram

// AfterActualRun
WorkloadResult   1: 5296 op, 1005416161.00 ns, 189.8444 us/op, 92306282.00 uJpkg, 0.00 uJdram
WorkloadResult   2: 5296 op, 1004004531.00 ns, 189.5779 us/op, 92436104.00 uJpkg, 0.00 uJdram
WorkloadResult   3: 5296 op, 1035406303.00 ns, 195.5072 us/op, 96635190.00 uJpkg, 0.00 uJdram
WorkloadResult   4: 5296 op, 1006620983.00 ns, 190.0719 us/op, 92548164.00 uJpkg, 0.00 uJdram
WorkloadResult   5: 5296 op, 1015539983.00 ns, 191.7560 us/op, 93352117.00 uJpkg, 0.00 uJdram
WorkloadResult   6: 5296 op, 1025657477.00 ns, 193.6664 us/op, 95007691.00 uJpkg, 0.00 uJdram
WorkloadResult   7: 5296 op, 1004204360.00 ns, 189.6156 us/op, 92003854.00 uJpkg, 0.00 uJdram
WorkloadResult   8: 5296 op, 1007587211.00 ns, 190.2544 us/op, 92265694.00 uJpkg, 0.00 uJdram
WorkloadResult   9: 5296 op, 1029395586.00 ns, 194.3723 us/op, 95046510.00 uJpkg, 0.00 uJdram
WorkloadResult  10: 5296 op, 1006721333.00 ns, 190.0909 us/op, 92674018.00 uJpkg, 0.00 uJdram
WorkloadResult  11: 5296 op, 1005398890.00 ns, 189.8412 us/op, 92066780.00 uJpkg, 0.00 uJdram
WorkloadResult  12: 5296 op, 1005644589.00 ns, 189.8876 us/op, 91958383.00 uJpkg, 0.00 uJdram
WorkloadResult  13: 5296 op, 1004180496.00 ns, 189.6111 us/op, 92220406.00 uJpkg, 0.00 uJdram
WorkloadResult  14: 5296 op, 1005855534.00 ns, 189.9274 us/op, 92048958.00 uJpkg, 0.00 uJdram
WorkloadResult  15: 5296 op, 1006134920.00 ns, 189.9802 us/op, 92665412.00 uJpkg, 0.00 uJdram

// AfterAll
// Benchmark Process 4068544 has exited with code 0.

Mean = 190.934 μs, StdErr = 0.505 μs (0.26%), N = 15, StdDev = 1.955 μs
Min = 189.578 μs, Q1 = 189.843 μs, Median = 189.980 μs, Q3 = 191.005 μs, Max = 195.507 μs
IQR = 1.162 μs, LowerFence = 188.099 μs, UpperFence = 192.749 μs
ConfidenceInterval = [188.843 μs; 193.024 μs] (CI 99.9%), Margin = 2.090 μs (1.09% of Mean)
Skewness = 1.28, Kurtosis = 2.97, MValue = 2

// ** Remained 14 (46.7%) benchmark(s) to run. Estimated finish 2025-12-31 22:16 (0h 6m from now) **
// **************************
// Benchmark: JsonSerializationBenchmarks.Newtonsoft_Serialize_Large: Overhead-Fixed-Energy-9(OutlierMode=DontRemove, IterationCount=15, IterationTime=1s, LaunchCount=1, WarmupCount=6)
// *** Execute ***
// Launch: 1 / 1
// Execute: dotnet Serialization.Bench-Overhead-Fixed-Energy-9-1.dll --anonymousPipes 103 104 --benchmarkName Serialization.Bench.JsonSerializationBenchmarks.Newtonsoft_Serialize_Large --job Overhead-Fixed-Energy-9 --benchmarkId 16 in /home/test/rapl-tests/lib-energy-bench/src/Serialization.Bench/bin/Release/net8.0/Serialization.Bench-Overhead-Fixed-Energy-9-1/bin/Release/net8.0
// BeforeAnythingElse

// Benchmark Process Environment Information:
// BenchmarkDotNet v0.15.5-develop (2025-12-31)
// Runtime=.NET 8.0.21 (8.0.21, 8.0.2125.47513), X64 RyuJIT x86-64-v4
// GC=Concurrent Workstation
// HardwareIntrinsics=AVX512 IFMA+VBMI,AVX512 F+BW+CD+DQ+VL,AVX2+BMI1+BMI2+F16C+FMA+LZCNT+MOVBE,AVX,SSE3+SSSE3+SSE4.1+SSE4.2+POPCNT,X86Base+SSE+SSE2,AES+PCLMUL VectorSize=256
// Job: Overhead-Fixed-Energy-9(OutlierMode=DontRemove, IterationCount=15, IterationTime=1s, LaunchCount=1, WarmupCount=6)

OverheadJitting  1: 1 op, 137782.00 ns, 137.7820 us/op, 0.00 uJpkg, 0.00 uJdram
WorkloadJitting  1: 1 op, 50609809.00 ns, 50.6098 ms/op, 2985588.00 uJpkg, 0.00 uJdram

OverheadJitting  2: 16 op, 372439.00 ns, 23.2774 us/op, 0.00 uJpkg, 0.00 uJdram
WorkloadJitting  2: 16 op, 16006132.00 ns, 1.0004 ms/op, 1063840.00 uJpkg, 0.00 uJdram

WorkloadPilot    1: 16 op, 15041896.00 ns, 940.1185 us/op, 954344.00 uJpkg, 0.00 uJdram
WorkloadPilot    2: 1072 op, 456898663.00 ns, 426.2114 us/op, 37485438.00 uJpkg, 0.00 uJdram
WorkloadPilot    3: 2352 op, 720403895.00 ns, 306.2942 us/op, 58542391.00 uJpkg, 0.00 uJdram
WorkloadPilot    4: 3280 op, 1009029606.00 ns, 307.6310 us/op, 81779149.00 uJpkg, 0.00 uJdram
WorkloadPilot    5: 3264 op, 1005551345.00 ns, 308.0733 us/op, 81741001.00 uJpkg, 0.00 uJdram
WorkloadPilot    6: 3248 op, 1003102719.00 ns, 308.8370 us/op, 82255222.00 uJpkg, 0.00 uJdram

OverheadWarmup   1: 3248 op, 11920.00 ns, 3.6700 ns/op, 0.00 uJpkg, 0.00 uJdram
OverheadWarmup   2: 3248 op, 11512.00 ns, 3.5443 ns/op, 0.00 uJpkg, 0.00 uJdram
OverheadWarmup   3: 3248 op, 11512.00 ns, 3.5443 ns/op, 0.00 uJpkg, 0.00 uJdram
OverheadWarmup   4: 3248 op, 11496.00 ns, 3.5394 ns/op, 0.00 uJpkg, 0.00 uJdram
OverheadWarmup   5: 3248 op, 11507.00 ns, 3.5428 ns/op, 0.00 uJpkg, 0.00 uJdram
OverheadWarmup   6: 3248 op, 11512.00 ns, 3.5443 ns/op, 0.00 uJpkg, 0.00 uJdram
OverheadWarmup   7: 3248 op, 11507.00 ns, 3.5428 ns/op, 0.00 uJpkg, 0.00 uJdram

OverheadActual   1: 3248 op, 11513.00 ns, 3.5446 ns/op, 0.00 uJpkg, 0.00 uJdram
OverheadActual   2: 3248 op, 11503.00 ns, 3.5416 ns/op, 0.00 uJpkg, 0.00 uJdram
OverheadActual   3: 3248 op, 11999.00 ns, 3.6943 ns/op, 0.00 uJpkg, 0.00 uJdram
OverheadActual   4: 3248 op, 11509.00 ns, 3.5434 ns/op, 0.00 uJpkg, 0.00 uJdram
OverheadActual   5: 3248 op, 11510.00 ns, 3.5437 ns/op, 0.00 uJpkg, 0.00 uJdram
OverheadActual   6: 3248 op, 11516.00 ns, 3.5456 ns/op, 0.00 uJpkg, 0.00 uJdram
OverheadActual   7: 3248 op, 11495.00 ns, 3.5391 ns/op, 0.00 uJpkg, 0.00 uJdram
OverheadActual   8: 3248 op, 11508.00 ns, 3.5431 ns/op, 0.00 uJpkg, 0.00 uJdram
OverheadActual   9: 3248 op, 11504.00 ns, 3.5419 ns/op, 0.00 uJpkg, 0.00 uJdram
OverheadActual  10: 3248 op, 11497.00 ns, 3.5397 ns/op, 0.00 uJpkg, 0.00 uJdram
OverheadActual  11: 3248 op, 11522.00 ns, 3.5474 ns/op, 0.00 uJpkg, 0.00 uJdram
OverheadActual  12: 3248 op, 11508.00 ns, 3.5431 ns/op, 0.00 uJpkg, 0.00 uJdram
OverheadActual  13: 3248 op, 11508.00 ns, 3.5431 ns/op, 0.00 uJpkg, 0.00 uJdram
OverheadActual  14: 3248 op, 11729.00 ns, 3.6111 ns/op, 0.00 uJpkg, 0.00 uJdram
OverheadActual  15: 3248 op, 11496.00 ns, 3.5394 ns/op, 0.00 uJpkg, 0.00 uJdram

WorkloadWarmup   1: 3248 op, 996740669.00 ns, 306.8783 us/op, 83868132.00 uJpkg, 0.00 uJdram
WorkloadWarmup   2: 3248 op, 993414158.00 ns, 305.8541 us/op, 81800633.00 uJpkg, 0.00 uJdram
WorkloadWarmup   3: 3248 op, 994403625.00 ns, 306.1588 us/op, 82141391.00 uJpkg, 0.00 uJdram
WorkloadWarmup   4: 3248 op, 994524535.00 ns, 306.1960 us/op, 81850925.00 uJpkg, 0.00 uJdram
WorkloadWarmup   5: 3248 op, 992729460.00 ns, 305.6433 us/op, 80762611.00 uJpkg, 0.00 uJdram
WorkloadWarmup   6: 3248 op, 994137964.00 ns, 306.0770 us/op, 81926671.00 uJpkg, 0.00 uJdram

// BeforeActualRun
WorkloadActual   1: 3248 op, 996942726.00 ns, 306.9405 us/op, 81550817.00 uJpkg, 0.00 uJdram
WorkloadActual   2: 3248 op, 993737014.00 ns, 305.9535 us/op, 80633338.00 uJpkg, 0.00 uJdram
WorkloadActual   3: 3248 op, 993854016.00 ns, 305.9895 us/op, 81469030.00 uJpkg, 0.00 uJdram
WorkloadActual   4: 3248 op, 994095376.00 ns, 306.0638 us/op, 81001135.00 uJpkg, 0.00 uJdram
WorkloadActual   5: 3248 op, 993705207.00 ns, 305.9437 us/op, 81493565.00 uJpkg, 0.00 uJdram
WorkloadActual   6: 3248 op, 993874890.00 ns, 305.9960 us/op, 80996131.00 uJpkg, 0.00 uJdram
WorkloadActual   7: 3248 op, 993360090.00 ns, 305.8375 us/op, 81555211.00 uJpkg, 0.00 uJdram
WorkloadActual   8: 3248 op, 993665964.00 ns, 305.9316 us/op, 81353796.00 uJpkg, 0.00 uJdram
WorkloadActual   9: 3248 op, 995414914.00 ns, 306.4701 us/op, 82053562.00 uJpkg, 0.00 uJdram
WorkloadActual  10: 3248 op, 994837134.00 ns, 306.2922 us/op, 83030732.00 uJpkg, 0.00 uJdram
WorkloadActual  11: 3248 op, 993369221.00 ns, 305.8403 us/op, 81421362.00 uJpkg, 0.00 uJdram
WorkloadActual  12: 3248 op, 993761719.00 ns, 305.9611 us/op, 81796422.00 uJpkg, 0.00 uJdram
WorkloadActual  13: 3248 op, 994381380.00 ns, 306.1519 us/op, 82106785.00 uJpkg, 0.00 uJdram
WorkloadActual  14: 3248 op, 993367451.00 ns, 305.8397 us/op, 81712072.00 uJpkg, 0.00 uJdram
WorkloadActual  15: 3248 op, 994985881.00 ns, 306.3380 us/op, 82135959.00 uJpkg, 0.00 uJdram

// AfterActualRun
WorkloadResult   1: 3248 op, 996931218.00 ns, 306.9370 us/op, 81550817.00 uJpkg, 0.00 uJdram
WorkloadResult   2: 3248 op, 993725506.00 ns, 305.9500 us/op, 80633338.00 uJpkg, 0.00 uJdram
WorkloadResult   3: 3248 op, 993842508.00 ns, 305.9860 us/op, 81469030.00 uJpkg, 0.00 uJdram
WorkloadResult   4: 3248 op, 994083868.00 ns, 306.0603 us/op, 81001135.00 uJpkg, 0.00 uJdram
WorkloadResult   5: 3248 op, 993693699.00 ns, 305.9402 us/op, 81493565.00 uJpkg, 0.00 uJdram
WorkloadResult   6: 3248 op, 993863382.00 ns, 305.9924 us/op, 80996131.00 uJpkg, 0.00 uJdram
WorkloadResult   7: 3248 op, 993348582.00 ns, 305.8339 us/op, 81555211.00 uJpkg, 0.00 uJdram
WorkloadResult   8: 3248 op, 993654456.00 ns, 305.9281 us/op, 81353796.00 uJpkg, 0.00 uJdram
WorkloadResult   9: 3248 op, 995403406.00 ns, 306.4666 us/op, 82053562.00 uJpkg, 0.00 uJdram
WorkloadResult  10: 3248 op, 994825626.00 ns, 306.2887 us/op, 83030732.00 uJpkg, 0.00 uJdram
WorkloadResult  11: 3248 op, 993357713.00 ns, 305.8367 us/op, 81421362.00 uJpkg, 0.00 uJdram
WorkloadResult  12: 3248 op, 993750211.00 ns, 305.9576 us/op, 81796422.00 uJpkg, 0.00 uJdram
WorkloadResult  13: 3248 op, 994369872.00 ns, 306.1484 us/op, 82106785.00 uJpkg, 0.00 uJdram
WorkloadResult  14: 3248 op, 993355943.00 ns, 305.8362 us/op, 81712072.00 uJpkg, 0.00 uJdram
WorkloadResult  15: 3248 op, 994974373.00 ns, 306.3345 us/op, 82135959.00 uJpkg, 0.00 uJdram

// AfterAll
// Benchmark Process 4068560 has exited with code 0.

Mean = 306.100 μs, StdErr = 0.078 μs (0.03%), N = 15, StdDev = 0.300 μs
Min = 305.834 μs, Q1 = 305.934 μs, Median = 305.986 μs, Q3 = 306.219 μs, Max = 306.937 μs
IQR = 0.284 μs, LowerFence = 305.508 μs, UpperFence = 306.645 μs
ConfidenceInterval = [305.779 μs; 306.421 μs] (CI 99.9%), Margin = 0.321 μs (0.10% of Mean)
Skewness = 1.44, Kurtosis = 4.36, MValue = 2

// ** Remained 13 (43.3%) benchmark(s) to run. Estimated finish 2025-12-31 22:16 (0h 5m from now) **
// **************************
// Benchmark: JsonSerializationBenchmarks.Jil_Serialize_Large: Overhead-Fixed-Energy-9(OutlierMode=DontRemove, IterationCount=15, IterationTime=1s, LaunchCount=1, WarmupCount=6)
// *** Execute ***
// Launch: 1 / 1
// Execute: dotnet Serialization.Bench-Overhead-Fixed-Energy-9-1.dll --anonymousPipes 103 104 --benchmarkName Serialization.Bench.JsonSerializationBenchmarks.Jil_Serialize_Large --job Overhead-Fixed-Energy-9 --benchmarkId 17 in /home/test/rapl-tests/lib-energy-bench/src/Serialization.Bench/bin/Release/net8.0/Serialization.Bench-Overhead-Fixed-Energy-9-1/bin/Release/net8.0
// BeforeAnythingElse

// Benchmark Process Environment Information:
// BenchmarkDotNet v0.15.5-develop (2025-12-31)
// Runtime=.NET 8.0.21 (8.0.21, 8.0.2125.47513), X64 RyuJIT x86-64-v4
// GC=Concurrent Workstation
// HardwareIntrinsics=AVX512 IFMA+VBMI,AVX512 F+BW+CD+DQ+VL,AVX2+BMI1+BMI2+F16C+FMA+LZCNT+MOVBE,AVX,SSE3+SSSE3+SSE4.1+SSE4.2+POPCNT,X86Base+SSE+SSE2,AES+PCLMUL VectorSize=256
// Job: Overhead-Fixed-Energy-9(OutlierMode=DontRemove, IterationCount=15, IterationTime=1s, LaunchCount=1, WarmupCount=6)

OverheadJitting  1: 1 op, 143916.00 ns, 143.9160 us/op, 66040.00 uJpkg, 0.00 uJdram
WorkloadJitting  1: 1 op, 155523547.00 ns, 155.5235 ms/op, 9561377.00 uJpkg, 0.00 uJdram

WorkloadPilot    1: 4 op, 1594839.00 ns, 398.7098 us/op, 135253.00 uJpkg, 0.00 uJdram
WorkloadPilot    2: 2508 op, 785860032.00 ns, 313.3413 us/op, 64593768.00 uJpkg, 0.00 uJdram
WorkloadPilot    3: 3191 op, 905320706.00 ns, 283.7107 us/op, 76759386.00 uJpkg, 0.00 uJdram
WorkloadPilot    4: 3525 op, 998630657.00 ns, 283.2995 us/op, 84924038.00 uJpkg, 0.00 uJdram
WorkloadPilot    5: 3530 op, 999994839.00 ns, 283.2847 us/op, 85074001.00 uJpkg, 0.00 uJdram

WorkloadWarmup   1: 3530 op, 1001820580.00 ns, 283.8019 us/op, 84972195.00 uJpkg, 0.00 uJdram
WorkloadWarmup   2: 3530 op, 1001468132.00 ns, 283.7020 us/op, 84807217.00 uJpkg, 0.00 uJdram
WorkloadWarmup   3: 3530 op, 1001611196.00 ns, 283.7425 us/op, 85377223.00 uJpkg, 0.00 uJdram
WorkloadWarmup   4: 3530 op, 1001074971.00 ns, 283.5906 us/op, 85051540.00 uJpkg, 0.00 uJdram
WorkloadWarmup   5: 3530 op, 1004741227.00 ns, 284.6292 us/op, 86300865.00 uJpkg, 0.00 uJdram
WorkloadWarmup   6: 3530 op, 1001189407.00 ns, 283.6231 us/op, 85271571.00 uJpkg, 0.00 uJdram

// BeforeActualRun
WorkloadActual   1: 3530 op, 1001344908.00 ns, 283.6671 us/op, 85564661.00 uJpkg, 0.00 uJdram
WorkloadActual   2: 3530 op, 1001533827.00 ns, 283.7206 us/op, 85741724.00 uJpkg, 0.00 uJdram
WorkloadActual   3: 3530 op, 1001496568.00 ns, 283.7101 us/op, 86135766.00 uJpkg, 0.00 uJdram
WorkloadActual   4: 3530 op, 1001018861.00 ns, 283.5747 us/op, 86127648.00 uJpkg, 0.00 uJdram
WorkloadActual   5: 3530 op, 1001601549.00 ns, 283.7398 us/op, 86122399.00 uJpkg, 0.00 uJdram
WorkloadActual   6: 3530 op, 1002518599.00 ns, 283.9996 us/op, 87015708.00 uJpkg, 0.00 uJdram
WorkloadActual   7: 3530 op, 1002064883.00 ns, 283.8711 us/op, 87083395.00 uJpkg, 0.00 uJdram
WorkloadActual   8: 3530 op, 1001450280.00 ns, 283.6970 us/op, 86539452.00 uJpkg, 0.00 uJdram
WorkloadActual   9: 3530 op, 999999592.00 ns, 283.2860 us/op, 85159022.00 uJpkg, 0.00 uJdram
WorkloadActual  10: 3530 op, 1001265453.00 ns, 283.6446 us/op, 86041283.00 uJpkg, 0.00 uJdram
WorkloadActual  11: 3530 op, 1001707031.00 ns, 283.7697 us/op, 86499596.00 uJpkg, 0.00 uJdram
WorkloadActual  12: 3530 op, 1001962837.00 ns, 283.8422 us/op, 86480369.00 uJpkg, 0.00 uJdram
WorkloadActual  13: 3530 op, 1001231767.00 ns, 283.6351 us/op, 86050866.00 uJpkg, 0.00 uJdram
WorkloadActual  14: 3530 op, 1001576585.00 ns, 283.7327 us/op, 86083520.00 uJpkg, 0.00 uJdram
WorkloadActual  15: 3530 op, 1000988605.00 ns, 283.5662 us/op, 86140404.00 uJpkg, 0.00 uJdram

// AfterActualRun
WorkloadResult   1: 3530 op, 1001344908.00 ns, 283.6671 us/op, 85564661.00 uJpkg, 0.00 uJdram
WorkloadResult   2: 3530 op, 1001533827.00 ns, 283.7206 us/op, 85741724.00 uJpkg, 0.00 uJdram
WorkloadResult   3: 3530 op, 1001496568.00 ns, 283.7101 us/op, 86135766.00 uJpkg, 0.00 uJdram
WorkloadResult   4: 3530 op, 1001018861.00 ns, 283.5747 us/op, 86127648.00 uJpkg, 0.00 uJdram
WorkloadResult   5: 3530 op, 1001601549.00 ns, 283.7398 us/op, 86122399.00 uJpkg, 0.00 uJdram
WorkloadResult   6: 3530 op, 1002518599.00 ns, 283.9996 us/op, 87015708.00 uJpkg, 0.00 uJdram
WorkloadResult   7: 3530 op, 1002064883.00 ns, 283.8711 us/op, 87083395.00 uJpkg, 0.00 uJdram
WorkloadResult   8: 3530 op, 1001450280.00 ns, 283.6970 us/op, 86539452.00 uJpkg, 0.00 uJdram
WorkloadResult   9: 3530 op, 999999592.00 ns, 283.2860 us/op, 85159022.00 uJpkg, 0.00 uJdram
WorkloadResult  10: 3530 op, 1001265453.00 ns, 283.6446 us/op, 86041283.00 uJpkg, 0.00 uJdram
WorkloadResult  11: 3530 op, 1001707031.00 ns, 283.7697 us/op, 86499596.00 uJpkg, 0.00 uJdram
WorkloadResult  12: 3530 op, 1001962837.00 ns, 283.8422 us/op, 86480369.00 uJpkg, 0.00 uJdram
WorkloadResult  13: 3530 op, 1001231767.00 ns, 283.6351 us/op, 86050866.00 uJpkg, 0.00 uJdram
WorkloadResult  14: 3530 op, 1001576585.00 ns, 283.7327 us/op, 86083520.00 uJpkg, 0.00 uJdram
WorkloadResult  15: 3530 op, 1000988605.00 ns, 283.5662 us/op, 86140404.00 uJpkg, 0.00 uJdram

// AfterAll
// Benchmark Process 4068580 has exited with code 0.

Mean = 283.697 μs, StdErr = 0.041 μs (0.01%), N = 15, StdDev = 0.160 μs
Min = 283.286 μs, Q1 = 283.640 μs, Median = 283.710 μs, Q3 = 283.755 μs, Max = 284.000 μs
IQR = 0.115 μs, LowerFence = 283.467 μs, UpperFence = 283.927 μs
ConfidenceInterval = [283.526 μs; 283.869 μs] (CI 99.9%), Margin = 0.172 μs (0.06% of Mean)
Skewness = -0.6, Kurtosis = 3.91, MValue = 2

// ** Remained 12 (40.0%) benchmark(s) to run. Estimated finish 2025-12-31 22:16 (0h 5m from now) **
// **************************
// Benchmark: JsonSerializationBenchmarks.Utf8Json_Serialize_Large: Overhead-Fixed-Energy-9(OutlierMode=DontRemove, IterationCount=15, IterationTime=1s, LaunchCount=1, WarmupCount=6)
// *** Execute ***
// Launch: 1 / 1
// Execute: dotnet Serialization.Bench-Overhead-Fixed-Energy-9-1.dll --anonymousPipes 103 104 --benchmarkName Serialization.Bench.JsonSerializationBenchmarks.Utf8Json_Serialize_Large --job Overhead-Fixed-Energy-9 --benchmarkId 18 in /home/test/rapl-tests/lib-energy-bench/src/Serialization.Bench/bin/Release/net8.0/Serialization.Bench-Overhead-Fixed-Energy-9-1/bin/Release/net8.0
// BeforeAnythingElse

// Benchmark Process Environment Information:
// BenchmarkDotNet v0.15.5-develop (2025-12-31)
// Runtime=.NET 8.0.21 (8.0.21, 8.0.2125.47513), X64 RyuJIT x86-64-v4
// GC=Concurrent Workstation
// HardwareIntrinsics=AVX512 IFMA+VBMI,AVX512 F+BW+CD+DQ+VL,AVX2+BMI1+BMI2+F16C+FMA+LZCNT+MOVBE,AVX,SSE3+SSSE3+SSE4.1+SSE4.2+POPCNT,X86Base+SSE+SSE2,AES+PCLMUL VectorSize=256
// Job: Overhead-Fixed-Energy-9(OutlierMode=DontRemove, IterationCount=15, IterationTime=1s, LaunchCount=1, WarmupCount=6)

OverheadJitting  1: 1 op, 134824.00 ns, 134.8240 us/op, 0.00 uJpkg, 0.00 uJdram
WorkloadJitting  1: 1 op, 54055202.00 ns, 54.0552 ms/op, 3381522.00 uJpkg, 0.00 uJdram

OverheadJitting  2: 16 op, 367129.00 ns, 22.9456 us/op, 0.00 uJpkg, 0.00 uJdram
WorkloadJitting  2: 16 op, 13164662.00 ns, 822.7914 us/op, 910825.00 uJpkg, 0.00 uJdram

WorkloadPilot    1: 16 op, 12217479.00 ns, 763.5924 us/op, 792966.00 uJpkg, 0.00 uJdram
WorkloadPilot    2: 1312 op, 487465518.00 ns, 371.5438 us/op, 45132758.00 uJpkg, 0.00 uJdram
WorkloadPilot    3: 2704 op, 753150433.00 ns, 278.5320 us/op, 73300045.00 uJpkg, 0.00 uJdram
WorkloadPilot    4: 3600 op, 999302023.00 ns, 277.5839 us/op, 96902401.00 uJpkg, 0.00 uJdram
WorkloadPilot    5: 3616 op, 1002129444.00 ns, 277.1376 us/op, 97406794.00 uJpkg, 0.00 uJdram

OverheadWarmup   1: 3616 op, 13680.00 ns, 3.7832 ns/op, 0.00 uJpkg, 0.00 uJdram
OverheadWarmup   2: 3616 op, 13365.00 ns, 3.6961 ns/op, 0.00 uJpkg, 0.00 uJdram
OverheadWarmup   3: 3616 op, 13366.00 ns, 3.6963 ns/op, 0.00 uJpkg, 0.00 uJdram
OverheadWarmup   4: 3616 op, 13378.00 ns, 3.6997 ns/op, 0.00 uJpkg, 0.00 uJdram
OverheadWarmup   5: 3616 op, 12818.00 ns, 3.5448 ns/op, 0.00 uJpkg, 0.00 uJdram
OverheadWarmup   6: 3616 op, 12839.00 ns, 3.5506 ns/op, 0.00 uJpkg, 0.00 uJdram
OverheadWarmup   7: 3616 op, 12824.00 ns, 3.5465 ns/op, 0.00 uJpkg, 0.00 uJdram

OverheadActual   1: 3616 op, 13382.00 ns, 3.7008 ns/op, 0.00 uJpkg, 0.00 uJdram
OverheadActual   2: 3616 op, 12844.00 ns, 3.5520 ns/op, 0.00 uJpkg, 0.00 uJdram
OverheadActual   3: 3616 op, 12823.00 ns, 3.5462 ns/op, 59815.00 uJpkg, 0.00 uJdram
OverheadActual   4: 3616 op, 12838.00 ns, 3.5503 ns/op, 0.00 uJpkg, 0.00 uJdram
OverheadActual   5: 3616 op, 12844.00 ns, 3.5520 ns/op, 0.00 uJpkg, 0.00 uJdram
OverheadActual   6: 3616 op, 13372.00 ns, 3.6980 ns/op, 0.00 uJpkg, 0.00 uJdram
OverheadActual   7: 3616 op, 13379.00 ns, 3.6999 ns/op, 0.00 uJpkg, 0.00 uJdram
OverheadActual   8: 3616 op, 13368.00 ns, 3.6969 ns/op, 0.00 uJpkg, 0.00 uJdram
OverheadActual   9: 3616 op, 13357.00 ns, 3.6939 ns/op, 0.00 uJpkg, 0.00 uJdram
OverheadActual  10: 3616 op, 12845.00 ns, 3.5523 ns/op, 0.00 uJpkg, 0.00 uJdram
OverheadActual  11: 3616 op, 12816.00 ns, 3.5442 ns/op, 0.00 uJpkg, 0.00 uJdram
OverheadActual  12: 3616 op, 13205.00 ns, 3.6518 ns/op, 0.00 uJpkg, 0.00 uJdram
OverheadActual  13: 3616 op, 13362.00 ns, 3.6952 ns/op, 0.00 uJpkg, 0.00 uJdram
OverheadActual  14: 3616 op, 16602.00 ns, 4.5913 ns/op, 0.00 uJpkg, 0.00 uJdram
OverheadActual  15: 3616 op, 12856.00 ns, 3.5553 ns/op, 0.00 uJpkg, 0.00 uJdram
OverheadActual  16: 3616 op, 12818.00 ns, 3.5448 ns/op, 75684.00 uJpkg, 0.00 uJdram
OverheadActual  17: 3616 op, 12827.00 ns, 3.5473 ns/op, 0.00 uJpkg, 0.00 uJdram
OverheadActual  18: 3616 op, 12818.00 ns, 3.5448 ns/op, 0.00 uJpkg, 0.00 uJdram
OverheadActual  19: 3616 op, 12819.00 ns, 3.5451 ns/op, 0.00 uJpkg, 0.00 uJdram
OverheadActual  20: 3616 op, 12798.00 ns, 3.5393 ns/op, 0.00 uJpkg, 0.00 uJdram

WorkloadWarmup   1: 3616 op, 1012351202.00 ns, 279.9644 us/op, 99614369.00 uJpkg, 0.00 uJdram
WorkloadWarmup   2: 3616 op, 1002290811.00 ns, 277.1822 us/op, 97545710.00 uJpkg, 0.00 uJdram
WorkloadWarmup   3: 3616 op, 1010709080.00 ns, 279.5103 us/op, 98184197.00 uJpkg, 0.00 uJdram
WorkloadWarmup   4: 3616 op, 1005118793.00 ns, 277.9643 us/op, 98171746.00 uJpkg, 0.00 uJdram
WorkloadWarmup   5: 3616 op, 1009597488.00 ns, 279.2028 us/op, 98197625.00 uJpkg, 0.00 uJdram
WorkloadWarmup   6: 3616 op, 1003872545.00 ns, 277.6196 us/op, 97554865.00 uJpkg, 0.00 uJdram

// BeforeActualRun
WorkloadActual   1: 3616 op, 1007019634.00 ns, 278.4899 us/op, 97981744.00 uJpkg, 0.00 uJdram
WorkloadActual   2: 3616 op, 1006313792.00 ns, 278.2947 us/op, 98366203.00 uJpkg, 0.00 uJdram
WorkloadActual   3: 3616 op, 1004654248.00 ns, 277.8358 us/op, 98697196.00 uJpkg, 0.00 uJdram
WorkloadActual   4: 3616 op, 1010792460.00 ns, 279.5333 us/op, 98691581.00 uJpkg, 0.00 uJdram
WorkloadActual   5: 3616 op, 1007551881.00 ns, 278.6371 us/op, 98051080.00 uJpkg, 0.00 uJdram
WorkloadActual   6: 3616 op, 1008326163.00 ns, 278.8513 us/op, 98904776.00 uJpkg, 0.00 uJdram
WorkloadActual   7: 3616 op, 1011757922.00 ns, 279.8003 us/op, 98821280.00 uJpkg, 0.00 uJdram
WorkloadActual   8: 3616 op, 1010905804.00 ns, 279.5647 us/op, 98601005.00 uJpkg, 0.00 uJdram
WorkloadActual   9: 3616 op, 1010150213.00 ns, 279.3557 us/op, 98197136.00 uJpkg, 0.00 uJdram
WorkloadActual  10: 3616 op, 1013669948.00 ns, 280.3291 us/op, 99577809.00 uJpkg, 0.00 uJdram
WorkloadActual  11: 3616 op, 1014283560.00 ns, 280.4988 us/op, 98538750.00 uJpkg, 0.00 uJdram
WorkloadActual  12: 3616 op, 1006455203.00 ns, 278.3339 us/op, 98308647.00 uJpkg, 0.00 uJdram
WorkloadActual  13: 3616 op, 998071135.00 ns, 276.0152 us/op, 98181084.00 uJpkg, 0.00 uJdram
WorkloadActual  14: 3616 op, 1002814069.00 ns, 277.3269 us/op, 98483940.00 uJpkg, 0.00 uJdram
WorkloadActual  15: 3616 op, 1008490940.00 ns, 278.8968 us/op, 98989554.00 uJpkg, 0.00 uJdram

// AfterActualRun
WorkloadResult   1: 3616 op, 1007006789.50 ns, 278.4864 us/op, 97981744.00 uJpkg, 0.00 uJdram
WorkloadResult   2: 3616 op, 1006300947.50 ns, 278.2912 us/op, 98366203.00 uJpkg, 0.00 uJdram
WorkloadResult   3: 3616 op, 1004641403.50 ns, 277.8322 us/op, 98697196.00 uJpkg, 0.00 uJdram
WorkloadResult   4: 3616 op, 1010779615.50 ns, 279.5298 us/op, 98691581.00 uJpkg, 0.00 uJdram
WorkloadResult   5: 3616 op, 1007539036.50 ns, 278.6336 us/op, 98051080.00 uJpkg, 0.00 uJdram
WorkloadResult   6: 3616 op, 1008313318.50 ns, 278.8477 us/op, 98904776.00 uJpkg, 0.00 uJdram
WorkloadResult   7: 3616 op, 1011745077.50 ns, 279.7968 us/op, 98821280.00 uJpkg, 0.00 uJdram
WorkloadResult   8: 3616 op, 1010892959.50 ns, 279.5611 us/op, 98601005.00 uJpkg, 0.00 uJdram
WorkloadResult   9: 3616 op, 1010137368.50 ns, 279.3521 us/op, 98197136.00 uJpkg, 0.00 uJdram
WorkloadResult  10: 3616 op, 1013657103.50 ns, 280.3255 us/op, 99577809.00 uJpkg, 0.00 uJdram
WorkloadResult  11: 3616 op, 1014270715.50 ns, 280.4952 us/op, 98538750.00 uJpkg, 0.00 uJdram
WorkloadResult  12: 3616 op, 1006442358.50 ns, 278.3303 us/op, 98308647.00 uJpkg, 0.00 uJdram
WorkloadResult  13: 3616 op, 998058290.50 ns, 276.0117 us/op, 98181084.00 uJpkg, 0.00 uJdram
WorkloadResult  14: 3616 op, 1002801224.50 ns, 277.3233 us/op, 98483940.00 uJpkg, 0.00 uJdram
WorkloadResult  15: 3616 op, 1008478095.50 ns, 278.8933 us/op, 98989554.00 uJpkg, 0.00 uJdram

// AfterAll
// Benchmark Process 4068596 has exited with code 0.

Mean = 278.781 μs, StdErr = 0.302 μs (0.11%), N = 15, StdDev = 1.168 μs
Min = 276.012 μs, Q1 = 278.311 μs, Median = 278.848 μs, Q3 = 279.545 μs, Max = 280.495 μs
IQR = 1.235 μs, LowerFence = 276.459 μs, UpperFence = 281.397 μs
ConfidenceInterval = [277.532 μs; 280.030 μs] (CI 99.9%), Margin = 1.249 μs (0.45% of Mean)
Skewness = -0.61, Kurtosis = 2.88, MValue = 2

// ** Remained 11 (36.7%) benchmark(s) to run. Estimated finish 2025-12-31 22:16 (0h 4m from now) **
// **************************
// Benchmark: JsonSerializationBenchmarks.SpanJson_Serialize_Large: Overhead-Fixed-Energy-9(OutlierMode=DontRemove, IterationCount=15, IterationTime=1s, LaunchCount=1, WarmupCount=6)
// *** Execute ***
// Launch: 1 / 1
// Execute: dotnet Serialization.Bench-Overhead-Fixed-Energy-9-1.dll --anonymousPipes 103 104 --benchmarkName Serialization.Bench.JsonSerializationBenchmarks.SpanJson_Serialize_Large --job Overhead-Fixed-Energy-9 --benchmarkId 19 in /home/test/rapl-tests/lib-energy-bench/src/Serialization.Bench/bin/Release/net8.0/Serialization.Bench-Overhead-Fixed-Energy-9-1/bin/Release/net8.0
// BeforeAnythingElse

// Benchmark Process Environment Information:
// BenchmarkDotNet v0.15.5-develop (2025-12-31)
// Runtime=.NET 8.0.21 (8.0.21, 8.0.2125.47513), X64 RyuJIT x86-64-v4
// GC=Concurrent Workstation
// HardwareIntrinsics=AVX512 IFMA+VBMI,AVX512 F+BW+CD+DQ+VL,AVX2+BMI1+BMI2+F16C+FMA+LZCNT+MOVBE,AVX,SSE3+SSSE3+SSE4.1+SSE4.2+POPCNT,X86Base+SSE+SSE2,AES+PCLMUL VectorSize=256
// Job: Overhead-Fixed-Energy-9(OutlierMode=DontRemove, IterationCount=15, IterationTime=1s, LaunchCount=1, WarmupCount=6)

OverheadJitting  1: 1 op, 136537.00 ns, 136.5370 us/op, 52490.00 uJpkg, 0.00 uJdram
WorkloadJitting  1: 1 op, 109011104.00 ns, 109.0111 ms/op, 6918806.00 uJpkg, 0.00 uJdram

WorkloadPilot    1: 4 op, 3022870.00 ns, 755.7175 us/op, 216796.00 uJpkg, 0.00 uJdram
WorkloadPilot    2: 1323 op, 313292872.00 ns, 236.8049 us/op, 22879214.00 uJpkg, 0.00 uJdram
WorkloadPilot    3: 4223 op, 664405844.00 ns, 157.3303 us/op, 48750120.00 uJpkg, 0.00 uJdram
WorkloadPilot    4: 6356 op, 983271708.00 ns, 154.6998 us/op, 70573061.00 uJpkg, 0.00 uJdram
WorkloadPilot    5: 6464 op, 1042990952.00 ns, 161.3538 us/op, 77309067.00 uJpkg, 0.00 uJdram
WorkloadPilot    6: 6198 op, 1002630309.00 ns, 161.7667 us/op, 73559443.00 uJpkg, 0.00 uJdram
WorkloadPilot    7: 6182 op, 1004306179.00 ns, 162.4565 us/op, 73653193.00 uJpkg, 0.00 uJdram

WorkloadWarmup   1: 6182 op, 991135790.00 ns, 160.3261 us/op, 73129513.00 uJpkg, 0.00 uJdram
WorkloadWarmup   2: 6182 op, 998728117.00 ns, 161.5542 us/op, 74534844.00 uJpkg, 0.00 uJdram
WorkloadWarmup   3: 6182 op, 1000198452.00 ns, 161.7920 us/op, 74347344.00 uJpkg, 0.00 uJdram
WorkloadWarmup   4: 6182 op, 1011440022.00 ns, 163.6105 us/op, 74090082.00 uJpkg, 0.00 uJdram
WorkloadWarmup   5: 6182 op, 1008976217.00 ns, 163.2119 us/op, 73851739.00 uJpkg, 0.00 uJdram
WorkloadWarmup   6: 6182 op, 1011108459.00 ns, 163.5569 us/op, 74073602.00 uJpkg, 0.00 uJdram

// BeforeActualRun
WorkloadActual   1: 6182 op, 1011096811.00 ns, 163.5550 us/op, 74136834.00 uJpkg, 0.00 uJdram
WorkloadActual   2: 6182 op, 993440116.00 ns, 160.6988 us/op, 72772946.00 uJpkg, 0.00 uJdram
WorkloadActual   3: 6182 op, 995227653.00 ns, 160.9880 us/op, 73448054.00 uJpkg, 0.00 uJdram
WorkloadActual   4: 6182 op, 992725364.00 ns, 160.5832 us/op, 73661311.00 uJpkg, 0.00 uJdram
WorkloadActual   5: 6182 op, 997461087.00 ns, 161.3493 us/op, 74097589.00 uJpkg, 0.00 uJdram
WorkloadActual   6: 6182 op, 994206991.00 ns, 160.8229 us/op, 73205989.00 uJpkg, 0.00 uJdram
WorkloadActual   7: 6182 op, 997533544.00 ns, 161.3610 us/op, 73097835.00 uJpkg, 0.00 uJdram
WorkloadActual   8: 6182 op, 1006996475.00 ns, 162.8917 us/op, 73757563.00 uJpkg, 0.00 uJdram
WorkloadActual   9: 6182 op, 1008343903.00 ns, 163.1097 us/op, 74165643.00 uJpkg, 0.00 uJdram
WorkloadActual  10: 6182 op, 1014529639.00 ns, 164.1103 us/op, 74228082.00 uJpkg, 0.00 uJdram
WorkloadActual  11: 6182 op, 1010452814.00 ns, 163.4508 us/op, 74266839.00 uJpkg, 0.00 uJdram
WorkloadActual  12: 6182 op, 1012251110.00 ns, 163.7417 us/op, 73833795.00 uJpkg, 0.00 uJdram
WorkloadActual  13: 6182 op, 1007438766.00 ns, 162.9632 us/op, 74389397.00 uJpkg, 0.00 uJdram
WorkloadActual  14: 6182 op, 1009704524.00 ns, 163.3298 us/op, 74860221.00 uJpkg, 0.00 uJdram
WorkloadActual  15: 6182 op, 1013993609.00 ns, 164.0236 us/op, 74432182.00 uJpkg, 0.00 uJdram

// AfterActualRun
WorkloadResult   1: 6182 op, 1011096811.00 ns, 163.5550 us/op, 74136834.00 uJpkg, 0.00 uJdram
WorkloadResult   2: 6182 op, 993440116.00 ns, 160.6988 us/op, 72772946.00 uJpkg, 0.00 uJdram
WorkloadResult   3: 6182 op, 995227653.00 ns, 160.9880 us/op, 73448054.00 uJpkg, 0.00 uJdram
WorkloadResult   4: 6182 op, 992725364.00 ns, 160.5832 us/op, 73661311.00 uJpkg, 0.00 uJdram
WorkloadResult   5: 6182 op, 997461087.00 ns, 161.3493 us/op, 74097589.00 uJpkg, 0.00 uJdram
WorkloadResult   6: 6182 op, 994206991.00 ns, 160.8229 us/op, 73205989.00 uJpkg, 0.00 uJdram
WorkloadResult   7: 6182 op, 997533544.00 ns, 161.3610 us/op, 73097835.00 uJpkg, 0.00 uJdram
WorkloadResult   8: 6182 op, 1006996475.00 ns, 162.8917 us/op, 73757563.00 uJpkg, 0.00 uJdram
WorkloadResult   9: 6182 op, 1008343903.00 ns, 163.1097 us/op, 74165643.00 uJpkg, 0.00 uJdram
WorkloadResult  10: 6182 op, 1014529639.00 ns, 164.1103 us/op, 74228082.00 uJpkg, 0.00 uJdram
WorkloadResult  11: 6182 op, 1010452814.00 ns, 163.4508 us/op, 74266839.00 uJpkg, 0.00 uJdram
WorkloadResult  12: 6182 op, 1012251110.00 ns, 163.7417 us/op, 73833795.00 uJpkg, 0.00 uJdram
WorkloadResult  13: 6182 op, 1007438766.00 ns, 162.9632 us/op, 74389397.00 uJpkg, 0.00 uJdram
WorkloadResult  14: 6182 op, 1009704524.00 ns, 163.3298 us/op, 74860221.00 uJpkg, 0.00 uJdram
WorkloadResult  15: 6182 op, 1013993609.00 ns, 164.0236 us/op, 74432182.00 uJpkg, 0.00 uJdram

// AfterAll
// Benchmark Process 4068613 has exited with code 0.

Mean = 162.465 μs, StdErr = 0.342 μs (0.21%), N = 15, StdDev = 1.323 μs
Min = 160.583 μs, Q1 = 161.169 μs, Median = 162.963 μs, Q3 = 163.503 μs, Max = 164.110 μs
IQR = 2.334 μs, LowerFence = 157.667 μs, UpperFence = 167.004 μs
ConfidenceInterval = [161.050 μs; 163.880 μs] (CI 99.9%), Margin = 1.415 μs (0.87% of Mean)
Skewness = -0.26, Kurtosis = 1.23, MValue = 2

// ** Remained 10 (33.3%) benchmark(s) to run. Estimated finish 2025-12-31 22:16 (0h 4m from now) **
// **************************
// Benchmark: JsonSerializationBenchmarks.STJ_Serialize_Medium: Overhead-Fixed-Energy-9(OutlierMode=DontRemove, IterationCount=15, IterationTime=1s, LaunchCount=1, WarmupCount=6)
// *** Execute ***
// Launch: 1 / 1
// Execute: dotnet Serialization.Bench-Overhead-Fixed-Energy-9-1.dll --anonymousPipes 103 104 --benchmarkName Serialization.Bench.JsonSerializationBenchmarks.STJ_Serialize_Medium --job Overhead-Fixed-Energy-9 --benchmarkId 20 in /home/test/rapl-tests/lib-energy-bench/src/Serialization.Bench/bin/Release/net8.0/Serialization.Bench-Overhead-Fixed-Energy-9-1/bin/Release/net8.0
// BeforeAnythingElse

// Benchmark Process Environment Information:
// BenchmarkDotNet v0.15.5-develop (2025-12-31)
// Runtime=.NET 8.0.21 (8.0.21, 8.0.2125.47513), X64 RyuJIT x86-64-v4
// GC=Concurrent Workstation
// HardwareIntrinsics=AVX512 IFMA+VBMI,AVX512 F+BW+CD+DQ+VL,AVX2+BMI1+BMI2+F16C+FMA+LZCNT+MOVBE,AVX,SSE3+SSSE3+SSE4.1+SSE4.2+POPCNT,X86Base+SSE+SSE2,AES+PCLMUL VectorSize=256
// Job: Overhead-Fixed-Energy-9(OutlierMode=DontRemove, IterationCount=15, IterationTime=1s, LaunchCount=1, WarmupCount=6)

OverheadJitting  1: 1 op, 137469.00 ns, 137.4690 us/op, 68908.00 uJpkg, 0.00 uJdram
WorkloadJitting  1: 1 op, 7013792.00 ns, 7.0138 ms/op, 446166.00 uJpkg, 0.00 uJdram

OverheadJitting  2: 16 op, 400237.00 ns, 25.0148 us/op, 66223.00 uJpkg, 0.00 uJdram
WorkloadJitting  2: 16 op, 2105454.00 ns, 131.5909 us/op, 170348.00 uJpkg, 0.00 uJdram

WorkloadPilot    1: 16 op, 1571020.00 ns, 98.1888 us/op, 143005.00 uJpkg, 0.00 uJdram
WorkloadPilot    2: 10192 op, 714064228.00 ns, 70.0612 us/op, 63896931.00 uJpkg, 0.00 uJdram
WorkloadPilot    3: 14288 op, 660211885.00 ns, 46.2074 us/op, 57564306.00 uJpkg, 0.00 uJdram
WorkloadPilot    4: 21648 op, 998806801.00 ns, 46.1385 us/op, 87815082.00 uJpkg, 0.00 uJdram
WorkloadPilot    5: 21680 op, 998350337.00 ns, 46.0494 us/op, 87414693.00 uJpkg, 0.00 uJdram
WorkloadPilot    6: 21728 op, 1001010251.00 ns, 46.0701 us/op, 87400960.00 uJpkg, 0.00 uJdram
WorkloadPilot    7: 21712 op, 1000817658.00 ns, 46.0951 us/op, 87758748.00 uJpkg, 0.00 uJdram
WorkloadPilot    8: 21696 op, 999372220.00 ns, 46.0625 us/op, 87902790.00 uJpkg, 0.00 uJdram
WorkloadPilot    9: 21712 op, 1000598196.00 ns, 46.0850 us/op, 88070270.00 uJpkg, 0.00 uJdram

OverheadWarmup   1: 21712 op, 75927.00 ns, 3.4970 ns/op, 79895.00 uJpkg, 0.00 uJdram
OverheadWarmup   2: 21712 op, 73830.00 ns, 3.4004 ns/op, 97900.00 uJpkg, 0.00 uJdram
OverheadWarmup   3: 21712 op, 73825.00 ns, 3.4002 ns/op, 0.00 uJpkg, 0.00 uJdram
OverheadWarmup   4: 21712 op, 75712.00 ns, 3.4871 ns/op, 0.00 uJpkg, 0.00 uJdram
OverheadWarmup   5: 21712 op, 73828.00 ns, 3.4003 ns/op, 0.00 uJpkg, 0.00 uJdram
OverheadWarmup   6: 21712 op, 75328.00 ns, 3.4694 ns/op, 0.00 uJpkg, 0.00 uJdram
OverheadWarmup   7: 21712 op, 75611.00 ns, 3.4825 ns/op, 0.00 uJpkg, 0.00 uJdram
OverheadWarmup   8: 21712 op, 75321.00 ns, 3.4691 ns/op, 0.00 uJpkg, 0.00 uJdram

OverheadActual   1: 21712 op, 73832.00 ns, 3.4005 ns/op, 0.00 uJpkg, 0.00 uJdram
OverheadActual   2: 21712 op, 74127.00 ns, 3.4141 ns/op, 0.00 uJpkg, 0.00 uJdram
OverheadActual   3: 21712 op, 73835.00 ns, 3.4007 ns/op, 0.00 uJpkg, 0.00 uJdram
OverheadActual   4: 21712 op, 73832.00 ns, 3.4005 ns/op, 0.00 uJpkg, 0.00 uJdram
OverheadActual   5: 21712 op, 80814.00 ns, 3.7221 ns/op, 0.00 uJpkg, 0.00 uJdram
OverheadActual   6: 21712 op, 73836.00 ns, 3.4007 ns/op, 0.00 uJpkg, 0.00 uJdram
OverheadActual   7: 21712 op, 73828.00 ns, 3.4003 ns/op, 0.00 uJpkg, 0.00 uJdram
OverheadActual   8: 21712 op, 74153.00 ns, 3.4153 ns/op, 0.00 uJpkg, 0.00 uJdram
OverheadActual   9: 21712 op, 75303.00 ns, 3.4683 ns/op, 92285.00 uJpkg, 0.00 uJdram
OverheadActual  10: 21712 op, 73840.00 ns, 3.4009 ns/op, 0.00 uJpkg, 0.00 uJdram
OverheadActual  11: 21712 op, 74165.00 ns, 3.4159 ns/op, 0.00 uJpkg, 0.00 uJdram
OverheadActual  12: 21712 op, 73830.00 ns, 3.4004 ns/op, 0.00 uJpkg, 0.00 uJdram
OverheadActual  13: 21712 op, 75343.00 ns, 3.4701 ns/op, 0.00 uJpkg, 0.00 uJdram
OverheadActual  14: 21712 op, 74194.00 ns, 3.4172 ns/op, 0.00 uJpkg, 0.00 uJdram
OverheadActual  15: 21712 op, 73815.00 ns, 3.3997 ns/op, 0.00 uJpkg, 0.00 uJdram

WorkloadWarmup   1: 21712 op, 1003455320.00 ns, 46.2166 us/op, 90609143.00 uJpkg, 0.00 uJdram
WorkloadWarmup   2: 21712 op, 1006177643.00 ns, 46.3420 us/op, 88422748.00 uJpkg, 0.00 uJdram
WorkloadWarmup   3: 21712 op, 1007368297.00 ns, 46.3968 us/op, 88391070.00 uJpkg, 0.00 uJdram
WorkloadWarmup   4: 21712 op, 1006050493.00 ns, 46.3362 us/op, 87101278.00 uJpkg, 0.00 uJdram
WorkloadWarmup   5: 21712 op, 1003181803.00 ns, 46.2040 us/op, 87111532.00 uJpkg, 0.00 uJdram
WorkloadWarmup   6: 21712 op, 1006221180.00 ns, 46.3440 us/op, 86941061.00 uJpkg, 0.00 uJdram

// BeforeActualRun
WorkloadActual   1: 21712 op, 1004372577.00 ns, 46.2589 us/op, 86569664.00 uJpkg, 0.00 uJdram
WorkloadActual   2: 21712 op, 1002306935.00 ns, 46.1637 us/op, 86401818.00 uJpkg, 0.00 uJdram
WorkloadActual   3: 21712 op, 1007555396.00 ns, 46.4055 us/op, 87286397.00 uJpkg, 0.00 uJdram
WorkloadActual   4: 21712 op, 1005206681.00 ns, 46.2973 us/op, 86698570.00 uJpkg, 0.00 uJdram
WorkloadActual   5: 21712 op, 1002379959.00 ns, 46.1671 us/op, 87040304.00 uJpkg, 0.00 uJdram
WorkloadActual   6: 21712 op, 1008204544.00 ns, 46.4354 us/op, 86995688.00 uJpkg, 0.00 uJdram
WorkloadActual   7: 21712 op, 1005140857.00 ns, 46.2943 us/op, 86877097.00 uJpkg, 0.00 uJdram
WorkloadActual   8: 21712 op, 1002951731.00 ns, 46.1934 us/op, 86752586.00 uJpkg, 0.00 uJdram
WorkloadActual   9: 21712 op, 1008414706.00 ns, 46.4450 us/op, 87651448.00 uJpkg, 0.00 uJdram
WorkloadActual  10: 21712 op, 1006327400.00 ns, 46.3489 us/op, 88027484.00 uJpkg, 0.00 uJdram
WorkloadActual  11: 21712 op, 1005220042.00 ns, 46.2979 us/op, 86551536.00 uJpkg, 0.00 uJdram
WorkloadActual  12: 21712 op, 1004268790.00 ns, 46.2541 us/op, 86604209.00 uJpkg, 0.00 uJdram
WorkloadActual  13: 21712 op, 1005995355.00 ns, 46.3336 us/op, 86529503.00 uJpkg, 0.00 uJdram
WorkloadActual  14: 21712 op, 1001608628.00 ns, 46.1316 us/op, 85972009.00 uJpkg, 0.00 uJdram
WorkloadActual  15: 21712 op, 1005616751.00 ns, 46.3162 us/op, 87088949.00 uJpkg, 0.00 uJdram

// AfterActualRun
WorkloadResult   1: 21712 op, 1004298737.00 ns, 46.2555 us/op, 86569664.00 uJpkg, 0.00 uJdram
WorkloadResult   2: 21712 op, 1002233095.00 ns, 46.1603 us/op, 86401818.00 uJpkg, 0.00 uJdram
WorkloadResult   3: 21712 op, 1007481556.00 ns, 46.4021 us/op, 87286397.00 uJpkg, 0.00 uJdram
WorkloadResult   4: 21712 op, 1005132841.00 ns, 46.2939 us/op, 86698570.00 uJpkg, 0.00 uJdram
WorkloadResult   5: 21712 op, 1002306119.00 ns, 46.1637 us/op, 87040304.00 uJpkg, 0.00 uJdram
WorkloadResult   6: 21712 op, 1008130704.00 ns, 46.4320 us/op, 86995688.00 uJpkg, 0.00 uJdram
WorkloadResult   7: 21712 op, 1005067017.00 ns, 46.2909 us/op, 86877097.00 uJpkg, 0.00 uJdram
WorkloadResult   8: 21712 op, 1002877891.00 ns, 46.1900 us/op, 86752586.00 uJpkg, 0.00 uJdram
WorkloadResult   9: 21712 op, 1008340866.00 ns, 46.4416 us/op, 87651448.00 uJpkg, 0.00 uJdram
WorkloadResult  10: 21712 op, 1006253560.00 ns, 46.3455 us/op, 88027484.00 uJpkg, 0.00 uJdram
WorkloadResult  11: 21712 op, 1005146202.00 ns, 46.2945 us/op, 86551536.00 uJpkg, 0.00 uJdram
WorkloadResult  12: 21712 op, 1004194950.00 ns, 46.2507 us/op, 86604209.00 uJpkg, 0.00 uJdram
WorkloadResult  13: 21712 op, 1005921515.00 ns, 46.3302 us/op, 86529503.00 uJpkg, 0.00 uJdram
WorkloadResult  14: 21712 op, 1001534788.00 ns, 46.1282 us/op, 85972009.00 uJpkg, 0.00 uJdram
WorkloadResult  15: 21712 op, 1005542911.00 ns, 46.3128 us/op, 87088949.00 uJpkg, 0.00 uJdram

// AfterAll
// Benchmark Process 4068630 has exited with code 0.

Mean = 46.286 μs, StdErr = 0.025 μs (0.05%), N = 15, StdDev = 0.097 μs
Min = 46.128 μs, Q1 = 46.220 μs, Median = 46.294 μs, Q3 = 46.338 μs, Max = 46.442 μs
IQR = 0.117 μs, LowerFence = 46.044 μs, UpperFence = 46.514 μs
ConfidenceInterval = [46.182 μs; 46.390 μs] (CI 99.9%), Margin = 0.104 μs (0.22% of Mean)
Skewness = 0, Kurtosis = 1.8, MValue = 2

// ** Remained 9 (30.0%) benchmark(s) to run. Estimated finish 2025-12-31 22:16 (0h 4m from now) **
// **************************
// Benchmark: JsonSerializationBenchmarks.Newtonsoft_Serialize_Medium: Overhead-Fixed-Energy-9(OutlierMode=DontRemove, IterationCount=15, IterationTime=1s, LaunchCount=1, WarmupCount=6)
// *** Execute ***
// Launch: 1 / 1
// Execute: dotnet Serialization.Bench-Overhead-Fixed-Energy-9-1.dll --anonymousPipes 103 104 --benchmarkName Serialization.Bench.JsonSerializationBenchmarks.Newtonsoft_Serialize_Medium --job Overhead-Fixed-Energy-9 --benchmarkId 21 in /home/test/rapl-tests/lib-energy-bench/src/Serialization.Bench/bin/Release/net8.0/Serialization.Bench-Overhead-Fixed-Energy-9-1/bin/Release/net8.0
// BeforeAnythingElse

// Benchmark Process Environment Information:
// BenchmarkDotNet v0.15.5-develop (2025-12-31)
// Runtime=.NET 8.0.21 (8.0.21, 8.0.2125.47513), X64 RyuJIT x86-64-v4
// GC=Concurrent Workstation
// HardwareIntrinsics=AVX512 IFMA+VBMI,AVX512 F+BW+CD+DQ+VL,AVX2+BMI1+BMI2+F16C+FMA+LZCNT+MOVBE,AVX,SSE3+SSSE3+SSE4.1+SSE4.2+POPCNT,X86Base+SSE+SSE2,AES+PCLMUL VectorSize=256
// Job: Overhead-Fixed-Energy-9(OutlierMode=DontRemove, IterationCount=15, IterationTime=1s, LaunchCount=1, WarmupCount=6)

OverheadJitting  1: 1 op, 136467.00 ns, 136.4670 us/op, 0.00 uJpkg, 0.00 uJdram
WorkloadJitting  1: 1 op, 48484017.00 ns, 48.4840 ms/op, 2904106.00 uJpkg, 0.00 uJdram

OverheadJitting  2: 16 op, 364966.00 ns, 22.8104 us/op, 0.00 uJpkg, 0.00 uJdram
WorkloadJitting  2: 16 op, 4982314.00 ns, 311.3946 us/op, 346862.00 uJpkg, 0.00 uJdram

WorkloadPilot    1: 16 op, 4408951.00 ns, 275.5594 us/op, 347716.00 uJpkg, 0.00 uJdram
WorkloadPilot    2: 3632 op, 359598139.00 ns, 99.0083 us/op, 28959765.00 uJpkg, 0.00 uJdram
WorkloadPilot    3: 10112 op, 530901743.00 ns, 52.5022 us/op, 44818488.00 uJpkg, 0.00 uJdram
WorkloadPilot    4: 19056 op, 995207745.00 ns, 52.2254 us/op, 84272245.00 uJpkg, 0.00 uJdram
WorkloadPilot    5: 19152 op, 1005002055.00 ns, 52.4750 us/op, 85285365.00 uJpkg, 0.00 uJdram
WorkloadPilot    6: 19072 op, 995161932.00 ns, 52.1792 us/op, 84721707.00 uJpkg, 0.00 uJdram
WorkloadPilot    7: 19168 op, 1003263308.00 ns, 52.3405 us/op, 85259242.00 uJpkg, 0.00 uJdram
WorkloadPilot    8: 19120 op, 1000011252.00 ns, 52.3018 us/op, 85070339.00 uJpkg, 0.00 uJdram

OverheadWarmup   1: 19120 op, 67388.00 ns, 3.5245 ns/op, 72814.00 uJpkg, 0.00 uJdram
OverheadWarmup   2: 19120 op, 66380.00 ns, 3.4718 ns/op, 0.00 uJpkg, 0.00 uJdram
OverheadWarmup   3: 19120 op, 66367.00 ns, 3.4711 ns/op, 0.00 uJpkg, 0.00 uJdram
OverheadWarmup   4: 19120 op, 73911.00 ns, 3.8656 ns/op, 0.00 uJpkg, 0.00 uJdram
OverheadWarmup   5: 19120 op, 66362.00 ns, 3.4708 ns/op, 0.00 uJpkg, 0.00 uJdram
OverheadWarmup   6: 19120 op, 66361.00 ns, 3.4708 ns/op, 0.00 uJpkg, 0.00 uJdram
OverheadWarmup   7: 19120 op, 66698.00 ns, 3.4884 ns/op, 0.00 uJpkg, 0.00 uJdram
OverheadWarmup   8: 19120 op, 66363.00 ns, 3.4709 ns/op, 82275.00 uJpkg, 0.00 uJdram

OverheadActual   1: 19120 op, 66379.00 ns, 3.4717 ns/op, 0.00 uJpkg, 0.00 uJdram
OverheadActual   2: 19120 op, 67044.00 ns, 3.5065 ns/op, 0.00 uJpkg, 0.00 uJdram
OverheadActual   3: 19120 op, 66704.00 ns, 3.4887 ns/op, 0.00 uJpkg, 0.00 uJdram
OverheadActual   4: 19120 op, 66363.00 ns, 3.4709 ns/op, 0.00 uJpkg, 0.00 uJdram
OverheadActual   5: 19120 op, 66371.00 ns, 3.4713 ns/op, 0.00 uJpkg, 0.00 uJdram
OverheadActual   6: 19120 op, 73359.00 ns, 3.8368 ns/op, 0.00 uJpkg, 0.00 uJdram
OverheadActual   7: 19120 op, 66345.00 ns, 3.4699 ns/op, 0.00 uJpkg, 0.00 uJdram
OverheadActual   8: 19120 op, 66349.00 ns, 3.4701 ns/op, 0.00 uJpkg, 0.00 uJdram
OverheadActual   9: 19120 op, 66349.00 ns, 3.4701 ns/op, 0.00 uJpkg, 0.00 uJdram
OverheadActual  10: 19120 op, 66726.00 ns, 3.4899 ns/op, 0.00 uJpkg, 0.00 uJdram
OverheadActual  11: 19120 op, 66356.00 ns, 3.4705 ns/op, 81970.00 uJpkg, 0.00 uJdram
OverheadActual  12: 19120 op, 66361.00 ns, 3.4708 ns/op, 91613.00 uJpkg, 0.00 uJdram
OverheadActual  13: 19120 op, 66719.00 ns, 3.4895 ns/op, 0.00 uJpkg, 0.00 uJdram
OverheadActual  14: 19120 op, 66331.00 ns, 3.4692 ns/op, 0.00 uJpkg, 0.00 uJdram
OverheadActual  15: 19120 op, 66344.00 ns, 3.4699 ns/op, 0.00 uJpkg, 0.00 uJdram

WorkloadWarmup   1: 19120 op, 999765004.00 ns, 52.2890 us/op, 88279559.00 uJpkg, 0.00 uJdram
WorkloadWarmup   2: 19120 op, 999156969.00 ns, 52.2572 us/op, 85475794.00 uJpkg, 0.00 uJdram
WorkloadWarmup   3: 19120 op, 998879401.00 ns, 52.2426 us/op, 85332240.00 uJpkg, 0.00 uJdram
WorkloadWarmup   4: 19120 op, 998831374.00 ns, 52.2401 us/op, 85789697.00 uJpkg, 0.00 uJdram
WorkloadWarmup   5: 19120 op, 1001066881.00 ns, 52.3571 us/op, 86081994.00 uJpkg, 0.00 uJdram
WorkloadWarmup   6: 19120 op, 1003583369.00 ns, 52.4887 us/op, 85985681.00 uJpkg, 0.00 uJdram

// BeforeActualRun
WorkloadActual   1: 19120 op, 999830595.00 ns, 52.2924 us/op, 85240931.00 uJpkg, 0.00 uJdram
WorkloadActual   2: 19120 op, 998794143.00 ns, 52.2382 us/op, 85254115.00 uJpkg, 0.00 uJdram
WorkloadActual   3: 19120 op, 1004916566.00 ns, 52.5584 us/op, 86294152.00 uJpkg, 0.00 uJdram
WorkloadActual   4: 19120 op, 1002056202.00 ns, 52.4088 us/op, 85659021.00 uJpkg, 0.00 uJdram
WorkloadActual   5: 19120 op, 1001163772.00 ns, 52.3621 us/op, 86212548.00 uJpkg, 0.00 uJdram
WorkloadActual   6: 19120 op, 1000272448.00 ns, 52.3155 us/op, 85313869.00 uJpkg, 0.00 uJdram
WorkloadActual   7: 19120 op, 1003607859.00 ns, 52.4900 us/op, 85342983.00 uJpkg, 0.00 uJdram
WorkloadActual   8: 19120 op, 1000832971.00 ns, 52.3448 us/op, 85619593.00 uJpkg, 0.00 uJdram
WorkloadActual   9: 19120 op, 1005876695.00 ns, 52.6086 us/op, 86008142.00 uJpkg, 0.00 uJdram
WorkloadActual  10: 19120 op, 1004164216.00 ns, 52.5190 us/op, 86893211.00 uJpkg, 0.00 uJdram
WorkloadActual  11: 19120 op, 1003281235.00 ns, 52.4729 us/op, 85475062.00 uJpkg, 0.00 uJdram
WorkloadActual  12: 19120 op, 1008131913.00 ns, 52.7266 us/op, 86776206.00 uJpkg, 0.00 uJdram
WorkloadActual  13: 19120 op, 1001378757.00 ns, 52.3734 us/op, 85302455.00 uJpkg, 0.00 uJdram
WorkloadActual  14: 19120 op, 1000600056.00 ns, 52.3326 us/op, 85458521.00 uJpkg, 0.00 uJdram
WorkloadActual  15: 19120 op, 1005567200.00 ns, 52.5924 us/op, 85972497.00 uJpkg, 0.00 uJdram

// AfterActualRun
WorkloadResult   1: 19120 op, 999764232.00 ns, 52.2889 us/op, 85240931.00 uJpkg, 0.00 uJdram
WorkloadResult   2: 19120 op, 998727780.00 ns, 52.2347 us/op, 85254115.00 uJpkg, 0.00 uJdram
WorkloadResult   3: 19120 op, 1004850203.00 ns, 52.5549 us/op, 86294152.00 uJpkg, 0.00 uJdram
WorkloadResult   4: 19120 op, 1001989839.00 ns, 52.4053 us/op, 85659021.00 uJpkg, 0.00 uJdram
WorkloadResult   5: 19120 op, 1001097409.00 ns, 52.3587 us/op, 86212548.00 uJpkg, 0.00 uJdram
WorkloadResult   6: 19120 op, 1000206085.00 ns, 52.3120 us/op, 85313869.00 uJpkg, 0.00 uJdram
WorkloadResult   7: 19120 op, 1003541496.00 ns, 52.4865 us/op, 85342983.00 uJpkg, 0.00 uJdram
WorkloadResult   8: 19120 op, 1000766608.00 ns, 52.3413 us/op, 85619593.00 uJpkg, 0.00 uJdram
WorkloadResult   9: 19120 op, 1005810332.00 ns, 52.6051 us/op, 86008142.00 uJpkg, 0.00 uJdram
WorkloadResult  10: 19120 op, 1004097853.00 ns, 52.5156 us/op, 86893211.00 uJpkg, 0.00 uJdram
WorkloadResult  11: 19120 op, 1003214872.00 ns, 52.4694 us/op, 85475062.00 uJpkg, 0.00 uJdram
WorkloadResult  12: 19120 op, 1008065550.00 ns, 52.7231 us/op, 86776206.00 uJpkg, 0.00 uJdram
WorkloadResult  13: 19120 op, 1001312394.00 ns, 52.3699 us/op, 85302455.00 uJpkg, 0.00 uJdram
WorkloadResult  14: 19120 op, 1000533693.00 ns, 52.3292 us/op, 85458521.00 uJpkg, 0.00 uJdram
WorkloadResult  15: 19120 op, 1005500837.00 ns, 52.5890 us/op, 85972497.00 uJpkg, 0.00 uJdram

// AfterAll
// Benchmark Process 4068647 has exited with code 0.

Mean = 52.439 μs, StdErr = 0.036 μs (0.07%), N = 15, StdDev = 0.138 μs
Min = 52.235 μs, Q1 = 52.335 μs, Median = 52.405 μs, Q3 = 52.535 μs, Max = 52.723 μs
IQR = 0.200 μs, LowerFence = 52.035 μs, UpperFence = 52.835 μs
ConfidenceInterval = [52.291 μs; 52.587 μs] (CI 99.9%), Margin = 0.148 μs (0.28% of Mean)
Skewness = 0.4, Kurtosis = 1.97, MValue = 2

// ** Remained 8 (26.7%) benchmark(s) to run. Estimated finish 2025-12-31 22:16 (0h 3m from now) **
// **************************
// Benchmark: JsonSerializationBenchmarks.Jil_Serialize_Medium: Overhead-Fixed-Energy-9(OutlierMode=DontRemove, IterationCount=15, IterationTime=1s, LaunchCount=1, WarmupCount=6)
// *** Execute ***
// Launch: 1 / 1
// Execute: dotnet Serialization.Bench-Overhead-Fixed-Energy-9-1.dll --anonymousPipes 103 104 --benchmarkName Serialization.Bench.JsonSerializationBenchmarks.Jil_Serialize_Medium --job Overhead-Fixed-Energy-9 --benchmarkId 22 in /home/test/rapl-tests/lib-energy-bench/src/Serialization.Bench/bin/Release/net8.0/Serialization.Bench-Overhead-Fixed-Energy-9-1/bin/Release/net8.0
// BeforeAnythingElse

// Benchmark Process Environment Information:
// BenchmarkDotNet v0.15.5-develop (2025-12-31)
// Runtime=.NET 8.0.21 (8.0.21, 8.0.2125.47513), X64 RyuJIT x86-64-v4
// GC=Concurrent Workstation
// HardwareIntrinsics=AVX512 IFMA+VBMI,AVX512 F+BW+CD+DQ+VL,AVX2+BMI1+BMI2+F16C+FMA+LZCNT+MOVBE,AVX,SSE3+SSSE3+SSE4.1+SSE4.2+POPCNT,X86Base+SSE+SSE2,AES+PCLMUL VectorSize=256
// Job: Overhead-Fixed-Energy-9(OutlierMode=DontRemove, IterationCount=15, IterationTime=1s, LaunchCount=1, WarmupCount=6)

OverheadJitting  1: 1 op, 136238.00 ns, 136.2380 us/op, 60119.00 uJpkg, 0.00 uJdram
WorkloadJitting  1: 1 op, 132629182.00 ns, 132.6292 ms/op, 8183207.00 uJpkg, 0.00 uJdram

WorkloadPilot    1: 4 op, 662497.00 ns, 165.6243 us/op, 0.00 uJpkg, 0.00 uJdram
WorkloadPilot    2: 6038 op, 312562494.00 ns, 51.7659 us/op, 25449398.00 uJpkg, 0.00 uJdram
WorkloadPilot    3: 19318 op, 721016075.00 ns, 37.3235 us/op, 61854090.00 uJpkg, 0.00 uJdram
WorkloadPilot    4: 26793 op, 1001669696.00 ns, 37.3855 us/op, 85672327.00 uJpkg, 0.00 uJdram
WorkloadPilot    5: 26748 op, 996141541.00 ns, 37.2417 us/op, 85321192.00 uJpkg, 0.00 uJdram
WorkloadPilot    6: 26852 op, 1004015556.00 ns, 37.3907 us/op, 85945032.00 uJpkg, 0.00 uJdram
WorkloadPilot    7: 26745 op, 1003286952.00 ns, 37.5131 us/op, 86419884.00 uJpkg, 0.00 uJdram

WorkloadWarmup   1: 26745 op, 995644531.00 ns, 37.2273 us/op, 85066005.00 uJpkg, 0.00 uJdram
WorkloadWarmup   2: 26745 op, 998199438.00 ns, 37.3228 us/op, 85771448.00 uJpkg, 0.00 uJdram
WorkloadWarmup   3: 26745 op, 1004302583.00 ns, 37.5510 us/op, 87042501.00 uJpkg, 0.00 uJdram
WorkloadWarmup   4: 26745 op, 1007300647.00 ns, 37.6631 us/op, 86046777.00 uJpkg, 0.00 uJdram
WorkloadWarmup   5: 26745 op, 999289862.00 ns, 37.3636 us/op, 85840662.00 uJpkg, 0.00 uJdram
WorkloadWarmup   6: 26745 op, 999556915.00 ns, 37.3736 us/op, 85303005.00 uJpkg, 0.00 uJdram

// BeforeActualRun
WorkloadActual   1: 26745 op, 1005097871.00 ns, 37.5808 us/op, 86041283.00 uJpkg, 0.00 uJdram
WorkloadActual   2: 26745 op, 999783757.00 ns, 37.3821 us/op, 86206933.00 uJpkg, 0.00 uJdram
WorkloadActual   3: 26745 op, 998152026.00 ns, 37.3211 us/op, 85853418.00 uJpkg, 0.00 uJdram
WorkloadActual   4: 26745 op, 1001415806.00 ns, 37.4431 us/op, 87329671.00 uJpkg, 0.00 uJdram
WorkloadActual   5: 26745 op, 999734604.00 ns, 37.3802 us/op, 86579978.00 uJpkg, 0.00 uJdram
WorkloadActual   6: 26745 op, 997524109.00 ns, 37.2976 us/op, 85844202.00 uJpkg, 0.00 uJdram
WorkloadActual   7: 26745 op, 1004140380.00 ns, 37.5450 us/op, 86166710.00 uJpkg, 0.00 uJdram
WorkloadActual   8: 26745 op, 1003542385.00 ns, 37.5226 us/op, 86020165.00 uJpkg, 0.00 uJdram
WorkloadActual   9: 26745 op, 999323402.00 ns, 37.3649 us/op, 86067956.00 uJpkg, 0.00 uJdram
WorkloadActual  10: 26745 op, 996596500.00 ns, 37.2629 us/op, 85467005.00 uJpkg, 0.00 uJdram
WorkloadActual  11: 26745 op, 999862010.00 ns, 37.3850 us/op, 85631861.00 uJpkg, 0.00 uJdram
WorkloadActual  12: 26745 op, 996078330.00 ns, 37.2435 us/op, 85095547.00 uJpkg, 0.00 uJdram
WorkloadActual  13: 26745 op, 998247828.00 ns, 37.3247 us/op, 85348232.00 uJpkg, 0.00 uJdram
WorkloadActual  14: 26745 op, 1001729909.00 ns, 37.4548 us/op, 85434474.00 uJpkg, 0.00 uJdram
WorkloadActual  15: 26745 op, 1001754128.00 ns, 37.4558 us/op, 85494044.00 uJpkg, 0.00 uJdram

// AfterActualRun
WorkloadResult   1: 26745 op, 1005097871.00 ns, 37.5808 us/op, 86041283.00 uJpkg, 0.00 uJdram
WorkloadResult   2: 26745 op, 999783757.00 ns, 37.3821 us/op, 86206933.00 uJpkg, 0.00 uJdram
WorkloadResult   3: 26745 op, 998152026.00 ns, 37.3211 us/op, 85853418.00 uJpkg, 0.00 uJdram
WorkloadResult   4: 26745 op, 1001415806.00 ns, 37.4431 us/op, 87329671.00 uJpkg, 0.00 uJdram
WorkloadResult   5: 26745 op, 999734604.00 ns, 37.3802 us/op, 86579978.00 uJpkg, 0.00 uJdram
WorkloadResult   6: 26745 op, 997524109.00 ns, 37.2976 us/op, 85844202.00 uJpkg, 0.00 uJdram
WorkloadResult   7: 26745 op, 1004140380.00 ns, 37.5450 us/op, 86166710.00 uJpkg, 0.00 uJdram
WorkloadResult   8: 26745 op, 1003542385.00 ns, 37.5226 us/op, 86020165.00 uJpkg, 0.00 uJdram
WorkloadResult   9: 26745 op, 999323402.00 ns, 37.3649 us/op, 86067956.00 uJpkg, 0.00 uJdram
WorkloadResult  10: 26745 op, 996596500.00 ns, 37.2629 us/op, 85467005.00 uJpkg, 0.00 uJdram
WorkloadResult  11: 26745 op, 999862010.00 ns, 37.3850 us/op, 85631861.00 uJpkg, 0.00 uJdram
WorkloadResult  12: 26745 op, 996078330.00 ns, 37.2435 us/op, 85095547.00 uJpkg, 0.00 uJdram
WorkloadResult  13: 26745 op, 998247828.00 ns, 37.3247 us/op, 85348232.00 uJpkg, 0.00 uJdram
WorkloadResult  14: 26745 op, 1001729909.00 ns, 37.4548 us/op, 85434474.00 uJpkg, 0.00 uJdram
WorkloadResult  15: 26745 op, 1001754128.00 ns, 37.4558 us/op, 85494044.00 uJpkg, 0.00 uJdram

// AfterAll
// Benchmark Process 4068670 has exited with code 0.

Mean = 37.398 μs, StdErr = 0.026 μs (0.07%), N = 15, StdDev = 0.102 μs
Min = 37.244 μs, Q1 = 37.323 μs, Median = 37.382 μs, Q3 = 37.455 μs, Max = 37.581 μs
IQR = 0.132 μs, LowerFence = 37.124 μs, UpperFence = 37.654 μs
ConfidenceInterval = [37.289 μs; 37.506 μs] (CI 99.9%), Margin = 0.109 μs (0.29% of Mean)
Skewness = 0.24, Kurtosis = 1.83, MValue = 2

// ** Remained 7 (23.3%) benchmark(s) to run. Estimated finish 2025-12-31 22:16 (0h 3m from now) **
// **************************
// Benchmark: JsonSerializationBenchmarks.Utf8Json_Serialize_Medium: Overhead-Fixed-Energy-9(OutlierMode=DontRemove, IterationCount=15, IterationTime=1s, LaunchCount=1, WarmupCount=6)
// *** Execute ***
// Launch: 1 / 1
// Execute: dotnet Serialization.Bench-Overhead-Fixed-Energy-9-1.dll --anonymousPipes 103 104 --benchmarkName Serialization.Bench.JsonSerializationBenchmarks.Utf8Json_Serialize_Medium --job Overhead-Fixed-Energy-9 --benchmarkId 23 in /home/test/rapl-tests/lib-energy-bench/src/Serialization.Bench/bin/Release/net8.0/Serialization.Bench-Overhead-Fixed-Energy-9-1/bin/Release/net8.0
// BeforeAnythingElse

// Benchmark Process Environment Information:
// BenchmarkDotNet v0.15.5-develop (2025-12-31)
// Runtime=.NET 8.0.21 (8.0.21, 8.0.2125.47513), X64 RyuJIT x86-64-v4
// GC=Concurrent Workstation
// HardwareIntrinsics=AVX512 IFMA+VBMI,AVX512 F+BW+CD+DQ+VL,AVX2+BMI1+BMI2+F16C+FMA+LZCNT+MOVBE,AVX,SSE3+SSSE3+SSE4.1+SSE4.2+POPCNT,X86Base+SSE+SSE2,AES+PCLMUL VectorSize=256
// Job: Overhead-Fixed-Energy-9(OutlierMode=DontRemove, IterationCount=15, IterationTime=1s, LaunchCount=1, WarmupCount=6)

OverheadJitting  1: 1 op, 141253.00 ns, 141.2530 us/op, 66345.00 uJpkg, 0.00 uJdram
WorkloadJitting  1: 1 op, 52904491.00 ns, 52.9045 ms/op, 3318106.00 uJpkg, 0.00 uJdram

OverheadJitting  2: 16 op, 373604.00 ns, 23.3503 us/op, 0.00 uJpkg, 0.00 uJdram
WorkloadJitting  2: 16 op, 4239850.00 ns, 264.9906 us/op, 287108.00 uJpkg, 0.00 uJdram

WorkloadPilot    1: 16 op, 3587686.00 ns, 224.2304 us/op, 210144.00 uJpkg, 0.00 uJdram
WorkloadPilot    2: 4464 op, 422928736.00 ns, 94.7421 us/op, 32700112.00 uJpkg, 0.00 uJdram
WorkloadPilot    3: 10560 op, 604722066.00 ns, 57.2653 us/op, 49612239.00 uJpkg, 0.00 uJdram
WorkloadPilot    4: 17472 op, 996877380.00 ns, 57.0557 us/op, 79900492.00 uJpkg, 0.00 uJdram
WorkloadPilot    5: 17536 op, 992025871.00 ns, 56.5708 us/op, 79598429.00 uJpkg, 0.00 uJdram
WorkloadPilot    6: 17680 op, 1000545434.00 ns, 56.5919 us/op, 80129739.00 uJpkg, 0.00 uJdram

OverheadWarmup   1: 17680 op, 63732.00 ns, 3.6048 ns/op, 0.00 uJpkg, 0.00 uJdram
OverheadWarmup   2: 17680 op, 62942.00 ns, 3.5601 ns/op, 0.00 uJpkg, 0.00 uJdram
OverheadWarmup   3: 17680 op, 61645.00 ns, 3.4867 ns/op, 0.00 uJpkg, 0.00 uJdram
OverheadWarmup   4: 17680 op, 61858.00 ns, 3.4988 ns/op, 75683.00 uJpkg, 0.00 uJdram
OverheadWarmup   5: 17680 op, 61639.00 ns, 3.4864 ns/op, 0.00 uJpkg, 0.00 uJdram
OverheadWarmup   6: 17680 op, 61641.00 ns, 3.4865 ns/op, 0.00 uJpkg, 0.00 uJdram
OverheadWarmup   7: 17680 op, 61647.00 ns, 3.4868 ns/op, 0.00 uJpkg, 0.00 uJdram
OverheadWarmup   8: 17680 op, 61958.00 ns, 3.5044 ns/op, 0.00 uJpkg, 0.00 uJdram
OverheadWarmup   9: 17680 op, 61645.00 ns, 3.4867 ns/op, 0.00 uJpkg, 0.00 uJdram

OverheadActual   1: 17680 op, 63406.00 ns, 3.5863 ns/op, 80017.00 uJpkg, 0.00 uJdram
OverheadActual   2: 17680 op, 61638.00 ns, 3.4863 ns/op, 0.00 uJpkg, 0.00 uJdram
OverheadActual   3: 17680 op, 61928.00 ns, 3.5027 ns/op, 0.00 uJpkg, 0.00 uJdram
OverheadActual   4: 17680 op, 66020.00 ns, 3.7342 ns/op, 73487.00 uJpkg, 0.00 uJdram
OverheadActual   5: 17680 op, 61640.00 ns, 3.4864 ns/op, 75684.00 uJpkg, 0.00 uJdram
OverheadActual   6: 17680 op, 61988.00 ns, 3.5061 ns/op, 0.00 uJpkg, 0.00 uJdram
OverheadActual   7: 17680 op, 61648.00 ns, 3.4869 ns/op, 0.00 uJpkg, 0.00 uJdram
OverheadActual   8: 17680 op, 61618.00 ns, 3.4852 ns/op, 0.00 uJpkg, 0.00 uJdram
OverheadActual   9: 17680 op, 61631.00 ns, 3.4859 ns/op, 0.00 uJpkg, 0.00 uJdram
OverheadActual  10: 17680 op, 61995.00 ns, 3.5065 ns/op, 0.00 uJpkg, 0.00 uJdram
OverheadActual  11: 17680 op, 61648.00 ns, 3.4869 ns/op, 0.00 uJpkg, 0.00 uJdram
OverheadActual  12: 17680 op, 65033.00 ns, 3.6783 ns/op, 0.00 uJpkg, 0.00 uJdram
OverheadActual  13: 17680 op, 61641.00 ns, 3.4865 ns/op, 0.00 uJpkg, 0.00 uJdram
OverheadActual  14: 17680 op, 62056.00 ns, 3.5100 ns/op, 0.00 uJpkg, 0.00 uJdram
OverheadActual  15: 17680 op, 61634.00 ns, 3.4861 ns/op, 0.00 uJpkg, 0.00 uJdram

WorkloadWarmup   1: 17680 op, 1006111136.00 ns, 56.9067 us/op, 82725069.00 uJpkg, 0.00 uJdram
WorkloadWarmup   2: 17680 op, 1035953926.00 ns, 58.5947 us/op, 83193635.00 uJpkg, 0.00 uJdram
WorkloadWarmup   3: 17680 op, 1067132359.00 ns, 60.3582 us/op, 85028774.00 uJpkg, 0.00 uJdram
WorkloadWarmup   4: 17680 op, 1024400108.00 ns, 57.9412 us/op, 82066440.00 uJpkg, 0.00 uJdram
WorkloadWarmup   5: 17680 op, 1015586222.00 ns, 57.4427 us/op, 81074621.00 uJpkg, 0.00 uJdram
WorkloadWarmup   6: 17680 op, 1009371247.00 ns, 57.0911 us/op, 80786414.00 uJpkg, 0.00 uJdram

// BeforeActualRun
WorkloadActual   1: 17680 op, 1027476627.00 ns, 58.1152 us/op, 82081882.00 uJpkg, 0.00 uJdram
WorkloadActual   2: 17680 op, 1013110659.00 ns, 57.3026 us/op, 81242041.00 uJpkg, 0.00 uJdram
WorkloadActual   3: 17680 op, 1032019765.00 ns, 58.3722 us/op, 83644744.00 uJpkg, 0.00 uJdram
WorkloadActual   4: 17680 op, 1018395264.00 ns, 57.6015 us/op, 82308627.00 uJpkg, 0.00 uJdram
WorkloadActual   5: 17680 op, 1064961645.00 ns, 60.2354 us/op, 85284084.00 uJpkg, 0.00 uJdram
WorkloadActual   6: 17680 op, 1045822892.00 ns, 59.1529 us/op, 84307280.00 uJpkg, 0.00 uJdram
WorkloadActual   7: 17680 op, 1021069843.00 ns, 57.7528 us/op, 82576998.00 uJpkg, 0.00 uJdram
WorkloadActual   8: 17680 op, 1043877641.00 ns, 59.0429 us/op, 84364164.00 uJpkg, 0.00 uJdram
WorkloadActual   9: 17680 op, 1000272551.00 ns, 56.5765 us/op, 80876807.00 uJpkg, 0.00 uJdram
WorkloadActual  10: 17680 op, 1007079163.00 ns, 56.9615 us/op, 82476351.00 uJpkg, 0.00 uJdram
WorkloadActual  11: 17680 op, 999894385.00 ns, 56.5551 us/op, 80478737.00 uJpkg, 0.00 uJdram
WorkloadActual  12: 17680 op, 1020603315.00 ns, 57.7264 us/op, 81910313.00 uJpkg, 0.00 uJdram
WorkloadActual  13: 17680 op, 1011518908.00 ns, 57.2126 us/op, 81318823.00 uJpkg, 0.00 uJdram
WorkloadActual  14: 17680 op, 1026608581.00 ns, 58.0661 us/op, 82321994.00 uJpkg, 0.00 uJdram
WorkloadActual  15: 17680 op, 1000362687.00 ns, 56.5816 us/op, 80845007.00 uJpkg, 0.00 uJdram

// AfterActualRun
WorkloadResult   1: 17680 op, 1027414979.00 ns, 58.1117 us/op, 82081882.00 uJpkg, 0.00 uJdram
WorkloadResult   2: 17680 op, 1013049011.00 ns, 57.2992 us/op, 81242041.00 uJpkg, 0.00 uJdram
WorkloadResult   3: 17680 op, 1031958117.00 ns, 58.3687 us/op, 83644744.00 uJpkg, 0.00 uJdram
WorkloadResult   4: 17680 op, 1018333616.00 ns, 57.5981 us/op, 82308627.00 uJpkg, 0.00 uJdram
WorkloadResult   5: 17680 op, 1064899997.00 ns, 60.2319 us/op, 85284084.00 uJpkg, 0.00 uJdram
WorkloadResult   6: 17680 op, 1045761244.00 ns, 59.1494 us/op, 84307280.00 uJpkg, 0.00 uJdram
WorkloadResult   7: 17680 op, 1021008195.00 ns, 57.7493 us/op, 82576998.00 uJpkg, 0.00 uJdram
WorkloadResult   8: 17680 op, 1043815993.00 ns, 59.0394 us/op, 84364164.00 uJpkg, 0.00 uJdram
WorkloadResult   9: 17680 op, 1000210903.00 ns, 56.5730 us/op, 80876807.00 uJpkg, 0.00 uJdram
WorkloadResult  10: 17680 op, 1007017515.00 ns, 56.9580 us/op, 82476351.00 uJpkg, 0.00 uJdram
WorkloadResult  11: 17680 op, 999832737.00 ns, 56.5516 us/op, 80478737.00 uJpkg, 0.00 uJdram
WorkloadResult  12: 17680 op, 1020541667.00 ns, 57.7229 us/op, 81910313.00 uJpkg, 0.00 uJdram
WorkloadResult  13: 17680 op, 1011457260.00 ns, 57.2091 us/op, 81318823.00 uJpkg, 0.00 uJdram
WorkloadResult  14: 17680 op, 1026546933.00 ns, 58.0626 us/op, 82321994.00 uJpkg, 0.00 uJdram
WorkloadResult  15: 17680 op, 1000301039.00 ns, 56.5781 us/op, 80845007.00 uJpkg, 0.00 uJdram

// AfterAll
// Benchmark Process 4068681 has exited with code 0.

Mean = 57.814 μs, StdErr = 0.273 μs (0.47%), N = 15, StdDev = 1.058 μs
Min = 56.552 μs, Q1 = 57.084 μs, Median = 57.723 μs, Q3 = 58.240 μs, Max = 60.232 μs
IQR = 1.157 μs, LowerFence = 55.349 μs, UpperFence = 59.975 μs
ConfidenceInterval = [56.682 μs; 58.945 μs] (CI 99.9%), Margin = 1.131 μs (1.96% of Mean)
Skewness = 0.66, Kurtosis = 2.54, MValue = 2

// ** Remained 6 (20.0%) benchmark(s) to run. Estimated finish 2025-12-31 22:16 (0h 2m from now) **
// **************************
// Benchmark: JsonSerializationBenchmarks.SpanJson_Serialize_Medium: Overhead-Fixed-Energy-9(OutlierMode=DontRemove, IterationCount=15, IterationTime=1s, LaunchCount=1, WarmupCount=6)
// *** Execute ***
// Launch: 1 / 1
// Execute: dotnet Serialization.Bench-Overhead-Fixed-Energy-9-1.dll --anonymousPipes 103 104 --benchmarkName Serialization.Bench.JsonSerializationBenchmarks.SpanJson_Serialize_Medium --job Overhead-Fixed-Energy-9 --benchmarkId 24 in /home/test/rapl-tests/lib-energy-bench/src/Serialization.Bench/bin/Release/net8.0/Serialization.Bench-Overhead-Fixed-Energy-9-1/bin/Release/net8.0
// BeforeAnythingElse

// Benchmark Process Environment Information:
// BenchmarkDotNet v0.15.5-develop (2025-12-31)
// Runtime=.NET 8.0.21 (8.0.21, 8.0.2125.47513), X64 RyuJIT x86-64-v4
// GC=Concurrent Workstation
// HardwareIntrinsics=AVX512 IFMA+VBMI,AVX512 F+BW+CD+DQ+VL,AVX2+BMI1+BMI2+F16C+FMA+LZCNT+MOVBE,AVX,SSE3+SSSE3+SSE4.1+SSE4.2+POPCNT,X86Base+SSE+SSE2,AES+PCLMUL VectorSize=256
// Job: Overhead-Fixed-Energy-9(OutlierMode=DontRemove, IterationCount=15, IterationTime=1s, LaunchCount=1, WarmupCount=6)

OverheadJitting  1: 1 op, 141438.00 ns, 141.4380 us/op, 0.00 uJpkg, 0.00 uJdram
WorkloadJitting  1: 1 op, 97227159.00 ns, 97.2272 ms/op, 6042404.00 uJpkg, 0.00 uJdram

WorkloadPilot    1: 4 op, 1006909.00 ns, 251.7273 us/op, 61646.00 uJpkg, 0.00 uJdram
WorkloadPilot    2: 3973 op, 279021095.00 ns, 70.2293 us/op, 18723157.00 uJpkg, 0.00 uJdram
WorkloadPilot    3: 14239 op, 561287012.00 ns, 39.4190 us/op, 35828766.00 uJpkg, 0.00 uJdram
WorkloadPilot    4: 25368 op, 996910415.00 ns, 39.2980 us/op, 63846822.00 uJpkg, 0.00 uJdram
WorkloadPilot    5: 25447 op, 997841559.00 ns, 39.2125 us/op, 63951924.00 uJpkg, 0.00 uJdram
WorkloadPilot    6: 25502 op, 999664200.00 ns, 39.1994 us/op, 64338703.00 uJpkg, 0.00 uJdram
WorkloadPilot    7: 25511 op, 999257801.00 ns, 39.1697 us/op, 64966204.00 uJpkg, 0.00 uJdram
WorkloadPilot    8: 25530 op, 1002332922.00 ns, 39.2610 us/op, 64825274.00 uJpkg, 0.00 uJdram
WorkloadPilot    9: 25471 op, 997451039.00 ns, 39.1603 us/op, 64302448.00 uJpkg, 0.00 uJdram
WorkloadPilot   10: 25536 op, 1002748689.00 ns, 39.2680 us/op, 65472183.00 uJpkg, 0.00 uJdram
WorkloadPilot   11: 25466 op, 1001464347.00 ns, 39.3255 us/op, 63917011.00 uJpkg, 0.00 uJdram

WorkloadWarmup   1: 25466 op, 1004809295.00 ns, 39.4569 us/op, 65918350.00 uJpkg, 0.00 uJdram
WorkloadWarmup   2: 25466 op, 999800354.00 ns, 39.2602 us/op, 64108539.00 uJpkg, 0.00 uJdram
WorkloadWarmup   3: 25466 op, 1005107717.00 ns, 39.4686 us/op, 64713884.00 uJpkg, 0.00 uJdram
WorkloadWarmup   4: 25466 op, 1001019678.00 ns, 39.3081 us/op, 65010392.00 uJpkg, 0.00 uJdram
WorkloadWarmup   5: 25466 op, 1002839928.00 ns, 39.3796 us/op, 64523272.00 uJpkg, 0.00 uJdram
WorkloadWarmup   6: 25466 op, 1000943917.00 ns, 39.3051 us/op, 65561478.00 uJpkg, 0.00 uJdram

// BeforeActualRun
WorkloadActual   1: 25466 op, 1000961593.00 ns, 39.3058 us/op, 65910720.00 uJpkg, 0.00 uJdram
WorkloadActual   2: 25466 op, 998261268.00 ns, 39.1998 us/op, 63993916.00 uJpkg, 0.00 uJdram
WorkloadActual   3: 25466 op, 996228517.00 ns, 39.1199 us/op, 63843525.00 uJpkg, 0.00 uJdram
WorkloadActual   4: 25466 op, 996193281.00 ns, 39.1186 us/op, 64551837.00 uJpkg, 0.00 uJdram
WorkloadActual   5: 25466 op, 999216880.00 ns, 39.2373 us/op, 64454119.00 uJpkg, 0.00 uJdram
WorkloadActual   6: 25466 op, 997135549.00 ns, 39.1556 us/op, 64328266.00 uJpkg, 0.00 uJdram
WorkloadActual   7: 25466 op, 997308967.00 ns, 39.1624 us/op, 64420673.00 uJpkg, 0.00 uJdram
WorkloadActual   8: 25466 op, 998153789.00 ns, 39.1955 us/op, 63894123.00 uJpkg, 0.00 uJdram
WorkloadActual   9: 25466 op, 996886760.00 ns, 39.1458 us/op, 64249897.00 uJpkg, 0.00 uJdram
WorkloadActual  10: 25466 op, 1000435219.00 ns, 39.2851 us/op, 64288959.00 uJpkg, 0.00 uJdram
WorkloadActual  11: 25466 op, 998378327.00 ns, 39.2044 us/op, 63931172.00 uJpkg, 0.00 uJdram
WorkloadActual  12: 25466 op, 993155400.00 ns, 38.9993 us/op, 64178486.00 uJpkg, 0.00 uJdram
WorkloadActual  13: 25466 op, 996004600.00 ns, 39.1112 us/op, 64269672.00 uJpkg, 0.00 uJdram
WorkloadActual  14: 25466 op, 999327620.00 ns, 39.2416 us/op, 64383747.00 uJpkg, 0.00 uJdram
WorkloadActual  15: 25466 op, 997503088.00 ns, 39.1700 us/op, 64755388.00 uJpkg, 0.00 uJdram

// AfterActualRun
WorkloadResult   1: 25466 op, 1000961593.00 ns, 39.3058 us/op, 65910720.00 uJpkg, 0.00 uJdram
WorkloadResult   2: 25466 op, 998261268.00 ns, 39.1998 us/op, 63993916.00 uJpkg, 0.00 uJdram
WorkloadResult   3: 25466 op, 996228517.00 ns, 39.1199 us/op, 63843525.00 uJpkg, 0.00 uJdram
WorkloadResult   4: 25466 op, 996193281.00 ns, 39.1186 us/op, 64551837.00 uJpkg, 0.00 uJdram
WorkloadResult   5: 25466 op, 999216880.00 ns, 39.2373 us/op, 64454119.00 uJpkg, 0.00 uJdram
WorkloadResult   6: 25466 op, 997135549.00 ns, 39.1556 us/op, 64328266.00 uJpkg, 0.00 uJdram
WorkloadResult   7: 25466 op, 997308967.00 ns, 39.1624 us/op, 64420673.00 uJpkg, 0.00 uJdram
WorkloadResult   8: 25466 op, 998153789.00 ns, 39.1955 us/op, 63894123.00 uJpkg, 0.00 uJdram
WorkloadResult   9: 25466 op, 996886760.00 ns, 39.1458 us/op, 64249897.00 uJpkg, 0.00 uJdram
WorkloadResult  10: 25466 op, 1000435219.00 ns, 39.2851 us/op, 64288959.00 uJpkg, 0.00 uJdram
WorkloadResult  11: 25466 op, 998378327.00 ns, 39.2044 us/op, 63931172.00 uJpkg, 0.00 uJdram
WorkloadResult  12: 25466 op, 993155400.00 ns, 38.9993 us/op, 64178486.00 uJpkg, 0.00 uJdram
WorkloadResult  13: 25466 op, 996004600.00 ns, 39.1112 us/op, 64269672.00 uJpkg, 0.00 uJdram
WorkloadResult  14: 25466 op, 999327620.00 ns, 39.2416 us/op, 64383747.00 uJpkg, 0.00 uJdram
WorkloadResult  15: 25466 op, 997503088.00 ns, 39.1700 us/op, 64755388.00 uJpkg, 0.00 uJdram

// AfterAll
// Benchmark Process 4068695 has exited with code 0.

Mean = 39.177 μs, StdErr = 0.020 μs (0.05%), N = 15, StdDev = 0.077 μs
Min = 38.999 μs, Q1 = 39.133 μs, Median = 39.170 μs, Q3 = 39.221 μs, Max = 39.306 μs
IQR = 0.088 μs, LowerFence = 39.001 μs, UpperFence = 39.353 μs
ConfidenceInterval = [39.095 μs; 39.259 μs] (CI 99.9%), Margin = 0.082 μs (0.21% of Mean)
Skewness = -0.35, Kurtosis = 2.88, MValue = 2

// ** Remained 5 (16.7%) benchmark(s) to run. Estimated finish 2025-12-31 22:16 (0h 2m from now) **
// **************************
// Benchmark: JsonSerializationBenchmarks.STJ_Serialize_Small: Overhead-Fixed-Energy-9(OutlierMode=DontRemove, IterationCount=15, IterationTime=1s, LaunchCount=1, WarmupCount=6)
// *** Execute ***
// Launch: 1 / 1
// Execute: dotnet Serialization.Bench-Overhead-Fixed-Energy-9-1.dll --anonymousPipes 103 104 --benchmarkName Serialization.Bench.JsonSerializationBenchmarks.STJ_Serialize_Small --job Overhead-Fixed-Energy-9 --benchmarkId 25 in /home/test/rapl-tests/lib-energy-bench/src/Serialization.Bench/bin/Release/net8.0/Serialization.Bench-Overhead-Fixed-Energy-9-1/bin/Release/net8.0
// BeforeAnythingElse

// Benchmark Process Environment Information:
// BenchmarkDotNet v0.15.5-develop (2025-12-31)
// Runtime=.NET 8.0.21 (8.0.21, 8.0.2125.47513), X64 RyuJIT x86-64-v4
// GC=Concurrent Workstation
// HardwareIntrinsics=AVX512 IFMA+VBMI,AVX512 F+BW+CD+DQ+VL,AVX2+BMI1+BMI2+F16C+FMA+LZCNT+MOVBE,AVX,SSE3+SSSE3+SSE4.1+SSE4.2+POPCNT,X86Base+SSE+SSE2,AES+PCLMUL VectorSize=256
// Job: Overhead-Fixed-Energy-9(OutlierMode=DontRemove, IterationCount=15, IterationTime=1s, LaunchCount=1, WarmupCount=6)

OverheadJitting  1: 1 op, 136866.00 ns, 136.8660 us/op, 60730.00 uJpkg, 0.00 uJdram
WorkloadJitting  1: 1 op, 3855494.00 ns, 3.8555 ms/op, 255065.00 uJpkg, 0.00 uJdram

OverheadJitting  2: 16 op, 371950.00 ns, 23.2469 us/op, 0.00 uJpkg, 0.00 uJdram
WorkloadJitting  2: 16 op, 477080.00 ns, 29.8175 us/op, 0.00 uJpkg, 0.00 uJdram

WorkloadPilot    1: 16 op, 66398.00 ns, 4.1499 us/op, 70862.00 uJpkg, 0.00 uJdram
WorkloadPilot    2: 240976 op, 578137335.00 ns, 2.3991 us/op, 49832026.00 uJpkg, 0.00 uJdram
WorkloadPilot    3: 416816 op, 538446211.00 ns, 1.2918 us/op, 46533328.00 uJpkg, 0.00 uJdram
WorkloadPilot    4: 774112 op, 994326913.00 ns, 1.2845 us/op, 86743308.00 uJpkg, 0.00 uJdram
WorkloadPilot    5: 778544 op, 1000931623.00 ns, 1.2856 us/op, 87652547.00 uJpkg, 0.00 uJdram
WorkloadPilot    6: 777824 op, 1000241167.00 ns, 1.2859 us/op, 87415364.00 uJpkg, 0.00 uJdram
WorkloadPilot    7: 777648 op, 999009740.00 ns, 1.2847 us/op, 87907795.00 uJpkg, 0.00 uJdram
WorkloadPilot    8: 778432 op, 1000477433.00 ns, 1.2852 us/op, 87769978.00 uJpkg, 0.00 uJdram

OverheadWarmup   1: 778432 op, 2657544.00 ns, 3.4140 ns/op, 153930.00 uJpkg, 0.00 uJdram
OverheadWarmup   2: 778432 op, 2654993.00 ns, 3.4107 ns/op, 195007.00 uJpkg, 0.00 uJdram
OverheadWarmup   3: 778432 op, 2676549.00 ns, 3.4384 ns/op, 200867.00 uJpkg, 0.00 uJdram
OverheadWarmup   4: 778432 op, 2657637.00 ns, 3.4141 ns/op, 180175.00 uJpkg, 0.00 uJdram
OverheadWarmup   5: 778432 op, 2671448.00 ns, 3.4318 ns/op, 143493.00 uJpkg, 0.00 uJdram
OverheadWarmup   6: 778432 op, 2660105.00 ns, 3.4173 ns/op, 196777.00 uJpkg, 0.00 uJdram

OverheadActual   1: 778432 op, 2673813.00 ns, 3.4349 ns/op, 150085.00 uJpkg, 0.00 uJdram
OverheadActual   2: 778432 op, 2659312.00 ns, 3.4162 ns/op, 202392.00 uJpkg, 0.00 uJdram
OverheadActual   3: 778432 op, 2670993.00 ns, 3.4312 ns/op, 137451.00 uJpkg, 0.00 uJdram
OverheadActual   4: 778432 op, 2657008.00 ns, 3.4133 ns/op, 204040.00 uJpkg, 0.00 uJdram
OverheadActual   5: 778432 op, 2672231.00 ns, 3.4328 ns/op, 224425.00 uJpkg, 0.00 uJdram
OverheadActual   6: 778432 op, 2672274.00 ns, 3.4329 ns/op, 125549.00 uJpkg, 0.00 uJdram
OverheadActual   7: 778432 op, 2659996.00 ns, 3.4171 ns/op, 215514.00 uJpkg, 0.00 uJdram
OverheadActual   8: 778432 op, 2672609.00 ns, 3.4333 ns/op, 137024.00 uJpkg, 0.00 uJdram
OverheadActual   9: 778432 op, 2666041.00 ns, 3.4249 ns/op, 143311.00 uJpkg, 0.00 uJdram
OverheadActual  10: 778432 op, 2662730.00 ns, 3.4206 ns/op, 197693.00 uJpkg, 0.00 uJdram
OverheadActual  11: 778432 op, 2676181.00 ns, 3.4379 ns/op, 224365.00 uJpkg, 0.00 uJdram
OverheadActual  12: 778432 op, 2671223.00 ns, 3.4315 ns/op, 212463.00 uJpkg, 0.00 uJdram
OverheadActual  13: 778432 op, 2661052.00 ns, 3.4185 ns/op, 200073.00 uJpkg, 0.00 uJdram
OverheadActual  14: 778432 op, 2670412.00 ns, 3.4305 ns/op, 143921.00 uJpkg, 0.00 uJdram
OverheadActual  15: 778432 op, 2663452.00 ns, 3.4216 ns/op, 193847.00 uJpkg, 0.00 uJdram

WorkloadWarmup   1: 778432 op, 999213638.00 ns, 1.2836 us/op, 90240919.00 uJpkg, 0.00 uJdram
WorkloadWarmup   2: 778432 op, 999515108.00 ns, 1.2840 us/op, 87679707.00 uJpkg, 0.00 uJdram
WorkloadWarmup   3: 778432 op, 999355545.00 ns, 1.2838 us/op, 88024982.00 uJpkg, 0.00 uJdram
WorkloadWarmup   4: 778432 op, 999286935.00 ns, 1.2837 us/op, 88051838.00 uJpkg, 0.00 uJdram
WorkloadWarmup   5: 778432 op, 996305521.00 ns, 1.2799 us/op, 87532368.00 uJpkg, 0.00 uJdram
WorkloadWarmup   6: 778432 op, 996404122.00 ns, 1.2800 us/op, 87498983.00 uJpkg, 0.00 uJdram

// BeforeActualRun
WorkloadActual   1: 778432 op, 1000132080.00 ns, 1.2848 us/op, 87841572.00 uJpkg, 0.00 uJdram
WorkloadActual   2: 778432 op, 1004175683.00 ns, 1.2900 us/op, 88202899.00 uJpkg, 0.00 uJdram
WorkloadActual   3: 778432 op, 1004687593.00 ns, 1.2907 us/op, 88919633.00 uJpkg, 0.00 uJdram
WorkloadActual   4: 778432 op, 1004536953.00 ns, 1.2905 us/op, 88583086.00 uJpkg, 0.00 uJdram
WorkloadActual   5: 778432 op, 1003529063.00 ns, 1.2892 us/op, 88317828.00 uJpkg, 0.00 uJdram
WorkloadActual   6: 778432 op, 1003031006.00 ns, 1.2885 us/op, 88219927.00 uJpkg, 0.00 uJdram
WorkloadActual   7: 778432 op, 999702255.00 ns, 1.2843 us/op, 87836933.00 uJpkg, 0.00 uJdram
WorkloadActual   8: 778432 op, 1002200501.00 ns, 1.2875 us/op, 88328570.00 uJpkg, 0.00 uJdram
WorkloadActual   9: 778432 op, 1005027949.00 ns, 1.2911 us/op, 88753740.00 uJpkg, 0.00 uJdram
WorkloadActual  10: 778432 op, 1003607004.00 ns, 1.2893 us/op, 89815627.00 uJpkg, 0.00 uJdram
WorkloadActual  11: 778432 op, 1002551128.00 ns, 1.2879 us/op, 88091083.00 uJpkg, 0.00 uJdram
WorkloadActual  12: 778432 op, 1003131923.00 ns, 1.2887 us/op, 88212298.00 uJpkg, 0.00 uJdram
WorkloadActual  13: 778432 op, 1002843078.00 ns, 1.2883 us/op, 88160052.00 uJpkg, 0.00 uJdram
WorkloadActual  14: 778432 op, 999936362.00 ns, 1.2846 us/op, 88143634.00 uJpkg, 0.00 uJdram
WorkloadActual  15: 778432 op, 1004635792.00 ns, 1.2906 us/op, 88685198.00 uJpkg, 0.00 uJdram

// AfterActualRun
WorkloadResult   1: 778432 op, 997461668.00 ns, 1.2814 us/op, 87841572.00 uJpkg, 0.00 uJdram
WorkloadResult   2: 778432 op, 1001505271.00 ns, 1.2866 us/op, 88202899.00 uJpkg, 0.00 uJdram
WorkloadResult   3: 778432 op, 1002017181.00 ns, 1.2872 us/op, 88919633.00 uJpkg, 0.00 uJdram
WorkloadResult   4: 778432 op, 1001866541.00 ns, 1.2870 us/op, 88583086.00 uJpkg, 0.00 uJdram
WorkloadResult   5: 778432 op, 1000858651.00 ns, 1.2857 us/op, 88317828.00 uJpkg, 0.00 uJdram
WorkloadResult   6: 778432 op, 1000360594.00 ns, 1.2851 us/op, 88219927.00 uJpkg, 0.00 uJdram
WorkloadResult   7: 778432 op, 997031843.00 ns, 1.2808 us/op, 87836933.00 uJpkg, 0.00 uJdram
WorkloadResult   8: 778432 op, 999530089.00 ns, 1.2840 us/op, 88328570.00 uJpkg, 0.00 uJdram
WorkloadResult   9: 778432 op, 1002357537.00 ns, 1.2877 us/op, 88753740.00 uJpkg, 0.00 uJdram
WorkloadResult  10: 778432 op, 1000936592.00 ns, 1.2858 us/op, 89815627.00 uJpkg, 0.00 uJdram
WorkloadResult  11: 778432 op, 999880716.00 ns, 1.2845 us/op, 88091083.00 uJpkg, 0.00 uJdram
WorkloadResult  12: 778432 op, 1000461511.00 ns, 1.2852 us/op, 88212298.00 uJpkg, 0.00 uJdram
WorkloadResult  13: 778432 op, 1000172666.00 ns, 1.2849 us/op, 88160052.00 uJpkg, 0.00 uJdram
WorkloadResult  14: 778432 op, 997265950.00 ns, 1.2811 us/op, 88143634.00 uJpkg, 0.00 uJdram
WorkloadResult  15: 778432 op, 1001965380.00 ns, 1.2872 us/op, 88685198.00 uJpkg, 0.00 uJdram

// AfterAll
// Benchmark Process 4068707 has exited with code 0.

Mean = 1.285 μs, StdErr = 0.001 μs (0.05%), N = 15, StdDev = 0.002 μs
Min = 1.281 μs, Q1 = 1.284 μs, Median = 1.285 μs, Q3 = 1.287 μs, Max = 1.288 μs
IQR = 0.003 μs, LowerFence = 1.280 μs, UpperFence = 1.291 μs
ConfidenceInterval = [1.283 μs; 1.287 μs] (CI 99.9%), Margin = 0.002 μs (0.19% of Mean)
Skewness = -0.67, Kurtosis = 2.05, MValue = 2

// ** Remained 4 (13.3%) benchmark(s) to run. Estimated finish 2025-12-31 22:16 (0h 1m from now) **
// **************************
// Benchmark: JsonSerializationBenchmarks.Newtonsoft_Serialize_Small: Overhead-Fixed-Energy-9(OutlierMode=DontRemove, IterationCount=15, IterationTime=1s, LaunchCount=1, WarmupCount=6)
// *** Execute ***
// Launch: 1 / 1
// Execute: dotnet Serialization.Bench-Overhead-Fixed-Energy-9-1.dll --anonymousPipes 103 104 --benchmarkName Serialization.Bench.JsonSerializationBenchmarks.Newtonsoft_Serialize_Small --job Overhead-Fixed-Energy-9 --benchmarkId 26 in /home/test/rapl-tests/lib-energy-bench/src/Serialization.Bench/bin/Release/net8.0/Serialization.Bench-Overhead-Fixed-Energy-9-1/bin/Release/net8.0
// BeforeAnythingElse

// Benchmark Process Environment Information:
// BenchmarkDotNet v0.15.5-develop (2025-12-31)
// Runtime=.NET 8.0.21 (8.0.21, 8.0.2125.47513), X64 RyuJIT x86-64-v4
// GC=Concurrent Workstation
// HardwareIntrinsics=AVX512 IFMA+VBMI,AVX512 F+BW+CD+DQ+VL,AVX2+BMI1+BMI2+F16C+FMA+LZCNT+MOVBE,AVX,SSE3+SSSE3+SSE4.1+SSE4.2+POPCNT,X86Base+SSE+SSE2,AES+PCLMUL VectorSize=256
// Job: Overhead-Fixed-Energy-9(OutlierMode=DontRemove, IterationCount=15, IterationTime=1s, LaunchCount=1, WarmupCount=6)

OverheadJitting  1: 1 op, 147238.00 ns, 147.2380 us/op, 76721.00 uJpkg, 0.00 uJdram
WorkloadJitting  1: 1 op, 38238371.00 ns, 38.2384 ms/op, 2475641.00 uJpkg, 0.00 uJdram

OverheadJitting  2: 16 op, 371258.00 ns, 23.2036 us/op, 0.00 uJpkg, 0.00 uJdram
WorkloadJitting  2: 16 op, 625172.00 ns, 39.0733 us/op, 72510.00 uJpkg, 0.00 uJdram

WorkloadPilot    1: 16 op, 261768.00 ns, 16.3605 us/op, 0.00 uJpkg, 0.00 uJdram
WorkloadPilot    2: 61136 op, 244694334.00 ns, 4.0025 us/op, 20935310.00 uJpkg, 0.00 uJdram
WorkloadPilot    3: 249856 op, 547405854.00 ns, 2.1909 us/op, 47913269.00 uJpkg, 0.00 uJdram
WorkloadPilot    4: 456448 op, 995991767.00 ns, 2.1820 us/op, 87566243.00 uJpkg, 0.00 uJdram
WorkloadPilot    5: 458288 op, 1000617460.00 ns, 2.1834 us/op, 88330707.00 uJpkg, 0.00 uJdram
WorkloadPilot    6: 458016 op, 1000886409.00 ns, 2.1853 us/op, 88480547.00 uJpkg, 0.00 uJdram
WorkloadPilot    7: 457616 op, 1001512068.00 ns, 2.1885 us/op, 88272540.00 uJpkg, 0.00 uJdram

OverheadWarmup   1: 457616 op, 1561295.00 ns, 3.4118 ns/op, 67505.00 uJpkg, 0.00 uJdram
OverheadWarmup   2: 457616 op, 1559633.00 ns, 3.4082 ns/op, 125366.00 uJpkg, 0.00 uJdram
OverheadWarmup   3: 457616 op, 1582593.00 ns, 3.4583 ns/op, 135986.00 uJpkg, 0.00 uJdram
OverheadWarmup   4: 457616 op, 1582627.00 ns, 3.4584 ns/op, 78796.00 uJpkg, 0.00 uJdram
OverheadWarmup   5: 457616 op, 1574370.00 ns, 3.4404 ns/op, 156310.00 uJpkg, 0.00 uJdram
OverheadWarmup   6: 457616 op, 1572431.00 ns, 3.4361 ns/op, 79955.00 uJpkg, 0.00 uJdram
OverheadWarmup   7: 457616 op, 1561235.00 ns, 3.4117 ns/op, 164551.00 uJpkg, 0.00 uJdram
OverheadWarmup   8: 457616 op, 1591739.00 ns, 3.4783 ns/op, 138305.00 uJpkg, 0.00 uJdram
OverheadWarmup   9: 457616 op, 1576467.00 ns, 3.4450 ns/op, 156005.00 uJpkg, 0.00 uJdram

OverheadActual   1: 457616 op, 1562667.00 ns, 3.4148 ns/op, 134155.00 uJpkg, 0.00 uJdram
OverheadActual   2: 457616 op, 1566303.00 ns, 3.4227 ns/op, 119689.00 uJpkg, 0.00 uJdram
OverheadActual   3: 457616 op, 1559043.00 ns, 3.4069 ns/op, 74401.00 uJpkg, 0.00 uJdram
OverheadActual   4: 457616 op, 1567689.00 ns, 3.4258 ns/op, 120605.00 uJpkg, 0.00 uJdram
OverheadActual   5: 457616 op, 1569480.00 ns, 3.4297 ns/op, 75805.00 uJpkg, 0.00 uJdram
OverheadActual   6: 457616 op, 1562097.00 ns, 3.4136 ns/op, 157654.00 uJpkg, 0.00 uJdram
OverheadActual   7: 457616 op, 1571984.00 ns, 3.4352 ns/op, 122009.00 uJpkg, 0.00 uJdram
OverheadActual   8: 457616 op, 1564589.00 ns, 3.4190 ns/op, 136901.00 uJpkg, 0.00 uJdram
OverheadActual   9: 457616 op, 1570457.00 ns, 3.4318 ns/op, 61950.00 uJpkg, 0.00 uJdram
OverheadActual  10: 457616 op, 1558802.00 ns, 3.4064 ns/op, 123596.00 uJpkg, 0.00 uJdram
OverheadActual  11: 457616 op, 1568595.00 ns, 3.4278 ns/op, 71838.00 uJpkg, 0.00 uJdram
OverheadActual  12: 457616 op, 1558907.00 ns, 3.4066 ns/op, 160583.00 uJpkg, 0.00 uJdram
OverheadActual  13: 457616 op, 1569911.00 ns, 3.4306 ns/op, 146667.00 uJpkg, 0.00 uJdram
OverheadActual  14: 457616 op, 1574338.00 ns, 3.4403 ns/op, 157104.00 uJpkg, 0.00 uJdram
OverheadActual  15: 457616 op, 1570822.00 ns, 3.4326 ns/op, 142761.00 uJpkg, 0.00 uJdram

WorkloadWarmup   1: 457616 op, 1001069502.00 ns, 2.1876 us/op, 90921764.00 uJpkg, 0.00 uJdram
WorkloadWarmup   2: 457616 op, 1002384985.00 ns, 2.1905 us/op, 88374713.00 uJpkg, 0.00 uJdram
WorkloadWarmup   3: 457616 op, 999183603.00 ns, 2.1835 us/op, 88319537.00 uJpkg, 0.00 uJdram
WorkloadWarmup   4: 457616 op, 999326684.00 ns, 2.1838 us/op, 88573382.00 uJpkg, 0.00 uJdram
WorkloadWarmup   5: 457616 op, 999083477.00 ns, 2.1832 us/op, 88108356.00 uJpkg, 0.00 uJdram
WorkloadWarmup   6: 457616 op, 998598736.00 ns, 2.1822 us/op, 88010944.00 uJpkg, 0.00 uJdram

// BeforeActualRun
WorkloadActual   1: 457616 op, 1001158547.00 ns, 2.1878 us/op, 88393572.00 uJpkg, 0.00 uJdram
WorkloadActual   2: 457616 op, 1003572931.00 ns, 2.1930 us/op, 88474505.00 uJpkg, 0.00 uJdram
WorkloadActual   3: 457616 op, 1003015292.00 ns, 2.1918 us/op, 89373306.00 uJpkg, 0.00 uJdram
WorkloadActual   4: 457616 op, 1001403170.00 ns, 2.1883 us/op, 88518695.00 uJpkg, 0.00 uJdram
WorkloadActual   5: 457616 op, 1003864550.00 ns, 2.1937 us/op, 88896867.00 uJpkg, 0.00 uJdram
WorkloadActual   6: 457616 op, 1000000749.00 ns, 2.1852 us/op, 88356341.00 uJpkg, 0.00 uJdram
WorkloadActual   7: 457616 op, 1000986129.00 ns, 2.1874 us/op, 88314593.00 uJpkg, 0.00 uJdram
WorkloadActual   8: 457616 op, 1000712270.00 ns, 2.1868 us/op, 88614031.00 uJpkg, 0.00 uJdram
WorkloadActual   9: 457616 op, 1001786124.00 ns, 2.1891 us/op, 89155167.00 uJpkg, 0.00 uJdram
WorkloadActual  10: 457616 op, 1004244075.00 ns, 2.1945 us/op, 89823195.00 uJpkg, 0.00 uJdram
WorkloadActual  11: 457616 op, 1003749395.00 ns, 2.1934 us/op, 88654558.00 uJpkg, 0.00 uJdram
WorkloadActual  12: 457616 op, 1003352204.00 ns, 2.1926 us/op, 88770403.00 uJpkg, 0.00 uJdram
WorkloadActual  13: 457616 op, 1001913466.00 ns, 2.1894 us/op, 88327960.00 uJpkg, 0.00 uJdram
WorkloadActual  14: 457616 op, 1004745244.00 ns, 2.1956 us/op, 88484393.00 uJpkg, 0.00 uJdram
WorkloadActual  15: 457616 op, 1005996301.00 ns, 2.1983 us/op, 89288163.00 uJpkg, 0.00 uJdram

// AfterActualRun
WorkloadResult   1: 457616 op, 999590858.00 ns, 2.1843 us/op, 88393572.00 uJpkg, 0.00 uJdram
WorkloadResult   2: 457616 op, 1002005242.00 ns, 2.1896 us/op, 88474505.00 uJpkg, 0.00 uJdram
WorkloadResult   3: 457616 op, 1001447603.00 ns, 2.1884 us/op, 89373306.00 uJpkg, 0.00 uJdram
WorkloadResult   4: 457616 op, 999835481.00 ns, 2.1849 us/op, 88518695.00 uJpkg, 0.00 uJdram
WorkloadResult   5: 457616 op, 1002296861.00 ns, 2.1903 us/op, 88896867.00 uJpkg, 0.00 uJdram
WorkloadResult   6: 457616 op, 998433060.00 ns, 2.1818 us/op, 88356341.00 uJpkg, 0.00 uJdram
WorkloadResult   7: 457616 op, 999418440.00 ns, 2.1840 us/op, 88314593.00 uJpkg, 0.00 uJdram
WorkloadResult   8: 457616 op, 999144581.00 ns, 2.1834 us/op, 88614031.00 uJpkg, 0.00 uJdram
WorkloadResult   9: 457616 op, 1000218435.00 ns, 2.1857 us/op, 89155167.00 uJpkg, 0.00 uJdram
WorkloadResult  10: 457616 op, 1002676386.00 ns, 2.1911 us/op, 89823195.00 uJpkg, 0.00 uJdram
WorkloadResult  11: 457616 op, 1002181706.00 ns, 2.1900 us/op, 88654558.00 uJpkg, 0.00 uJdram
WorkloadResult  12: 457616 op, 1001784515.00 ns, 2.1891 us/op, 88770403.00 uJpkg, 0.00 uJdram
WorkloadResult  13: 457616 op, 1000345777.00 ns, 2.1860 us/op, 88327960.00 uJpkg, 0.00 uJdram
WorkloadResult  14: 457616 op, 1003177555.00 ns, 2.1922 us/op, 88484393.00 uJpkg, 0.00 uJdram
WorkloadResult  15: 457616 op, 1004428612.00 ns, 2.1949 us/op, 89288163.00 uJpkg, 0.00 uJdram

// AfterAll
// Benchmark Process 4068722 has exited with code 0.

Mean = 2.188 μs, StdErr = 0.001 μs (0.04%), N = 15, StdDev = 0.004 μs
Min = 2.182 μs, Q1 = 2.185 μs, Median = 2.188 μs, Q3 = 2.190 μs, Max = 2.195 μs
IQR = 0.006 μs, LowerFence = 2.176 μs, UpperFence = 2.198 μs
ConfidenceInterval = [2.184 μs; 2.192 μs] (CI 99.9%), Margin = 0.004 μs (0.18% of Mean)
Skewness = 0.16, Kurtosis = 1.82, MValue = 2

// ** Remained 3 (10.0%) benchmark(s) to run. Estimated finish 2025-12-31 22:16 (0h 1m from now) **
// **************************
// Benchmark: JsonSerializationBenchmarks.Jil_Serialize_Small: Overhead-Fixed-Energy-9(OutlierMode=DontRemove, IterationCount=15, IterationTime=1s, LaunchCount=1, WarmupCount=6)
// *** Execute ***
// Launch: 1 / 1
// Execute: dotnet Serialization.Bench-Overhead-Fixed-Energy-9-1.dll --anonymousPipes 103 104 --benchmarkName Serialization.Bench.JsonSerializationBenchmarks.Jil_Serialize_Small --job Overhead-Fixed-Energy-9 --benchmarkId 27 in /home/test/rapl-tests/lib-energy-bench/src/Serialization.Bench/bin/Release/net8.0/Serialization.Bench-Overhead-Fixed-Energy-9-1/bin/Release/net8.0
// BeforeAnythingElse

// Benchmark Process Environment Information:
// BenchmarkDotNet v0.15.5-develop (2025-12-31)
// Runtime=.NET 8.0.21 (8.0.21, 8.0.2125.47513), X64 RyuJIT x86-64-v4
// GC=Concurrent Workstation
// HardwareIntrinsics=AVX512 IFMA+VBMI,AVX512 F+BW+CD+DQ+VL,AVX2+BMI1+BMI2+F16C+FMA+LZCNT+MOVBE,AVX,SSE3+SSSE3+SSE4.1+SSE4.2+POPCNT,X86Base+SSE+SSE2,AES+PCLMUL VectorSize=256
// Job: Overhead-Fixed-Energy-9(OutlierMode=DontRemove, IterationCount=15, IterationTime=1s, LaunchCount=1, WarmupCount=6)

OverheadJitting  1: 1 op, 140031.00 ns, 140.0310 us/op, 0.00 uJpkg, 0.00 uJdram
WorkloadJitting  1: 1 op, 105324973.00 ns, 105.3250 ms/op, 6483015.00 uJpkg, 0.00 uJdram

WorkloadPilot    1: 4 op, 22115.00 ns, 5.5288 us/op, 0.00 uJpkg, 0.00 uJdram
WorkloadPilot    2: 180873 op, 397957211.00 ns, 2.2002 us/op, 33045509.00 uJpkg, 0.00 uJdram
WorkloadPilot    3: 454504 op, 781928446.00 ns, 1.7204 us/op, 69624090.00 uJpkg, 0.00 uJdram
WorkloadPilot    4: 581260 op, 996974004.00 ns, 1.7152 us/op, 88797991.00 uJpkg, 0.00 uJdram
WorkloadPilot    5: 583024 op, 999348807.00 ns, 1.7141 us/op, 89146074.00 uJpkg, 0.00 uJdram
WorkloadPilot    6: 583404 op, 1000205185.00 ns, 1.7144 us/op, 89519729.00 uJpkg, 0.00 uJdram
WorkloadPilot    7: 583284 op, 1005812395.00 ns, 1.7244 us/op, 90113600.00 uJpkg, 0.00 uJdram
WorkloadPilot    8: 579913 op, 998984521.00 ns, 1.7226 us/op, 89423294.00 uJpkg, 0.00 uJdram
WorkloadPilot    9: 580502 op, 999321632.00 ns, 1.7215 us/op, 89521072.00 uJpkg, 0.00 uJdram
WorkloadPilot   10: 580896 op, 996700407.00 ns, 1.7158 us/op, 89698867.00 uJpkg, 0.00 uJdram
WorkloadPilot   11: 582819 op, 999444046.00 ns, 1.7148 us/op, 89173233.00 uJpkg, 0.00 uJdram
WorkloadPilot   12: 583143 op, 1001719068.00 ns, 1.7178 us/op, 89320816.00 uJpkg, 0.00 uJdram

WorkloadWarmup   1: 583143 op, 999202557.00 ns, 1.7135 us/op, 89001603.00 uJpkg, 0.00 uJdram
WorkloadWarmup   2: 583143 op, 1005692848.00 ns, 1.7246 us/op, 89801956.00 uJpkg, 0.00 uJdram
WorkloadWarmup   3: 583143 op, 1003373802.00 ns, 1.7206 us/op, 89365433.00 uJpkg, 0.00 uJdram
WorkloadWarmup   4: 583143 op, 1004196099.00 ns, 1.7220 us/op, 89756057.00 uJpkg, 0.00 uJdram
WorkloadWarmup   5: 583143 op, 1004643859.00 ns, 1.7228 us/op, 90743115.00 uJpkg, 0.00 uJdram
WorkloadWarmup   6: 583143 op, 1006280697.00 ns, 1.7256 us/op, 90609266.00 uJpkg, 0.00 uJdram

// BeforeActualRun
WorkloadActual   1: 583143 op, 998842074.00 ns, 1.7129 us/op, 89039384.00 uJpkg, 0.00 uJdram
WorkloadActual   2: 583143 op, 1004597242.00 ns, 1.7227 us/op, 89612686.00 uJpkg, 0.00 uJdram
WorkloadActual   3: 583143 op, 1004359735.00 ns, 1.7223 us/op, 89728591.00 uJpkg, 0.00 uJdram
WorkloadActual   4: 583143 op, 1004390488.00 ns, 1.7224 us/op, 89725418.00 uJpkg, 0.00 uJdram
WorkloadActual   5: 583143 op, 1004182325.00 ns, 1.7220 us/op, 89997328.00 uJpkg, 0.00 uJdram
WorkloadActual   6: 583143 op, 1003776212.00 ns, 1.7213 us/op, 89747267.00 uJpkg, 0.00 uJdram
WorkloadActual   7: 583143 op, 1004047463.00 ns, 1.7218 us/op, 89684829.00 uJpkg, 0.00 uJdram
WorkloadActual   8: 583143 op, 1001073239.00 ns, 1.7167 us/op, 89532241.00 uJpkg, 0.00 uJdram
WorkloadActual   9: 583143 op, 1004354956.00 ns, 1.7223 us/op, 89717300.00 uJpkg, 0.00 uJdram
WorkloadActual  10: 583143 op, 1003929145.00 ns, 1.7216 us/op, 89501052.00 uJpkg, 0.00 uJdram
WorkloadActual  11: 583143 op, 1004032599.00 ns, 1.7218 us/op, 89637832.00 uJpkg, 0.00 uJdram
WorkloadActual  12: 583143 op, 1003759989.00 ns, 1.7213 us/op, 89760208.00 uJpkg, 0.00 uJdram
WorkloadActual  13: 583143 op, 998842536.00 ns, 1.7129 us/op, 88703874.00 uJpkg, 0.00 uJdram
WorkloadActual  14: 583143 op, 999784081.00 ns, 1.7145 us/op, 90321973.00 uJpkg, 0.00 uJdram
WorkloadActual  15: 583143 op, 998270455.00 ns, 1.7119 us/op, 88909135.00 uJpkg, 0.00 uJdram

// AfterActualRun
WorkloadResult   1: 583143 op, 998842074.00 ns, 1.7129 us/op, 89039384.00 uJpkg, 0.00 uJdram
WorkloadResult   2: 583143 op, 1004597242.00 ns, 1.7227 us/op, 89612686.00 uJpkg, 0.00 uJdram
WorkloadResult   3: 583143 op, 1004359735.00 ns, 1.7223 us/op, 89728591.00 uJpkg, 0.00 uJdram
WorkloadResult   4: 583143 op, 1004390488.00 ns, 1.7224 us/op, 89725418.00 uJpkg, 0.00 uJdram
WorkloadResult   5: 583143 op, 1004182325.00 ns, 1.7220 us/op, 89997328.00 uJpkg, 0.00 uJdram
WorkloadResult   6: 583143 op, 1003776212.00 ns, 1.7213 us/op, 89747267.00 uJpkg, 0.00 uJdram
WorkloadResult   7: 583143 op, 1004047463.00 ns, 1.7218 us/op, 89684829.00 uJpkg, 0.00 uJdram
WorkloadResult   8: 583143 op, 1001073239.00 ns, 1.7167 us/op, 89532241.00 uJpkg, 0.00 uJdram
WorkloadResult   9: 583143 op, 1004354956.00 ns, 1.7223 us/op, 89717300.00 uJpkg, 0.00 uJdram
WorkloadResult  10: 583143 op, 1003929145.00 ns, 1.7216 us/op, 89501052.00 uJpkg, 0.00 uJdram
WorkloadResult  11: 583143 op, 1004032599.00 ns, 1.7218 us/op, 89637832.00 uJpkg, 0.00 uJdram
WorkloadResult  12: 583143 op, 1003759989.00 ns, 1.7213 us/op, 89760208.00 uJpkg, 0.00 uJdram
WorkloadResult  13: 583143 op, 998842536.00 ns, 1.7129 us/op, 88703874.00 uJpkg, 0.00 uJdram
WorkloadResult  14: 583143 op, 999784081.00 ns, 1.7145 us/op, 90321973.00 uJpkg, 0.00 uJdram
WorkloadResult  15: 583143 op, 998270455.00 ns, 1.7119 us/op, 88909135.00 uJpkg, 0.00 uJdram

// AfterAll
// Benchmark Process 4068740 has exited with code 0.

Mean = 1.719 μs, StdErr = 0.001 μs (0.06%), N = 15, StdDev = 0.004 μs
Min = 1.712 μs, Q1 = 1.716 μs, Median = 1.722 μs, Q3 = 1.722 μs, Max = 1.723 μs
IQR = 0.007 μs, LowerFence = 1.706 μs, UpperFence = 1.732 μs
ConfidenceInterval = [1.715 μs; 1.724 μs] (CI 99.9%), Margin = 0.004 μs (0.26% of Mean)
Skewness = -0.76, Kurtosis = 1.67, MValue = 2

// ** Remained 2 (6.7%) benchmark(s) to run. Estimated finish 2025-12-31 22:16 (0h 0m from now) **
// **************************
// Benchmark: JsonSerializationBenchmarks.Utf8Json_Serialize_Small: Overhead-Fixed-Energy-9(OutlierMode=DontRemove, IterationCount=15, IterationTime=1s, LaunchCount=1, WarmupCount=6)
// *** Execute ***
// Launch: 1 / 1
// Execute: dotnet Serialization.Bench-Overhead-Fixed-Energy-9-1.dll --anonymousPipes 103 104 --benchmarkName Serialization.Bench.JsonSerializationBenchmarks.Utf8Json_Serialize_Small --job Overhead-Fixed-Energy-9 --benchmarkId 28 in /home/test/rapl-tests/lib-energy-bench/src/Serialization.Bench/bin/Release/net8.0/Serialization.Bench-Overhead-Fixed-Energy-9-1/bin/Release/net8.0
// BeforeAnythingElse

// Benchmark Process Environment Information:
// BenchmarkDotNet v0.15.5-develop (2025-12-31)
// Runtime=.NET 8.0.21 (8.0.21, 8.0.2125.47513), X64 RyuJIT x86-64-v4
// GC=Concurrent Workstation
// HardwareIntrinsics=AVX512 IFMA+VBMI,AVX512 F+BW+CD+DQ+VL,AVX2+BMI1+BMI2+F16C+FMA+LZCNT+MOVBE,AVX,SSE3+SSSE3+SSE4.1+SSE4.2+POPCNT,X86Base+SSE+SSE2,AES+PCLMUL VectorSize=256
// Job: Overhead-Fixed-Energy-9(OutlierMode=DontRemove, IterationCount=15, IterationTime=1s, LaunchCount=1, WarmupCount=6)

OverheadJitting  1: 1 op, 135603.00 ns, 135.6030 us/op, 59265.00 uJpkg, 0.00 uJdram
WorkloadJitting  1: 1 op, 46088484.00 ns, 46.0885 ms/op, 2831963.00 uJpkg, 0.00 uJdram

OverheadJitting  2: 16 op, 372880.00 ns, 23.3050 us/op, 66589.00 uJpkg, 0.00 uJdram
WorkloadJitting  2: 16 op, 534669.00 ns, 33.4168 us/op, 0.00 uJpkg, 0.00 uJdram

WorkloadPilot    1: 16 op, 204713.00 ns, 12.7946 us/op, 0.00 uJpkg, 0.00 uJdram
WorkloadPilot    2: 78160 op, 426142323.00 ns, 5.4522 us/op, 34639804.00 uJpkg, 0.00 uJdram
WorkloadPilot    3: 183424 op, 180727112.00 ns, 985.2970 ns/op, 16141621.00 uJpkg, 0.00 uJdram
WorkloadPilot    4: 1014928 op, 979644865.00 ns, 965.2358 ns/op, 83104402.00 uJpkg, 0.00 uJdram
WorkloadPilot    5: 1036016 op, 1003267541.00 ns, 968.3900 ns/op, 85149745.00 uJpkg, 0.00 uJdram
WorkloadPilot    6: 1032656 op, 998323072.00 ns, 966.7528 ns/op, 84563383.00 uJpkg, 0.00 uJdram
WorkloadPilot    7: 1034400 op, 997156965.00 ns, 963.9955 ns/op, 84725491.00 uJpkg, 0.00 uJdram
WorkloadPilot    8: 1037360 op, 998453875.00 ns, 962.4951 ns/op, 84879726.00 uJpkg, 0.00 uJdram
WorkloadPilot    9: 1038976 op, 999300722.00 ns, 961.8131 ns/op, 84611661.00 uJpkg, 0.00 uJdram
WorkloadPilot   10: 1039712 op, 997308130.00 ns, 959.2158 ns/op, 85413966.00 uJpkg, 0.00 uJdram
WorkloadPilot   11: 1042528 op, 1003727529.00 ns, 962.7823 ns/op, 85259364.00 uJpkg, 0.00 uJdram
WorkloadPilot   12: 1038656 op, 999591628.00 ns, 962.3895 ns/op, 84933010.00 uJpkg, 0.00 uJdram
WorkloadPilot   13: 1039088 op, 999063676.00 ns, 961.4813 ns/op, 84772977.00 uJpkg, 0.00 uJdram
WorkloadPilot   14: 1040064 op, 998249782.00 ns, 959.7965 ns/op, 84894558.00 uJpkg, 0.00 uJdram
WorkloadPilot   15: 1041888 op, 1002561593.00 ns, 962.2547 ns/op, 85231166.00 uJpkg, 0.00 uJdram

OverheadWarmup   1: 1041888 op, 3541622.00 ns, 3.3992 ns/op, 239074.00 uJpkg, 0.00 uJdram
OverheadWarmup   2: 1041888 op, 3545866.00 ns, 3.4033 ns/op, 182312.00 uJpkg, 0.00 uJdram
OverheadWarmup   3: 1041888 op, 3548507.00 ns, 3.4058 ns/op, 176147.00 uJpkg, 0.00 uJdram
OverheadWarmup   4: 1041888 op, 3558409.00 ns, 3.4153 ns/op, 264587.00 uJpkg, 0.00 uJdram
OverheadWarmup   5: 1041888 op, 3538317.00 ns, 3.3961 ns/op, 251220.00 uJpkg, 0.00 uJdram
OverheadWarmup   6: 1041888 op, 3558328.00 ns, 3.4153 ns/op, 198547.00 uJpkg, 0.00 uJdram
OverheadWarmup   7: 1041888 op, 3549664.00 ns, 3.4070 ns/op, 270995.00 uJpkg, 0.00 uJdram

OverheadActual   1: 1041888 op, 3549796.00 ns, 3.4071 ns/op, 257263.00 uJpkg, 0.00 uJdram
OverheadActual   2: 1041888 op, 3544750.00 ns, 3.4022 ns/op, 232604.00 uJpkg, 0.00 uJdram
OverheadActual   3: 1041888 op, 3559711.00 ns, 3.4166 ns/op, 181396.00 uJpkg, 0.00 uJdram
OverheadActual   4: 1041888 op, 3558401.00 ns, 3.4153 ns/op, 254882.00 uJpkg, 0.00 uJdram
OverheadActual   5: 1041888 op, 3548564.00 ns, 3.4059 ns/op, 256530.00 uJpkg, 0.00 uJdram
OverheadActual   6: 1041888 op, 3549214.00 ns, 3.4065 ns/op, 209289.00 uJpkg, 0.00 uJdram
OverheadActual   7: 1041888 op, 3573871.00 ns, 3.4302 ns/op, 209899.00 uJpkg, 0.00 uJdram
OverheadActual   8: 1041888 op, 3553873.00 ns, 3.4110 ns/op, 260375.00 uJpkg, 0.00 uJdram
OverheadActual   9: 1041888 op, 3543278.00 ns, 3.4008 ns/op, 249816.00 uJpkg, 0.00 uJdram
OverheadActual  10: 1041888 op, 3550512.00 ns, 3.4078 ns/op, 174744.00 uJpkg, 0.00 uJdram
OverheadActual  11: 1041888 op, 3541108.00 ns, 3.3987 ns/op, 259338.00 uJpkg, 0.00 uJdram
OverheadActual  12: 1041888 op, 3549159.00 ns, 3.4065 ns/op, 249206.00 uJpkg, 0.00 uJdram
OverheadActual  13: 1041888 op, 3552450.00 ns, 3.4096 ns/op, 251892.00 uJpkg, 0.00 uJdram
OverheadActual  14: 1041888 op, 3542450.00 ns, 3.4000 ns/op, 269591.00 uJpkg, 0.00 uJdram
OverheadActual  15: 1041888 op, 3549388.00 ns, 3.4067 ns/op, 193908.00 uJpkg, 0.00 uJdram

WorkloadWarmup   1: 1041888 op, 1000960272.00 ns, 960.7177 ns/op, 87125387.00 uJpkg, 0.00 uJdram
WorkloadWarmup   2: 1041888 op, 998987174.00 ns, 958.8240 ns/op, 85064113.00 uJpkg, 0.00 uJdram
WorkloadWarmup   3: 1041888 op, 1001641082.00 ns, 961.3712 ns/op, 85123439.00 uJpkg, 0.00 uJdram
WorkloadWarmup   4: 1041888 op, 1001385080.00 ns, 961.1255 ns/op, 85555750.00 uJpkg, 0.00 uJdram
WorkloadWarmup   5: 1041888 op, 1001117326.00 ns, 960.8685 ns/op, 85182582.00 uJpkg, 0.00 uJdram
WorkloadWarmup   6: 1041888 op, 1000867952.00 ns, 960.6291 ns/op, 85863366.00 uJpkg, 0.00 uJdram

// BeforeActualRun
WorkloadActual   1: 1041888 op, 1002693388.00 ns, 962.3812 ns/op, 85476527.00 uJpkg, 0.00 uJdram
WorkloadActual   2: 1041888 op, 1005804036.00 ns, 965.3668 ns/op, 85937951.00 uJpkg, 0.00 uJdram
WorkloadActual   3: 1041888 op, 1004669664.00 ns, 964.2780 ns/op, 85397120.00 uJpkg, 0.00 uJdram
WorkloadActual   4: 1041888 op, 1006788285.00 ns, 966.3114 ns/op, 85679163.00 uJpkg, 0.00 uJdram
WorkloadActual   5: 1041888 op, 1006785303.00 ns, 966.3086 ns/op, 86189598.00 uJpkg, 0.00 uJdram
WorkloadActual   6: 1041888 op, 1004290888.00 ns, 963.9144 ns/op, 85572229.00 uJpkg, 0.00 uJdram
WorkloadActual   7: 1041888 op, 1005598522.00 ns, 965.1695 ns/op, 85671533.00 uJpkg, 0.00 uJdram
WorkloadActual   8: 1041888 op, 1005935466.00 ns, 965.4929 ns/op, 86141259.00 uJpkg, 0.00 uJdram
WorkloadActual   9: 1041888 op, 1005834287.00 ns, 965.3958 ns/op, 85521082.00 uJpkg, 0.00 uJdram
WorkloadActual  10: 1041888 op, 1006423732.00 ns, 965.9615 ns/op, 86591026.00 uJpkg, 0.00 uJdram
WorkloadActual  11: 1041888 op, 1006177306.00 ns, 965.7250 ns/op, 85677882.00 uJpkg, 0.00 uJdram
WorkloadActual  12: 1041888 op, 1001747137.00 ns, 961.4730 ns/op, 85213405.00 uJpkg, 0.00 uJdram
WorkloadActual  13: 1041888 op, 1001766534.00 ns, 961.4916 ns/op, 85369838.00 uJpkg, 0.00 uJdram
WorkloadActual  14: 1041888 op, 1009530890.00 ns, 968.9438 ns/op, 85886743.00 uJpkg, 0.00 uJdram
WorkloadActual  15: 1041888 op, 1010709817.00 ns, 970.0753 ns/op, 86429283.00 uJpkg, 0.00 uJdram

// AfterActualRun
WorkloadResult   1: 1041888 op, 999144000.00 ns, 958.9745 ns/op, 85476527.00 uJpkg, 0.00 uJdram
WorkloadResult   2: 1041888 op, 1002254648.00 ns, 961.9601 ns/op, 85937951.00 uJpkg, 0.00 uJdram
WorkloadResult   3: 1041888 op, 1001120276.00 ns, 960.8713 ns/op, 85397120.00 uJpkg, 0.00 uJdram
WorkloadResult   4: 1041888 op, 1003238897.00 ns, 962.9047 ns/op, 85679163.00 uJpkg, 0.00 uJdram
WorkloadResult   5: 1041888 op, 1003235915.00 ns, 962.9019 ns/op, 86189598.00 uJpkg, 0.00 uJdram
WorkloadResult   6: 1041888 op, 1000741500.00 ns, 960.5078 ns/op, 85572229.00 uJpkg, 0.00 uJdram
WorkloadResult   7: 1041888 op, 1002049134.00 ns, 961.7628 ns/op, 85671533.00 uJpkg, 0.00 uJdram
WorkloadResult   8: 1041888 op, 1002386078.00 ns, 962.0862 ns/op, 86141259.00 uJpkg, 0.00 uJdram
WorkloadResult   9: 1041888 op, 1002284899.00 ns, 961.9891 ns/op, 85521082.00 uJpkg, 0.00 uJdram
WorkloadResult  10: 1041888 op, 1002874344.00 ns, 962.5548 ns/op, 86591026.00 uJpkg, 0.00 uJdram
WorkloadResult  11: 1041888 op, 1002627918.00 ns, 962.3183 ns/op, 85677882.00 uJpkg, 0.00 uJdram
WorkloadResult  12: 1041888 op, 998197749.00 ns, 958.0663 ns/op, 85213405.00 uJpkg, 0.00 uJdram
WorkloadResult  13: 1041888 op, 998217146.00 ns, 958.0849 ns/op, 85369838.00 uJpkg, 0.00 uJdram
WorkloadResult  14: 1041888 op, 1005981502.00 ns, 965.5371 ns/op, 85886743.00 uJpkg, 0.00 uJdram
WorkloadResult  15: 1041888 op, 1007160429.00 ns, 966.6686 ns/op, 86429283.00 uJpkg, 0.00 uJdram

// AfterAll
// Benchmark Process 4068754 has exited with code 0.

Mean = 961.813 ns, StdErr = 0.615 ns (0.06%), N = 15, StdDev = 2.381 ns
Min = 958.066 ns, Q1 = 960.690 ns, Median = 961.989 ns, Q3 = 962.728 ns, Max = 966.669 ns
IQR = 2.039 ns, LowerFence = 957.631 ns, UpperFence = 965.787 ns
ConfidenceInterval = [959.268 ns; 964.358 ns] (CI 99.9%), Margin = 2.545 ns (0.26% of Mean)
Skewness = 0.19, Kurtosis = 2.51, MValue = 2

// ** Remained 1 (3.3%) benchmark(s) to run. Estimated finish 2025-12-31 22:16 (0h 0m from now) **
// **************************
// Benchmark: JsonSerializationBenchmarks.SpanJson_Serialize_Small: Overhead-Fixed-Energy-9(OutlierMode=DontRemove, IterationCount=15, IterationTime=1s, LaunchCount=1, WarmupCount=6)
// *** Execute ***
// Launch: 1 / 1
// Execute: dotnet Serialization.Bench-Overhead-Fixed-Energy-9-1.dll --anonymousPipes 105 106 --benchmarkName Serialization.Bench.JsonSerializationBenchmarks.SpanJson_Serialize_Small --job Overhead-Fixed-Energy-9 --benchmarkId 29 in /home/test/rapl-tests/lib-energy-bench/src/Serialization.Bench/bin/Release/net8.0/Serialization.Bench-Overhead-Fixed-Energy-9-1/bin/Release/net8.0
// BeforeAnythingElse

// Benchmark Process Environment Information:
// BenchmarkDotNet v0.15.5-develop (2025-12-31)
// Runtime=.NET 8.0.21 (8.0.21, 8.0.2125.47513), X64 RyuJIT x86-64-v4
// GC=Concurrent Workstation
// HardwareIntrinsics=AVX512 IFMA+VBMI,AVX512 F+BW+CD+DQ+VL,AVX2+BMI1+BMI2+F16C+FMA+LZCNT+MOVBE,AVX,SSE3+SSSE3+SSE4.1+SSE4.2+POPCNT,X86Base+SSE+SSE2,AES+PCLMUL VectorSize=256
// Job: Overhead-Fixed-Energy-9(OutlierMode=DontRemove, IterationCount=15, IterationTime=1s, LaunchCount=1, WarmupCount=6)

OverheadJitting  1: 1 op, 137104.00 ns, 137.1040 us/op, 71289.00 uJpkg, 0.00 uJdram
WorkloadJitting  1: 1 op, 59662523.00 ns, 59.6625 ms/op, 4228810.00 uJpkg, 0.00 uJdram

OverheadJitting  2: 16 op, 392803.00 ns, 24.5502 us/op, 90454.00 uJpkg, 0.00 uJdram
WorkloadJitting  2: 16 op, 561998.00 ns, 35.1249 us/op, 0.00 uJpkg, 0.00 uJdram

WorkloadPilot    1: 16 op, 217597.00 ns, 13.5998 us/op, 0.00 uJpkg, 0.00 uJdram
WorkloadPilot    2: 73536 op, 246965105.00 ns, 3.3584 us/op, 16960711.00 uJpkg, 0.00 uJdram
WorkloadPilot    3: 297760 op, 357381578.00 ns, 1.2002 us/op, 23490845.00 uJpkg, 0.00 uJdram
WorkloadPilot    4: 833184 op, 994182543.00 ns, 1.1932 us/op, 65277115.00 uJpkg, 0.00 uJdram
WorkloadPilot    5: 838064 op, 996303263.00 ns, 1.1888 us/op, 65464860.00 uJpkg, 0.00 uJdram
WorkloadPilot    6: 841184 op, 1004891081.00 ns, 1.1946 us/op, 65821792.00 uJpkg, 0.00 uJdram
WorkloadPilot    7: 837104 op, 997503734.00 ns, 1.1916 us/op, 65703872.00 uJpkg, 0.00 uJdram
WorkloadPilot    8: 839200 op, 995480444.00 ns, 1.1862 us/op, 65482498.00 uJpkg, 0.00 uJdram
WorkloadPilot    9: 843024 op, 1000171691.00 ns, 1.1864 us/op, 65805130.00 uJpkg, 0.00 uJdram
WorkloadPilot   10: 842880 op, 1005392332.00 ns, 1.1928 us/op, 66615857.00 uJpkg, 0.00 uJdram

OverheadWarmup   1: 842880 op, 2865533.00 ns, 3.3997 ns/op, 175537.00 uJpkg, 0.00 uJdram
OverheadWarmup   2: 842880 op, 2894758.00 ns, 3.4344 ns/op, 128173.00 uJpkg, 0.00 uJdram
OverheadWarmup   3: 842880 op, 2887790.00 ns, 3.4261 ns/op, 146606.00 uJpkg, 0.00 uJdram
OverheadWarmup   4: 842880 op, 2878751.00 ns, 3.4154 ns/op, 127013.00 uJpkg, 0.00 uJdram
OverheadWarmup   5: 842880 op, 2894168.00 ns, 3.4337 ns/op, 233764.00 uJpkg, 0.00 uJdram
OverheadWarmup   6: 842880 op, 2869754.00 ns, 3.4047 ns/op, 199096.00 uJpkg, 0.00 uJdram

OverheadActual   1: 842880 op, 2873748.00 ns, 3.4094 ns/op, 211181.00 uJpkg, 0.00 uJdram
OverheadActual   2: 842880 op, 2872134.00 ns, 3.4075 ns/op, 209167.00 uJpkg, 0.00 uJdram
OverheadActual   3: 842880 op, 2873933.00 ns, 3.4097 ns/op, 206299.00 uJpkg, 0.00 uJdram
OverheadActual   4: 842880 op, 2874957.00 ns, 3.4109 ns/op, 198608.00 uJpkg, 0.00 uJdram
OverheadActual   5: 842880 op, 2872896.00 ns, 3.4084 ns/op, 212402.00 uJpkg, 0.00 uJdram
OverheadActual   6: 842880 op, 2879776.00 ns, 3.4166 ns/op, 192688.00 uJpkg, 0.00 uJdram
OverheadActual   7: 842880 op, 2879583.00 ns, 3.4164 ns/op, 204468.00 uJpkg, 0.00 uJdram
OverheadActual   8: 842880 op, 2867014.00 ns, 3.4014 ns/op, 233459.00 uJpkg, 0.00 uJdram
OverheadActual   9: 842880 op, 2888232.00 ns, 3.4266 ns/op, 222045.00 uJpkg, 0.00 uJdram
OverheadActual  10: 842880 op, 2870949.00 ns, 3.4061 ns/op, 191467.00 uJpkg, 0.00 uJdram
OverheadActual  11: 842880 op, 2875681.00 ns, 3.4117 ns/op, 199157.00 uJpkg, 0.00 uJdram
OverheadActual  12: 842880 op, 2877611.00 ns, 3.4140 ns/op, 183349.00 uJpkg, 0.00 uJdram
OverheadActual  13: 842880 op, 2869064.00 ns, 3.4039 ns/op, 196777.00 uJpkg, 0.00 uJdram
OverheadActual  14: 842880 op, 2887843.00 ns, 3.4262 ns/op, 200744.00 uJpkg, 0.00 uJdram
OverheadActual  15: 842880 op, 2872745.00 ns, 3.4082 ns/op, 194763.00 uJpkg, 0.00 uJdram

WorkloadWarmup   1: 842880 op, 1004534878.00 ns, 1.1918 us/op, 68653145.00 uJpkg, 0.00 uJdram
WorkloadWarmup   2: 842880 op, 1004353095.00 ns, 1.1916 us/op, 66776013.00 uJpkg, 0.00 uJdram
WorkloadWarmup   3: 842880 op, 1004196764.00 ns, 1.1914 us/op, 66713574.00 uJpkg, 0.00 uJdram
WorkloadWarmup   4: 842880 op, 1005739059.00 ns, 1.1932 us/op, 66617810.00 uJpkg, 0.00 uJdram
WorkloadWarmup   5: 842880 op, 1000691247.00 ns, 1.1872 us/op, 66011001.00 uJpkg, 0.00 uJdram
WorkloadWarmup   6: 842880 op, 1000758072.00 ns, 1.1873 us/op, 66008009.00 uJpkg, 0.00 uJdram

// BeforeActualRun
WorkloadActual   1: 842880 op, 1006308196.00 ns, 1.1939 us/op, 66176894.00 uJpkg, 0.00 uJdram
WorkloadActual   2: 842880 op, 1009802147.00 ns, 1.1980 us/op, 66569165.00 uJpkg, 0.00 uJdram
WorkloadActual   3: 842880 op, 1005548598.00 ns, 1.1930 us/op, 66115431.00 uJpkg, 0.00 uJdram
WorkloadActual   4: 842880 op, 1006843281.00 ns, 1.1945 us/op, 66303724.00 uJpkg, 0.00 uJdram
WorkloadActual   5: 842880 op, 1005846742.00 ns, 1.1933 us/op, 66723889.00 uJpkg, 0.00 uJdram
WorkloadActual   6: 842880 op, 1005214969.00 ns, 1.1926 us/op, 66138442.00 uJpkg, 0.00 uJdram
WorkloadActual   7: 842880 op, 1003575842.00 ns, 1.1907 us/op, 66111281.00 uJpkg, 0.00 uJdram
WorkloadActual   8: 842880 op, 1005947006.00 ns, 1.1935 us/op, 66681470.00 uJpkg, 0.00 uJdram
WorkloadActual   9: 842880 op, 1005092490.00 ns, 1.1925 us/op, 66748670.00 uJpkg, 0.00 uJdram
WorkloadActual  10: 842880 op, 1004289975.00 ns, 1.1915 us/op, 67255810.00 uJpkg, 0.00 uJdram
WorkloadActual  11: 842880 op, 1004909651.00 ns, 1.1922 us/op, 66013930.00 uJpkg, 0.00 uJdram
WorkloadActual  12: 842880 op, 1001697451.00 ns, 1.1884 us/op, 65942580.00 uJpkg, 0.00 uJdram
WorkloadActual  13: 842880 op, 1005481903.00 ns, 1.1929 us/op, 66145338.00 uJpkg, 0.00 uJdram
WorkloadActual  14: 842880 op, 1009796148.00 ns, 1.1980 us/op, 66931897.00 uJpkg, 0.00 uJdram
WorkloadActual  15: 842880 op, 1008362639.00 ns, 1.1963 us/op, 66533033.00 uJpkg, 0.00 uJdram

// AfterActualRun
WorkloadResult   1: 842880 op, 1003434263.00 ns, 1.1905 us/op, 66176894.00 uJpkg, 0.00 uJdram
WorkloadResult   2: 842880 op, 1006928214.00 ns, 1.1946 us/op, 66569165.00 uJpkg, 0.00 uJdram
WorkloadResult   3: 842880 op, 1002674665.00 ns, 1.1896 us/op, 66115431.00 uJpkg, 0.00 uJdram
WorkloadResult   4: 842880 op, 1003969348.00 ns, 1.1911 us/op, 66303724.00 uJpkg, 0.00 uJdram
WorkloadResult   5: 842880 op, 1002972809.00 ns, 1.1899 us/op, 66723889.00 uJpkg, 0.00 uJdram
WorkloadResult   6: 842880 op, 1002341036.00 ns, 1.1892 us/op, 66138442.00 uJpkg, 0.00 uJdram
WorkloadResult   7: 842880 op, 1000701909.00 ns, 1.1872 us/op, 66111281.00 uJpkg, 0.00 uJdram
WorkloadResult   8: 842880 op, 1003073073.00 ns, 1.1901 us/op, 66681470.00 uJpkg, 0.00 uJdram
WorkloadResult   9: 842880 op, 1002218557.00 ns, 1.1890 us/op, 66748670.00 uJpkg, 0.00 uJdram
WorkloadResult  10: 842880 op, 1001416042.00 ns, 1.1881 us/op, 67255810.00 uJpkg, 0.00 uJdram
WorkloadResult  11: 842880 op, 1002035718.00 ns, 1.1888 us/op, 66013930.00 uJpkg, 0.00 uJdram
WorkloadResult  12: 842880 op, 998823518.00 ns, 1.1850 us/op, 65942580.00 uJpkg, 0.00 uJdram
WorkloadResult  13: 842880 op, 1002607970.00 ns, 1.1895 us/op, 66145338.00 uJpkg, 0.00 uJdram
WorkloadResult  14: 842880 op, 1006922215.00 ns, 1.1946 us/op, 66931897.00 uJpkg, 0.00 uJdram
WorkloadResult  15: 842880 op, 1005488706.00 ns, 1.1929 us/op, 66533033.00 uJpkg, 0.00 uJdram

// AfterAll
// Benchmark Process 4068770 has exited with code 0.

Mean = 1.190 μs, StdErr = 0.001 μs (0.06%), N = 15, StdDev = 0.003 μs
Min = 1.185 μs, Q1 = 1.189 μs, Median = 1.190 μs, Q3 = 1.191 μs, Max = 1.195 μs
IQR = 0.002 μs, LowerFence = 1.186 μs, UpperFence = 1.194 μs
ConfidenceInterval = [1.187 μs; 1.193 μs] (CI 99.9%), Margin = 0.003 μs (0.23% of Mean)
Skewness = 0.25, Kurtosis = 2.57, MValue = 2

// ** Remained 0 (0.0%) benchmark(s) to run. Estimated finish 2025-12-31 22:16 (0h 0m from now) **
// ***** BenchmarkRunner: Finish  *****

// * Export *
  Helpers/../BenchmarkArtifacts/results/Serialization.Bench.JsonSerializationBenchmarks-report.csv
  Helpers/../BenchmarkArtifacts/results/Serialization.Bench.JsonSerializationBenchmarks-report-github.md
  Helpers/../BenchmarkArtifacts/results/Serialization.Bench.JsonSerializationBenchmarks-report.html
  Helpers/../BenchmarkArtifacts/results/Serialization.Bench.JsonSerializationBenchmarks-measurements.csv

// * Detailed results *
JsonSerializationBenchmarks.SpanJson_Deserialize_Large: Overhead-Fixed-Energy-9(OutlierMode=DontRemove, IterationCount=15, IterationTime=1s, LaunchCount=1, WarmupCount=6)
Runtime = .NET 8.0.21 (8.0.21, 8.0.2125.47513), X64 RyuJIT x86-64-v4; GC = Concurrent Workstation
Mean = 151.376 μs, StdErr = 0.075 μs (0.05%), N = 15, StdDev = 0.292 μs
Min = 151.101 μs, Q1 = 151.205 μs, Median = 151.286 μs, Q3 = 151.415 μs, Max = 152.254 μs
IQR = 0.210 μs, LowerFence = 150.890 μs, UpperFence = 151.729 μs
ConfidenceInterval = [151.064 μs; 151.687 μs] (CI 99.9%), Margin = 0.312 μs (0.21% of Mean)
Skewness = 1.79, Kurtosis = 5.74, MValue = 2
-------------------- Histogram --------------------
[150.946 μs ; 152.409 μs) | @@@@@@@@@@@@@@@
---------------------------------------------------

JsonSerializationBenchmarks.STJ_Deserialize_Large: Overhead-Fixed-Energy-9(OutlierMode=DontRemove, IterationCount=15, IterationTime=1s, LaunchCount=1, WarmupCount=6)
Runtime = .NET 8.0.21 (8.0.21, 8.0.2125.47513), X64 RyuJIT x86-64-v4; GC = Concurrent Workstation
Mean = 203.375 μs, StdErr = 0.098 μs (0.05%), N = 15, StdDev = 0.381 μs
Min = 202.959 μs, Q1 = 203.186 μs, Median = 203.296 μs, Q3 = 203.494 μs, Max = 204.590 μs
IQR = 0.308 μs, LowerFence = 202.724 μs, UpperFence = 203.956 μs
ConfidenceInterval = [202.968 μs; 203.782 μs] (CI 99.9%), Margin = 0.407 μs (0.20% of Mean)
Skewness = 1.99, Kurtosis = 7.09, MValue = 2
-------------------- Histogram --------------------
[202.757 μs ; 204.792 μs) | @@@@@@@@@@@@@@@
---------------------------------------------------

JsonSerializationBenchmarks.Jil_Deserialize_Large: Overhead-Fixed-Energy-9(OutlierMode=DontRemove, IterationCount=15, IterationTime=1s, LaunchCount=1, WarmupCount=6)
Runtime = .NET 8.0.21 (8.0.21, 8.0.2125.47513), X64 RyuJIT x86-64-v4; GC = Concurrent Workstation
Mean = 211.612 μs, StdErr = 0.091 μs (0.04%), N = 15, StdDev = 0.353 μs
Min = 210.531 μs, Q1 = 211.536 μs, Median = 211.612 μs, Q3 = 211.818 μs, Max = 212.001 μs
IQR = 0.283 μs, LowerFence = 211.112 μs, UpperFence = 212.242 μs
ConfidenceInterval = [211.234 μs; 211.989 μs] (CI 99.9%), Margin = 0.378 μs (0.18% of Mean)
Skewness = -1.67, Kurtosis = 6.12, MValue = 2
-------------------- Histogram --------------------
[210.343 μs ; 212.189 μs) | @@@@@@@@@@@@@@@
---------------------------------------------------

JsonSerializationBenchmarks.Newtonsoft_Deserialize_Large: Overhead-Fixed-Energy-9(OutlierMode=DontRemove, IterationCount=15, IterationTime=1s, LaunchCount=1, WarmupCount=6)
Runtime = .NET 8.0.21 (8.0.21, 8.0.2125.47513), X64 RyuJIT x86-64-v4; GC = Concurrent Workstation
Mean = 234.183 μs, StdErr = 0.122 μs (0.05%), N = 15, StdDev = 0.472 μs
Min = 233.440 μs, Q1 = 233.860 μs, Median = 234.275 μs, Q3 = 234.454 μs, Max = 235.037 μs
IQR = 0.594 μs, LowerFence = 232.969 μs, UpperFence = 235.345 μs
ConfidenceInterval = [233.679 μs; 234.688 μs] (CI 99.9%), Margin = 0.505 μs (0.22% of Mean)
Skewness = -0.05, Kurtosis = 1.86, MValue = 2
-------------------- Histogram --------------------
[233.189 μs ; 235.289 μs) | @@@@@@@@@@@@@@@
---------------------------------------------------

JsonSerializationBenchmarks.Utf8Json_Deserialize_Large: Overhead-Fixed-Energy-9(OutlierMode=DontRemove, IterationCount=15, IterationTime=1s, LaunchCount=1, WarmupCount=6)
Runtime = .NET 8.0.21 (8.0.21, 8.0.2125.47513), X64 RyuJIT x86-64-v4; GC = Concurrent Workstation
Mean = 281.058 μs, StdErr = 0.048 μs (0.02%), N = 15, StdDev = 0.184 μs
Min = 280.801 μs, Q1 = 280.912 μs, Median = 281.043 μs, Q3 = 281.183 μs, Max = 281.451 μs
IQR = 0.271 μs, LowerFence = 280.505 μs, UpperFence = 281.591 μs
ConfidenceInterval = [280.861 μs; 281.255 μs] (CI 99.9%), Margin = 0.197 μs (0.07% of Mean)
Skewness = 0.4, Kurtosis = 2.15, MValue = 2
-------------------- Histogram --------------------
[280.703 μs ; 281.549 μs) | @@@@@@@@@@@@@@@
---------------------------------------------------

JsonSerializationBenchmarks.SpanJson_Deserialize_Medium: Overhead-Fixed-Energy-9(OutlierMode=DontRemove, IterationCount=15, IterationTime=1s, LaunchCount=1, WarmupCount=6)
Runtime = .NET 8.0.21 (8.0.21, 8.0.2125.47513), X64 RyuJIT x86-64-v4; GC = Concurrent Workstation
Mean = 41.279 μs, StdErr = 0.013 μs (0.03%), N = 15, StdDev = 0.050 μs
Min = 41.211 μs, Q1 = 41.242 μs, Median = 41.280 μs, Q3 = 41.297 μs, Max = 41.377 μs
IQR = 0.055 μs, LowerFence = 41.160 μs, UpperFence = 41.380 μs
ConfidenceInterval = [41.225 μs; 41.332 μs] (CI 99.9%), Margin = 0.053 μs (0.13% of Mean)
Skewness = 0.64, Kurtosis = 2.29, MValue = 2
-------------------- Histogram --------------------
[41.184 μs ; 41.404 μs) | @@@@@@@@@@@@@@@
---------------------------------------------------

JsonSerializationBenchmarks.STJ_Deserialize_Medium: Overhead-Fixed-Energy-9(OutlierMode=DontRemove, IterationCount=15, IterationTime=1s, LaunchCount=1, WarmupCount=6)
Runtime = .NET 8.0.21 (8.0.21, 8.0.2125.47513), X64 RyuJIT x86-64-v4; GC = Concurrent Workstation
Mean = 52.880 μs, StdErr = 0.019 μs (0.04%), N = 15, StdDev = 0.072 μs
Min = 52.749 μs, Q1 = 52.861 μs, Median = 52.877 μs, Q3 = 52.921 μs, Max = 53.035 μs
IQR = 0.060 μs, LowerFence = 52.771 μs, UpperFence = 53.011 μs
ConfidenceInterval = [52.803 μs; 52.957 μs] (CI 99.9%), Margin = 0.077 μs (0.15% of Mean)
Skewness = 0.03, Kurtosis = 2.84, MValue = 2
-------------------- Histogram --------------------
[52.710 μs ; 53.074 μs) | @@@@@@@@@@@@@@@
---------------------------------------------------

JsonSerializationBenchmarks.Jil_Deserialize_Medium: Overhead-Fixed-Energy-9(OutlierMode=DontRemove, IterationCount=15, IterationTime=1s, LaunchCount=1, WarmupCount=6)
Runtime = .NET 8.0.21 (8.0.21, 8.0.2125.47513), X64 RyuJIT x86-64-v4; GC = Concurrent Workstation
Mean = 55.621 μs, StdErr = 0.012 μs (0.02%), N = 15, StdDev = 0.045 μs
Min = 55.573 μs, Q1 = 55.594 μs, Median = 55.621 μs, Q3 = 55.626 μs, Max = 55.757 μs
IQR = 0.032 μs, LowerFence = 55.546 μs, UpperFence = 55.675 μs
ConfidenceInterval = [55.573 μs; 55.669 μs] (CI 99.9%), Margin = 0.048 μs (0.09% of Mean)
Skewness = 1.66, Kurtosis = 5.88, MValue = 2
-------------------- Histogram --------------------
[55.549 μs ; 55.781 μs) | @@@@@@@@@@@@@@@
---------------------------------------------------

JsonSerializationBenchmarks.Utf8Json_Deserialize_Medium: Overhead-Fixed-Energy-9(OutlierMode=DontRemove, IterationCount=15, IterationTime=1s, LaunchCount=1, WarmupCount=6)
Runtime = .NET 8.0.21 (8.0.21, 8.0.2125.47513), X64 RyuJIT x86-64-v4; GC = Concurrent Workstation
Mean = 61.684 μs, StdErr = 0.028 μs (0.05%), N = 15, StdDev = 0.109 μs
Min = 61.556 μs, Q1 = 61.583 μs, Median = 61.689 μs, Q3 = 61.793 μs, Max = 61.846 μs
IQR = 0.210 μs, LowerFence = 61.268 μs, UpperFence = 62.107 μs
ConfidenceInterval = [61.567 μs; 61.801 μs] (CI 99.9%), Margin = 0.117 μs (0.19% of Mean)
Skewness = 0.14, Kurtosis = 1.2, MValue = 2
-------------------- Histogram --------------------
[61.498 μs ; 61.904 μs) | @@@@@@@@@@@@@@@
---------------------------------------------------

JsonSerializationBenchmarks.Newtonsoft_Deserialize_Medium: Overhead-Fixed-Energy-9(OutlierMode=DontRemove, IterationCount=15, IterationTime=1s, LaunchCount=1, WarmupCount=6)
Runtime = .NET 8.0.21 (8.0.21, 8.0.2125.47513), X64 RyuJIT x86-64-v4; GC = Concurrent Workstation
Mean = 66.921 μs, StdErr = 0.052 μs (0.08%), N = 15, StdDev = 0.203 μs
Min = 66.692 μs, Q1 = 66.778 μs, Median = 66.880 μs, Q3 = 67.021 μs, Max = 67.428 μs
IQR = 0.243 μs, LowerFence = 66.413 μs, UpperFence = 67.385 μs
ConfidenceInterval = [66.704 μs; 67.139 μs] (CI 99.9%), Margin = 0.217 μs (0.32% of Mean)
Skewness = 1.01, Kurtosis = 3.1, MValue = 2
-------------------- Histogram --------------------
[66.584 μs ; 67.536 μs) | @@@@@@@@@@@@@@@
---------------------------------------------------

JsonSerializationBenchmarks.SpanJson_Deserialize_Small: Overhead-Fixed-Energy-9(OutlierMode=DontRemove, IterationCount=15, IterationTime=1s, LaunchCount=1, WarmupCount=6)
Runtime = .NET 8.0.21 (8.0.21, 8.0.2125.47513), X64 RyuJIT x86-64-v4; GC = Concurrent Workstation
Mean = 1.172 μs, StdErr = 0.000 μs (0.03%), N = 15, StdDev = 0.001 μs
Min = 1.171 μs, Q1 = 1.172 μs, Median = 1.172 μs, Q3 = 1.173 μs, Max = 1.177 μs
IQR = 0.001 μs, LowerFence = 1.170 μs, UpperFence = 1.174 μs
ConfidenceInterval = [1.171 μs; 1.174 μs] (CI 99.9%), Margin = 0.001 μs (0.13% of Mean)
Skewness = 2.02, Kurtosis = 7.09, MValue = 2
-------------------- Histogram --------------------
[1.170 μs ; 1.177 μs) | @@@@@@@@@@@@@@@
---------------------------------------------------

JsonSerializationBenchmarks.STJ_Deserialize_Small: Overhead-Fixed-Energy-9(OutlierMode=DontRemove, IterationCount=15, IterationTime=1s, LaunchCount=1, WarmupCount=6)
Runtime = .NET 8.0.21 (8.0.21, 8.0.2125.47513), X64 RyuJIT x86-64-v4; GC = Concurrent Workstation
Mean = 1.999 μs, StdErr = 0.001 μs (0.05%), N = 15, StdDev = 0.004 μs
Min = 1.995 μs, Q1 = 1.997 μs, Median = 1.999 μs, Q3 = 2.001 μs, Max = 2.007 μs
IQR = 0.004 μs, LowerFence = 1.991 μs, UpperFence = 2.007 μs
ConfidenceInterval = [1.996 μs; 2.003 μs] (CI 99.9%), Margin = 0.004 μs (0.19% of Mean)
Skewness = 0.5, Kurtosis = 2.05, MValue = 2
-------------------- Histogram --------------------
[1.993 μs ; 2.009 μs) | @@@@@@@@@@@@@@@
---------------------------------------------------

JsonSerializationBenchmarks.Utf8Json_Deserialize_Small: Overhead-Fixed-Energy-9(OutlierMode=DontRemove, IterationCount=15, IterationTime=1s, LaunchCount=1, WarmupCount=6)
Runtime = .NET 8.0.21 (8.0.21, 8.0.2125.47513), X64 RyuJIT x86-64-v4; GC = Concurrent Workstation
Mean = 2.024 μs, StdErr = 0.001 μs (0.04%), N = 15, StdDev = 0.003 μs
Min = 2.019 μs, Q1 = 2.021 μs, Median = 2.025 μs, Q3 = 2.026 μs, Max = 2.029 μs
IQR = 0.005 μs, LowerFence = 2.013 μs, UpperFence = 2.034 μs
ConfidenceInterval = [2.021 μs; 2.028 μs] (CI 99.9%), Margin = 0.003 μs (0.17% of Mean)
Skewness = -0.02, Kurtosis = 1.54, MValue = 2
-------------------- Histogram --------------------
[2.017 μs ; 2.031 μs) | @@@@@@@@@@@@@@@
---------------------------------------------------

JsonSerializationBenchmarks.Jil_Deserialize_Small: Overhead-Fixed-Energy-9(OutlierMode=DontRemove, IterationCount=15, IterationTime=1s, LaunchCount=1, WarmupCount=6)
Runtime = .NET 8.0.21 (8.0.21, 8.0.2125.47513), X64 RyuJIT x86-64-v4; GC = Concurrent Workstation
Mean = 2.256 μs, StdErr = 0.001 μs (0.04%), N = 15, StdDev = 0.003 μs
Min = 2.252 μs, Q1 = 2.254 μs, Median = 2.254 μs, Q3 = 2.257 μs, Max = 2.264 μs
IQR = 0.003 μs, LowerFence = 2.250 μs, UpperFence = 2.261 μs
ConfidenceInterval = [2.252 μs; 2.259 μs] (CI 99.9%), Margin = 0.003 μs (0.15% of Mean)
Skewness = 1.08, Kurtosis = 3.07, MValue = 2
-------------------- Histogram --------------------
[2.250 μs ; 2.265 μs) | @@@@@@@@@@@@@@@
---------------------------------------------------

JsonSerializationBenchmarks.Newtonsoft_Deserialize_Small: Overhead-Fixed-Energy-9(OutlierMode=DontRemove, IterationCount=15, IterationTime=1s, LaunchCount=1, WarmupCount=6)
Runtime = .NET 8.0.21 (8.0.21, 8.0.2125.47513), X64 RyuJIT x86-64-v4; GC = Concurrent Workstation
Mean = 3.460 μs, StdErr = 0.002 μs (0.05%), N = 15, StdDev = 0.007 μs
Min = 3.451 μs, Q1 = 3.456 μs, Median = 3.459 μs, Q3 = 3.464 μs, Max = 3.476 μs
IQR = 0.007 μs, LowerFence = 3.445 μs, UpperFence = 3.475 μs
ConfidenceInterval = [3.453 μs; 3.467 μs] (CI 99.9%), Margin = 0.007 μs (0.20% of Mean)
Skewness = 0.6, Kurtosis = 2.63, MValue = 2
-------------------- Histogram --------------------
[3.448 μs ; 3.479 μs) | @@@@@@@@@@@@@@@
---------------------------------------------------

JsonSerializationBenchmarks.SpanJson_Serialize_Large: Overhead-Fixed-Energy-9(OutlierMode=DontRemove, IterationCount=15, IterationTime=1s, LaunchCount=1, WarmupCount=6)
Runtime = .NET 8.0.21 (8.0.21, 8.0.2125.47513), X64 RyuJIT x86-64-v4; GC = Concurrent Workstation
Mean = 162.465 μs, StdErr = 0.342 μs (0.21%), N = 15, StdDev = 1.323 μs
Min = 160.583 μs, Q1 = 161.169 μs, Median = 162.963 μs, Q3 = 163.503 μs, Max = 164.110 μs
IQR = 2.334 μs, LowerFence = 157.667 μs, UpperFence = 167.004 μs
ConfidenceInterval = [161.050 μs; 163.880 μs] (CI 99.9%), Margin = 1.415 μs (0.87% of Mean)
Skewness = -0.26, Kurtosis = 1.23, MValue = 2
-------------------- Histogram --------------------
[159.879 μs ; 164.815 μs) | @@@@@@@@@@@@@@@
---------------------------------------------------

JsonSerializationBenchmarks.STJ_Serialize_Large: Overhead-Fixed-Energy-9(OutlierMode=DontRemove, IterationCount=15, IterationTime=1s, LaunchCount=1, WarmupCount=6)
Runtime = .NET 8.0.21 (8.0.21, 8.0.2125.47513), X64 RyuJIT x86-64-v4; GC = Concurrent Workstation
Mean = 190.934 μs, StdErr = 0.505 μs (0.26%), N = 15, StdDev = 1.955 μs
Min = 189.578 μs, Q1 = 189.843 μs, Median = 189.980 μs, Q3 = 191.005 μs, Max = 195.507 μs
IQR = 1.162 μs, LowerFence = 188.099 μs, UpperFence = 192.749 μs
ConfidenceInterval = [188.843 μs; 193.024 μs] (CI 99.9%), Margin = 2.090 μs (1.09% of Mean)
Skewness = 1.28, Kurtosis = 2.97, MValue = 2
-------------------- Histogram --------------------
[188.537 μs ; 196.548 μs) | @@@@@@@@@@@@@@@
---------------------------------------------------

JsonSerializationBenchmarks.Utf8Json_Serialize_Large: Overhead-Fixed-Energy-9(OutlierMode=DontRemove, IterationCount=15, IterationTime=1s, LaunchCount=1, WarmupCount=6)
Runtime = .NET 8.0.21 (8.0.21, 8.0.2125.47513), X64 RyuJIT x86-64-v4; GC = Concurrent Workstation
Mean = 278.781 μs, StdErr = 0.302 μs (0.11%), N = 15, StdDev = 1.168 μs
Min = 276.012 μs, Q1 = 278.311 μs, Median = 278.848 μs, Q3 = 279.545 μs, Max = 280.495 μs
IQR = 1.235 μs, LowerFence = 276.459 μs, UpperFence = 281.397 μs
ConfidenceInterval = [277.532 μs; 280.030 μs] (CI 99.9%), Margin = 1.249 μs (0.45% of Mean)
Skewness = -0.61, Kurtosis = 2.88, MValue = 2
-------------------- Histogram --------------------
[275.390 μs ; 281.117 μs) | @@@@@@@@@@@@@@@
---------------------------------------------------

JsonSerializationBenchmarks.Jil_Serialize_Large: Overhead-Fixed-Energy-9(OutlierMode=DontRemove, IterationCount=15, IterationTime=1s, LaunchCount=1, WarmupCount=6)
Runtime = .NET 8.0.21 (8.0.21, 8.0.2125.47513), X64 RyuJIT x86-64-v4; GC = Concurrent Workstation
Mean = 283.697 μs, StdErr = 0.041 μs (0.01%), N = 15, StdDev = 0.160 μs
Min = 283.286 μs, Q1 = 283.640 μs, Median = 283.710 μs, Q3 = 283.755 μs, Max = 284.000 μs
IQR = 0.115 μs, LowerFence = 283.467 μs, UpperFence = 283.927 μs
ConfidenceInterval = [283.526 μs; 283.869 μs] (CI 99.9%), Margin = 0.172 μs (0.06% of Mean)
Skewness = -0.6, Kurtosis = 3.91, MValue = 2
-------------------- Histogram --------------------
[283.201 μs ; 284.085 μs) | @@@@@@@@@@@@@@@
---------------------------------------------------

JsonSerializationBenchmarks.Newtonsoft_Serialize_Large: Overhead-Fixed-Energy-9(OutlierMode=DontRemove, IterationCount=15, IterationTime=1s, LaunchCount=1, WarmupCount=6)
Runtime = .NET 8.0.21 (8.0.21, 8.0.2125.47513), X64 RyuJIT x86-64-v4; GC = Concurrent Workstation
Mean = 306.100 μs, StdErr = 0.078 μs (0.03%), N = 15, StdDev = 0.300 μs
Min = 305.834 μs, Q1 = 305.934 μs, Median = 305.986 μs, Q3 = 306.219 μs, Max = 306.937 μs
IQR = 0.284 μs, LowerFence = 305.508 μs, UpperFence = 306.645 μs
ConfidenceInterval = [305.779 μs; 306.421 μs] (CI 99.9%), Margin = 0.321 μs (0.10% of Mean)
Skewness = 1.44, Kurtosis = 4.36, MValue = 2
-------------------- Histogram --------------------
[305.674 μs ; 307.097 μs) | @@@@@@@@@@@@@@@
---------------------------------------------------

JsonSerializationBenchmarks.Jil_Serialize_Medium: Overhead-Fixed-Energy-9(OutlierMode=DontRemove, IterationCount=15, IterationTime=1s, LaunchCount=1, WarmupCount=6)
Runtime = .NET 8.0.21 (8.0.21, 8.0.2125.47513), X64 RyuJIT x86-64-v4; GC = Concurrent Workstation
Mean = 37.398 μs, StdErr = 0.026 μs (0.07%), N = 15, StdDev = 0.102 μs
Min = 37.244 μs, Q1 = 37.323 μs, Median = 37.382 μs, Q3 = 37.455 μs, Max = 37.581 μs
IQR = 0.132 μs, LowerFence = 37.124 μs, UpperFence = 37.654 μs
ConfidenceInterval = [37.289 μs; 37.506 μs] (CI 99.9%), Margin = 0.109 μs (0.29% of Mean)
Skewness = 0.24, Kurtosis = 1.83, MValue = 2
-------------------- Histogram --------------------
[37.189 μs ; 37.635 μs) | @@@@@@@@@@@@@@@
---------------------------------------------------

JsonSerializationBenchmarks.SpanJson_Serialize_Medium: Overhead-Fixed-Energy-9(OutlierMode=DontRemove, IterationCount=15, IterationTime=1s, LaunchCount=1, WarmupCount=6)
Runtime = .NET 8.0.21 (8.0.21, 8.0.2125.47513), X64 RyuJIT x86-64-v4; GC = Concurrent Workstation
Mean = 39.177 μs, StdErr = 0.020 μs (0.05%), N = 15, StdDev = 0.077 μs
Min = 38.999 μs, Q1 = 39.133 μs, Median = 39.170 μs, Q3 = 39.221 μs, Max = 39.306 μs
IQR = 0.088 μs, LowerFence = 39.001 μs, UpperFence = 39.353 μs
ConfidenceInterval = [39.095 μs; 39.259 μs] (CI 99.9%), Margin = 0.082 μs (0.21% of Mean)
Skewness = -0.35, Kurtosis = 2.88, MValue = 2
-------------------- Histogram --------------------
[38.959 μs ; 39.347 μs) | @@@@@@@@@@@@@@@
---------------------------------------------------

JsonSerializationBenchmarks.STJ_Serialize_Medium: Overhead-Fixed-Energy-9(OutlierMode=DontRemove, IterationCount=15, IterationTime=1s, LaunchCount=1, WarmupCount=6)
Runtime = .NET 8.0.21 (8.0.21, 8.0.2125.47513), X64 RyuJIT x86-64-v4; GC = Concurrent Workstation
Mean = 46.286 μs, StdErr = 0.025 μs (0.05%), N = 15, StdDev = 0.097 μs
Min = 46.128 μs, Q1 = 46.220 μs, Median = 46.294 μs, Q3 = 46.338 μs, Max = 46.442 μs
IQR = 0.117 μs, LowerFence = 46.044 μs, UpperFence = 46.514 μs
ConfidenceInterval = [46.182 μs; 46.390 μs] (CI 99.9%), Margin = 0.104 μs (0.22% of Mean)
Skewness = 0, Kurtosis = 1.8, MValue = 2
-------------------- Histogram --------------------
[46.076 μs ; 46.493 μs) | @@@@@@@@@@@@@@@
---------------------------------------------------

JsonSerializationBenchmarks.Newtonsoft_Serialize_Medium: Overhead-Fixed-Energy-9(OutlierMode=DontRemove, IterationCount=15, IterationTime=1s, LaunchCount=1, WarmupCount=6)
Runtime = .NET 8.0.21 (8.0.21, 8.0.2125.47513), X64 RyuJIT x86-64-v4; GC = Concurrent Workstation
Mean = 52.439 μs, StdErr = 0.036 μs (0.07%), N = 15, StdDev = 0.138 μs
Min = 52.235 μs, Q1 = 52.335 μs, Median = 52.405 μs, Q3 = 52.535 μs, Max = 52.723 μs
IQR = 0.200 μs, LowerFence = 52.035 μs, UpperFence = 52.835 μs
ConfidenceInterval = [52.291 μs; 52.587 μs] (CI 99.9%), Margin = 0.148 μs (0.28% of Mean)
Skewness = 0.4, Kurtosis = 1.97, MValue = 2
-------------------- Histogram --------------------
[52.161 μs ; 52.797 μs) | @@@@@@@@@@@@@@@
---------------------------------------------------

JsonSerializationBenchmarks.Utf8Json_Serialize_Medium: Overhead-Fixed-Energy-9(OutlierMode=DontRemove, IterationCount=15, IterationTime=1s, LaunchCount=1, WarmupCount=6)
Runtime = .NET 8.0.21 (8.0.21, 8.0.2125.47513), X64 RyuJIT x86-64-v4; GC = Concurrent Workstation
Mean = 57.814 μs, StdErr = 0.273 μs (0.47%), N = 15, StdDev = 1.058 μs
Min = 56.552 μs, Q1 = 57.084 μs, Median = 57.723 μs, Q3 = 58.240 μs, Max = 60.232 μs
IQR = 1.157 μs, LowerFence = 55.349 μs, UpperFence = 59.975 μs
ConfidenceInterval = [56.682 μs; 58.945 μs] (CI 99.9%), Margin = 1.131 μs (1.96% of Mean)
Skewness = 0.66, Kurtosis = 2.54, MValue = 2
-------------------- Histogram --------------------
[55.989 μs ; 58.237 μs) | @@@@@@@@@@@
[58.237 μs ; 60.795 μs) | @@@@
---------------------------------------------------

JsonSerializationBenchmarks.Utf8Json_Serialize_Small: Overhead-Fixed-Energy-9(OutlierMode=DontRemove, IterationCount=15, IterationTime=1s, LaunchCount=1, WarmupCount=6)
Runtime = .NET 8.0.21 (8.0.21, 8.0.2125.47513), X64 RyuJIT x86-64-v4; GC = Concurrent Workstation
Mean = 961.813 ns, StdErr = 0.615 ns (0.06%), N = 15, StdDev = 2.381 ns
Min = 958.066 ns, Q1 = 960.690 ns, Median = 961.989 ns, Q3 = 962.728 ns, Max = 966.669 ns
IQR = 2.039 ns, LowerFence = 957.631 ns, UpperFence = 965.787 ns
ConfidenceInterval = [959.268 ns; 964.358 ns] (CI 99.9%), Margin = 2.545 ns (0.26% of Mean)
Skewness = 0.19, Kurtosis = 2.51, MValue = 2
-------------------- Histogram --------------------
[956.799 ns ; 967.936 ns) | @@@@@@@@@@@@@@@
---------------------------------------------------

JsonSerializationBenchmarks.SpanJson_Serialize_Small: Overhead-Fixed-Energy-9(OutlierMode=DontRemove, IterationCount=15, IterationTime=1s, LaunchCount=1, WarmupCount=6)
Runtime = .NET 8.0.21 (8.0.21, 8.0.2125.47513), X64 RyuJIT x86-64-v4; GC = Concurrent Workstation
Mean = 1.190 μs, StdErr = 0.001 μs (0.06%), N = 15, StdDev = 0.003 μs
Min = 1.185 μs, Q1 = 1.189 μs, Median = 1.190 μs, Q3 = 1.191 μs, Max = 1.195 μs
IQR = 0.002 μs, LowerFence = 1.186 μs, UpperFence = 1.194 μs
ConfidenceInterval = [1.187 μs; 1.193 μs] (CI 99.9%), Margin = 0.003 μs (0.23% of Mean)
Skewness = 0.25, Kurtosis = 2.57, MValue = 2
-------------------- Histogram --------------------
[1.184 μs ; 1.196 μs) | @@@@@@@@@@@@@@@
---------------------------------------------------

JsonSerializationBenchmarks.STJ_Serialize_Small: Overhead-Fixed-Energy-9(OutlierMode=DontRemove, IterationCount=15, IterationTime=1s, LaunchCount=1, WarmupCount=6)
Runtime = .NET 8.0.21 (8.0.21, 8.0.2125.47513), X64 RyuJIT x86-64-v4; GC = Concurrent Workstation
Mean = 1.285 μs, StdErr = 0.001 μs (0.05%), N = 15, StdDev = 0.002 μs
Min = 1.281 μs, Q1 = 1.284 μs, Median = 1.285 μs, Q3 = 1.287 μs, Max = 1.288 μs
IQR = 0.003 μs, LowerFence = 1.280 μs, UpperFence = 1.291 μs
ConfidenceInterval = [1.283 μs; 1.287 μs] (CI 99.9%), Margin = 0.002 μs (0.19% of Mean)
Skewness = -0.67, Kurtosis = 2.05, MValue = 2
-------------------- Histogram --------------------
[1.280 μs ; 1.289 μs) | @@@@@@@@@@@@@@@
---------------------------------------------------

JsonSerializationBenchmarks.Jil_Serialize_Small: Overhead-Fixed-Energy-9(OutlierMode=DontRemove, IterationCount=15, IterationTime=1s, LaunchCount=1, WarmupCount=6)
Runtime = .NET 8.0.21 (8.0.21, 8.0.2125.47513), X64 RyuJIT x86-64-v4; GC = Concurrent Workstation
Mean = 1.719 μs, StdErr = 0.001 μs (0.06%), N = 15, StdDev = 0.004 μs
Min = 1.712 μs, Q1 = 1.716 μs, Median = 1.722 μs, Q3 = 1.722 μs, Max = 1.723 μs
IQR = 0.007 μs, LowerFence = 1.706 μs, UpperFence = 1.732 μs
ConfidenceInterval = [1.715 μs; 1.724 μs] (CI 99.9%), Margin = 0.004 μs (0.26% of Mean)
Skewness = -0.76, Kurtosis = 1.67, MValue = 2
-------------------- Histogram --------------------
[1.710 μs ; 1.725 μs) | @@@@@@@@@@@@@@@
---------------------------------------------------

JsonSerializationBenchmarks.Newtonsoft_Serialize_Small: Overhead-Fixed-Energy-9(OutlierMode=DontRemove, IterationCount=15, IterationTime=1s, LaunchCount=1, WarmupCount=6)
Runtime = .NET 8.0.21 (8.0.21, 8.0.2125.47513), X64 RyuJIT x86-64-v4; GC = Concurrent Workstation
Mean = 2.188 μs, StdErr = 0.001 μs (0.04%), N = 15, StdDev = 0.004 μs
Min = 2.182 μs, Q1 = 2.185 μs, Median = 2.188 μs, Q3 = 2.190 μs, Max = 2.195 μs
IQR = 0.006 μs, LowerFence = 2.176 μs, UpperFence = 2.198 μs
ConfidenceInterval = [2.184 μs; 2.192 μs] (CI 99.9%), Margin = 0.004 μs (0.18% of Mean)
Skewness = 0.16, Kurtosis = 1.82, MValue = 2
-------------------- Histogram --------------------
[2.180 μs ; 2.197 μs) | @@@@@@@@@@@@@@@
---------------------------------------------------

// * Summary *

BenchmarkDotNet v0.15.5-develop (2025-12-31), Linux Ubuntu 24.04.3 LTS (Noble Numbat)
11th Gen Intel Core i7-11700KF 3.60GHz (Max: 0.80GHz), 1 CPU, 16 logical and 8 physical cores
.NET SDK 8.0.121
  [Host]                  : .NET 8.0.21 (8.0.21, 8.0.2125.47513), X64 RyuJIT x86-64-v4
  Overhead-Fixed-Energy-9 : .NET 8.0.21 (8.0.21, 8.0.2125.47513), X64 RyuJIT x86-64-v4

Job=Overhead-Fixed-Energy-9  OutlierMode=DontRemove  IterationCount=15  
IterationTime=1s  LaunchCount=1  WarmupCount=6  

| Method                        | Mean         | Error       | StdDev      | Operations | Iterations | Ratio | MannWhitney(3%) | RatioSD | Rank | Package Energy (uJ/op) | Package Energy (uJ/iter) |
|------------------------------ |-------------:|------------:|------------:|-----------:|-----------:|------:|---------------- |--------:|-----:|-----------------------:|-------------------------:|
| SpanJson_Deserialize_Large    | 151,375.5 ns |   311.65 ns |   291.52 ns |      6,621 |      15.00 |  0.74 | Faster          |    0.00 |    1 |            12366.34 uj |           81877536.93 uj |
| STJ_Deserialize_Large         | 203,375.0 ns |   406.79 ns |   380.52 ns |      4,928 |      15.00 |  1.00 | Baseline        |    0.00 |    2 |            16843.65 uj |           83005488.13 uj |
| Jil_Deserialize_Large         | 211,611.5 ns |   377.61 ns |   353.22 ns |      4,738 |      15.00 |  1.04 | Slower          |    0.00 |    3 |            17527.22 uj |           83043989.07 uj |
| Newtonsoft_Deserialize_Large  | 234,183.3 ns |   504.52 ns |   471.93 ns |      4,272 |      15.00 |  1.15 | Slower          |    0.00 |    4 |            19750.53 uj |           84374246.87 uj |
| Utf8Json_Deserialize_Large    | 281,058.1 ns |   197.09 ns |   184.36 ns |      3,520 |      15.00 |  1.38 | Slower          |    0.00 |    5 |            23101.89 uj |           81318663.93 uj |
|                               |              |             |             |            |            |       |                 |         |      |                        |                          |
| SpanJson_Deserialize_Medium   |  41,278.7 ns |    53.28 ns |    49.84 ns |     24,276 |      15.00 |  0.78 | Faster          |    0.00 |    1 |             3382.86 uj |           82122327.93 uj |
| STJ_Deserialize_Medium        |  52,880.4 ns |    76.89 ns |    71.92 ns |     18,912 |      15.00 |  1.00 | Baseline        |    0.00 |    2 |             4445.19 uj |           84067346.67 uj |
| Jil_Deserialize_Medium        |  55,621.4 ns |    47.92 ns |    44.82 ns |     17,984 |      15.00 |  1.05 | Slower          |    0.00 |    3 |             4487.90 uj |           80710356.47 uj |
| Utf8Json_Deserialize_Medium   |  61,684.2 ns |   116.77 ns |   109.23 ns |     16,320 |      15.00 |  1.17 | Slower          |    0.00 |    4 |             5167.53 uj |           84334114.40 uj |
| Newtonsoft_Deserialize_Medium |  66,921.3 ns |   217.30 ns |   203.26 ns |     15,008 |      15.00 |  1.27 | Slower          |    0.00 |    5 |             5666.90 uj |           85048838.33 uj |
|                               |              |             |             |            |            |       |                 |         |      |                        |                          |
| SpanJson_Deserialize_Small    |   1,172.3 ns |     1.47 ns |     1.38 ns |    852,880 |      15.00 |  0.59 | Faster          |    0.00 |    1 |               98.81 uj |           84270198.67 uj |
| STJ_Deserialize_Small         |   1,999.5 ns |     3.84 ns |     3.59 ns |    500,512 |      15.00 |  1.00 | Baseline        |    0.00 |    2 |              179.16 uj |           89673256.87 uj |
| Utf8Json_Deserialize_Small    |   2,024.0 ns |     3.48 ns |     3.26 ns |    493,840 |      15.00 |  1.01 | Same            |    0.00 |    2 |              171.98 uj |           84931215.73 uj |
| Jil_Deserialize_Small         |   2,255.8 ns |     3.40 ns |     3.18 ns |    444,482 |      15.00 |  1.13 | Slower          |    0.00 |    3 |              192.61 uj |           85610380.67 uj |
| Newtonsoft_Deserialize_Small  |   3,460.3 ns |     7.02 ns |     6.57 ns |    289,152 |      15.00 |  1.73 | Slower          |    0.00 |    4 |              300.34 uj |           86845285.53 uj |
|                               |              |             |             |            |            |       |                 |         |      |                        |                          |
| SpanJson_Serialize_Large      | 162,465.2 ns | 1,414.87 ns | 1,323.47 ns |      6,182 |      15.00 |  0.85 | Faster          |    0.01 |    1 |            11952.49 uj |           73890285.33 uj |
| STJ_Serialize_Large           | 190,933.6 ns | 2,090.25 ns | 1,955.22 ns |      5,296 |      15.00 |  1.00 | Baseline        |    0.01 |    2 |            17563.39 uj |           93015704.20 uj |
| Utf8Json_Serialize_Large      | 278,780.7 ns | 1,249.14 ns | 1,168.45 ns |      3,616 |      15.00 |  1.46 | Slower          |    0.02 |    3 |            27256.49 uj |           98559452.33 uj |
| Jil_Serialize_Large           | 283,697.1 ns |   171.55 ns |   160.47 ns |      3,530 |      15.00 |  1.49 | Slower          |    0.01 |    3 |            24415.22 uj |           86185720.87 uj |
| Newtonsoft_Serialize_Large    | 306,099.8 ns |   320.91 ns |   300.18 ns |      3,248 |      15.00 |  1.60 | Slower          |    0.02 |    4 |            25129.51 uj |           81620661.13 uj |
|                               |              |             |             |            |            |       |                 |         |      |                        |                          |
| Jil_Serialize_Medium          |  37,397.6 ns |   108.60 ns |   101.58 ns |     26,745 |      15.00 |  0.81 | Faster          |    0.00 |    1 |             3212.02 uj |           85905431.93 uj |
| SpanJson_Serialize_Medium     |  39,176.8 ns |    81.82 ns |    76.53 ns |     25,466 |      15.00 |  0.85 | Faster          |    0.00 |    2 |             2527.43 uj |           64363633.33 uj |
| STJ_Serialize_Medium          |  46,286.1 ns |   103.97 ns |    97.26 ns |     21,712 |      15.00 |  1.00 | Baseline        |    0.00 |    3 |             4001.00 uj |           86869817.47 uj |
| Newtonsoft_Serialize_Medium   |  52,438.9 ns |   147.81 ns |   138.26 ns |     19,120 |      15.00 |  1.13 | Slower          |    0.00 |    4 |             4486.83 uj |           85788220.40 uj |
| Utf8Json_Serialize_Medium     |  57,813.5 ns | 1,131.13 ns | 1,058.06 ns |     17,680 |      15.00 |  1.25 | Slower          |    0.02 |    5 |             4660.78 uj |           82402523.47 uj |
|                               |              |             |             |            |            |       |                 |         |      |                        |                          |
| Utf8Json_Serialize_Small      |     961.8 ns |     2.55 ns |     2.38 ns |  1,041,888 |      15.00 |  0.75 | Faster          |    0.00 |    1 |               82.33 uj |           85783642.60 uj |
| SpanJson_Serialize_Small      |   1,190.0 ns |     2.75 ns |     2.57 ns |    842,880 |      15.00 |  0.93 | Faster          |    0.00 |    2 |               78.81 uj |           66426103.60 uj |
| STJ_Serialize_Small           |   1,284.9 ns |     2.41 ns |     2.26 ns |    778,432 |      15.00 |  1.00 | Baseline        |    0.00 |    3 |              113.57 uj |           88407472.00 uj |
| Jil_Serialize_Small           |   1,719.2 ns |     4.43 ns |     4.14 ns |    583,143 |      15.00 |  1.34 | Slower          |    0.00 |    4 |              153.61 uj |           89574607.87 uj |
| Newtonsoft_Serialize_Small    |   2,187.7 ns |     3.99 ns |     3.73 ns |    457,616 |      15.00 |  1.70 | Slower          |    0.00 |    5 |              193.97 uj |           88763049.93 uj |

// * Hints *
Outliers
  JsonSerializationBenchmarks.SpanJson_Deserialize_Large: Overhead-Fixed-Energy-9    -> 1 outlier  was  detected (152.25 μs)
  JsonSerializationBenchmarks.STJ_Deserialize_Large: Overhead-Fixed-Energy-9         -> 1 outlier  was  detected (204.59 μs)
  JsonSerializationBenchmarks.Jil_Deserialize_Large: Overhead-Fixed-Energy-9         -> 1 outlier  was  detected (210.53 μs)
  JsonSerializationBenchmarks.STJ_Deserialize_Medium: Overhead-Fixed-Energy-9        -> 3 outliers were detected (52.75 μs, 52.76 μs, 53.04 μs)
  JsonSerializationBenchmarks.Jil_Deserialize_Medium: Overhead-Fixed-Energy-9        -> 1 outlier  was  detected (55.76 μs)
  JsonSerializationBenchmarks.Newtonsoft_Deserialize_Medium: Overhead-Fixed-Energy-9 -> 1 outlier  was  detected (67.43 μs)
  JsonSerializationBenchmarks.SpanJson_Deserialize_Small: Overhead-Fixed-Energy-9    -> 1 outlier  was  detected (1.18 μs)
  JsonSerializationBenchmarks.Jil_Deserialize_Small: Overhead-Fixed-Energy-9         -> 1 outlier  was  detected (2.26 μs)
  JsonSerializationBenchmarks.Newtonsoft_Deserialize_Small: Overhead-Fixed-Energy-9  -> 1 outlier  was  detected (3.48 μs)
  JsonSerializationBenchmarks.STJ_Serialize_Large: Overhead-Fixed-Energy-9           -> 3 outliers were detected (193.67 μs..195.51 μs)
  JsonSerializationBenchmarks.Utf8Json_Serialize_Large: Overhead-Fixed-Energy-9      -> 1 outlier  was  detected (276.02 μs)
  JsonSerializationBenchmarks.Jil_Serialize_Large: Overhead-Fixed-Energy-9           -> 2 outliers were detected (283.29 μs, 284.00 μs)
  JsonSerializationBenchmarks.Newtonsoft_Serialize_Large: Overhead-Fixed-Energy-9    -> 1 outlier  was  detected (306.94 μs)
  JsonSerializationBenchmarks.SpanJson_Serialize_Medium: Overhead-Fixed-Energy-9     -> 1 outlier  was  detected (39.00 μs)
  JsonSerializationBenchmarks.Utf8Json_Serialize_Medium: Overhead-Fixed-Energy-9     -> 1 outlier  was  detected (60.24 μs)
  JsonSerializationBenchmarks.Utf8Json_Serialize_Small: Overhead-Fixed-Energy-9      -> 1 outlier  was  detected (970.08 ns)
  JsonSerializationBenchmarks.SpanJson_Serialize_Small: Overhead-Fixed-Energy-9      -> 3 outliers were detected (1.19 μs, 1.20 μs, 1.20 μs)

// * Legends *
  Mean                     : Arithmetic mean of all measurements
  Error                    : Half of 99.9% confidence interval
  StdDev                   : Standard deviation of all measurements
  Operations               : Actual invocations per measured iteration (from measurements)
  Iterations               : Number of target iterations
  Ratio                    : Mean of the ratio distribution ([Current]/[Baseline])
  MannWhitney(3%)          : MannWhitney-based equivalence test (threshold=3%, alpha = 1E-05)
  RatioSD                  : Standard deviation of the ratio distribution ([Current]/[Baseline])
  Rank                     : Relative position of current benchmark mean among all benchmarks (Arabic style)
  Package Energy (uJ/op)   : Average CPU package energy consumed per operation (µJ).
  Package Energy (uJ/iter) : Average CPU package energy consumed per benchmark iteration (µJ).
  1 ns                     : 1 Nanosecond (0.000000001 sec)

// * Diagnostic Output - EnergyDiagnoser *


// ***** BenchmarkRunner: End *****
Run time: 00:13:44 (824.01 sec), executed benchmarks: 30

Global total time: 00:13:54 (834.76 sec), executed benchmarks: 30
// * Artifacts cleanup *
Artifacts cleanup is finished
