// Validating benchmarks:
// ***** BenchmarkRunner: Start   *****
// ***** Found 30 benchmark(s) in total *****
// ***** Building 1 exe(s) in Parallel: Start   *****
// start dotnet  restore --nodeReuse:false /p:UseSharedCompilation=false /p:Deterministic=true /p:Optimize=true /p:ArtifactsPath="/home/test/rapl-tests/lib-energy-bench/src/Serialization.Bench/bin/Release/net8.0/Serialization.Bench-Overhead-Fixed-Energy-4-1/" /p:OutDir="/home/test/rapl-tests/lib-energy-bench/src/Serialization.Bench/bin/Release/net8.0/Serialization.Bench-Overhead-Fixed-Energy-4-1/bin/Release/net8.0/" /p:OutputPath="/home/test/rapl-tests/lib-energy-bench/src/Serialization.Bench/bin/Release/net8.0/Serialization.Bench-Overhead-Fixed-Energy-4-1/bin/Release/net8.0/" /p:PublishDir="/home/test/rapl-tests/lib-energy-bench/src/Serialization.Bench/bin/Release/net8.0/Serialization.Bench-Overhead-Fixed-Energy-4-1/publish/" in /home/test/rapl-tests/lib-energy-bench/src/Serialization.Bench/bin/Release/net8.0/Serialization.Bench-Overhead-Fixed-Energy-4-1
// command took 3.02 sec and exited with 0
// start dotnet  build -c Release --no-restore --nodeReuse:false /p:UseSharedCompilation=false /p:Deterministic=true /p:Optimize=true /p:ArtifactsPath="/home/test/rapl-tests/lib-energy-bench/src/Serialization.Bench/bin/Release/net8.0/Serialization.Bench-Overhead-Fixed-Energy-4-1/" /p:OutDir="/home/test/rapl-tests/lib-energy-bench/src/Serialization.Bench/bin/Release/net8.0/Serialization.Bench-Overhead-Fixed-Energy-4-1/bin/Release/net8.0/" /p:OutputPath="/home/test/rapl-tests/lib-energy-bench/src/Serialization.Bench/bin/Release/net8.0/Serialization.Bench-Overhead-Fixed-Energy-4-1/bin/Release/net8.0/" /p:PublishDir="/home/test/rapl-tests/lib-energy-bench/src/Serialization.Bench/bin/Release/net8.0/Serialization.Bench-Overhead-Fixed-Energy-4-1/publish/" --output "/home/test/rapl-tests/lib-energy-bench/src/Serialization.Bench/bin/Release/net8.0/Serialization.Bench-Overhead-Fixed-Energy-4-1/bin/Release/net8.0/" in /home/test/rapl-tests/lib-energy-bench/src/Serialization.Bench/bin/Release/net8.0/Serialization.Bench-Overhead-Fixed-Energy-4-1
// command took 9.26 sec and exited with 0
// ***** Done, took 00:00:12 (12.33 sec)   *****
// Found 30 benchmarks:
//   JsonSerializationBenchmarks.STJ_Deserialize_Large: Overhead-Fixed-Energy-4(OutlierMode=DontRemove, IterationCount=15, IterationTime=1s, LaunchCount=1, WarmupCount=6)
//   JsonSerializationBenchmarks.Newtonsoft_Deserialize_Large: Overhead-Fixed-Energy-4(OutlierMode=DontRemove, IterationCount=15, IterationTime=1s, LaunchCount=1, WarmupCount=6)
//   JsonSerializationBenchmarks.Jil_Deserialize_Large: Overhead-Fixed-Energy-4(OutlierMode=DontRemove, IterationCount=15, IterationTime=1s, LaunchCount=1, WarmupCount=6)
//   JsonSerializationBenchmarks.Utf8Json_Deserialize_Large: Overhead-Fixed-Energy-4(OutlierMode=DontRemove, IterationCount=15, IterationTime=1s, LaunchCount=1, WarmupCount=6)
//   JsonSerializationBenchmarks.SpanJson_Deserialize_Large: Overhead-Fixed-Energy-4(OutlierMode=DontRemove, IterationCount=15, IterationTime=1s, LaunchCount=1, WarmupCount=6)
//   JsonSerializationBenchmarks.STJ_Deserialize_Medium: Overhead-Fixed-Energy-4(OutlierMode=DontRemove, IterationCount=15, IterationTime=1s, LaunchCount=1, WarmupCount=6)
//   JsonSerializationBenchmarks.Newtonsoft_Deserialize_Medium: Overhead-Fixed-Energy-4(OutlierMode=DontRemove, IterationCount=15, IterationTime=1s, LaunchCount=1, WarmupCount=6)
//   JsonSerializationBenchmarks.Jil_Deserialize_Medium: Overhead-Fixed-Energy-4(OutlierMode=DontRemove, IterationCount=15, IterationTime=1s, LaunchCount=1, WarmupCount=6)
//   JsonSerializationBenchmarks.Utf8Json_Deserialize_Medium: Overhead-Fixed-Energy-4(OutlierMode=DontRemove, IterationCount=15, IterationTime=1s, LaunchCount=1, WarmupCount=6)
//   JsonSerializationBenchmarks.SpanJson_Deserialize_Medium: Overhead-Fixed-Energy-4(OutlierMode=DontRemove, IterationCount=15, IterationTime=1s, LaunchCount=1, WarmupCount=6)
//   JsonSerializationBenchmarks.STJ_Deserialize_Small: Overhead-Fixed-Energy-4(OutlierMode=DontRemove, IterationCount=15, IterationTime=1s, LaunchCount=1, WarmupCount=6)
//   JsonSerializationBenchmarks.Newtonsoft_Deserialize_Small: Overhead-Fixed-Energy-4(OutlierMode=DontRemove, IterationCount=15, IterationTime=1s, LaunchCount=1, WarmupCount=6)
//   JsonSerializationBenchmarks.Jil_Deserialize_Small: Overhead-Fixed-Energy-4(OutlierMode=DontRemove, IterationCount=15, IterationTime=1s, LaunchCount=1, WarmupCount=6)
//   JsonSerializationBenchmarks.Utf8Json_Deserialize_Small: Overhead-Fixed-Energy-4(OutlierMode=DontRemove, IterationCount=15, IterationTime=1s, LaunchCount=1, WarmupCount=6)
//   JsonSerializationBenchmarks.SpanJson_Deserialize_Small: Overhead-Fixed-Energy-4(OutlierMode=DontRemove, IterationCount=15, IterationTime=1s, LaunchCount=1, WarmupCount=6)
//   JsonSerializationBenchmarks.STJ_Serialize_Large: Overhead-Fixed-Energy-4(OutlierMode=DontRemove, IterationCount=15, IterationTime=1s, LaunchCount=1, WarmupCount=6)
//   JsonSerializationBenchmarks.Newtonsoft_Serialize_Large: Overhead-Fixed-Energy-4(OutlierMode=DontRemove, IterationCount=15, IterationTime=1s, LaunchCount=1, WarmupCount=6)
//   JsonSerializationBenchmarks.Jil_Serialize_Large: Overhead-Fixed-Energy-4(OutlierMode=DontRemove, IterationCount=15, IterationTime=1s, LaunchCount=1, WarmupCount=6)
//   JsonSerializationBenchmarks.Utf8Json_Serialize_Large: Overhead-Fixed-Energy-4(OutlierMode=DontRemove, IterationCount=15, IterationTime=1s, LaunchCount=1, WarmupCount=6)
//   JsonSerializationBenchmarks.SpanJson_Serialize_Large: Overhead-Fixed-Energy-4(OutlierMode=DontRemove, IterationCount=15, IterationTime=1s, LaunchCount=1, WarmupCount=6)
//   JsonSerializationBenchmarks.STJ_Serialize_Medium: Overhead-Fixed-Energy-4(OutlierMode=DontRemove, IterationCount=15, IterationTime=1s, LaunchCount=1, WarmupCount=6)
//   JsonSerializationBenchmarks.Newtonsoft_Serialize_Medium: Overhead-Fixed-Energy-4(OutlierMode=DontRemove, IterationCount=15, IterationTime=1s, LaunchCount=1, WarmupCount=6)
//   JsonSerializationBenchmarks.Jil_Serialize_Medium: Overhead-Fixed-Energy-4(OutlierMode=DontRemove, IterationCount=15, IterationTime=1s, LaunchCount=1, WarmupCount=6)
//   JsonSerializationBenchmarks.Utf8Json_Serialize_Medium: Overhead-Fixed-Energy-4(OutlierMode=DontRemove, IterationCount=15, IterationTime=1s, LaunchCount=1, WarmupCount=6)
//   JsonSerializationBenchmarks.SpanJson_Serialize_Medium: Overhead-Fixed-Energy-4(OutlierMode=DontRemove, IterationCount=15, IterationTime=1s, LaunchCount=1, WarmupCount=6)
//   JsonSerializationBenchmarks.STJ_Serialize_Small: Overhead-Fixed-Energy-4(OutlierMode=DontRemove, IterationCount=15, IterationTime=1s, LaunchCount=1, WarmupCount=6)
//   JsonSerializationBenchmarks.Newtonsoft_Serialize_Small: Overhead-Fixed-Energy-4(OutlierMode=DontRemove, IterationCount=15, IterationTime=1s, LaunchCount=1, WarmupCount=6)
//   JsonSerializationBenchmarks.Jil_Serialize_Small: Overhead-Fixed-Energy-4(OutlierMode=DontRemove, IterationCount=15, IterationTime=1s, LaunchCount=1, WarmupCount=6)
//   JsonSerializationBenchmarks.Utf8Json_Serialize_Small: Overhead-Fixed-Energy-4(OutlierMode=DontRemove, IterationCount=15, IterationTime=1s, LaunchCount=1, WarmupCount=6)
//   JsonSerializationBenchmarks.SpanJson_Serialize_Small: Overhead-Fixed-Energy-4(OutlierMode=DontRemove, IterationCount=15, IterationTime=1s, LaunchCount=1, WarmupCount=6)

// **************************
// Benchmark: JsonSerializationBenchmarks.STJ_Deserialize_Large: Overhead-Fixed-Energy-4(OutlierMode=DontRemove, IterationCount=15, IterationTime=1s, LaunchCount=1, WarmupCount=6)
// *** Execute ***
// Launch: 1 / 1
// Execute: dotnet Serialization.Bench-Overhead-Fixed-Energy-4-1.dll --anonymousPipes 101 102 --benchmarkName Serialization.Bench.JsonSerializationBenchmarks.STJ_Deserialize_Large --job Overhead-Fixed-Energy-4 --benchmarkId 0 in /home/test/rapl-tests/lib-energy-bench/src/Serialization.Bench/bin/Release/net8.0/Serialization.Bench-Overhead-Fixed-Energy-4-1/bin/Release/net8.0
// BeforeAnythingElse

// Benchmark Process Environment Information:
// BenchmarkDotNet v0.15.5-develop (2025-12-31)
// Runtime=.NET 8.0.21 (8.0.21, 8.0.2125.47513), X64 RyuJIT x86-64-v4
// GC=Concurrent Workstation
// HardwareIntrinsics=AVX512 IFMA+VBMI,AVX512 F+BW+CD+DQ+VL,AVX2+BMI1+BMI2+F16C+FMA+LZCNT+MOVBE,AVX,SSE3+SSSE3+SSE4.1+SSE4.2+POPCNT,X86Base+SSE+SSE2,AES+PCLMUL VectorSize=256
// Job: Overhead-Fixed-Energy-4(OutlierMode=DontRemove, IterationCount=15, IterationTime=1s, LaunchCount=1, WarmupCount=6)

OverheadJitting  1: 1 op, 150752.00 ns, 150.7520 us/op, 0.00 uJpkg, 0.00 uJdram
WorkloadJitting  1: 1 op, 529060.00 ns, 529.0600 us/op, 0.00 uJpkg, 0.00 uJdram

OverheadJitting  2: 16 op, 392769.00 ns, 24.5481 us/op, 53833.00 uJpkg, 0.00 uJdram
WorkloadJitting  2: 16 op, 6790270.00 ns, 424.3919 us/op, 469604.00 uJpkg, 0.00 uJdram

WorkloadPilot    1: 16 op, 6299872.00 ns, 393.7420 us/op, 386657.00 uJpkg, 0.00 uJdram
WorkloadPilot    2: 2544 op, 730722053.00 ns, 287.2335 us/op, 63372763.00 uJpkg, 0.00 uJdram
WorkloadPilot    3: 3488 op, 702467134.00 ns, 201.3954 us/op, 57289526.00 uJpkg, 0.00 uJdram
WorkloadPilot    4: 4976 op, 1003861393.00 ns, 201.7406 us/op, 82073276.00 uJpkg, 0.00 uJdram
WorkloadPilot    5: 4960 op, 1000173870.00 ns, 201.6480 us/op, 81543004.00 uJpkg, 0.00 uJdram

OverheadWarmup   1: 4960 op, 17567.00 ns, 3.5417 ns/op, 0.00 uJpkg, 0.00 uJdram
OverheadWarmup   2: 4960 op, 17503.00 ns, 3.5288 ns/op, 0.00 uJpkg, 0.00 uJdram
OverheadWarmup   3: 4960 op, 17461.00 ns, 3.5204 ns/op, 0.00 uJpkg, 0.00 uJdram
OverheadWarmup   4: 4960 op, 18220.00 ns, 3.6734 ns/op, 0.00 uJpkg, 0.00 uJdram
OverheadWarmup   5: 4960 op, 17505.00 ns, 3.5292 ns/op, 0.00 uJpkg, 0.00 uJdram
OverheadWarmup   6: 4960 op, 17482.00 ns, 3.5246 ns/op, 0.00 uJpkg, 0.00 uJdram
OverheadWarmup   7: 4960 op, 18212.00 ns, 3.6718 ns/op, 0.00 uJpkg, 0.00 uJdram
OverheadWarmup   8: 4960 op, 17473.00 ns, 3.5228 ns/op, 0.00 uJpkg, 0.00 uJdram

OverheadActual   1: 4960 op, 17487.00 ns, 3.5256 ns/op, 0.00 uJpkg, 0.00 uJdram
OverheadActual   2: 4960 op, 17495.00 ns, 3.5272 ns/op, 0.00 uJpkg, 0.00 uJdram
OverheadActual   3: 4960 op, 17490.00 ns, 3.5262 ns/op, 0.00 uJpkg, 0.00 uJdram
OverheadActual   4: 4960 op, 17488.00 ns, 3.5258 ns/op, 0.00 uJpkg, 0.00 uJdram
OverheadActual   5: 4960 op, 17498.00 ns, 3.5278 ns/op, 0.00 uJpkg, 0.00 uJdram
OverheadActual   6: 4960 op, 17784.00 ns, 3.5855 ns/op, 0.00 uJpkg, 0.00 uJdram
OverheadActual   7: 4960 op, 17488.00 ns, 3.5258 ns/op, 0.00 uJpkg, 0.00 uJdram
OverheadActual   8: 4960 op, 17487.00 ns, 3.5256 ns/op, 0.00 uJpkg, 0.00 uJdram
OverheadActual   9: 4960 op, 17489.00 ns, 3.5260 ns/op, 98632.00 uJpkg, 0.00 uJdram
OverheadActual  10: 4960 op, 17497.00 ns, 3.5276 ns/op, 0.00 uJpkg, 0.00 uJdram
OverheadActual  11: 4960 op, 17488.00 ns, 3.5258 ns/op, 0.00 uJpkg, 0.00 uJdram
OverheadActual  12: 4960 op, 17487.00 ns, 3.5256 ns/op, 0.00 uJpkg, 0.00 uJdram
OverheadActual  13: 4960 op, 18233.00 ns, 3.6760 ns/op, 0.00 uJpkg, 0.00 uJdram
OverheadActual  14: 4960 op, 17491.00 ns, 3.5264 ns/op, 0.00 uJpkg, 0.00 uJdram
OverheadActual  15: 4960 op, 18234.00 ns, 3.6762 ns/op, 0.00 uJpkg, 0.00 uJdram

WorkloadWarmup   1: 4960 op, 1000932242.00 ns, 201.8009 us/op, 82880220.00 uJpkg, 0.00 uJdram
WorkloadWarmup   2: 4960 op, 1002346683.00 ns, 202.0860 us/op, 81666112.00 uJpkg, 0.00 uJdram
WorkloadWarmup   3: 4960 op, 999705051.00 ns, 201.5534 us/op, 80391640.00 uJpkg, 0.00 uJdram
WorkloadWarmup   4: 4960 op, 1002601737.00 ns, 202.1374 us/op, 82355136.00 uJpkg, 0.00 uJdram
WorkloadWarmup   5: 4960 op, 997084825.00 ns, 201.0252 us/op, 81106909.00 uJpkg, 0.00 uJdram
WorkloadWarmup   6: 4960 op, 998893500.00 ns, 201.3898 us/op, 80571511.00 uJpkg, 0.00 uJdram

// BeforeActualRun
WorkloadActual   1: 4960 op, 998481681.00 ns, 201.3068 us/op, 81209326.00 uJpkg, 0.00 uJdram
WorkloadActual   2: 4960 op, 999185823.00 ns, 201.4488 us/op, 81712865.00 uJpkg, 0.00 uJdram
WorkloadActual   3: 4960 op, 1000738887.00 ns, 201.7619 us/op, 81666722.00 uJpkg, 0.00 uJdram
WorkloadActual   4: 4960 op, 999650587.00 ns, 201.5425 us/op, 81623021.00 uJpkg, 0.00 uJdram
WorkloadActual   5: 4960 op, 999794392.00 ns, 201.5715 us/op, 81003211.00 uJpkg, 0.00 uJdram
WorkloadActual   6: 4960 op, 1001307730.00 ns, 201.8766 us/op, 80938086.00 uJpkg, 0.00 uJdram
WorkloadActual   7: 4960 op, 998879777.00 ns, 201.3871 us/op, 81031165.00 uJpkg, 0.00 uJdram
WorkloadActual   8: 4960 op, 1007971946.00 ns, 203.2202 us/op, 83482269.00 uJpkg, 0.00 uJdram
WorkloadActual   9: 4960 op, 1002670011.00 ns, 202.1512 us/op, 82003879.00 uJpkg, 0.00 uJdram
WorkloadActual  10: 4960 op, 1001614674.00 ns, 201.9384 us/op, 83265534.00 uJpkg, 0.00 uJdram
WorkloadActual  11: 4960 op, 1000470053.00 ns, 201.7077 us/op, 82819429.00 uJpkg, 0.00 uJdram
WorkloadActual  12: 4960 op, 1000208876.00 ns, 201.6550 us/op, 82740938.00 uJpkg, 0.00 uJdram
WorkloadActual  13: 4960 op, 998959107.00 ns, 201.4030 us/op, 82103000.00 uJpkg, 0.00 uJdram
WorkloadActual  14: 4960 op, 1000522938.00 ns, 201.7183 us/op, 81184302.00 uJpkg, 0.00 uJdram
WorkloadActual  15: 4960 op, 999623861.00 ns, 201.5371 us/op, 80936133.00 uJpkg, 0.00 uJdram

// AfterActualRun
WorkloadResult   1: 4960 op, 998464191.00 ns, 201.3033 us/op, 81209326.00 uJpkg, 0.00 uJdram
WorkloadResult   2: 4960 op, 999168333.00 ns, 201.4452 us/op, 81712865.00 uJpkg, 0.00 uJdram
WorkloadResult   3: 4960 op, 1000721397.00 ns, 201.7583 us/op, 81666722.00 uJpkg, 0.00 uJdram
WorkloadResult   4: 4960 op, 999633097.00 ns, 201.5389 us/op, 81623021.00 uJpkg, 0.00 uJdram
WorkloadResult   5: 4960 op, 999776902.00 ns, 201.5679 us/op, 81003211.00 uJpkg, 0.00 uJdram
WorkloadResult   6: 4960 op, 1001290240.00 ns, 201.8730 us/op, 80938086.00 uJpkg, 0.00 uJdram
WorkloadResult   7: 4960 op, 998862287.00 ns, 201.3835 us/op, 81031165.00 uJpkg, 0.00 uJdram
WorkloadResult   8: 4960 op, 1007954456.00 ns, 203.2166 us/op, 83482269.00 uJpkg, 0.00 uJdram
WorkloadResult   9: 4960 op, 1002652521.00 ns, 202.1477 us/op, 82003879.00 uJpkg, 0.00 uJdram
WorkloadResult  10: 4960 op, 1001597184.00 ns, 201.9349 us/op, 83265534.00 uJpkg, 0.00 uJdram
WorkloadResult  11: 4960 op, 1000452563.00 ns, 201.7041 us/op, 82819429.00 uJpkg, 0.00 uJdram
WorkloadResult  12: 4960 op, 1000191386.00 ns, 201.6515 us/op, 82740938.00 uJpkg, 0.00 uJdram
WorkloadResult  13: 4960 op, 998941617.00 ns, 201.3995 us/op, 82103000.00 uJpkg, 0.00 uJdram
WorkloadResult  14: 4960 op, 1000505448.00 ns, 201.7148 us/op, 81184302.00 uJpkg, 0.00 uJdram
WorkloadResult  15: 4960 op, 999606371.00 ns, 201.5335 us/op, 80936133.00 uJpkg, 0.00 uJdram

// AfterAll
// Benchmark Process 4055127 has exited with code 0.

Mean = 201.745 μs, StdErr = 0.120 μs (0.06%), N = 15, StdDev = 0.466 μs
Min = 201.303 μs, Q1 = 201.489 μs, Median = 201.651 μs, Q3 = 201.816 μs, Max = 203.217 μs
IQR = 0.326 μs, LowerFence = 201.000 μs, UpperFence = 202.305 μs
ConfidenceInterval = [201.246 μs; 202.243 μs] (CI 99.9%), Margin = 0.499 μs (0.25% of Mean)
Skewness = 2, Kurtosis = 6.77, MValue = 2

// ** Remained 29 (96.7%) benchmark(s) to run. Estimated finish 2025-12-31 19:21 (0h 11m from now) **
// **************************
// Benchmark: JsonSerializationBenchmarks.Newtonsoft_Deserialize_Large: Overhead-Fixed-Energy-4(OutlierMode=DontRemove, IterationCount=15, IterationTime=1s, LaunchCount=1, WarmupCount=6)
// *** Execute ***
// Launch: 1 / 1
// Execute: dotnet Serialization.Bench-Overhead-Fixed-Energy-4-1.dll --anonymousPipes 103 104 --benchmarkName Serialization.Bench.JsonSerializationBenchmarks.Newtonsoft_Deserialize_Large --job Overhead-Fixed-Energy-4 --benchmarkId 1 in /home/test/rapl-tests/lib-energy-bench/src/Serialization.Bench/bin/Release/net8.0/Serialization.Bench-Overhead-Fixed-Energy-4-1/bin/Release/net8.0
// BeforeAnythingElse

// Benchmark Process Environment Information:
// BenchmarkDotNet v0.15.5-develop (2025-12-31)
// Runtime=.NET 8.0.21 (8.0.21, 8.0.2125.47513), X64 RyuJIT x86-64-v4
// GC=Concurrent Workstation
// HardwareIntrinsics=AVX512 IFMA+VBMI,AVX512 F+BW+CD+DQ+VL,AVX2+BMI1+BMI2+F16C+FMA+LZCNT+MOVBE,AVX,SSE3+SSSE3+SSE4.1+SSE4.2+POPCNT,X86Base+SSE+SSE2,AES+PCLMUL VectorSize=256
// Job: Overhead-Fixed-Energy-4(OutlierMode=DontRemove, IterationCount=15, IterationTime=1s, LaunchCount=1, WarmupCount=6)

OverheadJitting  1: 1 op, 141452.00 ns, 141.4520 us/op, 61645.00 uJpkg, 0.00 uJdram
WorkloadJitting  1: 1 op, 55634566.00 ns, 55.6346 ms/op, 4231068.00 uJpkg, 0.00 uJdram

OverheadJitting  2: 16 op, 383886.00 ns, 23.9929 us/op, 0.00 uJpkg, 0.00 uJdram
WorkloadJitting  2: 16 op, 18658423.00 ns, 1.1662 ms/op, 1206906.00 uJpkg, 0.00 uJdram

WorkloadPilot    1: 16 op, 17880271.00 ns, 1.1175 ms/op, 1217038.00 uJpkg, 0.00 uJdram
WorkloadPilot    2: 896 op, 396365969.00 ns, 442.3727 us/op, 33382361.00 uJpkg, 0.00 uJdram
WorkloadPilot    3: 2272 op, 543892027.00 ns, 239.3891 us/op, 45694463.00 uJpkg, 0.00 uJdram
WorkloadPilot    4: 4192 op, 1003590884.00 ns, 239.4062 us/op, 84256131.00 uJpkg, 0.00 uJdram

OverheadWarmup   1: 4192 op, 15308.00 ns, 3.6517 ns/op, 0.00 uJpkg, 0.00 uJdram
OverheadWarmup   2: 4192 op, 14815.00 ns, 3.5341 ns/op, 0.00 uJpkg, 0.00 uJdram
OverheadWarmup   3: 4192 op, 14820.00 ns, 3.5353 ns/op, 0.00 uJpkg, 0.00 uJdram
OverheadWarmup   4: 4192 op, 14821.00 ns, 3.5355 ns/op, 0.00 uJpkg, 0.00 uJdram
OverheadWarmup   5: 4192 op, 14809.00 ns, 3.5327 ns/op, 0.00 uJpkg, 0.00 uJdram
OverheadWarmup   6: 4192 op, 14814.00 ns, 3.5339 ns/op, 0.00 uJpkg, 0.00 uJdram
OverheadWarmup   7: 4192 op, 14811.00 ns, 3.5332 ns/op, 0.00 uJpkg, 0.00 uJdram

OverheadActual   1: 4192 op, 15448.00 ns, 3.6851 ns/op, 0.00 uJpkg, 0.00 uJdram
OverheadActual   2: 4192 op, 14834.00 ns, 3.5386 ns/op, 0.00 uJpkg, 0.00 uJdram
OverheadActual   3: 4192 op, 14820.00 ns, 3.5353 ns/op, 0.00 uJpkg, 0.00 uJdram
OverheadActual   4: 4192 op, 14833.00 ns, 3.5384 ns/op, 0.00 uJpkg, 0.00 uJdram
OverheadActual   5: 4192 op, 14815.00 ns, 3.5341 ns/op, 0.00 uJpkg, 0.00 uJdram
OverheadActual   6: 4192 op, 14826.00 ns, 3.5367 ns/op, 0.00 uJpkg, 0.00 uJdram
OverheadActual   7: 4192 op, 14825.00 ns, 3.5365 ns/op, 67077.00 uJpkg, 0.00 uJdram
OverheadActual   8: 4192 op, 14824.00 ns, 3.5363 ns/op, 0.00 uJpkg, 0.00 uJdram
OverheadActual   9: 4192 op, 15207.00 ns, 3.6276 ns/op, 0.00 uJpkg, 0.00 uJdram
OverheadActual  10: 4192 op, 14804.00 ns, 3.5315 ns/op, 0.00 uJpkg, 0.00 uJdram
OverheadActual  11: 4192 op, 14819.00 ns, 3.5351 ns/op, 0.00 uJpkg, 0.00 uJdram
OverheadActual  12: 4192 op, 14828.00 ns, 3.5372 ns/op, 0.00 uJpkg, 0.00 uJdram
OverheadActual  13: 4192 op, 14826.00 ns, 3.5367 ns/op, 0.00 uJpkg, 0.00 uJdram
OverheadActual  14: 4192 op, 14814.00 ns, 3.5339 ns/op, 0.00 uJpkg, 0.00 uJdram
OverheadActual  15: 4192 op, 14817.00 ns, 3.5346 ns/op, 0.00 uJpkg, 0.00 uJdram

WorkloadWarmup   1: 4192 op, 1006102735.00 ns, 240.0054 us/op, 86938498.00 uJpkg, 0.00 uJdram
WorkloadWarmup   2: 4192 op, 1006097398.00 ns, 240.0042 us/op, 84369108.00 uJpkg, 0.00 uJdram
WorkloadWarmup   3: 4192 op, 1002987575.00 ns, 239.2623 us/op, 84252836.00 uJpkg, 0.00 uJdram
WorkloadWarmup   4: 4192 op, 1001597457.00 ns, 238.9307 us/op, 84174223.00 uJpkg, 0.00 uJdram
WorkloadWarmup   5: 4192 op, 1002291599.00 ns, 239.0963 us/op, 84067229.00 uJpkg, 0.00 uJdram
WorkloadWarmup   6: 4192 op, 1002180626.00 ns, 239.0698 us/op, 84047941.00 uJpkg, 0.00 uJdram

// BeforeActualRun
WorkloadActual   1: 4192 op, 1002646359.00 ns, 239.1809 us/op, 84025419.00 uJpkg, 0.00 uJdram
WorkloadActual   2: 4192 op, 1009084621.00 ns, 240.7168 us/op, 84879665.00 uJpkg, 0.00 uJdram
WorkloadActual   3: 4192 op, 1003465852.00 ns, 239.3764 us/op, 85209560.00 uJpkg, 0.00 uJdram
WorkloadActual   4: 4192 op, 1004037223.00 ns, 239.5127 us/op, 84540189.00 uJpkg, 0.00 uJdram
WorkloadActual   5: 4192 op, 1003705584.00 ns, 239.4336 us/op, 84731045.00 uJpkg, 0.00 uJdram
WorkloadActual   6: 4192 op, 1003784177.00 ns, 239.4523 us/op, 84829800.00 uJpkg, 0.00 uJdram
WorkloadActual   7: 4192 op, 1004521962.00 ns, 239.6283 us/op, 84636746.00 uJpkg, 0.00 uJdram
WorkloadActual   8: 4192 op, 1003148613.00 ns, 239.3007 us/op, 84502591.00 uJpkg, 0.00 uJdram
WorkloadActual   9: 4192 op, 1004637235.00 ns, 239.6558 us/op, 84675564.00 uJpkg, 0.00 uJdram
WorkloadActual  10: 4192 op, 1004703337.00 ns, 239.6716 us/op, 85072475.00 uJpkg, 0.00 uJdram
WorkloadActual  11: 4192 op, 1006396515.00 ns, 240.0755 us/op, 84665250.00 uJpkg, 0.00 uJdram
WorkloadActual  12: 4192 op, 1004537521.00 ns, 239.6320 us/op, 84626187.00 uJpkg, 0.00 uJdram
WorkloadActual  13: 4192 op, 1003375825.00 ns, 239.3549 us/op, 84272306.00 uJpkg, 0.00 uJdram
WorkloadActual  14: 4192 op, 1006355931.00 ns, 240.0658 us/op, 84550625.00 uJpkg, 0.00 uJdram
WorkloadActual  15: 4192 op, 1004909942.00 ns, 239.7209 us/op, 84270719.00 uJpkg, 0.00 uJdram

// AfterActualRun
WorkloadResult   1: 4192 op, 1002631534.00 ns, 239.1774 us/op, 84025419.00 uJpkg, 0.00 uJdram
WorkloadResult   2: 4192 op, 1009069796.00 ns, 240.7132 us/op, 84879665.00 uJpkg, 0.00 uJdram
WorkloadResult   3: 4192 op, 1003451027.00 ns, 239.3729 us/op, 85209560.00 uJpkg, 0.00 uJdram
WorkloadResult   4: 4192 op, 1004022398.00 ns, 239.5092 us/op, 84540189.00 uJpkg, 0.00 uJdram
WorkloadResult   5: 4192 op, 1003690759.00 ns, 239.4300 us/op, 84731045.00 uJpkg, 0.00 uJdram
WorkloadResult   6: 4192 op, 1003769352.00 ns, 239.4488 us/op, 84829800.00 uJpkg, 0.00 uJdram
WorkloadResult   7: 4192 op, 1004507137.00 ns, 239.6248 us/op, 84636746.00 uJpkg, 0.00 uJdram
WorkloadResult   8: 4192 op, 1003133788.00 ns, 239.2972 us/op, 84502591.00 uJpkg, 0.00 uJdram
WorkloadResult   9: 4192 op, 1004622410.00 ns, 239.6523 us/op, 84675564.00 uJpkg, 0.00 uJdram
WorkloadResult  10: 4192 op, 1004688512.00 ns, 239.6681 us/op, 85072475.00 uJpkg, 0.00 uJdram
WorkloadResult  11: 4192 op, 1006381690.00 ns, 240.0720 us/op, 84665250.00 uJpkg, 0.00 uJdram
WorkloadResult  12: 4192 op, 1004522696.00 ns, 239.6285 us/op, 84626187.00 uJpkg, 0.00 uJdram
WorkloadResult  13: 4192 op, 1003361000.00 ns, 239.3514 us/op, 84272306.00 uJpkg, 0.00 uJdram
WorkloadResult  14: 4192 op, 1006341106.00 ns, 240.0623 us/op, 84550625.00 uJpkg, 0.00 uJdram
WorkloadResult  15: 4192 op, 1004895117.00 ns, 239.7173 us/op, 84270719.00 uJpkg, 0.00 uJdram

// AfterAll
// Benchmark Process 4055151 has exited with code 0.

Mean = 239.648 μs, StdErr = 0.100 μs (0.04%), N = 15, StdDev = 0.388 μs
Min = 239.177 μs, Q1 = 239.401 μs, Median = 239.625 μs, Q3 = 239.693 μs, Max = 240.713 μs
IQR = 0.291 μs, LowerFence = 238.965 μs, UpperFence = 240.130 μs
ConfidenceInterval = [239.234 μs; 240.063 μs] (CI 99.9%), Margin = 0.415 μs (0.17% of Mean)
Skewness = 1.3, Kurtosis = 4.21, MValue = 2

// ** Remained 28 (93.3%) benchmark(s) to run. Estimated finish 2025-12-31 19:21 (0h 11m from now) **
// **************************
// Benchmark: JsonSerializationBenchmarks.Jil_Deserialize_Large: Overhead-Fixed-Energy-4(OutlierMode=DontRemove, IterationCount=15, IterationTime=1s, LaunchCount=1, WarmupCount=6)
// *** Execute ***
// Launch: 1 / 1
// Execute: dotnet Serialization.Bench-Overhead-Fixed-Energy-4-1.dll --anonymousPipes 103 104 --benchmarkName Serialization.Bench.JsonSerializationBenchmarks.Jil_Deserialize_Large --job Overhead-Fixed-Energy-4 --benchmarkId 2 in /home/test/rapl-tests/lib-energy-bench/src/Serialization.Bench/bin/Release/net8.0/Serialization.Bench-Overhead-Fixed-Energy-4-1/bin/Release/net8.0
// BeforeAnythingElse

// Benchmark Process Environment Information:
// BenchmarkDotNet v0.15.5-develop (2025-12-31)
// Runtime=.NET 8.0.21 (8.0.21, 8.0.2125.47513), X64 RyuJIT x86-64-v4
// GC=Concurrent Workstation
// HardwareIntrinsics=AVX512 IFMA+VBMI,AVX512 F+BW+CD+DQ+VL,AVX2+BMI1+BMI2+F16C+FMA+LZCNT+MOVBE,AVX,SSE3+SSSE3+SSE4.1+SSE4.2+POPCNT,X86Base+SSE+SSE2,AES+PCLMUL VectorSize=256
// Job: Overhead-Fixed-Energy-4(OutlierMode=DontRemove, IterationCount=15, IterationTime=1s, LaunchCount=1, WarmupCount=6)

OverheadJitting  1: 1 op, 143304.00 ns, 143.3040 us/op, 0.00 uJpkg, 0.00 uJdram
WorkloadJitting  1: 1 op, 244545687.00 ns, 244.5457 ms/op, 16449604.00 uJpkg, 0.00 uJdram

WorkloadPilot    1: 4 op, 2883012.00 ns, 720.7530 us/op, 219543.00 uJpkg, 0.00 uJdram
WorkloadPilot    2: 1387 op, 420596087.00 ns, 303.2416 us/op, 31910868.00 uJpkg, 0.00 uJdram
WorkloadPilot    3: 3298 op, 700459233.00 ns, 212.3891 us/op, 57745396.00 uJpkg, 0.00 uJdram
WorkloadPilot    4: 4708 op, 1000839185.00 ns, 212.5827 us/op, 82488742.00 uJpkg, 0.00 uJdram
WorkloadPilot    5: 4704 op, 999154461.00 ns, 212.4053 us/op, 82563510.00 uJpkg, 0.00 uJdram
WorkloadPilot    6: 4708 op, 1001703660.00 ns, 212.7663 us/op, 82924348.00 uJpkg, 0.00 uJdram
WorkloadPilot    7: 4700 op, 1003059379.00 ns, 213.4169 us/op, 83136201.00 uJpkg, 0.00 uJdram

WorkloadWarmup   1: 4700 op, 998251124.00 ns, 212.3939 us/op, 82277987.00 uJpkg, 0.00 uJdram
WorkloadWarmup   2: 4700 op, 1005239693.00 ns, 213.8808 us/op, 83596710.00 uJpkg, 0.00 uJdram
WorkloadWarmup   3: 4700 op, 1002875990.00 ns, 213.3779 us/op, 84077299.00 uJpkg, 0.00 uJdram
WorkloadWarmup   4: 4700 op, 1003075625.00 ns, 213.4203 us/op, 83344452.00 uJpkg, 0.00 uJdram
WorkloadWarmup   5: 4700 op, 1002771403.00 ns, 213.3556 us/op, 83554901.00 uJpkg, 0.00 uJdram
WorkloadWarmup   6: 4700 op, 1003858676.00 ns, 213.5870 us/op, 83544097.00 uJpkg, 0.00 uJdram

// BeforeActualRun
WorkloadActual   1: 4700 op, 998331321.00 ns, 212.4109 us/op, 83098176.00 uJpkg, 0.00 uJdram
WorkloadActual   2: 4700 op, 1004028462.00 ns, 213.6231 us/op, 82961702.00 uJpkg, 0.00 uJdram
WorkloadActual   3: 4700 op, 1002262095.00 ns, 213.2473 us/op, 83126191.00 uJpkg, 0.00 uJdram
WorkloadActual   4: 4700 op, 1004001149.00 ns, 213.6173 us/op, 84334745.00 uJpkg, 0.00 uJdram
WorkloadActual   5: 4700 op, 1003693909.00 ns, 213.5519 us/op, 83740203.00 uJpkg, 0.00 uJdram
WorkloadActual   6: 4700 op, 1003088486.00 ns, 213.4231 us/op, 83343354.00 uJpkg, 0.00 uJdram
WorkloadActual   7: 4700 op, 1004202549.00 ns, 213.6601 us/op, 83947905.00 uJpkg, 0.00 uJdram
WorkloadActual   8: 4700 op, 1002566663.00 ns, 213.3121 us/op, 83191315.00 uJpkg, 0.00 uJdram
WorkloadActual   9: 4700 op, 1002876047.00 ns, 213.3779 us/op, 83899993.00 uJpkg, 0.00 uJdram
WorkloadActual  10: 4700 op, 1002626944.00 ns, 213.3249 us/op, 83756866.00 uJpkg, 0.00 uJdram
WorkloadActual  11: 4700 op, 1002094889.00 ns, 213.2117 us/op, 83400421.00 uJpkg, 0.00 uJdram
WorkloadActual  12: 4700 op, 1002695177.00 ns, 213.3394 us/op, 83496978.00 uJpkg, 0.00 uJdram
WorkloadActual  13: 4700 op, 1002008964.00 ns, 213.1934 us/op, 83493255.00 uJpkg, 0.00 uJdram
WorkloadActual  14: 4700 op, 1002449899.00 ns, 213.2872 us/op, 83438202.00 uJpkg, 0.00 uJdram
WorkloadActual  15: 4700 op, 1002181447.00 ns, 213.2301 us/op, 83407624.00 uJpkg, 0.00 uJdram

// AfterActualRun
WorkloadResult   1: 4700 op, 998331321.00 ns, 212.4109 us/op, 83098176.00 uJpkg, 0.00 uJdram
WorkloadResult   2: 4700 op, 1004028462.00 ns, 213.6231 us/op, 82961702.00 uJpkg, 0.00 uJdram
WorkloadResult   3: 4700 op, 1002262095.00 ns, 213.2473 us/op, 83126191.00 uJpkg, 0.00 uJdram
WorkloadResult   4: 4700 op, 1004001149.00 ns, 213.6173 us/op, 84334745.00 uJpkg, 0.00 uJdram
WorkloadResult   5: 4700 op, 1003693909.00 ns, 213.5519 us/op, 83740203.00 uJpkg, 0.00 uJdram
WorkloadResult   6: 4700 op, 1003088486.00 ns, 213.4231 us/op, 83343354.00 uJpkg, 0.00 uJdram
WorkloadResult   7: 4700 op, 1004202549.00 ns, 213.6601 us/op, 83947905.00 uJpkg, 0.00 uJdram
WorkloadResult   8: 4700 op, 1002566663.00 ns, 213.3121 us/op, 83191315.00 uJpkg, 0.00 uJdram
WorkloadResult   9: 4700 op, 1002876047.00 ns, 213.3779 us/op, 83899993.00 uJpkg, 0.00 uJdram
WorkloadResult  10: 4700 op, 1002626944.00 ns, 213.3249 us/op, 83756866.00 uJpkg, 0.00 uJdram
WorkloadResult  11: 4700 op, 1002094889.00 ns, 213.2117 us/op, 83400421.00 uJpkg, 0.00 uJdram
WorkloadResult  12: 4700 op, 1002695177.00 ns, 213.3394 us/op, 83496978.00 uJpkg, 0.00 uJdram
WorkloadResult  13: 4700 op, 1002008964.00 ns, 213.1934 us/op, 83493255.00 uJpkg, 0.00 uJdram
WorkloadResult  14: 4700 op, 1002449899.00 ns, 213.2872 us/op, 83438202.00 uJpkg, 0.00 uJdram
WorkloadResult  15: 4700 op, 1002181447.00 ns, 213.2301 us/op, 83407624.00 uJpkg, 0.00 uJdram

// AfterAll
// Benchmark Process 4055170 has exited with code 0.

Mean = 213.321 μs, StdErr = 0.077 μs (0.04%), N = 15, StdDev = 0.297 μs
Min = 212.411 μs, Q1 = 213.239 μs, Median = 213.325 μs, Q3 = 213.487 μs, Max = 213.660 μs
IQR = 0.249 μs, LowerFence = 212.865 μs, UpperFence = 213.861 μs
ConfidenceInterval = [213.003 μs; 213.638 μs] (CI 99.9%), Margin = 0.317 μs (0.15% of Mean)
Skewness = -1.66, Kurtosis = 6.17, MValue = 2

// ** Remained 27 (90.0%) benchmark(s) to run. Estimated finish 2025-12-31 19:21 (0h 11m from now) **
// **************************
// Benchmark: JsonSerializationBenchmarks.Utf8Json_Deserialize_Large: Overhead-Fixed-Energy-4(OutlierMode=DontRemove, IterationCount=15, IterationTime=1s, LaunchCount=1, WarmupCount=6)
// *** Execute ***
// Launch: 1 / 1
// Execute: dotnet Serialization.Bench-Overhead-Fixed-Energy-4-1.dll --anonymousPipes 103 104 --benchmarkName Serialization.Bench.JsonSerializationBenchmarks.Utf8Json_Deserialize_Large --job Overhead-Fixed-Energy-4 --benchmarkId 3 in /home/test/rapl-tests/lib-energy-bench/src/Serialization.Bench/bin/Release/net8.0/Serialization.Bench-Overhead-Fixed-Energy-4-1/bin/Release/net8.0
// BeforeAnythingElse

// Benchmark Process Environment Information:
// BenchmarkDotNet v0.15.5-develop (2025-12-31)
// Runtime=.NET 8.0.21 (8.0.21, 8.0.2125.47513), X64 RyuJIT x86-64-v4
// GC=Concurrent Workstation
// HardwareIntrinsics=AVX512 IFMA+VBMI,AVX512 F+BW+CD+DQ+VL,AVX2+BMI1+BMI2+F16C+FMA+LZCNT+MOVBE,AVX,SSE3+SSSE3+SSE4.1+SSE4.2+POPCNT,X86Base+SSE+SSE2,AES+PCLMUL VectorSize=256
// Job: Overhead-Fixed-Energy-4(OutlierMode=DontRemove, IterationCount=15, IterationTime=1s, LaunchCount=1, WarmupCount=6)

OverheadJitting  1: 1 op, 143848.00 ns, 143.8480 us/op, 0.00 uJpkg, 0.00 uJdram
WorkloadJitting  1: 1 op, 57826089.00 ns, 57.8261 ms/op, 3600760.00 uJpkg, 0.00 uJdram

OverheadJitting  2: 16 op, 407778.00 ns, 25.4861 us/op, 70251.00 uJpkg, 0.00 uJdram
WorkloadJitting  2: 16 op, 14716748.00 ns, 919.7968 us/op, 1023801.00 uJpkg, 0.00 uJdram

WorkloadPilot    1: 16 op, 13705893.00 ns, 856.6183 us/op, 918516.00 uJpkg, 0.00 uJdram
WorkloadPilot    2: 1168 op, 738446709.00 ns, 632.2318 us/op, 65189713.00 uJpkg, 0.00 uJdram
WorkloadPilot    3: 1584 op, 437319563.00 ns, 276.0856 us/op, 36322295.00 uJpkg, 0.00 uJdram
WorkloadPilot    4: 3632 op, 1004854407.00 ns, 276.6670 us/op, 83358612.00 uJpkg, 0.00 uJdram
WorkloadPilot    5: 3616 op, 996733294.00 ns, 275.6453 us/op, 82705599.00 uJpkg, 0.00 uJdram
WorkloadPilot    6: 3632 op, 1002968862.00 ns, 276.1478 us/op, 82172764.00 uJpkg, 0.00 uJdram

OverheadWarmup   1: 3632 op, 12969.00 ns, 3.5708 ns/op, 0.00 uJpkg, 0.00 uJdram
OverheadWarmup   2: 3632 op, 12844.00 ns, 3.5363 ns/op, 0.00 uJpkg, 0.00 uJdram
OverheadWarmup   3: 3632 op, 12844.00 ns, 3.5363 ns/op, 0.00 uJpkg, 0.00 uJdram
OverheadWarmup   4: 3632 op, 12845.00 ns, 3.5366 ns/op, 0.00 uJpkg, 0.00 uJdram
OverheadWarmup   5: 3632 op, 14512.00 ns, 3.9956 ns/op, 0.00 uJpkg, 0.00 uJdram
OverheadWarmup   6: 3632 op, 12835.00 ns, 3.5339 ns/op, 0.00 uJpkg, 0.00 uJdram
OverheadWarmup   7: 3632 op, 12846.00 ns, 3.5369 ns/op, 0.00 uJpkg, 0.00 uJdram

OverheadActual   1: 3632 op, 12844.00 ns, 3.5363 ns/op, 0.00 uJpkg, 0.00 uJdram
OverheadActual   2: 3632 op, 14478.00 ns, 3.9862 ns/op, 0.00 uJpkg, 0.00 uJdram
OverheadActual   3: 3632 op, 12855.00 ns, 3.5394 ns/op, 0.00 uJpkg, 0.00 uJdram
OverheadActual   4: 3632 op, 12843.00 ns, 3.5361 ns/op, 0.00 uJpkg, 0.00 uJdram
OverheadActual   5: 3632 op, 12845.00 ns, 3.5366 ns/op, 0.00 uJpkg, 0.00 uJdram
OverheadActual   6: 3632 op, 12822.00 ns, 3.5303 ns/op, 0.00 uJpkg, 0.00 uJdram
OverheadActual   7: 3632 op, 12845.00 ns, 3.5366 ns/op, 0.00 uJpkg, 0.00 uJdram
OverheadActual   8: 3632 op, 13380.00 ns, 3.6839 ns/op, 0.00 uJpkg, 0.00 uJdram
OverheadActual   9: 3632 op, 12848.00 ns, 3.5374 ns/op, 0.00 uJpkg, 0.00 uJdram
OverheadActual  10: 3632 op, 12831.00 ns, 3.5328 ns/op, 0.00 uJpkg, 0.00 uJdram
OverheadActual  11: 3632 op, 13382.00 ns, 3.6845 ns/op, 0.00 uJpkg, 0.00 uJdram
OverheadActual  12: 3632 op, 13970.00 ns, 3.8464 ns/op, 0.00 uJpkg, 0.00 uJdram
OverheadActual  13: 3632 op, 13375.00 ns, 3.6825 ns/op, 0.00 uJpkg, 0.00 uJdram
OverheadActual  14: 3632 op, 13380.00 ns, 3.6839 ns/op, 0.00 uJpkg, 0.00 uJdram
OverheadActual  15: 3632 op, 13387.00 ns, 3.6858 ns/op, 0.00 uJpkg, 0.00 uJdram

WorkloadWarmup   1: 3632 op, 1016180473.00 ns, 279.7854 us/op, 86119043.00 uJpkg, 0.00 uJdram
WorkloadWarmup   2: 3632 op, 1013132526.00 ns, 278.9462 us/op, 85406215.00 uJpkg, 0.00 uJdram
WorkloadWarmup   3: 3632 op, 1009143961.00 ns, 277.8480 us/op, 82918306.00 uJpkg, 0.00 uJdram
WorkloadWarmup   4: 3632 op, 1010659626.00 ns, 278.2653 us/op, 83099274.00 uJpkg, 0.00 uJdram
WorkloadWarmup   5: 3632 op, 1010588787.00 ns, 278.2458 us/op, 82843843.00 uJpkg, 0.00 uJdram
WorkloadWarmup   6: 3632 op, 1010127208.00 ns, 278.1187 us/op, 82517978.00 uJpkg, 0.00 uJdram

// BeforeActualRun
WorkloadActual   1: 3632 op, 1012216626.00 ns, 278.6940 us/op, 82884188.00 uJpkg, 0.00 uJdram
WorkloadActual   2: 3632 op, 1010560379.00 ns, 278.2380 us/op, 83057344.00 uJpkg, 0.00 uJdram
WorkloadActual   3: 3632 op, 1012151321.00 ns, 278.6760 us/op, 84235868.00 uJpkg, 0.00 uJdram
WorkloadActual   4: 3632 op, 1009735983.00 ns, 278.0110 us/op, 82400607.00 uJpkg, 0.00 uJdram
WorkloadActual   5: 3632 op, 1010261176.00 ns, 278.1556 us/op, 82847383.00 uJpkg, 0.00 uJdram
WorkloadActual   6: 3632 op, 1009398111.00 ns, 277.9180 us/op, 82862641.00 uJpkg, 0.00 uJdram
WorkloadActual   7: 3632 op, 1010001777.00 ns, 278.0842 us/op, 82188327.00 uJpkg, 0.00 uJdram
WorkloadActual   8: 3632 op, 1008876807.00 ns, 277.7745 us/op, 82846712.00 uJpkg, 0.00 uJdram
WorkloadActual   9: 3632 op, 1010452472.00 ns, 278.2083 us/op, 82208835.00 uJpkg, 0.00 uJdram
WorkloadActual  10: 3632 op, 1011198231.00 ns, 278.4136 us/op, 84741421.00 uJpkg, 0.00 uJdram
WorkloadActual  11: 3632 op, 1011444088.00 ns, 278.4813 us/op, 83325348.00 uJpkg, 0.00 uJdram
WorkloadActual  12: 3632 op, 1010484197.00 ns, 278.2170 us/op, 83464569.00 uJpkg, 0.00 uJdram
WorkloadActual  13: 3632 op, 1010111786.00 ns, 278.1145 us/op, 82724886.00 uJpkg, 0.00 uJdram
WorkloadActual  14: 3632 op, 1009870979.00 ns, 278.0482 us/op, 83681670.00 uJpkg, 0.00 uJdram
WorkloadActual  15: 3632 op, 1010721211.00 ns, 278.2823 us/op, 83209077.00 uJpkg, 0.00 uJdram

// AfterActualRun
WorkloadResult   1: 3632 op, 1012203771.00 ns, 278.6905 us/op, 82884188.00 uJpkg, 0.00 uJdram
WorkloadResult   2: 3632 op, 1010547524.00 ns, 278.2345 us/op, 83057344.00 uJpkg, 0.00 uJdram
WorkloadResult   3: 3632 op, 1012138466.00 ns, 278.6725 us/op, 84235868.00 uJpkg, 0.00 uJdram
WorkloadResult   4: 3632 op, 1009723128.00 ns, 278.0075 us/op, 82400607.00 uJpkg, 0.00 uJdram
WorkloadResult   5: 3632 op, 1010248321.00 ns, 278.1521 us/op, 82847383.00 uJpkg, 0.00 uJdram
WorkloadResult   6: 3632 op, 1009385256.00 ns, 277.9144 us/op, 82862641.00 uJpkg, 0.00 uJdram
WorkloadResult   7: 3632 op, 1009988922.00 ns, 278.0807 us/op, 82188327.00 uJpkg, 0.00 uJdram
WorkloadResult   8: 3632 op, 1008863952.00 ns, 277.7709 us/op, 82846712.00 uJpkg, 0.00 uJdram
WorkloadResult   9: 3632 op, 1010439617.00 ns, 278.2047 us/op, 82208835.00 uJpkg, 0.00 uJdram
WorkloadResult  10: 3632 op, 1011185376.00 ns, 278.4101 us/op, 84741421.00 uJpkg, 0.00 uJdram
WorkloadResult  11: 3632 op, 1011431233.00 ns, 278.4778 us/op, 83325348.00 uJpkg, 0.00 uJdram
WorkloadResult  12: 3632 op, 1010471342.00 ns, 278.2135 us/op, 83464569.00 uJpkg, 0.00 uJdram
WorkloadResult  13: 3632 op, 1010098931.00 ns, 278.1109 us/op, 82724886.00 uJpkg, 0.00 uJdram
WorkloadResult  14: 3632 op, 1009858124.00 ns, 278.0446 us/op, 83681670.00 uJpkg, 0.00 uJdram
WorkloadResult  15: 3632 op, 1010708356.00 ns, 278.2787 us/op, 83209077.00 uJpkg, 0.00 uJdram

// AfterAll
// Benchmark Process 4055186 has exited with code 0.

Mean = 278.218 μs, StdErr = 0.067 μs (0.02%), N = 15, StdDev = 0.259 μs
Min = 277.771 μs, Q1 = 278.063 μs, Median = 278.205 μs, Q3 = 278.344 μs, Max = 278.690 μs
IQR = 0.282 μs, LowerFence = 277.640 μs, UpperFence = 278.767 μs
ConfidenceInterval = [277.941 μs; 278.494 μs] (CI 99.9%), Margin = 0.277 μs (0.10% of Mean)
Skewness = 0.34, Kurtosis = 2.23, MValue = 2

// ** Remained 26 (86.7%) benchmark(s) to run. Estimated finish 2025-12-31 19:22 (0h 10m from now) **
// **************************
// Benchmark: JsonSerializationBenchmarks.SpanJson_Deserialize_Large: Overhead-Fixed-Energy-4(OutlierMode=DontRemove, IterationCount=15, IterationTime=1s, LaunchCount=1, WarmupCount=6)
// *** Execute ***
// Launch: 1 / 1
// Execute: dotnet Serialization.Bench-Overhead-Fixed-Energy-4-1.dll --anonymousPipes 103 104 --benchmarkName Serialization.Bench.JsonSerializationBenchmarks.SpanJson_Deserialize_Large --job Overhead-Fixed-Energy-4 --benchmarkId 4 in /home/test/rapl-tests/lib-energy-bench/src/Serialization.Bench/bin/Release/net8.0/Serialization.Bench-Overhead-Fixed-Energy-4-1/bin/Release/net8.0
// BeforeAnythingElse

// Benchmark Process Environment Information:
// BenchmarkDotNet v0.15.5-develop (2025-12-31)
// Runtime=.NET 8.0.21 (8.0.21, 8.0.2125.47513), X64 RyuJIT x86-64-v4
// GC=Concurrent Workstation
// HardwareIntrinsics=AVX512 IFMA+VBMI,AVX512 F+BW+CD+DQ+VL,AVX2+BMI1+BMI2+F16C+FMA+LZCNT+MOVBE,AVX,SSE3+SSSE3+SSE4.1+SSE4.2+POPCNT,X86Base+SSE+SSE2,AES+PCLMUL VectorSize=256
// Job: Overhead-Fixed-Energy-4(OutlierMode=DontRemove, IterationCount=15, IterationTime=1s, LaunchCount=1, WarmupCount=6)

OverheadJitting  1: 1 op, 140579.00 ns, 140.5790 us/op, 0.00 uJpkg, 0.00 uJdram
WorkloadJitting  1: 1 op, 112640083.00 ns, 112.6401 ms/op, 7132306.00 uJpkg, 0.00 uJdram

WorkloadPilot    1: 4 op, 1915168.00 ns, 478.7920 us/op, 141418.00 uJpkg, 0.00 uJdram
WorkloadPilot    2: 2089 op, 404178323.00 ns, 193.4793 us/op, 31587077.00 uJpkg, 0.00 uJdram
WorkloadPilot    3: 5169 op, 774947007.00 ns, 149.9220 us/op, 63925862.00 uJpkg, 0.00 uJdram
WorkloadPilot    4: 6670 op, 998597713.00 ns, 149.7148 us/op, 82336032.00 uJpkg, 0.00 uJdram
WorkloadPilot    5: 6679 op, 1000599646.00 ns, 149.8128 us/op, 82535494.00 uJpkg, 0.00 uJdram
WorkloadPilot    6: 6675 op, 1000600637.00 ns, 149.9027 us/op, 82503268.00 uJpkg, 0.00 uJdram
WorkloadPilot    7: 6671 op, 1001650891.00 ns, 150.1500 us/op, 82721467.00 uJpkg, 0.00 uJdram

WorkloadWarmup   1: 6671 op, 1001938518.00 ns, 150.1932 us/op, 83254242.00 uJpkg, 0.00 uJdram
WorkloadWarmup   2: 6671 op, 1002059912.00 ns, 150.2113 us/op, 82704195.00 uJpkg, 0.00 uJdram
WorkloadWarmup   3: 6671 op, 1001824962.00 ns, 150.1761 us/op, 83433685.00 uJpkg, 0.00 uJdram
WorkloadWarmup   4: 6671 op, 1001621167.00 ns, 150.1456 us/op, 82615694.00 uJpkg, 0.00 uJdram
WorkloadWarmup   5: 6671 op, 1004328649.00 ns, 150.5514 us/op, 83024201.00 uJpkg, 0.00 uJdram
WorkloadWarmup   6: 6671 op, 1001258142.00 ns, 150.0912 us/op, 82349582.00 uJpkg, 0.00 uJdram

// BeforeActualRun
WorkloadActual   1: 6671 op, 998671761.00 ns, 149.7035 us/op, 81874851.00 uJpkg, 0.00 uJdram
WorkloadActual   2: 6671 op, 1000875004.00 ns, 150.0337 us/op, 82365024.00 uJpkg, 0.00 uJdram
WorkloadActual   3: 6671 op, 1002876299.00 ns, 150.3337 us/op, 82898286.00 uJpkg, 0.00 uJdram
WorkloadActual   4: 6671 op, 1002020012.00 ns, 150.2054 us/op, 83883147.00 uJpkg, 0.00 uJdram
WorkloadActual   5: 6671 op, 1002030209.00 ns, 150.2069 us/op, 83426849.00 uJpkg, 0.00 uJdram
WorkloadActual   6: 6671 op, 1001245767.00 ns, 150.0893 us/op, 82583285.00 uJpkg, 0.00 uJdram
WorkloadActual   7: 6671 op, 1000419734.00 ns, 149.9655 us/op, 82681978.00 uJpkg, 0.00 uJdram
WorkloadActual   8: 6671 op, 1000602708.00 ns, 149.9929 us/op, 82489290.00 uJpkg, 0.00 uJdram
WorkloadActual   9: 6671 op, 1002028237.00 ns, 150.2066 us/op, 82678133.00 uJpkg, 0.00 uJdram
WorkloadActual  10: 6671 op, 1000841363.00 ns, 150.0287 us/op, 82123996.00 uJpkg, 0.00 uJdram
WorkloadActual  11: 6671 op, 1000228863.00 ns, 149.9369 us/op, 81761937.00 uJpkg, 0.00 uJdram
WorkloadActual  12: 6671 op, 1000376177.00 ns, 149.9590 us/op, 81727208.00 uJpkg, 0.00 uJdram
WorkloadActual  13: 6671 op, 1001088654.00 ns, 150.0658 us/op, 81981480.00 uJpkg, 0.00 uJdram
WorkloadActual  14: 6671 op, 1000448271.00 ns, 149.9698 us/op, 82052158.00 uJpkg, 0.00 uJdram
WorkloadActual  15: 6671 op, 1000495030.00 ns, 149.9768 us/op, 82166965.00 uJpkg, 0.00 uJdram

// AfterActualRun
WorkloadResult   1: 6671 op, 998671761.00 ns, 149.7035 us/op, 81874851.00 uJpkg, 0.00 uJdram
WorkloadResult   2: 6671 op, 1000875004.00 ns, 150.0337 us/op, 82365024.00 uJpkg, 0.00 uJdram
WorkloadResult   3: 6671 op, 1002876299.00 ns, 150.3337 us/op, 82898286.00 uJpkg, 0.00 uJdram
WorkloadResult   4: 6671 op, 1002020012.00 ns, 150.2054 us/op, 83883147.00 uJpkg, 0.00 uJdram
WorkloadResult   5: 6671 op, 1002030209.00 ns, 150.2069 us/op, 83426849.00 uJpkg, 0.00 uJdram
WorkloadResult   6: 6671 op, 1001245767.00 ns, 150.0893 us/op, 82583285.00 uJpkg, 0.00 uJdram
WorkloadResult   7: 6671 op, 1000419734.00 ns, 149.9655 us/op, 82681978.00 uJpkg, 0.00 uJdram
WorkloadResult   8: 6671 op, 1000602708.00 ns, 149.9929 us/op, 82489290.00 uJpkg, 0.00 uJdram
WorkloadResult   9: 6671 op, 1002028237.00 ns, 150.2066 us/op, 82678133.00 uJpkg, 0.00 uJdram
WorkloadResult  10: 6671 op, 1000841363.00 ns, 150.0287 us/op, 82123996.00 uJpkg, 0.00 uJdram
WorkloadResult  11: 6671 op, 1000228863.00 ns, 149.9369 us/op, 81761937.00 uJpkg, 0.00 uJdram
WorkloadResult  12: 6671 op, 1000376177.00 ns, 149.9590 us/op, 81727208.00 uJpkg, 0.00 uJdram
WorkloadResult  13: 6671 op, 1001088654.00 ns, 150.0658 us/op, 81981480.00 uJpkg, 0.00 uJdram
WorkloadResult  14: 6671 op, 1000448271.00 ns, 149.9698 us/op, 82052158.00 uJpkg, 0.00 uJdram
WorkloadResult  15: 6671 op, 1000495030.00 ns, 149.9768 us/op, 82166965.00 uJpkg, 0.00 uJdram

// AfterAll
// Benchmark Process 4055203 has exited with code 0.

Mean = 150.045 μs, StdErr = 0.039 μs (0.03%), N = 15, StdDev = 0.151 μs
Min = 149.703 μs, Q1 = 149.968 μs, Median = 150.029 μs, Q3 = 150.147 μs, Max = 150.334 μs
IQR = 0.180 μs, LowerFence = 149.698 μs, UpperFence = 150.417 μs
ConfidenceInterval = [149.884 μs; 150.206 μs] (CI 99.9%), Margin = 0.161 μs (0.11% of Mean)
Skewness = -0.12, Kurtosis = 2.93, MValue = 2

// ** Remained 25 (83.3%) benchmark(s) to run. Estimated finish 2025-12-31 19:22 (0h 10m from now) **
// **************************
// Benchmark: JsonSerializationBenchmarks.STJ_Deserialize_Medium: Overhead-Fixed-Energy-4(OutlierMode=DontRemove, IterationCount=15, IterationTime=1s, LaunchCount=1, WarmupCount=6)
// *** Execute ***
// Launch: 1 / 1
// Execute: dotnet Serialization.Bench-Overhead-Fixed-Energy-4-1.dll --anonymousPipes 103 104 --benchmarkName Serialization.Bench.JsonSerializationBenchmarks.STJ_Deserialize_Medium --job Overhead-Fixed-Energy-4 --benchmarkId 5 in /home/test/rapl-tests/lib-energy-bench/src/Serialization.Bench/bin/Release/net8.0/Serialization.Bench-Overhead-Fixed-Energy-4-1/bin/Release/net8.0
// BeforeAnythingElse

// Benchmark Process Environment Information:
// BenchmarkDotNet v0.15.5-develop (2025-12-31)
// Runtime=.NET 8.0.21 (8.0.21, 8.0.2125.47513), X64 RyuJIT x86-64-v4
// GC=Concurrent Workstation
// HardwareIntrinsics=AVX512 IFMA+VBMI,AVX512 F+BW+CD+DQ+VL,AVX2+BMI1+BMI2+F16C+FMA+LZCNT+MOVBE,AVX,SSE3+SSSE3+SSE4.1+SSE4.2+POPCNT,X86Base+SSE+SSE2,AES+PCLMUL VectorSize=256
// Job: Overhead-Fixed-Energy-4(OutlierMode=DontRemove, IterationCount=15, IterationTime=1s, LaunchCount=1, WarmupCount=6)

OverheadJitting  1: 1 op, 146140.00 ns, 146.1400 us/op, 0.00 uJpkg, 0.00 uJdram
WorkloadJitting  1: 1 op, 289354.00 ns, 289.3540 us/op, 0.00 uJpkg, 0.00 uJdram

OverheadJitting  2: 16 op, 390120.00 ns, 24.3825 us/op, 0.00 uJpkg, 0.00 uJdram
WorkloadJitting  2: 16 op, 2195815.00 ns, 137.2384 us/op, 137451.00 uJpkg, 0.00 uJdram

WorkloadPilot    1: 16 op, 1879634.00 ns, 117.4771 us/op, 140075.00 uJpkg, 0.00 uJdram
WorkloadPilot    2: 8512 op, 695038524.00 ns, 81.6540 us/op, 59087007.00 uJpkg, 0.00 uJdram
WorkloadPilot    3: 12256 op, 652586085.00 ns, 53.2463 us/op, 54548383.00 uJpkg, 0.00 uJdram
WorkloadPilot    4: 18784 op, 999954368.00 ns, 53.2344 us/op, 83756499.00 uJpkg, 0.00 uJdram
WorkloadPilot    5: 18800 op, 999195308.00 ns, 53.1487 us/op, 83877898.00 uJpkg, 0.00 uJdram
WorkloadPilot    6: 18816 op, 1001033360.00 ns, 53.2012 us/op, 84551907.00 uJpkg, 0.00 uJdram
WorkloadPilot    7: 18800 op, 1001364350.00 ns, 53.2641 us/op, 84105619.00 uJpkg, 0.00 uJdram
WorkloadPilot    8: 18784 op, 998818496.00 ns, 53.1739 us/op, 84182646.00 uJpkg, 0.00 uJdram
WorkloadPilot    9: 18816 op, 1001053879.00 ns, 53.2023 us/op, 84580045.00 uJpkg, 0.00 uJdram

OverheadWarmup   1: 18816 op, 64523.00 ns, 3.4292 ns/op, 0.00 uJpkg, 0.00 uJdram
OverheadWarmup   2: 18816 op, 65535.00 ns, 3.4829 ns/op, 0.00 uJpkg, 0.00 uJdram
OverheadWarmup   3: 18816 op, 65555.00 ns, 3.4840 ns/op, 0.00 uJpkg, 0.00 uJdram
OverheadWarmup   4: 18816 op, 65886.00 ns, 3.5016 ns/op, 0.00 uJpkg, 0.00 uJdram
OverheadWarmup   5: 18816 op, 65557.00 ns, 3.4841 ns/op, 0.00 uJpkg, 0.00 uJdram
OverheadWarmup   6: 18816 op, 64243.00 ns, 3.4143 ns/op, 0.00 uJpkg, 0.00 uJdram
OverheadWarmup   7: 18816 op, 65877.00 ns, 3.5011 ns/op, 0.00 uJpkg, 0.00 uJdram
OverheadWarmup   8: 18816 op, 65557.00 ns, 3.4841 ns/op, 0.00 uJpkg, 0.00 uJdram

OverheadActual   1: 18816 op, 64239.00 ns, 3.4141 ns/op, 0.00 uJpkg, 0.00 uJdram
OverheadActual   2: 18816 op, 64242.00 ns, 3.4142 ns/op, 0.00 uJpkg, 0.00 uJdram
OverheadActual   3: 18816 op, 64601.00 ns, 3.4333 ns/op, 0.00 uJpkg, 0.00 uJdram
OverheadActual   4: 18816 op, 64250.00 ns, 3.4146 ns/op, 0.00 uJpkg, 0.00 uJdram
OverheadActual   5: 18816 op, 64240.00 ns, 3.4141 ns/op, 0.00 uJpkg, 0.00 uJdram
OverheadActual   6: 18816 op, 65886.00 ns, 3.5016 ns/op, 0.00 uJpkg, 0.00 uJdram
OverheadActual   7: 18816 op, 64245.00 ns, 3.4144 ns/op, 0.00 uJpkg, 0.00 uJdram
OverheadActual   8: 18816 op, 64250.00 ns, 3.4146 ns/op, 89294.00 uJpkg, 0.00 uJdram
OverheadActual   9: 18816 op, 69799.00 ns, 3.7096 ns/op, 0.00 uJpkg, 0.00 uJdram
OverheadActual  10: 18816 op, 64579.00 ns, 3.4321 ns/op, 0.00 uJpkg, 0.00 uJdram
OverheadActual  11: 18816 op, 64256.00 ns, 3.4150 ns/op, 109192.00 uJpkg, 0.00 uJdram
OverheadActual  12: 18816 op, 65571.00 ns, 3.4849 ns/op, 0.00 uJpkg, 0.00 uJdram
OverheadActual  13: 18816 op, 65912.00 ns, 3.5030 ns/op, 0.00 uJpkg, 0.00 uJdram
OverheadActual  14: 18816 op, 64244.00 ns, 3.4143 ns/op, 0.00 uJpkg, 0.00 uJdram
OverheadActual  15: 18816 op, 64233.00 ns, 3.4137 ns/op, 0.00 uJpkg, 0.00 uJdram

WorkloadWarmup   1: 18816 op, 1003489929.00 ns, 53.3317 us/op, 87273641.00 uJpkg, 0.00 uJdram
WorkloadWarmup   2: 18816 op, 1002369259.00 ns, 53.2722 us/op, 84607877.00 uJpkg, 0.00 uJdram
WorkloadWarmup   3: 18816 op, 1004867557.00 ns, 53.4050 us/op, 85441188.00 uJpkg, 0.00 uJdram
WorkloadWarmup   4: 18816 op, 1000441421.00 ns, 53.1697 us/op, 84014677.00 uJpkg, 0.00 uJdram
WorkloadWarmup   5: 18816 op, 1000914306.00 ns, 53.1949 us/op, 83990691.00 uJpkg, 0.00 uJdram
WorkloadWarmup   6: 18816 op, 999745265.00 ns, 53.1327 us/op, 84138822.00 uJpkg, 0.00 uJdram

// BeforeActualRun
WorkloadActual   1: 18816 op, 1002958384.00 ns, 53.3035 us/op, 84210172.00 uJpkg, 0.00 uJdram
WorkloadActual   2: 18816 op, 1004260517.00 ns, 53.3727 us/op, 84502164.00 uJpkg, 0.00 uJdram
WorkloadActual   3: 18816 op, 1004351722.00 ns, 53.3775 us/op, 85518336.00 uJpkg, 0.00 uJdram
WorkloadActual   4: 18816 op, 1004590112.00 ns, 53.3902 us/op, 85353541.00 uJpkg, 0.00 uJdram
WorkloadActual   5: 18816 op, 1004582757.00 ns, 53.3898 us/op, 84994473.00 uJpkg, 0.00 uJdram
WorkloadActual   6: 18816 op, 1004442522.00 ns, 53.3824 us/op, 85272548.00 uJpkg, 0.00 uJdram
WorkloadActual   7: 18816 op, 1003552051.00 ns, 53.3350 us/op, 85116481.00 uJpkg, 0.00 uJdram
WorkloadActual   8: 18816 op, 1003597299.00 ns, 53.3374 us/op, 85203334.00 uJpkg, 0.00 uJdram
WorkloadActual   9: 18816 op, 1003853932.00 ns, 53.3511 us/op, 85127894.00 uJpkg, 0.00 uJdram
WorkloadActual  10: 18816 op, 1004958727.00 ns, 53.4098 us/op, 85950708.00 uJpkg, 0.00 uJdram
WorkloadActual  11: 18816 op, 1004096089.00 ns, 53.3640 us/op, 85020291.00 uJpkg, 0.00 uJdram
WorkloadActual  12: 18816 op, 1002791156.00 ns, 53.2946 us/op, 84676785.00 uJpkg, 0.00 uJdram
WorkloadActual  13: 18816 op, 1003756274.00 ns, 53.3459 us/op, 84730007.00 uJpkg, 0.00 uJdram
WorkloadActual  14: 18816 op, 1003580950.00 ns, 53.3366 us/op, 84716092.00 uJpkg, 0.00 uJdram
WorkloadActual  15: 18816 op, 1003541414.00 ns, 53.3345 us/op, 84808987.00 uJpkg, 0.00 uJdram

// AfterActualRun
WorkloadResult   1: 18816 op, 1002894134.00 ns, 53.3001 us/op, 84210172.00 uJpkg, 0.00 uJdram
WorkloadResult   2: 18816 op, 1004196267.00 ns, 53.3693 us/op, 84502164.00 uJpkg, 0.00 uJdram
WorkloadResult   3: 18816 op, 1004287472.00 ns, 53.3741 us/op, 85518336.00 uJpkg, 0.00 uJdram
WorkloadResult   4: 18816 op, 1004525862.00 ns, 53.3868 us/op, 85353541.00 uJpkg, 0.00 uJdram
WorkloadResult   5: 18816 op, 1004518507.00 ns, 53.3864 us/op, 84994473.00 uJpkg, 0.00 uJdram
WorkloadResult   6: 18816 op, 1004378272.00 ns, 53.3789 us/op, 85272548.00 uJpkg, 0.00 uJdram
WorkloadResult   7: 18816 op, 1003487801.00 ns, 53.3316 us/op, 85116481.00 uJpkg, 0.00 uJdram
WorkloadResult   8: 18816 op, 1003533049.00 ns, 53.3340 us/op, 85203334.00 uJpkg, 0.00 uJdram
WorkloadResult   9: 18816 op, 1003789682.00 ns, 53.3477 us/op, 85127894.00 uJpkg, 0.00 uJdram
WorkloadResult  10: 18816 op, 1004894477.00 ns, 53.4064 us/op, 85950708.00 uJpkg, 0.00 uJdram
WorkloadResult  11: 18816 op, 1004031839.00 ns, 53.3605 us/op, 85020291.00 uJpkg, 0.00 uJdram
WorkloadResult  12: 18816 op, 1002726906.00 ns, 53.2912 us/op, 84676785.00 uJpkg, 0.00 uJdram
WorkloadResult  13: 18816 op, 1003692024.00 ns, 53.3425 us/op, 84730007.00 uJpkg, 0.00 uJdram
WorkloadResult  14: 18816 op, 1003516700.00 ns, 53.3332 us/op, 84716092.00 uJpkg, 0.00 uJdram
WorkloadResult  15: 18816 op, 1003477164.00 ns, 53.3311 us/op, 84808987.00 uJpkg, 0.00 uJdram

// AfterAll
// Benchmark Process 4055219 has exited with code 0.

Mean = 53.352 μs, StdErr = 0.008 μs (0.02%), N = 15, StdDev = 0.033 μs
Min = 53.291 μs, Q1 = 53.332 μs, Median = 53.348 μs, Q3 = 53.377 μs, Max = 53.406 μs
IQR = 0.044 μs, LowerFence = 53.266 μs, UpperFence = 53.443 μs
ConfidenceInterval = [53.317 μs; 53.387 μs] (CI 99.9%), Margin = 0.035 μs (0.07% of Mean)
Skewness = -0.19, Kurtosis = 1.97, MValue = 2

// ** Remained 24 (80.0%) benchmark(s) to run. Estimated finish 2025-12-31 19:22 (0h 10m from now) **
// **************************
// Benchmark: JsonSerializationBenchmarks.Newtonsoft_Deserialize_Medium: Overhead-Fixed-Energy-4(OutlierMode=DontRemove, IterationCount=15, IterationTime=1s, LaunchCount=1, WarmupCount=6)
// *** Execute ***
// Launch: 1 / 1
// Execute: dotnet Serialization.Bench-Overhead-Fixed-Energy-4-1.dll --anonymousPipes 103 104 --benchmarkName Serialization.Bench.JsonSerializationBenchmarks.Newtonsoft_Deserialize_Medium --job Overhead-Fixed-Energy-4 --benchmarkId 6 in /home/test/rapl-tests/lib-energy-bench/src/Serialization.Bench/bin/Release/net8.0/Serialization.Bench-Overhead-Fixed-Energy-4-1/bin/Release/net8.0
// BeforeAnythingElse

// Benchmark Process Environment Information:
// BenchmarkDotNet v0.15.5-develop (2025-12-31)
// Runtime=.NET 8.0.21 (8.0.21, 8.0.2125.47513), X64 RyuJIT x86-64-v4
// GC=Concurrent Workstation
// HardwareIntrinsics=AVX512 IFMA+VBMI,AVX512 F+BW+CD+DQ+VL,AVX2+BMI1+BMI2+F16C+FMA+LZCNT+MOVBE,AVX,SSE3+SSSE3+SSE4.1+SSE4.2+POPCNT,X86Base+SSE+SSE2,AES+PCLMUL VectorSize=256
// Job: Overhead-Fixed-Energy-4(OutlierMode=DontRemove, IterationCount=15, IterationTime=1s, LaunchCount=1, WarmupCount=6)

OverheadJitting  1: 1 op, 141119.00 ns, 141.1190 us/op, 0.00 uJpkg, 0.00 uJdram
WorkloadJitting  1: 1 op, 53053568.00 ns, 53.0536 ms/op, 3233207.00 uJpkg, 0.00 uJdram

OverheadJitting  2: 16 op, 399354.00 ns, 24.9596 us/op, 74035.00 uJpkg, 0.00 uJdram
WorkloadJitting  2: 16 op, 5685522.00 ns, 355.3451 us/op, 345946.00 uJpkg, 0.00 uJdram

WorkloadPilot    1: 16 op, 5122693.00 ns, 320.1683 us/op, 432372.00 uJpkg, 0.00 uJdram
WorkloadPilot    2: 3136 op, 448701757.00 ns, 143.0809 us/op, 37768641.00 uJpkg, 0.00 uJdram
WorkloadPilot    3: 6992 op, 474095963.00 ns, 67.8055 us/op, 39958577.00 uJpkg, 0.00 uJdram
WorkloadPilot    4: 14752 op, 1001069835.00 ns, 67.8599 us/op, 84329801.00 uJpkg, 0.00 uJdram
WorkloadPilot    5: 14736 op, 999204320.00 ns, 67.8070 us/op, 84573453.00 uJpkg, 0.00 uJdram
WorkloadPilot    6: 14752 op, 999155686.00 ns, 67.7302 us/op, 84530546.00 uJpkg, 0.00 uJdram
WorkloadPilot    7: 14768 op, 1003670953.00 ns, 67.9626 us/op, 84990627.00 uJpkg, 0.00 uJdram
WorkloadPilot    8: 14720 op, 996864900.00 ns, 67.7218 us/op, 84328214.00 uJpkg, 0.00 uJdram
WorkloadPilot    9: 14768 op, 1000328716.00 ns, 67.7362 us/op, 84656583.00 uJpkg, 0.00 uJdram

OverheadWarmup   1: 14768 op, 53923.00 ns, 3.6513 ns/op, 0.00 uJpkg, 0.00 uJdram
OverheadWarmup   2: 14768 op, 52984.00 ns, 3.5878 ns/op, 0.00 uJpkg, 0.00 uJdram
OverheadWarmup   3: 14768 op, 52934.00 ns, 3.5844 ns/op, 0.00 uJpkg, 0.00 uJdram
OverheadWarmup   4: 14768 op, 51534.00 ns, 3.4896 ns/op, 0.00 uJpkg, 0.00 uJdram
OverheadWarmup   5: 14768 op, 53314.00 ns, 3.6101 ns/op, 0.00 uJpkg, 0.00 uJdram
OverheadWarmup   6: 14768 op, 51484.00 ns, 3.4862 ns/op, 0.00 uJpkg, 0.00 uJdram
OverheadWarmup   7: 14768 op, 51490.00 ns, 3.4866 ns/op, 0.00 uJpkg, 0.00 uJdram
OverheadWarmup   8: 14768 op, 51503.00 ns, 3.4875 ns/op, 0.00 uJpkg, 0.00 uJdram
OverheadWarmup   9: 14768 op, 51860.00 ns, 3.5116 ns/op, 0.00 uJpkg, 0.00 uJdram
OverheadWarmup  10: 14768 op, 51506.00 ns, 3.4877 ns/op, 0.00 uJpkg, 0.00 uJdram

OverheadActual   1: 14768 op, 51519.00 ns, 3.4886 ns/op, 0.00 uJpkg, 0.00 uJdram
OverheadActual   2: 14768 op, 53023.00 ns, 3.5904 ns/op, 0.00 uJpkg, 0.00 uJdram
OverheadActual   3: 14768 op, 52912.00 ns, 3.5829 ns/op, 0.00 uJpkg, 0.00 uJdram
OverheadActual   4: 14768 op, 53325.00 ns, 3.6108 ns/op, 0.00 uJpkg, 0.00 uJdram
OverheadActual   5: 14768 op, 51515.00 ns, 3.4883 ns/op, 0.00 uJpkg, 0.00 uJdram
OverheadActual   6: 14768 op, 51486.00 ns, 3.4863 ns/op, 0.00 uJpkg, 0.00 uJdram
OverheadActual   7: 14768 op, 51511.00 ns, 3.4880 ns/op, 0.00 uJpkg, 0.00 uJdram
OverheadActual   8: 14768 op, 51871.00 ns, 3.5124 ns/op, 0.00 uJpkg, 0.00 uJdram
OverheadActual   9: 14768 op, 51501.00 ns, 3.4873 ns/op, 78247.00 uJpkg, 0.00 uJdram
OverheadActual  10: 14768 op, 51511.00 ns, 3.4880 ns/op, 84046.00 uJpkg, 0.00 uJdram
OverheadActual  11: 14768 op, 54497.00 ns, 3.6902 ns/op, 83862.00 uJpkg, 0.00 uJdram
OverheadActual  12: 14768 op, 51518.00 ns, 3.4885 ns/op, 0.00 uJpkg, 0.00 uJdram
OverheadActual  13: 14768 op, 51897.00 ns, 3.5142 ns/op, 0.00 uJpkg, 0.00 uJdram
OverheadActual  14: 14768 op, 51508.00 ns, 3.4878 ns/op, 0.00 uJpkg, 0.00 uJdram
OverheadActual  15: 14768 op, 51520.00 ns, 3.4886 ns/op, 0.00 uJpkg, 0.00 uJdram

WorkloadWarmup   1: 14768 op, 1002742520.00 ns, 67.8997 us/op, 87564900.00 uJpkg, 0.00 uJdram
WorkloadWarmup   2: 14768 op, 1005310131.00 ns, 68.0735 us/op, 84895535.00 uJpkg, 0.00 uJdram
WorkloadWarmup   3: 14768 op, 1001212355.00 ns, 67.7961 us/op, 84886440.00 uJpkg, 0.00 uJdram
WorkloadWarmup   4: 14768 op, 1004649929.00 ns, 68.0288 us/op, 85333644.00 uJpkg, 0.00 uJdram
WorkloadWarmup   5: 14768 op, 1001970713.00 ns, 67.8474 us/op, 84742764.00 uJpkg, 0.00 uJdram
WorkloadWarmup   6: 14768 op, 1002575880.00 ns, 67.8884 us/op, 85126735.00 uJpkg, 0.00 uJdram

// BeforeActualRun
WorkloadActual   1: 14768 op, 1003668423.00 ns, 67.9624 us/op, 85069851.00 uJpkg, 0.00 uJdram
WorkloadActual   2: 14768 op, 1006242349.00 ns, 68.1367 us/op, 86008081.00 uJpkg, 0.00 uJdram
WorkloadActual   3: 14768 op, 1005371661.00 ns, 68.0777 us/op, 86147668.00 uJpkg, 0.00 uJdram
WorkloadActual   4: 14768 op, 1005616122.00 ns, 68.0943 us/op, 85554408.00 uJpkg, 0.00 uJdram
WorkloadActual   5: 14768 op, 1005614274.00 ns, 68.0941 us/op, 85796289.00 uJpkg, 0.00 uJdram
WorkloadActual   6: 14768 op, 1005597899.00 ns, 68.0930 us/op, 85439174.00 uJpkg, 0.00 uJdram
WorkloadActual   7: 14768 op, 1006734553.00 ns, 68.1700 us/op, 85750452.00 uJpkg, 0.00 uJdram
WorkloadActual   8: 14768 op, 1004144699.00 ns, 67.9946 us/op, 86169397.00 uJpkg, 0.00 uJdram
WorkloadActual   9: 14768 op, 1003907358.00 ns, 67.9786 us/op, 85546778.00 uJpkg, 0.00 uJdram
WorkloadActual  10: 14768 op, 1005904325.00 ns, 68.1138 us/op, 86496666.00 uJpkg, 0.00 uJdram
WorkloadActual  11: 14768 op, 1005001580.00 ns, 68.0527 us/op, 85478602.00 uJpkg, 0.00 uJdram
WorkloadActual  12: 14768 op, 1003916460.00 ns, 67.9792 us/op, 85105434.00 uJpkg, 0.00 uJdram
WorkloadActual  13: 14768 op, 1003704466.00 ns, 67.9648 us/op, 85114650.00 uJpkg, 0.00 uJdram
WorkloadActual  14: 14768 op, 1003796481.00 ns, 67.9711 us/op, 85418361.00 uJpkg, 0.00 uJdram
WorkloadActual  15: 14768 op, 1002249719.00 ns, 67.8663 us/op, 85393703.00 uJpkg, 0.00 uJdram

// AfterActualRun
WorkloadResult   1: 14768 op, 1003616904.00 ns, 67.9589 us/op, 85069851.00 uJpkg, 0.00 uJdram
WorkloadResult   2: 14768 op, 1006190830.00 ns, 68.1332 us/op, 86008081.00 uJpkg, 0.00 uJdram
WorkloadResult   3: 14768 op, 1005320142.00 ns, 68.0742 us/op, 86147668.00 uJpkg, 0.00 uJdram
WorkloadResult   4: 14768 op, 1005564603.00 ns, 68.0908 us/op, 85554408.00 uJpkg, 0.00 uJdram
WorkloadResult   5: 14768 op, 1005562755.00 ns, 68.0907 us/op, 85796289.00 uJpkg, 0.00 uJdram
WorkloadResult   6: 14768 op, 1005546380.00 ns, 68.0895 us/op, 85439174.00 uJpkg, 0.00 uJdram
WorkloadResult   7: 14768 op, 1006683034.00 ns, 68.1665 us/op, 85750452.00 uJpkg, 0.00 uJdram
WorkloadResult   8: 14768 op, 1004093180.00 ns, 67.9911 us/op, 86169397.00 uJpkg, 0.00 uJdram
WorkloadResult   9: 14768 op, 1003855839.00 ns, 67.9751 us/op, 85546778.00 uJpkg, 0.00 uJdram
WorkloadResult  10: 14768 op, 1005852806.00 ns, 68.1103 us/op, 86496666.00 uJpkg, 0.00 uJdram
WorkloadResult  11: 14768 op, 1004950061.00 ns, 68.0492 us/op, 85478602.00 uJpkg, 0.00 uJdram
WorkloadResult  12: 14768 op, 1003864941.00 ns, 67.9757 us/op, 85105434.00 uJpkg, 0.00 uJdram
WorkloadResult  13: 14768 op, 1003652947.00 ns, 67.9613 us/op, 85114650.00 uJpkg, 0.00 uJdram
WorkloadResult  14: 14768 op, 1003744962.00 ns, 67.9676 us/op, 85418361.00 uJpkg, 0.00 uJdram
WorkloadResult  15: 14768 op, 1002198200.00 ns, 67.8628 us/op, 85393703.00 uJpkg, 0.00 uJdram

// AfterAll
// Benchmark Process 4055238 has exited with code 0.

Mean = 68.033 μs, StdErr = 0.022 μs (0.03%), N = 15, StdDev = 0.084 μs
Min = 67.863 μs, Q1 = 67.971 μs, Median = 68.049 μs, Q3 = 68.091 μs, Max = 68.167 μs
IQR = 0.119 μs, LowerFence = 67.792 μs, UpperFence = 68.270 μs
ConfidenceInterval = [67.944 μs; 68.123 μs] (CI 99.9%), Margin = 0.089 μs (0.13% of Mean)
Skewness = -0.23, Kurtosis = 1.95, MValue = 2

// ** Remained 23 (76.7%) benchmark(s) to run. Estimated finish 2025-12-31 19:22 (0h 10m from now) **
// **************************
// Benchmark: JsonSerializationBenchmarks.Jil_Deserialize_Medium: Overhead-Fixed-Energy-4(OutlierMode=DontRemove, IterationCount=15, IterationTime=1s, LaunchCount=1, WarmupCount=6)
// *** Execute ***
// Launch: 1 / 1
// Execute: dotnet Serialization.Bench-Overhead-Fixed-Energy-4-1.dll --anonymousPipes 103 104 --benchmarkName Serialization.Bench.JsonSerializationBenchmarks.Jil_Deserialize_Medium --job Overhead-Fixed-Energy-4 --benchmarkId 7 in /home/test/rapl-tests/lib-energy-bench/src/Serialization.Bench/bin/Release/net8.0/Serialization.Bench-Overhead-Fixed-Energy-4-1/bin/Release/net8.0
// BeforeAnythingElse

// Benchmark Process Environment Information:
// BenchmarkDotNet v0.15.5-develop (2025-12-31)
// Runtime=.NET 8.0.21 (8.0.21, 8.0.2125.47513), X64 RyuJIT x86-64-v4
// GC=Concurrent Workstation
// HardwareIntrinsics=AVX512 IFMA+VBMI,AVX512 F+BW+CD+DQ+VL,AVX2+BMI1+BMI2+F16C+FMA+LZCNT+MOVBE,AVX,SSE3+SSSE3+SSE4.1+SSE4.2+POPCNT,X86Base+SSE+SSE2,AES+PCLMUL VectorSize=256
// Job: Overhead-Fixed-Energy-4(OutlierMode=DontRemove, IterationCount=15, IterationTime=1s, LaunchCount=1, WarmupCount=6)

OverheadJitting  1: 1 op, 142323.00 ns, 142.3230 us/op, 67810.00 uJpkg, 0.00 uJdram
WorkloadJitting  1: 1 op, 200286035.00 ns, 200.2860 ms/op, 13458828.00 uJpkg, 0.00 uJdram

WorkloadPilot    1: 4 op, 770117.00 ns, 192.5293 us/op, 72326.00 uJpkg, 0.00 uJdram
WorkloadPilot    2: 5194 op, 385719435.00 ns, 74.2625 us/op, 29624558.00 uJpkg, 0.00 uJdram
WorkloadPilot    3: 13466 op, 742024760.00 ns, 55.1036 us/op, 59299226.00 uJpkg, 0.00 uJdram
WorkloadPilot    4: 18148 op, 995390567.00 ns, 54.8485 us/op, 81329992.00 uJpkg, 0.00 uJdram
WorkloadPilot    5: 18232 op, 1000172486.00 ns, 54.8581 us/op, 81102393.00 uJpkg, 0.00 uJdram
WorkloadPilot    6: 18229 op, 1001202991.00 ns, 54.9236 us/op, 80720741.00 uJpkg, 0.00 uJdram
WorkloadPilot    7: 18207 op, 1002014499.00 ns, 55.0346 us/op, 80708717.00 uJpkg, 0.00 uJdram

WorkloadWarmup   1: 18207 op, 999484022.00 ns, 54.8956 us/op, 80320351.00 uJpkg, 0.00 uJdram
WorkloadWarmup   2: 18207 op, 1000717186.00 ns, 54.9633 us/op, 80888038.00 uJpkg, 0.00 uJdram
WorkloadWarmup   3: 18207 op, 1001270274.00 ns, 54.9937 us/op, 81886937.00 uJpkg, 0.00 uJdram
WorkloadWarmup   4: 18207 op, 1000517426.00 ns, 54.9523 us/op, 81560094.00 uJpkg, 0.00 uJdram
WorkloadWarmup   5: 18207 op, 1002148790.00 ns, 55.0420 us/op, 81329259.00 uJpkg, 0.00 uJdram
WorkloadWarmup   6: 18207 op, 1001784200.00 ns, 55.0219 us/op, 81259680.00 uJpkg, 0.00 uJdram

// BeforeActualRun
WorkloadActual   1: 18207 op, 998766329.00 ns, 54.8562 us/op, 81135290.00 uJpkg, 0.00 uJdram
WorkloadActual   2: 18207 op, 1005415972.00 ns, 55.2214 us/op, 82052952.00 uJpkg, 0.00 uJdram
WorkloadActual   3: 18207 op, 1002182122.00 ns, 55.0438 us/op, 80852393.00 uJpkg, 0.00 uJdram
WorkloadActual   4: 18207 op, 1001551882.00 ns, 55.0092 us/op, 82212375.00 uJpkg, 0.00 uJdram
WorkloadActual   5: 18207 op, 1002696011.00 ns, 55.0720 us/op, 82085239.00 uJpkg, 0.00 uJdram
WorkloadActual   6: 18207 op, 1002005289.00 ns, 55.0341 us/op, 80479714.00 uJpkg, 0.00 uJdram
WorkloadActual   7: 18207 op, 1001210556.00 ns, 54.9904 us/op, 80524574.00 uJpkg, 0.00 uJdram
WorkloadActual   8: 18207 op, 1000682184.00 ns, 54.9614 us/op, 80897621.00 uJpkg, 0.00 uJdram
WorkloadActual   9: 18207 op, 1002742359.00 ns, 55.0746 us/op, 81179602.00 uJpkg, 0.00 uJdram
WorkloadActual  10: 18207 op, 1001374776.00 ns, 54.9994 us/op, 80659096.00 uJpkg, 0.00 uJdram
WorkloadActual  11: 18207 op, 1002463609.00 ns, 55.0592 us/op, 80705909.00 uJpkg, 0.00 uJdram
WorkloadActual  12: 18207 op, 1003534974.00 ns, 55.1181 us/op, 80958289.00 uJpkg, 0.00 uJdram
WorkloadActual  13: 18207 op, 1001660001.00 ns, 55.0151 us/op, 81140784.00 uJpkg, 0.00 uJdram
WorkloadActual  14: 18207 op, 1001487862.00 ns, 55.0056 us/op, 80964759.00 uJpkg, 0.00 uJdram
WorkloadActual  15: 18207 op, 1000551098.00 ns, 54.9542 us/op, 81087316.00 uJpkg, 0.00 uJdram

// AfterActualRun
WorkloadResult   1: 18207 op, 998766329.00 ns, 54.8562 us/op, 81135290.00 uJpkg, 0.00 uJdram
WorkloadResult   2: 18207 op, 1005415972.00 ns, 55.2214 us/op, 82052952.00 uJpkg, 0.00 uJdram
WorkloadResult   3: 18207 op, 1002182122.00 ns, 55.0438 us/op, 80852393.00 uJpkg, 0.00 uJdram
WorkloadResult   4: 18207 op, 1001551882.00 ns, 55.0092 us/op, 82212375.00 uJpkg, 0.00 uJdram
WorkloadResult   5: 18207 op, 1002696011.00 ns, 55.0720 us/op, 82085239.00 uJpkg, 0.00 uJdram
WorkloadResult   6: 18207 op, 1002005289.00 ns, 55.0341 us/op, 80479714.00 uJpkg, 0.00 uJdram
WorkloadResult   7: 18207 op, 1001210556.00 ns, 54.9904 us/op, 80524574.00 uJpkg, 0.00 uJdram
WorkloadResult   8: 18207 op, 1000682184.00 ns, 54.9614 us/op, 80897621.00 uJpkg, 0.00 uJdram
WorkloadResult   9: 18207 op, 1002742359.00 ns, 55.0746 us/op, 81179602.00 uJpkg, 0.00 uJdram
WorkloadResult  10: 18207 op, 1001374776.00 ns, 54.9994 us/op, 80659096.00 uJpkg, 0.00 uJdram
WorkloadResult  11: 18207 op, 1002463609.00 ns, 55.0592 us/op, 80705909.00 uJpkg, 0.00 uJdram
WorkloadResult  12: 18207 op, 1003534974.00 ns, 55.1181 us/op, 80958289.00 uJpkg, 0.00 uJdram
WorkloadResult  13: 18207 op, 1001660001.00 ns, 55.0151 us/op, 81140784.00 uJpkg, 0.00 uJdram
WorkloadResult  14: 18207 op, 1001487862.00 ns, 55.0056 us/op, 80964759.00 uJpkg, 0.00 uJdram
WorkloadResult  15: 18207 op, 1000551098.00 ns, 54.9542 us/op, 81087316.00 uJpkg, 0.00 uJdram

// AfterAll
// Benchmark Process 4055256 has exited with code 0.

Mean = 55.028 μs, StdErr = 0.021 μs (0.04%), N = 15, StdDev = 0.082 μs
Min = 54.856 μs, Q1 = 54.995 μs, Median = 55.015 μs, Q3 = 55.066 μs, Max = 55.221 μs
IQR = 0.071 μs, LowerFence = 54.889 μs, UpperFence = 55.172 μs
ConfidenceInterval = [54.940 μs; 55.115 μs] (CI 99.9%), Margin = 0.087 μs (0.16% of Mean)
Skewness = 0.3, Kurtosis = 3.59, MValue = 2

// ** Remained 22 (73.3%) benchmark(s) to run. Estimated finish 2025-12-31 19:22 (0h 9m from now) **
// **************************
// Benchmark: JsonSerializationBenchmarks.Utf8Json_Deserialize_Medium: Overhead-Fixed-Energy-4(OutlierMode=DontRemove, IterationCount=15, IterationTime=1s, LaunchCount=1, WarmupCount=6)
// *** Execute ***
// Launch: 1 / 1
// Execute: dotnet Serialization.Bench-Overhead-Fixed-Energy-4-1.dll --anonymousPipes 103 104 --benchmarkName Serialization.Bench.JsonSerializationBenchmarks.Utf8Json_Deserialize_Medium --job Overhead-Fixed-Energy-4 --benchmarkId 8 in /home/test/rapl-tests/lib-energy-bench/src/Serialization.Bench/bin/Release/net8.0/Serialization.Bench-Overhead-Fixed-Energy-4-1/bin/Release/net8.0
// BeforeAnythingElse

// Benchmark Process Environment Information:
// BenchmarkDotNet v0.15.5-develop (2025-12-31)
// Runtime=.NET 8.0.21 (8.0.21, 8.0.2125.47513), X64 RyuJIT x86-64-v4
// GC=Concurrent Workstation
// HardwareIntrinsics=AVX512 IFMA+VBMI,AVX512 F+BW+CD+DQ+VL,AVX2+BMI1+BMI2+F16C+FMA+LZCNT+MOVBE,AVX,SSE3+SSSE3+SSE4.1+SSE4.2+POPCNT,X86Base+SSE+SSE2,AES+PCLMUL VectorSize=256
// Job: Overhead-Fixed-Energy-4(OutlierMode=DontRemove, IterationCount=15, IterationTime=1s, LaunchCount=1, WarmupCount=6)

OverheadJitting  1: 1 op, 140552.00 ns, 140.5520 us/op, 0.00 uJpkg, 0.00 uJdram
WorkloadJitting  1: 1 op, 55744305.00 ns, 55.7443 ms/op, 3469718.00 uJpkg, 0.00 uJdram

OverheadJitting  2: 16 op, 402425.00 ns, 25.1516 us/op, 83252.00 uJpkg, 0.00 uJdram
WorkloadJitting  2: 16 op, 4916608.00 ns, 307.2880 us/op, 375121.00 uJpkg, 0.00 uJdram

WorkloadPilot    1: 16 op, 4190252.00 ns, 261.8908 us/op, 271361.00 uJpkg, 0.00 uJdram
WorkloadPilot    2: 3824 op, 701384687.00 ns, 183.4165 us/op, 60989285.00 uJpkg, 0.00 uJdram
WorkloadPilot    3: 5456 op, 348669894.00 ns, 63.9058 us/op, 29424730.00 uJpkg, 0.00 uJdram
WorkloadPilot    4: 15648 op, 992042902.00 ns, 63.3974 us/op, 83765960.00 uJpkg, 0.00 uJdram
WorkloadPilot    5: 15776 op, 999921650.00 ns, 63.3825 us/op, 84419157.00 uJpkg, 0.00 uJdram
WorkloadPilot    6: 15792 op, 1003229093.00 ns, 63.5277 us/op, 84269316.00 uJpkg, 0.00 uJdram
WorkloadPilot    7: 15744 op, 998911836.00 ns, 63.4471 us/op, 83688324.00 uJpkg, 0.00 uJdram
WorkloadPilot    8: 15776 op, 1001159747.00 ns, 63.4609 us/op, 84064543.00 uJpkg, 0.00 uJdram
WorkloadPilot    9: 15760 op, 998610397.00 ns, 63.3636 us/op, 83632782.00 uJpkg, 0.00 uJdram
WorkloadPilot   10: 15792 op, 1002632051.00 ns, 63.4899 us/op, 84503506.00 uJpkg, 0.00 uJdram

OverheadWarmup   1: 15792 op, 56363.00 ns, 3.5691 ns/op, 0.00 uJpkg, 0.00 uJdram
OverheadWarmup   2: 15792 op, 55757.00 ns, 3.5307 ns/op, 0.00 uJpkg, 0.00 uJdram
OverheadWarmup   3: 15792 op, 54843.00 ns, 3.4728 ns/op, 0.00 uJpkg, 0.00 uJdram
OverheadWarmup   4: 15792 op, 54864.00 ns, 3.4742 ns/op, 74951.00 uJpkg, 0.00 uJdram
OverheadWarmup   5: 15792 op, 55314.00 ns, 3.5027 ns/op, 0.00 uJpkg, 0.00 uJdram
OverheadWarmup   6: 15792 op, 54853.00 ns, 3.4735 ns/op, 0.00 uJpkg, 0.00 uJdram
OverheadWarmup   7: 15792 op, 58735.00 ns, 3.7193 ns/op, 0.00 uJpkg, 0.00 uJdram
OverheadWarmup   8: 15792 op, 54868.00 ns, 3.4744 ns/op, 0.00 uJpkg, 0.00 uJdram

OverheadActual   1: 15792 op, 55267.00 ns, 3.4997 ns/op, 0.00 uJpkg, 0.00 uJdram
OverheadActual   2: 15792 op, 55709.00 ns, 3.5277 ns/op, 0.00 uJpkg, 0.00 uJdram
OverheadActual   3: 15792 op, 54864.00 ns, 3.4742 ns/op, 0.00 uJpkg, 0.00 uJdram
OverheadActual   4: 15792 op, 54876.00 ns, 3.4749 ns/op, 0.00 uJpkg, 0.00 uJdram
OverheadActual   5: 15792 op, 55127.00 ns, 3.4908 ns/op, 0.00 uJpkg, 0.00 uJdram
OverheadActual   6: 15792 op, 58248.00 ns, 3.6884 ns/op, 0.00 uJpkg, 0.00 uJdram
OverheadActual   7: 15792 op, 54862.00 ns, 3.4740 ns/op, 0.00 uJpkg, 0.00 uJdram
OverheadActual   8: 15792 op, 54860.00 ns, 3.4739 ns/op, 0.00 uJpkg, 0.00 uJdram
OverheadActual   9: 15792 op, 55245.00 ns, 3.4983 ns/op, 0.00 uJpkg, 0.00 uJdram
OverheadActual  10: 15792 op, 54867.00 ns, 3.4744 ns/op, 0.00 uJpkg, 0.00 uJdram
OverheadActual  11: 15792 op, 54855.00 ns, 3.4736 ns/op, 0.00 uJpkg, 0.00 uJdram
OverheadActual  12: 15792 op, 58417.00 ns, 3.6992 ns/op, 0.00 uJpkg, 0.00 uJdram
OverheadActual  13: 15792 op, 55322.00 ns, 3.5032 ns/op, 79712.00 uJpkg, 0.00 uJdram
OverheadActual  14: 15792 op, 54867.00 ns, 3.4744 ns/op, 0.00 uJpkg, 0.00 uJdram
OverheadActual  15: 15792 op, 54860.00 ns, 3.4739 ns/op, 0.00 uJpkg, 0.00 uJdram

WorkloadWarmup   1: 15792 op, 1005737208.00 ns, 63.6865 us/op, 87107321.00 uJpkg, 0.00 uJdram
WorkloadWarmup   2: 15792 op, 1003984713.00 ns, 63.5755 us/op, 83996794.00 uJpkg, 0.00 uJdram
WorkloadWarmup   3: 15792 op, 1000803547.00 ns, 63.3741 us/op, 83404694.00 uJpkg, 0.00 uJdram
WorkloadWarmup   4: 15792 op, 1000368204.00 ns, 63.3465 us/op, 83927092.00 uJpkg, 0.00 uJdram
WorkloadWarmup   5: 15792 op, 1000109854.00 ns, 63.3302 us/op, 83782866.00 uJpkg, 0.00 uJdram
WorkloadWarmup   6: 15792 op, 1000606493.00 ns, 63.3616 us/op, 84146819.00 uJpkg, 0.00 uJdram

// BeforeActualRun
WorkloadActual   1: 15792 op, 1001803659.00 ns, 63.4374 us/op, 84347685.00 uJpkg, 0.00 uJdram
WorkloadActual   2: 15792 op, 1004247745.00 ns, 63.5922 us/op, 84885586.00 uJpkg, 0.00 uJdram
WorkloadActual   3: 15792 op, 1000851403.00 ns, 63.3771 us/op, 83307709.00 uJpkg, 0.00 uJdram
WorkloadActual   4: 15792 op, 1000725444.00 ns, 63.3691 us/op, 83361054.00 uJpkg, 0.00 uJdram
WorkloadActual   5: 15792 op, 999978177.00 ns, 63.3218 us/op, 83895659.00 uJpkg, 0.00 uJdram
WorkloadActual   6: 15792 op, 1000633583.00 ns, 63.3633 us/op, 84203642.00 uJpkg, 0.00 uJdram
WorkloadActual   7: 15792 op, 999417344.00 ns, 63.2863 us/op, 83712432.00 uJpkg, 0.00 uJdram
WorkloadActual   8: 15792 op, 998659198.00 ns, 63.2383 us/op, 83672638.00 uJpkg, 0.00 uJdram
WorkloadActual   9: 15792 op, 1001183394.00 ns, 63.3981 us/op, 83915251.00 uJpkg, 0.00 uJdram
WorkloadActual  10: 15792 op, 1001215396.00 ns, 63.4002 us/op, 85331569.00 uJpkg, 0.00 uJdram
WorkloadActual  11: 15792 op, 1000033626.00 ns, 63.3253 us/op, 84090178.00 uJpkg, 0.00 uJdram
WorkloadActual  12: 15792 op, 999948477.00 ns, 63.3199 us/op, 84133573.00 uJpkg, 0.00 uJdram
WorkloadActual  13: 15792 op, 1000757898.00 ns, 63.3712 us/op, 84178129.00 uJpkg, 0.00 uJdram
WorkloadActual  14: 15792 op, 999743502.00 ns, 63.3070 us/op, 83773772.00 uJpkg, 0.00 uJdram
WorkloadActual  15: 15792 op, 999976561.00 ns, 63.3217 us/op, 83628326.00 uJpkg, 0.00 uJdram

// AfterActualRun
WorkloadResult   1: 15792 op, 1001748783.00 ns, 63.4339 us/op, 84347685.00 uJpkg, 0.00 uJdram
WorkloadResult   2: 15792 op, 1004192869.00 ns, 63.5887 us/op, 84885586.00 uJpkg, 0.00 uJdram
WorkloadResult   3: 15792 op, 1000796527.00 ns, 63.3736 us/op, 83307709.00 uJpkg, 0.00 uJdram
WorkloadResult   4: 15792 op, 1000670568.00 ns, 63.3657 us/op, 83361054.00 uJpkg, 0.00 uJdram
WorkloadResult   5: 15792 op, 999923301.00 ns, 63.3183 us/op, 83895659.00 uJpkg, 0.00 uJdram
WorkloadResult   6: 15792 op, 1000578707.00 ns, 63.3598 us/op, 84203642.00 uJpkg, 0.00 uJdram
WorkloadResult   7: 15792 op, 999362468.00 ns, 63.2828 us/op, 83712432.00 uJpkg, 0.00 uJdram
WorkloadResult   8: 15792 op, 998604322.00 ns, 63.2348 us/op, 83672638.00 uJpkg, 0.00 uJdram
WorkloadResult   9: 15792 op, 1001128518.00 ns, 63.3947 us/op, 83915251.00 uJpkg, 0.00 uJdram
WorkloadResult  10: 15792 op, 1001160520.00 ns, 63.3967 us/op, 85331569.00 uJpkg, 0.00 uJdram
WorkloadResult  11: 15792 op, 999978750.00 ns, 63.3219 us/op, 84090178.00 uJpkg, 0.00 uJdram
WorkloadResult  12: 15792 op, 999893601.00 ns, 63.3165 us/op, 84133573.00 uJpkg, 0.00 uJdram
WorkloadResult  13: 15792 op, 1000703022.00 ns, 63.3677 us/op, 84178129.00 uJpkg, 0.00 uJdram
WorkloadResult  14: 15792 op, 999688626.00 ns, 63.3035 us/op, 83773772.00 uJpkg, 0.00 uJdram
WorkloadResult  15: 15792 op, 999921685.00 ns, 63.3182 us/op, 83628326.00 uJpkg, 0.00 uJdram

// AfterAll
// Benchmark Process 4055273 has exited with code 0.

Mean = 63.358 μs, StdErr = 0.021 μs (0.03%), N = 15, StdDev = 0.081 μs
Min = 63.235 μs, Q1 = 63.317 μs, Median = 63.360 μs, Q3 = 63.384 μs, Max = 63.589 μs
IQR = 0.067 μs, LowerFence = 63.217 μs, UpperFence = 63.484 μs
ConfidenceInterval = [63.272 μs; 63.445 μs] (CI 99.9%), Margin = 0.087 μs (0.14% of Mean)
Skewness = 1.25, Kurtosis = 4.81, MValue = 2

// ** Remained 21 (70.0%) benchmark(s) to run. Estimated finish 2025-12-31 19:22 (0h 9m from now) **
// **************************
// Benchmark: JsonSerializationBenchmarks.SpanJson_Deserialize_Medium: Overhead-Fixed-Energy-4(OutlierMode=DontRemove, IterationCount=15, IterationTime=1s, LaunchCount=1, WarmupCount=6)
// *** Execute ***
// Launch: 1 / 1
// Execute: dotnet Serialization.Bench-Overhead-Fixed-Energy-4-1.dll --anonymousPipes 103 104 --benchmarkName Serialization.Bench.JsonSerializationBenchmarks.SpanJson_Deserialize_Medium --job Overhead-Fixed-Energy-4 --benchmarkId 9 in /home/test/rapl-tests/lib-energy-bench/src/Serialization.Bench/bin/Release/net8.0/Serialization.Bench-Overhead-Fixed-Energy-4-1/bin/Release/net8.0
// BeforeAnythingElse

// Benchmark Process Environment Information:
// BenchmarkDotNet v0.15.5-develop (2025-12-31)
// Runtime=.NET 8.0.21 (8.0.21, 8.0.2125.47513), X64 RyuJIT x86-64-v4
// GC=Concurrent Workstation
// HardwareIntrinsics=AVX512 IFMA+VBMI,AVX512 F+BW+CD+DQ+VL,AVX2+BMI1+BMI2+F16C+FMA+LZCNT+MOVBE,AVX,SSE3+SSSE3+SSE4.1+SSE4.2+POPCNT,X86Base+SSE+SSE2,AES+PCLMUL VectorSize=256
// Job: Overhead-Fixed-Energy-4(OutlierMode=DontRemove, IterationCount=15, IterationTime=1s, LaunchCount=1, WarmupCount=6)

OverheadJitting  1: 1 op, 141358.00 ns, 141.3580 us/op, 51758.00 uJpkg, 0.00 uJdram
WorkloadJitting  1: 1 op, 101221000.00 ns, 101.2210 ms/op, 6391036.00 uJpkg, 0.00 uJdram

WorkloadPilot    1: 4 op, 863188.00 ns, 215.7970 us/op, 71350.00 uJpkg, 0.00 uJdram
WorkloadPilot    2: 4634 op, 298873198.00 ns, 64.4957 us/op, 22812991.00 uJpkg, 0.00 uJdram
WorkloadPilot    3: 15505 op, 634342001.00 ns, 40.9121 us/op, 52234180.00 uJpkg, 0.00 uJdram
WorkloadPilot    4: 24443 op, 990030882.00 ns, 40.5037 us/op, 81790012.00 uJpkg, 0.00 uJdram
WorkloadPilot    5: 24689 op, 1001350361.00 ns, 40.5586 us/op, 82862520.00 uJpkg, 0.00 uJdram
WorkloadPilot    6: 24656 op, 1002494289.00 ns, 40.6592 us/op, 82171786.00 uJpkg, 0.00 uJdram
WorkloadPilot    7: 24595 op, 997261228.00 ns, 40.5473 us/op, 82460665.00 uJpkg, 0.00 uJdram
WorkloadPilot    8: 24663 op, 1005061680.00 ns, 40.7518 us/op, 82727022.00 uJpkg, 0.00 uJdram

WorkloadWarmup   1: 24663 op, 996661087.00 ns, 40.4112 us/op, 82295993.00 uJpkg, 0.00 uJdram
WorkloadWarmup   2: 24663 op, 1001096354.00 ns, 40.5910 us/op, 82994661.00 uJpkg, 0.00 uJdram
WorkloadWarmup   3: 24663 op, 1000058486.00 ns, 40.5489 us/op, 82241916.00 uJpkg, 0.00 uJdram
WorkloadWarmup   4: 24663 op, 999529616.00 ns, 40.5275 us/op, 82613680.00 uJpkg, 0.00 uJdram
WorkloadWarmup   5: 24663 op, 1000749460.00 ns, 40.5770 us/op, 82474215.00 uJpkg, 0.00 uJdram
WorkloadWarmup   6: 24663 op, 999120197.00 ns, 40.5109 us/op, 82710481.00 uJpkg, 0.00 uJdram

// BeforeActualRun
WorkloadActual   1: 24663 op, 996976989.00 ns, 40.4240 us/op, 82360324.00 uJpkg, 0.00 uJdram
WorkloadActual   2: 24663 op, 1002885887.00 ns, 40.6636 us/op, 82997163.00 uJpkg, 0.00 uJdram
WorkloadActual   3: 24663 op, 1000892172.00 ns, 40.5827 us/op, 84426908.00 uJpkg, 0.00 uJdram
WorkloadActual   4: 24663 op, 1008862794.00 ns, 40.9059 us/op, 84130339.00 uJpkg, 0.00 uJdram
WorkloadActual   5: 24663 op, 1003464314.00 ns, 40.6870 us/op, 83266144.00 uJpkg, 0.00 uJdram
WorkloadActual   6: 24663 op, 999147218.00 ns, 40.5120 us/op, 82452792.00 uJpkg, 0.00 uJdram
WorkloadActual   7: 24663 op, 998771146.00 ns, 40.4967 us/op, 82280429.00 uJpkg, 0.00 uJdram
WorkloadActual   8: 24663 op, 1000510093.00 ns, 40.5673 us/op, 82993074.00 uJpkg, 0.00 uJdram
WorkloadActual   9: 24663 op, 1001790023.00 ns, 40.6191 us/op, 83345123.00 uJpkg, 0.00 uJdram
WorkloadActual  10: 24663 op, 998733774.00 ns, 40.4952 us/op, 82155246.00 uJpkg, 0.00 uJdram
WorkloadActual  11: 24663 op, 1000818983.00 ns, 40.5798 us/op, 82374179.00 uJpkg, 0.00 uJdram
WorkloadActual  12: 24663 op, 999772775.00 ns, 40.5374 us/op, 82617709.00 uJpkg, 0.00 uJdram
WorkloadActual  13: 24663 op, 1005339362.00 ns, 40.7631 us/op, 82763033.00 uJpkg, 0.00 uJdram
WorkloadActual  14: 24663 op, 1008793568.00 ns, 40.9031 us/op, 82654695.00 uJpkg, 0.00 uJdram
WorkloadActual  15: 24663 op, 1001757175.00 ns, 40.6178 us/op, 82325106.00 uJpkg, 0.00 uJdram

// AfterActualRun
WorkloadResult   1: 24663 op, 996976989.00 ns, 40.4240 us/op, 82360324.00 uJpkg, 0.00 uJdram
WorkloadResult   2: 24663 op, 1002885887.00 ns, 40.6636 us/op, 82997163.00 uJpkg, 0.00 uJdram
WorkloadResult   3: 24663 op, 1000892172.00 ns, 40.5827 us/op, 84426908.00 uJpkg, 0.00 uJdram
WorkloadResult   4: 24663 op, 1008862794.00 ns, 40.9059 us/op, 84130339.00 uJpkg, 0.00 uJdram
WorkloadResult   5: 24663 op, 1003464314.00 ns, 40.6870 us/op, 83266144.00 uJpkg, 0.00 uJdram
WorkloadResult   6: 24663 op, 999147218.00 ns, 40.5120 us/op, 82452792.00 uJpkg, 0.00 uJdram
WorkloadResult   7: 24663 op, 998771146.00 ns, 40.4967 us/op, 82280429.00 uJpkg, 0.00 uJdram
WorkloadResult   8: 24663 op, 1000510093.00 ns, 40.5673 us/op, 82993074.00 uJpkg, 0.00 uJdram
WorkloadResult   9: 24663 op, 1001790023.00 ns, 40.6191 us/op, 83345123.00 uJpkg, 0.00 uJdram
WorkloadResult  10: 24663 op, 998733774.00 ns, 40.4952 us/op, 82155246.00 uJpkg, 0.00 uJdram
WorkloadResult  11: 24663 op, 1000818983.00 ns, 40.5798 us/op, 82374179.00 uJpkg, 0.00 uJdram
WorkloadResult  12: 24663 op, 999772775.00 ns, 40.5374 us/op, 82617709.00 uJpkg, 0.00 uJdram
WorkloadResult  13: 24663 op, 1005339362.00 ns, 40.7631 us/op, 82763033.00 uJpkg, 0.00 uJdram
WorkloadResult  14: 24663 op, 1008793568.00 ns, 40.9031 us/op, 82654695.00 uJpkg, 0.00 uJdram
WorkloadResult  15: 24663 op, 1001757175.00 ns, 40.6178 us/op, 82325106.00 uJpkg, 0.00 uJdram

// AfterAll
// Benchmark Process 4055292 has exited with code 0.

Mean = 40.624 μs, StdErr = 0.037 μs (0.09%), N = 15, StdDev = 0.142 μs
Min = 40.424 μs, Q1 = 40.525 μs, Median = 40.583 μs, Q3 = 40.675 μs, Max = 40.906 μs
IQR = 0.151 μs, LowerFence = 40.299 μs, UpperFence = 40.901 μs
ConfidenceInterval = [40.472 μs; 40.775 μs] (CI 99.9%), Margin = 0.152 μs (0.37% of Mean)
Skewness = 0.77, Kurtosis = 2.5, MValue = 2

// ** Remained 20 (66.7%) benchmark(s) to run. Estimated finish 2025-12-31 19:22 (0h 8m from now) **
// **************************
// Benchmark: JsonSerializationBenchmarks.STJ_Deserialize_Small: Overhead-Fixed-Energy-4(OutlierMode=DontRemove, IterationCount=15, IterationTime=1s, LaunchCount=1, WarmupCount=6)
// *** Execute ***
// Launch: 1 / 1
// Execute: dotnet Serialization.Bench-Overhead-Fixed-Energy-4-1.dll --anonymousPipes 103 104 --benchmarkName Serialization.Bench.JsonSerializationBenchmarks.STJ_Deserialize_Small --job Overhead-Fixed-Energy-4 --benchmarkId 10 in /home/test/rapl-tests/lib-energy-bench/src/Serialization.Bench/bin/Release/net8.0/Serialization.Bench-Overhead-Fixed-Energy-4-1/bin/Release/net8.0
// BeforeAnythingElse

// Benchmark Process Environment Information:
// BenchmarkDotNet v0.15.5-develop (2025-12-31)
// Runtime=.NET 8.0.21 (8.0.21, 8.0.2125.47513), X64 RyuJIT x86-64-v4
// GC=Concurrent Workstation
// HardwareIntrinsics=AVX512 IFMA+VBMI,AVX512 F+BW+CD+DQ+VL,AVX2+BMI1+BMI2+F16C+FMA+LZCNT+MOVBE,AVX,SSE3+SSSE3+SSE4.1+SSE4.2+POPCNT,X86Base+SSE+SSE2,AES+PCLMUL VectorSize=256
// Job: Overhead-Fixed-Energy-4(OutlierMode=DontRemove, IterationCount=15, IterationTime=1s, LaunchCount=1, WarmupCount=6)

OverheadJitting  1: 1 op, 142930.00 ns, 142.9300 us/op, 0.00 uJpkg, 0.00 uJdram
WorkloadJitting  1: 1 op, 185296.00 ns, 185.2960 us/op, 0.00 uJpkg, 0.00 uJdram

OverheadJitting  2: 16 op, 391514.00 ns, 24.4696 us/op, 0.00 uJpkg, 0.00 uJdram
WorkloadJitting  2: 16 op, 471677.00 ns, 29.4798 us/op, 87219.00 uJpkg, 0.00 uJdram

WorkloadPilot    1: 16 op, 76646.00 ns, 4.7904 us/op, 0.00 uJpkg, 0.00 uJdram
WorkloadPilot    2: 208752 op, 661687209.00 ns, 3.1697 us/op, 52914537.00 uJpkg, 0.00 uJdram
WorkloadPilot    3: 315488 op, 638962870.00 ns, 2.0253 us/op, 57027686.00 uJpkg, 0.00 uJdram
WorkloadPilot    4: 493760 op, 995224358.00 ns, 2.0156 us/op, 89070390.00 uJpkg, 0.00 uJdram
WorkloadPilot    5: 496144 op, 1000605916.00 ns, 2.0168 us/op, 89637954.00 uJpkg, 0.00 uJdram
WorkloadPilot    6: 495856 op, 998153229.00 ns, 2.0130 us/op, 89724746.00 uJpkg, 0.00 uJdram
WorkloadPilot    7: 496784 op, 1004581833.00 ns, 2.0222 us/op, 89925551.00 uJpkg, 0.00 uJdram
WorkloadPilot    8: 494528 op, 996287651.00 ns, 2.0146 us/op, 87882039.00 uJpkg, 0.00 uJdram
WorkloadPilot    9: 496384 op, 1000772503.00 ns, 2.0161 us/op, 87953998.00 uJpkg, 0.00 uJdram

OverheadWarmup   1: 496384 op, 1726563.00 ns, 3.4783 ns/op, 144225.00 uJpkg, 0.00 uJdram
OverheadWarmup   2: 496384 op, 1695376.00 ns, 3.4155 ns/op, 134582.00 uJpkg, 0.00 uJdram
OverheadWarmup   3: 496384 op, 1706173.00 ns, 3.4372 ns/op, 157104.00 uJpkg, 0.00 uJdram
OverheadWarmup   4: 496384 op, 1711487.00 ns, 3.4479 ns/op, 140808.00 uJpkg, 0.00 uJdram
OverheadWarmup   5: 496384 op, 1709074.00 ns, 3.4430 ns/op, 155701.00 uJpkg, 0.00 uJdram
OverheadWarmup   6: 496384 op, 1696593.00 ns, 3.4179 ns/op, 140563.00 uJpkg, 0.00 uJdram
OverheadWarmup   7: 496384 op, 1706520.00 ns, 3.4379 ns/op, 167846.00 uJpkg, 0.00 uJdram
OverheadWarmup   8: 496384 op, 1696722.00 ns, 3.4182 ns/op, 120056.00 uJpkg, 0.00 uJdram

OverheadActual   1: 496384 op, 1705987.00 ns, 3.4368 ns/op, 75928.00 uJpkg, 0.00 uJdram
OverheadActual   2: 496384 op, 1711280.00 ns, 3.4475 ns/op, 159606.00 uJpkg, 0.00 uJdram
OverheadActual   3: 496384 op, 1726593.00 ns, 3.4783 ns/op, 126709.00 uJpkg, 0.00 uJdram
OverheadActual   4: 496384 op, 1706151.00 ns, 3.4372 ns/op, 150451.00 uJpkg, 0.00 uJdram
OverheadActual   5: 496384 op, 1725494.00 ns, 3.4761 ns/op, 142394.00 uJpkg, 0.00 uJdram
OverheadActual   6: 496384 op, 1728273.00 ns, 3.4817 ns/op, 164672.00 uJpkg, 0.00 uJdram
OverheadActual   7: 496384 op, 1703251.00 ns, 3.4313 ns/op, 71594.00 uJpkg, 0.00 uJdram
OverheadActual   8: 496384 op, 1695876.00 ns, 3.4165 ns/op, 138855.00 uJpkg, 0.00 uJdram
OverheadActual   9: 496384 op, 1733060.00 ns, 3.4914 ns/op, 152893.00 uJpkg, 0.00 uJdram
OverheadActual  10: 496384 op, 1708932.00 ns, 3.4428 ns/op, 135681.00 uJpkg, 0.00 uJdram
OverheadActual  11: 496384 op, 1726159.00 ns, 3.4775 ns/op, 160278.00 uJpkg, 0.00 uJdram
OverheadActual  12: 496384 op, 1705488.00 ns, 3.4358 ns/op, 170165.00 uJpkg, 0.00 uJdram
OverheadActual  13: 496384 op, 1712603.00 ns, 3.4502 ns/op, 136352.00 uJpkg, 0.00 uJdram
OverheadActual  14: 496384 op, 1727379.00 ns, 3.4799 ns/op, 168518.00 uJpkg, 0.00 uJdram
OverheadActual  15: 496384 op, 1710535.00 ns, 3.4460 ns/op, 80444.00 uJpkg, 0.00 uJdram

WorkloadWarmup   1: 496384 op, 1003644798.00 ns, 2.0219 us/op, 91839243.00 uJpkg, 0.00 uJdram
WorkloadWarmup   2: 496384 op, 1000995819.00 ns, 2.0166 us/op, 89635757.00 uJpkg, 0.00 uJdram
WorkloadWarmup   3: 496384 op, 1000421254.00 ns, 2.0154 us/op, 89387040.00 uJpkg, 0.00 uJdram
WorkloadWarmup   4: 496384 op, 1000564086.00 ns, 2.0157 us/op, 89611404.00 uJpkg, 0.00 uJdram
WorkloadWarmup   5: 496384 op, 999570004.00 ns, 2.0137 us/op, 89639602.00 uJpkg, 0.00 uJdram
WorkloadWarmup   6: 496384 op, 1000852863.00 ns, 2.0163 us/op, 89666518.00 uJpkg, 0.00 uJdram

// BeforeActualRun
WorkloadActual   1: 496384 op, 1001610262.00 ns, 2.0178 us/op, 89521927.00 uJpkg, 0.00 uJdram
WorkloadActual   2: 496384 op, 1002457737.00 ns, 2.0195 us/op, 89519912.00 uJpkg, 0.00 uJdram
WorkloadActual   3: 496384 op, 1003009717.00 ns, 2.0206 us/op, 90255018.00 uJpkg, 0.00 uJdram
WorkloadActual   4: 496384 op, 1001378376.00 ns, 2.0173 us/op, 89493606.00 uJpkg, 0.00 uJdram
WorkloadActual   5: 496384 op, 1002829227.00 ns, 2.0203 us/op, 89872268.00 uJpkg, 0.00 uJdram
WorkloadActual   6: 496384 op, 1006297153.00 ns, 2.0273 us/op, 89457718.00 uJpkg, 0.00 uJdram
WorkloadActual   7: 496384 op, 1003455502.00 ns, 2.0215 us/op, 88396258.00 uJpkg, 0.00 uJdram
WorkloadActual   8: 496384 op, 1002420263.00 ns, 2.0194 us/op, 88703692.00 uJpkg, 0.00 uJdram
WorkloadActual   9: 496384 op, 1002684951.00 ns, 2.0200 us/op, 88594683.00 uJpkg, 0.00 uJdram
WorkloadActual  10: 496384 op, 1003823125.00 ns, 2.0223 us/op, 89631851.00 uJpkg, 0.00 uJdram
WorkloadActual  11: 496384 op, 1002159291.00 ns, 2.0189 us/op, 88241291.00 uJpkg, 0.00 uJdram
WorkloadActual  12: 496384 op, 1002338968.00 ns, 2.0193 us/op, 88843584.00 uJpkg, 0.00 uJdram
WorkloadActual  13: 496384 op, 1002236447.00 ns, 2.0191 us/op, 89713027.00 uJpkg, 0.00 uJdram
WorkloadActual  14: 496384 op, 1003478543.00 ns, 2.0216 us/op, 89921828.00 uJpkg, 0.00 uJdram
WorkloadActual  15: 496384 op, 1001006507.00 ns, 2.0166 us/op, 89647964.00 uJpkg, 0.00 uJdram

// AfterActualRun
WorkloadResult   1: 496384 op, 999898982.00 ns, 2.0144 us/op, 89521927.00 uJpkg, 0.00 uJdram
WorkloadResult   2: 496384 op, 1000746457.00 ns, 2.0161 us/op, 89519912.00 uJpkg, 0.00 uJdram
WorkloadResult   3: 496384 op, 1001298437.00 ns, 2.0172 us/op, 90255018.00 uJpkg, 0.00 uJdram
WorkloadResult   4: 496384 op, 999667096.00 ns, 2.0139 us/op, 89493606.00 uJpkg, 0.00 uJdram
WorkloadResult   5: 496384 op, 1001117947.00 ns, 2.0168 us/op, 89872268.00 uJpkg, 0.00 uJdram
WorkloadResult   6: 496384 op, 1004585873.00 ns, 2.0238 us/op, 89457718.00 uJpkg, 0.00 uJdram
WorkloadResult   7: 496384 op, 1001744222.00 ns, 2.0181 us/op, 88396258.00 uJpkg, 0.00 uJdram
WorkloadResult   8: 496384 op, 1000708983.00 ns, 2.0160 us/op, 88703692.00 uJpkg, 0.00 uJdram
WorkloadResult   9: 496384 op, 1000973671.00 ns, 2.0165 us/op, 88594683.00 uJpkg, 0.00 uJdram
WorkloadResult  10: 496384 op, 1002111845.00 ns, 2.0188 us/op, 89631851.00 uJpkg, 0.00 uJdram
WorkloadResult  11: 496384 op, 1000448011.00 ns, 2.0155 us/op, 88241291.00 uJpkg, 0.00 uJdram
WorkloadResult  12: 496384 op, 1000627688.00 ns, 2.0158 us/op, 88843584.00 uJpkg, 0.00 uJdram
WorkloadResult  13: 496384 op, 1000525167.00 ns, 2.0156 us/op, 89713027.00 uJpkg, 0.00 uJdram
WorkloadResult  14: 496384 op, 1001767263.00 ns, 2.0181 us/op, 89921828.00 uJpkg, 0.00 uJdram
WorkloadResult  15: 496384 op, 999295227.00 ns, 2.0131 us/op, 89647964.00 uJpkg, 0.00 uJdram

// AfterAll
// Benchmark Process 4055309 has exited with code 0.

Mean = 2.017 μs, StdErr = 0.001 μs (0.03%), N = 15, StdDev = 0.003 μs
Min = 2.013 μs, Q1 = 2.016 μs, Median = 2.016 μs, Q3 = 2.018 μs, Max = 2.024 μs
IQR = 0.002 μs, LowerFence = 2.012 μs, UpperFence = 2.021 μs
ConfidenceInterval = [2.014 μs; 2.019 μs] (CI 99.9%), Margin = 0.003 μs (0.13% of Mean)
Skewness = 1.25, Kurtosis = 4.72, MValue = 2

// ** Remained 19 (63.3%) benchmark(s) to run. Estimated finish 2025-12-31 19:22 (0h 8m from now) **
// **************************
// Benchmark: JsonSerializationBenchmarks.Newtonsoft_Deserialize_Small: Overhead-Fixed-Energy-4(OutlierMode=DontRemove, IterationCount=15, IterationTime=1s, LaunchCount=1, WarmupCount=6)
// *** Execute ***
// Launch: 1 / 1
// Execute: dotnet Serialization.Bench-Overhead-Fixed-Energy-4-1.dll --anonymousPipes 103 104 --benchmarkName Serialization.Bench.JsonSerializationBenchmarks.Newtonsoft_Deserialize_Small --job Overhead-Fixed-Energy-4 --benchmarkId 11 in /home/test/rapl-tests/lib-energy-bench/src/Serialization.Bench/bin/Release/net8.0/Serialization.Bench-Overhead-Fixed-Energy-4-1/bin/Release/net8.0
// BeforeAnythingElse

// Benchmark Process Environment Information:
// BenchmarkDotNet v0.15.5-develop (2025-12-31)
// Runtime=.NET 8.0.21 (8.0.21, 8.0.2125.47513), X64 RyuJIT x86-64-v4
// GC=Concurrent Workstation
// HardwareIntrinsics=AVX512 IFMA+VBMI,AVX512 F+BW+CD+DQ+VL,AVX2+BMI1+BMI2+F16C+FMA+LZCNT+MOVBE,AVX,SSE3+SSSE3+SSE4.1+SSE4.2+POPCNT,X86Base+SSE+SSE2,AES+PCLMUL VectorSize=256
// Job: Overhead-Fixed-Energy-4(OutlierMode=DontRemove, IterationCount=15, IterationTime=1s, LaunchCount=1, WarmupCount=6)

OverheadJitting  1: 1 op, 141036.00 ns, 141.0360 us/op, 0.00 uJpkg, 0.00 uJdram
WorkloadJitting  1: 1 op, 42037622.00 ns, 42.0376 ms/op, 2588556.00 uJpkg, 0.00 uJdram

OverheadJitting  2: 16 op, 394608.00 ns, 24.6630 us/op, 68847.00 uJpkg, 0.00 uJdram
WorkloadJitting  2: 16 op, 820861.00 ns, 51.3038 us/op, 0.00 uJpkg, 0.00 uJdram

WorkloadPilot    1: 16 op, 426499.00 ns, 26.6562 us/op, 0.00 uJpkg, 0.00 uJdram
WorkloadPilot    2: 37520 op, 333260751.00 ns, 8.8822 us/op, 27150199.00 uJpkg, 0.00 uJdram
WorkloadPilot    3: 112592 op, 400234461.00 ns, 3.5547 us/op, 34992770.00 uJpkg, 0.00 uJdram
WorkloadPilot    4: 281328 op, 996570896.00 ns, 3.5424 us/op, 87324117.00 uJpkg, 0.00 uJdram
WorkloadPilot    5: 282304 op, 999856947.00 ns, 3.5418 us/op, 87580220.00 uJpkg, 0.00 uJdram
WorkloadPilot    6: 282352 op, 999902044.00 ns, 3.5413 us/op, 88176959.00 uJpkg, 0.00 uJdram
WorkloadPilot    7: 282384 op, 998429351.00 ns, 3.5357 us/op, 87625935.00 uJpkg, 0.00 uJdram
WorkloadPilot    8: 282832 op, 999733293.00 ns, 3.5347 us/op, 87353597.00 uJpkg, 0.00 uJdram
WorkloadPilot    9: 282912 op, 1002345549.00 ns, 3.5430 us/op, 87719868.00 uJpkg, 0.00 uJdram
WorkloadPilot   10: 282256 op, 998428987.00 ns, 3.5373 us/op, 88399921.00 uJpkg, 0.00 uJdram
WorkloadPilot   11: 282704 op, 998022802.00 ns, 3.5303 us/op, 87957783.00 uJpkg, 0.00 uJdram
WorkloadPilot   12: 283264 op, 1002592485.00 ns, 3.5394 us/op, 88866411.00 uJpkg, 0.00 uJdram
WorkloadPilot   13: 282544 op, 997257292.00 ns, 3.5296 us/op, 87818623.00 uJpkg, 0.00 uJdram
WorkloadPilot   14: 283328 op, 1002335740.00 ns, 3.5377 us/op, 87844075.00 uJpkg, 0.00 uJdram

OverheadWarmup   1: 283328 op, 966571.00 ns, 3.4115 ns/op, 76110.00 uJpkg, 0.00 uJdram
OverheadWarmup   2: 283328 op, 966641.00 ns, 3.4117 ns/op, 81237.00 uJpkg, 0.00 uJdram
OverheadWarmup   3: 283328 op, 964127.00 ns, 3.4029 ns/op, 64514.00 uJpkg, 0.00 uJdram
OverheadWarmup   4: 283328 op, 969329.00 ns, 3.4212 ns/op, 76232.00 uJpkg, 0.00 uJdram
OverheadWarmup   5: 283328 op, 967005.00 ns, 3.4130 ns/op, 71411.00 uJpkg, 0.00 uJdram

OverheadActual   1: 283328 op, 969081.00 ns, 3.4204 ns/op, 66712.00 uJpkg, 0.00 uJdram
OverheadActual   2: 283328 op, 967419.00 ns, 3.4145 ns/op, 71960.00 uJpkg, 0.00 uJdram
OverheadActual   3: 283328 op, 968447.00 ns, 3.4181 ns/op, 64880.00 uJpkg, 0.00 uJdram
OverheadActual   4: 283328 op, 966712.00 ns, 3.4120 ns/op, 59326.00 uJpkg, 0.00 uJdram
OverheadActual   5: 283328 op, 966759.00 ns, 3.4122 ns/op, 151427.00 uJpkg, 0.00 uJdram
OverheadActual   6: 283328 op, 966928.00 ns, 3.4128 ns/op, 109557.00 uJpkg, 0.00 uJdram
OverheadActual   7: 283328 op, 966921.00 ns, 3.4127 ns/op, 67261.00 uJpkg, 0.00 uJdram
OverheadActual   8: 283328 op, 966321.00 ns, 3.4106 ns/op, 73181.00 uJpkg, 0.00 uJdram
OverheadActual   9: 283328 op, 966554.00 ns, 3.4114 ns/op, 56092.00 uJpkg, 0.00 uJdram
OverheadActual  10: 283328 op, 967200.00 ns, 3.4137 ns/op, 71289.00 uJpkg, 0.00 uJdram
OverheadActual  11: 283328 op, 967247.00 ns, 3.4139 ns/op, 91858.00 uJpkg, 0.00 uJdram
OverheadActual  12: 283328 op, 966412.00 ns, 3.4109 ns/op, 79529.00 uJpkg, 0.00 uJdram
OverheadActual  13: 283328 op, 964614.00 ns, 3.4046 ns/op, 68237.00 uJpkg, 0.00 uJdram
OverheadActual  14: 283328 op, 966876.00 ns, 3.4126 ns/op, 64941.00 uJpkg, 0.00 uJdram
OverheadActual  15: 283328 op, 966985.00 ns, 3.4130 ns/op, 65735.00 uJpkg, 0.00 uJdram

WorkloadWarmup   1: 283328 op, 1003031736.00 ns, 3.5402 us/op, 90453260.00 uJpkg, 0.00 uJdram
WorkloadWarmup   2: 283328 op, 1002293753.00 ns, 3.5376 us/op, 87907368.00 uJpkg, 0.00 uJdram
WorkloadWarmup   3: 283328 op, 1003254219.00 ns, 3.5410 us/op, 88284197.00 uJpkg, 0.00 uJdram
WorkloadWarmup   4: 283328 op, 1001963272.00 ns, 3.5364 us/op, 87829975.00 uJpkg, 0.00 uJdram
WorkloadWarmup   5: 283328 op, 1002387029.00 ns, 3.5379 us/op, 87996235.00 uJpkg, 0.00 uJdram
WorkloadWarmup   6: 283328 op, 1003391856.00 ns, 3.5414 us/op, 87883015.00 uJpkg, 0.00 uJdram

// BeforeActualRun
WorkloadActual   1: 283328 op, 1003788789.00 ns, 3.5429 us/op, 88210833.00 uJpkg, 0.00 uJdram
WorkloadActual   2: 283328 op, 1002704540.00 ns, 3.5390 us/op, 87607869.00 uJpkg, 0.00 uJdram
WorkloadActual   3: 283328 op, 1006497947.00 ns, 3.5524 us/op, 87895893.00 uJpkg, 0.00 uJdram
WorkloadActual   4: 283328 op, 1004925395.00 ns, 3.5469 us/op, 86682335.00 uJpkg, 0.00 uJdram
WorkloadActual   5: 283328 op, 1003476233.00 ns, 3.5417 us/op, 87411093.00 uJpkg, 0.00 uJdram
WorkloadActual   6: 283328 op, 1001571157.00 ns, 3.5350 us/op, 87157858.00 uJpkg, 0.00 uJdram
WorkloadActual   7: 283328 op, 1002470211.00 ns, 3.5382 us/op, 87166342.00 uJpkg, 0.00 uJdram
WorkloadActual   8: 283328 op, 1002163010.00 ns, 3.5371 us/op, 87029623.00 uJpkg, 0.00 uJdram
WorkloadActual   9: 283328 op, 1004007437.00 ns, 3.5436 us/op, 87467977.00 uJpkg, 0.00 uJdram
WorkloadActual  10: 283328 op, 1004801237.00 ns, 3.5464 us/op, 88831438.00 uJpkg, 0.00 uJdram
WorkloadActual  11: 283328 op, 1001960886.00 ns, 3.5364 us/op, 87420430.00 uJpkg, 0.00 uJdram
WorkloadActual  12: 283328 op, 1002103500.00 ns, 3.5369 us/op, 87522969.00 uJpkg, 0.00 uJdram
WorkloadActual  13: 283328 op, 1003493818.00 ns, 3.5418 us/op, 87586934.00 uJpkg, 0.00 uJdram
WorkloadActual  14: 283328 op, 1002803966.00 ns, 3.5394 us/op, 87310140.00 uJpkg, 0.00 uJdram
WorkloadActual  15: 283328 op, 1002583062.00 ns, 3.5386 us/op, 87547627.00 uJpkg, 0.00 uJdram

// AfterActualRun
WorkloadResult   1: 283328 op, 1002821868.00 ns, 3.5394 us/op, 88210833.00 uJpkg, 0.00 uJdram
WorkloadResult   2: 283328 op, 1001737619.00 ns, 3.5356 us/op, 87607869.00 uJpkg, 0.00 uJdram
WorkloadResult   3: 283328 op, 1005531026.00 ns, 3.5490 us/op, 87895893.00 uJpkg, 0.00 uJdram
WorkloadResult   4: 283328 op, 1003958474.00 ns, 3.5434 us/op, 86682335.00 uJpkg, 0.00 uJdram
WorkloadResult   5: 283328 op, 1002509312.00 ns, 3.5383 us/op, 87411093.00 uJpkg, 0.00 uJdram
WorkloadResult   6: 283328 op, 1000604236.00 ns, 3.5316 us/op, 87157858.00 uJpkg, 0.00 uJdram
WorkloadResult   7: 283328 op, 1001503290.00 ns, 3.5348 us/op, 87166342.00 uJpkg, 0.00 uJdram
WorkloadResult   8: 283328 op, 1001196089.00 ns, 3.5337 us/op, 87029623.00 uJpkg, 0.00 uJdram
WorkloadResult   9: 283328 op, 1003040516.00 ns, 3.5402 us/op, 87467977.00 uJpkg, 0.00 uJdram
WorkloadResult  10: 283328 op, 1003834316.00 ns, 3.5430 us/op, 88831438.00 uJpkg, 0.00 uJdram
WorkloadResult  11: 283328 op, 1000993965.00 ns, 3.5330 us/op, 87420430.00 uJpkg, 0.00 uJdram
WorkloadResult  12: 283328 op, 1001136579.00 ns, 3.5335 us/op, 87522969.00 uJpkg, 0.00 uJdram
WorkloadResult  13: 283328 op, 1002526897.00 ns, 3.5384 us/op, 87586934.00 uJpkg, 0.00 uJdram
WorkloadResult  14: 283328 op, 1001837045.00 ns, 3.5360 us/op, 87310140.00 uJpkg, 0.00 uJdram
WorkloadResult  15: 283328 op, 1001616141.00 ns, 3.5352 us/op, 87547627.00 uJpkg, 0.00 uJdram

// AfterAll
// Benchmark Process 4055326 has exited with code 0.

Mean = 3.538 μs, StdErr = 0.001 μs (0.03%), N = 15, StdDev = 0.005 μs
Min = 3.532 μs, Q1 = 3.534 μs, Median = 3.536 μs, Q3 = 3.540 μs, Max = 3.549 μs
IQR = 0.006 μs, LowerFence = 3.526 μs, UpperFence = 3.548 μs
ConfidenceInterval = [3.533 μs; 3.543 μs] (CI 99.9%), Margin = 0.005 μs (0.14% of Mean)
Skewness = 0.82, Kurtosis = 2.77, MValue = 2

// ** Remained 18 (60.0%) benchmark(s) to run. Estimated finish 2025-12-31 19:23 (0h 8m from now) **
// **************************
// Benchmark: JsonSerializationBenchmarks.Jil_Deserialize_Small: Overhead-Fixed-Energy-4(OutlierMode=DontRemove, IterationCount=15, IterationTime=1s, LaunchCount=1, WarmupCount=6)
// *** Execute ***
// Launch: 1 / 1
// Execute: dotnet Serialization.Bench-Overhead-Fixed-Energy-4-1.dll --anonymousPipes 103 104 --benchmarkName Serialization.Bench.JsonSerializationBenchmarks.Jil_Deserialize_Small --job Overhead-Fixed-Energy-4 --benchmarkId 12 in /home/test/rapl-tests/lib-energy-bench/src/Serialization.Bench/bin/Release/net8.0/Serialization.Bench-Overhead-Fixed-Energy-4-1/bin/Release/net8.0
// BeforeAnythingElse

// Benchmark Process Environment Information:
// BenchmarkDotNet v0.15.5-develop (2025-12-31)
// Runtime=.NET 8.0.21 (8.0.21, 8.0.2125.47513), X64 RyuJIT x86-64-v4
// GC=Concurrent Workstation
// HardwareIntrinsics=AVX512 IFMA+VBMI,AVX512 F+BW+CD+DQ+VL,AVX2+BMI1+BMI2+F16C+FMA+LZCNT+MOVBE,AVX,SSE3+SSSE3+SSE4.1+SSE4.2+POPCNT,X86Base+SSE+SSE2,AES+PCLMUL VectorSize=256
// Job: Overhead-Fixed-Energy-4(OutlierMode=DontRemove, IterationCount=15, IterationTime=1s, LaunchCount=1, WarmupCount=6)

OverheadJitting  1: 1 op, 142783.00 ns, 142.7830 us/op, 60913.00 uJpkg, 0.00 uJdram
WorkloadJitting  1: 1 op, 113356642.00 ns, 113.3566 ms/op, 7147687.00 uJpkg, 0.00 uJdram

WorkloadPilot    1: 4 op, 40912.00 ns, 10.2280 us/op, 71045.00 uJpkg, 0.00 uJdram
WorkloadPilot    2: 97771 op, 310859649.00 ns, 3.1795 us/op, 24411070.00 uJpkg, 0.00 uJdram
WorkloadPilot    3: 314518 op, 714033987.00 ns, 2.2702 us/op, 61354030.00 uJpkg, 0.00 uJdram
WorkloadPilot    4: 440480 op, 998132191.00 ns, 2.2660 us/op, 85951684.00 uJpkg, 0.00 uJdram
WorkloadPilot    5: 441304 op, 998577108.00 ns, 2.2628 us/op, 86428490.00 uJpkg, 0.00 uJdram
WorkloadPilot    6: 441933 op, 1003260157.00 ns, 2.2702 us/op, 86849936.00 uJpkg, 0.00 uJdram
WorkloadPilot    7: 440497 op, 1001714650.00 ns, 2.2741 us/op, 86551109.00 uJpkg, 0.00 uJdram
WorkloadPilot    8: 439743 op, 998268046.00 ns, 2.2701 us/op, 85934106.00 uJpkg, 0.00 uJdram
WorkloadPilot    9: 440506 op, 1000175346.00 ns, 2.2705 us/op, 86328148.00 uJpkg, 0.00 uJdram

WorkloadWarmup   1: 440506 op, 996777968.00 ns, 2.2628 us/op, 86496239.00 uJpkg, 0.00 uJdram
WorkloadWarmup   2: 440506 op, 1001507323.00 ns, 2.2735 us/op, 86569176.00 uJpkg, 0.00 uJdram
WorkloadWarmup   3: 440506 op, 1000384017.00 ns, 2.2710 us/op, 86683616.00 uJpkg, 0.00 uJdram
WorkloadWarmup   4: 440506 op, 1001248538.00 ns, 2.2730 us/op, 86211144.00 uJpkg, 0.00 uJdram
WorkloadWarmup   5: 440506 op, 998509305.00 ns, 2.2667 us/op, 85722253.00 uJpkg, 0.00 uJdram
WorkloadWarmup   6: 440506 op, 999921672.00 ns, 2.2699 us/op, 86345360.00 uJpkg, 0.00 uJdram

// BeforeActualRun
WorkloadActual   1: 440506 op, 996403269.00 ns, 2.2620 us/op, 86064904.00 uJpkg, 0.00 uJdram
WorkloadActual   2: 440506 op, 1000842520.00 ns, 2.2720 us/op, 87422384.00 uJpkg, 0.00 uJdram
WorkloadActual   3: 440506 op, 1001437169.00 ns, 2.2734 us/op, 86511498.00 uJpkg, 0.00 uJdram
WorkloadActual   4: 440506 op, 1002684939.00 ns, 2.2762 us/op, 86628197.00 uJpkg, 0.00 uJdram
WorkloadActual   5: 440506 op, 1000824585.00 ns, 2.2720 us/op, 86064355.00 uJpkg, 0.00 uJdram
WorkloadActual   6: 440506 op, 999177603.00 ns, 2.2682 us/op, 86100426.00 uJpkg, 0.00 uJdram
WorkloadActual   7: 440506 op, 1000842392.00 ns, 2.2720 us/op, 86440880.00 uJpkg, 0.00 uJdram
WorkloadActual   8: 440506 op, 999236325.00 ns, 2.2684 us/op, 85860559.00 uJpkg, 0.00 uJdram
WorkloadActual   9: 440506 op, 999985139.00 ns, 2.2701 us/op, 86137475.00 uJpkg, 0.00 uJdram
WorkloadActual  10: 440506 op, 999333680.00 ns, 2.2686 us/op, 86197473.00 uJpkg, 0.00 uJdram
WorkloadActual  11: 440506 op, 996922995.00 ns, 2.2631 us/op, 86208032.00 uJpkg, 0.00 uJdram
WorkloadActual  12: 440506 op, 997782413.00 ns, 2.2651 us/op, 85879968.00 uJpkg, 0.00 uJdram
WorkloadActual  13: 440506 op, 995513744.00 ns, 2.2599 us/op, 85823083.00 uJpkg, 0.00 uJdram
WorkloadActual  14: 440506 op, 996820065.00 ns, 2.2629 us/op, 86168786.00 uJpkg, 0.00 uJdram
WorkloadActual  15: 440506 op, 996756691.00 ns, 2.2628 us/op, 86438561.00 uJpkg, 0.00 uJdram

// AfterActualRun
WorkloadResult   1: 440506 op, 996403269.00 ns, 2.2620 us/op, 86064904.00 uJpkg, 0.00 uJdram
WorkloadResult   2: 440506 op, 1000842520.00 ns, 2.2720 us/op, 87422384.00 uJpkg, 0.00 uJdram
WorkloadResult   3: 440506 op, 1001437169.00 ns, 2.2734 us/op, 86511498.00 uJpkg, 0.00 uJdram
WorkloadResult   4: 440506 op, 1002684939.00 ns, 2.2762 us/op, 86628197.00 uJpkg, 0.00 uJdram
WorkloadResult   5: 440506 op, 1000824585.00 ns, 2.2720 us/op, 86064355.00 uJpkg, 0.00 uJdram
WorkloadResult   6: 440506 op, 999177603.00 ns, 2.2682 us/op, 86100426.00 uJpkg, 0.00 uJdram
WorkloadResult   7: 440506 op, 1000842392.00 ns, 2.2720 us/op, 86440880.00 uJpkg, 0.00 uJdram
WorkloadResult   8: 440506 op, 999236325.00 ns, 2.2684 us/op, 85860559.00 uJpkg, 0.00 uJdram
WorkloadResult   9: 440506 op, 999985139.00 ns, 2.2701 us/op, 86137475.00 uJpkg, 0.00 uJdram
WorkloadResult  10: 440506 op, 999333680.00 ns, 2.2686 us/op, 86197473.00 uJpkg, 0.00 uJdram
WorkloadResult  11: 440506 op, 996922995.00 ns, 2.2631 us/op, 86208032.00 uJpkg, 0.00 uJdram
WorkloadResult  12: 440506 op, 997782413.00 ns, 2.2651 us/op, 85879968.00 uJpkg, 0.00 uJdram
WorkloadResult  13: 440506 op, 995513744.00 ns, 2.2599 us/op, 85823083.00 uJpkg, 0.00 uJdram
WorkloadResult  14: 440506 op, 996820065.00 ns, 2.2629 us/op, 86168786.00 uJpkg, 0.00 uJdram
WorkloadResult  15: 440506 op, 996756691.00 ns, 2.2628 us/op, 86438561.00 uJpkg, 0.00 uJdram

// AfterAll
// Benchmark Process 4055344 has exited with code 0.

Mean = 2.268 μs, StdErr = 0.001 μs (0.06%), N = 15, StdDev = 0.005 μs
Min = 2.260 μs, Q1 = 2.263 μs, Median = 2.268 μs, Q3 = 2.272 μs, Max = 2.276 μs
IQR = 0.009 μs, LowerFence = 2.250 μs, UpperFence = 2.285 μs
ConfidenceInterval = [2.263 μs; 2.273 μs] (CI 99.9%), Margin = 0.005 μs (0.23% of Mean)
Skewness = -0.02, Kurtosis = 1.58, MValue = 2

// ** Remained 17 (56.7%) benchmark(s) to run. Estimated finish 2025-12-31 19:23 (0h 7m from now) **
// **************************
// Benchmark: JsonSerializationBenchmarks.Utf8Json_Deserialize_Small: Overhead-Fixed-Energy-4(OutlierMode=DontRemove, IterationCount=15, IterationTime=1s, LaunchCount=1, WarmupCount=6)
// *** Execute ***
// Launch: 1 / 1
// Execute: dotnet Serialization.Bench-Overhead-Fixed-Energy-4-1.dll --anonymousPipes 103 104 --benchmarkName Serialization.Bench.JsonSerializationBenchmarks.Utf8Json_Deserialize_Small --job Overhead-Fixed-Energy-4 --benchmarkId 13 in /home/test/rapl-tests/lib-energy-bench/src/Serialization.Bench/bin/Release/net8.0/Serialization.Bench-Overhead-Fixed-Energy-4-1/bin/Release/net8.0
// BeforeAnythingElse

// Benchmark Process Environment Information:
// BenchmarkDotNet v0.15.5-develop (2025-12-31)
// Runtime=.NET 8.0.21 (8.0.21, 8.0.2125.47513), X64 RyuJIT x86-64-v4
// GC=Concurrent Workstation
// HardwareIntrinsics=AVX512 IFMA+VBMI,AVX512 F+BW+CD+DQ+VL,AVX2+BMI1+BMI2+F16C+FMA+LZCNT+MOVBE,AVX,SSE3+SSSE3+SSE4.1+SSE4.2+POPCNT,X86Base+SSE+SSE2,AES+PCLMUL VectorSize=256
// Job: Overhead-Fixed-Energy-4(OutlierMode=DontRemove, IterationCount=15, IterationTime=1s, LaunchCount=1, WarmupCount=6)

OverheadJitting  1: 1 op, 140978.00 ns, 140.9780 us/op, 71778.00 uJpkg, 0.00 uJdram
WorkloadJitting  1: 1 op, 46743455.00 ns, 46.7435 ms/op, 2890618.00 uJpkg, 0.00 uJdram

OverheadJitting  2: 16 op, 391213.00 ns, 24.4508 us/op, 0.00 uJpkg, 0.00 uJdram
WorkloadJitting  2: 16 op, 638633.00 ns, 39.9146 us/op, 59143.00 uJpkg, 0.00 uJdram

WorkloadPilot    1: 16 op, 276916.00 ns, 17.3073 us/op, 0.00 uJpkg, 0.00 uJdram
WorkloadPilot    2: 57792 op, 630203637.00 ns, 10.9047 us/op, 53638473.00 uJpkg, 0.00 uJdram
WorkloadPilot    3: 91712 op, 192193647.00 ns, 2.0956 us/op, 17057207.00 uJpkg, 0.00 uJdram
WorkloadPilot    4: 477200 op, 964495407.00 ns, 2.0212 us/op, 83264741.00 uJpkg, 0.00 uJdram
WorkloadPilot    5: 494768 op, 1000989338.00 ns, 2.0231 us/op, 85353907.00 uJpkg, 0.00 uJdram
WorkloadPilot    6: 494288 op, 1003352629.00 ns, 2.0299 us/op, 86097680.00 uJpkg, 0.00 uJdram
WorkloadPilot    7: 492640 op, 996985221.00 ns, 2.0238 us/op, 85555506.00 uJpkg, 0.00 uJdram
WorkloadPilot    8: 494144 op, 998416535.00 ns, 2.0205 us/op, 85919885.00 uJpkg, 0.00 uJdram
WorkloadPilot    9: 494928 op, 1002103618.00 ns, 2.0247 us/op, 85695643.00 uJpkg, 0.00 uJdram

OverheadWarmup   1: 494928 op, 1685061.00 ns, 3.4047 ns/op, 80750.00 uJpkg, 0.00 uJdram
OverheadWarmup   2: 494928 op, 1686205.00 ns, 3.4070 ns/op, 150635.00 uJpkg, 0.00 uJdram
OverheadWarmup   3: 494928 op, 1688761.00 ns, 3.4121 ns/op, 77087.00 uJpkg, 0.00 uJdram
OverheadWarmup   4: 494928 op, 1685841.00 ns, 3.4062 ns/op, 78003.00 uJpkg, 0.00 uJdram
OverheadWarmup   5: 494928 op, 1688212.00 ns, 3.4110 ns/op, 138488.00 uJpkg, 0.00 uJdram
OverheadWarmup   6: 494928 op, 1688042.00 ns, 3.4107 ns/op, 133301.00 uJpkg, 0.00 uJdram

OverheadActual   1: 494928 op, 1694686.00 ns, 3.4241 ns/op, 131652.00 uJpkg, 0.00 uJdram
OverheadActual   2: 494928 op, 1684190.00 ns, 3.4029 ns/op, 137207.00 uJpkg, 0.00 uJdram
OverheadActual   3: 494928 op, 1685509.00 ns, 3.4056 ns/op, 133423.00 uJpkg, 0.00 uJdram
OverheadActual   4: 494928 op, 1681164.00 ns, 3.3968 ns/op, 131165.00 uJpkg, 0.00 uJdram
OverheadActual   5: 494928 op, 1683734.00 ns, 3.4020 ns/op, 59998.00 uJpkg, 0.00 uJdram
OverheadActual   6: 494928 op, 1683671.00 ns, 3.4019 ns/op, 77942.00 uJpkg, 0.00 uJdram
OverheadActual   7: 494928 op, 1687788.00 ns, 3.4102 ns/op, 133545.00 uJpkg, 0.00 uJdram
OverheadActual   8: 494928 op, 1694153.00 ns, 3.4230 ns/op, 141235.00 uJpkg, 0.00 uJdram
OverheadActual   9: 494928 op, 1687356.00 ns, 3.4093 ns/op, 140686.00 uJpkg, 0.00 uJdram
OverheadActual  10: 494928 op, 1692572.00 ns, 3.4198 ns/op, 71899.00 uJpkg, 0.00 uJdram
OverheadActual  11: 494928 op, 1689358.00 ns, 3.4133 ns/op, 145752.00 uJpkg, 0.00 uJdram
OverheadActual  12: 494928 op, 1686881.00 ns, 3.4083 ns/op, 134704.00 uJpkg, 0.00 uJdram
OverheadActual  13: 494928 op, 1687941.00 ns, 3.4105 ns/op, 160278.00 uJpkg, 0.00 uJdram
OverheadActual  14: 494928 op, 1688868.00 ns, 3.4124 ns/op, 130676.00 uJpkg, 0.00 uJdram
OverheadActual  15: 494928 op, 1689460.00 ns, 3.4135 ns/op, 79162.00 uJpkg, 0.00 uJdram

WorkloadWarmup   1: 494928 op, 1008826916.00 ns, 2.0383 us/op, 89246536.00 uJpkg, 0.00 uJdram
WorkloadWarmup   2: 494928 op, 1002537936.00 ns, 2.0256 us/op, 86460288.00 uJpkg, 0.00 uJdram
WorkloadWarmup   3: 494928 op, 1001722666.00 ns, 2.0240 us/op, 85929650.00 uJpkg, 0.00 uJdram
WorkloadWarmup   4: 494928 op, 1003381658.00 ns, 2.0273 us/op, 85980432.00 uJpkg, 0.00 uJdram
WorkloadWarmup   5: 494928 op, 1000421240.00 ns, 2.0213 us/op, 85530054.00 uJpkg, 0.00 uJdram
WorkloadWarmup   6: 494928 op, 1004063866.00 ns, 2.0287 us/op, 85701746.00 uJpkg, 0.00 uJdram

// BeforeActualRun
WorkloadActual   1: 494928 op, 1004833443.00 ns, 2.0303 us/op, 85666956.00 uJpkg, 0.00 uJdram
WorkloadActual   2: 494928 op, 1001033348.00 ns, 2.0226 us/op, 85790796.00 uJpkg, 0.00 uJdram
WorkloadActual   3: 494928 op, 1001082653.00 ns, 2.0227 us/op, 86686546.00 uJpkg, 0.00 uJdram
WorkloadActual   4: 494928 op, 1001111306.00 ns, 2.0227 us/op, 86029260.00 uJpkg, 0.00 uJdram
WorkloadActual   5: 494928 op, 1001654513.00 ns, 2.0238 us/op, 86125695.00 uJpkg, 0.00 uJdram
WorkloadActual   6: 494928 op, 1001662124.00 ns, 2.0239 us/op, 86306176.00 uJpkg, 0.00 uJdram
WorkloadActual   7: 494928 op, 998478597.00 ns, 2.0174 us/op, 85595850.00 uJpkg, 0.00 uJdram
WorkloadActual   8: 494928 op, 997965738.00 ns, 2.0164 us/op, 85279079.00 uJpkg, 0.00 uJdram
WorkloadActual   9: 494928 op, 999780803.00 ns, 2.0201 us/op, 85899011.00 uJpkg, 0.00 uJdram
WorkloadActual  10: 494928 op, 998818157.00 ns, 2.0181 us/op, 86943014.00 uJpkg, 0.00 uJdram
WorkloadActual  11: 494928 op, 999894604.00 ns, 2.0203 us/op, 85464564.00 uJpkg, 0.00 uJdram
WorkloadActual  12: 494928 op, 996109637.00 ns, 2.0126 us/op, 84948574.00 uJpkg, 0.00 uJdram
WorkloadActual  13: 494928 op, 995517805.00 ns, 2.0114 us/op, 85019192.00 uJpkg, 0.00 uJdram
WorkloadActual  14: 494928 op, 996558207.00 ns, 2.0135 us/op, 85054470.00 uJpkg, 0.00 uJdram
WorkloadActual  15: 494928 op, 997877502.00 ns, 2.0162 us/op, 85390345.00 uJpkg, 0.00 uJdram

// AfterActualRun
WorkloadResult   1: 494928 op, 1003145655.00 ns, 2.0269 us/op, 85666956.00 uJpkg, 0.00 uJdram
WorkloadResult   2: 494928 op, 999345560.00 ns, 2.0192 us/op, 85790796.00 uJpkg, 0.00 uJdram
WorkloadResult   3: 494928 op, 999394865.00 ns, 2.0193 us/op, 86686546.00 uJpkg, 0.00 uJdram
WorkloadResult   4: 494928 op, 999423518.00 ns, 2.0193 us/op, 86029260.00 uJpkg, 0.00 uJdram
WorkloadResult   5: 494928 op, 999966725.00 ns, 2.0204 us/op, 86125695.00 uJpkg, 0.00 uJdram
WorkloadResult   6: 494928 op, 999974336.00 ns, 2.0204 us/op, 86306176.00 uJpkg, 0.00 uJdram
WorkloadResult   7: 494928 op, 996790809.00 ns, 2.0140 us/op, 85595850.00 uJpkg, 0.00 uJdram
WorkloadResult   8: 494928 op, 996277950.00 ns, 2.0130 us/op, 85279079.00 uJpkg, 0.00 uJdram
WorkloadResult   9: 494928 op, 998093015.00 ns, 2.0166 us/op, 85899011.00 uJpkg, 0.00 uJdram
WorkloadResult  10: 494928 op, 997130369.00 ns, 2.0147 us/op, 86943014.00 uJpkg, 0.00 uJdram
WorkloadResult  11: 494928 op, 998206816.00 ns, 2.0169 us/op, 85464564.00 uJpkg, 0.00 uJdram
WorkloadResult  12: 494928 op, 994421849.00 ns, 2.0092 us/op, 84948574.00 uJpkg, 0.00 uJdram
WorkloadResult  13: 494928 op, 993830017.00 ns, 2.0080 us/op, 85019192.00 uJpkg, 0.00 uJdram
WorkloadResult  14: 494928 op, 994870419.00 ns, 2.0101 us/op, 85054470.00 uJpkg, 0.00 uJdram
WorkloadResult  15: 494928 op, 996189714.00 ns, 2.0128 us/op, 85390345.00 uJpkg, 0.00 uJdram

// AfterAll
// Benchmark Process 4055362 has exited with code 0.

Mean = 2.016 μs, StdErr = 0.001 μs (0.06%), N = 15, StdDev = 0.005 μs
Min = 2.008 μs, Q1 = 2.013 μs, Median = 2.017 μs, Q3 = 2.019 μs, Max = 2.027 μs
IQR = 0.006 μs, LowerFence = 2.003 μs, UpperFence = 2.029 μs
ConfidenceInterval = [2.011 μs; 2.021 μs] (CI 99.9%), Margin = 0.005 μs (0.27% of Mean)
Skewness = 0.21, Kurtosis = 2.27, MValue = 2

// ** Remained 16 (53.3%) benchmark(s) to run. Estimated finish 2025-12-31 19:23 (0h 7m from now) **
// **************************
// Benchmark: JsonSerializationBenchmarks.SpanJson_Deserialize_Small: Overhead-Fixed-Energy-4(OutlierMode=DontRemove, IterationCount=15, IterationTime=1s, LaunchCount=1, WarmupCount=6)
// *** Execute ***
// Launch: 1 / 1
// Execute: dotnet Serialization.Bench-Overhead-Fixed-Energy-4-1.dll --anonymousPipes 103 104 --benchmarkName Serialization.Bench.JsonSerializationBenchmarks.SpanJson_Deserialize_Small --job Overhead-Fixed-Energy-4 --benchmarkId 14 in /home/test/rapl-tests/lib-energy-bench/src/Serialization.Bench/bin/Release/net8.0/Serialization.Bench-Overhead-Fixed-Energy-4-1/bin/Release/net8.0
// BeforeAnythingElse

// Benchmark Process Environment Information:
// BenchmarkDotNet v0.15.5-develop (2025-12-31)
// Runtime=.NET 8.0.21 (8.0.21, 8.0.2125.47513), X64 RyuJIT x86-64-v4
// GC=Concurrent Workstation
// HardwareIntrinsics=AVX512 IFMA+VBMI,AVX512 F+BW+CD+DQ+VL,AVX2+BMI1+BMI2+F16C+FMA+LZCNT+MOVBE,AVX,SSE3+SSSE3+SSE4.1+SSE4.2+POPCNT,X86Base+SSE+SSE2,AES+PCLMUL VectorSize=256
// Job: Overhead-Fixed-Energy-4(OutlierMode=DontRemove, IterationCount=15, IterationTime=1s, LaunchCount=1, WarmupCount=6)

OverheadJitting  1: 1 op, 146222.00 ns, 146.2220 us/op, 68543.00 uJpkg, 0.00 uJdram
WorkloadJitting  1: 1 op, 59379166.00 ns, 59.3792 ms/op, 3820974.00 uJpkg, 0.00 uJdram

OverheadJitting  2: 16 op, 403247.00 ns, 25.2029 us/op, 79223.00 uJpkg, 0.00 uJdram
WorkloadJitting  2: 16 op, 421614.00 ns, 26.3509 us/op, 0.00 uJpkg, 0.00 uJdram

WorkloadPilot    1: 16 op, 32472.00 ns, 2.0295 us/op, 0.00 uJpkg, 0.00 uJdram
WorkloadPilot    2: 492736 op, 592812947.00 ns, 1.2031 us/op, 46712283.00 uJpkg, 0.00 uJdram
WorkloadPilot    3: 831184 op, 970169001.00 ns, 1.1672 us/op, 83008699.00 uJpkg, 0.00 uJdram
WorkloadPilot    4: 856752 op, 995716749.00 ns, 1.1622 us/op, 85188258.00 uJpkg, 0.00 uJdram
WorkloadPilot    5: 860448 op, 997489783.00 ns, 1.1593 us/op, 85764796.00 uJpkg, 0.00 uJdram
WorkloadPilot    6: 862624 op, 1003305992.00 ns, 1.1631 us/op, 86102441.00 uJpkg, 0.00 uJdram
WorkloadPilot    7: 859792 op, 1004313238.00 ns, 1.1681 us/op, 86131127.00 uJpkg, 0.00 uJdram
WorkloadPilot    8: 856112 op, 997709363.00 ns, 1.1654 us/op, 85819971.00 uJpkg, 0.00 uJdram
WorkloadPilot    9: 858080 op, 996872754.00 ns, 1.1617 us/op, 85501734.00 uJpkg, 0.00 uJdram
WorkloadPilot   10: 860784 op, 1001271371.00 ns, 1.1632 us/op, 86675071.00 uJpkg, 0.00 uJdram

OverheadWarmup   1: 860784 op, 2991114.00 ns, 3.4749 ns/op, 220763.00 uJpkg, 0.00 uJdram
OverheadWarmup   2: 860784 op, 2993325.00 ns, 3.4774 ns/op, 197265.00 uJpkg, 0.00 uJdram
OverheadWarmup   3: 860784 op, 2993248.00 ns, 3.4774 ns/op, 200500.00 uJpkg, 0.00 uJdram
OverheadWarmup   4: 860784 op, 2993866.00 ns, 3.4781 ns/op, 162109.00 uJpkg, 0.00 uJdram
OverheadWarmup   5: 860784 op, 2995660.00 ns, 3.4802 ns/op, 191650.00 uJpkg, 0.00 uJdram
OverheadWarmup   6: 860784 op, 2996573.00 ns, 3.4812 ns/op, 186645.00 uJpkg, 0.00 uJdram
OverheadWarmup   7: 860784 op, 2993828.00 ns, 3.4780 ns/op, 187621.00 uJpkg, 0.00 uJdram

OverheadActual   1: 860784 op, 2994951.00 ns, 3.4793 ns/op, 206115.00 uJpkg, 0.00 uJdram
OverheadActual   2: 860784 op, 2956838.00 ns, 3.4351 ns/op, 197448.00 uJpkg, 0.00 uJdram
OverheadActual   3: 860784 op, 2955086.00 ns, 3.4330 ns/op, 204833.00 uJpkg, 0.00 uJdram
OverheadActual   4: 860784 op, 2936653.00 ns, 3.4116 ns/op, 195374.00 uJpkg, 0.00 uJdram
OverheadActual   5: 860784 op, 2942015.00 ns, 3.4178 ns/op, 200316.00 uJpkg, 0.00 uJdram
OverheadActual   6: 860784 op, 2942406.00 ns, 3.4183 ns/op, 201172.00 uJpkg, 0.00 uJdram
OverheadActual   7: 860784 op, 2936405.00 ns, 3.4113 ns/op, 185485.00 uJpkg, 0.00 uJdram
OverheadActual   8: 860784 op, 2947337.00 ns, 3.4240 ns/op, 189209.00 uJpkg, 0.00 uJdram
OverheadActual   9: 860784 op, 2936619.00 ns, 3.4116 ns/op, 223877.00 uJpkg, 0.00 uJdram
OverheadActual  10: 860784 op, 2955111.00 ns, 3.4330 ns/op, 187622.00 uJpkg, 0.00 uJdram
OverheadActual  11: 860784 op, 2935815.00 ns, 3.4106 ns/op, 187317.00 uJpkg, 0.00 uJdram
OverheadActual  12: 860784 op, 2941300.00 ns, 3.4170 ns/op, 208496.00 uJpkg, 0.00 uJdram
OverheadActual  13: 860784 op, 2943707.00 ns, 3.4198 ns/op, 200500.00 uJpkg, 0.00 uJdram
OverheadActual  14: 860784 op, 2946167.00 ns, 3.4227 ns/op, 201721.00 uJpkg, 0.00 uJdram
OverheadActual  15: 860784 op, 2945970.00 ns, 3.4224 ns/op, 201659.00 uJpkg, 0.00 uJdram

WorkloadWarmup   1: 860784 op, 1002964644.00 ns, 1.1652 us/op, 88451556.00 uJpkg, 0.00 uJdram
WorkloadWarmup   2: 860784 op, 1001306117.00 ns, 1.1632 us/op, 85808985.00 uJpkg, 0.00 uJdram
WorkloadWarmup   3: 860784 op, 998366859.00 ns, 1.1598 us/op, 85763147.00 uJpkg, 0.00 uJdram
WorkloadWarmup   4: 860784 op, 998202938.00 ns, 1.1596 us/op, 85303920.00 uJpkg, 0.00 uJdram
WorkloadWarmup   5: 860784 op, 998307999.00 ns, 1.1598 us/op, 85910425.00 uJpkg, 0.00 uJdram
WorkloadWarmup   6: 860784 op, 998101453.00 ns, 1.1595 us/op, 85428553.00 uJpkg, 0.00 uJdram

// BeforeActualRun
WorkloadActual   1: 860784 op, 1001538583.00 ns, 1.1635 us/op, 85806482.00 uJpkg, 0.00 uJdram
WorkloadActual   2: 860784 op, 1002355065.00 ns, 1.1645 us/op, 85908593.00 uJpkg, 0.00 uJdram
WorkloadActual   3: 860784 op, 1001714351.00 ns, 1.1637 us/op, 85517176.00 uJpkg, 0.00 uJdram
WorkloadActual   4: 860784 op, 1001061523.00 ns, 1.1630 us/op, 85338038.00 uJpkg, 0.00 uJdram
WorkloadActual   5: 860784 op, 1003309880.00 ns, 1.1656 us/op, 86353782.00 uJpkg, 0.00 uJdram
WorkloadActual   6: 860784 op, 1006413657.00 ns, 1.1692 us/op, 86787498.00 uJpkg, 0.00 uJdram
WorkloadActual   7: 860784 op, 1004587966.00 ns, 1.1671 us/op, 86298668.00 uJpkg, 0.00 uJdram
WorkloadActual   8: 860784 op, 1003091561.00 ns, 1.1653 us/op, 86015161.00 uJpkg, 0.00 uJdram
WorkloadActual   9: 860784 op, 1003851011.00 ns, 1.1662 us/op, 86015160.00 uJpkg, 0.00 uJdram
WorkloadActual  10: 860784 op, 1005074817.00 ns, 1.1676 us/op, 87716573.00 uJpkg, 0.00 uJdram
WorkloadActual  11: 860784 op, 1002368241.00 ns, 1.1645 us/op, 86276513.00 uJpkg, 0.00 uJdram
WorkloadActual  12: 860784 op, 1002023845.00 ns, 1.1641 us/op, 86167748.00 uJpkg, 0.00 uJdram
WorkloadActual  13: 860784 op, 1003171053.00 ns, 1.1654 us/op, 86192590.00 uJpkg, 0.00 uJdram
WorkloadActual  14: 860784 op, 1002890481.00 ns, 1.1651 us/op, 86311546.00 uJpkg, 0.00 uJdram
WorkloadActual  15: 860784 op, 1002051141.00 ns, 1.1641 us/op, 86343712.00 uJpkg, 0.00 uJdram

// AfterActualRun
WorkloadResult   1: 860784 op, 998594876.00 ns, 1.1601 us/op, 85806482.00 uJpkg, 0.00 uJdram
WorkloadResult   2: 860784 op, 999411358.00 ns, 1.1610 us/op, 85908593.00 uJpkg, 0.00 uJdram
WorkloadResult   3: 860784 op, 998770644.00 ns, 1.1603 us/op, 85517176.00 uJpkg, 0.00 uJdram
WorkloadResult   4: 860784 op, 998117816.00 ns, 1.1595 us/op, 85338038.00 uJpkg, 0.00 uJdram
WorkloadResult   5: 860784 op, 1000366173.00 ns, 1.1622 us/op, 86353782.00 uJpkg, 0.00 uJdram
WorkloadResult   6: 860784 op, 1003469950.00 ns, 1.1658 us/op, 86787498.00 uJpkg, 0.00 uJdram
WorkloadResult   7: 860784 op, 1001644259.00 ns, 1.1636 us/op, 86298668.00 uJpkg, 0.00 uJdram
WorkloadResult   8: 860784 op, 1000147854.00 ns, 1.1619 us/op, 86015161.00 uJpkg, 0.00 uJdram
WorkloadResult   9: 860784 op, 1000907304.00 ns, 1.1628 us/op, 86015160.00 uJpkg, 0.00 uJdram
WorkloadResult  10: 860784 op, 1002131110.00 ns, 1.1642 us/op, 87716573.00 uJpkg, 0.00 uJdram
WorkloadResult  11: 860784 op, 999424534.00 ns, 1.1611 us/op, 86276513.00 uJpkg, 0.00 uJdram
WorkloadResult  12: 860784 op, 999080138.00 ns, 1.1607 us/op, 86167748.00 uJpkg, 0.00 uJdram
WorkloadResult  13: 860784 op, 1000227346.00 ns, 1.1620 us/op, 86192590.00 uJpkg, 0.00 uJdram
WorkloadResult  14: 860784 op, 999946774.00 ns, 1.1617 us/op, 86311546.00 uJpkg, 0.00 uJdram
WorkloadResult  15: 860784 op, 999107434.00 ns, 1.1607 us/op, 86343712.00 uJpkg, 0.00 uJdram

// AfterAll
// Benchmark Process 4055380 has exited with code 0.

Mean = 1.162 μs, StdErr = 0.000 μs (0.04%), N = 15, StdDev = 0.002 μs
Min = 1.160 μs, Q1 = 1.161 μs, Median = 1.162 μs, Q3 = 1.162 μs, Max = 1.166 μs
IQR = 0.002 μs, LowerFence = 1.158 μs, UpperFence = 1.165 μs
ConfidenceInterval = [1.160 μs; 1.164 μs] (CI 99.9%), Margin = 0.002 μs (0.16% of Mean)
Skewness = 0.77, Kurtosis = 2.69, MValue = 2

// ** Remained 15 (50.0%) benchmark(s) to run. Estimated finish 2025-12-31 19:23 (0h 6m from now) **
// **************************
// Benchmark: JsonSerializationBenchmarks.STJ_Serialize_Large: Overhead-Fixed-Energy-4(OutlierMode=DontRemove, IterationCount=15, IterationTime=1s, LaunchCount=1, WarmupCount=6)
// *** Execute ***
// Launch: 1 / 1
// Execute: dotnet Serialization.Bench-Overhead-Fixed-Energy-4-1.dll --anonymousPipes 103 104 --benchmarkName Serialization.Bench.JsonSerializationBenchmarks.STJ_Serialize_Large --job Overhead-Fixed-Energy-4 --benchmarkId 15 in /home/test/rapl-tests/lib-energy-bench/src/Serialization.Bench/bin/Release/net8.0/Serialization.Bench-Overhead-Fixed-Energy-4-1/bin/Release/net8.0
// BeforeAnythingElse

// Benchmark Process Environment Information:
// BenchmarkDotNet v0.15.5-develop (2025-12-31)
// Runtime=.NET 8.0.21 (8.0.21, 8.0.2125.47513), X64 RyuJIT x86-64-v4
// GC=Concurrent Workstation
// HardwareIntrinsics=AVX512 IFMA+VBMI,AVX512 F+BW+CD+DQ+VL,AVX2+BMI1+BMI2+F16C+FMA+LZCNT+MOVBE,AVX,SSE3+SSSE3+SSE4.1+SSE4.2+POPCNT,X86Base+SSE+SSE2,AES+PCLMUL VectorSize=256
// Job: Overhead-Fixed-Energy-4(OutlierMode=DontRemove, IterationCount=15, IterationTime=1s, LaunchCount=1, WarmupCount=6)

OverheadJitting  1: 1 op, 134016.00 ns, 134.0160 us/op, 0.00 uJpkg, 0.00 uJdram
WorkloadJitting  1: 1 op, 7984710.00 ns, 7.9847 ms/op, 510496.00 uJpkg, 0.00 uJdram

OverheadJitting  2: 16 op, 354622.00 ns, 22.1639 us/op, 74035.00 uJpkg, 0.00 uJdram
WorkloadJitting  2: 16 op, 6308943.00 ns, 394.3089 us/op, 439513.00 uJpkg, 0.00 uJdram

WorkloadPilot    1: 16 op, 5864530.00 ns, 366.5331 us/op, 472350.00 uJpkg, 0.00 uJdram
WorkloadPilot    2: 2736 op, 747509111.00 ns, 273.2124 us/op, 70375858.00 uJpkg, 0.00 uJdram
WorkloadPilot    3: 3664 op, 682918298.00 ns, 186.3860 us/op, 62923850.00 uJpkg, 0.00 uJdram
WorkloadPilot    4: 5376 op, 999344742.00 ns, 185.8900 us/op, 93735417.00 uJpkg, 0.00 uJdram
WorkloadPilot    5: 5392 op, 1002873820.00 ns, 185.9929 us/op, 93829045.00 uJpkg, 0.00 uJdram

OverheadWarmup   1: 5392 op, 18905.00 ns, 3.5061 ns/op, 0.00 uJpkg, 0.00 uJdram
OverheadWarmup   2: 5392 op, 18536.00 ns, 3.4377 ns/op, 0.00 uJpkg, 0.00 uJdram
OverheadWarmup   3: 5392 op, 18905.00 ns, 3.5061 ns/op, 0.00 uJpkg, 0.00 uJdram
OverheadWarmup   4: 5392 op, 18545.00 ns, 3.4394 ns/op, 0.00 uJpkg, 0.00 uJdram
OverheadWarmup   5: 5392 op, 18909.00 ns, 3.5069 ns/op, 0.00 uJpkg, 0.00 uJdram
OverheadWarmup   6: 5392 op, 18921.00 ns, 3.5091 ns/op, 0.00 uJpkg, 0.00 uJdram
OverheadWarmup   7: 5392 op, 18543.00 ns, 3.4390 ns/op, 0.00 uJpkg, 0.00 uJdram

OverheadActual   1: 5392 op, 18981.00 ns, 3.5202 ns/op, 0.00 uJpkg, 0.00 uJdram
OverheadActual   2: 5392 op, 18547.00 ns, 3.4397 ns/op, 0.00 uJpkg, 0.00 uJdram
OverheadActual   3: 5392 op, 18921.00 ns, 3.5091 ns/op, 0.00 uJpkg, 0.00 uJdram
OverheadActual   4: 5392 op, 18913.00 ns, 3.5076 ns/op, 0.00 uJpkg, 0.00 uJdram
OverheadActual   5: 5392 op, 19725.00 ns, 3.6582 ns/op, 0.00 uJpkg, 0.00 uJdram
OverheadActual   6: 5392 op, 19325.00 ns, 3.5840 ns/op, 0.00 uJpkg, 0.00 uJdram
OverheadActual   7: 5392 op, 18572.00 ns, 3.4444 ns/op, 0.00 uJpkg, 0.00 uJdram
OverheadActual   8: 5392 op, 18538.00 ns, 3.4381 ns/op, 0.00 uJpkg, 0.00 uJdram
OverheadActual   9: 5392 op, 18555.00 ns, 3.4412 ns/op, 0.00 uJpkg, 0.00 uJdram
OverheadActual  10: 5392 op, 18549.00 ns, 3.4401 ns/op, 0.00 uJpkg, 0.00 uJdram
OverheadActual  11: 5392 op, 18557.00 ns, 3.4416 ns/op, 0.00 uJpkg, 0.00 uJdram
OverheadActual  12: 5392 op, 18934.00 ns, 3.5115 ns/op, 0.00 uJpkg, 0.00 uJdram
OverheadActual  13: 5392 op, 18569.00 ns, 3.4438 ns/op, 0.00 uJpkg, 0.00 uJdram
OverheadActual  14: 5392 op, 18547.00 ns, 3.4397 ns/op, 0.00 uJpkg, 0.00 uJdram
OverheadActual  15: 5392 op, 18551.00 ns, 3.4405 ns/op, 0.00 uJpkg, 0.00 uJdram

WorkloadWarmup   1: 5392 op, 1013824677.00 ns, 188.0239 us/op, 96889889.00 uJpkg, 0.00 uJdram
WorkloadWarmup   2: 5392 op, 1005107924.00 ns, 186.4073 us/op, 94009281.00 uJpkg, 0.00 uJdram
WorkloadWarmup   3: 5392 op, 1004551786.00 ns, 186.3041 us/op, 93306524.00 uJpkg, 0.00 uJdram
WorkloadWarmup   4: 5392 op, 1004129937.00 ns, 186.2259 us/op, 94026859.00 uJpkg, 0.00 uJdram
WorkloadWarmup   5: 5392 op, 1005043612.00 ns, 186.3953 us/op, 93886600.00 uJpkg, 0.00 uJdram
WorkloadWarmup   6: 5392 op, 1026811986.00 ns, 190.4325 us/op, 95545654.00 uJpkg, 0.00 uJdram

// BeforeActualRun
WorkloadActual   1: 5392 op, 1006576591.00 ns, 186.6796 us/op, 94493655.00 uJpkg, 0.00 uJdram
WorkloadActual   2: 5392 op, 1014965688.00 ns, 188.2355 us/op, 94295108.00 uJpkg, 0.00 uJdram
WorkloadActual   3: 5392 op, 1006777069.00 ns, 186.7168 us/op, 94890748.00 uJpkg, 0.00 uJdram
WorkloadActual   4: 5392 op, 1006240640.00 ns, 186.6173 us/op, 93800480.00 uJpkg, 0.00 uJdram
WorkloadActual   5: 5392 op, 1041326779.00 ns, 193.1244 us/op, 96622678.00 uJpkg, 0.00 uJdram
WorkloadActual   6: 5392 op, 1037404880.00 ns, 192.3970 us/op, 96544186.00 uJpkg, 0.00 uJdram
WorkloadActual   7: 5392 op, 1003452633.00 ns, 186.1003 us/op, 94037906.00 uJpkg, 0.00 uJdram
WorkloadActual   8: 5392 op, 1006246678.00 ns, 186.6184 us/op, 94210269.00 uJpkg, 0.00 uJdram
WorkloadActual   9: 5392 op, 1002722401.00 ns, 185.9648 us/op, 94050236.00 uJpkg, 0.00 uJdram
WorkloadActual  10: 5392 op, 1004407376.00 ns, 186.2773 us/op, 95526122.00 uJpkg, 0.00 uJdram
WorkloadActual  11: 5392 op, 1006794493.00 ns, 186.7200 us/op, 94672548.00 uJpkg, 0.00 uJdram
WorkloadActual  12: 5392 op, 1005919858.00 ns, 186.5578 us/op, 94550539.00 uJpkg, 0.00 uJdram
WorkloadActual  13: 5392 op, 1005204712.00 ns, 186.4252 us/op, 94461123.00 uJpkg, 0.00 uJdram
WorkloadActual  14: 5392 op, 1005565059.00 ns, 186.4920 us/op, 94559694.00 uJpkg, 0.00 uJdram
WorkloadActual  15: 5392 op, 1007392162.00 ns, 186.8309 us/op, 94418947.00 uJpkg, 0.00 uJdram

// AfterActualRun
WorkloadResult   1: 5392 op, 1006558022.00 ns, 186.6762 us/op, 94493655.00 uJpkg, 0.00 uJdram
WorkloadResult   2: 5392 op, 1014947119.00 ns, 188.2320 us/op, 94295108.00 uJpkg, 0.00 uJdram
WorkloadResult   3: 5392 op, 1006758500.00 ns, 186.7134 us/op, 94890748.00 uJpkg, 0.00 uJdram
WorkloadResult   4: 5392 op, 1006222071.00 ns, 186.6139 us/op, 93800480.00 uJpkg, 0.00 uJdram
WorkloadResult   5: 5392 op, 1041308210.00 ns, 193.1210 us/op, 96622678.00 uJpkg, 0.00 uJdram
WorkloadResult   6: 5392 op, 1037386311.00 ns, 192.3936 us/op, 96544186.00 uJpkg, 0.00 uJdram
WorkloadResult   7: 5392 op, 1003434064.00 ns, 186.0968 us/op, 94037906.00 uJpkg, 0.00 uJdram
WorkloadResult   8: 5392 op, 1006228109.00 ns, 186.6150 us/op, 94210269.00 uJpkg, 0.00 uJdram
WorkloadResult   9: 5392 op, 1002703832.00 ns, 185.9614 us/op, 94050236.00 uJpkg, 0.00 uJdram
WorkloadResult  10: 5392 op, 1004388807.00 ns, 186.2739 us/op, 95526122.00 uJpkg, 0.00 uJdram
WorkloadResult  11: 5392 op, 1006775924.00 ns, 186.7166 us/op, 94672548.00 uJpkg, 0.00 uJdram
WorkloadResult  12: 5392 op, 1005901289.00 ns, 186.5544 us/op, 94550539.00 uJpkg, 0.00 uJdram
WorkloadResult  13: 5392 op, 1005186143.00 ns, 186.4218 us/op, 94461123.00 uJpkg, 0.00 uJdram
WorkloadResult  14: 5392 op, 1005546490.00 ns, 186.4886 us/op, 94559694.00 uJpkg, 0.00 uJdram
WorkloadResult  15: 5392 op, 1007373593.00 ns, 186.8274 us/op, 94418947.00 uJpkg, 0.00 uJdram

// AfterAll
// Benchmark Process 4055398 has exited with code 0.

Mean = 187.447 μs, StdErr = 0.573 μs (0.31%), N = 15, StdDev = 2.218 μs
Min = 185.961 μs, Q1 = 186.455 μs, Median = 186.615 μs, Q3 = 186.772 μs, Max = 193.121 μs
IQR = 0.317 μs, LowerFence = 185.980 μs, UpperFence = 187.247 μs
ConfidenceInterval = [185.076 μs; 189.818 μs] (CI 99.9%), Margin = 2.371 μs (1.27% of Mean)
Skewness = 1.78, Kurtosis = 4.54, MValue = 2

// ** Remained 14 (46.7%) benchmark(s) to run. Estimated finish 2025-12-31 19:23 (0h 6m from now) **
// **************************
// Benchmark: JsonSerializationBenchmarks.Newtonsoft_Serialize_Large: Overhead-Fixed-Energy-4(OutlierMode=DontRemove, IterationCount=15, IterationTime=1s, LaunchCount=1, WarmupCount=6)
// *** Execute ***
// Launch: 1 / 1
// Execute: dotnet Serialization.Bench-Overhead-Fixed-Energy-4-1.dll --anonymousPipes 103 104 --benchmarkName Serialization.Bench.JsonSerializationBenchmarks.Newtonsoft_Serialize_Large --job Overhead-Fixed-Energy-4 --benchmarkId 16 in /home/test/rapl-tests/lib-energy-bench/src/Serialization.Bench/bin/Release/net8.0/Serialization.Bench-Overhead-Fixed-Energy-4-1/bin/Release/net8.0
// BeforeAnythingElse

// Benchmark Process Environment Information:
// BenchmarkDotNet v0.15.5-develop (2025-12-31)
// Runtime=.NET 8.0.21 (8.0.21, 8.0.2125.47513), X64 RyuJIT x86-64-v4
// GC=Concurrent Workstation
// HardwareIntrinsics=AVX512 IFMA+VBMI,AVX512 F+BW+CD+DQ+VL,AVX2+BMI1+BMI2+F16C+FMA+LZCNT+MOVBE,AVX,SSE3+SSSE3+SSE4.1+SSE4.2+POPCNT,X86Base+SSE+SSE2,AES+PCLMUL VectorSize=256
// Job: Overhead-Fixed-Energy-4(OutlierMode=DontRemove, IterationCount=15, IterationTime=1s, LaunchCount=1, WarmupCount=6)

OverheadJitting  1: 1 op, 144197.00 ns, 144.1970 us/op, 61280.00 uJpkg, 0.00 uJdram
WorkloadJitting  1: 1 op, 50614651.00 ns, 50.6147 ms/op, 3178397.00 uJpkg, 0.00 uJdram

OverheadJitting  2: 16 op, 365255.00 ns, 22.8284 us/op, 0.00 uJpkg, 0.00 uJdram
WorkloadJitting  2: 16 op, 15772869.00 ns, 985.8043 us/op, 1108639.00 uJpkg, 0.00 uJdram

WorkloadPilot    1: 16 op, 14894817.00 ns, 930.9261 us/op, 1025998.00 uJpkg, 0.00 uJdram
WorkloadPilot    2: 1088 op, 462858220.00 ns, 425.4212 us/op, 38746056.00 uJpkg, 0.00 uJdram
WorkloadPilot    3: 2352 op, 720439364.00 ns, 306.3093 us/op, 60164519.00 uJpkg, 0.00 uJdram
WorkloadPilot    4: 3280 op, 1007504374.00 ns, 307.1660 us/op, 83952483.00 uJpkg, 0.00 uJdram
WorkloadPilot    5: 3264 op, 1003914666.00 ns, 307.5719 us/op, 83566619.00 uJpkg, 0.00 uJdram

OverheadWarmup   1: 3264 op, 12021.00 ns, 3.6829 ns/op, 0.00 uJpkg, 0.00 uJdram
OverheadWarmup   2: 3264 op, 11566.00 ns, 3.5435 ns/op, 97717.00 uJpkg, 0.00 uJdram
OverheadWarmup   3: 3264 op, 11587.00 ns, 3.5499 ns/op, 0.00 uJpkg, 0.00 uJdram
OverheadWarmup   4: 3264 op, 12049.00 ns, 3.6915 ns/op, 0.00 uJpkg, 0.00 uJdram
OverheadWarmup   5: 3264 op, 11575.00 ns, 3.5463 ns/op, 0.00 uJpkg, 0.00 uJdram
OverheadWarmup   6: 3264 op, 11565.00 ns, 3.5432 ns/op, 0.00 uJpkg, 0.00 uJdram
OverheadWarmup   7: 3264 op, 11572.00 ns, 3.5453 ns/op, 0.00 uJpkg, 0.00 uJdram
OverheadWarmup   8: 3264 op, 11580.00 ns, 3.5478 ns/op, 0.00 uJpkg, 0.00 uJdram
OverheadWarmup   9: 3264 op, 11573.00 ns, 3.5456 ns/op, 0.00 uJpkg, 0.00 uJdram

OverheadActual   1: 3264 op, 11624.00 ns, 3.5613 ns/op, 0.00 uJpkg, 0.00 uJdram
OverheadActual   2: 3264 op, 11572.00 ns, 3.5453 ns/op, 0.00 uJpkg, 0.00 uJdram
OverheadActual   3: 3264 op, 11586.00 ns, 3.5496 ns/op, 0.00 uJpkg, 0.00 uJdram
OverheadActual   4: 3264 op, 11566.00 ns, 3.5435 ns/op, 0.00 uJpkg, 0.00 uJdram
OverheadActual   5: 3264 op, 11570.00 ns, 3.5447 ns/op, 0.00 uJpkg, 0.00 uJdram
OverheadActual   6: 3264 op, 11565.00 ns, 3.5432 ns/op, 0.00 uJpkg, 0.00 uJdram
OverheadActual   7: 3264 op, 11568.00 ns, 3.5441 ns/op, 0.00 uJpkg, 0.00 uJdram
OverheadActual   8: 3264 op, 11577.00 ns, 3.5469 ns/op, 0.00 uJpkg, 0.00 uJdram
OverheadActual   9: 3264 op, 11567.00 ns, 3.5438 ns/op, 0.00 uJpkg, 0.00 uJdram
OverheadActual  10: 3264 op, 11569.00 ns, 3.5444 ns/op, 0.00 uJpkg, 0.00 uJdram
OverheadActual  11: 3264 op, 11574.00 ns, 3.5460 ns/op, 0.00 uJpkg, 0.00 uJdram
OverheadActual  12: 3264 op, 11976.00 ns, 3.6691 ns/op, 69214.00 uJpkg, 0.00 uJdram
OverheadActual  13: 3264 op, 11572.00 ns, 3.5453 ns/op, 0.00 uJpkg, 0.00 uJdram
OverheadActual  14: 3264 op, 11571.00 ns, 3.5450 ns/op, 0.00 uJpkg, 0.00 uJdram
OverheadActual  15: 3264 op, 11564.00 ns, 3.5429 ns/op, 0.00 uJpkg, 0.00 uJdram

WorkloadWarmup   1: 3264 op, 1004618705.00 ns, 307.7876 us/op, 86161157.00 uJpkg, 0.00 uJdram
WorkloadWarmup   2: 3264 op, 1000722932.00 ns, 306.5940 us/op, 83264130.00 uJpkg, 0.00 uJdram
WorkloadWarmup   3: 3264 op, 1001544951.00 ns, 306.8459 us/op, 84018157.00 uJpkg, 0.00 uJdram
WorkloadWarmup   4: 3264 op, 999909455.00 ns, 306.3448 us/op, 82910188.00 uJpkg, 0.00 uJdram
WorkloadWarmup   5: 3264 op, 1000362447.00 ns, 306.4836 us/op, 83473541.00 uJpkg, 0.00 uJdram
WorkloadWarmup   6: 3264 op, 994661899.00 ns, 304.7371 us/op, 82989900.00 uJpkg, 0.00 uJdram

// BeforeActualRun
WorkloadActual   1: 3264 op, 997902324.00 ns, 305.7299 us/op, 83594086.00 uJpkg, 0.00 uJdram
WorkloadActual   2: 3264 op, 993684893.00 ns, 304.4378 us/op, 82317233.00 uJpkg, 0.00 uJdram
WorkloadActual   3: 3264 op, 993656099.00 ns, 304.4290 us/op, 83465789.00 uJpkg, 0.00 uJdram
WorkloadActual   4: 3264 op, 996544895.00 ns, 305.3140 us/op, 83350311.00 uJpkg, 0.00 uJdram
WorkloadActual   5: 3264 op, 995877202.00 ns, 305.1094 us/op, 83095307.00 uJpkg, 0.00 uJdram
WorkloadActual   6: 3264 op, 995268490.00 ns, 304.9229 us/op, 83066499.00 uJpkg, 0.00 uJdram
WorkloadActual   7: 3264 op, 995024909.00 ns, 304.8483 us/op, 83385163.00 uJpkg, 0.00 uJdram
WorkloadActual   8: 3264 op, 996067729.00 ns, 305.1678 us/op, 83384064.00 uJpkg, 0.00 uJdram
WorkloadActual   9: 3264 op, 998631577.00 ns, 305.9533 us/op, 83869292.00 uJpkg, 0.00 uJdram
WorkloadActual  10: 3264 op, 997877374.00 ns, 305.7222 us/op, 84307951.00 uJpkg, 0.00 uJdram
WorkloadActual  11: 3264 op, 996046069.00 ns, 305.1612 us/op, 83279450.00 uJpkg, 0.00 uJdram
WorkloadActual  12: 3264 op, 998313910.00 ns, 305.8560 us/op, 83459198.00 uJpkg, 0.00 uJdram
WorkloadActual  13: 3264 op, 998560499.00 ns, 305.9315 us/op, 83528290.00 uJpkg, 0.00 uJdram
WorkloadActual  14: 3264 op, 999457867.00 ns, 306.2065 us/op, 83717254.00 uJpkg, 0.00 uJdram
WorkloadActual  15: 3264 op, 998692186.00 ns, 305.9719 us/op, 83893889.00 uJpkg, 0.00 uJdram

// AfterActualRun
WorkloadResult   1: 3264 op, 997890753.00 ns, 305.7263 us/op, 83594086.00 uJpkg, 0.00 uJdram
WorkloadResult   2: 3264 op, 993673322.00 ns, 304.4342 us/op, 82317233.00 uJpkg, 0.00 uJdram
WorkloadResult   3: 3264 op, 993644528.00 ns, 304.4254 us/op, 83465789.00 uJpkg, 0.00 uJdram
WorkloadResult   4: 3264 op, 996533324.00 ns, 305.3105 us/op, 83350311.00 uJpkg, 0.00 uJdram
WorkloadResult   5: 3264 op, 995865631.00 ns, 305.1059 us/op, 83095307.00 uJpkg, 0.00 uJdram
WorkloadResult   6: 3264 op, 995256919.00 ns, 304.9194 us/op, 83066499.00 uJpkg, 0.00 uJdram
WorkloadResult   7: 3264 op, 995013338.00 ns, 304.8448 us/op, 83385163.00 uJpkg, 0.00 uJdram
WorkloadResult   8: 3264 op, 996056158.00 ns, 305.1643 us/op, 83384064.00 uJpkg, 0.00 uJdram
WorkloadResult   9: 3264 op, 998620006.00 ns, 305.9498 us/op, 83869292.00 uJpkg, 0.00 uJdram
WorkloadResult  10: 3264 op, 997865803.00 ns, 305.7187 us/op, 84307951.00 uJpkg, 0.00 uJdram
WorkloadResult  11: 3264 op, 996034498.00 ns, 305.1576 us/op, 83279450.00 uJpkg, 0.00 uJdram
WorkloadResult  12: 3264 op, 998302339.00 ns, 305.8524 us/op, 83459198.00 uJpkg, 0.00 uJdram
WorkloadResult  13: 3264 op, 998548928.00 ns, 305.9280 us/op, 83528290.00 uJpkg, 0.00 uJdram
WorkloadResult  14: 3264 op, 999446296.00 ns, 306.2029 us/op, 83717254.00 uJpkg, 0.00 uJdram
WorkloadResult  15: 3264 op, 998680615.00 ns, 305.9683 us/op, 83893889.00 uJpkg, 0.00 uJdram

// AfterAll
// Benchmark Process 4055417 has exited with code 0.

Mean = 305.381 μs, StdErr = 0.148 μs (0.05%), N = 15, StdDev = 0.572 μs
Min = 304.425 μs, Q1 = 305.013 μs, Median = 305.310 μs, Q3 = 305.890 μs, Max = 306.203 μs
IQR = 0.878 μs, LowerFence = 303.696 μs, UpperFence = 307.207 μs
ConfidenceInterval = [304.769 μs; 305.992 μs] (CI 99.9%), Margin = 0.612 μs (0.20% of Mean)
Skewness = -0.26, Kurtosis = 1.63, MValue = 2

// ** Remained 13 (43.3%) benchmark(s) to run. Estimated finish 2025-12-31 19:23 (0h 5m from now) **
// **************************
// Benchmark: JsonSerializationBenchmarks.Jil_Serialize_Large: Overhead-Fixed-Energy-4(OutlierMode=DontRemove, IterationCount=15, IterationTime=1s, LaunchCount=1, WarmupCount=6)
// *** Execute ***
// Launch: 1 / 1
// Execute: dotnet Serialization.Bench-Overhead-Fixed-Energy-4-1.dll --anonymousPipes 103 104 --benchmarkName Serialization.Bench.JsonSerializationBenchmarks.Jil_Serialize_Large --job Overhead-Fixed-Energy-4 --benchmarkId 17 in /home/test/rapl-tests/lib-energy-bench/src/Serialization.Bench/bin/Release/net8.0/Serialization.Bench-Overhead-Fixed-Energy-4-1/bin/Release/net8.0
// BeforeAnythingElse

// Benchmark Process Environment Information:
// BenchmarkDotNet v0.15.5-develop (2025-12-31)
// Runtime=.NET 8.0.21 (8.0.21, 8.0.2125.47513), X64 RyuJIT x86-64-v4
// GC=Concurrent Workstation
// HardwareIntrinsics=AVX512 IFMA+VBMI,AVX512 F+BW+CD+DQ+VL,AVX2+BMI1+BMI2+F16C+FMA+LZCNT+MOVBE,AVX,SSE3+SSSE3+SSE4.1+SSE4.2+POPCNT,X86Base+SSE+SSE2,AES+PCLMUL VectorSize=256
// Job: Overhead-Fixed-Energy-4(OutlierMode=DontRemove, IterationCount=15, IterationTime=1s, LaunchCount=1, WarmupCount=6)

OverheadJitting  1: 1 op, 135669.00 ns, 135.6690 us/op, 0.00 uJpkg, 0.00 uJdram
WorkloadJitting  1: 1 op, 156087025.00 ns, 156.0870 ms/op, 10209995.00 uJpkg, 0.00 uJdram

WorkloadPilot    1: 4 op, 1647077.00 ns, 411.7693 us/op, 145752.00 uJpkg, 0.00 uJdram
WorkloadPilot    2: 2429 op, 763633865.00 ns, 314.3820 us/op, 63489828.00 uJpkg, 0.00 uJdram
WorkloadPilot    3: 3181 op, 914069875.00 ns, 287.3530 us/op, 77742843.00 uJpkg, 0.00 uJdram
WorkloadPilot    4: 3480 op, 991713028.00 ns, 284.9750 us/op, 85074795.00 uJpkg, 0.00 uJdram
WorkloadPilot    5: 3509 op, 1000333857.00 ns, 285.0766 us/op, 86195885.00 uJpkg, 0.00 uJdram

WorkloadWarmup   1: 3509 op, 1002243513.00 ns, 285.6208 us/op, 86462609.00 uJpkg, 0.00 uJdram
WorkloadWarmup   2: 3509 op, 1000847494.00 ns, 285.2230 us/op, 86135095.00 uJpkg, 0.00 uJdram
WorkloadWarmup   3: 3509 op, 1000902591.00 ns, 285.2387 us/op, 86566185.00 uJpkg, 0.00 uJdram
WorkloadWarmup   4: 3509 op, 1000982304.00 ns, 285.2614 us/op, 87008749.00 uJpkg, 0.00 uJdram
WorkloadWarmup   5: 3509 op, 1002986476.00 ns, 285.8326 us/op, 88824846.00 uJpkg, 0.00 uJdram
WorkloadWarmup   6: 3509 op, 1000919329.00 ns, 285.2435 us/op, 85825952.00 uJpkg, 0.00 uJdram

// BeforeActualRun
WorkloadActual   1: 3509 op, 1002327494.00 ns, 285.6448 us/op, 86928489.00 uJpkg, 0.00 uJdram
WorkloadActual   2: 3509 op, 1000948437.00 ns, 285.2518 us/op, 86241418.00 uJpkg, 0.00 uJdram
WorkloadActual   3: 3509 op, 1001818145.00 ns, 285.4996 us/op, 86386009.00 uJpkg, 0.00 uJdram
WorkloadActual   4: 3509 op, 1000487793.00 ns, 285.1205 us/op, 86535728.00 uJpkg, 0.00 uJdram
WorkloadActual   5: 3509 op, 1001994419.00 ns, 285.5498 us/op, 87913959.00 uJpkg, 0.00 uJdram
WorkloadActual   6: 3509 op, 1001669735.00 ns, 285.4573 us/op, 87687092.00 uJpkg, 0.00 uJdram
WorkloadActual   7: 3509 op, 1001318684.00 ns, 285.3573 us/op, 88115558.00 uJpkg, 0.00 uJdram
WorkloadActual   8: 3509 op, 1002428755.00 ns, 285.6736 us/op, 88074848.00 uJpkg, 0.00 uJdram
WorkloadActual   9: 3509 op, 1000445908.00 ns, 285.1086 us/op, 87299154.00 uJpkg, 0.00 uJdram
WorkloadActual  10: 3509 op, 1002243057.00 ns, 285.6207 us/op, 88334551.00 uJpkg, 0.00 uJdram
WorkloadActual  11: 3509 op, 1002732680.00 ns, 285.7602 us/op, 87859333.00 uJpkg, 0.00 uJdram
WorkloadActual  12: 3509 op, 1001242031.00 ns, 285.3354 us/op, 87207479.00 uJpkg, 0.00 uJdram
WorkloadActual  13: 3509 op, 1002028680.00 ns, 285.5596 us/op, 86143396.00 uJpkg, 0.00 uJdram
WorkloadActual  14: 3509 op, 1002236303.00 ns, 285.6188 us/op, 88361529.00 uJpkg, 0.00 uJdram
WorkloadActual  15: 3509 op, 1001717433.00 ns, 285.4709 us/op, 86929343.00 uJpkg, 0.00 uJdram

// AfterActualRun
WorkloadResult   1: 3509 op, 1002327494.00 ns, 285.6448 us/op, 86928489.00 uJpkg, 0.00 uJdram
WorkloadResult   2: 3509 op, 1000948437.00 ns, 285.2518 us/op, 86241418.00 uJpkg, 0.00 uJdram
WorkloadResult   3: 3509 op, 1001818145.00 ns, 285.4996 us/op, 86386009.00 uJpkg, 0.00 uJdram
WorkloadResult   4: 3509 op, 1000487793.00 ns, 285.1205 us/op, 86535728.00 uJpkg, 0.00 uJdram
WorkloadResult   5: 3509 op, 1001994419.00 ns, 285.5498 us/op, 87913959.00 uJpkg, 0.00 uJdram
WorkloadResult   6: 3509 op, 1001669735.00 ns, 285.4573 us/op, 87687092.00 uJpkg, 0.00 uJdram
WorkloadResult   7: 3509 op, 1001318684.00 ns, 285.3573 us/op, 88115558.00 uJpkg, 0.00 uJdram
WorkloadResult   8: 3509 op, 1002428755.00 ns, 285.6736 us/op, 88074848.00 uJpkg, 0.00 uJdram
WorkloadResult   9: 3509 op, 1000445908.00 ns, 285.1086 us/op, 87299154.00 uJpkg, 0.00 uJdram
WorkloadResult  10: 3509 op, 1002243057.00 ns, 285.6207 us/op, 88334551.00 uJpkg, 0.00 uJdram
WorkloadResult  11: 3509 op, 1002732680.00 ns, 285.7602 us/op, 87859333.00 uJpkg, 0.00 uJdram
WorkloadResult  12: 3509 op, 1001242031.00 ns, 285.3354 us/op, 87207479.00 uJpkg, 0.00 uJdram
WorkloadResult  13: 3509 op, 1002028680.00 ns, 285.5596 us/op, 86143396.00 uJpkg, 0.00 uJdram
WorkloadResult  14: 3509 op, 1002236303.00 ns, 285.6188 us/op, 88361529.00 uJpkg, 0.00 uJdram
WorkloadResult  15: 3509 op, 1001717433.00 ns, 285.4709 us/op, 86929343.00 uJpkg, 0.00 uJdram

// AfterAll
// Benchmark Process 4055434 has exited with code 0.

Mean = 285.469 μs, StdErr = 0.051 μs (0.02%), N = 15, StdDev = 0.198 μs
Min = 285.109 μs, Q1 = 285.346 μs, Median = 285.500 μs, Q3 = 285.620 μs, Max = 285.760 μs
IQR = 0.273 μs, LowerFence = 284.936 μs, UpperFence = 286.030 μs
ConfidenceInterval = [285.257 μs; 285.680 μs] (CI 99.9%), Margin = 0.211 μs (0.07% of Mean)
Skewness = -0.48, Kurtosis = 1.97, MValue = 2

// ** Remained 12 (40.0%) benchmark(s) to run. Estimated finish 2025-12-31 19:23 (0h 5m from now) **
// **************************
// Benchmark: JsonSerializationBenchmarks.Utf8Json_Serialize_Large: Overhead-Fixed-Energy-4(OutlierMode=DontRemove, IterationCount=15, IterationTime=1s, LaunchCount=1, WarmupCount=6)
// *** Execute ***
// Launch: 1 / 1
// Execute: dotnet Serialization.Bench-Overhead-Fixed-Energy-4-1.dll --anonymousPipes 103 104 --benchmarkName Serialization.Bench.JsonSerializationBenchmarks.Utf8Json_Serialize_Large --job Overhead-Fixed-Energy-4 --benchmarkId 18 in /home/test/rapl-tests/lib-energy-bench/src/Serialization.Bench/bin/Release/net8.0/Serialization.Bench-Overhead-Fixed-Energy-4-1/bin/Release/net8.0
// BeforeAnythingElse

// Benchmark Process Environment Information:
// BenchmarkDotNet v0.15.5-develop (2025-12-31)
// Runtime=.NET 8.0.21 (8.0.21, 8.0.2125.47513), X64 RyuJIT x86-64-v4
// GC=Concurrent Workstation
// HardwareIntrinsics=AVX512 IFMA+VBMI,AVX512 F+BW+CD+DQ+VL,AVX2+BMI1+BMI2+F16C+FMA+LZCNT+MOVBE,AVX,SSE3+SSSE3+SSE4.1+SSE4.2+POPCNT,X86Base+SSE+SSE2,AES+PCLMUL VectorSize=256
// Job: Overhead-Fixed-Energy-4(OutlierMode=DontRemove, IterationCount=15, IterationTime=1s, LaunchCount=1, WarmupCount=6)

OverheadJitting  1: 1 op, 135792.00 ns, 135.7920 us/op, 65368.00 uJpkg, 0.00 uJdram
WorkloadJitting  1: 1 op, 54501857.00 ns, 54.5019 ms/op, 3770803.00 uJpkg, 0.00 uJdram

OverheadJitting  2: 16 op, 366649.00 ns, 22.9156 us/op, 0.00 uJpkg, 0.00 uJdram
WorkloadJitting  2: 16 op, 13463779.00 ns, 841.4862 us/op, 1038877.00 uJpkg, 0.00 uJdram

WorkloadPilot    1: 16 op, 12204583.00 ns, 762.7864 us/op, 921690.00 uJpkg, 0.00 uJdram
WorkloadPilot    2: 1312 op, 501389478.00 ns, 382.1566 us/op, 46819399.00 uJpkg, 0.00 uJdram
WorkloadPilot    3: 2624 op, 774659466.00 ns, 295.2208 us/op, 74460747.00 uJpkg, 0.00 uJdram
WorkloadPilot    4: 3392 op, 999072136.00 ns, 294.5378 us/op, 96033751.00 uJpkg, 0.00 uJdram
WorkloadPilot    5: 3408 op, 1004300676.00 ns, 294.6892 us/op, 96449704.00 uJpkg, 0.00 uJdram

OverheadWarmup   1: 3408 op, 12897.00 ns, 3.7843 ns/op, 0.00 uJpkg, 0.00 uJdram
OverheadWarmup   2: 3408 op, 12611.00 ns, 3.7004 ns/op, 0.00 uJpkg, 0.00 uJdram
OverheadWarmup   3: 3408 op, 12097.00 ns, 3.5496 ns/op, 0.00 uJpkg, 0.00 uJdram
OverheadWarmup   4: 3408 op, 12081.00 ns, 3.5449 ns/op, 0.00 uJpkg, 0.00 uJdram
OverheadWarmup   5: 3408 op, 12091.00 ns, 3.5478 ns/op, 92468.00 uJpkg, 0.00 uJdram
OverheadWarmup   6: 3408 op, 12095.00 ns, 3.5490 ns/op, 0.00 uJpkg, 0.00 uJdram
OverheadWarmup   7: 3408 op, 12079.00 ns, 3.5443 ns/op, 0.00 uJpkg, 0.00 uJdram
OverheadWarmup   8: 3408 op, 12087.00 ns, 3.5467 ns/op, 0.00 uJpkg, 0.00 uJdram
OverheadWarmup   9: 3408 op, 12129.00 ns, 3.5590 ns/op, 0.00 uJpkg, 0.00 uJdram
OverheadWarmup  10: 3408 op, 12078.00 ns, 3.5440 ns/op, 0.00 uJpkg, 0.00 uJdram

OverheadActual   1: 3408 op, 12093.00 ns, 3.5484 ns/op, 0.00 uJpkg, 0.00 uJdram
OverheadActual   2: 3408 op, 12101.00 ns, 3.5508 ns/op, 0.00 uJpkg, 0.00 uJdram
OverheadActual   3: 3408 op, 12099.00 ns, 3.5502 ns/op, 0.00 uJpkg, 0.00 uJdram
OverheadActual   4: 3408 op, 12083.00 ns, 3.5455 ns/op, 0.00 uJpkg, 0.00 uJdram
OverheadActual   5: 3408 op, 12083.00 ns, 3.5455 ns/op, 0.00 uJpkg, 0.00 uJdram
OverheadActual   6: 3408 op, 12089.00 ns, 3.5472 ns/op, 0.00 uJpkg, 0.00 uJdram
OverheadActual   7: 3408 op, 12096.00 ns, 3.5493 ns/op, 0.00 uJpkg, 0.00 uJdram
OverheadActual   8: 3408 op, 12124.00 ns, 3.5575 ns/op, 0.00 uJpkg, 0.00 uJdram
OverheadActual   9: 3408 op, 12084.00 ns, 3.5458 ns/op, 0.00 uJpkg, 0.00 uJdram
OverheadActual  10: 3408 op, 12489.00 ns, 3.6646 ns/op, 0.00 uJpkg, 0.00 uJdram
OverheadActual  11: 3408 op, 12091.00 ns, 3.5478 ns/op, 0.00 uJpkg, 0.00 uJdram
OverheadActual  12: 3408 op, 12619.00 ns, 3.7028 ns/op, 0.00 uJpkg, 0.00 uJdram
OverheadActual  13: 3408 op, 12123.00 ns, 3.5572 ns/op, 0.00 uJpkg, 0.00 uJdram
OverheadActual  14: 3408 op, 12091.00 ns, 3.5478 ns/op, 0.00 uJpkg, 0.00 uJdram
OverheadActual  15: 3408 op, 12087.00 ns, 3.5467 ns/op, 0.00 uJpkg, 0.00 uJdram

WorkloadWarmup   1: 3408 op, 1004617181.00 ns, 294.7820 us/op, 97557977.00 uJpkg, 0.00 uJdram
WorkloadWarmup   2: 3408 op, 1001129612.00 ns, 293.7587 us/op, 96247434.00 uJpkg, 0.00 uJdram
WorkloadWarmup   3: 3408 op, 1009410090.00 ns, 296.1884 us/op, 96976558.00 uJpkg, 0.00 uJdram
WorkloadWarmup   4: 3408 op, 1006089292.00 ns, 295.2140 us/op, 96817074.00 uJpkg, 0.00 uJdram
WorkloadWarmup   5: 3408 op, 1008109700.00 ns, 295.8068 us/op, 97034237.00 uJpkg, 0.00 uJdram
WorkloadWarmup   6: 3408 op, 1019381605.00 ns, 299.1143 us/op, 95656921.00 uJpkg, 0.00 uJdram

// BeforeActualRun
WorkloadActual   1: 3408 op, 1007587443.00 ns, 295.6536 us/op, 97513056.00 uJpkg, 0.00 uJdram
WorkloadActual   2: 3408 op, 1001637560.00 ns, 293.9077 us/op, 96678829.00 uJpkg, 0.00 uJdram
WorkloadActual   3: 3408 op, 1009609208.00 ns, 296.2468 us/op, 97063289.00 uJpkg, 0.00 uJdram
WorkloadActual   4: 3408 op, 1003585894.00 ns, 294.4794 us/op, 96726620.00 uJpkg, 0.00 uJdram
WorkloadActual   5: 3408 op, 1007878390.00 ns, 295.7390 us/op, 97471247.00 uJpkg, 0.00 uJdram
WorkloadActual   6: 3408 op, 1019899475.00 ns, 299.2663 us/op, 95908629.00 uJpkg, 0.00 uJdram
WorkloadActual   7: 3408 op, 1004947463.00 ns, 294.8790 us/op, 97072322.00 uJpkg, 0.00 uJdram
WorkloadActual   8: 3408 op, 1001466814.00 ns, 293.8576 us/op, 96700925.00 uJpkg, 0.00 uJdram
WorkloadActual   9: 3408 op, 1011817048.00 ns, 296.8947 us/op, 98292168.00 uJpkg, 0.00 uJdram
WorkloadActual  10: 3408 op, 1022549007.00 ns, 300.0437 us/op, 102972149.00 uJpkg, 0.00 uJdram
WorkloadActual  11: 3408 op, 1000793622.00 ns, 293.6601 us/op, 96318113.00 uJpkg, 0.00 uJdram
WorkloadActual  12: 3408 op, 998193288.00 ns, 292.8971 us/op, 96136656.00 uJpkg, 0.00 uJdram
WorkloadActual  13: 3408 op, 1005278475.00 ns, 294.9761 us/op, 96212340.00 uJpkg, 0.00 uJdram
WorkloadActual  14: 3408 op, 1001617035.00 ns, 293.9017 us/op, 96317502.00 uJpkg, 0.00 uJdram
WorkloadActual  15: 3408 op, 1005878330.00 ns, 295.1521 us/op, 96493894.00 uJpkg, 0.00 uJdram

// AfterActualRun
WorkloadResult   1: 3408 op, 1007575350.00 ns, 295.6500 us/op, 97513056.00 uJpkg, 0.00 uJdram
WorkloadResult   2: 3408 op, 1001625467.00 ns, 293.9042 us/op, 96678829.00 uJpkg, 0.00 uJdram
WorkloadResult   3: 3408 op, 1009597115.00 ns, 296.2433 us/op, 97063289.00 uJpkg, 0.00 uJdram
WorkloadResult   4: 3408 op, 1003573801.00 ns, 294.4759 us/op, 96726620.00 uJpkg, 0.00 uJdram
WorkloadResult   5: 3408 op, 1007866297.00 ns, 295.7354 us/op, 97471247.00 uJpkg, 0.00 uJdram
WorkloadResult   6: 3408 op, 1019887382.00 ns, 299.2627 us/op, 95908629.00 uJpkg, 0.00 uJdram
WorkloadResult   7: 3408 op, 1004935370.00 ns, 294.8754 us/op, 97072322.00 uJpkg, 0.00 uJdram
WorkloadResult   8: 3408 op, 1001454721.00 ns, 293.8541 us/op, 96700925.00 uJpkg, 0.00 uJdram
WorkloadResult   9: 3408 op, 1011804955.00 ns, 296.8911 us/op, 98292168.00 uJpkg, 0.00 uJdram
WorkloadResult  10: 3408 op, 1022536914.00 ns, 300.0402 us/op, 102972149.00 uJpkg, 0.00 uJdram
WorkloadResult  11: 3408 op, 1000781529.00 ns, 293.6566 us/op, 96318113.00 uJpkg, 0.00 uJdram
WorkloadResult  12: 3408 op, 998181195.00 ns, 292.8935 us/op, 96136656.00 uJpkg, 0.00 uJdram
WorkloadResult  13: 3408 op, 1005266382.00 ns, 294.9725 us/op, 96212340.00 uJpkg, 0.00 uJdram
WorkloadResult  14: 3408 op, 1001604942.00 ns, 293.8982 us/op, 96317502.00 uJpkg, 0.00 uJdram
WorkloadResult  15: 3408 op, 1005866237.00 ns, 295.1485 us/op, 96493894.00 uJpkg, 0.00 uJdram

// AfterAll
// Benchmark Process 4055450 has exited with code 0.

Mean = 295.433 μs, StdErr = 0.522 μs (0.18%), N = 15, StdDev = 2.020 μs
Min = 292.894 μs, Q1 = 293.901 μs, Median = 294.973 μs, Q3 = 295.989 μs, Max = 300.040 μs
IQR = 2.088 μs, LowerFence = 290.769 μs, UpperFence = 299.122 μs
ConfidenceInterval = [293.274 μs; 297.593 μs] (CI 99.9%), Margin = 2.159 μs (0.73% of Mean)
Skewness = 1, Kurtosis = 2.96, MValue = 2

// ** Remained 11 (36.7%) benchmark(s) to run. Estimated finish 2025-12-31 19:23 (0h 4m from now) **
// **************************
// Benchmark: JsonSerializationBenchmarks.SpanJson_Serialize_Large: Overhead-Fixed-Energy-4(OutlierMode=DontRemove, IterationCount=15, IterationTime=1s, LaunchCount=1, WarmupCount=6)
// *** Execute ***
// Launch: 1 / 1
// Execute: dotnet Serialization.Bench-Overhead-Fixed-Energy-4-1.dll --anonymousPipes 103 104 --benchmarkName Serialization.Bench.JsonSerializationBenchmarks.SpanJson_Serialize_Large --job Overhead-Fixed-Energy-4 --benchmarkId 19 in /home/test/rapl-tests/lib-energy-bench/src/Serialization.Bench/bin/Release/net8.0/Serialization.Bench-Overhead-Fixed-Energy-4-1/bin/Release/net8.0
// BeforeAnythingElse

// Benchmark Process Environment Information:
// BenchmarkDotNet v0.15.5-develop (2025-12-31)
// Runtime=.NET 8.0.21 (8.0.21, 8.0.2125.47513), X64 RyuJIT x86-64-v4
// GC=Concurrent Workstation
// HardwareIntrinsics=AVX512 IFMA+VBMI,AVX512 F+BW+CD+DQ+VL,AVX2+BMI1+BMI2+F16C+FMA+LZCNT+MOVBE,AVX,SSE3+SSSE3+SSE4.1+SSE4.2+POPCNT,X86Base+SSE+SSE2,AES+PCLMUL VectorSize=256
// Job: Overhead-Fixed-Energy-4(OutlierMode=DontRemove, IterationCount=15, IterationTime=1s, LaunchCount=1, WarmupCount=6)

OverheadJitting  1: 1 op, 136113.00 ns, 136.1130 us/op, 60669.00 uJpkg, 0.00 uJdram
WorkloadJitting  1: 1 op, 110112593.00 ns, 110.1126 ms/op, 7498333.00 uJpkg, 0.00 uJdram

WorkloadPilot    1: 4 op, 3078446.00 ns, 769.6115 us/op, 227478.00 uJpkg, 0.00 uJdram
WorkloadPilot    2: 1299 op, 313576377.00 ns, 241.3983 us/op, 23009768.00 uJpkg, 0.00 uJdram
WorkloadPilot    3: 4143 op, 657557259.00 ns, 158.7152 us/op, 48004760.00 uJpkg, 0.00 uJdram
WorkloadPilot    4: 6301 op, 989927971.00 ns, 157.1065 us/op, 72230833.00 uJpkg, 0.00 uJdram
WorkloadPilot    5: 6365 op, 1034668539.00 ns, 162.5559 us/op, 77262986.00 uJpkg, 0.00 uJdram
WorkloadPilot    6: 6152 op, 995953838.00 ns, 161.8911 us/op, 74025262.00 uJpkg, 0.00 uJdram
WorkloadPilot    7: 6177 op, 1010506611.00 ns, 163.5918 us/op, 74943350.00 uJpkg, 0.00 uJdram
WorkloadPilot    8: 6113 op, 993730050.00 ns, 162.5601 us/op, 73861749.00 uJpkg, 0.00 uJdram
WorkloadPilot    9: 6152 op, 1005542124.00 ns, 163.4496 us/op, 74330071.00 uJpkg, 0.00 uJdram

WorkloadWarmup   1: 6152 op, 1005783341.00 ns, 163.4888 us/op, 74298944.00 uJpkg, 0.00 uJdram
WorkloadWarmup   2: 6152 op, 1000294883.00 ns, 162.5967 us/op, 74090997.00 uJpkg, 0.00 uJdram
WorkloadWarmup   3: 6152 op, 992383451.00 ns, 161.3107 us/op, 74008172.00 uJpkg, 0.00 uJdram
WorkloadWarmup   4: 6152 op, 1002797780.00 ns, 163.0035 us/op, 75082816.00 uJpkg, 0.00 uJdram
WorkloadWarmup   5: 6152 op, 1000777986.00 ns, 162.6752 us/op, 73845941.00 uJpkg, 0.00 uJdram
WorkloadWarmup   6: 6152 op, 995441703.00 ns, 161.8078 us/op, 73811823.00 uJpkg, 0.00 uJdram

// BeforeActualRun
WorkloadActual   1: 6152 op, 998078243.00 ns, 162.2364 us/op, 73670344.00 uJpkg, 0.00 uJdram
WorkloadActual   2: 6152 op, 997525106.00 ns, 162.1465 us/op, 74669304.00 uJpkg, 0.00 uJdram
WorkloadActual   3: 6152 op, 999590997.00 ns, 162.4823 us/op, 74332268.00 uJpkg, 0.00 uJdram
WorkloadActual   4: 6152 op, 1004785694.00 ns, 163.3267 us/op, 74801383.00 uJpkg, 0.00 uJdram
WorkloadActual   5: 6152 op, 1007029366.00 ns, 163.6914 us/op, 74127862.00 uJpkg, 0.00 uJdram
WorkloadActual   6: 6152 op, 999893006.00 ns, 162.5314 us/op, 73878351.00 uJpkg, 0.00 uJdram
WorkloadActual   7: 6152 op, 1003105152.00 ns, 163.0535 us/op, 74365899.00 uJpkg, 0.00 uJdram
WorkloadActual   8: 6152 op, 1007196935.00 ns, 163.7186 us/op, 74692802.00 uJpkg, 0.00 uJdram
WorkloadActual   9: 6152 op, 1005068230.00 ns, 163.3726 us/op, 74545952.00 uJpkg, 0.00 uJdram
WorkloadActual  10: 6152 op, 1006551735.00 ns, 163.6137 us/op, 74956473.00 uJpkg, 0.00 uJdram
WorkloadActual  11: 6152 op, 1003974450.00 ns, 163.1948 us/op, 74163018.00 uJpkg, 0.00 uJdram
WorkloadActual  12: 6152 op, 998524337.00 ns, 162.3089 us/op, 73345760.00 uJpkg, 0.00 uJdram
WorkloadActual  13: 6152 op, 1001867371.00 ns, 162.8523 us/op, 73863276.00 uJpkg, 0.00 uJdram
WorkloadActual  14: 6152 op, 1006549331.00 ns, 163.6134 us/op, 74920523.00 uJpkg, 0.00 uJdram
WorkloadActual  15: 6152 op, 1000808000.00 ns, 162.6801 us/op, 73846063.00 uJpkg, 0.00 uJdram

// AfterActualRun
WorkloadResult   1: 6152 op, 998078243.00 ns, 162.2364 us/op, 73670344.00 uJpkg, 0.00 uJdram
WorkloadResult   2: 6152 op, 997525106.00 ns, 162.1465 us/op, 74669304.00 uJpkg, 0.00 uJdram
WorkloadResult   3: 6152 op, 999590997.00 ns, 162.4823 us/op, 74332268.00 uJpkg, 0.00 uJdram
WorkloadResult   4: 6152 op, 1004785694.00 ns, 163.3267 us/op, 74801383.00 uJpkg, 0.00 uJdram
WorkloadResult   5: 6152 op, 1007029366.00 ns, 163.6914 us/op, 74127862.00 uJpkg, 0.00 uJdram
WorkloadResult   6: 6152 op, 999893006.00 ns, 162.5314 us/op, 73878351.00 uJpkg, 0.00 uJdram
WorkloadResult   7: 6152 op, 1003105152.00 ns, 163.0535 us/op, 74365899.00 uJpkg, 0.00 uJdram
WorkloadResult   8: 6152 op, 1007196935.00 ns, 163.7186 us/op, 74692802.00 uJpkg, 0.00 uJdram
WorkloadResult   9: 6152 op, 1005068230.00 ns, 163.3726 us/op, 74545952.00 uJpkg, 0.00 uJdram
WorkloadResult  10: 6152 op, 1006551735.00 ns, 163.6137 us/op, 74956473.00 uJpkg, 0.00 uJdram
WorkloadResult  11: 6152 op, 1003974450.00 ns, 163.1948 us/op, 74163018.00 uJpkg, 0.00 uJdram
WorkloadResult  12: 6152 op, 998524337.00 ns, 162.3089 us/op, 73345760.00 uJpkg, 0.00 uJdram
WorkloadResult  13: 6152 op, 1001867371.00 ns, 162.8523 us/op, 73863276.00 uJpkg, 0.00 uJdram
WorkloadResult  14: 6152 op, 1006549331.00 ns, 163.6134 us/op, 74920523.00 uJpkg, 0.00 uJdram
WorkloadResult  15: 6152 op, 1000808000.00 ns, 162.6801 us/op, 73846063.00 uJpkg, 0.00 uJdram

// AfterAll
// Benchmark Process 4055482 has exited with code 0.

Mean = 162.988 μs, StdErr = 0.145 μs (0.09%), N = 15, StdDev = 0.563 μs
Min = 162.146 μs, Q1 = 162.507 μs, Median = 163.054 μs, Q3 = 163.493 μs, Max = 163.719 μs
IQR = 0.986 μs, LowerFence = 161.028 μs, UpperFence = 164.972 μs
ConfidenceInterval = [162.387 μs; 163.590 μs] (CI 99.9%), Margin = 0.602 μs (0.37% of Mean)
Skewness = -0.1, Kurtosis = 1.35, MValue = 2

// ** Remained 10 (33.3%) benchmark(s) to run. Estimated finish 2025-12-31 19:23 (0h 4m from now) **
// **************************
// Benchmark: JsonSerializationBenchmarks.STJ_Serialize_Medium: Overhead-Fixed-Energy-4(OutlierMode=DontRemove, IterationCount=15, IterationTime=1s, LaunchCount=1, WarmupCount=6)
// *** Execute ***
// Launch: 1 / 1
// Execute: dotnet Serialization.Bench-Overhead-Fixed-Energy-4-1.dll --anonymousPipes 103 104 --benchmarkName Serialization.Bench.JsonSerializationBenchmarks.STJ_Serialize_Medium --job Overhead-Fixed-Energy-4 --benchmarkId 20 in /home/test/rapl-tests/lib-energy-bench/src/Serialization.Bench/bin/Release/net8.0/Serialization.Bench-Overhead-Fixed-Energy-4-1/bin/Release/net8.0
// BeforeAnythingElse

// Benchmark Process Environment Information:
// BenchmarkDotNet v0.15.5-develop (2025-12-31)
// Runtime=.NET 8.0.21 (8.0.21, 8.0.2125.47513), X64 RyuJIT x86-64-v4
// GC=Concurrent Workstation
// HardwareIntrinsics=AVX512 IFMA+VBMI,AVX512 F+BW+CD+DQ+VL,AVX2+BMI1+BMI2+F16C+FMA+LZCNT+MOVBE,AVX,SSE3+SSSE3+SSE4.1+SSE4.2+POPCNT,X86Base+SSE+SSE2,AES+PCLMUL VectorSize=256
// Job: Overhead-Fixed-Energy-4(OutlierMode=DontRemove, IterationCount=15, IterationTime=1s, LaunchCount=1, WarmupCount=6)

OverheadJitting  1: 1 op, 138089.00 ns, 138.0890 us/op, 63049.00 uJpkg, 0.00 uJdram
WorkloadJitting  1: 1 op, 7025241.00 ns, 7.0252 ms/op, 443786.00 uJpkg, 0.00 uJdram

OverheadJitting  2: 16 op, 372829.00 ns, 23.3018 us/op, 0.00 uJpkg, 0.00 uJdram
WorkloadJitting  2: 16 op, 2105802.00 ns, 131.6126 us/op, 143921.00 uJpkg, 0.00 uJdram

WorkloadPilot    1: 16 op, 1650941.00 ns, 103.1838 us/op, 131897.00 uJpkg, 0.00 uJdram
WorkloadPilot    2: 9696 op, 697809700.00 ns, 71.9688 us/op, 62301415.00 uJpkg, 0.00 uJdram
WorkloadPilot    3: 13904 op, 649593816.00 ns, 46.7199 us/op, 56756080.00 uJpkg, 0.00 uJdram
WorkloadPilot    4: 21408 op, 1001072000.00 ns, 46.7616 us/op, 88146197.00 uJpkg, 0.00 uJdram
WorkloadPilot    5: 21392 op, 999760515.00 ns, 46.7353 us/op, 87749104.00 uJpkg, 0.00 uJdram
WorkloadPilot    6: 21408 op, 997238459.00 ns, 46.5825 us/op, 87268331.00 uJpkg, 0.00 uJdram
WorkloadPilot    7: 21472 op, 1000502470.00 ns, 46.5957 us/op, 87210043.00 uJpkg, 0.00 uJdram

OverheadWarmup   1: 21472 op, 76866.00 ns, 3.5798 ns/op, 0.00 uJpkg, 0.00 uJdram
OverheadWarmup   2: 21472 op, 74525.00 ns, 3.4708 ns/op, 89905.00 uJpkg, 0.00 uJdram
OverheadWarmup   3: 21472 op, 75472.00 ns, 3.5149 ns/op, 95581.00 uJpkg, 0.00 uJdram
OverheadWarmup   4: 21472 op, 75783.00 ns, 3.5294 ns/op, 60608.00 uJpkg, 0.00 uJdram
OverheadWarmup   5: 21472 op, 74506.00 ns, 3.4699 ns/op, 0.00 uJpkg, 0.00 uJdram
OverheadWarmup   6: 21472 op, 74506.00 ns, 3.4699 ns/op, 0.00 uJpkg, 0.00 uJdram
OverheadWarmup   7: 21472 op, 74872.00 ns, 3.4870 ns/op, 0.00 uJpkg, 0.00 uJdram

OverheadActual   1: 21472 op, 78353.00 ns, 3.6491 ns/op, 0.00 uJpkg, 0.00 uJdram
OverheadActual   2: 21472 op, 74523.00 ns, 3.4707 ns/op, 0.00 uJpkg, 0.00 uJdram
OverheadActual   3: 21472 op, 77106.00 ns, 3.5910 ns/op, 0.00 uJpkg, 0.00 uJdram
OverheadActual   4: 21472 op, 74517.00 ns, 3.4704 ns/op, 0.00 uJpkg, 0.00 uJdram
OverheadActual   5: 21472 op, 74501.00 ns, 3.4697 ns/op, 0.00 uJpkg, 0.00 uJdram
OverheadActual   6: 21472 op, 74868.00 ns, 3.4868 ns/op, 0.00 uJpkg, 0.00 uJdram
OverheadActual   7: 21472 op, 74493.00 ns, 3.4693 ns/op, 0.00 uJpkg, 0.00 uJdram
OverheadActual   8: 21472 op, 74505.00 ns, 3.4699 ns/op, 0.00 uJpkg, 0.00 uJdram
OverheadActual   9: 21472 op, 74853.00 ns, 3.4861 ns/op, 0.00 uJpkg, 0.00 uJdram
OverheadActual  10: 21472 op, 74522.00 ns, 3.4707 ns/op, 0.00 uJpkg, 0.00 uJdram
OverheadActual  11: 21472 op, 74512.00 ns, 3.4702 ns/op, 0.00 uJpkg, 0.00 uJdram
OverheadActual  12: 21472 op, 74747.00 ns, 3.4811 ns/op, 0.00 uJpkg, 0.00 uJdram
OverheadActual  13: 21472 op, 77748.00 ns, 3.6209 ns/op, 0.00 uJpkg, 0.00 uJdram
OverheadActual  14: 21472 op, 74520.00 ns, 3.4706 ns/op, 0.00 uJpkg, 0.00 uJdram
OverheadActual  15: 21472 op, 74881.00 ns, 3.4874 ns/op, 0.00 uJpkg, 0.00 uJdram

WorkloadWarmup   1: 21472 op, 1003288691.00 ns, 46.7254 us/op, 90112319.00 uJpkg, 0.00 uJdram
WorkloadWarmup   2: 21472 op, 1000954607.00 ns, 46.6167 us/op, 87419393.00 uJpkg, 0.00 uJdram
WorkloadWarmup   3: 21472 op, 1001079551.00 ns, 46.6226 us/op, 87495686.00 uJpkg, 0.00 uJdram
WorkloadWarmup   4: 21472 op, 998648477.00 ns, 46.5093 us/op, 86743735.00 uJpkg, 0.00 uJdram
WorkloadWarmup   5: 21472 op, 999282765.00 ns, 46.5389 us/op, 86955649.00 uJpkg, 0.00 uJdram
WorkloadWarmup   6: 21472 op, 1001438401.00 ns, 46.6393 us/op, 87017417.00 uJpkg, 0.00 uJdram

// BeforeActualRun
WorkloadActual   1: 21472 op, 1003202695.00 ns, 46.7214 us/op, 87649006.00 uJpkg, 0.00 uJdram
WorkloadActual   2: 21472 op, 1005575577.00 ns, 46.8319 us/op, 88249102.00 uJpkg, 0.00 uJdram
WorkloadActual   3: 21472 op, 1004165955.00 ns, 46.7663 us/op, 88892533.00 uJpkg, 0.00 uJdram
WorkloadActual   4: 21472 op, 1003212853.00 ns, 46.7219 us/op, 88383563.00 uJpkg, 0.00 uJdram
WorkloadActual   5: 21472 op, 1005689719.00 ns, 46.8373 us/op, 88688371.00 uJpkg, 0.00 uJdram
WorkloadActual   6: 21472 op, 1009342684.00 ns, 47.0074 us/op, 88983354.00 uJpkg, 0.00 uJdram
WorkloadActual   7: 21472 op, 1009186156.00 ns, 47.0001 us/op, 88958574.00 uJpkg, 0.00 uJdram
WorkloadActual   8: 21472 op, 1008565635.00 ns, 46.9712 us/op, 88863176.00 uJpkg, 0.00 uJdram
WorkloadActual   9: 21472 op, 1009500796.00 ns, 47.0148 us/op, 88685747.00 uJpkg, 0.00 uJdram
WorkloadActual  10: 21472 op, 1007863512.00 ns, 46.9385 us/op, 89575332.00 uJpkg, 0.00 uJdram
WorkloadActual  11: 21472 op, 1008155216.00 ns, 46.9521 us/op, 88531695.00 uJpkg, 0.00 uJdram
WorkloadActual  12: 21472 op, 1008064345.00 ns, 46.9479 us/op, 89026566.00 uJpkg, 0.00 uJdram
WorkloadActual  13: 21472 op, 1007451074.00 ns, 46.9193 us/op, 88320392.00 uJpkg, 0.00 uJdram
WorkloadActual  14: 21472 op, 1008930874.00 ns, 46.9882 us/op, 88582354.00 uJpkg, 0.00 uJdram
WorkloadActual  15: 21472 op, 1008390661.00 ns, 46.9631 us/op, 88379900.00 uJpkg, 0.00 uJdram

// AfterActualRun
WorkloadResult   1: 21472 op, 1003128172.00 ns, 46.7180 us/op, 87649006.00 uJpkg, 0.00 uJdram
WorkloadResult   2: 21472 op, 1005501054.00 ns, 46.8285 us/op, 88249102.00 uJpkg, 0.00 uJdram
WorkloadResult   3: 21472 op, 1004091432.00 ns, 46.7628 us/op, 88892533.00 uJpkg, 0.00 uJdram
WorkloadResult   4: 21472 op, 1003138330.00 ns, 46.7184 us/op, 88383563.00 uJpkg, 0.00 uJdram
WorkloadResult   5: 21472 op, 1005615196.00 ns, 46.8338 us/op, 88688371.00 uJpkg, 0.00 uJdram
WorkloadResult   6: 21472 op, 1009268161.00 ns, 47.0039 us/op, 88983354.00 uJpkg, 0.00 uJdram
WorkloadResult   7: 21472 op, 1009111633.00 ns, 46.9966 us/op, 88958574.00 uJpkg, 0.00 uJdram
WorkloadResult   8: 21472 op, 1008491112.00 ns, 46.9677 us/op, 88863176.00 uJpkg, 0.00 uJdram
WorkloadResult   9: 21472 op, 1009426273.00 ns, 47.0113 us/op, 88685747.00 uJpkg, 0.00 uJdram
WorkloadResult  10: 21472 op, 1007788989.00 ns, 46.9350 us/op, 89575332.00 uJpkg, 0.00 uJdram
WorkloadResult  11: 21472 op, 1008080693.00 ns, 46.9486 us/op, 88531695.00 uJpkg, 0.00 uJdram
WorkloadResult  12: 21472 op, 1007989822.00 ns, 46.9444 us/op, 89026566.00 uJpkg, 0.00 uJdram
WorkloadResult  13: 21472 op, 1007376551.00 ns, 46.9158 us/op, 88320392.00 uJpkg, 0.00 uJdram
WorkloadResult  14: 21472 op, 1008856351.00 ns, 46.9847 us/op, 88582354.00 uJpkg, 0.00 uJdram
WorkloadResult  15: 21472 op, 1008316138.00 ns, 46.9596 us/op, 88379900.00 uJpkg, 0.00 uJdram

// AfterAll
// Benchmark Process 4055497 has exited with code 0.

Mean = 46.902 μs, StdErr = 0.027 μs (0.06%), N = 15, StdDev = 0.103 μs
Min = 46.718 μs, Q1 = 46.831 μs, Median = 46.944 μs, Q3 = 46.976 μs, Max = 47.011 μs
IQR = 0.145 μs, LowerFence = 46.613 μs, UpperFence = 47.194 μs
ConfidenceInterval = [46.792 μs; 47.012 μs] (CI 99.9%), Margin = 0.110 μs (0.23% of Mean)
Skewness = -0.7, Kurtosis = 1.86, MValue = 2

// ** Remained 9 (30.0%) benchmark(s) to run. Estimated finish 2025-12-31 19:23 (0h 4m from now) **
// **************************
// Benchmark: JsonSerializationBenchmarks.Newtonsoft_Serialize_Medium: Overhead-Fixed-Energy-4(OutlierMode=DontRemove, IterationCount=15, IterationTime=1s, LaunchCount=1, WarmupCount=6)
// *** Execute ***
// Launch: 1 / 1
// Execute: dotnet Serialization.Bench-Overhead-Fixed-Energy-4-1.dll --anonymousPipes 103 104 --benchmarkName Serialization.Bench.JsonSerializationBenchmarks.Newtonsoft_Serialize_Medium --job Overhead-Fixed-Energy-4 --benchmarkId 21 in /home/test/rapl-tests/lib-energy-bench/src/Serialization.Bench/bin/Release/net8.0/Serialization.Bench-Overhead-Fixed-Energy-4-1/bin/Release/net8.0
// BeforeAnythingElse

// Benchmark Process Environment Information:
// BenchmarkDotNet v0.15.5-develop (2025-12-31)
// Runtime=.NET 8.0.21 (8.0.21, 8.0.2125.47513), X64 RyuJIT x86-64-v4
// GC=Concurrent Workstation
// HardwareIntrinsics=AVX512 IFMA+VBMI,AVX512 F+BW+CD+DQ+VL,AVX2+BMI1+BMI2+F16C+FMA+LZCNT+MOVBE,AVX,SSE3+SSSE3+SSE4.1+SSE4.2+POPCNT,X86Base+SSE+SSE2,AES+PCLMUL VectorSize=256
// Job: Overhead-Fixed-Energy-4(OutlierMode=DontRemove, IterationCount=15, IterationTime=1s, LaunchCount=1, WarmupCount=6)

OverheadJitting  1: 1 op, 135737.00 ns, 135.7370 us/op, 59570.00 uJpkg, 0.00 uJdram
WorkloadJitting  1: 1 op, 48236201.00 ns, 48.2362 ms/op, 2944939.00 uJpkg, 0.00 uJdram

OverheadJitting  2: 16 op, 363081.00 ns, 22.6926 us/op, 0.00 uJpkg, 0.00 uJdram
WorkloadJitting  2: 16 op, 5088484.00 ns, 318.0303 us/op, 358947.00 uJpkg, 0.00 uJdram

WorkloadPilot    1: 16 op, 4496337.00 ns, 281.0211 us/op, 258483.00 uJpkg, 0.00 uJdram
WorkloadPilot    2: 3568 op, 358902386.00 ns, 100.5892 us/op, 29455735.00 uJpkg, 0.00 uJdram
WorkloadPilot    3: 9952 op, 535082356.00 ns, 53.7663 us/op, 45786443.00 uJpkg, 0.00 uJdram
WorkloadPilot    4: 18608 op, 998929767.00 ns, 53.6828 us/op, 85308680.00 uJpkg, 0.00 uJdram
WorkloadPilot    5: 18640 op, 993631789.00 ns, 53.3064 us/op, 84736355.00 uJpkg, 0.00 uJdram
WorkloadPilot    6: 18768 op, 1006511127.00 ns, 53.6291 us/op, 85865869.00 uJpkg, 0.00 uJdram
WorkloadPilot    7: 18656 op, 1002407015.00 ns, 53.7311 us/op, 85622339.00 uJpkg, 0.00 uJdram
WorkloadPilot    8: 18624 op, 999671694.00 ns, 53.6765 us/op, 85576075.00 uJpkg, 0.00 uJdram
WorkloadPilot    9: 18640 op, 994390627.00 ns, 53.3471 us/op, 85192837.00 uJpkg, 0.00 uJdram
WorkloadPilot   10: 18752 op, 1007456462.00 ns, 53.7253 us/op, 86516319.00 uJpkg, 0.00 uJdram

OverheadWarmup   1: 18752 op, 66653.00 ns, 3.5544 ns/op, 0.00 uJpkg, 0.00 uJdram
OverheadWarmup   2: 18752 op, 65801.00 ns, 3.5090 ns/op, 66223.00 uJpkg, 0.00 uJdram
OverheadWarmup   3: 18752 op, 65657.00 ns, 3.5013 ns/op, 0.00 uJpkg, 0.00 uJdram
OverheadWarmup   4: 18752 op, 65346.00 ns, 3.4847 ns/op, 0.00 uJpkg, 0.00 uJdram
OverheadWarmup   5: 18752 op, 69714.00 ns, 3.7177 ns/op, 0.00 uJpkg, 0.00 uJdram
OverheadWarmup   6: 18752 op, 65084.00 ns, 3.4708 ns/op, 0.00 uJpkg, 0.00 uJdram
OverheadWarmup   7: 18752 op, 65326.00 ns, 3.4837 ns/op, 0.00 uJpkg, 0.00 uJdram
OverheadWarmup   8: 18752 op, 65097.00 ns, 3.4715 ns/op, 0.00 uJpkg, 0.00 uJdram

OverheadActual   1: 18752 op, 65100.00 ns, 3.4716 ns/op, 0.00 uJpkg, 0.00 uJdram
OverheadActual   2: 18752 op, 66308.00 ns, 3.5360 ns/op, 0.00 uJpkg, 0.00 uJdram
OverheadActual   3: 18752 op, 65507.00 ns, 3.4933 ns/op, 64331.00 uJpkg, 0.00 uJdram
OverheadActual   4: 18752 op, 65630.00 ns, 3.4999 ns/op, 0.00 uJpkg, 0.00 uJdram
OverheadActual   5: 18752 op, 65111.00 ns, 3.4722 ns/op, 0.00 uJpkg, 0.00 uJdram
OverheadActual   6: 18752 op, 65532.00 ns, 3.4947 ns/op, 0.00 uJpkg, 0.00 uJdram
OverheadActual   7: 18752 op, 65125.00 ns, 3.4730 ns/op, 0.00 uJpkg, 0.00 uJdram
OverheadActual   8: 18752 op, 65078.00 ns, 3.4705 ns/op, 0.00 uJpkg, 0.00 uJdram
OverheadActual   9: 18752 op, 65065.00 ns, 3.4698 ns/op, 94971.00 uJpkg, 0.00 uJdram
OverheadActual  10: 18752 op, 65480.00 ns, 3.4919 ns/op, 0.00 uJpkg, 0.00 uJdram
OverheadActual  11: 18752 op, 65049.00 ns, 3.4689 ns/op, 0.00 uJpkg, 0.00 uJdram
OverheadActual  12: 18752 op, 65100.00 ns, 3.4716 ns/op, 0.00 uJpkg, 0.00 uJdram
OverheadActual  13: 18752 op, 65482.00 ns, 3.4920 ns/op, 0.00 uJpkg, 0.00 uJdram
OverheadActual  14: 18752 op, 69766.00 ns, 3.7205 ns/op, 0.00 uJpkg, 0.00 uJdram
OverheadActual  15: 18752 op, 67198.00 ns, 3.5835 ns/op, 0.00 uJpkg, 0.00 uJdram

WorkloadWarmup   1: 18752 op, 1011139746.00 ns, 53.9217 us/op, 88559649.00 uJpkg, 0.00 uJdram
WorkloadWarmup   2: 18752 op, 1006243131.00 ns, 53.6606 us/op, 85335292.00 uJpkg, 0.00 uJdram
WorkloadWarmup   3: 18752 op, 1007446770.00 ns, 53.7248 us/op, 85326686.00 uJpkg, 0.00 uJdram
WorkloadWarmup   4: 18752 op, 1002701344.00 ns, 53.4717 us/op, 85305080.00 uJpkg, 0.00 uJdram
WorkloadWarmup   5: 18752 op, 1006636205.00 ns, 53.6815 us/op, 85421351.00 uJpkg, 0.00 uJdram
WorkloadWarmup   6: 18752 op, 1003258649.00 ns, 53.5014 us/op, 85535548.00 uJpkg, 0.00 uJdram

// BeforeActualRun
WorkloadActual   1: 18752 op, 1005567494.00 ns, 53.6245 us/op, 85559779.00 uJpkg, 0.00 uJdram
WorkloadActual   2: 18752 op, 1010873619.00 ns, 53.9075 us/op, 86540428.00 uJpkg, 0.00 uJdram
WorkloadActual   3: 18752 op, 1005930300.00 ns, 53.6439 us/op, 86048119.00 uJpkg, 0.00 uJdram
WorkloadActual   4: 18752 op, 1005975526.00 ns, 53.6463 us/op, 85642175.00 uJpkg, 0.00 uJdram
WorkloadActual   5: 18752 op, 1004912520.00 ns, 53.5896 us/op, 85735864.00 uJpkg, 0.00 uJdram
WorkloadActual   6: 18752 op, 1007783515.00 ns, 53.7427 us/op, 86448265.00 uJpkg, 0.00 uJdram
WorkloadActual   7: 18752 op, 1006871454.00 ns, 53.6941 us/op, 86059899.00 uJpkg, 0.00 uJdram
WorkloadActual   8: 18752 op, 1008503808.00 ns, 53.7811 us/op, 85691248.00 uJpkg, 0.00 uJdram
WorkloadActual   9: 18752 op, 1006752564.00 ns, 53.6877 us/op, 85860254.00 uJpkg, 0.00 uJdram
WorkloadActual  10: 18752 op, 1011156585.00 ns, 53.9226 us/op, 87457601.00 uJpkg, 0.00 uJdram
WorkloadActual  11: 18752 op, 1005404913.00 ns, 53.6159 us/op, 85913477.00 uJpkg, 0.00 uJdram
WorkloadActual  12: 18752 op, 1010080878.00 ns, 53.8652 us/op, 86167992.00 uJpkg, 0.00 uJdram
WorkloadActual  13: 18752 op, 1000655509.00 ns, 53.3626 us/op, 85463465.00 uJpkg, 0.00 uJdram
WorkloadActual  14: 18752 op, 1004822109.00 ns, 53.5848 us/op, 86182580.00 uJpkg, 0.00 uJdram
WorkloadActual  15: 18752 op, 1004864248.00 ns, 53.5870 us/op, 86338829.00 uJpkg, 0.00 uJdram

// AfterActualRun
WorkloadResult   1: 18752 op, 1005502014.00 ns, 53.6211 us/op, 85559779.00 uJpkg, 0.00 uJdram
WorkloadResult   2: 18752 op, 1010808139.00 ns, 53.9040 us/op, 86540428.00 uJpkg, 0.00 uJdram
WorkloadResult   3: 18752 op, 1005864820.00 ns, 53.6404 us/op, 86048119.00 uJpkg, 0.00 uJdram
WorkloadResult   4: 18752 op, 1005910046.00 ns, 53.6428 us/op, 85642175.00 uJpkg, 0.00 uJdram
WorkloadResult   5: 18752 op, 1004847040.00 ns, 53.5861 us/op, 85735864.00 uJpkg, 0.00 uJdram
WorkloadResult   6: 18752 op, 1007718035.00 ns, 53.7392 us/op, 86448265.00 uJpkg, 0.00 uJdram
WorkloadResult   7: 18752 op, 1006805974.00 ns, 53.6906 us/op, 86059899.00 uJpkg, 0.00 uJdram
WorkloadResult   8: 18752 op, 1008438328.00 ns, 53.7776 us/op, 85691248.00 uJpkg, 0.00 uJdram
WorkloadResult   9: 18752 op, 1006687084.00 ns, 53.6843 us/op, 85860254.00 uJpkg, 0.00 uJdram
WorkloadResult  10: 18752 op, 1011091105.00 ns, 53.9191 us/op, 87457601.00 uJpkg, 0.00 uJdram
WorkloadResult  11: 18752 op, 1005339433.00 ns, 53.6124 us/op, 85913477.00 uJpkg, 0.00 uJdram
WorkloadResult  12: 18752 op, 1010015398.00 ns, 53.8617 us/op, 86167992.00 uJpkg, 0.00 uJdram
WorkloadResult  13: 18752 op, 1000590029.00 ns, 53.3591 us/op, 85463465.00 uJpkg, 0.00 uJdram
WorkloadResult  14: 18752 op, 1004756629.00 ns, 53.5813 us/op, 86182580.00 uJpkg, 0.00 uJdram
WorkloadResult  15: 18752 op, 1004798768.00 ns, 53.5836 us/op, 86338829.00 uJpkg, 0.00 uJdram

// AfterAll
// Benchmark Process 4055515 has exited with code 0.

Mean = 53.680 μs, StdErr = 0.038 μs (0.07%), N = 15, StdDev = 0.145 μs
Min = 53.359 μs, Q1 = 53.599 μs, Median = 53.643 μs, Q3 = 53.758 μs, Max = 53.919 μs
IQR = 0.159 μs, LowerFence = 53.360 μs, UpperFence = 53.997 μs
ConfidenceInterval = [53.525 μs; 53.836 μs] (CI 99.9%), Margin = 0.155 μs (0.29% of Mean)
Skewness = -0.1, Kurtosis = 2.68, MValue = 2

// ** Remained 8 (26.7%) benchmark(s) to run. Estimated finish 2025-12-31 19:23 (0h 3m from now) **
// **************************
// Benchmark: JsonSerializationBenchmarks.Jil_Serialize_Medium: Overhead-Fixed-Energy-4(OutlierMode=DontRemove, IterationCount=15, IterationTime=1s, LaunchCount=1, WarmupCount=6)
// *** Execute ***
// Launch: 1 / 1
// Execute: dotnet Serialization.Bench-Overhead-Fixed-Energy-4-1.dll --anonymousPipes 103 104 --benchmarkName Serialization.Bench.JsonSerializationBenchmarks.Jil_Serialize_Medium --job Overhead-Fixed-Energy-4 --benchmarkId 22 in /home/test/rapl-tests/lib-energy-bench/src/Serialization.Bench/bin/Release/net8.0/Serialization.Bench-Overhead-Fixed-Energy-4-1/bin/Release/net8.0
// BeforeAnythingElse

// Benchmark Process Environment Information:
// BenchmarkDotNet v0.15.5-develop (2025-12-31)
// Runtime=.NET 8.0.21 (8.0.21, 8.0.2125.47513), X64 RyuJIT x86-64-v4
// GC=Concurrent Workstation
// HardwareIntrinsics=AVX512 IFMA+VBMI,AVX512 F+BW+CD+DQ+VL,AVX2+BMI1+BMI2+F16C+FMA+LZCNT+MOVBE,AVX,SSE3+SSSE3+SSE4.1+SSE4.2+POPCNT,X86Base+SSE+SSE2,AES+PCLMUL VectorSize=256
// Job: Overhead-Fixed-Energy-4(OutlierMode=DontRemove, IterationCount=15, IterationTime=1s, LaunchCount=1, WarmupCount=6)

OverheadJitting  1: 1 op, 136706.00 ns, 136.7060 us/op, 0.00 uJpkg, 0.00 uJdram
WorkloadJitting  1: 1 op, 133490168.00 ns, 133.4902 ms/op, 8293924.00 uJpkg, 0.00 uJdram

WorkloadPilot    1: 4 op, 668056.00 ns, 167.0140 us/op, 75867.00 uJpkg, 0.00 uJdram
WorkloadPilot    2: 5988 op, 312398949.00 ns, 52.1708 us/op, 26180841.00 uJpkg, 0.00 uJdram
WorkloadPilot    3: 19168 op, 713811493.00 ns, 37.2397 us/op, 61524501.00 uJpkg, 0.00 uJdram
WorkloadPilot    4: 26853 op, 1000059176.00 ns, 37.2420 us/op, 86136254.00 uJpkg, 0.00 uJdram
WorkloadPilot    5: 26851 op, 995660682.00 ns, 37.0810 us/op, 85748438.00 uJpkg, 0.00 uJdram
WorkloadPilot    6: 26968 op, 1005056828.00 ns, 37.2685 us/op, 86598655.00 uJpkg, 0.00 uJdram
WorkloadPilot    7: 26832 op, 1005493876.00 ns, 37.4737 us/op, 86678917.00 uJpkg, 0.00 uJdram

WorkloadWarmup   1: 26832 op, 997756611.00 ns, 37.1853 us/op, 85413599.00 uJpkg, 0.00 uJdram
WorkloadWarmup   2: 26832 op, 1000811352.00 ns, 37.2992 us/op, 86019312.00 uJpkg, 0.00 uJdram
WorkloadWarmup   3: 26832 op, 1003384647.00 ns, 37.3951 us/op, 86831748.00 uJpkg, 0.00 uJdram
WorkloadWarmup   4: 26832 op, 1003896658.00 ns, 37.4142 us/op, 86271813.00 uJpkg, 0.00 uJdram
WorkloadWarmup   5: 26832 op, 999122860.00 ns, 37.2362 us/op, 86287926.00 uJpkg, 0.00 uJdram
WorkloadWarmup   6: 26832 op, 999889782.00 ns, 37.2648 us/op, 85511683.00 uJpkg, 0.00 uJdram

// BeforeActualRun
WorkloadActual   1: 26832 op, 995708011.00 ns, 37.1090 us/op, 84629239.00 uJpkg, 0.00 uJdram
WorkloadActual   2: 26832 op, 1001601184.00 ns, 37.3286 us/op, 85941797.00 uJpkg, 0.00 uJdram
WorkloadActual   3: 26832 op, 1001289168.00 ns, 37.3170 us/op, 85415735.00 uJpkg, 0.00 uJdram
WorkloadActual   4: 26832 op, 1002169177.00 ns, 37.3498 us/op, 86664695.00 uJpkg, 0.00 uJdram
WorkloadActual   5: 26832 op, 999863812.00 ns, 37.2639 us/op, 86121545.00 uJpkg, 0.00 uJdram
WorkloadActual   6: 26832 op, 999621801.00 ns, 37.2548 us/op, 85512355.00 uJpkg, 0.00 uJdram
WorkloadActual   7: 26832 op, 1000134360.00 ns, 37.2739 us/op, 86087426.00 uJpkg, 0.00 uJdram
WorkloadActual   8: 26832 op, 996460340.00 ns, 37.1370 us/op, 85058559.00 uJpkg, 0.00 uJdram
WorkloadActual   9: 26832 op, 995381283.00 ns, 37.0968 us/op, 85103359.00 uJpkg, 0.00 uJdram
WorkloadActual  10: 26832 op, 1002220603.00 ns, 37.3517 us/op, 86066552.00 uJpkg, 0.00 uJdram
WorkloadActual  11: 26832 op, 998671861.00 ns, 37.2194 us/op, 85814051.00 uJpkg, 0.00 uJdram
WorkloadActual  12: 26832 op, 994792284.00 ns, 37.0748 us/op, 85156154.00 uJpkg, 0.00 uJdram
WorkloadActual  13: 26832 op, 999269357.00 ns, 37.2417 us/op, 85407313.00 uJpkg, 0.00 uJdram
WorkloadActual  14: 26832 op, 999611763.00 ns, 37.2545 us/op, 85645411.00 uJpkg, 0.00 uJdram
WorkloadActual  15: 26832 op, 999318760.00 ns, 37.2435 us/op, 85442836.00 uJpkg, 0.00 uJdram

// AfterActualRun
WorkloadResult   1: 26832 op, 995708011.00 ns, 37.1090 us/op, 84629239.00 uJpkg, 0.00 uJdram
WorkloadResult   2: 26832 op, 1001601184.00 ns, 37.3286 us/op, 85941797.00 uJpkg, 0.00 uJdram
WorkloadResult   3: 26832 op, 1001289168.00 ns, 37.3170 us/op, 85415735.00 uJpkg, 0.00 uJdram
WorkloadResult   4: 26832 op, 1002169177.00 ns, 37.3498 us/op, 86664695.00 uJpkg, 0.00 uJdram
WorkloadResult   5: 26832 op, 999863812.00 ns, 37.2639 us/op, 86121545.00 uJpkg, 0.00 uJdram
WorkloadResult   6: 26832 op, 999621801.00 ns, 37.2548 us/op, 85512355.00 uJpkg, 0.00 uJdram
WorkloadResult   7: 26832 op, 1000134360.00 ns, 37.2739 us/op, 86087426.00 uJpkg, 0.00 uJdram
WorkloadResult   8: 26832 op, 996460340.00 ns, 37.1370 us/op, 85058559.00 uJpkg, 0.00 uJdram
WorkloadResult   9: 26832 op, 995381283.00 ns, 37.0968 us/op, 85103359.00 uJpkg, 0.00 uJdram
WorkloadResult  10: 26832 op, 1002220603.00 ns, 37.3517 us/op, 86066552.00 uJpkg, 0.00 uJdram
WorkloadResult  11: 26832 op, 998671861.00 ns, 37.2194 us/op, 85814051.00 uJpkg, 0.00 uJdram
WorkloadResult  12: 26832 op, 994792284.00 ns, 37.0748 us/op, 85156154.00 uJpkg, 0.00 uJdram
WorkloadResult  13: 26832 op, 999269357.00 ns, 37.2417 us/op, 85407313.00 uJpkg, 0.00 uJdram
WorkloadResult  14: 26832 op, 999611763.00 ns, 37.2545 us/op, 85645411.00 uJpkg, 0.00 uJdram
WorkloadResult  15: 26832 op, 999318760.00 ns, 37.2435 us/op, 85442836.00 uJpkg, 0.00 uJdram

// AfterAll
// Benchmark Process 4055538 has exited with code 0.

Mean = 37.234 μs, StdErr = 0.024 μs (0.06%), N = 15, StdDev = 0.091 μs
Min = 37.075 μs, Q1 = 37.178 μs, Median = 37.254 μs, Q3 = 37.295 μs, Max = 37.352 μs
IQR = 0.117 μs, LowerFence = 37.002 μs, UpperFence = 37.471 μs
ConfidenceInterval = [37.137 μs; 37.332 μs] (CI 99.9%), Margin = 0.097 μs (0.26% of Mean)
Skewness = -0.44, Kurtosis = 1.79, MValue = 2

// ** Remained 7 (23.3%) benchmark(s) to run. Estimated finish 2025-12-31 19:23 (0h 3m from now) **
// **************************
// Benchmark: JsonSerializationBenchmarks.Utf8Json_Serialize_Medium: Overhead-Fixed-Energy-4(OutlierMode=DontRemove, IterationCount=15, IterationTime=1s, LaunchCount=1, WarmupCount=6)
// *** Execute ***
// Launch: 1 / 1
// Execute: dotnet Serialization.Bench-Overhead-Fixed-Energy-4-1.dll --anonymousPipes 103 104 --benchmarkName Serialization.Bench.JsonSerializationBenchmarks.Utf8Json_Serialize_Medium --job Overhead-Fixed-Energy-4 --benchmarkId 23 in /home/test/rapl-tests/lib-energy-bench/src/Serialization.Bench/bin/Release/net8.0/Serialization.Bench-Overhead-Fixed-Energy-4-1/bin/Release/net8.0
// BeforeAnythingElse

// Benchmark Process Environment Information:
// BenchmarkDotNet v0.15.5-develop (2025-12-31)
// Runtime=.NET 8.0.21 (8.0.21, 8.0.2125.47513), X64 RyuJIT x86-64-v4
// GC=Concurrent Workstation
// HardwareIntrinsics=AVX512 IFMA+VBMI,AVX512 F+BW+CD+DQ+VL,AVX2+BMI1+BMI2+F16C+FMA+LZCNT+MOVBE,AVX,SSE3+SSSE3+SSE4.1+SSE4.2+POPCNT,X86Base+SSE+SSE2,AES+PCLMUL VectorSize=256
// Job: Overhead-Fixed-Energy-4(OutlierMode=DontRemove, IterationCount=15, IterationTime=1s, LaunchCount=1, WarmupCount=6)

OverheadJitting  1: 1 op, 137600.00 ns, 137.6000 us/op, 0.00 uJpkg, 0.00 uJdram
WorkloadJitting  1: 1 op, 52378543.00 ns, 52.3785 ms/op, 3327689.00 uJpkg, 0.00 uJdram

OverheadJitting  2: 16 op, 379638.00 ns, 23.7274 us/op, 0.00 uJpkg, 0.00 uJdram
WorkloadJitting  2: 16 op, 4161247.00 ns, 260.0779 us/op, 285949.00 uJpkg, 0.00 uJdram

WorkloadPilot    1: 16 op, 3466158.00 ns, 216.6349 us/op, 194214.00 uJpkg, 0.00 uJdram
WorkloadPilot    2: 4624 op, 436283466.00 ns, 94.3520 us/op, 34104282.00 uJpkg, 0.00 uJdram
WorkloadPilot    3: 10608 op, 604957398.00 ns, 57.0284 us/op, 49343013.00 uJpkg, 0.00 uJdram
WorkloadPilot    4: 17536 op, 1064204062.00 ns, 60.6868 us/op, 84662503.00 uJpkg, 0.00 uJdram
WorkloadPilot    5: 16480 op, 944359681.00 ns, 57.3034 us/op, 75717824.00 uJpkg, 0.00 uJdram
WorkloadPilot    6: 17456 op, 1025813344.00 ns, 58.7657 us/op, 81695164.00 uJpkg, 0.00 uJdram
WorkloadPilot    7: 17024 op, 993192166.00 ns, 58.3407 us/op, 79504191.00 uJpkg, 0.00 uJdram
WorkloadPilot    8: 17152 op, 995558777.00 ns, 58.0433 us/op, 79489116.00 uJpkg, 0.00 uJdram
WorkloadPilot    9: 17232 op, 1013702739.00 ns, 58.8268 us/op, 80877784.00 uJpkg, 0.00 uJdram

OverheadWarmup   1: 17232 op, 59362.00 ns, 3.4449 ns/op, 0.00 uJpkg, 0.00 uJdram
OverheadWarmup   2: 17232 op, 63336.00 ns, 3.6755 ns/op, 0.00 uJpkg, 0.00 uJdram
OverheadWarmup   3: 17232 op, 60067.00 ns, 3.4858 ns/op, 0.00 uJpkg, 0.00 uJdram
OverheadWarmup   4: 17232 op, 60568.00 ns, 3.5149 ns/op, 0.00 uJpkg, 0.00 uJdram
OverheadWarmup   5: 17232 op, 68429.00 ns, 3.9710 ns/op, 0.00 uJpkg, 0.00 uJdram
OverheadWarmup   6: 17232 op, 62055.00 ns, 3.6011 ns/op, 0.00 uJpkg, 0.00 uJdram

OverheadActual   1: 17232 op, 60069.00 ns, 3.4859 ns/op, 0.00 uJpkg, 0.00 uJdram
OverheadActual   2: 17232 op, 60340.00 ns, 3.5016 ns/op, 0.00 uJpkg, 0.00 uJdram
OverheadActual   3: 17232 op, 61193.00 ns, 3.5511 ns/op, 0.00 uJpkg, 0.00 uJdram
OverheadActual   4: 17232 op, 61355.00 ns, 3.5605 ns/op, 0.00 uJpkg, 0.00 uJdram
OverheadActual   5: 17232 op, 60105.00 ns, 3.4880 ns/op, 0.00 uJpkg, 0.00 uJdram
OverheadActual   6: 17232 op, 60452.00 ns, 3.5081 ns/op, 0.00 uJpkg, 0.00 uJdram
OverheadActual   7: 17232 op, 60086.00 ns, 3.4869 ns/op, 0.00 uJpkg, 0.00 uJdram
OverheadActual   8: 17232 op, 60080.00 ns, 3.4865 ns/op, 80078.00 uJpkg, 0.00 uJdram
OverheadActual   9: 17232 op, 63362.00 ns, 3.6770 ns/op, 0.00 uJpkg, 0.00 uJdram
OverheadActual  10: 17232 op, 61918.00 ns, 3.5932 ns/op, 0.00 uJpkg, 0.00 uJdram
OverheadActual  11: 17232 op, 60099.00 ns, 3.4876 ns/op, 0.00 uJpkg, 0.00 uJdram
OverheadActual  12: 17232 op, 60058.00 ns, 3.4853 ns/op, 0.00 uJpkg, 0.00 uJdram
OverheadActual  13: 17232 op, 60092.00 ns, 3.4872 ns/op, 0.00 uJpkg, 0.00 uJdram
OverheadActual  14: 17232 op, 60461.00 ns, 3.5086 ns/op, 0.00 uJpkg, 0.00 uJdram
OverheadActual  15: 17232 op, 60078.00 ns, 3.4864 ns/op, 82337.00 uJpkg, 0.00 uJdram

WorkloadWarmup   1: 17232 op, 996028295.00 ns, 57.8011 us/op, 81926609.00 uJpkg, 0.00 uJdram
WorkloadWarmup   2: 17232 op, 995687007.00 ns, 57.7813 us/op, 80075723.00 uJpkg, 0.00 uJdram
WorkloadWarmup   3: 17232 op, 991696984.00 ns, 57.5497 us/op, 79296428.00 uJpkg, 0.00 uJdram
WorkloadWarmup   4: 17232 op, 1012849940.00 ns, 58.7773 us/op, 80821204.00 uJpkg, 0.00 uJdram
WorkloadWarmup   5: 17232 op, 1022772004.00 ns, 59.3531 us/op, 81390112.00 uJpkg, 0.00 uJdram
WorkloadWarmup   6: 17232 op, 980634683.00 ns, 56.9078 us/op, 79194255.00 uJpkg, 0.00 uJdram

// BeforeActualRun
WorkloadActual   1: 17232 op, 979826275.00 ns, 56.8609 us/op, 78360944.00 uJpkg, 0.00 uJdram
WorkloadActual   2: 17232 op, 1051515979.00 ns, 61.0211 us/op, 83918791.00 uJpkg, 0.00 uJdram
WorkloadActual   3: 17232 op, 1000367209.00 ns, 58.0529 us/op, 80599342.00 uJpkg, 0.00 uJdram
WorkloadActual   4: 17232 op, 1034918034.00 ns, 60.0579 us/op, 82988374.00 uJpkg, 0.00 uJdram
WorkloadActual   5: 17232 op, 1001489374.00 ns, 58.1180 us/op, 80774268.00 uJpkg, 0.00 uJdram
WorkloadActual   6: 17232 op, 1006640625.00 ns, 58.4169 us/op, 81073035.00 uJpkg, 0.00 uJdram
WorkloadActual   7: 17232 op, 979888166.00 ns, 56.8644 us/op, 78907208.00 uJpkg, 0.00 uJdram
WorkloadActual   8: 17232 op, 1007714558.00 ns, 58.4793 us/op, 80957861.00 uJpkg, 0.00 uJdram
WorkloadActual   9: 17232 op, 1001144339.00 ns, 58.0980 us/op, 80353737.00 uJpkg, 0.00 uJdram
WorkloadActual  10: 17232 op, 978834599.00 ns, 56.8033 us/op, 79763468.00 uJpkg, 0.00 uJdram
WorkloadActual  11: 17232 op, 996023934.00 ns, 57.8008 us/op, 80171670.00 uJpkg, 0.00 uJdram
WorkloadActual  12: 17232 op, 1004076017.00 ns, 58.2681 us/op, 80705360.00 uJpkg, 0.00 uJdram
WorkloadActual  13: 17232 op, 986513786.00 ns, 57.2489 us/op, 79729898.00 uJpkg, 0.00 uJdram
WorkloadActual  14: 17232 op, 973734025.00 ns, 56.5073 us/op, 78724469.00 uJpkg, 0.00 uJdram
WorkloadActual  15: 17232 op, 975255539.00 ns, 56.5956 us/op, 78745709.00 uJpkg, 0.00 uJdram

// AfterActualRun
WorkloadResult   1: 17232 op, 979766170.00 ns, 56.8574 us/op, 78360944.00 uJpkg, 0.00 uJdram
WorkloadResult   2: 17232 op, 1051455874.00 ns, 61.0176 us/op, 83918791.00 uJpkg, 0.00 uJdram
WorkloadResult   3: 17232 op, 1000307104.00 ns, 58.0494 us/op, 80599342.00 uJpkg, 0.00 uJdram
WorkloadResult   4: 17232 op, 1034857929.00 ns, 60.0544 us/op, 82988374.00 uJpkg, 0.00 uJdram
WorkloadResult   5: 17232 op, 1001429269.00 ns, 58.1145 us/op, 80774268.00 uJpkg, 0.00 uJdram
WorkloadResult   6: 17232 op, 1006580520.00 ns, 58.4134 us/op, 81073035.00 uJpkg, 0.00 uJdram
WorkloadResult   7: 17232 op, 979828061.00 ns, 56.8610 us/op, 78907208.00 uJpkg, 0.00 uJdram
WorkloadResult   8: 17232 op, 1007654453.00 ns, 58.4758 us/op, 80957861.00 uJpkg, 0.00 uJdram
WorkloadResult   9: 17232 op, 1001084234.00 ns, 58.0945 us/op, 80353737.00 uJpkg, 0.00 uJdram
WorkloadResult  10: 17232 op, 978774494.00 ns, 56.7998 us/op, 79763468.00 uJpkg, 0.00 uJdram
WorkloadResult  11: 17232 op, 995963829.00 ns, 57.7973 us/op, 80171670.00 uJpkg, 0.00 uJdram
WorkloadResult  12: 17232 op, 1004015912.00 ns, 58.2646 us/op, 80705360.00 uJpkg, 0.00 uJdram
WorkloadResult  13: 17232 op, 986453681.00 ns, 57.2455 us/op, 79729898.00 uJpkg, 0.00 uJdram
WorkloadResult  14: 17232 op, 973673920.00 ns, 56.5038 us/op, 78724469.00 uJpkg, 0.00 uJdram
WorkloadResult  15: 17232 op, 975195434.00 ns, 56.5921 us/op, 78745709.00 uJpkg, 0.00 uJdram

// AfterAll
// Benchmark Process 4055549 has exited with code 0.

Mean = 57.943 μs, StdErr = 0.328 μs (0.57%), N = 15, StdDev = 1.272 μs
Min = 56.504 μs, Q1 = 56.859 μs, Median = 58.049 μs, Q3 = 58.339 μs, Max = 61.018 μs
IQR = 1.480 μs, LowerFence = 54.639 μs, UpperFence = 60.559 μs
ConfidenceInterval = [56.583 μs; 59.302 μs] (CI 99.9%), Margin = 1.360 μs (2.35% of Mean)
Skewness = 0.94, Kurtosis = 3.1, MValue = 2

// ** Remained 6 (20.0%) benchmark(s) to run. Estimated finish 2025-12-31 19:23 (0h 2m from now) **
// **************************
// Benchmark: JsonSerializationBenchmarks.SpanJson_Serialize_Medium: Overhead-Fixed-Energy-4(OutlierMode=DontRemove, IterationCount=15, IterationTime=1s, LaunchCount=1, WarmupCount=6)
// *** Execute ***
// Launch: 1 / 1
// Execute: dotnet Serialization.Bench-Overhead-Fixed-Energy-4-1.dll --anonymousPipes 103 104 --benchmarkName Serialization.Bench.JsonSerializationBenchmarks.SpanJson_Serialize_Medium --job Overhead-Fixed-Energy-4 --benchmarkId 24 in /home/test/rapl-tests/lib-energy-bench/src/Serialization.Bench/bin/Release/net8.0/Serialization.Bench-Overhead-Fixed-Energy-4-1/bin/Release/net8.0
// BeforeAnythingElse

// Benchmark Process Environment Information:
// BenchmarkDotNet v0.15.5-develop (2025-12-31)
// Runtime=.NET 8.0.21 (8.0.21, 8.0.2125.47513), X64 RyuJIT x86-64-v4
// GC=Concurrent Workstation
// HardwareIntrinsics=AVX512 IFMA+VBMI,AVX512 F+BW+CD+DQ+VL,AVX2+BMI1+BMI2+F16C+FMA+LZCNT+MOVBE,AVX,SSE3+SSSE3+SSE4.1+SSE4.2+POPCNT,X86Base+SSE+SSE2,AES+PCLMUL VectorSize=256
// Job: Overhead-Fixed-Energy-4(OutlierMode=DontRemove, IterationCount=15, IterationTime=1s, LaunchCount=1, WarmupCount=6)

OverheadJitting  1: 1 op, 134049.00 ns, 134.0490 us/op, 58167.00 uJpkg, 0.00 uJdram
WorkloadJitting  1: 1 op, 97127350.00 ns, 97.1274 ms/op, 6192550.00 uJpkg, 0.00 uJdram

WorkloadPilot    1: 4 op, 1023399.00 ns, 255.8498 us/op, 144043.00 uJpkg, 0.00 uJdram
WorkloadPilot    2: 3909 op, 281754370.00 ns, 72.0784 us/op, 18893689.00 uJpkg, 0.00 uJdram
WorkloadPilot    3: 13874 op, 580153599.00 ns, 41.8159 us/op, 36712064.00 uJpkg, 0.00 uJdram
WorkloadPilot    4: 23914 op, 935047656.00 ns, 39.1004 us/op, 60953091.00 uJpkg, 0.00 uJdram
WorkloadPilot    5: 25575 op, 1058107510.00 ns, 41.3727 us/op, 67907724.00 uJpkg, 0.00 uJdram
WorkloadPilot    6: 24171 op, 1000556578.00 ns, 41.3949 us/op, 63719624.00 uJpkg, 0.00 uJdram
WorkloadPilot    7: 24158 op, 953080001.00 ns, 39.4519 us/op, 61620448.00 uJpkg, 0.00 uJdram
WorkloadPilot    8: 25347 op, 1054506640.00 ns, 41.6028 us/op, 67420421.00 uJpkg, 0.00 uJdram

WorkloadWarmup   1: 25347 op, 1056352724.00 ns, 41.6757 us/op, 66838512.00 uJpkg, 0.00 uJdram
WorkloadWarmup   2: 25347 op, 1034457273.00 ns, 40.8118 us/op, 66793652.00 uJpkg, 0.00 uJdram
WorkloadWarmup   3: 25347 op, 1027599741.00 ns, 40.5413 us/op, 65803359.00 uJpkg, 0.00 uJdram
WorkloadWarmup   4: 25347 op, 1020381793.00 ns, 40.2565 us/op, 66800183.00 uJpkg, 0.00 uJdram
WorkloadWarmup   5: 25347 op, 990659922.00 ns, 39.0839 us/op, 64690569.00 uJpkg, 0.00 uJdram
WorkloadWarmup   6: 25347 op, 985513664.00 ns, 38.8809 us/op, 64627947.00 uJpkg, 0.00 uJdram

// BeforeActualRun
WorkloadActual   1: 25347 op, 1021633078.00 ns, 40.3059 us/op, 65926345.00 uJpkg, 0.00 uJdram
WorkloadActual   2: 25347 op, 1021260583.00 ns, 40.2912 us/op, 65161576.00 uJpkg, 0.00 uJdram
WorkloadActual   3: 25347 op, 984735915.00 ns, 38.8502 us/op, 64497454.00 uJpkg, 0.00 uJdram
WorkloadActual   4: 25347 op, 1021593891.00 ns, 40.3043 us/op, 65883438.00 uJpkg, 0.00 uJdram
WorkloadActual   5: 25347 op, 1022034147.00 ns, 40.3217 us/op, 65066667.00 uJpkg, 0.00 uJdram
WorkloadActual   6: 25347 op, 1028322024.00 ns, 40.5698 us/op, 65928482.00 uJpkg, 0.00 uJdram
WorkloadActual   7: 25347 op, 1022527584.00 ns, 40.3412 us/op, 65665786.00 uJpkg, 0.00 uJdram
WorkloadActual   8: 25347 op, 1012821083.00 ns, 39.9582 us/op, 64512835.00 uJpkg, 0.00 uJdram
WorkloadActual   9: 25347 op, 989204472.00 ns, 39.0265 us/op, 63901387.00 uJpkg, 0.00 uJdram
WorkloadActual  10: 25347 op, 987718395.00 ns, 38.9679 us/op, 62812767.00 uJpkg, 0.00 uJdram
WorkloadActual  11: 25347 op, 1023291389.00 ns, 40.3713 us/op, 65733413.00 uJpkg, 0.00 uJdram
WorkloadActual  12: 25347 op, 1025851836.00 ns, 40.4723 us/op, 65496048.00 uJpkg, 0.00 uJdram
WorkloadActual  13: 25347 op, 1022800273.00 ns, 40.3519 us/op, 64951738.00 uJpkg, 0.00 uJdram
WorkloadActual  14: 25347 op, 1022732186.00 ns, 40.3492 us/op, 66224745.00 uJpkg, 0.00 uJdram
WorkloadActual  15: 25347 op, 990131089.00 ns, 39.0630 us/op, 63358175.00 uJpkg, 0.00 uJdram

// AfterActualRun
WorkloadResult   1: 25347 op, 1021633078.00 ns, 40.3059 us/op, 65926345.00 uJpkg, 0.00 uJdram
WorkloadResult   2: 25347 op, 1021260583.00 ns, 40.2912 us/op, 65161576.00 uJpkg, 0.00 uJdram
WorkloadResult   3: 25347 op, 984735915.00 ns, 38.8502 us/op, 64497454.00 uJpkg, 0.00 uJdram
WorkloadResult   4: 25347 op, 1021593891.00 ns, 40.3043 us/op, 65883438.00 uJpkg, 0.00 uJdram
WorkloadResult   5: 25347 op, 1022034147.00 ns, 40.3217 us/op, 65066667.00 uJpkg, 0.00 uJdram
WorkloadResult   6: 25347 op, 1028322024.00 ns, 40.5698 us/op, 65928482.00 uJpkg, 0.00 uJdram
WorkloadResult   7: 25347 op, 1022527584.00 ns, 40.3412 us/op, 65665786.00 uJpkg, 0.00 uJdram
WorkloadResult   8: 25347 op, 1012821083.00 ns, 39.9582 us/op, 64512835.00 uJpkg, 0.00 uJdram
WorkloadResult   9: 25347 op, 989204472.00 ns, 39.0265 us/op, 63901387.00 uJpkg, 0.00 uJdram
WorkloadResult  10: 25347 op, 987718395.00 ns, 38.9679 us/op, 62812767.00 uJpkg, 0.00 uJdram
WorkloadResult  11: 25347 op, 1023291389.00 ns, 40.3713 us/op, 65733413.00 uJpkg, 0.00 uJdram
WorkloadResult  12: 25347 op, 1025851836.00 ns, 40.4723 us/op, 65496048.00 uJpkg, 0.00 uJdram
WorkloadResult  13: 25347 op, 1022800273.00 ns, 40.3519 us/op, 64951738.00 uJpkg, 0.00 uJdram
WorkloadResult  14: 25347 op, 1022732186.00 ns, 40.3492 us/op, 66224745.00 uJpkg, 0.00 uJdram
WorkloadResult  15: 25347 op, 990131089.00 ns, 39.0630 us/op, 63358175.00 uJpkg, 0.00 uJdram

// AfterAll
// Benchmark Process 4055569 has exited with code 0.

Mean = 39.970 μs, StdErr = 0.164 μs (0.41%), N = 15, StdDev = 0.634 μs
Min = 38.850 μs, Q1 = 39.511 μs, Median = 40.306 μs, Q3 = 40.351 μs, Max = 40.570 μs
IQR = 0.840 μs, LowerFence = 38.251 μs, UpperFence = 41.611 μs
ConfidenceInterval = [39.292 μs; 40.647 μs] (CI 99.9%), Margin = 0.678 μs (1.70% of Mean)
Skewness = -0.86, Kurtosis = 1.81, MValue = 2

// ** Remained 5 (16.7%) benchmark(s) to run. Estimated finish 2025-12-31 19:23 (0h 2m from now) **
// **************************
// Benchmark: JsonSerializationBenchmarks.STJ_Serialize_Small: Overhead-Fixed-Energy-4(OutlierMode=DontRemove, IterationCount=15, IterationTime=1s, LaunchCount=1, WarmupCount=6)
// *** Execute ***
// Launch: 1 / 1
// Execute: dotnet Serialization.Bench-Overhead-Fixed-Energy-4-1.dll --anonymousPipes 103 104 --benchmarkName Serialization.Bench.JsonSerializationBenchmarks.STJ_Serialize_Small --job Overhead-Fixed-Energy-4 --benchmarkId 25 in /home/test/rapl-tests/lib-energy-bench/src/Serialization.Bench/bin/Release/net8.0/Serialization.Bench-Overhead-Fixed-Energy-4-1/bin/Release/net8.0
// BeforeAnythingElse

// Benchmark Process Environment Information:
// BenchmarkDotNet v0.15.5-develop (2025-12-31)
// Runtime=.NET 8.0.21 (8.0.21, 8.0.2125.47513), X64 RyuJIT x86-64-v4
// GC=Concurrent Workstation
// HardwareIntrinsics=AVX512 IFMA+VBMI,AVX512 F+BW+CD+DQ+VL,AVX2+BMI1+BMI2+F16C+FMA+LZCNT+MOVBE,AVX,SSE3+SSSE3+SSE4.1+SSE4.2+POPCNT,X86Base+SSE+SSE2,AES+PCLMUL VectorSize=256
// Job: Overhead-Fixed-Energy-4(OutlierMode=DontRemove, IterationCount=15, IterationTime=1s, LaunchCount=1, WarmupCount=6)

OverheadJitting  1: 1 op, 136289.00 ns, 136.2890 us/op, 64575.00 uJpkg, 0.00 uJdram
WorkloadJitting  1: 1 op, 3797007.00 ns, 3.7970 ms/op, 270263.00 uJpkg, 0.00 uJdram

OverheadJitting  2: 16 op, 371135.00 ns, 23.1959 us/op, 0.00 uJpkg, 0.00 uJdram
WorkloadJitting  2: 16 op, 479867.00 ns, 29.9917 us/op, 71838.00 uJpkg, 0.00 uJdram

WorkloadPilot    1: 16 op, 68132.00 ns, 4.2583 us/op, 0.00 uJpkg, 0.00 uJdram
WorkloadPilot    2: 234848 op, 574258993.00 ns, 2.4452 us/op, 50012567.00 uJpkg, 0.00 uJdram
WorkloadPilot    3: 408960 op, 532612828.00 ns, 1.3024 us/op, 47185182.00 uJpkg, 0.00 uJdram
WorkloadPilot    4: 767840 op, 996047909.00 ns, 1.2972 us/op, 87689655.00 uJpkg, 0.00 uJdram
WorkloadPilot    5: 770896 op, 998184665.00 ns, 1.2948 us/op, 88260211.00 uJpkg, 0.00 uJdram
WorkloadPilot    6: 772304 op, 1001254036.00 ns, 1.2965 us/op, 88383807.00 uJpkg, 0.00 uJdram
WorkloadPilot    7: 771344 op, 1001353511.00 ns, 1.2982 us/op, 88561724.00 uJpkg, 0.00 uJdram
WorkloadPilot    8: 770304 op, 997850984.00 ns, 1.2954 us/op, 88118854.00 uJpkg, 0.00 uJdram
WorkloadPilot    9: 771968 op, 999415142.00 ns, 1.2946 us/op, 88354449.00 uJpkg, 0.00 uJdram
WorkloadPilot   10: 772432 op, 1000517869.00 ns, 1.2953 us/op, 89269913.00 uJpkg, 0.00 uJdram

OverheadWarmup   1: 772432 op, 2639610.00 ns, 3.4173 ns/op, 224731.00 uJpkg, 0.00 uJdram
OverheadWarmup   2: 772432 op, 2639430.00 ns, 3.4170 ns/op, 142761.00 uJpkg, 0.00 uJdram
OverheadWarmup   3: 772432 op, 2647405.00 ns, 3.4274 ns/op, 194885.00 uJpkg, 0.00 uJdram
OverheadWarmup   4: 772432 op, 2649519.00 ns, 3.4301 ns/op, 205139.00 uJpkg, 0.00 uJdram
OverheadWarmup   5: 772432 op, 2638989.00 ns, 3.4165 ns/op, 207885.00 uJpkg, 0.00 uJdram
OverheadWarmup   6: 772432 op, 2659536.00 ns, 3.4431 ns/op, 142334.00 uJpkg, 0.00 uJdram
OverheadWarmup   7: 772432 op, 2640057.00 ns, 3.4179 ns/op, 200134.00 uJpkg, 0.00 uJdram

OverheadActual   1: 772432 op, 2651681.00 ns, 3.4329 ns/op, 157287.00 uJpkg, 0.00 uJdram
OverheadActual   2: 772432 op, 2637312.00 ns, 3.4143 ns/op, 192138.00 uJpkg, 0.00 uJdram
OverheadActual   3: 772432 op, 2649846.00 ns, 3.4305 ns/op, 216674.00 uJpkg, 0.00 uJdram
OverheadActual   4: 772432 op, 2637127.00 ns, 3.4141 ns/op, 220275.00 uJpkg, 0.00 uJdram
OverheadActual   5: 772432 op, 2635395.00 ns, 3.4118 ns/op, 125549.00 uJpkg, 0.00 uJdram
OverheadActual   6: 772432 op, 2643611.00 ns, 3.4225 ns/op, 218322.00 uJpkg, 0.00 uJdram
OverheadActual   7: 772432 op, 2632684.00 ns, 3.4083 ns/op, 123657.00 uJpkg, 0.00 uJdram
OverheadActual   8: 772432 op, 2648399.00 ns, 3.4287 ns/op, 213806.00 uJpkg, 0.00 uJdram
OverheadActual   9: 772432 op, 2632577.00 ns, 3.4082 ns/op, 207153.00 uJpkg, 0.00 uJdram
OverheadActual  10: 772432 op, 2650546.00 ns, 3.4314 ns/op, 150451.00 uJpkg, 0.00 uJdram
OverheadActual  11: 772432 op, 2635410.00 ns, 3.4118 ns/op, 211303.00 uJpkg, 0.00 uJdram
OverheadActual  12: 772432 op, 2636471.00 ns, 3.4132 ns/op, 193786.00 uJpkg, 0.00 uJdram
OverheadActual  13: 772432 op, 2687073.00 ns, 3.4787 ns/op, 143982.00 uJpkg, 0.00 uJdram
OverheadActual  14: 772432 op, 2640121.00 ns, 3.4179 ns/op, 192077.00 uJpkg, 0.00 uJdram
OverheadActual  15: 772432 op, 2654510.00 ns, 3.4366 ns/op, 141479.00 uJpkg, 0.00 uJdram

WorkloadWarmup   1: 772432 op, 1002875238.00 ns, 1.2983 us/op, 91601694.00 uJpkg, 0.00 uJdram
WorkloadWarmup   2: 772432 op, 1003083003.00 ns, 1.2986 us/op, 89522659.00 uJpkg, 0.00 uJdram
WorkloadWarmup   3: 772432 op, 1003086426.00 ns, 1.2986 us/op, 89099625.00 uJpkg, 0.00 uJdram
WorkloadWarmup   4: 772432 op, 1004066000.00 ns, 1.2999 us/op, 89014542.00 uJpkg, 0.00 uJdram
WorkloadWarmup   5: 772432 op, 1002022777.00 ns, 1.2972 us/op, 88895769.00 uJpkg, 0.00 uJdram
WorkloadWarmup   6: 772432 op, 1002174173.00 ns, 1.2974 us/op, 88257526.00 uJpkg, 0.00 uJdram

// BeforeActualRun
WorkloadActual   1: 772432 op, 1003762110.00 ns, 1.2995 us/op, 89121109.00 uJpkg, 0.00 uJdram
WorkloadActual   2: 772432 op, 1006970749.00 ns, 1.3036 us/op, 88859697.00 uJpkg, 0.00 uJdram
WorkloadActual   3: 772432 op, 1006948591.00 ns, 1.3036 us/op, 89015580.00 uJpkg, 0.00 uJdram
WorkloadActual   4: 772432 op, 1006674520.00 ns, 1.3033 us/op, 88972978.00 uJpkg, 0.00 uJdram
WorkloadActual   5: 772432 op, 1007970957.00 ns, 1.3049 us/op, 89440017.00 uJpkg, 0.00 uJdram
WorkloadActual   6: 772432 op, 1006782160.00 ns, 1.3034 us/op, 88904313.00 uJpkg, 0.00 uJdram
WorkloadActual   7: 772432 op, 1006300655.00 ns, 1.3028 us/op, 89385818.00 uJpkg, 0.00 uJdram
WorkloadActual   8: 772432 op, 1006538668.00 ns, 1.3031 us/op, 89246293.00 uJpkg, 0.00 uJdram
WorkloadActual   9: 772432 op, 1005235509.00 ns, 1.3014 us/op, 89429763.00 uJpkg, 0.00 uJdram
WorkloadActual  10: 772432 op, 1008018090.00 ns, 1.3050 us/op, 90643811.00 uJpkg, 0.00 uJdram
WorkloadActual  11: 772432 op, 1010789007.00 ns, 1.3086 us/op, 90064101.00 uJpkg, 0.00 uJdram
WorkloadActual  12: 772432 op, 1010565691.00 ns, 1.3083 us/op, 89861403.00 uJpkg, 0.00 uJdram
WorkloadActual  13: 772432 op, 1010495271.00 ns, 1.3082 us/op, 90254530.00 uJpkg, 0.00 uJdram
WorkloadActual  14: 772432 op, 1010835290.00 ns, 1.3086 us/op, 90116468.00 uJpkg, 0.00 uJdram
WorkloadActual  15: 772432 op, 1010365831.00 ns, 1.3080 us/op, 90195143.00 uJpkg, 0.00 uJdram

// AfterActualRun
WorkloadResult   1: 772432 op, 1001121989.00 ns, 1.2961 us/op, 89121109.00 uJpkg, 0.00 uJdram
WorkloadResult   2: 772432 op, 1004330628.00 ns, 1.3002 us/op, 88859697.00 uJpkg, 0.00 uJdram
WorkloadResult   3: 772432 op, 1004308470.00 ns, 1.3002 us/op, 89015580.00 uJpkg, 0.00 uJdram
WorkloadResult   4: 772432 op, 1004034399.00 ns, 1.2998 us/op, 88972978.00 uJpkg, 0.00 uJdram
WorkloadResult   5: 772432 op, 1005330836.00 ns, 1.3015 us/op, 89440017.00 uJpkg, 0.00 uJdram
WorkloadResult   6: 772432 op, 1004142039.00 ns, 1.3000 us/op, 88904313.00 uJpkg, 0.00 uJdram
WorkloadResult   7: 772432 op, 1003660534.00 ns, 1.2994 us/op, 89385818.00 uJpkg, 0.00 uJdram
WorkloadResult   8: 772432 op, 1003898547.00 ns, 1.2997 us/op, 89246293.00 uJpkg, 0.00 uJdram
WorkloadResult   9: 772432 op, 1002595388.00 ns, 1.2980 us/op, 89429763.00 uJpkg, 0.00 uJdram
WorkloadResult  10: 772432 op, 1005377969.00 ns, 1.3016 us/op, 90643811.00 uJpkg, 0.00 uJdram
WorkloadResult  11: 772432 op, 1008148886.00 ns, 1.3052 us/op, 90064101.00 uJpkg, 0.00 uJdram
WorkloadResult  12: 772432 op, 1007925570.00 ns, 1.3049 us/op, 89861403.00 uJpkg, 0.00 uJdram
WorkloadResult  13: 772432 op, 1007855150.00 ns, 1.3048 us/op, 90254530.00 uJpkg, 0.00 uJdram
WorkloadResult  14: 772432 op, 1008195169.00 ns, 1.3052 us/op, 90116468.00 uJpkg, 0.00 uJdram
WorkloadResult  15: 772432 op, 1007725710.00 ns, 1.3046 us/op, 90195143.00 uJpkg, 0.00 uJdram

// AfterAll
// Benchmark Process 4055583 has exited with code 0.

Mean = 1.301 μs, StdErr = 0.001 μs (0.06%), N = 15, StdDev = 0.003 μs
Min = 1.296 μs, Q1 = 1.300 μs, Median = 1.300 μs, Q3 = 1.305 μs, Max = 1.305 μs
IQR = 0.005 μs, LowerFence = 1.292 μs, UpperFence = 1.312 μs
ConfidenceInterval = [1.298 μs; 1.304 μs] (CI 99.9%), Margin = 0.003 μs (0.24% of Mean)
Skewness = 0.02, Kurtosis = 1.69, MValue = 2

// ** Remained 4 (13.3%) benchmark(s) to run. Estimated finish 2025-12-31 19:23 (0h 1m from now) **
// **************************
// Benchmark: JsonSerializationBenchmarks.Newtonsoft_Serialize_Small: Overhead-Fixed-Energy-4(OutlierMode=DontRemove, IterationCount=15, IterationTime=1s, LaunchCount=1, WarmupCount=6)
// *** Execute ***
// Launch: 1 / 1
// Execute: dotnet Serialization.Bench-Overhead-Fixed-Energy-4-1.dll --anonymousPipes 103 104 --benchmarkName Serialization.Bench.JsonSerializationBenchmarks.Newtonsoft_Serialize_Small --job Overhead-Fixed-Energy-4 --benchmarkId 26 in /home/test/rapl-tests/lib-energy-bench/src/Serialization.Bench/bin/Release/net8.0/Serialization.Bench-Overhead-Fixed-Energy-4-1/bin/Release/net8.0
// BeforeAnythingElse

// Benchmark Process Environment Information:
// BenchmarkDotNet v0.15.5-develop (2025-12-31)
// Runtime=.NET 8.0.21 (8.0.21, 8.0.2125.47513), X64 RyuJIT x86-64-v4
// GC=Concurrent Workstation
// HardwareIntrinsics=AVX512 IFMA+VBMI,AVX512 F+BW+CD+DQ+VL,AVX2+BMI1+BMI2+F16C+FMA+LZCNT+MOVBE,AVX,SSE3+SSSE3+SSE4.1+SSE4.2+POPCNT,X86Base+SSE+SSE2,AES+PCLMUL VectorSize=256
// Job: Overhead-Fixed-Energy-4(OutlierMode=DontRemove, IterationCount=15, IterationTime=1s, LaunchCount=1, WarmupCount=6)

OverheadJitting  1: 1 op, 137955.00 ns, 137.9550 us/op, 65186.00 uJpkg, 0.00 uJdram
WorkloadJitting  1: 1 op, 37875186.00 ns, 37.8752 ms/op, 2403741.00 uJpkg, 0.00 uJdram

OverheadJitting  2: 16 op, 370869.00 ns, 23.1793 us/op, 0.00 uJpkg, 0.00 uJdram
WorkloadJitting  2: 16 op, 642635.00 ns, 40.1647 us/op, 65246.00 uJpkg, 0.00 uJdram

WorkloadPilot    1: 16 op, 266689.00 ns, 16.6681 us/op, 0.00 uJpkg, 0.00 uJdram
WorkloadPilot    2: 60000 op, 245938134.00 ns, 4.0990 us/op, 20436227.00 uJpkg, 0.00 uJdram
WorkloadPilot    3: 243968 op, 540545318.00 ns, 2.2156 us/op, 47490479.00 uJpkg, 0.00 uJdram
WorkloadPilot    4: 451344 op, 998175085.00 ns, 2.2116 us/op, 87562093.00 uJpkg, 0.00 uJdram
WorkloadPilot    5: 452176 op, 1015528658.00 ns, 2.2459 us/op, 88838640.00 uJpkg, 0.00 uJdram
WorkloadPilot    6: 445264 op, 995581256.00 ns, 2.2359 us/op, 87119345.00 uJpkg, 0.00 uJdram
WorkloadPilot    7: 447248 op, 999562951.00 ns, 2.2349 us/op, 87363546.00 uJpkg, 0.00 uJdram
WorkloadPilot    8: 447456 op, 1008053321.00 ns, 2.2529 us/op, 88023823.00 uJpkg, 0.00 uJdram
WorkloadPilot    9: 443888 op, 994990524.00 ns, 2.2415 us/op, 87216391.00 uJpkg, 0.00 uJdram
WorkloadPilot   10: 446128 op, 987384901.00 ns, 2.2132 us/op, 87479146.00 uJpkg, 0.00 uJdram
WorkloadPilot   11: 451840 op, 1008434403.00 ns, 2.2318 us/op, 88265765.00 uJpkg, 0.00 uJdram

OverheadWarmup   1: 451840 op, 1537230.00 ns, 3.4022 ns/op, 127197.00 uJpkg, 0.00 uJdram
OverheadWarmup   2: 451840 op, 1538045.00 ns, 3.4040 ns/op, 118530.00 uJpkg, 0.00 uJdram
OverheadWarmup   3: 451840 op, 1540360.00 ns, 3.4091 ns/op, 60059.00 uJpkg, 0.00 uJdram
OverheadWarmup   4: 451840 op, 1543004.00 ns, 3.4149 ns/op, 132446.00 uJpkg, 0.00 uJdram
OverheadWarmup   5: 451840 op, 1540553.00 ns, 3.4095 ns/op, 80322.00 uJpkg, 0.00 uJdram
OverheadWarmup   6: 451840 op, 1549601.00 ns, 3.4295 ns/op, 143066.00 uJpkg, 0.00 uJdram
OverheadWarmup   7: 451840 op, 1552001.00 ns, 3.4348 ns/op, 145629.00 uJpkg, 0.00 uJdram
OverheadWarmup   8: 451840 op, 1564506.00 ns, 3.4625 ns/op, 132629.00 uJpkg, 0.00 uJdram
OverheadWarmup   9: 451840 op, 1552201.00 ns, 3.4353 ns/op, 63355.00 uJpkg, 0.00 uJdram

OverheadActual   1: 451840 op, 1541516.00 ns, 3.4116 ns/op, 137389.00 uJpkg, 0.00 uJdram
OverheadActual   2: 451840 op, 1550070.00 ns, 3.4306 ns/op, 126281.00 uJpkg, 0.00 uJdram
OverheadActual   3: 451840 op, 1566330.00 ns, 3.4666 ns/op, 63171.00 uJpkg, 0.00 uJdram
OverheadActual   4: 451840 op, 1553221.00 ns, 3.4375 ns/op, 149169.00 uJpkg, 0.00 uJdram
OverheadActual   5: 451840 op, 1554685.00 ns, 3.4408 ns/op, 79956.00 uJpkg, 0.00 uJdram
OverheadActual   6: 451840 op, 1550117.00 ns, 3.4307 ns/op, 150085.00 uJpkg, 0.00 uJdram
OverheadActual   7: 451840 op, 1559796.00 ns, 3.4521 ns/op, 169555.00 uJpkg, 0.00 uJdram
OverheadActual   8: 451840 op, 1557280.00 ns, 3.4465 ns/op, 147094.00 uJpkg, 0.00 uJdram
OverheadActual   9: 451840 op, 1575953.00 ns, 3.4879 ns/op, 73670.00 uJpkg, 0.00 uJdram
OverheadActual  10: 451840 op, 1552471.00 ns, 3.4359 ns/op, 153564.00 uJpkg, 0.00 uJdram
OverheadActual  11: 451840 op, 1569776.00 ns, 3.4742 ns/op, 149535.00 uJpkg, 0.00 uJdram
OverheadActual  12: 451840 op, 1557107.00 ns, 3.4461 ns/op, 74280.00 uJpkg, 0.00 uJdram
OverheadActual  13: 451840 op, 1546350.00 ns, 3.4223 ns/op, 142211.00 uJpkg, 0.00 uJdram
OverheadActual  14: 451840 op, 1559524.00 ns, 3.4515 ns/op, 137389.00 uJpkg, 0.00 uJdram
OverheadActual  15: 451840 op, 1564962.00 ns, 3.4635 ns/op, 137206.00 uJpkg, 0.00 uJdram

WorkloadWarmup   1: 451840 op, 1004643766.00 ns, 2.2235 us/op, 90945507.00 uJpkg, 0.00 uJdram
WorkloadWarmup   2: 451840 op, 1005793540.00 ns, 2.2260 us/op, 88203082.00 uJpkg, 0.00 uJdram
WorkloadWarmup   3: 451840 op, 1011648790.00 ns, 2.2390 us/op, 88153705.00 uJpkg, 0.00 uJdram
WorkloadWarmup   4: 451840 op, 1011823874.00 ns, 2.2393 us/op, 88621355.00 uJpkg, 0.00 uJdram
WorkloadWarmup   5: 451840 op, 1001485036.00 ns, 2.2165 us/op, 87791462.00 uJpkg, 0.00 uJdram
WorkloadWarmup   6: 451840 op, 1016033171.00 ns, 2.2487 us/op, 88874833.00 uJpkg, 0.00 uJdram

// BeforeActualRun
WorkloadActual   1: 451840 op, 999417775.00 ns, 2.2119 us/op, 87777790.00 uJpkg, 0.00 uJdram
WorkloadActual   2: 451840 op, 1015225109.00 ns, 2.2469 us/op, 88675554.00 uJpkg, 0.00 uJdram
WorkloadActual   3: 451840 op, 1020101206.00 ns, 2.2577 us/op, 89284805.00 uJpkg, 0.00 uJdram
WorkloadActual   4: 451840 op, 1009017732.00 ns, 2.2331 us/op, 88196491.00 uJpkg, 0.00 uJdram
WorkloadActual   5: 451840 op, 1008635723.00 ns, 2.2323 us/op, 88409319.00 uJpkg, 0.00 uJdram
WorkloadActual   6: 451840 op, 1009370102.00 ns, 2.2339 us/op, 88433245.00 uJpkg, 0.00 uJdram
WorkloadActual   7: 451840 op, 1014483027.00 ns, 2.2452 us/op, 88936112.00 uJpkg, 0.00 uJdram
WorkloadActual   8: 451840 op, 1006378231.00 ns, 2.2273 us/op, 88993181.00 uJpkg, 0.00 uJdram
WorkloadActual   9: 451840 op, 1020794652.00 ns, 2.2592 us/op, 89767471.00 uJpkg, 0.00 uJdram
WorkloadActual  10: 451840 op, 1013614506.00 ns, 2.2433 us/op, 90183485.00 uJpkg, 0.00 uJdram
WorkloadActual  11: 451840 op, 1027666714.00 ns, 2.2744 us/op, 90156508.00 uJpkg, 0.00 uJdram
WorkloadActual  12: 451840 op, 1023165264.00 ns, 2.2644 us/op, 89479752.00 uJpkg, 0.00 uJdram
WorkloadActual  13: 451840 op, 1018703108.00 ns, 2.2546 us/op, 89414444.00 uJpkg, 0.00 uJdram
WorkloadActual  14: 451840 op, 1019041317.00 ns, 2.2553 us/op, 89669632.00 uJpkg, 0.00 uJdram
WorkloadActual  15: 451840 op, 1013744653.00 ns, 2.2436 us/op, 89152299.00 uJpkg, 0.00 uJdram

// AfterActualRun
WorkloadResult   1: 451840 op, 997860668.00 ns, 2.2084 us/op, 87777790.00 uJpkg, 0.00 uJdram
WorkloadResult   2: 451840 op, 1013668002.00 ns, 2.2434 us/op, 88675554.00 uJpkg, 0.00 uJdram
WorkloadResult   3: 451840 op, 1018544099.00 ns, 2.2542 us/op, 89284805.00 uJpkg, 0.00 uJdram
WorkloadResult   4: 451840 op, 1007460625.00 ns, 2.2297 us/op, 88196491.00 uJpkg, 0.00 uJdram
WorkloadResult   5: 451840 op, 1007078616.00 ns, 2.2288 us/op, 88409319.00 uJpkg, 0.00 uJdram
WorkloadResult   6: 451840 op, 1007812995.00 ns, 2.2305 us/op, 88433245.00 uJpkg, 0.00 uJdram
WorkloadResult   7: 451840 op, 1012925920.00 ns, 2.2418 us/op, 88936112.00 uJpkg, 0.00 uJdram
WorkloadResult   8: 451840 op, 1004821124.00 ns, 2.2238 us/op, 88993181.00 uJpkg, 0.00 uJdram
WorkloadResult   9: 451840 op, 1019237545.00 ns, 2.2557 us/op, 89767471.00 uJpkg, 0.00 uJdram
WorkloadResult  10: 451840 op, 1012057399.00 ns, 2.2399 us/op, 90183485.00 uJpkg, 0.00 uJdram
WorkloadResult  11: 451840 op, 1026109607.00 ns, 2.2710 us/op, 90156508.00 uJpkg, 0.00 uJdram
WorkloadResult  12: 451840 op, 1021608157.00 ns, 2.2610 us/op, 89479752.00 uJpkg, 0.00 uJdram
WorkloadResult  13: 451840 op, 1017146001.00 ns, 2.2511 us/op, 89414444.00 uJpkg, 0.00 uJdram
WorkloadResult  14: 451840 op, 1017484210.00 ns, 2.2519 us/op, 89669632.00 uJpkg, 0.00 uJdram
WorkloadResult  15: 451840 op, 1012187546.00 ns, 2.2401 us/op, 89152299.00 uJpkg, 0.00 uJdram

// AfterAll
// Benchmark Process 4055598 has exited with code 0.

Mean = 2.242 μs, StdErr = 0.004 μs (0.19%), N = 15, StdDev = 0.016 μs
Min = 2.208 μs, Q1 = 2.230 μs, Median = 2.242 μs, Q3 = 2.253 μs, Max = 2.271 μs
IQR = 0.023 μs, LowerFence = 2.196 μs, UpperFence = 2.287 μs
ConfidenceInterval = [2.225 μs; 2.259 μs] (CI 99.9%), Margin = 0.017 μs (0.77% of Mean)
Skewness = -0.21, Kurtosis = 2.33, MValue = 2

// ** Remained 3 (10.0%) benchmark(s) to run. Estimated finish 2025-12-31 19:23 (0h 1m from now) **
// **************************
// Benchmark: JsonSerializationBenchmarks.Jil_Serialize_Small: Overhead-Fixed-Energy-4(OutlierMode=DontRemove, IterationCount=15, IterationTime=1s, LaunchCount=1, WarmupCount=6)
// *** Execute ***
// Launch: 1 / 1
// Execute: dotnet Serialization.Bench-Overhead-Fixed-Energy-4-1.dll --anonymousPipes 103 104 --benchmarkName Serialization.Bench.JsonSerializationBenchmarks.Jil_Serialize_Small --job Overhead-Fixed-Energy-4 --benchmarkId 27 in /home/test/rapl-tests/lib-energy-bench/src/Serialization.Bench/bin/Release/net8.0/Serialization.Bench-Overhead-Fixed-Energy-4-1/bin/Release/net8.0
// BeforeAnythingElse

// Benchmark Process Environment Information:
// BenchmarkDotNet v0.15.5-develop (2025-12-31)
// Runtime=.NET 8.0.21 (8.0.21, 8.0.2125.47513), X64 RyuJIT x86-64-v4
// GC=Concurrent Workstation
// HardwareIntrinsics=AVX512 IFMA+VBMI,AVX512 F+BW+CD+DQ+VL,AVX2+BMI1+BMI2+F16C+FMA+LZCNT+MOVBE,AVX,SSE3+SSSE3+SSE4.1+SSE4.2+POPCNT,X86Base+SSE+SSE2,AES+PCLMUL VectorSize=256
// Job: Overhead-Fixed-Energy-4(OutlierMode=DontRemove, IterationCount=15, IterationTime=1s, LaunchCount=1, WarmupCount=6)

OverheadJitting  1: 1 op, 137810.00 ns, 137.8100 us/op, 0.00 uJpkg, 0.00 uJdram
WorkloadJitting  1: 1 op, 106158273.00 ns, 106.1583 ms/op, 7040448.00 uJpkg, 0.00 uJdram

WorkloadPilot    1: 4 op, 21208.00 ns, 5.3020 us/op, 0.00 uJpkg, 0.00 uJdram
WorkloadPilot    2: 188608 op, 418227039.00 ns, 2.2174 us/op, 34736117.00 uJpkg, 0.00 uJdram
WorkloadPilot    3: 450970 op, 784552160.00 ns, 1.7397 us/op, 68481147.00 uJpkg, 0.00 uJdram
WorkloadPilot    4: 574812 op, 997989988.00 ns, 1.7362 us/op, 87320699.00 uJpkg, 0.00 uJdram
WorkloadPilot    5: 575970 op, 999392878.00 ns, 1.7351 us/op, 88177630.00 uJpkg, 0.00 uJdram
WorkloadPilot    6: 576320 op, 1002144210.00 ns, 1.7389 us/op, 89332107.00 uJpkg, 0.00 uJdram
WorkloadPilot    7: 575087 op, 1003309967.00 ns, 1.7446 us/op, 89610061.00 uJpkg, 0.00 uJdram
WorkloadPilot    8: 573190 op, 999225339.00 ns, 1.7433 us/op, 88508380.00 uJpkg, 0.00 uJdram
WorkloadPilot    9: 573634 op, 1000600728.00 ns, 1.7443 us/op, 88471270.00 uJpkg, 0.00 uJdram

WorkloadWarmup   1: 573634 op, 997733779.00 ns, 1.7393 us/op, 89678420.00 uJpkg, 0.00 uJdram
WorkloadWarmup   2: 573634 op, 1001118779.00 ns, 1.7452 us/op, 88880205.00 uJpkg, 0.00 uJdram
WorkloadWarmup   3: 573634 op, 1001120752.00 ns, 1.7452 us/op, 88940690.00 uJpkg, 0.00 uJdram
WorkloadWarmup   4: 573634 op, 1001043884.00 ns, 1.7451 us/op, 88938005.00 uJpkg, 0.00 uJdram
WorkloadWarmup   5: 573634 op, 999994045.00 ns, 1.7433 us/op, 88522661.00 uJpkg, 0.00 uJdram
WorkloadWarmup   6: 573634 op, 1000905431.00 ns, 1.7449 us/op, 88346515.00 uJpkg, 0.00 uJdram

// BeforeActualRun
WorkloadActual   1: 573634 op, 995635915.00 ns, 1.7357 us/op, 88162860.00 uJpkg, 0.00 uJdram
WorkloadActual   2: 573634 op, 1001622394.00 ns, 1.7461 us/op, 90335767.00 uJpkg, 0.00 uJdram
WorkloadActual   3: 573634 op, 1000949634.00 ns, 1.7449 us/op, 89416153.00 uJpkg, 0.00 uJdram
WorkloadActual   4: 573634 op, 1000521168.00 ns, 1.7442 us/op, 88902726.00 uJpkg, 0.00 uJdram
WorkloadActual   5: 573634 op, 1000039058.00 ns, 1.7433 us/op, 88553301.00 uJpkg, 0.00 uJdram
WorkloadActual   6: 573634 op, 1000588491.00 ns, 1.7443 us/op, 88576006.00 uJpkg, 0.00 uJdram
WorkloadActual   7: 573634 op, 1001953236.00 ns, 1.7467 us/op, 89048539.00 uJpkg, 0.00 uJdram
WorkloadActual   8: 573634 op, 1001144207.00 ns, 1.7453 us/op, 89118668.00 uJpkg, 0.00 uJdram
WorkloadActual   9: 573634 op, 1000291970.00 ns, 1.7438 us/op, 88719194.00 uJpkg, 0.00 uJdram
WorkloadActual  10: 573634 op, 999695286.00 ns, 1.7427 us/op, 88562273.00 uJpkg, 0.00 uJdram
WorkloadActual  11: 573634 op, 1000676355.00 ns, 1.7445 us/op, 88761797.00 uJpkg, 0.00 uJdram
WorkloadActual  12: 573634 op, 1000765575.00 ns, 1.7446 us/op, 88492877.00 uJpkg, 0.00 uJdram
WorkloadActual  13: 573634 op, 1001572628.00 ns, 1.7460 us/op, 87845478.00 uJpkg, 0.00 uJdram
WorkloadActual  14: 573634 op, 996762200.00 ns, 1.7376 us/op, 87157980.00 uJpkg, 0.00 uJdram
WorkloadActual  15: 573634 op, 996424222.00 ns, 1.7370 us/op, 87331319.00 uJpkg, 0.00 uJdram

// AfterActualRun
WorkloadResult   1: 573634 op, 995635915.00 ns, 1.7357 us/op, 88162860.00 uJpkg, 0.00 uJdram
WorkloadResult   2: 573634 op, 1001622394.00 ns, 1.7461 us/op, 90335767.00 uJpkg, 0.00 uJdram
WorkloadResult   3: 573634 op, 1000949634.00 ns, 1.7449 us/op, 89416153.00 uJpkg, 0.00 uJdram
WorkloadResult   4: 573634 op, 1000521168.00 ns, 1.7442 us/op, 88902726.00 uJpkg, 0.00 uJdram
WorkloadResult   5: 573634 op, 1000039058.00 ns, 1.7433 us/op, 88553301.00 uJpkg, 0.00 uJdram
WorkloadResult   6: 573634 op, 1000588491.00 ns, 1.7443 us/op, 88576006.00 uJpkg, 0.00 uJdram
WorkloadResult   7: 573634 op, 1001953236.00 ns, 1.7467 us/op, 89048539.00 uJpkg, 0.00 uJdram
WorkloadResult   8: 573634 op, 1001144207.00 ns, 1.7453 us/op, 89118668.00 uJpkg, 0.00 uJdram
WorkloadResult   9: 573634 op, 1000291970.00 ns, 1.7438 us/op, 88719194.00 uJpkg, 0.00 uJdram
WorkloadResult  10: 573634 op, 999695286.00 ns, 1.7427 us/op, 88562273.00 uJpkg, 0.00 uJdram
WorkloadResult  11: 573634 op, 1000676355.00 ns, 1.7445 us/op, 88761797.00 uJpkg, 0.00 uJdram
WorkloadResult  12: 573634 op, 1000765575.00 ns, 1.7446 us/op, 88492877.00 uJpkg, 0.00 uJdram
WorkloadResult  13: 573634 op, 1001572628.00 ns, 1.7460 us/op, 87845478.00 uJpkg, 0.00 uJdram
WorkloadResult  14: 573634 op, 996762200.00 ns, 1.7376 us/op, 87157980.00 uJpkg, 0.00 uJdram
WorkloadResult  15: 573634 op, 996424222.00 ns, 1.7370 us/op, 87331319.00 uJpkg, 0.00 uJdram

// AfterAll
// Benchmark Process 4055612 has exited with code 0.

Mean = 1.743 μs, StdErr = 0.001 μs (0.05%), N = 15, StdDev = 0.003 μs
Min = 1.736 μs, Q1 = 1.743 μs, Median = 1.744 μs, Q3 = 1.745 μs, Max = 1.747 μs
IQR = 0.002 μs, LowerFence = 1.740 μs, UpperFence = 1.748 μs
ConfidenceInterval = [1.739 μs; 1.747 μs] (CI 99.9%), Margin = 0.004 μs (0.21% of Mean)
Skewness = -1.1, Kurtosis = 2.65, MValue = 2

// ** Remained 2 (6.7%) benchmark(s) to run. Estimated finish 2025-12-31 19:23 (0h 0m from now) **
// **************************
// Benchmark: JsonSerializationBenchmarks.Utf8Json_Serialize_Small: Overhead-Fixed-Energy-4(OutlierMode=DontRemove, IterationCount=15, IterationTime=1s, LaunchCount=1, WarmupCount=6)
// *** Execute ***
// Launch: 1 / 1
// Execute: dotnet Serialization.Bench-Overhead-Fixed-Energy-4-1.dll --anonymousPipes 103 104 --benchmarkName Serialization.Bench.JsonSerializationBenchmarks.Utf8Json_Serialize_Small --job Overhead-Fixed-Energy-4 --benchmarkId 28 in /home/test/rapl-tests/lib-energy-bench/src/Serialization.Bench/bin/Release/net8.0/Serialization.Bench-Overhead-Fixed-Energy-4-1/bin/Release/net8.0
// BeforeAnythingElse

// Benchmark Process Environment Information:
// BenchmarkDotNet v0.15.5-develop (2025-12-31)
// Runtime=.NET 8.0.21 (8.0.21, 8.0.2125.47513), X64 RyuJIT x86-64-v4
// GC=Concurrent Workstation
// HardwareIntrinsics=AVX512 IFMA+VBMI,AVX512 F+BW+CD+DQ+VL,AVX2+BMI1+BMI2+F16C+FMA+LZCNT+MOVBE,AVX,SSE3+SSSE3+SSE4.1+SSE4.2+POPCNT,X86Base+SSE+SSE2,AES+PCLMUL VectorSize=256
// Job: Overhead-Fixed-Energy-4(OutlierMode=DontRemove, IterationCount=15, IterationTime=1s, LaunchCount=1, WarmupCount=6)

OverheadJitting  1: 1 op, 142803.00 ns, 142.8030 us/op, 0.00 uJpkg, 0.00 uJdram
WorkloadJitting  1: 1 op, 46213763.00 ns, 46.2138 ms/op, 2816521.00 uJpkg, 0.00 uJdram

OverheadJitting  2: 16 op, 376291.00 ns, 23.5182 us/op, 0.00 uJpkg, 0.00 uJdram
WorkloadJitting  2: 16 op, 524335.00 ns, 32.7709 us/op, 0.00 uJpkg, 0.00 uJdram

WorkloadPilot    1: 16 op, 204388.00 ns, 12.7743 us/op, 73547.00 uJpkg, 0.00 uJdram
WorkloadPilot    2: 78288 op, 428601670.00 ns, 5.4747 us/op, 35026644.00 uJpkg, 0.00 uJdram
WorkloadPilot    3: 182672 op, 165186803.00 ns, 904.2809 ns/op, 14891624.00 uJpkg, 0.00 uJdram
WorkloadPilot    4: 1105856 op, 981445425.00 ns, 887.4984 ns/op, 84574613.00 uJpkg, 0.00 uJdram
WorkloadPilot    5: 1126768 op, 999031945.00 ns, 886.6350 ns/op, 86009240.00 uJpkg, 0.00 uJdram
WorkloadPilot    6: 1127872 op, 1002454880.00 ns, 888.8020 ns/op, 86407555.00 uJpkg, 0.00 uJdram
WorkloadPilot    7: 1125120 op, 994072088.00 ns, 883.5254 ns/op, 85655664.00 uJpkg, 0.00 uJdram
WorkloadPilot    8: 1131840 op, 1000233753.00 ns, 883.7236 ns/op, 86010522.00 uJpkg, 0.00 uJdram
WorkloadPilot    9: 1131584 op, 1000292881.00 ns, 883.9758 ns/op, 86136254.00 uJpkg, 0.00 uJdram

OverheadWarmup   1: 1131584 op, 3909050.00 ns, 3.4545 ns/op, 297546.00 uJpkg, 0.00 uJdram
OverheadWarmup   2: 1131584 op, 3867900.00 ns, 3.4181 ns/op, 281982.00 uJpkg, 0.00 uJdram
OverheadWarmup   3: 1131584 op, 3857060.00 ns, 3.4085 ns/op, 266784.00 uJpkg, 0.00 uJdram
OverheadWarmup   4: 1131584 op, 3859566.00 ns, 3.4108 ns/op, 267394.00 uJpkg, 0.00 uJdram
OverheadWarmup   5: 1131584 op, 3844694.00 ns, 3.3976 ns/op, 278625.00 uJpkg, 0.00 uJdram
OverheadWarmup   6: 1131584 op, 3859282.00 ns, 3.4105 ns/op, 281188.00 uJpkg, 0.00 uJdram
OverheadWarmup   7: 1131584 op, 3847808.00 ns, 3.4004 ns/op, 276916.00 uJpkg, 0.00 uJdram

OverheadActual   1: 1131584 op, 3861137.00 ns, 3.4122 ns/op, 273559.00 uJpkg, 0.00 uJdram
OverheadActual   2: 1131584 op, 3853432.00 ns, 3.4053 ns/op, 270202.00 uJpkg, 0.00 uJdram
OverheadActual   3: 1131584 op, 3849656.00 ns, 3.4020 ns/op, 269042.00 uJpkg, 0.00 uJdram
OverheadActual   4: 1131584 op, 3855575.00 ns, 3.4072 ns/op, 265136.00 uJpkg, 0.00 uJdram
OverheadActual   5: 1131584 op, 3844173.00 ns, 3.3972 ns/op, 258300.00 uJpkg, 0.00 uJdram
OverheadActual   6: 1131584 op, 3855754.00 ns, 3.4074 ns/op, 267455.00 uJpkg, 0.00 uJdram
OverheadActual   7: 1131584 op, 3844162.00 ns, 3.3972 ns/op, 256896.00 uJpkg, 0.00 uJdram
OverheadActual   8: 1131584 op, 3858652.00 ns, 3.4100 ns/op, 271422.00 uJpkg, 0.00 uJdram
OverheadActual   9: 1131584 op, 3843911.00 ns, 3.3969 ns/op, 252807.00 uJpkg, 0.00 uJdram
OverheadActual  10: 1131584 op, 3866939.00 ns, 3.4173 ns/op, 284545.00 uJpkg, 0.00 uJdram
OverheadActual  11: 1131584 op, 3844254.00 ns, 3.3972 ns/op, 196716.00 uJpkg, 0.00 uJdram
OverheadActual  12: 1131584 op, 3854113.00 ns, 3.4059 ns/op, 253661.00 uJpkg, 0.00 uJdram
OverheadActual  13: 1131584 op, 3844787.00 ns, 3.3977 ns/op, 274475.00 uJpkg, 0.00 uJdram
OverheadActual  14: 1131584 op, 3857411.00 ns, 3.4089 ns/op, 245544.00 uJpkg, 0.00 uJdram
OverheadActual  15: 1131584 op, 3859645.00 ns, 3.4108 ns/op, 253112.00 uJpkg, 0.00 uJdram

WorkloadWarmup   1: 1131584 op, 998784459.00 ns, 882.6428 ns/op, 88617327.00 uJpkg, 0.00 uJdram
WorkloadWarmup   2: 1131584 op, 997406884.00 ns, 881.4254 ns/op, 86031152.00 uJpkg, 0.00 uJdram
WorkloadWarmup   3: 1131584 op, 1000267288.00 ns, 883.9532 ns/op, 86271385.00 uJpkg, 0.00 uJdram
WorkloadWarmup   4: 1131584 op, 999991737.00 ns, 883.7097 ns/op, 86285057.00 uJpkg, 0.00 uJdram
WorkloadWarmup   5: 1131584 op, 999460350.00 ns, 883.2401 ns/op, 86221031.00 uJpkg, 0.00 uJdram
WorkloadWarmup   6: 1131584 op, 998570443.00 ns, 882.4537 ns/op, 86120935.00 uJpkg, 0.00 uJdram

// BeforeActualRun
WorkloadActual   1: 1131584 op, 1002643046.00 ns, 886.0527 ns/op, 86353722.00 uJpkg, 0.00 uJdram
WorkloadActual   2: 1131584 op, 1006114115.00 ns, 889.1201 ns/op, 86768455.00 uJpkg, 0.00 uJdram
WorkloadActual   3: 1131584 op, 1006775748.00 ns, 889.7048 ns/op, 87099752.00 uJpkg, 0.00 uJdram
WorkloadActual   4: 1131584 op, 1005875819.00 ns, 888.9095 ns/op, 86786521.00 uJpkg, 0.00 uJdram
WorkloadActual   5: 1131584 op, 1004952339.00 ns, 888.0935 ns/op, 86669211.00 uJpkg, 0.00 uJdram
WorkloadActual   6: 1131584 op, 1004514339.00 ns, 887.7064 ns/op, 86668174.00 uJpkg, 0.00 uJdram
WorkloadActual   7: 1131584 op, 1003696890.00 ns, 886.9840 ns/op, 86487877.00 uJpkg, 0.00 uJdram
WorkloadActual   8: 1131584 op, 1003880304.00 ns, 887.1461 ns/op, 86319847.00 uJpkg, 0.00 uJdram
WorkloadActual   9: 1131584 op, 1003373503.00 ns, 886.6982 ns/op, 86399132.00 uJpkg, 0.00 uJdram
WorkloadActual  10: 1131584 op, 1004762229.00 ns, 887.9254 ns/op, 87583089.00 uJpkg, 0.00 uJdram
WorkloadActual  11: 1131584 op, 1004481500.00 ns, 887.6774 ns/op, 86699912.00 uJpkg, 0.00 uJdram
WorkloadActual  12: 1131584 op, 1004285829.00 ns, 887.5044 ns/op, 86773643.00 uJpkg, 0.00 uJdram
WorkloadActual  13: 1131584 op, 1004418648.00 ns, 887.6218 ns/op, 86590904.00 uJpkg, 0.00 uJdram
WorkloadActual  14: 1131584 op, 1003957942.00 ns, 887.2147 ns/op, 86434044.00 uJpkg, 0.00 uJdram
WorkloadActual  15: 1131584 op, 1003546444.00 ns, 886.8510 ns/op, 86474266.00 uJpkg, 0.00 uJdram

// AfterActualRun
WorkloadResult   1: 1131584 op, 998788933.00 ns, 882.6467 ns/op, 86353722.00 uJpkg, 0.00 uJdram
WorkloadResult   2: 1131584 op, 1002260002.00 ns, 885.7142 ns/op, 86768455.00 uJpkg, 0.00 uJdram
WorkloadResult   3: 1131584 op, 1002921635.00 ns, 886.2989 ns/op, 87099752.00 uJpkg, 0.00 uJdram
WorkloadResult   4: 1131584 op, 1002021706.00 ns, 885.5036 ns/op, 86786521.00 uJpkg, 0.00 uJdram
WorkloadResult   5: 1131584 op, 1001098226.00 ns, 884.6875 ns/op, 86669211.00 uJpkg, 0.00 uJdram
WorkloadResult   6: 1131584 op, 1000660226.00 ns, 884.3004 ns/op, 86668174.00 uJpkg, 0.00 uJdram
WorkloadResult   7: 1131584 op, 999842777.00 ns, 883.5780 ns/op, 86487877.00 uJpkg, 0.00 uJdram
WorkloadResult   8: 1131584 op, 1000026191.00 ns, 883.7401 ns/op, 86319847.00 uJpkg, 0.00 uJdram
WorkloadResult   9: 1131584 op, 999519390.00 ns, 883.2923 ns/op, 86399132.00 uJpkg, 0.00 uJdram
WorkloadResult  10: 1131584 op, 1000908116.00 ns, 884.5195 ns/op, 87583089.00 uJpkg, 0.00 uJdram
WorkloadResult  11: 1131584 op, 1000627387.00 ns, 884.2714 ns/op, 86699912.00 uJpkg, 0.00 uJdram
WorkloadResult  12: 1131584 op, 1000431716.00 ns, 884.0985 ns/op, 86773643.00 uJpkg, 0.00 uJdram
WorkloadResult  13: 1131584 op, 1000564535.00 ns, 884.2159 ns/op, 86590904.00 uJpkg, 0.00 uJdram
WorkloadResult  14: 1131584 op, 1000103829.00 ns, 883.8087 ns/op, 86434044.00 uJpkg, 0.00 uJdram
WorkloadResult  15: 1131584 op, 999692331.00 ns, 883.4451 ns/op, 86474266.00 uJpkg, 0.00 uJdram

// AfterAll
// Benchmark Process 4055625 has exited with code 0.

Mean = 884.275 ns, StdErr = 0.251 ns (0.03%), N = 15, StdDev = 0.972 ns
Min = 882.647 ns, Q1 = 883.659 ns, Median = 884.216 ns, Q3 = 884.604 ns, Max = 886.299 ns
IQR = 0.944 ns, LowerFence = 882.242 ns, UpperFence = 886.020 ns
ConfidenceInterval = [883.235 ns; 885.314 ns] (CI 99.9%), Margin = 1.040 ns (0.12% of Mean)
Skewness = 0.49, Kurtosis = 2.4, MValue = 2

// ** Remained 1 (3.3%) benchmark(s) to run. Estimated finish 2025-12-31 19:23 (0h 0m from now) **
// **************************
// Benchmark: JsonSerializationBenchmarks.SpanJson_Serialize_Small: Overhead-Fixed-Energy-4(OutlierMode=DontRemove, IterationCount=15, IterationTime=1s, LaunchCount=1, WarmupCount=6)
// *** Execute ***
// Launch: 1 / 1
// Execute: dotnet Serialization.Bench-Overhead-Fixed-Energy-4-1.dll --anonymousPipes 103 104 --benchmarkName Serialization.Bench.JsonSerializationBenchmarks.SpanJson_Serialize_Small --job Overhead-Fixed-Energy-4 --benchmarkId 29 in /home/test/rapl-tests/lib-energy-bench/src/Serialization.Bench/bin/Release/net8.0/Serialization.Bench-Overhead-Fixed-Energy-4-1/bin/Release/net8.0
// BeforeAnythingElse

// Benchmark Process Environment Information:
// BenchmarkDotNet v0.15.5-develop (2025-12-31)
// Runtime=.NET 8.0.21 (8.0.21, 8.0.2125.47513), X64 RyuJIT x86-64-v4
// GC=Concurrent Workstation
// HardwareIntrinsics=AVX512 IFMA+VBMI,AVX512 F+BW+CD+DQ+VL,AVX2+BMI1+BMI2+F16C+FMA+LZCNT+MOVBE,AVX,SSE3+SSSE3+SSE4.1+SSE4.2+POPCNT,X86Base+SSE+SSE2,AES+PCLMUL VectorSize=256
// Job: Overhead-Fixed-Energy-4(OutlierMode=DontRemove, IterationCount=15, IterationTime=1s, LaunchCount=1, WarmupCount=6)

OverheadJitting  1: 1 op, 136575.00 ns, 136.5750 us/op, 0.00 uJpkg, 0.00 uJdram
WorkloadJitting  1: 1 op, 59466045.00 ns, 59.4660 ms/op, 4235036.00 uJpkg, 0.00 uJdram

OverheadJitting  2: 16 op, 368992.00 ns, 23.0620 us/op, 0.00 uJpkg, 0.00 uJdram
WorkloadJitting  2: 16 op, 560037.00 ns, 35.0023 us/op, 85693.00 uJpkg, 0.00 uJdram

WorkloadPilot    1: 16 op, 222234.00 ns, 13.8896 us/op, 107910.00 uJpkg, 0.00 uJdram
WorkloadPilot    2: 72000 op, 248480146.00 ns, 3.4511 us/op, 16999529.00 uJpkg, 0.00 uJdram
WorkloadPilot    3: 289776 op, 364072561.00 ns, 1.2564 us/op, 24044189.00 uJpkg, 0.00 uJdram
WorkloadPilot    4: 795936 op, 994595971.00 ns, 1.2496 us/op, 65589432.00 uJpkg, 0.00 uJdram
WorkloadPilot    5: 800272 op, 995277856.00 ns, 1.2437 us/op, 65588638.00 uJpkg, 0.00 uJdram
WorkloadPilot    6: 804080 op, 1002872248.00 ns, 1.2472 us/op, 66124526.00 uJpkg, 0.00 uJdram
WorkloadPilot    7: 801792 op, 1002425309.00 ns, 1.2502 us/op, 65929397.00 uJpkg, 0.00 uJdram
WorkloadPilot    8: 799856 op, 998815106.00 ns, 1.2487 us/op, 66000136.00 uJpkg, 0.00 uJdram
WorkloadPilot    9: 800816 op, 1000666200.00 ns, 1.2496 us/op, 66363844.00 uJpkg, 0.00 uJdram

OverheadWarmup   1: 800816 op, 2720538.00 ns, 3.3972 ns/op, 188476.00 uJpkg, 0.00 uJdram
OverheadWarmup   2: 800816 op, 2723179.00 ns, 3.4005 ns/op, 175597.00 uJpkg, 0.00 uJdram
OverheadWarmup   3: 800816 op, 2722312.00 ns, 3.3994 ns/op, 191467.00 uJpkg, 0.00 uJdram
OverheadWarmup   4: 800816 op, 2720357.00 ns, 3.3970 ns/op, 191650.00 uJpkg, 0.00 uJdram
OverheadWarmup   5: 800816 op, 2723506.00 ns, 3.4009 ns/op, 122436.00 uJpkg, 0.00 uJdram
OverheadWarmup   6: 800816 op, 2725642.00 ns, 3.4036 ns/op, 185729.00 uJpkg, 0.00 uJdram
OverheadWarmup   7: 800816 op, 2720455.00 ns, 3.3971 ns/op, 179565.00 uJpkg, 0.00 uJdram

OverheadActual   1: 800816 op, 2725495.00 ns, 3.4034 ns/op, 149414.00 uJpkg, 0.00 uJdram
OverheadActual   2: 800816 op, 2724480.00 ns, 3.4021 ns/op, 196167.00 uJpkg, 0.00 uJdram
OverheadActual   3: 800816 op, 2723178.00 ns, 3.4005 ns/op, 182068.00 uJpkg, 0.00 uJdram
OverheadActual   4: 800816 op, 2723487.00 ns, 3.4009 ns/op, 191650.00 uJpkg, 0.00 uJdram
OverheadActual   5: 800816 op, 2722954.00 ns, 3.4002 ns/op, 118957.00 uJpkg, 0.00 uJdram
OverheadActual   6: 800816 op, 2723008.00 ns, 3.4003 ns/op, 191589.00 uJpkg, 0.00 uJdram
OverheadActual   7: 800816 op, 2720800.00 ns, 3.3975 ns/op, 184570.00 uJpkg, 0.00 uJdram
OverheadActual   8: 800816 op, 2722491.00 ns, 3.3996 ns/op, 203979.00 uJpkg, 0.00 uJdram
OverheadActual   9: 800816 op, 2724760.00 ns, 3.4025 ns/op, 180908.00 uJpkg, 0.00 uJdram
OverheadActual  10: 800816 op, 2719735.00 ns, 3.3962 ns/op, 173034.00 uJpkg, 0.00 uJdram
OverheadActual  11: 800816 op, 2722772.00 ns, 3.4000 ns/op, 221740.00 uJpkg, 0.00 uJdram
OverheadActual  12: 800816 op, 2722770.00 ns, 3.4000 ns/op, 178527.00 uJpkg, 0.00 uJdram
OverheadActual  13: 800816 op, 2720465.00 ns, 3.3971 ns/op, 125610.00 uJpkg, 0.00 uJdram
OverheadActual  14: 800816 op, 2724740.00 ns, 3.4025 ns/op, 218139.00 uJpkg, 0.00 uJdram
OverheadActual  15: 800816 op, 2722244.00 ns, 3.3993 ns/op, 187560.00 uJpkg, 0.00 uJdram

WorkloadWarmup   1: 800816 op, 998208402.00 ns, 1.2465 us/op, 68418221.00 uJpkg, 0.00 uJdram
WorkloadWarmup   2: 800816 op, 998732755.00 ns, 1.2471 us/op, 65758193.00 uJpkg, 0.00 uJdram
WorkloadWarmup   3: 800816 op, 1000590260.00 ns, 1.2495 us/op, 66177504.00 uJpkg, 0.00 uJdram
WorkloadWarmup   4: 800816 op, 999525318.00 ns, 1.2481 us/op, 66036452.00 uJpkg, 0.00 uJdram
WorkloadWarmup   5: 800816 op, 1001221433.00 ns, 1.2503 us/op, 66659619.00 uJpkg, 0.00 uJdram
WorkloadWarmup   6: 800816 op, 996700920.00 ns, 1.2446 us/op, 66027969.00 uJpkg, 0.00 uJdram

// BeforeActualRun
WorkloadActual   1: 800816 op, 999240198.00 ns, 1.2478 us/op, 66112075.00 uJpkg, 0.00 uJdram
WorkloadActual   2: 800816 op, 998269226.00 ns, 1.2466 us/op, 65905654.00 uJpkg, 0.00 uJdram
WorkloadActual   3: 800816 op, 1000935238.00 ns, 1.2499 us/op, 66506116.00 uJpkg, 0.00 uJdram
WorkloadActual   4: 800816 op, 1005297020.00 ns, 1.2553 us/op, 66347670.00 uJpkg, 0.00 uJdram
WorkloadActual   5: 800816 op, 1000061668.00 ns, 1.2488 us/op, 66493726.00 uJpkg, 0.00 uJdram
WorkloadActual   6: 800816 op, 1003987022.00 ns, 1.2537 us/op, 66575818.00 uJpkg, 0.00 uJdram
WorkloadActual   7: 800816 op, 1001513497.00 ns, 1.2506 us/op, 66205519.00 uJpkg, 0.00 uJdram
WorkloadActual   8: 800816 op, 998314136.00 ns, 1.2466 us/op, 66047683.00 uJpkg, 0.00 uJdram
WorkloadActual   9: 800816 op, 1000404912.00 ns, 1.2492 us/op, 65764541.00 uJpkg, 0.00 uJdram
WorkloadActual  10: 800816 op, 1002104809.00 ns, 1.2514 us/op, 66818371.00 uJpkg, 0.00 uJdram
WorkloadActual  11: 800816 op, 1004885238.00 ns, 1.2548 us/op, 66277540.00 uJpkg, 0.00 uJdram
WorkloadActual  12: 800816 op, 998512939.00 ns, 1.2469 us/op, 65846877.00 uJpkg, 0.00 uJdram
WorkloadActual  13: 800816 op, 1000691885.00 ns, 1.2496 us/op, 66035537.00 uJpkg, 0.00 uJdram
WorkloadActual  14: 800816 op, 1000640359.00 ns, 1.2495 us/op, 66015029.00 uJpkg, 0.00 uJdram
WorkloadActual  15: 800816 op, 999820125.00 ns, 1.2485 us/op, 65936416.00 uJpkg, 0.00 uJdram

// AfterActualRun
WorkloadResult   1: 800816 op, 996517244.00 ns, 1.2444 us/op, 66112075.00 uJpkg, 0.00 uJdram
WorkloadResult   2: 800816 op, 995546272.00 ns, 1.2432 us/op, 65905654.00 uJpkg, 0.00 uJdram
WorkloadResult   3: 800816 op, 998212284.00 ns, 1.2465 us/op, 66506116.00 uJpkg, 0.00 uJdram
WorkloadResult   4: 800816 op, 1002574066.00 ns, 1.2519 us/op, 66347670.00 uJpkg, 0.00 uJdram
WorkloadResult   5: 800816 op, 997338714.00 ns, 1.2454 us/op, 66493726.00 uJpkg, 0.00 uJdram
WorkloadResult   6: 800816 op, 1001264068.00 ns, 1.2503 us/op, 66575818.00 uJpkg, 0.00 uJdram
WorkloadResult   7: 800816 op, 998790543.00 ns, 1.2472 us/op, 66205519.00 uJpkg, 0.00 uJdram
WorkloadResult   8: 800816 op, 995591182.00 ns, 1.2432 us/op, 66047683.00 uJpkg, 0.00 uJdram
WorkloadResult   9: 800816 op, 997681958.00 ns, 1.2458 us/op, 65764541.00 uJpkg, 0.00 uJdram
WorkloadResult  10: 800816 op, 999381855.00 ns, 1.2480 us/op, 66818371.00 uJpkg, 0.00 uJdram
WorkloadResult  11: 800816 op, 1002162284.00 ns, 1.2514 us/op, 66277540.00 uJpkg, 0.00 uJdram
WorkloadResult  12: 800816 op, 995789985.00 ns, 1.2435 us/op, 65846877.00 uJpkg, 0.00 uJdram
WorkloadResult  13: 800816 op, 997968931.00 ns, 1.2462 us/op, 66035537.00 uJpkg, 0.00 uJdram
WorkloadResult  14: 800816 op, 997917405.00 ns, 1.2461 us/op, 66015029.00 uJpkg, 0.00 uJdram
WorkloadResult  15: 800816 op, 997097171.00 ns, 1.2451 us/op, 65936416.00 uJpkg, 0.00 uJdram

// AfterAll
// Benchmark Process 4055639 has exited with code 0.

Mean = 1.247 μs, StdErr = 0.001 μs (0.06%), N = 15, StdDev = 0.003 μs
Min = 1.243 μs, Q1 = 1.245 μs, Median = 1.246 μs, Q3 = 1.248 μs, Max = 1.252 μs
IQR = 0.003 μs, LowerFence = 1.240 μs, UpperFence = 1.252 μs
ConfidenceInterval = [1.244 μs; 1.250 μs] (CI 99.9%), Margin = 0.003 μs (0.24% of Mean)
Skewness = 0.63, Kurtosis = 2.13, MValue = 2

// ** Remained 0 (0.0%) benchmark(s) to run. Estimated finish 2025-12-31 19:23 (0h 0m from now) **
// ***** BenchmarkRunner: Finish  *****

// * Export *
  Helpers/../BenchmarkArtifacts/results/Serialization.Bench.JsonSerializationBenchmarks-report.csv
  Helpers/../BenchmarkArtifacts/results/Serialization.Bench.JsonSerializationBenchmarks-report-github.md
  Helpers/../BenchmarkArtifacts/results/Serialization.Bench.JsonSerializationBenchmarks-report.html
  Helpers/../BenchmarkArtifacts/results/Serialization.Bench.JsonSerializationBenchmarks-measurements.csv

// * Detailed results *
JsonSerializationBenchmarks.SpanJson_Deserialize_Large: Overhead-Fixed-Energy-4(OutlierMode=DontRemove, IterationCount=15, IterationTime=1s, LaunchCount=1, WarmupCount=6)
Runtime = .NET 8.0.21 (8.0.21, 8.0.2125.47513), X64 RyuJIT x86-64-v4; GC = Concurrent Workstation
Mean = 150.045 μs, StdErr = 0.039 μs (0.03%), N = 15, StdDev = 0.151 μs
Min = 149.703 μs, Q1 = 149.968 μs, Median = 150.029 μs, Q3 = 150.147 μs, Max = 150.334 μs
IQR = 0.180 μs, LowerFence = 149.698 μs, UpperFence = 150.417 μs
ConfidenceInterval = [149.884 μs; 150.206 μs] (CI 99.9%), Margin = 0.161 μs (0.11% of Mean)
Skewness = -0.12, Kurtosis = 2.93, MValue = 2
-------------------- Histogram --------------------
[149.623 μs ; 150.414 μs) | @@@@@@@@@@@@@@@
---------------------------------------------------

JsonSerializationBenchmarks.STJ_Deserialize_Large: Overhead-Fixed-Energy-4(OutlierMode=DontRemove, IterationCount=15, IterationTime=1s, LaunchCount=1, WarmupCount=6)
Runtime = .NET 8.0.21 (8.0.21, 8.0.2125.47513), X64 RyuJIT x86-64-v4; GC = Concurrent Workstation
Mean = 201.745 μs, StdErr = 0.120 μs (0.06%), N = 15, StdDev = 0.466 μs
Min = 201.303 μs, Q1 = 201.489 μs, Median = 201.651 μs, Q3 = 201.816 μs, Max = 203.217 μs
IQR = 0.326 μs, LowerFence = 201.000 μs, UpperFence = 202.305 μs
ConfidenceInterval = [201.246 μs; 202.243 μs] (CI 99.9%), Margin = 0.499 μs (0.25% of Mean)
Skewness = 2, Kurtosis = 6.77, MValue = 2
-------------------- Histogram --------------------
[201.055 μs ; 203.465 μs) | @@@@@@@@@@@@@@@
---------------------------------------------------

JsonSerializationBenchmarks.Jil_Deserialize_Large: Overhead-Fixed-Energy-4(OutlierMode=DontRemove, IterationCount=15, IterationTime=1s, LaunchCount=1, WarmupCount=6)
Runtime = .NET 8.0.21 (8.0.21, 8.0.2125.47513), X64 RyuJIT x86-64-v4; GC = Concurrent Workstation
Mean = 213.321 μs, StdErr = 0.077 μs (0.04%), N = 15, StdDev = 0.297 μs
Min = 212.411 μs, Q1 = 213.239 μs, Median = 213.325 μs, Q3 = 213.487 μs, Max = 213.660 μs
IQR = 0.249 μs, LowerFence = 212.865 μs, UpperFence = 213.861 μs
ConfidenceInterval = [213.003 μs; 213.638 μs] (CI 99.9%), Margin = 0.317 μs (0.15% of Mean)
Skewness = -1.66, Kurtosis = 6.17, MValue = 2
-------------------- Histogram --------------------
[212.253 μs ; 213.818 μs) | @@@@@@@@@@@@@@@
---------------------------------------------------

JsonSerializationBenchmarks.Newtonsoft_Deserialize_Large: Overhead-Fixed-Energy-4(OutlierMode=DontRemove, IterationCount=15, IterationTime=1s, LaunchCount=1, WarmupCount=6)
Runtime = .NET 8.0.21 (8.0.21, 8.0.2125.47513), X64 RyuJIT x86-64-v4; GC = Concurrent Workstation
Mean = 239.648 μs, StdErr = 0.100 μs (0.04%), N = 15, StdDev = 0.388 μs
Min = 239.177 μs, Q1 = 239.401 μs, Median = 239.625 μs, Q3 = 239.693 μs, Max = 240.713 μs
IQR = 0.291 μs, LowerFence = 238.965 μs, UpperFence = 240.130 μs
ConfidenceInterval = [239.234 μs; 240.063 μs] (CI 99.9%), Margin = 0.415 μs (0.17% of Mean)
Skewness = 1.3, Kurtosis = 4.21, MValue = 2
-------------------- Histogram --------------------
[238.971 μs ; 240.920 μs) | @@@@@@@@@@@@@@@
---------------------------------------------------

JsonSerializationBenchmarks.Utf8Json_Deserialize_Large: Overhead-Fixed-Energy-4(OutlierMode=DontRemove, IterationCount=15, IterationTime=1s, LaunchCount=1, WarmupCount=6)
Runtime = .NET 8.0.21 (8.0.21, 8.0.2125.47513), X64 RyuJIT x86-64-v4; GC = Concurrent Workstation
Mean = 278.218 μs, StdErr = 0.067 μs (0.02%), N = 15, StdDev = 0.259 μs
Min = 277.771 μs, Q1 = 278.063 μs, Median = 278.205 μs, Q3 = 278.344 μs, Max = 278.690 μs
IQR = 0.282 μs, LowerFence = 277.640 μs, UpperFence = 278.767 μs
ConfidenceInterval = [277.941 μs; 278.494 μs] (CI 99.9%), Margin = 0.277 μs (0.10% of Mean)
Skewness = 0.34, Kurtosis = 2.23, MValue = 2
-------------------- Histogram --------------------
[277.633 μs ; 278.828 μs) | @@@@@@@@@@@@@@@
---------------------------------------------------

JsonSerializationBenchmarks.SpanJson_Deserialize_Medium: Overhead-Fixed-Energy-4(OutlierMode=DontRemove, IterationCount=15, IterationTime=1s, LaunchCount=1, WarmupCount=6)
Runtime = .NET 8.0.21 (8.0.21, 8.0.2125.47513), X64 RyuJIT x86-64-v4; GC = Concurrent Workstation
Mean = 40.624 μs, StdErr = 0.037 μs (0.09%), N = 15, StdDev = 0.142 μs
Min = 40.424 μs, Q1 = 40.525 μs, Median = 40.583 μs, Q3 = 40.675 μs, Max = 40.906 μs
IQR = 0.151 μs, LowerFence = 40.299 μs, UpperFence = 40.901 μs
ConfidenceInterval = [40.472 μs; 40.775 μs] (CI 99.9%), Margin = 0.152 μs (0.37% of Mean)
Skewness = 0.77, Kurtosis = 2.5, MValue = 2
-------------------- Histogram --------------------
[40.348 μs ; 40.981 μs) | @@@@@@@@@@@@@@@
---------------------------------------------------

JsonSerializationBenchmarks.STJ_Deserialize_Medium: Overhead-Fixed-Energy-4(OutlierMode=DontRemove, IterationCount=15, IterationTime=1s, LaunchCount=1, WarmupCount=6)
Runtime = .NET 8.0.21 (8.0.21, 8.0.2125.47513), X64 RyuJIT x86-64-v4; GC = Concurrent Workstation
Mean = 53.352 μs, StdErr = 0.008 μs (0.02%), N = 15, StdDev = 0.033 μs
Min = 53.291 μs, Q1 = 53.332 μs, Median = 53.348 μs, Q3 = 53.377 μs, Max = 53.406 μs
IQR = 0.044 μs, LowerFence = 53.266 μs, UpperFence = 53.443 μs
ConfidenceInterval = [53.317 μs; 53.387 μs] (CI 99.9%), Margin = 0.035 μs (0.07% of Mean)
Skewness = -0.19, Kurtosis = 1.97, MValue = 2
-------------------- Histogram --------------------
[53.274 μs ; 53.424 μs) | @@@@@@@@@@@@@@@
---------------------------------------------------

JsonSerializationBenchmarks.Jil_Deserialize_Medium: Overhead-Fixed-Energy-4(OutlierMode=DontRemove, IterationCount=15, IterationTime=1s, LaunchCount=1, WarmupCount=6)
Runtime = .NET 8.0.21 (8.0.21, 8.0.2125.47513), X64 RyuJIT x86-64-v4; GC = Concurrent Workstation
Mean = 55.028 μs, StdErr = 0.021 μs (0.04%), N = 15, StdDev = 0.082 μs
Min = 54.856 μs, Q1 = 54.995 μs, Median = 55.015 μs, Q3 = 55.066 μs, Max = 55.221 μs
IQR = 0.071 μs, LowerFence = 54.889 μs, UpperFence = 55.172 μs
ConfidenceInterval = [54.940 μs; 55.115 μs] (CI 99.9%), Margin = 0.087 μs (0.16% of Mean)
Skewness = 0.3, Kurtosis = 3.59, MValue = 2
-------------------- Histogram --------------------
[54.813 μs ; 55.265 μs) | @@@@@@@@@@@@@@@
---------------------------------------------------

JsonSerializationBenchmarks.Utf8Json_Deserialize_Medium: Overhead-Fixed-Energy-4(OutlierMode=DontRemove, IterationCount=15, IterationTime=1s, LaunchCount=1, WarmupCount=6)
Runtime = .NET 8.0.21 (8.0.21, 8.0.2125.47513), X64 RyuJIT x86-64-v4; GC = Concurrent Workstation
Mean = 63.358 μs, StdErr = 0.021 μs (0.03%), N = 15, StdDev = 0.081 μs
Min = 63.235 μs, Q1 = 63.317 μs, Median = 63.360 μs, Q3 = 63.384 μs, Max = 63.589 μs
IQR = 0.067 μs, LowerFence = 63.217 μs, UpperFence = 63.484 μs
ConfidenceInterval = [63.272 μs; 63.445 μs] (CI 99.9%), Margin = 0.087 μs (0.14% of Mean)
Skewness = 1.25, Kurtosis = 4.81, MValue = 2
-------------------- Histogram --------------------
[63.192 μs ; 63.632 μs) | @@@@@@@@@@@@@@@
---------------------------------------------------

JsonSerializationBenchmarks.Newtonsoft_Deserialize_Medium: Overhead-Fixed-Energy-4(OutlierMode=DontRemove, IterationCount=15, IterationTime=1s, LaunchCount=1, WarmupCount=6)
Runtime = .NET 8.0.21 (8.0.21, 8.0.2125.47513), X64 RyuJIT x86-64-v4; GC = Concurrent Workstation
Mean = 68.033 μs, StdErr = 0.022 μs (0.03%), N = 15, StdDev = 0.084 μs
Min = 67.863 μs, Q1 = 67.971 μs, Median = 68.049 μs, Q3 = 68.091 μs, Max = 68.167 μs
IQR = 0.119 μs, LowerFence = 67.792 μs, UpperFence = 68.270 μs
ConfidenceInterval = [67.944 μs; 68.123 μs] (CI 99.9%), Margin = 0.089 μs (0.13% of Mean)
Skewness = -0.23, Kurtosis = 1.95, MValue = 2
-------------------- Histogram --------------------
[67.818 μs ; 68.211 μs) | @@@@@@@@@@@@@@@
---------------------------------------------------

JsonSerializationBenchmarks.SpanJson_Deserialize_Small: Overhead-Fixed-Energy-4(OutlierMode=DontRemove, IterationCount=15, IterationTime=1s, LaunchCount=1, WarmupCount=6)
Runtime = .NET 8.0.21 (8.0.21, 8.0.2125.47513), X64 RyuJIT x86-64-v4; GC = Concurrent Workstation
Mean = 1.162 μs, StdErr = 0.000 μs (0.04%), N = 15, StdDev = 0.002 μs
Min = 1.160 μs, Q1 = 1.161 μs, Median = 1.162 μs, Q3 = 1.162 μs, Max = 1.166 μs
IQR = 0.002 μs, LowerFence = 1.158 μs, UpperFence = 1.165 μs
ConfidenceInterval = [1.160 μs; 1.164 μs] (CI 99.9%), Margin = 0.002 μs (0.16% of Mean)
Skewness = 0.77, Kurtosis = 2.69, MValue = 2
-------------------- Histogram --------------------
[1.159 μs ; 1.167 μs) | @@@@@@@@@@@@@@@
---------------------------------------------------

JsonSerializationBenchmarks.Utf8Json_Deserialize_Small: Overhead-Fixed-Energy-4(OutlierMode=DontRemove, IterationCount=15, IterationTime=1s, LaunchCount=1, WarmupCount=6)
Runtime = .NET 8.0.21 (8.0.21, 8.0.2125.47513), X64 RyuJIT x86-64-v4; GC = Concurrent Workstation
Mean = 2.016 μs, StdErr = 0.001 μs (0.06%), N = 15, StdDev = 0.005 μs
Min = 2.008 μs, Q1 = 2.013 μs, Median = 2.017 μs, Q3 = 2.019 μs, Max = 2.027 μs
IQR = 0.006 μs, LowerFence = 2.003 μs, UpperFence = 2.029 μs
ConfidenceInterval = [2.011 μs; 2.021 μs] (CI 99.9%), Margin = 0.005 μs (0.27% of Mean)
Skewness = 0.21, Kurtosis = 2.27, MValue = 2
-------------------- Histogram --------------------
[2.005 μs ; 2.030 μs) | @@@@@@@@@@@@@@@
---------------------------------------------------

JsonSerializationBenchmarks.STJ_Deserialize_Small: Overhead-Fixed-Energy-4(OutlierMode=DontRemove, IterationCount=15, IterationTime=1s, LaunchCount=1, WarmupCount=6)
Runtime = .NET 8.0.21 (8.0.21, 8.0.2125.47513), X64 RyuJIT x86-64-v4; GC = Concurrent Workstation
Mean = 2.017 μs, StdErr = 0.001 μs (0.03%), N = 15, StdDev = 0.003 μs
Min = 2.013 μs, Q1 = 2.016 μs, Median = 2.016 μs, Q3 = 2.018 μs, Max = 2.024 μs
IQR = 0.002 μs, LowerFence = 2.012 μs, UpperFence = 2.021 μs
ConfidenceInterval = [2.014 μs; 2.019 μs] (CI 99.9%), Margin = 0.003 μs (0.13% of Mean)
Skewness = 1.25, Kurtosis = 4.72, MValue = 2
-------------------- Histogram --------------------
[2.012 μs ; 2.025 μs) | @@@@@@@@@@@@@@@
---------------------------------------------------

JsonSerializationBenchmarks.Jil_Deserialize_Small: Overhead-Fixed-Energy-4(OutlierMode=DontRemove, IterationCount=15, IterationTime=1s, LaunchCount=1, WarmupCount=6)
Runtime = .NET 8.0.21 (8.0.21, 8.0.2125.47513), X64 RyuJIT x86-64-v4; GC = Concurrent Workstation
Mean = 2.268 μs, StdErr = 0.001 μs (0.06%), N = 15, StdDev = 0.005 μs
Min = 2.260 μs, Q1 = 2.263 μs, Median = 2.268 μs, Q3 = 2.272 μs, Max = 2.276 μs
IQR = 0.009 μs, LowerFence = 2.250 μs, UpperFence = 2.285 μs
ConfidenceInterval = [2.263 μs; 2.273 μs] (CI 99.9%), Margin = 0.005 μs (0.23% of Mean)
Skewness = -0.02, Kurtosis = 1.58, MValue = 2
-------------------- Histogram --------------------
[2.257 μs ; 2.279 μs) | @@@@@@@@@@@@@@@
---------------------------------------------------

JsonSerializationBenchmarks.Newtonsoft_Deserialize_Small: Overhead-Fixed-Energy-4(OutlierMode=DontRemove, IterationCount=15, IterationTime=1s, LaunchCount=1, WarmupCount=6)
Runtime = .NET 8.0.21 (8.0.21, 8.0.2125.47513), X64 RyuJIT x86-64-v4; GC = Concurrent Workstation
Mean = 3.538 μs, StdErr = 0.001 μs (0.03%), N = 15, StdDev = 0.005 μs
Min = 3.532 μs, Q1 = 3.534 μs, Median = 3.536 μs, Q3 = 3.540 μs, Max = 3.549 μs
IQR = 0.006 μs, LowerFence = 3.526 μs, UpperFence = 3.548 μs
ConfidenceInterval = [3.533 μs; 3.543 μs] (CI 99.9%), Margin = 0.005 μs (0.14% of Mean)
Skewness = 0.82, Kurtosis = 2.77, MValue = 2
-------------------- Histogram --------------------
[3.529 μs ; 3.552 μs) | @@@@@@@@@@@@@@@
---------------------------------------------------

JsonSerializationBenchmarks.SpanJson_Serialize_Large: Overhead-Fixed-Energy-4(OutlierMode=DontRemove, IterationCount=15, IterationTime=1s, LaunchCount=1, WarmupCount=6)
Runtime = .NET 8.0.21 (8.0.21, 8.0.2125.47513), X64 RyuJIT x86-64-v4; GC = Concurrent Workstation
Mean = 162.988 μs, StdErr = 0.145 μs (0.09%), N = 15, StdDev = 0.563 μs
Min = 162.146 μs, Q1 = 162.507 μs, Median = 163.054 μs, Q3 = 163.493 μs, Max = 163.719 μs
IQR = 0.986 μs, LowerFence = 161.028 μs, UpperFence = 164.972 μs
ConfidenceInterval = [162.387 μs; 163.590 μs] (CI 99.9%), Margin = 0.602 μs (0.37% of Mean)
Skewness = -0.1, Kurtosis = 1.35, MValue = 2
-------------------- Histogram --------------------
[161.847 μs ; 164.018 μs) | @@@@@@@@@@@@@@@
---------------------------------------------------

JsonSerializationBenchmarks.STJ_Serialize_Large: Overhead-Fixed-Energy-4(OutlierMode=DontRemove, IterationCount=15, IterationTime=1s, LaunchCount=1, WarmupCount=6)
Runtime = .NET 8.0.21 (8.0.21, 8.0.2125.47513), X64 RyuJIT x86-64-v4; GC = Concurrent Workstation
Mean = 187.447 μs, StdErr = 0.573 μs (0.31%), N = 15, StdDev = 2.218 μs
Min = 185.961 μs, Q1 = 186.455 μs, Median = 186.615 μs, Q3 = 186.772 μs, Max = 193.121 μs
IQR = 0.317 μs, LowerFence = 185.980 μs, UpperFence = 187.247 μs
ConfidenceInterval = [185.076 μs; 189.818 μs] (CI 99.9%), Margin = 2.371 μs (1.27% of Mean)
Skewness = 1.78, Kurtosis = 4.54, MValue = 2
-------------------- Histogram --------------------
[185.226 μs ; 194.301 μs) | @@@@@@@@@@@@@@@
---------------------------------------------------

JsonSerializationBenchmarks.Jil_Serialize_Large: Overhead-Fixed-Energy-4(OutlierMode=DontRemove, IterationCount=15, IterationTime=1s, LaunchCount=1, WarmupCount=6)
Runtime = .NET 8.0.21 (8.0.21, 8.0.2125.47513), X64 RyuJIT x86-64-v4; GC = Concurrent Workstation
Mean = 285.469 μs, StdErr = 0.051 μs (0.02%), N = 15, StdDev = 0.198 μs
Min = 285.109 μs, Q1 = 285.346 μs, Median = 285.500 μs, Q3 = 285.620 μs, Max = 285.760 μs
IQR = 0.273 μs, LowerFence = 284.936 μs, UpperFence = 286.030 μs
ConfidenceInterval = [285.257 μs; 285.680 μs] (CI 99.9%), Margin = 0.211 μs (0.07% of Mean)
Skewness = -0.48, Kurtosis = 1.97, MValue = 2
-------------------- Histogram --------------------
[285.003 μs ; 285.866 μs) | @@@@@@@@@@@@@@@
---------------------------------------------------

JsonSerializationBenchmarks.Utf8Json_Serialize_Large: Overhead-Fixed-Energy-4(OutlierMode=DontRemove, IterationCount=15, IterationTime=1s, LaunchCount=1, WarmupCount=6)
Runtime = .NET 8.0.21 (8.0.21, 8.0.2125.47513), X64 RyuJIT x86-64-v4; GC = Concurrent Workstation
Mean = 295.433 μs, StdErr = 0.522 μs (0.18%), N = 15, StdDev = 2.020 μs
Min = 292.894 μs, Q1 = 293.901 μs, Median = 294.973 μs, Q3 = 295.989 μs, Max = 300.040 μs
IQR = 2.088 μs, LowerFence = 290.769 μs, UpperFence = 299.122 μs
ConfidenceInterval = [293.274 μs; 297.593 μs] (CI 99.9%), Margin = 2.159 μs (0.73% of Mean)
Skewness = 1, Kurtosis = 2.96, MValue = 2
-------------------- Histogram --------------------
[291.819 μs ; 301.115 μs) | @@@@@@@@@@@@@@@
---------------------------------------------------

JsonSerializationBenchmarks.Newtonsoft_Serialize_Large: Overhead-Fixed-Energy-4(OutlierMode=DontRemove, IterationCount=15, IterationTime=1s, LaunchCount=1, WarmupCount=6)
Runtime = .NET 8.0.21 (8.0.21, 8.0.2125.47513), X64 RyuJIT x86-64-v4; GC = Concurrent Workstation
Mean = 305.381 μs, StdErr = 0.148 μs (0.05%), N = 15, StdDev = 0.572 μs
Min = 304.425 μs, Q1 = 305.013 μs, Median = 305.310 μs, Q3 = 305.890 μs, Max = 306.203 μs
IQR = 0.878 μs, LowerFence = 303.696 μs, UpperFence = 307.207 μs
ConfidenceInterval = [304.769 μs; 305.992 μs] (CI 99.9%), Margin = 0.612 μs (0.20% of Mean)
Skewness = -0.26, Kurtosis = 1.63, MValue = 2
-------------------- Histogram --------------------
[304.121 μs ; 306.508 μs) | @@@@@@@@@@@@@@@
---------------------------------------------------

JsonSerializationBenchmarks.Jil_Serialize_Medium: Overhead-Fixed-Energy-4(OutlierMode=DontRemove, IterationCount=15, IterationTime=1s, LaunchCount=1, WarmupCount=6)
Runtime = .NET 8.0.21 (8.0.21, 8.0.2125.47513), X64 RyuJIT x86-64-v4; GC = Concurrent Workstation
Mean = 37.234 μs, StdErr = 0.024 μs (0.06%), N = 15, StdDev = 0.091 μs
Min = 37.075 μs, Q1 = 37.178 μs, Median = 37.254 μs, Q3 = 37.295 μs, Max = 37.352 μs
IQR = 0.117 μs, LowerFence = 37.002 μs, UpperFence = 37.471 μs
ConfidenceInterval = [37.137 μs; 37.332 μs] (CI 99.9%), Margin = 0.097 μs (0.26% of Mean)
Skewness = -0.44, Kurtosis = 1.79, MValue = 2
-------------------- Histogram --------------------
[37.026 μs ; 37.400 μs) | @@@@@@@@@@@@@@@
---------------------------------------------------

JsonSerializationBenchmarks.SpanJson_Serialize_Medium: Overhead-Fixed-Energy-4(OutlierMode=DontRemove, IterationCount=15, IterationTime=1s, LaunchCount=1, WarmupCount=6)
Runtime = .NET 8.0.21 (8.0.21, 8.0.2125.47513), X64 RyuJIT x86-64-v4; GC = Concurrent Workstation
Mean = 39.970 μs, StdErr = 0.164 μs (0.41%), N = 15, StdDev = 0.634 μs
Min = 38.850 μs, Q1 = 39.511 μs, Median = 40.306 μs, Q3 = 40.351 μs, Max = 40.570 μs
IQR = 0.840 μs, LowerFence = 38.251 μs, UpperFence = 41.611 μs
ConfidenceInterval = [39.292 μs; 40.647 μs] (CI 99.9%), Margin = 0.678 μs (1.70% of Mean)
Skewness = -0.86, Kurtosis = 1.81, MValue = 2
-------------------- Histogram --------------------
[38.513 μs ; 39.346 μs) | @@@@
[39.346 μs ; 40.667 μs) | @@@@@@@@@@@
---------------------------------------------------

JsonSerializationBenchmarks.STJ_Serialize_Medium: Overhead-Fixed-Energy-4(OutlierMode=DontRemove, IterationCount=15, IterationTime=1s, LaunchCount=1, WarmupCount=6)
Runtime = .NET 8.0.21 (8.0.21, 8.0.2125.47513), X64 RyuJIT x86-64-v4; GC = Concurrent Workstation
Mean = 46.902 μs, StdErr = 0.027 μs (0.06%), N = 15, StdDev = 0.103 μs
Min = 46.718 μs, Q1 = 46.831 μs, Median = 46.944 μs, Q3 = 46.976 μs, Max = 47.011 μs
IQR = 0.145 μs, LowerFence = 46.613 μs, UpperFence = 47.194 μs
ConfidenceInterval = [46.792 μs; 47.012 μs] (CI 99.9%), Margin = 0.110 μs (0.23% of Mean)
Skewness = -0.7, Kurtosis = 1.86, MValue = 2
-------------------- Histogram --------------------
[46.663 μs ; 47.066 μs) | @@@@@@@@@@@@@@@
---------------------------------------------------

JsonSerializationBenchmarks.Newtonsoft_Serialize_Medium: Overhead-Fixed-Energy-4(OutlierMode=DontRemove, IterationCount=15, IterationTime=1s, LaunchCount=1, WarmupCount=6)
Runtime = .NET 8.0.21 (8.0.21, 8.0.2125.47513), X64 RyuJIT x86-64-v4; GC = Concurrent Workstation
Mean = 53.680 μs, StdErr = 0.038 μs (0.07%), N = 15, StdDev = 0.145 μs
Min = 53.359 μs, Q1 = 53.599 μs, Median = 53.643 μs, Q3 = 53.758 μs, Max = 53.919 μs
IQR = 0.159 μs, LowerFence = 53.360 μs, UpperFence = 53.997 μs
ConfidenceInterval = [53.525 μs; 53.836 μs] (CI 99.9%), Margin = 0.155 μs (0.29% of Mean)
Skewness = -0.1, Kurtosis = 2.68, MValue = 2
-------------------- Histogram --------------------
[53.282 μs ; 53.996 μs) | @@@@@@@@@@@@@@@
---------------------------------------------------

JsonSerializationBenchmarks.Utf8Json_Serialize_Medium: Overhead-Fixed-Energy-4(OutlierMode=DontRemove, IterationCount=15, IterationTime=1s, LaunchCount=1, WarmupCount=6)
Runtime = .NET 8.0.21 (8.0.21, 8.0.2125.47513), X64 RyuJIT x86-64-v4; GC = Concurrent Workstation
Mean = 57.943 μs, StdErr = 0.328 μs (0.57%), N = 15, StdDev = 1.272 μs
Min = 56.504 μs, Q1 = 56.859 μs, Median = 58.049 μs, Q3 = 58.339 μs, Max = 61.018 μs
IQR = 1.480 μs, LowerFence = 54.639 μs, UpperFence = 60.559 μs
ConfidenceInterval = [56.583 μs; 59.302 μs] (CI 99.9%), Margin = 1.360 μs (2.35% of Mean)
Skewness = 0.94, Kurtosis = 3.1, MValue = 2
-------------------- Histogram --------------------
[55.827 μs ; 57.184 μs) | @@@@@
[57.184 μs ; 58.537 μs) | @@@@@@@@
[58.537 μs ; 59.859 μs) | 
[59.859 μs ; 61.213 μs) | @@
---------------------------------------------------

JsonSerializationBenchmarks.Utf8Json_Serialize_Small: Overhead-Fixed-Energy-4(OutlierMode=DontRemove, IterationCount=15, IterationTime=1s, LaunchCount=1, WarmupCount=6)
Runtime = .NET 8.0.21 (8.0.21, 8.0.2125.47513), X64 RyuJIT x86-64-v4; GC = Concurrent Workstation
Mean = 884.275 ns, StdErr = 0.251 ns (0.03%), N = 15, StdDev = 0.972 ns
Min = 882.647 ns, Q1 = 883.659 ns, Median = 884.216 ns, Q3 = 884.604 ns, Max = 886.299 ns
IQR = 0.944 ns, LowerFence = 882.242 ns, UpperFence = 886.020 ns
ConfidenceInterval = [883.235 ns; 885.314 ns] (CI 99.9%), Margin = 1.040 ns (0.12% of Mean)
Skewness = 0.49, Kurtosis = 2.4, MValue = 2
-------------------- Histogram --------------------
[882.129 ns ; 886.816 ns) | @@@@@@@@@@@@@@@
---------------------------------------------------

JsonSerializationBenchmarks.SpanJson_Serialize_Small: Overhead-Fixed-Energy-4(OutlierMode=DontRemove, IterationCount=15, IterationTime=1s, LaunchCount=1, WarmupCount=6)
Runtime = .NET 8.0.21 (8.0.21, 8.0.2125.47513), X64 RyuJIT x86-64-v4; GC = Concurrent Workstation
Mean = 1.247 μs, StdErr = 0.001 μs (0.06%), N = 15, StdDev = 0.003 μs
Min = 1.243 μs, Q1 = 1.245 μs, Median = 1.246 μs, Q3 = 1.248 μs, Max = 1.252 μs
IQR = 0.003 μs, LowerFence = 1.240 μs, UpperFence = 1.252 μs
ConfidenceInterval = [1.244 μs; 1.250 μs] (CI 99.9%), Margin = 0.003 μs (0.24% of Mean)
Skewness = 0.63, Kurtosis = 2.13, MValue = 2
-------------------- Histogram --------------------
[1.242 μs ; 1.253 μs) | @@@@@@@@@@@@@@@
---------------------------------------------------

JsonSerializationBenchmarks.STJ_Serialize_Small: Overhead-Fixed-Energy-4(OutlierMode=DontRemove, IterationCount=15, IterationTime=1s, LaunchCount=1, WarmupCount=6)
Runtime = .NET 8.0.21 (8.0.21, 8.0.2125.47513), X64 RyuJIT x86-64-v4; GC = Concurrent Workstation
Mean = 1.301 μs, StdErr = 0.001 μs (0.06%), N = 15, StdDev = 0.003 μs
Min = 1.296 μs, Q1 = 1.300 μs, Median = 1.300 μs, Q3 = 1.305 μs, Max = 1.305 μs
IQR = 0.005 μs, LowerFence = 1.292 μs, UpperFence = 1.312 μs
ConfidenceInterval = [1.298 μs; 1.304 μs] (CI 99.9%), Margin = 0.003 μs (0.24% of Mean)
Skewness = 0.02, Kurtosis = 1.69, MValue = 2
-------------------- Histogram --------------------
[1.295 μs ; 1.307 μs) | @@@@@@@@@@@@@@@
---------------------------------------------------

JsonSerializationBenchmarks.Jil_Serialize_Small: Overhead-Fixed-Energy-4(OutlierMode=DontRemove, IterationCount=15, IterationTime=1s, LaunchCount=1, WarmupCount=6)
Runtime = .NET 8.0.21 (8.0.21, 8.0.2125.47513), X64 RyuJIT x86-64-v4; GC = Concurrent Workstation
Mean = 1.743 μs, StdErr = 0.001 μs (0.05%), N = 15, StdDev = 0.003 μs
Min = 1.736 μs, Q1 = 1.743 μs, Median = 1.744 μs, Q3 = 1.745 μs, Max = 1.747 μs
IQR = 0.002 μs, LowerFence = 1.740 μs, UpperFence = 1.748 μs
ConfidenceInterval = [1.739 μs; 1.747 μs] (CI 99.9%), Margin = 0.004 μs (0.21% of Mean)
Skewness = -1.1, Kurtosis = 2.65, MValue = 2
-------------------- Histogram --------------------
[1.734 μs ; 1.749 μs) | @@@@@@@@@@@@@@@
---------------------------------------------------

JsonSerializationBenchmarks.Newtonsoft_Serialize_Small: Overhead-Fixed-Energy-4(OutlierMode=DontRemove, IterationCount=15, IterationTime=1s, LaunchCount=1, WarmupCount=6)
Runtime = .NET 8.0.21 (8.0.21, 8.0.2125.47513), X64 RyuJIT x86-64-v4; GC = Concurrent Workstation
Mean = 2.242 μs, StdErr = 0.004 μs (0.19%), N = 15, StdDev = 0.016 μs
Min = 2.208 μs, Q1 = 2.230 μs, Median = 2.242 μs, Q3 = 2.253 μs, Max = 2.271 μs
IQR = 0.023 μs, LowerFence = 2.196 μs, UpperFence = 2.287 μs
ConfidenceInterval = [2.225 μs; 2.259 μs] (CI 99.9%), Margin = 0.017 μs (0.77% of Mean)
Skewness = -0.21, Kurtosis = 2.33, MValue = 2
-------------------- Histogram --------------------
[2.200 μs ; 2.280 μs) | @@@@@@@@@@@@@@@
---------------------------------------------------

// * Summary *

BenchmarkDotNet v0.15.5-develop (2025-12-31), Linux Ubuntu 24.04.3 LTS (Noble Numbat)
11th Gen Intel Core i7-11700KF 3.60GHz (Max: 0.80GHz), 1 CPU, 16 logical and 8 physical cores
.NET SDK 8.0.121
  [Host]                  : .NET 8.0.21 (8.0.21, 8.0.2125.47513), X64 RyuJIT x86-64-v4
  Overhead-Fixed-Energy-4 : .NET 8.0.21 (8.0.21, 8.0.2125.47513), X64 RyuJIT x86-64-v4

Job=Overhead-Fixed-Energy-4  OutlierMode=DontRemove  IterationCount=15  
IterationTime=1s  LaunchCount=1  WarmupCount=6  

| Method                        | Mean         | Error       | StdDev      | Operations | Iterations | Ratio | MannWhitney(3%) | RatioSD | Rank | Package Energy (uJ/op) | Package Energy (uJ/iter) |
|------------------------------ |-------------:|------------:|------------:|-----------:|-----------:|------:|---------------- |--------:|-----:|-----------------------:|-------------------------:|
| SpanJson_Deserialize_Large    | 150,045.0 ns |   161.45 ns |   151.02 ns |      6,671 |      15.00 |  0.74 | Faster          |    0.00 |    1 |            12358.91 uj |           82446305.80 uj |
| STJ_Deserialize_Large         | 201,744.9 ns |   498.60 ns |   466.40 ns |      4,960 |      15.00 |  1.00 | Baseline        |    0.00 |    2 |            16501.61 uj |           81847992.00 uj |
| Jil_Deserialize_Large         | 213,320.7 ns |   317.23 ns |   296.74 ns |      4,700 |      15.00 |  1.06 | Slower          |    0.00 |    3 |            17767.90 uj |           83509128.67 uj |
| Newtonsoft_Deserialize_Large  | 239,648.4 ns |   414.73 ns |   387.94 ns |      4,192 |      15.00 |  1.19 | Slower          |    0.00 |    4 |            20189.06 uj |           84632542.73 uj |
| Utf8Json_Deserialize_Large    | 278,217.6 ns |   276.92 ns |   259.03 ns |      3,632 |      15.00 |  1.38 | Slower          |    0.00 |    5 |            22883.24 uj |           83111925.07 uj |
|                               |              |             |             |            |            |       |                 |         |      |                        |                          |
| SpanJson_Deserialize_Medium   |  40,623.7 ns |   151.74 ns |   141.93 ns |     24,663 |      15.00 |  0.76 | Faster          |    0.00 |    1 |             3360.34 uj |           82876150.93 uj |
| STJ_Deserialize_Medium        |  53,351.6 ns |    34.96 ns |    32.70 ns |     18,816 |      15.00 |  1.00 | Baseline        |    0.00 |    2 |             4518.15 uj |           85013454.20 uj |
| Jil_Deserialize_Medium        |  55,027.6 ns |    87.38 ns |    81.74 ns |     18,207 |      15.00 |  1.03 | Same            |    0.00 |    3 |             4455.93 uj |           81129060.87 uj |
| Utf8Json_Deserialize_Medium   |  63,358.5 ns |    86.76 ns |    81.16 ns |     15,792 |      15.00 |  1.19 | Slower          |    0.00 |    4 |             5320.99 uj |           84029146.87 uj |
| Newtonsoft_Deserialize_Medium |  68,033.1 ns |    89.41 ns |    83.63 ns |     14,768 |      15.00 |  1.28 | Slower          |    0.00 |    5 |             5798.53 uj |           85632634.27 uj |
|                               |              |             |             |            |            |       |                 |         |      |                        |                          |
| SpanJson_Deserialize_Small    |   1,161.8 ns |     1.80 ns |     1.69 ns |    860,784 |      15.00 |  0.58 | Faster          |    0.00 |    1 |              100.15 uj |           86203282.67 uj |
| Utf8Json_Deserialize_Small    |   2,016.1 ns |     5.41 ns |     5.06 ns |    494,928 |      15.00 |  1.00 | Same            |    0.00 |    2 |              173.25 uj |           85746635.20 uj |
| STJ_Deserialize_Small         |   2,016.7 ns |     2.70 ns |     2.53 ns |    496,384 |      15.00 |  1.00 | Baseline        |    0.00 |    2 |              179.94 uj |           89320975.13 uj |
| Jil_Deserialize_Small         |   2,267.8 ns |     5.24 ns |     4.90 ns |    440,506 |      15.00 |  1.12 | Slower          |    0.00 |    3 |              195.83 uj |           86263105.40 uj |
| Newtonsoft_Deserialize_Small  |   3,537.7 ns |     5.07 ns |     4.74 ns |    283,328 |      15.00 |  1.75 | Slower          |    0.00 |    4 |              308.91 uj |           87523290.73 uj |
|                               |              |             |             |            |            |       |                 |         |      |                        |                          |
| SpanJson_Serialize_Large      | 162,988.2 ns |   601.54 ns |   562.68 ns |      6,152 |      15.00 |  0.87 | Faster          |    0.01 |    1 |            12073.90 uj |           74278618.53 uj |
| STJ_Serialize_Large           | 187,447.1 ns | 2,371.42 ns | 2,218.23 ns |      5,392 |      15.00 |  1.00 | Baseline        |    0.02 |    2 |            17570.90 uj |           94742282.60 uj |
| Jil_Serialize_Large           | 285,468.6 ns |   211.46 ns |   197.80 ns |      3,509 |      15.00 |  1.52 | Slower          |    0.02 |    3 |            24888.72 uj |           87334525.73 uj |
| Utf8Json_Serialize_Large      | 295,433.4 ns | 2,159.48 ns | 2,019.98 ns |      3,408 |      15.00 |  1.58 | Slower          |    0.02 |    4 |            28518.74 uj |           97191849.27 uj |
| Newtonsoft_Serialize_Large    | 305,380.6 ns |   611.89 ns |   572.36 ns |      3,264 |      15.00 |  1.63 | Slower          |    0.02 |    4 |            25566.05 uj |           83447585.07 uj |
|                               |              |             |             |            |            |       |                 |         |      |                        |                          |
| Jil_Serialize_Medium          |  37,234.4 ns |    97.30 ns |    91.02 ns |     26,832 |      15.00 |  0.79 | Faster          |    0.00 |    1 |             3190.39 uj |           85604468.47 uj |
| SpanJson_Serialize_Medium     |  39,969.6 ns |   677.53 ns |   633.76 ns |     25,347 |      15.00 |  0.85 | Faster          |    0.01 |    2 |             2564.72 uj |           65008057.07 uj |
| STJ_Serialize_Medium          |  46,901.9 ns |   109.92 ns |   102.82 ns |     21,472 |      15.00 |  1.00 | Baseline        |    0.00 |    3 |             4128.69 uj |           88651311.00 uj |
| Newtonsoft_Serialize_Medium   |  53,680.2 ns |   155.29 ns |   145.25 ns |     18,752 |      15.00 |  1.14 | Slower          |    0.00 |    4 |             4590.12 uj |           86073998.33 uj |
| Utf8Json_Serialize_Medium     |  57,942.7 ns | 1,359.61 ns | 1,271.78 ns |     17,232 |      15.00 |  1.24 | Slower          |    0.03 |    5 |             4664.86 uj |           80384942.27 uj |
|                               |              |             |             |            |            |       |                 |         |      |                        |                          |
| Utf8Json_Serialize_Small      |     884.3 ns |     1.04 ns |     0.97 ns |  1,131,584 |      15.00 |  0.68 | Faster          |    0.00 |    1 |               76.60 uj |           86673903.27 uj |
| SpanJson_Serialize_Small      |   1,246.5 ns |     3.00 ns |     2.81 ns |    800,816 |      15.00 |  0.96 | Faster          |    0.00 |    2 |               82.66 uj |           66192571.47 uj |
| STJ_Serialize_Small           |   1,301.4 ns |     3.10 ns |     2.90 ns |    772,432 |      15.00 |  1.00 | Baseline        |    0.00 |    3 |              115.96 uj |           89567401.60 uj |
| Jil_Serialize_Small           |   1,743.1 ns |     3.70 ns |     3.46 ns |    573,634 |      15.00 |  1.34 | Slower          |    0.00 |    4 |              154.45 uj |           88598995.87 uj |
| Newtonsoft_Serialize_Small    |   2,242.1 ns |    17.24 ns |    16.13 ns |    451,840 |      15.00 |  1.72 | Slower          |    0.01 |    5 |              197.20 uj |           89102005.87 uj |

// * Hints *
Outliers
  JsonSerializationBenchmarks.STJ_Deserialize_Large: Overhead-Fixed-Energy-4        -> 1 outlier  was  detected (203.22 μs)
  JsonSerializationBenchmarks.Jil_Deserialize_Large: Overhead-Fixed-Energy-4        -> 1 outlier  was  detected (212.41 μs)
  JsonSerializationBenchmarks.Newtonsoft_Deserialize_Large: Overhead-Fixed-Energy-4 -> 1 outlier  was  detected (240.72 μs)
  JsonSerializationBenchmarks.SpanJson_Deserialize_Medium: Overhead-Fixed-Energy-4  -> 2 outliers were detected (40.90 μs, 40.91 μs)
  JsonSerializationBenchmarks.Jil_Deserialize_Medium: Overhead-Fixed-Energy-4       -> 2 outliers were detected (54.86 μs, 55.22 μs)
  JsonSerializationBenchmarks.Utf8Json_Deserialize_Medium: Overhead-Fixed-Energy-4  -> 1 outlier  was  detected (63.59 μs)
  JsonSerializationBenchmarks.SpanJson_Deserialize_Small: Overhead-Fixed-Energy-4   -> 1 outlier  was  detected (1.17 μs)
  JsonSerializationBenchmarks.STJ_Deserialize_Small: Overhead-Fixed-Energy-4        -> 1 outlier  was  detected (2.03 μs)
  JsonSerializationBenchmarks.Newtonsoft_Deserialize_Small: Overhead-Fixed-Energy-4 -> 1 outlier  was  detected (3.55 μs)
  JsonSerializationBenchmarks.STJ_Serialize_Large: Overhead-Fixed-Energy-4          -> 4 outliers were detected (185.96 μs, 188.24 μs..193.12 μs)
  JsonSerializationBenchmarks.Utf8Json_Serialize_Large: Overhead-Fixed-Energy-4     -> 2 outliers were detected (299.27 μs, 300.04 μs)
  JsonSerializationBenchmarks.Newtonsoft_Serialize_Medium: Overhead-Fixed-Energy-4  -> 1 outlier  was  detected (53.36 μs)
  JsonSerializationBenchmarks.Utf8Json_Serialize_Medium: Overhead-Fixed-Energy-4    -> 1 outlier  was  detected (61.02 μs)
  JsonSerializationBenchmarks.Utf8Json_Serialize_Small: Overhead-Fixed-Energy-4     -> 1 outlier  was  detected (889.70 ns)
  JsonSerializationBenchmarks.SpanJson_Serialize_Small: Overhead-Fixed-Energy-4     -> 1 outlier  was  detected (1.26 μs)
  JsonSerializationBenchmarks.Jil_Serialize_Small: Overhead-Fixed-Energy-4          -> 3 outliers were detected (1.74 μs..1.74 μs)

// * Legends *
  Mean                     : Arithmetic mean of all measurements
  Error                    : Half of 99.9% confidence interval
  StdDev                   : Standard deviation of all measurements
  Operations               : Actual invocations per measured iteration (from measurements)
  Iterations               : Number of target iterations
  Ratio                    : Mean of the ratio distribution ([Current]/[Baseline])
  MannWhitney(3%)          : MannWhitney-based equivalence test (threshold=3%, alpha = 1E-05)
  RatioSD                  : Standard deviation of the ratio distribution ([Current]/[Baseline])
  Rank                     : Relative position of current benchmark mean among all benchmarks (Arabic style)
  Package Energy (uJ/op)   : Average CPU package energy consumed per operation (µJ).
  Package Energy (uJ/iter) : Average CPU package energy consumed per benchmark iteration (µJ).
  1 ns                     : 1 Nanosecond (0.000000001 sec)

// * Diagnostic Output - EnergyDiagnoser *


// ***** BenchmarkRunner: End *****
Run time: 00:13:47 (827.63 sec), executed benchmarks: 30

Global total time: 00:14:00 (840.29 sec), executed benchmarks: 30
// * Artifacts cleanup *
Artifacts cleanup is finished
