// Validating benchmarks:
// ***** BenchmarkRunner: Start   *****
// ***** Found 30 benchmark(s) in total *****
// ***** Building 1 exe(s) in Parallel: Start   *****
// start dotnet  restore --nodeReuse:false /p:UseSharedCompilation=false /p:Deterministic=true /p:Optimize=true /p:ArtifactsPath="/home/test/rapl-tests/lib-energy-bench/src/Serialization.Bench/bin/Release/net8.0/Serialization.Bench-Overhead-Fixed-NoEnergy-10-1/" /p:OutDir="/home/test/rapl-tests/lib-energy-bench/src/Serialization.Bench/bin/Release/net8.0/Serialization.Bench-Overhead-Fixed-NoEnergy-10-1/bin/Release/net8.0/" /p:OutputPath="/home/test/rapl-tests/lib-energy-bench/src/Serialization.Bench/bin/Release/net8.0/Serialization.Bench-Overhead-Fixed-NoEnergy-10-1/bin/Release/net8.0/" /p:PublishDir="/home/test/rapl-tests/lib-energy-bench/src/Serialization.Bench/bin/Release/net8.0/Serialization.Bench-Overhead-Fixed-NoEnergy-10-1/publish/" in /home/test/rapl-tests/lib-energy-bench/src/Serialization.Bench/bin/Release/net8.0/Serialization.Bench-Overhead-Fixed-NoEnergy-10-1
// command took 2.99 sec and exited with 0
// start dotnet  build -c Release --no-restore --nodeReuse:false /p:UseSharedCompilation=false /p:Deterministic=true /p:Optimize=true /p:ArtifactsPath="/home/test/rapl-tests/lib-energy-bench/src/Serialization.Bench/bin/Release/net8.0/Serialization.Bench-Overhead-Fixed-NoEnergy-10-1/" /p:OutDir="/home/test/rapl-tests/lib-energy-bench/src/Serialization.Bench/bin/Release/net8.0/Serialization.Bench-Overhead-Fixed-NoEnergy-10-1/bin/Release/net8.0/" /p:OutputPath="/home/test/rapl-tests/lib-energy-bench/src/Serialization.Bench/bin/Release/net8.0/Serialization.Bench-Overhead-Fixed-NoEnergy-10-1/bin/Release/net8.0/" /p:PublishDir="/home/test/rapl-tests/lib-energy-bench/src/Serialization.Bench/bin/Release/net8.0/Serialization.Bench-Overhead-Fixed-NoEnergy-10-1/publish/" --output "/home/test/rapl-tests/lib-energy-bench/src/Serialization.Bench/bin/Release/net8.0/Serialization.Bench-Overhead-Fixed-NoEnergy-10-1/bin/Release/net8.0/" in /home/test/rapl-tests/lib-energy-bench/src/Serialization.Bench/bin/Release/net8.0/Serialization.Bench-Overhead-Fixed-NoEnergy-10-1
// command took 9.34 sec and exited with 0
// ***** Done, took 00:00:12 (12.37 sec)   *****
// Found 30 benchmarks:
//   JsonSerializationBenchmarks.STJ_Deserialize_Large: Overhead-Fixed-NoEnergy-10(OutlierMode=DontRemove, IterationCount=15, IterationTime=1s, LaunchCount=1, WarmupCount=6)
//   JsonSerializationBenchmarks.Newtonsoft_Deserialize_Large: Overhead-Fixed-NoEnergy-10(OutlierMode=DontRemove, IterationCount=15, IterationTime=1s, LaunchCount=1, WarmupCount=6)
//   JsonSerializationBenchmarks.Jil_Deserialize_Large: Overhead-Fixed-NoEnergy-10(OutlierMode=DontRemove, IterationCount=15, IterationTime=1s, LaunchCount=1, WarmupCount=6)
//   JsonSerializationBenchmarks.Utf8Json_Deserialize_Large: Overhead-Fixed-NoEnergy-10(OutlierMode=DontRemove, IterationCount=15, IterationTime=1s, LaunchCount=1, WarmupCount=6)
//   JsonSerializationBenchmarks.SpanJson_Deserialize_Large: Overhead-Fixed-NoEnergy-10(OutlierMode=DontRemove, IterationCount=15, IterationTime=1s, LaunchCount=1, WarmupCount=6)
//   JsonSerializationBenchmarks.STJ_Deserialize_Medium: Overhead-Fixed-NoEnergy-10(OutlierMode=DontRemove, IterationCount=15, IterationTime=1s, LaunchCount=1, WarmupCount=6)
//   JsonSerializationBenchmarks.Newtonsoft_Deserialize_Medium: Overhead-Fixed-NoEnergy-10(OutlierMode=DontRemove, IterationCount=15, IterationTime=1s, LaunchCount=1, WarmupCount=6)
//   JsonSerializationBenchmarks.Jil_Deserialize_Medium: Overhead-Fixed-NoEnergy-10(OutlierMode=DontRemove, IterationCount=15, IterationTime=1s, LaunchCount=1, WarmupCount=6)
//   JsonSerializationBenchmarks.Utf8Json_Deserialize_Medium: Overhead-Fixed-NoEnergy-10(OutlierMode=DontRemove, IterationCount=15, IterationTime=1s, LaunchCount=1, WarmupCount=6)
//   JsonSerializationBenchmarks.SpanJson_Deserialize_Medium: Overhead-Fixed-NoEnergy-10(OutlierMode=DontRemove, IterationCount=15, IterationTime=1s, LaunchCount=1, WarmupCount=6)
//   JsonSerializationBenchmarks.STJ_Deserialize_Small: Overhead-Fixed-NoEnergy-10(OutlierMode=DontRemove, IterationCount=15, IterationTime=1s, LaunchCount=1, WarmupCount=6)
//   JsonSerializationBenchmarks.Newtonsoft_Deserialize_Small: Overhead-Fixed-NoEnergy-10(OutlierMode=DontRemove, IterationCount=15, IterationTime=1s, LaunchCount=1, WarmupCount=6)
//   JsonSerializationBenchmarks.Jil_Deserialize_Small: Overhead-Fixed-NoEnergy-10(OutlierMode=DontRemove, IterationCount=15, IterationTime=1s, LaunchCount=1, WarmupCount=6)
//   JsonSerializationBenchmarks.Utf8Json_Deserialize_Small: Overhead-Fixed-NoEnergy-10(OutlierMode=DontRemove, IterationCount=15, IterationTime=1s, LaunchCount=1, WarmupCount=6)
//   JsonSerializationBenchmarks.SpanJson_Deserialize_Small: Overhead-Fixed-NoEnergy-10(OutlierMode=DontRemove, IterationCount=15, IterationTime=1s, LaunchCount=1, WarmupCount=6)
//   JsonSerializationBenchmarks.STJ_Serialize_Large: Overhead-Fixed-NoEnergy-10(OutlierMode=DontRemove, IterationCount=15, IterationTime=1s, LaunchCount=1, WarmupCount=6)
//   JsonSerializationBenchmarks.Newtonsoft_Serialize_Large: Overhead-Fixed-NoEnergy-10(OutlierMode=DontRemove, IterationCount=15, IterationTime=1s, LaunchCount=1, WarmupCount=6)
//   JsonSerializationBenchmarks.Jil_Serialize_Large: Overhead-Fixed-NoEnergy-10(OutlierMode=DontRemove, IterationCount=15, IterationTime=1s, LaunchCount=1, WarmupCount=6)
//   JsonSerializationBenchmarks.Utf8Json_Serialize_Large: Overhead-Fixed-NoEnergy-10(OutlierMode=DontRemove, IterationCount=15, IterationTime=1s, LaunchCount=1, WarmupCount=6)
//   JsonSerializationBenchmarks.SpanJson_Serialize_Large: Overhead-Fixed-NoEnergy-10(OutlierMode=DontRemove, IterationCount=15, IterationTime=1s, LaunchCount=1, WarmupCount=6)
//   JsonSerializationBenchmarks.STJ_Serialize_Medium: Overhead-Fixed-NoEnergy-10(OutlierMode=DontRemove, IterationCount=15, IterationTime=1s, LaunchCount=1, WarmupCount=6)
//   JsonSerializationBenchmarks.Newtonsoft_Serialize_Medium: Overhead-Fixed-NoEnergy-10(OutlierMode=DontRemove, IterationCount=15, IterationTime=1s, LaunchCount=1, WarmupCount=6)
//   JsonSerializationBenchmarks.Jil_Serialize_Medium: Overhead-Fixed-NoEnergy-10(OutlierMode=DontRemove, IterationCount=15, IterationTime=1s, LaunchCount=1, WarmupCount=6)
//   JsonSerializationBenchmarks.Utf8Json_Serialize_Medium: Overhead-Fixed-NoEnergy-10(OutlierMode=DontRemove, IterationCount=15, IterationTime=1s, LaunchCount=1, WarmupCount=6)
//   JsonSerializationBenchmarks.SpanJson_Serialize_Medium: Overhead-Fixed-NoEnergy-10(OutlierMode=DontRemove, IterationCount=15, IterationTime=1s, LaunchCount=1, WarmupCount=6)
//   JsonSerializationBenchmarks.STJ_Serialize_Small: Overhead-Fixed-NoEnergy-10(OutlierMode=DontRemove, IterationCount=15, IterationTime=1s, LaunchCount=1, WarmupCount=6)
//   JsonSerializationBenchmarks.Newtonsoft_Serialize_Small: Overhead-Fixed-NoEnergy-10(OutlierMode=DontRemove, IterationCount=15, IterationTime=1s, LaunchCount=1, WarmupCount=6)
//   JsonSerializationBenchmarks.Jil_Serialize_Small: Overhead-Fixed-NoEnergy-10(OutlierMode=DontRemove, IterationCount=15, IterationTime=1s, LaunchCount=1, WarmupCount=6)
//   JsonSerializationBenchmarks.Utf8Json_Serialize_Small: Overhead-Fixed-NoEnergy-10(OutlierMode=DontRemove, IterationCount=15, IterationTime=1s, LaunchCount=1, WarmupCount=6)
//   JsonSerializationBenchmarks.SpanJson_Serialize_Small: Overhead-Fixed-NoEnergy-10(OutlierMode=DontRemove, IterationCount=15, IterationTime=1s, LaunchCount=1, WarmupCount=6)

// **************************
// Benchmark: JsonSerializationBenchmarks.STJ_Deserialize_Large: Overhead-Fixed-NoEnergy-10(OutlierMode=DontRemove, IterationCount=15, IterationTime=1s, LaunchCount=1, WarmupCount=6)
// *** Execute ***
// Launch: 1 / 1
// Execute: dotnet Serialization.Bench-Overhead-Fixed-NoEnergy-10-1.dll --anonymousPipes 101 102 --benchmarkName Serialization.Bench.JsonSerializationBenchmarks.STJ_Deserialize_Large --job Overhead-Fixed-NoEnergy-10 --benchmarkId 0 in /home/test/rapl-tests/lib-energy-bench/src/Serialization.Bench/bin/Release/net8.0/Serialization.Bench-Overhead-Fixed-NoEnergy-10-1/bin/Release/net8.0
// BeforeAnythingElse

// Benchmark Process Environment Information:
// BenchmarkDotNet v0.15.5-develop (2025-12-31)
// Runtime=.NET 8.0.21 (8.0.21, 8.0.2125.47513), X64 RyuJIT x86-64-v4
// GC=Concurrent Workstation
// HardwareIntrinsics=AVX512 IFMA+VBMI,AVX512 F+BW+CD+DQ+VL,AVX2+BMI1+BMI2+F16C+FMA+LZCNT+MOVBE,AVX,SSE3+SSSE3+SSE4.1+SSE4.2+POPCNT,X86Base+SSE+SSE2,AES+PCLMUL VectorSize=256
// Job: Overhead-Fixed-NoEnergy-10(OutlierMode=DontRemove, IterationCount=15, IterationTime=1s, LaunchCount=1, WarmupCount=6)

OverheadJitting  1: 1 op, 139394.00 ns, 139.3940 us/op
WorkloadJitting  1: 1 op, 540479.00 ns, 540.4790 us/op

OverheadJitting  2: 16 op, 369004.00 ns, 23.0628 us/op
WorkloadJitting  2: 16 op, 6834513.00 ns, 427.1571 us/op

WorkloadPilot    1: 16 op, 6107365.00 ns, 381.7103 us/op
WorkloadPilot    2: 2624 op, 752331747.00 ns, 286.7118 us/op
WorkloadPilot    3: 3488 op, 698042779.00 ns, 200.1269 us/op
WorkloadPilot    4: 5008 op, 1004136755.00 ns, 200.5065 us/op
WorkloadPilot    5: 4992 op, 999522651.00 ns, 200.2249 us/op
WorkloadPilot    6: 5008 op, 1004427949.00 ns, 200.5647 us/op
WorkloadPilot    7: 4992 op, 1004595040.00 ns, 201.2410 us/op

OverheadWarmup   1: 4992 op, 22009.00 ns, 4.4089 ns/op
OverheadWarmup   2: 4992 op, 19323.00 ns, 3.8708 ns/op
OverheadWarmup   3: 4992 op, 18545.00 ns, 3.7149 ns/op
OverheadWarmup   4: 4992 op, 18521.00 ns, 3.7101 ns/op
OverheadWarmup   5: 4992 op, 19296.00 ns, 3.8654 ns/op
OverheadWarmup   6: 4992 op, 18494.00 ns, 3.7047 ns/op
OverheadWarmup   7: 4992 op, 18513.00 ns, 3.7085 ns/op
OverheadWarmup   8: 4992 op, 18509.00 ns, 3.7077 ns/op

OverheadActual   1: 4992 op, 18688.00 ns, 3.7436 ns/op
OverheadActual   2: 4992 op, 18597.00 ns, 3.7254 ns/op
OverheadActual   3: 4992 op, 18628.00 ns, 3.7316 ns/op
OverheadActual   4: 4992 op, 18181.00 ns, 3.6420 ns/op
OverheadActual   5: 4992 op, 18167.00 ns, 3.6392 ns/op
OverheadActual   6: 4992 op, 18508.00 ns, 3.7075 ns/op
OverheadActual   7: 4992 op, 19332.00 ns, 3.8726 ns/op
OverheadActual   8: 4992 op, 18178.00 ns, 3.6414 ns/op
OverheadActual   9: 4992 op, 18536.00 ns, 3.7131 ns/op
OverheadActual  10: 4992 op, 19404.00 ns, 3.8870 ns/op
OverheadActual  11: 4992 op, 18557.00 ns, 3.7173 ns/op
OverheadActual  12: 4992 op, 18547.00 ns, 3.7153 ns/op
OverheadActual  13: 4992 op, 18504.00 ns, 3.7067 ns/op
OverheadActual  14: 4992 op, 19310.00 ns, 3.8682 ns/op
OverheadActual  15: 4992 op, 18509.00 ns, 3.7077 ns/op

WorkloadWarmup   1: 4992 op, 1002833836.00 ns, 200.8882 us/op
WorkloadWarmup   2: 4992 op, 1005403755.00 ns, 201.4030 us/op
WorkloadWarmup   3: 4992 op, 1000169971.00 ns, 200.3546 us/op
WorkloadWarmup   4: 4992 op, 999798874.00 ns, 200.2802 us/op
WorkloadWarmup   5: 4992 op, 998363284.00 ns, 199.9926 us/op
WorkloadWarmup   6: 4992 op, 997222424.00 ns, 199.7641 us/op

// BeforeActualRun
WorkloadActual   1: 4992 op, 1002880676.00 ns, 200.8976 us/op
WorkloadActual   2: 4992 op, 1001187295.00 ns, 200.5584 us/op
WorkloadActual   3: 4992 op, 1001601852.00 ns, 200.6414 us/op
WorkloadActual   4: 4992 op, 999521573.00 ns, 200.2247 us/op
WorkloadActual   5: 4992 op, 1002171906.00 ns, 200.7556 us/op
WorkloadActual   6: 4992 op, 1007888842.00 ns, 201.9008 us/op
WorkloadActual   7: 4992 op, 1001101693.00 ns, 200.5412 us/op
WorkloadActual   8: 4992 op, 999499142.00 ns, 200.2202 us/op
WorkloadActual   9: 4992 op, 1000506100.00 ns, 200.4219 us/op
WorkloadActual  10: 4992 op, 999603112.00 ns, 200.2410 us/op
WorkloadActual  11: 4992 op, 999347965.00 ns, 200.1899 us/op
WorkloadActual  12: 4992 op, 999574212.00 ns, 200.2352 us/op
WorkloadActual  13: 4992 op, 1001699046.00 ns, 200.6609 us/op
WorkloadActual  14: 4992 op, 1000552032.00 ns, 200.4311 us/op
WorkloadActual  15: 4992 op, 1000397995.00 ns, 200.4002 us/op

// AfterActualRun
WorkloadResult   1: 4992 op, 1002862129.00 ns, 200.8939 us/op
WorkloadResult   2: 4992 op, 1001168748.00 ns, 200.5546 us/op
WorkloadResult   3: 4992 op, 1001583305.00 ns, 200.6377 us/op
WorkloadResult   4: 4992 op, 999503026.00 ns, 200.2210 us/op
WorkloadResult   5: 4992 op, 1002153359.00 ns, 200.7519 us/op
WorkloadResult   6: 4992 op, 1007870295.00 ns, 201.8971 us/op
WorkloadResult   7: 4992 op, 1001083146.00 ns, 200.5375 us/op
WorkloadResult   8: 4992 op, 999480595.00 ns, 200.2165 us/op
WorkloadResult   9: 4992 op, 1000487553.00 ns, 200.4182 us/op
WorkloadResult  10: 4992 op, 999584565.00 ns, 200.2373 us/op
WorkloadResult  11: 4992 op, 999329418.00 ns, 200.1862 us/op
WorkloadResult  12: 4992 op, 999555665.00 ns, 200.2315 us/op
WorkloadResult  13: 4992 op, 1001680499.00 ns, 200.6572 us/op
WorkloadResult  14: 4992 op, 1000533485.00 ns, 200.4274 us/op
WorkloadResult  15: 4992 op, 1000379448.00 ns, 200.3965 us/op

// AfterAll
// Benchmark Process 4069463 has exited with code 0.

Mean = 200.551 μs, StdErr = 0.111 μs (0.06%), N = 15, StdDev = 0.431 μs
Min = 200.186 μs, Q1 = 200.234 μs, Median = 200.427 μs, Q3 = 200.647 μs, Max = 201.897 μs
IQR = 0.413 μs, LowerFence = 199.615 μs, UpperFence = 201.267 μs
ConfidenceInterval = [200.090 μs; 201.012 μs] (CI 99.9%), Margin = 0.461 μs (0.23% of Mean)
Skewness = 1.91, Kurtosis = 6.5, MValue = 2

// ** Remained 29 (96.7%) benchmark(s) to run. Estimated finish 2025-12-31 22:34 (0h 12m from now) **
// **************************
// Benchmark: JsonSerializationBenchmarks.Newtonsoft_Deserialize_Large: Overhead-Fixed-NoEnergy-10(OutlierMode=DontRemove, IterationCount=15, IterationTime=1s, LaunchCount=1, WarmupCount=6)
// *** Execute ***
// Launch: 1 / 1
// Execute: dotnet Serialization.Bench-Overhead-Fixed-NoEnergy-10-1.dll --anonymousPipes 103 104 --benchmarkName Serialization.Bench.JsonSerializationBenchmarks.Newtonsoft_Deserialize_Large --job Overhead-Fixed-NoEnergy-10 --benchmarkId 1 in /home/test/rapl-tests/lib-energy-bench/src/Serialization.Bench/bin/Release/net8.0/Serialization.Bench-Overhead-Fixed-NoEnergy-10-1/bin/Release/net8.0
// BeforeAnythingElse

// Benchmark Process Environment Information:
// BenchmarkDotNet v0.15.5-develop (2025-12-31)
// Runtime=.NET 8.0.21 (8.0.21, 8.0.2125.47513), X64 RyuJIT x86-64-v4
// GC=Concurrent Workstation
// HardwareIntrinsics=AVX512 IFMA+VBMI,AVX512 F+BW+CD+DQ+VL,AVX2+BMI1+BMI2+F16C+FMA+LZCNT+MOVBE,AVX,SSE3+SSSE3+SSE4.1+SSE4.2+POPCNT,X86Base+SSE+SSE2,AES+PCLMUL VectorSize=256
// Job: Overhead-Fixed-NoEnergy-10(OutlierMode=DontRemove, IterationCount=15, IterationTime=1s, LaunchCount=1, WarmupCount=6)

OverheadJitting  1: 1 op, 139706.00 ns, 139.7060 us/op
WorkloadJitting  1: 1 op, 55566266.00 ns, 55.5663 ms/op

OverheadJitting  2: 16 op, 391300.00 ns, 24.4563 us/op
WorkloadJitting  2: 16 op, 18373410.00 ns, 1.1483 ms/op

WorkloadPilot    1: 16 op, 17283132.00 ns, 1.0802 ms/op
WorkloadPilot    2: 928 op, 460673860.00 ns, 496.4158 us/op
WorkloadPilot    3: 2016 op, 486134427.00 ns, 241.1381 us/op
WorkloadPilot    4: 4160 op, 1002473231.00 ns, 240.9791 us/op

OverheadWarmup   1: 4160 op, 15273.00 ns, 3.6714 ns/op
OverheadWarmup   2: 4160 op, 14409.00 ns, 3.4637 ns/op
OverheadWarmup   3: 4160 op, 14384.00 ns, 3.4577 ns/op
OverheadWarmup   4: 4160 op, 14373.00 ns, 3.4550 ns/op
OverheadWarmup   5: 4160 op, 14673.00 ns, 3.5272 ns/op
OverheadWarmup   6: 4160 op, 14420.00 ns, 3.4663 ns/op
OverheadWarmup   7: 4160 op, 14384.00 ns, 3.4577 ns/op
OverheadWarmup   8: 4160 op, 14392.00 ns, 3.4596 ns/op
OverheadWarmup   9: 4160 op, 14399.00 ns, 3.4613 ns/op
OverheadWarmup  10: 4160 op, 14348.00 ns, 3.4490 ns/op

OverheadActual   1: 4160 op, 14466.00 ns, 3.4774 ns/op
OverheadActual   2: 4160 op, 14457.00 ns, 3.4752 ns/op
OverheadActual   3: 4160 op, 14748.00 ns, 3.5452 ns/op
OverheadActual   4: 4160 op, 14663.00 ns, 3.5248 ns/op
OverheadActual   5: 4160 op, 14370.00 ns, 3.4543 ns/op
OverheadActual   6: 4160 op, 15120.00 ns, 3.6346 ns/op
OverheadActual   7: 4160 op, 14685.00 ns, 3.5300 ns/op
OverheadActual   8: 4160 op, 14642.00 ns, 3.5197 ns/op
OverheadActual   9: 4160 op, 14658.00 ns, 3.5236 ns/op
OverheadActual  10: 4160 op, 14351.00 ns, 3.4498 ns/op
OverheadActual  11: 4160 op, 14357.00 ns, 3.4512 ns/op
OverheadActual  12: 4160 op, 14347.00 ns, 3.4488 ns/op
OverheadActual  13: 4160 op, 14708.00 ns, 3.5356 ns/op
OverheadActual  14: 4160 op, 14375.00 ns, 3.4555 ns/op
OverheadActual  15: 4160 op, 14356.00 ns, 3.4510 ns/op

WorkloadWarmup   1: 4160 op, 1004233598.00 ns, 241.4023 us/op
WorkloadWarmup   2: 4160 op, 1004399805.00 ns, 241.4423 us/op
WorkloadWarmup   3: 4160 op, 1000704874.00 ns, 240.5541 us/op
WorkloadWarmup   4: 4160 op, 999330256.00 ns, 240.2236 us/op
WorkloadWarmup   5: 4160 op, 999471883.00 ns, 240.2577 us/op
WorkloadWarmup   6: 4160 op, 1000310125.00 ns, 240.4592 us/op

// BeforeActualRun
WorkloadActual   1: 4160 op, 1002421794.00 ns, 240.9668 us/op
WorkloadActual   2: 4160 op, 1001862607.00 ns, 240.8324 us/op
WorkloadActual   3: 4160 op, 1002289844.00 ns, 240.9351 us/op
WorkloadActual   4: 4160 op, 1001264293.00 ns, 240.6885 us/op
WorkloadActual   5: 4160 op, 1001433035.00 ns, 240.7291 us/op
WorkloadActual   6: 4160 op, 1001941926.00 ns, 240.8514 us/op
WorkloadActual   7: 4160 op, 1002192190.00 ns, 240.9116 us/op
WorkloadActual   8: 4160 op, 1001514498.00 ns, 240.7487 us/op
WorkloadActual   9: 4160 op, 1002105310.00 ns, 240.8907 us/op
WorkloadActual  10: 4160 op, 1002787658.00 ns, 241.0547 us/op
WorkloadActual  11: 4160 op, 1002054502.00 ns, 240.8785 us/op
WorkloadActual  12: 4160 op, 1005028553.00 ns, 241.5934 us/op
WorkloadActual  13: 4160 op, 1001651988.00 ns, 240.7817 us/op
WorkloadActual  14: 4160 op, 1001294116.00 ns, 240.6957 us/op
WorkloadActual  15: 4160 op, 1002673565.00 ns, 241.0273 us/op

// AfterActualRun
WorkloadResult   1: 4160 op, 1002407328.00 ns, 240.9633 us/op
WorkloadResult   2: 4160 op, 1001848141.00 ns, 240.8289 us/op
WorkloadResult   3: 4160 op, 1002275378.00 ns, 240.9316 us/op
WorkloadResult   4: 4160 op, 1001249827.00 ns, 240.6851 us/op
WorkloadResult   5: 4160 op, 1001418569.00 ns, 240.7256 us/op
WorkloadResult   6: 4160 op, 1001927460.00 ns, 240.8479 us/op
WorkloadResult   7: 4160 op, 1002177724.00 ns, 240.9081 us/op
WorkloadResult   8: 4160 op, 1001500032.00 ns, 240.7452 us/op
WorkloadResult   9: 4160 op, 1002090844.00 ns, 240.8872 us/op
WorkloadResult  10: 4160 op, 1002773192.00 ns, 241.0512 us/op
WorkloadResult  11: 4160 op, 1002040036.00 ns, 240.8750 us/op
WorkloadResult  12: 4160 op, 1005014087.00 ns, 241.5899 us/op
WorkloadResult  13: 4160 op, 1001637522.00 ns, 240.7783 us/op
WorkloadResult  14: 4160 op, 1001279650.00 ns, 240.6922 us/op
WorkloadResult  15: 4160 op, 1002659099.00 ns, 241.0238 us/op

// AfterAll
// Benchmark Process 4069488 has exited with code 0.

Mean = 240.902 μs, StdErr = 0.057 μs (0.02%), N = 15, StdDev = 0.221 μs
Min = 240.685 μs, Q1 = 240.762 μs, Median = 240.875 μs, Q3 = 240.947 μs, Max = 241.590 μs
IQR = 0.186 μs, LowerFence = 240.483 μs, UpperFence = 241.226 μs
ConfidenceInterval = [240.666 μs; 241.139 μs] (CI 99.9%), Margin = 0.237 μs (0.10% of Mean)
Skewness = 1.84, Kurtosis = 6.39, MValue = 2

// ** Remained 28 (93.3%) benchmark(s) to run. Estimated finish 2025-12-31 22:33 (0h 11m from now) **
// **************************
// Benchmark: JsonSerializationBenchmarks.Jil_Deserialize_Large: Overhead-Fixed-NoEnergy-10(OutlierMode=DontRemove, IterationCount=15, IterationTime=1s, LaunchCount=1, WarmupCount=6)
// *** Execute ***
// Launch: 1 / 1
// Execute: dotnet Serialization.Bench-Overhead-Fixed-NoEnergy-10-1.dll --anonymousPipes 103 104 --benchmarkName Serialization.Bench.JsonSerializationBenchmarks.Jil_Deserialize_Large --job Overhead-Fixed-NoEnergy-10 --benchmarkId 2 in /home/test/rapl-tests/lib-energy-bench/src/Serialization.Bench/bin/Release/net8.0/Serialization.Bench-Overhead-Fixed-NoEnergy-10-1/bin/Release/net8.0
// BeforeAnythingElse

// Benchmark Process Environment Information:
// BenchmarkDotNet v0.15.5-develop (2025-12-31)
// Runtime=.NET 8.0.21 (8.0.21, 8.0.2125.47513), X64 RyuJIT x86-64-v4
// GC=Concurrent Workstation
// HardwareIntrinsics=AVX512 IFMA+VBMI,AVX512 F+BW+CD+DQ+VL,AVX2+BMI1+BMI2+F16C+FMA+LZCNT+MOVBE,AVX,SSE3+SSSE3+SSE4.1+SSE4.2+POPCNT,X86Base+SSE+SSE2,AES+PCLMUL VectorSize=256
// Job: Overhead-Fixed-NoEnergy-10(OutlierMode=DontRemove, IterationCount=15, IterationTime=1s, LaunchCount=1, WarmupCount=6)

OverheadJitting  1: 1 op, 139551.00 ns, 139.5510 us/op
WorkloadJitting  1: 1 op, 246966380.00 ns, 246.9664 ms/op

WorkloadPilot    1: 4 op, 2884965.00 ns, 721.2413 us/op
WorkloadPilot    2: 1386 op, 368395112.00 ns, 265.7973 us/op
WorkloadPilot    3: 3762 op, 807527130.00 ns, 214.6537 us/op
WorkloadPilot    4: 4659 op, 1000308296.00 ns, 214.7045 us/op

WorkloadWarmup   1: 4659 op, 997343397.00 ns, 214.0681 us/op
WorkloadWarmup   2: 4659 op, 1000236548.00 ns, 214.6891 us/op
WorkloadWarmup   3: 4659 op, 1000493018.00 ns, 214.7442 us/op
WorkloadWarmup   4: 4659 op, 1000552766.00 ns, 214.7570 us/op
WorkloadWarmup   5: 4659 op, 1000080156.00 ns, 214.6555 us/op
WorkloadWarmup   6: 4659 op, 1000140698.00 ns, 214.6685 us/op

// BeforeActualRun
WorkloadActual   1: 4659 op, 997011023.00 ns, 213.9968 us/op
WorkloadActual   2: 4659 op, 1000790468.00 ns, 214.8080 us/op
WorkloadActual   3: 4659 op, 999419329.00 ns, 214.5137 us/op
WorkloadActual   4: 4659 op, 999859401.00 ns, 214.6082 us/op
WorkloadActual   5: 4659 op, 1000187058.00 ns, 214.6785 us/op
WorkloadActual   6: 4659 op, 1000802651.00 ns, 214.8106 us/op
WorkloadActual   7: 4659 op, 1000414365.00 ns, 214.7273 us/op
WorkloadActual   8: 4659 op, 1000624422.00 ns, 214.7724 us/op
WorkloadActual   9: 4659 op, 1000265981.00 ns, 214.6954 us/op
WorkloadActual  10: 4659 op, 1000189129.00 ns, 214.6789 us/op
WorkloadActual  11: 4659 op, 999782628.00 ns, 214.5917 us/op
WorkloadActual  12: 4659 op, 1000589492.00 ns, 214.7649 us/op
WorkloadActual  13: 4659 op, 999424089.00 ns, 214.5147 us/op
WorkloadActual  14: 4659 op, 999966396.00 ns, 214.6311 us/op
WorkloadActual  15: 4659 op, 999542639.00 ns, 214.5402 us/op

// AfterActualRun
WorkloadResult   1: 4659 op, 997011023.00 ns, 213.9968 us/op
WorkloadResult   2: 4659 op, 1000790468.00 ns, 214.8080 us/op
WorkloadResult   3: 4659 op, 999419329.00 ns, 214.5137 us/op
WorkloadResult   4: 4659 op, 999859401.00 ns, 214.6082 us/op
WorkloadResult   5: 4659 op, 1000187058.00 ns, 214.6785 us/op
WorkloadResult   6: 4659 op, 1000802651.00 ns, 214.8106 us/op
WorkloadResult   7: 4659 op, 1000414365.00 ns, 214.7273 us/op
WorkloadResult   8: 4659 op, 1000624422.00 ns, 214.7724 us/op
WorkloadResult   9: 4659 op, 1000265981.00 ns, 214.6954 us/op
WorkloadResult  10: 4659 op, 1000189129.00 ns, 214.6789 us/op
WorkloadResult  11: 4659 op, 999782628.00 ns, 214.5917 us/op
WorkloadResult  12: 4659 op, 1000589492.00 ns, 214.7649 us/op
WorkloadResult  13: 4659 op, 999424089.00 ns, 214.5147 us/op
WorkloadResult  14: 4659 op, 999966396.00 ns, 214.6311 us/op
WorkloadResult  15: 4659 op, 999542639.00 ns, 214.5402 us/op

// AfterAll
// Benchmark Process 4069510 has exited with code 0.

Mean = 214.622 μs, StdErr = 0.052 μs (0.02%), N = 15, StdDev = 0.200 μs
Min = 213.997 μs, Q1 = 214.566 μs, Median = 214.678 μs, Q3 = 214.746 μs, Max = 214.811 μs
IQR = 0.180 μs, LowerFence = 214.296 μs, UpperFence = 215.016 μs
ConfidenceInterval = [214.409 μs; 214.836 μs] (CI 99.9%), Margin = 0.213 μs (0.10% of Mean)
Skewness = -1.9, Kurtosis = 6.58, MValue = 2

// ** Remained 27 (90.0%) benchmark(s) to run. Estimated finish 2025-12-31 22:33 (0h 11m from now) **
// **************************
// Benchmark: JsonSerializationBenchmarks.Utf8Json_Deserialize_Large: Overhead-Fixed-NoEnergy-10(OutlierMode=DontRemove, IterationCount=15, IterationTime=1s, LaunchCount=1, WarmupCount=6)
// *** Execute ***
// Launch: 1 / 1
// Execute: dotnet Serialization.Bench-Overhead-Fixed-NoEnergy-10-1.dll --anonymousPipes 103 104 --benchmarkName Serialization.Bench.JsonSerializationBenchmarks.Utf8Json_Deserialize_Large --job Overhead-Fixed-NoEnergy-10 --benchmarkId 3 in /home/test/rapl-tests/lib-energy-bench/src/Serialization.Bench/bin/Release/net8.0/Serialization.Bench-Overhead-Fixed-NoEnergy-10-1/bin/Release/net8.0
// BeforeAnythingElse

// Benchmark Process Environment Information:
// BenchmarkDotNet v0.15.5-develop (2025-12-31)
// Runtime=.NET 8.0.21 (8.0.21, 8.0.2125.47513), X64 RyuJIT x86-64-v4
// GC=Concurrent Workstation
// HardwareIntrinsics=AVX512 IFMA+VBMI,AVX512 F+BW+CD+DQ+VL,AVX2+BMI1+BMI2+F16C+FMA+LZCNT+MOVBE,AVX,SSE3+SSSE3+SSE4.1+SSE4.2+POPCNT,X86Base+SSE+SSE2,AES+PCLMUL VectorSize=256
// Job: Overhead-Fixed-NoEnergy-10(OutlierMode=DontRemove, IterationCount=15, IterationTime=1s, LaunchCount=1, WarmupCount=6)

OverheadJitting  1: 1 op, 141668.00 ns, 141.6680 us/op
WorkloadJitting  1: 1 op, 59584369.00 ns, 59.5844 ms/op

OverheadJitting  2: 16 op, 384423.00 ns, 24.0264 us/op
WorkloadJitting  2: 16 op, 14727924.00 ns, 920.4953 us/op

WorkloadPilot    1: 16 op, 13563498.00 ns, 847.7186 us/op
WorkloadPilot    2: 1184 op, 763966081.00 ns, 645.2416 us/op
WorkloadPilot    3: 1552 op, 442761272.00 ns, 285.2843 us/op
WorkloadPilot    4: 3520 op, 1004945465.00 ns, 285.4959 us/op
WorkloadPilot    5: 3504 op, 1004330286.00 ns, 286.6239 us/op

OverheadWarmup   1: 3504 op, 14374.00 ns, 4.1022 ns/op
OverheadWarmup   2: 3504 op, 13120.00 ns, 3.7443 ns/op
OverheadWarmup   3: 3504 op, 12850.00 ns, 3.6672 ns/op
OverheadWarmup   4: 3504 op, 13102.00 ns, 3.7392 ns/op
OverheadWarmup   5: 3504 op, 12843.00 ns, 3.6652 ns/op
OverheadWarmup   6: 3504 op, 12896.00 ns, 3.6804 ns/op
OverheadWarmup   7: 3504 op, 12790.00 ns, 3.6501 ns/op

OverheadActual   1: 3504 op, 12950.00 ns, 3.6958 ns/op
OverheadActual   2: 3504 op, 12915.00 ns, 3.6858 ns/op
OverheadActual   3: 3504 op, 12940.00 ns, 3.6929 ns/op
OverheadActual   4: 3504 op, 12877.00 ns, 3.6749 ns/op
OverheadActual   5: 3504 op, 12836.00 ns, 3.6632 ns/op
OverheadActual   6: 3504 op, 13055.00 ns, 3.7257 ns/op
OverheadActual   7: 3504 op, 13087.00 ns, 3.7349 ns/op
OverheadActual   8: 3504 op, 13777.00 ns, 3.9318 ns/op
OverheadActual   9: 3504 op, 13628.00 ns, 3.8893 ns/op
OverheadActual  10: 3504 op, 13627.00 ns, 3.8890 ns/op
OverheadActual  11: 3504 op, 13104.00 ns, 3.7397 ns/op
OverheadActual  12: 3504 op, 13321.00 ns, 3.8017 ns/op
OverheadActual  13: 3504 op, 12877.00 ns, 3.6749 ns/op
OverheadActual  14: 3504 op, 13025.00 ns, 3.7172 ns/op
OverheadActual  15: 3504 op, 12798.00 ns, 3.6524 ns/op

WorkloadWarmup   1: 3504 op, 1003848465.00 ns, 286.4864 us/op
WorkloadWarmup   2: 3504 op, 1000822111.00 ns, 285.6227 us/op
WorkloadWarmup   3: 3504 op, 1000254697.00 ns, 285.4608 us/op
WorkloadWarmup   4: 3504 op, 999708074.00 ns, 285.3048 us/op
WorkloadWarmup   5: 3504 op, 1000775145.00 ns, 285.6093 us/op
WorkloadWarmup   6: 3504 op, 999594502.00 ns, 285.2724 us/op

// BeforeActualRun
WorkloadActual   1: 3504 op, 986036097.00 ns, 281.4030 us/op
WorkloadActual   2: 3504 op, 984742713.00 ns, 281.0339 us/op
WorkloadActual   3: 3504 op, 984397205.00 ns, 280.9353 us/op
WorkloadActual   4: 3504 op, 984593619.00 ns, 280.9913 us/op
WorkloadActual   5: 3504 op, 984033761.00 ns, 280.8316 us/op
WorkloadActual   6: 3504 op, 1000054161.00 ns, 285.4036 us/op
WorkloadActual   7: 3504 op, 983982690.00 ns, 280.8170 us/op
WorkloadActual   8: 3504 op, 986664307.00 ns, 281.5823 us/op
WorkloadActual   9: 3504 op, 985742871.00 ns, 281.3193 us/op
WorkloadActual  10: 3504 op, 985953321.00 ns, 281.3794 us/op
WorkloadActual  11: 3504 op, 984560389.00 ns, 280.9818 us/op
WorkloadActual  12: 3504 op, 984255610.00 ns, 280.8949 us/op
WorkloadActual  13: 3504 op, 984291026.00 ns, 280.9050 us/op
WorkloadActual  14: 3504 op, 984142520.00 ns, 280.8626 us/op
WorkloadActual  15: 3504 op, 983943426.00 ns, 280.8058 us/op

// AfterActualRun
WorkloadResult   1: 3504 op, 986023072.00 ns, 281.3993 us/op
WorkloadResult   2: 3504 op, 984729688.00 ns, 281.0302 us/op
WorkloadResult   3: 3504 op, 984384180.00 ns, 280.9316 us/op
WorkloadResult   4: 3504 op, 984580594.00 ns, 280.9876 us/op
WorkloadResult   5: 3504 op, 984020736.00 ns, 280.8278 us/op
WorkloadResult   6: 3504 op, 1000041136.00 ns, 285.3999 us/op
WorkloadResult   7: 3504 op, 983969665.00 ns, 280.8133 us/op
WorkloadResult   8: 3504 op, 986651282.00 ns, 281.5786 us/op
WorkloadResult   9: 3504 op, 985729846.00 ns, 281.3156 us/op
WorkloadResult  10: 3504 op, 985940296.00 ns, 281.3757 us/op
WorkloadResult  11: 3504 op, 984547364.00 ns, 280.9781 us/op
WorkloadResult  12: 3504 op, 984242585.00 ns, 280.8911 us/op
WorkloadResult  13: 3504 op, 984278001.00 ns, 280.9013 us/op
WorkloadResult  14: 3504 op, 984129495.00 ns, 280.8589 us/op
WorkloadResult  15: 3504 op, 983930401.00 ns, 280.8021 us/op

// AfterAll
// Benchmark Process 4069523 has exited with code 0.

Mean = 281.339 μs, StdErr = 0.297 μs (0.11%), N = 15, StdDev = 1.150 μs
Min = 280.802 μs, Q1 = 280.875 μs, Median = 280.978 μs, Q3 = 281.346 μs, Max = 285.400 μs
IQR = 0.471 μs, LowerFence = 280.169 μs, UpperFence = 282.052 μs
ConfidenceInterval = [280.110 μs; 282.569 μs] (CI 99.9%), Margin = 1.229 μs (0.44% of Mean)
Skewness = 2.89, Kurtosis = 10.38, MValue = 2

// ** Remained 26 (86.7%) benchmark(s) to run. Estimated finish 2025-12-31 22:33 (0h 10m from now) **
// **************************
// Benchmark: JsonSerializationBenchmarks.SpanJson_Deserialize_Large: Overhead-Fixed-NoEnergy-10(OutlierMode=DontRemove, IterationCount=15, IterationTime=1s, LaunchCount=1, WarmupCount=6)
// *** Execute ***
// Launch: 1 / 1
// Execute: dotnet Serialization.Bench-Overhead-Fixed-NoEnergy-10-1.dll --anonymousPipes 103 104 --benchmarkName Serialization.Bench.JsonSerializationBenchmarks.SpanJson_Deserialize_Large --job Overhead-Fixed-NoEnergy-10 --benchmarkId 4 in /home/test/rapl-tests/lib-energy-bench/src/Serialization.Bench/bin/Release/net8.0/Serialization.Bench-Overhead-Fixed-NoEnergy-10-1/bin/Release/net8.0
// BeforeAnythingElse

// Benchmark Process Environment Information:
// BenchmarkDotNet v0.15.5-develop (2025-12-31)
// Runtime=.NET 8.0.21 (8.0.21, 8.0.2125.47513), X64 RyuJIT x86-64-v4
// GC=Concurrent Workstation
// HardwareIntrinsics=AVX512 IFMA+VBMI,AVX512 F+BW+CD+DQ+VL,AVX2+BMI1+BMI2+F16C+FMA+LZCNT+MOVBE,AVX,SSE3+SSSE3+SSE4.1+SSE4.2+POPCNT,X86Base+SSE+SSE2,AES+PCLMUL VectorSize=256
// Job: Overhead-Fixed-NoEnergy-10(OutlierMode=DontRemove, IterationCount=15, IterationTime=1s, LaunchCount=1, WarmupCount=6)

OverheadJitting  1: 1 op, 140002.00 ns, 140.0020 us/op
WorkloadJitting  1: 1 op, 112797910.00 ns, 112.7979 ms/op

WorkloadPilot    1: 4 op, 1888488.00 ns, 472.1220 us/op
WorkloadPilot    2: 2118 op, 417670066.00 ns, 197.2002 us/op
WorkloadPilot    3: 5071 op, 758907616.00 ns, 149.6564 us/op
WorkloadPilot    4: 6682 op, 1002027081.00 ns, 149.9592 us/op
WorkloadPilot    5: 6668 op, 998173829.00 ns, 149.6961 us/op
WorkloadPilot    6: 6680 op, 1000814945.00 ns, 149.8226 us/op
WorkloadPilot    7: 6675 op, 1001026298.00 ns, 149.9665 us/op

WorkloadWarmup   1: 6675 op, 999354560.00 ns, 149.7160 us/op
WorkloadWarmup   2: 6675 op, 1001398888.00 ns, 150.0223 us/op
WorkloadWarmup   3: 6675 op, 1000714981.00 ns, 149.9198 us/op
WorkloadWarmup   4: 6675 op, 1004599478.00 ns, 150.5018 us/op
WorkloadWarmup   5: 6675 op, 1000724477.00 ns, 149.9213 us/op
WorkloadWarmup   6: 6675 op, 1001891824.00 ns, 150.0962 us/op

// BeforeActualRun
WorkloadActual   1: 6675 op, 1000470734.00 ns, 149.8833 us/op
WorkloadActual   2: 6675 op, 1001599808.00 ns, 150.0524 us/op
WorkloadActual   3: 6675 op, 1000594639.00 ns, 149.9018 us/op
WorkloadActual   4: 6675 op, 1000659431.00 ns, 149.9115 us/op
WorkloadActual   5: 6675 op, 1001768842.00 ns, 150.0777 us/op
WorkloadActual   6: 6675 op, 1000030617.00 ns, 149.8173 us/op
WorkloadActual   7: 6675 op, 1000153034.00 ns, 149.8357 us/op
WorkloadActual   8: 6675 op, 1000062538.00 ns, 149.8221 us/op
WorkloadActual   9: 6675 op, 1001321660.00 ns, 150.0107 us/op
WorkloadActual  10: 6675 op, 1000777440.00 ns, 149.9292 us/op
WorkloadActual  11: 6675 op, 1000089880.00 ns, 149.8262 us/op
WorkloadActual  12: 6675 op, 1000108358.00 ns, 149.8290 us/op
WorkloadActual  13: 6675 op, 1000414996.00 ns, 149.8749 us/op
WorkloadActual  14: 6675 op, 1000873926.00 ns, 149.9437 us/op
WorkloadActual  15: 6675 op, 1000029402.00 ns, 149.8171 us/op

// AfterActualRun
WorkloadResult   1: 6675 op, 1000470734.00 ns, 149.8833 us/op
WorkloadResult   2: 6675 op, 1001599808.00 ns, 150.0524 us/op
WorkloadResult   3: 6675 op, 1000594639.00 ns, 149.9018 us/op
WorkloadResult   4: 6675 op, 1000659431.00 ns, 149.9115 us/op
WorkloadResult   5: 6675 op, 1001768842.00 ns, 150.0777 us/op
WorkloadResult   6: 6675 op, 1000030617.00 ns, 149.8173 us/op
WorkloadResult   7: 6675 op, 1000153034.00 ns, 149.8357 us/op
WorkloadResult   8: 6675 op, 1000062538.00 ns, 149.8221 us/op
WorkloadResult   9: 6675 op, 1001321660.00 ns, 150.0107 us/op
WorkloadResult  10: 6675 op, 1000777440.00 ns, 149.9292 us/op
WorkloadResult  11: 6675 op, 1000089880.00 ns, 149.8262 us/op
WorkloadResult  12: 6675 op, 1000108358.00 ns, 149.8290 us/op
WorkloadResult  13: 6675 op, 1000414996.00 ns, 149.8749 us/op
WorkloadResult  14: 6675 op, 1000873926.00 ns, 149.9437 us/op
WorkloadResult  15: 6675 op, 1000029402.00 ns, 149.8171 us/op

// AfterAll
// Benchmark Process 4069538 has exited with code 0.

Mean = 149.902 μs, StdErr = 0.022 μs (0.01%), N = 15, StdDev = 0.087 μs
Min = 149.817 μs, Q1 = 149.828 μs, Median = 149.883 μs, Q3 = 149.936 μs, Max = 150.078 μs
IQR = 0.109 μs, LowerFence = 149.664 μs, UpperFence = 150.100 μs
ConfidenceInterval = [149.809 μs; 149.995 μs] (CI 99.9%), Margin = 0.093 μs (0.06% of Mean)
Skewness = 0.75, Kurtosis = 2.16, MValue = 2

// ** Remained 25 (83.3%) benchmark(s) to run. Estimated finish 2025-12-31 22:33 (0h 10m from now) **
// **************************
// Benchmark: JsonSerializationBenchmarks.STJ_Deserialize_Medium: Overhead-Fixed-NoEnergy-10(OutlierMode=DontRemove, IterationCount=15, IterationTime=1s, LaunchCount=1, WarmupCount=6)
// *** Execute ***
// Launch: 1 / 1
// Execute: dotnet Serialization.Bench-Overhead-Fixed-NoEnergy-10-1.dll --anonymousPipes 103 104 --benchmarkName Serialization.Bench.JsonSerializationBenchmarks.STJ_Deserialize_Medium --job Overhead-Fixed-NoEnergy-10 --benchmarkId 5 in /home/test/rapl-tests/lib-energy-bench/src/Serialization.Bench/bin/Release/net8.0/Serialization.Bench-Overhead-Fixed-NoEnergy-10-1/bin/Release/net8.0
// BeforeAnythingElse

// Benchmark Process Environment Information:
// BenchmarkDotNet v0.15.5-develop (2025-12-31)
// Runtime=.NET 8.0.21 (8.0.21, 8.0.2125.47513), X64 RyuJIT x86-64-v4
// GC=Concurrent Workstation
// HardwareIntrinsics=AVX512 IFMA+VBMI,AVX512 F+BW+CD+DQ+VL,AVX2+BMI1+BMI2+F16C+FMA+LZCNT+MOVBE,AVX,SSE3+SSSE3+SSE4.1+SSE4.2+POPCNT,X86Base+SSE+SSE2,AES+PCLMUL VectorSize=256
// Job: Overhead-Fixed-NoEnergy-10(OutlierMode=DontRemove, IterationCount=15, IterationTime=1s, LaunchCount=1, WarmupCount=6)

OverheadJitting  1: 1 op, 140672.00 ns, 140.6720 us/op
WorkloadJitting  1: 1 op, 293382.00 ns, 293.3820 us/op

OverheadJitting  2: 16 op, 368632.00 ns, 23.0395 us/op
WorkloadJitting  2: 16 op, 2242434.00 ns, 140.1521 us/op

WorkloadPilot    1: 16 op, 1636842.00 ns, 102.3026 us/op
WorkloadPilot    2: 9776 op, 768371068.00 ns, 78.5977 us/op
WorkloadPilot    3: 12736 op, 675927886.00 ns, 53.0722 us/op
WorkloadPilot    4: 18848 op, 1001434044.00 ns, 53.1321 us/op
WorkloadPilot    5: 18832 op, 1001773262.00 ns, 53.1953 us/op
WorkloadPilot    6: 18800 op, 998028504.00 ns, 53.0866 us/op
WorkloadPilot    7: 18848 op, 1000348572.00 ns, 53.0745 us/op

OverheadWarmup   1: 18848 op, 72284.00 ns, 3.8351 ns/op
OverheadWarmup   2: 18848 op, 67893.00 ns, 3.6021 ns/op
OverheadWarmup   3: 18848 op, 67857.00 ns, 3.6002 ns/op
OverheadWarmup   4: 18848 op, 68200.00 ns, 3.6184 ns/op
OverheadWarmup   5: 18848 op, 67834.00 ns, 3.5990 ns/op
OverheadWarmup   6: 18848 op, 67823.00 ns, 3.5984 ns/op
OverheadWarmup   7: 18848 op, 80366.00 ns, 4.2639 ns/op
OverheadWarmup   8: 18848 op, 69247.00 ns, 3.6740 ns/op

OverheadActual   1: 18848 op, 69366.00 ns, 3.6803 ns/op
OverheadActual   2: 18848 op, 67948.00 ns, 3.6051 ns/op
OverheadActual   3: 18848 op, 69570.00 ns, 3.6911 ns/op
OverheadActual   4: 18848 op, 69037.00 ns, 3.6628 ns/op
OverheadActual   5: 18848 op, 69208.00 ns, 3.6719 ns/op
OverheadActual   6: 18848 op, 69506.00 ns, 3.6877 ns/op
OverheadActual   7: 18848 op, 69191.00 ns, 3.6710 ns/op
OverheadActual   8: 18848 op, 69248.00 ns, 3.6740 ns/op
OverheadActual   9: 18848 op, 67881.00 ns, 3.6015 ns/op
OverheadActual  10: 18848 op, 68269.00 ns, 3.6221 ns/op
OverheadActual  11: 18848 op, 70212.00 ns, 3.7252 ns/op
OverheadActual  12: 18848 op, 69243.00 ns, 3.6738 ns/op
OverheadActual  13: 18848 op, 69608.00 ns, 3.6931 ns/op
OverheadActual  14: 18848 op, 67812.00 ns, 3.5978 ns/op
OverheadActual  15: 18848 op, 72174.00 ns, 3.8293 ns/op

WorkloadWarmup   1: 18848 op, 1003738469.00 ns, 53.2544 us/op
WorkloadWarmup   2: 18848 op, 998882152.00 ns, 52.9967 us/op
WorkloadWarmup   3: 18848 op, 1001143591.00 ns, 53.1167 us/op
WorkloadWarmup   4: 18848 op, 999855926.00 ns, 53.0484 us/op
WorkloadWarmup   5: 18848 op, 1000683592.00 ns, 53.0923 us/op
WorkloadWarmup   6: 18848 op, 1000932988.00 ns, 53.1055 us/op

// BeforeActualRun
WorkloadActual   1: 18848 op, 1006822165.00 ns, 53.4180 us/op
WorkloadActual   2: 18848 op, 1000607101.00 ns, 53.0882 us/op
WorkloadActual   3: 18848 op, 999932837.00 ns, 53.0525 us/op
WorkloadActual   4: 18848 op, 999607576.00 ns, 53.0352 us/op
WorkloadActual   5: 18848 op, 999191586.00 ns, 53.0131 us/op
WorkloadActual   6: 18848 op, 999958334.00 ns, 53.0538 us/op
WorkloadActual   7: 18848 op, 1000069043.00 ns, 53.0597 us/op
WorkloadActual   8: 18848 op, 1000213665.00 ns, 53.0674 us/op
WorkloadActual   9: 18848 op, 1000145700.00 ns, 53.0638 us/op
WorkloadActual  10: 18848 op, 1000127816.00 ns, 53.0628 us/op
WorkloadActual  11: 18848 op, 999826292.00 ns, 53.0468 us/op
WorkloadActual  12: 18848 op, 1001292914.00 ns, 53.1246 us/op
WorkloadActual  13: 18848 op, 999787169.00 ns, 53.0447 us/op
WorkloadActual  14: 18848 op, 1000643263.00 ns, 53.0902 us/op
WorkloadActual  15: 18848 op, 999867182.00 ns, 53.0490 us/op

// AfterActualRun
WorkloadResult   1: 18848 op, 1006752922.00 ns, 53.4143 us/op
WorkloadResult   2: 18848 op, 1000537858.00 ns, 53.0846 us/op
WorkloadResult   3: 18848 op, 999863594.00 ns, 53.0488 us/op
WorkloadResult   4: 18848 op, 999538333.00 ns, 53.0315 us/op
WorkloadResult   5: 18848 op, 999122343.00 ns, 53.0095 us/op
WorkloadResult   6: 18848 op, 999889091.00 ns, 53.0501 us/op
WorkloadResult   7: 18848 op, 999999800.00 ns, 53.0560 us/op
WorkloadResult   8: 18848 op, 1000144422.00 ns, 53.0637 us/op
WorkloadResult   9: 18848 op, 1000076457.00 ns, 53.0601 us/op
WorkloadResult  10: 18848 op, 1000058573.00 ns, 53.0591 us/op
WorkloadResult  11: 18848 op, 999757049.00 ns, 53.0431 us/op
WorkloadResult  12: 18848 op, 1001223671.00 ns, 53.1210 us/op
WorkloadResult  13: 18848 op, 999717926.00 ns, 53.0411 us/op
WorkloadResult  14: 18848 op, 1000574020.00 ns, 53.0865 us/op
WorkloadResult  15: 18848 op, 999797939.00 ns, 53.0453 us/op

// AfterAll
// Benchmark Process 4069555 has exited with code 0.

Mean = 53.081 μs, StdErr = 0.025 μs (0.05%), N = 15, StdDev = 0.096 μs
Min = 53.009 μs, Q1 = 53.044 μs, Median = 53.056 μs, Q3 = 53.074 μs, Max = 53.414 μs
IQR = 0.030 μs, LowerFence = 52.999 μs, UpperFence = 53.119 μs
ConfidenceInterval = [52.979 μs; 53.183 μs] (CI 99.9%), Margin = 0.102 μs (0.19% of Mean)
Skewness = 2.76, Kurtosis = 9.81, MValue = 2

// ** Remained 24 (80.0%) benchmark(s) to run. Estimated finish 2025-12-31 22:33 (0h 10m from now) **
// **************************
// Benchmark: JsonSerializationBenchmarks.Newtonsoft_Deserialize_Medium: Overhead-Fixed-NoEnergy-10(OutlierMode=DontRemove, IterationCount=15, IterationTime=1s, LaunchCount=1, WarmupCount=6)
// *** Execute ***
// Launch: 1 / 1
// Execute: dotnet Serialization.Bench-Overhead-Fixed-NoEnergy-10-1.dll --anonymousPipes 103 104 --benchmarkName Serialization.Bench.JsonSerializationBenchmarks.Newtonsoft_Deserialize_Medium --job Overhead-Fixed-NoEnergy-10 --benchmarkId 6 in /home/test/rapl-tests/lib-energy-bench/src/Serialization.Bench/bin/Release/net8.0/Serialization.Bench-Overhead-Fixed-NoEnergy-10-1/bin/Release/net8.0
// BeforeAnythingElse

// Benchmark Process Environment Information:
// BenchmarkDotNet v0.15.5-develop (2025-12-31)
// Runtime=.NET 8.0.21 (8.0.21, 8.0.2125.47513), X64 RyuJIT x86-64-v4
// GC=Concurrent Workstation
// HardwareIntrinsics=AVX512 IFMA+VBMI,AVX512 F+BW+CD+DQ+VL,AVX2+BMI1+BMI2+F16C+FMA+LZCNT+MOVBE,AVX,SSE3+SSSE3+SSE4.1+SSE4.2+POPCNT,X86Base+SSE+SSE2,AES+PCLMUL VectorSize=256
// Job: Overhead-Fixed-NoEnergy-10(OutlierMode=DontRemove, IterationCount=15, IterationTime=1s, LaunchCount=1, WarmupCount=6)

OverheadJitting  1: 1 op, 140197.00 ns, 140.1970 us/op
WorkloadJitting  1: 1 op, 53553053.00 ns, 53.5531 ms/op

OverheadJitting  2: 16 op, 381428.00 ns, 23.8393 us/op
WorkloadJitting  2: 16 op, 5639481.00 ns, 352.4676 us/op

WorkloadPilot    1: 16 op, 5011690.00 ns, 313.2306 us/op
WorkloadPilot    2: 3200 op, 475539268.00 ns, 148.6060 us/op
WorkloadPilot    3: 6736 op, 453637808.00 ns, 67.3453 us/op
WorkloadPilot    4: 14864 op, 1000026498.00 ns, 67.2784 us/op

OverheadWarmup   1: 14864 op, 54499.00 ns, 3.6665 ns/op
OverheadWarmup   2: 14864 op, 53602.00 ns, 3.6062 ns/op
OverheadWarmup   3: 14864 op, 53530.00 ns, 3.6013 ns/op
OverheadWarmup   4: 14864 op, 53544.00 ns, 3.6023 ns/op
OverheadWarmup   5: 14864 op, 54113.00 ns, 3.6405 ns/op
OverheadWarmup   6: 14864 op, 53652.00 ns, 3.6095 ns/op
OverheadWarmup   7: 14864 op, 59128.00 ns, 3.9779 ns/op
OverheadWarmup   8: 14864 op, 55275.00 ns, 3.7187 ns/op

OverheadActual   1: 14864 op, 54018.00 ns, 3.6341 ns/op
OverheadActual   2: 14864 op, 54799.00 ns, 3.6867 ns/op
OverheadActual   3: 14864 op, 53677.00 ns, 3.6112 ns/op
OverheadActual   4: 14864 op, 57735.00 ns, 3.8842 ns/op
OverheadActual   5: 14864 op, 57304.00 ns, 3.8552 ns/op
OverheadActual   6: 14864 op, 55113.00 ns, 3.7078 ns/op
OverheadActual   7: 14864 op, 57755.00 ns, 3.8856 ns/op
OverheadActual   8: 14864 op, 53575.00 ns, 3.6043 ns/op
OverheadActual   9: 14864 op, 53577.00 ns, 3.6045 ns/op
OverheadActual  10: 14864 op, 53973.00 ns, 3.6311 ns/op
OverheadActual  11: 14864 op, 54719.00 ns, 3.6813 ns/op
OverheadActual  12: 14864 op, 54733.00 ns, 3.6823 ns/op
OverheadActual  13: 14864 op, 54721.00 ns, 3.6814 ns/op
OverheadActual  14: 14864 op, 54693.00 ns, 3.6796 ns/op
OverheadActual  15: 14864 op, 55066.00 ns, 3.7047 ns/op

WorkloadWarmup   1: 14864 op, 1001451624.00 ns, 67.3743 us/op
WorkloadWarmup   2: 14864 op, 1000114717.00 ns, 67.2844 us/op
WorkloadWarmup   3: 14864 op, 996451389.00 ns, 67.0379 us/op
WorkloadWarmup   4: 14864 op, 994809728.00 ns, 66.9275 us/op
WorkloadWarmup   5: 14864 op, 996218423.00 ns, 67.0222 us/op
WorkloadWarmup   6: 14864 op, 994921069.00 ns, 66.9349 us/op

// BeforeActualRun
WorkloadActual   1: 14864 op, 997338609.00 ns, 67.0976 us/op
WorkloadActual   2: 14864 op, 999357409.00 ns, 67.2334 us/op
WorkloadActual   3: 14864 op, 1000463988.00 ns, 67.3079 us/op
WorkloadActual   4: 14864 op, 998502330.00 ns, 67.1759 us/op
WorkloadActual   5: 14864 op, 999822776.00 ns, 67.2647 us/op
WorkloadActual   6: 14864 op, 999054729.00 ns, 67.2130 us/op
WorkloadActual   7: 14864 op, 1000130237.00 ns, 67.2854 us/op
WorkloadActual   8: 14864 op, 1001262006.00 ns, 67.3615 us/op
WorkloadActual   9: 14864 op, 1000615302.00 ns, 67.3180 us/op
WorkloadActual  10: 14864 op, 996370945.00 ns, 67.0325 us/op
WorkloadActual  11: 14864 op, 997984797.00 ns, 67.1411 us/op
WorkloadActual  12: 14864 op, 998233778.00 ns, 67.1578 us/op
WorkloadActual  13: 14864 op, 999219536.00 ns, 67.2241 us/op
WorkloadActual  14: 14864 op, 998600549.00 ns, 67.1825 us/op
WorkloadActual  15: 14864 op, 999000835.00 ns, 67.2094 us/op

// AfterActualRun
WorkloadResult   1: 14864 op, 997283888.00 ns, 67.0939 us/op
WorkloadResult   2: 14864 op, 999302688.00 ns, 67.2297 us/op
WorkloadResult   3: 14864 op, 1000409267.00 ns, 67.3042 us/op
WorkloadResult   4: 14864 op, 998447609.00 ns, 67.1722 us/op
WorkloadResult   5: 14864 op, 999768055.00 ns, 67.2610 us/op
WorkloadResult   6: 14864 op, 999000008.00 ns, 67.2094 us/op
WorkloadResult   7: 14864 op, 1000075516.00 ns, 67.2817 us/op
WorkloadResult   8: 14864 op, 1001207285.00 ns, 67.3579 us/op
WorkloadResult   9: 14864 op, 1000560581.00 ns, 67.3144 us/op
WorkloadResult  10: 14864 op, 996316224.00 ns, 67.0288 us/op
WorkloadResult  11: 14864 op, 997930076.00 ns, 67.1374 us/op
WorkloadResult  12: 14864 op, 998179057.00 ns, 67.1541 us/op
WorkloadResult  13: 14864 op, 999164815.00 ns, 67.2205 us/op
WorkloadResult  14: 14864 op, 998545828.00 ns, 67.1788 us/op
WorkloadResult  15: 14864 op, 998946114.00 ns, 67.2057 us/op

// AfterAll
// Benchmark Process 4069572 has exited with code 0.

Mean = 67.210 μs, StdErr = 0.023 μs (0.03%), N = 15, StdDev = 0.087 μs
Min = 67.029 μs, Q1 = 67.163 μs, Median = 67.209 μs, Q3 = 67.271 μs, Max = 67.358 μs
IQR = 0.108 μs, LowerFence = 67.001 μs, UpperFence = 67.434 μs
ConfidenceInterval = [67.117 μs; 67.303 μs] (CI 99.9%), Margin = 0.093 μs (0.14% of Mean)
Skewness = -0.24, Kurtosis = 2.29, MValue = 2

// ** Remained 23 (76.7%) benchmark(s) to run. Estimated finish 2025-12-31 22:33 (0h 9m from now) **
// **************************
// Benchmark: JsonSerializationBenchmarks.Jil_Deserialize_Medium: Overhead-Fixed-NoEnergy-10(OutlierMode=DontRemove, IterationCount=15, IterationTime=1s, LaunchCount=1, WarmupCount=6)
// *** Execute ***
// Launch: 1 / 1
// Execute: dotnet Serialization.Bench-Overhead-Fixed-NoEnergy-10-1.dll --anonymousPipes 103 104 --benchmarkName Serialization.Bench.JsonSerializationBenchmarks.Jil_Deserialize_Medium --job Overhead-Fixed-NoEnergy-10 --benchmarkId 7 in /home/test/rapl-tests/lib-energy-bench/src/Serialization.Bench/bin/Release/net8.0/Serialization.Bench-Overhead-Fixed-NoEnergy-10-1/bin/Release/net8.0
// BeforeAnythingElse

// Benchmark Process Environment Information:
// BenchmarkDotNet v0.15.5-develop (2025-12-31)
// Runtime=.NET 8.0.21 (8.0.21, 8.0.2125.47513), X64 RyuJIT x86-64-v4
// GC=Concurrent Workstation
// HardwareIntrinsics=AVX512 IFMA+VBMI,AVX512 F+BW+CD+DQ+VL,AVX2+BMI1+BMI2+F16C+FMA+LZCNT+MOVBE,AVX,SSE3+SSSE3+SSE4.1+SSE4.2+POPCNT,X86Base+SSE+SSE2,AES+PCLMUL VectorSize=256
// Job: Overhead-Fixed-NoEnergy-10(OutlierMode=DontRemove, IterationCount=15, IterationTime=1s, LaunchCount=1, WarmupCount=6)

OverheadJitting  1: 1 op, 139899.00 ns, 139.8990 us/op
WorkloadJitting  1: 1 op, 200030578.00 ns, 200.0306 ms/op

WorkloadPilot    1: 4 op, 809270.00 ns, 202.3175 us/op
WorkloadPilot    2: 4943 op, 383960578.00 ns, 77.6776 us/op
WorkloadPilot    3: 12874 op, 712979029.00 ns, 55.3813 us/op
WorkloadPilot    4: 18057 op, 997716072.00 ns, 55.2537 us/op
WorkloadPilot    5: 18098 op, 1000809136.00 ns, 55.2994 us/op
WorkloadPilot    6: 18083 op, 999727318.00 ns, 55.2855 us/op
WorkloadPilot    7: 18088 op, 1003391094.00 ns, 55.4727 us/op
WorkloadPilot    8: 18027 op, 997431218.00 ns, 55.3299 us/op
WorkloadPilot    9: 18073 op, 1000820666.00 ns, 55.3766 us/op

WorkloadWarmup   1: 18073 op, 998733608.00 ns, 55.2611 us/op
WorkloadWarmup   2: 18073 op, 1000659012.00 ns, 55.3676 us/op
WorkloadWarmup   3: 18073 op, 1000747781.00 ns, 55.3725 us/op
WorkloadWarmup   4: 18073 op, 999957926.00 ns, 55.3288 us/op
WorkloadWarmup   5: 18073 op, 1000619318.00 ns, 55.3654 us/op
WorkloadWarmup   6: 18073 op, 1000395412.00 ns, 55.3530 us/op

// BeforeActualRun
WorkloadActual   1: 18073 op, 998834046.00 ns, 55.2666 us/op
WorkloadActual   2: 18073 op, 999997890.00 ns, 55.3310 us/op
WorkloadActual   3: 18073 op, 1001005308.00 ns, 55.3868 us/op
WorkloadActual   4: 18073 op, 999741697.00 ns, 55.3169 us/op
WorkloadActual   5: 18073 op, 999704336.00 ns, 55.3148 us/op
WorkloadActual   6: 18073 op, 999706468.00 ns, 55.3149 us/op
WorkloadActual   7: 18073 op, 1000595658.00 ns, 55.3641 us/op
WorkloadActual   8: 18073 op, 1000544479.00 ns, 55.3613 us/op
WorkloadActual   9: 18073 op, 1002251534.00 ns, 55.4557 us/op
WorkloadActual  10: 18073 op, 1002441098.00 ns, 55.4662 us/op
WorkloadActual  11: 18073 op, 999349950.00 ns, 55.2952 us/op
WorkloadActual  12: 18073 op, 999870403.00 ns, 55.3240 us/op
WorkloadActual  13: 18073 op, 1000143987.00 ns, 55.3391 us/op
WorkloadActual  14: 18073 op, 1000335125.00 ns, 55.3497 us/op
WorkloadActual  15: 18073 op, 1000365538.00 ns, 55.3514 us/op

// AfterActualRun
WorkloadResult   1: 18073 op, 998834046.00 ns, 55.2666 us/op
WorkloadResult   2: 18073 op, 999997890.00 ns, 55.3310 us/op
WorkloadResult   3: 18073 op, 1001005308.00 ns, 55.3868 us/op
WorkloadResult   4: 18073 op, 999741697.00 ns, 55.3169 us/op
WorkloadResult   5: 18073 op, 999704336.00 ns, 55.3148 us/op
WorkloadResult   6: 18073 op, 999706468.00 ns, 55.3149 us/op
WorkloadResult   7: 18073 op, 1000595658.00 ns, 55.3641 us/op
WorkloadResult   8: 18073 op, 1000544479.00 ns, 55.3613 us/op
WorkloadResult   9: 18073 op, 1002251534.00 ns, 55.4557 us/op
WorkloadResult  10: 18073 op, 1002441098.00 ns, 55.4662 us/op
WorkloadResult  11: 18073 op, 999349950.00 ns, 55.2952 us/op
WorkloadResult  12: 18073 op, 999870403.00 ns, 55.3240 us/op
WorkloadResult  13: 18073 op, 1000143987.00 ns, 55.3391 us/op
WorkloadResult  14: 18073 op, 1000335125.00 ns, 55.3497 us/op
WorkloadResult  15: 18073 op, 1000365538.00 ns, 55.3514 us/op

// AfterAll
// Benchmark Process 4069588 has exited with code 0.

Mean = 55.349 μs, StdErr = 0.014 μs (0.03%), N = 15, StdDev = 0.054 μs
Min = 55.267 μs, Q1 = 55.316 μs, Median = 55.339 μs, Q3 = 55.363 μs, Max = 55.466 μs
IQR = 0.047 μs, LowerFence = 55.246 μs, UpperFence = 55.433 μs
ConfidenceInterval = [55.291 μs; 55.407 μs] (CI 99.9%), Margin = 0.058 μs (0.10% of Mean)
Skewness = 0.85, Kurtosis = 2.93, MValue = 2

// ** Remained 22 (73.3%) benchmark(s) to run. Estimated finish 2025-12-31 22:33 (0h 9m from now) **
// **************************
// Benchmark: JsonSerializationBenchmarks.Utf8Json_Deserialize_Medium: Overhead-Fixed-NoEnergy-10(OutlierMode=DontRemove, IterationCount=15, IterationTime=1s, LaunchCount=1, WarmupCount=6)
// *** Execute ***
// Launch: 1 / 1
// Execute: dotnet Serialization.Bench-Overhead-Fixed-NoEnergy-10-1.dll --anonymousPipes 103 104 --benchmarkName Serialization.Bench.JsonSerializationBenchmarks.Utf8Json_Deserialize_Medium --job Overhead-Fixed-NoEnergy-10 --benchmarkId 8 in /home/test/rapl-tests/lib-energy-bench/src/Serialization.Bench/bin/Release/net8.0/Serialization.Bench-Overhead-Fixed-NoEnergy-10-1/bin/Release/net8.0
// BeforeAnythingElse

// Benchmark Process Environment Information:
// BenchmarkDotNet v0.15.5-develop (2025-12-31)
// Runtime=.NET 8.0.21 (8.0.21, 8.0.2125.47513), X64 RyuJIT x86-64-v4
// GC=Concurrent Workstation
// HardwareIntrinsics=AVX512 IFMA+VBMI,AVX512 F+BW+CD+DQ+VL,AVX2+BMI1+BMI2+F16C+FMA+LZCNT+MOVBE,AVX,SSE3+SSSE3+SSE4.1+SSE4.2+POPCNT,X86Base+SSE+SSE2,AES+PCLMUL VectorSize=256
// Job: Overhead-Fixed-NoEnergy-10(OutlierMode=DontRemove, IterationCount=15, IterationTime=1s, LaunchCount=1, WarmupCount=6)

OverheadJitting  1: 1 op, 139644.00 ns, 139.6440 us/op
WorkloadJitting  1: 1 op, 58243576.00 ns, 58.2436 ms/op

OverheadJitting  2: 16 op, 392213.00 ns, 24.5133 us/op
WorkloadJitting  2: 16 op, 4674033.00 ns, 292.1271 us/op

WorkloadPilot    1: 16 op, 3849112.00 ns, 240.5695 us/op
WorkloadPilot    2: 4160 op, 720272630.00 ns, 173.1425 us/op
WorkloadPilot    3: 5776 op, 362673835.00 ns, 62.7898 us/op
WorkloadPilot    4: 15936 op, 994584995.00 ns, 62.4112 us/op
WorkloadPilot    5: 16032 op, 1000274725.00 ns, 62.3924 us/op

OverheadWarmup   1: 16032 op, 58785.00 ns, 3.6667 ns/op
OverheadWarmup   2: 16032 op, 70417.00 ns, 4.3923 ns/op
OverheadWarmup   3: 16032 op, 62448.00 ns, 3.8952 ns/op
OverheadWarmup   4: 16032 op, 57775.00 ns, 3.6037 ns/op
OverheadWarmup   5: 16032 op, 58297.00 ns, 3.6363 ns/op
OverheadWarmup   6: 16032 op, 57795.00 ns, 3.6050 ns/op

OverheadActual   1: 16032 op, 57923.00 ns, 3.6130 ns/op
OverheadActual   2: 16032 op, 57876.00 ns, 3.6100 ns/op
OverheadActual   3: 16032 op, 65550.00 ns, 4.0887 ns/op
OverheadActual   4: 16032 op, 58288.00 ns, 3.6357 ns/op
OverheadActual   5: 16032 op, 63792.00 ns, 3.9790 ns/op
OverheadActual   6: 16032 op, 58950.00 ns, 3.6770 ns/op
OverheadActual   7: 16032 op, 59416.00 ns, 3.7061 ns/op
OverheadActual   8: 16032 op, 58984.00 ns, 3.6791 ns/op
OverheadActual   9: 16032 op, 59017.00 ns, 3.6812 ns/op
OverheadActual  10: 16032 op, 58975.00 ns, 3.6786 ns/op
OverheadActual  11: 16032 op, 58255.00 ns, 3.6337 ns/op
OverheadActual  12: 16032 op, 57762.00 ns, 3.6029 ns/op
OverheadActual  13: 16032 op, 57754.00 ns, 3.6024 ns/op
OverheadActual  14: 16032 op, 57803.00 ns, 3.6055 ns/op
OverheadActual  15: 16032 op, 58231.00 ns, 3.6322 ns/op

WorkloadWarmup   1: 16032 op, 1003578163.00 ns, 62.5984 us/op
WorkloadWarmup   2: 16032 op, 1001404887.00 ns, 62.4629 us/op
WorkloadWarmup   3: 16032 op, 1000163144.00 ns, 62.3854 us/op
WorkloadWarmup   4: 16032 op, 1001247242.00 ns, 62.4530 us/op
WorkloadWarmup   5: 16032 op, 1000852412.00 ns, 62.4284 us/op
WorkloadWarmup   6: 16032 op, 1001416310.00 ns, 62.4636 us/op

// BeforeActualRun
WorkloadActual   1: 16032 op, 1003832693.00 ns, 62.6143 us/op
WorkloadActual   2: 16032 op, 1000783085.00 ns, 62.4241 us/op
WorkloadActual   3: 16032 op, 1001091414.00 ns, 62.4433 us/op
WorkloadActual   4: 16032 op, 1000814638.00 ns, 62.4261 us/op
WorkloadActual   5: 16032 op, 1000873142.00 ns, 62.4297 us/op
WorkloadActual   6: 16032 op, 1000168765.00 ns, 62.3858 us/op
WorkloadActual   7: 16032 op, 999460058.00 ns, 62.3416 us/op
WorkloadActual   8: 16032 op, 1001961693.00 ns, 62.4976 us/op
WorkloadActual   9: 16032 op, 1000750580.00 ns, 62.4221 us/op
WorkloadActual  10: 16032 op, 1003461594.00 ns, 62.5912 us/op
WorkloadActual  11: 16032 op, 1002136638.00 ns, 62.5085 us/op
WorkloadActual  12: 16032 op, 1001050150.00 ns, 62.4408 us/op
WorkloadActual  13: 16032 op, 1000835161.00 ns, 62.4273 us/op
WorkloadActual  14: 16032 op, 1003135940.00 ns, 62.5709 us/op
WorkloadActual  15: 16032 op, 1006024607.00 ns, 62.7510 us/op

// AfterActualRun
WorkloadResult   1: 16032 op, 1003774405.00 ns, 62.6107 us/op
WorkloadResult   2: 16032 op, 1000724797.00 ns, 62.4205 us/op
WorkloadResult   3: 16032 op, 1001033126.00 ns, 62.4397 us/op
WorkloadResult   4: 16032 op, 1000756350.00 ns, 62.4224 us/op
WorkloadResult   5: 16032 op, 1000814854.00 ns, 62.4261 us/op
WorkloadResult   6: 16032 op, 1000110477.00 ns, 62.3821 us/op
WorkloadResult   7: 16032 op, 999401770.00 ns, 62.3379 us/op
WorkloadResult   8: 16032 op, 1001903405.00 ns, 62.4940 us/op
WorkloadResult   9: 16032 op, 1000692292.00 ns, 62.4184 us/op
WorkloadResult  10: 16032 op, 1003403306.00 ns, 62.5875 us/op
WorkloadResult  11: 16032 op, 1002078350.00 ns, 62.5049 us/op
WorkloadResult  12: 16032 op, 1000991862.00 ns, 62.4371 us/op
WorkloadResult  13: 16032 op, 1000776873.00 ns, 62.4237 us/op
WorkloadResult  14: 16032 op, 1003077652.00 ns, 62.5672 us/op
WorkloadResult  15: 16032 op, 1005966319.00 ns, 62.7474 us/op

// AfterAll
// Benchmark Process 4069605 has exited with code 0.

Mean = 62.481 μs, StdErr = 0.027 μs (0.04%), N = 15, StdDev = 0.106 μs
Min = 62.338 μs, Q1 = 62.421 μs, Median = 62.437 μs, Q3 = 62.536 μs, Max = 62.747 μs
IQR = 0.115 μs, LowerFence = 62.250 μs, UpperFence = 62.708 μs
ConfidenceInterval = [62.368 μs; 62.595 μs] (CI 99.9%), Margin = 0.114 μs (0.18% of Mean)
Skewness = 0.98, Kurtosis = 3.15, MValue = 2

// ** Remained 21 (70.0%) benchmark(s) to run. Estimated finish 2025-12-31 22:33 (0h 8m from now) **
// **************************
// Benchmark: JsonSerializationBenchmarks.SpanJson_Deserialize_Medium: Overhead-Fixed-NoEnergy-10(OutlierMode=DontRemove, IterationCount=15, IterationTime=1s, LaunchCount=1, WarmupCount=6)
// *** Execute ***
// Launch: 1 / 1
// Execute: dotnet Serialization.Bench-Overhead-Fixed-NoEnergy-10-1.dll --anonymousPipes 103 104 --benchmarkName Serialization.Bench.JsonSerializationBenchmarks.SpanJson_Deserialize_Medium --job Overhead-Fixed-NoEnergy-10 --benchmarkId 9 in /home/test/rapl-tests/lib-energy-bench/src/Serialization.Bench/bin/Release/net8.0/Serialization.Bench-Overhead-Fixed-NoEnergy-10-1/bin/Release/net8.0
// BeforeAnythingElse

// Benchmark Process Environment Information:
// BenchmarkDotNet v0.15.5-develop (2025-12-31)
// Runtime=.NET 8.0.21 (8.0.21, 8.0.2125.47513), X64 RyuJIT x86-64-v4
// GC=Concurrent Workstation
// HardwareIntrinsics=AVX512 IFMA+VBMI,AVX512 F+BW+CD+DQ+VL,AVX2+BMI1+BMI2+F16C+FMA+LZCNT+MOVBE,AVX,SSE3+SSSE3+SSE4.1+SSE4.2+POPCNT,X86Base+SSE+SSE2,AES+PCLMUL VectorSize=256
// Job: Overhead-Fixed-NoEnergy-10(OutlierMode=DontRemove, IterationCount=15, IterationTime=1s, LaunchCount=1, WarmupCount=6)

OverheadJitting  1: 1 op, 140991.00 ns, 140.9910 us/op
WorkloadJitting  1: 1 op, 101585693.00 ns, 101.5857 ms/op

WorkloadPilot    1: 4 op, 831960.00 ns, 207.9900 us/op
WorkloadPilot    2: 4808 op, 308075522.00 ns, 64.0756 us/op
WorkloadPilot    3: 15607 op, 601869389.00 ns, 38.5641 us/op
WorkloadPilot    4: 25931 op, 994201391.00 ns, 38.3403 us/op
WorkloadPilot    5: 26082 op, 1001196184.00 ns, 38.3865 us/op
WorkloadPilot    6: 26051 op, 1000682779.00 ns, 38.4125 us/op
WorkloadPilot    7: 26033 op, 998179602.00 ns, 38.3429 us/op
WorkloadPilot    8: 26080 op, 1001693720.00 ns, 38.4085 us/op

WorkloadWarmup   1: 26080 op, 1002541999.00 ns, 38.4410 us/op
WorkloadWarmup   2: 26080 op, 1000164512.00 ns, 38.3499 us/op
WorkloadWarmup   3: 26080 op, 1002090189.00 ns, 38.4237 us/op
WorkloadWarmup   4: 26080 op, 1001287539.00 ns, 38.3929 us/op
WorkloadWarmup   5: 26080 op, 1003605127.00 ns, 38.4818 us/op
WorkloadWarmup   6: 26080 op, 1002934122.00 ns, 38.4561 us/op

// BeforeActualRun
WorkloadActual   1: 26080 op, 999534252.00 ns, 38.3257 us/op
WorkloadActual   2: 26080 op, 1000981766.00 ns, 38.3812 us/op
WorkloadActual   3: 26080 op, 1001318451.00 ns, 38.3941 us/op
WorkloadActual   4: 26080 op, 1002759376.00 ns, 38.4494 us/op
WorkloadActual   5: 26080 op, 1006447101.00 ns, 38.5908 us/op
WorkloadActual   6: 26080 op, 1003119061.00 ns, 38.4632 us/op
WorkloadActual   7: 26080 op, 1004572822.00 ns, 38.5189 us/op
WorkloadActual   8: 26080 op, 1001635202.00 ns, 38.4063 us/op
WorkloadActual   9: 26080 op, 1000916989.00 ns, 38.3787 us/op
WorkloadActual  10: 26080 op, 1002819367.00 ns, 38.4517 us/op
WorkloadActual  11: 26080 op, 1000859726.00 ns, 38.3765 us/op
WorkloadActual  12: 26080 op, 1004103749.00 ns, 38.5009 us/op
WorkloadActual  13: 26080 op, 1001606812.00 ns, 38.4052 us/op
WorkloadActual  14: 26080 op, 1000906483.00 ns, 38.3783 us/op
WorkloadActual  15: 26080 op, 1001900648.00 ns, 38.4164 us/op

// AfterActualRun
WorkloadResult   1: 26080 op, 999534252.00 ns, 38.3257 us/op
WorkloadResult   2: 26080 op, 1000981766.00 ns, 38.3812 us/op
WorkloadResult   3: 26080 op, 1001318451.00 ns, 38.3941 us/op
WorkloadResult   4: 26080 op, 1002759376.00 ns, 38.4494 us/op
WorkloadResult   5: 26080 op, 1006447101.00 ns, 38.5908 us/op
WorkloadResult   6: 26080 op, 1003119061.00 ns, 38.4632 us/op
WorkloadResult   7: 26080 op, 1004572822.00 ns, 38.5189 us/op
WorkloadResult   8: 26080 op, 1001635202.00 ns, 38.4063 us/op
WorkloadResult   9: 26080 op, 1000916989.00 ns, 38.3787 us/op
WorkloadResult  10: 26080 op, 1002819367.00 ns, 38.4517 us/op
WorkloadResult  11: 26080 op, 1000859726.00 ns, 38.3765 us/op
WorkloadResult  12: 26080 op, 1004103749.00 ns, 38.5009 us/op
WorkloadResult  13: 26080 op, 1001606812.00 ns, 38.4052 us/op
WorkloadResult  14: 26080 op, 1000906483.00 ns, 38.3783 us/op
WorkloadResult  15: 26080 op, 1001900648.00 ns, 38.4164 us/op

// AfterAll
// Benchmark Process 4069621 has exited with code 0.

Mean = 38.429 μs, StdErr = 0.018 μs (0.05%), N = 15, StdDev = 0.068 μs
Min = 38.326 μs, Q1 = 38.380 μs, Median = 38.406 μs, Q3 = 38.457 μs, Max = 38.591 μs
IQR = 0.077 μs, LowerFence = 38.264 μs, UpperFence = 38.574 μs
ConfidenceInterval = [38.356 μs; 38.502 μs] (CI 99.9%), Margin = 0.073 μs (0.19% of Mean)
Skewness = 0.78, Kurtosis = 2.86, MValue = 2

// ** Remained 20 (66.7%) benchmark(s) to run. Estimated finish 2025-12-31 22:33 (0h 8m from now) **
// **************************
// Benchmark: JsonSerializationBenchmarks.STJ_Deserialize_Small: Overhead-Fixed-NoEnergy-10(OutlierMode=DontRemove, IterationCount=15, IterationTime=1s, LaunchCount=1, WarmupCount=6)
// *** Execute ***
// Launch: 1 / 1
// Execute: dotnet Serialization.Bench-Overhead-Fixed-NoEnergy-10-1.dll --anonymousPipes 103 104 --benchmarkName Serialization.Bench.JsonSerializationBenchmarks.STJ_Deserialize_Small --job Overhead-Fixed-NoEnergy-10 --benchmarkId 10 in /home/test/rapl-tests/lib-energy-bench/src/Serialization.Bench/bin/Release/net8.0/Serialization.Bench-Overhead-Fixed-NoEnergy-10-1/bin/Release/net8.0
// BeforeAnythingElse

// Benchmark Process Environment Information:
// BenchmarkDotNet v0.15.5-develop (2025-12-31)
// Runtime=.NET 8.0.21 (8.0.21, 8.0.2125.47513), X64 RyuJIT x86-64-v4
// GC=Concurrent Workstation
// HardwareIntrinsics=AVX512 IFMA+VBMI,AVX512 F+BW+CD+DQ+VL,AVX2+BMI1+BMI2+F16C+FMA+LZCNT+MOVBE,AVX,SSE3+SSSE3+SSE4.1+SSE4.2+POPCNT,X86Base+SSE+SSE2,AES+PCLMUL VectorSize=256
// Job: Overhead-Fixed-NoEnergy-10(OutlierMode=DontRemove, IterationCount=15, IterationTime=1s, LaunchCount=1, WarmupCount=6)

OverheadJitting  1: 1 op, 141712.00 ns, 141.7120 us/op
WorkloadJitting  1: 1 op, 185056.00 ns, 185.0560 us/op

OverheadJitting  2: 16 op, 369052.00 ns, 23.0658 us/op
WorkloadJitting  2: 16 op, 473410.00 ns, 29.5881 us/op

WorkloadPilot    1: 16 op, 95207.00 ns, 5.9504 us/op
WorkloadPilot    2: 168064 op, 584837496.00 ns, 3.4798 us/op
WorkloadPilot    3: 287376 op, 568681012.00 ns, 1.9789 us/op
WorkloadPilot    4: 505344 op, 1000350666.00 ns, 1.9795 us/op
WorkloadPilot    5: 505168 op, 993595529.00 ns, 1.9669 us/op
WorkloadPilot    6: 508432 op, 999676793.00 ns, 1.9662 us/op
WorkloadPilot    7: 508608 op, 999841112.00 ns, 1.9658 us/op
WorkloadPilot    8: 508704 op, 1006554753.00 ns, 1.9787 us/op
WorkloadPilot    9: 505392 op, 992392042.00 ns, 1.9636 us/op
WorkloadPilot   10: 509280 op, 1004629660.00 ns, 1.9726 us/op

OverheadWarmup   1: 509280 op, 1774119.00 ns, 3.4836 ns/op
OverheadWarmup   2: 509280 op, 1735294.00 ns, 3.4073 ns/op
OverheadWarmup   3: 509280 op, 1737148.00 ns, 3.4110 ns/op
OverheadWarmup   4: 509280 op, 1743820.00 ns, 3.4241 ns/op
OverheadWarmup   5: 509280 op, 1734202.00 ns, 3.4052 ns/op
OverheadWarmup   6: 509280 op, 1736285.00 ns, 3.4093 ns/op
OverheadWarmup   7: 509280 op, 1747106.00 ns, 3.4305 ns/op
OverheadWarmup   8: 509280 op, 1753200.00 ns, 3.4425 ns/op
OverheadWarmup   9: 509280 op, 1792327.00 ns, 3.5193 ns/op
OverheadWarmup  10: 509280 op, 1759551.00 ns, 3.4550 ns/op

OverheadActual   1: 509280 op, 1743481.00 ns, 3.4234 ns/op
OverheadActual   2: 509280 op, 1738379.00 ns, 3.4134 ns/op
OverheadActual   3: 509280 op, 1738116.00 ns, 3.4129 ns/op
OverheadActual   4: 509280 op, 1745045.00 ns, 3.4265 ns/op
OverheadActual   5: 509280 op, 1736163.00 ns, 3.4091 ns/op
OverheadActual   6: 509280 op, 1739704.00 ns, 3.4160 ns/op
OverheadActual   7: 509280 op, 1739174.00 ns, 3.4150 ns/op
OverheadActual   8: 509280 op, 1753494.00 ns, 3.4431 ns/op
OverheadActual   9: 509280 op, 1751259.00 ns, 3.4387 ns/op
OverheadActual  10: 509280 op, 1739556.00 ns, 3.4157 ns/op
OverheadActual  11: 509280 op, 1751357.00 ns, 3.4389 ns/op
OverheadActual  12: 509280 op, 1740924.00 ns, 3.4184 ns/op
OverheadActual  13: 509280 op, 1740311.00 ns, 3.4172 ns/op
OverheadActual  14: 509280 op, 1742458.00 ns, 3.4214 ns/op
OverheadActual  15: 509280 op, 1735065.00 ns, 3.4069 ns/op

WorkloadWarmup   1: 509280 op, 1009701697.00 ns, 1.9826 us/op
WorkloadWarmup   2: 509280 op, 1004455519.00 ns, 1.9723 us/op
WorkloadWarmup   3: 509280 op, 1004075282.00 ns, 1.9716 us/op
WorkloadWarmup   4: 509280 op, 1001306269.00 ns, 1.9661 us/op
WorkloadWarmup   5: 509280 op, 1002977750.00 ns, 1.9694 us/op
WorkloadWarmup   6: 509280 op, 1002772479.00 ns, 1.9690 us/op

// BeforeActualRun
WorkloadActual   1: 509280 op, 1002948904.00 ns, 1.9693 us/op
WorkloadActual   2: 509280 op, 1006111922.00 ns, 1.9756 us/op
WorkloadActual   3: 509280 op, 1004461628.00 ns, 1.9723 us/op
WorkloadActual   4: 509280 op, 1004950681.00 ns, 1.9733 us/op
WorkloadActual   5: 509280 op, 1006223627.00 ns, 1.9758 us/op
WorkloadActual   6: 509280 op, 1005418251.00 ns, 1.9742 us/op
WorkloadActual   7: 509280 op, 1005274830.00 ns, 1.9739 us/op
WorkloadActual   8: 509280 op, 1005152643.00 ns, 1.9737 us/op
WorkloadActual   9: 509280 op, 1004031055.00 ns, 1.9715 us/op
WorkloadActual  10: 509280 op, 1006493899.00 ns, 1.9763 us/op
WorkloadActual  11: 509280 op, 1005368391.00 ns, 1.9741 us/op
WorkloadActual  12: 509280 op, 1002862517.00 ns, 1.9692 us/op
WorkloadActual  13: 509280 op, 1005613208.00 ns, 1.9746 us/op
WorkloadActual  14: 509280 op, 1006222545.00 ns, 1.9758 us/op
WorkloadActual  15: 509280 op, 1004066741.00 ns, 1.9715 us/op

// AfterActualRun
WorkloadResult   1: 509280 op, 1001208593.00 ns, 1.9659 us/op
WorkloadResult   2: 509280 op, 1004371611.00 ns, 1.9721 us/op
WorkloadResult   3: 509280 op, 1002721317.00 ns, 1.9689 us/op
WorkloadResult   4: 509280 op, 1003210370.00 ns, 1.9699 us/op
WorkloadResult   5: 509280 op, 1004483316.00 ns, 1.9724 us/op
WorkloadResult   6: 509280 op, 1003677940.00 ns, 1.9708 us/op
WorkloadResult   7: 509280 op, 1003534519.00 ns, 1.9705 us/op
WorkloadResult   8: 509280 op, 1003412332.00 ns, 1.9703 us/op
WorkloadResult   9: 509280 op, 1002290744.00 ns, 1.9681 us/op
WorkloadResult  10: 509280 op, 1004753588.00 ns, 1.9729 us/op
WorkloadResult  11: 509280 op, 1003628080.00 ns, 1.9707 us/op
WorkloadResult  12: 509280 op, 1001122206.00 ns, 1.9658 us/op
WorkloadResult  13: 509280 op, 1003872897.00 ns, 1.9712 us/op
WorkloadResult  14: 509280 op, 1004482234.00 ns, 1.9724 us/op
WorkloadResult  15: 509280 op, 1002326430.00 ns, 1.9681 us/op

// AfterAll
// Benchmark Process 4069639 has exited with code 0.

Mean = 1.970 μs, StdErr = 0.001 μs (0.03%), N = 15, StdDev = 0.002 μs
Min = 1.966 μs, Q1 = 1.969 μs, Median = 1.970 μs, Q3 = 1.972 μs, Max = 1.973 μs
IQR = 0.003 μs, LowerFence = 1.964 μs, UpperFence = 1.976 μs
ConfidenceInterval = [1.968 μs; 1.972 μs] (CI 99.9%), Margin = 0.002 μs (0.12% of Mean)
Skewness = -0.55, Kurtosis = 2.07, MValue = 2

// ** Remained 19 (63.3%) benchmark(s) to run. Estimated finish 2025-12-31 22:33 (0h 8m from now) **
// **************************
// Benchmark: JsonSerializationBenchmarks.Newtonsoft_Deserialize_Small: Overhead-Fixed-NoEnergy-10(OutlierMode=DontRemove, IterationCount=15, IterationTime=1s, LaunchCount=1, WarmupCount=6)
// *** Execute ***
// Launch: 1 / 1
// Execute: dotnet Serialization.Bench-Overhead-Fixed-NoEnergy-10-1.dll --anonymousPipes 103 104 --benchmarkName Serialization.Bench.JsonSerializationBenchmarks.Newtonsoft_Deserialize_Small --job Overhead-Fixed-NoEnergy-10 --benchmarkId 11 in /home/test/rapl-tests/lib-energy-bench/src/Serialization.Bench/bin/Release/net8.0/Serialization.Bench-Overhead-Fixed-NoEnergy-10-1/bin/Release/net8.0
// BeforeAnythingElse

// Benchmark Process Environment Information:
// BenchmarkDotNet v0.15.5-develop (2025-12-31)
// Runtime=.NET 8.0.21 (8.0.21, 8.0.2125.47513), X64 RyuJIT x86-64-v4
// GC=Concurrent Workstation
// HardwareIntrinsics=AVX512 IFMA+VBMI,AVX512 F+BW+CD+DQ+VL,AVX2+BMI1+BMI2+F16C+FMA+LZCNT+MOVBE,AVX,SSE3+SSSE3+SSE4.1+SSE4.2+POPCNT,X86Base+SSE+SSE2,AES+PCLMUL VectorSize=256
// Job: Overhead-Fixed-NoEnergy-10(OutlierMode=DontRemove, IterationCount=15, IterationTime=1s, LaunchCount=1, WarmupCount=6)

OverheadJitting  1: 1 op, 139976.00 ns, 139.9760 us/op
WorkloadJitting  1: 1 op, 42082817.00 ns, 42.0828 ms/op

OverheadJitting  2: 16 op, 390036.00 ns, 24.3773 us/op
WorkloadJitting  2: 16 op, 829578.00 ns, 51.8486 us/op

WorkloadPilot    1: 16 op, 402744.00 ns, 25.1715 us/op
WorkloadPilot    2: 39728 op, 269695723.00 ns, 6.7886 us/op
WorkloadPilot    3: 147312 op, 511496723.00 ns, 3.4722 us/op
WorkloadPilot    4: 288016 op, 996156362.00 ns, 3.4587 us/op
WorkloadPilot    5: 289136 op, 998853115.00 ns, 3.4546 us/op
WorkloadPilot    6: 289472 op, 999753129.00 ns, 3.4537 us/op
WorkloadPilot    7: 289552 op, 1001635806.00 ns, 3.4593 us/op
WorkloadPilot    8: 289088 op, 997599955.00 ns, 3.4509 us/op
WorkloadPilot    9: 289792 op, 999983190.00 ns, 3.4507 us/op
WorkloadPilot   10: 289808 op, 1000008547.00 ns, 3.4506 us/op

OverheadWarmup   1: 289808 op, 991877.00 ns, 3.4225 ns/op
OverheadWarmup   2: 289808 op, 1006198.00 ns, 3.4719 ns/op
OverheadWarmup   3: 289808 op, 994632.00 ns, 3.4320 ns/op
OverheadWarmup   4: 289808 op, 988330.00 ns, 3.4103 ns/op
OverheadWarmup   5: 289808 op, 987813.00 ns, 3.4085 ns/op
OverheadWarmup   6: 289808 op, 989772.00 ns, 3.4153 ns/op
OverheadWarmup   7: 289808 op, 1007052.00 ns, 3.4749 ns/op
OverheadWarmup   8: 289808 op, 989209.00 ns, 3.4133 ns/op

OverheadActual   1: 289808 op, 990887.00 ns, 3.4191 ns/op
OverheadActual   2: 289808 op, 991681.00 ns, 3.4219 ns/op
OverheadActual   3: 289808 op, 998069.00 ns, 3.4439 ns/op
OverheadActual   4: 289808 op, 991402.00 ns, 3.4209 ns/op
OverheadActual   5: 289808 op, 988506.00 ns, 3.4109 ns/op
OverheadActual   6: 289808 op, 988207.00 ns, 3.4099 ns/op
OverheadActual   7: 289808 op, 1007713.00 ns, 3.4772 ns/op
OverheadActual   8: 289808 op, 1007632.00 ns, 3.4769 ns/op
OverheadActual   9: 289808 op, 990181.00 ns, 3.4167 ns/op
OverheadActual  10: 289808 op, 999711.00 ns, 3.4496 ns/op
OverheadActual  11: 289808 op, 1003122.00 ns, 3.4613 ns/op
OverheadActual  12: 289808 op, 1006253.00 ns, 3.4721 ns/op
OverheadActual  13: 289808 op, 989107.00 ns, 3.4130 ns/op
OverheadActual  14: 289808 op, 989562.00 ns, 3.4145 ns/op
OverheadActual  15: 289808 op, 1007930.00 ns, 3.4779 ns/op

WorkloadWarmup   1: 289808 op, 1004075064.00 ns, 3.4646 us/op
WorkloadWarmup   2: 289808 op, 1001641015.00 ns, 3.4562 us/op
WorkloadWarmup   3: 289808 op, 999462250.00 ns, 3.4487 us/op
WorkloadWarmup   4: 289808 op, 999290470.00 ns, 3.4481 us/op
WorkloadWarmup   5: 289808 op, 998671160.00 ns, 3.4460 us/op
WorkloadWarmup   6: 289808 op, 998838672.00 ns, 3.4466 us/op

// BeforeActualRun
WorkloadActual   1: 289808 op, 1000064058.00 ns, 3.4508 us/op
WorkloadActual   2: 289808 op, 1000218915.00 ns, 3.4513 us/op
WorkloadActual   3: 289808 op, 1000594339.00 ns, 3.4526 us/op
WorkloadActual   4: 289808 op, 1000440555.00 ns, 3.4521 us/op
WorkloadActual   5: 289808 op, 1000468503.00 ns, 3.4522 us/op
WorkloadActual   6: 289808 op, 1002353086.00 ns, 3.4587 us/op
WorkloadActual   7: 289808 op, 1000423687.00 ns, 3.4520 us/op
WorkloadActual   8: 289808 op, 1000867727.00 ns, 3.4536 us/op
WorkloadActual   9: 289808 op, 1000713463.00 ns, 3.4530 us/op
WorkloadActual  10: 289808 op, 1000412633.00 ns, 3.4520 us/op
WorkloadActual  11: 289808 op, 1000768609.00 ns, 3.4532 us/op
WorkloadActual  12: 289808 op, 1000619856.00 ns, 3.4527 us/op
WorkloadActual  13: 289808 op, 1001106475.00 ns, 3.4544 us/op
WorkloadActual  14: 289808 op, 1000839326.00 ns, 3.4535 us/op
WorkloadActual  15: 289808 op, 1000561030.00 ns, 3.4525 us/op

// AfterActualRun
WorkloadResult   1: 289808 op, 999072377.00 ns, 3.4474 us/op
WorkloadResult   2: 289808 op, 999227234.00 ns, 3.4479 us/op
WorkloadResult   3: 289808 op, 999602658.00 ns, 3.4492 us/op
WorkloadResult   4: 289808 op, 999448874.00 ns, 3.4487 us/op
WorkloadResult   5: 289808 op, 999476822.00 ns, 3.4488 us/op
WorkloadResult   6: 289808 op, 1001361405.00 ns, 3.4553 us/op
WorkloadResult   7: 289808 op, 999432006.00 ns, 3.4486 us/op
WorkloadResult   8: 289808 op, 999876046.00 ns, 3.4501 us/op
WorkloadResult   9: 289808 op, 999721782.00 ns, 3.4496 us/op
WorkloadResult  10: 289808 op, 999420952.00 ns, 3.4486 us/op
WorkloadResult  11: 289808 op, 999776928.00 ns, 3.4498 us/op
WorkloadResult  12: 289808 op, 999628175.00 ns, 3.4493 us/op
WorkloadResult  13: 289808 op, 1000114794.00 ns, 3.4510 us/op
WorkloadResult  14: 289808 op, 999847645.00 ns, 3.4500 us/op
WorkloadResult  15: 289808 op, 999569349.00 ns, 3.4491 us/op

// AfterAll
// Benchmark Process 4069657 has exited with code 0.

Mean = 3.450 μs, StdErr = 0.000 μs (0.01%), N = 15, StdDev = 0.002 μs
Min = 3.447 μs, Q1 = 3.449 μs, Median = 3.449 μs, Q3 = 3.450 μs, Max = 3.455 μs
IQR = 0.001 μs, LowerFence = 3.447 μs, UpperFence = 3.452 μs
ConfidenceInterval = [3.448 μs; 3.451 μs] (CI 99.9%), Margin = 0.002 μs (0.06% of Mean)
Skewness = 1.89, Kurtosis = 6.68, MValue = 2

// ** Remained 18 (60.0%) benchmark(s) to run. Estimated finish 2025-12-31 22:34 (0h 7m from now) **
// **************************
// Benchmark: JsonSerializationBenchmarks.Jil_Deserialize_Small: Overhead-Fixed-NoEnergy-10(OutlierMode=DontRemove, IterationCount=15, IterationTime=1s, LaunchCount=1, WarmupCount=6)
// *** Execute ***
// Launch: 1 / 1
// Execute: dotnet Serialization.Bench-Overhead-Fixed-NoEnergy-10-1.dll --anonymousPipes 103 104 --benchmarkName Serialization.Bench.JsonSerializationBenchmarks.Jil_Deserialize_Small --job Overhead-Fixed-NoEnergy-10 --benchmarkId 12 in /home/test/rapl-tests/lib-energy-bench/src/Serialization.Bench/bin/Release/net8.0/Serialization.Bench-Overhead-Fixed-NoEnergy-10-1/bin/Release/net8.0
// BeforeAnythingElse

// Benchmark Process Environment Information:
// BenchmarkDotNet v0.15.5-develop (2025-12-31)
// Runtime=.NET 8.0.21 (8.0.21, 8.0.2125.47513), X64 RyuJIT x86-64-v4
// GC=Concurrent Workstation
// HardwareIntrinsics=AVX512 IFMA+VBMI,AVX512 F+BW+CD+DQ+VL,AVX2+BMI1+BMI2+F16C+FMA+LZCNT+MOVBE,AVX,SSE3+SSSE3+SSE4.1+SSE4.2+POPCNT,X86Base+SSE+SSE2,AES+PCLMUL VectorSize=256
// Job: Overhead-Fixed-NoEnergy-10(OutlierMode=DontRemove, IterationCount=15, IterationTime=1s, LaunchCount=1, WarmupCount=6)

OverheadJitting  1: 1 op, 140108.00 ns, 140.1080 us/op
WorkloadJitting  1: 1 op, 114446271.00 ns, 114.4463 ms/op

WorkloadPilot    1: 4 op, 39541.00 ns, 9.8853 us/op
WorkloadPilot    2: 101161 op, 328567290.00 ns, 3.2480 us/op
WorkloadPilot    3: 307885 op, 697229884.00 ns, 2.2646 us/op
WorkloadPilot    4: 441583 op, 992835236.00 ns, 2.2484 us/op
WorkloadPilot    5: 444770 op, 1001794236.00 ns, 2.2524 us/op
WorkloadPilot    6: 443973 op, 999782022.00 ns, 2.2519 us/op
WorkloadPilot    7: 444070 op, 1000827632.00 ns, 2.2538 us/op
WorkloadPilot    8: 443703 op, 1002009601.00 ns, 2.2583 us/op

WorkloadWarmup   1: 443703 op, 998607339.00 ns, 2.2506 us/op
WorkloadWarmup   2: 443703 op, 998546048.00 ns, 2.2505 us/op
WorkloadWarmup   3: 443703 op, 1000734969.00 ns, 2.2554 us/op
WorkloadWarmup   4: 443703 op, 1000008659.00 ns, 2.2538 us/op
WorkloadWarmup   5: 443703 op, 1001709261.00 ns, 2.2576 us/op
WorkloadWarmup   6: 443703 op, 1000093356.00 ns, 2.2540 us/op

// BeforeActualRun
WorkloadActual   1: 443703 op, 999580582.00 ns, 2.2528 us/op
WorkloadActual   2: 443703 op, 1000213168.00 ns, 2.2542 us/op
WorkloadActual   3: 443703 op, 1001575593.00 ns, 2.2573 us/op
WorkloadActual   4: 443703 op, 1001628012.00 ns, 2.2574 us/op
WorkloadActual   5: 443703 op, 1000994555.00 ns, 2.2560 us/op
WorkloadActual   6: 443703 op, 999257612.00 ns, 2.2521 us/op
WorkloadActual   7: 443703 op, 1000692766.00 ns, 2.2553 us/op
WorkloadActual   8: 443703 op, 1001697802.00 ns, 2.2576 us/op
WorkloadActual   9: 443703 op, 999622127.00 ns, 2.2529 us/op
WorkloadActual  10: 443703 op, 1000387280.00 ns, 2.2546 us/op
WorkloadActual  11: 443703 op, 1000463944.00 ns, 2.2548 us/op
WorkloadActual  12: 443703 op, 999613350.00 ns, 2.2529 us/op
WorkloadActual  13: 443703 op, 998210222.00 ns, 2.2497 us/op
WorkloadActual  14: 443703 op, 999984476.00 ns, 2.2537 us/op
WorkloadActual  15: 443703 op, 999709444.00 ns, 2.2531 us/op

// AfterActualRun
WorkloadResult   1: 443703 op, 999580582.00 ns, 2.2528 us/op
WorkloadResult   2: 443703 op, 1000213168.00 ns, 2.2542 us/op
WorkloadResult   3: 443703 op, 1001575593.00 ns, 2.2573 us/op
WorkloadResult   4: 443703 op, 1001628012.00 ns, 2.2574 us/op
WorkloadResult   5: 443703 op, 1000994555.00 ns, 2.2560 us/op
WorkloadResult   6: 443703 op, 999257612.00 ns, 2.2521 us/op
WorkloadResult   7: 443703 op, 1000692766.00 ns, 2.2553 us/op
WorkloadResult   8: 443703 op, 1001697802.00 ns, 2.2576 us/op
WorkloadResult   9: 443703 op, 999622127.00 ns, 2.2529 us/op
WorkloadResult  10: 443703 op, 1000387280.00 ns, 2.2546 us/op
WorkloadResult  11: 443703 op, 1000463944.00 ns, 2.2548 us/op
WorkloadResult  12: 443703 op, 999613350.00 ns, 2.2529 us/op
WorkloadResult  13: 443703 op, 998210222.00 ns, 2.2497 us/op
WorkloadResult  14: 443703 op, 999984476.00 ns, 2.2537 us/op
WorkloadResult  15: 443703 op, 999709444.00 ns, 2.2531 us/op

// AfterAll
// Benchmark Process 4069674 has exited with code 0.

Mean = 2.254 μs, StdErr = 0.001 μs (0.03%), N = 15, StdDev = 0.002 μs
Min = 2.250 μs, Q1 = 2.253 μs, Median = 2.254 μs, Q3 = 2.256 μs, Max = 2.258 μs
IQR = 0.003 μs, LowerFence = 2.249 μs, UpperFence = 2.260 μs
ConfidenceInterval = [2.252 μs; 2.257 μs] (CI 99.9%), Margin = 0.002 μs (0.10% of Mean)
Skewness = -0.12, Kurtosis = 2.23, MValue = 2

// ** Remained 17 (56.7%) benchmark(s) to run. Estimated finish 2025-12-31 22:34 (0h 7m from now) **
// **************************
// Benchmark: JsonSerializationBenchmarks.Utf8Json_Deserialize_Small: Overhead-Fixed-NoEnergy-10(OutlierMode=DontRemove, IterationCount=15, IterationTime=1s, LaunchCount=1, WarmupCount=6)
// *** Execute ***
// Launch: 1 / 1
// Execute: dotnet Serialization.Bench-Overhead-Fixed-NoEnergy-10-1.dll --anonymousPipes 103 104 --benchmarkName Serialization.Bench.JsonSerializationBenchmarks.Utf8Json_Deserialize_Small --job Overhead-Fixed-NoEnergy-10 --benchmarkId 13 in /home/test/rapl-tests/lib-energy-bench/src/Serialization.Bench/bin/Release/net8.0/Serialization.Bench-Overhead-Fixed-NoEnergy-10-1/bin/Release/net8.0
// BeforeAnythingElse

// Benchmark Process Environment Information:
// BenchmarkDotNet v0.15.5-develop (2025-12-31)
// Runtime=.NET 8.0.21 (8.0.21, 8.0.2125.47513), X64 RyuJIT x86-64-v4
// GC=Concurrent Workstation
// HardwareIntrinsics=AVX512 IFMA+VBMI,AVX512 F+BW+CD+DQ+VL,AVX2+BMI1+BMI2+F16C+FMA+LZCNT+MOVBE,AVX,SSE3+SSSE3+SSE4.1+SSE4.2+POPCNT,X86Base+SSE+SSE2,AES+PCLMUL VectorSize=256
// Job: Overhead-Fixed-NoEnergy-10(OutlierMode=DontRemove, IterationCount=15, IterationTime=1s, LaunchCount=1, WarmupCount=6)

OverheadJitting  1: 1 op, 142074.00 ns, 142.0740 us/op
WorkloadJitting  1: 1 op, 48514891.00 ns, 48.5149 ms/op

OverheadJitting  2: 16 op, 394144.00 ns, 24.6340 us/op
WorkloadJitting  2: 16 op, 662966.00 ns, 41.4354 us/op

WorkloadPilot    1: 16 op, 269044.00 ns, 16.8153 us/op
WorkloadPilot    2: 59472 op, 567716157.00 ns, 9.5459 us/op
WorkloadPilot    3: 104768 op, 212672639.00 ns, 2.0299 us/op
WorkloadPilot    4: 492640 op, 990751051.00 ns, 2.0111 us/op
WorkloadPilot    5: 497248 op, 999427502.00 ns, 2.0099 us/op
WorkloadPilot    6: 497536 op, 998550176.00 ns, 2.0070 us/op
WorkloadPilot    7: 498272 op, 998305014.00 ns, 2.0035 us/op
WorkloadPilot    8: 499120 op, 1004338445.00 ns, 2.0122 us/op
WorkloadPilot    9: 496976 op, 997451523.00 ns, 2.0070 us/op
WorkloadPilot   10: 498256 op, 1002791516.00 ns, 2.0126 us/op
WorkloadPilot   11: 496880 op, 997218704.00 ns, 2.0070 us/op
WorkloadPilot   12: 498272 op, 999595305.00 ns, 2.0061 us/op
WorkloadPilot   13: 498480 op, 998891767.00 ns, 2.0039 us/op
WorkloadPilot   14: 499040 op, 1003823373.00 ns, 2.0115 us/op

OverheadWarmup   1: 499040 op, 1728394.00 ns, 3.4634 ns/op
OverheadWarmup   2: 499040 op, 1731689.00 ns, 3.4700 ns/op
OverheadWarmup   3: 499040 op, 1730740.00 ns, 3.4681 ns/op
OverheadWarmup   4: 499040 op, 1730064.00 ns, 3.4668 ns/op
OverheadWarmup   5: 499040 op, 1701180.00 ns, 3.4089 ns/op
OverheadWarmup   6: 499040 op, 1705835.00 ns, 3.4182 ns/op
OverheadWarmup   7: 499040 op, 1699505.00 ns, 3.4055 ns/op

OverheadActual   1: 499040 op, 1694748.00 ns, 3.3960 ns/op
OverheadActual   2: 499040 op, 1696901.00 ns, 3.4003 ns/op
OverheadActual   3: 499040 op, 1694190.00 ns, 3.3949 ns/op
OverheadActual   4: 499040 op, 1701312.00 ns, 3.4092 ns/op
OverheadActual   5: 499040 op, 1698383.00 ns, 3.4033 ns/op
OverheadActual   6: 499040 op, 1696157.00 ns, 3.3988 ns/op
OverheadActual   7: 499040 op, 1698830.00 ns, 3.4042 ns/op
OverheadActual   8: 499040 op, 1701630.00 ns, 3.4098 ns/op
OverheadActual   9: 499040 op, 1699296.00 ns, 3.4051 ns/op
OverheadActual  10: 499040 op, 1698660.00 ns, 3.4039 ns/op
OverheadActual  11: 499040 op, 1701609.00 ns, 3.4098 ns/op
OverheadActual  12: 499040 op, 1700375.00 ns, 3.4073 ns/op
OverheadActual  13: 499040 op, 1698738.00 ns, 3.4040 ns/op
OverheadActual  14: 499040 op, 1700469.00 ns, 3.4075 ns/op
OverheadActual  15: 499040 op, 1694046.00 ns, 3.3946 ns/op

WorkloadWarmup   1: 499040 op, 1005978297.00 ns, 2.0158 us/op
WorkloadWarmup   2: 499040 op, 1001225029.00 ns, 2.0063 us/op
WorkloadWarmup   3: 499040 op, 1002523654.00 ns, 2.0089 us/op
WorkloadWarmup   4: 499040 op, 999009459.00 ns, 2.0019 us/op
WorkloadWarmup   5: 499040 op, 1000259683.00 ns, 2.0044 us/op
WorkloadWarmup   6: 499040 op, 1001600188.00 ns, 2.0071 us/op

// BeforeActualRun
WorkloadActual   1: 499040 op, 1002569755.00 ns, 2.0090 us/op
WorkloadActual   2: 499040 op, 1001059966.00 ns, 2.0060 us/op
WorkloadActual   3: 499040 op, 1001621597.00 ns, 2.0071 us/op
WorkloadActual   4: 499040 op, 1000408513.00 ns, 2.0047 us/op
WorkloadActual   5: 499040 op, 1002311800.00 ns, 2.0085 us/op
WorkloadActual   6: 499040 op, 1000402250.00 ns, 2.0047 us/op
WorkloadActual   7: 499040 op, 1000472906.00 ns, 2.0048 us/op
WorkloadActual   8: 499040 op, 1002546020.00 ns, 2.0089 us/op
WorkloadActual   9: 499040 op, 1001343883.00 ns, 2.0065 us/op
WorkloadActual  10: 499040 op, 1004243793.00 ns, 2.0124 us/op
WorkloadActual  11: 499040 op, 1003678707.00 ns, 2.0112 us/op
WorkloadActual  12: 499040 op, 1000533754.00 ns, 2.0049 us/op
WorkloadActual  13: 499040 op, 1000557642.00 ns, 2.0050 us/op
WorkloadActual  14: 499040 op, 1000493120.00 ns, 2.0048 us/op
WorkloadActual  15: 499040 op, 998550963.00 ns, 2.0009 us/op

// AfterActualRun
WorkloadResult   1: 499040 op, 1000871017.00 ns, 2.0056 us/op
WorkloadResult   2: 499040 op, 999361228.00 ns, 2.0026 us/op
WorkloadResult   3: 499040 op, 999922859.00 ns, 2.0037 us/op
WorkloadResult   4: 499040 op, 998709775.00 ns, 2.0013 us/op
WorkloadResult   5: 499040 op, 1000613062.00 ns, 2.0051 us/op
WorkloadResult   6: 499040 op, 998703512.00 ns, 2.0012 us/op
WorkloadResult   7: 499040 op, 998774168.00 ns, 2.0014 us/op
WorkloadResult   8: 499040 op, 1000847282.00 ns, 2.0055 us/op
WorkloadResult   9: 499040 op, 999645145.00 ns, 2.0031 us/op
WorkloadResult  10: 499040 op, 1002545055.00 ns, 2.0089 us/op
WorkloadResult  11: 499040 op, 1001979969.00 ns, 2.0078 us/op
WorkloadResult  12: 499040 op, 998835016.00 ns, 2.0015 us/op
WorkloadResult  13: 499040 op, 998858904.00 ns, 2.0016 us/op
WorkloadResult  14: 499040 op, 998794382.00 ns, 2.0014 us/op
WorkloadResult  15: 499040 op, 996852225.00 ns, 1.9975 us/op

// AfterAll
// Benchmark Process 4069690 has exited with code 0.

Mean = 2.003 μs, StdErr = 0.001 μs (0.04%), N = 15, StdDev = 0.003 μs
Min = 1.998 μs, Q1 = 2.001 μs, Median = 2.003 μs, Q3 = 2.005 μs, Max = 2.009 μs
IQR = 0.004 μs, LowerFence = 1.996 μs, UpperFence = 2.011 μs
ConfidenceInterval = [2.000 μs; 2.006 μs] (CI 99.9%), Margin = 0.003 μs (0.16% of Mean)
Skewness = 0.25, Kurtosis = 2.4, MValue = 2

// ** Remained 16 (53.3%) benchmark(s) to run. Estimated finish 2025-12-31 22:34 (0h 7m from now) **
// **************************
// Benchmark: JsonSerializationBenchmarks.SpanJson_Deserialize_Small: Overhead-Fixed-NoEnergy-10(OutlierMode=DontRemove, IterationCount=15, IterationTime=1s, LaunchCount=1, WarmupCount=6)
// *** Execute ***
// Launch: 1 / 1
// Execute: dotnet Serialization.Bench-Overhead-Fixed-NoEnergy-10-1.dll --anonymousPipes 103 104 --benchmarkName Serialization.Bench.JsonSerializationBenchmarks.SpanJson_Deserialize_Small --job Overhead-Fixed-NoEnergy-10 --benchmarkId 14 in /home/test/rapl-tests/lib-energy-bench/src/Serialization.Bench/bin/Release/net8.0/Serialization.Bench-Overhead-Fixed-NoEnergy-10-1/bin/Release/net8.0
// BeforeAnythingElse

// Benchmark Process Environment Information:
// BenchmarkDotNet v0.15.5-develop (2025-12-31)
// Runtime=.NET 8.0.21 (8.0.21, 8.0.2125.47513), X64 RyuJIT x86-64-v4
// GC=Concurrent Workstation
// HardwareIntrinsics=AVX512 IFMA+VBMI,AVX512 F+BW+CD+DQ+VL,AVX2+BMI1+BMI2+F16C+FMA+LZCNT+MOVBE,AVX,SSE3+SSSE3+SSE4.1+SSE4.2+POPCNT,X86Base+SSE+SSE2,AES+PCLMUL VectorSize=256
// Job: Overhead-Fixed-NoEnergy-10(OutlierMode=DontRemove, IterationCount=15, IterationTime=1s, LaunchCount=1, WarmupCount=6)

OverheadJitting  1: 1 op, 147715.00 ns, 147.7150 us/op
WorkloadJitting  1: 1 op, 59450249.00 ns, 59.4502 ms/op

OverheadJitting  2: 16 op, 386070.00 ns, 24.1294 us/op
WorkloadJitting  2: 16 op, 420030.00 ns, 26.2519 us/op

WorkloadPilot    1: 16 op, 38843.00 ns, 2.4277 us/op
WorkloadPilot    2: 411920 op, 501320850.00 ns, 1.2170 us/op
WorkloadPilot    3: 821680 op, 960903902.00 ns, 1.1694 us/op
WorkloadPilot    4: 855120 op, 995439241.00 ns, 1.1641 us/op
WorkloadPilot    5: 859040 op, 999540994.00 ns, 1.1636 us/op
WorkloadPilot    6: 859440 op, 1001755766.00 ns, 1.1656 us/op
WorkloadPilot    7: 857936 op, 1001669641.00 ns, 1.1675 us/op
WorkloadPilot    8: 856512 op, 999515110.00 ns, 1.1670 us/op
WorkloadPilot    9: 856928 op, 998905077.00 ns, 1.1657 us/op
WorkloadPilot   10: 857872 op, 997180119.00 ns, 1.1624 us/op
WorkloadPilot   11: 860304 op, 1002925627.00 ns, 1.1658 us/op

OverheadWarmup   1: 860304 op, 2935045.00 ns, 3.4116 ns/op
OverheadWarmup   2: 860304 op, 2927520.00 ns, 3.4029 ns/op
OverheadWarmup   3: 860304 op, 2924220.00 ns, 3.3991 ns/op
OverheadWarmup   4: 860304 op, 2920662.00 ns, 3.3949 ns/op
OverheadWarmup   5: 860304 op, 2921518.00 ns, 3.3959 ns/op
OverheadWarmup   6: 860304 op, 2924476.00 ns, 3.3994 ns/op
OverheadWarmup   7: 860304 op, 2922439.00 ns, 3.3970 ns/op
OverheadWarmup   8: 860304 op, 2924237.00 ns, 3.3991 ns/op
OverheadWarmup   9: 860304 op, 2941466.00 ns, 3.4191 ns/op
OverheadWarmup  10: 860304 op, 2921767.00 ns, 3.3962 ns/op

OverheadActual   1: 860304 op, 2922755.00 ns, 3.3974 ns/op
OverheadActual   2: 860304 op, 2925357.00 ns, 3.4004 ns/op
OverheadActual   3: 860304 op, 2926411.00 ns, 3.4016 ns/op
OverheadActual   4: 860304 op, 2926171.00 ns, 3.4013 ns/op
OverheadActual   5: 860304 op, 2920978.00 ns, 3.3953 ns/op
OverheadActual   6: 860304 op, 2919387.00 ns, 3.3934 ns/op
OverheadActual   7: 860304 op, 2921804.00 ns, 3.3962 ns/op
OverheadActual   8: 860304 op, 2921712.00 ns, 3.3961 ns/op
OverheadActual   9: 860304 op, 2921391.00 ns, 3.3958 ns/op
OverheadActual  10: 860304 op, 2920966.00 ns, 3.3953 ns/op
OverheadActual  11: 860304 op, 2928020.00 ns, 3.4035 ns/op
OverheadActual  12: 860304 op, 2922821.00 ns, 3.3974 ns/op
OverheadActual  13: 860304 op, 2936457.00 ns, 3.4133 ns/op
OverheadActual  14: 860304 op, 2920761.00 ns, 3.3950 ns/op
OverheadActual  15: 860304 op, 2927424.00 ns, 3.4028 ns/op

WorkloadWarmup   1: 860304 op, 1002835018.00 ns, 1.1657 us/op
WorkloadWarmup   2: 860304 op, 1004292114.00 ns, 1.1674 us/op
WorkloadWarmup   3: 860304 op, 1003814287.00 ns, 1.1668 us/op
WorkloadWarmup   4: 860304 op, 1004031617.00 ns, 1.1671 us/op
WorkloadWarmup   5: 860304 op, 1003553669.00 ns, 1.1665 us/op
WorkloadWarmup   6: 860304 op, 1001765436.00 ns, 1.1644 us/op

// BeforeActualRun
WorkloadActual   1: 860304 op, 999628945.00 ns, 1.1619 us/op
WorkloadActual   2: 860304 op, 1002710577.00 ns, 1.1655 us/op
WorkloadActual   3: 860304 op, 1003183154.00 ns, 1.1661 us/op
WorkloadActual   4: 860304 op, 1002209444.00 ns, 1.1649 us/op
WorkloadActual   5: 860304 op, 1002653123.00 ns, 1.1655 us/op
WorkloadActual   6: 860304 op, 1002712172.00 ns, 1.1655 us/op
WorkloadActual   7: 860304 op, 1002401171.00 ns, 1.1652 us/op
WorkloadActual   8: 860304 op, 1001871429.00 ns, 1.1646 us/op
WorkloadActual   9: 860304 op, 1004874859.00 ns, 1.1680 us/op
WorkloadActual  10: 860304 op, 1003366143.00 ns, 1.1663 us/op
WorkloadActual  11: 860304 op, 1002380440.00 ns, 1.1651 us/op
WorkloadActual  12: 860304 op, 1001608043.00 ns, 1.1642 us/op
WorkloadActual  13: 860304 op, 1001866147.00 ns, 1.1645 us/op
WorkloadActual  14: 860304 op, 1001675815.00 ns, 1.1643 us/op
WorkloadActual  15: 860304 op, 1001839498.00 ns, 1.1645 us/op

// AfterActualRun
WorkloadResult   1: 860304 op, 996706190.00 ns, 1.1586 us/op
WorkloadResult   2: 860304 op, 999787822.00 ns, 1.1621 us/op
WorkloadResult   3: 860304 op, 1000260399.00 ns, 1.1627 us/op
WorkloadResult   4: 860304 op, 999286689.00 ns, 1.1616 us/op
WorkloadResult   5: 860304 op, 999730368.00 ns, 1.1621 us/op
WorkloadResult   6: 860304 op, 999789417.00 ns, 1.1621 us/op
WorkloadResult   7: 860304 op, 999478416.00 ns, 1.1618 us/op
WorkloadResult   8: 860304 op, 998948674.00 ns, 1.1612 us/op
WorkloadResult   9: 860304 op, 1001952104.00 ns, 1.1646 us/op
WorkloadResult  10: 860304 op, 1000443388.00 ns, 1.1629 us/op
WorkloadResult  11: 860304 op, 999457685.00 ns, 1.1617 us/op
WorkloadResult  12: 860304 op, 998685288.00 ns, 1.1609 us/op
WorkloadResult  13: 860304 op, 998943392.00 ns, 1.1612 us/op
WorkloadResult  14: 860304 op, 998753060.00 ns, 1.1609 us/op
WorkloadResult  15: 860304 op, 998916743.00 ns, 1.1611 us/op

// AfterAll
// Benchmark Process 4069706 has exited with code 0.

Mean = 1.162 μs, StdErr = 0.000 μs (0.03%), N = 15, StdDev = 0.001 μs
Min = 1.159 μs, Q1 = 1.161 μs, Median = 1.162 μs, Q3 = 1.162 μs, Max = 1.165 μs
IQR = 0.001 μs, LowerFence = 1.160 μs, UpperFence = 1.164 μs
ConfidenceInterval = [1.160 μs; 1.163 μs] (CI 99.9%), Margin = 0.001 μs (0.12% of Mean)
Skewness = -0.11, Kurtosis = 4.11, MValue = 2

// ** Remained 15 (50.0%) benchmark(s) to run. Estimated finish 2025-12-31 22:34 (0h 6m from now) **
// **************************
// Benchmark: JsonSerializationBenchmarks.STJ_Serialize_Large: Overhead-Fixed-NoEnergy-10(OutlierMode=DontRemove, IterationCount=15, IterationTime=1s, LaunchCount=1, WarmupCount=6)
// *** Execute ***
// Launch: 1 / 1
// Execute: dotnet Serialization.Bench-Overhead-Fixed-NoEnergy-10-1.dll --anonymousPipes 103 104 --benchmarkName Serialization.Bench.JsonSerializationBenchmarks.STJ_Serialize_Large --job Overhead-Fixed-NoEnergy-10 --benchmarkId 15 in /home/test/rapl-tests/lib-energy-bench/src/Serialization.Bench/bin/Release/net8.0/Serialization.Bench-Overhead-Fixed-NoEnergy-10-1/bin/Release/net8.0
// BeforeAnythingElse

// Benchmark Process Environment Information:
// BenchmarkDotNet v0.15.5-develop (2025-12-31)
// Runtime=.NET 8.0.21 (8.0.21, 8.0.2125.47513), X64 RyuJIT x86-64-v4
// GC=Concurrent Workstation
// HardwareIntrinsics=AVX512 IFMA+VBMI,AVX512 F+BW+CD+DQ+VL,AVX2+BMI1+BMI2+F16C+FMA+LZCNT+MOVBE,AVX,SSE3+SSSE3+SSE4.1+SSE4.2+POPCNT,X86Base+SSE+SSE2,AES+PCLMUL VectorSize=256
// Job: Overhead-Fixed-NoEnergy-10(OutlierMode=DontRemove, IterationCount=15, IterationTime=1s, LaunchCount=1, WarmupCount=6)

OverheadJitting  1: 1 op, 146585.00 ns, 146.5850 us/op
WorkloadJitting  1: 1 op, 8105173.00 ns, 8.1052 ms/op

OverheadJitting  2: 16 op, 353819.00 ns, 22.1137 us/op
WorkloadJitting  2: 16 op, 6309916.00 ns, 394.3698 us/op

WorkloadPilot    1: 16 op, 5886485.00 ns, 367.9053 us/op
WorkloadPilot    2: 2720 op, 753755511.00 ns, 277.1160 us/op
WorkloadPilot    3: 3616 op, 701869054.00 ns, 194.1010 us/op
WorkloadPilot    4: 5152 op, 989777931.00 ns, 192.1153 us/op
WorkloadPilot    5: 5216 op, 997391510.00 ns, 191.2177 us/op
WorkloadPilot    6: 5232 op, 982951781.00 ns, 187.8730 us/op
WorkloadPilot    7: 5328 op, 1000913822.00 ns, 187.8592 us/op

OverheadWarmup   1: 5328 op, 19588.00 ns, 3.6764 ns/op
OverheadWarmup   2: 5328 op, 18358.00 ns, 3.4456 ns/op
OverheadWarmup   3: 5328 op, 18692.00 ns, 3.5083 ns/op
OverheadWarmup   4: 5328 op, 18685.00 ns, 3.5069 ns/op
OverheadWarmup   5: 5328 op, 18707.00 ns, 3.5111 ns/op
OverheadWarmup   6: 5328 op, 18667.00 ns, 3.5036 ns/op

OverheadActual   1: 5328 op, 18378.00 ns, 3.4493 ns/op
OverheadActual   2: 5328 op, 18789.00 ns, 3.5265 ns/op
OverheadActual   3: 5328 op, 18751.00 ns, 3.5193 ns/op
OverheadActual   4: 5328 op, 18718.00 ns, 3.5131 ns/op
OverheadActual   5: 5328 op, 19500.00 ns, 3.6599 ns/op
OverheadActual   6: 5328 op, 18296.00 ns, 3.4339 ns/op
OverheadActual   7: 5328 op, 18691.00 ns, 3.5081 ns/op
OverheadActual   8: 5328 op, 18682.00 ns, 3.5064 ns/op
OverheadActual   9: 5328 op, 18321.00 ns, 3.4386 ns/op
OverheadActual  10: 5328 op, 18314.00 ns, 3.4373 ns/op
OverheadActual  11: 5328 op, 18684.00 ns, 3.5068 ns/op
OverheadActual  12: 5328 op, 18263.00 ns, 3.4277 ns/op
OverheadActual  13: 5328 op, 18262.00 ns, 3.4276 ns/op
OverheadActual  14: 5328 op, 18662.00 ns, 3.5026 ns/op
OverheadActual  15: 5328 op, 18678.00 ns, 3.5056 ns/op

WorkloadWarmup   1: 5328 op, 1008931511.00 ns, 189.3640 us/op
WorkloadWarmup   2: 5328 op, 1014717936.00 ns, 190.4501 us/op
WorkloadWarmup   3: 5328 op, 1001183149.00 ns, 187.9098 us/op
WorkloadWarmup   4: 5328 op, 1004289086.00 ns, 188.4927 us/op
WorkloadWarmup   5: 5328 op, 1002545675.00 ns, 188.1655 us/op
WorkloadWarmup   6: 5328 op, 1003320499.00 ns, 188.3109 us/op

// BeforeActualRun
WorkloadActual   1: 5328 op, 1003706545.00 ns, 188.3834 us/op
WorkloadActual   2: 5328 op, 1003514030.00 ns, 188.3472 us/op
WorkloadActual   3: 5328 op, 1002291353.00 ns, 188.1177 us/op
WorkloadActual   4: 5328 op, 1010423948.00 ns, 189.6441 us/op
WorkloadActual   5: 5328 op, 1004801705.00 ns, 188.5889 us/op
WorkloadActual   6: 5328 op, 1002678841.00 ns, 188.1905 us/op
WorkloadActual   7: 5328 op, 1006666699.00 ns, 188.9389 us/op
WorkloadActual   8: 5328 op, 1002023254.00 ns, 188.0674 us/op
WorkloadActual   9: 5328 op, 1002239406.00 ns, 188.1080 us/op
WorkloadActual  10: 5328 op, 1007977592.00 ns, 189.1850 us/op
WorkloadActual  11: 5328 op, 1003812270.00 ns, 188.4032 us/op
WorkloadActual  12: 5328 op, 1002216992.00 ns, 188.1038 us/op
WorkloadActual  13: 5328 op, 1001913852.00 ns, 188.0469 us/op
WorkloadActual  14: 5328 op, 1002548993.00 ns, 188.1661 us/op
WorkloadActual  15: 5328 op, 1003043009.00 ns, 188.2588 us/op

// AfterActualRun
WorkloadResult   1: 5328 op, 1003687867.00 ns, 188.3799 us/op
WorkloadResult   2: 5328 op, 1003495352.00 ns, 188.3437 us/op
WorkloadResult   3: 5328 op, 1002272675.00 ns, 188.1142 us/op
WorkloadResult   4: 5328 op, 1010405270.00 ns, 189.6406 us/op
WorkloadResult   5: 5328 op, 1004783027.00 ns, 188.5854 us/op
WorkloadResult   6: 5328 op, 1002660163.00 ns, 188.1870 us/op
WorkloadResult   7: 5328 op, 1006648021.00 ns, 188.9354 us/op
WorkloadResult   8: 5328 op, 1002004576.00 ns, 188.0639 us/op
WorkloadResult   9: 5328 op, 1002220728.00 ns, 188.1045 us/op
WorkloadResult  10: 5328 op, 1007958914.00 ns, 189.1815 us/op
WorkloadResult  11: 5328 op, 1003793592.00 ns, 188.3997 us/op
WorkloadResult  12: 5328 op, 1002198314.00 ns, 188.1003 us/op
WorkloadResult  13: 5328 op, 1001895174.00 ns, 188.0434 us/op
WorkloadResult  14: 5328 op, 1002530315.00 ns, 188.1626 us/op
WorkloadResult  15: 5328 op, 1003024331.00 ns, 188.2553 us/op

// AfterAll
// Benchmark Process 4069724 has exited with code 0.

Mean = 188.433 μs, StdErr = 0.121 μs (0.06%), N = 15, StdDev = 0.469 μs
Min = 188.043 μs, Q1 = 188.109 μs, Median = 188.255 μs, Q3 = 188.493 μs, Max = 189.641 μs
IQR = 0.383 μs, LowerFence = 187.535 μs, UpperFence = 189.067 μs
ConfidenceInterval = [187.932 μs; 188.935 μs] (CI 99.9%), Margin = 0.501 μs (0.27% of Mean)
Skewness = 1.33, Kurtosis = 3.57, MValue = 2

// ** Remained 14 (46.7%) benchmark(s) to run. Estimated finish 2025-12-31 22:34 (0h 6m from now) **
// **************************
// Benchmark: JsonSerializationBenchmarks.Newtonsoft_Serialize_Large: Overhead-Fixed-NoEnergy-10(OutlierMode=DontRemove, IterationCount=15, IterationTime=1s, LaunchCount=1, WarmupCount=6)
// *** Execute ***
// Launch: 1 / 1
// Execute: dotnet Serialization.Bench-Overhead-Fixed-NoEnergy-10-1.dll --anonymousPipes 103 104 --benchmarkName Serialization.Bench.JsonSerializationBenchmarks.Newtonsoft_Serialize_Large --job Overhead-Fixed-NoEnergy-10 --benchmarkId 16 in /home/test/rapl-tests/lib-energy-bench/src/Serialization.Bench/bin/Release/net8.0/Serialization.Bench-Overhead-Fixed-NoEnergy-10-1/bin/Release/net8.0
// BeforeAnythingElse

// Benchmark Process Environment Information:
// BenchmarkDotNet v0.15.5-develop (2025-12-31)
// Runtime=.NET 8.0.21 (8.0.21, 8.0.2125.47513), X64 RyuJIT x86-64-v4
// GC=Concurrent Workstation
// HardwareIntrinsics=AVX512 IFMA+VBMI,AVX512 F+BW+CD+DQ+VL,AVX2+BMI1+BMI2+F16C+FMA+LZCNT+MOVBE,AVX,SSE3+SSSE3+SSE4.1+SSE4.2+POPCNT,X86Base+SSE+SSE2,AES+PCLMUL VectorSize=256
// Job: Overhead-Fixed-NoEnergy-10(OutlierMode=DontRemove, IterationCount=15, IterationTime=1s, LaunchCount=1, WarmupCount=6)

OverheadJitting  1: 1 op, 135051.00 ns, 135.0510 us/op
WorkloadJitting  1: 1 op, 50917962.00 ns, 50.9180 ms/op

OverheadJitting  2: 16 op, 359950.00 ns, 22.4969 us/op
WorkloadJitting  2: 16 op, 16038806.00 ns, 1.0024 ms/op

WorkloadPilot    1: 16 op, 15363106.00 ns, 960.1941 us/op
WorkloadPilot    2: 1056 op, 457270707.00 ns, 433.0215 us/op
WorkloadPilot    3: 2320 op, 694586137.00 ns, 299.3906 us/op
WorkloadPilot    4: 3344 op, 1001007143.00 ns, 299.3442 us/op

OverheadWarmup   1: 3344 op, 12572.00 ns, 3.7596 ns/op
OverheadWarmup   2: 3344 op, 11695.00 ns, 3.4973 ns/op
OverheadWarmup   3: 3344 op, 11620.00 ns, 3.4749 ns/op
OverheadWarmup   4: 3344 op, 11652.00 ns, 3.4844 ns/op
OverheadWarmup   5: 3344 op, 11699.00 ns, 3.4985 ns/op
OverheadWarmup   6: 3344 op, 11888.00 ns, 3.5550 ns/op
OverheadWarmup   7: 3344 op, 11612.00 ns, 3.4725 ns/op
OverheadWarmup   8: 3344 op, 11591.00 ns, 3.4662 ns/op
OverheadWarmup   9: 3344 op, 11608.00 ns, 3.4713 ns/op
OverheadWarmup  10: 3344 op, 11593.00 ns, 3.4668 ns/op

OverheadActual   1: 3344 op, 11737.00 ns, 3.5099 ns/op
OverheadActual   2: 3344 op, 11709.00 ns, 3.5015 ns/op
OverheadActual   3: 3344 op, 11709.00 ns, 3.5015 ns/op
OverheadActual   4: 3344 op, 11635.00 ns, 3.4794 ns/op
OverheadActual   5: 3344 op, 11666.00 ns, 3.4886 ns/op
OverheadActual   6: 3344 op, 11854.00 ns, 3.5449 ns/op
OverheadActual   7: 3344 op, 11854.00 ns, 3.5449 ns/op
OverheadActual   8: 3344 op, 11612.00 ns, 3.4725 ns/op
OverheadActual   9: 3344 op, 11611.00 ns, 3.4722 ns/op
OverheadActual  10: 3344 op, 12075.00 ns, 3.6109 ns/op
OverheadActual  11: 3344 op, 11630.00 ns, 3.4779 ns/op
OverheadActual  12: 3344 op, 11917.00 ns, 3.5637 ns/op
OverheadActual  13: 3344 op, 11645.00 ns, 3.4824 ns/op
OverheadActual  14: 3344 op, 11615.00 ns, 3.4734 ns/op
OverheadActual  15: 3344 op, 11870.00 ns, 3.5496 ns/op

WorkloadWarmup   1: 3344 op, 1001069720.00 ns, 299.3630 us/op
WorkloadWarmup   2: 3344 op, 1001862612.00 ns, 299.6001 us/op
WorkloadWarmup   3: 3344 op, 1004159877.00 ns, 300.2870 us/op
WorkloadWarmup   4: 3344 op, 999820209.00 ns, 298.9893 us/op
WorkloadWarmup   5: 3344 op, 1000217476.00 ns, 299.1081 us/op
WorkloadWarmup   6: 3344 op, 1000630650.00 ns, 299.2317 us/op

// BeforeActualRun
WorkloadActual   1: 3344 op, 1001667644.00 ns, 299.5418 us/op
WorkloadActual   2: 3344 op, 998919128.00 ns, 298.7198 us/op
WorkloadActual   3: 3344 op, 1000026996.00 ns, 299.0511 us/op
WorkloadActual   4: 3344 op, 999896450.00 ns, 299.0121 us/op
WorkloadActual   5: 3344 op, 998963076.00 ns, 298.7330 us/op
WorkloadActual   6: 3344 op, 998536482.00 ns, 298.6054 us/op
WorkloadActual   7: 3344 op, 999222175.00 ns, 298.8105 us/op
WorkloadActual   8: 3344 op, 999005596.00 ns, 298.7457 us/op
WorkloadActual   9: 3344 op, 999090657.00 ns, 298.7711 us/op
WorkloadActual  10: 3344 op, 999455790.00 ns, 298.8803 us/op
WorkloadActual  11: 3344 op, 999283255.00 ns, 298.8287 us/op
WorkloadActual  12: 3344 op, 999383993.00 ns, 298.8588 us/op
WorkloadActual  13: 3344 op, 1000453691.00 ns, 299.1787 us/op
WorkloadActual  14: 3344 op, 998816450.00 ns, 298.6891 us/op
WorkloadActual  15: 3344 op, 999059983.00 ns, 298.7620 us/op

// AfterActualRun
WorkloadResult   1: 3344 op, 1001655935.00 ns, 299.5383 us/op
WorkloadResult   2: 3344 op, 998907419.00 ns, 298.7163 us/op
WorkloadResult   3: 3344 op, 1000015287.00 ns, 299.0476 us/op
WorkloadResult   4: 3344 op, 999884741.00 ns, 299.0086 us/op
WorkloadResult   5: 3344 op, 998951367.00 ns, 298.7295 us/op
WorkloadResult   6: 3344 op, 998524773.00 ns, 298.6019 us/op
WorkloadResult   7: 3344 op, 999210466.00 ns, 298.8070 us/op
WorkloadResult   8: 3344 op, 998993887.00 ns, 298.7422 us/op
WorkloadResult   9: 3344 op, 999078948.00 ns, 298.7676 us/op
WorkloadResult  10: 3344 op, 999444081.00 ns, 298.8768 us/op
WorkloadResult  11: 3344 op, 999271546.00 ns, 298.8252 us/op
WorkloadResult  12: 3344 op, 999372284.00 ns, 298.8553 us/op
WorkloadResult  13: 3344 op, 1000441982.00 ns, 299.1752 us/op
WorkloadResult  14: 3344 op, 998804741.00 ns, 298.6856 us/op
WorkloadResult  15: 3344 op, 999048274.00 ns, 298.7585 us/op

// AfterAll
// Benchmark Process 4069741 has exited with code 0.

Mean = 298.876 μs, StdErr = 0.061 μs (0.02%), N = 15, StdDev = 0.237 μs
Min = 298.602 μs, Q1 = 298.736 μs, Median = 298.807 μs, Q3 = 298.943 μs, Max = 299.538 μs
IQR = 0.207 μs, LowerFence = 298.426 μs, UpperFence = 299.253 μs
ConfidenceInterval = [298.623 μs; 299.129 μs] (CI 99.9%), Margin = 0.253 μs (0.08% of Mean)
Skewness = 1.43, Kurtosis = 4.47, MValue = 2

// ** Remained 13 (43.3%) benchmark(s) to run. Estimated finish 2025-12-31 22:34 (0h 5m from now) **
// **************************
// Benchmark: JsonSerializationBenchmarks.Jil_Serialize_Large: Overhead-Fixed-NoEnergy-10(OutlierMode=DontRemove, IterationCount=15, IterationTime=1s, LaunchCount=1, WarmupCount=6)
// *** Execute ***
// Launch: 1 / 1
// Execute: dotnet Serialization.Bench-Overhead-Fixed-NoEnergy-10-1.dll --anonymousPipes 103 104 --benchmarkName Serialization.Bench.JsonSerializationBenchmarks.Jil_Serialize_Large --job Overhead-Fixed-NoEnergy-10 --benchmarkId 17 in /home/test/rapl-tests/lib-energy-bench/src/Serialization.Bench/bin/Release/net8.0/Serialization.Bench-Overhead-Fixed-NoEnergy-10-1/bin/Release/net8.0
// BeforeAnythingElse

// Benchmark Process Environment Information:
// BenchmarkDotNet v0.15.5-develop (2025-12-31)
// Runtime=.NET 8.0.21 (8.0.21, 8.0.2125.47513), X64 RyuJIT x86-64-v4
// GC=Concurrent Workstation
// HardwareIntrinsics=AVX512 IFMA+VBMI,AVX512 F+BW+CD+DQ+VL,AVX2+BMI1+BMI2+F16C+FMA+LZCNT+MOVBE,AVX,SSE3+SSSE3+SSE4.1+SSE4.2+POPCNT,X86Base+SSE+SSE2,AES+PCLMUL VectorSize=256
// Job: Overhead-Fixed-NoEnergy-10(OutlierMode=DontRemove, IterationCount=15, IterationTime=1s, LaunchCount=1, WarmupCount=6)

OverheadJitting  1: 1 op, 139322.00 ns, 139.3220 us/op
WorkloadJitting  1: 1 op, 157492512.00 ns, 157.4925 ms/op

WorkloadPilot    1: 4 op, 1576385.00 ns, 394.0963 us/op
WorkloadPilot    2: 2537 op, 741218927.00 ns, 292.1636 us/op
WorkloadPilot    3: 3423 op, 939361835.00 ns, 274.4265 us/op
WorkloadPilot    4: 3644 op, 1000432781.00 ns, 274.5425 us/op
WorkloadPilot    5: 3642 op, 999916196.00 ns, 274.5514 us/op

WorkloadWarmup   1: 3642 op, 1000326741.00 ns, 274.6641 us/op
WorkloadWarmup   2: 3642 op, 999252212.00 ns, 274.3691 us/op
WorkloadWarmup   3: 3642 op, 998794503.00 ns, 274.2434 us/op
WorkloadWarmup   4: 3642 op, 999377388.00 ns, 274.4035 us/op
WorkloadWarmup   5: 3642 op, 999549858.00 ns, 274.4508 us/op
WorkloadWarmup   6: 3642 op, 999348140.00 ns, 274.3954 us/op

// BeforeActualRun
WorkloadActual   1: 3642 op, 1002167843.00 ns, 275.1696 us/op
WorkloadActual   2: 3642 op, 1002985270.00 ns, 275.3941 us/op
WorkloadActual   3: 3642 op, 1000287335.00 ns, 274.6533 us/op
WorkloadActual   4: 3642 op, 999994868.00 ns, 274.5730 us/op
WorkloadActual   5: 3642 op, 1000301377.00 ns, 274.6572 us/op
WorkloadActual   6: 3642 op, 1000386340.00 ns, 274.6805 us/op
WorkloadActual   7: 3642 op, 1000423198.00 ns, 274.6906 us/op
WorkloadActual   8: 3642 op, 999906316.00 ns, 274.5487 us/op
WorkloadActual   9: 3642 op, 999881555.00 ns, 274.5419 us/op
WorkloadActual  10: 3642 op, 999116740.00 ns, 274.3319 us/op
WorkloadActual  11: 3642 op, 999634321.00 ns, 274.4740 us/op
WorkloadActual  12: 3642 op, 999996222.00 ns, 274.5734 us/op
WorkloadActual  13: 3642 op, 999763109.00 ns, 274.5094 us/op
WorkloadActual  14: 3642 op, 999101779.00 ns, 274.3278 us/op
WorkloadActual  15: 3642 op, 998792899.00 ns, 274.2430 us/op

// AfterActualRun
WorkloadResult   1: 3642 op, 1002167843.00 ns, 275.1696 us/op
WorkloadResult   2: 3642 op, 1002985270.00 ns, 275.3941 us/op
WorkloadResult   3: 3642 op, 1000287335.00 ns, 274.6533 us/op
WorkloadResult   4: 3642 op, 999994868.00 ns, 274.5730 us/op
WorkloadResult   5: 3642 op, 1000301377.00 ns, 274.6572 us/op
WorkloadResult   6: 3642 op, 1000386340.00 ns, 274.6805 us/op
WorkloadResult   7: 3642 op, 1000423198.00 ns, 274.6906 us/op
WorkloadResult   8: 3642 op, 999906316.00 ns, 274.5487 us/op
WorkloadResult   9: 3642 op, 999881555.00 ns, 274.5419 us/op
WorkloadResult  10: 3642 op, 999116740.00 ns, 274.3319 us/op
WorkloadResult  11: 3642 op, 999634321.00 ns, 274.4740 us/op
WorkloadResult  12: 3642 op, 999996222.00 ns, 274.5734 us/op
WorkloadResult  13: 3642 op, 999763109.00 ns, 274.5094 us/op
WorkloadResult  14: 3642 op, 999101779.00 ns, 274.3278 us/op
WorkloadResult  15: 3642 op, 998792899.00 ns, 274.2430 us/op

// AfterAll
// Benchmark Process 4069758 has exited with code 0.

Mean = 274.625 μs, StdErr = 0.078 μs (0.03%), N = 15, StdDev = 0.301 μs
Min = 274.243 μs, Q1 = 274.492 μs, Median = 274.573 μs, Q3 = 274.669 μs, Max = 275.394 μs
IQR = 0.177 μs, LowerFence = 274.226 μs, UpperFence = 274.935 μs
ConfidenceInterval = [274.302 μs; 274.947 μs] (CI 99.9%), Margin = 0.322 μs (0.12% of Mean)
Skewness = 1.23, Kurtosis = 3.85, MValue = 2

// ** Remained 12 (40.0%) benchmark(s) to run. Estimated finish 2025-12-31 22:34 (0h 5m from now) **
// **************************
// Benchmark: JsonSerializationBenchmarks.Utf8Json_Serialize_Large: Overhead-Fixed-NoEnergy-10(OutlierMode=DontRemove, IterationCount=15, IterationTime=1s, LaunchCount=1, WarmupCount=6)
// *** Execute ***
// Launch: 1 / 1
// Execute: dotnet Serialization.Bench-Overhead-Fixed-NoEnergy-10-1.dll --anonymousPipes 103 104 --benchmarkName Serialization.Bench.JsonSerializationBenchmarks.Utf8Json_Serialize_Large --job Overhead-Fixed-NoEnergy-10 --benchmarkId 18 in /home/test/rapl-tests/lib-energy-bench/src/Serialization.Bench/bin/Release/net8.0/Serialization.Bench-Overhead-Fixed-NoEnergy-10-1/bin/Release/net8.0
// BeforeAnythingElse

// Benchmark Process Environment Information:
// BenchmarkDotNet v0.15.5-develop (2025-12-31)
// Runtime=.NET 8.0.21 (8.0.21, 8.0.2125.47513), X64 RyuJIT x86-64-v4
// GC=Concurrent Workstation
// HardwareIntrinsics=AVX512 IFMA+VBMI,AVX512 F+BW+CD+DQ+VL,AVX2+BMI1+BMI2+F16C+FMA+LZCNT+MOVBE,AVX,SSE3+SSSE3+SSE4.1+SSE4.2+POPCNT,X86Base+SSE+SSE2,AES+PCLMUL VectorSize=256
// Job: Overhead-Fixed-NoEnergy-10(OutlierMode=DontRemove, IterationCount=15, IterationTime=1s, LaunchCount=1, WarmupCount=6)

OverheadJitting  1: 1 op, 133606.00 ns, 133.6060 us/op
WorkloadJitting  1: 1 op, 56000995.00 ns, 56.0010 ms/op

OverheadJitting  2: 16 op, 357532.00 ns, 22.3458 us/op
WorkloadJitting  2: 16 op, 13042208.00 ns, 815.1380 us/op

WorkloadPilot    1: 16 op, 12159058.00 ns, 759.9411 us/op
WorkloadPilot    2: 1328 op, 499628995.00 ns, 376.2267 us/op
WorkloadPilot    3: 2672 op, 740646033.00 ns, 277.1879 us/op
WorkloadPilot    4: 3616 op, 1005860957.00 ns, 278.1695 us/op
WorkloadPilot    5: 3600 op, 996147630.00 ns, 276.7077 us/op
WorkloadPilot    6: 3616 op, 999531281.00 ns, 276.4190 us/op
WorkloadPilot    7: 3632 op, 1006836807.00 ns, 277.2128 us/op
WorkloadPilot    8: 3616 op, 1002292434.00 ns, 277.1826 us/op

OverheadWarmup   1: 3616 op, 13334.00 ns, 3.6875 ns/op
OverheadWarmup   2: 3616 op, 12842.00 ns, 3.5514 ns/op
OverheadWarmup   3: 3616 op, 12782.00 ns, 3.5348 ns/op
OverheadWarmup   4: 3616 op, 12640.00 ns, 3.4956 ns/op
OverheadWarmup   5: 3616 op, 13330.00 ns, 3.6864 ns/op
OverheadWarmup   6: 3616 op, 12534.00 ns, 3.4663 ns/op
OverheadWarmup   7: 3616 op, 12751.00 ns, 3.5263 ns/op
OverheadWarmup   8: 3616 op, 12753.00 ns, 3.5268 ns/op
OverheadWarmup   9: 3616 op, 13421.00 ns, 3.7116 ns/op
OverheadWarmup  10: 3616 op, 12791.00 ns, 3.5373 ns/op

OverheadActual   1: 3616 op, 12597.00 ns, 3.4837 ns/op
OverheadActual   2: 3616 op, 12872.00 ns, 3.5597 ns/op
OverheadActual   3: 3616 op, 12616.00 ns, 3.4889 ns/op
OverheadActual   4: 3616 op, 12524.00 ns, 3.4635 ns/op
OverheadActual   5: 3616 op, 12769.00 ns, 3.5313 ns/op
OverheadActual   6: 3616 op, 12729.00 ns, 3.5202 ns/op
OverheadActual   7: 3616 op, 12708.00 ns, 3.5144 ns/op
OverheadActual   8: 3616 op, 12478.00 ns, 3.4508 ns/op
OverheadActual   9: 3616 op, 12901.00 ns, 3.5678 ns/op
OverheadActual  10: 3616 op, 12448.00 ns, 3.4425 ns/op
OverheadActual  11: 3616 op, 12462.00 ns, 3.4463 ns/op
OverheadActual  12: 3616 op, 12762.00 ns, 3.5293 ns/op
OverheadActual  13: 3616 op, 12773.00 ns, 3.5324 ns/op
OverheadActual  14: 3616 op, 12788.00 ns, 3.5365 ns/op
OverheadActual  15: 3616 op, 12731.00 ns, 3.5207 ns/op

WorkloadWarmup   1: 3616 op, 1003849005.00 ns, 277.6131 us/op
WorkloadWarmup   2: 3616 op, 1001611410.00 ns, 276.9943 us/op
WorkloadWarmup   3: 3616 op, 1006383804.00 ns, 278.3141 us/op
WorkloadWarmup   4: 3616 op, 999037966.00 ns, 276.2826 us/op
WorkloadWarmup   5: 3616 op, 1005041348.00 ns, 277.9429 us/op
WorkloadWarmup   6: 3616 op, 1002490479.00 ns, 277.2374 us/op

// BeforeActualRun
WorkloadActual   1: 3616 op, 1001116729.00 ns, 276.8575 us/op
WorkloadActual   2: 3616 op, 999484677.00 ns, 276.4062 us/op
WorkloadActual   3: 3616 op, 999890831.00 ns, 276.5185 us/op
WorkloadActual   4: 3616 op, 1005809608.00 ns, 278.1553 us/op
WorkloadActual   5: 3616 op, 1005943086.00 ns, 278.1922 us/op
WorkloadActual   6: 3616 op, 1003500797.00 ns, 277.5168 us/op
WorkloadActual   7: 3616 op, 1005870168.00 ns, 278.1721 us/op
WorkloadActual   8: 3616 op, 1001751934.00 ns, 277.0332 us/op
WorkloadActual   9: 3616 op, 1001989698.00 ns, 277.0989 us/op
WorkloadActual  10: 3616 op, 998926374.00 ns, 276.2518 us/op
WorkloadActual  11: 3616 op, 999803159.00 ns, 276.4942 us/op
WorkloadActual  12: 3616 op, 1006412862.00 ns, 278.3221 us/op
WorkloadActual  13: 3616 op, 1002846298.00 ns, 277.3358 us/op
WorkloadActual  14: 3616 op, 1002346515.00 ns, 277.1976 us/op
WorkloadActual  15: 3616 op, 1002777725.00 ns, 277.3168 us/op

// AfterActualRun
WorkloadResult   1: 3616 op, 1001104000.00 ns, 276.8540 us/op
WorkloadResult   2: 3616 op, 999471948.00 ns, 276.4026 us/op
WorkloadResult   3: 3616 op, 999878102.00 ns, 276.5150 us/op
WorkloadResult   4: 3616 op, 1005796879.00 ns, 278.1518 us/op
WorkloadResult   5: 3616 op, 1005930357.00 ns, 278.1887 us/op
WorkloadResult   6: 3616 op, 1003488068.00 ns, 277.5133 us/op
WorkloadResult   7: 3616 op, 1005857439.00 ns, 278.1685 us/op
WorkloadResult   8: 3616 op, 1001739205.00 ns, 277.0296 us/op
WorkloadResult   9: 3616 op, 1001976969.00 ns, 277.0954 us/op
WorkloadResult  10: 3616 op, 998913645.00 ns, 276.2482 us/op
WorkloadResult  11: 3616 op, 999790430.00 ns, 276.4907 us/op
WorkloadResult  12: 3616 op, 1006400133.00 ns, 278.3186 us/op
WorkloadResult  13: 3616 op, 1002833569.00 ns, 277.3323 us/op
WorkloadResult  14: 3616 op, 1002333786.00 ns, 277.1941 us/op
WorkloadResult  15: 3616 op, 1002764996.00 ns, 277.3133 us/op

// AfterAll
// Benchmark Process 4069776 has exited with code 0.

Mean = 277.254 μs, StdErr = 0.180 μs (0.07%), N = 15, StdDev = 0.698 μs
Min = 276.248 μs, Q1 = 276.684 μs, Median = 277.194 μs, Q3 = 277.833 μs, Max = 278.319 μs
IQR = 1.148 μs, LowerFence = 274.962 μs, UpperFence = 279.555 μs
ConfidenceInterval = [276.508 μs; 278.001 μs] (CI 99.9%), Margin = 0.747 μs (0.27% of Mean)
Skewness = 0.19, Kurtosis = 1.57, MValue = 2

// ** Remained 11 (36.7%) benchmark(s) to run. Estimated finish 2025-12-31 22:34 (0h 4m from now) **
// **************************
// Benchmark: JsonSerializationBenchmarks.SpanJson_Serialize_Large: Overhead-Fixed-NoEnergy-10(OutlierMode=DontRemove, IterationCount=15, IterationTime=1s, LaunchCount=1, WarmupCount=6)
// *** Execute ***
// Launch: 1 / 1
// Execute: dotnet Serialization.Bench-Overhead-Fixed-NoEnergy-10-1.dll --anonymousPipes 103 104 --benchmarkName Serialization.Bench.JsonSerializationBenchmarks.SpanJson_Serialize_Large --job Overhead-Fixed-NoEnergy-10 --benchmarkId 19 in /home/test/rapl-tests/lib-energy-bench/src/Serialization.Bench/bin/Release/net8.0/Serialization.Bench-Overhead-Fixed-NoEnergy-10-1/bin/Release/net8.0
// BeforeAnythingElse

// Benchmark Process Environment Information:
// BenchmarkDotNet v0.15.5-develop (2025-12-31)
// Runtime=.NET 8.0.21 (8.0.21, 8.0.2125.47513), X64 RyuJIT x86-64-v4
// GC=Concurrent Workstation
// HardwareIntrinsics=AVX512 IFMA+VBMI,AVX512 F+BW+CD+DQ+VL,AVX2+BMI1+BMI2+F16C+FMA+LZCNT+MOVBE,AVX,SSE3+SSSE3+SSE4.1+SSE4.2+POPCNT,X86Base+SSE+SSE2,AES+PCLMUL VectorSize=256
// Job: Overhead-Fixed-NoEnergy-10(OutlierMode=DontRemove, IterationCount=15, IterationTime=1s, LaunchCount=1, WarmupCount=6)

OverheadJitting  1: 1 op, 134901.00 ns, 134.9010 us/op
WorkloadJitting  1: 1 op, 109381377.00 ns, 109.3814 ms/op

WorkloadPilot    1: 4 op, 3062606.00 ns, 765.6515 us/op
WorkloadPilot    2: 1306 op, 327782036.00 ns, 250.9817 us/op
WorkloadPilot    3: 3984 op, 630267389.00 ns, 158.1996 us/op
WorkloadPilot    4: 6321 op, 1005801011.00 ns, 159.1206 us/op
WorkloadPilot    5: 6285 op, 1003515521.00 ns, 159.6683 us/op
WorkloadPilot    6: 6263 op, 997338372.00 ns, 159.2429 us/op
WorkloadPilot    7: 6280 op, 1002112406.00 ns, 159.5720 us/op

WorkloadWarmup   1: 6280 op, 1005755258.00 ns, 160.1521 us/op
WorkloadWarmup   2: 6280 op, 1001996593.00 ns, 159.5536 us/op
WorkloadWarmup   3: 6280 op, 1000912949.00 ns, 159.3810 us/op
WorkloadWarmup   4: 6280 op, 1002121530.00 ns, 159.5735 us/op
WorkloadWarmup   5: 6280 op, 993096650.00 ns, 158.1364 us/op
WorkloadWarmup   6: 6280 op, 1009527691.00 ns, 160.7528 us/op

// BeforeActualRun
WorkloadActual   1: 6280 op, 999802576.00 ns, 159.2042 us/op
WorkloadActual   2: 6280 op, 993531479.00 ns, 158.2056 us/op
WorkloadActual   3: 6280 op, 995943312.00 ns, 158.5897 us/op
WorkloadActual   4: 6280 op, 1004469644.00 ns, 159.9474 us/op
WorkloadActual   5: 6280 op, 1000388654.00 ns, 159.2976 us/op
WorkloadActual   6: 6280 op, 1003207954.00 ns, 159.7465 us/op
WorkloadActual   7: 6280 op, 1005350781.00 ns, 160.0877 us/op
WorkloadActual   8: 6280 op, 1002280289.00 ns, 159.5988 us/op
WorkloadActual   9: 6280 op, 997413479.00 ns, 158.8238 us/op
WorkloadActual  10: 6280 op, 1000496487.00 ns, 159.3147 us/op
WorkloadActual  11: 6280 op, 999646097.00 ns, 159.1793 us/op
WorkloadActual  12: 6280 op, 1000513541.00 ns, 159.3174 us/op
WorkloadActual  13: 6280 op, 999253752.00 ns, 159.1168 us/op
WorkloadActual  14: 6280 op, 991182351.00 ns, 157.8316 us/op
WorkloadActual  15: 6280 op, 994815926.00 ns, 158.4102 us/op

// AfterActualRun
WorkloadResult   1: 6280 op, 999802576.00 ns, 159.2042 us/op
WorkloadResult   2: 6280 op, 993531479.00 ns, 158.2056 us/op
WorkloadResult   3: 6280 op, 995943312.00 ns, 158.5897 us/op
WorkloadResult   4: 6280 op, 1004469644.00 ns, 159.9474 us/op
WorkloadResult   5: 6280 op, 1000388654.00 ns, 159.2976 us/op
WorkloadResult   6: 6280 op, 1003207954.00 ns, 159.7465 us/op
WorkloadResult   7: 6280 op, 1005350781.00 ns, 160.0877 us/op
WorkloadResult   8: 6280 op, 1002280289.00 ns, 159.5988 us/op
WorkloadResult   9: 6280 op, 997413479.00 ns, 158.8238 us/op
WorkloadResult  10: 6280 op, 1000496487.00 ns, 159.3147 us/op
WorkloadResult  11: 6280 op, 999646097.00 ns, 159.1793 us/op
WorkloadResult  12: 6280 op, 1000513541.00 ns, 159.3174 us/op
WorkloadResult  13: 6280 op, 999253752.00 ns, 159.1168 us/op
WorkloadResult  14: 6280 op, 991182351.00 ns, 157.8316 us/op
WorkloadResult  15: 6280 op, 994815926.00 ns, 158.4102 us/op

// AfterAll
// Benchmark Process 4069792 has exited with code 0.

Mean = 159.111 μs, StdErr = 0.165 μs (0.10%), N = 15, StdDev = 0.640 μs
Min = 157.832 μs, Q1 = 158.707 μs, Median = 159.204 μs, Q3 = 159.458 μs, Max = 160.088 μs
IQR = 0.751 μs, LowerFence = 157.580 μs, UpperFence = 160.585 μs
ConfidenceInterval = [158.428 μs; 159.795 μs] (CI 99.9%), Margin = 0.684 μs (0.43% of Mean)
Skewness = -0.37, Kurtosis = 2.11, MValue = 2

// ** Remained 10 (33.3%) benchmark(s) to run. Estimated finish 2025-12-31 22:34 (0h 4m from now) **
// **************************
// Benchmark: JsonSerializationBenchmarks.STJ_Serialize_Medium: Overhead-Fixed-NoEnergy-10(OutlierMode=DontRemove, IterationCount=15, IterationTime=1s, LaunchCount=1, WarmupCount=6)
// *** Execute ***
// Launch: 1 / 1
// Execute: dotnet Serialization.Bench-Overhead-Fixed-NoEnergy-10-1.dll --anonymousPipes 103 104 --benchmarkName Serialization.Bench.JsonSerializationBenchmarks.STJ_Serialize_Medium --job Overhead-Fixed-NoEnergy-10 --benchmarkId 20 in /home/test/rapl-tests/lib-energy-bench/src/Serialization.Bench/bin/Release/net8.0/Serialization.Bench-Overhead-Fixed-NoEnergy-10-1/bin/Release/net8.0
// BeforeAnythingElse

// Benchmark Process Environment Information:
// BenchmarkDotNet v0.15.5-develop (2025-12-31)
// Runtime=.NET 8.0.21 (8.0.21, 8.0.2125.47513), X64 RyuJIT x86-64-v4
// GC=Concurrent Workstation
// HardwareIntrinsics=AVX512 IFMA+VBMI,AVX512 F+BW+CD+DQ+VL,AVX2+BMI1+BMI2+F16C+FMA+LZCNT+MOVBE,AVX,SSE3+SSSE3+SSE4.1+SSE4.2+POPCNT,X86Base+SSE+SSE2,AES+PCLMUL VectorSize=256
// Job: Overhead-Fixed-NoEnergy-10(OutlierMode=DontRemove, IterationCount=15, IterationTime=1s, LaunchCount=1, WarmupCount=6)

OverheadJitting  1: 1 op, 134907.00 ns, 134.9070 us/op
WorkloadJitting  1: 1 op, 7084766.00 ns, 7.0848 ms/op

OverheadJitting  2: 16 op, 352801.00 ns, 22.0501 us/op
WorkloadJitting  2: 16 op, 2080915.00 ns, 130.0572 us/op

WorkloadPilot    1: 16 op, 1385929.00 ns, 86.6206 us/op
WorkloadPilot    2: 11552 op, 777939562.00 ns, 67.3424 us/op
WorkloadPilot    3: 14864 op, 662952746.00 ns, 44.6012 us/op
WorkloadPilot    4: 22432 op, 1004175042.00 ns, 44.7653 us/op
WorkloadPilot    5: 22352 op, 1001246598.00 ns, 44.7945 us/op
WorkloadPilot    6: 22336 op, 997751564.00 ns, 44.6701 us/op
WorkloadPilot    7: 22400 op, 1002180906.00 ns, 44.7402 us/op

OverheadWarmup   1: 22400 op, 79910.00 ns, 3.5674 ns/op
OverheadWarmup   2: 22400 op, 78183.00 ns, 3.4903 ns/op
OverheadWarmup   3: 22400 op, 76542.00 ns, 3.4171 ns/op
OverheadWarmup   4: 22400 op, 76148.00 ns, 3.3995 ns/op
OverheadWarmup   5: 22400 op, 78775.00 ns, 3.5167 ns/op
OverheadWarmup   6: 22400 op, 76482.00 ns, 3.4144 ns/op
OverheadWarmup   7: 22400 op, 76131.00 ns, 3.3987 ns/op
OverheadWarmup   8: 22400 op, 76138.00 ns, 3.3990 ns/op
OverheadWarmup   9: 22400 op, 76475.00 ns, 3.4141 ns/op
OverheadWarmup  10: 22400 op, 76168.00 ns, 3.4004 ns/op

OverheadActual   1: 22400 op, 76273.00 ns, 3.4050 ns/op
OverheadActual   2: 22400 op, 76676.00 ns, 3.4230 ns/op
OverheadActual   3: 22400 op, 76232.00 ns, 3.4032 ns/op
OverheadActual   4: 22400 op, 76155.00 ns, 3.3998 ns/op
OverheadActual   5: 22400 op, 76491.00 ns, 3.4148 ns/op
OverheadActual   6: 22400 op, 76139.00 ns, 3.3991 ns/op
OverheadActual   7: 22400 op, 76175.00 ns, 3.4007 ns/op
OverheadActual   8: 22400 op, 77972.00 ns, 3.4809 ns/op
OverheadActual   9: 22400 op, 76086.00 ns, 3.3967 ns/op
OverheadActual  10: 22400 op, 76107.00 ns, 3.3976 ns/op
OverheadActual  11: 22400 op, 78020.00 ns, 3.4830 ns/op
OverheadActual  12: 22400 op, 76152.00 ns, 3.3996 ns/op
OverheadActual  13: 22400 op, 76116.00 ns, 3.3980 ns/op
OverheadActual  14: 22400 op, 76812.00 ns, 3.4291 ns/op
OverheadActual  15: 22400 op, 76103.00 ns, 3.3975 ns/op

WorkloadWarmup   1: 22400 op, 1003290695.00 ns, 44.7898 us/op
WorkloadWarmup   2: 22400 op, 1004620712.00 ns, 44.8491 us/op
WorkloadWarmup   3: 22400 op, 996422524.00 ns, 44.4831 us/op
WorkloadWarmup   4: 22400 op, 995828711.00 ns, 44.4566 us/op
WorkloadWarmup   5: 22400 op, 998129169.00 ns, 44.5593 us/op
WorkloadWarmup   6: 22400 op, 998844310.00 ns, 44.5913 us/op

// BeforeActualRun
WorkloadActual   1: 22400 op, 999362242.00 ns, 44.6144 us/op
WorkloadActual   2: 22400 op, 997405719.00 ns, 44.5270 us/op
WorkloadActual   3: 22400 op, 997664620.00 ns, 44.5386 us/op
WorkloadActual   4: 22400 op, 998025028.00 ns, 44.5547 us/op
WorkloadActual   5: 22400 op, 997449962.00 ns, 44.5290 us/op
WorkloadActual   6: 22400 op, 995965473.00 ns, 44.4627 us/op
WorkloadActual   7: 22400 op, 1000749538.00 ns, 44.6763 us/op
WorkloadActual   8: 22400 op, 998597995.00 ns, 44.5803 us/op
WorkloadActual   9: 22400 op, 997998657.00 ns, 44.5535 us/op
WorkloadActual  10: 22400 op, 1000145384.00 ns, 44.6493 us/op
WorkloadActual  11: 22400 op, 1001463297.00 ns, 44.7082 us/op
WorkloadActual  12: 22400 op, 999998606.00 ns, 44.6428 us/op
WorkloadActual  13: 22400 op, 998514831.00 ns, 44.5766 us/op
WorkloadActual  14: 22400 op, 994367365.00 ns, 44.3914 us/op
WorkloadActual  15: 22400 op, 995059566.00 ns, 44.4223 us/op

// AfterActualRun
WorkloadResult   1: 22400 op, 999286067.00 ns, 44.6110 us/op
WorkloadResult   2: 22400 op, 997329544.00 ns, 44.5236 us/op
WorkloadResult   3: 22400 op, 997588445.00 ns, 44.5352 us/op
WorkloadResult   4: 22400 op, 997948853.00 ns, 44.5513 us/op
WorkloadResult   5: 22400 op, 997373787.00 ns, 44.5256 us/op
WorkloadResult   6: 22400 op, 995889298.00 ns, 44.4593 us/op
WorkloadResult   7: 22400 op, 1000673363.00 ns, 44.6729 us/op
WorkloadResult   8: 22400 op, 998521820.00 ns, 44.5769 us/op
WorkloadResult   9: 22400 op, 997922482.00 ns, 44.5501 us/op
WorkloadResult  10: 22400 op, 1000069209.00 ns, 44.6459 us/op
WorkloadResult  11: 22400 op, 1001387122.00 ns, 44.7048 us/op
WorkloadResult  12: 22400 op, 999922431.00 ns, 44.6394 us/op
WorkloadResult  13: 22400 op, 998438656.00 ns, 44.5732 us/op
WorkloadResult  14: 22400 op, 994291190.00 ns, 44.3880 us/op
WorkloadResult  15: 22400 op, 994983391.00 ns, 44.4189 us/op

// AfterAll
// Benchmark Process 4069807 has exited with code 0.

Mean = 44.558 μs, StdErr = 0.023 μs (0.05%), N = 15, StdDev = 0.090 μs
Min = 44.388 μs, Q1 = 44.525 μs, Median = 44.551 μs, Q3 = 44.625 μs, Max = 44.705 μs
IQR = 0.101 μs, LowerFence = 44.374 μs, UpperFence = 44.776 μs
ConfidenceInterval = [44.462 μs; 44.655 μs] (CI 99.9%), Margin = 0.096 μs (0.22% of Mean)
Skewness = -0.25, Kurtosis = 2.1, MValue = 2

// ** Remained 9 (30.0%) benchmark(s) to run. Estimated finish 2025-12-31 22:34 (0h 4m from now) **
// **************************
// Benchmark: JsonSerializationBenchmarks.Newtonsoft_Serialize_Medium: Overhead-Fixed-NoEnergy-10(OutlierMode=DontRemove, IterationCount=15, IterationTime=1s, LaunchCount=1, WarmupCount=6)
// *** Execute ***
// Launch: 1 / 1
// Execute: dotnet Serialization.Bench-Overhead-Fixed-NoEnergy-10-1.dll --anonymousPipes 103 104 --benchmarkName Serialization.Bench.JsonSerializationBenchmarks.Newtonsoft_Serialize_Medium --job Overhead-Fixed-NoEnergy-10 --benchmarkId 21 in /home/test/rapl-tests/lib-energy-bench/src/Serialization.Bench/bin/Release/net8.0/Serialization.Bench-Overhead-Fixed-NoEnergy-10-1/bin/Release/net8.0
// BeforeAnythingElse

// Benchmark Process Environment Information:
// BenchmarkDotNet v0.15.5-develop (2025-12-31)
// Runtime=.NET 8.0.21 (8.0.21, 8.0.2125.47513), X64 RyuJIT x86-64-v4
// GC=Concurrent Workstation
// HardwareIntrinsics=AVX512 IFMA+VBMI,AVX512 F+BW+CD+DQ+VL,AVX2+BMI1+BMI2+F16C+FMA+LZCNT+MOVBE,AVX,SSE3+SSSE3+SSE4.1+SSE4.2+POPCNT,X86Base+SSE+SSE2,AES+PCLMUL VectorSize=256
// Job: Overhead-Fixed-NoEnergy-10(OutlierMode=DontRemove, IterationCount=15, IterationTime=1s, LaunchCount=1, WarmupCount=6)

OverheadJitting  1: 1 op, 132877.00 ns, 132.8770 us/op
WorkloadJitting  1: 1 op, 48458663.00 ns, 48.4587 ms/op

OverheadJitting  2: 16 op, 356874.00 ns, 22.3046 us/op
WorkloadJitting  2: 16 op, 5026881.00 ns, 314.1801 us/op

WorkloadPilot    1: 16 op, 4535678.00 ns, 283.4799 us/op
WorkloadPilot    2: 3536 op, 364241567.00 ns, 103.0095 us/op
WorkloadPilot    3: 9712 op, 495443599.00 ns, 51.0136 us/op
WorkloadPilot    4: 19616 op, 997073826.00 ns, 50.8296 us/op
WorkloadPilot    5: 19680 op, 1001229034.00 ns, 50.8755 us/op
WorkloadPilot    6: 19664 op, 998609230.00 ns, 50.7836 us/op
WorkloadPilot    7: 19696 op, 1005657661.00 ns, 51.0590 us/op
WorkloadPilot    8: 19600 op, 1012515416.00 ns, 51.6589 us/op

OverheadWarmup   1: 19600 op, 67762.00 ns, 3.4572 ns/op
OverheadWarmup   2: 19600 op, 68262.00 ns, 3.4828 ns/op
OverheadWarmup   3: 19600 op, 66878.00 ns, 3.4121 ns/op
OverheadWarmup   4: 19600 op, 67247.00 ns, 3.4310 ns/op
OverheadWarmup   5: 19600 op, 66893.00 ns, 3.4129 ns/op

OverheadActual   1: 19600 op, 68382.00 ns, 3.4889 ns/op
OverheadActual   2: 19600 op, 67409.00 ns, 3.4392 ns/op
OverheadActual   3: 19600 op, 66991.00 ns, 3.4179 ns/op
OverheadActual   4: 19600 op, 66931.00 ns, 3.4148 ns/op
OverheadActual   5: 19600 op, 66937.00 ns, 3.4152 ns/op
OverheadActual   6: 19600 op, 67260.00 ns, 3.4316 ns/op
OverheadActual   7: 19600 op, 68281.00 ns, 3.4837 ns/op
OverheadActual   8: 19600 op, 66912.00 ns, 3.4139 ns/op
OverheadActual   9: 19600 op, 67345.00 ns, 3.4360 ns/op
OverheadActual  10: 19600 op, 68350.00 ns, 3.4872 ns/op
OverheadActual  11: 19600 op, 66980.00 ns, 3.4173 ns/op
OverheadActual  12: 19600 op, 67260.00 ns, 3.4316 ns/op
OverheadActual  13: 19600 op, 66923.00 ns, 3.4144 ns/op
OverheadActual  14: 19600 op, 66876.00 ns, 3.4120 ns/op
OverheadActual  15: 19600 op, 66885.00 ns, 3.4125 ns/op

WorkloadWarmup   1: 19600 op, 1001297999.00 ns, 51.0866 us/op
WorkloadWarmup   2: 19600 op, 997561732.00 ns, 50.8960 us/op
WorkloadWarmup   3: 19600 op, 996739468.00 ns, 50.8541 us/op
WorkloadWarmup   4: 19600 op, 997602739.00 ns, 50.8981 us/op
WorkloadWarmup   5: 19600 op, 994269905.00 ns, 50.7281 us/op
WorkloadWarmup   6: 19600 op, 996481948.00 ns, 50.8409 us/op

// BeforeActualRun
WorkloadActual   1: 19600 op, 1000539589.00 ns, 51.0479 us/op
WorkloadActual   2: 19600 op, 999547234.00 ns, 50.9973 us/op
WorkloadActual   3: 19600 op, 1000459682.00 ns, 51.0439 us/op
WorkloadActual   4: 19600 op, 997336875.00 ns, 50.8845 us/op
WorkloadActual   5: 19600 op, 998537749.00 ns, 50.9458 us/op
WorkloadActual   6: 19600 op, 999532059.00 ns, 50.9965 us/op
WorkloadActual   7: 19600 op, 999269073.00 ns, 50.9831 us/op
WorkloadActual   8: 19600 op, 1003754108.00 ns, 51.2119 us/op
WorkloadActual   9: 19600 op, 1000039570.00 ns, 51.0224 us/op
WorkloadActual  10: 19600 op, 999260848.00 ns, 50.9827 us/op
WorkloadActual  11: 19600 op, 1000648368.00 ns, 51.0535 us/op
WorkloadActual  12: 19600 op, 999237476.00 ns, 50.9815 us/op
WorkloadActual  13: 19600 op, 999856495.00 ns, 51.0131 us/op
WorkloadActual  14: 19600 op, 1002508902.00 ns, 51.1484 us/op
WorkloadActual  15: 19600 op, 996714453.00 ns, 50.8528 us/op

// AfterActualRun
WorkloadResult   1: 19600 op, 1000472598.00 ns, 51.0445 us/op
WorkloadResult   2: 19600 op, 999480243.00 ns, 50.9939 us/op
WorkloadResult   3: 19600 op, 1000392691.00 ns, 51.0404 us/op
WorkloadResult   4: 19600 op, 997269884.00 ns, 50.8811 us/op
WorkloadResult   5: 19600 op, 998470758.00 ns, 50.9424 us/op
WorkloadResult   6: 19600 op, 999465068.00 ns, 50.9931 us/op
WorkloadResult   7: 19600 op, 999202082.00 ns, 50.9797 us/op
WorkloadResult   8: 19600 op, 1003687117.00 ns, 51.2085 us/op
WorkloadResult   9: 19600 op, 999972579.00 ns, 51.0190 us/op
WorkloadResult  10: 19600 op, 999193857.00 ns, 50.9793 us/op
WorkloadResult  11: 19600 op, 1000581377.00 ns, 51.0501 us/op
WorkloadResult  12: 19600 op, 999170485.00 ns, 50.9781 us/op
WorkloadResult  13: 19600 op, 999789504.00 ns, 51.0097 us/op
WorkloadResult  14: 19600 op, 1002441911.00 ns, 51.1450 us/op
WorkloadResult  15: 19600 op, 996647462.00 ns, 50.8494 us/op

// AfterAll
// Benchmark Process 4069825 has exited with code 0.

Mean = 51.008 μs, StdErr = 0.023 μs (0.05%), N = 15, StdDev = 0.089 μs
Min = 50.849 μs, Q1 = 50.979 μs, Median = 50.994 μs, Q3 = 51.042 μs, Max = 51.209 μs
IQR = 0.064 μs, LowerFence = 50.883 μs, UpperFence = 51.138 μs
ConfidenceInterval = [50.912 μs; 51.103 μs] (CI 99.9%), Margin = 0.096 μs (0.19% of Mean)
Skewness = 0.42, Kurtosis = 3.03, MValue = 2

// ** Remained 8 (26.7%) benchmark(s) to run. Estimated finish 2025-12-31 22:34 (0h 3m from now) **
// **************************
// Benchmark: JsonSerializationBenchmarks.Jil_Serialize_Medium: Overhead-Fixed-NoEnergy-10(OutlierMode=DontRemove, IterationCount=15, IterationTime=1s, LaunchCount=1, WarmupCount=6)
// *** Execute ***
// Launch: 1 / 1
// Execute: dotnet Serialization.Bench-Overhead-Fixed-NoEnergy-10-1.dll --anonymousPipes 103 104 --benchmarkName Serialization.Bench.JsonSerializationBenchmarks.Jil_Serialize_Medium --job Overhead-Fixed-NoEnergy-10 --benchmarkId 22 in /home/test/rapl-tests/lib-energy-bench/src/Serialization.Bench/bin/Release/net8.0/Serialization.Bench-Overhead-Fixed-NoEnergy-10-1/bin/Release/net8.0
// BeforeAnythingElse

// Benchmark Process Environment Information:
// BenchmarkDotNet v0.15.5-develop (2025-12-31)
// Runtime=.NET 8.0.21 (8.0.21, 8.0.2125.47513), X64 RyuJIT x86-64-v4
// GC=Concurrent Workstation
// HardwareIntrinsics=AVX512 IFMA+VBMI,AVX512 F+BW+CD+DQ+VL,AVX2+BMI1+BMI2+F16C+FMA+LZCNT+MOVBE,AVX,SSE3+SSSE3+SSE4.1+SSE4.2+POPCNT,X86Base+SSE+SSE2,AES+PCLMUL VectorSize=256
// Job: Overhead-Fixed-NoEnergy-10(OutlierMode=DontRemove, IterationCount=15, IterationTime=1s, LaunchCount=1, WarmupCount=6)

OverheadJitting  1: 1 op, 140868.00 ns, 140.8680 us/op
WorkloadJitting  1: 1 op, 134741826.00 ns, 134.7418 ms/op

WorkloadPilot    1: 4 op, 665408.00 ns, 166.3520 us/op
WorkloadPilot    2: 6011 op, 326409207.00 ns, 54.3020 us/op
WorkloadPilot    3: 18416 op, 696281904.00 ns, 37.8085 us/op
WorkloadPilot    4: 26449 op, 999013593.00 ns, 37.7713 us/op
WorkloadPilot    5: 26475 op, 1000419149.00 ns, 37.7873 us/op
WorkloadPilot    6: 26464 op, 1000972198.00 ns, 37.8239 us/op
WorkloadPilot    7: 26438 op, 1004810262.00 ns, 38.0063 us/op

WorkloadWarmup   1: 26438 op, 998321996.00 ns, 37.7609 us/op
WorkloadWarmup   2: 26438 op, 1005633122.00 ns, 38.0374 us/op
WorkloadWarmup   3: 26438 op, 1004435878.00 ns, 37.9921 us/op
WorkloadWarmup   4: 26438 op, 1004673536.00 ns, 38.0011 us/op
WorkloadWarmup   5: 26438 op, 1004911373.00 ns, 38.0101 us/op
WorkloadWarmup   6: 26438 op, 1005337862.00 ns, 38.0262 us/op

// BeforeActualRun
WorkloadActual   1: 26438 op, 999358197.00 ns, 37.8001 us/op
WorkloadActual   2: 26438 op, 1003734054.00 ns, 37.9656 us/op
WorkloadActual   3: 26438 op, 1002641859.00 ns, 37.9243 us/op
WorkloadActual   4: 26438 op, 1005795245.00 ns, 38.0435 us/op
WorkloadActual   5: 26438 op, 1004237716.00 ns, 37.9846 us/op
WorkloadActual   6: 26438 op, 1002954483.00 ns, 37.9361 us/op
WorkloadActual   7: 26438 op, 1002828633.00 ns, 37.9313 us/op
WorkloadActual   8: 26438 op, 1004853137.00 ns, 38.0079 us/op
WorkloadActual   9: 26438 op, 1004023461.00 ns, 37.9765 us/op
WorkloadActual  10: 26438 op, 1002065231.00 ns, 37.9025 us/op
WorkloadActual  11: 26438 op, 1003485607.00 ns, 37.9562 us/op
WorkloadActual  12: 26438 op, 1003127562.00 ns, 37.9426 us/op
WorkloadActual  13: 26438 op, 1002948804.00 ns, 37.9359 us/op
WorkloadActual  14: 26438 op, 1003319346.00 ns, 37.9499 us/op
WorkloadActual  15: 26438 op, 1003681447.00 ns, 37.9636 us/op

// AfterActualRun
WorkloadResult   1: 26438 op, 999358197.00 ns, 37.8001 us/op
WorkloadResult   2: 26438 op, 1003734054.00 ns, 37.9656 us/op
WorkloadResult   3: 26438 op, 1002641859.00 ns, 37.9243 us/op
WorkloadResult   4: 26438 op, 1005795245.00 ns, 38.0435 us/op
WorkloadResult   5: 26438 op, 1004237716.00 ns, 37.9846 us/op
WorkloadResult   6: 26438 op, 1002954483.00 ns, 37.9361 us/op
WorkloadResult   7: 26438 op, 1002828633.00 ns, 37.9313 us/op
WorkloadResult   8: 26438 op, 1004853137.00 ns, 38.0079 us/op
WorkloadResult   9: 26438 op, 1004023461.00 ns, 37.9765 us/op
WorkloadResult  10: 26438 op, 1002065231.00 ns, 37.9025 us/op
WorkloadResult  11: 26438 op, 1003485607.00 ns, 37.9562 us/op
WorkloadResult  12: 26438 op, 1003127562.00 ns, 37.9426 us/op
WorkloadResult  13: 26438 op, 1002948804.00 ns, 37.9359 us/op
WorkloadResult  14: 26438 op, 1003319346.00 ns, 37.9499 us/op
WorkloadResult  15: 26438 op, 1003681447.00 ns, 37.9636 us/op

// AfterAll
// Benchmark Process 4069851 has exited with code 0.

Mean = 37.948 μs, StdErr = 0.014 μs (0.04%), N = 15, StdDev = 0.054 μs
Min = 37.800 μs, Q1 = 37.934 μs, Median = 37.950 μs, Q3 = 37.971 μs, Max = 38.044 μs
IQR = 0.037 μs, LowerFence = 37.877 μs, UpperFence = 38.027 μs
ConfidenceInterval = [37.890 μs; 38.006 μs] (CI 99.9%), Margin = 0.058 μs (0.15% of Mean)
Skewness = -0.93, Kurtosis = 4.62, MValue = 2

// ** Remained 7 (23.3%) benchmark(s) to run. Estimated finish 2025-12-31 22:34 (0h 3m from now) **
// **************************
// Benchmark: JsonSerializationBenchmarks.Utf8Json_Serialize_Medium: Overhead-Fixed-NoEnergy-10(OutlierMode=DontRemove, IterationCount=15, IterationTime=1s, LaunchCount=1, WarmupCount=6)
// *** Execute ***
// Launch: 1 / 1
// Execute: dotnet Serialization.Bench-Overhead-Fixed-NoEnergy-10-1.dll --anonymousPipes 103 104 --benchmarkName Serialization.Bench.JsonSerializationBenchmarks.Utf8Json_Serialize_Medium --job Overhead-Fixed-NoEnergy-10 --benchmarkId 23 in /home/test/rapl-tests/lib-energy-bench/src/Serialization.Bench/bin/Release/net8.0/Serialization.Bench-Overhead-Fixed-NoEnergy-10-1/bin/Release/net8.0
// BeforeAnythingElse

// Benchmark Process Environment Information:
// BenchmarkDotNet v0.15.5-develop (2025-12-31)
// Runtime=.NET 8.0.21 (8.0.21, 8.0.2125.47513), X64 RyuJIT x86-64-v4
// GC=Concurrent Workstation
// HardwareIntrinsics=AVX512 IFMA+VBMI,AVX512 F+BW+CD+DQ+VL,AVX2+BMI1+BMI2+F16C+FMA+LZCNT+MOVBE,AVX,SSE3+SSSE3+SSE4.1+SSE4.2+POPCNT,X86Base+SSE+SSE2,AES+PCLMUL VectorSize=256
// Job: Overhead-Fixed-NoEnergy-10(OutlierMode=DontRemove, IterationCount=15, IterationTime=1s, LaunchCount=1, WarmupCount=6)

OverheadJitting  1: 1 op, 133971.00 ns, 133.9710 us/op
WorkloadJitting  1: 1 op, 54035727.00 ns, 54.0357 ms/op

OverheadJitting  2: 16 op, 358212.00 ns, 22.3883 us/op
WorkloadJitting  2: 16 op, 4198739.00 ns, 262.4212 us/op

WorkloadPilot    1: 16 op, 3542483.00 ns, 221.4052 us/op
WorkloadPilot    2: 4528 op, 427398511.00 ns, 94.3901 us/op
WorkloadPilot    3: 10608 op, 627041202.00 ns, 59.1102 us/op
WorkloadPilot    4: 16928 op, 986281019.00 ns, 58.2633 us/op
WorkloadPilot    5: 17168 op, 995378310.00 ns, 57.9787 us/op
WorkloadPilot    6: 17248 op, 1016122565.00 ns, 58.9125 us/op
WorkloadPilot    7: 16976 op, 989135927.00 ns, 58.2667 us/op
WorkloadPilot    8: 17168 op, 1001932074.00 ns, 58.3604 us/op
WorkloadPilot    9: 17136 op, 1009710568.00 ns, 58.9234 us/op

OverheadWarmup   1: 17136 op, 59254.00 ns, 3.4579 ns/op
OverheadWarmup   2: 17136 op, 60858.00 ns, 3.5515 ns/op
OverheadWarmup   3: 17136 op, 58528.00 ns, 3.4155 ns/op
OverheadWarmup   4: 17136 op, 58917.00 ns, 3.4382 ns/op
OverheadWarmup   5: 17136 op, 58513.00 ns, 3.4146 ns/op

OverheadActual   1: 17136 op, 58689.00 ns, 3.4249 ns/op
OverheadActual   2: 17136 op, 58646.00 ns, 3.4224 ns/op
OverheadActual   3: 17136 op, 62786.00 ns, 3.6640 ns/op
OverheadActual   4: 17136 op, 66422.00 ns, 3.8762 ns/op
OverheadActual   5: 17136 op, 61044.00 ns, 3.5623 ns/op
OverheadActual   6: 17136 op, 60620.00 ns, 3.5376 ns/op
OverheadActual   7: 17136 op, 58868.00 ns, 3.4353 ns/op
OverheadActual   8: 17136 op, 58538.00 ns, 3.4161 ns/op
OverheadActual   9: 17136 op, 58558.00 ns, 3.4173 ns/op
OverheadActual  10: 17136 op, 58543.00 ns, 3.4164 ns/op
OverheadActual  11: 17136 op, 58893.00 ns, 3.4368 ns/op
OverheadActual  12: 17136 op, 58524.00 ns, 3.4153 ns/op
OverheadActual  13: 17136 op, 58532.00 ns, 3.4157 ns/op
OverheadActual  14: 17136 op, 58511.00 ns, 3.4145 ns/op
OverheadActual  15: 17136 op, 58835.00 ns, 3.4334 ns/op

WorkloadWarmup   1: 17136 op, 1005217559.00 ns, 58.6612 us/op
WorkloadWarmup   2: 17136 op, 988164753.00 ns, 57.6660 us/op
WorkloadWarmup   3: 17136 op, 1025698114.00 ns, 59.8563 us/op
WorkloadWarmup   4: 17136 op, 1002087292.00 ns, 58.4785 us/op
WorkloadWarmup   5: 17136 op, 989412519.00 ns, 57.7388 us/op
WorkloadWarmup   6: 17136 op, 1009845048.00 ns, 58.9312 us/op

// BeforeActualRun
WorkloadActual   1: 17136 op, 1026502014.00 ns, 59.9032 us/op
WorkloadActual   2: 17136 op, 1012566831.00 ns, 59.0900 us/op
WorkloadActual   3: 17136 op, 1006220057.00 ns, 58.7197 us/op
WorkloadActual   4: 17136 op, 1027092963.00 ns, 59.9377 us/op
WorkloadActual   5: 17136 op, 1070179206.00 ns, 62.4521 us/op
WorkloadActual   6: 17136 op, 1016045326.00 ns, 59.2930 us/op
WorkloadActual   7: 17136 op, 1032629968.00 ns, 60.2609 us/op
WorkloadActual   8: 17136 op, 1029327304.00 ns, 60.0681 us/op
WorkloadActual   9: 17136 op, 1023526991.00 ns, 59.7296 us/op
WorkloadActual  10: 17136 op, 1004344859.00 ns, 58.6102 us/op
WorkloadActual  11: 17136 op, 1058600580.00 ns, 61.7764 us/op
WorkloadActual  12: 17136 op, 1014407248.00 ns, 59.1974 us/op
WorkloadActual  13: 17136 op, 1000402434.00 ns, 58.3802 us/op
WorkloadActual  14: 17136 op, 1050478676.00 ns, 61.3024 us/op
WorkloadActual  15: 17136 op, 1033106982.00 ns, 60.2887 us/op

// AfterActualRun
WorkloadResult   1: 17136 op, 1026443325.00 ns, 59.8998 us/op
WorkloadResult   2: 17136 op, 1012508142.00 ns, 59.0866 us/op
WorkloadResult   3: 17136 op, 1006161368.00 ns, 58.7162 us/op
WorkloadResult   4: 17136 op, 1027034274.00 ns, 59.9343 us/op
WorkloadResult   5: 17136 op, 1070120517.00 ns, 62.4487 us/op
WorkloadResult   6: 17136 op, 1015986637.00 ns, 59.2896 us/op
WorkloadResult   7: 17136 op, 1032571279.00 ns, 60.2574 us/op
WorkloadResult   8: 17136 op, 1029268615.00 ns, 60.0647 us/op
WorkloadResult   9: 17136 op, 1023468302.00 ns, 59.7262 us/op
WorkloadResult  10: 17136 op, 1004286170.00 ns, 58.6068 us/op
WorkloadResult  11: 17136 op, 1058541891.00 ns, 61.7730 us/op
WorkloadResult  12: 17136 op, 1014348559.00 ns, 59.1940 us/op
WorkloadResult  13: 17136 op, 1000343745.00 ns, 58.3767 us/op
WorkloadResult  14: 17136 op, 1050419987.00 ns, 61.2990 us/op
WorkloadResult  15: 17136 op, 1033048293.00 ns, 60.2853 us/op

// AfterAll
// Benchmark Process 4069864 has exited with code 0.

Mean = 59.931 μs, StdErr = 0.302 μs (0.50%), N = 15, StdDev = 1.171 μs
Min = 58.377 μs, Q1 = 59.140 μs, Median = 59.900 μs, Q3 = 60.271 μs, Max = 62.449 μs
IQR = 1.131 μs, LowerFence = 57.444 μs, UpperFence = 61.968 μs
ConfidenceInterval = [58.678 μs; 61.183 μs] (CI 99.9%), Margin = 1.252 μs (2.09% of Mean)
Skewness = 0.65, Kurtosis = 2.38, MValue = 2

// ** Remained 6 (20.0%) benchmark(s) to run. Estimated finish 2025-12-31 22:34 (0h 2m from now) **
// **************************
// Benchmark: JsonSerializationBenchmarks.SpanJson_Serialize_Medium: Overhead-Fixed-NoEnergy-10(OutlierMode=DontRemove, IterationCount=15, IterationTime=1s, LaunchCount=1, WarmupCount=6)
// *** Execute ***
// Launch: 1 / 1
// Execute: dotnet Serialization.Bench-Overhead-Fixed-NoEnergy-10-1.dll --anonymousPipes 103 104 --benchmarkName Serialization.Bench.JsonSerializationBenchmarks.SpanJson_Serialize_Medium --job Overhead-Fixed-NoEnergy-10 --benchmarkId 24 in /home/test/rapl-tests/lib-energy-bench/src/Serialization.Bench/bin/Release/net8.0/Serialization.Bench-Overhead-Fixed-NoEnergy-10-1/bin/Release/net8.0
// BeforeAnythingElse

// Benchmark Process Environment Information:
// BenchmarkDotNet v0.15.5-develop (2025-12-31)
// Runtime=.NET 8.0.21 (8.0.21, 8.0.2125.47513), X64 RyuJIT x86-64-v4
// GC=Concurrent Workstation
// HardwareIntrinsics=AVX512 IFMA+VBMI,AVX512 F+BW+CD+DQ+VL,AVX2+BMI1+BMI2+F16C+FMA+LZCNT+MOVBE,AVX,SSE3+SSSE3+SSE4.1+SSE4.2+POPCNT,X86Base+SSE+SSE2,AES+PCLMUL VectorSize=256
// Job: Overhead-Fixed-NoEnergy-10(OutlierMode=DontRemove, IterationCount=15, IterationTime=1s, LaunchCount=1, WarmupCount=6)

OverheadJitting  1: 1 op, 132744.00 ns, 132.7440 us/op
WorkloadJitting  1: 1 op, 97446117.00 ns, 97.4461 ms/op

WorkloadPilot    1: 4 op, 1065489.00 ns, 266.3723 us/op
WorkloadPilot    2: 3754 op, 286495827.00 ns, 76.3175 us/op
WorkloadPilot    3: 13103 op, 523422592.00 ns, 39.9468 us/op
WorkloadPilot    4: 25033 op, 959128376.00 ns, 38.3146 us/op
WorkloadPilot    5: 26100 op, 1024943891.00 ns, 39.2699 us/op
WorkloadPilot    6: 25465 op, 1002089291.00 ns, 39.3516 us/op
WorkloadPilot    7: 25412 op, 990173393.00 ns, 38.9648 us/op
WorkloadPilot    8: 25664 op, 1001585584.00 ns, 39.0269 us/op

WorkloadWarmup   1: 25664 op, 1005857428.00 ns, 39.1933 us/op
WorkloadWarmup   2: 25664 op, 1000825851.00 ns, 38.9973 us/op
WorkloadWarmup   3: 25664 op, 985617901.00 ns, 38.4047 us/op
WorkloadWarmup   4: 25664 op, 1008960166.00 ns, 39.3142 us/op
WorkloadWarmup   5: 25664 op, 978903587.00 ns, 38.1431 us/op
WorkloadWarmup   6: 25664 op, 1005817023.00 ns, 39.1917 us/op

// BeforeActualRun
WorkloadActual   1: 25664 op, 988357412.00 ns, 38.5114 us/op
WorkloadActual   2: 25664 op, 980037199.00 ns, 38.1872 us/op
WorkloadActual   3: 25664 op, 1011186298.00 ns, 39.4010 us/op
WorkloadActual   4: 25664 op, 982289031.00 ns, 38.2750 us/op
WorkloadActual   5: 25664 op, 1015221025.00 ns, 39.5582 us/op
WorkloadActual   6: 25664 op, 1011700637.00 ns, 39.4210 us/op
WorkloadActual   7: 25664 op, 982595598.00 ns, 38.2869 us/op
WorkloadActual   8: 25664 op, 1006649061.00 ns, 39.2242 us/op
WorkloadActual   9: 25664 op, 1007695967.00 ns, 39.2650 us/op
WorkloadActual  10: 25664 op, 1004732518.00 ns, 39.1495 us/op
WorkloadActual  11: 25664 op, 1010287490.00 ns, 39.3659 us/op
WorkloadActual  12: 25664 op, 1010372802.00 ns, 39.3693 us/op
WorkloadActual  13: 25664 op, 1009189864.00 ns, 39.3232 us/op
WorkloadActual  14: 25664 op, 1009633344.00 ns, 39.3405 us/op
WorkloadActual  15: 25664 op, 1012465786.00 ns, 39.4508 us/op

// AfterActualRun
WorkloadResult   1: 25664 op, 988357412.00 ns, 38.5114 us/op
WorkloadResult   2: 25664 op, 980037199.00 ns, 38.1872 us/op
WorkloadResult   3: 25664 op, 1011186298.00 ns, 39.4010 us/op
WorkloadResult   4: 25664 op, 982289031.00 ns, 38.2750 us/op
WorkloadResult   5: 25664 op, 1015221025.00 ns, 39.5582 us/op
WorkloadResult   6: 25664 op, 1011700637.00 ns, 39.4210 us/op
WorkloadResult   7: 25664 op, 982595598.00 ns, 38.2869 us/op
WorkloadResult   8: 25664 op, 1006649061.00 ns, 39.2242 us/op
WorkloadResult   9: 25664 op, 1007695967.00 ns, 39.2650 us/op
WorkloadResult  10: 25664 op, 1004732518.00 ns, 39.1495 us/op
WorkloadResult  11: 25664 op, 1010287490.00 ns, 39.3659 us/op
WorkloadResult  12: 25664 op, 1010372802.00 ns, 39.3693 us/op
WorkloadResult  13: 25664 op, 1009189864.00 ns, 39.3232 us/op
WorkloadResult  14: 25664 op, 1009633344.00 ns, 39.3405 us/op
WorkloadResult  15: 25664 op, 1012465786.00 ns, 39.4508 us/op

// AfterAll
// Benchmark Process 4069878 has exited with code 0.

Mean = 39.075 μs, StdErr = 0.126 μs (0.32%), N = 15, StdDev = 0.488 μs
Min = 38.187 μs, Q1 = 38.830 μs, Median = 39.323 μs, Q3 = 39.385 μs, Max = 39.558 μs
IQR = 0.555 μs, LowerFence = 37.998 μs, UpperFence = 40.217 μs
ConfidenceInterval = [38.554 μs; 39.597 μs] (CI 99.9%), Margin = 0.522 μs (1.34% of Mean)
Skewness = -0.89, Kurtosis = 1.93, MValue = 2

// ** Remained 5 (16.7%) benchmark(s) to run. Estimated finish 2025-12-31 22:34 (0h 2m from now) **
// **************************
// Benchmark: JsonSerializationBenchmarks.STJ_Serialize_Small: Overhead-Fixed-NoEnergy-10(OutlierMode=DontRemove, IterationCount=15, IterationTime=1s, LaunchCount=1, WarmupCount=6)
// *** Execute ***
// Launch: 1 / 1
// Execute: dotnet Serialization.Bench-Overhead-Fixed-NoEnergy-10-1.dll --anonymousPipes 103 104 --benchmarkName Serialization.Bench.JsonSerializationBenchmarks.STJ_Serialize_Small --job Overhead-Fixed-NoEnergy-10 --benchmarkId 25 in /home/test/rapl-tests/lib-energy-bench/src/Serialization.Bench/bin/Release/net8.0/Serialization.Bench-Overhead-Fixed-NoEnergy-10-1/bin/Release/net8.0
// BeforeAnythingElse

// Benchmark Process Environment Information:
// BenchmarkDotNet v0.15.5-develop (2025-12-31)
// Runtime=.NET 8.0.21 (8.0.21, 8.0.2125.47513), X64 RyuJIT x86-64-v4
// GC=Concurrent Workstation
// HardwareIntrinsics=AVX512 IFMA+VBMI,AVX512 F+BW+CD+DQ+VL,AVX2+BMI1+BMI2+F16C+FMA+LZCNT+MOVBE,AVX,SSE3+SSSE3+SSE4.1+SSE4.2+POPCNT,X86Base+SSE+SSE2,AES+PCLMUL VectorSize=256
// Job: Overhead-Fixed-NoEnergy-10(OutlierMode=DontRemove, IterationCount=15, IterationTime=1s, LaunchCount=1, WarmupCount=6)

OverheadJitting  1: 1 op, 135235.00 ns, 135.2350 us/op
WorkloadJitting  1: 1 op, 3803524.00 ns, 3.8035 ms/op

OverheadJitting  2: 16 op, 354033.00 ns, 22.1271 us/op
WorkloadJitting  2: 16 op, 466486.00 ns, 29.1554 us/op

WorkloadPilot    1: 16 op, 77656.00 ns, 4.8535 us/op
WorkloadPilot    2: 206048 op, 556296146.00 ns, 2.6998 us/op
WorkloadPilot    3: 370400 op, 501291224.00 ns, 1.3534 us/op
WorkloadPilot    4: 738896 op, 999205846.00 ns, 1.3523 us/op
WorkloadPilot    5: 739488 op, 1001141369.00 ns, 1.3538 us/op
WorkloadPilot    6: 738656 op, 996722397.00 ns, 1.3494 us/op
WorkloadPilot    7: 741088 op, 1001201427.00 ns, 1.3510 us/op
WorkloadPilot    8: 740208 op, 995240924.00 ns, 1.3445 us/op
WorkloadPilot    9: 743760 op, 1001798042.00 ns, 1.3469 us/op

OverheadWarmup   1: 743760 op, 2559231.00 ns, 3.4409 ns/op
OverheadWarmup   2: 743760 op, 2561659.00 ns, 3.4442 ns/op
OverheadWarmup   3: 743760 op, 2553266.00 ns, 3.4329 ns/op
OverheadWarmup   4: 743760 op, 2549004.00 ns, 3.4272 ns/op
OverheadWarmup   5: 743760 op, 2550694.00 ns, 3.4295 ns/op
OverheadWarmup   6: 743760 op, 2537413.00 ns, 3.4116 ns/op

OverheadActual   1: 743760 op, 2545779.00 ns, 3.4229 ns/op
OverheadActual   2: 743760 op, 2536331.00 ns, 3.4101 ns/op
OverheadActual   3: 743760 op, 2542469.00 ns, 3.4184 ns/op
OverheadActual   4: 743760 op, 2548319.00 ns, 3.4263 ns/op
OverheadActual   5: 743760 op, 2553694.00 ns, 3.4335 ns/op
OverheadActual   6: 743760 op, 2537106.00 ns, 3.4112 ns/op
OverheadActual   7: 743760 op, 2539747.00 ns, 3.4147 ns/op
OverheadActual   8: 743760 op, 2536781.00 ns, 3.4108 ns/op
OverheadActual   9: 743760 op, 2541837.00 ns, 3.4176 ns/op
OverheadActual  10: 743760 op, 2538855.00 ns, 3.4135 ns/op
OverheadActual  11: 743760 op, 2541796.00 ns, 3.4175 ns/op
OverheadActual  12: 743760 op, 2544498.00 ns, 3.4211 ns/op
OverheadActual  13: 743760 op, 2540143.00 ns, 3.4153 ns/op
OverheadActual  14: 743760 op, 2537241.00 ns, 3.4114 ns/op
OverheadActual  15: 743760 op, 2542590.00 ns, 3.4186 ns/op

WorkloadWarmup   1: 743760 op, 1003840278.00 ns, 1.3497 us/op
WorkloadWarmup   2: 743760 op, 1001561318.00 ns, 1.3466 us/op
WorkloadWarmup   3: 743760 op, 1001203666.00 ns, 1.3461 us/op
WorkloadWarmup   4: 743760 op, 999246342.00 ns, 1.3435 us/op
WorkloadWarmup   5: 743760 op, 1003845471.00 ns, 1.3497 us/op
WorkloadWarmup   6: 743760 op, 1011616696.00 ns, 1.3601 us/op

// BeforeActualRun
WorkloadActual   1: 743760 op, 1002400959.00 ns, 1.3477 us/op
WorkloadActual   2: 743760 op, 1002204356.00 ns, 1.3475 us/op
WorkloadActual   3: 743760 op, 999772639.00 ns, 1.3442 us/op
WorkloadActual   4: 743760 op, 1004990248.00 ns, 1.3512 us/op
WorkloadActual   5: 743760 op, 1005669843.00 ns, 1.3521 us/op
WorkloadActual   6: 743760 op, 998212348.00 ns, 1.3421 us/op
WorkloadActual   7: 743760 op, 996475100.00 ns, 1.3398 us/op
WorkloadActual   8: 743760 op, 997229443.00 ns, 1.3408 us/op
WorkloadActual   9: 743760 op, 996167018.00 ns, 1.3394 us/op
WorkloadActual  10: 743760 op, 1001494166.00 ns, 1.3465 us/op
WorkloadActual  11: 743760 op, 1001162000.00 ns, 1.3461 us/op
WorkloadActual  12: 743760 op, 999694939.00 ns, 1.3441 us/op
WorkloadActual  13: 743760 op, 996731439.00 ns, 1.3401 us/op
WorkloadActual  14: 743760 op, 999563883.00 ns, 1.3439 us/op
WorkloadActual  15: 743760 op, 1000096124.00 ns, 1.3446 us/op

// AfterActualRun
WorkloadResult   1: 743760 op, 999859163.00 ns, 1.3443 us/op
WorkloadResult   2: 743760 op, 999662560.00 ns, 1.3441 us/op
WorkloadResult   3: 743760 op, 997230843.00 ns, 1.3408 us/op
WorkloadResult   4: 743760 op, 1002448452.00 ns, 1.3478 us/op
WorkloadResult   5: 743760 op, 1003128047.00 ns, 1.3487 us/op
WorkloadResult   6: 743760 op, 995670552.00 ns, 1.3387 us/op
WorkloadResult   7: 743760 op, 993933304.00 ns, 1.3364 us/op
WorkloadResult   8: 743760 op, 994687647.00 ns, 1.3374 us/op
WorkloadResult   9: 743760 op, 993625222.00 ns, 1.3359 us/op
WorkloadResult  10: 743760 op, 998952370.00 ns, 1.3431 us/op
WorkloadResult  11: 743760 op, 998620204.00 ns, 1.3427 us/op
WorkloadResult  12: 743760 op, 997153143.00 ns, 1.3407 us/op
WorkloadResult  13: 743760 op, 994189643.00 ns, 1.3367 us/op
WorkloadResult  14: 743760 op, 997022087.00 ns, 1.3405 us/op
WorkloadResult  15: 743760 op, 997554328.00 ns, 1.3412 us/op

// AfterAll
// Benchmark Process 4069891 has exited with code 0.

Mean = 1.341 μs, StdErr = 0.001 μs (0.08%), N = 15, StdDev = 0.004 μs
Min = 1.336 μs, Q1 = 1.338 μs, Median = 1.341 μs, Q3 = 1.344 μs, Max = 1.349 μs
IQR = 0.006 μs, LowerFence = 1.330 μs, UpperFence = 1.352 μs
ConfidenceInterval = [1.337 μs; 1.345 μs] (CI 99.9%), Margin = 0.004 μs (0.31% of Mean)
Skewness = 0.34, Kurtosis = 1.99, MValue = 2

// ** Remained 4 (13.3%) benchmark(s) to run. Estimated finish 2025-12-31 22:34 (0h 1m from now) **
// **************************
// Benchmark: JsonSerializationBenchmarks.Newtonsoft_Serialize_Small: Overhead-Fixed-NoEnergy-10(OutlierMode=DontRemove, IterationCount=15, IterationTime=1s, LaunchCount=1, WarmupCount=6)
// *** Execute ***
// Launch: 1 / 1
// Execute: dotnet Serialization.Bench-Overhead-Fixed-NoEnergy-10-1.dll --anonymousPipes 103 104 --benchmarkName Serialization.Bench.JsonSerializationBenchmarks.Newtonsoft_Serialize_Small --job Overhead-Fixed-NoEnergy-10 --benchmarkId 26 in /home/test/rapl-tests/lib-energy-bench/src/Serialization.Bench/bin/Release/net8.0/Serialization.Bench-Overhead-Fixed-NoEnergy-10-1/bin/Release/net8.0
// BeforeAnythingElse

// Benchmark Process Environment Information:
// BenchmarkDotNet v0.15.5-develop (2025-12-31)
// Runtime=.NET 8.0.21 (8.0.21, 8.0.2125.47513), X64 RyuJIT x86-64-v4
// GC=Concurrent Workstation
// HardwareIntrinsics=AVX512 IFMA+VBMI,AVX512 F+BW+CD+DQ+VL,AVX2+BMI1+BMI2+F16C+FMA+LZCNT+MOVBE,AVX,SSE3+SSSE3+SSE4.1+SSE4.2+POPCNT,X86Base+SSE+SSE2,AES+PCLMUL VectorSize=256
// Job: Overhead-Fixed-NoEnergy-10(OutlierMode=DontRemove, IterationCount=15, IterationTime=1s, LaunchCount=1, WarmupCount=6)

OverheadJitting  1: 1 op, 135574.00 ns, 135.5740 us/op
WorkloadJitting  1: 1 op, 37996401.00 ns, 37.9964 ms/op

OverheadJitting  2: 16 op, 367375.00 ns, 22.9609 us/op
WorkloadJitting  2: 16 op, 648417.00 ns, 40.5261 us/op

WorkloadPilot    1: 16 op, 217329.00 ns, 13.5831 us/op
WorkloadPilot    2: 73632 op, 284437178.00 ns, 3.8630 us/op
WorkloadPilot    3: 258880 op, 566287234.00 ns, 2.1875 us/op
WorkloadPilot    4: 457168 op, 1002074981.00 ns, 2.1919 us/op
WorkloadPilot    5: 456224 op, 989427872.00 ns, 2.1687 us/op
WorkloadPilot    6: 461104 op, 999053054.00 ns, 2.1667 us/op
WorkloadPilot    7: 461552 op, 1004304729.00 ns, 2.1759 us/op
WorkloadPilot    8: 459584 op, 995610111.00 ns, 2.1663 us/op
WorkloadPilot    9: 461616 op, 998908906.00 ns, 2.1639 us/op
WorkloadPilot   10: 462128 op, 1002128080.00 ns, 2.1685 us/op

OverheadWarmup   1: 462128 op, 1572942.00 ns, 3.4037 ns/op
OverheadWarmup   2: 462128 op, 1568992.00 ns, 3.3951 ns/op
OverheadWarmup   3: 462128 op, 1568851.00 ns, 3.3948 ns/op
OverheadWarmup   4: 462128 op, 1576015.00 ns, 3.4103 ns/op
OverheadWarmup   5: 462128 op, 1568477.00 ns, 3.3940 ns/op
OverheadWarmup   6: 462128 op, 1571275.00 ns, 3.4001 ns/op
OverheadWarmup   7: 462128 op, 1578380.00 ns, 3.4155 ns/op
OverheadWarmup   8: 462128 op, 1576430.00 ns, 3.4112 ns/op

OverheadActual   1: 462128 op, 1572392.00 ns, 3.4025 ns/op
OverheadActual   2: 462128 op, 1570945.00 ns, 3.3994 ns/op
OverheadActual   3: 462128 op, 1572666.00 ns, 3.4031 ns/op
OverheadActual   4: 462128 op, 1571105.00 ns, 3.3997 ns/op
OverheadActual   5: 462128 op, 1573662.00 ns, 3.4053 ns/op
OverheadActual   6: 462128 op, 1576591.00 ns, 3.4116 ns/op
OverheadActual   7: 462128 op, 1571346.00 ns, 3.4002 ns/op
OverheadActual   8: 462128 op, 1576161.00 ns, 3.4107 ns/op
OverheadActual   9: 462128 op, 1605248.00 ns, 3.4736 ns/op
OverheadActual  10: 462128 op, 1613151.00 ns, 3.4907 ns/op
OverheadActual  11: 462128 op, 1609656.00 ns, 3.4831 ns/op
OverheadActual  12: 462128 op, 1586279.00 ns, 3.4326 ns/op
OverheadActual  13: 462128 op, 1607704.00 ns, 3.4789 ns/op
OverheadActual  14: 462128 op, 1603990.00 ns, 3.4709 ns/op
OverheadActual  15: 462128 op, 1587492.00 ns, 3.4352 ns/op

WorkloadWarmup   1: 462128 op, 1004767562.00 ns, 2.1742 us/op
WorkloadWarmup   2: 462128 op, 1002920465.00 ns, 2.1702 us/op
WorkloadWarmup   3: 462128 op, 1000386902.00 ns, 2.1647 us/op
WorkloadWarmup   4: 462128 op, 1001006869.00 ns, 2.1661 us/op
WorkloadWarmup   5: 462128 op, 999661561.00 ns, 2.1632 us/op
WorkloadWarmup   6: 462128 op, 999997492.00 ns, 2.1639 us/op

// BeforeActualRun
WorkloadActual   1: 462128 op, 1003413606.00 ns, 2.1713 us/op
WorkloadActual   2: 462128 op, 1004109576.00 ns, 2.1728 us/op
WorkloadActual   3: 462128 op, 1003778871.00 ns, 2.1721 us/op
WorkloadActual   4: 462128 op, 1004097331.00 ns, 2.1728 us/op
WorkloadActual   5: 462128 op, 1008222522.00 ns, 2.1817 us/op
WorkloadActual   6: 462128 op, 1003947726.00 ns, 2.1724 us/op
WorkloadActual   7: 462128 op, 1004536366.00 ns, 2.1737 us/op
WorkloadActual   8: 462128 op, 1004291959.00 ns, 2.1732 us/op
WorkloadActual   9: 462128 op, 1003933725.00 ns, 2.1724 us/op
WorkloadActual  10: 462128 op, 1005427168.00 ns, 2.1756 us/op
WorkloadActual  11: 462128 op, 1006687328.00 ns, 2.1784 us/op
WorkloadActual  12: 462128 op, 1003672340.00 ns, 2.1718 us/op
WorkloadActual  13: 462128 op, 1009959681.00 ns, 2.1855 us/op
WorkloadActual  14: 462128 op, 1003438124.00 ns, 2.1713 us/op
WorkloadActual  15: 462128 op, 1003938468.00 ns, 2.1724 us/op

// AfterActualRun
WorkloadResult   1: 462128 op, 1001837015.00 ns, 2.1679 us/op
WorkloadResult   2: 462128 op, 1002532985.00 ns, 2.1694 us/op
WorkloadResult   3: 462128 op, 1002202280.00 ns, 2.1687 us/op
WorkloadResult   4: 462128 op, 1002520740.00 ns, 2.1694 us/op
WorkloadResult   5: 462128 op, 1006645931.00 ns, 2.1783 us/op
WorkloadResult   6: 462128 op, 1002371135.00 ns, 2.1690 us/op
WorkloadResult   7: 462128 op, 1002959775.00 ns, 2.1703 us/op
WorkloadResult   8: 462128 op, 1002715368.00 ns, 2.1698 us/op
WorkloadResult   9: 462128 op, 1002357134.00 ns, 2.1690 us/op
WorkloadResult  10: 462128 op, 1003850577.00 ns, 2.1722 us/op
WorkloadResult  11: 462128 op, 1005110737.00 ns, 2.1750 us/op
WorkloadResult  12: 462128 op, 1002095749.00 ns, 2.1684 us/op
WorkloadResult  13: 462128 op, 1008383090.00 ns, 2.1820 us/op
WorkloadResult  14: 462128 op, 1001861533.00 ns, 2.1679 us/op
WorkloadResult  15: 462128 op, 1002361877.00 ns, 2.1690 us/op

// AfterAll
// Benchmark Process 4069905 has exited with code 0.

Mean = 2.171 μs, StdErr = 0.001 μs (0.05%), N = 15, StdDev = 0.004 μs
Min = 2.168 μs, Q1 = 2.169 μs, Median = 2.169 μs, Q3 = 2.171 μs, Max = 2.182 μs
IQR = 0.002 μs, LowerFence = 2.165 μs, UpperFence = 2.175 μs
ConfidenceInterval = [2.167 μs; 2.176 μs] (CI 99.9%), Margin = 0.004 μs (0.20% of Mean)
Skewness = 1.49, Kurtosis = 3.93, MValue = 2

// ** Remained 3 (10.0%) benchmark(s) to run. Estimated finish 2025-12-31 22:34 (0h 1m from now) **
// **************************
// Benchmark: JsonSerializationBenchmarks.Jil_Serialize_Small: Overhead-Fixed-NoEnergy-10(OutlierMode=DontRemove, IterationCount=15, IterationTime=1s, LaunchCount=1, WarmupCount=6)
// *** Execute ***
// Launch: 1 / 1
// Execute: dotnet Serialization.Bench-Overhead-Fixed-NoEnergy-10-1.dll --anonymousPipes 103 104 --benchmarkName Serialization.Bench.JsonSerializationBenchmarks.Jil_Serialize_Small --job Overhead-Fixed-NoEnergy-10 --benchmarkId 27 in /home/test/rapl-tests/lib-energy-bench/src/Serialization.Bench/bin/Release/net8.0/Serialization.Bench-Overhead-Fixed-NoEnergy-10-1/bin/Release/net8.0
// BeforeAnythingElse

// Benchmark Process Environment Information:
// BenchmarkDotNet v0.15.5-develop (2025-12-31)
// Runtime=.NET 8.0.21 (8.0.21, 8.0.2125.47513), X64 RyuJIT x86-64-v4
// GC=Concurrent Workstation
// HardwareIntrinsics=AVX512 IFMA+VBMI,AVX512 F+BW+CD+DQ+VL,AVX2+BMI1+BMI2+F16C+FMA+LZCNT+MOVBE,AVX,SSE3+SSSE3+SSE4.1+SSE4.2+POPCNT,X86Base+SSE+SSE2,AES+PCLMUL VectorSize=256
// Job: Overhead-Fixed-NoEnergy-10(OutlierMode=DontRemove, IterationCount=15, IterationTime=1s, LaunchCount=1, WarmupCount=6)

OverheadJitting  1: 1 op, 135061.00 ns, 135.0610 us/op
WorkloadJitting  1: 1 op, 106826403.00 ns, 106.8264 ms/op

WorkloadPilot    1: 4 op, 28948.00 ns, 7.2370 us/op
WorkloadPilot    2: 138179 op, 333894412.00 ns, 2.4164 us/op
WorkloadPilot    3: 413840 op, 708080085.00 ns, 1.7110 us/op
WorkloadPilot    4: 584454 op, 995893849.00 ns, 1.7040 us/op
WorkloadPilot    5: 586864 op, 999927662.00 ns, 1.7038 us/op
WorkloadPilot    6: 586906 op, 1001152426.00 ns, 1.7058 us/op
WorkloadPilot    7: 586230 op, 1005142474.00 ns, 1.7146 us/op
WorkloadPilot    8: 583231 op, 1000591072.00 ns, 1.7156 us/op

WorkloadWarmup   1: 583231 op, 997039774.00 ns, 1.7095 us/op
WorkloadWarmup   2: 583231 op, 993941594.00 ns, 1.7042 us/op
WorkloadWarmup   3: 583231 op, 994396534.00 ns, 1.7050 us/op
WorkloadWarmup   4: 583231 op, 993812737.00 ns, 1.7040 us/op
WorkloadWarmup   5: 583231 op, 994341391.00 ns, 1.7049 us/op
WorkloadWarmup   6: 583231 op, 993503980.00 ns, 1.7034 us/op

// BeforeActualRun
WorkloadActual   1: 583231 op, 993976528.00 ns, 1.7043 us/op
WorkloadActual   2: 583231 op, 993281597.00 ns, 1.7031 us/op
WorkloadActual   3: 583231 op, 994713617.00 ns, 1.7055 us/op
WorkloadActual   4: 583231 op, 995572416.00 ns, 1.7070 us/op
WorkloadActual   5: 583231 op, 991692364.00 ns, 1.7003 us/op
WorkloadActual   6: 583231 op, 993125245.00 ns, 1.7028 us/op
WorkloadActual   7: 583231 op, 992894171.00 ns, 1.7024 us/op
WorkloadActual   8: 583231 op, 994173279.00 ns, 1.7046 us/op
WorkloadActual   9: 583231 op, 992339127.00 ns, 1.7015 us/op
WorkloadActual  10: 583231 op, 993137037.00 ns, 1.7028 us/op
WorkloadActual  11: 583231 op, 990602875.00 ns, 1.6985 us/op
WorkloadActual  12: 583231 op, 994040492.00 ns, 1.7044 us/op
WorkloadActual  13: 583231 op, 991603849.00 ns, 1.7002 us/op
WorkloadActual  14: 583231 op, 993537018.00 ns, 1.7035 us/op
WorkloadActual  15: 583231 op, 994406663.00 ns, 1.7050 us/op

// AfterActualRun
WorkloadResult   1: 583231 op, 993976528.00 ns, 1.7043 us/op
WorkloadResult   2: 583231 op, 993281597.00 ns, 1.7031 us/op
WorkloadResult   3: 583231 op, 994713617.00 ns, 1.7055 us/op
WorkloadResult   4: 583231 op, 995572416.00 ns, 1.7070 us/op
WorkloadResult   5: 583231 op, 991692364.00 ns, 1.7003 us/op
WorkloadResult   6: 583231 op, 993125245.00 ns, 1.7028 us/op
WorkloadResult   7: 583231 op, 992894171.00 ns, 1.7024 us/op
WorkloadResult   8: 583231 op, 994173279.00 ns, 1.7046 us/op
WorkloadResult   9: 583231 op, 992339127.00 ns, 1.7015 us/op
WorkloadResult  10: 583231 op, 993137037.00 ns, 1.7028 us/op
WorkloadResult  11: 583231 op, 990602875.00 ns, 1.6985 us/op
WorkloadResult  12: 583231 op, 994040492.00 ns, 1.7044 us/op
WorkloadResult  13: 583231 op, 991603849.00 ns, 1.7002 us/op
WorkloadResult  14: 583231 op, 993537018.00 ns, 1.7035 us/op
WorkloadResult  15: 583231 op, 994406663.00 ns, 1.7050 us/op

// AfterAll
// Benchmark Process 4069919 has exited with code 0.

Mean = 1.703 μs, StdErr = 0.001 μs (0.03%), N = 15, StdDev = 0.002 μs
Min = 1.698 μs, Q1 = 1.702 μs, Median = 1.703 μs, Q3 = 1.704 μs, Max = 1.707 μs
IQR = 0.003 μs, LowerFence = 1.698 μs, UpperFence = 1.708 μs
ConfidenceInterval = [1.701 μs; 1.705 μs] (CI 99.9%), Margin = 0.002 μs (0.14% of Mean)
Skewness = -0.31, Kurtosis = 2.27, MValue = 2

// ** Remained 2 (6.7%) benchmark(s) to run. Estimated finish 2025-12-31 22:34 (0h 0m from now) **
// **************************
// Benchmark: JsonSerializationBenchmarks.Utf8Json_Serialize_Small: Overhead-Fixed-NoEnergy-10(OutlierMode=DontRemove, IterationCount=15, IterationTime=1s, LaunchCount=1, WarmupCount=6)
// *** Execute ***
// Launch: 1 / 1
// Execute: dotnet Serialization.Bench-Overhead-Fixed-NoEnergy-10-1.dll --anonymousPipes 103 104 --benchmarkName Serialization.Bench.JsonSerializationBenchmarks.Utf8Json_Serialize_Small --job Overhead-Fixed-NoEnergy-10 --benchmarkId 28 in /home/test/rapl-tests/lib-energy-bench/src/Serialization.Bench/bin/Release/net8.0/Serialization.Bench-Overhead-Fixed-NoEnergy-10-1/bin/Release/net8.0
// BeforeAnythingElse

// Benchmark Process Environment Information:
// BenchmarkDotNet v0.15.5-develop (2025-12-31)
// Runtime=.NET 8.0.21 (8.0.21, 8.0.2125.47513), X64 RyuJIT x86-64-v4
// GC=Concurrent Workstation
// HardwareIntrinsics=AVX512 IFMA+VBMI,AVX512 F+BW+CD+DQ+VL,AVX2+BMI1+BMI2+F16C+FMA+LZCNT+MOVBE,AVX,SSE3+SSSE3+SSE4.1+SSE4.2+POPCNT,X86Base+SSE+SSE2,AES+PCLMUL VectorSize=256
// Job: Overhead-Fixed-NoEnergy-10(OutlierMode=DontRemove, IterationCount=15, IterationTime=1s, LaunchCount=1, WarmupCount=6)

OverheadJitting  1: 1 op, 134692.00 ns, 134.6920 us/op
WorkloadJitting  1: 1 op, 47780285.00 ns, 47.7803 ms/op

OverheadJitting  2: 16 op, 376301.00 ns, 23.5188 us/op
WorkloadJitting  2: 16 op, 558612.00 ns, 34.9133 us/op

WorkloadPilot    1: 16 op, 208908.00 ns, 13.0568 us/op
WorkloadPilot    2: 76592 op, 356575833.00 ns, 4.6555 us/op
WorkloadPilot    3: 214800 op, 210024144.00 ns, 977.7660 ns/op
WorkloadPilot    4: 1022752 op, 980108208.00 ns, 958.3049 ns/op
WorkloadPilot    5: 1043520 op, 1004829999.00 ns, 962.9236 ns/op
WorkloadPilot    6: 1038512 op, 1001336079.00 ns, 964.2027 ns/op
WorkloadPilot    7: 1037136 op, 999265416.00 ns, 963.4854 ns/op
WorkloadPilot    8: 1037904 op, 1004408828.00 ns, 967.7281 ns/op

OverheadWarmup   1: 1037904 op, 3541392.00 ns, 3.4121 ns/op
OverheadWarmup   2: 1037904 op, 3530953.00 ns, 3.4020 ns/op
OverheadWarmup   3: 1037904 op, 3525358.00 ns, 3.3966 ns/op
OverheadWarmup   4: 1037904 op, 3522755.00 ns, 3.3941 ns/op
OverheadWarmup   5: 1037904 op, 3524825.00 ns, 3.3961 ns/op
OverheadWarmup   6: 1037904 op, 3526686.00 ns, 3.3979 ns/op
OverheadWarmup   7: 1037904 op, 3522155.00 ns, 3.3935 ns/op
OverheadWarmup   8: 1037904 op, 3524839.00 ns, 3.3961 ns/op
OverheadWarmup   9: 1037904 op, 3522497.00 ns, 3.3939 ns/op

OverheadActual   1: 1037904 op, 3532113.00 ns, 3.4031 ns/op
OverheadActual   2: 1037904 op, 3528920.00 ns, 3.4000 ns/op
OverheadActual   3: 1037904 op, 3529461.00 ns, 3.4006 ns/op
OverheadActual   4: 1037904 op, 3529731.00 ns, 3.4008 ns/op
OverheadActual   5: 1037904 op, 3533420.00 ns, 3.4044 ns/op
OverheadActual   6: 1037904 op, 3523199.00 ns, 3.3945 ns/op
OverheadActual   7: 1037904 op, 3524741.00 ns, 3.3960 ns/op
OverheadActual   8: 1037904 op, 3522256.00 ns, 3.3936 ns/op
OverheadActual   9: 1037904 op, 3527323.00 ns, 3.3985 ns/op
OverheadActual  10: 1037904 op, 3522286.00 ns, 3.3937 ns/op
OverheadActual  11: 1037904 op, 3527785.00 ns, 3.3990 ns/op
OverheadActual  12: 1037904 op, 3522406.00 ns, 3.3938 ns/op
OverheadActual  13: 1037904 op, 3525895.00 ns, 3.3971 ns/op
OverheadActual  14: 1037904 op, 3526606.00 ns, 3.3978 ns/op
OverheadActual  15: 1037904 op, 3528994.00 ns, 3.4001 ns/op

WorkloadWarmup   1: 1037904 op, 995278545.00 ns, 958.9312 ns/op
WorkloadWarmup   2: 1037904 op, 1001723212.00 ns, 965.1405 ns/op
WorkloadWarmup   3: 1037904 op, 995179661.00 ns, 958.8359 ns/op
WorkloadWarmup   4: 1037904 op, 993944337.00 ns, 957.6457 ns/op
WorkloadWarmup   5: 1037904 op, 994452633.00 ns, 958.1355 ns/op
WorkloadWarmup   6: 1037904 op, 993270418.00 ns, 956.9964 ns/op

// BeforeActualRun
WorkloadActual   1: 1037904 op, 993589344.00 ns, 957.3037 ns/op
WorkloadActual   2: 1037904 op, 1003097509.00 ns, 966.4646 ns/op
WorkloadActual   3: 1037904 op, 995598040.00 ns, 959.2390 ns/op
WorkloadActual   4: 1037904 op, 1003301251.00 ns, 966.6609 ns/op
WorkloadActual   5: 1037904 op, 998684288.00 ns, 962.2126 ns/op
WorkloadActual   6: 1037904 op, 1004250886.00 ns, 967.5759 ns/op
WorkloadActual   7: 1037904 op, 997424500.00 ns, 960.9988 ns/op
WorkloadActual   8: 1037904 op, 1000420044.00 ns, 963.8849 ns/op
WorkloadActual   9: 1037904 op, 996799685.00 ns, 960.3968 ns/op
WorkloadActual  10: 1037904 op, 998824770.00 ns, 962.3479 ns/op
WorkloadActual  11: 1037904 op, 1002859469.00 ns, 966.2353 ns/op
WorkloadActual  12: 1037904 op, 1001260108.00 ns, 964.6943 ns/op
WorkloadActual  13: 1037904 op, 998340445.00 ns, 961.8813 ns/op
WorkloadActual  14: 1037904 op, 1003419563.00 ns, 966.7749 ns/op
WorkloadActual  15: 1037904 op, 1003314685.00 ns, 966.6739 ns/op

// AfterActualRun
WorkloadResult   1: 1037904 op, 990062021.00 ns, 953.9052 ns/op
WorkloadResult   2: 1037904 op, 999570186.00 ns, 963.0661 ns/op
WorkloadResult   3: 1037904 op, 992070717.00 ns, 955.8405 ns/op
WorkloadResult   4: 1037904 op, 999773928.00 ns, 963.2624 ns/op
WorkloadResult   5: 1037904 op, 995156965.00 ns, 958.8141 ns/op
WorkloadResult   6: 1037904 op, 1000723563.00 ns, 964.1774 ns/op
WorkloadResult   7: 1037904 op, 993897177.00 ns, 957.6003 ns/op
WorkloadResult   8: 1037904 op, 996892721.00 ns, 960.4864 ns/op
WorkloadResult   9: 1037904 op, 993272362.00 ns, 956.9983 ns/op
WorkloadResult  10: 1037904 op, 995297447.00 ns, 958.9494 ns/op
WorkloadResult  11: 1037904 op, 999332146.00 ns, 962.8368 ns/op
WorkloadResult  12: 1037904 op, 997732785.00 ns, 961.2958 ns/op
WorkloadResult  13: 1037904 op, 994813122.00 ns, 958.4828 ns/op
WorkloadResult  14: 1037904 op, 999892240.00 ns, 963.3764 ns/op
WorkloadResult  15: 1037904 op, 999787362.00 ns, 963.2754 ns/op

// AfterAll
// Benchmark Process 4069932 has exited with code 0.

Mean = 960.158 ns, StdErr = 0.826 ns (0.09%), N = 15, StdDev = 3.199 ns
Min = 953.905 ns, Q1 = 958.042 ns, Median = 960.486 ns, Q3 = 963.164 ns, Max = 964.177 ns
IQR = 5.123 ns, LowerFence = 950.357 ns, UpperFence = 970.848 ns
ConfidenceInterval = [956.738 ns; 963.577 ns] (CI 99.9%), Margin = 3.420 ns (0.36% of Mean)
Skewness = -0.36, Kurtosis = 1.73, MValue = 2

// ** Remained 1 (3.3%) benchmark(s) to run. Estimated finish 2025-12-31 22:34 (0h 0m from now) **
// **************************
// Benchmark: JsonSerializationBenchmarks.SpanJson_Serialize_Small: Overhead-Fixed-NoEnergy-10(OutlierMode=DontRemove, IterationCount=15, IterationTime=1s, LaunchCount=1, WarmupCount=6)
// *** Execute ***
// Launch: 1 / 1
// Execute: dotnet Serialization.Bench-Overhead-Fixed-NoEnergy-10-1.dll --anonymousPipes 103 104 --benchmarkName Serialization.Bench.JsonSerializationBenchmarks.SpanJson_Serialize_Small --job Overhead-Fixed-NoEnergy-10 --benchmarkId 29 in /home/test/rapl-tests/lib-energy-bench/src/Serialization.Bench/bin/Release/net8.0/Serialization.Bench-Overhead-Fixed-NoEnergy-10-1/bin/Release/net8.0
// BeforeAnythingElse

// Benchmark Process Environment Information:
// BenchmarkDotNet v0.15.5-develop (2025-12-31)
// Runtime=.NET 8.0.21 (8.0.21, 8.0.2125.47513), X64 RyuJIT x86-64-v4
// GC=Concurrent Workstation
// HardwareIntrinsics=AVX512 IFMA+VBMI,AVX512 F+BW+CD+DQ+VL,AVX2+BMI1+BMI2+F16C+FMA+LZCNT+MOVBE,AVX,SSE3+SSSE3+SSE4.1+SSE4.2+POPCNT,X86Base+SSE+SSE2,AES+PCLMUL VectorSize=256
// Job: Overhead-Fixed-NoEnergy-10(OutlierMode=DontRemove, IterationCount=15, IterationTime=1s, LaunchCount=1, WarmupCount=6)

OverheadJitting  1: 1 op, 140262.00 ns, 140.2620 us/op
WorkloadJitting  1: 1 op, 60094675.00 ns, 60.0947 ms/op

OverheadJitting  2: 16 op, 394157.00 ns, 24.6348 us/op
WorkloadJitting  2: 16 op, 574716.00 ns, 35.9198 us/op

WorkloadPilot    1: 16 op, 229900.00 ns, 14.3688 us/op
WorkloadPilot    2: 69600 op, 255263755.00 ns, 3.6676 us/op
WorkloadPilot    3: 272672 op, 336752936.00 ns, 1.2350 us/op
WorkloadPilot    4: 809712 op, 975859867.00 ns, 1.2052 us/op
WorkloadPilot    5: 829744 op, 1000976618.00 ns, 1.2064 us/op
WorkloadPilot    6: 828944 op, 1004387801.00 ns, 1.2116 us/op
WorkloadPilot    7: 825328 op, 1000531085.00 ns, 1.2123 us/op

OverheadWarmup   1: 825328 op, 2814265.00 ns, 3.4099 ns/op
OverheadWarmup   2: 825328 op, 2821271.00 ns, 3.4184 ns/op
OverheadWarmup   3: 825328 op, 2826703.00 ns, 3.4249 ns/op
OverheadWarmup   4: 825328 op, 2827145.00 ns, 3.4255 ns/op
OverheadWarmup   5: 825328 op, 2812360.00 ns, 3.4076 ns/op
OverheadWarmup   6: 825328 op, 2816069.00 ns, 3.4121 ns/op
OverheadWarmup   7: 825328 op, 2813143.00 ns, 3.4085 ns/op

OverheadActual   1: 825328 op, 2818614.00 ns, 3.4151 ns/op
OverheadActual   2: 825328 op, 2833366.00 ns, 3.4330 ns/op
OverheadActual   3: 825328 op, 2840042.00 ns, 3.4411 ns/op
OverheadActual   4: 825328 op, 2834539.00 ns, 3.4344 ns/op
OverheadActual   5: 825328 op, 2848125.00 ns, 3.4509 ns/op
OverheadActual   6: 825328 op, 2812394.00 ns, 3.4076 ns/op
OverheadActual   7: 825328 op, 2813265.00 ns, 3.4087 ns/op
OverheadActual   8: 825328 op, 2814868.00 ns, 3.4106 ns/op
OverheadActual   9: 825328 op, 2812353.00 ns, 3.4076 ns/op
OverheadActual  10: 825328 op, 2812887.00 ns, 3.4082 ns/op
OverheadActual  11: 825328 op, 2821372.00 ns, 3.4185 ns/op
OverheadActual  12: 825328 op, 2825231.00 ns, 3.4232 ns/op
OverheadActual  13: 825328 op, 2821877.00 ns, 3.4191 ns/op
OverheadActual  14: 825328 op, 2816251.00 ns, 3.4123 ns/op
OverheadActual  15: 825328 op, 2813507.00 ns, 3.4090 ns/op

WorkloadWarmup   1: 825328 op, 997913823.00 ns, 1.2091 us/op
WorkloadWarmup   2: 825328 op, 994153562.00 ns, 1.2046 us/op
WorkloadWarmup   3: 825328 op, 994306984.00 ns, 1.2047 us/op
WorkloadWarmup   4: 825328 op, 994220644.00 ns, 1.2046 us/op
WorkloadWarmup   5: 825328 op, 993572486.00 ns, 1.2039 us/op
WorkloadWarmup   6: 825328 op, 995734433.00 ns, 1.2065 us/op

// BeforeActualRun
WorkloadActual   1: 825328 op, 996519577.00 ns, 1.2074 us/op
WorkloadActual   2: 825328 op, 998602425.00 ns, 1.2099 us/op
WorkloadActual   3: 825328 op, 998923915.00 ns, 1.2103 us/op
WorkloadActual   4: 825328 op, 1002069634.00 ns, 1.2141 us/op
WorkloadActual   5: 825328 op, 1000664141.00 ns, 1.2124 us/op
WorkloadActual   6: 825328 op, 1000380621.00 ns, 1.2121 us/op
WorkloadActual   7: 825328 op, 1002039172.00 ns, 1.2141 us/op
WorkloadActual   8: 825328 op, 1001714811.00 ns, 1.2137 us/op
WorkloadActual   9: 825328 op, 998625650.00 ns, 1.2100 us/op
WorkloadActual  10: 825328 op, 1001311934.00 ns, 1.2132 us/op
WorkloadActual  11: 825328 op, 1000402047.00 ns, 1.2121 us/op
WorkloadActual  12: 825328 op, 1001240253.00 ns, 1.2131 us/op
WorkloadActual  13: 825328 op, 996465701.00 ns, 1.2074 us/op
WorkloadActual  14: 825328 op, 995650384.00 ns, 1.2064 us/op
WorkloadActual  15: 825328 op, 1000766148.00 ns, 1.2126 us/op

// AfterActualRun
WorkloadResult   1: 825328 op, 993700963.00 ns, 1.2040 us/op
WorkloadResult   2: 825328 op, 995783811.00 ns, 1.2065 us/op
WorkloadResult   3: 825328 op, 996105301.00 ns, 1.2069 us/op
WorkloadResult   4: 825328 op, 999251020.00 ns, 1.2107 us/op
WorkloadResult   5: 825328 op, 997845527.00 ns, 1.2090 us/op
WorkloadResult   6: 825328 op, 997562007.00 ns, 1.2087 us/op
WorkloadResult   7: 825328 op, 999220558.00 ns, 1.2107 us/op
WorkloadResult   8: 825328 op, 998896197.00 ns, 1.2103 us/op
WorkloadResult   9: 825328 op, 995807036.00 ns, 1.2066 us/op
WorkloadResult  10: 825328 op, 998493320.00 ns, 1.2098 us/op
WorkloadResult  11: 825328 op, 997583433.00 ns, 1.2087 us/op
WorkloadResult  12: 825328 op, 998421639.00 ns, 1.2097 us/op
WorkloadResult  13: 825328 op, 993647087.00 ns, 1.2039 us/op
WorkloadResult  14: 825328 op, 992831770.00 ns, 1.2030 us/op
WorkloadResult  15: 825328 op, 997947534.00 ns, 1.2092 us/op

// AfterAll
// Benchmark Process 4069947 has exited with code 0.

Mean = 1.208 μs, StdErr = 0.001 μs (0.05%), N = 15, StdDev = 0.003 μs
Min = 1.203 μs, Q1 = 1.207 μs, Median = 1.209 μs, Q3 = 1.210 μs, Max = 1.211 μs
IQR = 0.003 μs, LowerFence = 1.202 μs, UpperFence = 1.215 μs
ConfidenceInterval = [1.205 μs; 1.211 μs] (CI 99.9%), Margin = 0.003 μs (0.23% of Mean)
Skewness = -0.62, Kurtosis = 1.88, MValue = 2

// ** Remained 0 (0.0%) benchmark(s) to run. Estimated finish 2025-12-31 22:34 (0h 0m from now) **
// ***** BenchmarkRunner: Finish  *****

// * Export *
  Helpers/../BenchmarkArtifacts/results/Serialization.Bench.JsonSerializationBenchmarks-report.csv
  Helpers/../BenchmarkArtifacts/results/Serialization.Bench.JsonSerializationBenchmarks-report-github.md
  Helpers/../BenchmarkArtifacts/results/Serialization.Bench.JsonSerializationBenchmarks-report.html
  Helpers/../BenchmarkArtifacts/results/Serialization.Bench.JsonSerializationBenchmarks-measurements.csv

// * Detailed results *
JsonSerializationBenchmarks.SpanJson_Deserialize_Large: Overhead-Fixed-NoEnergy-10(OutlierMode=DontRemove, IterationCount=15, IterationTime=1s, LaunchCount=1, WarmupCount=6)
Runtime = .NET 8.0.21 (8.0.21, 8.0.2125.47513), X64 RyuJIT x86-64-v4; GC = Concurrent Workstation
Mean = 149.902 μs, StdErr = 0.022 μs (0.01%), N = 15, StdDev = 0.087 μs
Min = 149.817 μs, Q1 = 149.828 μs, Median = 149.883 μs, Q3 = 149.936 μs, Max = 150.078 μs
IQR = 0.109 μs, LowerFence = 149.664 μs, UpperFence = 150.100 μs
ConfidenceInterval = [149.809 μs; 149.995 μs] (CI 99.9%), Margin = 0.093 μs (0.06% of Mean)
Skewness = 0.75, Kurtosis = 2.16, MValue = 2
-------------------- Histogram --------------------
[149.771 μs ; 150.124 μs) | @@@@@@@@@@@@@@@
---------------------------------------------------

JsonSerializationBenchmarks.STJ_Deserialize_Large: Overhead-Fixed-NoEnergy-10(OutlierMode=DontRemove, IterationCount=15, IterationTime=1s, LaunchCount=1, WarmupCount=6)
Runtime = .NET 8.0.21 (8.0.21, 8.0.2125.47513), X64 RyuJIT x86-64-v4; GC = Concurrent Workstation
Mean = 200.551 μs, StdErr = 0.111 μs (0.06%), N = 15, StdDev = 0.431 μs
Min = 200.186 μs, Q1 = 200.234 μs, Median = 200.427 μs, Q3 = 200.647 μs, Max = 201.897 μs
IQR = 0.413 μs, LowerFence = 199.615 μs, UpperFence = 201.267 μs
ConfidenceInterval = [200.090 μs; 201.012 μs] (CI 99.9%), Margin = 0.461 μs (0.23% of Mean)
Skewness = 1.91, Kurtosis = 6.5, MValue = 2
-------------------- Histogram --------------------
[199.957 μs ; 202.126 μs) | @@@@@@@@@@@@@@@
---------------------------------------------------

JsonSerializationBenchmarks.Jil_Deserialize_Large: Overhead-Fixed-NoEnergy-10(OutlierMode=DontRemove, IterationCount=15, IterationTime=1s, LaunchCount=1, WarmupCount=6)
Runtime = .NET 8.0.21 (8.0.21, 8.0.2125.47513), X64 RyuJIT x86-64-v4; GC = Concurrent Workstation
Mean = 214.622 μs, StdErr = 0.052 μs (0.02%), N = 15, StdDev = 0.200 μs
Min = 213.997 μs, Q1 = 214.566 μs, Median = 214.678 μs, Q3 = 214.746 μs, Max = 214.811 μs
IQR = 0.180 μs, LowerFence = 214.296 μs, UpperFence = 215.016 μs
ConfidenceInterval = [214.409 μs; 214.836 μs] (CI 99.9%), Margin = 0.213 μs (0.10% of Mean)
Skewness = -1.9, Kurtosis = 6.58, MValue = 2
-------------------- Histogram --------------------
[213.891 μs ; 214.917 μs) | @@@@@@@@@@@@@@@
---------------------------------------------------

JsonSerializationBenchmarks.Newtonsoft_Deserialize_Large: Overhead-Fixed-NoEnergy-10(OutlierMode=DontRemove, IterationCount=15, IterationTime=1s, LaunchCount=1, WarmupCount=6)
Runtime = .NET 8.0.21 (8.0.21, 8.0.2125.47513), X64 RyuJIT x86-64-v4; GC = Concurrent Workstation
Mean = 240.902 μs, StdErr = 0.057 μs (0.02%), N = 15, StdDev = 0.221 μs
Min = 240.685 μs, Q1 = 240.762 μs, Median = 240.875 μs, Q3 = 240.947 μs, Max = 241.590 μs
IQR = 0.186 μs, LowerFence = 240.483 μs, UpperFence = 241.226 μs
ConfidenceInterval = [240.666 μs; 241.139 μs] (CI 99.9%), Margin = 0.237 μs (0.10% of Mean)
Skewness = 1.84, Kurtosis = 6.39, MValue = 2
-------------------- Histogram --------------------
[240.567 μs ; 241.708 μs) | @@@@@@@@@@@@@@@
---------------------------------------------------

JsonSerializationBenchmarks.Utf8Json_Deserialize_Large: Overhead-Fixed-NoEnergy-10(OutlierMode=DontRemove, IterationCount=15, IterationTime=1s, LaunchCount=1, WarmupCount=6)
Runtime = .NET 8.0.21 (8.0.21, 8.0.2125.47513), X64 RyuJIT x86-64-v4; GC = Concurrent Workstation
Mean = 281.339 μs, StdErr = 0.297 μs (0.11%), N = 15, StdDev = 1.150 μs
Min = 280.802 μs, Q1 = 280.875 μs, Median = 280.978 μs, Q3 = 281.346 μs, Max = 285.400 μs
IQR = 0.471 μs, LowerFence = 280.169 μs, UpperFence = 282.052 μs
ConfidenceInterval = [280.110 μs; 282.569 μs] (CI 99.9%), Margin = 1.229 μs (0.44% of Mean)
Skewness = 2.89, Kurtosis = 10.38, MValue = 2
-------------------- Histogram --------------------
[280.190 μs ; 286.012 μs) | @@@@@@@@@@@@@@@
---------------------------------------------------

JsonSerializationBenchmarks.SpanJson_Deserialize_Medium: Overhead-Fixed-NoEnergy-10(OutlierMode=DontRemove, IterationCount=15, IterationTime=1s, LaunchCount=1, WarmupCount=6)
Runtime = .NET 8.0.21 (8.0.21, 8.0.2125.47513), X64 RyuJIT x86-64-v4; GC = Concurrent Workstation
Mean = 38.429 μs, StdErr = 0.018 μs (0.05%), N = 15, StdDev = 0.068 μs
Min = 38.326 μs, Q1 = 38.380 μs, Median = 38.406 μs, Q3 = 38.457 μs, Max = 38.591 μs
IQR = 0.077 μs, LowerFence = 38.264 μs, UpperFence = 38.574 μs
ConfidenceInterval = [38.356 μs; 38.502 μs] (CI 99.9%), Margin = 0.073 μs (0.19% of Mean)
Skewness = 0.78, Kurtosis = 2.86, MValue = 2
-------------------- Histogram --------------------
[38.289 μs ; 38.627 μs) | @@@@@@@@@@@@@@@
---------------------------------------------------

JsonSerializationBenchmarks.STJ_Deserialize_Medium: Overhead-Fixed-NoEnergy-10(OutlierMode=DontRemove, IterationCount=15, IterationTime=1s, LaunchCount=1, WarmupCount=6)
Runtime = .NET 8.0.21 (8.0.21, 8.0.2125.47513), X64 RyuJIT x86-64-v4; GC = Concurrent Workstation
Mean = 53.081 μs, StdErr = 0.025 μs (0.05%), N = 15, StdDev = 0.096 μs
Min = 53.009 μs, Q1 = 53.044 μs, Median = 53.056 μs, Q3 = 53.074 μs, Max = 53.414 μs
IQR = 0.030 μs, LowerFence = 52.999 μs, UpperFence = 53.119 μs
ConfidenceInterval = [52.979 μs; 53.183 μs] (CI 99.9%), Margin = 0.102 μs (0.19% of Mean)
Skewness = 2.76, Kurtosis = 9.81, MValue = 2
-------------------- Histogram --------------------
[52.958 μs ; 53.465 μs) | @@@@@@@@@@@@@@@
---------------------------------------------------

JsonSerializationBenchmarks.Jil_Deserialize_Medium: Overhead-Fixed-NoEnergy-10(OutlierMode=DontRemove, IterationCount=15, IterationTime=1s, LaunchCount=1, WarmupCount=6)
Runtime = .NET 8.0.21 (8.0.21, 8.0.2125.47513), X64 RyuJIT x86-64-v4; GC = Concurrent Workstation
Mean = 55.349 μs, StdErr = 0.014 μs (0.03%), N = 15, StdDev = 0.054 μs
Min = 55.267 μs, Q1 = 55.316 μs, Median = 55.339 μs, Q3 = 55.363 μs, Max = 55.466 μs
IQR = 0.047 μs, LowerFence = 55.246 μs, UpperFence = 55.433 μs
ConfidenceInterval = [55.291 μs; 55.407 μs] (CI 99.9%), Margin = 0.058 μs (0.10% of Mean)
Skewness = 0.85, Kurtosis = 2.93, MValue = 2
-------------------- Histogram --------------------
[55.238 μs ; 55.495 μs) | @@@@@@@@@@@@@@@
---------------------------------------------------

JsonSerializationBenchmarks.Utf8Json_Deserialize_Medium: Overhead-Fixed-NoEnergy-10(OutlierMode=DontRemove, IterationCount=15, IterationTime=1s, LaunchCount=1, WarmupCount=6)
Runtime = .NET 8.0.21 (8.0.21, 8.0.2125.47513), X64 RyuJIT x86-64-v4; GC = Concurrent Workstation
Mean = 62.481 μs, StdErr = 0.027 μs (0.04%), N = 15, StdDev = 0.106 μs
Min = 62.338 μs, Q1 = 62.421 μs, Median = 62.437 μs, Q3 = 62.536 μs, Max = 62.747 μs
IQR = 0.115 μs, LowerFence = 62.250 μs, UpperFence = 62.708 μs
ConfidenceInterval = [62.368 μs; 62.595 μs] (CI 99.9%), Margin = 0.114 μs (0.18% of Mean)
Skewness = 0.98, Kurtosis = 3.15, MValue = 2
-------------------- Histogram --------------------
[62.281 μs ; 62.804 μs) | @@@@@@@@@@@@@@@
---------------------------------------------------

JsonSerializationBenchmarks.Newtonsoft_Deserialize_Medium: Overhead-Fixed-NoEnergy-10(OutlierMode=DontRemove, IterationCount=15, IterationTime=1s, LaunchCount=1, WarmupCount=6)
Runtime = .NET 8.0.21 (8.0.21, 8.0.2125.47513), X64 RyuJIT x86-64-v4; GC = Concurrent Workstation
Mean = 67.210 μs, StdErr = 0.023 μs (0.03%), N = 15, StdDev = 0.087 μs
Min = 67.029 μs, Q1 = 67.163 μs, Median = 67.209 μs, Q3 = 67.271 μs, Max = 67.358 μs
IQR = 0.108 μs, LowerFence = 67.001 μs, UpperFence = 67.434 μs
ConfidenceInterval = [67.117 μs; 67.303 μs] (CI 99.9%), Margin = 0.093 μs (0.14% of Mean)
Skewness = -0.24, Kurtosis = 2.29, MValue = 2
-------------------- Histogram --------------------
[66.982 μs ; 67.404 μs) | @@@@@@@@@@@@@@@
---------------------------------------------------

JsonSerializationBenchmarks.SpanJson_Deserialize_Small: Overhead-Fixed-NoEnergy-10(OutlierMode=DontRemove, IterationCount=15, IterationTime=1s, LaunchCount=1, WarmupCount=6)
Runtime = .NET 8.0.21 (8.0.21, 8.0.2125.47513), X64 RyuJIT x86-64-v4; GC = Concurrent Workstation
Mean = 1.162 μs, StdErr = 0.000 μs (0.03%), N = 15, StdDev = 0.001 μs
Min = 1.159 μs, Q1 = 1.161 μs, Median = 1.162 μs, Q3 = 1.162 μs, Max = 1.165 μs
IQR = 0.001 μs, LowerFence = 1.160 μs, UpperFence = 1.164 μs
ConfidenceInterval = [1.160 μs; 1.163 μs] (CI 99.9%), Margin = 0.001 μs (0.12% of Mean)
Skewness = -0.11, Kurtosis = 4.11, MValue = 2
-------------------- Histogram --------------------
[1.158 μs ; 1.165 μs) | @@@@@@@@@@@@@@@
---------------------------------------------------

JsonSerializationBenchmarks.STJ_Deserialize_Small: Overhead-Fixed-NoEnergy-10(OutlierMode=DontRemove, IterationCount=15, IterationTime=1s, LaunchCount=1, WarmupCount=6)
Runtime = .NET 8.0.21 (8.0.21, 8.0.2125.47513), X64 RyuJIT x86-64-v4; GC = Concurrent Workstation
Mean = 1.970 μs, StdErr = 0.001 μs (0.03%), N = 15, StdDev = 0.002 μs
Min = 1.966 μs, Q1 = 1.969 μs, Median = 1.970 μs, Q3 = 1.972 μs, Max = 1.973 μs
IQR = 0.003 μs, LowerFence = 1.964 μs, UpperFence = 1.976 μs
ConfidenceInterval = [1.968 μs; 1.972 μs] (CI 99.9%), Margin = 0.002 μs (0.12% of Mean)
Skewness = -0.55, Kurtosis = 2.07, MValue = 2
-------------------- Histogram --------------------
[1.965 μs ; 1.974 μs) | @@@@@@@@@@@@@@@
---------------------------------------------------

JsonSerializationBenchmarks.Utf8Json_Deserialize_Small: Overhead-Fixed-NoEnergy-10(OutlierMode=DontRemove, IterationCount=15, IterationTime=1s, LaunchCount=1, WarmupCount=6)
Runtime = .NET 8.0.21 (8.0.21, 8.0.2125.47513), X64 RyuJIT x86-64-v4; GC = Concurrent Workstation
Mean = 2.003 μs, StdErr = 0.001 μs (0.04%), N = 15, StdDev = 0.003 μs
Min = 1.998 μs, Q1 = 2.001 μs, Median = 2.003 μs, Q3 = 2.005 μs, Max = 2.009 μs
IQR = 0.004 μs, LowerFence = 1.996 μs, UpperFence = 2.011 μs
ConfidenceInterval = [2.000 μs; 2.006 μs] (CI 99.9%), Margin = 0.003 μs (0.16% of Mean)
Skewness = 0.25, Kurtosis = 2.4, MValue = 2
-------------------- Histogram --------------------
[1.996 μs ; 2.011 μs) | @@@@@@@@@@@@@@@
---------------------------------------------------

JsonSerializationBenchmarks.Jil_Deserialize_Small: Overhead-Fixed-NoEnergy-10(OutlierMode=DontRemove, IterationCount=15, IterationTime=1s, LaunchCount=1, WarmupCount=6)
Runtime = .NET 8.0.21 (8.0.21, 8.0.2125.47513), X64 RyuJIT x86-64-v4; GC = Concurrent Workstation
Mean = 2.254 μs, StdErr = 0.001 μs (0.03%), N = 15, StdDev = 0.002 μs
Min = 2.250 μs, Q1 = 2.253 μs, Median = 2.254 μs, Q3 = 2.256 μs, Max = 2.258 μs
IQR = 0.003 μs, LowerFence = 2.249 μs, UpperFence = 2.260 μs
ConfidenceInterval = [2.252 μs; 2.257 μs] (CI 99.9%), Margin = 0.002 μs (0.10% of Mean)
Skewness = -0.12, Kurtosis = 2.23, MValue = 2
-------------------- Histogram --------------------
[2.249 μs ; 2.259 μs) | @@@@@@@@@@@@@@@
---------------------------------------------------

JsonSerializationBenchmarks.Newtonsoft_Deserialize_Small: Overhead-Fixed-NoEnergy-10(OutlierMode=DontRemove, IterationCount=15, IterationTime=1s, LaunchCount=1, WarmupCount=6)
Runtime = .NET 8.0.21 (8.0.21, 8.0.2125.47513), X64 RyuJIT x86-64-v4; GC = Concurrent Workstation
Mean = 3.450 μs, StdErr = 0.000 μs (0.01%), N = 15, StdDev = 0.002 μs
Min = 3.447 μs, Q1 = 3.449 μs, Median = 3.449 μs, Q3 = 3.450 μs, Max = 3.455 μs
IQR = 0.001 μs, LowerFence = 3.447 μs, UpperFence = 3.452 μs
ConfidenceInterval = [3.448 μs; 3.451 μs] (CI 99.9%), Margin = 0.002 μs (0.06% of Mean)
Skewness = 1.89, Kurtosis = 6.68, MValue = 2
-------------------- Histogram --------------------
[3.446 μs ; 3.456 μs) | @@@@@@@@@@@@@@@
---------------------------------------------------

JsonSerializationBenchmarks.SpanJson_Serialize_Large: Overhead-Fixed-NoEnergy-10(OutlierMode=DontRemove, IterationCount=15, IterationTime=1s, LaunchCount=1, WarmupCount=6)
Runtime = .NET 8.0.21 (8.0.21, 8.0.2125.47513), X64 RyuJIT x86-64-v4; GC = Concurrent Workstation
Mean = 159.111 μs, StdErr = 0.165 μs (0.10%), N = 15, StdDev = 0.640 μs
Min = 157.832 μs, Q1 = 158.707 μs, Median = 159.204 μs, Q3 = 159.458 μs, Max = 160.088 μs
IQR = 0.751 μs, LowerFence = 157.580 μs, UpperFence = 160.585 μs
ConfidenceInterval = [158.428 μs; 159.795 μs] (CI 99.9%), Margin = 0.684 μs (0.43% of Mean)
Skewness = -0.37, Kurtosis = 2.11, MValue = 2
-------------------- Histogram --------------------
[157.491 μs ; 160.428 μs) | @@@@@@@@@@@@@@@
---------------------------------------------------

JsonSerializationBenchmarks.STJ_Serialize_Large: Overhead-Fixed-NoEnergy-10(OutlierMode=DontRemove, IterationCount=15, IterationTime=1s, LaunchCount=1, WarmupCount=6)
Runtime = .NET 8.0.21 (8.0.21, 8.0.2125.47513), X64 RyuJIT x86-64-v4; GC = Concurrent Workstation
Mean = 188.433 μs, StdErr = 0.121 μs (0.06%), N = 15, StdDev = 0.469 μs
Min = 188.043 μs, Q1 = 188.109 μs, Median = 188.255 μs, Q3 = 188.493 μs, Max = 189.641 μs
IQR = 0.383 μs, LowerFence = 187.535 μs, UpperFence = 189.067 μs
ConfidenceInterval = [187.932 μs; 188.935 μs] (CI 99.9%), Margin = 0.501 μs (0.27% of Mean)
Skewness = 1.33, Kurtosis = 3.57, MValue = 2
-------------------- Histogram --------------------
[187.794 μs ; 189.890 μs) | @@@@@@@@@@@@@@@
---------------------------------------------------

JsonSerializationBenchmarks.Jil_Serialize_Large: Overhead-Fixed-NoEnergy-10(OutlierMode=DontRemove, IterationCount=15, IterationTime=1s, LaunchCount=1, WarmupCount=6)
Runtime = .NET 8.0.21 (8.0.21, 8.0.2125.47513), X64 RyuJIT x86-64-v4; GC = Concurrent Workstation
Mean = 274.625 μs, StdErr = 0.078 μs (0.03%), N = 15, StdDev = 0.301 μs
Min = 274.243 μs, Q1 = 274.492 μs, Median = 274.573 μs, Q3 = 274.669 μs, Max = 275.394 μs
IQR = 0.177 μs, LowerFence = 274.226 μs, UpperFence = 274.935 μs
ConfidenceInterval = [274.302 μs; 274.947 μs] (CI 99.9%), Margin = 0.322 μs (0.12% of Mean)
Skewness = 1.23, Kurtosis = 3.85, MValue = 2
-------------------- Histogram --------------------
[274.083 μs ; 275.554 μs) | @@@@@@@@@@@@@@@
---------------------------------------------------

JsonSerializationBenchmarks.Utf8Json_Serialize_Large: Overhead-Fixed-NoEnergy-10(OutlierMode=DontRemove, IterationCount=15, IterationTime=1s, LaunchCount=1, WarmupCount=6)
Runtime = .NET 8.0.21 (8.0.21, 8.0.2125.47513), X64 RyuJIT x86-64-v4; GC = Concurrent Workstation
Mean = 277.254 μs, StdErr = 0.180 μs (0.07%), N = 15, StdDev = 0.698 μs
Min = 276.248 μs, Q1 = 276.684 μs, Median = 277.194 μs, Q3 = 277.833 μs, Max = 278.319 μs
IQR = 1.148 μs, LowerFence = 274.962 μs, UpperFence = 279.555 μs
ConfidenceInterval = [276.508 μs; 278.001 μs] (CI 99.9%), Margin = 0.747 μs (0.27% of Mean)
Skewness = 0.19, Kurtosis = 1.57, MValue = 2
-------------------- Histogram --------------------
[275.877 μs ; 278.690 μs) | @@@@@@@@@@@@@@@
---------------------------------------------------

JsonSerializationBenchmarks.Newtonsoft_Serialize_Large: Overhead-Fixed-NoEnergy-10(OutlierMode=DontRemove, IterationCount=15, IterationTime=1s, LaunchCount=1, WarmupCount=6)
Runtime = .NET 8.0.21 (8.0.21, 8.0.2125.47513), X64 RyuJIT x86-64-v4; GC = Concurrent Workstation
Mean = 298.876 μs, StdErr = 0.061 μs (0.02%), N = 15, StdDev = 0.237 μs
Min = 298.602 μs, Q1 = 298.736 μs, Median = 298.807 μs, Q3 = 298.943 μs, Max = 299.538 μs
IQR = 0.207 μs, LowerFence = 298.426 μs, UpperFence = 299.253 μs
ConfidenceInterval = [298.623 μs; 299.129 μs] (CI 99.9%), Margin = 0.253 μs (0.08% of Mean)
Skewness = 1.43, Kurtosis = 4.47, MValue = 2
-------------------- Histogram --------------------
[298.476 μs ; 299.664 μs) | @@@@@@@@@@@@@@@
---------------------------------------------------

JsonSerializationBenchmarks.Jil_Serialize_Medium: Overhead-Fixed-NoEnergy-10(OutlierMode=DontRemove, IterationCount=15, IterationTime=1s, LaunchCount=1, WarmupCount=6)
Runtime = .NET 8.0.21 (8.0.21, 8.0.2125.47513), X64 RyuJIT x86-64-v4; GC = Concurrent Workstation
Mean = 37.948 μs, StdErr = 0.014 μs (0.04%), N = 15, StdDev = 0.054 μs
Min = 37.800 μs, Q1 = 37.934 μs, Median = 37.950 μs, Q3 = 37.971 μs, Max = 38.044 μs
IQR = 0.037 μs, LowerFence = 37.877 μs, UpperFence = 38.027 μs
ConfidenceInterval = [37.890 μs; 38.006 μs] (CI 99.9%), Margin = 0.058 μs (0.15% of Mean)
Skewness = -0.93, Kurtosis = 4.62, MValue = 2
-------------------- Histogram --------------------
[37.771 μs ; 38.072 μs) | @@@@@@@@@@@@@@@
---------------------------------------------------

JsonSerializationBenchmarks.SpanJson_Serialize_Medium: Overhead-Fixed-NoEnergy-10(OutlierMode=DontRemove, IterationCount=15, IterationTime=1s, LaunchCount=1, WarmupCount=6)
Runtime = .NET 8.0.21 (8.0.21, 8.0.2125.47513), X64 RyuJIT x86-64-v4; GC = Concurrent Workstation
Mean = 39.075 μs, StdErr = 0.126 μs (0.32%), N = 15, StdDev = 0.488 μs
Min = 38.187 μs, Q1 = 38.830 μs, Median = 39.323 μs, Q3 = 39.385 μs, Max = 39.558 μs
IQR = 0.555 μs, LowerFence = 37.998 μs, UpperFence = 40.217 μs
ConfidenceInterval = [38.554 μs; 39.597 μs] (CI 99.9%), Margin = 0.522 μs (1.34% of Mean)
Skewness = -0.89, Kurtosis = 1.93, MValue = 2
-------------------- Histogram --------------------
[37.927 μs ; 38.733 μs) | @@@@
[38.733 μs ; 39.747 μs) | @@@@@@@@@@@
---------------------------------------------------

JsonSerializationBenchmarks.STJ_Serialize_Medium: Overhead-Fixed-NoEnergy-10(OutlierMode=DontRemove, IterationCount=15, IterationTime=1s, LaunchCount=1, WarmupCount=6)
Runtime = .NET 8.0.21 (8.0.21, 8.0.2125.47513), X64 RyuJIT x86-64-v4; GC = Concurrent Workstation
Mean = 44.558 μs, StdErr = 0.023 μs (0.05%), N = 15, StdDev = 0.090 μs
Min = 44.388 μs, Q1 = 44.525 μs, Median = 44.551 μs, Q3 = 44.625 μs, Max = 44.705 μs
IQR = 0.101 μs, LowerFence = 44.374 μs, UpperFence = 44.776 μs
ConfidenceInterval = [44.462 μs; 44.655 μs] (CI 99.9%), Margin = 0.096 μs (0.22% of Mean)
Skewness = -0.25, Kurtosis = 2.1, MValue = 2
-------------------- Histogram --------------------
[44.340 μs ; 44.753 μs) | @@@@@@@@@@@@@@@
---------------------------------------------------

JsonSerializationBenchmarks.Newtonsoft_Serialize_Medium: Overhead-Fixed-NoEnergy-10(OutlierMode=DontRemove, IterationCount=15, IterationTime=1s, LaunchCount=1, WarmupCount=6)
Runtime = .NET 8.0.21 (8.0.21, 8.0.2125.47513), X64 RyuJIT x86-64-v4; GC = Concurrent Workstation
Mean = 51.008 μs, StdErr = 0.023 μs (0.05%), N = 15, StdDev = 0.089 μs
Min = 50.849 μs, Q1 = 50.979 μs, Median = 50.994 μs, Q3 = 51.042 μs, Max = 51.209 μs
IQR = 0.064 μs, LowerFence = 50.883 μs, UpperFence = 51.138 μs
ConfidenceInterval = [50.912 μs; 51.103 μs] (CI 99.9%), Margin = 0.096 μs (0.19% of Mean)
Skewness = 0.42, Kurtosis = 3.03, MValue = 2
-------------------- Histogram --------------------
[50.802 μs ; 51.256 μs) | @@@@@@@@@@@@@@@
---------------------------------------------------

JsonSerializationBenchmarks.Utf8Json_Serialize_Medium: Overhead-Fixed-NoEnergy-10(OutlierMode=DontRemove, IterationCount=15, IterationTime=1s, LaunchCount=1, WarmupCount=6)
Runtime = .NET 8.0.21 (8.0.21, 8.0.2125.47513), X64 RyuJIT x86-64-v4; GC = Concurrent Workstation
Mean = 59.931 μs, StdErr = 0.302 μs (0.50%), N = 15, StdDev = 1.171 μs
Min = 58.377 μs, Q1 = 59.140 μs, Median = 59.900 μs, Q3 = 60.271 μs, Max = 62.449 μs
IQR = 1.131 μs, LowerFence = 57.444 μs, UpperFence = 61.968 μs
ConfidenceInterval = [58.678 μs; 61.183 μs] (CI 99.9%), Margin = 1.252 μs (2.09% of Mean)
Skewness = 0.65, Kurtosis = 2.38, MValue = 2
-------------------- Histogram --------------------
[57.753 μs ; 59.063 μs) | @@@
[59.063 μs ; 62.497 μs) | @@@@@@@@@@@@
---------------------------------------------------

JsonSerializationBenchmarks.Utf8Json_Serialize_Small: Overhead-Fixed-NoEnergy-10(OutlierMode=DontRemove, IterationCount=15, IterationTime=1s, LaunchCount=1, WarmupCount=6)
Runtime = .NET 8.0.21 (8.0.21, 8.0.2125.47513), X64 RyuJIT x86-64-v4; GC = Concurrent Workstation
Mean = 960.158 ns, StdErr = 0.826 ns (0.09%), N = 15, StdDev = 3.199 ns
Min = 953.905 ns, Q1 = 958.042 ns, Median = 960.486 ns, Q3 = 963.164 ns, Max = 964.177 ns
IQR = 5.123 ns, LowerFence = 950.357 ns, UpperFence = 970.848 ns
ConfidenceInterval = [956.738 ns; 963.577 ns] (CI 99.9%), Margin = 3.420 ns (0.36% of Mean)
Skewness = -0.36, Kurtosis = 1.73, MValue = 2
-------------------- Histogram --------------------
[952.203 ns ; 965.880 ns) | @@@@@@@@@@@@@@@
---------------------------------------------------

JsonSerializationBenchmarks.SpanJson_Serialize_Small: Overhead-Fixed-NoEnergy-10(OutlierMode=DontRemove, IterationCount=15, IterationTime=1s, LaunchCount=1, WarmupCount=6)
Runtime = .NET 8.0.21 (8.0.21, 8.0.2125.47513), X64 RyuJIT x86-64-v4; GC = Concurrent Workstation
Mean = 1.208 μs, StdErr = 0.001 μs (0.05%), N = 15, StdDev = 0.003 μs
Min = 1.203 μs, Q1 = 1.207 μs, Median = 1.209 μs, Q3 = 1.210 μs, Max = 1.211 μs
IQR = 0.003 μs, LowerFence = 1.202 μs, UpperFence = 1.215 μs
ConfidenceInterval = [1.205 μs; 1.211 μs] (CI 99.9%), Margin = 0.003 μs (0.23% of Mean)
Skewness = -0.62, Kurtosis = 1.88, MValue = 2
-------------------- Histogram --------------------
[1.202 μs ; 1.212 μs) | @@@@@@@@@@@@@@@
---------------------------------------------------

JsonSerializationBenchmarks.STJ_Serialize_Small: Overhead-Fixed-NoEnergy-10(OutlierMode=DontRemove, IterationCount=15, IterationTime=1s, LaunchCount=1, WarmupCount=6)
Runtime = .NET 8.0.21 (8.0.21, 8.0.2125.47513), X64 RyuJIT x86-64-v4; GC = Concurrent Workstation
Mean = 1.341 μs, StdErr = 0.001 μs (0.08%), N = 15, StdDev = 0.004 μs
Min = 1.336 μs, Q1 = 1.338 μs, Median = 1.341 μs, Q3 = 1.344 μs, Max = 1.349 μs
IQR = 0.006 μs, LowerFence = 1.330 μs, UpperFence = 1.352 μs
ConfidenceInterval = [1.337 μs; 1.345 μs] (CI 99.9%), Margin = 0.004 μs (0.31% of Mean)
Skewness = 0.34, Kurtosis = 1.99, MValue = 2
-------------------- Histogram --------------------
[1.334 μs ; 1.351 μs) | @@@@@@@@@@@@@@@
---------------------------------------------------

JsonSerializationBenchmarks.Jil_Serialize_Small: Overhead-Fixed-NoEnergy-10(OutlierMode=DontRemove, IterationCount=15, IterationTime=1s, LaunchCount=1, WarmupCount=6)
Runtime = .NET 8.0.21 (8.0.21, 8.0.2125.47513), X64 RyuJIT x86-64-v4; GC = Concurrent Workstation
Mean = 1.703 μs, StdErr = 0.001 μs (0.03%), N = 15, StdDev = 0.002 μs
Min = 1.698 μs, Q1 = 1.702 μs, Median = 1.703 μs, Q3 = 1.704 μs, Max = 1.707 μs
IQR = 0.003 μs, LowerFence = 1.698 μs, UpperFence = 1.708 μs
ConfidenceInterval = [1.701 μs; 1.705 μs] (CI 99.9%), Margin = 0.002 μs (0.14% of Mean)
Skewness = -0.31, Kurtosis = 2.27, MValue = 2
-------------------- Histogram --------------------
[1.697 μs ; 1.708 μs) | @@@@@@@@@@@@@@@
---------------------------------------------------

JsonSerializationBenchmarks.Newtonsoft_Serialize_Small: Overhead-Fixed-NoEnergy-10(OutlierMode=DontRemove, IterationCount=15, IterationTime=1s, LaunchCount=1, WarmupCount=6)
Runtime = .NET 8.0.21 (8.0.21, 8.0.2125.47513), X64 RyuJIT x86-64-v4; GC = Concurrent Workstation
Mean = 2.171 μs, StdErr = 0.001 μs (0.05%), N = 15, StdDev = 0.004 μs
Min = 2.168 μs, Q1 = 2.169 μs, Median = 2.169 μs, Q3 = 2.171 μs, Max = 2.182 μs
IQR = 0.002 μs, LowerFence = 2.165 μs, UpperFence = 2.175 μs
ConfidenceInterval = [2.167 μs; 2.176 μs] (CI 99.9%), Margin = 0.004 μs (0.20% of Mean)
Skewness = 1.49, Kurtosis = 3.93, MValue = 2
-------------------- Histogram --------------------
[2.166 μs ; 2.184 μs) | @@@@@@@@@@@@@@@
---------------------------------------------------

// * Summary *

BenchmarkDotNet v0.15.5-develop (2025-12-31), Linux Ubuntu 24.04.3 LTS (Noble Numbat)
11th Gen Intel Core i7-11700KF 3.60GHz (Max: 0.80GHz), 1 CPU, 16 logical and 8 physical cores
.NET SDK 8.0.121
  [Host]                     : .NET 8.0.21 (8.0.21, 8.0.2125.47513), X64 RyuJIT x86-64-v4
  Overhead-Fixed-NoEnergy-10 : .NET 8.0.21 (8.0.21, 8.0.2125.47513), X64 RyuJIT x86-64-v4

Job=Overhead-Fixed-NoEnergy-10  OutlierMode=DontRemove  IterationCount=15  
IterationTime=1s  LaunchCount=1  WarmupCount=6  

| Method                        | Mean         | Error       | StdDev      | Operations | Iterations | Ratio | MannWhitney(3%) | RatioSD | Rank |
|------------------------------ |-------------:|------------:|------------:|-----------:|-----------:|------:|---------------- |--------:|-----:|
| SpanJson_Deserialize_Large    | 149,902.2 ns |    92.68 ns |    86.69 ns |      6,675 |      15.00 |  0.75 | Faster          |    0.00 |    1 |
| STJ_Deserialize_Large         | 200,551.0 ns |   460.71 ns |   430.95 ns |      4,992 |      15.00 |  1.00 | Baseline        |    0.00 |    2 |
| Jil_Deserialize_Large         | 214,622.2 ns |   213.45 ns |   199.66 ns |      4,659 |      15.00 |  1.07 | Slower          |    0.00 |    3 |
| Newtonsoft_Deserialize_Large  | 240,902.2 ns |   236.70 ns |   221.41 ns |      4,160 |      15.00 |  1.20 | Slower          |    0.00 |    4 |
| Utf8Json_Deserialize_Large    | 281,339.4 ns | 1,229.50 ns | 1,150.07 ns |      3,504 |      15.00 |  1.40 | Slower          |    0.01 |    5 |
|                               |              |             |             |            |            |       |                 |         |      |
| SpanJson_Deserialize_Medium   |  38,429.1 ns |    72.72 ns |    68.02 ns |     26,080 |      15.00 |  0.72 | Faster          |    0.00 |    1 |
| STJ_Deserialize_Medium        |  53,081.0 ns |   102.39 ns |    95.78 ns |     18,848 |      15.00 |  1.00 | Baseline        |    0.00 |    2 |
| Jil_Deserialize_Medium        |  55,349.2 ns |    57.88 ns |    54.14 ns |     18,073 |      15.00 |  1.04 | Slower          |    0.00 |    3 |
| Utf8Json_Deserialize_Medium   |  62,481.3 ns |   113.75 ns |   106.40 ns |     16,032 |      15.00 |  1.18 | Slower          |    0.00 |    4 |
| Newtonsoft_Deserialize_Medium |  67,210.0 ns |    93.46 ns |    87.42 ns |     14,864 |      15.00 |  1.27 | Slower          |    0.00 |    5 |
|                               |              |             |             |            |            |       |                 |         |      |
| SpanJson_Deserialize_Small    |   1,161.7 ns |     1.39 ns |     1.30 ns |    860,304 |      15.00 |  0.59 | Faster          |    0.00 |    1 |
| STJ_Deserialize_Small         |   1,970.0 ns |     2.39 ns |     2.23 ns |    509,280 |      15.00 |  1.00 | Baseline        |    0.00 |    2 |
| Utf8Json_Deserialize_Small    |   2,003.2 ns |     3.15 ns |     2.94 ns |    499,040 |      15.00 |  1.02 | Same            |    0.00 |    2 |
| Jil_Deserialize_Small         |   2,254.3 ns |     2.35 ns |     2.20 ns |    443,703 |      15.00 |  1.14 | Slower          |    0.00 |    3 |
| Newtonsoft_Deserialize_Small  |   3,449.5 ns |     1.95 ns |     1.82 ns |    289,808 |      15.00 |  1.75 | Slower          |    0.00 |    4 |
|                               |              |             |             |            |            |       |                 |         |      |
| SpanJson_Serialize_Large      | 159,111.4 ns |   683.91 ns |   639.73 ns |      6,280 |      15.00 |  0.84 | Faster          |    0.00 |    1 |
| STJ_Serialize_Large           | 188,433.2 ns |   501.40 ns |   469.01 ns |      5,328 |      15.00 |  1.00 | Baseline        |    0.00 |    2 |
| Jil_Serialize_Large           | 274,624.6 ns |   322.22 ns |   301.40 ns |      3,642 |      15.00 |  1.46 | Slower          |    0.00 |    3 |
| Utf8Json_Serialize_Large      | 277,254.4 ns |   746.74 ns |   698.50 ns |      3,616 |      15.00 |  1.47 | Slower          |    0.01 |    3 |
| Newtonsoft_Serialize_Large    | 298,875.7 ns |   253.10 ns |   236.75 ns |      3,344 |      15.00 |  1.59 | Slower          |    0.00 |    4 |
|                               |              |             |             |            |            |       |                 |         |      |
| Jil_Serialize_Medium          |  37,948.0 ns |    57.58 ns |    53.86 ns |     26,438 |      15.00 |  0.85 | Faster          |    0.00 |    1 |
| SpanJson_Serialize_Medium     |  39,075.3 ns |   521.75 ns |   488.05 ns |     25,664 |      15.00 |  0.88 | Faster          |    0.01 |    1 |
| STJ_Serialize_Medium          |  44,558.4 ns |    96.19 ns |    89.98 ns |     22,400 |      15.00 |  1.00 | Baseline        |    0.00 |    2 |
| Newtonsoft_Serialize_Medium   |  51,007.6 ns |    95.52 ns |    89.35 ns |     19,600 |      15.00 |  1.14 | Slower          |    0.00 |    3 |
| Utf8Json_Serialize_Medium     |  59,930.6 ns | 1,252.23 ns | 1,171.34 ns |     17,136 |      15.00 |  1.34 | Slower          |    0.03 |    4 |
|                               |              |             |             |            |            |       |                 |         |      |
| Utf8Json_Serialize_Small      |     960.2 ns |     3.42 ns |     3.20 ns |  1,037,904 |      15.00 |  0.72 | Faster          |    0.00 |    1 |
| SpanJson_Serialize_Small      |   1,207.9 ns |     2.75 ns |     2.57 ns |    825,328 |      15.00 |  0.90 | Faster          |    0.00 |    2 |
| STJ_Serialize_Small           |   1,341.3 ns |     4.21 ns |     3.94 ns |    743,760 |      15.00 |  1.00 | Baseline        |    0.00 |    3 |
| Jil_Serialize_Small           |   1,703.1 ns |     2.40 ns |     2.25 ns |    583,231 |      15.00 |  1.27 | Slower          |    0.00 |    4 |
| Newtonsoft_Serialize_Small    |   2,171.1 ns |     4.45 ns |     4.16 ns |    462,128 |      15.00 |  1.62 | Slower          |    0.01 |    5 |

// * Hints *
Outliers
  JsonSerializationBenchmarks.STJ_Deserialize_Large: Overhead-Fixed-NoEnergy-10        -> 1 outlier  was  detected (201.90 μs)
  JsonSerializationBenchmarks.Jil_Deserialize_Large: Overhead-Fixed-NoEnergy-10        -> 1 outlier  was  detected (214.00 μs)
  JsonSerializationBenchmarks.Newtonsoft_Deserialize_Large: Overhead-Fixed-NoEnergy-10 -> 1 outlier  was  detected (241.59 μs)
  JsonSerializationBenchmarks.Utf8Json_Deserialize_Large: Overhead-Fixed-NoEnergy-10   -> 1 outlier  was  detected (285.40 μs)
  JsonSerializationBenchmarks.SpanJson_Deserialize_Medium: Overhead-Fixed-NoEnergy-10  -> 1 outlier  was  detected (38.59 μs)
  JsonSerializationBenchmarks.STJ_Deserialize_Medium: Overhead-Fixed-NoEnergy-10       -> 2 outliers were detected (53.12 μs, 53.42 μs)
  JsonSerializationBenchmarks.Jil_Deserialize_Medium: Overhead-Fixed-NoEnergy-10       -> 2 outliers were detected (55.46 μs, 55.47 μs)
  JsonSerializationBenchmarks.Utf8Json_Deserialize_Medium: Overhead-Fixed-NoEnergy-10  -> 1 outlier  was  detected (62.75 μs)
  JsonSerializationBenchmarks.SpanJson_Deserialize_Small: Overhead-Fixed-NoEnergy-10   -> 2 outliers were detected (1.16 μs, 1.17 μs)
  JsonSerializationBenchmarks.Newtonsoft_Deserialize_Small: Overhead-Fixed-NoEnergy-10 -> 1 outlier  was  detected (3.46 μs)
  JsonSerializationBenchmarks.STJ_Serialize_Large: Overhead-Fixed-NoEnergy-10          -> 2 outliers were detected (189.18 μs, 189.64 μs)
  JsonSerializationBenchmarks.Jil_Serialize_Large: Overhead-Fixed-NoEnergy-10          -> 2 outliers were detected (275.17 μs, 275.39 μs)
  JsonSerializationBenchmarks.Newtonsoft_Serialize_Large: Overhead-Fixed-NoEnergy-10   -> 1 outlier  was  detected (299.54 μs)
  JsonSerializationBenchmarks.Jil_Serialize_Medium: Overhead-Fixed-NoEnergy-10         -> 2 outliers were detected (37.80 μs, 38.04 μs)
  JsonSerializationBenchmarks.Newtonsoft_Serialize_Medium: Overhead-Fixed-NoEnergy-10  -> 4 outliers were detected (50.85 μs, 50.88 μs, 51.15 μs, 51.21 μs)
  JsonSerializationBenchmarks.Utf8Json_Serialize_Medium: Overhead-Fixed-NoEnergy-10    -> 1 outlier  was  detected (62.45 μs)
  JsonSerializationBenchmarks.Newtonsoft_Serialize_Small: Overhead-Fixed-NoEnergy-10   -> 3 outliers were detected (2.18 μs..2.19 μs)

// * Legends *
  Mean            : Arithmetic mean of all measurements
  Error           : Half of 99.9% confidence interval
  StdDev          : Standard deviation of all measurements
  Operations      : Actual invocations per measured iteration (from measurements)
  Iterations      : Number of target iterations
  Ratio           : Mean of the ratio distribution ([Current]/[Baseline])
  MannWhitney(3%) : MannWhitney-based equivalence test (threshold=3%, alpha = 1E-05)
  RatioSD         : Standard deviation of the ratio distribution ([Current]/[Baseline])
  Rank            : Relative position of current benchmark mean among all benchmarks (Arabic style)
  1 ns            : 1 Nanosecond (0.000000001 sec)

// ***** BenchmarkRunner: End *****
Run time: 00:13:29 (809.05 sec), executed benchmarks: 30

Global total time: 00:13:41 (821.76 sec), executed benchmarks: 30
// * Artifacts cleanup *
Artifacts cleanup is finished
