// Validating benchmarks:
// ***** BenchmarkRunner: Start   *****
// ***** Found 30 benchmark(s) in total *****
// ***** Building 1 exe(s) in Parallel: Start   *****
// start dotnet  restore --nodeReuse:false /p:UseSharedCompilation=false /p:Deterministic=true /p:Optimize=true /p:ArtifactsPath="/home/test/rapl-tests/lib-energy-bench/src/Serialization.Bench/bin/Release/net8.0/Serialization.Bench-Overhead-Fixed-NoEnergy-5-1/" /p:OutDir="/home/test/rapl-tests/lib-energy-bench/src/Serialization.Bench/bin/Release/net8.0/Serialization.Bench-Overhead-Fixed-NoEnergy-5-1/bin/Release/net8.0/" /p:OutputPath="/home/test/rapl-tests/lib-energy-bench/src/Serialization.Bench/bin/Release/net8.0/Serialization.Bench-Overhead-Fixed-NoEnergy-5-1/bin/Release/net8.0/" /p:PublishDir="/home/test/rapl-tests/lib-energy-bench/src/Serialization.Bench/bin/Release/net8.0/Serialization.Bench-Overhead-Fixed-NoEnergy-5-1/publish/" in /home/test/rapl-tests/lib-energy-bench/src/Serialization.Bench/bin/Release/net8.0/Serialization.Bench-Overhead-Fixed-NoEnergy-5-1
// command took 1.04 sec and exited with 0
// start dotnet  build -c Release --no-restore --nodeReuse:false /p:UseSharedCompilation=false /p:Deterministic=true /p:Optimize=true /p:ArtifactsPath="/home/test/rapl-tests/lib-energy-bench/src/Serialization.Bench/bin/Release/net8.0/Serialization.Bench-Overhead-Fixed-NoEnergy-5-1/" /p:OutDir="/home/test/rapl-tests/lib-energy-bench/src/Serialization.Bench/bin/Release/net8.0/Serialization.Bench-Overhead-Fixed-NoEnergy-5-1/bin/Release/net8.0/" /p:OutputPath="/home/test/rapl-tests/lib-energy-bench/src/Serialization.Bench/bin/Release/net8.0/Serialization.Bench-Overhead-Fixed-NoEnergy-5-1/bin/Release/net8.0/" /p:PublishDir="/home/test/rapl-tests/lib-energy-bench/src/Serialization.Bench/bin/Release/net8.0/Serialization.Bench-Overhead-Fixed-NoEnergy-5-1/publish/" --output "/home/test/rapl-tests/lib-energy-bench/src/Serialization.Bench/bin/Release/net8.0/Serialization.Bench-Overhead-Fixed-NoEnergy-5-1/bin/Release/net8.0/" in /home/test/rapl-tests/lib-energy-bench/src/Serialization.Bench/bin/Release/net8.0/Serialization.Bench-Overhead-Fixed-NoEnergy-5-1
// command took 9.34 sec and exited with 0
// ***** Done, took 00:00:10 (10.43 sec)   *****
// Found 30 benchmarks:
//   JsonSerializationBenchmarks.STJ_Deserialize_Large: Overhead-Fixed-NoEnergy-5(OutlierMode=DontRemove, IterationCount=15, IterationTime=1s, LaunchCount=1, WarmupCount=6)
//   JsonSerializationBenchmarks.Newtonsoft_Deserialize_Large: Overhead-Fixed-NoEnergy-5(OutlierMode=DontRemove, IterationCount=15, IterationTime=1s, LaunchCount=1, WarmupCount=6)
//   JsonSerializationBenchmarks.Jil_Deserialize_Large: Overhead-Fixed-NoEnergy-5(OutlierMode=DontRemove, IterationCount=15, IterationTime=1s, LaunchCount=1, WarmupCount=6)
//   JsonSerializationBenchmarks.Utf8Json_Deserialize_Large: Overhead-Fixed-NoEnergy-5(OutlierMode=DontRemove, IterationCount=15, IterationTime=1s, LaunchCount=1, WarmupCount=6)
//   JsonSerializationBenchmarks.SpanJson_Deserialize_Large: Overhead-Fixed-NoEnergy-5(OutlierMode=DontRemove, IterationCount=15, IterationTime=1s, LaunchCount=1, WarmupCount=6)
//   JsonSerializationBenchmarks.STJ_Deserialize_Medium: Overhead-Fixed-NoEnergy-5(OutlierMode=DontRemove, IterationCount=15, IterationTime=1s, LaunchCount=1, WarmupCount=6)
//   JsonSerializationBenchmarks.Newtonsoft_Deserialize_Medium: Overhead-Fixed-NoEnergy-5(OutlierMode=DontRemove, IterationCount=15, IterationTime=1s, LaunchCount=1, WarmupCount=6)
//   JsonSerializationBenchmarks.Jil_Deserialize_Medium: Overhead-Fixed-NoEnergy-5(OutlierMode=DontRemove, IterationCount=15, IterationTime=1s, LaunchCount=1, WarmupCount=6)
//   JsonSerializationBenchmarks.Utf8Json_Deserialize_Medium: Overhead-Fixed-NoEnergy-5(OutlierMode=DontRemove, IterationCount=15, IterationTime=1s, LaunchCount=1, WarmupCount=6)
//   JsonSerializationBenchmarks.SpanJson_Deserialize_Medium: Overhead-Fixed-NoEnergy-5(OutlierMode=DontRemove, IterationCount=15, IterationTime=1s, LaunchCount=1, WarmupCount=6)
//   JsonSerializationBenchmarks.STJ_Deserialize_Small: Overhead-Fixed-NoEnergy-5(OutlierMode=DontRemove, IterationCount=15, IterationTime=1s, LaunchCount=1, WarmupCount=6)
//   JsonSerializationBenchmarks.Newtonsoft_Deserialize_Small: Overhead-Fixed-NoEnergy-5(OutlierMode=DontRemove, IterationCount=15, IterationTime=1s, LaunchCount=1, WarmupCount=6)
//   JsonSerializationBenchmarks.Jil_Deserialize_Small: Overhead-Fixed-NoEnergy-5(OutlierMode=DontRemove, IterationCount=15, IterationTime=1s, LaunchCount=1, WarmupCount=6)
//   JsonSerializationBenchmarks.Utf8Json_Deserialize_Small: Overhead-Fixed-NoEnergy-5(OutlierMode=DontRemove, IterationCount=15, IterationTime=1s, LaunchCount=1, WarmupCount=6)
//   JsonSerializationBenchmarks.SpanJson_Deserialize_Small: Overhead-Fixed-NoEnergy-5(OutlierMode=DontRemove, IterationCount=15, IterationTime=1s, LaunchCount=1, WarmupCount=6)
//   JsonSerializationBenchmarks.STJ_Serialize_Large: Overhead-Fixed-NoEnergy-5(OutlierMode=DontRemove, IterationCount=15, IterationTime=1s, LaunchCount=1, WarmupCount=6)
//   JsonSerializationBenchmarks.Newtonsoft_Serialize_Large: Overhead-Fixed-NoEnergy-5(OutlierMode=DontRemove, IterationCount=15, IterationTime=1s, LaunchCount=1, WarmupCount=6)
//   JsonSerializationBenchmarks.Jil_Serialize_Large: Overhead-Fixed-NoEnergy-5(OutlierMode=DontRemove, IterationCount=15, IterationTime=1s, LaunchCount=1, WarmupCount=6)
//   JsonSerializationBenchmarks.Utf8Json_Serialize_Large: Overhead-Fixed-NoEnergy-5(OutlierMode=DontRemove, IterationCount=15, IterationTime=1s, LaunchCount=1, WarmupCount=6)
//   JsonSerializationBenchmarks.SpanJson_Serialize_Large: Overhead-Fixed-NoEnergy-5(OutlierMode=DontRemove, IterationCount=15, IterationTime=1s, LaunchCount=1, WarmupCount=6)
//   JsonSerializationBenchmarks.STJ_Serialize_Medium: Overhead-Fixed-NoEnergy-5(OutlierMode=DontRemove, IterationCount=15, IterationTime=1s, LaunchCount=1, WarmupCount=6)
//   JsonSerializationBenchmarks.Newtonsoft_Serialize_Medium: Overhead-Fixed-NoEnergy-5(OutlierMode=DontRemove, IterationCount=15, IterationTime=1s, LaunchCount=1, WarmupCount=6)
//   JsonSerializationBenchmarks.Jil_Serialize_Medium: Overhead-Fixed-NoEnergy-5(OutlierMode=DontRemove, IterationCount=15, IterationTime=1s, LaunchCount=1, WarmupCount=6)
//   JsonSerializationBenchmarks.Utf8Json_Serialize_Medium: Overhead-Fixed-NoEnergy-5(OutlierMode=DontRemove, IterationCount=15, IterationTime=1s, LaunchCount=1, WarmupCount=6)
//   JsonSerializationBenchmarks.SpanJson_Serialize_Medium: Overhead-Fixed-NoEnergy-5(OutlierMode=DontRemove, IterationCount=15, IterationTime=1s, LaunchCount=1, WarmupCount=6)
//   JsonSerializationBenchmarks.STJ_Serialize_Small: Overhead-Fixed-NoEnergy-5(OutlierMode=DontRemove, IterationCount=15, IterationTime=1s, LaunchCount=1, WarmupCount=6)
//   JsonSerializationBenchmarks.Newtonsoft_Serialize_Small: Overhead-Fixed-NoEnergy-5(OutlierMode=DontRemove, IterationCount=15, IterationTime=1s, LaunchCount=1, WarmupCount=6)
//   JsonSerializationBenchmarks.Jil_Serialize_Small: Overhead-Fixed-NoEnergy-5(OutlierMode=DontRemove, IterationCount=15, IterationTime=1s, LaunchCount=1, WarmupCount=6)
//   JsonSerializationBenchmarks.Utf8Json_Serialize_Small: Overhead-Fixed-NoEnergy-5(OutlierMode=DontRemove, IterationCount=15, IterationTime=1s, LaunchCount=1, WarmupCount=6)
//   JsonSerializationBenchmarks.SpanJson_Serialize_Small: Overhead-Fixed-NoEnergy-5(OutlierMode=DontRemove, IterationCount=15, IterationTime=1s, LaunchCount=1, WarmupCount=6)

// **************************
// Benchmark: JsonSerializationBenchmarks.STJ_Deserialize_Large: Overhead-Fixed-NoEnergy-5(OutlierMode=DontRemove, IterationCount=15, IterationTime=1s, LaunchCount=1, WarmupCount=6)
// *** Execute ***
// Launch: 1 / 1
// Execute: dotnet Serialization.Bench-Overhead-Fixed-NoEnergy-5-1.dll --anonymousPipes 101 102 --benchmarkName Serialization.Bench.JsonSerializationBenchmarks.STJ_Deserialize_Large --job Overhead-Fixed-NoEnergy-5 --benchmarkId 0 in /home/test/rapl-tests/lib-energy-bench/src/Serialization.Bench/bin/Release/net8.0/Serialization.Bench-Overhead-Fixed-NoEnergy-5-1/bin/Release/net8.0
// BeforeAnythingElse

// Benchmark Process Environment Information:
// BenchmarkDotNet v0.15.5-develop (2025-12-31)
// Runtime=.NET 8.0.21 (8.0.21, 8.0.2125.47513), X64 RyuJIT x86-64-v4
// GC=Concurrent Workstation
// HardwareIntrinsics=AVX512 IFMA+VBMI,AVX512 F+BW+CD+DQ+VL,AVX2+BMI1+BMI2+F16C+FMA+LZCNT+MOVBE,AVX,SSE3+SSSE3+SSE4.1+SSE4.2+POPCNT,X86Base+SSE+SSE2,AES+PCLMUL VectorSize=256
// Job: Overhead-Fixed-NoEnergy-5(OutlierMode=DontRemove, IterationCount=15, IterationTime=1s, LaunchCount=1, WarmupCount=6)

OverheadJitting  1: 1 op, 147413.00 ns, 147.4130 us/op
WorkloadJitting  1: 1 op, 536655.00 ns, 536.6550 us/op

OverheadJitting  2: 16 op, 377187.00 ns, 23.5742 us/op
WorkloadJitting  2: 16 op, 6844865.00 ns, 427.8041 us/op

WorkloadPilot    1: 16 op, 6120189.00 ns, 382.5118 us/op
WorkloadPilot    2: 2624 op, 748935000.00 ns, 285.4173 us/op
WorkloadPilot    3: 3504 op, 702967336.00 ns, 200.6185 us/op
WorkloadPilot    4: 4992 op, 1000503364.00 ns, 200.4213 us/op

OverheadWarmup   1: 4992 op, 19146.00 ns, 3.8353 ns/op
OverheadWarmup   2: 4992 op, 18534.00 ns, 3.7127 ns/op
OverheadWarmup   3: 4992 op, 21806.00 ns, 4.3682 ns/op
OverheadWarmup   4: 4992 op, 18157.00 ns, 3.6372 ns/op
OverheadWarmup   5: 4992 op, 18462.00 ns, 3.6983 ns/op
OverheadWarmup   6: 4992 op, 19316.00 ns, 3.8694 ns/op
OverheadWarmup   7: 4992 op, 18522.00 ns, 3.7103 ns/op

OverheadActual   1: 4992 op, 18675.00 ns, 3.7410 ns/op
OverheadActual   2: 4992 op, 18613.00 ns, 3.7286 ns/op
OverheadActual   3: 4992 op, 18612.00 ns, 3.7284 ns/op
OverheadActual   4: 4992 op, 18542.00 ns, 3.7143 ns/op
OverheadActual   5: 4992 op, 18463.00 ns, 3.6985 ns/op
OverheadActual   6: 4992 op, 18512.00 ns, 3.7083 ns/op
OverheadActual   7: 4992 op, 18840.00 ns, 3.7740 ns/op
OverheadActual   8: 4992 op, 18495.00 ns, 3.7049 ns/op
OverheadActual   9: 4992 op, 18155.00 ns, 3.6368 ns/op
OverheadActual  10: 4992 op, 18100.00 ns, 3.6258 ns/op
OverheadActual  11: 4992 op, 18497.00 ns, 3.7053 ns/op
OverheadActual  12: 4992 op, 18515.00 ns, 3.7089 ns/op
OverheadActual  13: 4992 op, 18122.00 ns, 3.6302 ns/op
OverheadActual  14: 4992 op, 18468.00 ns, 3.6995 ns/op
OverheadActual  15: 4992 op, 18516.00 ns, 3.7091 ns/op

WorkloadWarmup   1: 4992 op, 1003950140.00 ns, 201.1118 us/op
WorkloadWarmup   2: 4992 op, 1004099575.00 ns, 201.1417 us/op
WorkloadWarmup   3: 4992 op, 1001101768.00 ns, 200.5412 us/op
WorkloadWarmup   4: 4992 op, 1000021297.00 ns, 200.3248 us/op
WorkloadWarmup   5: 4992 op, 1001397045.00 ns, 200.6004 us/op
WorkloadWarmup   6: 4992 op, 1000201031.00 ns, 200.3608 us/op

// BeforeActualRun
WorkloadActual   1: 4992 op, 1004907782.00 ns, 201.3036 us/op
WorkloadActual   2: 4992 op, 1002360166.00 ns, 200.7933 us/op
WorkloadActual   3: 4992 op, 1002399489.00 ns, 200.8012 us/op
WorkloadActual   4: 4992 op, 1002799712.00 ns, 200.8814 us/op
WorkloadActual   5: 4992 op, 1001012077.00 ns, 200.5233 us/op
WorkloadActual   6: 4992 op, 1001512905.00 ns, 200.6236 us/op
WorkloadActual   7: 4992 op, 1001615229.00 ns, 200.6441 us/op
WorkloadActual   8: 4992 op, 1002074733.00 ns, 200.7361 us/op
WorkloadActual   9: 4992 op, 1004295163.00 ns, 201.1809 us/op
WorkloadActual  10: 4992 op, 1003822735.00 ns, 201.0863 us/op
WorkloadActual  11: 4992 op, 1013328268.00 ns, 202.9904 us/op
WorkloadActual  12: 4992 op, 1002062930.00 ns, 200.7338 us/op
WorkloadActual  13: 4992 op, 1003430485.00 ns, 201.0077 us/op
WorkloadActual  14: 4992 op, 1003138902.00 ns, 200.9493 us/op
WorkloadActual  15: 4992 op, 1003175545.00 ns, 200.9566 us/op

// AfterActualRun
WorkloadResult   1: 4992 op, 1004889270.00 ns, 201.2999 us/op
WorkloadResult   2: 4992 op, 1002341654.00 ns, 200.7896 us/op
WorkloadResult   3: 4992 op, 1002380977.00 ns, 200.7975 us/op
WorkloadResult   4: 4992 op, 1002781200.00 ns, 200.8776 us/op
WorkloadResult   5: 4992 op, 1000993565.00 ns, 200.5195 us/op
WorkloadResult   6: 4992 op, 1001494393.00 ns, 200.6199 us/op
WorkloadResult   7: 4992 op, 1001596717.00 ns, 200.6404 us/op
WorkloadResult   8: 4992 op, 1002056221.00 ns, 200.7324 us/op
WorkloadResult   9: 4992 op, 1004276651.00 ns, 201.1772 us/op
WorkloadResult  10: 4992 op, 1003804223.00 ns, 201.0826 us/op
WorkloadResult  11: 4992 op, 1013309756.00 ns, 202.9867 us/op
WorkloadResult  12: 4992 op, 1002044418.00 ns, 200.7301 us/op
WorkloadResult  13: 4992 op, 1003411973.00 ns, 201.0040 us/op
WorkloadResult  14: 4992 op, 1003120390.00 ns, 200.9456 us/op
WorkloadResult  15: 4992 op, 1003157033.00 ns, 200.9529 us/op

// AfterAll
// Benchmark Process 4056328 has exited with code 0.

Mean = 201.010 μs, StdErr = 0.152 μs (0.08%), N = 15, StdDev = 0.587 μs
Min = 200.520 μs, Q1 = 200.731 μs, Median = 200.878 μs, Q3 = 201.043 μs, Max = 202.987 μs
IQR = 0.312 μs, LowerFence = 200.263 μs, UpperFence = 201.511 μs
ConfidenceInterval = [200.383 μs; 201.638 μs] (CI 99.9%), Margin = 0.628 μs (0.31% of Mean)
Skewness = 2.45, Kurtosis = 8.62, MValue = 2

// ** Remained 29 (96.7%) benchmark(s) to run. Estimated finish 2025-12-31 19:37 (0h 11m from now) **
// **************************
// Benchmark: JsonSerializationBenchmarks.Newtonsoft_Deserialize_Large: Overhead-Fixed-NoEnergy-5(OutlierMode=DontRemove, IterationCount=15, IterationTime=1s, LaunchCount=1, WarmupCount=6)
// *** Execute ***
// Launch: 1 / 1
// Execute: dotnet Serialization.Bench-Overhead-Fixed-NoEnergy-5-1.dll --anonymousPipes 103 104 --benchmarkName Serialization.Bench.JsonSerializationBenchmarks.Newtonsoft_Deserialize_Large --job Overhead-Fixed-NoEnergy-5 --benchmarkId 1 in /home/test/rapl-tests/lib-energy-bench/src/Serialization.Bench/bin/Release/net8.0/Serialization.Bench-Overhead-Fixed-NoEnergy-5-1/bin/Release/net8.0
// BeforeAnythingElse

// Benchmark Process Environment Information:
// BenchmarkDotNet v0.15.5-develop (2025-12-31)
// Runtime=.NET 8.0.21 (8.0.21, 8.0.2125.47513), X64 RyuJIT x86-64-v4
// GC=Concurrent Workstation
// HardwareIntrinsics=AVX512 IFMA+VBMI,AVX512 F+BW+CD+DQ+VL,AVX2+BMI1+BMI2+F16C+FMA+LZCNT+MOVBE,AVX,SSE3+SSSE3+SSE4.1+SSE4.2+POPCNT,X86Base+SSE+SSE2,AES+PCLMUL VectorSize=256
// Job: Overhead-Fixed-NoEnergy-5(OutlierMode=DontRemove, IterationCount=15, IterationTime=1s, LaunchCount=1, WarmupCount=6)

OverheadJitting  1: 1 op, 140467.00 ns, 140.4670 us/op
WorkloadJitting  1: 1 op, 55655632.00 ns, 55.6556 ms/op

OverheadJitting  2: 16 op, 378591.00 ns, 23.6619 us/op
WorkloadJitting  2: 16 op, 18616348.00 ns, 1.1635 ms/op

WorkloadPilot    1: 16 op, 17340015.00 ns, 1.0838 ms/op
WorkloadPilot    2: 928 op, 421195998.00 ns, 453.8750 us/op
WorkloadPilot    3: 2208 op, 539369694.00 ns, 244.2798 us/op
WorkloadPilot    4: 4096 op, 999675217.00 ns, 244.0613 us/op
WorkloadPilot    5: 4112 op, 1002447367.00 ns, 243.7858 us/op

OverheadWarmup   1: 4112 op, 15849.00 ns, 3.8543 ns/op
OverheadWarmup   2: 4112 op, 15368.00 ns, 3.7374 ns/op
OverheadWarmup   3: 4112 op, 14993.00 ns, 3.6462 ns/op
OverheadWarmup   4: 4112 op, 15023.00 ns, 3.6535 ns/op
OverheadWarmup   5: 4112 op, 15281.00 ns, 3.7162 ns/op
OverheadWarmup   6: 4112 op, 15291.00 ns, 3.7186 ns/op
OverheadWarmup   7: 4112 op, 15298.00 ns, 3.7203 ns/op
OverheadWarmup   8: 4112 op, 15330.00 ns, 3.7281 ns/op
OverheadWarmup   9: 4112 op, 15352.00 ns, 3.7335 ns/op
OverheadWarmup  10: 4112 op, 15344.00 ns, 3.7315 ns/op

OverheadActual   1: 4112 op, 15420.00 ns, 3.7500 ns/op
OverheadActual   2: 4112 op, 15404.00 ns, 3.7461 ns/op
OverheadActual   3: 4112 op, 15117.00 ns, 3.6763 ns/op
OverheadActual   4: 4112 op, 15060.00 ns, 3.6625 ns/op
OverheadActual   5: 4112 op, 15337.00 ns, 3.7298 ns/op
OverheadActual   6: 4112 op, 15665.00 ns, 3.8096 ns/op
OverheadActual   7: 4112 op, 15023.00 ns, 3.6535 ns/op
OverheadActual   8: 4112 op, 15008.00 ns, 3.6498 ns/op
OverheadActual   9: 4112 op, 15030.00 ns, 3.6552 ns/op
OverheadActual  10: 4112 op, 15024.00 ns, 3.6537 ns/op
OverheadActual  11: 4112 op, 15323.00 ns, 3.7264 ns/op
OverheadActual  12: 4112 op, 15004.00 ns, 3.6488 ns/op
OverheadActual  13: 4112 op, 15350.00 ns, 3.7330 ns/op
OverheadActual  14: 4112 op, 15045.00 ns, 3.6588 ns/op
OverheadActual  15: 4112 op, 15031.00 ns, 3.6554 ns/op

WorkloadWarmup   1: 4112 op, 1005231217.00 ns, 244.4628 us/op
WorkloadWarmup   2: 4112 op, 1007291203.00 ns, 244.9638 us/op
WorkloadWarmup   3: 4112 op, 1003126521.00 ns, 243.9510 us/op
WorkloadWarmup   4: 4112 op, 1003114305.00 ns, 243.9480 us/op
WorkloadWarmup   5: 4112 op, 1003249149.00 ns, 243.9808 us/op
WorkloadWarmup   6: 4112 op, 1004354609.00 ns, 244.2497 us/op

// BeforeActualRun
WorkloadActual   1: 4112 op, 1004273563.00 ns, 244.2300 us/op
WorkloadActual   2: 4112 op, 1005495321.00 ns, 244.5271 us/op
WorkloadActual   3: 4112 op, 1006345752.00 ns, 244.7339 us/op
WorkloadActual   4: 4112 op, 1005071820.00 ns, 244.4241 us/op
WorkloadActual   5: 4112 op, 1007888566.00 ns, 245.1091 us/op
WorkloadActual   6: 4112 op, 1005722290.00 ns, 244.5823 us/op
WorkloadActual   7: 4112 op, 1005840138.00 ns, 244.6109 us/op
WorkloadActual   8: 4112 op, 1005568258.00 ns, 244.5448 us/op
WorkloadActual   9: 4112 op, 1004716721.00 ns, 244.3377 us/op
WorkloadActual  10: 4112 op, 1005223637.00 ns, 244.4610 us/op
WorkloadActual  11: 4112 op, 1005481349.00 ns, 244.5237 us/op
WorkloadActual  12: 4112 op, 1005464230.00 ns, 244.5195 us/op
WorkloadActual  13: 4112 op, 1006090627.00 ns, 244.6718 us/op
WorkloadActual  14: 4112 op, 1004589622.00 ns, 244.3068 us/op
WorkloadActual  15: 4112 op, 1006631840.00 ns, 244.8035 us/op

// AfterActualRun
WorkloadResult   1: 4112 op, 1004258503.00 ns, 244.2263 us/op
WorkloadResult   2: 4112 op, 1005480261.00 ns, 244.5234 us/op
WorkloadResult   3: 4112 op, 1006330692.00 ns, 244.7302 us/op
WorkloadResult   4: 4112 op, 1005056760.00 ns, 244.4204 us/op
WorkloadResult   5: 4112 op, 1007873506.00 ns, 245.1054 us/op
WorkloadResult   6: 4112 op, 1005707230.00 ns, 244.5786 us/op
WorkloadResult   7: 4112 op, 1005825078.00 ns, 244.6073 us/op
WorkloadResult   8: 4112 op, 1005553198.00 ns, 244.5411 us/op
WorkloadResult   9: 4112 op, 1004701661.00 ns, 244.3341 us/op
WorkloadResult  10: 4112 op, 1005208577.00 ns, 244.4573 us/op
WorkloadResult  11: 4112 op, 1005466289.00 ns, 244.5200 us/op
WorkloadResult  12: 4112 op, 1005449170.00 ns, 244.5158 us/op
WorkloadResult  13: 4112 op, 1006075567.00 ns, 244.6682 us/op
WorkloadResult  14: 4112 op, 1004574562.00 ns, 244.3032 us/op
WorkloadResult  15: 4112 op, 1006616780.00 ns, 244.7998 us/op

// AfterAll
// Benchmark Process 4056348 has exited with code 0.

Mean = 244.555 μs, StdErr = 0.056 μs (0.02%), N = 15, StdDev = 0.217 μs
Min = 244.226 μs, Q1 = 244.439 μs, Median = 244.523 μs, Q3 = 244.638 μs, Max = 245.105 μs
IQR = 0.199 μs, LowerFence = 244.141 μs, UpperFence = 244.936 μs
ConfidenceInterval = [244.323 μs; 244.788 μs] (CI 99.9%), Margin = 0.232 μs (0.10% of Mean)
Skewness = 0.79, Kurtosis = 3.43, MValue = 2

// ** Remained 28 (93.3%) benchmark(s) to run. Estimated finish 2025-12-31 19:37 (0h 11m from now) **
// **************************
// Benchmark: JsonSerializationBenchmarks.Jil_Deserialize_Large: Overhead-Fixed-NoEnergy-5(OutlierMode=DontRemove, IterationCount=15, IterationTime=1s, LaunchCount=1, WarmupCount=6)
// *** Execute ***
// Launch: 1 / 1
// Execute: dotnet Serialization.Bench-Overhead-Fixed-NoEnergy-5-1.dll --anonymousPipes 103 104 --benchmarkName Serialization.Bench.JsonSerializationBenchmarks.Jil_Deserialize_Large --job Overhead-Fixed-NoEnergy-5 --benchmarkId 2 in /home/test/rapl-tests/lib-energy-bench/src/Serialization.Bench/bin/Release/net8.0/Serialization.Bench-Overhead-Fixed-NoEnergy-5-1/bin/Release/net8.0
// BeforeAnythingElse

// Benchmark Process Environment Information:
// BenchmarkDotNet v0.15.5-develop (2025-12-31)
// Runtime=.NET 8.0.21 (8.0.21, 8.0.2125.47513), X64 RyuJIT x86-64-v4
// GC=Concurrent Workstation
// HardwareIntrinsics=AVX512 IFMA+VBMI,AVX512 F+BW+CD+DQ+VL,AVX2+BMI1+BMI2+F16C+FMA+LZCNT+MOVBE,AVX,SSE3+SSSE3+SSE4.1+SSE4.2+POPCNT,X86Base+SSE+SSE2,AES+PCLMUL VectorSize=256
// Job: Overhead-Fixed-NoEnergy-5(OutlierMode=DontRemove, IterationCount=15, IterationTime=1s, LaunchCount=1, WarmupCount=6)

OverheadJitting  1: 1 op, 140167.00 ns, 140.1670 us/op
WorkloadJitting  1: 1 op, 246255805.00 ns, 246.2558 ms/op

WorkloadPilot    1: 4 op, 2881358.00 ns, 720.3395 us/op
WorkloadPilot    2: 1388 op, 373232996.00 ns, 268.8999 us/op
WorkloadPilot    3: 3719 op, 799686019.00 ns, 215.0272 us/op
WorkloadPilot    4: 4651 op, 997746851.00 ns, 214.5231 us/op
WorkloadPilot    5: 4662 op, 1000368543.00 ns, 214.5793 us/op
WorkloadPilot    6: 4660 op, 996185507.00 ns, 213.7737 us/op
WorkloadPilot    7: 4678 op, 1002905093.00 ns, 214.3876 us/op
WorkloadPilot    8: 4664 op, 999874194.00 ns, 214.3813 us/op

WorkloadWarmup   1: 4664 op, 996209523.00 ns, 213.5955 us/op
WorkloadWarmup   2: 4664 op, 1000274771.00 ns, 214.4671 us/op
WorkloadWarmup   3: 4664 op, 1000317093.00 ns, 214.4762 us/op
WorkloadWarmup   4: 4664 op, 1000358440.00 ns, 214.4851 us/op
WorkloadWarmup   5: 4664 op, 999927689.00 ns, 214.3927 us/op
WorkloadWarmup   6: 4664 op, 1000471924.00 ns, 214.5094 us/op

// BeforeActualRun
WorkloadActual   1: 4664 op, 996559579.00 ns, 213.6706 us/op
WorkloadActual   2: 4664 op, 1000091277.00 ns, 214.4278 us/op
WorkloadActual   3: 4664 op, 1000705091.00 ns, 214.5594 us/op
WorkloadActual   4: 4664 op, 1000419949.00 ns, 214.4983 us/op
WorkloadActual   5: 4664 op, 999221098.00 ns, 214.2412 us/op
WorkloadActual   6: 4664 op, 999709118.00 ns, 214.3459 us/op
WorkloadActual   7: 4664 op, 1001583192.00 ns, 214.7477 us/op
WorkloadActual   8: 4664 op, 1000659486.00 ns, 214.5496 us/op
WorkloadActual   9: 4664 op, 1000144234.00 ns, 214.4392 us/op
WorkloadActual  10: 4664 op, 999622918.00 ns, 214.3274 us/op
WorkloadActual  11: 4664 op, 999532531.00 ns, 214.3080 us/op
WorkloadActual  12: 4664 op, 1000225981.00 ns, 214.4567 us/op
WorkloadActual  13: 4664 op, 999398026.00 ns, 214.2792 us/op
WorkloadActual  14: 4664 op, 1000374603.00 ns, 214.4886 us/op
WorkloadActual  15: 4664 op, 1000456623.00 ns, 214.5061 us/op

// AfterActualRun
WorkloadResult   1: 4664 op, 996559579.00 ns, 213.6706 us/op
WorkloadResult   2: 4664 op, 1000091277.00 ns, 214.4278 us/op
WorkloadResult   3: 4664 op, 1000705091.00 ns, 214.5594 us/op
WorkloadResult   4: 4664 op, 1000419949.00 ns, 214.4983 us/op
WorkloadResult   5: 4664 op, 999221098.00 ns, 214.2412 us/op
WorkloadResult   6: 4664 op, 999709118.00 ns, 214.3459 us/op
WorkloadResult   7: 4664 op, 1001583192.00 ns, 214.7477 us/op
WorkloadResult   8: 4664 op, 1000659486.00 ns, 214.5496 us/op
WorkloadResult   9: 4664 op, 1000144234.00 ns, 214.4392 us/op
WorkloadResult  10: 4664 op, 999622918.00 ns, 214.3274 us/op
WorkloadResult  11: 4664 op, 999532531.00 ns, 214.3080 us/op
WorkloadResult  12: 4664 op, 1000225981.00 ns, 214.4567 us/op
WorkloadResult  13: 4664 op, 999398026.00 ns, 214.2792 us/op
WorkloadResult  14: 4664 op, 1000374603.00 ns, 214.4886 us/op
WorkloadResult  15: 4664 op, 1000456623.00 ns, 214.5061 us/op

// AfterAll
// Benchmark Process 4056361 has exited with code 0.

Mean = 214.390 μs, StdErr = 0.061 μs (0.03%), N = 15, StdDev = 0.238 μs
Min = 213.671 μs, Q1 = 214.318 μs, Median = 214.439 μs, Q3 = 214.502 μs, Max = 214.748 μs
IQR = 0.185 μs, LowerFence = 214.041 μs, UpperFence = 214.779 μs
ConfidenceInterval = [214.136 μs; 214.644 μs] (CI 99.9%), Margin = 0.254 μs (0.12% of Mean)
Skewness = -1.58, Kurtosis = 6, MValue = 2

// ** Remained 27 (90.0%) benchmark(s) to run. Estimated finish 2025-12-31 19:38 (0h 11m from now) **
// **************************
// Benchmark: JsonSerializationBenchmarks.Utf8Json_Deserialize_Large: Overhead-Fixed-NoEnergy-5(OutlierMode=DontRemove, IterationCount=15, IterationTime=1s, LaunchCount=1, WarmupCount=6)
// *** Execute ***
// Launch: 1 / 1
// Execute: dotnet Serialization.Bench-Overhead-Fixed-NoEnergy-5-1.dll --anonymousPipes 103 104 --benchmarkName Serialization.Bench.JsonSerializationBenchmarks.Utf8Json_Deserialize_Large --job Overhead-Fixed-NoEnergy-5 --benchmarkId 3 in /home/test/rapl-tests/lib-energy-bench/src/Serialization.Bench/bin/Release/net8.0/Serialization.Bench-Overhead-Fixed-NoEnergy-5-1/bin/Release/net8.0
// BeforeAnythingElse

// Benchmark Process Environment Information:
// BenchmarkDotNet v0.15.5-develop (2025-12-31)
// Runtime=.NET 8.0.21 (8.0.21, 8.0.2125.47513), X64 RyuJIT x86-64-v4
// GC=Concurrent Workstation
// HardwareIntrinsics=AVX512 IFMA+VBMI,AVX512 F+BW+CD+DQ+VL,AVX2+BMI1+BMI2+F16C+FMA+LZCNT+MOVBE,AVX,SSE3+SSSE3+SSE4.1+SSE4.2+POPCNT,X86Base+SSE+SSE2,AES+PCLMUL VectorSize=256
// Job: Overhead-Fixed-NoEnergy-5(OutlierMode=DontRemove, IterationCount=15, IterationTime=1s, LaunchCount=1, WarmupCount=6)

OverheadJitting  1: 1 op, 138814.00 ns, 138.8140 us/op
WorkloadJitting  1: 1 op, 58852330.00 ns, 58.8523 ms/op

OverheadJitting  2: 16 op, 393417.00 ns, 24.5886 us/op
WorkloadJitting  2: 16 op, 14158541.00 ns, 884.9088 us/op

WorkloadPilot    1: 16 op, 13203760.00 ns, 825.2350 us/op
WorkloadPilot    2: 1216 op, 693048492.00 ns, 569.9412 us/op
WorkloadPilot    3: 1760 op, 494586852.00 ns, 281.0153 us/op
WorkloadPilot    4: 3568 op, 1002775650.00 ns, 281.0470 us/op

OverheadWarmup   1: 3568 op, 14339.00 ns, 4.0188 ns/op
OverheadWarmup   2: 3568 op, 13182.00 ns, 3.6945 ns/op
OverheadWarmup   3: 3568 op, 13115.00 ns, 3.6757 ns/op
OverheadWarmup   4: 3568 op, 13391.00 ns, 3.7531 ns/op
OverheadWarmup   5: 3568 op, 13185.00 ns, 3.6953 ns/op
OverheadWarmup   6: 3568 op, 13092.00 ns, 3.6693 ns/op
OverheadWarmup   7: 3568 op, 13447.00 ns, 3.7688 ns/op
OverheadWarmup   8: 3568 op, 13414.00 ns, 3.7595 ns/op

OverheadActual   1: 3568 op, 13467.00 ns, 3.7744 ns/op
OverheadActual   2: 3568 op, 13458.00 ns, 3.7719 ns/op
OverheadActual   3: 3568 op, 13178.00 ns, 3.6934 ns/op
OverheadActual   4: 3568 op, 13233.00 ns, 3.7088 ns/op
OverheadActual   5: 3568 op, 13160.00 ns, 3.6883 ns/op
OverheadActual   6: 3568 op, 13389.00 ns, 3.7525 ns/op
OverheadActual   7: 3568 op, 13076.00 ns, 3.6648 ns/op
OverheadActual   8: 3568 op, 13127.00 ns, 3.6791 ns/op
OverheadActual   9: 3568 op, 13123.00 ns, 3.6780 ns/op
OverheadActual  10: 3568 op, 13151.00 ns, 3.6858 ns/op
OverheadActual  11: 3568 op, 13556.00 ns, 3.7993 ns/op
OverheadActual  12: 3568 op, 13393.00 ns, 3.7536 ns/op
OverheadActual  13: 3568 op, 13108.00 ns, 3.6738 ns/op
OverheadActual  14: 3568 op, 13133.00 ns, 3.6808 ns/op
OverheadActual  15: 3568 op, 13124.00 ns, 3.6783 ns/op

WorkloadWarmup   1: 3568 op, 1008641732.00 ns, 282.6911 us/op
WorkloadWarmup   2: 3568 op, 1001885429.00 ns, 280.7975 us/op
WorkloadWarmup   3: 3568 op, 1001604395.00 ns, 280.7187 us/op
WorkloadWarmup   4: 3568 op, 1002238359.00 ns, 280.8964 us/op
WorkloadWarmup   5: 3568 op, 1001978925.00 ns, 280.8237 us/op
WorkloadWarmup   6: 3568 op, 1001297512.00 ns, 280.6327 us/op

// BeforeActualRun
WorkloadActual   1: 3568 op, 987686285.00 ns, 276.8179 us/op
WorkloadActual   2: 3568 op, 986538286.00 ns, 276.4962 us/op
WorkloadActual   3: 3568 op, 986161918.00 ns, 276.3907 us/op
WorkloadActual   4: 3568 op, 988634478.00 ns, 277.0837 us/op
WorkloadActual   5: 3568 op, 986448253.00 ns, 276.4709 us/op
WorkloadActual   6: 3568 op, 987057907.00 ns, 276.6418 us/op
WorkloadActual   7: 3568 op, 986917551.00 ns, 276.6025 us/op
WorkloadActual   8: 3568 op, 1002535384.00 ns, 280.9796 us/op
WorkloadActual   9: 3568 op, 1001868655.00 ns, 280.7928 us/op
WorkloadActual  10: 3568 op, 1002679785.00 ns, 281.0201 us/op
WorkloadActual  11: 3568 op, 1001928122.00 ns, 280.8095 us/op
WorkloadActual  12: 3568 op, 1001529636.00 ns, 280.6978 us/op
WorkloadActual  13: 3568 op, 1001949001.00 ns, 280.8153 us/op
WorkloadActual  14: 3568 op, 1000736917.00 ns, 280.4756 us/op
WorkloadActual  15: 3568 op, 1001123616.00 ns, 280.5840 us/op

// AfterActualRun
WorkloadResult   1: 3568 op, 987673125.00 ns, 276.8142 us/op
WorkloadResult   2: 3568 op, 986525126.00 ns, 276.4925 us/op
WorkloadResult   3: 3568 op, 986148758.00 ns, 276.3870 us/op
WorkloadResult   4: 3568 op, 988621318.00 ns, 277.0800 us/op
WorkloadResult   5: 3568 op, 986435093.00 ns, 276.4672 us/op
WorkloadResult   6: 3568 op, 987044747.00 ns, 276.6381 us/op
WorkloadResult   7: 3568 op, 986904391.00 ns, 276.5988 us/op
WorkloadResult   8: 3568 op, 1002522224.00 ns, 280.9760 us/op
WorkloadResult   9: 3568 op, 1001855495.00 ns, 280.7891 us/op
WorkloadResult  10: 3568 op, 1002666625.00 ns, 281.0164 us/op
WorkloadResult  11: 3568 op, 1001914962.00 ns, 280.8058 us/op
WorkloadResult  12: 3568 op, 1001516476.00 ns, 280.6941 us/op
WorkloadResult  13: 3568 op, 1001935841.00 ns, 280.8116 us/op
WorkloadResult  14: 3568 op, 1000723757.00 ns, 280.4719 us/op
WorkloadResult  15: 3568 op, 1001110456.00 ns, 280.5803 us/op

// AfterAll
// Benchmark Process 4056376 has exited with code 0.

Mean = 278.842 μs, StdErr = 0.553 μs (0.20%), N = 15, StdDev = 2.142 μs
Min = 276.387 μs, Q1 = 276.618 μs, Median = 280.472 μs, Q3 = 280.797 μs, Max = 281.016 μs
IQR = 4.179 μs, LowerFence = 270.350 μs, UpperFence = 287.066 μs
ConfidenceInterval = [276.552 μs; 281.131 μs] (CI 99.9%), Margin = 2.289 μs (0.82% of Mean)
Skewness = -0.12, Kurtosis = 0.92, MValue = 2

// ** Remained 26 (86.7%) benchmark(s) to run. Estimated finish 2025-12-31 19:37 (0h 10m from now) **
// **************************
// Benchmark: JsonSerializationBenchmarks.SpanJson_Deserialize_Large: Overhead-Fixed-NoEnergy-5(OutlierMode=DontRemove, IterationCount=15, IterationTime=1s, LaunchCount=1, WarmupCount=6)
// *** Execute ***
// Launch: 1 / 1
// Execute: dotnet Serialization.Bench-Overhead-Fixed-NoEnergy-5-1.dll --anonymousPipes 103 104 --benchmarkName Serialization.Bench.JsonSerializationBenchmarks.SpanJson_Deserialize_Large --job Overhead-Fixed-NoEnergy-5 --benchmarkId 4 in /home/test/rapl-tests/lib-energy-bench/src/Serialization.Bench/bin/Release/net8.0/Serialization.Bench-Overhead-Fixed-NoEnergy-5-1/bin/Release/net8.0
// BeforeAnythingElse

// Benchmark Process Environment Information:
// BenchmarkDotNet v0.15.5-develop (2025-12-31)
// Runtime=.NET 8.0.21 (8.0.21, 8.0.2125.47513), X64 RyuJIT x86-64-v4
// GC=Concurrent Workstation
// HardwareIntrinsics=AVX512 IFMA+VBMI,AVX512 F+BW+CD+DQ+VL,AVX2+BMI1+BMI2+F16C+FMA+LZCNT+MOVBE,AVX,SSE3+SSSE3+SSE4.1+SSE4.2+POPCNT,X86Base+SSE+SSE2,AES+PCLMUL VectorSize=256
// Job: Overhead-Fixed-NoEnergy-5(OutlierMode=DontRemove, IterationCount=15, IterationTime=1s, LaunchCount=1, WarmupCount=6)

OverheadJitting  1: 1 op, 140272.00 ns, 140.2720 us/op
WorkloadJitting  1: 1 op, 113479797.00 ns, 113.4798 ms/op

WorkloadPilot    1: 4 op, 1913139.00 ns, 478.2848 us/op
WorkloadPilot    2: 2091 op, 413550183.00 ns, 197.7763 us/op
WorkloadPilot    3: 5056 op, 753688002.00 ns, 149.0680 us/op
WorkloadPilot    4: 6708 op, 1000198992.00 ns, 149.1054 us/op

WorkloadWarmup   1: 6708 op, 1001218883.00 ns, 149.2574 us/op
WorkloadWarmup   2: 6708 op, 1001715550.00 ns, 149.3315 us/op
WorkloadWarmup   3: 6708 op, 1002139528.00 ns, 149.3947 us/op
WorkloadWarmup   4: 6708 op, 1001934024.00 ns, 149.3640 us/op
WorkloadWarmup   5: 6708 op, 1012230676.00 ns, 150.8990 us/op
WorkloadWarmup   6: 6708 op, 1002765558.00 ns, 149.4880 us/op

// BeforeActualRun
WorkloadActual   1: 6708 op, 1002643886.00 ns, 149.4699 us/op
WorkloadActual   2: 6708 op, 1002734738.00 ns, 149.4834 us/op
WorkloadActual   3: 6708 op, 1002232809.00 ns, 149.4086 us/op
WorkloadActual   4: 6708 op, 1002361593.00 ns, 149.4278 us/op
WorkloadActual   5: 6708 op, 1002369539.00 ns, 149.4290 us/op
WorkloadActual   6: 6708 op, 1003068146.00 ns, 149.5331 us/op
WorkloadActual   7: 6708 op, 1001821255.00 ns, 149.3472 us/op
WorkloadActual   8: 6708 op, 1002225261.00 ns, 149.4075 us/op
WorkloadActual   9: 6708 op, 1001698085.00 ns, 149.3289 us/op
WorkloadActual  10: 6708 op, 1002786116.00 ns, 149.4911 us/op
WorkloadActual  11: 6708 op, 1003070532.00 ns, 149.5335 us/op
WorkloadActual  12: 6708 op, 1001546187.00 ns, 149.3062 us/op
WorkloadActual  13: 6708 op, 1002235784.00 ns, 149.4090 us/op
WorkloadActual  14: 6708 op, 1001037115.00 ns, 149.2303 us/op
WorkloadActual  15: 6708 op, 1002436441.00 ns, 149.4389 us/op

// AfterActualRun
WorkloadResult   1: 6708 op, 1002643886.00 ns, 149.4699 us/op
WorkloadResult   2: 6708 op, 1002734738.00 ns, 149.4834 us/op
WorkloadResult   3: 6708 op, 1002232809.00 ns, 149.4086 us/op
WorkloadResult   4: 6708 op, 1002361593.00 ns, 149.4278 us/op
WorkloadResult   5: 6708 op, 1002369539.00 ns, 149.4290 us/op
WorkloadResult   6: 6708 op, 1003068146.00 ns, 149.5331 us/op
WorkloadResult   7: 6708 op, 1001821255.00 ns, 149.3472 us/op
WorkloadResult   8: 6708 op, 1002225261.00 ns, 149.4075 us/op
WorkloadResult   9: 6708 op, 1001698085.00 ns, 149.3289 us/op
WorkloadResult  10: 6708 op, 1002786116.00 ns, 149.4911 us/op
WorkloadResult  11: 6708 op, 1003070532.00 ns, 149.5335 us/op
WorkloadResult  12: 6708 op, 1001546187.00 ns, 149.3062 us/op
WorkloadResult  13: 6708 op, 1002235784.00 ns, 149.4090 us/op
WorkloadResult  14: 6708 op, 1001037115.00 ns, 149.2303 us/op
WorkloadResult  15: 6708 op, 1002436441.00 ns, 149.4389 us/op

// AfterAll
// Benchmark Process 4056391 has exited with code 0.

Mean = 149.416 μs, StdErr = 0.022 μs (0.01%), N = 15, StdDev = 0.085 μs
Min = 149.230 μs, Q1 = 149.377 μs, Median = 149.428 μs, Q3 = 149.477 μs, Max = 149.533 μs
IQR = 0.099 μs, LowerFence = 149.228 μs, UpperFence = 149.626 μs
ConfidenceInterval = [149.326 μs; 149.507 μs] (CI 99.9%), Margin = 0.091 μs (0.06% of Mean)
Skewness = -0.51, Kurtosis = 2.41, MValue = 2

// ** Remained 25 (83.3%) benchmark(s) to run. Estimated finish 2025-12-31 19:37 (0h 10m from now) **
// **************************
// Benchmark: JsonSerializationBenchmarks.STJ_Deserialize_Medium: Overhead-Fixed-NoEnergy-5(OutlierMode=DontRemove, IterationCount=15, IterationTime=1s, LaunchCount=1, WarmupCount=6)
// *** Execute ***
// Launch: 1 / 1
// Execute: dotnet Serialization.Bench-Overhead-Fixed-NoEnergy-5-1.dll --anonymousPipes 103 104 --benchmarkName Serialization.Bench.JsonSerializationBenchmarks.STJ_Deserialize_Medium --job Overhead-Fixed-NoEnergy-5 --benchmarkId 5 in /home/test/rapl-tests/lib-energy-bench/src/Serialization.Bench/bin/Release/net8.0/Serialization.Bench-Overhead-Fixed-NoEnergy-5-1/bin/Release/net8.0
// BeforeAnythingElse

// Benchmark Process Environment Information:
// BenchmarkDotNet v0.15.5-develop (2025-12-31)
// Runtime=.NET 8.0.21 (8.0.21, 8.0.2125.47513), X64 RyuJIT x86-64-v4
// GC=Concurrent Workstation
// HardwareIntrinsics=AVX512 IFMA+VBMI,AVX512 F+BW+CD+DQ+VL,AVX2+BMI1+BMI2+F16C+FMA+LZCNT+MOVBE,AVX,SSE3+SSSE3+SSE4.1+SSE4.2+POPCNT,X86Base+SSE+SSE2,AES+PCLMUL VectorSize=256
// Job: Overhead-Fixed-NoEnergy-5(OutlierMode=DontRemove, IterationCount=15, IterationTime=1s, LaunchCount=1, WarmupCount=6)

OverheadJitting  1: 1 op, 142718.00 ns, 142.7180 us/op
WorkloadJitting  1: 1 op, 316433.00 ns, 316.4330 us/op

OverheadJitting  2: 16 op, 384366.00 ns, 24.0229 us/op
WorkloadJitting  2: 16 op, 2259061.00 ns, 141.1913 us/op

WorkloadPilot    1: 16 op, 1610340.00 ns, 100.6463 us/op
WorkloadPilot    2: 9936 op, 778003939.00 ns, 78.3015 us/op
WorkloadPilot    3: 12784 op, 679019408.00 ns, 53.1148 us/op
WorkloadPilot    4: 18832 op, 1002129620.00 ns, 53.2142 us/op
WorkloadPilot    5: 18800 op, 999425209.00 ns, 53.1609 us/op
WorkloadPilot    6: 18816 op, 999600490.00 ns, 53.1250 us/op
WorkloadPilot    7: 18832 op, 1001718111.00 ns, 53.1923 us/op
WorkloadPilot    8: 18800 op, 998697810.00 ns, 53.1222 us/op
WorkloadPilot    9: 18832 op, 1000015932.00 ns, 53.1020 us/op

OverheadWarmup   1: 18832 op, 71765.00 ns, 3.8108 ns/op
OverheadWarmup   2: 18832 op, 67821.00 ns, 3.6014 ns/op
OverheadWarmup   3: 18832 op, 69212.00 ns, 3.6752 ns/op
OverheadWarmup   4: 18832 op, 69519.00 ns, 3.6915 ns/op
OverheadWarmup   5: 18832 op, 69172.00 ns, 3.6731 ns/op
OverheadWarmup   6: 18832 op, 69127.00 ns, 3.6707 ns/op
OverheadWarmup   7: 18832 op, 69418.00 ns, 3.6862 ns/op
OverheadWarmup   8: 18832 op, 69162.00 ns, 3.6726 ns/op

OverheadActual   1: 18832 op, 69333.00 ns, 3.6817 ns/op
OverheadActual   2: 18832 op, 67885.00 ns, 3.6048 ns/op
OverheadActual   3: 18832 op, 69637.00 ns, 3.6978 ns/op
OverheadActual   4: 18832 op, 69217.00 ns, 3.6755 ns/op
OverheadActual   5: 18832 op, 69248.00 ns, 3.6771 ns/op
OverheadActual   6: 18832 op, 72487.00 ns, 3.8491 ns/op
OverheadActual   7: 18832 op, 69177.00 ns, 3.6734 ns/op
OverheadActual   8: 18832 op, 67772.00 ns, 3.5988 ns/op
OverheadActual   9: 18832 op, 69170.00 ns, 3.6730 ns/op
OverheadActual  10: 18832 op, 69533.00 ns, 3.6923 ns/op
OverheadActual  11: 18832 op, 69214.00 ns, 3.6753 ns/op
OverheadActual  12: 18832 op, 69167.00 ns, 3.6728 ns/op
OverheadActual  13: 18832 op, 69542.00 ns, 3.6928 ns/op
OverheadActual  14: 18832 op, 69145.00 ns, 3.6717 ns/op
OverheadActual  15: 18832 op, 69143.00 ns, 3.6716 ns/op

WorkloadWarmup   1: 18832 op, 1004320455.00 ns, 53.3305 us/op
WorkloadWarmup   2: 18832 op, 1002572246.00 ns, 53.2377 us/op
WorkloadWarmup   3: 18832 op, 999451786.00 ns, 53.0720 us/op
WorkloadWarmup   4: 18832 op, 999539697.00 ns, 53.0767 us/op
WorkloadWarmup   5: 18832 op, 999794077.00 ns, 53.0902 us/op
WorkloadWarmup   6: 18832 op, 999233191.00 ns, 53.0604 us/op

// BeforeActualRun
WorkloadActual   1: 18832 op, 1001228675.00 ns, 53.1663 us/op
WorkloadActual   2: 18832 op, 1002289036.00 ns, 53.2227 us/op
WorkloadActual   3: 18832 op, 1005183131.00 ns, 53.3763 us/op
WorkloadActual   4: 18832 op, 1001590563.00 ns, 53.1856 us/op
WorkloadActual   5: 18832 op, 1002075003.00 ns, 53.2113 us/op
WorkloadActual   6: 18832 op, 1001611541.00 ns, 53.1867 us/op
WorkloadActual   7: 18832 op, 1002009156.00 ns, 53.2078 us/op
WorkloadActual   8: 18832 op, 1000730369.00 ns, 53.1399 us/op
WorkloadActual   9: 18832 op, 1001138652.00 ns, 53.1616 us/op
WorkloadActual  10: 18832 op, 1001985742.00 ns, 53.2065 us/op
WorkloadActual  11: 18832 op, 1001925938.00 ns, 53.2034 us/op
WorkloadActual  12: 18832 op, 1000779770.00 ns, 53.1425 us/op
WorkloadActual  13: 18832 op, 999785956.00 ns, 53.0897 us/op
WorkloadActual  14: 18832 op, 1001157760.00 ns, 53.1626 us/op
WorkloadActual  15: 18832 op, 1001897586.00 ns, 53.2019 us/op

// AfterActualRun
WorkloadResult   1: 18832 op, 1001159461.00 ns, 53.1627 us/op
WorkloadResult   2: 18832 op, 1002219822.00 ns, 53.2190 us/op
WorkloadResult   3: 18832 op, 1005113917.00 ns, 53.3727 us/op
WorkloadResult   4: 18832 op, 1001521349.00 ns, 53.1819 us/op
WorkloadResult   5: 18832 op, 1002005789.00 ns, 53.2076 us/op
WorkloadResult   6: 18832 op, 1001542327.00 ns, 53.1830 us/op
WorkloadResult   7: 18832 op, 1001939942.00 ns, 53.2041 us/op
WorkloadResult   8: 18832 op, 1000661155.00 ns, 53.1362 us/op
WorkloadResult   9: 18832 op, 1001069438.00 ns, 53.1579 us/op
WorkloadResult  10: 18832 op, 1001916528.00 ns, 53.2029 us/op
WorkloadResult  11: 18832 op, 1001856724.00 ns, 53.1997 us/op
WorkloadResult  12: 18832 op, 1000710556.00 ns, 53.1388 us/op
WorkloadResult  13: 18832 op, 999716742.00 ns, 53.0861 us/op
WorkloadResult  14: 18832 op, 1001088546.00 ns, 53.1589 us/op
WorkloadResult  15: 18832 op, 1001828372.00 ns, 53.1982 us/op

// AfterAll
// Benchmark Process 4056408 has exited with code 0.

Mean = 53.187 μs, StdErr = 0.016 μs (0.03%), N = 15, StdDev = 0.062 μs
Min = 53.086 μs, Q1 = 53.158 μs, Median = 53.183 μs, Q3 = 53.203 μs, Max = 53.373 μs
IQR = 0.045 μs, LowerFence = 53.091 μs, UpperFence = 53.271 μs
ConfidenceInterval = [53.121 μs; 53.254 μs] (CI 99.9%), Margin = 0.066 μs (0.12% of Mean)
Skewness = 1.41, Kurtosis = 5.81, MValue = 2

// ** Remained 24 (80.0%) benchmark(s) to run. Estimated finish 2025-12-31 19:38 (0h 10m from now) **
// **************************
// Benchmark: JsonSerializationBenchmarks.Newtonsoft_Deserialize_Medium: Overhead-Fixed-NoEnergy-5(OutlierMode=DontRemove, IterationCount=15, IterationTime=1s, LaunchCount=1, WarmupCount=6)
// *** Execute ***
// Launch: 1 / 1
// Execute: dotnet Serialization.Bench-Overhead-Fixed-NoEnergy-5-1.dll --anonymousPipes 103 104 --benchmarkName Serialization.Bench.JsonSerializationBenchmarks.Newtonsoft_Deserialize_Medium --job Overhead-Fixed-NoEnergy-5 --benchmarkId 6 in /home/test/rapl-tests/lib-energy-bench/src/Serialization.Bench/bin/Release/net8.0/Serialization.Bench-Overhead-Fixed-NoEnergy-5-1/bin/Release/net8.0
// BeforeAnythingElse

// Benchmark Process Environment Information:
// BenchmarkDotNet v0.15.5-develop (2025-12-31)
// Runtime=.NET 8.0.21 (8.0.21, 8.0.2125.47513), X64 RyuJIT x86-64-v4
// GC=Concurrent Workstation
// HardwareIntrinsics=AVX512 IFMA+VBMI,AVX512 F+BW+CD+DQ+VL,AVX2+BMI1+BMI2+F16C+FMA+LZCNT+MOVBE,AVX,SSE3+SSSE3+SSE4.1+SSE4.2+POPCNT,X86Base+SSE+SSE2,AES+PCLMUL VectorSize=256
// Job: Overhead-Fixed-NoEnergy-5(OutlierMode=DontRemove, IterationCount=15, IterationTime=1s, LaunchCount=1, WarmupCount=6)

OverheadJitting  1: 1 op, 144352.00 ns, 144.3520 us/op
WorkloadJitting  1: 1 op, 53873939.00 ns, 53.8739 ms/op

OverheadJitting  2: 16 op, 378578.00 ns, 23.6611 us/op
WorkloadJitting  2: 16 op, 5660323.00 ns, 353.7702 us/op

WorkloadPilot    1: 16 op, 5026349.00 ns, 314.1468 us/op
WorkloadPilot    2: 3184 op, 434271020.00 ns, 136.3917 us/op
WorkloadPilot    3: 7344 op, 499905816.00 ns, 68.0700 us/op
WorkloadPilot    4: 14704 op, 1002830752.00 ns, 68.2012 us/op
WorkloadPilot    5: 14672 op, 999994388.00 ns, 68.1567 us/op

OverheadWarmup   1: 14672 op, 53646.00 ns, 3.6564 ns/op
OverheadWarmup   2: 14672 op, 52925.00 ns, 3.6072 ns/op
OverheadWarmup   3: 14672 op, 53944.00 ns, 3.6767 ns/op
OverheadWarmup   4: 14672 op, 52926.00 ns, 3.6073 ns/op
OverheadWarmup   5: 14672 op, 53260.00 ns, 3.6300 ns/op
OverheadWarmup   6: 14672 op, 52899.00 ns, 3.6054 ns/op

OverheadActual   1: 14672 op, 53036.00 ns, 3.6148 ns/op
OverheadActual   2: 14672 op, 52986.00 ns, 3.6114 ns/op
OverheadActual   3: 14672 op, 53363.00 ns, 3.6371 ns/op
OverheadActual   4: 14672 op, 52928.00 ns, 3.6074 ns/op
OverheadActual   5: 14672 op, 54009.00 ns, 3.6811 ns/op
OverheadActual   6: 14672 op, 52912.00 ns, 3.6063 ns/op
OverheadActual   7: 14672 op, 52907.00 ns, 3.6060 ns/op
OverheadActual   8: 14672 op, 54369.00 ns, 3.7056 ns/op
OverheadActual   9: 14672 op, 54010.00 ns, 3.6812 ns/op
OverheadActual  10: 14672 op, 54023.00 ns, 3.6820 ns/op
OverheadActual  11: 14672 op, 53979.00 ns, 3.6790 ns/op
OverheadActual  12: 14672 op, 54321.00 ns, 3.7024 ns/op
OverheadActual  13: 14672 op, 52885.00 ns, 3.6045 ns/op
OverheadActual  14: 14672 op, 52860.00 ns, 3.6028 ns/op
OverheadActual  15: 14672 op, 52837.00 ns, 3.6012 ns/op

WorkloadWarmup   1: 14672 op, 1005505613.00 ns, 68.5323 us/op
WorkloadWarmup   2: 14672 op, 1006048124.00 ns, 68.5693 us/op
WorkloadWarmup   3: 14672 op, 999017390.00 ns, 68.0901 us/op
WorkloadWarmup   4: 14672 op, 997649054.00 ns, 67.9968 us/op
WorkloadWarmup   5: 14672 op, 1002953191.00 ns, 68.3583 us/op
WorkloadWarmup   6: 14672 op, 999537400.00 ns, 68.1255 us/op

// BeforeActualRun
WorkloadActual   1: 14672 op, 998943196.00 ns, 68.0850 us/op
WorkloadActual   2: 14672 op, 1004044217.00 ns, 68.4327 us/op
WorkloadActual   3: 14672 op, 1005579091.00 ns, 68.5373 us/op
WorkloadActual   4: 14672 op, 1001358480.00 ns, 68.2496 us/op
WorkloadActual   5: 14672 op, 1002635766.00 ns, 68.3367 us/op
WorkloadActual   6: 14672 op, 1000916796.00 ns, 68.2195 us/op
WorkloadActual   7: 14672 op, 1001549165.00 ns, 68.2626 us/op
WorkloadActual   8: 14672 op, 1004092965.00 ns, 68.4360 us/op
WorkloadActual   9: 14672 op, 1002474575.00 ns, 68.3257 us/op
WorkloadActual  10: 14672 op, 1001305164.00 ns, 68.2460 us/op
WorkloadActual  11: 14672 op, 1002304118.00 ns, 68.3141 us/op
WorkloadActual  12: 14672 op, 1001628393.00 ns, 68.2680 us/op
WorkloadActual  13: 14672 op, 1001094829.00 ns, 68.2317 us/op
WorkloadActual  14: 14672 op, 1004132480.00 ns, 68.4387 us/op
WorkloadActual  15: 14672 op, 1003018888.00 ns, 68.3628 us/op

// AfterActualRun
WorkloadResult   1: 14672 op, 998890160.00 ns, 68.0814 us/op
WorkloadResult   2: 14672 op, 1003991181.00 ns, 68.4291 us/op
WorkloadResult   3: 14672 op, 1005526055.00 ns, 68.5337 us/op
WorkloadResult   4: 14672 op, 1001305444.00 ns, 68.2460 us/op
WorkloadResult   5: 14672 op, 1002582730.00 ns, 68.3331 us/op
WorkloadResult   6: 14672 op, 1000863760.00 ns, 68.2159 us/op
WorkloadResult   7: 14672 op, 1001496129.00 ns, 68.2590 us/op
WorkloadResult   8: 14672 op, 1004039929.00 ns, 68.4324 us/op
WorkloadResult   9: 14672 op, 1002421539.00 ns, 68.3221 us/op
WorkloadResult  10: 14672 op, 1001252128.00 ns, 68.2424 us/op
WorkloadResult  11: 14672 op, 1002251082.00 ns, 68.3105 us/op
WorkloadResult  12: 14672 op, 1001575357.00 ns, 68.2644 us/op
WorkloadResult  13: 14672 op, 1001041793.00 ns, 68.2280 us/op
WorkloadResult  14: 14672 op, 1004079444.00 ns, 68.4351 us/op
WorkloadResult  15: 14672 op, 1002965852.00 ns, 68.3592 us/op

// AfterAll
// Benchmark Process 4056425 has exited with code 0.

Mean = 68.313 μs, StdErr = 0.029 μs (0.04%), N = 15, StdDev = 0.113 μs
Min = 68.081 μs, Q1 = 68.244 μs, Median = 68.310 μs, Q3 = 68.394 μs, Max = 68.534 μs
IQR = 0.150 μs, LowerFence = 68.019 μs, UpperFence = 68.619 μs
ConfidenceInterval = [68.192 μs; 68.434 μs] (CI 99.9%), Margin = 0.121 μs (0.18% of Mean)
Skewness = 0.05, Kurtosis = 2.47, MValue = 2

// ** Remained 23 (76.7%) benchmark(s) to run. Estimated finish 2025-12-31 19:38 (0h 9m from now) **
// **************************
// Benchmark: JsonSerializationBenchmarks.Jil_Deserialize_Medium: Overhead-Fixed-NoEnergy-5(OutlierMode=DontRemove, IterationCount=15, IterationTime=1s, LaunchCount=1, WarmupCount=6)
// *** Execute ***
// Launch: 1 / 1
// Execute: dotnet Serialization.Bench-Overhead-Fixed-NoEnergy-5-1.dll --anonymousPipes 103 104 --benchmarkName Serialization.Bench.JsonSerializationBenchmarks.Jil_Deserialize_Medium --job Overhead-Fixed-NoEnergy-5 --benchmarkId 7 in /home/test/rapl-tests/lib-energy-bench/src/Serialization.Bench/bin/Release/net8.0/Serialization.Bench-Overhead-Fixed-NoEnergy-5-1/bin/Release/net8.0
// BeforeAnythingElse

// Benchmark Process Environment Information:
// BenchmarkDotNet v0.15.5-develop (2025-12-31)
// Runtime=.NET 8.0.21 (8.0.21, 8.0.2125.47513), X64 RyuJIT x86-64-v4
// GC=Concurrent Workstation
// HardwareIntrinsics=AVX512 IFMA+VBMI,AVX512 F+BW+CD+DQ+VL,AVX2+BMI1+BMI2+F16C+FMA+LZCNT+MOVBE,AVX,SSE3+SSSE3+SSE4.1+SSE4.2+POPCNT,X86Base+SSE+SSE2,AES+PCLMUL VectorSize=256
// Job: Overhead-Fixed-NoEnergy-5(OutlierMode=DontRemove, IterationCount=15, IterationTime=1s, LaunchCount=1, WarmupCount=6)

OverheadJitting  1: 1 op, 152385.00 ns, 152.3850 us/op
WorkloadJitting  1: 1 op, 200093847.00 ns, 200.0938 ms/op

WorkloadPilot    1: 4 op, 798306.00 ns, 199.5765 us/op
WorkloadPilot    2: 5011 op, 391295295.00 ns, 78.0873 us/op
WorkloadPilot    3: 12806 op, 715940901.00 ns, 55.9067 us/op
WorkloadPilot    4: 17887 op, 994746913.00 ns, 55.6128 us/op
WorkloadPilot    5: 17981 op, 999763971.00 ns, 55.6011 us/op
WorkloadPilot    6: 17985 op, 1002770057.00 ns, 55.7559 us/op
WorkloadPilot    7: 17935 op, 999774862.00 ns, 55.7443 us/op
WorkloadPilot    8: 17939 op, 999855173.00 ns, 55.7364 us/op
WorkloadPilot    9: 17942 op, 1000510928.00 ns, 55.7636 us/op
WorkloadPilot   10: 17933 op, 997999946.00 ns, 55.6516 us/op
WorkloadPilot   11: 17969 op, 1001264779.00 ns, 55.7218 us/op

WorkloadWarmup   1: 17969 op, 1000666964.00 ns, 55.6885 us/op
WorkloadWarmup   2: 17969 op, 1004362824.00 ns, 55.8942 us/op
WorkloadWarmup   3: 17969 op, 1001995212.00 ns, 55.7624 us/op
WorkloadWarmup   4: 17969 op, 1000664789.00 ns, 55.6884 us/op
WorkloadWarmup   5: 17969 op, 1001818976.00 ns, 55.7526 us/op
WorkloadWarmup   6: 17969 op, 1002625470.00 ns, 55.7975 us/op

// BeforeActualRun
WorkloadActual   1: 17969 op, 999823613.00 ns, 55.6416 us/op
WorkloadActual   2: 17969 op, 1001533932.00 ns, 55.7368 us/op
WorkloadActual   3: 17969 op, 1001110455.00 ns, 55.7132 us/op
WorkloadActual   4: 17969 op, 1000919982.00 ns, 55.7026 us/op
WorkloadActual   5: 17969 op, 1001902786.00 ns, 55.7573 us/op
WorkloadActual   6: 17969 op, 1000431940.00 ns, 55.6754 us/op
WorkloadActual   7: 17969 op, 1000989053.00 ns, 55.7064 us/op
WorkloadActual   8: 17969 op, 1004394820.00 ns, 55.8960 us/op
WorkloadActual   9: 17969 op, 1000968666.00 ns, 55.7053 us/op
WorkloadActual  10: 17969 op, 1002553003.00 ns, 55.7935 us/op
WorkloadActual  11: 17969 op, 1000580015.00 ns, 55.6837 us/op
WorkloadActual  12: 17969 op, 1001392036.00 ns, 55.7289 us/op
WorkloadActual  13: 17969 op, 1000776683.00 ns, 55.6946 us/op
WorkloadActual  14: 17969 op, 1000010957.00 ns, 55.6520 us/op
WorkloadActual  15: 17969 op, 1001051143.00 ns, 55.7099 us/op

// AfterActualRun
WorkloadResult   1: 17969 op, 999823613.00 ns, 55.6416 us/op
WorkloadResult   2: 17969 op, 1001533932.00 ns, 55.7368 us/op
WorkloadResult   3: 17969 op, 1001110455.00 ns, 55.7132 us/op
WorkloadResult   4: 17969 op, 1000919982.00 ns, 55.7026 us/op
WorkloadResult   5: 17969 op, 1001902786.00 ns, 55.7573 us/op
WorkloadResult   6: 17969 op, 1000431940.00 ns, 55.6754 us/op
WorkloadResult   7: 17969 op, 1000989053.00 ns, 55.7064 us/op
WorkloadResult   8: 17969 op, 1004394820.00 ns, 55.8960 us/op
WorkloadResult   9: 17969 op, 1000968666.00 ns, 55.7053 us/op
WorkloadResult  10: 17969 op, 1002553003.00 ns, 55.7935 us/op
WorkloadResult  11: 17969 op, 1000580015.00 ns, 55.6837 us/op
WorkloadResult  12: 17969 op, 1001392036.00 ns, 55.7289 us/op
WorkloadResult  13: 17969 op, 1000776683.00 ns, 55.6946 us/op
WorkloadResult  14: 17969 op, 1000010957.00 ns, 55.6520 us/op
WorkloadResult  15: 17969 op, 1001051143.00 ns, 55.7099 us/op

// AfterAll
// Benchmark Process 4056442 has exited with code 0.

Mean = 55.720 μs, StdErr = 0.016 μs (0.03%), N = 15, StdDev = 0.062 μs
Min = 55.642 μs, Q1 = 55.689 μs, Median = 55.706 μs, Q3 = 55.733 μs, Max = 55.896 μs
IQR = 0.044 μs, LowerFence = 55.624 μs, UpperFence = 55.798 μs
ConfidenceInterval = [55.654 μs; 55.786 μs] (CI 99.9%), Margin = 0.066 μs (0.12% of Mean)
Skewness = 1.4, Kurtosis = 4.8, MValue = 2

// ** Remained 22 (73.3%) benchmark(s) to run. Estimated finish 2025-12-31 19:38 (0h 9m from now) **
// **************************
// Benchmark: JsonSerializationBenchmarks.Utf8Json_Deserialize_Medium: Overhead-Fixed-NoEnergy-5(OutlierMode=DontRemove, IterationCount=15, IterationTime=1s, LaunchCount=1, WarmupCount=6)
// *** Execute ***
// Launch: 1 / 1
// Execute: dotnet Serialization.Bench-Overhead-Fixed-NoEnergy-5-1.dll --anonymousPipes 103 104 --benchmarkName Serialization.Bench.JsonSerializationBenchmarks.Utf8Json_Deserialize_Medium --job Overhead-Fixed-NoEnergy-5 --benchmarkId 8 in /home/test/rapl-tests/lib-energy-bench/src/Serialization.Bench/bin/Release/net8.0/Serialization.Bench-Overhead-Fixed-NoEnergy-5-1/bin/Release/net8.0
// BeforeAnythingElse

// Benchmark Process Environment Information:
// BenchmarkDotNet v0.15.5-develop (2025-12-31)
// Runtime=.NET 8.0.21 (8.0.21, 8.0.2125.47513), X64 RyuJIT x86-64-v4
// GC=Concurrent Workstation
// HardwareIntrinsics=AVX512 IFMA+VBMI,AVX512 F+BW+CD+DQ+VL,AVX2+BMI1+BMI2+F16C+FMA+LZCNT+MOVBE,AVX,SSE3+SSSE3+SSE4.1+SSE4.2+POPCNT,X86Base+SSE+SSE2,AES+PCLMUL VectorSize=256
// Job: Overhead-Fixed-NoEnergy-5(OutlierMode=DontRemove, IterationCount=15, IterationTime=1s, LaunchCount=1, WarmupCount=6)

OverheadJitting  1: 1 op, 139813.00 ns, 139.8130 us/op
WorkloadJitting  1: 1 op, 57539989.00 ns, 57.5400 ms/op

OverheadJitting  2: 16 op, 396676.00 ns, 24.7923 us/op
WorkloadJitting  2: 16 op, 4682265.00 ns, 292.6416 us/op

WorkloadPilot    1: 16 op, 3839003.00 ns, 239.9377 us/op
WorkloadPilot    2: 4176 op, 644081431.00 ns, 154.2341 us/op
WorkloadPilot    3: 6496 op, 406761373.00 ns, 62.6172 us/op
WorkloadPilot    4: 15984 op, 987561316.00 ns, 61.7844 us/op
WorkloadPilot    5: 16192 op, 1000035246.00 ns, 61.7611 us/op

OverheadWarmup   1: 16192 op, 60358.00 ns, 3.7276 ns/op
OverheadWarmup   2: 16192 op, 59568.00 ns, 3.6789 ns/op
OverheadWarmup   3: 16192 op, 58328.00 ns, 3.6023 ns/op
OverheadWarmup   4: 16192 op, 61571.00 ns, 3.8026 ns/op
OverheadWarmup   5: 16192 op, 60065.00 ns, 3.7095 ns/op
OverheadWarmup   6: 16192 op, 59543.00 ns, 3.6773 ns/op
OverheadWarmup   7: 16192 op, 59541.00 ns, 3.6772 ns/op
OverheadWarmup   8: 16192 op, 59531.00 ns, 3.6766 ns/op
OverheadWarmup   9: 16192 op, 58682.00 ns, 3.6241 ns/op
OverheadWarmup  10: 16192 op, 58318.00 ns, 3.6017 ns/op

OverheadActual   1: 16192 op, 58450.00 ns, 3.6098 ns/op
OverheadActual   2: 16192 op, 58457.00 ns, 3.6102 ns/op
OverheadActual   3: 16192 op, 58879.00 ns, 3.6363 ns/op
OverheadActual   4: 16192 op, 58414.00 ns, 3.6076 ns/op
OverheadActual   5: 16192 op, 59515.00 ns, 3.6756 ns/op
OverheadActual   6: 16192 op, 59546.00 ns, 3.6775 ns/op
OverheadActual   7: 16192 op, 58730.00 ns, 3.6271 ns/op
OverheadActual   8: 16192 op, 59571.00 ns, 3.6790 ns/op
OverheadActual   9: 16192 op, 59528.00 ns, 3.6764 ns/op
OverheadActual  10: 16192 op, 58383.00 ns, 3.6057 ns/op
OverheadActual  11: 16192 op, 67464.00 ns, 4.1665 ns/op
OverheadActual  12: 16192 op, 60328.00 ns, 3.7258 ns/op
OverheadActual  13: 16192 op, 60057.00 ns, 3.7091 ns/op
OverheadActual  14: 16192 op, 58328.00 ns, 3.6023 ns/op
OverheadActual  15: 16192 op, 59887.00 ns, 3.6986 ns/op

WorkloadWarmup   1: 16192 op, 1004677564.00 ns, 62.0478 us/op
WorkloadWarmup   2: 16192 op, 1000281428.00 ns, 61.7763 us/op
WorkloadWarmup   3: 16192 op, 999966282.00 ns, 61.7568 us/op
WorkloadWarmup   4: 16192 op, 999070272.00 ns, 61.7015 us/op
WorkloadWarmup   5: 16192 op, 998972630.00 ns, 61.6954 us/op
WorkloadWarmup   6: 16192 op, 999012489.00 ns, 61.6979 us/op

// BeforeActualRun
WorkloadActual   1: 16192 op, 1000708622.00 ns, 61.8027 us/op
WorkloadActual   2: 16192 op, 1000213102.00 ns, 61.7721 us/op
WorkloadActual   3: 16192 op, 999737730.00 ns, 61.7427 us/op
WorkloadActual   4: 16192 op, 998301050.00 ns, 61.6540 us/op
WorkloadActual   5: 16192 op, 998795704.00 ns, 61.6845 us/op
WorkloadActual   6: 16192 op, 998982279.00 ns, 61.6960 us/op
WorkloadActual   7: 16192 op, 998570280.00 ns, 61.6706 us/op
WorkloadActual   8: 16192 op, 998352090.00 ns, 61.6571 us/op
WorkloadActual   9: 16192 op, 997921313.00 ns, 61.6305 us/op
WorkloadActual  10: 16192 op, 1001074882.00 ns, 61.8253 us/op
WorkloadActual  11: 16192 op, 998389368.00 ns, 61.6594 us/op
WorkloadActual  12: 16192 op, 998688372.00 ns, 61.6779 us/op
WorkloadActual  13: 16192 op, 1000027645.00 ns, 61.7606 us/op
WorkloadActual  14: 16192 op, 995017503.00 ns, 61.4512 us/op
WorkloadActual  15: 16192 op, 995050678.00 ns, 61.4532 us/op

// AfterActualRun
WorkloadResult   1: 16192 op, 1000649107.00 ns, 61.7990 us/op
WorkloadResult   2: 16192 op, 1000153587.00 ns, 61.7684 us/op
WorkloadResult   3: 16192 op, 999678215.00 ns, 61.7390 us/op
WorkloadResult   4: 16192 op, 998241535.00 ns, 61.6503 us/op
WorkloadResult   5: 16192 op, 998736189.00 ns, 61.6808 us/op
WorkloadResult   6: 16192 op, 998922764.00 ns, 61.6924 us/op
WorkloadResult   7: 16192 op, 998510765.00 ns, 61.6669 us/op
WorkloadResult   8: 16192 op, 998292575.00 ns, 61.6534 us/op
WorkloadResult   9: 16192 op, 997861798.00 ns, 61.6268 us/op
WorkloadResult  10: 16192 op, 1001015367.00 ns, 61.8216 us/op
WorkloadResult  11: 16192 op, 998329853.00 ns, 61.6557 us/op
WorkloadResult  12: 16192 op, 998628857.00 ns, 61.6742 us/op
WorkloadResult  13: 16192 op, 999968130.00 ns, 61.7569 us/op
WorkloadResult  14: 16192 op, 994957988.00 ns, 61.4475 us/op
WorkloadResult  15: 16192 op, 994991163.00 ns, 61.4496 us/op

// AfterAll
// Benchmark Process 4056459 has exited with code 0.

Mean = 61.672 μs, StdErr = 0.028 μs (0.05%), N = 15, StdDev = 0.108 μs
Min = 61.448 μs, Q1 = 61.652 μs, Median = 61.674 μs, Q3 = 61.748 μs, Max = 61.822 μs
IQR = 0.096 μs, LowerFence = 61.508 μs, UpperFence = 61.892 μs
ConfidenceInterval = [61.557 μs; 61.788 μs] (CI 99.9%), Margin = 0.115 μs (0.19% of Mean)
Skewness = -0.81, Kurtosis = 2.91, MValue = 2

// ** Remained 21 (70.0%) benchmark(s) to run. Estimated finish 2025-12-31 19:38 (0h 8m from now) **
// **************************
// Benchmark: JsonSerializationBenchmarks.SpanJson_Deserialize_Medium: Overhead-Fixed-NoEnergy-5(OutlierMode=DontRemove, IterationCount=15, IterationTime=1s, LaunchCount=1, WarmupCount=6)
// *** Execute ***
// Launch: 1 / 1
// Execute: dotnet Serialization.Bench-Overhead-Fixed-NoEnergy-5-1.dll --anonymousPipes 103 104 --benchmarkName Serialization.Bench.JsonSerializationBenchmarks.SpanJson_Deserialize_Medium --job Overhead-Fixed-NoEnergy-5 --benchmarkId 9 in /home/test/rapl-tests/lib-energy-bench/src/Serialization.Bench/bin/Release/net8.0/Serialization.Bench-Overhead-Fixed-NoEnergy-5-1/bin/Release/net8.0
// BeforeAnythingElse

// Benchmark Process Environment Information:
// BenchmarkDotNet v0.15.5-develop (2025-12-31)
// Runtime=.NET 8.0.21 (8.0.21, 8.0.2125.47513), X64 RyuJIT x86-64-v4
// GC=Concurrent Workstation
// HardwareIntrinsics=AVX512 IFMA+VBMI,AVX512 F+BW+CD+DQ+VL,AVX2+BMI1+BMI2+F16C+FMA+LZCNT+MOVBE,AVX,SSE3+SSSE3+SSE4.1+SSE4.2+POPCNT,X86Base+SSE+SSE2,AES+PCLMUL VectorSize=256
// Job: Overhead-Fixed-NoEnergy-5(OutlierMode=DontRemove, IterationCount=15, IterationTime=1s, LaunchCount=1, WarmupCount=6)

OverheadJitting  1: 1 op, 142338.00 ns, 142.3380 us/op
WorkloadJitting  1: 1 op, 101393497.00 ns, 101.3935 ms/op

WorkloadPilot    1: 4 op, 833479.00 ns, 208.3698 us/op
WorkloadPilot    2: 4799 op, 311395656.00 ns, 64.8876 us/op
WorkloadPilot    3: 15411 op, 602422683.00 ns, 39.0904 us/op
WorkloadPilot    4: 25582 op, 991748846.00 ns, 38.7674 us/op
WorkloadPilot    5: 25795 op, 1000366273.00 ns, 38.7814 us/op
WorkloadPilot    6: 25786 op, 1004933394.00 ns, 38.9721 us/op
WorkloadPilot    7: 25659 op, 999243366.00 ns, 38.9432 us/op
WorkloadPilot    8: 25678 op, 998015213.00 ns, 38.8665 us/op
WorkloadPilot    9: 25729 op, 999851483.00 ns, 38.8609 us/op
WorkloadPilot   10: 25733 op, 1004217020.00 ns, 39.0245 us/op

WorkloadWarmup   1: 25733 op, 999027274.00 ns, 38.8228 us/op
WorkloadWarmup   2: 25733 op, 1002110207.00 ns, 38.9426 us/op
WorkloadWarmup   3: 25733 op, 1000227556.00 ns, 38.8694 us/op
WorkloadWarmup   4: 25733 op, 1000921366.00 ns, 38.8964 us/op
WorkloadWarmup   5: 25733 op, 1000161135.00 ns, 38.8669 us/op
WorkloadWarmup   6: 25733 op, 1002578426.00 ns, 38.9608 us/op

// BeforeActualRun
WorkloadActual   1: 25733 op, 1000056363.00 ns, 38.8628 us/op
WorkloadActual   2: 25733 op, 1001476185.00 ns, 38.9180 us/op
WorkloadActual   3: 25733 op, 1001010758.00 ns, 38.8999 us/op
WorkloadActual   4: 25733 op, 1005798688.00 ns, 39.0859 us/op
WorkloadActual   5: 25733 op, 1001490598.00 ns, 38.9185 us/op
WorkloadActual   6: 25733 op, 1001538275.00 ns, 38.9204 us/op
WorkloadActual   7: 25733 op, 999917957.00 ns, 38.8574 us/op
WorkloadActual   8: 25733 op, 998896853.00 ns, 38.8177 us/op
WorkloadActual   9: 25733 op, 996855439.00 ns, 38.7384 us/op
WorkloadActual  10: 25733 op, 998820651.00 ns, 38.8148 us/op
WorkloadActual  11: 25733 op, 998815087.00 ns, 38.8146 us/op
WorkloadActual  12: 25733 op, 999869391.00 ns, 38.8555 us/op
WorkloadActual  13: 25733 op, 998333526.00 ns, 38.7958 us/op
WorkloadActual  14: 25733 op, 1003785997.00 ns, 39.0077 us/op
WorkloadActual  15: 25733 op, 1000727822.00 ns, 38.8889 us/op

// AfterActualRun
WorkloadResult   1: 25733 op, 1000056363.00 ns, 38.8628 us/op
WorkloadResult   2: 25733 op, 1001476185.00 ns, 38.9180 us/op
WorkloadResult   3: 25733 op, 1001010758.00 ns, 38.8999 us/op
WorkloadResult   4: 25733 op, 1005798688.00 ns, 39.0859 us/op
WorkloadResult   5: 25733 op, 1001490598.00 ns, 38.9185 us/op
WorkloadResult   6: 25733 op, 1001538275.00 ns, 38.9204 us/op
WorkloadResult   7: 25733 op, 999917957.00 ns, 38.8574 us/op
WorkloadResult   8: 25733 op, 998896853.00 ns, 38.8177 us/op
WorkloadResult   9: 25733 op, 996855439.00 ns, 38.7384 us/op
WorkloadResult  10: 25733 op, 998820651.00 ns, 38.8148 us/op
WorkloadResult  11: 25733 op, 998815087.00 ns, 38.8146 us/op
WorkloadResult  12: 25733 op, 999869391.00 ns, 38.8555 us/op
WorkloadResult  13: 25733 op, 998333526.00 ns, 38.7958 us/op
WorkloadResult  14: 25733 op, 1003785997.00 ns, 39.0077 us/op
WorkloadResult  15: 25733 op, 1000727822.00 ns, 38.8889 us/op

// AfterAll
// Benchmark Process 4056475 has exited with code 0.

Mean = 38.880 μs, StdErr = 0.022 μs (0.06%), N = 15, StdDev = 0.086 μs
Min = 38.738 μs, Q1 = 38.816 μs, Median = 38.863 μs, Q3 = 38.918 μs, Max = 39.086 μs
IQR = 0.102 μs, LowerFence = 38.663 μs, UpperFence = 39.071 μs
ConfidenceInterval = [38.787 μs; 38.972 μs] (CI 99.9%), Margin = 0.092 μs (0.24% of Mean)
Skewness = 0.7, Kurtosis = 3.08, MValue = 2

// ** Remained 20 (66.7%) benchmark(s) to run. Estimated finish 2025-12-31 19:38 (0h 8m from now) **
// **************************
// Benchmark: JsonSerializationBenchmarks.STJ_Deserialize_Small: Overhead-Fixed-NoEnergy-5(OutlierMode=DontRemove, IterationCount=15, IterationTime=1s, LaunchCount=1, WarmupCount=6)
// *** Execute ***
// Launch: 1 / 1
// Execute: dotnet Serialization.Bench-Overhead-Fixed-NoEnergy-5-1.dll --anonymousPipes 103 104 --benchmarkName Serialization.Bench.JsonSerializationBenchmarks.STJ_Deserialize_Small --job Overhead-Fixed-NoEnergy-5 --benchmarkId 10 in /home/test/rapl-tests/lib-energy-bench/src/Serialization.Bench/bin/Release/net8.0/Serialization.Bench-Overhead-Fixed-NoEnergy-5-1/bin/Release/net8.0
// BeforeAnythingElse

// Benchmark Process Environment Information:
// BenchmarkDotNet v0.15.5-develop (2025-12-31)
// Runtime=.NET 8.0.21 (8.0.21, 8.0.2125.47513), X64 RyuJIT x86-64-v4
// GC=Concurrent Workstation
// HardwareIntrinsics=AVX512 IFMA+VBMI,AVX512 F+BW+CD+DQ+VL,AVX2+BMI1+BMI2+F16C+FMA+LZCNT+MOVBE,AVX,SSE3+SSSE3+SSE4.1+SSE4.2+POPCNT,X86Base+SSE+SSE2,AES+PCLMUL VectorSize=256
// Job: Overhead-Fixed-NoEnergy-5(OutlierMode=DontRemove, IterationCount=15, IterationTime=1s, LaunchCount=1, WarmupCount=6)

OverheadJitting  1: 1 op, 139950.00 ns, 139.9500 us/op
WorkloadJitting  1: 1 op, 192898.00 ns, 192.8980 us/op

OverheadJitting  2: 16 op, 386977.00 ns, 24.1861 us/op
WorkloadJitting  2: 16 op, 464702.00 ns, 29.0439 us/op

WorkloadPilot    1: 16 op, 94804.00 ns, 5.9253 us/op
WorkloadPilot    2: 168784 op, 582672787.00 ns, 3.4522 us/op
WorkloadPilot    3: 289680 op, 570792540.00 ns, 1.9704 us/op
WorkloadPilot    4: 507520 op, 995921657.00 ns, 1.9623 us/op
WorkloadPilot    5: 509600 op, 997371298.00 ns, 1.9572 us/op
WorkloadPilot    6: 510944 op, 999662990.00 ns, 1.9565 us/op
WorkloadPilot    7: 511120 op, 1012145873.00 ns, 1.9803 us/op
WorkloadPilot    8: 504992 op, 990742223.00 ns, 1.9619 us/op
WorkloadPilot    9: 509712 op, 998344651.00 ns, 1.9586 us/op
WorkloadPilot   10: 510560 op, 999242612.00 ns, 1.9572 us/op
WorkloadPilot   11: 510960 op, 999693840.00 ns, 1.9565 us/op
WorkloadPilot   12: 511120 op, 1001504182.00 ns, 1.9594 us/op
WorkloadPilot   13: 510352 op, 1000455131.00 ns, 1.9603 us/op

OverheadWarmup   1: 510352 op, 1742499.00 ns, 3.4143 ns/op
OverheadWarmup   2: 510352 op, 1743766.00 ns, 3.4168 ns/op
OverheadWarmup   3: 510352 op, 1743958.00 ns, 3.4172 ns/op
OverheadWarmup   4: 510352 op, 1747634.00 ns, 3.4244 ns/op
OverheadWarmup   5: 510352 op, 1740892.00 ns, 3.4112 ns/op
OverheadWarmup   6: 510352 op, 1745398.00 ns, 3.4200 ns/op
OverheadWarmup   7: 510352 op, 1744405.00 ns, 3.4180 ns/op

OverheadActual   1: 510352 op, 1753067.00 ns, 3.4350 ns/op
OverheadActual   2: 510352 op, 1746179.00 ns, 3.4215 ns/op
OverheadActual   3: 510352 op, 1738797.00 ns, 3.4071 ns/op
OverheadActual   4: 510352 op, 1743558.00 ns, 3.4164 ns/op
OverheadActual   5: 510352 op, 1774095.00 ns, 3.4762 ns/op
OverheadActual   6: 510352 op, 1793965.00 ns, 3.5152 ns/op
OverheadActual   7: 510352 op, 1786172.00 ns, 3.4999 ns/op
OverheadActual   8: 510352 op, 1744378.00 ns, 3.4180 ns/op
OverheadActual   9: 510352 op, 1745775.00 ns, 3.4207 ns/op
OverheadActual  10: 510352 op, 1746174.00 ns, 3.4215 ns/op
OverheadActual  11: 510352 op, 1743896.00 ns, 3.4170 ns/op
OverheadActual  12: 510352 op, 1756360.00 ns, 3.4415 ns/op
OverheadActual  13: 510352 op, 1747159.00 ns, 3.4234 ns/op
OverheadActual  14: 510352 op, 1740870.00 ns, 3.4111 ns/op
OverheadActual  15: 510352 op, 1749637.00 ns, 3.4283 ns/op

WorkloadWarmup   1: 510352 op, 1003563910.00 ns, 1.9664 us/op
WorkloadWarmup   2: 510352 op, 1002773892.00 ns, 1.9649 us/op
WorkloadWarmup   3: 510352 op, 997286574.00 ns, 1.9541 us/op
WorkloadWarmup   4: 510352 op, 1002294222.00 ns, 1.9639 us/op
WorkloadWarmup   5: 510352 op, 999143473.00 ns, 1.9578 us/op
WorkloadWarmup   6: 510352 op, 998504586.00 ns, 1.9565 us/op

// BeforeActualRun
WorkloadActual   1: 510352 op, 1000542032.00 ns, 1.9605 us/op
WorkloadActual   2: 510352 op, 1001615325.00 ns, 1.9626 us/op
WorkloadActual   3: 510352 op, 1007403746.00 ns, 1.9739 us/op
WorkloadActual   4: 510352 op, 1004198149.00 ns, 1.9677 us/op
WorkloadActual   5: 510352 op, 1004927904.00 ns, 1.9691 us/op
WorkloadActual   6: 510352 op, 1003180020.00 ns, 1.9657 us/op
WorkloadActual   7: 510352 op, 1001782739.00 ns, 1.9629 us/op
WorkloadActual   8: 510352 op, 1004241943.00 ns, 1.9677 us/op
WorkloadActual   9: 510352 op, 1001648880.00 ns, 1.9627 us/op
WorkloadActual  10: 510352 op, 1001357232.00 ns, 1.9621 us/op
WorkloadActual  11: 510352 op, 1002036033.00 ns, 1.9634 us/op
WorkloadActual  12: 510352 op, 1008589288.00 ns, 1.9763 us/op
WorkloadActual  13: 510352 op, 1003460748.00 ns, 1.9662 us/op
WorkloadActual  14: 510352 op, 1007950245.00 ns, 1.9750 us/op
WorkloadActual  15: 510352 op, 1003833056.00 ns, 1.9669 us/op

// AfterActualRun
WorkloadResult   1: 510352 op, 998795853.00 ns, 1.9571 us/op
WorkloadResult   2: 510352 op, 999869146.00 ns, 1.9592 us/op
WorkloadResult   3: 510352 op, 1005657567.00 ns, 1.9705 us/op
WorkloadResult   4: 510352 op, 1002451970.00 ns, 1.9642 us/op
WorkloadResult   5: 510352 op, 1003181725.00 ns, 1.9657 us/op
WorkloadResult   6: 510352 op, 1001433841.00 ns, 1.9622 us/op
WorkloadResult   7: 510352 op, 1000036560.00 ns, 1.9595 us/op
WorkloadResult   8: 510352 op, 1002495764.00 ns, 1.9643 us/op
WorkloadResult   9: 510352 op, 999902701.00 ns, 1.9592 us/op
WorkloadResult  10: 510352 op, 999611053.00 ns, 1.9587 us/op
WorkloadResult  11: 510352 op, 1000289854.00 ns, 1.9600 us/op
WorkloadResult  12: 510352 op, 1006843109.00 ns, 1.9728 us/op
WorkloadResult  13: 510352 op, 1001714569.00 ns, 1.9628 us/op
WorkloadResult  14: 510352 op, 1006204066.00 ns, 1.9716 us/op
WorkloadResult  15: 510352 op, 1002086877.00 ns, 1.9635 us/op

// AfterAll
// Benchmark Process 4056493 has exited with code 0.

Mean = 1.963 μs, StdErr = 0.001 μs (0.06%), N = 15, StdDev = 0.005 μs
Min = 1.957 μs, Q1 = 1.959 μs, Median = 1.963 μs, Q3 = 1.965 μs, Max = 1.973 μs
IQR = 0.006 μs, LowerFence = 1.951 μs, UpperFence = 1.973 μs
ConfidenceInterval = [1.958 μs; 1.969 μs] (CI 99.9%), Margin = 0.005 μs (0.27% of Mean)
Skewness = 0.63, Kurtosis = 2.04, MValue = 2

// ** Remained 19 (63.3%) benchmark(s) to run. Estimated finish 2025-12-31 19:38 (0h 8m from now) **
// **************************
// Benchmark: JsonSerializationBenchmarks.Newtonsoft_Deserialize_Small: Overhead-Fixed-NoEnergy-5(OutlierMode=DontRemove, IterationCount=15, IterationTime=1s, LaunchCount=1, WarmupCount=6)
// *** Execute ***
// Launch: 1 / 1
// Execute: dotnet Serialization.Bench-Overhead-Fixed-NoEnergy-5-1.dll --anonymousPipes 103 104 --benchmarkName Serialization.Bench.JsonSerializationBenchmarks.Newtonsoft_Deserialize_Small --job Overhead-Fixed-NoEnergy-5 --benchmarkId 11 in /home/test/rapl-tests/lib-energy-bench/src/Serialization.Bench/bin/Release/net8.0/Serialization.Bench-Overhead-Fixed-NoEnergy-5-1/bin/Release/net8.0
// BeforeAnythingElse

// Benchmark Process Environment Information:
// BenchmarkDotNet v0.15.5-develop (2025-12-31)
// Runtime=.NET 8.0.21 (8.0.21, 8.0.2125.47513), X64 RyuJIT x86-64-v4
// GC=Concurrent Workstation
// HardwareIntrinsics=AVX512 IFMA+VBMI,AVX512 F+BW+CD+DQ+VL,AVX2+BMI1+BMI2+F16C+FMA+LZCNT+MOVBE,AVX,SSE3+SSSE3+SSE4.1+SSE4.2+POPCNT,X86Base+SSE+SSE2,AES+PCLMUL VectorSize=256
// Job: Overhead-Fixed-NoEnergy-5(OutlierMode=DontRemove, IterationCount=15, IterationTime=1s, LaunchCount=1, WarmupCount=6)

OverheadJitting  1: 1 op, 140393.00 ns, 140.3930 us/op
WorkloadJitting  1: 1 op, 42395566.00 ns, 42.3956 ms/op

OverheadJitting  2: 16 op, 398026.00 ns, 24.8766 us/op
WorkloadJitting  2: 16 op, 848784.00 ns, 53.0490 us/op

WorkloadPilot    1: 16 op, 410126.00 ns, 25.6329 us/op
WorkloadPilot    2: 39024 op, 268196670.00 ns, 6.8726 us/op
WorkloadPilot    3: 145520 op, 515623422.00 ns, 3.5433 us/op
WorkloadPilot    4: 282224 op, 994745758.00 ns, 3.5247 us/op
WorkloadPilot    5: 283728 op, 997810764.00 ns, 3.5168 us/op
WorkloadPilot    6: 284352 op, 1000770788.00 ns, 3.5195 us/op
WorkloadPilot    7: 284144 op, 999449794.00 ns, 3.5174 us/op
WorkloadPilot    8: 284304 op, 999745265.00 ns, 3.5165 us/op
WorkloadPilot    9: 284384 op, 1001422534.00 ns, 3.5214 us/op
WorkloadPilot   10: 283984 op, 1000325184.00 ns, 3.5225 us/op

OverheadWarmup   1: 283984 op, 967979.00 ns, 3.4086 ns/op
OverheadWarmup   2: 283984 op, 966737.00 ns, 3.4042 ns/op
OverheadWarmup   3: 283984 op, 968664.00 ns, 3.4110 ns/op
OverheadWarmup   4: 283984 op, 969927.00 ns, 3.4154 ns/op
OverheadWarmup   5: 283984 op, 968060.00 ns, 3.4089 ns/op
OverheadWarmup   6: 283984 op, 973127.00 ns, 3.4267 ns/op
OverheadWarmup   7: 283984 op, 967076.00 ns, 3.4054 ns/op

OverheadActual   1: 283984 op, 971864.00 ns, 3.4222 ns/op
OverheadActual   2: 283984 op, 965664.00 ns, 3.4004 ns/op
OverheadActual   3: 283984 op, 965109.00 ns, 3.3985 ns/op
OverheadActual   4: 283984 op, 972446.00 ns, 3.4243 ns/op
OverheadActual   5: 283984 op, 969126.00 ns, 3.4126 ns/op
OverheadActual   6: 283984 op, 970889.00 ns, 3.4188 ns/op
OverheadActual   7: 283984 op, 971108.00 ns, 3.4196 ns/op
OverheadActual   8: 283984 op, 967753.00 ns, 3.4078 ns/op
OverheadActual   9: 283984 op, 989563.00 ns, 3.4846 ns/op
OverheadActual  10: 283984 op, 971086.00 ns, 3.4195 ns/op
OverheadActual  11: 283984 op, 968655.00 ns, 3.4109 ns/op
OverheadActual  12: 283984 op, 969305.00 ns, 3.4132 ns/op
OverheadActual  13: 283984 op, 967818.00 ns, 3.4080 ns/op
OverheadActual  14: 283984 op, 970749.00 ns, 3.4183 ns/op
OverheadActual  15: 283984 op, 970910.00 ns, 3.4189 ns/op

WorkloadWarmup   1: 283984 op, 1003655685.00 ns, 3.5342 us/op
WorkloadWarmup   2: 283984 op, 1001111392.00 ns, 3.5252 us/op
WorkloadWarmup   3: 283984 op, 999388788.00 ns, 3.5192 us/op
WorkloadWarmup   4: 283984 op, 998948743.00 ns, 3.5176 us/op
WorkloadWarmup   5: 283984 op, 1000242624.00 ns, 3.5222 us/op
WorkloadWarmup   6: 283984 op, 1000491693.00 ns, 3.5231 us/op

// BeforeActualRun
WorkloadActual   1: 283984 op, 1002180468.00 ns, 3.5290 us/op
WorkloadActual   2: 283984 op, 1001432762.00 ns, 3.5264 us/op
WorkloadActual   3: 283984 op, 998906537.00 ns, 3.5175 us/op
WorkloadActual   4: 283984 op, 1001308327.00 ns, 3.5259 us/op
WorkloadActual   5: 283984 op, 1000564770.00 ns, 3.5233 us/op
WorkloadActual   6: 283984 op, 1002895674.00 ns, 3.5315 us/op
WorkloadActual   7: 283984 op, 1002529164.00 ns, 3.5302 us/op
WorkloadActual   8: 283984 op, 1002007772.00 ns, 3.5284 us/op
WorkloadActual   9: 283984 op, 1002134327.00 ns, 3.5288 us/op
WorkloadActual  10: 283984 op, 1001749740.00 ns, 3.5275 us/op
WorkloadActual  11: 283984 op, 1000148799.00 ns, 3.5218 us/op
WorkloadActual  12: 283984 op, 1003817368.00 ns, 3.5348 us/op
WorkloadActual  13: 283984 op, 997619852.00 ns, 3.5129 us/op
WorkloadActual  14: 283984 op, 996600590.00 ns, 3.5094 us/op
WorkloadActual  15: 283984 op, 996481078.00 ns, 3.5089 us/op

// AfterActualRun
WorkloadResult   1: 283984 op, 1001209719.00 ns, 3.5256 us/op
WorkloadResult   2: 283984 op, 1000462013.00 ns, 3.5230 us/op
WorkloadResult   3: 283984 op, 997935788.00 ns, 3.5141 us/op
WorkloadResult   4: 283984 op, 1000337578.00 ns, 3.5225 us/op
WorkloadResult   5: 283984 op, 999594021.00 ns, 3.5199 us/op
WorkloadResult   6: 283984 op, 1001924925.00 ns, 3.5281 us/op
WorkloadResult   7: 283984 op, 1001558415.00 ns, 3.5268 us/op
WorkloadResult   8: 283984 op, 1001037023.00 ns, 3.5250 us/op
WorkloadResult   9: 283984 op, 1001163578.00 ns, 3.5254 us/op
WorkloadResult  10: 283984 op, 1000778991.00 ns, 3.5241 us/op
WorkloadResult  11: 283984 op, 999178050.00 ns, 3.5184 us/op
WorkloadResult  12: 283984 op, 1002846619.00 ns, 3.5313 us/op
WorkloadResult  13: 283984 op, 996649103.00 ns, 3.5095 us/op
WorkloadResult  14: 283984 op, 995629841.00 ns, 3.5059 us/op
WorkloadResult  15: 283984 op, 995510329.00 ns, 3.5055 us/op

// AfterAll
// Benchmark Process 4056517 has exited with code 0.

Mean = 3.520 μs, StdErr = 0.002 μs (0.06%), N = 15, StdDev = 0.008 μs
Min = 3.506 μs, Q1 = 3.516 μs, Median = 3.523 μs, Q3 = 3.526 μs, Max = 3.531 μs
IQR = 0.009 μs, LowerFence = 3.502 μs, UpperFence = 3.539 μs
ConfidenceInterval = [3.512 μs; 3.529 μs] (CI 99.9%), Margin = 0.009 μs (0.24% of Mean)
Skewness = -0.67, Kurtosis = 2.03, MValue = 2

// ** Remained 18 (60.0%) benchmark(s) to run. Estimated finish 2025-12-31 19:38 (0h 8m from now) **
// **************************
// Benchmark: JsonSerializationBenchmarks.Jil_Deserialize_Small: Overhead-Fixed-NoEnergy-5(OutlierMode=DontRemove, IterationCount=15, IterationTime=1s, LaunchCount=1, WarmupCount=6)
// *** Execute ***
// Launch: 1 / 1
// Execute: dotnet Serialization.Bench-Overhead-Fixed-NoEnergy-5-1.dll --anonymousPipes 103 104 --benchmarkName Serialization.Bench.JsonSerializationBenchmarks.Jil_Deserialize_Small --job Overhead-Fixed-NoEnergy-5 --benchmarkId 12 in /home/test/rapl-tests/lib-energy-bench/src/Serialization.Bench/bin/Release/net8.0/Serialization.Bench-Overhead-Fixed-NoEnergy-5-1/bin/Release/net8.0
// BeforeAnythingElse

// Benchmark Process Environment Information:
// BenchmarkDotNet v0.15.5-develop (2025-12-31)
// Runtime=.NET 8.0.21 (8.0.21, 8.0.2125.47513), X64 RyuJIT x86-64-v4
// GC=Concurrent Workstation
// HardwareIntrinsics=AVX512 IFMA+VBMI,AVX512 F+BW+CD+DQ+VL,AVX2+BMI1+BMI2+F16C+FMA+LZCNT+MOVBE,AVX,SSE3+SSSE3+SSE4.1+SSE4.2+POPCNT,X86Base+SSE+SSE2,AES+PCLMUL VectorSize=256
// Job: Overhead-Fixed-NoEnergy-5(OutlierMode=DontRemove, IterationCount=15, IterationTime=1s, LaunchCount=1, WarmupCount=6)

OverheadJitting  1: 1 op, 152299.00 ns, 152.2990 us/op
WorkloadJitting  1: 1 op, 114455995.00 ns, 114.4560 ms/op

WorkloadPilot    1: 4 op, 39475.00 ns, 9.8688 us/op
WorkloadPilot    2: 101330 op, 327594690.00 ns, 3.2329 us/op
WorkloadPilot    3: 309315 op, 696775798.00 ns, 2.2526 us/op
WorkloadPilot    4: 443923 op, 992172939.00 ns, 2.2350 us/op
WorkloadPilot    5: 447425 op, 998768536.00 ns, 2.2323 us/op
WorkloadPilot    6: 447977 op, 1002527344.00 ns, 2.2379 us/op
WorkloadPilot    7: 446848 op, 1001797973.00 ns, 2.2419 us/op
WorkloadPilot    8: 446046 op, 998074821.00 ns, 2.2376 us/op
WorkloadPilot    9: 446906 op, 1000503503.00 ns, 2.2387 us/op

WorkloadWarmup   1: 446906 op, 999079015.00 ns, 2.2355 us/op
WorkloadWarmup   2: 446906 op, 999923570.00 ns, 2.2374 us/op
WorkloadWarmup   3: 446906 op, 999531931.00 ns, 2.2366 us/op
WorkloadWarmup   4: 446906 op, 1000515181.00 ns, 2.2388 us/op
WorkloadWarmup   5: 446906 op, 1000106144.00 ns, 2.2378 us/op
WorkloadWarmup   6: 446906 op, 999706168.00 ns, 2.2369 us/op

// BeforeActualRun
WorkloadActual   1: 446906 op, 998006374.00 ns, 2.2331 us/op
WorkloadActual   2: 446906 op, 1000691052.00 ns, 2.2392 us/op
WorkloadActual   3: 446906 op, 1001568958.00 ns, 2.2411 us/op
WorkloadActual   4: 446906 op, 1000914750.00 ns, 2.2397 us/op
WorkloadActual   5: 446906 op, 1000570239.00 ns, 2.2389 us/op
WorkloadActual   6: 446906 op, 1002168252.00 ns, 2.2425 us/op
WorkloadActual   7: 446906 op, 1000590614.00 ns, 2.2389 us/op
WorkloadActual   8: 446906 op, 999772700.00 ns, 2.2371 us/op
WorkloadActual   9: 446906 op, 1000000407.00 ns, 2.2376 us/op
WorkloadActual  10: 446906 op, 999336716.00 ns, 2.2361 us/op
WorkloadActual  11: 446906 op, 999027745.00 ns, 2.2354 us/op
WorkloadActual  12: 446906 op, 1000652991.00 ns, 2.2391 us/op
WorkloadActual  13: 446906 op, 1001471154.00 ns, 2.2409 us/op
WorkloadActual  14: 446906 op, 1003945869.00 ns, 2.2464 us/op
WorkloadActual  15: 446906 op, 1000866286.00 ns, 2.2395 us/op

// AfterActualRun
WorkloadResult   1: 446906 op, 998006374.00 ns, 2.2331 us/op
WorkloadResult   2: 446906 op, 1000691052.00 ns, 2.2392 us/op
WorkloadResult   3: 446906 op, 1001568958.00 ns, 2.2411 us/op
WorkloadResult   4: 446906 op, 1000914750.00 ns, 2.2397 us/op
WorkloadResult   5: 446906 op, 1000570239.00 ns, 2.2389 us/op
WorkloadResult   6: 446906 op, 1002168252.00 ns, 2.2425 us/op
WorkloadResult   7: 446906 op, 1000590614.00 ns, 2.2389 us/op
WorkloadResult   8: 446906 op, 999772700.00 ns, 2.2371 us/op
WorkloadResult   9: 446906 op, 1000000407.00 ns, 2.2376 us/op
WorkloadResult  10: 446906 op, 999336716.00 ns, 2.2361 us/op
WorkloadResult  11: 446906 op, 999027745.00 ns, 2.2354 us/op
WorkloadResult  12: 446906 op, 1000652991.00 ns, 2.2391 us/op
WorkloadResult  13: 446906 op, 1001471154.00 ns, 2.2409 us/op
WorkloadResult  14: 446906 op, 1003945869.00 ns, 2.2464 us/op
WorkloadResult  15: 446906 op, 1000866286.00 ns, 2.2395 us/op

// AfterAll
// Benchmark Process 4056534 has exited with code 0.

Mean = 2.239 μs, StdErr = 0.001 μs (0.04%), N = 15, StdDev = 0.003 μs
Min = 2.233 μs, Q1 = 2.237 μs, Median = 2.239 μs, Q3 = 2.240 μs, Max = 2.246 μs
IQR = 0.003 μs, LowerFence = 2.233 μs, UpperFence = 2.245 μs
ConfidenceInterval = [2.236 μs; 2.242 μs] (CI 99.9%), Margin = 0.003 μs (0.15% of Mean)
Skewness = 0.38, Kurtosis = 3.23, MValue = 2

// ** Remained 17 (56.7%) benchmark(s) to run. Estimated finish 2025-12-31 19:38 (0h 7m from now) **
// **************************
// Benchmark: JsonSerializationBenchmarks.Utf8Json_Deserialize_Small: Overhead-Fixed-NoEnergy-5(OutlierMode=DontRemove, IterationCount=15, IterationTime=1s, LaunchCount=1, WarmupCount=6)
// *** Execute ***
// Launch: 1 / 1
// Execute: dotnet Serialization.Bench-Overhead-Fixed-NoEnergy-5-1.dll --anonymousPipes 103 104 --benchmarkName Serialization.Bench.JsonSerializationBenchmarks.Utf8Json_Deserialize_Small --job Overhead-Fixed-NoEnergy-5 --benchmarkId 13 in /home/test/rapl-tests/lib-energy-bench/src/Serialization.Bench/bin/Release/net8.0/Serialization.Bench-Overhead-Fixed-NoEnergy-5-1/bin/Release/net8.0
// BeforeAnythingElse

// Benchmark Process Environment Information:
// BenchmarkDotNet v0.15.5-develop (2025-12-31)
// Runtime=.NET 8.0.21 (8.0.21, 8.0.2125.47513), X64 RyuJIT x86-64-v4
// GC=Concurrent Workstation
// HardwareIntrinsics=AVX512 IFMA+VBMI,AVX512 F+BW+CD+DQ+VL,AVX2+BMI1+BMI2+F16C+FMA+LZCNT+MOVBE,AVX,SSE3+SSSE3+SSE4.1+SSE4.2+POPCNT,X86Base+SSE+SSE2,AES+PCLMUL VectorSize=256
// Job: Overhead-Fixed-NoEnergy-5(OutlierMode=DontRemove, IterationCount=15, IterationTime=1s, LaunchCount=1, WarmupCount=6)

OverheadJitting  1: 1 op, 141622.00 ns, 141.6220 us/op
WorkloadJitting  1: 1 op, 48335106.00 ns, 48.3351 ms/op

OverheadJitting  2: 16 op, 400389.00 ns, 25.0243 us/op
WorkloadJitting  2: 16 op, 661058.00 ns, 41.3161 us/op

WorkloadPilot    1: 16 op, 255581.00 ns, 15.9738 us/op
WorkloadPilot    2: 62608 op, 570224310.00 ns, 9.1079 us/op
WorkloadPilot    3: 109808 op, 222614644.00 ns, 2.0273 us/op
WorkloadPilot    4: 493280 op, 988125771.00 ns, 2.0032 us/op
WorkloadPilot    5: 499216 op, 998823532.00 ns, 2.0008 us/op
WorkloadPilot    6: 499808 op, 1002436327.00 ns, 2.0056 us/op
WorkloadPilot    7: 498608 op, 998222303.00 ns, 2.0020 us/op
WorkloadPilot    8: 499504 op, 999889729.00 ns, 2.0018 us/op
WorkloadPilot    9: 499568 op, 1002094306.00 ns, 2.0059 us/op
WorkloadPilot   10: 498528 op, 999638242.00 ns, 2.0052 us/op
WorkloadPilot   11: 498720 op, 999866763.00 ns, 2.0049 us/op
WorkloadPilot   12: 498800 op, 1000924327.00 ns, 2.0067 us/op

OverheadWarmup   1: 498800 op, 1696747.00 ns, 3.4017 ns/op
OverheadWarmup   2: 498800 op, 1695871.00 ns, 3.3999 ns/op
OverheadWarmup   3: 498800 op, 1705377.00 ns, 3.4190 ns/op
OverheadWarmup   4: 498800 op, 1701886.00 ns, 3.4120 ns/op
OverheadWarmup   5: 498800 op, 1694487.00 ns, 3.3971 ns/op
OverheadWarmup   6: 498800 op, 1697821.00 ns, 3.4038 ns/op
OverheadWarmup   7: 498800 op, 1702777.00 ns, 3.4137 ns/op
OverheadWarmup   8: 498800 op, 1696961.00 ns, 3.4021 ns/op

OverheadActual   1: 498800 op, 1698697.00 ns, 3.4056 ns/op
OverheadActual   2: 498800 op, 1699779.00 ns, 3.4077 ns/op
OverheadActual   3: 498800 op, 1695628.00 ns, 3.3994 ns/op
OverheadActual   4: 498800 op, 1704089.00 ns, 3.4164 ns/op
OverheadActual   5: 498800 op, 1697888.00 ns, 3.4039 ns/op
OverheadActual   6: 498800 op, 1698204.00 ns, 3.4046 ns/op
OverheadActual   7: 498800 op, 1695596.00 ns, 3.3994 ns/op
OverheadActual   8: 498800 op, 1702840.00 ns, 3.4139 ns/op
OverheadActual   9: 498800 op, 1702735.00 ns, 3.4137 ns/op
OverheadActual  10: 498800 op, 1695641.00 ns, 3.3994 ns/op
OverheadActual  11: 498800 op, 1737745.00 ns, 3.4839 ns/op
OverheadActual  12: 498800 op, 1727296.00 ns, 3.4629 ns/op
OverheadActual  13: 498800 op, 1716503.00 ns, 3.4413 ns/op
OverheadActual  14: 498800 op, 1706277.00 ns, 3.4208 ns/op
OverheadActual  15: 498800 op, 1704371.00 ns, 3.4169 ns/op

WorkloadWarmup   1: 498800 op, 1003246632.00 ns, 2.0113 us/op
WorkloadWarmup   2: 498800 op, 1000849859.00 ns, 2.0065 us/op
WorkloadWarmup   3: 498800 op, 999585047.00 ns, 2.0040 us/op
WorkloadWarmup   4: 498800 op, 997963297.00 ns, 2.0007 us/op
WorkloadWarmup   5: 498800 op, 999698395.00 ns, 2.0042 us/op
WorkloadWarmup   6: 498800 op, 998011926.00 ns, 2.0008 us/op

// BeforeActualRun
WorkloadActual   1: 498800 op, 1001403739.00 ns, 2.0076 us/op
WorkloadActual   2: 498800 op, 999258767.00 ns, 2.0033 us/op
WorkloadActual   3: 498800 op, 1000546646.00 ns, 2.0059 us/op
WorkloadActual   4: 498800 op, 997588790.00 ns, 2.0000 us/op
WorkloadActual   5: 498800 op, 998768668.00 ns, 2.0023 us/op
WorkloadActual   6: 498800 op, 999246617.00 ns, 2.0033 us/op
WorkloadActual   7: 498800 op, 995736994.00 ns, 1.9963 us/op
WorkloadActual   8: 498800 op, 996855320.00 ns, 1.9985 us/op
WorkloadActual   9: 498800 op, 998269032.00 ns, 2.0013 us/op
WorkloadActual  10: 498800 op, 1000218688.00 ns, 2.0052 us/op
WorkloadActual  11: 498800 op, 997476945.00 ns, 1.9998 us/op
WorkloadActual  12: 498800 op, 998423644.00 ns, 2.0017 us/op
WorkloadActual  13: 498800 op, 1003012708.00 ns, 2.0109 us/op
WorkloadActual  14: 498800 op, 997933291.00 ns, 2.0007 us/op
WorkloadActual  15: 498800 op, 998277340.00 ns, 2.0014 us/op

// AfterActualRun
WorkloadResult   1: 498800 op, 999701004.00 ns, 2.0042 us/op
WorkloadResult   2: 498800 op, 997556032.00 ns, 1.9999 us/op
WorkloadResult   3: 498800 op, 998843911.00 ns, 2.0025 us/op
WorkloadResult   4: 498800 op, 995886055.00 ns, 1.9966 us/op
WorkloadResult   5: 498800 op, 997065933.00 ns, 1.9989 us/op
WorkloadResult   6: 498800 op, 997543882.00 ns, 1.9999 us/op
WorkloadResult   7: 498800 op, 994034259.00 ns, 1.9929 us/op
WorkloadResult   8: 498800 op, 995152585.00 ns, 1.9951 us/op
WorkloadResult   9: 498800 op, 996566297.00 ns, 1.9979 us/op
WorkloadResult  10: 498800 op, 998515953.00 ns, 2.0018 us/op
WorkloadResult  11: 498800 op, 995774210.00 ns, 1.9963 us/op
WorkloadResult  12: 498800 op, 996720909.00 ns, 1.9982 us/op
WorkloadResult  13: 498800 op, 1001309973.00 ns, 2.0074 us/op
WorkloadResult  14: 498800 op, 996230556.00 ns, 1.9973 us/op
WorkloadResult  15: 498800 op, 996574605.00 ns, 1.9979 us/op

// AfterAll
// Benchmark Process 4056549 has exited with code 0.

Mean = 1.999 μs, StdErr = 0.001 μs (0.05%), N = 15, StdDev = 0.004 μs
Min = 1.993 μs, Q1 = 1.997 μs, Median = 1.998 μs, Q3 = 2.001 μs, Max = 2.007 μs
IQR = 0.004 μs, LowerFence = 1.991 μs, UpperFence = 2.007 μs
ConfidenceInterval = [1.995 μs; 2.003 μs] (CI 99.9%), Margin = 0.004 μs (0.20% of Mean)
Skewness = 0.53, Kurtosis = 2.68, MValue = 2

// ** Remained 16 (53.3%) benchmark(s) to run. Estimated finish 2025-12-31 19:39 (0h 7m from now) **
// **************************
// Benchmark: JsonSerializationBenchmarks.SpanJson_Deserialize_Small: Overhead-Fixed-NoEnergy-5(OutlierMode=DontRemove, IterationCount=15, IterationTime=1s, LaunchCount=1, WarmupCount=6)
// *** Execute ***
// Launch: 1 / 1
// Execute: dotnet Serialization.Bench-Overhead-Fixed-NoEnergy-5-1.dll --anonymousPipes 103 104 --benchmarkName Serialization.Bench.JsonSerializationBenchmarks.SpanJson_Deserialize_Small --job Overhead-Fixed-NoEnergy-5 --benchmarkId 14 in /home/test/rapl-tests/lib-energy-bench/src/Serialization.Bench/bin/Release/net8.0/Serialization.Bench-Overhead-Fixed-NoEnergy-5-1/bin/Release/net8.0
// BeforeAnythingElse

// Benchmark Process Environment Information:
// BenchmarkDotNet v0.15.5-develop (2025-12-31)
// Runtime=.NET 8.0.21 (8.0.21, 8.0.2125.47513), X64 RyuJIT x86-64-v4
// GC=Concurrent Workstation
// HardwareIntrinsics=AVX512 IFMA+VBMI,AVX512 F+BW+CD+DQ+VL,AVX2+BMI1+BMI2+F16C+FMA+LZCNT+MOVBE,AVX,SSE3+SSSE3+SSE4.1+SSE4.2+POPCNT,X86Base+SSE+SSE2,AES+PCLMUL VectorSize=256
// Job: Overhead-Fixed-NoEnergy-5(OutlierMode=DontRemove, IterationCount=15, IterationTime=1s, LaunchCount=1, WarmupCount=6)

OverheadJitting  1: 1 op, 141879.00 ns, 141.8790 us/op
WorkloadJitting  1: 1 op, 59554811.00 ns, 59.5548 ms/op

OverheadJitting  2: 16 op, 390781.00 ns, 24.4238 us/op
WorkloadJitting  2: 16 op, 424535.00 ns, 26.5334 us/op

WorkloadPilot    1: 16 op, 43258.00 ns, 2.7036 us/op
WorkloadPilot    2: 369888 op, 453168624.00 ns, 1.2252 us/op
WorkloadPilot    3: 816240 op, 955868357.00 ns, 1.1711 us/op
WorkloadPilot    4: 853936 op, 994789830.00 ns, 1.1649 us/op
WorkloadPilot    5: 858416 op, 999529214.00 ns, 1.1644 us/op
WorkloadPilot    6: 858832 op, 999906091.00 ns, 1.1643 us/op
WorkloadPilot    7: 858928 op, 1003244427.00 ns, 1.1680 us/op
WorkloadPilot    8: 856160 op, 999683419.00 ns, 1.1676 us/op
WorkloadPilot    9: 856432 op, 1002571094.00 ns, 1.1706 us/op
WorkloadPilot   10: 854240 op, 994352743.00 ns, 1.1640 us/op
WorkloadPilot   11: 859104 op, 1003545616.00 ns, 1.1681 us/op

OverheadWarmup   1: 859104 op, 2920101.00 ns, 3.3990 ns/op
OverheadWarmup   2: 859104 op, 2921182.00 ns, 3.4003 ns/op
OverheadWarmup   3: 859104 op, 2922083.00 ns, 3.4013 ns/op
OverheadWarmup   4: 859104 op, 2921391.00 ns, 3.4005 ns/op
OverheadWarmup   5: 859104 op, 2920989.00 ns, 3.4000 ns/op
OverheadWarmup   6: 859104 op, 2923766.00 ns, 3.4033 ns/op
OverheadWarmup   7: 859104 op, 2920820.00 ns, 3.3998 ns/op

OverheadActual   1: 859104 op, 2921356.00 ns, 3.4005 ns/op
OverheadActual   2: 859104 op, 2922415.00 ns, 3.4017 ns/op
OverheadActual   3: 859104 op, 2923269.00 ns, 3.4027 ns/op
OverheadActual   4: 859104 op, 2921484.00 ns, 3.4006 ns/op
OverheadActual   5: 859104 op, 2920802.00 ns, 3.3998 ns/op
OverheadActual   6: 859104 op, 2921077.00 ns, 3.4001 ns/op
OverheadActual   7: 859104 op, 2919724.00 ns, 3.3986 ns/op
OverheadActual   8: 859104 op, 2919647.00 ns, 3.3985 ns/op
OverheadActual   9: 859104 op, 2920960.00 ns, 3.4000 ns/op
OverheadActual  10: 859104 op, 2920858.00 ns, 3.3999 ns/op
OverheadActual  11: 859104 op, 2919819.00 ns, 3.3987 ns/op
OverheadActual  12: 859104 op, 2918236.00 ns, 3.3968 ns/op
OverheadActual  13: 859104 op, 2925629.00 ns, 3.4054 ns/op
OverheadActual  14: 859104 op, 2926525.00 ns, 3.4065 ns/op
OverheadActual  15: 859104 op, 2921747.00 ns, 3.4009 ns/op

WorkloadWarmup   1: 859104 op, 1004882535.00 ns, 1.1697 us/op
WorkloadWarmup   2: 859104 op, 1003840510.00 ns, 1.1685 us/op
WorkloadWarmup   3: 859104 op, 1002608735.00 ns, 1.1670 us/op
WorkloadWarmup   4: 859104 op, 1002405265.00 ns, 1.1668 us/op
WorkloadWarmup   5: 859104 op, 1002747777.00 ns, 1.1672 us/op
WorkloadWarmup   6: 859104 op, 1002233654.00 ns, 1.1666 us/op

// BeforeActualRun
WorkloadActual   1: 859104 op, 999975776.00 ns, 1.1640 us/op
WorkloadActual   2: 859104 op, 1002640765.00 ns, 1.1671 us/op
WorkloadActual   3: 859104 op, 1006220132.00 ns, 1.1712 us/op
WorkloadActual   4: 859104 op, 1003068837.00 ns, 1.1676 us/op
WorkloadActual   5: 859104 op, 1002122413.00 ns, 1.1665 us/op
WorkloadActual   6: 859104 op, 1002080945.00 ns, 1.1664 us/op
WorkloadActual   7: 859104 op, 1003221435.00 ns, 1.1678 us/op
WorkloadActual   8: 859104 op, 1002485674.00 ns, 1.1669 us/op
WorkloadActual   9: 859104 op, 1003436335.00 ns, 1.1680 us/op
WorkloadActual  10: 859104 op, 1002969228.00 ns, 1.1675 us/op
WorkloadActual  11: 859104 op, 1002824594.00 ns, 1.1673 us/op
WorkloadActual  12: 859104 op, 1007487017.00 ns, 1.1727 us/op
WorkloadActual  13: 859104 op, 1004346875.00 ns, 1.1691 us/op
WorkloadActual  14: 859104 op, 1003532484.00 ns, 1.1681 us/op
WorkloadActual  15: 859104 op, 1004190983.00 ns, 1.1689 us/op

// AfterActualRun
WorkloadResult   1: 859104 op, 997054699.00 ns, 1.1606 us/op
WorkloadResult   2: 859104 op, 999719688.00 ns, 1.1637 us/op
WorkloadResult   3: 859104 op, 1003299055.00 ns, 1.1678 us/op
WorkloadResult   4: 859104 op, 1000147760.00 ns, 1.1642 us/op
WorkloadResult   5: 859104 op, 999201336.00 ns, 1.1631 us/op
WorkloadResult   6: 859104 op, 999159868.00 ns, 1.1630 us/op
WorkloadResult   7: 859104 op, 1000300358.00 ns, 1.1644 us/op
WorkloadResult   8: 859104 op, 999564597.00 ns, 1.1635 us/op
WorkloadResult   9: 859104 op, 1000515258.00 ns, 1.1646 us/op
WorkloadResult  10: 859104 op, 1000048151.00 ns, 1.1641 us/op
WorkloadResult  11: 859104 op, 999903517.00 ns, 1.1639 us/op
WorkloadResult  12: 859104 op, 1004565940.00 ns, 1.1693 us/op
WorkloadResult  13: 859104 op, 1001425798.00 ns, 1.1657 us/op
WorkloadResult  14: 859104 op, 1000611407.00 ns, 1.1647 us/op
WorkloadResult  15: 859104 op, 1001269906.00 ns, 1.1655 us/op

// AfterAll
// Benchmark Process 4056566 has exited with code 0.

Mean = 1.165 μs, StdErr = 0.001 μs (0.05%), N = 15, StdDev = 0.002 μs
Min = 1.161 μs, Q1 = 1.164 μs, Median = 1.164 μs, Q3 = 1.165 μs, Max = 1.169 μs
IQR = 0.002 μs, LowerFence = 1.161 μs, UpperFence = 1.167 μs
ConfidenceInterval = [1.162 μs; 1.167 μs] (CI 99.9%), Margin = 0.002 μs (0.19% of Mean)
Skewness = 0.6, Kurtosis = 3.43, MValue = 2

// ** Remained 15 (50.0%) benchmark(s) to run. Estimated finish 2025-12-31 19:39 (0h 6m from now) **
// **************************
// Benchmark: JsonSerializationBenchmarks.STJ_Serialize_Large: Overhead-Fixed-NoEnergy-5(OutlierMode=DontRemove, IterationCount=15, IterationTime=1s, LaunchCount=1, WarmupCount=6)
// *** Execute ***
// Launch: 1 / 1
// Execute: dotnet Serialization.Bench-Overhead-Fixed-NoEnergy-5-1.dll --anonymousPipes 103 104 --benchmarkName Serialization.Bench.JsonSerializationBenchmarks.STJ_Serialize_Large --job Overhead-Fixed-NoEnergy-5 --benchmarkId 15 in /home/test/rapl-tests/lib-energy-bench/src/Serialization.Bench/bin/Release/net8.0/Serialization.Bench-Overhead-Fixed-NoEnergy-5-1/bin/Release/net8.0
// BeforeAnythingElse

// Benchmark Process Environment Information:
// BenchmarkDotNet v0.15.5-develop (2025-12-31)
// Runtime=.NET 8.0.21 (8.0.21, 8.0.2125.47513), X64 RyuJIT x86-64-v4
// GC=Concurrent Workstation
// HardwareIntrinsics=AVX512 IFMA+VBMI,AVX512 F+BW+CD+DQ+VL,AVX2+BMI1+BMI2+F16C+FMA+LZCNT+MOVBE,AVX,SSE3+SSSE3+SSE4.1+SSE4.2+POPCNT,X86Base+SSE+SSE2,AES+PCLMUL VectorSize=256
// Job: Overhead-Fixed-NoEnergy-5(OutlierMode=DontRemove, IterationCount=15, IterationTime=1s, LaunchCount=1, WarmupCount=6)

OverheadJitting  1: 1 op, 135400.00 ns, 135.4000 us/op
WorkloadJitting  1: 1 op, 8064353.00 ns, 8.0644 ms/op

OverheadJitting  2: 16 op, 361287.00 ns, 22.5804 us/op
WorkloadJitting  2: 16 op, 6282156.00 ns, 392.6348 us/op

WorkloadPilot    1: 16 op, 5966177.00 ns, 372.8861 us/op
WorkloadPilot    2: 2688 op, 736205151.00 ns, 273.8858 us/op
WorkloadPilot    3: 3664 op, 681566137.00 ns, 186.0170 us/op
WorkloadPilot    4: 5376 op, 993364620.00 ns, 184.7776 us/op
WorkloadPilot    5: 5424 op, 1004041776.00 ns, 185.1109 us/op
WorkloadPilot    6: 5408 op, 1000162276.00 ns, 184.9412 us/op

OverheadWarmup   1: 5408 op, 19669.00 ns, 3.6370 ns/op
OverheadWarmup   2: 5408 op, 18583.00 ns, 3.4362 ns/op
OverheadWarmup   3: 5408 op, 18542.00 ns, 3.4286 ns/op
OverheadWarmup   4: 5408 op, 19069.00 ns, 3.5261 ns/op
OverheadWarmup   5: 5408 op, 18897.00 ns, 3.4943 ns/op
OverheadWarmup   6: 5408 op, 19734.00 ns, 3.6490 ns/op
OverheadWarmup   7: 5408 op, 19979.00 ns, 3.6943 ns/op
OverheadWarmup   8: 5408 op, 18910.00 ns, 3.4967 ns/op

OverheadActual   1: 5408 op, 19102.00 ns, 3.5322 ns/op
OverheadActual   2: 5408 op, 19034.00 ns, 3.5196 ns/op
OverheadActual   3: 5408 op, 18662.00 ns, 3.4508 ns/op
OverheadActual   4: 5408 op, 18549.00 ns, 3.4299 ns/op
OverheadActual   5: 5408 op, 18883.00 ns, 3.4917 ns/op
OverheadActual   6: 5408 op, 18882.00 ns, 3.4915 ns/op
OverheadActual   7: 5408 op, 18529.00 ns, 3.4262 ns/op
OverheadActual   8: 5408 op, 18560.00 ns, 3.4320 ns/op
OverheadActual   9: 5408 op, 18905.00 ns, 3.4957 ns/op
OverheadActual  10: 5408 op, 18509.00 ns, 3.4225 ns/op
OverheadActual  11: 5408 op, 18543.00 ns, 3.4288 ns/op
OverheadActual  12: 5408 op, 18920.00 ns, 3.4985 ns/op
OverheadActual  13: 5408 op, 18549.00 ns, 3.4299 ns/op
OverheadActual  14: 5408 op, 18935.00 ns, 3.5013 ns/op
OverheadActual  15: 5408 op, 18944.00 ns, 3.5030 ns/op

WorkloadWarmup   1: 5408 op, 1005592400.00 ns, 185.9453 us/op
WorkloadWarmup   2: 5408 op, 1004276553.00 ns, 185.7020 us/op
WorkloadWarmup   3: 5408 op, 1003201551.00 ns, 185.5032 us/op
WorkloadWarmup   4: 5408 op, 1003197878.00 ns, 185.5026 us/op
WorkloadWarmup   5: 5408 op, 1002482634.00 ns, 185.3703 us/op
WorkloadWarmup   6: 5408 op, 1001305363.00 ns, 185.1526 us/op

// BeforeActualRun
WorkloadActual   1: 5408 op, 1005420502.00 ns, 185.9136 us/op
WorkloadActual   2: 5408 op, 1003031168.00 ns, 185.4717 us/op
WorkloadActual   3: 5408 op, 1003164772.00 ns, 185.4964 us/op
WorkloadActual   4: 5408 op, 1004000212.00 ns, 185.6509 us/op
WorkloadActual   5: 5408 op, 1002960661.00 ns, 185.4587 us/op
WorkloadActual   6: 5408 op, 1003686343.00 ns, 185.5929 us/op
WorkloadActual   7: 5408 op, 1002526981.00 ns, 185.3785 us/op
WorkloadActual   8: 5408 op, 1003117146.00 ns, 185.4876 us/op
WorkloadActual   9: 5408 op, 1002102956.00 ns, 185.3001 us/op
WorkloadActual  10: 5408 op, 1003632559.00 ns, 185.5829 us/op
WorkloadActual  11: 5408 op, 1002235038.00 ns, 185.3245 us/op
WorkloadActual  12: 5408 op, 1004406860.00 ns, 185.7261 us/op
WorkloadActual  13: 5408 op, 1007587562.00 ns, 186.3143 us/op
WorkloadActual  14: 5408 op, 1002417765.00 ns, 185.3583 us/op
WorkloadActual  15: 5408 op, 1002951709.00 ns, 185.4570 us/op

// AfterActualRun
WorkloadResult   1: 5408 op, 1005401620.00 ns, 185.9101 us/op
WorkloadResult   2: 5408 op, 1003012286.00 ns, 185.4682 us/op
WorkloadResult   3: 5408 op, 1003145890.00 ns, 185.4930 us/op
WorkloadResult   4: 5408 op, 1003981330.00 ns, 185.6474 us/op
WorkloadResult   5: 5408 op, 1002941779.00 ns, 185.4552 us/op
WorkloadResult   6: 5408 op, 1003667461.00 ns, 185.5894 us/op
WorkloadResult   7: 5408 op, 1002508099.00 ns, 185.3750 us/op
WorkloadResult   8: 5408 op, 1003098264.00 ns, 185.4841 us/op
WorkloadResult   9: 5408 op, 1002084074.00 ns, 185.2966 us/op
WorkloadResult  10: 5408 op, 1003613677.00 ns, 185.5795 us/op
WorkloadResult  11: 5408 op, 1002216156.00 ns, 185.3210 us/op
WorkloadResult  12: 5408 op, 1004387978.00 ns, 185.7226 us/op
WorkloadResult  13: 5408 op, 1007568680.00 ns, 186.3108 us/op
WorkloadResult  14: 5408 op, 1002398883.00 ns, 185.3548 us/op
WorkloadResult  15: 5408 op, 1002932827.00 ns, 185.4536 us/op

// AfterAll
// Benchmark Process 4056583 has exited with code 0.

Mean = 185.564 μs, StdErr = 0.068 μs (0.04%), N = 15, StdDev = 0.263 μs
Min = 185.297 μs, Q1 = 185.414 μs, Median = 185.484 μs, Q3 = 185.618 μs, Max = 186.311 μs
IQR = 0.204 μs, LowerFence = 185.108 μs, UpperFence = 185.925 μs
ConfidenceInterval = [185.283 μs; 185.845 μs] (CI 99.9%), Margin = 0.281 μs (0.15% of Mean)
Skewness = 1.5, Kurtosis = 4.74, MValue = 2

// ** Remained 14 (46.7%) benchmark(s) to run. Estimated finish 2025-12-31 19:39 (0h 6m from now) **
// **************************
// Benchmark: JsonSerializationBenchmarks.Newtonsoft_Serialize_Large: Overhead-Fixed-NoEnergy-5(OutlierMode=DontRemove, IterationCount=15, IterationTime=1s, LaunchCount=1, WarmupCount=6)
// *** Execute ***
// Launch: 1 / 1
// Execute: dotnet Serialization.Bench-Overhead-Fixed-NoEnergy-5-1.dll --anonymousPipes 103 104 --benchmarkName Serialization.Bench.JsonSerializationBenchmarks.Newtonsoft_Serialize_Large --job Overhead-Fixed-NoEnergy-5 --benchmarkId 16 in /home/test/rapl-tests/lib-energy-bench/src/Serialization.Bench/bin/Release/net8.0/Serialization.Bench-Overhead-Fixed-NoEnergy-5-1/bin/Release/net8.0
// BeforeAnythingElse

// Benchmark Process Environment Information:
// BenchmarkDotNet v0.15.5-develop (2025-12-31)
// Runtime=.NET 8.0.21 (8.0.21, 8.0.2125.47513), X64 RyuJIT x86-64-v4
// GC=Concurrent Workstation
// HardwareIntrinsics=AVX512 IFMA+VBMI,AVX512 F+BW+CD+DQ+VL,AVX2+BMI1+BMI2+F16C+FMA+LZCNT+MOVBE,AVX,SSE3+SSSE3+SSE4.1+SSE4.2+POPCNT,X86Base+SSE+SSE2,AES+PCLMUL VectorSize=256
// Job: Overhead-Fixed-NoEnergy-5(OutlierMode=DontRemove, IterationCount=15, IterationTime=1s, LaunchCount=1, WarmupCount=6)

OverheadJitting  1: 1 op, 141522.00 ns, 141.5220 us/op
WorkloadJitting  1: 1 op, 50582624.00 ns, 50.5826 ms/op

OverheadJitting  2: 16 op, 356285.00 ns, 22.2678 us/op
WorkloadJitting  2: 16 op, 16016937.00 ns, 1.0011 ms/op

WorkloadPilot    1: 16 op, 15362077.00 ns, 960.1298 us/op
WorkloadPilot    2: 1056 op, 473055989.00 ns, 447.9697 us/op
WorkloadPilot    3: 2240 op, 698909332.00 ns, 312.0131 us/op
WorkloadPilot    4: 3216 op, 1003311711.00 ns, 311.9750 us/op

OverheadWarmup   1: 3216 op, 12035.00 ns, 3.7422 ns/op
OverheadWarmup   2: 3216 op, 11271.00 ns, 3.5047 ns/op
OverheadWarmup   3: 3216 op, 11284.00 ns, 3.5087 ns/op
OverheadWarmup   4: 3216 op, 11277.00 ns, 3.5065 ns/op
OverheadWarmup   5: 3216 op, 11317.00 ns, 3.5190 ns/op
OverheadWarmup   6: 3216 op, 11495.00 ns, 3.5743 ns/op
OverheadWarmup   7: 3216 op, 11391.00 ns, 3.5420 ns/op

OverheadActual   1: 3216 op, 11547.00 ns, 3.5905 ns/op
OverheadActual   2: 3216 op, 11292.00 ns, 3.5112 ns/op
OverheadActual   3: 3216 op, 13161.00 ns, 4.0924 ns/op
OverheadActual   4: 3216 op, 11415.00 ns, 3.5494 ns/op
OverheadActual   5: 3216 op, 11476.00 ns, 3.5684 ns/op
OverheadActual   6: 3216 op, 11426.00 ns, 3.5529 ns/op
OverheadActual   7: 3216 op, 11206.00 ns, 3.4845 ns/op
OverheadActual   8: 3216 op, 11426.00 ns, 3.5529 ns/op
OverheadActual   9: 3216 op, 11212.00 ns, 3.4863 ns/op
OverheadActual  10: 3216 op, 11465.00 ns, 3.5650 ns/op
OverheadActual  11: 3216 op, 11507.00 ns, 3.5780 ns/op
OverheadActual  12: 3216 op, 11240.00 ns, 3.4950 ns/op
OverheadActual  13: 3216 op, 11234.00 ns, 3.4932 ns/op
OverheadActual  14: 3216 op, 11680.00 ns, 3.6318 ns/op
OverheadActual  15: 3216 op, 11411.00 ns, 3.5482 ns/op

WorkloadWarmup   1: 3216 op, 1005965171.00 ns, 312.8001 us/op
WorkloadWarmup   2: 3216 op, 1002081911.00 ns, 311.5926 us/op
WorkloadWarmup   3: 3216 op, 1003969475.00 ns, 312.1796 us/op
WorkloadWarmup   4: 3216 op, 1003688783.00 ns, 312.0923 us/op
WorkloadWarmup   5: 3216 op, 1003557499.00 ns, 312.0515 us/op
WorkloadWarmup   6: 3216 op, 1002423993.00 ns, 311.6990 us/op

// BeforeActualRun
WorkloadActual   1: 3216 op, 1003793966.00 ns, 312.1250 us/op
WorkloadActual   2: 3216 op, 1001716664.00 ns, 311.4791 us/op
WorkloadActual   3: 3216 op, 1003871182.00 ns, 312.1490 us/op
WorkloadActual   4: 3216 op, 1002387156.00 ns, 311.6875 us/op
WorkloadActual   5: 3216 op, 1002359887.00 ns, 311.6791 us/op
WorkloadActual   6: 3216 op, 1003280561.00 ns, 311.9653 us/op
WorkloadActual   7: 3216 op, 1002040880.00 ns, 311.5799 us/op
WorkloadActual   8: 3216 op, 1002791618.00 ns, 311.8133 us/op
WorkloadActual   9: 3216 op, 1003658850.00 ns, 312.0830 us/op
WorkloadActual  10: 3216 op, 1004081019.00 ns, 312.2142 us/op
WorkloadActual  11: 3216 op, 1002647755.00 ns, 311.7686 us/op
WorkloadActual  12: 3216 op, 1002906420.00 ns, 311.8490 us/op
WorkloadActual  13: 3216 op, 1002521584.00 ns, 311.7293 us/op
WorkloadActual  14: 3216 op, 1003252534.00 ns, 311.9566 us/op
WorkloadActual  15: 3216 op, 1001727071.00 ns, 311.4823 us/op

// AfterActualRun
WorkloadResult   1: 3216 op, 1003782540.00 ns, 312.1214 us/op
WorkloadResult   2: 3216 op, 1001705238.00 ns, 311.4755 us/op
WorkloadResult   3: 3216 op, 1003859756.00 ns, 312.1454 us/op
WorkloadResult   4: 3216 op, 1002375730.00 ns, 311.6840 us/op
WorkloadResult   5: 3216 op, 1002348461.00 ns, 311.6755 us/op
WorkloadResult   6: 3216 op, 1003269135.00 ns, 311.9618 us/op
WorkloadResult   7: 3216 op, 1002029454.00 ns, 311.5763 us/op
WorkloadResult   8: 3216 op, 1002780192.00 ns, 311.8098 us/op
WorkloadResult   9: 3216 op, 1003647424.00 ns, 312.0794 us/op
WorkloadResult  10: 3216 op, 1004069593.00 ns, 312.2107 us/op
WorkloadResult  11: 3216 op, 1002636329.00 ns, 311.7650 us/op
WorkloadResult  12: 3216 op, 1002894994.00 ns, 311.8455 us/op
WorkloadResult  13: 3216 op, 1002510158.00 ns, 311.7258 us/op
WorkloadResult  14: 3216 op, 1003241108.00 ns, 311.9531 us/op
WorkloadResult  15: 3216 op, 1001715645.00 ns, 311.4787 us/op

// AfterAll
// Benchmark Process 4056597 has exited with code 0.

Mean = 311.834 μs, StdErr = 0.062 μs (0.02%), N = 15, StdDev = 0.239 μs
Min = 311.476 μs, Q1 = 311.680 μs, Median = 311.810 μs, Q3 = 312.021 μs, Max = 312.211 μs
IQR = 0.341 μs, LowerFence = 311.168 μs, UpperFence = 312.532 μs
ConfidenceInterval = [311.579 μs; 312.089 μs] (CI 99.9%), Margin = 0.255 μs (0.08% of Mean)
Skewness = 0.05, Kurtosis = 1.61, MValue = 2

// ** Remained 13 (43.3%) benchmark(s) to run. Estimated finish 2025-12-31 19:39 (0h 5m from now) **
// **************************
// Benchmark: JsonSerializationBenchmarks.Jil_Serialize_Large: Overhead-Fixed-NoEnergy-5(OutlierMode=DontRemove, IterationCount=15, IterationTime=1s, LaunchCount=1, WarmupCount=6)
// *** Execute ***
// Launch: 1 / 1
// Execute: dotnet Serialization.Bench-Overhead-Fixed-NoEnergy-5-1.dll --anonymousPipes 103 104 --benchmarkName Serialization.Bench.JsonSerializationBenchmarks.Jil_Serialize_Large --job Overhead-Fixed-NoEnergy-5 --benchmarkId 17 in /home/test/rapl-tests/lib-energy-bench/src/Serialization.Bench/bin/Release/net8.0/Serialization.Bench-Overhead-Fixed-NoEnergy-5-1/bin/Release/net8.0
// BeforeAnythingElse

// Benchmark Process Environment Information:
// BenchmarkDotNet v0.15.5-develop (2025-12-31)
// Runtime=.NET 8.0.21 (8.0.21, 8.0.2125.47513), X64 RyuJIT x86-64-v4
// GC=Concurrent Workstation
// HardwareIntrinsics=AVX512 IFMA+VBMI,AVX512 F+BW+CD+DQ+VL,AVX2+BMI1+BMI2+F16C+FMA+LZCNT+MOVBE,AVX,SSE3+SSSE3+SSE4.1+SSE4.2+POPCNT,X86Base+SSE+SSE2,AES+PCLMUL VectorSize=256
// Job: Overhead-Fixed-NoEnergy-5(OutlierMode=DontRemove, IterationCount=15, IterationTime=1s, LaunchCount=1, WarmupCount=6)

OverheadJitting  1: 1 op, 134349.00 ns, 134.3490 us/op
WorkloadJitting  1: 1 op, 158412345.00 ns, 158.4123 ms/op

WorkloadPilot    1: 4 op, 1614693.00 ns, 403.6733 us/op
WorkloadPilot    2: 2477 op, 773896582.00 ns, 312.4330 us/op
WorkloadPilot    3: 3201 op, 901353727.00 ns, 281.5850 us/op
WorkloadPilot    4: 3551 op, 998875579.00 ns, 281.2942 us/op
WorkloadPilot    5: 3555 op, 1000367832.00 ns, 281.3974 us/op

WorkloadWarmup   1: 3555 op, 1001271908.00 ns, 281.6517 us/op
WorkloadWarmup   2: 3555 op, 1000731365.00 ns, 281.4997 us/op
WorkloadWarmup   3: 3555 op, 999977533.00 ns, 281.2876 us/op
WorkloadWarmup   4: 3555 op, 1002956563.00 ns, 282.1256 us/op
WorkloadWarmup   5: 3555 op, 1000675547.00 ns, 281.4840 us/op
WorkloadWarmup   6: 3555 op, 1000833710.00 ns, 281.5285 us/op

// BeforeActualRun
WorkloadActual   1: 3555 op, 1002120652.00 ns, 281.8905 us/op
WorkloadActual   2: 3555 op, 1000515984.00 ns, 281.4391 us/op
WorkloadActual   3: 3555 op, 1000998026.00 ns, 281.5747 us/op
WorkloadActual   4: 3555 op, 1000682581.00 ns, 281.4860 us/op
WorkloadActual   5: 3555 op, 999942293.00 ns, 281.2777 us/op
WorkloadActual   6: 3555 op, 999999531.00 ns, 281.2938 us/op
WorkloadActual   7: 3555 op, 999337808.00 ns, 281.1077 us/op
WorkloadActual   8: 3555 op, 1000089258.00 ns, 281.3191 us/op
WorkloadActual   9: 3555 op, 1000267779.00 ns, 281.3693 us/op
WorkloadActual  10: 3555 op, 999635131.00 ns, 281.1913 us/op
WorkloadActual  11: 3555 op, 1001116606.00 ns, 281.6080 us/op
WorkloadActual  12: 3555 op, 999426062.00 ns, 281.1325 us/op
WorkloadActual  13: 3555 op, 999654265.00 ns, 281.1967 us/op
WorkloadActual  14: 3555 op, 999638157.00 ns, 281.1922 us/op
WorkloadActual  15: 3555 op, 1000421163.00 ns, 281.4124 us/op

// AfterActualRun
WorkloadResult   1: 3555 op, 1002120652.00 ns, 281.8905 us/op
WorkloadResult   2: 3555 op, 1000515984.00 ns, 281.4391 us/op
WorkloadResult   3: 3555 op, 1000998026.00 ns, 281.5747 us/op
WorkloadResult   4: 3555 op, 1000682581.00 ns, 281.4860 us/op
WorkloadResult   5: 3555 op, 999942293.00 ns, 281.2777 us/op
WorkloadResult   6: 3555 op, 999999531.00 ns, 281.2938 us/op
WorkloadResult   7: 3555 op, 999337808.00 ns, 281.1077 us/op
WorkloadResult   8: 3555 op, 1000089258.00 ns, 281.3191 us/op
WorkloadResult   9: 3555 op, 1000267779.00 ns, 281.3693 us/op
WorkloadResult  10: 3555 op, 999635131.00 ns, 281.1913 us/op
WorkloadResult  11: 3555 op, 1001116606.00 ns, 281.6080 us/op
WorkloadResult  12: 3555 op, 999426062.00 ns, 281.1325 us/op
WorkloadResult  13: 3555 op, 999654265.00 ns, 281.1967 us/op
WorkloadResult  14: 3555 op, 999638157.00 ns, 281.1922 us/op
WorkloadResult  15: 3555 op, 1000421163.00 ns, 281.4124 us/op

// AfterAll
// Benchmark Process 4056612 has exited with code 0.

Mean = 281.366 μs, StdErr = 0.055 μs (0.02%), N = 15, StdDev = 0.211 μs
Min = 281.108 μs, Q1 = 281.194 μs, Median = 281.319 μs, Q3 = 281.463 μs, Max = 281.890 μs
IQR = 0.268 μs, LowerFence = 280.792 μs, UpperFence = 281.865 μs
ConfidenceInterval = [281.140 μs; 281.592 μs] (CI 99.9%), Margin = 0.226 μs (0.08% of Mean)
Skewness = 0.87, Kurtosis = 3.06, MValue = 2

// ** Remained 12 (40.0%) benchmark(s) to run. Estimated finish 2025-12-31 19:38 (0h 5m from now) **
// **************************
// Benchmark: JsonSerializationBenchmarks.Utf8Json_Serialize_Large: Overhead-Fixed-NoEnergy-5(OutlierMode=DontRemove, IterationCount=15, IterationTime=1s, LaunchCount=1, WarmupCount=6)
// *** Execute ***
// Launch: 1 / 1
// Execute: dotnet Serialization.Bench-Overhead-Fixed-NoEnergy-5-1.dll --anonymousPipes 103 104 --benchmarkName Serialization.Bench.JsonSerializationBenchmarks.Utf8Json_Serialize_Large --job Overhead-Fixed-NoEnergy-5 --benchmarkId 18 in /home/test/rapl-tests/lib-energy-bench/src/Serialization.Bench/bin/Release/net8.0/Serialization.Bench-Overhead-Fixed-NoEnergy-5-1/bin/Release/net8.0
// BeforeAnythingElse

// Benchmark Process Environment Information:
// BenchmarkDotNet v0.15.5-develop (2025-12-31)
// Runtime=.NET 8.0.21 (8.0.21, 8.0.2125.47513), X64 RyuJIT x86-64-v4
// GC=Concurrent Workstation
// HardwareIntrinsics=AVX512 IFMA+VBMI,AVX512 F+BW+CD+DQ+VL,AVX2+BMI1+BMI2+F16C+FMA+LZCNT+MOVBE,AVX,SSE3+SSSE3+SSE4.1+SSE4.2+POPCNT,X86Base+SSE+SSE2,AES+PCLMUL VectorSize=256
// Job: Overhead-Fixed-NoEnergy-5(OutlierMode=DontRemove, IterationCount=15, IterationTime=1s, LaunchCount=1, WarmupCount=6)

OverheadJitting  1: 1 op, 134096.00 ns, 134.0960 us/op
WorkloadJitting  1: 1 op, 56012947.00 ns, 56.0129 ms/op

OverheadJitting  2: 16 op, 362480.00 ns, 22.6550 us/op
WorkloadJitting  2: 16 op, 13726804.00 ns, 857.9253 us/op

WorkloadPilot    1: 16 op, 12614287.00 ns, 788.3929 us/op
WorkloadPilot    2: 1280 op, 488790493.00 ns, 381.8676 us/op
WorkloadPilot    3: 2624 op, 728461316.00 ns, 277.6148 us/op
WorkloadPilot    4: 3616 op, 1011575555.00 ns, 279.7499 us/op
WorkloadPilot    5: 3584 op, 995406383.00 ns, 277.7362 us/op
WorkloadPilot    6: 3616 op, 1002117039.00 ns, 277.1341 us/op

OverheadWarmup   1: 3616 op, 13622.00 ns, 3.7671 ns/op
OverheadWarmup   2: 3616 op, 12818.00 ns, 3.5448 ns/op
OverheadWarmup   3: 3616 op, 12783.00 ns, 3.5351 ns/op
OverheadWarmup   4: 3616 op, 12497.00 ns, 3.4560 ns/op
OverheadWarmup   5: 3616 op, 12480.00 ns, 3.4513 ns/op
OverheadWarmup   6: 3616 op, 12757.00 ns, 3.5279 ns/op
OverheadWarmup   7: 3616 op, 12688.00 ns, 3.5088 ns/op
OverheadWarmup   8: 3616 op, 12755.00 ns, 3.5274 ns/op
OverheadWarmup   9: 3616 op, 12705.00 ns, 3.5136 ns/op

OverheadActual   1: 3616 op, 12898.00 ns, 3.5669 ns/op
OverheadActual   2: 3616 op, 12638.00 ns, 3.4950 ns/op
OverheadActual   3: 3616 op, 13447.00 ns, 3.7188 ns/op
OverheadActual   4: 3616 op, 12564.00 ns, 3.4746 ns/op
OverheadActual   5: 3616 op, 12783.00 ns, 3.5351 ns/op
OverheadActual   6: 3616 op, 12759.00 ns, 3.5285 ns/op
OverheadActual   7: 3616 op, 12753.00 ns, 3.5268 ns/op
OverheadActual   8: 3616 op, 12788.00 ns, 3.5365 ns/op
OverheadActual   9: 3616 op, 12841.00 ns, 3.5512 ns/op
OverheadActual  10: 3616 op, 13407.00 ns, 3.7077 ns/op
OverheadActual  11: 3616 op, 12871.00 ns, 3.5595 ns/op
OverheadActual  12: 3616 op, 12895.00 ns, 3.5661 ns/op
OverheadActual  13: 3616 op, 13353.00 ns, 3.6928 ns/op
OverheadActual  14: 3616 op, 12777.00 ns, 3.5335 ns/op
OverheadActual  15: 3616 op, 12740.00 ns, 3.5232 ns/op

WorkloadWarmup   1: 3616 op, 1006599408.00 ns, 278.3737 us/op
WorkloadWarmup   2: 3616 op, 1006351409.00 ns, 278.3051 us/op
WorkloadWarmup   3: 3616 op, 1007170931.00 ns, 278.5318 us/op
WorkloadWarmup   4: 3616 op, 1002923873.00 ns, 277.3573 us/op
WorkloadWarmup   5: 3616 op, 1020320368.00 ns, 282.1682 us/op
WorkloadWarmup   6: 3616 op, 1006028801.00 ns, 278.2159 us/op

// BeforeActualRun
WorkloadActual   1: 3616 op, 1010590938.00 ns, 279.4776 us/op
WorkloadActual   2: 3616 op, 1010086626.00 ns, 279.3381 us/op
WorkloadActual   3: 3616 op, 994910834.00 ns, 275.1413 us/op
WorkloadActual   4: 3616 op, 998584562.00 ns, 276.1572 us/op
WorkloadActual   5: 3616 op, 997725704.00 ns, 275.9197 us/op
WorkloadActual   6: 3616 op, 997713005.00 ns, 275.9162 us/op
WorkloadActual   7: 3616 op, 1002520117.00 ns, 277.2456 us/op
WorkloadActual   8: 3616 op, 996980669.00 ns, 275.7137 us/op
WorkloadActual   9: 3616 op, 998174808.00 ns, 276.0439 us/op
WorkloadActual  10: 3616 op, 1002645518.00 ns, 277.2803 us/op
WorkloadActual  11: 3616 op, 999970641.00 ns, 276.5406 us/op
WorkloadActual  12: 3616 op, 1000224487.00 ns, 276.6108 us/op
WorkloadActual  13: 3616 op, 998400864.00 ns, 276.1064 us/op
WorkloadActual  14: 3616 op, 1001585685.00 ns, 276.9872 us/op
WorkloadActual  15: 3616 op, 998167648.00 ns, 276.0419 us/op

// AfterActualRun
WorkloadResult   1: 3616 op, 1010578150.00 ns, 279.4740 us/op
WorkloadResult   2: 3616 op, 1010073838.00 ns, 279.3346 us/op
WorkloadResult   3: 3616 op, 994898046.00 ns, 275.1377 us/op
WorkloadResult   4: 3616 op, 998571774.00 ns, 276.1537 us/op
WorkloadResult   5: 3616 op, 997712916.00 ns, 275.9162 us/op
WorkloadResult   6: 3616 op, 997700217.00 ns, 275.9127 us/op
WorkloadResult   7: 3616 op, 1002507329.00 ns, 277.2421 us/op
WorkloadResult   8: 3616 op, 996967881.00 ns, 275.7101 us/op
WorkloadResult   9: 3616 op, 998162020.00 ns, 276.0404 us/op
WorkloadResult  10: 3616 op, 1002632730.00 ns, 277.2768 us/op
WorkloadResult  11: 3616 op, 999957853.00 ns, 276.5370 us/op
WorkloadResult  12: 3616 op, 1000211699.00 ns, 276.6072 us/op
WorkloadResult  13: 3616 op, 998388076.00 ns, 276.1029 us/op
WorkloadResult  14: 3616 op, 1001572897.00 ns, 276.9837 us/op
WorkloadResult  15: 3616 op, 998154860.00 ns, 276.0384 us/op

// AfterAll
// Benchmark Process 4056629 has exited with code 0.

Mean = 276.698 μs, StdErr = 0.320 μs (0.12%), N = 15, StdDev = 1.241 μs
Min = 275.138 μs, Q1 = 275.977 μs, Median = 276.154 μs, Q3 = 277.113 μs, Max = 279.474 μs
IQR = 1.136 μs, LowerFence = 274.274 μs, UpperFence = 278.816 μs
ConfidenceInterval = [275.371 μs; 278.025 μs] (CI 99.9%), Margin = 1.327 μs (0.48% of Mean)
Skewness = 1.17, Kurtosis = 3.27, MValue = 2

// ** Remained 11 (36.7%) benchmark(s) to run. Estimated finish 2025-12-31 19:38 (0h 4m from now) **
// **************************
// Benchmark: JsonSerializationBenchmarks.SpanJson_Serialize_Large: Overhead-Fixed-NoEnergy-5(OutlierMode=DontRemove, IterationCount=15, IterationTime=1s, LaunchCount=1, WarmupCount=6)
// *** Execute ***
// Launch: 1 / 1
// Execute: dotnet Serialization.Bench-Overhead-Fixed-NoEnergy-5-1.dll --anonymousPipes 103 104 --benchmarkName Serialization.Bench.JsonSerializationBenchmarks.SpanJson_Serialize_Large --job Overhead-Fixed-NoEnergy-5 --benchmarkId 19 in /home/test/rapl-tests/lib-energy-bench/src/Serialization.Bench/bin/Release/net8.0/Serialization.Bench-Overhead-Fixed-NoEnergy-5-1/bin/Release/net8.0
// BeforeAnythingElse

// Benchmark Process Environment Information:
// BenchmarkDotNet v0.15.5-develop (2025-12-31)
// Runtime=.NET 8.0.21 (8.0.21, 8.0.2125.47513), X64 RyuJIT x86-64-v4
// GC=Concurrent Workstation
// HardwareIntrinsics=AVX512 IFMA+VBMI,AVX512 F+BW+CD+DQ+VL,AVX2+BMI1+BMI2+F16C+FMA+LZCNT+MOVBE,AVX,SSE3+SSSE3+SSE4.1+SSE4.2+POPCNT,X86Base+SSE+SSE2,AES+PCLMUL VectorSize=256
// Job: Overhead-Fixed-NoEnergy-5(OutlierMode=DontRemove, IterationCount=15, IterationTime=1s, LaunchCount=1, WarmupCount=6)

OverheadJitting  1: 1 op, 135418.00 ns, 135.4180 us/op
WorkloadJitting  1: 1 op, 109205040.00 ns, 109.2050 ms/op

WorkloadPilot    1: 4 op, 2983031.00 ns, 745.7578 us/op
WorkloadPilot    2: 1341 op, 334881370.00 ns, 249.7251 us/op
WorkloadPilot    3: 4004 op, 630927257.00 ns, 157.5742 us/op
WorkloadPilot    4: 6346 op, 1010871373.00 ns, 159.2927 us/op
WorkloadPilot    5: 6278 op, 1001757792.00 ns, 159.5664 us/op
WorkloadPilot    6: 6267 op, 1007153744.00 ns, 160.7075 us/op

WorkloadWarmup   1: 6267 op, 1008873051.00 ns, 160.9818 us/op
WorkloadWarmup   2: 6267 op, 993068977.00 ns, 158.4600 us/op
WorkloadWarmup   3: 6267 op, 994760414.00 ns, 158.7299 us/op
WorkloadWarmup   4: 6267 op, 1006320159.00 ns, 160.5745 us/op
WorkloadWarmup   5: 6267 op, 997179631.00 ns, 159.1159 us/op
WorkloadWarmup   6: 6267 op, 989862317.00 ns, 157.9484 us/op

// BeforeActualRun
WorkloadActual   1: 6267 op, 981607931.00 ns, 156.6312 us/op
WorkloadActual   2: 6267 op, 1001768848.00 ns, 159.8482 us/op
WorkloadActual   3: 6267 op, 998957712.00 ns, 159.3997 us/op
WorkloadActual   4: 6267 op, 1004269046.00 ns, 160.2472 us/op
WorkloadActual   5: 6267 op, 1002709760.00 ns, 159.9984 us/op
WorkloadActual   6: 6267 op, 1006289445.00 ns, 160.5696 us/op
WorkloadActual   7: 6267 op, 988120217.00 ns, 157.6704 us/op
WorkloadActual   8: 6267 op, 999336625.00 ns, 159.4601 us/op
WorkloadActual   9: 6267 op, 1009846396.00 ns, 161.1371 us/op
WorkloadActual  10: 6267 op, 1005713820.00 ns, 160.4777 us/op
WorkloadActual  11: 6267 op, 987747144.00 ns, 157.6108 us/op
WorkloadActual  12: 6267 op, 973202159.00 ns, 155.2900 us/op
WorkloadActual  13: 6267 op, 995373509.00 ns, 158.8277 us/op
WorkloadActual  14: 6267 op, 981259202.00 ns, 156.5756 us/op
WorkloadActual  15: 6267 op, 982868010.00 ns, 156.8323 us/op

// AfterActualRun
WorkloadResult   1: 6267 op, 981607931.00 ns, 156.6312 us/op
WorkloadResult   2: 6267 op, 1001768848.00 ns, 159.8482 us/op
WorkloadResult   3: 6267 op, 998957712.00 ns, 159.3997 us/op
WorkloadResult   4: 6267 op, 1004269046.00 ns, 160.2472 us/op
WorkloadResult   5: 6267 op, 1002709760.00 ns, 159.9984 us/op
WorkloadResult   6: 6267 op, 1006289445.00 ns, 160.5696 us/op
WorkloadResult   7: 6267 op, 988120217.00 ns, 157.6704 us/op
WorkloadResult   8: 6267 op, 999336625.00 ns, 159.4601 us/op
WorkloadResult   9: 6267 op, 1009846396.00 ns, 161.1371 us/op
WorkloadResult  10: 6267 op, 1005713820.00 ns, 160.4777 us/op
WorkloadResult  11: 6267 op, 987747144.00 ns, 157.6108 us/op
WorkloadResult  12: 6267 op, 973202159.00 ns, 155.2900 us/op
WorkloadResult  13: 6267 op, 995373509.00 ns, 158.8277 us/op
WorkloadResult  14: 6267 op, 981259202.00 ns, 156.5756 us/op
WorkloadResult  15: 6267 op, 982868010.00 ns, 156.8323 us/op

// AfterAll
// Benchmark Process 4056645 has exited with code 0.

Mean = 158.705 μs, StdErr = 0.464 μs (0.29%), N = 15, StdDev = 1.797 μs
Min = 155.290 μs, Q1 = 157.222 μs, Median = 159.400 μs, Q3 = 160.123 μs, Max = 161.137 μs
IQR = 2.901 μs, LowerFence = 152.870 μs, UpperFence = 164.475 μs
ConfidenceInterval = [156.783 μs; 160.627 μs] (CI 99.9%), Margin = 1.922 μs (1.21% of Mean)
Skewness = -0.38, Kurtosis = 1.65, MValue = 2

// ** Remained 10 (33.3%) benchmark(s) to run. Estimated finish 2025-12-31 19:38 (0h 4m from now) **
// **************************
// Benchmark: JsonSerializationBenchmarks.STJ_Serialize_Medium: Overhead-Fixed-NoEnergy-5(OutlierMode=DontRemove, IterationCount=15, IterationTime=1s, LaunchCount=1, WarmupCount=6)
// *** Execute ***
// Launch: 1 / 1
// Execute: dotnet Serialization.Bench-Overhead-Fixed-NoEnergy-5-1.dll --anonymousPipes 103 104 --benchmarkName Serialization.Bench.JsonSerializationBenchmarks.STJ_Serialize_Medium --job Overhead-Fixed-NoEnergy-5 --benchmarkId 20 in /home/test/rapl-tests/lib-energy-bench/src/Serialization.Bench/bin/Release/net8.0/Serialization.Bench-Overhead-Fixed-NoEnergy-5-1/bin/Release/net8.0
// BeforeAnythingElse

// Benchmark Process Environment Information:
// BenchmarkDotNet v0.15.5-develop (2025-12-31)
// Runtime=.NET 8.0.21 (8.0.21, 8.0.2125.47513), X64 RyuJIT x86-64-v4
// GC=Concurrent Workstation
// HardwareIntrinsics=AVX512 IFMA+VBMI,AVX512 F+BW+CD+DQ+VL,AVX2+BMI1+BMI2+F16C+FMA+LZCNT+MOVBE,AVX,SSE3+SSSE3+SSE4.1+SSE4.2+POPCNT,X86Base+SSE+SSE2,AES+PCLMUL VectorSize=256
// Job: Overhead-Fixed-NoEnergy-5(OutlierMode=DontRemove, IterationCount=15, IterationTime=1s, LaunchCount=1, WarmupCount=6)

OverheadJitting  1: 1 op, 133432.00 ns, 133.4320 us/op
WorkloadJitting  1: 1 op, 7088170.00 ns, 7.0882 ms/op

OverheadJitting  2: 16 op, 364645.00 ns, 22.7903 us/op
WorkloadJitting  2: 16 op, 2107284.00 ns, 131.7053 us/op

WorkloadPilot    1: 16 op, 1424532.00 ns, 89.0333 us/op
WorkloadPilot    2: 11232 op, 784001273.00 ns, 69.8007 us/op
WorkloadPilot    3: 14336 op, 670961774.00 ns, 46.8026 us/op
WorkloadPilot    4: 21376 op, 998482028.00 ns, 46.7104 us/op
WorkloadPilot    5: 21408 op, 998363645.00 ns, 46.6351 us/op
WorkloadPilot    6: 21456 op, 1002040714.00 ns, 46.7021 us/op
WorkloadPilot    7: 21424 op, 1002903078.00 ns, 46.8121 us/op
WorkloadPilot    8: 21376 op, 996262045.00 ns, 46.6066 us/op
WorkloadPilot    9: 21456 op, 1002417556.00 ns, 46.7197 us/op

OverheadWarmup   1: 21456 op, 73882.00 ns, 3.4434 ns/op
OverheadWarmup   2: 21456 op, 72980.00 ns, 3.4014 ns/op
OverheadWarmup   3: 21456 op, 80684.00 ns, 3.7604 ns/op
OverheadWarmup   4: 21456 op, 73419.00 ns, 3.4218 ns/op
OverheadWarmup   5: 21456 op, 74394.00 ns, 3.4673 ns/op
OverheadWarmup   6: 21456 op, 69007.00 ns, 3.2162 ns/op

OverheadActual   1: 21456 op, 80957.00 ns, 3.7732 ns/op
OverheadActual   2: 21456 op, 74512.00 ns, 3.4728 ns/op
OverheadActual   3: 21456 op, 79255.00 ns, 3.6938 ns/op
OverheadActual   4: 21456 op, 73383.00 ns, 3.4202 ns/op
OverheadActual   5: 21456 op, 74398.00 ns, 3.4675 ns/op
OverheadActual   6: 21456 op, 77578.00 ns, 3.6157 ns/op
OverheadActual   7: 21456 op, 84612.00 ns, 3.9435 ns/op
OverheadActual   8: 21456 op, 74449.00 ns, 3.4698 ns/op
OverheadActual   9: 21456 op, 72906.00 ns, 3.3979 ns/op
OverheadActual  10: 21456 op, 74787.00 ns, 3.4856 ns/op
OverheadActual  11: 21456 op, 74430.00 ns, 3.4690 ns/op
OverheadActual  12: 21456 op, 74407.00 ns, 3.4679 ns/op
OverheadActual  13: 21456 op, 74817.00 ns, 3.4870 ns/op
OverheadActual  14: 21456 op, 74375.00 ns, 3.4664 ns/op
OverheadActual  15: 21456 op, 74413.00 ns, 3.4682 ns/op

WorkloadWarmup   1: 21456 op, 1002964626.00 ns, 46.7452 us/op
WorkloadWarmup   2: 21456 op, 1001034364.00 ns, 46.6552 us/op
WorkloadWarmup   3: 21456 op, 995611349.00 ns, 46.4025 us/op
WorkloadWarmup   4: 21456 op, 993395888.00 ns, 46.2992 us/op
WorkloadWarmup   5: 21456 op, 994426717.00 ns, 46.3473 us/op
WorkloadWarmup   6: 21456 op, 992786528.00 ns, 46.2708 us/op

// BeforeActualRun
WorkloadActual   1: 21456 op, 995909938.00 ns, 46.4164 us/op
WorkloadActual   2: 21456 op, 997264570.00 ns, 46.4795 us/op
WorkloadActual   3: 21456 op, 996412791.00 ns, 46.4398 us/op
WorkloadActual   4: 21456 op, 997291331.00 ns, 46.4808 us/op
WorkloadActual   5: 21456 op, 995715891.00 ns, 46.4073 us/op
WorkloadActual   6: 21456 op, 995003983.00 ns, 46.3742 us/op
WorkloadActual   7: 21456 op, 997407287.00 ns, 46.4862 us/op
WorkloadActual   8: 21456 op, 995813779.00 ns, 46.4119 us/op
WorkloadActual   9: 21456 op, 996557384.00 ns, 46.4466 us/op
WorkloadActual  10: 21456 op, 997405180.00 ns, 46.4861 us/op
WorkloadActual  11: 21456 op, 996144447.00 ns, 46.4273 us/op
WorkloadActual  12: 21456 op, 992652639.00 ns, 46.2646 us/op
WorkloadActual  13: 21456 op, 996580988.00 ns, 46.4477 us/op
WorkloadActual  14: 21456 op, 999020142.00 ns, 46.5613 us/op
WorkloadActual  15: 21456 op, 992383106.00 ns, 46.2520 us/op

// AfterActualRun
WorkloadResult   1: 21456 op, 995835489.00 ns, 46.4129 us/op
WorkloadResult   2: 21456 op, 997190121.00 ns, 46.4760 us/op
WorkloadResult   3: 21456 op, 996338342.00 ns, 46.4364 us/op
WorkloadResult   4: 21456 op, 997216882.00 ns, 46.4773 us/op
WorkloadResult   5: 21456 op, 995641442.00 ns, 46.4039 us/op
WorkloadResult   6: 21456 op, 994929534.00 ns, 46.3707 us/op
WorkloadResult   7: 21456 op, 997332838.00 ns, 46.4827 us/op
WorkloadResult   8: 21456 op, 995739330.00 ns, 46.4084 us/op
WorkloadResult   9: 21456 op, 996482935.00 ns, 46.4431 us/op
WorkloadResult  10: 21456 op, 997330731.00 ns, 46.4826 us/op
WorkloadResult  11: 21456 op, 996069998.00 ns, 46.4238 us/op
WorkloadResult  12: 21456 op, 992578190.00 ns, 46.2611 us/op
WorkloadResult  13: 21456 op, 996506539.00 ns, 46.4442 us/op
WorkloadResult  14: 21456 op, 998945693.00 ns, 46.5579 us/op
WorkloadResult  15: 21456 op, 992308657.00 ns, 46.2485 us/op

// AfterAll
// Benchmark Process 4056660 has exited with code 0.

Mean = 46.422 μs, StdErr = 0.021 μs (0.05%), N = 15, StdDev = 0.081 μs
Min = 46.249 μs, Q1 = 46.406 μs, Median = 46.436 μs, Q3 = 46.477 μs, Max = 46.558 μs
IQR = 0.071 μs, LowerFence = 46.300 μs, UpperFence = 46.582 μs
ConfidenceInterval = [46.335 μs; 46.509 μs] (CI 99.9%), Margin = 0.087 μs (0.19% of Mean)
Skewness = -0.78, Kurtosis = 3.03, MValue = 2

// ** Remained 9 (30.0%) benchmark(s) to run. Estimated finish 2025-12-31 19:38 (0h 4m from now) **
// **************************
// Benchmark: JsonSerializationBenchmarks.Newtonsoft_Serialize_Medium: Overhead-Fixed-NoEnergy-5(OutlierMode=DontRemove, IterationCount=15, IterationTime=1s, LaunchCount=1, WarmupCount=6)
// *** Execute ***
// Launch: 1 / 1
// Execute: dotnet Serialization.Bench-Overhead-Fixed-NoEnergy-5-1.dll --anonymousPipes 103 104 --benchmarkName Serialization.Bench.JsonSerializationBenchmarks.Newtonsoft_Serialize_Medium --job Overhead-Fixed-NoEnergy-5 --benchmarkId 21 in /home/test/rapl-tests/lib-energy-bench/src/Serialization.Bench/bin/Release/net8.0/Serialization.Bench-Overhead-Fixed-NoEnergy-5-1/bin/Release/net8.0
// BeforeAnythingElse

// Benchmark Process Environment Information:
// BenchmarkDotNet v0.15.5-develop (2025-12-31)
// Runtime=.NET 8.0.21 (8.0.21, 8.0.2125.47513), X64 RyuJIT x86-64-v4
// GC=Concurrent Workstation
// HardwareIntrinsics=AVX512 IFMA+VBMI,AVX512 F+BW+CD+DQ+VL,AVX2+BMI1+BMI2+F16C+FMA+LZCNT+MOVBE,AVX,SSE3+SSSE3+SSE4.1+SSE4.2+POPCNT,X86Base+SSE+SSE2,AES+PCLMUL VectorSize=256
// Job: Overhead-Fixed-NoEnergy-5(OutlierMode=DontRemove, IterationCount=15, IterationTime=1s, LaunchCount=1, WarmupCount=6)

OverheadJitting  1: 1 op, 141052.00 ns, 141.0520 us/op
WorkloadJitting  1: 1 op, 48578414.00 ns, 48.5784 ms/op

OverheadJitting  2: 16 op, 364942.00 ns, 22.8089 us/op
WorkloadJitting  2: 16 op, 5239954.00 ns, 327.4971 us/op

WorkloadPilot    1: 16 op, 4563698.00 ns, 285.2311 us/op
WorkloadPilot    2: 3520 op, 366654502.00 ns, 104.1632 us/op
WorkloadPilot    3: 9600 op, 493461424.00 ns, 51.4022 us/op
WorkloadPilot    4: 19456 op, 1006237615.00 ns, 51.7186 us/op
WorkloadPilot    5: 19344 op, 1004912691.00 ns, 51.9496 us/op
WorkloadPilot    6: 19264 op, 995607365.00 ns, 51.6823 us/op
WorkloadPilot    7: 19360 op, 1000890421.00 ns, 51.6989 us/op

OverheadWarmup   1: 19360 op, 66892.00 ns, 3.4552 ns/op
OverheadWarmup   2: 19360 op, 66119.00 ns, 3.4152 ns/op
OverheadWarmup   3: 19360 op, 66116.00 ns, 3.4151 ns/op
OverheadWarmup   4: 19360 op, 72653.00 ns, 3.7527 ns/op
OverheadWarmup   5: 19360 op, 71322.00 ns, 3.6840 ns/op
OverheadWarmup   6: 19360 op, 70695.00 ns, 3.6516 ns/op
OverheadWarmup   7: 19360 op, 71042.00 ns, 3.6695 ns/op
OverheadWarmup   8: 19360 op, 70850.00 ns, 3.6596 ns/op

OverheadActual   1: 19360 op, 67553.00 ns, 3.4893 ns/op
OverheadActual   2: 19360 op, 66194.00 ns, 3.4191 ns/op
OverheadActual   3: 19360 op, 67983.00 ns, 3.5115 ns/op
OverheadActual   4: 19360 op, 66149.00 ns, 3.4168 ns/op
OverheadActual   5: 19360 op, 67467.00 ns, 3.4849 ns/op
OverheadActual   6: 19360 op, 66423.00 ns, 3.4309 ns/op
OverheadActual   7: 19360 op, 66102.00 ns, 3.4144 ns/op
OverheadActual   8: 19360 op, 66186.00 ns, 3.4187 ns/op
OverheadActual   9: 19360 op, 67832.00 ns, 3.5037 ns/op
OverheadActual  10: 19360 op, 66186.00 ns, 3.4187 ns/op
OverheadActual  11: 19360 op, 70882.00 ns, 3.6613 ns/op
OverheadActual  12: 19360 op, 67431.00 ns, 3.4830 ns/op
OverheadActual  13: 19360 op, 67825.00 ns, 3.5034 ns/op
OverheadActual  14: 19360 op, 67388.00 ns, 3.4808 ns/op
OverheadActual  15: 19360 op, 67422.00 ns, 3.4825 ns/op

WorkloadWarmup   1: 19360 op, 999196807.00 ns, 51.6114 us/op
WorkloadWarmup   2: 19360 op, 1003497994.00 ns, 51.8336 us/op
WorkloadWarmup   3: 19360 op, 993964694.00 ns, 51.3412 us/op
WorkloadWarmup   4: 19360 op, 1000084457.00 ns, 51.6573 us/op
WorkloadWarmup   5: 19360 op, 1001303347.00 ns, 51.7202 us/op
WorkloadWarmup   6: 19360 op, 997921844.00 ns, 51.5455 us/op

// BeforeActualRun
WorkloadActual   1: 19360 op, 995411670.00 ns, 51.4159 us/op
WorkloadActual   2: 19360 op, 1000197235.00 ns, 51.6631 us/op
WorkloadActual   3: 19360 op, 997667623.00 ns, 51.5324 us/op
WorkloadActual   4: 19360 op, 1003421344.00 ns, 51.8296 us/op
WorkloadActual   5: 19360 op, 1005371081.00 ns, 51.9303 us/op
WorkloadActual   6: 19360 op, 997163148.00 ns, 51.5064 us/op
WorkloadActual   7: 19360 op, 1001334682.00 ns, 51.7218 us/op
WorkloadActual   8: 19360 op, 999425044.00 ns, 51.6232 us/op
WorkloadActual   9: 19360 op, 1003760040.00 ns, 51.8471 us/op
WorkloadActual  10: 19360 op, 997997205.00 ns, 51.5494 us/op
WorkloadActual  11: 19360 op, 999945346.00 ns, 51.6501 us/op
WorkloadActual  12: 19360 op, 1002943911.00 ns, 51.8050 us/op
WorkloadActual  13: 19360 op, 998625853.00 ns, 51.5819 us/op
WorkloadActual  14: 19360 op, 996823473.00 ns, 51.4888 us/op
WorkloadActual  15: 19360 op, 998837733.00 ns, 51.5929 us/op

// AfterActualRun
WorkloadResult   1: 19360 op, 995344248.00 ns, 51.4124 us/op
WorkloadResult   2: 19360 op, 1000129813.00 ns, 51.6596 us/op
WorkloadResult   3: 19360 op, 997600201.00 ns, 51.5289 us/op
WorkloadResult   4: 19360 op, 1003353922.00 ns, 51.8261 us/op
WorkloadResult   5: 19360 op, 1005303659.00 ns, 51.9268 us/op
WorkloadResult   6: 19360 op, 997095726.00 ns, 51.5029 us/op
WorkloadResult   7: 19360 op, 1001267260.00 ns, 51.7184 us/op
WorkloadResult   8: 19360 op, 999357622.00 ns, 51.6197 us/op
WorkloadResult   9: 19360 op, 1003692618.00 ns, 51.8436 us/op
WorkloadResult  10: 19360 op, 997929783.00 ns, 51.5460 us/op
WorkloadResult  11: 19360 op, 999877924.00 ns, 51.6466 us/op
WorkloadResult  12: 19360 op, 1002876489.00 ns, 51.8015 us/op
WorkloadResult  13: 19360 op, 998558431.00 ns, 51.5784 us/op
WorkloadResult  14: 19360 op, 996756051.00 ns, 51.4853 us/op
WorkloadResult  15: 19360 op, 998770311.00 ns, 51.5894 us/op

// AfterAll
// Benchmark Process 4056677 has exited with code 0.

Mean = 51.646 μs, StdErr = 0.039 μs (0.07%), N = 15, StdDev = 0.150 μs
Min = 51.412 μs, Q1 = 51.537 μs, Median = 51.620 μs, Q3 = 51.760 μs, Max = 51.927 μs
IQR = 0.222 μs, LowerFence = 51.204 μs, UpperFence = 52.094 μs
ConfidenceInterval = [51.486 μs; 51.806 μs] (CI 99.9%), Margin = 0.160 μs (0.31% of Mean)
Skewness = 0.34, Kurtosis = 1.84, MValue = 2

// ** Remained 8 (26.7%) benchmark(s) to run. Estimated finish 2025-12-31 19:38 (0h 3m from now) **
// **************************
// Benchmark: JsonSerializationBenchmarks.Jil_Serialize_Medium: Overhead-Fixed-NoEnergy-5(OutlierMode=DontRemove, IterationCount=15, IterationTime=1s, LaunchCount=1, WarmupCount=6)
// *** Execute ***
// Launch: 1 / 1
// Execute: dotnet Serialization.Bench-Overhead-Fixed-NoEnergy-5-1.dll --anonymousPipes 103 104 --benchmarkName Serialization.Bench.JsonSerializationBenchmarks.Jil_Serialize_Medium --job Overhead-Fixed-NoEnergy-5 --benchmarkId 22 in /home/test/rapl-tests/lib-energy-bench/src/Serialization.Bench/bin/Release/net8.0/Serialization.Bench-Overhead-Fixed-NoEnergy-5-1/bin/Release/net8.0
// BeforeAnythingElse

// Benchmark Process Environment Information:
// BenchmarkDotNet v0.15.5-develop (2025-12-31)
// Runtime=.NET 8.0.21 (8.0.21, 8.0.2125.47513), X64 RyuJIT x86-64-v4
// GC=Concurrent Workstation
// HardwareIntrinsics=AVX512 IFMA+VBMI,AVX512 F+BW+CD+DQ+VL,AVX2+BMI1+BMI2+F16C+FMA+LZCNT+MOVBE,AVX,SSE3+SSSE3+SSE4.1+SSE4.2+POPCNT,X86Base+SSE+SSE2,AES+PCLMUL VectorSize=256
// Job: Overhead-Fixed-NoEnergy-5(OutlierMode=DontRemove, IterationCount=15, IterationTime=1s, LaunchCount=1, WarmupCount=6)

OverheadJitting  1: 1 op, 143737.00 ns, 143.7370 us/op
WorkloadJitting  1: 1 op, 134232364.00 ns, 134.2324 ms/op

WorkloadPilot    1: 4 op, 691035.00 ns, 172.7588 us/op
WorkloadPilot    2: 5788 op, 317228668.00 ns, 54.8080 us/op
WorkloadPilot    3: 18246 op, 689297208.00 ns, 37.7780 us/op
WorkloadPilot    4: 26470 op, 999996037.00 ns, 37.7785 us/op

WorkloadWarmup   1: 26470 op, 999859487.00 ns, 37.7733 us/op
WorkloadWarmup   2: 26470 op, 1002434070.00 ns, 37.8706 us/op
WorkloadWarmup   3: 26470 op, 1002465268.00 ns, 37.8718 us/op
WorkloadWarmup   4: 26470 op, 1003556317.00 ns, 37.9130 us/op
WorkloadWarmup   5: 26470 op, 1002418430.00 ns, 37.8700 us/op
WorkloadWarmup   6: 26470 op, 1002668319.00 ns, 37.8794 us/op

// BeforeActualRun
WorkloadActual   1: 26470 op, 997559455.00 ns, 37.6864 us/op
WorkloadActual   2: 26470 op, 1001861509.00 ns, 37.8489 us/op
WorkloadActual   3: 26470 op, 1002915968.00 ns, 37.8888 us/op
WorkloadActual   4: 26470 op, 1002325097.00 ns, 37.8665 us/op
WorkloadActual   5: 26470 op, 1002723607.00 ns, 37.8815 us/op
WorkloadActual   6: 26470 op, 1003006692.00 ns, 37.8922 us/op
WorkloadActual   7: 26470 op, 1003311842.00 ns, 37.9037 us/op
WorkloadActual   8: 26470 op, 1003813059.00 ns, 37.9227 us/op
WorkloadActual   9: 26470 op, 1001183476.00 ns, 37.8233 us/op
WorkloadActual  10: 26470 op, 1002616965.00 ns, 37.8775 us/op
WorkloadActual  11: 26470 op, 1002543563.00 ns, 37.8747 us/op
WorkloadActual  12: 26470 op, 1002120598.00 ns, 37.8587 us/op
WorkloadActual  13: 26470 op, 1003445009.00 ns, 37.9088 us/op
WorkloadActual  14: 26470 op, 1001292383.00 ns, 37.8274 us/op
WorkloadActual  15: 26470 op, 1000490054.00 ns, 37.7971 us/op

// AfterActualRun
WorkloadResult   1: 26470 op, 997559455.00 ns, 37.6864 us/op
WorkloadResult   2: 26470 op, 1001861509.00 ns, 37.8489 us/op
WorkloadResult   3: 26470 op, 1002915968.00 ns, 37.8888 us/op
WorkloadResult   4: 26470 op, 1002325097.00 ns, 37.8665 us/op
WorkloadResult   5: 26470 op, 1002723607.00 ns, 37.8815 us/op
WorkloadResult   6: 26470 op, 1003006692.00 ns, 37.8922 us/op
WorkloadResult   7: 26470 op, 1003311842.00 ns, 37.9037 us/op
WorkloadResult   8: 26470 op, 1003813059.00 ns, 37.9227 us/op
WorkloadResult   9: 26470 op, 1001183476.00 ns, 37.8233 us/op
WorkloadResult  10: 26470 op, 1002616965.00 ns, 37.8775 us/op
WorkloadResult  11: 26470 op, 1002543563.00 ns, 37.8747 us/op
WorkloadResult  12: 26470 op, 1002120598.00 ns, 37.8587 us/op
WorkloadResult  13: 26470 op, 1003445009.00 ns, 37.9088 us/op
WorkloadResult  14: 26470 op, 1001292383.00 ns, 37.8274 us/op
WorkloadResult  15: 26470 op, 1000490054.00 ns, 37.7971 us/op

// AfterAll
// Benchmark Process 4056703 has exited with code 0.

Mean = 37.857 μs, StdErr = 0.015 μs (0.04%), N = 15, StdDev = 0.058 μs
Min = 37.686 μs, Q1 = 37.838 μs, Median = 37.875 μs, Q3 = 37.890 μs, Max = 37.923 μs
IQR = 0.052 μs, LowerFence = 37.760 μs, UpperFence = 37.969 μs
ConfidenceInterval = [37.795 μs; 37.920 μs] (CI 99.9%), Margin = 0.062 μs (0.16% of Mean)
Skewness = -1.56, Kurtosis = 5.19, MValue = 2

// ** Remained 7 (23.3%) benchmark(s) to run. Estimated finish 2025-12-31 19:38 (0h 3m from now) **
// **************************
// Benchmark: JsonSerializationBenchmarks.Utf8Json_Serialize_Medium: Overhead-Fixed-NoEnergy-5(OutlierMode=DontRemove, IterationCount=15, IterationTime=1s, LaunchCount=1, WarmupCount=6)
// *** Execute ***
// Launch: 1 / 1
// Execute: dotnet Serialization.Bench-Overhead-Fixed-NoEnergy-5-1.dll --anonymousPipes 103 104 --benchmarkName Serialization.Bench.JsonSerializationBenchmarks.Utf8Json_Serialize_Medium --job Overhead-Fixed-NoEnergy-5 --benchmarkId 23 in /home/test/rapl-tests/lib-energy-bench/src/Serialization.Bench/bin/Release/net8.0/Serialization.Bench-Overhead-Fixed-NoEnergy-5-1/bin/Release/net8.0
// BeforeAnythingElse

// Benchmark Process Environment Information:
// BenchmarkDotNet v0.15.5-develop (2025-12-31)
// Runtime=.NET 8.0.21 (8.0.21, 8.0.2125.47513), X64 RyuJIT x86-64-v4
// GC=Concurrent Workstation
// HardwareIntrinsics=AVX512 IFMA+VBMI,AVX512 F+BW+CD+DQ+VL,AVX2+BMI1+BMI2+F16C+FMA+LZCNT+MOVBE,AVX,SSE3+SSSE3+SSE4.1+SSE4.2+POPCNT,X86Base+SSE+SSE2,AES+PCLMUL VectorSize=256
// Job: Overhead-Fixed-NoEnergy-5(OutlierMode=DontRemove, IterationCount=15, IterationTime=1s, LaunchCount=1, WarmupCount=6)

OverheadJitting  1: 1 op, 134223.00 ns, 134.2230 us/op
WorkloadJitting  1: 1 op, 54066718.00 ns, 54.0667 ms/op

OverheadJitting  2: 16 op, 362861.00 ns, 22.6788 us/op
WorkloadJitting  2: 16 op, 4188364.00 ns, 261.7728 us/op

WorkloadPilot    1: 16 op, 3485421.00 ns, 217.8388 us/op
WorkloadPilot    2: 4592 op, 445585387.00 ns, 97.0351 us/op
WorkloadPilot    3: 10320 op, 623867177.00 ns, 60.4522 us/op
WorkloadPilot    4: 16544 op, 973465907.00 ns, 58.8410 us/op
WorkloadPilot    5: 17008 op, 1006535169.00 ns, 59.1801 us/op
WorkloadPilot    6: 16912 op, 1006823069.00 ns, 59.5331 us/op
WorkloadPilot    7: 16800 op, 1005336135.00 ns, 59.8414 us/op

OverheadWarmup   1: 16800 op, 58123.00 ns, 3.4597 ns/op
OverheadWarmup   2: 16800 op, 58581.00 ns, 3.4870 ns/op
OverheadWarmup   3: 16800 op, 58520.00 ns, 3.4833 ns/op
OverheadWarmup   4: 16800 op, 57612.00 ns, 3.4293 ns/op
OverheadWarmup   5: 16800 op, 58592.00 ns, 3.4876 ns/op
OverheadWarmup   6: 16800 op, 62166.00 ns, 3.7004 ns/op
OverheadWarmup   7: 16800 op, 62366.00 ns, 3.7123 ns/op
OverheadWarmup   8: 16800 op, 58800.00 ns, 3.5000 ns/op

OverheadActual   1: 16800 op, 58518.00 ns, 3.4832 ns/op
OverheadActual   2: 16800 op, 57502.00 ns, 3.4227 ns/op
OverheadActual   3: 16800 op, 58656.00 ns, 3.4914 ns/op
OverheadActual   4: 16800 op, 57738.00 ns, 3.4368 ns/op
OverheadActual   5: 16800 op, 61370.00 ns, 3.6530 ns/op
OverheadActual   6: 16800 op, 62551.00 ns, 3.7233 ns/op
OverheadActual   7: 16800 op, 58559.00 ns, 3.4857 ns/op
OverheadActual   8: 16800 op, 58885.00 ns, 3.5051 ns/op
OverheadActual   9: 16800 op, 58575.00 ns, 3.4866 ns/op
OverheadActual  10: 16800 op, 58570.00 ns, 3.4863 ns/op
OverheadActual  11: 16800 op, 58535.00 ns, 3.4842 ns/op
OverheadActual  12: 16800 op, 58906.00 ns, 3.5063 ns/op
OverheadActual  13: 16800 op, 58604.00 ns, 3.4883 ns/op
OverheadActual  14: 16800 op, 57377.00 ns, 3.4153 ns/op
OverheadActual  15: 16800 op, 57358.00 ns, 3.4142 ns/op

WorkloadWarmup   1: 16800 op, 1013862210.00 ns, 60.3489 us/op
WorkloadWarmup   2: 16800 op, 987609675.00 ns, 58.7863 us/op
WorkloadWarmup   3: 16800 op, 996280106.00 ns, 59.3024 us/op
WorkloadWarmup   4: 16800 op, 983862437.00 ns, 58.5632 us/op
WorkloadWarmup   5: 16800 op, 1024329931.00 ns, 60.9720 us/op
WorkloadWarmup   6: 16800 op, 988257251.00 ns, 58.8248 us/op

// BeforeActualRun
WorkloadActual   1: 16800 op, 1039922226.00 ns, 61.9001 us/op
WorkloadActual   2: 16800 op, 1029801873.00 ns, 61.2977 us/op
WorkloadActual   3: 16800 op, 1017058730.00 ns, 60.5392 us/op
WorkloadActual   4: 16800 op, 1022802435.00 ns, 60.8811 us/op
WorkloadActual   5: 16800 op, 1001558696.00 ns, 59.6166 us/op
WorkloadActual   6: 16800 op, 1008340985.00 ns, 60.0203 us/op
WorkloadActual   7: 16800 op, 1003913778.00 ns, 59.7568 us/op
WorkloadActual   8: 16800 op, 981002662.00 ns, 58.3930 us/op
WorkloadActual   9: 16800 op, 991967424.00 ns, 59.0457 us/op
WorkloadActual  10: 16800 op, 983124731.00 ns, 58.5193 us/op
WorkloadActual  11: 16800 op, 1017197758.00 ns, 60.5475 us/op
WorkloadActual  12: 16800 op, 1008939641.00 ns, 60.0559 us/op
WorkloadActual  13: 16800 op, 992227339.00 ns, 59.0612 us/op
WorkloadActual  14: 16800 op, 1008137561.00 ns, 60.0082 us/op
WorkloadActual  15: 16800 op, 1014176462.00 ns, 60.3676 us/op

// AfterActualRun
WorkloadResult   1: 16800 op, 1039863656.00 ns, 61.8966 us/op
WorkloadResult   2: 16800 op, 1029743303.00 ns, 61.2942 us/op
WorkloadResult   3: 16800 op, 1017000160.00 ns, 60.5357 us/op
WorkloadResult   4: 16800 op, 1022743865.00 ns, 60.8776 us/op
WorkloadResult   5: 16800 op, 1001500126.00 ns, 59.6131 us/op
WorkloadResult   6: 16800 op, 1008282415.00 ns, 60.0168 us/op
WorkloadResult   7: 16800 op, 1003855208.00 ns, 59.7533 us/op
WorkloadResult   8: 16800 op, 980944092.00 ns, 58.3895 us/op
WorkloadResult   9: 16800 op, 991908854.00 ns, 59.0422 us/op
WorkloadResult  10: 16800 op, 983066161.00 ns, 58.5158 us/op
WorkloadResult  11: 16800 op, 1017139188.00 ns, 60.5440 us/op
WorkloadResult  12: 16800 op, 1008881071.00 ns, 60.0524 us/op
WorkloadResult  13: 16800 op, 992168769.00 ns, 59.0577 us/op
WorkloadResult  14: 16800 op, 1008078991.00 ns, 60.0047 us/op
WorkloadResult  15: 16800 op, 1014117892.00 ns, 60.3642 us/op

// AfterAll
// Benchmark Process 4056716 has exited with code 0.

Mean = 59.997 μs, StdErr = 0.254 μs (0.42%), N = 15, StdDev = 0.985 μs
Min = 58.390 μs, Q1 = 59.335 μs, Median = 60.017 μs, Q3 = 60.540 μs, Max = 61.897 μs
IQR = 1.204 μs, LowerFence = 57.529 μs, UpperFence = 62.347 μs
ConfidenceInterval = [58.945 μs; 61.050 μs] (CI 99.9%), Margin = 1.053 μs (1.75% of Mean)
Skewness = 0.06, Kurtosis = 2.11, MValue = 2

// ** Remained 6 (20.0%) benchmark(s) to run. Estimated finish 2025-12-31 19:38 (0h 2m from now) **
// **************************
// Benchmark: JsonSerializationBenchmarks.SpanJson_Serialize_Medium: Overhead-Fixed-NoEnergy-5(OutlierMode=DontRemove, IterationCount=15, IterationTime=1s, LaunchCount=1, WarmupCount=6)
// *** Execute ***
// Launch: 1 / 1
// Execute: dotnet Serialization.Bench-Overhead-Fixed-NoEnergy-5-1.dll --anonymousPipes 103 104 --benchmarkName Serialization.Bench.JsonSerializationBenchmarks.SpanJson_Serialize_Medium --job Overhead-Fixed-NoEnergy-5 --benchmarkId 24 in /home/test/rapl-tests/lib-energy-bench/src/Serialization.Bench/bin/Release/net8.0/Serialization.Bench-Overhead-Fixed-NoEnergy-5-1/bin/Release/net8.0
// BeforeAnythingElse

// Benchmark Process Environment Information:
// BenchmarkDotNet v0.15.5-develop (2025-12-31)
// Runtime=.NET 8.0.21 (8.0.21, 8.0.2125.47513), X64 RyuJIT x86-64-v4
// GC=Concurrent Workstation
// HardwareIntrinsics=AVX512 IFMA+VBMI,AVX512 F+BW+CD+DQ+VL,AVX2+BMI1+BMI2+F16C+FMA+LZCNT+MOVBE,AVX,SSE3+SSSE3+SSE4.1+SSE4.2+POPCNT,X86Base+SSE+SSE2,AES+PCLMUL VectorSize=256
// Job: Overhead-Fixed-NoEnergy-5(OutlierMode=DontRemove, IterationCount=15, IterationTime=1s, LaunchCount=1, WarmupCount=6)

OverheadJitting  1: 1 op, 136457.00 ns, 136.4570 us/op
WorkloadJitting  1: 1 op, 97690746.00 ns, 97.6907 ms/op

WorkloadPilot    1: 4 op, 1040906.00 ns, 260.2265 us/op
WorkloadPilot    2: 3843 op, 294606604.00 ns, 76.6606 us/op
WorkloadPilot    3: 13045 op, 503220393.00 ns, 38.5757 us/op
WorkloadPilot    4: 25923 op, 1033078091.00 ns, 39.8518 us/op
WorkloadPilot    5: 25093 op, 999212109.00 ns, 39.8204 us/op
WorkloadPilot    6: 25113 op, 1002702833.00 ns, 39.9276 us/op
WorkloadPilot    7: 25045 op, 992645832.00 ns, 39.6345 us/op
WorkloadPilot    8: 25231 op, 968949972.00 ns, 38.4032 us/op
WorkloadPilot    9: 26040 op, 1038790654.00 ns, 39.8921 us/op

WorkloadWarmup   1: 26040 op, 1037005654.00 ns, 39.8236 us/op
WorkloadWarmup   2: 26040 op, 1039625338.00 ns, 39.9242 us/op
WorkloadWarmup   3: 26040 op, 1042606955.00 ns, 40.0387 us/op
WorkloadWarmup   4: 26040 op, 1036917157.00 ns, 39.8202 us/op
WorkloadWarmup   5: 26040 op, 1037545231.00 ns, 39.8443 us/op
WorkloadWarmup   6: 26040 op, 1041774840.00 ns, 40.0067 us/op

// BeforeActualRun
WorkloadActual   1: 26040 op, 1040052108.00 ns, 39.9406 us/op
WorkloadActual   2: 26040 op, 1042069604.00 ns, 40.0180 us/op
WorkloadActual   3: 26040 op, 1037521359.00 ns, 39.8434 us/op
WorkloadActual   4: 26040 op, 1041839691.00 ns, 40.0092 us/op
WorkloadActual   5: 26040 op, 1038803213.00 ns, 39.8926 us/op
WorkloadActual   6: 26040 op, 1002953614.00 ns, 38.5159 us/op
WorkloadActual   7: 26040 op, 1019783896.00 ns, 39.1622 us/op
WorkloadActual   8: 26040 op, 1033695607.00 ns, 39.6965 us/op
WorkloadActual   9: 26040 op, 1052146668.00 ns, 40.4050 us/op
WorkloadActual  10: 26040 op, 1034219131.00 ns, 39.7166 us/op
WorkloadActual  11: 26040 op, 1038218145.00 ns, 39.8701 us/op
WorkloadActual  12: 26040 op, 1031584571.00 ns, 39.6154 us/op
WorkloadActual  13: 26040 op, 1049014033.00 ns, 40.2847 us/op
WorkloadActual  14: 26040 op, 1004352901.00 ns, 38.5696 us/op
WorkloadActual  15: 26040 op, 1045618769.00 ns, 40.1543 us/op

// AfterActualRun
WorkloadResult   1: 26040 op, 1040052108.00 ns, 39.9406 us/op
WorkloadResult   2: 26040 op, 1042069604.00 ns, 40.0180 us/op
WorkloadResult   3: 26040 op, 1037521359.00 ns, 39.8434 us/op
WorkloadResult   4: 26040 op, 1041839691.00 ns, 40.0092 us/op
WorkloadResult   5: 26040 op, 1038803213.00 ns, 39.8926 us/op
WorkloadResult   6: 26040 op, 1002953614.00 ns, 38.5159 us/op
WorkloadResult   7: 26040 op, 1019783896.00 ns, 39.1622 us/op
WorkloadResult   8: 26040 op, 1033695607.00 ns, 39.6965 us/op
WorkloadResult   9: 26040 op, 1052146668.00 ns, 40.4050 us/op
WorkloadResult  10: 26040 op, 1034219131.00 ns, 39.7166 us/op
WorkloadResult  11: 26040 op, 1038218145.00 ns, 39.8701 us/op
WorkloadResult  12: 26040 op, 1031584571.00 ns, 39.6154 us/op
WorkloadResult  13: 26040 op, 1049014033.00 ns, 40.2847 us/op
WorkloadResult  14: 26040 op, 1004352901.00 ns, 38.5696 us/op
WorkloadResult  15: 26040 op, 1045618769.00 ns, 40.1543 us/op

// AfterAll
// Benchmark Process 4056729 has exited with code 0.

Mean = 39.713 μs, StdErr = 0.144 μs (0.36%), N = 15, StdDev = 0.558 μs
Min = 38.516 μs, Q1 = 39.656 μs, Median = 39.870 μs, Q3 = 40.014 μs, Max = 40.405 μs
IQR = 0.358 μs, LowerFence = 39.119 μs, UpperFence = 40.550 μs
ConfidenceInterval = [39.116 μs; 40.310 μs] (CI 99.9%), Margin = 0.597 μs (1.50% of Mean)
Skewness = -1.03, Kurtosis = 2.92, MValue = 2

// ** Remained 5 (16.7%) benchmark(s) to run. Estimated finish 2025-12-31 19:38 (0h 2m from now) **
// **************************
// Benchmark: JsonSerializationBenchmarks.STJ_Serialize_Small: Overhead-Fixed-NoEnergy-5(OutlierMode=DontRemove, IterationCount=15, IterationTime=1s, LaunchCount=1, WarmupCount=6)
// *** Execute ***
// Launch: 1 / 1
// Execute: dotnet Serialization.Bench-Overhead-Fixed-NoEnergy-5-1.dll --anonymousPipes 103 104 --benchmarkName Serialization.Bench.JsonSerializationBenchmarks.STJ_Serialize_Small --job Overhead-Fixed-NoEnergy-5 --benchmarkId 25 in /home/test/rapl-tests/lib-energy-bench/src/Serialization.Bench/bin/Release/net8.0/Serialization.Bench-Overhead-Fixed-NoEnergy-5-1/bin/Release/net8.0
// BeforeAnythingElse

// Benchmark Process Environment Information:
// BenchmarkDotNet v0.15.5-develop (2025-12-31)
// Runtime=.NET 8.0.21 (8.0.21, 8.0.2125.47513), X64 RyuJIT x86-64-v4
// GC=Concurrent Workstation
// HardwareIntrinsics=AVX512 IFMA+VBMI,AVX512 F+BW+CD+DQ+VL,AVX2+BMI1+BMI2+F16C+FMA+LZCNT+MOVBE,AVX,SSE3+SSSE3+SSE4.1+SSE4.2+POPCNT,X86Base+SSE+SSE2,AES+PCLMUL VectorSize=256
// Job: Overhead-Fixed-NoEnergy-5(OutlierMode=DontRemove, IterationCount=15, IterationTime=1s, LaunchCount=1, WarmupCount=6)

OverheadJitting  1: 1 op, 134783.00 ns, 134.7830 us/op
WorkloadJitting  1: 1 op, 3793592.00 ns, 3.7936 ms/op

OverheadJitting  2: 16 op, 349443.00 ns, 21.8402 us/op
WorkloadJitting  2: 16 op, 467474.00 ns, 29.2171 us/op

WorkloadPilot    1: 16 op, 75850.00 ns, 4.7406 us/op
WorkloadPilot    2: 210944 op, 546504105.00 ns, 2.5908 us/op
WorkloadPilot    3: 386000 op, 478627497.00 ns, 1.2400 us/op
WorkloadPilot    4: 806480 op, 994183050.00 ns, 1.2327 us/op
WorkloadPilot    5: 811200 op, 1001592756.00 ns, 1.2347 us/op
WorkloadPilot    6: 809920 op, 997307501.00 ns, 1.2314 us/op
WorkloadPilot    7: 812112 op, 999787298.00 ns, 1.2311 us/op
WorkloadPilot    8: 812288 op, 1001694214.00 ns, 1.2332 us/op
WorkloadPilot    9: 810928 op, 997504773.00 ns, 1.2301 us/op
WorkloadPilot   10: 812960 op, 1001189448.00 ns, 1.2315 us/op

OverheadWarmup   1: 812960 op, 2780916.00 ns, 3.4207 ns/op
OverheadWarmup   2: 812960 op, 2775204.00 ns, 3.4137 ns/op
OverheadWarmup   3: 812960 op, 2783451.00 ns, 3.4238 ns/op
OverheadWarmup   4: 812960 op, 2780755.00 ns, 3.4205 ns/op
OverheadWarmup   5: 812960 op, 2770550.00 ns, 3.4080 ns/op
OverheadWarmup   6: 812960 op, 2774130.00 ns, 3.4124 ns/op
OverheadWarmup   7: 812960 op, 2768249.00 ns, 3.4051 ns/op

OverheadActual   1: 812960 op, 2774995.00 ns, 3.4134 ns/op
OverheadActual   2: 812960 op, 2775082.00 ns, 3.4136 ns/op
OverheadActual   3: 812960 op, 2776795.00 ns, 3.4157 ns/op
OverheadActual   4: 812960 op, 2770140.00 ns, 3.4075 ns/op
OverheadActual   5: 812960 op, 2780300.00 ns, 3.4200 ns/op
OverheadActual   6: 812960 op, 2771631.00 ns, 3.4093 ns/op
OverheadActual   7: 812960 op, 2771395.00 ns, 3.4090 ns/op
OverheadActual   8: 812960 op, 2771129.00 ns, 3.4087 ns/op
OverheadActual   9: 812960 op, 2768861.00 ns, 3.4059 ns/op
OverheadActual  10: 812960 op, 2771399.00 ns, 3.4090 ns/op
OverheadActual  11: 812960 op, 2782331.00 ns, 3.4225 ns/op
OverheadActual  12: 812960 op, 2771547.00 ns, 3.4092 ns/op
OverheadActual  13: 812960 op, 2775284.00 ns, 3.4138 ns/op
OverheadActual  14: 812960 op, 2775389.00 ns, 3.4139 ns/op
OverheadActual  15: 812960 op, 2775633.00 ns, 3.4142 ns/op

WorkloadWarmup   1: 812960 op, 1003478178.00 ns, 1.2344 us/op
WorkloadWarmup   2: 812960 op, 1001875563.00 ns, 1.2324 us/op
WorkloadWarmup   3: 812960 op, 999746328.00 ns, 1.2298 us/op
WorkloadWarmup   4: 812960 op, 999680728.00 ns, 1.2297 us/op
WorkloadWarmup   5: 812960 op, 999897033.00 ns, 1.2299 us/op
WorkloadWarmup   6: 812960 op, 999209783.00 ns, 1.2291 us/op

// BeforeActualRun
WorkloadActual   1: 812960 op, 1003378438.00 ns, 1.2342 us/op
WorkloadActual   2: 812960 op, 1000992825.00 ns, 1.2313 us/op
WorkloadActual   3: 812960 op, 1000064557.00 ns, 1.2302 us/op
WorkloadActual   4: 812960 op, 999943690.00 ns, 1.2300 us/op
WorkloadActual   5: 812960 op, 1000011672.00 ns, 1.2301 us/op
WorkloadActual   6: 812960 op, 1000960767.00 ns, 1.2313 us/op
WorkloadActual   7: 812960 op, 999090796.00 ns, 1.2290 us/op
WorkloadActual   8: 812960 op, 999896290.00 ns, 1.2299 us/op
WorkloadActual   9: 812960 op, 999487777.00 ns, 1.2294 us/op
WorkloadActual  10: 812960 op, 1001096323.00 ns, 1.2314 us/op
WorkloadActual  11: 812960 op, 999687421.00 ns, 1.2297 us/op
WorkloadActual  12: 812960 op, 1000862003.00 ns, 1.2311 us/op
WorkloadActual  13: 812960 op, 1000016096.00 ns, 1.2301 us/op
WorkloadActual  14: 812960 op, 1000254981.00 ns, 1.2304 us/op
WorkloadActual  15: 812960 op, 1000129235.00 ns, 1.2302 us/op

// AfterActualRun
WorkloadResult   1: 812960 op, 1000603443.00 ns, 1.2308 us/op
WorkloadResult   2: 812960 op, 998217830.00 ns, 1.2279 us/op
WorkloadResult   3: 812960 op, 997289562.00 ns, 1.2267 us/op
WorkloadResult   4: 812960 op, 997168695.00 ns, 1.2266 us/op
WorkloadResult   5: 812960 op, 997236677.00 ns, 1.2267 us/op
WorkloadResult   6: 812960 op, 998185772.00 ns, 1.2278 us/op
WorkloadResult   7: 812960 op, 996315801.00 ns, 1.2255 us/op
WorkloadResult   8: 812960 op, 997121295.00 ns, 1.2265 us/op
WorkloadResult   9: 812960 op, 996712782.00 ns, 1.2260 us/op
WorkloadResult  10: 812960 op, 998321328.00 ns, 1.2280 us/op
WorkloadResult  11: 812960 op, 996912426.00 ns, 1.2263 us/op
WorkloadResult  12: 812960 op, 998087008.00 ns, 1.2277 us/op
WorkloadResult  13: 812960 op, 997241101.00 ns, 1.2267 us/op
WorkloadResult  14: 812960 op, 997479986.00 ns, 1.2270 us/op
WorkloadResult  15: 812960 op, 997354240.00 ns, 1.2268 us/op

// AfterAll
// Benchmark Process 4056741 has exited with code 0.

Mean = 1.227 μs, StdErr = 0.000 μs (0.03%), N = 15, StdDev = 0.001 μs
Min = 1.226 μs, Q1 = 1.227 μs, Median = 1.227 μs, Q3 = 1.228 μs, Max = 1.231 μs
IQR = 0.001 μs, LowerFence = 1.225 μs, UpperFence = 1.230 μs
ConfidenceInterval = [1.226 μs; 1.228 μs] (CI 99.9%), Margin = 0.001 μs (0.11% of Mean)
Skewness = 1.55, Kurtosis = 5.41, MValue = 2

// ** Remained 4 (13.3%) benchmark(s) to run. Estimated finish 2025-12-31 19:38 (0h 1m from now) **
// **************************
// Benchmark: JsonSerializationBenchmarks.Newtonsoft_Serialize_Small: Overhead-Fixed-NoEnergy-5(OutlierMode=DontRemove, IterationCount=15, IterationTime=1s, LaunchCount=1, WarmupCount=6)
// *** Execute ***
// Launch: 1 / 1
// Execute: dotnet Serialization.Bench-Overhead-Fixed-NoEnergy-5-1.dll --anonymousPipes 103 104 --benchmarkName Serialization.Bench.JsonSerializationBenchmarks.Newtonsoft_Serialize_Small --job Overhead-Fixed-NoEnergy-5 --benchmarkId 26 in /home/test/rapl-tests/lib-energy-bench/src/Serialization.Bench/bin/Release/net8.0/Serialization.Bench-Overhead-Fixed-NoEnergy-5-1/bin/Release/net8.0
// BeforeAnythingElse

// Benchmark Process Environment Information:
// BenchmarkDotNet v0.15.5-develop (2025-12-31)
// Runtime=.NET 8.0.21 (8.0.21, 8.0.2125.47513), X64 RyuJIT x86-64-v4
// GC=Concurrent Workstation
// HardwareIntrinsics=AVX512 IFMA+VBMI,AVX512 F+BW+CD+DQ+VL,AVX2+BMI1+BMI2+F16C+FMA+LZCNT+MOVBE,AVX,SSE3+SSSE3+SSE4.1+SSE4.2+POPCNT,X86Base+SSE+SSE2,AES+PCLMUL VectorSize=256
// Job: Overhead-Fixed-NoEnergy-5(OutlierMode=DontRemove, IterationCount=15, IterationTime=1s, LaunchCount=1, WarmupCount=6)

OverheadJitting  1: 1 op, 133862.00 ns, 133.8620 us/op
WorkloadJitting  1: 1 op, 37988313.00 ns, 37.9883 ms/op

OverheadJitting  2: 16 op, 377054.00 ns, 23.5659 us/op
WorkloadJitting  2: 16 op, 639515.00 ns, 39.9697 us/op

WorkloadPilot    1: 16 op, 222688.00 ns, 13.9180 us/op
WorkloadPilot    2: 71856 op, 282287663.00 ns, 3.9285 us/op
WorkloadPilot    3: 254560 op, 553976538.00 ns, 2.1762 us/op
WorkloadPilot    4: 459520 op, 998955562.00 ns, 2.1739 us/op
WorkloadPilot    5: 460000 op, 998247408.00 ns, 2.1701 us/op
WorkloadPilot    6: 460816 op, 1000790473.00 ns, 2.1718 us/op
WorkloadPilot    7: 460464 op, 1005725333.00 ns, 2.1842 us/op
WorkloadPilot    8: 457856 op, 997027082.00 ns, 2.1776 us/op
WorkloadPilot    9: 459232 op, 999371111.00 ns, 2.1762 us/op
WorkloadPilot   10: 459536 op, 1000387880.00 ns, 2.1770 us/op

OverheadWarmup   1: 459536 op, 1577033.00 ns, 3.4318 ns/op
OverheadWarmup   2: 459536 op, 1569011.00 ns, 3.4143 ns/op
OverheadWarmup   3: 459536 op, 1561005.00 ns, 3.3969 ns/op
OverheadWarmup   4: 459536 op, 1568757.00 ns, 3.4138 ns/op
OverheadWarmup   5: 459536 op, 1567994.00 ns, 3.4121 ns/op
OverheadWarmup   6: 459536 op, 1560059.00 ns, 3.3949 ns/op
OverheadWarmup   7: 459536 op, 1567075.00 ns, 3.4101 ns/op
OverheadWarmup   8: 459536 op, 1568901.00 ns, 3.4141 ns/op
OverheadWarmup   9: 459536 op, 1561729.00 ns, 3.3985 ns/op

OverheadActual   1: 459536 op, 1566050.00 ns, 3.4079 ns/op
OverheadActual   2: 459536 op, 1579730.00 ns, 3.4377 ns/op
OverheadActual   3: 459536 op, 1564620.00 ns, 3.4048 ns/op
OverheadActual   4: 459536 op, 1562565.00 ns, 3.4003 ns/op
OverheadActual   5: 459536 op, 1569371.00 ns, 3.4151 ns/op
OverheadActual   6: 459536 op, 1566234.00 ns, 3.4083 ns/op
OverheadActual   7: 459536 op, 1563188.00 ns, 3.4017 ns/op
OverheadActual   8: 459536 op, 1566996.00 ns, 3.4100 ns/op
OverheadActual   9: 459536 op, 1566979.00 ns, 3.4099 ns/op
OverheadActual  10: 459536 op, 1564563.00 ns, 3.4047 ns/op
OverheadActual  11: 459536 op, 1571185.00 ns, 3.4191 ns/op
OverheadActual  12: 459536 op, 1568238.00 ns, 3.4127 ns/op
OverheadActual  13: 459536 op, 1590329.00 ns, 3.4607 ns/op
OverheadActual  14: 459536 op, 1579160.00 ns, 3.4364 ns/op
OverheadActual  15: 459536 op, 1577501.00 ns, 3.4328 ns/op

WorkloadWarmup   1: 459536 op, 1004481732.00 ns, 2.1859 us/op
WorkloadWarmup   2: 459536 op, 1004949851.00 ns, 2.1869 us/op
WorkloadWarmup   3: 459536 op, 1002041243.00 ns, 2.1806 us/op
WorkloadWarmup   4: 459536 op, 1000187532.00 ns, 2.1765 us/op
WorkloadWarmup   5: 459536 op, 1000008144.00 ns, 2.1761 us/op
WorkloadWarmup   6: 459536 op, 999961341.00 ns, 2.1760 us/op

// BeforeActualRun
WorkloadActual   1: 459536 op, 1001413218.00 ns, 2.1792 us/op
WorkloadActual   2: 459536 op, 1004373444.00 ns, 2.1856 us/op
WorkloadActual   3: 459536 op, 1004349315.00 ns, 2.1856 us/op
WorkloadActual   4: 459536 op, 1004403097.00 ns, 2.1857 us/op
WorkloadActual   5: 459536 op, 1005034565.00 ns, 2.1871 us/op
WorkloadActual   6: 459536 op, 1004597102.00 ns, 2.1861 us/op
WorkloadActual   7: 459536 op, 1003910596.00 ns, 2.1846 us/op
WorkloadActual   8: 459536 op, 1004362191.00 ns, 2.1856 us/op
WorkloadActual   9: 459536 op, 1004900259.00 ns, 2.1868 us/op
WorkloadActual  10: 459536 op, 1005582606.00 ns, 2.1883 us/op
WorkloadActual  11: 459536 op, 1004282570.00 ns, 2.1854 us/op
WorkloadActual  12: 459536 op, 1004056817.00 ns, 2.1849 us/op
WorkloadActual  13: 459536 op, 1004163041.00 ns, 2.1852 us/op
WorkloadActual  14: 459536 op, 1005048083.00 ns, 2.1871 us/op
WorkloadActual  15: 459536 op, 1003511624.00 ns, 2.1837 us/op

// AfterActualRun
WorkloadResult   1: 459536 op, 999846222.00 ns, 2.1758 us/op
WorkloadResult   2: 459536 op, 1002806448.00 ns, 2.1822 us/op
WorkloadResult   3: 459536 op, 1002782319.00 ns, 2.1822 us/op
WorkloadResult   4: 459536 op, 1002836101.00 ns, 2.1823 us/op
WorkloadResult   5: 459536 op, 1003467569.00 ns, 2.1837 us/op
WorkloadResult   6: 459536 op, 1003030106.00 ns, 2.1827 us/op
WorkloadResult   7: 459536 op, 1002343600.00 ns, 2.1812 us/op
WorkloadResult   8: 459536 op, 1002795195.00 ns, 2.1822 us/op
WorkloadResult   9: 459536 op, 1003333263.00 ns, 2.1834 us/op
WorkloadResult  10: 459536 op, 1004015610.00 ns, 2.1848 us/op
WorkloadResult  11: 459536 op, 1002715574.00 ns, 2.1820 us/op
WorkloadResult  12: 459536 op, 1002489821.00 ns, 2.1815 us/op
WorkloadResult  13: 459536 op, 1002596045.00 ns, 2.1818 us/op
WorkloadResult  14: 459536 op, 1003481087.00 ns, 2.1837 us/op
WorkloadResult  15: 459536 op, 1001944628.00 ns, 2.1803 us/op

// AfterAll
// Benchmark Process 4056756 has exited with code 0.

Mean = 2.182 μs, StdErr = 0.001 μs (0.02%), N = 15, StdDev = 0.002 μs
Min = 2.176 μs, Q1 = 2.182 μs, Median = 2.182 μs, Q3 = 2.183 μs, Max = 2.185 μs
IQR = 0.001 μs, LowerFence = 2.180 μs, UpperFence = 2.185 μs
ConfidenceInterval = [2.180 μs; 2.184 μs] (CI 99.9%), Margin = 0.002 μs (0.10% of Mean)
Skewness = -1.62, Kurtosis = 6.01, MValue = 2

// ** Remained 3 (10.0%) benchmark(s) to run. Estimated finish 2025-12-31 19:38 (0h 1m from now) **
// **************************
// Benchmark: JsonSerializationBenchmarks.Jil_Serialize_Small: Overhead-Fixed-NoEnergy-5(OutlierMode=DontRemove, IterationCount=15, IterationTime=1s, LaunchCount=1, WarmupCount=6)
// *** Execute ***
// Launch: 1 / 1
// Execute: dotnet Serialization.Bench-Overhead-Fixed-NoEnergy-5-1.dll --anonymousPipes 103 104 --benchmarkName Serialization.Bench.JsonSerializationBenchmarks.Jil_Serialize_Small --job Overhead-Fixed-NoEnergy-5 --benchmarkId 27 in /home/test/rapl-tests/lib-energy-bench/src/Serialization.Bench/bin/Release/net8.0/Serialization.Bench-Overhead-Fixed-NoEnergy-5-1/bin/Release/net8.0
// BeforeAnythingElse

// Benchmark Process Environment Information:
// BenchmarkDotNet v0.15.5-develop (2025-12-31)
// Runtime=.NET 8.0.21 (8.0.21, 8.0.2125.47513), X64 RyuJIT x86-64-v4
// GC=Concurrent Workstation
// HardwareIntrinsics=AVX512 IFMA+VBMI,AVX512 F+BW+CD+DQ+VL,AVX2+BMI1+BMI2+F16C+FMA+LZCNT+MOVBE,AVX,SSE3+SSSE3+SSE4.1+SSE4.2+POPCNT,X86Base+SSE+SSE2,AES+PCLMUL VectorSize=256
// Job: Overhead-Fixed-NoEnergy-5(OutlierMode=DontRemove, IterationCount=15, IterationTime=1s, LaunchCount=1, WarmupCount=6)

OverheadJitting  1: 1 op, 132905.00 ns, 132.9050 us/op
WorkloadJitting  1: 1 op, 106756916.00 ns, 106.7569 ms/op

WorkloadPilot    1: 4 op, 23192.00 ns, 5.7980 us/op
WorkloadPilot    2: 172473 op, 395774213.00 ns, 2.2947 us/op
WorkloadPilot    3: 435786 op, 760234969.00 ns, 1.7445 us/op
WorkloadPilot    4: 573225 op, 995625670.00 ns, 1.7369 us/op
WorkloadPilot    5: 575743 op, 1000217857.00 ns, 1.7373 us/op
WorkloadPilot    6: 575618 op, 1000814902.00 ns, 1.7387 us/op
WorkloadPilot    7: 575149 op, 1004684844.00 ns, 1.7468 us/op

WorkloadWarmup   1: 575149 op, 999633196.00 ns, 1.7380 us/op
WorkloadWarmup   2: 575149 op, 1005721671.00 ns, 1.7486 us/op
WorkloadWarmup   3: 575149 op, 1005042394.00 ns, 1.7474 us/op
WorkloadWarmup   4: 575149 op, 1004791347.00 ns, 1.7470 us/op
WorkloadWarmup   5: 575149 op, 1005548443.00 ns, 1.7483 us/op
WorkloadWarmup   6: 575149 op, 1005222164.00 ns, 1.7478 us/op

// BeforeActualRun
WorkloadActual   1: 575149 op, 998212506.00 ns, 1.7356 us/op
WorkloadActual   2: 575149 op, 1004337957.00 ns, 1.7462 us/op
WorkloadActual   3: 575149 op, 1004730199.00 ns, 1.7469 us/op
WorkloadActual   4: 575149 op, 1003625357.00 ns, 1.7450 us/op
WorkloadActual   5: 575149 op, 1005087422.00 ns, 1.7475 us/op
WorkloadActual   6: 575149 op, 1004572078.00 ns, 1.7466 us/op
WorkloadActual   7: 575149 op, 1003814396.00 ns, 1.7453 us/op
WorkloadActual   8: 575149 op, 1003753078.00 ns, 1.7452 us/op
WorkloadActual   9: 575149 op, 1005083639.00 ns, 1.7475 us/op
WorkloadActual  10: 575149 op, 1004313902.00 ns, 1.7462 us/op
WorkloadActual  11: 575149 op, 1004681591.00 ns, 1.7468 us/op
WorkloadActual  12: 575149 op, 1002994252.00 ns, 1.7439 us/op
WorkloadActual  13: 575149 op, 1003660856.00 ns, 1.7450 us/op
WorkloadActual  14: 575149 op, 1003409308.00 ns, 1.7446 us/op
WorkloadActual  15: 575149 op, 1003922143.00 ns, 1.7455 us/op

// AfterActualRun
WorkloadResult   1: 575149 op, 998212506.00 ns, 1.7356 us/op
WorkloadResult   2: 575149 op, 1004337957.00 ns, 1.7462 us/op
WorkloadResult   3: 575149 op, 1004730199.00 ns, 1.7469 us/op
WorkloadResult   4: 575149 op, 1003625357.00 ns, 1.7450 us/op
WorkloadResult   5: 575149 op, 1005087422.00 ns, 1.7475 us/op
WorkloadResult   6: 575149 op, 1004572078.00 ns, 1.7466 us/op
WorkloadResult   7: 575149 op, 1003814396.00 ns, 1.7453 us/op
WorkloadResult   8: 575149 op, 1003753078.00 ns, 1.7452 us/op
WorkloadResult   9: 575149 op, 1005083639.00 ns, 1.7475 us/op
WorkloadResult  10: 575149 op, 1004313902.00 ns, 1.7462 us/op
WorkloadResult  11: 575149 op, 1004681591.00 ns, 1.7468 us/op
WorkloadResult  12: 575149 op, 1002994252.00 ns, 1.7439 us/op
WorkloadResult  13: 575149 op, 1003660856.00 ns, 1.7450 us/op
WorkloadResult  14: 575149 op, 1003409308.00 ns, 1.7446 us/op
WorkloadResult  15: 575149 op, 1003922143.00 ns, 1.7455 us/op

// AfterAll
// Benchmark Process 4056771 has exited with code 0.

Mean = 1.745 μs, StdErr = 0.001 μs (0.04%), N = 15, StdDev = 0.003 μs
Min = 1.736 μs, Q1 = 1.745 μs, Median = 1.745 μs, Q3 = 1.747 μs, Max = 1.748 μs
IQR = 0.002 μs, LowerFence = 1.742 μs, UpperFence = 1.749 μs
ConfidenceInterval = [1.742 μs; 1.748 μs] (CI 99.9%), Margin = 0.003 μs (0.18% of Mean)
Skewness = -2.41, Kurtosis = 8.51, MValue = 2

// ** Remained 2 (6.7%) benchmark(s) to run. Estimated finish 2025-12-31 19:38 (0h 0m from now) **
// **************************
// Benchmark: JsonSerializationBenchmarks.Utf8Json_Serialize_Small: Overhead-Fixed-NoEnergy-5(OutlierMode=DontRemove, IterationCount=15, IterationTime=1s, LaunchCount=1, WarmupCount=6)
// *** Execute ***
// Launch: 1 / 1
// Execute: dotnet Serialization.Bench-Overhead-Fixed-NoEnergy-5-1.dll --anonymousPipes 103 104 --benchmarkName Serialization.Bench.JsonSerializationBenchmarks.Utf8Json_Serialize_Small --job Overhead-Fixed-NoEnergy-5 --benchmarkId 28 in /home/test/rapl-tests/lib-energy-bench/src/Serialization.Bench/bin/Release/net8.0/Serialization.Bench-Overhead-Fixed-NoEnergy-5-1/bin/Release/net8.0
// BeforeAnythingElse

// Benchmark Process Environment Information:
// BenchmarkDotNet v0.15.5-develop (2025-12-31)
// Runtime=.NET 8.0.21 (8.0.21, 8.0.2125.47513), X64 RyuJIT x86-64-v4
// GC=Concurrent Workstation
// HardwareIntrinsics=AVX512 IFMA+VBMI,AVX512 F+BW+CD+DQ+VL,AVX2+BMI1+BMI2+F16C+FMA+LZCNT+MOVBE,AVX,SSE3+SSSE3+SSE4.1+SSE4.2+POPCNT,X86Base+SSE+SSE2,AES+PCLMUL VectorSize=256
// Job: Overhead-Fixed-NoEnergy-5(OutlierMode=DontRemove, IterationCount=15, IterationTime=1s, LaunchCount=1, WarmupCount=6)

OverheadJitting  1: 1 op, 135770.00 ns, 135.7700 us/op
WorkloadJitting  1: 1 op, 47758209.00 ns, 47.7582 ms/op

OverheadJitting  2: 16 op, 390653.00 ns, 24.4158 us/op
WorkloadJitting  2: 16 op, 548730.00 ns, 34.2956 us/op

WorkloadPilot    1: 16 op, 214851.00 ns, 13.4282 us/op
WorkloadPilot    2: 74480 op, 358083863.00 ns, 4.8078 us/op
WorkloadPilot    3: 208000 op, 185225138.00 ns, 890.5055 ns/op
WorkloadPilot    4: 1122960 op, 987188135.00 ns, 879.0947 ns/op
WorkloadPilot    5: 1137536 op, 999234452.00 ns, 878.4201 ns/op
WorkloadPilot    6: 1138416 op, 1000305542.00 ns, 878.6819 ns/op
WorkloadPilot    7: 1138080 op, 1001796413.00 ns, 880.2513 ns/op
WorkloadPilot    8: 1136048 op, 1001393590.00 ns, 881.4712 ns/op

OverheadWarmup   1: 1136048 op, 3875928.00 ns, 3.4118 ns/op
OverheadWarmup   2: 1136048 op, 3872481.00 ns, 3.4087 ns/op
OverheadWarmup   3: 1136048 op, 3868285.00 ns, 3.4050 ns/op
OverheadWarmup   4: 1136048 op, 3858932.00 ns, 3.3968 ns/op
OverheadWarmup   5: 1136048 op, 3856270.00 ns, 3.3945 ns/op
OverheadWarmup   6: 1136048 op, 3857612.00 ns, 3.3956 ns/op
OverheadWarmup   7: 1136048 op, 3858054.00 ns, 3.3960 ns/op
OverheadWarmup   8: 1136048 op, 3859041.00 ns, 3.3969 ns/op
OverheadWarmup   9: 1136048 op, 3857257.00 ns, 3.3953 ns/op
OverheadWarmup  10: 1136048 op, 3859309.00 ns, 3.3971 ns/op

OverheadActual   1: 1136048 op, 3863450.00 ns, 3.4008 ns/op
OverheadActual   2: 1136048 op, 3858884.00 ns, 3.3968 ns/op
OverheadActual   3: 1136048 op, 3858888.00 ns, 3.3968 ns/op
OverheadActual   4: 1136048 op, 3863500.00 ns, 3.4008 ns/op
OverheadActual   5: 1136048 op, 3857216.00 ns, 3.3953 ns/op
OverheadActual   6: 1136048 op, 3858757.00 ns, 3.3966 ns/op
OverheadActual   7: 1136048 op, 3857307.00 ns, 3.3954 ns/op
OverheadActual   8: 1136048 op, 3863809.00 ns, 3.4011 ns/op
OverheadActual   9: 1136048 op, 3879115.00 ns, 3.4146 ns/op
OverheadActual  10: 1136048 op, 3893457.00 ns, 3.4272 ns/op
OverheadActual  11: 1136048 op, 3890253.00 ns, 3.4244 ns/op
OverheadActual  12: 1136048 op, 3857360.00 ns, 3.3954 ns/op
OverheadActual  13: 1136048 op, 3858945.00 ns, 3.3968 ns/op
OverheadActual  14: 1136048 op, 3860043.00 ns, 3.3978 ns/op
OverheadActual  15: 1136048 op, 3861066.00 ns, 3.3987 ns/op

WorkloadWarmup   1: 1136048 op, 999116418.00 ns, 879.4667 ns/op
WorkloadWarmup   2: 1136048 op, 997276455.00 ns, 877.8471 ns/op
WorkloadWarmup   3: 1136048 op, 994772416.00 ns, 875.6429 ns/op
WorkloadWarmup   4: 1136048 op, 994624624.00 ns, 875.5129 ns/op
WorkloadWarmup   5: 1136048 op, 995099055.00 ns, 875.9305 ns/op
WorkloadWarmup   6: 1136048 op, 995603312.00 ns, 876.3743 ns/op

// BeforeActualRun
WorkloadActual   1: 1136048 op, 997951405.00 ns, 878.4412 ns/op
WorkloadActual   2: 1136048 op, 996226809.00 ns, 876.9232 ns/op
WorkloadActual   3: 1136048 op, 996041731.00 ns, 876.7603 ns/op
WorkloadActual   4: 1136048 op, 995757031.00 ns, 876.5096 ns/op
WorkloadActual   5: 1136048 op, 995164427.00 ns, 875.9880 ns/op
WorkloadActual   6: 1136048 op, 995008613.00 ns, 875.8509 ns/op
WorkloadActual   7: 1136048 op, 994206704.00 ns, 875.1450 ns/op
WorkloadActual   8: 1136048 op, 994246531.00 ns, 875.1800 ns/op
WorkloadActual   9: 1136048 op, 994852237.00 ns, 875.7132 ns/op
WorkloadActual  10: 1136048 op, 994814077.00 ns, 875.6796 ns/op
WorkloadActual  11: 1136048 op, 993934289.00 ns, 874.9052 ns/op
WorkloadActual  12: 1136048 op, 994227725.00 ns, 875.1635 ns/op
WorkloadActual  13: 1136048 op, 994368444.00 ns, 875.2874 ns/op
WorkloadActual  14: 1136048 op, 995261254.00 ns, 876.0732 ns/op
WorkloadActual  15: 1136048 op, 994170554.00 ns, 875.1132 ns/op

// AfterActualRun
WorkloadResult   1: 1136048 op, 994091362.00 ns, 875.0435 ns/op
WorkloadResult   2: 1136048 op, 992366766.00 ns, 873.5254 ns/op
WorkloadResult   3: 1136048 op, 992181688.00 ns, 873.3625 ns/op
WorkloadResult   4: 1136048 op, 991896988.00 ns, 873.1119 ns/op
WorkloadResult   5: 1136048 op, 991304384.00 ns, 872.5902 ns/op
WorkloadResult   6: 1136048 op, 991148570.00 ns, 872.4531 ns/op
WorkloadResult   7: 1136048 op, 990346661.00 ns, 871.7472 ns/op
WorkloadResult   8: 1136048 op, 990386488.00 ns, 871.7823 ns/op
WorkloadResult   9: 1136048 op, 990992194.00 ns, 872.3154 ns/op
WorkloadResult  10: 1136048 op, 990954034.00 ns, 872.2818 ns/op
WorkloadResult  11: 1136048 op, 990074246.00 ns, 871.5074 ns/op
WorkloadResult  12: 1136048 op, 990367682.00 ns, 871.7657 ns/op
WorkloadResult  13: 1136048 op, 990508401.00 ns, 871.8896 ns/op
WorkloadResult  14: 1136048 op, 991401211.00 ns, 872.6755 ns/op
WorkloadResult  15: 1136048 op, 990310511.00 ns, 871.7154 ns/op

// AfterAll
// Benchmark Process 4056785 has exited with code 0.

Mean = 872.518 ns, StdErr = 0.243 ns (0.03%), N = 15, StdDev = 0.939 ns
Min = 871.507 ns, Q1 = 871.774 ns, Median = 872.315 ns, Q3 = 872.894 ns, Max = 875.043 ns
IQR = 1.120 ns, LowerFence = 870.094 ns, UpperFence = 874.573 ns
ConfidenceInterval = [871.514 ns; 873.522 ns] (CI 99.9%), Margin = 1.004 ns (0.12% of Mean)
Skewness = 1.19, Kurtosis = 3.85, MValue = 2

// ** Remained 1 (3.3%) benchmark(s) to run. Estimated finish 2025-12-31 19:38 (0h 0m from now) **
// **************************
// Benchmark: JsonSerializationBenchmarks.SpanJson_Serialize_Small: Overhead-Fixed-NoEnergy-5(OutlierMode=DontRemove, IterationCount=15, IterationTime=1s, LaunchCount=1, WarmupCount=6)
// *** Execute ***
// Launch: 1 / 1
// Execute: dotnet Serialization.Bench-Overhead-Fixed-NoEnergy-5-1.dll --anonymousPipes 103 104 --benchmarkName Serialization.Bench.JsonSerializationBenchmarks.SpanJson_Serialize_Small --job Overhead-Fixed-NoEnergy-5 --benchmarkId 29 in /home/test/rapl-tests/lib-energy-bench/src/Serialization.Bench/bin/Release/net8.0/Serialization.Bench-Overhead-Fixed-NoEnergy-5-1/bin/Release/net8.0
// BeforeAnythingElse

// Benchmark Process Environment Information:
// BenchmarkDotNet v0.15.5-develop (2025-12-31)
// Runtime=.NET 8.0.21 (8.0.21, 8.0.2125.47513), X64 RyuJIT x86-64-v4
// GC=Concurrent Workstation
// HardwareIntrinsics=AVX512 IFMA+VBMI,AVX512 F+BW+CD+DQ+VL,AVX2+BMI1+BMI2+F16C+FMA+LZCNT+MOVBE,AVX,SSE3+SSSE3+SSE4.1+SSE4.2+POPCNT,X86Base+SSE+SSE2,AES+PCLMUL VectorSize=256
// Job: Overhead-Fixed-NoEnergy-5(OutlierMode=DontRemove, IterationCount=15, IterationTime=1s, LaunchCount=1, WarmupCount=6)

OverheadJitting  1: 1 op, 134108.00 ns, 134.1080 us/op
WorkloadJitting  1: 1 op, 59812956.00 ns, 59.8130 ms/op

OverheadJitting  2: 16 op, 361309.00 ns, 22.5818 us/op
WorkloadJitting  2: 16 op, 583090.00 ns, 36.4431 us/op

WorkloadPilot    1: 16 op, 228981.00 ns, 14.3113 us/op
WorkloadPilot    2: 69888 op, 257011384.00 ns, 3.6775 us/op
WorkloadPilot    3: 271936 op, 328580942.00 ns, 1.2083 us/op
WorkloadPilot    4: 827616 op, 995901133.00 ns, 1.2033 us/op
WorkloadPilot    5: 831024 op, 996202146.00 ns, 1.1988 us/op
WorkloadPilot    6: 834192 op, 1004827194.00 ns, 1.2046 us/op
WorkloadPilot    7: 830192 op, 1002217858.00 ns, 1.2072 us/op
WorkloadPilot    8: 828368 op, 998333275.00 ns, 1.2052 us/op
WorkloadPilot    9: 829760 op, 999947857.00 ns, 1.2051 us/op
WorkloadPilot   10: 829808 op, 1000396263.00 ns, 1.2056 us/op

OverheadWarmup   1: 829808 op, 2829950.00 ns, 3.4104 ns/op
OverheadWarmup   2: 829808 op, 2832404.00 ns, 3.4133 ns/op
OverheadWarmup   3: 829808 op, 2835982.00 ns, 3.4176 ns/op
OverheadWarmup   4: 829808 op, 2827831.00 ns, 3.4078 ns/op
OverheadWarmup   5: 829808 op, 2829054.00 ns, 3.4093 ns/op
OverheadWarmup   6: 829808 op, 2833101.00 ns, 3.4142 ns/op
OverheadWarmup   7: 829808 op, 2829332.00 ns, 3.4096 ns/op

OverheadActual   1: 829808 op, 2831126.00 ns, 3.4118 ns/op
OverheadActual   2: 829808 op, 2832312.00 ns, 3.4132 ns/op
OverheadActual   3: 829808 op, 2835840.00 ns, 3.4175 ns/op
OverheadActual   4: 829808 op, 2832667.00 ns, 3.4136 ns/op
OverheadActual   5: 829808 op, 2828693.00 ns, 3.4089 ns/op
OverheadActual   6: 829808 op, 2827739.00 ns, 3.4077 ns/op
OverheadActual   7: 829808 op, 2828926.00 ns, 3.4091 ns/op
OverheadActual   8: 829808 op, 2828550.00 ns, 3.4087 ns/op
OverheadActual   9: 829808 op, 2835959.00 ns, 3.4176 ns/op
OverheadActual  10: 829808 op, 2839355.00 ns, 3.4217 ns/op
OverheadActual  11: 829808 op, 2830377.00 ns, 3.4109 ns/op
OverheadActual  12: 829808 op, 2826172.00 ns, 3.4058 ns/op
OverheadActual  13: 829808 op, 2830575.00 ns, 3.4111 ns/op
OverheadActual  14: 829808 op, 2833491.00 ns, 3.4146 ns/op
OverheadActual  15: 829808 op, 2828694.00 ns, 3.4089 ns/op

WorkloadWarmup   1: 829808 op, 997677834.00 ns, 1.2023 us/op
WorkloadWarmup   2: 829808 op, 995550456.00 ns, 1.1997 us/op
WorkloadWarmup   3: 829808 op, 994118932.00 ns, 1.1980 us/op
WorkloadWarmup   4: 829808 op, 994944687.00 ns, 1.1990 us/op
WorkloadWarmup   5: 829808 op, 997567520.00 ns, 1.2022 us/op
WorkloadWarmup   6: 829808 op, 998573673.00 ns, 1.2034 us/op

// BeforeActualRun
WorkloadActual   1: 829808 op, 998430578.00 ns, 1.2032 us/op
WorkloadActual   2: 829808 op, 996105275.00 ns, 1.2004 us/op
WorkloadActual   3: 829808 op, 998227561.00 ns, 1.2030 us/op
WorkloadActual   4: 829808 op, 997218214.00 ns, 1.2017 us/op
WorkloadActual   5: 829808 op, 999709311.00 ns, 1.2047 us/op
WorkloadActual   6: 829808 op, 1000832948.00 ns, 1.2061 us/op
WorkloadActual   7: 829808 op, 999359163.00 ns, 1.2043 us/op
WorkloadActual   8: 829808 op, 998448097.00 ns, 1.2032 us/op
WorkloadActual   9: 829808 op, 997991656.00 ns, 1.2027 us/op
WorkloadActual  10: 829808 op, 1000332064.00 ns, 1.2055 us/op
WorkloadActual  11: 829808 op, 997994985.00 ns, 1.2027 us/op
WorkloadActual  12: 829808 op, 1003791999.00 ns, 1.2097 us/op
WorkloadActual  13: 829808 op, 1000253103.00 ns, 1.2054 us/op
WorkloadActual  14: 829808 op, 997511785.00 ns, 1.2021 us/op
WorkloadActual  15: 829808 op, 998166699.00 ns, 1.2029 us/op

// AfterActualRun
WorkloadResult   1: 829808 op, 995600003.00 ns, 1.1998 us/op
WorkloadResult   2: 829808 op, 993274700.00 ns, 1.1970 us/op
WorkloadResult   3: 829808 op, 995396986.00 ns, 1.1996 us/op
WorkloadResult   4: 829808 op, 994387639.00 ns, 1.1983 us/op
WorkloadResult   5: 829808 op, 996878736.00 ns, 1.2013 us/op
WorkloadResult   6: 829808 op, 998002373.00 ns, 1.2027 us/op
WorkloadResult   7: 829808 op, 996528588.00 ns, 1.2009 us/op
WorkloadResult   8: 829808 op, 995617522.00 ns, 1.1998 us/op
WorkloadResult   9: 829808 op, 995161081.00 ns, 1.1993 us/op
WorkloadResult  10: 829808 op, 997501489.00 ns, 1.2021 us/op
WorkloadResult  11: 829808 op, 995164410.00 ns, 1.1993 us/op
WorkloadResult  12: 829808 op, 1000961424.00 ns, 1.2063 us/op
WorkloadResult  13: 829808 op, 997422528.00 ns, 1.2020 us/op
WorkloadResult  14: 829808 op, 994681210.00 ns, 1.1987 us/op
WorkloadResult  15: 829808 op, 995336124.00 ns, 1.1995 us/op

// AfterAll
// Benchmark Process 4056798 has exited with code 0.

Mean = 1.200 μs, StdErr = 0.001 μs (0.05%), N = 15, StdDev = 0.002 μs
Min = 1.197 μs, Q1 = 1.199 μs, Median = 1.200 μs, Q3 = 1.202 μs, Max = 1.206 μs
IQR = 0.002 μs, LowerFence = 1.196 μs, UpperFence = 1.205 μs
ConfidenceInterval = [1.198 μs; 1.203 μs] (CI 99.9%), Margin = 0.002 μs (0.20% of Mean)
Skewness = 0.95, Kurtosis = 3.67, MValue = 2

// ** Remained 0 (0.0%) benchmark(s) to run. Estimated finish 2025-12-31 19:38 (0h 0m from now) **
// ***** BenchmarkRunner: Finish  *****

// * Export *
  Helpers/../BenchmarkArtifacts/results/Serialization.Bench.JsonSerializationBenchmarks-report.csv
  Helpers/../BenchmarkArtifacts/results/Serialization.Bench.JsonSerializationBenchmarks-report-github.md
  Helpers/../BenchmarkArtifacts/results/Serialization.Bench.JsonSerializationBenchmarks-report.html
  Helpers/../BenchmarkArtifacts/results/Serialization.Bench.JsonSerializationBenchmarks-measurements.csv

// * Detailed results *
JsonSerializationBenchmarks.SpanJson_Deserialize_Large: Overhead-Fixed-NoEnergy-5(OutlierMode=DontRemove, IterationCount=15, IterationTime=1s, LaunchCount=1, WarmupCount=6)
Runtime = .NET 8.0.21 (8.0.21, 8.0.2125.47513), X64 RyuJIT x86-64-v4; GC = Concurrent Workstation
Mean = 149.416 μs, StdErr = 0.022 μs (0.01%), N = 15, StdDev = 0.085 μs
Min = 149.230 μs, Q1 = 149.377 μs, Median = 149.428 μs, Q3 = 149.477 μs, Max = 149.533 μs
IQR = 0.099 μs, LowerFence = 149.228 μs, UpperFence = 149.626 μs
ConfidenceInterval = [149.326 μs; 149.507 μs] (CI 99.9%), Margin = 0.091 μs (0.06% of Mean)
Skewness = -0.51, Kurtosis = 2.41, MValue = 2
-------------------- Histogram --------------------
[149.185 μs ; 149.579 μs) | @@@@@@@@@@@@@@@
---------------------------------------------------

JsonSerializationBenchmarks.STJ_Deserialize_Large: Overhead-Fixed-NoEnergy-5(OutlierMode=DontRemove, IterationCount=15, IterationTime=1s, LaunchCount=1, WarmupCount=6)
Runtime = .NET 8.0.21 (8.0.21, 8.0.2125.47513), X64 RyuJIT x86-64-v4; GC = Concurrent Workstation
Mean = 201.010 μs, StdErr = 0.152 μs (0.08%), N = 15, StdDev = 0.587 μs
Min = 200.520 μs, Q1 = 200.731 μs, Median = 200.878 μs, Q3 = 201.043 μs, Max = 202.987 μs
IQR = 0.312 μs, LowerFence = 200.263 μs, UpperFence = 201.511 μs
ConfidenceInterval = [200.383 μs; 201.638 μs] (CI 99.9%), Margin = 0.628 μs (0.31% of Mean)
Skewness = 2.45, Kurtosis = 8.62, MValue = 2
-------------------- Histogram --------------------
[200.207 μs ; 203.299 μs) | @@@@@@@@@@@@@@@
---------------------------------------------------

JsonSerializationBenchmarks.Jil_Deserialize_Large: Overhead-Fixed-NoEnergy-5(OutlierMode=DontRemove, IterationCount=15, IterationTime=1s, LaunchCount=1, WarmupCount=6)
Runtime = .NET 8.0.21 (8.0.21, 8.0.2125.47513), X64 RyuJIT x86-64-v4; GC = Concurrent Workstation
Mean = 214.390 μs, StdErr = 0.061 μs (0.03%), N = 15, StdDev = 0.238 μs
Min = 213.671 μs, Q1 = 214.318 μs, Median = 214.439 μs, Q3 = 214.502 μs, Max = 214.748 μs
IQR = 0.185 μs, LowerFence = 214.041 μs, UpperFence = 214.779 μs
ConfidenceInterval = [214.136 μs; 214.644 μs] (CI 99.9%), Margin = 0.254 μs (0.12% of Mean)
Skewness = -1.58, Kurtosis = 6, MValue = 2
-------------------- Histogram --------------------
[213.544 μs ; 214.874 μs) | @@@@@@@@@@@@@@@
---------------------------------------------------

JsonSerializationBenchmarks.Newtonsoft_Deserialize_Large: Overhead-Fixed-NoEnergy-5(OutlierMode=DontRemove, IterationCount=15, IterationTime=1s, LaunchCount=1, WarmupCount=6)
Runtime = .NET 8.0.21 (8.0.21, 8.0.2125.47513), X64 RyuJIT x86-64-v4; GC = Concurrent Workstation
Mean = 244.555 μs, StdErr = 0.056 μs (0.02%), N = 15, StdDev = 0.217 μs
Min = 244.226 μs, Q1 = 244.439 μs, Median = 244.523 μs, Q3 = 244.638 μs, Max = 245.105 μs
IQR = 0.199 μs, LowerFence = 244.141 μs, UpperFence = 244.936 μs
ConfidenceInterval = [244.323 μs; 244.788 μs] (CI 99.9%), Margin = 0.232 μs (0.10% of Mean)
Skewness = 0.79, Kurtosis = 3.43, MValue = 2
-------------------- Histogram --------------------
[244.111 μs ; 245.221 μs) | @@@@@@@@@@@@@@@
---------------------------------------------------

JsonSerializationBenchmarks.Utf8Json_Deserialize_Large: Overhead-Fixed-NoEnergy-5(OutlierMode=DontRemove, IterationCount=15, IterationTime=1s, LaunchCount=1, WarmupCount=6)
Runtime = .NET 8.0.21 (8.0.21, 8.0.2125.47513), X64 RyuJIT x86-64-v4; GC = Concurrent Workstation
Mean = 278.842 μs, StdErr = 0.553 μs (0.20%), N = 15, StdDev = 2.142 μs
Min = 276.387 μs, Q1 = 276.618 μs, Median = 280.472 μs, Q3 = 280.797 μs, Max = 281.016 μs
IQR = 4.179 μs, LowerFence = 270.350 μs, UpperFence = 287.066 μs
ConfidenceInterval = [276.552 μs; 281.131 μs] (CI 99.9%), Margin = 2.289 μs (0.82% of Mean)
Skewness = -0.12, Kurtosis = 0.92, MValue = 2
-------------------- Histogram --------------------
[275.247 μs ; 282.156 μs) | @@@@@@@@@@@@@@@
---------------------------------------------------

JsonSerializationBenchmarks.SpanJson_Deserialize_Medium: Overhead-Fixed-NoEnergy-5(OutlierMode=DontRemove, IterationCount=15, IterationTime=1s, LaunchCount=1, WarmupCount=6)
Runtime = .NET 8.0.21 (8.0.21, 8.0.2125.47513), X64 RyuJIT x86-64-v4; GC = Concurrent Workstation
Mean = 38.880 μs, StdErr = 0.022 μs (0.06%), N = 15, StdDev = 0.086 μs
Min = 38.738 μs, Q1 = 38.816 μs, Median = 38.863 μs, Q3 = 38.918 μs, Max = 39.086 μs
IQR = 0.102 μs, LowerFence = 38.663 μs, UpperFence = 39.071 μs
ConfidenceInterval = [38.787 μs; 38.972 μs] (CI 99.9%), Margin = 0.092 μs (0.24% of Mean)
Skewness = 0.7, Kurtosis = 3.08, MValue = 2
-------------------- Histogram --------------------
[38.692 μs ; 39.132 μs) | @@@@@@@@@@@@@@@
---------------------------------------------------

JsonSerializationBenchmarks.STJ_Deserialize_Medium: Overhead-Fixed-NoEnergy-5(OutlierMode=DontRemove, IterationCount=15, IterationTime=1s, LaunchCount=1, WarmupCount=6)
Runtime = .NET 8.0.21 (8.0.21, 8.0.2125.47513), X64 RyuJIT x86-64-v4; GC = Concurrent Workstation
Mean = 53.187 μs, StdErr = 0.016 μs (0.03%), N = 15, StdDev = 0.062 μs
Min = 53.086 μs, Q1 = 53.158 μs, Median = 53.183 μs, Q3 = 53.203 μs, Max = 53.373 μs
IQR = 0.045 μs, LowerFence = 53.091 μs, UpperFence = 53.271 μs
ConfidenceInterval = [53.121 μs; 53.254 μs] (CI 99.9%), Margin = 0.066 μs (0.12% of Mean)
Skewness = 1.41, Kurtosis = 5.81, MValue = 2
-------------------- Histogram --------------------
[53.053 μs ; 53.406 μs) | @@@@@@@@@@@@@@@
---------------------------------------------------

JsonSerializationBenchmarks.Jil_Deserialize_Medium: Overhead-Fixed-NoEnergy-5(OutlierMode=DontRemove, IterationCount=15, IterationTime=1s, LaunchCount=1, WarmupCount=6)
Runtime = .NET 8.0.21 (8.0.21, 8.0.2125.47513), X64 RyuJIT x86-64-v4; GC = Concurrent Workstation
Mean = 55.720 μs, StdErr = 0.016 μs (0.03%), N = 15, StdDev = 0.062 μs
Min = 55.642 μs, Q1 = 55.689 μs, Median = 55.706 μs, Q3 = 55.733 μs, Max = 55.896 μs
IQR = 0.044 μs, LowerFence = 55.624 μs, UpperFence = 55.798 μs
ConfidenceInterval = [55.654 μs; 55.786 μs] (CI 99.9%), Margin = 0.066 μs (0.12% of Mean)
Skewness = 1.4, Kurtosis = 4.8, MValue = 2
-------------------- Histogram --------------------
[55.609 μs ; 55.929 μs) | @@@@@@@@@@@@@@@
---------------------------------------------------

JsonSerializationBenchmarks.Utf8Json_Deserialize_Medium: Overhead-Fixed-NoEnergy-5(OutlierMode=DontRemove, IterationCount=15, IterationTime=1s, LaunchCount=1, WarmupCount=6)
Runtime = .NET 8.0.21 (8.0.21, 8.0.2125.47513), X64 RyuJIT x86-64-v4; GC = Concurrent Workstation
Mean = 61.672 μs, StdErr = 0.028 μs (0.05%), N = 15, StdDev = 0.108 μs
Min = 61.448 μs, Q1 = 61.652 μs, Median = 61.674 μs, Q3 = 61.748 μs, Max = 61.822 μs
IQR = 0.096 μs, LowerFence = 61.508 μs, UpperFence = 61.892 μs
ConfidenceInterval = [61.557 μs; 61.788 μs] (CI 99.9%), Margin = 0.115 μs (0.19% of Mean)
Skewness = -0.81, Kurtosis = 2.91, MValue = 2
-------------------- Histogram --------------------
[61.390 μs ; 61.879 μs) | @@@@@@@@@@@@@@@
---------------------------------------------------

JsonSerializationBenchmarks.Newtonsoft_Deserialize_Medium: Overhead-Fixed-NoEnergy-5(OutlierMode=DontRemove, IterationCount=15, IterationTime=1s, LaunchCount=1, WarmupCount=6)
Runtime = .NET 8.0.21 (8.0.21, 8.0.2125.47513), X64 RyuJIT x86-64-v4; GC = Concurrent Workstation
Mean = 68.313 μs, StdErr = 0.029 μs (0.04%), N = 15, StdDev = 0.113 μs
Min = 68.081 μs, Q1 = 68.244 μs, Median = 68.310 μs, Q3 = 68.394 μs, Max = 68.534 μs
IQR = 0.150 μs, LowerFence = 68.019 μs, UpperFence = 68.619 μs
ConfidenceInterval = [68.192 μs; 68.434 μs] (CI 99.9%), Margin = 0.121 μs (0.18% of Mean)
Skewness = 0.05, Kurtosis = 2.47, MValue = 2
-------------------- Histogram --------------------
[68.021 μs ; 68.594 μs) | @@@@@@@@@@@@@@@
---------------------------------------------------

JsonSerializationBenchmarks.SpanJson_Deserialize_Small: Overhead-Fixed-NoEnergy-5(OutlierMode=DontRemove, IterationCount=15, IterationTime=1s, LaunchCount=1, WarmupCount=6)
Runtime = .NET 8.0.21 (8.0.21, 8.0.2125.47513), X64 RyuJIT x86-64-v4; GC = Concurrent Workstation
Mean = 1.165 μs, StdErr = 0.001 μs (0.05%), N = 15, StdDev = 0.002 μs
Min = 1.161 μs, Q1 = 1.164 μs, Median = 1.164 μs, Q3 = 1.165 μs, Max = 1.169 μs
IQR = 0.002 μs, LowerFence = 1.161 μs, UpperFence = 1.167 μs
ConfidenceInterval = [1.162 μs; 1.167 μs] (CI 99.9%), Margin = 0.002 μs (0.19% of Mean)
Skewness = 0.6, Kurtosis = 3.43, MValue = 2
-------------------- Histogram --------------------
[1.159 μs ; 1.170 μs) | @@@@@@@@@@@@@@@
---------------------------------------------------

JsonSerializationBenchmarks.STJ_Deserialize_Small: Overhead-Fixed-NoEnergy-5(OutlierMode=DontRemove, IterationCount=15, IterationTime=1s, LaunchCount=1, WarmupCount=6)
Runtime = .NET 8.0.21 (8.0.21, 8.0.2125.47513), X64 RyuJIT x86-64-v4; GC = Concurrent Workstation
Mean = 1.963 μs, StdErr = 0.001 μs (0.06%), N = 15, StdDev = 0.005 μs
Min = 1.957 μs, Q1 = 1.959 μs, Median = 1.963 μs, Q3 = 1.965 μs, Max = 1.973 μs
IQR = 0.006 μs, LowerFence = 1.951 μs, UpperFence = 1.973 μs
ConfidenceInterval = [1.958 μs; 1.969 μs] (CI 99.9%), Margin = 0.005 μs (0.27% of Mean)
Skewness = 0.63, Kurtosis = 2.04, MValue = 2
-------------------- Histogram --------------------
[1.954 μs ; 1.975 μs) | @@@@@@@@@@@@@@@
---------------------------------------------------

JsonSerializationBenchmarks.Utf8Json_Deserialize_Small: Overhead-Fixed-NoEnergy-5(OutlierMode=DontRemove, IterationCount=15, IterationTime=1s, LaunchCount=1, WarmupCount=6)
Runtime = .NET 8.0.21 (8.0.21, 8.0.2125.47513), X64 RyuJIT x86-64-v4; GC = Concurrent Workstation
Mean = 1.999 μs, StdErr = 0.001 μs (0.05%), N = 15, StdDev = 0.004 μs
Min = 1.993 μs, Q1 = 1.997 μs, Median = 1.998 μs, Q3 = 2.001 μs, Max = 2.007 μs
IQR = 0.004 μs, LowerFence = 1.991 μs, UpperFence = 2.007 μs
ConfidenceInterval = [1.995 μs; 2.003 μs] (CI 99.9%), Margin = 0.004 μs (0.20% of Mean)
Skewness = 0.53, Kurtosis = 2.68, MValue = 2
-------------------- Histogram --------------------
[1.991 μs ; 2.009 μs) | @@@@@@@@@@@@@@@
---------------------------------------------------

JsonSerializationBenchmarks.Jil_Deserialize_Small: Overhead-Fixed-NoEnergy-5(OutlierMode=DontRemove, IterationCount=15, IterationTime=1s, LaunchCount=1, WarmupCount=6)
Runtime = .NET 8.0.21 (8.0.21, 8.0.2125.47513), X64 RyuJIT x86-64-v4; GC = Concurrent Workstation
Mean = 2.239 μs, StdErr = 0.001 μs (0.04%), N = 15, StdDev = 0.003 μs
Min = 2.233 μs, Q1 = 2.237 μs, Median = 2.239 μs, Q3 = 2.240 μs, Max = 2.246 μs
IQR = 0.003 μs, LowerFence = 2.233 μs, UpperFence = 2.245 μs
ConfidenceInterval = [2.236 μs; 2.242 μs] (CI 99.9%), Margin = 0.003 μs (0.15% of Mean)
Skewness = 0.38, Kurtosis = 3.23, MValue = 2
-------------------- Histogram --------------------
[2.231 μs ; 2.248 μs) | @@@@@@@@@@@@@@@
---------------------------------------------------

JsonSerializationBenchmarks.Newtonsoft_Deserialize_Small: Overhead-Fixed-NoEnergy-5(OutlierMode=DontRemove, IterationCount=15, IterationTime=1s, LaunchCount=1, WarmupCount=6)
Runtime = .NET 8.0.21 (8.0.21, 8.0.2125.47513), X64 RyuJIT x86-64-v4; GC = Concurrent Workstation
Mean = 3.520 μs, StdErr = 0.002 μs (0.06%), N = 15, StdDev = 0.008 μs
Min = 3.506 μs, Q1 = 3.516 μs, Median = 3.523 μs, Q3 = 3.526 μs, Max = 3.531 μs
IQR = 0.009 μs, LowerFence = 3.502 μs, UpperFence = 3.539 μs
ConfidenceInterval = [3.512 μs; 3.529 μs] (CI 99.9%), Margin = 0.009 μs (0.24% of Mean)
Skewness = -0.67, Kurtosis = 2.03, MValue = 2
-------------------- Histogram --------------------
[3.501 μs ; 3.536 μs) | @@@@@@@@@@@@@@@
---------------------------------------------------

JsonSerializationBenchmarks.SpanJson_Serialize_Large: Overhead-Fixed-NoEnergy-5(OutlierMode=DontRemove, IterationCount=15, IterationTime=1s, LaunchCount=1, WarmupCount=6)
Runtime = .NET 8.0.21 (8.0.21, 8.0.2125.47513), X64 RyuJIT x86-64-v4; GC = Concurrent Workstation
Mean = 158.705 μs, StdErr = 0.464 μs (0.29%), N = 15, StdDev = 1.797 μs
Min = 155.290 μs, Q1 = 157.222 μs, Median = 159.400 μs, Q3 = 160.123 μs, Max = 161.137 μs
IQR = 2.901 μs, LowerFence = 152.870 μs, UpperFence = 164.475 μs
ConfidenceInterval = [156.783 μs; 160.627 μs] (CI 99.9%), Margin = 1.922 μs (1.21% of Mean)
Skewness = -0.38, Kurtosis = 1.65, MValue = 2
-------------------- Histogram --------------------
[154.333 μs ; 161.871 μs) | @@@@@@@@@@@@@@@
---------------------------------------------------

JsonSerializationBenchmarks.STJ_Serialize_Large: Overhead-Fixed-NoEnergy-5(OutlierMode=DontRemove, IterationCount=15, IterationTime=1s, LaunchCount=1, WarmupCount=6)
Runtime = .NET 8.0.21 (8.0.21, 8.0.2125.47513), X64 RyuJIT x86-64-v4; GC = Concurrent Workstation
Mean = 185.564 μs, StdErr = 0.068 μs (0.04%), N = 15, StdDev = 0.263 μs
Min = 185.297 μs, Q1 = 185.414 μs, Median = 185.484 μs, Q3 = 185.618 μs, Max = 186.311 μs
IQR = 0.204 μs, LowerFence = 185.108 μs, UpperFence = 185.925 μs
ConfidenceInterval = [185.283 μs; 185.845 μs] (CI 99.9%), Margin = 0.281 μs (0.15% of Mean)
Skewness = 1.5, Kurtosis = 4.74, MValue = 2
-------------------- Histogram --------------------
[185.157 μs ; 186.451 μs) | @@@@@@@@@@@@@@@
---------------------------------------------------

JsonSerializationBenchmarks.Utf8Json_Serialize_Large: Overhead-Fixed-NoEnergy-5(OutlierMode=DontRemove, IterationCount=15, IterationTime=1s, LaunchCount=1, WarmupCount=6)
Runtime = .NET 8.0.21 (8.0.21, 8.0.2125.47513), X64 RyuJIT x86-64-v4; GC = Concurrent Workstation
Mean = 276.698 μs, StdErr = 0.320 μs (0.12%), N = 15, StdDev = 1.241 μs
Min = 275.138 μs, Q1 = 275.977 μs, Median = 276.154 μs, Q3 = 277.113 μs, Max = 279.474 μs
IQR = 1.136 μs, LowerFence = 274.274 μs, UpperFence = 278.816 μs
ConfidenceInterval = [275.371 μs; 278.025 μs] (CI 99.9%), Margin = 1.327 μs (0.48% of Mean)
Skewness = 1.17, Kurtosis = 3.27, MValue = 2
-------------------- Histogram --------------------
[274.477 μs ; 280.134 μs) | @@@@@@@@@@@@@@@
---------------------------------------------------

JsonSerializationBenchmarks.Jil_Serialize_Large: Overhead-Fixed-NoEnergy-5(OutlierMode=DontRemove, IterationCount=15, IterationTime=1s, LaunchCount=1, WarmupCount=6)
Runtime = .NET 8.0.21 (8.0.21, 8.0.2125.47513), X64 RyuJIT x86-64-v4; GC = Concurrent Workstation
Mean = 281.366 μs, StdErr = 0.055 μs (0.02%), N = 15, StdDev = 0.211 μs
Min = 281.108 μs, Q1 = 281.194 μs, Median = 281.319 μs, Q3 = 281.463 μs, Max = 281.890 μs
IQR = 0.268 μs, LowerFence = 280.792 μs, UpperFence = 281.865 μs
ConfidenceInterval = [281.140 μs; 281.592 μs] (CI 99.9%), Margin = 0.226 μs (0.08% of Mean)
Skewness = 0.87, Kurtosis = 3.06, MValue = 2
-------------------- Histogram --------------------
[280.995 μs ; 282.003 μs) | @@@@@@@@@@@@@@@
---------------------------------------------------

JsonSerializationBenchmarks.Newtonsoft_Serialize_Large: Overhead-Fixed-NoEnergy-5(OutlierMode=DontRemove, IterationCount=15, IterationTime=1s, LaunchCount=1, WarmupCount=6)
Runtime = .NET 8.0.21 (8.0.21, 8.0.2125.47513), X64 RyuJIT x86-64-v4; GC = Concurrent Workstation
Mean = 311.834 μs, StdErr = 0.062 μs (0.02%), N = 15, StdDev = 0.239 μs
Min = 311.476 μs, Q1 = 311.680 μs, Median = 311.810 μs, Q3 = 312.021 μs, Max = 312.211 μs
IQR = 0.341 μs, LowerFence = 311.168 μs, UpperFence = 312.532 μs
ConfidenceInterval = [311.579 μs; 312.089 μs] (CI 99.9%), Margin = 0.255 μs (0.08% of Mean)
Skewness = 0.05, Kurtosis = 1.61, MValue = 2
-------------------- Histogram --------------------
[311.348 μs ; 312.338 μs) | @@@@@@@@@@@@@@@
---------------------------------------------------

JsonSerializationBenchmarks.Jil_Serialize_Medium: Overhead-Fixed-NoEnergy-5(OutlierMode=DontRemove, IterationCount=15, IterationTime=1s, LaunchCount=1, WarmupCount=6)
Runtime = .NET 8.0.21 (8.0.21, 8.0.2125.47513), X64 RyuJIT x86-64-v4; GC = Concurrent Workstation
Mean = 37.857 μs, StdErr = 0.015 μs (0.04%), N = 15, StdDev = 0.058 μs
Min = 37.686 μs, Q1 = 37.838 μs, Median = 37.875 μs, Q3 = 37.890 μs, Max = 37.923 μs
IQR = 0.052 μs, LowerFence = 37.760 μs, UpperFence = 37.969 μs
ConfidenceInterval = [37.795 μs; 37.920 μs] (CI 99.9%), Margin = 0.062 μs (0.16% of Mean)
Skewness = -1.56, Kurtosis = 5.19, MValue = 2
-------------------- Histogram --------------------
[37.655 μs ; 37.954 μs) | @@@@@@@@@@@@@@@
---------------------------------------------------

JsonSerializationBenchmarks.SpanJson_Serialize_Medium: Overhead-Fixed-NoEnergy-5(OutlierMode=DontRemove, IterationCount=15, IterationTime=1s, LaunchCount=1, WarmupCount=6)
Runtime = .NET 8.0.21 (8.0.21, 8.0.2125.47513), X64 RyuJIT x86-64-v4; GC = Concurrent Workstation
Mean = 39.713 μs, StdErr = 0.144 μs (0.36%), N = 15, StdDev = 0.558 μs
Min = 38.516 μs, Q1 = 39.656 μs, Median = 39.870 μs, Q3 = 40.014 μs, Max = 40.405 μs
IQR = 0.358 μs, LowerFence = 39.119 μs, UpperFence = 40.550 μs
ConfidenceInterval = [39.116 μs; 40.310 μs] (CI 99.9%), Margin = 0.597 μs (1.50% of Mean)
Skewness = -1.03, Kurtosis = 2.92, MValue = 2
-------------------- Histogram --------------------
[38.219 μs ; 39.486 μs) | @@@
[39.486 μs ; 40.702 μs) | @@@@@@@@@@@@
---------------------------------------------------

JsonSerializationBenchmarks.STJ_Serialize_Medium: Overhead-Fixed-NoEnergy-5(OutlierMode=DontRemove, IterationCount=15, IterationTime=1s, LaunchCount=1, WarmupCount=6)
Runtime = .NET 8.0.21 (8.0.21, 8.0.2125.47513), X64 RyuJIT x86-64-v4; GC = Concurrent Workstation
Mean = 46.422 μs, StdErr = 0.021 μs (0.05%), N = 15, StdDev = 0.081 μs
Min = 46.249 μs, Q1 = 46.406 μs, Median = 46.436 μs, Q3 = 46.477 μs, Max = 46.558 μs
IQR = 0.071 μs, LowerFence = 46.300 μs, UpperFence = 46.582 μs
ConfidenceInterval = [46.335 μs; 46.509 μs] (CI 99.9%), Margin = 0.087 μs (0.19% of Mean)
Skewness = -0.78, Kurtosis = 3.03, MValue = 2
-------------------- Histogram --------------------
[46.205 μs ; 46.601 μs) | @@@@@@@@@@@@@@@
---------------------------------------------------

JsonSerializationBenchmarks.Newtonsoft_Serialize_Medium: Overhead-Fixed-NoEnergy-5(OutlierMode=DontRemove, IterationCount=15, IterationTime=1s, LaunchCount=1, WarmupCount=6)
Runtime = .NET 8.0.21 (8.0.21, 8.0.2125.47513), X64 RyuJIT x86-64-v4; GC = Concurrent Workstation
Mean = 51.646 μs, StdErr = 0.039 μs (0.07%), N = 15, StdDev = 0.150 μs
Min = 51.412 μs, Q1 = 51.537 μs, Median = 51.620 μs, Q3 = 51.760 μs, Max = 51.927 μs
IQR = 0.222 μs, LowerFence = 51.204 μs, UpperFence = 52.094 μs
ConfidenceInterval = [51.486 μs; 51.806 μs] (CI 99.9%), Margin = 0.160 μs (0.31% of Mean)
Skewness = 0.34, Kurtosis = 1.84, MValue = 2
-------------------- Histogram --------------------
[51.333 μs ; 52.006 μs) | @@@@@@@@@@@@@@@
---------------------------------------------------

JsonSerializationBenchmarks.Utf8Json_Serialize_Medium: Overhead-Fixed-NoEnergy-5(OutlierMode=DontRemove, IterationCount=15, IterationTime=1s, LaunchCount=1, WarmupCount=6)
Runtime = .NET 8.0.21 (8.0.21, 8.0.2125.47513), X64 RyuJIT x86-64-v4; GC = Concurrent Workstation
Mean = 59.997 μs, StdErr = 0.254 μs (0.42%), N = 15, StdDev = 0.985 μs
Min = 58.390 μs, Q1 = 59.335 μs, Median = 60.017 μs, Q3 = 60.540 μs, Max = 61.897 μs
IQR = 1.204 μs, LowerFence = 57.529 μs, UpperFence = 62.347 μs
ConfidenceInterval = [58.945 μs; 61.050 μs] (CI 99.9%), Margin = 1.053 μs (1.75% of Mean)
Skewness = 0.06, Kurtosis = 2.11, MValue = 2
-------------------- Histogram --------------------
[58.136 μs ; 59.478 μs) | @@@@
[59.478 μs ; 62.001 μs) | @@@@@@@@@@@
---------------------------------------------------

JsonSerializationBenchmarks.Utf8Json_Serialize_Small: Overhead-Fixed-NoEnergy-5(OutlierMode=DontRemove, IterationCount=15, IterationTime=1s, LaunchCount=1, WarmupCount=6)
Runtime = .NET 8.0.21 (8.0.21, 8.0.2125.47513), X64 RyuJIT x86-64-v4; GC = Concurrent Workstation
Mean = 872.518 ns, StdErr = 0.243 ns (0.03%), N = 15, StdDev = 0.939 ns
Min = 871.507 ns, Q1 = 871.774 ns, Median = 872.315 ns, Q3 = 872.894 ns, Max = 875.043 ns
IQR = 1.120 ns, LowerFence = 870.094 ns, UpperFence = 874.573 ns
ConfidenceInterval = [871.514 ns; 873.522 ns] (CI 99.9%), Margin = 1.004 ns (0.12% of Mean)
Skewness = 1.19, Kurtosis = 3.85, MValue = 2
-------------------- Histogram --------------------
[871.008 ns ; 875.543 ns) | @@@@@@@@@@@@@@@
---------------------------------------------------

JsonSerializationBenchmarks.SpanJson_Serialize_Small: Overhead-Fixed-NoEnergy-5(OutlierMode=DontRemove, IterationCount=15, IterationTime=1s, LaunchCount=1, WarmupCount=6)
Runtime = .NET 8.0.21 (8.0.21, 8.0.2125.47513), X64 RyuJIT x86-64-v4; GC = Concurrent Workstation
Mean = 1.200 μs, StdErr = 0.001 μs (0.05%), N = 15, StdDev = 0.002 μs
Min = 1.197 μs, Q1 = 1.199 μs, Median = 1.200 μs, Q3 = 1.202 μs, Max = 1.206 μs
IQR = 0.002 μs, LowerFence = 1.196 μs, UpperFence = 1.205 μs
ConfidenceInterval = [1.198 μs; 1.203 μs] (CI 99.9%), Margin = 0.002 μs (0.20% of Mean)
Skewness = 0.95, Kurtosis = 3.67, MValue = 2
-------------------- Histogram --------------------
[1.196 μs ; 1.207 μs) | @@@@@@@@@@@@@@@
---------------------------------------------------

JsonSerializationBenchmarks.STJ_Serialize_Small: Overhead-Fixed-NoEnergy-5(OutlierMode=DontRemove, IterationCount=15, IterationTime=1s, LaunchCount=1, WarmupCount=6)
Runtime = .NET 8.0.21 (8.0.21, 8.0.2125.47513), X64 RyuJIT x86-64-v4; GC = Concurrent Workstation
Mean = 1.227 μs, StdErr = 0.000 μs (0.03%), N = 15, StdDev = 0.001 μs
Min = 1.226 μs, Q1 = 1.227 μs, Median = 1.227 μs, Q3 = 1.228 μs, Max = 1.231 μs
IQR = 0.001 μs, LowerFence = 1.225 μs, UpperFence = 1.230 μs
ConfidenceInterval = [1.226 μs; 1.228 μs] (CI 99.9%), Margin = 0.001 μs (0.11% of Mean)
Skewness = 1.55, Kurtosis = 5.41, MValue = 2
-------------------- Histogram --------------------
[1.225 μs ; 1.231 μs) | @@@@@@@@@@@@@@@
---------------------------------------------------

JsonSerializationBenchmarks.Jil_Serialize_Small: Overhead-Fixed-NoEnergy-5(OutlierMode=DontRemove, IterationCount=15, IterationTime=1s, LaunchCount=1, WarmupCount=6)
Runtime = .NET 8.0.21 (8.0.21, 8.0.2125.47513), X64 RyuJIT x86-64-v4; GC = Concurrent Workstation
Mean = 1.745 μs, StdErr = 0.001 μs (0.04%), N = 15, StdDev = 0.003 μs
Min = 1.736 μs, Q1 = 1.745 μs, Median = 1.745 μs, Q3 = 1.747 μs, Max = 1.748 μs
IQR = 0.002 μs, LowerFence = 1.742 μs, UpperFence = 1.749 μs
ConfidenceInterval = [1.742 μs; 1.748 μs] (CI 99.9%), Margin = 0.003 μs (0.18% of Mean)
Skewness = -2.41, Kurtosis = 8.51, MValue = 2
-------------------- Histogram --------------------
[1.734 μs ; 1.749 μs) | @@@@@@@@@@@@@@@
---------------------------------------------------

JsonSerializationBenchmarks.Newtonsoft_Serialize_Small: Overhead-Fixed-NoEnergy-5(OutlierMode=DontRemove, IterationCount=15, IterationTime=1s, LaunchCount=1, WarmupCount=6)
Runtime = .NET 8.0.21 (8.0.21, 8.0.2125.47513), X64 RyuJIT x86-64-v4; GC = Concurrent Workstation
Mean = 2.182 μs, StdErr = 0.001 μs (0.02%), N = 15, StdDev = 0.002 μs
Min = 2.176 μs, Q1 = 2.182 μs, Median = 2.182 μs, Q3 = 2.183 μs, Max = 2.185 μs
IQR = 0.001 μs, LowerFence = 2.180 μs, UpperFence = 2.185 μs
ConfidenceInterval = [2.180 μs; 2.184 μs] (CI 99.9%), Margin = 0.002 μs (0.10% of Mean)
Skewness = -1.62, Kurtosis = 6.01, MValue = 2
-------------------- Histogram --------------------
[2.175 μs ; 2.186 μs) | @@@@@@@@@@@@@@@
---------------------------------------------------

// * Summary *

BenchmarkDotNet v0.15.5-develop (2025-12-31), Linux Ubuntu 24.04.3 LTS (Noble Numbat)
11th Gen Intel Core i7-11700KF 3.60GHz (Max: 0.80GHz), 1 CPU, 16 logical and 8 physical cores
.NET SDK 8.0.121
  [Host]                    : .NET 8.0.21 (8.0.21, 8.0.2125.47513), X64 RyuJIT x86-64-v4
  Overhead-Fixed-NoEnergy-5 : .NET 8.0.21 (8.0.21, 8.0.2125.47513), X64 RyuJIT x86-64-v4

Job=Overhead-Fixed-NoEnergy-5  OutlierMode=DontRemove  IterationCount=15  
IterationTime=1s  LaunchCount=1  WarmupCount=6  

| Method                        | Mean         | Error       | StdDev      | Operations | Iterations | Ratio | MannWhitney(3%) | RatioSD | Rank |
|------------------------------ |-------------:|------------:|------------:|-----------:|-----------:|------:|---------------- |--------:|-----:|
| SpanJson_Deserialize_Large    | 149,416.3 ns |    90.55 ns |    84.70 ns |      6,708 |      15.00 |  0.74 | Faster          |    0.00 |    1 |
| STJ_Deserialize_Large         | 201,010.4 ns |   627.82 ns |   587.26 ns |      4,992 |      15.00 |  1.00 | Baseline        |    0.00 |    2 |
| Jil_Deserialize_Large         | 214,389.7 ns |   253.94 ns |   237.53 ns |      4,664 |      15.00 |  1.07 | Slower          |    0.00 |    3 |
| Newtonsoft_Deserialize_Large  | 244,555.4 ns |   232.40 ns |   217.38 ns |      4,112 |      15.00 |  1.22 | Slower          |    0.00 |    4 |
| Utf8Json_Deserialize_Large    | 278,841.5 ns | 2,289.50 ns | 2,141.60 ns |      3,568 |      15.00 |  1.39 | Slower          |    0.01 |    5 |
|                               |              |             |             |            |            |       |                 |         |      |
| SpanJson_Deserialize_Medium   |  38,879.8 ns |    92.46 ns |    86.48 ns |     25,733 |      15.00 |  0.73 | Faster          |    0.00 |    1 |
| STJ_Deserialize_Medium        |  53,187.3 ns |    66.46 ns |    62.17 ns |     18,832 |      15.00 |  1.00 | Baseline        |    0.00 |    2 |
| Jil_Deserialize_Medium        |  55,719.8 ns |    66.20 ns |    61.93 ns |     17,969 |      15.00 |  1.05 | Slower          |    0.00 |    3 |
| Utf8Json_Deserialize_Medium   |  61,672.2 ns |   115.36 ns |   107.91 ns |     16,192 |      15.00 |  1.16 | Slower          |    0.00 |    4 |
| Newtonsoft_Deserialize_Medium |  68,312.8 ns |   120.88 ns |   113.07 ns |     14,672 |      15.00 |  1.28 | Slower          |    0.00 |    5 |
|                               |              |             |             |            |            |       |                 |         |      |
| SpanJson_Deserialize_Small    |   1,164.5 ns |     2.19 ns |     2.05 ns |    859,104 |      15.00 |  0.59 | Faster          |    0.00 |    1 |
| STJ_Deserialize_Small         |   1,963.4 ns |     5.26 ns |     4.92 ns |    510,352 |      15.00 |  1.00 | Baseline        |    0.00 |    2 |
| Utf8Json_Deserialize_Small    |   1,999.1 ns |     3.96 ns |     3.70 ns |    498,800 |      15.00 |  1.02 | Same            |    0.00 |    2 |
| Jil_Deserialize_Small         |   2,239.0 ns |     3.34 ns |     3.13 ns |    446,906 |      15.00 |  1.14 | Slower          |    0.00 |    3 |
| Newtonsoft_Deserialize_Small  |   3,520.3 ns |     8.62 ns |     8.07 ns |    283,984 |      15.00 |  1.79 | Slower          |    0.01 |    4 |
|                               |              |             |             |            |            |       |                 |         |      |
| SpanJson_Serialize_Large      | 158,705.1 ns | 1,921.60 ns | 1,797.47 ns |      6,267 |      15.00 |  0.86 | Faster          |    0.01 |    1 |
| STJ_Serialize_Large           | 185,564.1 ns |   280.68 ns |   262.55 ns |      5,408 |      15.00 |  1.00 | Baseline        |    0.00 |    2 |
| Utf8Json_Serialize_Large      | 276,697.8 ns | 1,326.70 ns | 1,240.99 ns |      3,616 |      15.00 |  1.49 | Slower          |    0.01 |    3 |
| Jil_Serialize_Large           | 281,366.1 ns |   225.87 ns |   211.28 ns |      3,555 |      15.00 |  1.52 | Slower          |    0.00 |    3 |
| Newtonsoft_Serialize_Large    | 311,833.9 ns |   255.26 ns |   238.77 ns |      3,216 |      15.00 |  1.68 | Slower          |    0.00 |    4 |
|                               |              |             |             |            |            |       |                 |         |      |
| Jil_Serialize_Medium          |  37,857.2 ns |    62.34 ns |    58.31 ns |     26,470 |      15.00 |  0.82 | Faster          |    0.00 |    1 |
| SpanJson_Serialize_Medium     |  39,712.9 ns |   596.64 ns |   558.10 ns |     26,040 |      15.00 |  0.86 | Faster          |    0.01 |    1 |
| STJ_Serialize_Medium          |  46,422.0 ns |    86.73 ns |    81.13 ns |     21,456 |      15.00 |  1.00 | Baseline        |    0.00 |    2 |
| Newtonsoft_Serialize_Medium   |  51,645.7 ns |   159.85 ns |   149.52 ns |     19,360 |      15.00 |  1.11 | Slower          |    0.00 |    3 |
| Utf8Json_Serialize_Medium     |  59,997.2 ns | 1,052.64 ns |   984.64 ns |     16,800 |      15.00 |  1.29 | Slower          |    0.02 |    4 |
|                               |              |             |             |            |            |       |                 |         |      |
| Utf8Json_Serialize_Small      |     872.5 ns |     1.00 ns |     0.94 ns |  1,136,048 |      15.00 |  0.71 | Faster          |    0.00 |    1 |
| SpanJson_Serialize_Small      |   1,200.4 ns |     2.39 ns |     2.23 ns |    829,808 |      15.00 |  0.98 | Same            |    0.00 |    2 |
| STJ_Serialize_Small           |   1,227.1 ns |     1.33 ns |     1.24 ns |    812,960 |      15.00 |  1.00 | Baseline        |    0.00 |    2 |
| Jil_Serialize_Small           |   1,745.2 ns |     3.07 ns |     2.87 ns |    575,149 |      15.00 |  1.42 | Slower          |    0.00 |    3 |
| Newtonsoft_Serialize_Small    |   2,182.0 ns |     2.19 ns |     2.05 ns |    459,536 |      15.00 |  1.78 | Slower          |    0.00 |    4 |

// * Hints *
Outliers
  JsonSerializationBenchmarks.STJ_Deserialize_Large: Overhead-Fixed-NoEnergy-5        -> 1 outlier  was  detected (202.99 μs)
  JsonSerializationBenchmarks.Jil_Deserialize_Large: Overhead-Fixed-NoEnergy-5        -> 1 outlier  was  detected (213.67 μs)
  JsonSerializationBenchmarks.Newtonsoft_Deserialize_Large: Overhead-Fixed-NoEnergy-5 -> 1 outlier  was  detected (245.11 μs)
  JsonSerializationBenchmarks.SpanJson_Deserialize_Medium: Overhead-Fixed-NoEnergy-5  -> 1 outlier  was  detected (39.09 μs)
  JsonSerializationBenchmarks.STJ_Deserialize_Medium: Overhead-Fixed-NoEnergy-5       -> 2 outliers were detected (53.09 μs, 53.38 μs)
  JsonSerializationBenchmarks.Jil_Deserialize_Medium: Overhead-Fixed-NoEnergy-5       -> 1 outlier  was  detected (55.90 μs)
  JsonSerializationBenchmarks.Utf8Json_Deserialize_Medium: Overhead-Fixed-NoEnergy-5  -> 2 outliers were detected (61.45 μs, 61.45 μs)
  JsonSerializationBenchmarks.SpanJson_Deserialize_Small: Overhead-Fixed-NoEnergy-5   -> 3 outliers were detected (1.16 μs, 1.17 μs, 1.17 μs)
  JsonSerializationBenchmarks.Utf8Json_Deserialize_Small: Overhead-Fixed-NoEnergy-5   -> 1 outlier  was  detected (2.01 μs)
  JsonSerializationBenchmarks.Jil_Deserialize_Small: Overhead-Fixed-NoEnergy-5        -> 1 outlier  was  detected (2.25 μs)
  JsonSerializationBenchmarks.STJ_Serialize_Large: Overhead-Fixed-NoEnergy-5          -> 1 outlier  was  detected (186.31 μs)
  JsonSerializationBenchmarks.Utf8Json_Serialize_Large: Overhead-Fixed-NoEnergy-5     -> 2 outliers were detected (279.34 μs, 279.48 μs)
  JsonSerializationBenchmarks.Jil_Serialize_Large: Overhead-Fixed-NoEnergy-5          -> 1 outlier  was  detected (281.89 μs)
  JsonSerializationBenchmarks.Jil_Serialize_Medium: Overhead-Fixed-NoEnergy-5         -> 1 outlier  was  detected (37.69 μs)
  JsonSerializationBenchmarks.SpanJson_Serialize_Medium: Overhead-Fixed-NoEnergy-5    -> 2 outliers were detected (38.52 μs, 38.57 μs)
  JsonSerializationBenchmarks.STJ_Serialize_Medium: Overhead-Fixed-NoEnergy-5         -> 2 outliers were detected (46.25 μs, 46.26 μs)
  JsonSerializationBenchmarks.Utf8Json_Serialize_Small: Overhead-Fixed-NoEnergy-5     -> 1 outlier  was  detected (878.44 ns)
  JsonSerializationBenchmarks.SpanJson_Serialize_Small: Overhead-Fixed-NoEnergy-5     -> 1 outlier  was  detected (1.21 μs)
  JsonSerializationBenchmarks.STJ_Serialize_Small: Overhead-Fixed-NoEnergy-5          -> 1 outlier  was  detected (1.23 μs)
  JsonSerializationBenchmarks.Jil_Serialize_Small: Overhead-Fixed-NoEnergy-5          -> 1 outlier  was  detected (1.74 μs)
  JsonSerializationBenchmarks.Newtonsoft_Serialize_Small: Overhead-Fixed-NoEnergy-5   -> 1 outlier  was  detected (2.18 μs)

// * Legends *
  Mean            : Arithmetic mean of all measurements
  Error           : Half of 99.9% confidence interval
  StdDev          : Standard deviation of all measurements
  Operations      : Actual invocations per measured iteration (from measurements)
  Iterations      : Number of target iterations
  Ratio           : Mean of the ratio distribution ([Current]/[Baseline])
  MannWhitney(3%) : MannWhitney-based equivalence test (threshold=3%, alpha = 1E-05)
  RatioSD         : Standard deviation of the ratio distribution ([Current]/[Baseline])
  Rank            : Relative position of current benchmark mean among all benchmarks (Arabic style)
  1 ns            : 1 Nanosecond (0.000000001 sec)

// ***** BenchmarkRunner: End *****
Run time: 00:13:32 (812.8 sec), executed benchmarks: 30

Global total time: 00:13:43 (823.56 sec), executed benchmarks: 30
// * Artifacts cleanup *
Artifacts cleanup is finished
