// Validating benchmarks:
// ***** BenchmarkRunner: Start   *****
// ***** Found 30 benchmark(s) in total *****
// ***** Building 1 exe(s) in Parallel: Start   *****
// start dotnet  restore --nodeReuse:false /p:UseSharedCompilation=false /p:Deterministic=true /p:Optimize=true /p:ArtifactsPath="/home/test/rapl-tests/lib-energy-bench/src/Serialization.Bench/bin/Release/net8.0/Serialization.Bench-Overhead-Fixed-NoEnergy-9-1/" /p:OutDir="/home/test/rapl-tests/lib-energy-bench/src/Serialization.Bench/bin/Release/net8.0/Serialization.Bench-Overhead-Fixed-NoEnergy-9-1/bin/Release/net8.0/" /p:OutputPath="/home/test/rapl-tests/lib-energy-bench/src/Serialization.Bench/bin/Release/net8.0/Serialization.Bench-Overhead-Fixed-NoEnergy-9-1/bin/Release/net8.0/" /p:PublishDir="/home/test/rapl-tests/lib-energy-bench/src/Serialization.Bench/bin/Release/net8.0/Serialization.Bench-Overhead-Fixed-NoEnergy-9-1/publish/" in /home/test/rapl-tests/lib-energy-bench/src/Serialization.Bench/bin/Release/net8.0/Serialization.Bench-Overhead-Fixed-NoEnergy-9-1
// command took 3.25 sec and exited with 0
// start dotnet  build -c Release --no-restore --nodeReuse:false /p:UseSharedCompilation=false /p:Deterministic=true /p:Optimize=true /p:ArtifactsPath="/home/test/rapl-tests/lib-energy-bench/src/Serialization.Bench/bin/Release/net8.0/Serialization.Bench-Overhead-Fixed-NoEnergy-9-1/" /p:OutDir="/home/test/rapl-tests/lib-energy-bench/src/Serialization.Bench/bin/Release/net8.0/Serialization.Bench-Overhead-Fixed-NoEnergy-9-1/bin/Release/net8.0/" /p:OutputPath="/home/test/rapl-tests/lib-energy-bench/src/Serialization.Bench/bin/Release/net8.0/Serialization.Bench-Overhead-Fixed-NoEnergy-9-1/bin/Release/net8.0/" /p:PublishDir="/home/test/rapl-tests/lib-energy-bench/src/Serialization.Bench/bin/Release/net8.0/Serialization.Bench-Overhead-Fixed-NoEnergy-9-1/publish/" --output "/home/test/rapl-tests/lib-energy-bench/src/Serialization.Bench/bin/Release/net8.0/Serialization.Bench-Overhead-Fixed-NoEnergy-9-1/bin/Release/net8.0/" in /home/test/rapl-tests/lib-energy-bench/src/Serialization.Bench/bin/Release/net8.0/Serialization.Bench-Overhead-Fixed-NoEnergy-9-1
// command took 9.28 sec and exited with 0
// ***** Done, took 00:00:12 (12.58 sec)   *****
// Found 30 benchmarks:
//   JsonSerializationBenchmarks.STJ_Deserialize_Large: Overhead-Fixed-NoEnergy-9(OutlierMode=DontRemove, IterationCount=15, IterationTime=1s, LaunchCount=1, WarmupCount=6)
//   JsonSerializationBenchmarks.Newtonsoft_Deserialize_Large: Overhead-Fixed-NoEnergy-9(OutlierMode=DontRemove, IterationCount=15, IterationTime=1s, LaunchCount=1, WarmupCount=6)
//   JsonSerializationBenchmarks.Jil_Deserialize_Large: Overhead-Fixed-NoEnergy-9(OutlierMode=DontRemove, IterationCount=15, IterationTime=1s, LaunchCount=1, WarmupCount=6)
//   JsonSerializationBenchmarks.Utf8Json_Deserialize_Large: Overhead-Fixed-NoEnergy-9(OutlierMode=DontRemove, IterationCount=15, IterationTime=1s, LaunchCount=1, WarmupCount=6)
//   JsonSerializationBenchmarks.SpanJson_Deserialize_Large: Overhead-Fixed-NoEnergy-9(OutlierMode=DontRemove, IterationCount=15, IterationTime=1s, LaunchCount=1, WarmupCount=6)
//   JsonSerializationBenchmarks.STJ_Deserialize_Medium: Overhead-Fixed-NoEnergy-9(OutlierMode=DontRemove, IterationCount=15, IterationTime=1s, LaunchCount=1, WarmupCount=6)
//   JsonSerializationBenchmarks.Newtonsoft_Deserialize_Medium: Overhead-Fixed-NoEnergy-9(OutlierMode=DontRemove, IterationCount=15, IterationTime=1s, LaunchCount=1, WarmupCount=6)
//   JsonSerializationBenchmarks.Jil_Deserialize_Medium: Overhead-Fixed-NoEnergy-9(OutlierMode=DontRemove, IterationCount=15, IterationTime=1s, LaunchCount=1, WarmupCount=6)
//   JsonSerializationBenchmarks.Utf8Json_Deserialize_Medium: Overhead-Fixed-NoEnergy-9(OutlierMode=DontRemove, IterationCount=15, IterationTime=1s, LaunchCount=1, WarmupCount=6)
//   JsonSerializationBenchmarks.SpanJson_Deserialize_Medium: Overhead-Fixed-NoEnergy-9(OutlierMode=DontRemove, IterationCount=15, IterationTime=1s, LaunchCount=1, WarmupCount=6)
//   JsonSerializationBenchmarks.STJ_Deserialize_Small: Overhead-Fixed-NoEnergy-9(OutlierMode=DontRemove, IterationCount=15, IterationTime=1s, LaunchCount=1, WarmupCount=6)
//   JsonSerializationBenchmarks.Newtonsoft_Deserialize_Small: Overhead-Fixed-NoEnergy-9(OutlierMode=DontRemove, IterationCount=15, IterationTime=1s, LaunchCount=1, WarmupCount=6)
//   JsonSerializationBenchmarks.Jil_Deserialize_Small: Overhead-Fixed-NoEnergy-9(OutlierMode=DontRemove, IterationCount=15, IterationTime=1s, LaunchCount=1, WarmupCount=6)
//   JsonSerializationBenchmarks.Utf8Json_Deserialize_Small: Overhead-Fixed-NoEnergy-9(OutlierMode=DontRemove, IterationCount=15, IterationTime=1s, LaunchCount=1, WarmupCount=6)
//   JsonSerializationBenchmarks.SpanJson_Deserialize_Small: Overhead-Fixed-NoEnergy-9(OutlierMode=DontRemove, IterationCount=15, IterationTime=1s, LaunchCount=1, WarmupCount=6)
//   JsonSerializationBenchmarks.STJ_Serialize_Large: Overhead-Fixed-NoEnergy-9(OutlierMode=DontRemove, IterationCount=15, IterationTime=1s, LaunchCount=1, WarmupCount=6)
//   JsonSerializationBenchmarks.Newtonsoft_Serialize_Large: Overhead-Fixed-NoEnergy-9(OutlierMode=DontRemove, IterationCount=15, IterationTime=1s, LaunchCount=1, WarmupCount=6)
//   JsonSerializationBenchmarks.Jil_Serialize_Large: Overhead-Fixed-NoEnergy-9(OutlierMode=DontRemove, IterationCount=15, IterationTime=1s, LaunchCount=1, WarmupCount=6)
//   JsonSerializationBenchmarks.Utf8Json_Serialize_Large: Overhead-Fixed-NoEnergy-9(OutlierMode=DontRemove, IterationCount=15, IterationTime=1s, LaunchCount=1, WarmupCount=6)
//   JsonSerializationBenchmarks.SpanJson_Serialize_Large: Overhead-Fixed-NoEnergy-9(OutlierMode=DontRemove, IterationCount=15, IterationTime=1s, LaunchCount=1, WarmupCount=6)
//   JsonSerializationBenchmarks.STJ_Serialize_Medium: Overhead-Fixed-NoEnergy-9(OutlierMode=DontRemove, IterationCount=15, IterationTime=1s, LaunchCount=1, WarmupCount=6)
//   JsonSerializationBenchmarks.Newtonsoft_Serialize_Medium: Overhead-Fixed-NoEnergy-9(OutlierMode=DontRemove, IterationCount=15, IterationTime=1s, LaunchCount=1, WarmupCount=6)
//   JsonSerializationBenchmarks.Jil_Serialize_Medium: Overhead-Fixed-NoEnergy-9(OutlierMode=DontRemove, IterationCount=15, IterationTime=1s, LaunchCount=1, WarmupCount=6)
//   JsonSerializationBenchmarks.Utf8Json_Serialize_Medium: Overhead-Fixed-NoEnergy-9(OutlierMode=DontRemove, IterationCount=15, IterationTime=1s, LaunchCount=1, WarmupCount=6)
//   JsonSerializationBenchmarks.SpanJson_Serialize_Medium: Overhead-Fixed-NoEnergy-9(OutlierMode=DontRemove, IterationCount=15, IterationTime=1s, LaunchCount=1, WarmupCount=6)
//   JsonSerializationBenchmarks.STJ_Serialize_Small: Overhead-Fixed-NoEnergy-9(OutlierMode=DontRemove, IterationCount=15, IterationTime=1s, LaunchCount=1, WarmupCount=6)
//   JsonSerializationBenchmarks.Newtonsoft_Serialize_Small: Overhead-Fixed-NoEnergy-9(OutlierMode=DontRemove, IterationCount=15, IterationTime=1s, LaunchCount=1, WarmupCount=6)
//   JsonSerializationBenchmarks.Jil_Serialize_Small: Overhead-Fixed-NoEnergy-9(OutlierMode=DontRemove, IterationCount=15, IterationTime=1s, LaunchCount=1, WarmupCount=6)
//   JsonSerializationBenchmarks.Utf8Json_Serialize_Small: Overhead-Fixed-NoEnergy-9(OutlierMode=DontRemove, IterationCount=15, IterationTime=1s, LaunchCount=1, WarmupCount=6)
//   JsonSerializationBenchmarks.SpanJson_Serialize_Small: Overhead-Fixed-NoEnergy-9(OutlierMode=DontRemove, IterationCount=15, IterationTime=1s, LaunchCount=1, WarmupCount=6)

// **************************
// Benchmark: JsonSerializationBenchmarks.STJ_Deserialize_Large: Overhead-Fixed-NoEnergy-9(OutlierMode=DontRemove, IterationCount=15, IterationTime=1s, LaunchCount=1, WarmupCount=6)
// *** Execute ***
// Launch: 1 / 1
// Execute: dotnet Serialization.Bench-Overhead-Fixed-NoEnergy-9-1.dll --anonymousPipes 101 102 --benchmarkName Serialization.Bench.JsonSerializationBenchmarks.STJ_Deserialize_Large --job Overhead-Fixed-NoEnergy-9 --benchmarkId 0 in /home/test/rapl-tests/lib-energy-bench/src/Serialization.Bench/bin/Release/net8.0/Serialization.Bench-Overhead-Fixed-NoEnergy-9-1/bin/Release/net8.0
// BeforeAnythingElse

// Benchmark Process Environment Information:
// BenchmarkDotNet v0.15.5-develop (2025-12-31)
// Runtime=.NET 8.0.21 (8.0.21, 8.0.2125.47513), X64 RyuJIT x86-64-v4
// GC=Concurrent Workstation
// HardwareIntrinsics=AVX512 IFMA+VBMI,AVX512 F+BW+CD+DQ+VL,AVX2+BMI1+BMI2+F16C+FMA+LZCNT+MOVBE,AVX,SSE3+SSSE3+SSE4.1+SSE4.2+POPCNT,X86Base+SSE+SSE2,AES+PCLMUL VectorSize=256
// Job: Overhead-Fixed-NoEnergy-9(OutlierMode=DontRemove, IterationCount=15, IterationTime=1s, LaunchCount=1, WarmupCount=6)

OverheadJitting  1: 1 op, 145925.00 ns, 145.9250 us/op
WorkloadJitting  1: 1 op, 537584.00 ns, 537.5840 us/op

OverheadJitting  2: 16 op, 422378.00 ns, 26.3986 us/op
WorkloadJitting  2: 16 op, 6899997.00 ns, 431.2498 us/op

WorkloadPilot    1: 16 op, 6128625.00 ns, 383.0391 us/op
WorkloadPilot    2: 2624 op, 754365973.00 ns, 287.4870 us/op
WorkloadPilot    3: 3488 op, 701132100.00 ns, 201.0126 us/op
WorkloadPilot    4: 4976 op, 1001270217.00 ns, 201.2199 us/op

OverheadWarmup   1: 4976 op, 21001.00 ns, 4.2205 ns/op
OverheadWarmup   2: 4976 op, 19292.00 ns, 3.8770 ns/op
OverheadWarmup   3: 4976 op, 18754.00 ns, 3.7689 ns/op
OverheadWarmup   4: 4976 op, 19284.00 ns, 3.8754 ns/op
OverheadWarmup   5: 4976 op, 19402.00 ns, 3.8991 ns/op
OverheadWarmup   6: 4976 op, 18944.00 ns, 3.8071 ns/op
OverheadWarmup   7: 4976 op, 19468.00 ns, 3.9124 ns/op
OverheadWarmup   8: 4976 op, 19412.00 ns, 3.9011 ns/op

OverheadActual   1: 4976 op, 19595.00 ns, 3.9379 ns/op
OverheadActual   2: 4976 op, 19705.00 ns, 3.9600 ns/op
OverheadActual   3: 4976 op, 20239.00 ns, 4.0673 ns/op
OverheadActual   4: 4976 op, 19026.00 ns, 3.8236 ns/op
OverheadActual   5: 4976 op, 18972.00 ns, 3.8127 ns/op
OverheadActual   6: 4976 op, 19634.00 ns, 3.9457 ns/op
OverheadActual   7: 4976 op, 19079.00 ns, 3.8342 ns/op
OverheadActual   8: 4976 op, 19002.00 ns, 3.8187 ns/op
OverheadActual   9: 4976 op, 20293.00 ns, 4.0782 ns/op
OverheadActual  10: 4976 op, 19108.00 ns, 3.8400 ns/op
OverheadActual  11: 4976 op, 19071.00 ns, 3.8326 ns/op
OverheadActual  12: 4976 op, 20244.00 ns, 4.0683 ns/op
OverheadActual  13: 4976 op, 19054.00 ns, 3.8292 ns/op
OverheadActual  14: 4976 op, 19403.00 ns, 3.8993 ns/op
OverheadActual  15: 4976 op, 19571.00 ns, 3.9331 ns/op

WorkloadWarmup   1: 4976 op, 1004203470.00 ns, 201.8094 us/op
WorkloadWarmup   2: 4976 op, 1005163366.00 ns, 202.0023 us/op
WorkloadWarmup   3: 4976 op, 1000271593.00 ns, 201.0192 us/op
WorkloadWarmup   4: 4976 op, 999668231.00 ns, 200.8980 us/op
WorkloadWarmup   5: 4976 op, 1002291648.00 ns, 201.4252 us/op
WorkloadWarmup   6: 4976 op, 998613733.00 ns, 200.6860 us/op

// BeforeActualRun
WorkloadActual   1: 4976 op, 1000613790.00 ns, 201.0880 us/op
WorkloadActual   2: 4976 op, 1001832172.00 ns, 201.3328 us/op
WorkloadActual   3: 4976 op, 999610445.00 ns, 200.8863 us/op
WorkloadActual   4: 4976 op, 1001036081.00 ns, 201.1728 us/op
WorkloadActual   5: 4976 op, 1000380036.00 ns, 201.0410 us/op
WorkloadActual   6: 4976 op, 999841374.00 ns, 200.9328 us/op
WorkloadActual   7: 4976 op, 999951837.00 ns, 200.9550 us/op
WorkloadActual   8: 4976 op, 1000183844.00 ns, 201.0016 us/op
WorkloadActual   9: 4976 op, 1008141691.00 ns, 202.6008 us/op
WorkloadActual  10: 4976 op, 1002072848.00 ns, 201.3812 us/op
WorkloadActual  11: 4976 op, 1000278303.00 ns, 201.0206 us/op
WorkloadActual  12: 4976 op, 1002097609.00 ns, 201.3862 us/op
WorkloadActual  13: 4976 op, 1000706855.00 ns, 201.1067 us/op
WorkloadActual  14: 4976 op, 1001066896.00 ns, 201.1790 us/op
WorkloadActual  15: 4976 op, 1000985774.00 ns, 201.1627 us/op

// AfterActualRun
WorkloadResult   1: 4976 op, 1000594387.00 ns, 201.0841 us/op
WorkloadResult   2: 4976 op, 1001812769.00 ns, 201.3289 us/op
WorkloadResult   3: 4976 op, 999591042.00 ns, 200.8824 us/op
WorkloadResult   4: 4976 op, 1001016678.00 ns, 201.1689 us/op
WorkloadResult   5: 4976 op, 1000360633.00 ns, 201.0371 us/op
WorkloadResult   6: 4976 op, 999821971.00 ns, 200.9289 us/op
WorkloadResult   7: 4976 op, 999932434.00 ns, 200.9511 us/op
WorkloadResult   8: 4976 op, 1000164441.00 ns, 200.9977 us/op
WorkloadResult   9: 4976 op, 1008122288.00 ns, 202.5969 us/op
WorkloadResult  10: 4976 op, 1002053445.00 ns, 201.3773 us/op
WorkloadResult  11: 4976 op, 1000258900.00 ns, 201.0167 us/op
WorkloadResult  12: 4976 op, 1002078206.00 ns, 201.3823 us/op
WorkloadResult  13: 4976 op, 1000687452.00 ns, 201.1028 us/op
WorkloadResult  14: 4976 op, 1001047493.00 ns, 201.1751 us/op
WorkloadResult  15: 4976 op, 1000966371.00 ns, 201.1588 us/op

// AfterAll
// Benchmark Process 4067065 has exited with code 0.

Mean = 201.213 μs, StdErr = 0.107 μs (0.05%), N = 15, StdDev = 0.414 μs
Min = 200.882 μs, Q1 = 201.007 μs, Median = 201.103 μs, Q3 = 201.252 μs, Max = 202.597 μs
IQR = 0.245 μs, LowerFence = 200.640 μs, UpperFence = 201.619 μs
ConfidenceInterval = [200.771 μs; 201.655 μs] (CI 99.9%), Margin = 0.442 μs (0.22% of Mean)
Skewness = 2.41, Kurtosis = 8.44, MValue = 2

// ** Remained 29 (96.7%) benchmark(s) to run. Estimated finish 2025-12-31 21:59 (0h 11m from now) **
// **************************
// Benchmark: JsonSerializationBenchmarks.Newtonsoft_Deserialize_Large: Overhead-Fixed-NoEnergy-9(OutlierMode=DontRemove, IterationCount=15, IterationTime=1s, LaunchCount=1, WarmupCount=6)
// *** Execute ***
// Launch: 1 / 1
// Execute: dotnet Serialization.Bench-Overhead-Fixed-NoEnergy-9-1.dll --anonymousPipes 103 104 --benchmarkName Serialization.Bench.JsonSerializationBenchmarks.Newtonsoft_Deserialize_Large --job Overhead-Fixed-NoEnergy-9 --benchmarkId 1 in /home/test/rapl-tests/lib-energy-bench/src/Serialization.Bench/bin/Release/net8.0/Serialization.Bench-Overhead-Fixed-NoEnergy-9-1/bin/Release/net8.0
// BeforeAnythingElse

// Benchmark Process Environment Information:
// BenchmarkDotNet v0.15.5-develop (2025-12-31)
// Runtime=.NET 8.0.21 (8.0.21, 8.0.2125.47513), X64 RyuJIT x86-64-v4
// GC=Concurrent Workstation
// HardwareIntrinsics=AVX512 IFMA+VBMI,AVX512 F+BW+CD+DQ+VL,AVX2+BMI1+BMI2+F16C+FMA+LZCNT+MOVBE,AVX,SSE3+SSSE3+SSE4.1+SSE4.2+POPCNT,X86Base+SSE+SSE2,AES+PCLMUL VectorSize=256
// Job: Overhead-Fixed-NoEnergy-9(OutlierMode=DontRemove, IterationCount=15, IterationTime=1s, LaunchCount=1, WarmupCount=6)

OverheadJitting  1: 1 op, 149381.00 ns, 149.3810 us/op
WorkloadJitting  1: 1 op, 55476188.00 ns, 55.4762 ms/op

OverheadJitting  2: 16 op, 379140.00 ns, 23.6963 us/op
WorkloadJitting  2: 16 op, 18351520.00 ns, 1.1470 ms/op

WorkloadPilot    1: 16 op, 17162908.00 ns, 1.0727 ms/op
WorkloadPilot    2: 944 op, 424787493.00 ns, 449.9868 us/op
WorkloadPilot    3: 2224 op, 539295402.00 ns, 242.4889 us/op
WorkloadPilot    4: 4128 op, 1001545859.00 ns, 242.6225 us/op

OverheadWarmup   1: 4128 op, 16113.00 ns, 3.9033 ns/op
OverheadWarmup   2: 4128 op, 15166.00 ns, 3.6739 ns/op
OverheadWarmup   3: 4128 op, 15038.00 ns, 3.6429 ns/op
OverheadWarmup   4: 4128 op, 15050.00 ns, 3.6458 ns/op
OverheadWarmup   5: 4128 op, 15068.00 ns, 3.6502 ns/op
OverheadWarmup   6: 4128 op, 15159.00 ns, 3.6722 ns/op
OverheadWarmup   7: 4128 op, 15074.00 ns, 3.6516 ns/op
OverheadWarmup   8: 4128 op, 15085.00 ns, 3.6543 ns/op
OverheadWarmup   9: 4128 op, 15174.00 ns, 3.6759 ns/op
OverheadWarmup  10: 4128 op, 15090.00 ns, 3.6555 ns/op

OverheadActual   1: 4128 op, 15190.00 ns, 3.6797 ns/op
OverheadActual   2: 4128 op, 15162.00 ns, 3.6730 ns/op
OverheadActual   3: 4128 op, 15173.00 ns, 3.6756 ns/op
OverheadActual   4: 4128 op, 15130.00 ns, 3.6652 ns/op
OverheadActual   5: 4128 op, 15142.00 ns, 3.6681 ns/op
OverheadActual   6: 4128 op, 15877.00 ns, 3.8462 ns/op
OverheadActual   7: 4128 op, 15067.00 ns, 3.6500 ns/op
OverheadActual   8: 4128 op, 15044.00 ns, 3.6444 ns/op
OverheadActual   9: 4128 op, 15395.00 ns, 3.7294 ns/op
OverheadActual  10: 4128 op, 18505.00 ns, 4.4828 ns/op
OverheadActual  11: 4128 op, 16502.00 ns, 3.9976 ns/op
OverheadActual  12: 4128 op, 15381.00 ns, 3.7260 ns/op
OverheadActual  13: 4128 op, 15423.00 ns, 3.7362 ns/op
OverheadActual  14: 4128 op, 15376.00 ns, 3.7248 ns/op
OverheadActual  15: 4128 op, 15378.00 ns, 3.7253 ns/op
OverheadActual  16: 4128 op, 15368.00 ns, 3.7229 ns/op
OverheadActual  17: 4128 op, 15091.00 ns, 3.6558 ns/op
OverheadActual  18: 4128 op, 15072.00 ns, 3.6512 ns/op

WorkloadWarmup   1: 4128 op, 1005000149.00 ns, 243.4593 us/op
WorkloadWarmup   2: 4128 op, 1004556967.00 ns, 243.3520 us/op
WorkloadWarmup   3: 4128 op, 1001320948.00 ns, 242.5681 us/op
WorkloadWarmup   4: 4128 op, 1003020785.00 ns, 242.9798 us/op
WorkloadWarmup   5: 4128 op, 1001020923.00 ns, 242.4954 us/op
WorkloadWarmup   6: 4128 op, 1003348262.00 ns, 243.0592 us/op

// BeforeActualRun
WorkloadActual   1: 4128 op, 1003551677.00 ns, 243.1084 us/op
WorkloadActual   2: 4128 op, 1003957006.00 ns, 243.2066 us/op
WorkloadActual   3: 4128 op, 1004845240.00 ns, 243.4218 us/op
WorkloadActual   4: 4128 op, 1003630380.00 ns, 243.1275 us/op
WorkloadActual   5: 4128 op, 1003300482.00 ns, 243.0476 us/op
WorkloadActual   6: 4128 op, 1003431089.00 ns, 243.0792 us/op
WorkloadActual   7: 4128 op, 1003573146.00 ns, 243.1136 us/op
WorkloadActual   8: 4128 op, 1003461070.00 ns, 243.0865 us/op
WorkloadActual   9: 4128 op, 1003134010.00 ns, 243.0073 us/op
WorkloadActual  10: 4128 op, 1004380249.00 ns, 243.3092 us/op
WorkloadActual  11: 4128 op, 1003117666.00 ns, 243.0033 us/op
WorkloadActual  12: 4128 op, 1003029266.00 ns, 242.9819 us/op
WorkloadActual  13: 4128 op, 1005773818.00 ns, 243.6468 us/op
WorkloadActual  14: 4128 op, 1003653136.00 ns, 243.1330 us/op
WorkloadActual  15: 4128 op, 1006049403.00 ns, 243.7135 us/op

// AfterActualRun
WorkloadResult   1: 4128 op, 1003536398.00 ns, 243.1047 us/op
WorkloadResult   2: 4128 op, 1003941727.00 ns, 243.2029 us/op
WorkloadResult   3: 4128 op, 1004829961.00 ns, 243.4181 us/op
WorkloadResult   4: 4128 op, 1003615101.00 ns, 243.1238 us/op
WorkloadResult   5: 4128 op, 1003285203.00 ns, 243.0439 us/op
WorkloadResult   6: 4128 op, 1003415810.00 ns, 243.0755 us/op
WorkloadResult   7: 4128 op, 1003557867.00 ns, 243.1099 us/op
WorkloadResult   8: 4128 op, 1003445791.00 ns, 243.0828 us/op
WorkloadResult   9: 4128 op, 1003118731.00 ns, 243.0036 us/op
WorkloadResult  10: 4128 op, 1004364970.00 ns, 243.3055 us/op
WorkloadResult  11: 4128 op, 1003102387.00 ns, 242.9996 us/op
WorkloadResult  12: 4128 op, 1003013987.00 ns, 242.9782 us/op
WorkloadResult  13: 4128 op, 1005758539.00 ns, 243.6431 us/op
WorkloadResult  14: 4128 op, 1003637857.00 ns, 243.1293 us/op
WorkloadResult  15: 4128 op, 1006034124.00 ns, 243.7098 us/op

// AfterAll
// Benchmark Process 4067087 has exited with code 0.

Mean = 243.195 μs, StdErr = 0.059 μs (0.02%), N = 15, StdDev = 0.227 μs
Min = 242.978 μs, Q1 = 243.060 μs, Median = 243.110 μs, Q3 = 243.254 μs, Max = 243.710 μs
IQR = 0.194 μs, LowerFence = 242.768 μs, UpperFence = 243.546 μs
ConfidenceInterval = [242.952 μs; 243.439 μs] (CI 99.9%), Margin = 0.243 μs (0.10% of Mean)
Skewness = 1.16, Kurtosis = 2.96, MValue = 2

// ** Remained 28 (93.3%) benchmark(s) to run. Estimated finish 2025-12-31 21:59 (0h 11m from now) **
// **************************
// Benchmark: JsonSerializationBenchmarks.Jil_Deserialize_Large: Overhead-Fixed-NoEnergy-9(OutlierMode=DontRemove, IterationCount=15, IterationTime=1s, LaunchCount=1, WarmupCount=6)
// *** Execute ***
// Launch: 1 / 1
// Execute: dotnet Serialization.Bench-Overhead-Fixed-NoEnergy-9-1.dll --anonymousPipes 103 104 --benchmarkName Serialization.Bench.JsonSerializationBenchmarks.Jil_Deserialize_Large --job Overhead-Fixed-NoEnergy-9 --benchmarkId 2 in /home/test/rapl-tests/lib-energy-bench/src/Serialization.Bench/bin/Release/net8.0/Serialization.Bench-Overhead-Fixed-NoEnergy-9-1/bin/Release/net8.0
// BeforeAnythingElse

// Benchmark Process Environment Information:
// BenchmarkDotNet v0.15.5-develop (2025-12-31)
// Runtime=.NET 8.0.21 (8.0.21, 8.0.2125.47513), X64 RyuJIT x86-64-v4
// GC=Concurrent Workstation
// HardwareIntrinsics=AVX512 IFMA+VBMI,AVX512 F+BW+CD+DQ+VL,AVX2+BMI1+BMI2+F16C+FMA+LZCNT+MOVBE,AVX,SSE3+SSSE3+SSE4.1+SSE4.2+POPCNT,X86Base+SSE+SSE2,AES+PCLMUL VectorSize=256
// Job: Overhead-Fixed-NoEnergy-9(OutlierMode=DontRemove, IterationCount=15, IterationTime=1s, LaunchCount=1, WarmupCount=6)

OverheadJitting  1: 1 op, 141498.00 ns, 141.4980 us/op
WorkloadJitting  1: 1 op, 246185517.00 ns, 246.1855 ms/op

WorkloadPilot    1: 4 op, 2894486.00 ns, 723.6215 us/op
WorkloadPilot    2: 1382 op, 366837556.00 ns, 265.4396 us/op
WorkloadPilot    3: 3767 op, 803130227.00 ns, 213.2015 us/op
WorkloadPilot    4: 4690 op, 997447917.00 ns, 212.6755 us/op
WorkloadPilot    5: 4702 op, 999542946.00 ns, 212.5783 us/op
WorkloadPilot    6: 4704 op, 999708375.00 ns, 212.5230 us/op

WorkloadWarmup   1: 4704 op, 997987984.00 ns, 212.1573 us/op
WorkloadWarmup   2: 4704 op, 999534986.00 ns, 212.4862 us/op
WorkloadWarmup   3: 4704 op, 1000004920.00 ns, 212.5861 us/op
WorkloadWarmup   4: 4704 op, 999350949.00 ns, 212.4471 us/op
WorkloadWarmup   5: 4704 op, 999119434.00 ns, 212.3978 us/op
WorkloadWarmup   6: 4704 op, 1000722810.00 ns, 212.7387 us/op

// BeforeActualRun
WorkloadActual   1: 4704 op, 997088021.00 ns, 211.9660 us/op
WorkloadActual   2: 4704 op, 999637320.00 ns, 212.5079 us/op
WorkloadActual   3: 4704 op, 1000120607.00 ns, 212.6107 us/op
WorkloadActual   4: 4704 op, 1001237976.00 ns, 212.8482 us/op
WorkloadActual   5: 4704 op, 1001831479.00 ns, 212.9744 us/op
WorkloadActual   6: 4704 op, 1000553817.00 ns, 212.7028 us/op
WorkloadActual   7: 4704 op, 1000257745.00 ns, 212.6398 us/op
WorkloadActual   8: 4704 op, 1001243014.00 ns, 212.8493 us/op
WorkloadActual   9: 4704 op, 1000327584.00 ns, 212.6547 us/op
WorkloadActual  10: 4704 op, 1000383585.00 ns, 212.6666 us/op
WorkloadActual  11: 4704 op, 999628517.00 ns, 212.5061 us/op
WorkloadActual  12: 4704 op, 1001339364.00 ns, 212.8698 us/op
WorkloadActual  13: 4704 op, 1000519609.00 ns, 212.6955 us/op
WorkloadActual  14: 4704 op, 999905551.00 ns, 212.5650 us/op
WorkloadActual  15: 4704 op, 1000174790.00 ns, 212.6222 us/op

// AfterActualRun
WorkloadResult   1: 4704 op, 997088021.00 ns, 211.9660 us/op
WorkloadResult   2: 4704 op, 999637320.00 ns, 212.5079 us/op
WorkloadResult   3: 4704 op, 1000120607.00 ns, 212.6107 us/op
WorkloadResult   4: 4704 op, 1001237976.00 ns, 212.8482 us/op
WorkloadResult   5: 4704 op, 1001831479.00 ns, 212.9744 us/op
WorkloadResult   6: 4704 op, 1000553817.00 ns, 212.7028 us/op
WorkloadResult   7: 4704 op, 1000257745.00 ns, 212.6398 us/op
WorkloadResult   8: 4704 op, 1001243014.00 ns, 212.8493 us/op
WorkloadResult   9: 4704 op, 1000327584.00 ns, 212.6547 us/op
WorkloadResult  10: 4704 op, 1000383585.00 ns, 212.6666 us/op
WorkloadResult  11: 4704 op, 999628517.00 ns, 212.5061 us/op
WorkloadResult  12: 4704 op, 1001339364.00 ns, 212.8698 us/op
WorkloadResult  13: 4704 op, 1000519609.00 ns, 212.6955 us/op
WorkloadResult  14: 4704 op, 999905551.00 ns, 212.5650 us/op
WorkloadResult  15: 4704 op, 1000174790.00 ns, 212.6222 us/op

// AfterAll
// Benchmark Process 4067107 has exited with code 0.

Mean = 212.645 μs, StdErr = 0.060 μs (0.03%), N = 15, StdDev = 0.232 μs
Min = 211.966 μs, Q1 = 212.588 μs, Median = 212.655 μs, Q3 = 212.775 μs, Max = 212.974 μs
IQR = 0.188 μs, LowerFence = 212.306 μs, UpperFence = 213.057 μs
ConfidenceInterval = [212.397 μs; 212.894 μs] (CI 99.9%), Margin = 0.248 μs (0.12% of Mean)
Skewness = -1.36, Kurtosis = 5.29, MValue = 2

// ** Remained 27 (90.0%) benchmark(s) to run. Estimated finish 2025-12-31 21:59 (0h 10m from now) **
// **************************
// Benchmark: JsonSerializationBenchmarks.Utf8Json_Deserialize_Large: Overhead-Fixed-NoEnergy-9(OutlierMode=DontRemove, IterationCount=15, IterationTime=1s, LaunchCount=1, WarmupCount=6)
// *** Execute ***
// Launch: 1 / 1
// Execute: dotnet Serialization.Bench-Overhead-Fixed-NoEnergy-9-1.dll --anonymousPipes 103 104 --benchmarkName Serialization.Bench.JsonSerializationBenchmarks.Utf8Json_Deserialize_Large --job Overhead-Fixed-NoEnergy-9 --benchmarkId 3 in /home/test/rapl-tests/lib-energy-bench/src/Serialization.Bench/bin/Release/net8.0/Serialization.Bench-Overhead-Fixed-NoEnergy-9-1/bin/Release/net8.0
// BeforeAnythingElse

// Benchmark Process Environment Information:
// BenchmarkDotNet v0.15.5-develop (2025-12-31)
// Runtime=.NET 8.0.21 (8.0.21, 8.0.2125.47513), X64 RyuJIT x86-64-v4
// GC=Concurrent Workstation
// HardwareIntrinsics=AVX512 IFMA+VBMI,AVX512 F+BW+CD+DQ+VL,AVX2+BMI1+BMI2+F16C+FMA+LZCNT+MOVBE,AVX,SSE3+SSSE3+SSE4.1+SSE4.2+POPCNT,X86Base+SSE+SSE2,AES+PCLMUL VectorSize=256
// Job: Overhead-Fixed-NoEnergy-9(OutlierMode=DontRemove, IterationCount=15, IterationTime=1s, LaunchCount=1, WarmupCount=6)

OverheadJitting  1: 1 op, 140881.00 ns, 140.8810 us/op
WorkloadJitting  1: 1 op, 58809284.00 ns, 58.8093 ms/op

OverheadJitting  2: 16 op, 383494.00 ns, 23.9684 us/op
WorkloadJitting  2: 16 op, 14803490.00 ns, 925.2181 us/op

WorkloadPilot    1: 16 op, 13643949.00 ns, 852.7468 us/op
WorkloadPilot    2: 1184 op, 762220661.00 ns, 643.7675 us/op
WorkloadPilot    3: 1568 op, 448157298.00 ns, 285.8146 us/op
WorkloadPilot    4: 3504 op, 1000729787.00 ns, 285.5964 us/op

OverheadWarmup   1: 3504 op, 13844.00 ns, 3.9509 ns/op
OverheadWarmup   2: 3504 op, 12841.00 ns, 3.6647 ns/op
OverheadWarmup   3: 3504 op, 12876.00 ns, 3.6747 ns/op
OverheadWarmup   4: 3504 op, 12842.00 ns, 3.6650 ns/op
OverheadWarmup   5: 3504 op, 12828.00 ns, 3.6610 ns/op
OverheadWarmup   6: 3504 op, 12828.00 ns, 3.6610 ns/op
OverheadWarmup   7: 3504 op, 12838.00 ns, 3.6638 ns/op

OverheadActual   1: 3504 op, 12976.00 ns, 3.7032 ns/op
OverheadActual   2: 3504 op, 12932.00 ns, 3.6906 ns/op
OverheadActual   3: 3504 op, 12917.00 ns, 3.6864 ns/op
OverheadActual   4: 3504 op, 12895.00 ns, 3.6801 ns/op
OverheadActual   5: 3504 op, 12831.00 ns, 3.6618 ns/op
OverheadActual   6: 3504 op, 13086.00 ns, 3.7346 ns/op
OverheadActual   7: 3504 op, 13073.00 ns, 3.7309 ns/op
OverheadActual   8: 3504 op, 13101.00 ns, 3.7389 ns/op
OverheadActual   9: 3504 op, 12837.00 ns, 3.6635 ns/op
OverheadActual  10: 3504 op, 12848.00 ns, 3.6667 ns/op
OverheadActual  11: 3504 op, 12803.00 ns, 3.6538 ns/op
OverheadActual  12: 3504 op, 13450.00 ns, 3.8385 ns/op
OverheadActual  13: 3504 op, 13083.00 ns, 3.7337 ns/op
OverheadActual  14: 3504 op, 12813.00 ns, 3.6567 ns/op
OverheadActual  15: 3504 op, 12791.00 ns, 3.6504 ns/op

WorkloadWarmup   1: 3504 op, 1003878172.00 ns, 286.4949 us/op
WorkloadWarmup   2: 3504 op, 1004528289.00 ns, 286.6804 us/op
WorkloadWarmup   3: 3504 op, 1000317617.00 ns, 285.4788 us/op
WorkloadWarmup   4: 3504 op, 999985318.00 ns, 285.3839 us/op
WorkloadWarmup   5: 3504 op, 999675061.00 ns, 285.2954 us/op
WorkloadWarmup   6: 3504 op, 1000017136.00 ns, 285.3930 us/op

// BeforeActualRun
WorkloadActual   1: 3504 op, 986503479.00 ns, 281.5364 us/op
WorkloadActual   2: 3504 op, 985077830.00 ns, 281.1295 us/op
WorkloadActual   3: 3504 op, 985795104.00 ns, 281.3342 us/op
WorkloadActual   4: 3504 op, 986697127.00 ns, 281.5916 us/op
WorkloadActual   5: 3504 op, 986035426.00 ns, 281.4028 us/op
WorkloadActual   6: 3504 op, 1002350955.00 ns, 286.0591 us/op
WorkloadActual   7: 3504 op, 999841406.00 ns, 285.3429 us/op
WorkloadActual   8: 3504 op, 1000210672.00 ns, 285.4483 us/op
WorkloadActual   9: 3504 op, 1000009533.00 ns, 285.3908 us/op
WorkloadActual  10: 3504 op, 1000899188.00 ns, 285.6447 us/op
WorkloadActual  11: 3504 op, 999432408.00 ns, 285.2261 us/op
WorkloadActual  12: 3504 op, 999766623.00 ns, 285.3215 us/op
WorkloadActual  13: 3504 op, 1000700474.00 ns, 285.5880 us/op
WorkloadActual  14: 3504 op, 1000204566.00 ns, 285.4465 us/op
WorkloadActual  15: 3504 op, 999614142.00 ns, 285.2780 us/op

// AfterActualRun
WorkloadResult   1: 3504 op, 986490562.00 ns, 281.5327 us/op
WorkloadResult   2: 3504 op, 985064913.00 ns, 281.1258 us/op
WorkloadResult   3: 3504 op, 985782187.00 ns, 281.3305 us/op
WorkloadResult   4: 3504 op, 986684210.00 ns, 281.5880 us/op
WorkloadResult   5: 3504 op, 986022509.00 ns, 281.3991 us/op
WorkloadResult   6: 3504 op, 1002338038.00 ns, 286.0554 us/op
WorkloadResult   7: 3504 op, 999828489.00 ns, 285.3392 us/op
WorkloadResult   8: 3504 op, 1000197755.00 ns, 285.4446 us/op
WorkloadResult   9: 3504 op, 999996616.00 ns, 285.3872 us/op
WorkloadResult  10: 3504 op, 1000886271.00 ns, 285.6411 us/op
WorkloadResult  11: 3504 op, 999419491.00 ns, 285.2225 us/op
WorkloadResult  12: 3504 op, 999753706.00 ns, 285.3178 us/op
WorkloadResult  13: 3504 op, 1000687557.00 ns, 285.5843 us/op
WorkloadResult  14: 3504 op, 1000191649.00 ns, 285.4428 us/op
WorkloadResult  15: 3504 op, 999601225.00 ns, 285.2743 us/op

// AfterAll
// Benchmark Process 4067120 has exited with code 0.

Mean = 284.112 μs, StdErr = 0.517 μs (0.18%), N = 15, StdDev = 2.001 μs
Min = 281.126 μs, Q1 = 281.560 μs, Median = 285.318 μs, Q3 = 285.444 μs, Max = 286.055 μs
IQR = 3.883 μs, LowerFence = 275.735 μs, UpperFence = 291.269 μs
ConfidenceInterval = [281.974 μs; 286.251 μs] (CI 99.9%), Margin = 2.139 μs (0.75% of Mean)
Skewness = -0.62, Kurtosis = 1.33, MValue = 2

// ** Remained 26 (86.7%) benchmark(s) to run. Estimated finish 2025-12-31 21:59 (0h 10m from now) **
// **************************
// Benchmark: JsonSerializationBenchmarks.SpanJson_Deserialize_Large: Overhead-Fixed-NoEnergy-9(OutlierMode=DontRemove, IterationCount=15, IterationTime=1s, LaunchCount=1, WarmupCount=6)
// *** Execute ***
// Launch: 1 / 1
// Execute: dotnet Serialization.Bench-Overhead-Fixed-NoEnergy-9-1.dll --anonymousPipes 103 104 --benchmarkName Serialization.Bench.JsonSerializationBenchmarks.SpanJson_Deserialize_Large --job Overhead-Fixed-NoEnergy-9 --benchmarkId 4 in /home/test/rapl-tests/lib-energy-bench/src/Serialization.Bench/bin/Release/net8.0/Serialization.Bench-Overhead-Fixed-NoEnergy-9-1/bin/Release/net8.0
// BeforeAnythingElse

// Benchmark Process Environment Information:
// BenchmarkDotNet v0.15.5-develop (2025-12-31)
// Runtime=.NET 8.0.21 (8.0.21, 8.0.2125.47513), X64 RyuJIT x86-64-v4
// GC=Concurrent Workstation
// HardwareIntrinsics=AVX512 IFMA+VBMI,AVX512 F+BW+CD+DQ+VL,AVX2+BMI1+BMI2+F16C+FMA+LZCNT+MOVBE,AVX,SSE3+SSSE3+SSE4.1+SSE4.2+POPCNT,X86Base+SSE+SSE2,AES+PCLMUL VectorSize=256
// Job: Overhead-Fixed-NoEnergy-9(OutlierMode=DontRemove, IterationCount=15, IterationTime=1s, LaunchCount=1, WarmupCount=6)

OverheadJitting  1: 1 op, 139142.00 ns, 139.1420 us/op
WorkloadJitting  1: 1 op, 113341510.00 ns, 113.3415 ms/op

WorkloadPilot    1: 4 op, 1871414.00 ns, 467.8535 us/op
WorkloadPilot    2: 2137 op, 424643547.00 ns, 198.7101 us/op
WorkloadPilot    3: 5032 op, 758316297.00 ns, 150.6988 us/op
WorkloadPilot    4: 6636 op, 1000234390.00 ns, 150.7285 us/op
WorkloadPilot    5: 6634 op, 998809130.00 ns, 150.5591 us/op
WorkloadPilot    6: 6642 op, 1002873104.00 ns, 150.9896 us/op
WorkloadPilot    7: 6623 op, 999577314.00 ns, 150.9252 us/op
WorkloadPilot    8: 6626 op, 1000752473.00 ns, 151.0342 us/op

WorkloadWarmup   1: 6626 op, 999814801.00 ns, 150.8927 us/op
WorkloadWarmup   2: 6626 op, 1000022041.00 ns, 150.9239 us/op
WorkloadWarmup   3: 6626 op, 999619972.00 ns, 150.8633 us/op
WorkloadWarmup   4: 6626 op, 1003196790.00 ns, 151.4031 us/op
WorkloadWarmup   5: 6626 op, 1000286060.00 ns, 150.9638 us/op
WorkloadWarmup   6: 6626 op, 1001172401.00 ns, 151.0976 us/op

// BeforeActualRun
WorkloadActual   1: 6626 op, 1000386041.00 ns, 150.9789 us/op
WorkloadActual   2: 6626 op, 999293583.00 ns, 150.8140 us/op
WorkloadActual   3: 6626 op, 1000185174.00 ns, 150.9486 us/op
WorkloadActual   4: 6626 op, 999429454.00 ns, 150.8345 us/op
WorkloadActual   5: 6626 op, 998770321.00 ns, 150.7350 us/op
WorkloadActual   6: 6626 op, 999946734.00 ns, 150.9126 us/op
WorkloadActual   7: 6626 op, 999403759.00 ns, 150.8306 us/op
WorkloadActual   8: 6626 op, 999436492.00 ns, 150.8356 us/op
WorkloadActual   9: 6626 op, 1000212258.00 ns, 150.9526 us/op
WorkloadActual  10: 6626 op, 999756382.00 ns, 150.8838 us/op
WorkloadActual  11: 6626 op, 998918111.00 ns, 150.7573 us/op
WorkloadActual  12: 6626 op, 999234426.00 ns, 150.8051 us/op
WorkloadActual  13: 6626 op, 999034500.00 ns, 150.7749 us/op
WorkloadActual  14: 6626 op, 999306230.00 ns, 150.8159 us/op
WorkloadActual  15: 6626 op, 999139695.00 ns, 150.7908 us/op

// AfterActualRun
WorkloadResult   1: 6626 op, 1000386041.00 ns, 150.9789 us/op
WorkloadResult   2: 6626 op, 999293583.00 ns, 150.8140 us/op
WorkloadResult   3: 6626 op, 1000185174.00 ns, 150.9486 us/op
WorkloadResult   4: 6626 op, 999429454.00 ns, 150.8345 us/op
WorkloadResult   5: 6626 op, 998770321.00 ns, 150.7350 us/op
WorkloadResult   6: 6626 op, 999946734.00 ns, 150.9126 us/op
WorkloadResult   7: 6626 op, 999403759.00 ns, 150.8306 us/op
WorkloadResult   8: 6626 op, 999436492.00 ns, 150.8356 us/op
WorkloadResult   9: 6626 op, 1000212258.00 ns, 150.9526 us/op
WorkloadResult  10: 6626 op, 999756382.00 ns, 150.8838 us/op
WorkloadResult  11: 6626 op, 998918111.00 ns, 150.7573 us/op
WorkloadResult  12: 6626 op, 999234426.00 ns, 150.8051 us/op
WorkloadResult  13: 6626 op, 999034500.00 ns, 150.7749 us/op
WorkloadResult  14: 6626 op, 999306230.00 ns, 150.8159 us/op
WorkloadResult  15: 6626 op, 999139695.00 ns, 150.7908 us/op

// AfterAll
// Benchmark Process 4067135 has exited with code 0.

Mean = 150.845 μs, StdErr = 0.019 μs (0.01%), N = 15, StdDev = 0.075 μs
Min = 150.735 μs, Q1 = 150.798 μs, Median = 150.831 μs, Q3 = 150.898 μs, Max = 150.979 μs
IQR = 0.100 μs, LowerFence = 150.647 μs, UpperFence = 151.049 μs
ConfidenceInterval = [150.765 μs; 150.924 μs] (CI 99.9%), Margin = 0.080 μs (0.05% of Mean)
Skewness = 0.41, Kurtosis = 1.81, MValue = 2

// ** Remained 25 (83.3%) benchmark(s) to run. Estimated finish 2025-12-31 22:00 (0h 10m from now) **
// **************************
// Benchmark: JsonSerializationBenchmarks.STJ_Deserialize_Medium: Overhead-Fixed-NoEnergy-9(OutlierMode=DontRemove, IterationCount=15, IterationTime=1s, LaunchCount=1, WarmupCount=6)
// *** Execute ***
// Launch: 1 / 1
// Execute: dotnet Serialization.Bench-Overhead-Fixed-NoEnergy-9-1.dll --anonymousPipes 103 104 --benchmarkName Serialization.Bench.JsonSerializationBenchmarks.STJ_Deserialize_Medium --job Overhead-Fixed-NoEnergy-9 --benchmarkId 5 in /home/test/rapl-tests/lib-energy-bench/src/Serialization.Bench/bin/Release/net8.0/Serialization.Bench-Overhead-Fixed-NoEnergy-9-1/bin/Release/net8.0
// BeforeAnythingElse

// Benchmark Process Environment Information:
// BenchmarkDotNet v0.15.5-develop (2025-12-31)
// Runtime=.NET 8.0.21 (8.0.21, 8.0.2125.47513), X64 RyuJIT x86-64-v4
// GC=Concurrent Workstation
// HardwareIntrinsics=AVX512 IFMA+VBMI,AVX512 F+BW+CD+DQ+VL,AVX2+BMI1+BMI2+F16C+FMA+LZCNT+MOVBE,AVX,SSE3+SSSE3+SSE4.1+SSE4.2+POPCNT,X86Base+SSE+SSE2,AES+PCLMUL VectorSize=256
// Job: Overhead-Fixed-NoEnergy-9(OutlierMode=DontRemove, IterationCount=15, IterationTime=1s, LaunchCount=1, WarmupCount=6)

OverheadJitting  1: 1 op, 140645.00 ns, 140.6450 us/op
WorkloadJitting  1: 1 op, 300253.00 ns, 300.2530 us/op

OverheadJitting  2: 16 op, 368527.00 ns, 23.0329 us/op
WorkloadJitting  2: 16 op, 2199725.00 ns, 137.4828 us/op

WorkloadPilot    1: 16 op, 1596670.00 ns, 99.7919 us/op
WorkloadPilot    2: 10032 op, 777866697.00 ns, 77.5385 us/op
WorkloadPilot    3: 12912 op, 681498390.00 ns, 52.7802 us/op
WorkloadPilot    4: 18960 op, 1004278429.00 ns, 52.9683 us/op
WorkloadPilot    5: 18880 op, 996598976.00 ns, 52.7860 us/op
WorkloadPilot    6: 18944 op, 998219125.00 ns, 52.6932 us/op
WorkloadPilot    7: 18992 op, 1002965624.00 ns, 52.8099 us/op
WorkloadPilot    8: 18944 op, 1000235315.00 ns, 52.7996 us/op

OverheadWarmup   1: 18944 op, 68878.00 ns, 3.6359 ns/op
OverheadWarmup   2: 18944 op, 68230.00 ns, 3.6017 ns/op
OverheadWarmup   3: 18944 op, 74597.00 ns, 3.9378 ns/op
OverheadWarmup   4: 18944 op, 68487.00 ns, 3.6152 ns/op
OverheadWarmup   5: 18944 op, 69615.00 ns, 3.6748 ns/op
OverheadWarmup   6: 18944 op, 69600.00 ns, 3.6740 ns/op

OverheadActual   1: 18944 op, 74655.00 ns, 3.9408 ns/op
OverheadActual   2: 18944 op, 71407.00 ns, 3.7694 ns/op
OverheadActual   3: 18944 op, 68269.00 ns, 3.6037 ns/op
OverheadActual   4: 18944 op, 68202.00 ns, 3.6002 ns/op
OverheadActual   5: 18944 op, 68634.00 ns, 3.6230 ns/op
OverheadActual   6: 18944 op, 69644.00 ns, 3.6763 ns/op
OverheadActual   7: 18944 op, 69592.00 ns, 3.6736 ns/op
OverheadActual   8: 18944 op, 68521.00 ns, 3.6170 ns/op
OverheadActual   9: 18944 op, 68213.00 ns, 3.6008 ns/op
OverheadActual  10: 18944 op, 76631.00 ns, 4.0451 ns/op
OverheadActual  11: 18944 op, 69660.00 ns, 3.6772 ns/op
OverheadActual  12: 18944 op, 70040.00 ns, 3.6972 ns/op
OverheadActual  13: 18944 op, 68231.00 ns, 3.6017 ns/op
OverheadActual  14: 18944 op, 68225.00 ns, 3.6014 ns/op
OverheadActual  15: 18944 op, 77816.00 ns, 4.1077 ns/op

WorkloadWarmup   1: 18944 op, 1005684671.00 ns, 53.0872 us/op
WorkloadWarmup   2: 18944 op, 1003088717.00 ns, 52.9502 us/op
WorkloadWarmup   3: 18944 op, 1000764361.00 ns, 52.8275 us/op
WorkloadWarmup   4: 18944 op, 1000176300.00 ns, 52.7965 us/op
WorkloadWarmup   5: 18944 op, 998648184.00 ns, 52.7158 us/op
WorkloadWarmup   6: 18944 op, 998462179.00 ns, 52.7060 us/op

// BeforeActualRun
WorkloadActual   1: 18944 op, 1007900967.00 ns, 53.2042 us/op
WorkloadActual   2: 18944 op, 1007279113.00 ns, 53.1714 us/op
WorkloadActual   3: 18944 op, 1002185471.00 ns, 52.9025 us/op
WorkloadActual   4: 18944 op, 1004425715.00 ns, 53.0208 us/op
WorkloadActual   5: 18944 op, 1003436976.00 ns, 52.9686 us/op
WorkloadActual   6: 18944 op, 1007032760.00 ns, 53.1584 us/op
WorkloadActual   7: 18944 op, 1002030628.00 ns, 52.8944 us/op
WorkloadActual   8: 18944 op, 1005477447.00 ns, 53.0763 us/op
WorkloadActual   9: 18944 op, 1005062408.00 ns, 53.0544 us/op
WorkloadActual  10: 18944 op, 1004994379.00 ns, 53.0508 us/op
WorkloadActual  11: 18944 op, 1004439184.00 ns, 53.0215 us/op
WorkloadActual  12: 18944 op, 1005935096.00 ns, 53.1005 us/op
WorkloadActual  13: 18944 op, 1002327049.00 ns, 52.9100 us/op
WorkloadActual  14: 18944 op, 1002407996.00 ns, 52.9143 us/op
WorkloadActual  15: 18944 op, 1004111741.00 ns, 53.0042 us/op

// AfterActualRun
WorkloadResult   1: 18944 op, 1007831375.00 ns, 53.2006 us/op
WorkloadResult   2: 18944 op, 1007209521.00 ns, 53.1677 us/op
WorkloadResult   3: 18944 op, 1002115879.00 ns, 52.8989 us/op
WorkloadResult   4: 18944 op, 1004356123.00 ns, 53.0171 us/op
WorkloadResult   5: 18944 op, 1003367384.00 ns, 52.9649 us/op
WorkloadResult   6: 18944 op, 1006963168.00 ns, 53.1547 us/op
WorkloadResult   7: 18944 op, 1001961036.00 ns, 52.8907 us/op
WorkloadResult   8: 18944 op, 1005407855.00 ns, 53.0726 us/op
WorkloadResult   9: 18944 op, 1004992816.00 ns, 53.0507 us/op
WorkloadResult  10: 18944 op, 1004924787.00 ns, 53.0471 us/op
WorkloadResult  11: 18944 op, 1004369592.00 ns, 53.0178 us/op
WorkloadResult  12: 18944 op, 1005865504.00 ns, 53.0968 us/op
WorkloadResult  13: 18944 op, 1002257457.00 ns, 52.9063 us/op
WorkloadResult  14: 18944 op, 1002338404.00 ns, 52.9106 us/op
WorkloadResult  15: 18944 op, 1004042149.00 ns, 53.0005 us/op

// AfterAll
// Benchmark Process 4067151 has exited with code 0.

Mean = 53.026 μs, StdErr = 0.026 μs (0.05%), N = 15, StdDev = 0.101 μs
Min = 52.891 μs, Q1 = 52.938 μs, Median = 53.018 μs, Q3 = 53.085 μs, Max = 53.201 μs
IQR = 0.147 μs, LowerFence = 52.717 μs, UpperFence = 53.305 μs
ConfidenceInterval = [52.919 μs; 53.134 μs] (CI 99.9%), Margin = 0.108 μs (0.20% of Mean)
Skewness = 0.17, Kurtosis = 1.7, MValue = 2

// ** Remained 24 (80.0%) benchmark(s) to run. Estimated finish 2025-12-31 22:00 (0h 10m from now) **
// **************************
// Benchmark: JsonSerializationBenchmarks.Newtonsoft_Deserialize_Medium: Overhead-Fixed-NoEnergy-9(OutlierMode=DontRemove, IterationCount=15, IterationTime=1s, LaunchCount=1, WarmupCount=6)
// *** Execute ***
// Launch: 1 / 1
// Execute: dotnet Serialization.Bench-Overhead-Fixed-NoEnergy-9-1.dll --anonymousPipes 103 104 --benchmarkName Serialization.Bench.JsonSerializationBenchmarks.Newtonsoft_Deserialize_Medium --job Overhead-Fixed-NoEnergy-9 --benchmarkId 6 in /home/test/rapl-tests/lib-energy-bench/src/Serialization.Bench/bin/Release/net8.0/Serialization.Bench-Overhead-Fixed-NoEnergy-9-1/bin/Release/net8.0
// BeforeAnythingElse

// Benchmark Process Environment Information:
// BenchmarkDotNet v0.15.5-develop (2025-12-31)
// Runtime=.NET 8.0.21 (8.0.21, 8.0.2125.47513), X64 RyuJIT x86-64-v4
// GC=Concurrent Workstation
// HardwareIntrinsics=AVX512 IFMA+VBMI,AVX512 F+BW+CD+DQ+VL,AVX2+BMI1+BMI2+F16C+FMA+LZCNT+MOVBE,AVX,SSE3+SSSE3+SSE4.1+SSE4.2+POPCNT,X86Base+SSE+SSE2,AES+PCLMUL VectorSize=256
// Job: Overhead-Fixed-NoEnergy-9(OutlierMode=DontRemove, IterationCount=15, IterationTime=1s, LaunchCount=1, WarmupCount=6)

OverheadJitting  1: 1 op, 139504.00 ns, 139.5040 us/op
WorkloadJitting  1: 1 op, 53372927.00 ns, 53.3729 ms/op

OverheadJitting  2: 16 op, 379898.00 ns, 23.7436 us/op
WorkloadJitting  2: 16 op, 5669173.00 ns, 354.3233 us/op

WorkloadPilot    1: 16 op, 5014199.00 ns, 313.3874 us/op
WorkloadPilot    2: 3200 op, 432997007.00 ns, 135.3116 us/op
WorkloadPilot    3: 7392 op, 499016429.00 ns, 67.5076 us/op
WorkloadPilot    4: 14816 op, 997047203.00 ns, 67.2953 us/op
WorkloadPilot    5: 14864 op, 1002136163.00 ns, 67.4204 us/op
WorkloadPilot    6: 14832 op, 999928141.00 ns, 67.4169 us/op
WorkloadPilot    7: 14848 op, 1002388349.00 ns, 67.5100 us/op
WorkloadPilot    8: 14816 op, 996578413.00 ns, 67.2637 us/op
WorkloadPilot    9: 14880 op, 1001137986.00 ns, 67.2808 us/op

OverheadWarmup   1: 14880 op, 54533.00 ns, 3.6649 ns/op
OverheadWarmup   2: 14880 op, 53625.00 ns, 3.6038 ns/op
OverheadWarmup   3: 14880 op, 53631.00 ns, 3.6042 ns/op
OverheadWarmup   4: 14880 op, 53604.00 ns, 3.6024 ns/op
OverheadWarmup   5: 14880 op, 55166.00 ns, 3.7074 ns/op
OverheadWarmup   6: 14880 op, 53682.00 ns, 3.6077 ns/op

OverheadActual   1: 14880 op, 54924.00 ns, 3.6911 ns/op
OverheadActual   2: 14880 op, 53723.00 ns, 3.6104 ns/op
OverheadActual   3: 14880 op, 54189.00 ns, 3.6417 ns/op
OverheadActual   4: 14880 op, 53630.00 ns, 3.6042 ns/op
OverheadActual   5: 14880 op, 54717.00 ns, 3.6772 ns/op
OverheadActual   6: 14880 op, 53668.00 ns, 3.6067 ns/op
OverheadActual   7: 14880 op, 53659.00 ns, 3.6061 ns/op
OverheadActual   8: 14880 op, 54017.00 ns, 3.6302 ns/op
OverheadActual   9: 14880 op, 53656.00 ns, 3.6059 ns/op
OverheadActual  10: 14880 op, 54730.00 ns, 3.6781 ns/op
OverheadActual  11: 14880 op, 53655.00 ns, 3.6058 ns/op
OverheadActual  12: 14880 op, 57158.00 ns, 3.8413 ns/op
OverheadActual  13: 14880 op, 54763.00 ns, 3.6803 ns/op
OverheadActual  14: 14880 op, 54736.00 ns, 3.6785 ns/op
OverheadActual  15: 14880 op, 54757.00 ns, 3.6799 ns/op

WorkloadWarmup   1: 14880 op, 1003831928.00 ns, 67.4618 us/op
WorkloadWarmup   2: 14880 op, 1003456095.00 ns, 67.4366 us/op
WorkloadWarmup   3: 14880 op, 1004803753.00 ns, 67.5271 us/op
WorkloadWarmup   4: 14880 op, 1005533104.00 ns, 67.5761 us/op
WorkloadWarmup   5: 14880 op, 1002302903.00 ns, 67.3591 us/op
WorkloadWarmup   6: 14880 op, 1001365811.00 ns, 67.2961 us/op

// BeforeActualRun
WorkloadActual   1: 14880 op, 1004473235.00 ns, 67.5049 us/op
WorkloadActual   2: 14880 op, 1008473393.00 ns, 67.7737 us/op
WorkloadActual   3: 14880 op, 1006004994.00 ns, 67.6079 us/op
WorkloadActual   4: 14880 op, 1005940899.00 ns, 67.6036 us/op
WorkloadActual   5: 14880 op, 1005471959.00 ns, 67.5720 us/op
WorkloadActual   6: 14880 op, 1007697588.00 ns, 67.7216 us/op
WorkloadActual   7: 14880 op, 1007420487.00 ns, 67.7030 us/op
WorkloadActual   8: 14880 op, 1004361683.00 ns, 67.4974 us/op
WorkloadActual   9: 14880 op, 1006915121.00 ns, 67.6690 us/op
WorkloadActual  10: 14880 op, 1008678087.00 ns, 67.7875 us/op
WorkloadActual  11: 14880 op, 1007702243.00 ns, 67.7219 us/op
WorkloadActual  12: 14880 op, 1008217055.00 ns, 67.7565 us/op
WorkloadActual  13: 14880 op, 1008884399.00 ns, 67.8014 us/op
WorkloadActual  14: 14880 op, 1003586257.00 ns, 67.4453 us/op
WorkloadActual  15: 14880 op, 1010084226.00 ns, 67.8820 us/op

// AfterActualRun
WorkloadResult   1: 14880 op, 1004419046.00 ns, 67.5013 us/op
WorkloadResult   2: 14880 op, 1008419204.00 ns, 67.7701 us/op
WorkloadResult   3: 14880 op, 1005950805.00 ns, 67.6042 us/op
WorkloadResult   4: 14880 op, 1005886710.00 ns, 67.5999 us/op
WorkloadResult   5: 14880 op, 1005417770.00 ns, 67.5684 us/op
WorkloadResult   6: 14880 op, 1007643399.00 ns, 67.7180 us/op
WorkloadResult   7: 14880 op, 1007366298.00 ns, 67.6993 us/op
WorkloadResult   8: 14880 op, 1004307494.00 ns, 67.4938 us/op
WorkloadResult   9: 14880 op, 1006860932.00 ns, 67.6654 us/op
WorkloadResult  10: 14880 op, 1008623898.00 ns, 67.7839 us/op
WorkloadResult  11: 14880 op, 1007648054.00 ns, 67.7183 us/op
WorkloadResult  12: 14880 op, 1008162866.00 ns, 67.7529 us/op
WorkloadResult  13: 14880 op, 1008830210.00 ns, 67.7977 us/op
WorkloadResult  14: 14880 op, 1003532068.00 ns, 67.4417 us/op
WorkloadResult  15: 14880 op, 1010030037.00 ns, 67.8784 us/op

// AfterAll
// Benchmark Process 4067168 has exited with code 0.

Mean = 67.666 μs, StdErr = 0.033 μs (0.05%), N = 15, StdDev = 0.127 μs
Min = 67.442 μs, Q1 = 67.584 μs, Median = 67.699 μs, Q3 = 67.761 μs, Max = 67.878 μs
IQR = 0.177 μs, LowerFence = 67.318 μs, UpperFence = 68.028 μs
ConfidenceInterval = [67.530 μs; 67.802 μs] (CI 99.9%), Margin = 0.136 μs (0.20% of Mean)
Skewness = -0.22, Kurtosis = 1.79, MValue = 2

// ** Remained 23 (76.7%) benchmark(s) to run. Estimated finish 2025-12-31 22:00 (0h 9m from now) **
// **************************
// Benchmark: JsonSerializationBenchmarks.Jil_Deserialize_Medium: Overhead-Fixed-NoEnergy-9(OutlierMode=DontRemove, IterationCount=15, IterationTime=1s, LaunchCount=1, WarmupCount=6)
// *** Execute ***
// Launch: 1 / 1
// Execute: dotnet Serialization.Bench-Overhead-Fixed-NoEnergy-9-1.dll --anonymousPipes 103 104 --benchmarkName Serialization.Bench.JsonSerializationBenchmarks.Jil_Deserialize_Medium --job Overhead-Fixed-NoEnergy-9 --benchmarkId 7 in /home/test/rapl-tests/lib-energy-bench/src/Serialization.Bench/bin/Release/net8.0/Serialization.Bench-Overhead-Fixed-NoEnergy-9-1/bin/Release/net8.0
// BeforeAnythingElse

// Benchmark Process Environment Information:
// BenchmarkDotNet v0.15.5-develop (2025-12-31)
// Runtime=.NET 8.0.21 (8.0.21, 8.0.2125.47513), X64 RyuJIT x86-64-v4
// GC=Concurrent Workstation
// HardwareIntrinsics=AVX512 IFMA+VBMI,AVX512 F+BW+CD+DQ+VL,AVX2+BMI1+BMI2+F16C+FMA+LZCNT+MOVBE,AVX,SSE3+SSSE3+SSE4.1+SSE4.2+POPCNT,X86Base+SSE+SSE2,AES+PCLMUL VectorSize=256
// Job: Overhead-Fixed-NoEnergy-9(OutlierMode=DontRemove, IterationCount=15, IterationTime=1s, LaunchCount=1, WarmupCount=6)

OverheadJitting  1: 1 op, 143645.00 ns, 143.6450 us/op
WorkloadJitting  1: 1 op, 200563605.00 ns, 200.5636 ms/op

WorkloadPilot    1: 4 op, 791837.00 ns, 197.9593 us/op
WorkloadPilot    2: 5052 op, 392705717.00 ns, 77.7327 us/op
WorkloadPilot    3: 12865 op, 720413636.00 ns, 55.9980 us/op
WorkloadPilot    4: 17858 op, 997891352.00 ns, 55.8792 us/op
WorkloadPilot    5: 17896 op, 1000033666.00 ns, 55.8803 us/op

WorkloadWarmup   1: 17896 op, 1001896720.00 ns, 55.9844 us/op
WorkloadWarmup   2: 17896 op, 1000859322.00 ns, 55.9264 us/op
WorkloadWarmup   3: 17896 op, 1001766933.00 ns, 55.9771 us/op
WorkloadWarmup   4: 17896 op, 1001774132.00 ns, 55.9775 us/op
WorkloadWarmup   5: 17896 op, 1001454657.00 ns, 55.9597 us/op
WorkloadWarmup   6: 17896 op, 1002434940.00 ns, 56.0145 us/op

// BeforeActualRun
WorkloadActual   1: 17896 op, 1000557249.00 ns, 55.9095 us/op
WorkloadActual   2: 17896 op, 1001254343.00 ns, 55.9485 us/op
WorkloadActual   3: 17896 op, 1001429858.00 ns, 55.9583 us/op
WorkloadActual   4: 17896 op, 1000745688.00 ns, 55.9201 us/op
WorkloadActual   5: 17896 op, 1001341727.00 ns, 55.9534 us/op
WorkloadActual   6: 17896 op, 1001570286.00 ns, 55.9662 us/op
WorkloadActual   7: 17896 op, 1001601254.00 ns, 55.9679 us/op
WorkloadActual   8: 17896 op, 1004810195.00 ns, 56.1472 us/op
WorkloadActual   9: 17896 op, 1001714969.00 ns, 55.9742 us/op
WorkloadActual  10: 17896 op, 1000192637.00 ns, 55.8892 us/op
WorkloadActual  11: 17896 op, 1002088892.00 ns, 55.9951 us/op
WorkloadActual  12: 17896 op, 1000988839.00 ns, 55.9337 us/op
WorkloadActual  13: 17896 op, 1001911879.00 ns, 55.9852 us/op
WorkloadActual  14: 17896 op, 1001102664.00 ns, 55.9400 us/op
WorkloadActual  15: 17896 op, 1000326827.00 ns, 55.8967 us/op

// AfterActualRun
WorkloadResult   1: 17896 op, 1000557249.00 ns, 55.9095 us/op
WorkloadResult   2: 17896 op, 1001254343.00 ns, 55.9485 us/op
WorkloadResult   3: 17896 op, 1001429858.00 ns, 55.9583 us/op
WorkloadResult   4: 17896 op, 1000745688.00 ns, 55.9201 us/op
WorkloadResult   5: 17896 op, 1001341727.00 ns, 55.9534 us/op
WorkloadResult   6: 17896 op, 1001570286.00 ns, 55.9662 us/op
WorkloadResult   7: 17896 op, 1001601254.00 ns, 55.9679 us/op
WorkloadResult   8: 17896 op, 1004810195.00 ns, 56.1472 us/op
WorkloadResult   9: 17896 op, 1001714969.00 ns, 55.9742 us/op
WorkloadResult  10: 17896 op, 1000192637.00 ns, 55.8892 us/op
WorkloadResult  11: 17896 op, 1002088892.00 ns, 55.9951 us/op
WorkloadResult  12: 17896 op, 1000988839.00 ns, 55.9337 us/op
WorkloadResult  13: 17896 op, 1001911879.00 ns, 55.9852 us/op
WorkloadResult  14: 17896 op, 1001102664.00 ns, 55.9400 us/op
WorkloadResult  15: 17896 op, 1000326827.00 ns, 55.8967 us/op

// AfterAll
// Benchmark Process 4067188 has exited with code 0.

Mean = 55.959 μs, StdErr = 0.016 μs (0.03%), N = 15, StdDev = 0.061 μs
Min = 55.889 μs, Q1 = 55.927 μs, Median = 55.953 μs, Q3 = 55.971 μs, Max = 56.147 μs
IQR = 0.044 μs, LowerFence = 55.861 μs, UpperFence = 56.037 μs
ConfidenceInterval = [55.894 μs; 56.024 μs] (CI 99.9%), Margin = 0.065 μs (0.12% of Mean)
Skewness = 1.77, Kurtosis = 6.39, MValue = 2

// ** Remained 22 (73.3%) benchmark(s) to run. Estimated finish 2025-12-31 22:00 (0h 9m from now) **
// **************************
// Benchmark: JsonSerializationBenchmarks.Utf8Json_Deserialize_Medium: Overhead-Fixed-NoEnergy-9(OutlierMode=DontRemove, IterationCount=15, IterationTime=1s, LaunchCount=1, WarmupCount=6)
// *** Execute ***
// Launch: 1 / 1
// Execute: dotnet Serialization.Bench-Overhead-Fixed-NoEnergy-9-1.dll --anonymousPipes 103 104 --benchmarkName Serialization.Bench.JsonSerializationBenchmarks.Utf8Json_Deserialize_Medium --job Overhead-Fixed-NoEnergy-9 --benchmarkId 8 in /home/test/rapl-tests/lib-energy-bench/src/Serialization.Bench/bin/Release/net8.0/Serialization.Bench-Overhead-Fixed-NoEnergy-9-1/bin/Release/net8.0
// BeforeAnythingElse

// Benchmark Process Environment Information:
// BenchmarkDotNet v0.15.5-develop (2025-12-31)
// Runtime=.NET 8.0.21 (8.0.21, 8.0.2125.47513), X64 RyuJIT x86-64-v4
// GC=Concurrent Workstation
// HardwareIntrinsics=AVX512 IFMA+VBMI,AVX512 F+BW+CD+DQ+VL,AVX2+BMI1+BMI2+F16C+FMA+LZCNT+MOVBE,AVX,SSE3+SSSE3+SSE4.1+SSE4.2+POPCNT,X86Base+SSE+SSE2,AES+PCLMUL VectorSize=256
// Job: Overhead-Fixed-NoEnergy-9(OutlierMode=DontRemove, IterationCount=15, IterationTime=1s, LaunchCount=1, WarmupCount=6)

OverheadJitting  1: 1 op, 141535.00 ns, 141.5350 us/op
WorkloadJitting  1: 1 op, 57942941.00 ns, 57.9429 ms/op

OverheadJitting  2: 16 op, 382476.00 ns, 23.9048 us/op
WorkloadJitting  2: 16 op, 4847072.00 ns, 302.9420 us/op

WorkloadPilot    1: 16 op, 4014869.00 ns, 250.9293 us/op
WorkloadPilot    2: 4000 op, 716238939.00 ns, 179.0597 us/op
WorkloadPilot    3: 5600 op, 343985398.00 ns, 61.4260 us/op
WorkloadPilot    4: 16288 op, 995191188.00 ns, 61.0997 us/op
WorkloadPilot    5: 16368 op, 1001648082.00 ns, 61.1955 us/op
WorkloadPilot    6: 16352 op, 999642421.00 ns, 61.1327 us/op
WorkloadPilot    7: 16368 op, 999948169.00 ns, 61.0917 us/op
WorkloadPilot    8: 16384 op, 1001882853.00 ns, 61.1501 us/op
WorkloadPilot    9: 16368 op, 999774051.00 ns, 61.0810 us/op
WorkloadPilot   10: 16384 op, 1002406661.00 ns, 61.1820 us/op

OverheadWarmup   1: 16384 op, 59784.00 ns, 3.6489 ns/op
OverheadWarmup   2: 16384 op, 55965.00 ns, 3.4158 ns/op
OverheadWarmup   3: 16384 op, 55969.00 ns, 3.4161 ns/op
OverheadWarmup   4: 16384 op, 55909.00 ns, 3.4124 ns/op
OverheadWarmup   5: 16384 op, 57506.00 ns, 3.5099 ns/op
OverheadWarmup   6: 16384 op, 57076.00 ns, 3.4836 ns/op

OverheadActual   1: 16384 op, 57293.00 ns, 3.4969 ns/op
OverheadActual   2: 16384 op, 57208.00 ns, 3.4917 ns/op
OverheadActual   3: 16384 op, 56417.00 ns, 3.4434 ns/op
OverheadActual   4: 16384 op, 56968.00 ns, 3.4771 ns/op
OverheadActual   5: 16384 op, 57106.00 ns, 3.4855 ns/op
OverheadActual   6: 16384 op, 57097.00 ns, 3.4849 ns/op
OverheadActual   7: 16384 op, 57471.00 ns, 3.5078 ns/op
OverheadActual   8: 16384 op, 55949.00 ns, 3.4149 ns/op
OverheadActual   9: 16384 op, 55965.00 ns, 3.4158 ns/op
OverheadActual  10: 16384 op, 55953.00 ns, 3.4151 ns/op
OverheadActual  11: 16384 op, 60172.00 ns, 3.6726 ns/op
OverheadActual  12: 16384 op, 59436.00 ns, 3.6277 ns/op
OverheadActual  13: 16384 op, 57109.00 ns, 3.4857 ns/op
OverheadActual  14: 16384 op, 57130.00 ns, 3.4869 ns/op
OverheadActual  15: 16384 op, 57471.00 ns, 3.5078 ns/op

WorkloadWarmup   1: 16384 op, 1008036219.00 ns, 61.5256 us/op
WorkloadWarmup   2: 16384 op, 1005151167.00 ns, 61.3496 us/op
WorkloadWarmup   3: 16384 op, 1004126071.00 ns, 61.2870 us/op
WorkloadWarmup   4: 16384 op, 1003138275.00 ns, 61.2267 us/op
WorkloadWarmup   5: 16384 op, 1003417018.00 ns, 61.2437 us/op
WorkloadWarmup   6: 16384 op, 1003742637.00 ns, 61.2636 us/op

// BeforeActualRun
WorkloadActual   1: 16384 op, 1004566178.00 ns, 61.3139 us/op
WorkloadActual   2: 16384 op, 1003325806.00 ns, 61.2381 us/op
WorkloadActual   3: 16384 op, 1003916014.00 ns, 61.2742 us/op
WorkloadActual   4: 16384 op, 1002893359.00 ns, 61.2118 us/op
WorkloadActual   5: 16384 op, 1003205006.00 ns, 61.2308 us/op
WorkloadActual   6: 16384 op, 1002771970.00 ns, 61.2043 us/op
WorkloadActual   7: 16384 op, 1003201936.00 ns, 61.2306 us/op
WorkloadActual   8: 16384 op, 1004643629.00 ns, 61.3186 us/op
WorkloadActual   9: 16384 op, 1001479089.00 ns, 61.1254 us/op
WorkloadActual  10: 16384 op, 1001773038.00 ns, 61.1434 us/op
WorkloadActual  11: 16384 op, 1000681245.00 ns, 61.0767 us/op
WorkloadActual  12: 16384 op, 1000938870.00 ns, 61.0925 us/op
WorkloadActual  13: 16384 op, 1001624306.00 ns, 61.1343 us/op
WorkloadActual  14: 16384 op, 1000485612.00 ns, 61.0648 us/op
WorkloadActual  15: 16384 op, 1001672371.00 ns, 61.1372 us/op

// AfterActualRun
WorkloadResult   1: 16384 op, 1004509069.00 ns, 61.3104 us/op
WorkloadResult   2: 16384 op, 1003268697.00 ns, 61.2347 us/op
WorkloadResult   3: 16384 op, 1003858905.00 ns, 61.2707 us/op
WorkloadResult   4: 16384 op, 1002836250.00 ns, 61.2083 us/op
WorkloadResult   5: 16384 op, 1003147897.00 ns, 61.2273 us/op
WorkloadResult   6: 16384 op, 1002714861.00 ns, 61.2009 us/op
WorkloadResult   7: 16384 op, 1003144827.00 ns, 61.2271 us/op
WorkloadResult   8: 16384 op, 1004586520.00 ns, 61.3151 us/op
WorkloadResult   9: 16384 op, 1001421980.00 ns, 61.1219 us/op
WorkloadResult  10: 16384 op, 1001715929.00 ns, 61.1399 us/op
WorkloadResult  11: 16384 op, 1000624136.00 ns, 61.0733 us/op
WorkloadResult  12: 16384 op, 1000881761.00 ns, 61.0890 us/op
WorkloadResult  13: 16384 op, 1001567197.00 ns, 61.1308 us/op
WorkloadResult  14: 16384 op, 1000428503.00 ns, 61.0613 us/op
WorkloadResult  15: 16384 op, 1001615262.00 ns, 61.1337 us/op

// AfterAll
// Benchmark Process 4067205 has exited with code 0.

Mean = 61.183 μs, StdErr = 0.021 μs (0.03%), N = 15, StdDev = 0.083 μs
Min = 61.061 μs, Q1 = 61.126 μs, Median = 61.201 μs, Q3 = 61.231 μs, Max = 61.315 μs
IQR = 0.105 μs, LowerFence = 60.969 μs, UpperFence = 61.388 μs
ConfidenceInterval = [61.095 μs; 61.271 μs] (CI 99.9%), Margin = 0.088 μs (0.14% of Mean)
Skewness = 0.1, Kurtosis = 1.6, MValue = 2

// ** Remained 21 (70.0%) benchmark(s) to run. Estimated finish 2025-12-31 22:00 (0h 9m from now) **
// **************************
// Benchmark: JsonSerializationBenchmarks.SpanJson_Deserialize_Medium: Overhead-Fixed-NoEnergy-9(OutlierMode=DontRemove, IterationCount=15, IterationTime=1s, LaunchCount=1, WarmupCount=6)
// *** Execute ***
// Launch: 1 / 1
// Execute: dotnet Serialization.Bench-Overhead-Fixed-NoEnergy-9-1.dll --anonymousPipes 103 104 --benchmarkName Serialization.Bench.JsonSerializationBenchmarks.SpanJson_Deserialize_Medium --job Overhead-Fixed-NoEnergy-9 --benchmarkId 9 in /home/test/rapl-tests/lib-energy-bench/src/Serialization.Bench/bin/Release/net8.0/Serialization.Bench-Overhead-Fixed-NoEnergy-9-1/bin/Release/net8.0
// BeforeAnythingElse

// Benchmark Process Environment Information:
// BenchmarkDotNet v0.15.5-develop (2025-12-31)
// Runtime=.NET 8.0.21 (8.0.21, 8.0.2125.47513), X64 RyuJIT x86-64-v4
// GC=Concurrent Workstation
// HardwareIntrinsics=AVX512 IFMA+VBMI,AVX512 F+BW+CD+DQ+VL,AVX2+BMI1+BMI2+F16C+FMA+LZCNT+MOVBE,AVX,SSE3+SSSE3+SSE4.1+SSE4.2+POPCNT,X86Base+SSE+SSE2,AES+PCLMUL VectorSize=256
// Job: Overhead-Fixed-NoEnergy-9(OutlierMode=DontRemove, IterationCount=15, IterationTime=1s, LaunchCount=1, WarmupCount=6)

OverheadJitting  1: 1 op, 142892.00 ns, 142.8920 us/op
WorkloadJitting  1: 1 op, 101788504.00 ns, 101.7885 ms/op

WorkloadPilot    1: 4 op, 792620.00 ns, 198.1550 us/op
WorkloadPilot    2: 5047 op, 322872528.00 ns, 63.9732 us/op
WorkloadPilot    3: 15632 op, 629353525.00 ns, 40.2606 us/op
WorkloadPilot    4: 24838 op, 972234708.00 ns, 39.1430 us/op
WorkloadPilot    5: 25547 op, 1024811024.00 ns, 40.1147 us/op
WorkloadPilot    6: 24928 op, 977848067.00 ns, 39.2269 us/op
WorkloadPilot    7: 25493 op, 1001907754.00 ns, 39.3013 us/op
WorkloadPilot    8: 25444 op, 1010531501.00 ns, 39.7159 us/op

WorkloadWarmup   1: 25444 op, 997606846.00 ns, 39.2079 us/op
WorkloadWarmup   2: 25444 op, 999635240.00 ns, 39.2877 us/op
WorkloadWarmup   3: 25444 op, 1009146956.00 ns, 39.6615 us/op
WorkloadWarmup   4: 25444 op, 1003675745.00 ns, 39.4465 us/op
WorkloadWarmup   5: 25444 op, 1017602402.00 ns, 39.9938 us/op
WorkloadWarmup   6: 25444 op, 997923231.00 ns, 39.2204 us/op

// BeforeActualRun
WorkloadActual   1: 25444 op, 998759522.00 ns, 39.2532 us/op
WorkloadActual   2: 25444 op, 1028368686.00 ns, 40.4169 us/op
WorkloadActual   3: 25444 op, 1005616803.00 ns, 39.5227 us/op
WorkloadActual   4: 25444 op, 1009494137.00 ns, 39.6751 us/op
WorkloadActual   5: 25444 op, 995175952.00 ns, 39.1124 us/op
WorkloadActual   6: 25444 op, 998302228.00 ns, 39.2353 us/op
WorkloadActual   7: 25444 op, 994237177.00 ns, 39.0755 us/op
WorkloadActual   8: 25444 op, 995557255.00 ns, 39.1274 us/op
WorkloadActual   9: 25444 op, 997717237.00 ns, 39.2123 us/op
WorkloadActual  10: 25444 op, 996607242.00 ns, 39.1687 us/op
WorkloadActual  11: 25444 op, 1001606819.00 ns, 39.3651 us/op
WorkloadActual  12: 25444 op, 1002241542.00 ns, 39.3901 us/op
WorkloadActual  13: 25444 op, 1002861826.00 ns, 39.4145 us/op
WorkloadActual  14: 25444 op, 1003454982.00 ns, 39.4378 us/op
WorkloadActual  15: 25444 op, 998725866.00 ns, 39.2519 us/op

// AfterActualRun
WorkloadResult   1: 25444 op, 998759522.00 ns, 39.2532 us/op
WorkloadResult   2: 25444 op, 1028368686.00 ns, 40.4169 us/op
WorkloadResult   3: 25444 op, 1005616803.00 ns, 39.5227 us/op
WorkloadResult   4: 25444 op, 1009494137.00 ns, 39.6751 us/op
WorkloadResult   5: 25444 op, 995175952.00 ns, 39.1124 us/op
WorkloadResult   6: 25444 op, 998302228.00 ns, 39.2353 us/op
WorkloadResult   7: 25444 op, 994237177.00 ns, 39.0755 us/op
WorkloadResult   8: 25444 op, 995557255.00 ns, 39.1274 us/op
WorkloadResult   9: 25444 op, 997717237.00 ns, 39.2123 us/op
WorkloadResult  10: 25444 op, 996607242.00 ns, 39.1687 us/op
WorkloadResult  11: 25444 op, 1001606819.00 ns, 39.3651 us/op
WorkloadResult  12: 25444 op, 1002241542.00 ns, 39.3901 us/op
WorkloadResult  13: 25444 op, 1002861826.00 ns, 39.4145 us/op
WorkloadResult  14: 25444 op, 1003454982.00 ns, 39.4378 us/op
WorkloadResult  15: 25444 op, 998725866.00 ns, 39.2519 us/op

// AfterAll
// Benchmark Process 4067225 has exited with code 0.

Mean = 39.377 μs, StdErr = 0.086 μs (0.22%), N = 15, StdDev = 0.332 μs
Min = 39.076 μs, Q1 = 39.190 μs, Median = 39.253 μs, Q3 = 39.426 μs, Max = 40.417 μs
IQR = 0.236 μs, LowerFence = 38.837 μs, UpperFence = 39.780 μs
ConfidenceInterval = [39.022 μs; 39.732 μs] (CI 99.9%), Margin = 0.355 μs (0.90% of Mean)
Skewness = 1.95, Kurtosis = 6.58, MValue = 2

// ** Remained 20 (66.7%) benchmark(s) to run. Estimated finish 2025-12-31 22:00 (0h 8m from now) **
// **************************
// Benchmark: JsonSerializationBenchmarks.STJ_Deserialize_Small: Overhead-Fixed-NoEnergy-9(OutlierMode=DontRemove, IterationCount=15, IterationTime=1s, LaunchCount=1, WarmupCount=6)
// *** Execute ***
// Launch: 1 / 1
// Execute: dotnet Serialization.Bench-Overhead-Fixed-NoEnergy-9-1.dll --anonymousPipes 103 104 --benchmarkName Serialization.Bench.JsonSerializationBenchmarks.STJ_Deserialize_Small --job Overhead-Fixed-NoEnergy-9 --benchmarkId 10 in /home/test/rapl-tests/lib-energy-bench/src/Serialization.Bench/bin/Release/net8.0/Serialization.Bench-Overhead-Fixed-NoEnergy-9-1/bin/Release/net8.0
// BeforeAnythingElse

// Benchmark Process Environment Information:
// BenchmarkDotNet v0.15.5-develop (2025-12-31)
// Runtime=.NET 8.0.21 (8.0.21, 8.0.2125.47513), X64 RyuJIT x86-64-v4
// GC=Concurrent Workstation
// HardwareIntrinsics=AVX512 IFMA+VBMI,AVX512 F+BW+CD+DQ+VL,AVX2+BMI1+BMI2+F16C+FMA+LZCNT+MOVBE,AVX,SSE3+SSSE3+SSE4.1+SSE4.2+POPCNT,X86Base+SSE+SSE2,AES+PCLMUL VectorSize=256
// Job: Overhead-Fixed-NoEnergy-9(OutlierMode=DontRemove, IterationCount=15, IterationTime=1s, LaunchCount=1, WarmupCount=6)

OverheadJitting  1: 1 op, 140025.00 ns, 140.0250 us/op
WorkloadJitting  1: 1 op, 183786.00 ns, 183.7860 us/op

OverheadJitting  2: 16 op, 376845.00 ns, 23.5528 us/op
WorkloadJitting  2: 16 op, 464610.00 ns, 29.0381 us/op

WorkloadPilot    1: 16 op, 97855.00 ns, 6.1159 us/op
WorkloadPilot    2: 163520 op, 577166988.00 ns, 3.5296 us/op
WorkloadPilot    3: 283328 op, 568061365.00 ns, 2.0050 us/op
WorkloadPilot    4: 498768 op, 998365318.00 ns, 2.0017 us/op
WorkloadPilot    5: 499600 op, 998847269.00 ns, 1.9993 us/op
WorkloadPilot    6: 500192 op, 999015303.00 ns, 1.9973 us/op
WorkloadPilot    7: 500688 op, 1002650674.00 ns, 2.0025 us/op
WorkloadPilot    8: 499376 op, 996561747.00 ns, 1.9956 us/op
WorkloadPilot    9: 501104 op, 1001594029.00 ns, 1.9988 us/op
WorkloadPilot   10: 500320 op, 1000743809.00 ns, 2.0002 us/op

OverheadWarmup   1: 500320 op, 1708913.00 ns, 3.4156 ns/op
OverheadWarmup   2: 500320 op, 1722220.00 ns, 3.4422 ns/op
OverheadWarmup   3: 500320 op, 1733262.00 ns, 3.4643 ns/op
OverheadWarmup   4: 500320 op, 1746211.00 ns, 3.4902 ns/op
OverheadWarmup   5: 500320 op, 1742910.00 ns, 3.4836 ns/op
OverheadWarmup   6: 500320 op, 1726097.00 ns, 3.4500 ns/op
OverheadWarmup   7: 500320 op, 1720216.00 ns, 3.4382 ns/op
OverheadWarmup   8: 500320 op, 1745211.00 ns, 3.4882 ns/op
OverheadWarmup   9: 500320 op, 1720743.00 ns, 3.4393 ns/op

OverheadActual   1: 500320 op, 1713862.00 ns, 3.4255 ns/op
OverheadActual   2: 500320 op, 1707529.00 ns, 3.4129 ns/op
OverheadActual   3: 500320 op, 1707332.00 ns, 3.4125 ns/op
OverheadActual   4: 500320 op, 1712112.00 ns, 3.4220 ns/op
OverheadActual   5: 500320 op, 1715486.00 ns, 3.4288 ns/op
OverheadActual   6: 500320 op, 1722093.00 ns, 3.4420 ns/op
OverheadActual   7: 500320 op, 1712614.00 ns, 3.4230 ns/op
OverheadActual   8: 500320 op, 1712808.00 ns, 3.4234 ns/op
OverheadActual   9: 500320 op, 1710377.00 ns, 3.4186 ns/op
OverheadActual  10: 500320 op, 1722452.00 ns, 3.4427 ns/op
OverheadActual  11: 500320 op, 1712711.00 ns, 3.4232 ns/op
OverheadActual  12: 500320 op, 1707181.00 ns, 3.4122 ns/op
OverheadActual  13: 500320 op, 1715118.00 ns, 3.4280 ns/op
OverheadActual  14: 500320 op, 1707762.00 ns, 3.4133 ns/op
OverheadActual  15: 500320 op, 1747003.00 ns, 3.4918 ns/op

WorkloadWarmup   1: 500320 op, 1007721478.00 ns, 2.0142 us/op
WorkloadWarmup   2: 500320 op, 1001799628.00 ns, 2.0023 us/op
WorkloadWarmup   3: 500320 op, 1000603948.00 ns, 1.9999 us/op
WorkloadWarmup   4: 500320 op, 998982067.00 ns, 1.9967 us/op
WorkloadWarmup   5: 500320 op, 999180459.00 ns, 1.9971 us/op
WorkloadWarmup   6: 500320 op, 1001142724.00 ns, 2.0010 us/op

// BeforeActualRun
WorkloadActual   1: 500320 op, 1000874278.00 ns, 2.0005 us/op
WorkloadActual   2: 500320 op, 1003854624.00 ns, 2.0064 us/op
WorkloadActual   3: 500320 op, 1001464907.00 ns, 2.0016 us/op
WorkloadActual   4: 500320 op, 1000418512.00 ns, 1.9996 us/op
WorkloadActual   5: 500320 op, 1001602670.00 ns, 2.0019 us/op
WorkloadActual   6: 500320 op, 1001415954.00 ns, 2.0016 us/op
WorkloadActual   7: 500320 op, 1001277002.00 ns, 2.0013 us/op
WorkloadActual   8: 500320 op, 1001142325.00 ns, 2.0010 us/op
WorkloadActual   9: 500320 op, 1001613689.00 ns, 2.0019 us/op
WorkloadActual  10: 500320 op, 1002208116.00 ns, 2.0031 us/op
WorkloadActual  11: 500320 op, 1006958681.00 ns, 2.0126 us/op
WorkloadActual  12: 500320 op, 1002807557.00 ns, 2.0043 us/op
WorkloadActual  13: 500320 op, 1001144547.00 ns, 2.0010 us/op
WorkloadActual  14: 500320 op, 1003142795.00 ns, 2.0050 us/op
WorkloadActual  15: 500320 op, 1002913084.00 ns, 2.0045 us/op

// AfterActualRun
WorkloadResult   1: 500320 op, 999161567.00 ns, 1.9970 us/op
WorkloadResult   2: 500320 op, 1002141913.00 ns, 2.0030 us/op
WorkloadResult   3: 500320 op, 999752196.00 ns, 1.9982 us/op
WorkloadResult   4: 500320 op, 998705801.00 ns, 1.9961 us/op
WorkloadResult   5: 500320 op, 999889959.00 ns, 1.9985 us/op
WorkloadResult   6: 500320 op, 999703243.00 ns, 1.9981 us/op
WorkloadResult   7: 500320 op, 999564291.00 ns, 1.9978 us/op
WorkloadResult   8: 500320 op, 999429614.00 ns, 1.9976 us/op
WorkloadResult   9: 500320 op, 999900978.00 ns, 1.9985 us/op
WorkloadResult  10: 500320 op, 1000495405.00 ns, 1.9997 us/op
WorkloadResult  11: 500320 op, 1005245970.00 ns, 2.0092 us/op
WorkloadResult  12: 500320 op, 1001094846.00 ns, 2.0009 us/op
WorkloadResult  13: 500320 op, 999431836.00 ns, 1.9976 us/op
WorkloadResult  14: 500320 op, 1001430084.00 ns, 2.0016 us/op
WorkloadResult  15: 500320 op, 1001200373.00 ns, 2.0011 us/op

// AfterAll
// Benchmark Process 4067241 has exited with code 0.

Mean = 2.000 μs, StdErr = 0.001 μs (0.04%), N = 15, StdDev = 0.003 μs
Min = 1.996 μs, Q1 = 1.998 μs, Median = 1.999 μs, Q3 = 2.001 μs, Max = 2.009 μs
IQR = 0.003 μs, LowerFence = 1.993 μs, UpperFence = 2.006 μs
ConfidenceInterval = [1.996 μs; 2.003 μs] (CI 99.9%), Margin = 0.003 μs (0.17% of Mean)
Skewness = 1.59, Kurtosis = 5.18, MValue = 2

// ** Remained 19 (63.3%) benchmark(s) to run. Estimated finish 2025-12-31 22:00 (0h 8m from now) **
// **************************
// Benchmark: JsonSerializationBenchmarks.Newtonsoft_Deserialize_Small: Overhead-Fixed-NoEnergy-9(OutlierMode=DontRemove, IterationCount=15, IterationTime=1s, LaunchCount=1, WarmupCount=6)
// *** Execute ***
// Launch: 1 / 1
// Execute: dotnet Serialization.Bench-Overhead-Fixed-NoEnergy-9-1.dll --anonymousPipes 103 104 --benchmarkName Serialization.Bench.JsonSerializationBenchmarks.Newtonsoft_Deserialize_Small --job Overhead-Fixed-NoEnergy-9 --benchmarkId 11 in /home/test/rapl-tests/lib-energy-bench/src/Serialization.Bench/bin/Release/net8.0/Serialization.Bench-Overhead-Fixed-NoEnergy-9-1/bin/Release/net8.0
// BeforeAnythingElse

// Benchmark Process Environment Information:
// BenchmarkDotNet v0.15.5-develop (2025-12-31)
// Runtime=.NET 8.0.21 (8.0.21, 8.0.2125.47513), X64 RyuJIT x86-64-v4
// GC=Concurrent Workstation
// HardwareIntrinsics=AVX512 IFMA+VBMI,AVX512 F+BW+CD+DQ+VL,AVX2+BMI1+BMI2+F16C+FMA+LZCNT+MOVBE,AVX,SSE3+SSSE3+SSE4.1+SSE4.2+POPCNT,X86Base+SSE+SSE2,AES+PCLMUL VectorSize=256
// Job: Overhead-Fixed-NoEnergy-9(OutlierMode=DontRemove, IterationCount=15, IterationTime=1s, LaunchCount=1, WarmupCount=6)

OverheadJitting  1: 1 op, 140546.00 ns, 140.5460 us/op
WorkloadJitting  1: 1 op, 42313679.00 ns, 42.3137 ms/op

OverheadJitting  2: 16 op, 390734.00 ns, 24.4209 us/op
WorkloadJitting  2: 16 op, 821289.00 ns, 51.3306 us/op

WorkloadPilot    1: 16 op, 417832.00 ns, 26.1145 us/op
WorkloadPilot    2: 38304 op, 270069059.00 ns, 7.0507 us/op
WorkloadPilot    3: 141840 op, 519167588.00 ns, 3.6602 us/op
WorkloadPilot    4: 273216 op, 994473788.00 ns, 3.6399 us/op
WorkloadPilot    5: 274736 op, 998421826.00 ns, 3.6341 us/op
WorkloadPilot    6: 275184 op, 1002110836.00 ns, 3.6416 us/op
WorkloadPilot    7: 274608 op, 1000963187.00 ns, 3.6451 us/op
WorkloadPilot    8: 274352 op, 999084740.00 ns, 3.6416 us/op
WorkloadPilot    9: 274608 op, 998554236.00 ns, 3.6363 us/op
WorkloadPilot   10: 275008 op, 1000050502.00 ns, 3.6364 us/op

OverheadWarmup   1: 275008 op, 942487.00 ns, 3.4271 ns/op
OverheadWarmup   2: 275008 op, 943001.00 ns, 3.4290 ns/op
OverheadWarmup   3: 275008 op, 944717.00 ns, 3.4352 ns/op
OverheadWarmup   4: 275008 op, 945105.00 ns, 3.4366 ns/op
OverheadWarmup   5: 275008 op, 952814.00 ns, 3.4647 ns/op
OverheadWarmup   6: 275008 op, 958470.00 ns, 3.4852 ns/op
OverheadWarmup   7: 275008 op, 961645.00 ns, 3.4968 ns/op
OverheadWarmup   8: 275008 op, 965475.00 ns, 3.5107 ns/op
OverheadWarmup   9: 275008 op, 943588.00 ns, 3.4311 ns/op
OverheadWarmup  10: 275008 op, 965972.00 ns, 3.5125 ns/op

OverheadActual   1: 275008 op, 954911.00 ns, 3.4723 ns/op
OverheadActual   2: 275008 op, 949740.00 ns, 3.4535 ns/op
OverheadActual   3: 275008 op, 966548.00 ns, 3.5146 ns/op
OverheadActual   4: 275008 op, 952738.00 ns, 3.4644 ns/op
OverheadActual   5: 275008 op, 956451.00 ns, 3.4779 ns/op
OverheadActual   6: 275008 op, 967243.00 ns, 3.5171 ns/op
OverheadActual   7: 275008 op, 959776.00 ns, 3.4900 ns/op
OverheadActual   8: 275008 op, 952378.00 ns, 3.4631 ns/op
OverheadActual   9: 275008 op, 947250.00 ns, 3.4444 ns/op
OverheadActual  10: 275008 op, 959094.00 ns, 3.4875 ns/op
OverheadActual  11: 275008 op, 962859.00 ns, 3.5012 ns/op
OverheadActual  12: 275008 op, 961787.00 ns, 3.4973 ns/op
OverheadActual  13: 275008 op, 958459.00 ns, 3.4852 ns/op
OverheadActual  14: 275008 op, 962523.00 ns, 3.5000 ns/op
OverheadActual  15: 275008 op, 946906.00 ns, 3.4432 ns/op

WorkloadWarmup   1: 275008 op, 1004498081.00 ns, 3.6526 us/op
WorkloadWarmup   2: 275008 op, 1002750095.00 ns, 3.6463 us/op
WorkloadWarmup   3: 275008 op, 1001604217.00 ns, 3.6421 us/op
WorkloadWarmup   4: 275008 op, 1000633608.00 ns, 3.6386 us/op
WorkloadWarmup   5: 275008 op, 1001171847.00 ns, 3.6405 us/op
WorkloadWarmup   6: 275008 op, 1002921946.00 ns, 3.6469 us/op

// BeforeActualRun
WorkloadActual   1: 275008 op, 1001830826.00 ns, 3.6429 us/op
WorkloadActual   2: 275008 op, 1001762758.00 ns, 3.6427 us/op
WorkloadActual   3: 275008 op, 1007124738.00 ns, 3.6622 us/op
WorkloadActual   4: 275008 op, 1002233637.00 ns, 3.6444 us/op
WorkloadActual   5: 275008 op, 1002010652.00 ns, 3.6436 us/op
WorkloadActual   6: 275008 op, 1002974715.00 ns, 3.6471 us/op
WorkloadActual   7: 275008 op, 1001807287.00 ns, 3.6428 us/op
WorkloadActual   8: 275008 op, 1001658636.00 ns, 3.6423 us/op
WorkloadActual   9: 275008 op, 1001938314.00 ns, 3.6433 us/op
WorkloadActual  10: 275008 op, 1001671137.00 ns, 3.6423 us/op
WorkloadActual  11: 275008 op, 1001593263.00 ns, 3.6421 us/op
WorkloadActual  12: 275008 op, 1005792054.00 ns, 3.6573 us/op
WorkloadActual  13: 275008 op, 1001436341.00 ns, 3.6415 us/op
WorkloadActual  14: 275008 op, 1002041926.00 ns, 3.6437 us/op
WorkloadActual  15: 275008 op, 1001847767.00 ns, 3.6430 us/op

// AfterActualRun
WorkloadResult   1: 275008 op, 1000872367.00 ns, 3.6394 us/op
WorkloadResult   2: 275008 op, 1000804299.00 ns, 3.6392 us/op
WorkloadResult   3: 275008 op, 1006166279.00 ns, 3.6587 us/op
WorkloadResult   4: 275008 op, 1001275178.00 ns, 3.6409 us/op
WorkloadResult   5: 275008 op, 1001052193.00 ns, 3.6401 us/op
WorkloadResult   6: 275008 op, 1002016256.00 ns, 3.6436 us/op
WorkloadResult   7: 275008 op, 1000848828.00 ns, 3.6393 us/op
WorkloadResult   8: 275008 op, 1000700177.00 ns, 3.6388 us/op
WorkloadResult   9: 275008 op, 1000979855.00 ns, 3.6398 us/op
WorkloadResult  10: 275008 op, 1000712678.00 ns, 3.6388 us/op
WorkloadResult  11: 275008 op, 1000634804.00 ns, 3.6386 us/op
WorkloadResult  12: 275008 op, 1004833595.00 ns, 3.6538 us/op
WorkloadResult  13: 275008 op, 1000477882.00 ns, 3.6380 us/op
WorkloadResult  14: 275008 op, 1001083467.00 ns, 3.6402 us/op
WorkloadResult  15: 275008 op, 1000889308.00 ns, 3.6395 us/op

// AfterAll
// Benchmark Process 4067259 has exited with code 0.

Mean = 3.642 μs, StdErr = 0.002 μs (0.04%), N = 15, StdDev = 0.006 μs
Min = 3.638 μs, Q1 = 3.639 μs, Median = 3.639 μs, Q3 = 3.641 μs, Max = 3.659 μs
IQR = 0.002 μs, LowerFence = 3.637 μs, UpperFence = 3.643 μs
ConfidenceInterval = [3.635 μs; 3.648 μs] (CI 99.9%), Margin = 0.006 μs (0.18% of Mean)
Skewness = 1.87, Kurtosis = 5.03, MValue = 2

// ** Remained 18 (60.0%) benchmark(s) to run. Estimated finish 2025-12-31 22:01 (0h 8m from now) **
// **************************
// Benchmark: JsonSerializationBenchmarks.Jil_Deserialize_Small: Overhead-Fixed-NoEnergy-9(OutlierMode=DontRemove, IterationCount=15, IterationTime=1s, LaunchCount=1, WarmupCount=6)
// *** Execute ***
// Launch: 1 / 1
// Execute: dotnet Serialization.Bench-Overhead-Fixed-NoEnergy-9-1.dll --anonymousPipes 103 104 --benchmarkName Serialization.Bench.JsonSerializationBenchmarks.Jil_Deserialize_Small --job Overhead-Fixed-NoEnergy-9 --benchmarkId 12 in /home/test/rapl-tests/lib-energy-bench/src/Serialization.Bench/bin/Release/net8.0/Serialization.Bench-Overhead-Fixed-NoEnergy-9-1/bin/Release/net8.0
// BeforeAnythingElse

// Benchmark Process Environment Information:
// BenchmarkDotNet v0.15.5-develop (2025-12-31)
// Runtime=.NET 8.0.21 (8.0.21, 8.0.2125.47513), X64 RyuJIT x86-64-v4
// GC=Concurrent Workstation
// HardwareIntrinsics=AVX512 IFMA+VBMI,AVX512 F+BW+CD+DQ+VL,AVX2+BMI1+BMI2+F16C+FMA+LZCNT+MOVBE,AVX,SSE3+SSSE3+SSE4.1+SSE4.2+POPCNT,X86Base+SSE+SSE2,AES+PCLMUL VectorSize=256
// Job: Overhead-Fixed-NoEnergy-9(OutlierMode=DontRemove, IterationCount=15, IterationTime=1s, LaunchCount=1, WarmupCount=6)

OverheadJitting  1: 1 op, 141190.00 ns, 141.1900 us/op
WorkloadJitting  1: 1 op, 114819506.00 ns, 114.8195 ms/op

WorkloadPilot    1: 4 op, 40776.00 ns, 10.1940 us/op
WorkloadPilot    2: 98097 op, 322090488.00 ns, 3.2834 us/op
WorkloadPilot    3: 304563 op, 690467084.00 ns, 2.2671 us/op
WorkloadPilot    4: 441097 op, 994113224.00 ns, 2.2537 us/op
WorkloadPilot    5: 443709 op, 997530377.00 ns, 2.2482 us/op
WorkloadPilot    6: 444808 op, 1001902631.00 ns, 2.2524 us/op
WorkloadPilot    7: 443963 op, 1002763448.00 ns, 2.2587 us/op
WorkloadPilot    8: 442740 op, 999471158.00 ns, 2.2575 us/op
WorkloadPilot    9: 442974 op, 1000539177.00 ns, 2.2587 us/op

WorkloadWarmup   1: 442974 op, 999886864.00 ns, 2.2572 us/op
WorkloadWarmup   2: 442974 op, 999885810.00 ns, 2.2572 us/op
WorkloadWarmup   3: 442974 op, 1000919519.00 ns, 2.2595 us/op
WorkloadWarmup   4: 442974 op, 999463796.00 ns, 2.2563 us/op
WorkloadWarmup   5: 442974 op, 999629734.00 ns, 2.2566 us/op
WorkloadWarmup   6: 442974 op, 998727284.00 ns, 2.2546 us/op

// BeforeActualRun
WorkloadActual   1: 442974 op, 997219682.00 ns, 2.2512 us/op
WorkloadActual   2: 442974 op, 998731385.00 ns, 2.2546 us/op
WorkloadActual   3: 442974 op, 1000166022.00 ns, 2.2578 us/op
WorkloadActual   4: 442974 op, 999842646.00 ns, 2.2571 us/op
WorkloadActual   5: 442974 op, 999775385.00 ns, 2.2570 us/op
WorkloadActual   6: 442974 op, 998143183.00 ns, 2.2533 us/op
WorkloadActual   7: 442974 op, 1001497710.00 ns, 2.2608 us/op
WorkloadActual   8: 442974 op, 998956630.00 ns, 2.2551 us/op
WorkloadActual   9: 442974 op, 1000056287.00 ns, 2.2576 us/op
WorkloadActual  10: 442974 op, 998436938.00 ns, 2.2539 us/op
WorkloadActual  11: 442974 op, 998454244.00 ns, 2.2540 us/op
WorkloadActual  12: 442974 op, 998300908.00 ns, 2.2536 us/op
WorkloadActual  13: 442974 op, 999355037.00 ns, 2.2560 us/op
WorkloadActual  14: 442974 op, 1003826111.00 ns, 2.2661 us/op
WorkloadActual  15: 442974 op, 1000607778.00 ns, 2.2588 us/op

// AfterActualRun
WorkloadResult   1: 442974 op, 997219682.00 ns, 2.2512 us/op
WorkloadResult   2: 442974 op, 998731385.00 ns, 2.2546 us/op
WorkloadResult   3: 442974 op, 1000166022.00 ns, 2.2578 us/op
WorkloadResult   4: 442974 op, 999842646.00 ns, 2.2571 us/op
WorkloadResult   5: 442974 op, 999775385.00 ns, 2.2570 us/op
WorkloadResult   6: 442974 op, 998143183.00 ns, 2.2533 us/op
WorkloadResult   7: 442974 op, 1001497710.00 ns, 2.2608 us/op
WorkloadResult   8: 442974 op, 998956630.00 ns, 2.2551 us/op
WorkloadResult   9: 442974 op, 1000056287.00 ns, 2.2576 us/op
WorkloadResult  10: 442974 op, 998436938.00 ns, 2.2539 us/op
WorkloadResult  11: 442974 op, 998454244.00 ns, 2.2540 us/op
WorkloadResult  12: 442974 op, 998300908.00 ns, 2.2536 us/op
WorkloadResult  13: 442974 op, 999355037.00 ns, 2.2560 us/op
WorkloadResult  14: 442974 op, 1003826111.00 ns, 2.2661 us/op
WorkloadResult  15: 442974 op, 1000607778.00 ns, 2.2588 us/op

// AfterAll
// Benchmark Process 4067276 has exited with code 0.

Mean = 2.256 μs, StdErr = 0.001 μs (0.04%), N = 15, StdDev = 0.004 μs
Min = 2.251 μs, Q1 = 2.254 μs, Median = 2.256 μs, Q3 = 2.258 μs, Max = 2.266 μs
IQR = 0.004 μs, LowerFence = 2.248 μs, UpperFence = 2.263 μs
ConfidenceInterval = [2.253 μs; 2.260 μs] (CI 99.9%), Margin = 0.004 μs (0.17% of Mean)
Skewness = 1.04, Kurtosis = 3.81, MValue = 2

// ** Remained 17 (56.7%) benchmark(s) to run. Estimated finish 2025-12-31 22:01 (0h 7m from now) **
// **************************
// Benchmark: JsonSerializationBenchmarks.Utf8Json_Deserialize_Small: Overhead-Fixed-NoEnergy-9(OutlierMode=DontRemove, IterationCount=15, IterationTime=1s, LaunchCount=1, WarmupCount=6)
// *** Execute ***
// Launch: 1 / 1
// Execute: dotnet Serialization.Bench-Overhead-Fixed-NoEnergy-9-1.dll --anonymousPipes 103 104 --benchmarkName Serialization.Bench.JsonSerializationBenchmarks.Utf8Json_Deserialize_Small --job Overhead-Fixed-NoEnergy-9 --benchmarkId 13 in /home/test/rapl-tests/lib-energy-bench/src/Serialization.Bench/bin/Release/net8.0/Serialization.Bench-Overhead-Fixed-NoEnergy-9-1/bin/Release/net8.0
// BeforeAnythingElse

// Benchmark Process Environment Information:
// BenchmarkDotNet v0.15.5-develop (2025-12-31)
// Runtime=.NET 8.0.21 (8.0.21, 8.0.2125.47513), X64 RyuJIT x86-64-v4
// GC=Concurrent Workstation
// HardwareIntrinsics=AVX512 IFMA+VBMI,AVX512 F+BW+CD+DQ+VL,AVX2+BMI1+BMI2+F16C+FMA+LZCNT+MOVBE,AVX,SSE3+SSSE3+SSE4.1+SSE4.2+POPCNT,X86Base+SSE+SSE2,AES+PCLMUL VectorSize=256
// Job: Overhead-Fixed-NoEnergy-9(OutlierMode=DontRemove, IterationCount=15, IterationTime=1s, LaunchCount=1, WarmupCount=6)

OverheadJitting  1: 1 op, 139814.00 ns, 139.8140 us/op
WorkloadJitting  1: 1 op, 48694150.00 ns, 48.6942 ms/op

OverheadJitting  2: 16 op, 395914.00 ns, 24.7446 us/op
WorkloadJitting  2: 16 op, 679615.00 ns, 42.4759 us/op

WorkloadPilot    1: 16 op, 261321.00 ns, 16.3326 us/op
WorkloadPilot    2: 61232 op, 570587640.00 ns, 9.3185 us/op
WorkloadPilot    3: 107328 op, 217851898.00 ns, 2.0298 us/op
WorkloadPilot    4: 492672 op, 988958993.00 ns, 2.0073 us/op
WorkloadPilot    5: 498176 op, 999677142.00 ns, 2.0067 us/op
WorkloadPilot    6: 498352 op, 1000922616.00 ns, 2.0085 us/op
WorkloadPilot    7: 497904 op, 1000334968.00 ns, 2.0091 us/op
WorkloadPilot    8: 497744 op, 999026112.00 ns, 2.0071 us/op
WorkloadPilot    9: 498240 op, 1000385004.00 ns, 2.0078 us/op

OverheadWarmup   1: 498240 op, 1692048.00 ns, 3.3961 ns/op
OverheadWarmup   2: 498240 op, 1691361.00 ns, 3.3947 ns/op
OverheadWarmup   3: 498240 op, 1696635.00 ns, 3.4053 ns/op
OverheadWarmup   4: 498240 op, 1693258.00 ns, 3.3985 ns/op
OverheadWarmup   5: 498240 op, 1693987.00 ns, 3.3999 ns/op
OverheadWarmup   6: 498240 op, 1696364.00 ns, 3.4047 ns/op
OverheadWarmup   7: 498240 op, 1699016.00 ns, 3.4100 ns/op
OverheadWarmup   8: 498240 op, 1697794.00 ns, 3.4076 ns/op

OverheadActual   1: 498240 op, 1700272.00 ns, 3.4126 ns/op
OverheadActual   2: 498240 op, 1694694.00 ns, 3.4014 ns/op
OverheadActual   3: 498240 op, 1699421.00 ns, 3.4108 ns/op
OverheadActual   4: 498240 op, 1693148.00 ns, 3.3983 ns/op
OverheadActual   5: 498240 op, 1690780.00 ns, 3.3935 ns/op
OverheadActual   6: 498240 op, 1696714.00 ns, 3.4054 ns/op
OverheadActual   7: 498240 op, 1693237.00 ns, 3.3984 ns/op
OverheadActual   8: 498240 op, 1696441.00 ns, 3.4049 ns/op
OverheadActual   9: 498240 op, 1700486.00 ns, 3.4130 ns/op
OverheadActual  10: 498240 op, 1692389.00 ns, 3.3967 ns/op
OverheadActual  11: 498240 op, 1698666.00 ns, 3.4093 ns/op
OverheadActual  12: 498240 op, 1695920.00 ns, 3.4038 ns/op
OverheadActual  13: 498240 op, 1694010.00 ns, 3.4000 ns/op
OverheadActual  14: 498240 op, 1699030.00 ns, 3.4101 ns/op
OverheadActual  15: 498240 op, 1699773.00 ns, 3.4116 ns/op

WorkloadWarmup   1: 498240 op, 1003615423.00 ns, 2.0143 us/op
WorkloadWarmup   2: 498240 op, 1004316455.00 ns, 2.0157 us/op
WorkloadWarmup   3: 498240 op, 1000731666.00 ns, 2.0085 us/op
WorkloadWarmup   4: 498240 op, 999431072.00 ns, 2.0059 us/op
WorkloadWarmup   5: 498240 op, 1000808235.00 ns, 2.0087 us/op
WorkloadWarmup   6: 498240 op, 998570688.00 ns, 2.0042 us/op

// BeforeActualRun
WorkloadActual   1: 498240 op, 1004007430.00 ns, 2.0151 us/op
WorkloadActual   2: 498240 op, 998831099.00 ns, 2.0047 us/op
WorkloadActual   3: 498240 op, 1000174873.00 ns, 2.0074 us/op
WorkloadActual   4: 498240 op, 998991034.00 ns, 2.0050 us/op
WorkloadActual   5: 498240 op, 999129894.00 ns, 2.0053 us/op
WorkloadActual   6: 498240 op, 997775883.00 ns, 2.0026 us/op
WorkloadActual   7: 498240 op, 997245544.00 ns, 2.0015 us/op
WorkloadActual   8: 498240 op, 996587508.00 ns, 2.0002 us/op
WorkloadActual   9: 498240 op, 997495357.00 ns, 2.0020 us/op
WorkloadActual  10: 498240 op, 999000354.00 ns, 2.0051 us/op
WorkloadActual  11: 498240 op, 999179664.00 ns, 2.0054 us/op
WorkloadActual  12: 498240 op, 998620920.00 ns, 2.0043 us/op
WorkloadActual  13: 498240 op, 997657154.00 ns, 2.0024 us/op
WorkloadActual  14: 498240 op, 998247133.00 ns, 2.0035 us/op
WorkloadActual  15: 498240 op, 1000455768.00 ns, 2.0080 us/op

// AfterActualRun
WorkloadResult   1: 498240 op, 1002310989.00 ns, 2.0117 us/op
WorkloadResult   2: 498240 op, 997134658.00 ns, 2.0013 us/op
WorkloadResult   3: 498240 op, 998478432.00 ns, 2.0040 us/op
WorkloadResult   4: 498240 op, 997294593.00 ns, 2.0016 us/op
WorkloadResult   5: 498240 op, 997433453.00 ns, 2.0019 us/op
WorkloadResult   6: 498240 op, 996079442.00 ns, 1.9992 us/op
WorkloadResult   7: 498240 op, 995549103.00 ns, 1.9981 us/op
WorkloadResult   8: 498240 op, 994891067.00 ns, 1.9968 us/op
WorkloadResult   9: 498240 op, 995798916.00 ns, 1.9986 us/op
WorkloadResult  10: 498240 op, 997303913.00 ns, 2.0017 us/op
WorkloadResult  11: 498240 op, 997483223.00 ns, 2.0020 us/op
WorkloadResult  12: 498240 op, 996924479.00 ns, 2.0009 us/op
WorkloadResult  13: 498240 op, 995960713.00 ns, 1.9990 us/op
WorkloadResult  14: 498240 op, 996550692.00 ns, 2.0001 us/op
WorkloadResult  15: 498240 op, 998759327.00 ns, 2.0046 us/op

// AfterAll
// Benchmark Process 4067291 has exited with code 0.

Mean = 2.001 μs, StdErr = 0.001 μs (0.05%), N = 15, StdDev = 0.004 μs
Min = 1.997 μs, Q1 = 1.999 μs, Median = 2.001 μs, Q3 = 2.002 μs, Max = 2.012 μs
IQR = 0.003 μs, LowerFence = 1.995 μs, UpperFence = 2.006 μs
ConfidenceInterval = [1.998 μs; 2.005 μs] (CI 99.9%), Margin = 0.004 μs (0.19% of Mean)
Skewness = 1.41, Kurtosis = 5.05, MValue = 2

// ** Remained 16 (53.3%) benchmark(s) to run. Estimated finish 2025-12-31 22:01 (0h 7m from now) **
// **************************
// Benchmark: JsonSerializationBenchmarks.SpanJson_Deserialize_Small: Overhead-Fixed-NoEnergy-9(OutlierMode=DontRemove, IterationCount=15, IterationTime=1s, LaunchCount=1, WarmupCount=6)
// *** Execute ***
// Launch: 1 / 1
// Execute: dotnet Serialization.Bench-Overhead-Fixed-NoEnergy-9-1.dll --anonymousPipes 103 104 --benchmarkName Serialization.Bench.JsonSerializationBenchmarks.SpanJson_Deserialize_Small --job Overhead-Fixed-NoEnergy-9 --benchmarkId 14 in /home/test/rapl-tests/lib-energy-bench/src/Serialization.Bench/bin/Release/net8.0/Serialization.Bench-Overhead-Fixed-NoEnergy-9-1/bin/Release/net8.0
// BeforeAnythingElse

// Benchmark Process Environment Information:
// BenchmarkDotNet v0.15.5-develop (2025-12-31)
// Runtime=.NET 8.0.21 (8.0.21, 8.0.2125.47513), X64 RyuJIT x86-64-v4
// GC=Concurrent Workstation
// HardwareIntrinsics=AVX512 IFMA+VBMI,AVX512 F+BW+CD+DQ+VL,AVX2+BMI1+BMI2+F16C+FMA+LZCNT+MOVBE,AVX,SSE3+SSSE3+SSE4.1+SSE4.2+POPCNT,X86Base+SSE+SSE2,AES+PCLMUL VectorSize=256
// Job: Overhead-Fixed-NoEnergy-9(OutlierMode=DontRemove, IterationCount=15, IterationTime=1s, LaunchCount=1, WarmupCount=6)

OverheadJitting  1: 1 op, 142125.00 ns, 142.1250 us/op
WorkloadJitting  1: 1 op, 60193155.00 ns, 60.1932 ms/op

OverheadJitting  2: 16 op, 390927.00 ns, 24.4329 us/op
WorkloadJitting  2: 16 op, 428678.00 ns, 26.7924 us/op

WorkloadPilot    1: 16 op, 37202.00 ns, 2.3251 us/op
WorkloadPilot    2: 430096 op, 523161929.00 ns, 1.2164 us/op
WorkloadPilot    3: 822112 op, 964494705.00 ns, 1.1732 us/op
WorkloadPilot    4: 852384 op, 995428009.00 ns, 1.1678 us/op
WorkloadPilot    5: 856304 op, 998672296.00 ns, 1.1663 us/op
WorkloadPilot    6: 857456 op, 1001659734.00 ns, 1.1682 us/op
WorkloadPilot    7: 856048 op, 1001778146.00 ns, 1.1702 us/op
WorkloadPilot    8: 854544 op, 999443281.00 ns, 1.1696 us/op
WorkloadPilot    9: 855024 op, 1000266732.00 ns, 1.1699 us/op

OverheadWarmup   1: 855024 op, 2911080.00 ns, 3.4047 ns/op
OverheadWarmup   2: 855024 op, 2910283.00 ns, 3.4037 ns/op
OverheadWarmup   3: 855024 op, 2965779.00 ns, 3.4687 ns/op
OverheadWarmup   4: 855024 op, 2963617.00 ns, 3.4661 ns/op
OverheadWarmup   5: 855024 op, 2965352.00 ns, 3.4682 ns/op
OverheadWarmup   6: 855024 op, 2961934.00 ns, 3.4642 ns/op

OverheadActual   1: 855024 op, 2909605.00 ns, 3.4030 ns/op
OverheadActual   2: 855024 op, 2901671.00 ns, 3.3937 ns/op
OverheadActual   3: 855024 op, 2906630.00 ns, 3.3995 ns/op
OverheadActual   4: 855024 op, 2904851.00 ns, 3.3974 ns/op
OverheadActual   5: 855024 op, 2902875.00 ns, 3.3951 ns/op
OverheadActual   6: 855024 op, 2903958.00 ns, 3.3963 ns/op
OverheadActual   7: 855024 op, 2903820.00 ns, 3.3962 ns/op
OverheadActual   8: 855024 op, 2902990.00 ns, 3.3952 ns/op
OverheadActual   9: 855024 op, 2905250.00 ns, 3.3979 ns/op
OverheadActual  10: 855024 op, 2903654.00 ns, 3.3960 ns/op
OverheadActual  11: 855024 op, 2904596.00 ns, 3.3971 ns/op
OverheadActual  12: 855024 op, 2903715.00 ns, 3.3961 ns/op
OverheadActual  13: 855024 op, 2903820.00 ns, 3.3962 ns/op
OverheadActual  14: 855024 op, 2903866.00 ns, 3.3962 ns/op
OverheadActual  15: 855024 op, 2905939.00 ns, 3.3987 ns/op

WorkloadWarmup   1: 855024 op, 1001389803.00 ns, 1.1712 us/op
WorkloadWarmup   2: 855024 op, 1001052145.00 ns, 1.1708 us/op
WorkloadWarmup   3: 855024 op, 1001585079.00 ns, 1.1714 us/op
WorkloadWarmup   4: 855024 op, 999852838.00 ns, 1.1694 us/op
WorkloadWarmup   5: 855024 op, 1001101785.00 ns, 1.1708 us/op
WorkloadWarmup   6: 855024 op, 1000323999.00 ns, 1.1699 us/op

// BeforeActualRun
WorkloadActual   1: 855024 op, 999439739.00 ns, 1.1689 us/op
WorkloadActual   2: 855024 op, 999163343.00 ns, 1.1686 us/op
WorkloadActual   3: 855024 op, 1000492876.00 ns, 1.1701 us/op
WorkloadActual   4: 855024 op, 1001824520.00 ns, 1.1717 us/op
WorkloadActual   5: 855024 op, 1000221565.00 ns, 1.1698 us/op
WorkloadActual   6: 855024 op, 1000031393.00 ns, 1.1696 us/op
WorkloadActual   7: 855024 op, 1002475452.00 ns, 1.1725 us/op
WorkloadActual   8: 855024 op, 999711359.00 ns, 1.1692 us/op
WorkloadActual   9: 855024 op, 1001344431.00 ns, 1.1711 us/op
WorkloadActual  10: 855024 op, 1001548348.00 ns, 1.1714 us/op
WorkloadActual  11: 855024 op, 999910736.00 ns, 1.1695 us/op
WorkloadActual  12: 855024 op, 1006294705.00 ns, 1.1769 us/op
WorkloadActual  13: 855024 op, 1006347182.00 ns, 1.1770 us/op
WorkloadActual  14: 855024 op, 999947934.00 ns, 1.1695 us/op
WorkloadActual  15: 855024 op, 1000670690.00 ns, 1.1703 us/op

// AfterActualRun
WorkloadResult   1: 855024 op, 996535873.00 ns, 1.1655 us/op
WorkloadResult   2: 855024 op, 996259477.00 ns, 1.1652 us/op
WorkloadResult   3: 855024 op, 997589010.00 ns, 1.1667 us/op
WorkloadResult   4: 855024 op, 998920654.00 ns, 1.1683 us/op
WorkloadResult   5: 855024 op, 997317699.00 ns, 1.1664 us/op
WorkloadResult   6: 855024 op, 997127527.00 ns, 1.1662 us/op
WorkloadResult   7: 855024 op, 999571586.00 ns, 1.1691 us/op
WorkloadResult   8: 855024 op, 996807493.00 ns, 1.1658 us/op
WorkloadResult   9: 855024 op, 998440565.00 ns, 1.1677 us/op
WorkloadResult  10: 855024 op, 998644482.00 ns, 1.1680 us/op
WorkloadResult  11: 855024 op, 997006870.00 ns, 1.1661 us/op
WorkloadResult  12: 855024 op, 1003390839.00 ns, 1.1735 us/op
WorkloadResult  13: 855024 op, 1003443316.00 ns, 1.1736 us/op
WorkloadResult  14: 855024 op, 997044068.00 ns, 1.1661 us/op
WorkloadResult  15: 855024 op, 997766824.00 ns, 1.1669 us/op

// AfterAll
// Benchmark Process 4067308 has exited with code 0.

Mean = 1.168 μs, StdErr = 0.001 μs (0.06%), N = 15, StdDev = 0.003 μs
Min = 1.165 μs, Q1 = 1.166 μs, Median = 1.167 μs, Q3 = 1.168 μs, Max = 1.174 μs
IQR = 0.002 μs, LowerFence = 1.163 μs, UpperFence = 1.171 μs
ConfidenceInterval = [1.165 μs; 1.170 μs] (CI 99.9%), Margin = 0.003 μs (0.24% of Mean)
Skewness = 1.34, Kurtosis = 3.52, MValue = 2

// ** Remained 15 (50.0%) benchmark(s) to run. Estimated finish 2025-12-31 22:01 (0h 6m from now) **
// **************************
// Benchmark: JsonSerializationBenchmarks.STJ_Serialize_Large: Overhead-Fixed-NoEnergy-9(OutlierMode=DontRemove, IterationCount=15, IterationTime=1s, LaunchCount=1, WarmupCount=6)
// *** Execute ***
// Launch: 1 / 1
// Execute: dotnet Serialization.Bench-Overhead-Fixed-NoEnergy-9-1.dll --anonymousPipes 103 104 --benchmarkName Serialization.Bench.JsonSerializationBenchmarks.STJ_Serialize_Large --job Overhead-Fixed-NoEnergy-9 --benchmarkId 15 in /home/test/rapl-tests/lib-energy-bench/src/Serialization.Bench/bin/Release/net8.0/Serialization.Bench-Overhead-Fixed-NoEnergy-9-1/bin/Release/net8.0
// BeforeAnythingElse

// Benchmark Process Environment Information:
// BenchmarkDotNet v0.15.5-develop (2025-12-31)
// Runtime=.NET 8.0.21 (8.0.21, 8.0.2125.47513), X64 RyuJIT x86-64-v4
// GC=Concurrent Workstation
// HardwareIntrinsics=AVX512 IFMA+VBMI,AVX512 F+BW+CD+DQ+VL,AVX2+BMI1+BMI2+F16C+FMA+LZCNT+MOVBE,AVX,SSE3+SSSE3+SSE4.1+SSE4.2+POPCNT,X86Base+SSE+SSE2,AES+PCLMUL VectorSize=256
// Job: Overhead-Fixed-NoEnergy-9(OutlierMode=DontRemove, IterationCount=15, IterationTime=1s, LaunchCount=1, WarmupCount=6)

OverheadJitting  1: 1 op, 135575.00 ns, 135.5750 us/op
WorkloadJitting  1: 1 op, 8158951.00 ns, 8.1590 ms/op

OverheadJitting  2: 16 op, 352075.00 ns, 22.0047 us/op
WorkloadJitting  2: 16 op, 6241170.00 ns, 390.0731 us/op

WorkloadPilot    1: 16 op, 5965893.00 ns, 372.8683 us/op
WorkloadPilot    2: 2688 op, 747852912.00 ns, 278.2191 us/op
WorkloadPilot    3: 3600 op, 664888166.00 ns, 184.6912 us/op
WorkloadPilot    4: 5424 op, 993463044.00 ns, 183.1606 us/op
WorkloadPilot    5: 5472 op, 1021992079.00 ns, 186.7676 us/op
WorkloadPilot    6: 5360 op, 985228743.00 ns, 183.8113 us/op
WorkloadPilot    7: 5440 op, 1002359543.00 ns, 184.2573 us/op

OverheadWarmup   1: 5440 op, 19572.00 ns, 3.5978 ns/op
OverheadWarmup   2: 5440 op, 18723.00 ns, 3.4417 ns/op
OverheadWarmup   3: 5440 op, 18707.00 ns, 3.4388 ns/op
OverheadWarmup   4: 5440 op, 19029.00 ns, 3.4980 ns/op
OverheadWarmup   5: 5440 op, 22891.00 ns, 4.2079 ns/op
OverheadWarmup   6: 5440 op, 18700.00 ns, 3.4375 ns/op
OverheadWarmup   7: 5440 op, 18655.00 ns, 3.4292 ns/op
OverheadWarmup   8: 5440 op, 19032.00 ns, 3.4985 ns/op
OverheadWarmup   9: 5440 op, 18642.00 ns, 3.4268 ns/op

OverheadActual   1: 5440 op, 19178.00 ns, 3.5254 ns/op
OverheadActual   2: 5440 op, 18775.00 ns, 3.4513 ns/op
OverheadActual   3: 5440 op, 19180.00 ns, 3.5257 ns/op
OverheadActual   4: 5440 op, 19098.00 ns, 3.5107 ns/op
OverheadActual   5: 5440 op, 18639.00 ns, 3.4263 ns/op
OverheadActual   6: 5440 op, 19048.00 ns, 3.5015 ns/op
OverheadActual   7: 5440 op, 18689.00 ns, 3.4355 ns/op
OverheadActual   8: 5440 op, 19035.00 ns, 3.4991 ns/op
OverheadActual   9: 5440 op, 19094.00 ns, 3.5099 ns/op
OverheadActual  10: 5440 op, 19042.00 ns, 3.5004 ns/op
OverheadActual  11: 5440 op, 19056.00 ns, 3.5029 ns/op
OverheadActual  12: 5440 op, 18704.00 ns, 3.4382 ns/op
OverheadActual  13: 5440 op, 18733.00 ns, 3.4436 ns/op
OverheadActual  14: 5440 op, 19894.00 ns, 3.6570 ns/op
OverheadActual  15: 5440 op, 19091.00 ns, 3.5094 ns/op

WorkloadWarmup   1: 5440 op, 1037658747.00 ns, 190.7461 us/op
WorkloadWarmup   2: 5440 op, 1009686029.00 ns, 185.6040 us/op
WorkloadWarmup   3: 5440 op, 1004549019.00 ns, 184.6597 us/op
WorkloadWarmup   4: 5440 op, 1008421980.00 ns, 185.3717 us/op
WorkloadWarmup   5: 5440 op, 1001841118.00 ns, 184.1620 us/op
WorkloadWarmup   6: 5440 op, 1000640406.00 ns, 183.9413 us/op

// BeforeActualRun
WorkloadActual   1: 5440 op, 1000890751.00 ns, 183.9873 us/op
WorkloadActual   2: 5440 op, 1000774491.00 ns, 183.9659 us/op
WorkloadActual   3: 5440 op, 1003046658.00 ns, 184.3836 us/op
WorkloadActual   4: 5440 op, 1003407731.00 ns, 184.4500 us/op
WorkloadActual   5: 5440 op, 1000675081.00 ns, 183.9476 us/op
WorkloadActual   6: 5440 op, 1000968295.00 ns, 184.0015 us/op
WorkloadActual   7: 5440 op, 1002802856.00 ns, 184.3388 us/op
WorkloadActual   8: 5440 op, 1002523794.00 ns, 184.2875 us/op
WorkloadActual   9: 5440 op, 1005318452.00 ns, 184.8012 us/op
WorkloadActual  10: 5440 op, 1005464508.00 ns, 184.8280 us/op
WorkloadActual  11: 5440 op, 1003053548.00 ns, 184.3848 us/op
WorkloadActual  12: 5440 op, 1001739900.00 ns, 184.1434 us/op
WorkloadActual  13: 5440 op, 1002076636.00 ns, 184.2053 us/op
WorkloadActual  14: 5440 op, 1000164161.00 ns, 183.8537 us/op
WorkloadActual  15: 5440 op, 1002208223.00 ns, 184.2295 us/op

// AfterActualRun
WorkloadResult   1: 5440 op, 1000871703.00 ns, 183.9838 us/op
WorkloadResult   2: 5440 op, 1000755443.00 ns, 183.9624 us/op
WorkloadResult   3: 5440 op, 1003027610.00 ns, 184.3801 us/op
WorkloadResult   4: 5440 op, 1003388683.00 ns, 184.4464 us/op
WorkloadResult   5: 5440 op, 1000656033.00 ns, 183.9441 us/op
WorkloadResult   6: 5440 op, 1000949247.00 ns, 183.9980 us/op
WorkloadResult   7: 5440 op, 1002783808.00 ns, 184.3353 us/op
WorkloadResult   8: 5440 op, 1002504746.00 ns, 184.2840 us/op
WorkloadResult   9: 5440 op, 1005299404.00 ns, 184.7977 us/op
WorkloadResult  10: 5440 op, 1005445460.00 ns, 184.8245 us/op
WorkloadResult  11: 5440 op, 1003034500.00 ns, 184.3813 us/op
WorkloadResult  12: 5440 op, 1001720852.00 ns, 184.1399 us/op
WorkloadResult  13: 5440 op, 1002057588.00 ns, 184.2018 us/op
WorkloadResult  14: 5440 op, 1000145113.00 ns, 183.8502 us/op
WorkloadResult  15: 5440 op, 1002189175.00 ns, 184.2260 us/op

// AfterAll
// Benchmark Process 4067322 has exited with code 0.

Mean = 184.250 μs, StdErr = 0.075 μs (0.04%), N = 15, StdDev = 0.292 μs
Min = 183.850 μs, Q1 = 183.991 μs, Median = 184.226 μs, Q3 = 184.381 μs, Max = 184.825 μs
IQR = 0.390 μs, LowerFence = 183.406 μs, UpperFence = 184.965 μs
ConfidenceInterval = [183.938 μs; 184.563 μs] (CI 99.9%), Margin = 0.313 μs (0.17% of Mean)
Skewness = 0.57, Kurtosis = 2.29, MValue = 2

// ** Remained 14 (46.7%) benchmark(s) to run. Estimated finish 2025-12-31 22:01 (0h 6m from now) **
// **************************
// Benchmark: JsonSerializationBenchmarks.Newtonsoft_Serialize_Large: Overhead-Fixed-NoEnergy-9(OutlierMode=DontRemove, IterationCount=15, IterationTime=1s, LaunchCount=1, WarmupCount=6)
// *** Execute ***
// Launch: 1 / 1
// Execute: dotnet Serialization.Bench-Overhead-Fixed-NoEnergy-9-1.dll --anonymousPipes 103 104 --benchmarkName Serialization.Bench.JsonSerializationBenchmarks.Newtonsoft_Serialize_Large --job Overhead-Fixed-NoEnergy-9 --benchmarkId 16 in /home/test/rapl-tests/lib-energy-bench/src/Serialization.Bench/bin/Release/net8.0/Serialization.Bench-Overhead-Fixed-NoEnergy-9-1/bin/Release/net8.0
// BeforeAnythingElse

// Benchmark Process Environment Information:
// BenchmarkDotNet v0.15.5-develop (2025-12-31)
// Runtime=.NET 8.0.21 (8.0.21, 8.0.2125.47513), X64 RyuJIT x86-64-v4
// GC=Concurrent Workstation
// HardwareIntrinsics=AVX512 IFMA+VBMI,AVX512 F+BW+CD+DQ+VL,AVX2+BMI1+BMI2+F16C+FMA+LZCNT+MOVBE,AVX,SSE3+SSSE3+SSE4.1+SSE4.2+POPCNT,X86Base+SSE+SSE2,AES+PCLMUL VectorSize=256
// Job: Overhead-Fixed-NoEnergy-9(OutlierMode=DontRemove, IterationCount=15, IterationTime=1s, LaunchCount=1, WarmupCount=6)

OverheadJitting  1: 1 op, 135194.00 ns, 135.1940 us/op
WorkloadJitting  1: 1 op, 50737405.00 ns, 50.7374 ms/op

OverheadJitting  2: 16 op, 365739.00 ns, 22.8587 us/op
WorkloadJitting  2: 16 op, 16058452.00 ns, 1.0037 ms/op

WorkloadPilot    1: 16 op, 15376941.00 ns, 961.0588 us/op
WorkloadPilot    2: 1056 op, 454690689.00 ns, 430.5783 us/op
WorkloadPilot    3: 2336 op, 692370717.00 ns, 296.3916 us/op
WorkloadPilot    4: 3376 op, 1005047027.00 ns, 297.7035 us/op
WorkloadPilot    5: 3360 op, 998209736.00 ns, 297.0862 us/op
WorkloadPilot    6: 3376 op, 1007679392.00 ns, 298.4832 us/op
WorkloadPilot    7: 3360 op, 999365531.00 ns, 297.4302 us/op
WorkloadPilot    8: 3376 op, 1004716152.00 ns, 297.6055 us/op

OverheadWarmup   1: 3376 op, 12588.00 ns, 3.7287 ns/op
OverheadWarmup   2: 3376 op, 11758.00 ns, 3.4828 ns/op
OverheadWarmup   3: 3376 op, 11762.00 ns, 3.4840 ns/op
OverheadWarmup   4: 3376 op, 11742.00 ns, 3.4781 ns/op
OverheadWarmup   5: 3376 op, 11725.00 ns, 3.4730 ns/op
OverheadWarmup   6: 3376 op, 11743.00 ns, 3.4784 ns/op
OverheadWarmup   7: 3376 op, 11742.00 ns, 3.4781 ns/op

OverheadActual   1: 3376 op, 13611.00 ns, 4.0317 ns/op
OverheadActual   2: 3376 op, 11844.00 ns, 3.5083 ns/op
OverheadActual   3: 3376 op, 11872.00 ns, 3.5166 ns/op
OverheadActual   4: 3376 op, 11768.00 ns, 3.4858 ns/op
OverheadActual   5: 3376 op, 11726.00 ns, 3.4733 ns/op
OverheadActual   6: 3376 op, 11723.00 ns, 3.4725 ns/op
OverheadActual   7: 3376 op, 11749.00 ns, 3.4802 ns/op
OverheadActual   8: 3376 op, 11731.00 ns, 3.4748 ns/op
OverheadActual   9: 3376 op, 11727.00 ns, 3.4736 ns/op
OverheadActual  10: 3376 op, 11687.00 ns, 3.4618 ns/op
OverheadActual  11: 3376 op, 11687.00 ns, 3.4618 ns/op
OverheadActual  12: 3376 op, 12136.00 ns, 3.5948 ns/op
OverheadActual  13: 3376 op, 12302.00 ns, 3.6440 ns/op
OverheadActual  14: 3376 op, 12001.00 ns, 3.5548 ns/op
OverheadActual  15: 3376 op, 11977.00 ns, 3.5477 ns/op

WorkloadWarmup   1: 3376 op, 1004531969.00 ns, 297.5509 us/op
WorkloadWarmup   2: 3376 op, 1002866772.00 ns, 297.0577 us/op
WorkloadWarmup   3: 3376 op, 1004569786.00 ns, 297.5621 us/op
WorkloadWarmup   4: 3376 op, 1002313616.00 ns, 296.8938 us/op
WorkloadWarmup   5: 3376 op, 1001670960.00 ns, 296.7035 us/op
WorkloadWarmup   6: 3376 op, 1002319694.00 ns, 296.8956 us/op

// BeforeActualRun
WorkloadActual   1: 3376 op, 1002872338.00 ns, 297.0593 us/op
WorkloadActual   2: 3376 op, 1001516661.00 ns, 296.6578 us/op
WorkloadActual   3: 3376 op, 1001975383.00 ns, 296.7937 us/op
WorkloadActual   4: 3376 op, 1003452332.00 ns, 297.2311 us/op
WorkloadActual   5: 3376 op, 1002512018.00 ns, 296.9526 us/op
WorkloadActual   6: 3376 op, 1002427159.00 ns, 296.9275 us/op
WorkloadActual   7: 3376 op, 1001680823.00 ns, 296.7064 us/op
WorkloadActual   8: 3376 op, 1003285399.00 ns, 297.1817 us/op
WorkloadActual   9: 3376 op, 1002540861.00 ns, 296.9612 us/op
WorkloadActual  10: 3376 op, 1004281098.00 ns, 297.4766 us/op
WorkloadActual  11: 3376 op, 1001384342.00 ns, 296.6186 us/op
WorkloadActual  12: 3376 op, 1003177099.00 ns, 297.1496 us/op
WorkloadActual  13: 3376 op, 1002104095.00 ns, 296.8318 us/op
WorkloadActual  14: 3376 op, 1002656994.00 ns, 296.9956 us/op
WorkloadActual  15: 3376 op, 1002274522.00 ns, 296.8823 us/op

// AfterActualRun
WorkloadResult   1: 3376 op, 1002860570.00 ns, 297.0559 us/op
WorkloadResult   2: 3376 op, 1001504893.00 ns, 296.6543 us/op
WorkloadResult   3: 3376 op, 1001963615.00 ns, 296.7902 us/op
WorkloadResult   4: 3376 op, 1003440564.00 ns, 297.2277 us/op
WorkloadResult   5: 3376 op, 1002500250.00 ns, 296.9491 us/op
WorkloadResult   6: 3376 op, 1002415391.00 ns, 296.9240 us/op
WorkloadResult   7: 3376 op, 1001669055.00 ns, 296.7029 us/op
WorkloadResult   8: 3376 op, 1003273631.00 ns, 297.1782 us/op
WorkloadResult   9: 3376 op, 1002529093.00 ns, 296.9577 us/op
WorkloadResult  10: 3376 op, 1004269330.00 ns, 297.4731 us/op
WorkloadResult  11: 3376 op, 1001372574.00 ns, 296.6151 us/op
WorkloadResult  12: 3376 op, 1003165331.00 ns, 297.1461 us/op
WorkloadResult  13: 3376 op, 1002092327.00 ns, 296.8283 us/op
WorkloadResult  14: 3376 op, 1002645226.00 ns, 296.9921 us/op
WorkloadResult  15: 3376 op, 1002262754.00 ns, 296.8788 us/op

// AfterAll
// Benchmark Process 4067341 has exited with code 0.

Mean = 296.958 μs, StdErr = 0.060 μs (0.02%), N = 15, StdDev = 0.233 μs
Min = 296.615 μs, Q1 = 296.809 μs, Median = 296.949 μs, Q3 = 297.101 μs, Max = 297.473 μs
IQR = 0.292 μs, LowerFence = 296.372 μs, UpperFence = 297.539 μs
ConfidenceInterval = [296.709 μs; 297.207 μs] (CI 99.9%), Margin = 0.249 μs (0.08% of Mean)
Skewness = 0.43, Kurtosis = 2.42, MValue = 2

// ** Remained 13 (43.3%) benchmark(s) to run. Estimated finish 2025-12-31 22:01 (0h 5m from now) **
// **************************
// Benchmark: JsonSerializationBenchmarks.Jil_Serialize_Large: Overhead-Fixed-NoEnergy-9(OutlierMode=DontRemove, IterationCount=15, IterationTime=1s, LaunchCount=1, WarmupCount=6)
// *** Execute ***
// Launch: 1 / 1
// Execute: dotnet Serialization.Bench-Overhead-Fixed-NoEnergy-9-1.dll --anonymousPipes 103 104 --benchmarkName Serialization.Bench.JsonSerializationBenchmarks.Jil_Serialize_Large --job Overhead-Fixed-NoEnergy-9 --benchmarkId 17 in /home/test/rapl-tests/lib-energy-bench/src/Serialization.Bench/bin/Release/net8.0/Serialization.Bench-Overhead-Fixed-NoEnergy-9-1/bin/Release/net8.0
// BeforeAnythingElse

// Benchmark Process Environment Information:
// BenchmarkDotNet v0.15.5-develop (2025-12-31)
// Runtime=.NET 8.0.21 (8.0.21, 8.0.2125.47513), X64 RyuJIT x86-64-v4
// GC=Concurrent Workstation
// HardwareIntrinsics=AVX512 IFMA+VBMI,AVX512 F+BW+CD+DQ+VL,AVX2+BMI1+BMI2+F16C+FMA+LZCNT+MOVBE,AVX,SSE3+SSSE3+SSE4.1+SSE4.2+POPCNT,X86Base+SSE+SSE2,AES+PCLMUL VectorSize=256
// Job: Overhead-Fixed-NoEnergy-9(OutlierMode=DontRemove, IterationCount=15, IterationTime=1s, LaunchCount=1, WarmupCount=6)

OverheadJitting  1: 1 op, 133879.00 ns, 133.8790 us/op
WorkloadJitting  1: 1 op, 157980913.00 ns, 157.9809 ms/op

WorkloadPilot    1: 4 op, 1617475.00 ns, 404.3688 us/op
WorkloadPilot    2: 2473 op, 783516245.00 ns, 316.8282 us/op
WorkloadPilot    3: 3156 op, 900104033.00 ns, 285.2041 us/op
WorkloadPilot    4: 3506 op, 1000910962.00 ns, 285.4852 us/op
WorkloadPilot    5: 3503 op, 999864535.00 ns, 285.4309 us/op

WorkloadWarmup   1: 3503 op, 1001655375.00 ns, 285.9422 us/op
WorkloadWarmup   2: 3503 op, 1000125415.00 ns, 285.5054 us/op
WorkloadWarmup   3: 3503 op, 1002766284.00 ns, 286.2593 us/op
WorkloadWarmup   4: 3503 op, 1000649347.00 ns, 285.6550 us/op
WorkloadWarmup   5: 3503 op, 999879271.00 ns, 285.4351 us/op
WorkloadWarmup   6: 3503 op, 999560635.00 ns, 285.3442 us/op

// BeforeActualRun
WorkloadActual   1: 3503 op, 1001160099.00 ns, 285.8008 us/op
WorkloadActual   2: 3503 op, 1000241686.00 ns, 285.5386 us/op
WorkloadActual   3: 3503 op, 999024651.00 ns, 285.1912 us/op
WorkloadActual   4: 3503 op, 999235959.00 ns, 285.2515 us/op
WorkloadActual   5: 3503 op, 999529601.00 ns, 285.3353 us/op
WorkloadActual   6: 3503 op, 998727814.00 ns, 285.1064 us/op
WorkloadActual   7: 3503 op, 997849081.00 ns, 284.8556 us/op
WorkloadActual   8: 3503 op, 997928754.00 ns, 284.8783 us/op
WorkloadActual   9: 3503 op, 997525144.00 ns, 284.7631 us/op
WorkloadActual  10: 3503 op, 997772767.00 ns, 284.8338 us/op
WorkloadActual  11: 3503 op, 997531377.00 ns, 284.7649 us/op
WorkloadActual  12: 3503 op, 998279110.00 ns, 284.9783 us/op
WorkloadActual  13: 3503 op, 998026735.00 ns, 284.9063 us/op
WorkloadActual  14: 3503 op, 998003958.00 ns, 284.8998 us/op
WorkloadActual  15: 3503 op, 998341030.00 ns, 284.9960 us/op

// AfterActualRun
WorkloadResult   1: 3503 op, 1001160099.00 ns, 285.8008 us/op
WorkloadResult   2: 3503 op, 1000241686.00 ns, 285.5386 us/op
WorkloadResult   3: 3503 op, 999024651.00 ns, 285.1912 us/op
WorkloadResult   4: 3503 op, 999235959.00 ns, 285.2515 us/op
WorkloadResult   5: 3503 op, 999529601.00 ns, 285.3353 us/op
WorkloadResult   6: 3503 op, 998727814.00 ns, 285.1064 us/op
WorkloadResult   7: 3503 op, 997849081.00 ns, 284.8556 us/op
WorkloadResult   8: 3503 op, 997928754.00 ns, 284.8783 us/op
WorkloadResult   9: 3503 op, 997525144.00 ns, 284.7631 us/op
WorkloadResult  10: 3503 op, 997772767.00 ns, 284.8338 us/op
WorkloadResult  11: 3503 op, 997531377.00 ns, 284.7649 us/op
WorkloadResult  12: 3503 op, 998279110.00 ns, 284.9783 us/op
WorkloadResult  13: 3503 op, 998026735.00 ns, 284.9063 us/op
WorkloadResult  14: 3503 op, 998003958.00 ns, 284.8998 us/op
WorkloadResult  15: 3503 op, 998341030.00 ns, 284.9960 us/op

// AfterAll
// Benchmark Process 4067361 has exited with code 0.

Mean = 285.073 μs, StdErr = 0.078 μs (0.03%), N = 15, StdDev = 0.301 μs
Min = 284.763 μs, Q1 = 284.867 μs, Median = 284.978 μs, Q3 = 285.221 μs, Max = 285.801 μs
IQR = 0.354 μs, LowerFence = 284.335 μs, UpperFence = 285.753 μs
ConfidenceInterval = [284.752 μs; 285.395 μs] (CI 99.9%), Margin = 0.322 μs (0.11% of Mean)
Skewness = 1, Kurtosis = 2.92, MValue = 2

// ** Remained 12 (40.0%) benchmark(s) to run. Estimated finish 2025-12-31 22:01 (0h 5m from now) **
// **************************
// Benchmark: JsonSerializationBenchmarks.Utf8Json_Serialize_Large: Overhead-Fixed-NoEnergy-9(OutlierMode=DontRemove, IterationCount=15, IterationTime=1s, LaunchCount=1, WarmupCount=6)
// *** Execute ***
// Launch: 1 / 1
// Execute: dotnet Serialization.Bench-Overhead-Fixed-NoEnergy-9-1.dll --anonymousPipes 103 104 --benchmarkName Serialization.Bench.JsonSerializationBenchmarks.Utf8Json_Serialize_Large --job Overhead-Fixed-NoEnergy-9 --benchmarkId 18 in /home/test/rapl-tests/lib-energy-bench/src/Serialization.Bench/bin/Release/net8.0/Serialization.Bench-Overhead-Fixed-NoEnergy-9-1/bin/Release/net8.0
// BeforeAnythingElse

// Benchmark Process Environment Information:
// BenchmarkDotNet v0.15.5-develop (2025-12-31)
// Runtime=.NET 8.0.21 (8.0.21, 8.0.2125.47513), X64 RyuJIT x86-64-v4
// GC=Concurrent Workstation
// HardwareIntrinsics=AVX512 IFMA+VBMI,AVX512 F+BW+CD+DQ+VL,AVX2+BMI1+BMI2+F16C+FMA+LZCNT+MOVBE,AVX,SSE3+SSSE3+SSE4.1+SSE4.2+POPCNT,X86Base+SSE+SSE2,AES+PCLMUL VectorSize=256
// Job: Overhead-Fixed-NoEnergy-9(OutlierMode=DontRemove, IterationCount=15, IterationTime=1s, LaunchCount=1, WarmupCount=6)

OverheadJitting  1: 1 op, 134101.00 ns, 134.1010 us/op
WorkloadJitting  1: 1 op, 56005714.00 ns, 56.0057 ms/op

OverheadJitting  2: 16 op, 362000.00 ns, 22.6250 us/op
WorkloadJitting  2: 16 op, 13893810.00 ns, 868.3631 us/op

WorkloadPilot    1: 16 op, 12628165.00 ns, 789.2603 us/op
WorkloadPilot    2: 1280 op, 507912543.00 ns, 396.8067 us/op
WorkloadPilot    3: 2528 op, 737510370.00 ns, 291.7367 us/op
WorkloadPilot    4: 3440 op, 1000316396.00 ns, 290.7897 us/op

OverheadWarmup   1: 3440 op, 13050.00 ns, 3.7936 ns/op
OverheadWarmup   2: 3440 op, 11966.00 ns, 3.4785 ns/op
OverheadWarmup   3: 3440 op, 11916.00 ns, 3.4640 ns/op
OverheadWarmup   4: 3440 op, 11965.00 ns, 3.4782 ns/op
OverheadWarmup   5: 3440 op, 12178.00 ns, 3.5401 ns/op
OverheadWarmup   6: 3440 op, 12255.00 ns, 3.5625 ns/op
OverheadWarmup   7: 3440 op, 12212.00 ns, 3.5500 ns/op
OverheadWarmup   8: 3440 op, 12182.00 ns, 3.5413 ns/op
OverheadWarmup   9: 3440 op, 12653.00 ns, 3.6782 ns/op
OverheadWarmup  10: 3440 op, 12195.00 ns, 3.5451 ns/op

OverheadActual   1: 3440 op, 16146.00 ns, 4.6936 ns/op
OverheadActual   2: 3440 op, 11995.00 ns, 3.4869 ns/op
OverheadActual   3: 3440 op, 12011.00 ns, 3.4916 ns/op
OverheadActual   4: 3440 op, 11983.00 ns, 3.4834 ns/op
OverheadActual   5: 3440 op, 12010.00 ns, 3.4913 ns/op
OverheadActual   6: 3440 op, 12282.00 ns, 3.5703 ns/op
OverheadActual   7: 3440 op, 12237.00 ns, 3.5573 ns/op
OverheadActual   8: 3440 op, 12205.00 ns, 3.5480 ns/op
OverheadActual   9: 3440 op, 12187.00 ns, 3.5427 ns/op
OverheadActual  10: 3440 op, 12615.00 ns, 3.6672 ns/op
OverheadActual  11: 3440 op, 12216.00 ns, 3.5512 ns/op
OverheadActual  12: 3440 op, 12223.00 ns, 3.5532 ns/op
OverheadActual  13: 3440 op, 11992.00 ns, 3.4860 ns/op
OverheadActual  14: 3440 op, 11989.00 ns, 3.4852 ns/op
OverheadActual  15: 3440 op, 12228.00 ns, 3.5547 ns/op
OverheadActual  16: 3440 op, 14424.00 ns, 4.1930 ns/op
OverheadActual  17: 3440 op, 11970.00 ns, 3.4797 ns/op
OverheadActual  18: 3440 op, 12180.00 ns, 3.5407 ns/op
OverheadActual  19: 3440 op, 12023.00 ns, 3.4951 ns/op
OverheadActual  20: 3440 op, 12219.00 ns, 3.5520 ns/op

WorkloadWarmup   1: 3440 op, 1006532360.00 ns, 292.5966 us/op
WorkloadWarmup   2: 3440 op, 1002867493.00 ns, 291.5312 us/op
WorkloadWarmup   3: 3440 op, 995515578.00 ns, 289.3941 us/op
WorkloadWarmup   4: 3440 op, 997182029.00 ns, 289.8785 us/op
WorkloadWarmup   5: 3440 op, 997795383.00 ns, 290.0568 us/op
WorkloadWarmup   6: 3440 op, 1000937639.00 ns, 290.9702 us/op

// BeforeActualRun
WorkloadActual   1: 3440 op, 1004095714.00 ns, 291.8883 us/op
WorkloadActual   2: 3440 op, 998524764.00 ns, 290.2688 us/op
WorkloadActual   3: 3440 op, 996142510.00 ns, 289.5763 us/op
WorkloadActual   4: 3440 op, 1000457746.00 ns, 290.8307 us/op
WorkloadActual   5: 3440 op, 993882590.00 ns, 288.9194 us/op
WorkloadActual   6: 3440 op, 994426863.00 ns, 289.0776 us/op
WorkloadActual   7: 3440 op, 994854630.00 ns, 289.2019 us/op
WorkloadActual   8: 3440 op, 995569647.00 ns, 289.4098 us/op
WorkloadActual   9: 3440 op, 995569932.00 ns, 289.4099 us/op
WorkloadActual  10: 3440 op, 992499540.00 ns, 288.5173 us/op
WorkloadActual  11: 3440 op, 989873215.00 ns, 287.7538 us/op
WorkloadActual  12: 3440 op, 991472862.00 ns, 288.2189 us/op
WorkloadActual  13: 3440 op, 992824998.00 ns, 288.6119 us/op
WorkloadActual  14: 3440 op, 993028212.00 ns, 288.6710 us/op
WorkloadActual  15: 3440 op, 995300439.00 ns, 289.3315 us/op

// AfterActualRun
WorkloadResult   1: 3440 op, 1004083518.00 ns, 291.8847 us/op
WorkloadResult   2: 3440 op, 998512568.00 ns, 290.2653 us/op
WorkloadResult   3: 3440 op, 996130314.00 ns, 289.5728 us/op
WorkloadResult   4: 3440 op, 1000445550.00 ns, 290.8272 us/op
WorkloadResult   5: 3440 op, 993870394.00 ns, 288.9158 us/op
WorkloadResult   6: 3440 op, 994414667.00 ns, 289.0740 us/op
WorkloadResult   7: 3440 op, 994842434.00 ns, 289.1984 us/op
WorkloadResult   8: 3440 op, 995557451.00 ns, 289.4062 us/op
WorkloadResult   9: 3440 op, 995557736.00 ns, 289.4063 us/op
WorkloadResult  10: 3440 op, 992487344.00 ns, 288.5138 us/op
WorkloadResult  11: 3440 op, 989861019.00 ns, 287.7503 us/op
WorkloadResult  12: 3440 op, 991460666.00 ns, 288.2153 us/op
WorkloadResult  13: 3440 op, 992812802.00 ns, 288.6084 us/op
WorkloadResult  14: 3440 op, 993016016.00 ns, 288.6674 us/op
WorkloadResult  15: 3440 op, 995288243.00 ns, 289.3280 us/op

// AfterAll
// Benchmark Process 4067377 has exited with code 0.

Mean = 289.309 μs, StdErr = 0.270 μs (0.09%), N = 15, StdDev = 1.046 μs
Min = 287.750 μs, Q1 = 288.638 μs, Median = 289.198 μs, Q3 = 289.490 μs, Max = 291.885 μs
IQR = 0.852 μs, LowerFence = 287.360 μs, UpperFence = 290.767 μs
ConfidenceInterval = [288.190 μs; 290.427 μs] (CI 99.9%), Margin = 1.119 μs (0.39% of Mean)
Skewness = 0.89, Kurtosis = 3.25, MValue = 2

// ** Remained 11 (36.7%) benchmark(s) to run. Estimated finish 2025-12-31 22:01 (0h 4m from now) **
// **************************
// Benchmark: JsonSerializationBenchmarks.SpanJson_Serialize_Large: Overhead-Fixed-NoEnergy-9(OutlierMode=DontRemove, IterationCount=15, IterationTime=1s, LaunchCount=1, WarmupCount=6)
// *** Execute ***
// Launch: 1 / 1
// Execute: dotnet Serialization.Bench-Overhead-Fixed-NoEnergy-9-1.dll --anonymousPipes 103 104 --benchmarkName Serialization.Bench.JsonSerializationBenchmarks.SpanJson_Serialize_Large --job Overhead-Fixed-NoEnergy-9 --benchmarkId 19 in /home/test/rapl-tests/lib-energy-bench/src/Serialization.Bench/bin/Release/net8.0/Serialization.Bench-Overhead-Fixed-NoEnergy-9-1/bin/Release/net8.0
// BeforeAnythingElse

// Benchmark Process Environment Information:
// BenchmarkDotNet v0.15.5-develop (2025-12-31)
// Runtime=.NET 8.0.21 (8.0.21, 8.0.2125.47513), X64 RyuJIT x86-64-v4
// GC=Concurrent Workstation
// HardwareIntrinsics=AVX512 IFMA+VBMI,AVX512 F+BW+CD+DQ+VL,AVX2+BMI1+BMI2+F16C+FMA+LZCNT+MOVBE,AVX,SSE3+SSSE3+SSE4.1+SSE4.2+POPCNT,X86Base+SSE+SSE2,AES+PCLMUL VectorSize=256
// Job: Overhead-Fixed-NoEnergy-9(OutlierMode=DontRemove, IterationCount=15, IterationTime=1s, LaunchCount=1, WarmupCount=6)

OverheadJitting  1: 1 op, 134514.00 ns, 134.5140 us/op
WorkloadJitting  1: 1 op, 109576629.00 ns, 109.5766 ms/op

WorkloadPilot    1: 4 op, 2962770.00 ns, 740.6925 us/op
WorkloadPilot    2: 1350 op, 337167397.00 ns, 249.7536 us/op
WorkloadPilot    3: 4004 op, 625652076.00 ns, 156.2568 us/op
WorkloadPilot    4: 6400 op, 1016374949.00 ns, 158.8086 us/op
WorkloadPilot    5: 6297 op, 1003167022.00 ns, 159.3087 us/op
WorkloadPilot    6: 6277 op, 1001677966.00 ns, 159.5791 us/op

WorkloadWarmup   1: 6277 op, 1000318453.00 ns, 159.3625 us/op
WorkloadWarmup   2: 6277 op, 996100529.00 ns, 158.6905 us/op
WorkloadWarmup   3: 6277 op, 998109669.00 ns, 159.0106 us/op
WorkloadWarmup   4: 6277 op, 1010445240.00 ns, 160.9758 us/op
WorkloadWarmup   5: 6277 op, 1011016632.00 ns, 161.0669 us/op
WorkloadWarmup   6: 6277 op, 1002416267.00 ns, 159.6967 us/op

// BeforeActualRun
WorkloadActual   1: 6277 op, 1002025477.00 ns, 159.6345 us/op
WorkloadActual   2: 6277 op, 991919319.00 ns, 158.0244 us/op
WorkloadActual   3: 6277 op, 990654680.00 ns, 157.8230 us/op
WorkloadActual   4: 6277 op, 1002917037.00 ns, 159.7765 us/op
WorkloadActual   5: 6277 op, 991737153.00 ns, 157.9954 us/op
WorkloadActual   6: 6277 op, 991003561.00 ns, 157.8785 us/op
WorkloadActual   7: 6277 op, 984273453.00 ns, 156.8063 us/op
WorkloadActual   8: 6277 op, 1007176960.00 ns, 160.4551 us/op
WorkloadActual   9: 6277 op, 1002400742.00 ns, 159.6942 us/op
WorkloadActual  10: 6277 op, 987603497.00 ns, 157.3369 us/op
WorkloadActual  11: 6277 op, 994862479.00 ns, 158.4933 us/op
WorkloadActual  12: 6277 op, 988516461.00 ns, 157.4823 us/op
WorkloadActual  13: 6277 op, 1020792842.00 ns, 162.6243 us/op
WorkloadActual  14: 6277 op, 985598587.00 ns, 157.0175 us/op
WorkloadActual  15: 6277 op, 982946197.00 ns, 156.5949 us/op

// AfterActualRun
WorkloadResult   1: 6277 op, 1002025477.00 ns, 159.6345 us/op
WorkloadResult   2: 6277 op, 991919319.00 ns, 158.0244 us/op
WorkloadResult   3: 6277 op, 990654680.00 ns, 157.8230 us/op
WorkloadResult   4: 6277 op, 1002917037.00 ns, 159.7765 us/op
WorkloadResult   5: 6277 op, 991737153.00 ns, 157.9954 us/op
WorkloadResult   6: 6277 op, 991003561.00 ns, 157.8785 us/op
WorkloadResult   7: 6277 op, 984273453.00 ns, 156.8063 us/op
WorkloadResult   8: 6277 op, 1007176960.00 ns, 160.4551 us/op
WorkloadResult   9: 6277 op, 1002400742.00 ns, 159.6942 us/op
WorkloadResult  10: 6277 op, 987603497.00 ns, 157.3369 us/op
WorkloadResult  11: 6277 op, 994862479.00 ns, 158.4933 us/op
WorkloadResult  12: 6277 op, 988516461.00 ns, 157.4823 us/op
WorkloadResult  13: 6277 op, 1020792842.00 ns, 162.6243 us/op
WorkloadResult  14: 6277 op, 985598587.00 ns, 157.0175 us/op
WorkloadResult  15: 6277 op, 982946197.00 ns, 156.5949 us/op

// AfterAll
// Benchmark Process 4067394 has exited with code 0.

Mean = 158.509 μs, StdErr = 0.423 μs (0.27%), N = 15, StdDev = 1.638 μs
Min = 156.595 μs, Q1 = 157.410 μs, Median = 157.995 μs, Q3 = 159.664 μs, Max = 162.624 μs
IQR = 2.255 μs, LowerFence = 154.027 μs, UpperFence = 163.046 μs
ConfidenceInterval = [156.758 μs; 160.261 μs] (CI 99.9%), Margin = 1.752 μs (1.11% of Mean)
Skewness = 0.96, Kurtosis = 3.12, MValue = 2

// ** Remained 10 (33.3%) benchmark(s) to run. Estimated finish 2025-12-31 22:01 (0h 4m from now) **
// **************************
// Benchmark: JsonSerializationBenchmarks.STJ_Serialize_Medium: Overhead-Fixed-NoEnergy-9(OutlierMode=DontRemove, IterationCount=15, IterationTime=1s, LaunchCount=1, WarmupCount=6)
// *** Execute ***
// Launch: 1 / 1
// Execute: dotnet Serialization.Bench-Overhead-Fixed-NoEnergy-9-1.dll --anonymousPipes 103 104 --benchmarkName Serialization.Bench.JsonSerializationBenchmarks.STJ_Serialize_Medium --job Overhead-Fixed-NoEnergy-9 --benchmarkId 20 in /home/test/rapl-tests/lib-energy-bench/src/Serialization.Bench/bin/Release/net8.0/Serialization.Bench-Overhead-Fixed-NoEnergy-9-1/bin/Release/net8.0
// BeforeAnythingElse

// Benchmark Process Environment Information:
// BenchmarkDotNet v0.15.5-develop (2025-12-31)
// Runtime=.NET 8.0.21 (8.0.21, 8.0.2125.47513), X64 RyuJIT x86-64-v4
// GC=Concurrent Workstation
// HardwareIntrinsics=AVX512 IFMA+VBMI,AVX512 F+BW+CD+DQ+VL,AVX2+BMI1+BMI2+F16C+FMA+LZCNT+MOVBE,AVX,SSE3+SSSE3+SSE4.1+SSE4.2+POPCNT,X86Base+SSE+SSE2,AES+PCLMUL VectorSize=256
// Job: Overhead-Fixed-NoEnergy-9(OutlierMode=DontRemove, IterationCount=15, IterationTime=1s, LaunchCount=1, WarmupCount=6)

OverheadJitting  1: 1 op, 135509.00 ns, 135.5090 us/op
WorkloadJitting  1: 1 op, 7027143.00 ns, 7.0271 ms/op

OverheadJitting  2: 16 op, 350400.00 ns, 21.9000 us/op
WorkloadJitting  2: 16 op, 2077071.00 ns, 129.8169 us/op

WorkloadPilot    1: 16 op, 1438380.00 ns, 89.8988 us/op
WorkloadPilot    2: 11136 op, 773839113.00 ns, 69.4899 us/op
WorkloadPilot    3: 14400 op, 671123922.00 ns, 46.6058 us/op
WorkloadPilot    4: 21472 op, 998957775.00 ns, 46.5237 us/op
WorkloadPilot    5: 21504 op, 1004259150.00 ns, 46.7010 us/op
WorkloadPilot    6: 21424 op, 997571330.00 ns, 46.5633 us/op
WorkloadPilot    7: 21488 op, 1003417200.00 ns, 46.6966 us/op
WorkloadPilot    8: 21424 op, 997960226.00 ns, 46.5814 us/op
WorkloadPilot    9: 21472 op, 1002544081.00 ns, 46.6908 us/op

OverheadWarmup   1: 21472 op, 73859.00 ns, 3.4398 ns/op
OverheadWarmup   2: 21472 op, 74325.00 ns, 3.4615 ns/op
OverheadWarmup   3: 21472 op, 72969.00 ns, 3.3983 ns/op
OverheadWarmup   4: 21472 op, 73449.00 ns, 3.4207 ns/op
OverheadWarmup   5: 21472 op, 77434.00 ns, 3.6063 ns/op
OverheadWarmup   6: 21472 op, 74411.00 ns, 3.4655 ns/op

OverheadActual   1: 21472 op, 74969.00 ns, 3.4915 ns/op
OverheadActual   2: 21472 op, 73110.00 ns, 3.4049 ns/op
OverheadActual   3: 21472 op, 73102.00 ns, 3.4045 ns/op
OverheadActual   4: 21472 op, 73427.00 ns, 3.4197 ns/op
OverheadActual   5: 21472 op, 75183.00 ns, 3.5014 ns/op
OverheadActual   6: 21472 op, 72994.00 ns, 3.3995 ns/op
OverheadActual   7: 21472 op, 73353.00 ns, 3.4162 ns/op
OverheadActual   8: 21472 op, 81768.00 ns, 3.8081 ns/op
OverheadActual   9: 21472 op, 72983.00 ns, 3.3990 ns/op
OverheadActual  10: 21472 op, 73388.00 ns, 3.4178 ns/op
OverheadActual  11: 21472 op, 76234.00 ns, 3.5504 ns/op
OverheadActual  12: 21472 op, 73025.00 ns, 3.4009 ns/op
OverheadActual  13: 21472 op, 73373.00 ns, 3.4171 ns/op
OverheadActual  14: 21472 op, 72947.00 ns, 3.3973 ns/op
OverheadActual  15: 21472 op, 75330.00 ns, 3.5083 ns/op

WorkloadWarmup   1: 21472 op, 1004807295.00 ns, 46.7962 us/op
WorkloadWarmup   2: 21472 op, 1002165831.00 ns, 46.6731 us/op
WorkloadWarmup   3: 21472 op, 1002860128.00 ns, 46.7055 us/op
WorkloadWarmup   4: 21472 op, 1001083145.00 ns, 46.6227 us/op
WorkloadWarmup   5: 21472 op, 1001347301.00 ns, 46.6350 us/op
WorkloadWarmup   6: 21472 op, 999458183.00 ns, 46.5470 us/op

// BeforeActualRun
WorkloadActual   1: 21472 op, 1002606348.00 ns, 46.6937 us/op
WorkloadActual   2: 21472 op, 998084426.00 ns, 46.4831 us/op
WorkloadActual   3: 21472 op, 998009386.00 ns, 46.4796 us/op
WorkloadActual   4: 21472 op, 997246985.00 ns, 46.4441 us/op
WorkloadActual   5: 21472 op, 1003047095.00 ns, 46.7142 us/op
WorkloadActual   6: 21472 op, 1002042926.00 ns, 46.6674 us/op
WorkloadActual   7: 21472 op, 1001180658.00 ns, 46.6273 us/op
WorkloadActual   8: 21472 op, 1001311408.00 ns, 46.6334 us/op
WorkloadActual   9: 21472 op, 1001975724.00 ns, 46.6643 us/op
WorkloadActual  10: 21472 op, 1000424044.00 ns, 46.5920 us/op
WorkloadActual  11: 21472 op, 1003672017.00 ns, 46.7433 us/op
WorkloadActual  12: 21472 op, 998062035.00 ns, 46.4820 us/op
WorkloadActual  13: 21472 op, 997857485.00 ns, 46.4725 us/op
WorkloadActual  14: 21472 op, 997584654.00 ns, 46.4598 us/op
WorkloadActual  15: 21472 op, 999805002.00 ns, 46.5632 us/op

// AfterActualRun
WorkloadResult   1: 21472 op, 1002532975.00 ns, 46.6902 us/op
WorkloadResult   2: 21472 op, 998011053.00 ns, 46.4797 us/op
WorkloadResult   3: 21472 op, 997936013.00 ns, 46.4762 us/op
WorkloadResult   4: 21472 op, 997173612.00 ns, 46.4406 us/op
WorkloadResult   5: 21472 op, 1002973722.00 ns, 46.7108 us/op
WorkloadResult   6: 21472 op, 1001969553.00 ns, 46.6640 us/op
WorkloadResult   7: 21472 op, 1001107285.00 ns, 46.6238 us/op
WorkloadResult   8: 21472 op, 1001238035.00 ns, 46.6299 us/op
WorkloadResult   9: 21472 op, 1001902351.00 ns, 46.6609 us/op
WorkloadResult  10: 21472 op, 1000350671.00 ns, 46.5886 us/op
WorkloadResult  11: 21472 op, 1003598644.00 ns, 46.7399 us/op
WorkloadResult  12: 21472 op, 997988662.00 ns, 46.4786 us/op
WorkloadResult  13: 21472 op, 997784112.00 ns, 46.4691 us/op
WorkloadResult  14: 21472 op, 997511281.00 ns, 46.4564 us/op
WorkloadResult  15: 21472 op, 999731629.00 ns, 46.5598 us/op

// AfterAll
// Benchmark Process 4067409 has exited with code 0.

Mean = 46.578 μs, StdErr = 0.027 μs (0.06%), N = 15, StdDev = 0.104 μs
Min = 46.441 μs, Q1 = 46.477 μs, Median = 46.589 μs, Q3 = 46.662 μs, Max = 46.740 μs
IQR = 0.185 μs, LowerFence = 46.200 μs, UpperFence = 46.940 μs
ConfidenceInterval = [46.467 μs; 46.689 μs] (CI 99.9%), Margin = 0.111 μs (0.24% of Mean)
Skewness = 0.05, Kurtosis = 1.3, MValue = 2

// ** Remained 9 (30.0%) benchmark(s) to run. Estimated finish 2025-12-31 22:01 (0h 4m from now) **
// **************************
// Benchmark: JsonSerializationBenchmarks.Newtonsoft_Serialize_Medium: Overhead-Fixed-NoEnergy-9(OutlierMode=DontRemove, IterationCount=15, IterationTime=1s, LaunchCount=1, WarmupCount=6)
// *** Execute ***
// Launch: 1 / 1
// Execute: dotnet Serialization.Bench-Overhead-Fixed-NoEnergy-9-1.dll --anonymousPipes 103 104 --benchmarkName Serialization.Bench.JsonSerializationBenchmarks.Newtonsoft_Serialize_Medium --job Overhead-Fixed-NoEnergy-9 --benchmarkId 21 in /home/test/rapl-tests/lib-energy-bench/src/Serialization.Bench/bin/Release/net8.0/Serialization.Bench-Overhead-Fixed-NoEnergy-9-1/bin/Release/net8.0
// BeforeAnythingElse

// Benchmark Process Environment Information:
// BenchmarkDotNet v0.15.5-develop (2025-12-31)
// Runtime=.NET 8.0.21 (8.0.21, 8.0.2125.47513), X64 RyuJIT x86-64-v4
// GC=Concurrent Workstation
// HardwareIntrinsics=AVX512 IFMA+VBMI,AVX512 F+BW+CD+DQ+VL,AVX2+BMI1+BMI2+F16C+FMA+LZCNT+MOVBE,AVX,SSE3+SSSE3+SSE4.1+SSE4.2+POPCNT,X86Base+SSE+SSE2,AES+PCLMUL VectorSize=256
// Job: Overhead-Fixed-NoEnergy-9(OutlierMode=DontRemove, IterationCount=15, IterationTime=1s, LaunchCount=1, WarmupCount=6)

OverheadJitting  1: 1 op, 133289.00 ns, 133.2890 us/op
WorkloadJitting  1: 1 op, 51711017.00 ns, 51.7110 ms/op

OverheadJitting  2: 16 op, 362533.00 ns, 22.6583 us/op
WorkloadJitting  2: 16 op, 5258826.00 ns, 328.6766 us/op

WorkloadPilot    1: 16 op, 4858072.00 ns, 303.6295 us/op
WorkloadPilot    2: 3296 op, 353290925.00 ns, 107.1878 us/op
WorkloadPilot    3: 9344 op, 507791537.00 ns, 54.3441 us/op
WorkloadPilot    4: 18416 op, 994783823.00 ns, 54.0174 us/op
WorkloadPilot    5: 18528 op, 1001295302.00 ns, 54.0423 us/op
WorkloadPilot    6: 18512 op, 1000834081.00 ns, 54.0641 us/op

OverheadWarmup   1: 18512 op, 64064.00 ns, 3.4607 ns/op
OverheadWarmup   2: 18512 op, 63219.00 ns, 3.4150 ns/op
OverheadWarmup   3: 18512 op, 63188.00 ns, 3.4134 ns/op
OverheadWarmup   4: 18512 op, 64655.00 ns, 3.4926 ns/op
OverheadWarmup   5: 18512 op, 63185.00 ns, 3.4132 ns/op
OverheadWarmup   6: 18512 op, 64509.00 ns, 3.4847 ns/op
OverheadWarmup   7: 18512 op, 63147.00 ns, 3.4111 ns/op

OverheadActual   1: 18512 op, 65005.00 ns, 3.5115 ns/op
OverheadActual   2: 18512 op, 64595.00 ns, 3.4894 ns/op
OverheadActual   3: 18512 op, 64373.00 ns, 3.4774 ns/op
OverheadActual   4: 18512 op, 64882.00 ns, 3.5049 ns/op
OverheadActual   5: 18512 op, 64490.00 ns, 3.4837 ns/op
OverheadActual   6: 18512 op, 64487.00 ns, 3.4835 ns/op
OverheadActual   7: 18512 op, 64478.00 ns, 3.4830 ns/op
OverheadActual   8: 18512 op, 64879.00 ns, 3.5047 ns/op
OverheadActual   9: 18512 op, 64515.00 ns, 3.4850 ns/op
OverheadActual  10: 18512 op, 71140.00 ns, 3.8429 ns/op
OverheadActual  11: 18512 op, 64883.00 ns, 3.5049 ns/op
OverheadActual  12: 18512 op, 64496.00 ns, 3.4840 ns/op
OverheadActual  13: 18512 op, 64523.00 ns, 3.4855 ns/op
OverheadActual  14: 18512 op, 67267.00 ns, 3.6337 ns/op
OverheadActual  15: 18512 op, 64921.00 ns, 3.5070 ns/op

WorkloadWarmup   1: 18512 op, 1003850922.00 ns, 54.2270 us/op
WorkloadWarmup   2: 18512 op, 998048886.00 ns, 53.9136 us/op
WorkloadWarmup   3: 18512 op, 998549531.00 ns, 53.9407 us/op
WorkloadWarmup   4: 18512 op, 998501902.00 ns, 53.9381 us/op
WorkloadWarmup   5: 18512 op, 998150795.00 ns, 53.9191 us/op
WorkloadWarmup   6: 18512 op, 1000530001.00 ns, 54.0476 us/op

// BeforeActualRun
WorkloadActual   1: 18512 op, 1002961505.00 ns, 54.1790 us/op
WorkloadActual   2: 18512 op, 1002793012.00 ns, 54.1699 us/op
WorkloadActual   3: 18512 op, 1001105873.00 ns, 54.0788 us/op
WorkloadActual   4: 18512 op, 1002813217.00 ns, 54.1710 us/op
WorkloadActual   5: 18512 op, 999949553.00 ns, 54.0163 us/op
WorkloadActual   6: 18512 op, 999987727.00 ns, 54.0184 us/op
WorkloadActual   7: 18512 op, 998283618.00 ns, 53.9263 us/op
WorkloadActual   8: 18512 op, 1002339396.00 ns, 54.1454 us/op
WorkloadActual   9: 18512 op, 1001702490.00 ns, 54.1110 us/op
WorkloadActual  10: 18512 op, 998214685.00 ns, 53.9226 us/op
WorkloadActual  11: 18512 op, 1000400357.00 ns, 54.0406 us/op
WorkloadActual  12: 18512 op, 1000039184.00 ns, 54.0211 us/op
WorkloadActual  13: 18512 op, 1005407471.00 ns, 54.3111 us/op
WorkloadActual  14: 18512 op, 1003513183.00 ns, 54.2088 us/op
WorkloadActual  15: 18512 op, 1003123472.00 ns, 54.1877 us/op

// AfterActualRun
WorkloadResult   1: 18512 op, 1002896910.00 ns, 54.1755 us/op
WorkloadResult   2: 18512 op, 1002728417.00 ns, 54.1664 us/op
WorkloadResult   3: 18512 op, 1001041278.00 ns, 54.0753 us/op
WorkloadResult   4: 18512 op, 1002748622.00 ns, 54.1675 us/op
WorkloadResult   5: 18512 op, 999884958.00 ns, 54.0128 us/op
WorkloadResult   6: 18512 op, 999923132.00 ns, 54.0149 us/op
WorkloadResult   7: 18512 op, 998219023.00 ns, 53.9228 us/op
WorkloadResult   8: 18512 op, 1002274801.00 ns, 54.1419 us/op
WorkloadResult   9: 18512 op, 1001637895.00 ns, 54.1075 us/op
WorkloadResult  10: 18512 op, 998150090.00 ns, 53.9191 us/op
WorkloadResult  11: 18512 op, 1000335762.00 ns, 54.0372 us/op
WorkloadResult  12: 18512 op, 999974589.00 ns, 54.0176 us/op
WorkloadResult  13: 18512 op, 1005342876.00 ns, 54.3076 us/op
WorkloadResult  14: 18512 op, 1003448588.00 ns, 54.2053 us/op
WorkloadResult  15: 18512 op, 1003058877.00 ns, 54.1843 us/op

// AfterAll
// Benchmark Process 4067427 has exited with code 0.

Mean = 54.097 μs, StdErr = 0.028 μs (0.05%), N = 15, StdDev = 0.110 μs
Min = 53.919 μs, Q1 = 54.016 μs, Median = 54.107 μs, Q3 = 54.171 μs, Max = 54.308 μs
IQR = 0.155 μs, LowerFence = 53.783 μs, UpperFence = 54.404 μs
ConfidenceInterval = [53.980 μs; 54.214 μs] (CI 99.9%), Margin = 0.117 μs (0.22% of Mean)
Skewness = -0.01, Kurtosis = 2, MValue = 2

// ** Remained 8 (26.7%) benchmark(s) to run. Estimated finish 2025-12-31 22:01 (0h 3m from now) **
// **************************
// Benchmark: JsonSerializationBenchmarks.Jil_Serialize_Medium: Overhead-Fixed-NoEnergy-9(OutlierMode=DontRemove, IterationCount=15, IterationTime=1s, LaunchCount=1, WarmupCount=6)
// *** Execute ***
// Launch: 1 / 1
// Execute: dotnet Serialization.Bench-Overhead-Fixed-NoEnergy-9-1.dll --anonymousPipes 103 104 --benchmarkName Serialization.Bench.JsonSerializationBenchmarks.Jil_Serialize_Medium --job Overhead-Fixed-NoEnergy-9 --benchmarkId 22 in /home/test/rapl-tests/lib-energy-bench/src/Serialization.Bench/bin/Release/net8.0/Serialization.Bench-Overhead-Fixed-NoEnergy-9-1/bin/Release/net8.0
// BeforeAnythingElse

// Benchmark Process Environment Information:
// BenchmarkDotNet v0.15.5-develop (2025-12-31)
// Runtime=.NET 8.0.21 (8.0.21, 8.0.2125.47513), X64 RyuJIT x86-64-v4
// GC=Concurrent Workstation
// HardwareIntrinsics=AVX512 IFMA+VBMI,AVX512 F+BW+CD+DQ+VL,AVX2+BMI1+BMI2+F16C+FMA+LZCNT+MOVBE,AVX,SSE3+SSSE3+SSE4.1+SSE4.2+POPCNT,X86Base+SSE+SSE2,AES+PCLMUL VectorSize=256
// Job: Overhead-Fixed-NoEnergy-9(OutlierMode=DontRemove, IterationCount=15, IterationTime=1s, LaunchCount=1, WarmupCount=6)

OverheadJitting  1: 1 op, 140593.00 ns, 140.5930 us/op
WorkloadJitting  1: 1 op, 134564074.00 ns, 134.5641 ms/op

WorkloadPilot    1: 4 op, 680349.00 ns, 170.0873 us/op
WorkloadPilot    2: 5879 op, 324095726.00 ns, 55.1277 us/op
WorkloadPilot    3: 18140 op, 696198873.00 ns, 38.3792 us/op
WorkloadPilot    4: 26056 op, 999093894.00 ns, 38.3441 us/op
WorkloadPilot    5: 26080 op, 1000620249.00 ns, 38.3673 us/op
WorkloadPilot    6: 26064 op, 1002838290.00 ns, 38.4760 us/op
WorkloadPilot    7: 25990 op, 1003499728.00 ns, 38.6110 us/op

WorkloadWarmup   1: 25990 op, 998429595.00 ns, 38.4159 us/op
WorkloadWarmup   2: 25990 op, 1003345744.00 ns, 38.6051 us/op
WorkloadWarmup   3: 25990 op, 1003947931.00 ns, 38.6282 us/op
WorkloadWarmup   4: 25990 op, 1001148670.00 ns, 38.5205 us/op
WorkloadWarmup   5: 25990 op, 1003041185.00 ns, 38.5934 us/op
WorkloadWarmup   6: 25990 op, 1002979819.00 ns, 38.5910 us/op

// BeforeActualRun
WorkloadActual   1: 25990 op, 998839260.00 ns, 38.4317 us/op
WorkloadActual   2: 25990 op, 1003653671.00 ns, 38.6169 us/op
WorkloadActual   3: 25990 op, 1002834283.00 ns, 38.5854 us/op
WorkloadActual   4: 25990 op, 1004344640.00 ns, 38.6435 us/op
WorkloadActual   5: 25990 op, 1001800262.00 ns, 38.5456 us/op
WorkloadActual   6: 25990 op, 1003041297.00 ns, 38.5934 us/op
WorkloadActual   7: 25990 op, 1002913913.00 ns, 38.5885 us/op
WorkloadActual   8: 25990 op, 1002128718.00 ns, 38.5582 us/op
WorkloadActual   9: 25990 op, 1002848086.00 ns, 38.5859 us/op
WorkloadActual  10: 25990 op, 1003138986.00 ns, 38.5971 us/op
WorkloadActual  11: 25990 op, 1002848710.00 ns, 38.5859 us/op
WorkloadActual  12: 25990 op, 1002197259.00 ns, 38.5609 us/op
WorkloadActual  13: 25990 op, 1002806831.00 ns, 38.5843 us/op
WorkloadActual  14: 25990 op, 1002403107.00 ns, 38.5688 us/op
WorkloadActual  15: 25990 op, 1004152049.00 ns, 38.6361 us/op

// AfterActualRun
WorkloadResult   1: 25990 op, 998839260.00 ns, 38.4317 us/op
WorkloadResult   2: 25990 op, 1003653671.00 ns, 38.6169 us/op
WorkloadResult   3: 25990 op, 1002834283.00 ns, 38.5854 us/op
WorkloadResult   4: 25990 op, 1004344640.00 ns, 38.6435 us/op
WorkloadResult   5: 25990 op, 1001800262.00 ns, 38.5456 us/op
WorkloadResult   6: 25990 op, 1003041297.00 ns, 38.5934 us/op
WorkloadResult   7: 25990 op, 1002913913.00 ns, 38.5885 us/op
WorkloadResult   8: 25990 op, 1002128718.00 ns, 38.5582 us/op
WorkloadResult   9: 25990 op, 1002848086.00 ns, 38.5859 us/op
WorkloadResult  10: 25990 op, 1003138986.00 ns, 38.5971 us/op
WorkloadResult  11: 25990 op, 1002848710.00 ns, 38.5859 us/op
WorkloadResult  12: 25990 op, 1002197259.00 ns, 38.5609 us/op
WorkloadResult  13: 25990 op, 1002806831.00 ns, 38.5843 us/op
WorkloadResult  14: 25990 op, 1002403107.00 ns, 38.5688 us/op
WorkloadResult  15: 25990 op, 1004152049.00 ns, 38.6361 us/op

// AfterAll
// Benchmark Process 4067449 has exited with code 0.

Mean = 38.579 μs, StdErr = 0.013 μs (0.03%), N = 15, StdDev = 0.049 μs
Min = 38.432 μs, Q1 = 38.565 μs, Median = 38.586 μs, Q3 = 38.595 μs, Max = 38.644 μs
IQR = 0.030 μs, LowerFence = 38.519 μs, UpperFence = 38.641 μs
ConfidenceInterval = [38.527 μs; 38.631 μs] (CI 99.9%), Margin = 0.052 μs (0.14% of Mean)
Skewness = -1.56, Kurtosis = 5.89, MValue = 2

// ** Remained 7 (23.3%) benchmark(s) to run. Estimated finish 2025-12-31 22:01 (0h 3m from now) **
// **************************
// Benchmark: JsonSerializationBenchmarks.Utf8Json_Serialize_Medium: Overhead-Fixed-NoEnergy-9(OutlierMode=DontRemove, IterationCount=15, IterationTime=1s, LaunchCount=1, WarmupCount=6)
// *** Execute ***
// Launch: 1 / 1
// Execute: dotnet Serialization.Bench-Overhead-Fixed-NoEnergy-9-1.dll --anonymousPipes 103 104 --benchmarkName Serialization.Bench.JsonSerializationBenchmarks.Utf8Json_Serialize_Medium --job Overhead-Fixed-NoEnergy-9 --benchmarkId 23 in /home/test/rapl-tests/lib-energy-bench/src/Serialization.Bench/bin/Release/net8.0/Serialization.Bench-Overhead-Fixed-NoEnergy-9-1/bin/Release/net8.0
// BeforeAnythingElse

// Benchmark Process Environment Information:
// BenchmarkDotNet v0.15.5-develop (2025-12-31)
// Runtime=.NET 8.0.21 (8.0.21, 8.0.2125.47513), X64 RyuJIT x86-64-v4
// GC=Concurrent Workstation
// HardwareIntrinsics=AVX512 IFMA+VBMI,AVX512 F+BW+CD+DQ+VL,AVX2+BMI1+BMI2+F16C+FMA+LZCNT+MOVBE,AVX,SSE3+SSSE3+SSE4.1+SSE4.2+POPCNT,X86Base+SSE+SSE2,AES+PCLMUL VectorSize=256
// Job: Overhead-Fixed-NoEnergy-9(OutlierMode=DontRemove, IterationCount=15, IterationTime=1s, LaunchCount=1, WarmupCount=6)

OverheadJitting  1: 1 op, 140354.00 ns, 140.3540 us/op
WorkloadJitting  1: 1 op, 53904155.00 ns, 53.9042 ms/op

OverheadJitting  2: 16 op, 356464.00 ns, 22.2790 us/op
WorkloadJitting  2: 16 op, 4368949.00 ns, 273.0593 us/op

WorkloadPilot    1: 16 op, 3599707.00 ns, 224.9817 us/op
WorkloadPilot    2: 4448 op, 445854886.00 ns, 100.2372 us/op
WorkloadPilot    3: 9984 op, 591805662.00 ns, 59.2754 us/op
WorkloadPilot    4: 16880 op, 1047737902.00 ns, 62.0698 us/op
WorkloadPilot    5: 16112 op, 1016399862.00 ns, 63.0834 us/op
WorkloadPilot    6: 15856 op, 975057785.00 ns, 61.4946 us/op
WorkloadPilot    7: 16272 op, 993337764.00 ns, 61.0458 us/op
WorkloadPilot    8: 16384 op, 959676275.00 ns, 58.5740 us/op
WorkloadPilot    9: 17072 op, 1032199317.00 ns, 60.4615 us/op

OverheadWarmup   1: 17072 op, 59024.00 ns, 3.4574 ns/op
OverheadWarmup   2: 17072 op, 58293.00 ns, 3.4145 ns/op
OverheadWarmup   3: 17072 op, 58377.00 ns, 3.4195 ns/op
OverheadWarmup   4: 17072 op, 58727.00 ns, 3.4400 ns/op
OverheadWarmup   5: 17072 op, 58363.00 ns, 3.4186 ns/op
OverheadWarmup   6: 17072 op, 58371.00 ns, 3.4191 ns/op
OverheadWarmup   7: 17072 op, 58350.00 ns, 3.4179 ns/op

OverheadActual   1: 17072 op, 58915.00 ns, 3.4510 ns/op
OverheadActual   2: 17072 op, 58404.00 ns, 3.4210 ns/op
OverheadActual   3: 17072 op, 58408.00 ns, 3.4213 ns/op
OverheadActual   4: 17072 op, 59545.00 ns, 3.4879 ns/op
OverheadActual   5: 17072 op, 60022.00 ns, 3.5158 ns/op
OverheadActual   6: 17072 op, 64292.00 ns, 3.7659 ns/op
OverheadActual   7: 17072 op, 60191.00 ns, 3.5257 ns/op
OverheadActual   8: 17072 op, 60160.00 ns, 3.5239 ns/op
OverheadActual   9: 17072 op, 58746.00 ns, 3.4411 ns/op
OverheadActual  10: 17072 op, 58355.00 ns, 3.4182 ns/op
OverheadActual  11: 17072 op, 59540.00 ns, 3.4876 ns/op
OverheadActual  12: 17072 op, 59571.00 ns, 3.4894 ns/op
OverheadActual  13: 17072 op, 59964.00 ns, 3.5124 ns/op
OverheadActual  14: 17072 op, 59536.00 ns, 3.4873 ns/op
OverheadActual  15: 17072 op, 59571.00 ns, 3.4894 ns/op

WorkloadWarmup   1: 17072 op, 1080363281.00 ns, 63.2828 us/op
WorkloadWarmup   2: 17072 op, 1083230965.00 ns, 63.4507 us/op
WorkloadWarmup   3: 17072 op, 1079270523.00 ns, 63.2188 us/op
WorkloadWarmup   4: 17072 op, 1069276794.00 ns, 62.6334 us/op
WorkloadWarmup   5: 17072 op, 1131340180.00 ns, 66.2688 us/op
WorkloadWarmup   6: 17072 op, 1071609687.00 ns, 62.7700 us/op

// BeforeActualRun
WorkloadActual   1: 17072 op, 1080681072.00 ns, 63.3014 us/op
WorkloadActual   2: 17072 op, 1012773505.00 ns, 59.3237 us/op
WorkloadActual   3: 17072 op, 1104836130.00 ns, 64.7163 us/op
WorkloadActual   4: 17072 op, 1098919960.00 ns, 64.3697 us/op
WorkloadActual   5: 17072 op, 1041457826.00 ns, 61.0039 us/op
WorkloadActual   6: 17072 op, 1020749848.00 ns, 59.7909 us/op
WorkloadActual   7: 17072 op, 1043910058.00 ns, 61.1475 us/op
WorkloadActual   8: 17072 op, 1038844357.00 ns, 60.8508 us/op
WorkloadActual   9: 17072 op, 1077906972.00 ns, 63.1389 us/op
WorkloadActual  10: 17072 op, 1054671758.00 ns, 61.7779 us/op
WorkloadActual  11: 17072 op, 1037996823.00 ns, 60.8011 us/op
WorkloadActual  12: 17072 op, 1174040307.00 ns, 68.7699 us/op
WorkloadActual  13: 17072 op, 1137489410.00 ns, 66.6289 us/op
WorkloadActual  14: 17072 op, 1062057206.00 ns, 62.2105 us/op
WorkloadActual  15: 17072 op, 1110751696.00 ns, 65.0628 us/op

// AfterActualRun
WorkloadResult   1: 17072 op, 1080621527.00 ns, 63.2979 us/op
WorkloadResult   2: 17072 op, 1012713960.00 ns, 59.3202 us/op
WorkloadResult   3: 17072 op, 1104776585.00 ns, 64.7128 us/op
WorkloadResult   4: 17072 op, 1098860415.00 ns, 64.3662 us/op
WorkloadResult   5: 17072 op, 1041398281.00 ns, 61.0004 us/op
WorkloadResult   6: 17072 op, 1020690303.00 ns, 59.7874 us/op
WorkloadResult   7: 17072 op, 1043850513.00 ns, 61.1440 us/op
WorkloadResult   8: 17072 op, 1038784812.00 ns, 60.8473 us/op
WorkloadResult   9: 17072 op, 1077847427.00 ns, 63.1354 us/op
WorkloadResult  10: 17072 op, 1054612213.00 ns, 61.7744 us/op
WorkloadResult  11: 17072 op, 1037937278.00 ns, 60.7976 us/op
WorkloadResult  12: 17072 op, 1173980762.00 ns, 68.7664 us/op
WorkloadResult  13: 17072 op, 1137429865.00 ns, 66.6255 us/op
WorkloadResult  14: 17072 op, 1061997661.00 ns, 62.2070 us/op
WorkloadResult  15: 17072 op, 1110692151.00 ns, 65.0593 us/op

// AfterAll
// Benchmark Process 4067462 has exited with code 0.

Mean = 62.856 μs, StdErr = 0.684 μs (1.09%), N = 15, StdDev = 2.648 μs
Min = 59.320 μs, Q1 = 60.924 μs, Median = 62.207 μs, Q3 = 64.540 μs, Max = 68.766 μs
IQR = 3.616 μs, LowerFence = 55.500 μs, UpperFence = 69.963 μs
ConfidenceInterval = [60.025 μs; 65.687 μs] (CI 99.9%), Margin = 2.831 μs (4.50% of Mean)
Skewness = 0.64, Kurtosis = 2.39, MValue = 2

// ** Remained 6 (20.0%) benchmark(s) to run. Estimated finish 2025-12-31 22:01 (0h 2m from now) **
// **************************
// Benchmark: JsonSerializationBenchmarks.SpanJson_Serialize_Medium: Overhead-Fixed-NoEnergy-9(OutlierMode=DontRemove, IterationCount=15, IterationTime=1s, LaunchCount=1, WarmupCount=6)
// *** Execute ***
// Launch: 1 / 1
// Execute: dotnet Serialization.Bench-Overhead-Fixed-NoEnergy-9-1.dll --anonymousPipes 103 104 --benchmarkName Serialization.Bench.JsonSerializationBenchmarks.SpanJson_Serialize_Medium --job Overhead-Fixed-NoEnergy-9 --benchmarkId 24 in /home/test/rapl-tests/lib-energy-bench/src/Serialization.Bench/bin/Release/net8.0/Serialization.Bench-Overhead-Fixed-NoEnergy-9-1/bin/Release/net8.0
// BeforeAnythingElse

// Benchmark Process Environment Information:
// BenchmarkDotNet v0.15.5-develop (2025-12-31)
// Runtime=.NET 8.0.21 (8.0.21, 8.0.2125.47513), X64 RyuJIT x86-64-v4
// GC=Concurrent Workstation
// HardwareIntrinsics=AVX512 IFMA+VBMI,AVX512 F+BW+CD+DQ+VL,AVX2+BMI1+BMI2+F16C+FMA+LZCNT+MOVBE,AVX,SSE3+SSSE3+SSE4.1+SSE4.2+POPCNT,X86Base+SSE+SSE2,AES+PCLMUL VectorSize=256
// Job: Overhead-Fixed-NoEnergy-9(OutlierMode=DontRemove, IterationCount=15, IterationTime=1s, LaunchCount=1, WarmupCount=6)

OverheadJitting  1: 1 op, 133487.00 ns, 133.4870 us/op
WorkloadJitting  1: 1 op, 97426583.00 ns, 97.4266 ms/op

WorkloadPilot    1: 4 op, 1043298.00 ns, 260.8245 us/op
WorkloadPilot    2: 3834 op, 285992742.00 ns, 74.5938 us/op
WorkloadPilot    3: 13406 op, 535489815.00 ns, 39.9440 us/op
WorkloadPilot    4: 25035 op, 994212696.00 ns, 39.7129 us/op
WorkloadPilot    5: 25181 op, 997749748.00 ns, 39.6231 us/op
WorkloadPilot    6: 25238 op, 1005376372.00 ns, 39.8358 us/op
WorkloadPilot    7: 25103 op, 999910026.00 ns, 39.8323 us/op
WorkloadPilot    8: 25105 op, 994243822.00 ns, 39.6034 us/op
WorkloadPilot    9: 25250 op, 1004873212.00 ns, 39.7970 us/op
WorkloadPilot   10: 25128 op, 1011158281.00 ns, 40.2403 us/op

WorkloadWarmup   1: 25128 op, 1002281387.00 ns, 39.8870 us/op
WorkloadWarmup   2: 25128 op, 1010945161.00 ns, 40.2318 us/op
WorkloadWarmup   3: 25128 op, 997156872.00 ns, 39.6831 us/op
WorkloadWarmup   4: 25128 op, 988498826.00 ns, 39.3385 us/op
WorkloadWarmup   5: 25128 op, 993822514.00 ns, 39.5504 us/op
WorkloadWarmup   6: 25128 op, 994639346.00 ns, 39.5829 us/op

// BeforeActualRun
WorkloadActual   1: 25128 op, 989983923.00 ns, 39.3976 us/op
WorkloadActual   2: 25128 op, 997971898.00 ns, 39.7155 us/op
WorkloadActual   3: 25128 op, 997005406.00 ns, 39.6771 us/op
WorkloadActual   4: 25128 op, 981444109.00 ns, 39.0578 us/op
WorkloadActual   5: 25128 op, 986541316.00 ns, 39.2606 us/op
WorkloadActual   6: 25128 op, 998215425.00 ns, 39.7252 us/op
WorkloadActual   7: 25128 op, 992776553.00 ns, 39.5088 us/op
WorkloadActual   8: 25128 op, 1000315724.00 ns, 39.8088 us/op
WorkloadActual   9: 25128 op, 998582571.00 ns, 39.7398 us/op
WorkloadActual  10: 25128 op, 988036458.00 ns, 39.3201 us/op
WorkloadActual  11: 25128 op, 986749842.00 ns, 39.2689 us/op
WorkloadActual  12: 25128 op, 987191948.00 ns, 39.2865 us/op
WorkloadActual  13: 25128 op, 996846143.00 ns, 39.6707 us/op
WorkloadActual  14: 25128 op, 993721662.00 ns, 39.5464 us/op
WorkloadActual  15: 25128 op, 997451614.00 ns, 39.6948 us/op

// AfterActualRun
WorkloadResult   1: 25128 op, 989983923.00 ns, 39.3976 us/op
WorkloadResult   2: 25128 op, 997971898.00 ns, 39.7155 us/op
WorkloadResult   3: 25128 op, 997005406.00 ns, 39.6771 us/op
WorkloadResult   4: 25128 op, 981444109.00 ns, 39.0578 us/op
WorkloadResult   5: 25128 op, 986541316.00 ns, 39.2606 us/op
WorkloadResult   6: 25128 op, 998215425.00 ns, 39.7252 us/op
WorkloadResult   7: 25128 op, 992776553.00 ns, 39.5088 us/op
WorkloadResult   8: 25128 op, 1000315724.00 ns, 39.8088 us/op
WorkloadResult   9: 25128 op, 998582571.00 ns, 39.7398 us/op
WorkloadResult  10: 25128 op, 988036458.00 ns, 39.3201 us/op
WorkloadResult  11: 25128 op, 986749842.00 ns, 39.2689 us/op
WorkloadResult  12: 25128 op, 987191948.00 ns, 39.2865 us/op
WorkloadResult  13: 25128 op, 996846143.00 ns, 39.6707 us/op
WorkloadResult  14: 25128 op, 993721662.00 ns, 39.5464 us/op
WorkloadResult  15: 25128 op, 997451614.00 ns, 39.6948 us/op

// AfterAll
// Benchmark Process 4067477 has exited with code 0.

Mean = 39.512 μs, StdErr = 0.059 μs (0.15%), N = 15, StdDev = 0.230 μs
Min = 39.058 μs, Q1 = 39.303 μs, Median = 39.546 μs, Q3 = 39.705 μs, Max = 39.809 μs
IQR = 0.402 μs, LowerFence = 38.701 μs, UpperFence = 40.308 μs
ConfidenceInterval = [39.266 μs; 39.758 μs] (CI 99.9%), Margin = 0.246 μs (0.62% of Mean)
Skewness = -0.4, Kurtosis = 1.68, MValue = 2

// ** Remained 5 (16.7%) benchmark(s) to run. Estimated finish 2025-12-31 22:01 (0h 2m from now) **
// **************************
// Benchmark: JsonSerializationBenchmarks.STJ_Serialize_Small: Overhead-Fixed-NoEnergy-9(OutlierMode=DontRemove, IterationCount=15, IterationTime=1s, LaunchCount=1, WarmupCount=6)
// *** Execute ***
// Launch: 1 / 1
// Execute: dotnet Serialization.Bench-Overhead-Fixed-NoEnergy-9-1.dll --anonymousPipes 103 104 --benchmarkName Serialization.Bench.JsonSerializationBenchmarks.STJ_Serialize_Small --job Overhead-Fixed-NoEnergy-9 --benchmarkId 25 in /home/test/rapl-tests/lib-energy-bench/src/Serialization.Bench/bin/Release/net8.0/Serialization.Bench-Overhead-Fixed-NoEnergy-9-1/bin/Release/net8.0
// BeforeAnythingElse

// Benchmark Process Environment Information:
// BenchmarkDotNet v0.15.5-develop (2025-12-31)
// Runtime=.NET 8.0.21 (8.0.21, 8.0.2125.47513), X64 RyuJIT x86-64-v4
// GC=Concurrent Workstation
// HardwareIntrinsics=AVX512 IFMA+VBMI,AVX512 F+BW+CD+DQ+VL,AVX2+BMI1+BMI2+F16C+FMA+LZCNT+MOVBE,AVX,SSE3+SSSE3+SSE4.1+SSE4.2+POPCNT,X86Base+SSE+SSE2,AES+PCLMUL VectorSize=256
// Job: Overhead-Fixed-NoEnergy-9(OutlierMode=DontRemove, IterationCount=15, IterationTime=1s, LaunchCount=1, WarmupCount=6)

OverheadJitting  1: 1 op, 135852.00 ns, 135.8520 us/op
WorkloadJitting  1: 1 op, 3802836.00 ns, 3.8028 ms/op

OverheadJitting  2: 16 op, 357014.00 ns, 22.3134 us/op
WorkloadJitting  2: 16 op, 469120.00 ns, 29.3200 us/op

WorkloadPilot    1: 16 op, 77151.00 ns, 4.8219 us/op
WorkloadPilot    2: 207392 op, 551378385.00 ns, 2.6586 us/op
WorkloadPilot    3: 376144 op, 493027938.00 ns, 1.3107 us/op
WorkloadPilot    4: 762928 op, 994189780.00 ns, 1.3031 us/op
WorkloadPilot    5: 767392 op, 1000880946.00 ns, 1.3043 us/op
WorkloadPilot    6: 766720 op, 997412587.00 ns, 1.3009 us/op
WorkloadPilot    7: 768720 op, 1004353967.00 ns, 1.3065 us/op
WorkloadPilot    8: 765392 op, 995798850.00 ns, 1.3010 us/op
WorkloadPilot    9: 768624 op, 998909302.00 ns, 1.2996 us/op
WorkloadPilot   10: 769472 op, 1001809832.00 ns, 1.3019 us/op

OverheadWarmup   1: 769472 op, 2627653.00 ns, 3.4149 ns/op
OverheadWarmup   2: 769472 op, 2628033.00 ns, 3.4154 ns/op
OverheadWarmup   3: 769472 op, 2636995.00 ns, 3.4270 ns/op
OverheadWarmup   4: 769472 op, 2624070.00 ns, 3.4102 ns/op
OverheadWarmup   5: 769472 op, 2666747.00 ns, 3.4657 ns/op
OverheadWarmup   6: 769472 op, 2672946.00 ns, 3.4737 ns/op
OverheadWarmup   7: 769472 op, 2677769.00 ns, 3.4800 ns/op
OverheadWarmup   8: 769472 op, 2630006.00 ns, 3.4179 ns/op

OverheadActual   1: 769472 op, 2681290.00 ns, 3.4846 ns/op
OverheadActual   2: 769472 op, 2626056.00 ns, 3.4128 ns/op
OverheadActual   3: 769472 op, 2629523.00 ns, 3.4173 ns/op
OverheadActual   4: 769472 op, 2634571.00 ns, 3.4239 ns/op
OverheadActual   5: 769472 op, 2620500.00 ns, 3.4056 ns/op
OverheadActual   6: 769472 op, 2632157.00 ns, 3.4207 ns/op
OverheadActual   7: 769472 op, 2626718.00 ns, 3.4137 ns/op
OverheadActual   8: 769472 op, 2628477.00 ns, 3.4159 ns/op
OverheadActual   9: 769472 op, 2624323.00 ns, 3.4106 ns/op
OverheadActual  10: 769472 op, 2626348.00 ns, 3.4132 ns/op
OverheadActual  11: 769472 op, 2623774.00 ns, 3.4098 ns/op
OverheadActual  12: 769472 op, 2664666.00 ns, 3.4630 ns/op
OverheadActual  13: 769472 op, 2659408.00 ns, 3.4561 ns/op
OverheadActual  14: 769472 op, 2637409.00 ns, 3.4276 ns/op
OverheadActual  15: 769472 op, 2686698.00 ns, 3.4916 ns/op

WorkloadWarmup   1: 769472 op, 1002304146.00 ns, 1.3026 us/op
WorkloadWarmup   2: 769472 op, 1000464223.00 ns, 1.3002 us/op
WorkloadWarmup   3: 769472 op, 1000263981.00 ns, 1.2999 us/op
WorkloadWarmup   4: 769472 op, 1000322887.00 ns, 1.3000 us/op
WorkloadWarmup   5: 769472 op, 1000045012.00 ns, 1.2997 us/op
WorkloadWarmup   6: 769472 op, 1002281048.00 ns, 1.3026 us/op

// BeforeActualRun
WorkloadActual   1: 769472 op, 1001916594.00 ns, 1.3021 us/op
WorkloadActual   2: 769472 op, 1003983207.00 ns, 1.3048 us/op
WorkloadActual   3: 769472 op, 1004061697.00 ns, 1.3049 us/op
WorkloadActual   4: 769472 op, 1004791139.00 ns, 1.3058 us/op
WorkloadActual   5: 769472 op, 1004657081.00 ns, 1.3056 us/op
WorkloadActual   6: 769472 op, 1005458509.00 ns, 1.3067 us/op
WorkloadActual   7: 769472 op, 1005262533.00 ns, 1.3064 us/op
WorkloadActual   8: 769472 op, 1004217816.00 ns, 1.3051 us/op
WorkloadActual   9: 769472 op, 1009547468.00 ns, 1.3120 us/op
WorkloadActual  10: 769472 op, 1004831190.00 ns, 1.3059 us/op
WorkloadActual  11: 769472 op, 1004994368.00 ns, 1.3061 us/op
WorkloadActual  12: 769472 op, 1004188098.00 ns, 1.3050 us/op
WorkloadActual  13: 769472 op, 1006372337.00 ns, 1.3079 us/op
WorkloadActual  14: 769472 op, 1005178884.00 ns, 1.3063 us/op
WorkloadActual  15: 769472 op, 1005362383.00 ns, 1.3066 us/op

// AfterActualRun
WorkloadResult   1: 769472 op, 999287071.00 ns, 1.2987 us/op
WorkloadResult   2: 769472 op, 1001353684.00 ns, 1.3014 us/op
WorkloadResult   3: 769472 op, 1001432174.00 ns, 1.3015 us/op
WorkloadResult   4: 769472 op, 1002161616.00 ns, 1.3024 us/op
WorkloadResult   5: 769472 op, 1002027558.00 ns, 1.3022 us/op
WorkloadResult   6: 769472 op, 1002828986.00 ns, 1.3033 us/op
WorkloadResult   7: 769472 op, 1002633010.00 ns, 1.3030 us/op
WorkloadResult   8: 769472 op, 1001588293.00 ns, 1.3017 us/op
WorkloadResult   9: 769472 op, 1006917945.00 ns, 1.3086 us/op
WorkloadResult  10: 769472 op, 1002201667.00 ns, 1.3025 us/op
WorkloadResult  11: 769472 op, 1002364845.00 ns, 1.3027 us/op
WorkloadResult  12: 769472 op, 1001558575.00 ns, 1.3016 us/op
WorkloadResult  13: 769472 op, 1003742814.00 ns, 1.3045 us/op
WorkloadResult  14: 769472 op, 1002549361.00 ns, 1.3029 us/op
WorkloadResult  15: 769472 op, 1002732860.00 ns, 1.3031 us/op

// AfterAll
// Benchmark Process 4067490 has exited with code 0.

Mean = 1.303 μs, StdErr = 0.001 μs (0.04%), N = 15, StdDev = 0.002 μs
Min = 1.299 μs, Q1 = 1.302 μs, Median = 1.302 μs, Q3 = 1.303 μs, Max = 1.309 μs
IQR = 0.001 μs, LowerFence = 1.299 μs, UpperFence = 1.305 μs
ConfidenceInterval = [1.300 μs; 1.305 μs] (CI 99.9%), Margin = 0.002 μs (0.17% of Mean)
Skewness = 1.07, Kurtosis = 5.35, MValue = 2

// ** Remained 4 (13.3%) benchmark(s) to run. Estimated finish 2025-12-31 22:01 (0h 1m from now) **
// **************************
// Benchmark: JsonSerializationBenchmarks.Newtonsoft_Serialize_Small: Overhead-Fixed-NoEnergy-9(OutlierMode=DontRemove, IterationCount=15, IterationTime=1s, LaunchCount=1, WarmupCount=6)
// *** Execute ***
// Launch: 1 / 1
// Execute: dotnet Serialization.Bench-Overhead-Fixed-NoEnergy-9-1.dll --anonymousPipes 103 104 --benchmarkName Serialization.Bench.JsonSerializationBenchmarks.Newtonsoft_Serialize_Small --job Overhead-Fixed-NoEnergy-9 --benchmarkId 26 in /home/test/rapl-tests/lib-energy-bench/src/Serialization.Bench/bin/Release/net8.0/Serialization.Bench-Overhead-Fixed-NoEnergy-9-1/bin/Release/net8.0
// BeforeAnythingElse

// Benchmark Process Environment Information:
// BenchmarkDotNet v0.15.5-develop (2025-12-31)
// Runtime=.NET 8.0.21 (8.0.21, 8.0.2125.47513), X64 RyuJIT x86-64-v4
// GC=Concurrent Workstation
// HardwareIntrinsics=AVX512 IFMA+VBMI,AVX512 F+BW+CD+DQ+VL,AVX2+BMI1+BMI2+F16C+FMA+LZCNT+MOVBE,AVX,SSE3+SSSE3+SSE4.1+SSE4.2+POPCNT,X86Base+SSE+SSE2,AES+PCLMUL VectorSize=256
// Job: Overhead-Fixed-NoEnergy-9(OutlierMode=DontRemove, IterationCount=15, IterationTime=1s, LaunchCount=1, WarmupCount=6)

OverheadJitting  1: 1 op, 135790.00 ns, 135.7900 us/op
WorkloadJitting  1: 1 op, 37865118.00 ns, 37.8651 ms/op

OverheadJitting  2: 16 op, 367267.00 ns, 22.9542 us/op
WorkloadJitting  2: 16 op, 639234.00 ns, 39.9521 us/op

WorkloadPilot    1: 16 op, 225816.00 ns, 14.1135 us/op
WorkloadPilot    2: 70864 op, 279089014.00 ns, 3.9384 us/op
WorkloadPilot    3: 253920 op, 552560291.00 ns, 2.1761 us/op
WorkloadPilot    4: 459536 op, 998800506.00 ns, 2.1735 us/op
WorkloadPilot    5: 460096 op, 998773198.00 ns, 2.1708 us/op
WorkloadPilot    6: 460672 op, 1001790660.00 ns, 2.1746 us/op
WorkloadPilot    7: 459856 op, 1000441814.00 ns, 2.1756 us/op
WorkloadPilot    8: 459664 op, 1005747807.00 ns, 2.1880 us/op

OverheadWarmup   1: 459664 op, 1569377.00 ns, 3.4142 ns/op
OverheadWarmup   2: 459664 op, 1562065.00 ns, 3.3983 ns/op
OverheadWarmup   3: 459664 op, 1563208.00 ns, 3.4008 ns/op
OverheadWarmup   4: 459664 op, 1568133.00 ns, 3.4115 ns/op
OverheadWarmup   5: 459664 op, 1563012.00 ns, 3.4003 ns/op
OverheadWarmup   6: 459664 op, 1565156.00 ns, 3.4050 ns/op
OverheadWarmup   7: 459664 op, 1570264.00 ns, 3.4161 ns/op
OverheadWarmup   8: 459664 op, 1562725.00 ns, 3.3997 ns/op

OverheadActual   1: 459664 op, 1564004.00 ns, 3.4025 ns/op
OverheadActual   2: 459664 op, 1568309.00 ns, 3.4119 ns/op
OverheadActual   3: 459664 op, 1568816.00 ns, 3.4130 ns/op
OverheadActual   4: 459664 op, 1560743.00 ns, 3.3954 ns/op
OverheadActual   5: 459664 op, 1565921.00 ns, 3.4067 ns/op
OverheadActual   6: 459664 op, 1570302.00 ns, 3.4162 ns/op
OverheadActual   7: 459664 op, 1562783.00 ns, 3.3998 ns/op
OverheadActual   8: 459664 op, 1568258.00 ns, 3.4117 ns/op
OverheadActual   9: 459664 op, 1568070.00 ns, 3.4113 ns/op
OverheadActual  10: 459664 op, 1625580.00 ns, 3.5365 ns/op
OverheadActual  11: 459664 op, 1605681.00 ns, 3.4932 ns/op
OverheadActual  12: 459664 op, 1576541.00 ns, 3.4298 ns/op
OverheadActual  13: 459664 op, 1604466.00 ns, 3.4905 ns/op
OverheadActual  14: 459664 op, 1598139.00 ns, 3.4768 ns/op
OverheadActual  15: 459664 op, 1572880.00 ns, 3.4218 ns/op

WorkloadWarmup   1: 459664 op, 1002998028.00 ns, 2.1820 us/op
WorkloadWarmup   2: 459664 op, 1002533835.00 ns, 2.1810 us/op
WorkloadWarmup   3: 459664 op, 997045704.00 ns, 2.1691 us/op
WorkloadWarmup   4: 459664 op, 996662494.00 ns, 2.1682 us/op
WorkloadWarmup   5: 459664 op, 997863976.00 ns, 2.1709 us/op
WorkloadWarmup   6: 459664 op, 997267033.00 ns, 2.1696 us/op

// BeforeActualRun
WorkloadActual   1: 459664 op, 999378767.00 ns, 2.1742 us/op
WorkloadActual   2: 459664 op, 1001746839.00 ns, 2.1793 us/op
WorkloadActual   3: 459664 op, 1001634339.00 ns, 2.1791 us/op
WorkloadActual   4: 459664 op, 1001083043.00 ns, 2.1779 us/op
WorkloadActual   5: 459664 op, 1008819144.00 ns, 2.1947 us/op
WorkloadActual   6: 459664 op, 1002648007.00 ns, 2.1813 us/op
WorkloadActual   7: 459664 op, 1002744837.00 ns, 2.1815 us/op
WorkloadActual   8: 459664 op, 1007122935.00 ns, 2.1910 us/op
WorkloadActual   9: 459664 op, 1003485580.00 ns, 2.1831 us/op
WorkloadActual  10: 459664 op, 1003067092.00 ns, 2.1822 us/op
WorkloadActual  11: 459664 op, 1009917685.00 ns, 2.1971 us/op
WorkloadActual  12: 459664 op, 1002512633.00 ns, 2.1810 us/op
WorkloadActual  13: 459664 op, 1002241321.00 ns, 2.1804 us/op
WorkloadActual  14: 459664 op, 1001748612.00 ns, 2.1793 us/op
WorkloadActual  15: 459664 op, 1002058406.00 ns, 2.1800 us/op

// AfterActualRun
WorkloadResult   1: 459664 op, 997809951.00 ns, 2.1707 us/op
WorkloadResult   2: 459664 op, 1000178023.00 ns, 2.1759 us/op
WorkloadResult   3: 459664 op, 1000065523.00 ns, 2.1756 us/op
WorkloadResult   4: 459664 op, 999514227.00 ns, 2.1744 us/op
WorkloadResult   5: 459664 op, 1007250328.00 ns, 2.1913 us/op
WorkloadResult   6: 459664 op, 1001079191.00 ns, 2.1778 us/op
WorkloadResult   7: 459664 op, 1001176021.00 ns, 2.1781 us/op
WorkloadResult   8: 459664 op, 1005554119.00 ns, 2.1876 us/op
WorkloadResult   9: 459664 op, 1001916764.00 ns, 2.1797 us/op
WorkloadResult  10: 459664 op, 1001498276.00 ns, 2.1788 us/op
WorkloadResult  11: 459664 op, 1008348869.00 ns, 2.1937 us/op
WorkloadResult  12: 459664 op, 1000943817.00 ns, 2.1776 us/op
WorkloadResult  13: 459664 op, 1000672505.00 ns, 2.1770 us/op
WorkloadResult  14: 459664 op, 1000179796.00 ns, 2.1759 us/op
WorkloadResult  15: 459664 op, 1000489590.00 ns, 2.1766 us/op

// AfterAll
// Benchmark Process 4067506 has exited with code 0.

Mean = 2.179 μs, StdErr = 0.002 μs (0.08%), N = 15, StdDev = 0.006 μs
Min = 2.171 μs, Q1 = 2.176 μs, Median = 2.178 μs, Q3 = 2.179 μs, Max = 2.194 μs
IQR = 0.003 μs, LowerFence = 2.171 μs, UpperFence = 2.184 μs
ConfidenceInterval = [2.173 μs; 2.186 μs] (CI 99.9%), Margin = 0.007 μs (0.31% of Mean)
Skewness = 1.08, Kurtosis = 2.92, MValue = 2

// ** Remained 3 (10.0%) benchmark(s) to run. Estimated finish 2025-12-31 22:01 (0h 1m from now) **
// **************************
// Benchmark: JsonSerializationBenchmarks.Jil_Serialize_Small: Overhead-Fixed-NoEnergy-9(OutlierMode=DontRemove, IterationCount=15, IterationTime=1s, LaunchCount=1, WarmupCount=6)
// *** Execute ***
// Launch: 1 / 1
// Execute: dotnet Serialization.Bench-Overhead-Fixed-NoEnergy-9-1.dll --anonymousPipes 103 104 --benchmarkName Serialization.Bench.JsonSerializationBenchmarks.Jil_Serialize_Small --job Overhead-Fixed-NoEnergy-9 --benchmarkId 27 in /home/test/rapl-tests/lib-energy-bench/src/Serialization.Bench/bin/Release/net8.0/Serialization.Bench-Overhead-Fixed-NoEnergy-9-1/bin/Release/net8.0
// BeforeAnythingElse

// Benchmark Process Environment Information:
// BenchmarkDotNet v0.15.5-develop (2025-12-31)
// Runtime=.NET 8.0.21 (8.0.21, 8.0.2125.47513), X64 RyuJIT x86-64-v4
// GC=Concurrent Workstation
// HardwareIntrinsics=AVX512 IFMA+VBMI,AVX512 F+BW+CD+DQ+VL,AVX2+BMI1+BMI2+F16C+FMA+LZCNT+MOVBE,AVX,SSE3+SSSE3+SSE4.1+SSE4.2+POPCNT,X86Base+SSE+SSE2,AES+PCLMUL VectorSize=256
// Job: Overhead-Fixed-NoEnergy-9(OutlierMode=DontRemove, IterationCount=15, IterationTime=1s, LaunchCount=1, WarmupCount=6)

OverheadJitting  1: 1 op, 134510.00 ns, 134.5100 us/op
WorkloadJitting  1: 1 op, 107032854.00 ns, 107.0329 ms/op

WorkloadPilot    1: 4 op, 22370.00 ns, 5.5925 us/op
WorkloadPilot    2: 178811 op, 404712586.00 ns, 2.2634 us/op
WorkloadPilot    3: 441822 op, 769409644.00 ns, 1.7414 us/op
WorkloadPilot    4: 574235 op, 996197623.00 ns, 1.7348 us/op
WorkloadPilot    5: 576427 op, 1000184540.00 ns, 1.7351 us/op
WorkloadPilot    6: 576321 op, 1000684441.00 ns, 1.7363 us/op
WorkloadPilot    7: 575927 op, 1005357867.00 ns, 1.7456 us/op

WorkloadWarmup   1: 575927 op, 998924443.00 ns, 1.7345 us/op
WorkloadWarmup   2: 575927 op, 1004005710.00 ns, 1.7433 us/op
WorkloadWarmup   3: 575927 op, 1005501361.00 ns, 1.7459 us/op
WorkloadWarmup   4: 575927 op, 1003553594.00 ns, 1.7425 us/op
WorkloadWarmup   5: 575927 op, 1004620965.00 ns, 1.7444 us/op
WorkloadWarmup   6: 575927 op, 1003807597.00 ns, 1.7429 us/op

// BeforeActualRun
WorkloadActual   1: 575927 op, 997534781.00 ns, 1.7321 us/op
WorkloadActual   2: 575927 op, 1006353127.00 ns, 1.7474 us/op
WorkloadActual   3: 575927 op, 1003472157.00 ns, 1.7424 us/op
WorkloadActual   4: 575927 op, 1004308819.00 ns, 1.7438 us/op
WorkloadActual   5: 575927 op, 1004194378.00 ns, 1.7436 us/op
WorkloadActual   6: 575927 op, 1003780373.00 ns, 1.7429 us/op
WorkloadActual   7: 575927 op, 1003788516.00 ns, 1.7429 us/op
WorkloadActual   8: 575927 op, 1003319112.00 ns, 1.7421 us/op
WorkloadActual   9: 575927 op, 1004530451.00 ns, 1.7442 us/op
WorkloadActual  10: 575927 op, 1003197757.00 ns, 1.7419 us/op
WorkloadActual  11: 575927 op, 1002652463.00 ns, 1.7409 us/op
WorkloadActual  12: 575927 op, 1002807062.00 ns, 1.7412 us/op
WorkloadActual  13: 575927 op, 1004481191.00 ns, 1.7441 us/op
WorkloadActual  14: 575927 op, 1002191339.00 ns, 1.7401 us/op
WorkloadActual  15: 575927 op, 1003047216.00 ns, 1.7416 us/op

// AfterActualRun
WorkloadResult   1: 575927 op, 997534781.00 ns, 1.7321 us/op
WorkloadResult   2: 575927 op, 1006353127.00 ns, 1.7474 us/op
WorkloadResult   3: 575927 op, 1003472157.00 ns, 1.7424 us/op
WorkloadResult   4: 575927 op, 1004308819.00 ns, 1.7438 us/op
WorkloadResult   5: 575927 op, 1004194378.00 ns, 1.7436 us/op
WorkloadResult   6: 575927 op, 1003780373.00 ns, 1.7429 us/op
WorkloadResult   7: 575927 op, 1003788516.00 ns, 1.7429 us/op
WorkloadResult   8: 575927 op, 1003319112.00 ns, 1.7421 us/op
WorkloadResult   9: 575927 op, 1004530451.00 ns, 1.7442 us/op
WorkloadResult  10: 575927 op, 1003197757.00 ns, 1.7419 us/op
WorkloadResult  11: 575927 op, 1002652463.00 ns, 1.7409 us/op
WorkloadResult  12: 575927 op, 1002807062.00 ns, 1.7412 us/op
WorkloadResult  13: 575927 op, 1004481191.00 ns, 1.7441 us/op
WorkloadResult  14: 575927 op, 1002191339.00 ns, 1.7401 us/op
WorkloadResult  15: 575927 op, 1003047216.00 ns, 1.7416 us/op

// AfterAll
// Benchmark Process 4067521 has exited with code 0.

Mean = 1.742 μs, StdErr = 0.001 μs (0.05%), N = 15, StdDev = 0.003 μs
Min = 1.732 μs, Q1 = 1.741 μs, Median = 1.742 μs, Q3 = 1.744 μs, Max = 1.747 μs
IQR = 0.002 μs, LowerFence = 1.738 μs, UpperFence = 1.747 μs
ConfidenceInterval = [1.739 μs; 1.746 μs] (CI 99.9%), Margin = 0.003 μs (0.20% of Mean)
Skewness = -1.6, Kurtosis = 6.37, MValue = 2

// ** Remained 2 (6.7%) benchmark(s) to run. Estimated finish 2025-12-31 22:01 (0h 0m from now) **
// **************************
// Benchmark: JsonSerializationBenchmarks.Utf8Json_Serialize_Small: Overhead-Fixed-NoEnergy-9(OutlierMode=DontRemove, IterationCount=15, IterationTime=1s, LaunchCount=1, WarmupCount=6)
// *** Execute ***
// Launch: 1 / 1
// Execute: dotnet Serialization.Bench-Overhead-Fixed-NoEnergy-9-1.dll --anonymousPipes 103 104 --benchmarkName Serialization.Bench.JsonSerializationBenchmarks.Utf8Json_Serialize_Small --job Overhead-Fixed-NoEnergy-9 --benchmarkId 28 in /home/test/rapl-tests/lib-energy-bench/src/Serialization.Bench/bin/Release/net8.0/Serialization.Bench-Overhead-Fixed-NoEnergy-9-1/bin/Release/net8.0
// BeforeAnythingElse

// Benchmark Process Environment Information:
// BenchmarkDotNet v0.15.5-develop (2025-12-31)
// Runtime=.NET 8.0.21 (8.0.21, 8.0.2125.47513), X64 RyuJIT x86-64-v4
// GC=Concurrent Workstation
// HardwareIntrinsics=AVX512 IFMA+VBMI,AVX512 F+BW+CD+DQ+VL,AVX2+BMI1+BMI2+F16C+FMA+LZCNT+MOVBE,AVX,SSE3+SSSE3+SSE4.1+SSE4.2+POPCNT,X86Base+SSE+SSE2,AES+PCLMUL VectorSize=256
// Job: Overhead-Fixed-NoEnergy-9(OutlierMode=DontRemove, IterationCount=15, IterationTime=1s, LaunchCount=1, WarmupCount=6)

OverheadJitting  1: 1 op, 134502.00 ns, 134.5020 us/op
WorkloadJitting  1: 1 op, 47771180.00 ns, 47.7712 ms/op

OverheadJitting  2: 16 op, 385434.00 ns, 24.0896 us/op
WorkloadJitting  2: 16 op, 555545.00 ns, 34.7216 us/op

WorkloadPilot    1: 16 op, 219570.00 ns, 13.7231 us/op
WorkloadPilot    2: 72880 op, 354016832.00 ns, 4.8575 us/op
WorkloadPilot    3: 205872 op, 182382232.00 ns, 885.9011 ns/op
WorkloadPilot    4: 1128800 op, 993848959.00 ns, 880.4473 ns/op
WorkloadPilot    5: 1135792 op, 997943896.00 ns, 878.6326 ns/op
WorkloadPilot    6: 1138144 op, 1001581202.00 ns, 880.0127 ns/op
WorkloadPilot    7: 1136352 op, 997968016.00 ns, 878.2208 ns/op
WorkloadPilot    8: 1138672 op, 1000935894.00 ns, 879.0379 ns/op
WorkloadPilot    9: 1137616 op, 998854014.00 ns, 878.0239 ns/op
WorkloadPilot   10: 1138928 op, 1004770251.00 ns, 882.2070 ns/op

OverheadWarmup   1: 1138928 op, 3872037.00 ns, 3.3997 ns/op
OverheadWarmup   2: 1138928 op, 3874969.00 ns, 3.4023 ns/op
OverheadWarmup   3: 1138928 op, 3884810.00 ns, 3.4109 ns/op
OverheadWarmup   4: 1138928 op, 3871363.00 ns, 3.3991 ns/op
OverheadWarmup   5: 1138928 op, 3864538.00 ns, 3.3931 ns/op
OverheadWarmup   6: 1138928 op, 3891333.00 ns, 3.4167 ns/op
OverheadWarmup   7: 1138928 op, 3867149.00 ns, 3.3954 ns/op

OverheadActual   1: 1138928 op, 3873927.00 ns, 3.4014 ns/op
OverheadActual   2: 1138928 op, 3871541.00 ns, 3.3993 ns/op
OverheadActual   3: 1138928 op, 3875145.00 ns, 3.4024 ns/op
OverheadActual   4: 1138928 op, 3869824.00 ns, 3.3978 ns/op
OverheadActual   5: 1138928 op, 3894194.00 ns, 3.4192 ns/op
OverheadActual   6: 1138928 op, 3866962.00 ns, 3.3953 ns/op
OverheadActual   7: 1138928 op, 3866008.00 ns, 3.3944 ns/op
OverheadActual   8: 1138928 op, 3866045.00 ns, 3.3945 ns/op
OverheadActual   9: 1138928 op, 3864487.00 ns, 3.3931 ns/op
OverheadActual  10: 1138928 op, 3869961.00 ns, 3.3979 ns/op
OverheadActual  11: 1138928 op, 3867059.00 ns, 3.3953 ns/op
OverheadActual  12: 1138928 op, 3867701.00 ns, 3.3959 ns/op
OverheadActual  13: 1138928 op, 3871305.00 ns, 3.3991 ns/op
OverheadActual  14: 1138928 op, 3869782.00 ns, 3.3977 ns/op
OverheadActual  15: 1138928 op, 3866562.00 ns, 3.3949 ns/op

WorkloadWarmup   1: 1138928 op, 1003012264.00 ns, 880.6635 ns/op
WorkloadWarmup   2: 1138928 op, 1001855954.00 ns, 879.6482 ns/op
WorkloadWarmup   3: 1138928 op, 999688336.00 ns, 877.7450 ns/op
WorkloadWarmup   4: 1138928 op, 1000968827.00 ns, 878.8693 ns/op
WorkloadWarmup   5: 1138928 op, 999006114.00 ns, 877.1460 ns/op
WorkloadWarmup   6: 1138928 op, 998535385.00 ns, 876.7327 ns/op

// BeforeActualRun
WorkloadActual   1: 1138928 op, 1004582671.00 ns, 882.0423 ns/op
WorkloadActual   2: 1138928 op, 1005374087.00 ns, 882.7372 ns/op
WorkloadActual   3: 1138928 op, 1004557615.00 ns, 882.0203 ns/op
WorkloadActual   4: 1138928 op, 1005783212.00 ns, 883.0964 ns/op
WorkloadActual   5: 1138928 op, 1003715499.00 ns, 881.2809 ns/op
WorkloadActual   6: 1138928 op, 1003144948.00 ns, 880.7800 ns/op
WorkloadActual   7: 1138928 op, 1003405966.00 ns, 881.0091 ns/op
WorkloadActual   8: 1138928 op, 1003291684.00 ns, 880.9088 ns/op
WorkloadActual   9: 1138928 op, 1004218855.00 ns, 881.7229 ns/op
WorkloadActual  10: 1138928 op, 1003917173.00 ns, 881.4580 ns/op
WorkloadActual  11: 1138928 op, 1004773883.00 ns, 882.2102 ns/op
WorkloadActual  12: 1138928 op, 1004762564.00 ns, 882.2002 ns/op
WorkloadActual  13: 1138928 op, 1003825518.00 ns, 881.3775 ns/op
WorkloadActual  14: 1138928 op, 1004024237.00 ns, 881.5520 ns/op
WorkloadActual  15: 1138928 op, 1003301620.00 ns, 880.9175 ns/op

// AfterActualRun
WorkloadResult   1: 1138928 op, 1000712889.00 ns, 878.6446 ns/op
WorkloadResult   2: 1138928 op, 1001504305.00 ns, 879.3394 ns/op
WorkloadResult   3: 1138928 op, 1000687833.00 ns, 878.6226 ns/op
WorkloadResult   4: 1138928 op, 1001913430.00 ns, 879.6987 ns/op
WorkloadResult   5: 1138928 op, 999845717.00 ns, 877.8832 ns/op
WorkloadResult   6: 1138928 op, 999275166.00 ns, 877.3822 ns/op
WorkloadResult   7: 1138928 op, 999536184.00 ns, 877.6114 ns/op
WorkloadResult   8: 1138928 op, 999421902.00 ns, 877.5110 ns/op
WorkloadResult   9: 1138928 op, 1000349073.00 ns, 878.3251 ns/op
WorkloadResult  10: 1138928 op, 1000047391.00 ns, 878.0602 ns/op
WorkloadResult  11: 1138928 op, 1000904101.00 ns, 878.8124 ns/op
WorkloadResult  12: 1138928 op, 1000892782.00 ns, 878.8025 ns/op
WorkloadResult  13: 1138928 op, 999955736.00 ns, 877.9798 ns/op
WorkloadResult  14: 1138928 op, 1000154455.00 ns, 878.1542 ns/op
WorkloadResult  15: 1138928 op, 999431838.00 ns, 877.5198 ns/op

// AfterAll
// Benchmark Process 4067540 has exited with code 0.

Mean = 878.290 ns, StdErr = 0.178 ns (0.02%), N = 15, StdDev = 0.691 ns
Min = 877.382 ns, Q1 = 877.747 ns, Median = 878.154 ns, Q3 = 878.724 ns, Max = 879.699 ns
IQR = 0.976 ns, LowerFence = 876.283 ns, UpperFence = 880.188 ns
ConfidenceInterval = [877.552 ns; 879.028 ns] (CI 99.9%), Margin = 0.738 ns (0.08% of Mean)
Skewness = 0.45, Kurtosis = 2.04, MValue = 2

// ** Remained 1 (3.3%) benchmark(s) to run. Estimated finish 2025-12-31 22:01 (0h 0m from now) **
// **************************
// Benchmark: JsonSerializationBenchmarks.SpanJson_Serialize_Small: Overhead-Fixed-NoEnergy-9(OutlierMode=DontRemove, IterationCount=15, IterationTime=1s, LaunchCount=1, WarmupCount=6)
// *** Execute ***
// Launch: 1 / 1
// Execute: dotnet Serialization.Bench-Overhead-Fixed-NoEnergy-9-1.dll --anonymousPipes 103 104 --benchmarkName Serialization.Bench.JsonSerializationBenchmarks.SpanJson_Serialize_Small --job Overhead-Fixed-NoEnergy-9 --benchmarkId 29 in /home/test/rapl-tests/lib-energy-bench/src/Serialization.Bench/bin/Release/net8.0/Serialization.Bench-Overhead-Fixed-NoEnergy-9-1/bin/Release/net8.0
// BeforeAnythingElse

// Benchmark Process Environment Information:
// BenchmarkDotNet v0.15.5-develop (2025-12-31)
// Runtime=.NET 8.0.21 (8.0.21, 8.0.2125.47513), X64 RyuJIT x86-64-v4
// GC=Concurrent Workstation
// HardwareIntrinsics=AVX512 IFMA+VBMI,AVX512 F+BW+CD+DQ+VL,AVX2+BMI1+BMI2+F16C+FMA+LZCNT+MOVBE,AVX,SSE3+SSSE3+SSE4.1+SSE4.2+POPCNT,X86Base+SSE+SSE2,AES+PCLMUL VectorSize=256
// Job: Overhead-Fixed-NoEnergy-9(OutlierMode=DontRemove, IterationCount=15, IterationTime=1s, LaunchCount=1, WarmupCount=6)

OverheadJitting  1: 1 op, 134759.00 ns, 134.7590 us/op
WorkloadJitting  1: 1 op, 59969267.00 ns, 59.9693 ms/op

OverheadJitting  2: 16 op, 362640.00 ns, 22.6650 us/op
WorkloadJitting  2: 16 op, 580202.00 ns, 36.2626 us/op

WorkloadPilot    1: 16 op, 230149.00 ns, 14.3843 us/op
WorkloadPilot    2: 69520 op, 257248721.00 ns, 3.7004 us/op
WorkloadPilot    3: 270256 op, 333930869.00 ns, 1.2356 us/op
WorkloadPilot    4: 809328 op, 983498084.00 ns, 1.2152 us/op
WorkloadPilot    5: 822912 op, 1001168745.00 ns, 1.2166 us/op
WorkloadPilot    6: 821952 op, 1001316895.00 ns, 1.2182 us/op
WorkloadPilot    7: 820880 op, 1000471405.00 ns, 1.2188 us/op

OverheadWarmup   1: 820880 op, 2799190.00 ns, 3.4100 ns/op
OverheadWarmup   2: 820880 op, 2806388.00 ns, 3.4188 ns/op
OverheadWarmup   3: 820880 op, 2812157.00 ns, 3.4258 ns/op
OverheadWarmup   4: 820880 op, 2801435.00 ns, 3.4127 ns/op
OverheadWarmup   5: 820880 op, 2801308.00 ns, 3.4126 ns/op
OverheadWarmup   6: 820880 op, 2803512.00 ns, 3.4153 ns/op
OverheadWarmup   7: 820880 op, 2804056.00 ns, 3.4159 ns/op
OverheadWarmup   8: 820880 op, 2804002.00 ns, 3.4158 ns/op

OverheadActual   1: 820880 op, 2806567.00 ns, 3.4190 ns/op
OverheadActual   2: 820880 op, 2805862.00 ns, 3.4181 ns/op
OverheadActual   3: 820880 op, 2819907.00 ns, 3.4352 ns/op
OverheadActual   4: 820880 op, 2824490.00 ns, 3.4408 ns/op
OverheadActual   5: 820880 op, 2812112.00 ns, 3.4257 ns/op
OverheadActual   6: 820880 op, 2795795.00 ns, 3.4059 ns/op
OverheadActual   7: 820880 op, 2809743.00 ns, 3.4228 ns/op
OverheadActual   8: 820880 op, 2797281.00 ns, 3.4077 ns/op
OverheadActual   9: 820880 op, 2806385.00 ns, 3.4188 ns/op
OverheadActual  10: 820880 op, 2799653.00 ns, 3.4106 ns/op
OverheadActual  11: 820880 op, 2820516.00 ns, 3.4360 ns/op
OverheadActual  12: 820880 op, 2807544.00 ns, 3.4202 ns/op
OverheadActual  13: 820880 op, 2805674.00 ns, 3.4179 ns/op
OverheadActual  14: 820880 op, 2804288.00 ns, 3.4162 ns/op
OverheadActual  15: 820880 op, 2804033.00 ns, 3.4159 ns/op

WorkloadWarmup   1: 820880 op, 1003057087.00 ns, 1.2219 us/op
WorkloadWarmup   2: 820880 op, 997369669.00 ns, 1.2150 us/op
WorkloadWarmup   3: 820880 op, 999293176.00 ns, 1.2173 us/op
WorkloadWarmup   4: 820880 op, 997778967.00 ns, 1.2155 us/op
WorkloadWarmup   5: 820880 op, 997515369.00 ns, 1.2152 us/op
WorkloadWarmup   6: 820880 op, 1000394102.00 ns, 1.2187 us/op

// BeforeActualRun
WorkloadActual   1: 820880 op, 1002578236.00 ns, 1.2213 us/op
WorkloadActual   2: 820880 op, 1002657179.00 ns, 1.2214 us/op
WorkloadActual   3: 820880 op, 1003108874.00 ns, 1.2220 us/op
WorkloadActual   4: 820880 op, 1000522936.00 ns, 1.2188 us/op
WorkloadActual   5: 820880 op, 1005192138.00 ns, 1.2245 us/op
WorkloadActual   6: 820880 op, 1000458660.00 ns, 1.2188 us/op
WorkloadActual   7: 820880 op, 999665347.00 ns, 1.2178 us/op
WorkloadActual   8: 820880 op, 999331207.00 ns, 1.2174 us/op
WorkloadActual   9: 820880 op, 999992660.00 ns, 1.2182 us/op
WorkloadActual  10: 820880 op, 1002735410.00 ns, 1.2215 us/op
WorkloadActual  11: 820880 op, 1003070834.00 ns, 1.2219 us/op
WorkloadActual  12: 820880 op, 1000979339.00 ns, 1.2194 us/op
WorkloadActual  13: 820880 op, 1001195490.00 ns, 1.2197 us/op
WorkloadActual  14: 820880 op, 1002368758.00 ns, 1.2211 us/op
WorkloadActual  15: 820880 op, 1000944799.00 ns, 1.2194 us/op

// AfterActualRun
WorkloadResult   1: 820880 op, 999771851.00 ns, 1.2179 us/op
WorkloadResult   2: 820880 op, 999850794.00 ns, 1.2180 us/op
WorkloadResult   3: 820880 op, 1000302489.00 ns, 1.2186 us/op
WorkloadResult   4: 820880 op, 997716551.00 ns, 1.2154 us/op
WorkloadResult   5: 820880 op, 1002385753.00 ns, 1.2211 us/op
WorkloadResult   6: 820880 op, 997652275.00 ns, 1.2153 us/op
WorkloadResult   7: 820880 op, 996858962.00 ns, 1.2144 us/op
WorkloadResult   8: 820880 op, 996524822.00 ns, 1.2140 us/op
WorkloadResult   9: 820880 op, 997186275.00 ns, 1.2148 us/op
WorkloadResult  10: 820880 op, 999929025.00 ns, 1.2181 us/op
WorkloadResult  11: 820880 op, 1000264449.00 ns, 1.2185 us/op
WorkloadResult  12: 820880 op, 998172954.00 ns, 1.2160 us/op
WorkloadResult  13: 820880 op, 998389105.00 ns, 1.2162 us/op
WorkloadResult  14: 820880 op, 999562373.00 ns, 1.2177 us/op
WorkloadResult  15: 820880 op, 998138414.00 ns, 1.2159 us/op

// AfterAll
// Benchmark Process 4067554 has exited with code 0.

Mean = 1.217 μs, StdErr = 0.001 μs (0.04%), N = 15, StdDev = 0.002 μs
Min = 1.214 μs, Q1 = 1.215 μs, Median = 1.216 μs, Q3 = 1.218 μs, Max = 1.221 μs
IQR = 0.003 μs, LowerFence = 1.211 μs, UpperFence = 1.222 μs
ConfidenceInterval = [1.215 μs; 1.219 μs] (CI 99.9%), Margin = 0.002 μs (0.17% of Mean)
Skewness = 0.4, Kurtosis = 2.25, MValue = 2

// ** Remained 0 (0.0%) benchmark(s) to run. Estimated finish 2025-12-31 22:01 (0h 0m from now) **
// ***** BenchmarkRunner: Finish  *****

// * Export *
  Helpers/../BenchmarkArtifacts/results/Serialization.Bench.JsonSerializationBenchmarks-report.csv
  Helpers/../BenchmarkArtifacts/results/Serialization.Bench.JsonSerializationBenchmarks-report-github.md
  Helpers/../BenchmarkArtifacts/results/Serialization.Bench.JsonSerializationBenchmarks-report.html
  Helpers/../BenchmarkArtifacts/results/Serialization.Bench.JsonSerializationBenchmarks-measurements.csv

// * Detailed results *
JsonSerializationBenchmarks.SpanJson_Deserialize_Large: Overhead-Fixed-NoEnergy-9(OutlierMode=DontRemove, IterationCount=15, IterationTime=1s, LaunchCount=1, WarmupCount=6)
Runtime = .NET 8.0.21 (8.0.21, 8.0.2125.47513), X64 RyuJIT x86-64-v4; GC = Concurrent Workstation
Mean = 150.845 μs, StdErr = 0.019 μs (0.01%), N = 15, StdDev = 0.075 μs
Min = 150.735 μs, Q1 = 150.798 μs, Median = 150.831 μs, Q3 = 150.898 μs, Max = 150.979 μs
IQR = 0.100 μs, LowerFence = 150.647 μs, UpperFence = 151.049 μs
ConfidenceInterval = [150.765 μs; 150.924 μs] (CI 99.9%), Margin = 0.080 μs (0.05% of Mean)
Skewness = 0.41, Kurtosis = 1.81, MValue = 2
-------------------- Histogram --------------------
[150.695 μs ; 151.019 μs) | @@@@@@@@@@@@@@@
---------------------------------------------------

JsonSerializationBenchmarks.STJ_Deserialize_Large: Overhead-Fixed-NoEnergy-9(OutlierMode=DontRemove, IterationCount=15, IterationTime=1s, LaunchCount=1, WarmupCount=6)
Runtime = .NET 8.0.21 (8.0.21, 8.0.2125.47513), X64 RyuJIT x86-64-v4; GC = Concurrent Workstation
Mean = 201.213 μs, StdErr = 0.107 μs (0.05%), N = 15, StdDev = 0.414 μs
Min = 200.882 μs, Q1 = 201.007 μs, Median = 201.103 μs, Q3 = 201.252 μs, Max = 202.597 μs
IQR = 0.245 μs, LowerFence = 200.640 μs, UpperFence = 201.619 μs
ConfidenceInterval = [200.771 μs; 201.655 μs] (CI 99.9%), Margin = 0.442 μs (0.22% of Mean)
Skewness = 2.41, Kurtosis = 8.44, MValue = 2
-------------------- Histogram --------------------
[200.662 μs ; 202.817 μs) | @@@@@@@@@@@@@@@
---------------------------------------------------

JsonSerializationBenchmarks.Jil_Deserialize_Large: Overhead-Fixed-NoEnergy-9(OutlierMode=DontRemove, IterationCount=15, IterationTime=1s, LaunchCount=1, WarmupCount=6)
Runtime = .NET 8.0.21 (8.0.21, 8.0.2125.47513), X64 RyuJIT x86-64-v4; GC = Concurrent Workstation
Mean = 212.645 μs, StdErr = 0.060 μs (0.03%), N = 15, StdDev = 0.232 μs
Min = 211.966 μs, Q1 = 212.588 μs, Median = 212.655 μs, Q3 = 212.775 μs, Max = 212.974 μs
IQR = 0.188 μs, LowerFence = 212.306 μs, UpperFence = 213.057 μs
ConfidenceInterval = [212.397 μs; 212.894 μs] (CI 99.9%), Margin = 0.248 μs (0.12% of Mean)
Skewness = -1.36, Kurtosis = 5.29, MValue = 2
-------------------- Histogram --------------------
[211.842 μs ; 213.098 μs) | @@@@@@@@@@@@@@@
---------------------------------------------------

JsonSerializationBenchmarks.Newtonsoft_Deserialize_Large: Overhead-Fixed-NoEnergy-9(OutlierMode=DontRemove, IterationCount=15, IterationTime=1s, LaunchCount=1, WarmupCount=6)
Runtime = .NET 8.0.21 (8.0.21, 8.0.2125.47513), X64 RyuJIT x86-64-v4; GC = Concurrent Workstation
Mean = 243.195 μs, StdErr = 0.059 μs (0.02%), N = 15, StdDev = 0.227 μs
Min = 242.978 μs, Q1 = 243.060 μs, Median = 243.110 μs, Q3 = 243.254 μs, Max = 243.710 μs
IQR = 0.194 μs, LowerFence = 242.768 μs, UpperFence = 243.546 μs
ConfidenceInterval = [242.952 μs; 243.439 μs] (CI 99.9%), Margin = 0.243 μs (0.10% of Mean)
Skewness = 1.16, Kurtosis = 2.96, MValue = 2
-------------------- Histogram --------------------
[242.857 μs ; 243.831 μs) | @@@@@@@@@@@@@@@
---------------------------------------------------

JsonSerializationBenchmarks.Utf8Json_Deserialize_Large: Overhead-Fixed-NoEnergy-9(OutlierMode=DontRemove, IterationCount=15, IterationTime=1s, LaunchCount=1, WarmupCount=6)
Runtime = .NET 8.0.21 (8.0.21, 8.0.2125.47513), X64 RyuJIT x86-64-v4; GC = Concurrent Workstation
Mean = 284.112 μs, StdErr = 0.517 μs (0.18%), N = 15, StdDev = 2.001 μs
Min = 281.126 μs, Q1 = 281.560 μs, Median = 285.318 μs, Q3 = 285.444 μs, Max = 286.055 μs
IQR = 3.883 μs, LowerFence = 275.735 μs, UpperFence = 291.269 μs
ConfidenceInterval = [281.974 μs; 286.251 μs] (CI 99.9%), Margin = 2.139 μs (0.75% of Mean)
Skewness = -0.62, Kurtosis = 1.33, MValue = 2
-------------------- Histogram --------------------
[280.061 μs ; 287.120 μs) | @@@@@@@@@@@@@@@
---------------------------------------------------

JsonSerializationBenchmarks.SpanJson_Deserialize_Medium: Overhead-Fixed-NoEnergy-9(OutlierMode=DontRemove, IterationCount=15, IterationTime=1s, LaunchCount=1, WarmupCount=6)
Runtime = .NET 8.0.21 (8.0.21, 8.0.2125.47513), X64 RyuJIT x86-64-v4; GC = Concurrent Workstation
Mean = 39.377 μs, StdErr = 0.086 μs (0.22%), N = 15, StdDev = 0.332 μs
Min = 39.076 μs, Q1 = 39.190 μs, Median = 39.253 μs, Q3 = 39.426 μs, Max = 40.417 μs
IQR = 0.236 μs, LowerFence = 38.837 μs, UpperFence = 39.780 μs
ConfidenceInterval = [39.022 μs; 39.732 μs] (CI 99.9%), Margin = 0.355 μs (0.90% of Mean)
Skewness = 1.95, Kurtosis = 6.58, MValue = 2
-------------------- Histogram --------------------
[38.899 μs ; 40.594 μs) | @@@@@@@@@@@@@@@
---------------------------------------------------

JsonSerializationBenchmarks.STJ_Deserialize_Medium: Overhead-Fixed-NoEnergy-9(OutlierMode=DontRemove, IterationCount=15, IterationTime=1s, LaunchCount=1, WarmupCount=6)
Runtime = .NET 8.0.21 (8.0.21, 8.0.2125.47513), X64 RyuJIT x86-64-v4; GC = Concurrent Workstation
Mean = 53.026 μs, StdErr = 0.026 μs (0.05%), N = 15, StdDev = 0.101 μs
Min = 52.891 μs, Q1 = 52.938 μs, Median = 53.018 μs, Q3 = 53.085 μs, Max = 53.201 μs
IQR = 0.147 μs, LowerFence = 52.717 μs, UpperFence = 53.305 μs
ConfidenceInterval = [52.919 μs; 53.134 μs] (CI 99.9%), Margin = 0.108 μs (0.20% of Mean)
Skewness = 0.17, Kurtosis = 1.7, MValue = 2
-------------------- Histogram --------------------
[52.837 μs ; 53.254 μs) | @@@@@@@@@@@@@@@
---------------------------------------------------

JsonSerializationBenchmarks.Jil_Deserialize_Medium: Overhead-Fixed-NoEnergy-9(OutlierMode=DontRemove, IterationCount=15, IterationTime=1s, LaunchCount=1, WarmupCount=6)
Runtime = .NET 8.0.21 (8.0.21, 8.0.2125.47513), X64 RyuJIT x86-64-v4; GC = Concurrent Workstation
Mean = 55.959 μs, StdErr = 0.016 μs (0.03%), N = 15, StdDev = 0.061 μs
Min = 55.889 μs, Q1 = 55.927 μs, Median = 55.953 μs, Q3 = 55.971 μs, Max = 56.147 μs
IQR = 0.044 μs, LowerFence = 55.861 μs, UpperFence = 56.037 μs
ConfidenceInterval = [55.894 μs; 56.024 μs] (CI 99.9%), Margin = 0.065 μs (0.12% of Mean)
Skewness = 1.77, Kurtosis = 6.39, MValue = 2
-------------------- Histogram --------------------
[55.857 μs ; 56.180 μs) | @@@@@@@@@@@@@@@
---------------------------------------------------

JsonSerializationBenchmarks.Utf8Json_Deserialize_Medium: Overhead-Fixed-NoEnergy-9(OutlierMode=DontRemove, IterationCount=15, IterationTime=1s, LaunchCount=1, WarmupCount=6)
Runtime = .NET 8.0.21 (8.0.21, 8.0.2125.47513), X64 RyuJIT x86-64-v4; GC = Concurrent Workstation
Mean = 61.183 μs, StdErr = 0.021 μs (0.03%), N = 15, StdDev = 0.083 μs
Min = 61.061 μs, Q1 = 61.126 μs, Median = 61.201 μs, Q3 = 61.231 μs, Max = 61.315 μs
IQR = 0.105 μs, LowerFence = 60.969 μs, UpperFence = 61.388 μs
ConfidenceInterval = [61.095 μs; 61.271 μs] (CI 99.9%), Margin = 0.088 μs (0.14% of Mean)
Skewness = 0.1, Kurtosis = 1.6, MValue = 2
-------------------- Histogram --------------------
[61.017 μs ; 61.359 μs) | @@@@@@@@@@@@@@@
---------------------------------------------------

JsonSerializationBenchmarks.Newtonsoft_Deserialize_Medium: Overhead-Fixed-NoEnergy-9(OutlierMode=DontRemove, IterationCount=15, IterationTime=1s, LaunchCount=1, WarmupCount=6)
Runtime = .NET 8.0.21 (8.0.21, 8.0.2125.47513), X64 RyuJIT x86-64-v4; GC = Concurrent Workstation
Mean = 67.666 μs, StdErr = 0.033 μs (0.05%), N = 15, StdDev = 0.127 μs
Min = 67.442 μs, Q1 = 67.584 μs, Median = 67.699 μs, Q3 = 67.761 μs, Max = 67.878 μs
IQR = 0.177 μs, LowerFence = 67.318 μs, UpperFence = 68.028 μs
ConfidenceInterval = [67.530 μs; 67.802 μs] (CI 99.9%), Margin = 0.136 μs (0.20% of Mean)
Skewness = -0.22, Kurtosis = 1.79, MValue = 2
-------------------- Histogram --------------------
[67.374 μs ; 67.946 μs) | @@@@@@@@@@@@@@@
---------------------------------------------------

JsonSerializationBenchmarks.SpanJson_Deserialize_Small: Overhead-Fixed-NoEnergy-9(OutlierMode=DontRemove, IterationCount=15, IterationTime=1s, LaunchCount=1, WarmupCount=6)
Runtime = .NET 8.0.21 (8.0.21, 8.0.2125.47513), X64 RyuJIT x86-64-v4; GC = Concurrent Workstation
Mean = 1.168 μs, StdErr = 0.001 μs (0.06%), N = 15, StdDev = 0.003 μs
Min = 1.165 μs, Q1 = 1.166 μs, Median = 1.167 μs, Q3 = 1.168 μs, Max = 1.174 μs
IQR = 0.002 μs, LowerFence = 1.163 μs, UpperFence = 1.171 μs
ConfidenceInterval = [1.165 μs; 1.170 μs] (CI 99.9%), Margin = 0.003 μs (0.24% of Mean)
Skewness = 1.34, Kurtosis = 3.52, MValue = 2
-------------------- Histogram --------------------
[1.164 μs ; 1.175 μs) | @@@@@@@@@@@@@@@
---------------------------------------------------

JsonSerializationBenchmarks.STJ_Deserialize_Small: Overhead-Fixed-NoEnergy-9(OutlierMode=DontRemove, IterationCount=15, IterationTime=1s, LaunchCount=1, WarmupCount=6)
Runtime = .NET 8.0.21 (8.0.21, 8.0.2125.47513), X64 RyuJIT x86-64-v4; GC = Concurrent Workstation
Mean = 2.000 μs, StdErr = 0.001 μs (0.04%), N = 15, StdDev = 0.003 μs
Min = 1.996 μs, Q1 = 1.998 μs, Median = 1.999 μs, Q3 = 2.001 μs, Max = 2.009 μs
IQR = 0.003 μs, LowerFence = 1.993 μs, UpperFence = 2.006 μs
ConfidenceInterval = [1.996 μs; 2.003 μs] (CI 99.9%), Margin = 0.003 μs (0.17% of Mean)
Skewness = 1.59, Kurtosis = 5.18, MValue = 2
-------------------- Histogram --------------------
[1.994 μs ; 2.011 μs) | @@@@@@@@@@@@@@@
---------------------------------------------------

JsonSerializationBenchmarks.Utf8Json_Deserialize_Small: Overhead-Fixed-NoEnergy-9(OutlierMode=DontRemove, IterationCount=15, IterationTime=1s, LaunchCount=1, WarmupCount=6)
Runtime = .NET 8.0.21 (8.0.21, 8.0.2125.47513), X64 RyuJIT x86-64-v4; GC = Concurrent Workstation
Mean = 2.001 μs, StdErr = 0.001 μs (0.05%), N = 15, StdDev = 0.004 μs
Min = 1.997 μs, Q1 = 1.999 μs, Median = 2.001 μs, Q3 = 2.002 μs, Max = 2.012 μs
IQR = 0.003 μs, LowerFence = 1.995 μs, UpperFence = 2.006 μs
ConfidenceInterval = [1.998 μs; 2.005 μs] (CI 99.9%), Margin = 0.004 μs (0.19% of Mean)
Skewness = 1.41, Kurtosis = 5.05, MValue = 2
-------------------- Histogram --------------------
[1.995 μs ; 2.014 μs) | @@@@@@@@@@@@@@@
---------------------------------------------------

JsonSerializationBenchmarks.Jil_Deserialize_Small: Overhead-Fixed-NoEnergy-9(OutlierMode=DontRemove, IterationCount=15, IterationTime=1s, LaunchCount=1, WarmupCount=6)
Runtime = .NET 8.0.21 (8.0.21, 8.0.2125.47513), X64 RyuJIT x86-64-v4; GC = Concurrent Workstation
Mean = 2.256 μs, StdErr = 0.001 μs (0.04%), N = 15, StdDev = 0.004 μs
Min = 2.251 μs, Q1 = 2.254 μs, Median = 2.256 μs, Q3 = 2.258 μs, Max = 2.266 μs
IQR = 0.004 μs, LowerFence = 2.248 μs, UpperFence = 2.263 μs
ConfidenceInterval = [2.253 μs; 2.260 μs] (CI 99.9%), Margin = 0.004 μs (0.17% of Mean)
Skewness = 1.04, Kurtosis = 3.81, MValue = 2
-------------------- Histogram --------------------
[2.249 μs ; 2.268 μs) | @@@@@@@@@@@@@@@
---------------------------------------------------

JsonSerializationBenchmarks.Newtonsoft_Deserialize_Small: Overhead-Fixed-NoEnergy-9(OutlierMode=DontRemove, IterationCount=15, IterationTime=1s, LaunchCount=1, WarmupCount=6)
Runtime = .NET 8.0.21 (8.0.21, 8.0.2125.47513), X64 RyuJIT x86-64-v4; GC = Concurrent Workstation
Mean = 3.642 μs, StdErr = 0.002 μs (0.04%), N = 15, StdDev = 0.006 μs
Min = 3.638 μs, Q1 = 3.639 μs, Median = 3.639 μs, Q3 = 3.641 μs, Max = 3.659 μs
IQR = 0.002 μs, LowerFence = 3.637 μs, UpperFence = 3.643 μs
ConfidenceInterval = [3.635 μs; 3.648 μs] (CI 99.9%), Margin = 0.006 μs (0.18% of Mean)
Skewness = 1.87, Kurtosis = 5.03, MValue = 2
-------------------- Histogram --------------------
[3.635 μs ; 3.662 μs) | @@@@@@@@@@@@@@@
---------------------------------------------------

JsonSerializationBenchmarks.SpanJson_Serialize_Large: Overhead-Fixed-NoEnergy-9(OutlierMode=DontRemove, IterationCount=15, IterationTime=1s, LaunchCount=1, WarmupCount=6)
Runtime = .NET 8.0.21 (8.0.21, 8.0.2125.47513), X64 RyuJIT x86-64-v4; GC = Concurrent Workstation
Mean = 158.509 μs, StdErr = 0.423 μs (0.27%), N = 15, StdDev = 1.638 μs
Min = 156.595 μs, Q1 = 157.410 μs, Median = 157.995 μs, Q3 = 159.664 μs, Max = 162.624 μs
IQR = 2.255 μs, LowerFence = 154.027 μs, UpperFence = 163.046 μs
ConfidenceInterval = [156.758 μs; 160.261 μs] (CI 99.9%), Margin = 1.752 μs (1.11% of Mean)
Skewness = 0.96, Kurtosis = 3.12, MValue = 2
-------------------- Histogram --------------------
[155.723 μs ; 163.496 μs) | @@@@@@@@@@@@@@@
---------------------------------------------------

JsonSerializationBenchmarks.STJ_Serialize_Large: Overhead-Fixed-NoEnergy-9(OutlierMode=DontRemove, IterationCount=15, IterationTime=1s, LaunchCount=1, WarmupCount=6)
Runtime = .NET 8.0.21 (8.0.21, 8.0.2125.47513), X64 RyuJIT x86-64-v4; GC = Concurrent Workstation
Mean = 184.250 μs, StdErr = 0.075 μs (0.04%), N = 15, StdDev = 0.292 μs
Min = 183.850 μs, Q1 = 183.991 μs, Median = 184.226 μs, Q3 = 184.381 μs, Max = 184.825 μs
IQR = 0.390 μs, LowerFence = 183.406 μs, UpperFence = 184.965 μs
ConfidenceInterval = [183.938 μs; 184.563 μs] (CI 99.9%), Margin = 0.313 μs (0.17% of Mean)
Skewness = 0.57, Kurtosis = 2.29, MValue = 2
-------------------- Histogram --------------------
[183.695 μs ; 184.980 μs) | @@@@@@@@@@@@@@@
---------------------------------------------------

JsonSerializationBenchmarks.Jil_Serialize_Large: Overhead-Fixed-NoEnergy-9(OutlierMode=DontRemove, IterationCount=15, IterationTime=1s, LaunchCount=1, WarmupCount=6)
Runtime = .NET 8.0.21 (8.0.21, 8.0.2125.47513), X64 RyuJIT x86-64-v4; GC = Concurrent Workstation
Mean = 285.073 μs, StdErr = 0.078 μs (0.03%), N = 15, StdDev = 0.301 μs
Min = 284.763 μs, Q1 = 284.867 μs, Median = 284.978 μs, Q3 = 285.221 μs, Max = 285.801 μs
IQR = 0.354 μs, LowerFence = 284.335 μs, UpperFence = 285.753 μs
ConfidenceInterval = [284.752 μs; 285.395 μs] (CI 99.9%), Margin = 0.322 μs (0.11% of Mean)
Skewness = 1, Kurtosis = 2.92, MValue = 2
-------------------- Histogram --------------------
[284.603 μs ; 285.961 μs) | @@@@@@@@@@@@@@@
---------------------------------------------------

JsonSerializationBenchmarks.Utf8Json_Serialize_Large: Overhead-Fixed-NoEnergy-9(OutlierMode=DontRemove, IterationCount=15, IterationTime=1s, LaunchCount=1, WarmupCount=6)
Runtime = .NET 8.0.21 (8.0.21, 8.0.2125.47513), X64 RyuJIT x86-64-v4; GC = Concurrent Workstation
Mean = 289.309 μs, StdErr = 0.270 μs (0.09%), N = 15, StdDev = 1.046 μs
Min = 287.750 μs, Q1 = 288.638 μs, Median = 289.198 μs, Q3 = 289.490 μs, Max = 291.885 μs
IQR = 0.852 μs, LowerFence = 287.360 μs, UpperFence = 290.767 μs
ConfidenceInterval = [288.190 μs; 290.427 μs] (CI 99.9%), Margin = 1.119 μs (0.39% of Mean)
Skewness = 0.89, Kurtosis = 3.25, MValue = 2
-------------------- Histogram --------------------
[287.193 μs ; 292.442 μs) | @@@@@@@@@@@@@@@
---------------------------------------------------

JsonSerializationBenchmarks.Newtonsoft_Serialize_Large: Overhead-Fixed-NoEnergy-9(OutlierMode=DontRemove, IterationCount=15, IterationTime=1s, LaunchCount=1, WarmupCount=6)
Runtime = .NET 8.0.21 (8.0.21, 8.0.2125.47513), X64 RyuJIT x86-64-v4; GC = Concurrent Workstation
Mean = 296.958 μs, StdErr = 0.060 μs (0.02%), N = 15, StdDev = 0.233 μs
Min = 296.615 μs, Q1 = 296.809 μs, Median = 296.949 μs, Q3 = 297.101 μs, Max = 297.473 μs
IQR = 0.292 μs, LowerFence = 296.372 μs, UpperFence = 297.539 μs
ConfidenceInterval = [296.709 μs; 297.207 μs] (CI 99.9%), Margin = 0.249 μs (0.08% of Mean)
Skewness = 0.43, Kurtosis = 2.42, MValue = 2
-------------------- Histogram --------------------
[296.491 μs ; 297.597 μs) | @@@@@@@@@@@@@@@
---------------------------------------------------

JsonSerializationBenchmarks.Jil_Serialize_Medium: Overhead-Fixed-NoEnergy-9(OutlierMode=DontRemove, IterationCount=15, IterationTime=1s, LaunchCount=1, WarmupCount=6)
Runtime = .NET 8.0.21 (8.0.21, 8.0.2125.47513), X64 RyuJIT x86-64-v4; GC = Concurrent Workstation
Mean = 38.579 μs, StdErr = 0.013 μs (0.03%), N = 15, StdDev = 0.049 μs
Min = 38.432 μs, Q1 = 38.565 μs, Median = 38.586 μs, Q3 = 38.595 μs, Max = 38.644 μs
IQR = 0.030 μs, LowerFence = 38.519 μs, UpperFence = 38.641 μs
ConfidenceInterval = [38.527 μs; 38.631 μs] (CI 99.9%), Margin = 0.052 μs (0.14% of Mean)
Skewness = -1.56, Kurtosis = 5.89, MValue = 2
-------------------- Histogram --------------------
[38.406 μs ; 38.669 μs) | @@@@@@@@@@@@@@@
---------------------------------------------------

JsonSerializationBenchmarks.SpanJson_Serialize_Medium: Overhead-Fixed-NoEnergy-9(OutlierMode=DontRemove, IterationCount=15, IterationTime=1s, LaunchCount=1, WarmupCount=6)
Runtime = .NET 8.0.21 (8.0.21, 8.0.2125.47513), X64 RyuJIT x86-64-v4; GC = Concurrent Workstation
Mean = 39.512 μs, StdErr = 0.059 μs (0.15%), N = 15, StdDev = 0.230 μs
Min = 39.058 μs, Q1 = 39.303 μs, Median = 39.546 μs, Q3 = 39.705 μs, Max = 39.809 μs
IQR = 0.402 μs, LowerFence = 38.701 μs, UpperFence = 40.308 μs
ConfidenceInterval = [39.266 μs; 39.758 μs] (CI 99.9%), Margin = 0.246 μs (0.62% of Mean)
Skewness = -0.4, Kurtosis = 1.68, MValue = 2
-------------------- Histogram --------------------
[38.935 μs ; 39.931 μs) | @@@@@@@@@@@@@@@
---------------------------------------------------

JsonSerializationBenchmarks.STJ_Serialize_Medium: Overhead-Fixed-NoEnergy-9(OutlierMode=DontRemove, IterationCount=15, IterationTime=1s, LaunchCount=1, WarmupCount=6)
Runtime = .NET 8.0.21 (8.0.21, 8.0.2125.47513), X64 RyuJIT x86-64-v4; GC = Concurrent Workstation
Mean = 46.578 μs, StdErr = 0.027 μs (0.06%), N = 15, StdDev = 0.104 μs
Min = 46.441 μs, Q1 = 46.477 μs, Median = 46.589 μs, Q3 = 46.662 μs, Max = 46.740 μs
IQR = 0.185 μs, LowerFence = 46.200 μs, UpperFence = 46.940 μs
ConfidenceInterval = [46.467 μs; 46.689 μs] (CI 99.9%), Margin = 0.111 μs (0.24% of Mean)
Skewness = 0.05, Kurtosis = 1.3, MValue = 2
-------------------- Histogram --------------------
[46.385 μs ; 46.795 μs) | @@@@@@@@@@@@@@@
---------------------------------------------------

JsonSerializationBenchmarks.Newtonsoft_Serialize_Medium: Overhead-Fixed-NoEnergy-9(OutlierMode=DontRemove, IterationCount=15, IterationTime=1s, LaunchCount=1, WarmupCount=6)
Runtime = .NET 8.0.21 (8.0.21, 8.0.2125.47513), X64 RyuJIT x86-64-v4; GC = Concurrent Workstation
Mean = 54.097 μs, StdErr = 0.028 μs (0.05%), N = 15, StdDev = 0.110 μs
Min = 53.919 μs, Q1 = 54.016 μs, Median = 54.107 μs, Q3 = 54.171 μs, Max = 54.308 μs
IQR = 0.155 μs, LowerFence = 53.783 μs, UpperFence = 54.404 μs
ConfidenceInterval = [53.980 μs; 54.214 μs] (CI 99.9%), Margin = 0.117 μs (0.22% of Mean)
Skewness = -0.01, Kurtosis = 2, MValue = 2
-------------------- Histogram --------------------
[53.861 μs ; 54.366 μs) | @@@@@@@@@@@@@@@
---------------------------------------------------

JsonSerializationBenchmarks.Utf8Json_Serialize_Medium: Overhead-Fixed-NoEnergy-9(OutlierMode=DontRemove, IterationCount=15, IterationTime=1s, LaunchCount=1, WarmupCount=6)
Runtime = .NET 8.0.21 (8.0.21, 8.0.2125.47513), X64 RyuJIT x86-64-v4; GC = Concurrent Workstation
Mean = 62.856 μs, StdErr = 0.684 μs (1.09%), N = 15, StdDev = 2.648 μs
Min = 59.320 μs, Q1 = 60.924 μs, Median = 62.207 μs, Q3 = 64.540 μs, Max = 68.766 μs
IQR = 3.616 μs, LowerFence = 55.500 μs, UpperFence = 69.963 μs
ConfidenceInterval = [60.025 μs; 65.687 μs] (CI 99.9%), Margin = 2.831 μs (4.50% of Mean)
Skewness = 0.64, Kurtosis = 2.39, MValue = 2
-------------------- Histogram --------------------
[57.911 μs ; 60.639 μs) | @@
[60.639 μs ; 63.457 μs) | @@@@@@@@
[63.457 μs ; 66.905 μs) | @@@@
[66.905 μs ; 70.176 μs) | @
---------------------------------------------------

JsonSerializationBenchmarks.Utf8Json_Serialize_Small: Overhead-Fixed-NoEnergy-9(OutlierMode=DontRemove, IterationCount=15, IterationTime=1s, LaunchCount=1, WarmupCount=6)
Runtime = .NET 8.0.21 (8.0.21, 8.0.2125.47513), X64 RyuJIT x86-64-v4; GC = Concurrent Workstation
Mean = 878.290 ns, StdErr = 0.178 ns (0.02%), N = 15, StdDev = 0.691 ns
Min = 877.382 ns, Q1 = 877.747 ns, Median = 878.154 ns, Q3 = 878.724 ns, Max = 879.699 ns
IQR = 0.976 ns, LowerFence = 876.283 ns, UpperFence = 880.188 ns
ConfidenceInterval = [877.552 ns; 879.028 ns] (CI 99.9%), Margin = 0.738 ns (0.08% of Mean)
Skewness = 0.45, Kurtosis = 2.04, MValue = 2
-------------------- Histogram --------------------
[877.015 ns ; 880.066 ns) | @@@@@@@@@@@@@@@
---------------------------------------------------

JsonSerializationBenchmarks.SpanJson_Serialize_Small: Overhead-Fixed-NoEnergy-9(OutlierMode=DontRemove, IterationCount=15, IterationTime=1s, LaunchCount=1, WarmupCount=6)
Runtime = .NET 8.0.21 (8.0.21, 8.0.2125.47513), X64 RyuJIT x86-64-v4; GC = Concurrent Workstation
Mean = 1.217 μs, StdErr = 0.001 μs (0.04%), N = 15, StdDev = 0.002 μs
Min = 1.214 μs, Q1 = 1.215 μs, Median = 1.216 μs, Q3 = 1.218 μs, Max = 1.221 μs
IQR = 0.003 μs, LowerFence = 1.211 μs, UpperFence = 1.222 μs
ConfidenceInterval = [1.215 μs; 1.219 μs] (CI 99.9%), Margin = 0.002 μs (0.17% of Mean)
Skewness = 0.4, Kurtosis = 2.25, MValue = 2
-------------------- Histogram --------------------
[1.213 μs ; 1.222 μs) | @@@@@@@@@@@@@@@
---------------------------------------------------

JsonSerializationBenchmarks.STJ_Serialize_Small: Overhead-Fixed-NoEnergy-9(OutlierMode=DontRemove, IterationCount=15, IterationTime=1s, LaunchCount=1, WarmupCount=6)
Runtime = .NET 8.0.21 (8.0.21, 8.0.2125.47513), X64 RyuJIT x86-64-v4; GC = Concurrent Workstation
Mean = 1.303 μs, StdErr = 0.001 μs (0.04%), N = 15, StdDev = 0.002 μs
Min = 1.299 μs, Q1 = 1.302 μs, Median = 1.302 μs, Q3 = 1.303 μs, Max = 1.309 μs
IQR = 0.001 μs, LowerFence = 1.299 μs, UpperFence = 1.305 μs
ConfidenceInterval = [1.300 μs; 1.305 μs] (CI 99.9%), Margin = 0.002 μs (0.17% of Mean)
Skewness = 1.07, Kurtosis = 5.35, MValue = 2
-------------------- Histogram --------------------
[1.298 μs ; 1.310 μs) | @@@@@@@@@@@@@@@
---------------------------------------------------

JsonSerializationBenchmarks.Jil_Serialize_Small: Overhead-Fixed-NoEnergy-9(OutlierMode=DontRemove, IterationCount=15, IterationTime=1s, LaunchCount=1, WarmupCount=6)
Runtime = .NET 8.0.21 (8.0.21, 8.0.2125.47513), X64 RyuJIT x86-64-v4; GC = Concurrent Workstation
Mean = 1.742 μs, StdErr = 0.001 μs (0.05%), N = 15, StdDev = 0.003 μs
Min = 1.732 μs, Q1 = 1.741 μs, Median = 1.742 μs, Q3 = 1.744 μs, Max = 1.747 μs
IQR = 0.002 μs, LowerFence = 1.738 μs, UpperFence = 1.747 μs
ConfidenceInterval = [1.739 μs; 1.746 μs] (CI 99.9%), Margin = 0.003 μs (0.20% of Mean)
Skewness = -1.6, Kurtosis = 6.37, MValue = 2
-------------------- Histogram --------------------
[1.730 μs ; 1.749 μs) | @@@@@@@@@@@@@@@
---------------------------------------------------

JsonSerializationBenchmarks.Newtonsoft_Serialize_Small: Overhead-Fixed-NoEnergy-9(OutlierMode=DontRemove, IterationCount=15, IterationTime=1s, LaunchCount=1, WarmupCount=6)
Runtime = .NET 8.0.21 (8.0.21, 8.0.2125.47513), X64 RyuJIT x86-64-v4; GC = Concurrent Workstation
Mean = 2.179 μs, StdErr = 0.002 μs (0.08%), N = 15, StdDev = 0.006 μs
Min = 2.171 μs, Q1 = 2.176 μs, Median = 2.178 μs, Q3 = 2.179 μs, Max = 2.194 μs
IQR = 0.003 μs, LowerFence = 2.171 μs, UpperFence = 2.184 μs
ConfidenceInterval = [2.173 μs; 2.186 μs] (CI 99.9%), Margin = 0.007 μs (0.31% of Mean)
Skewness = 1.08, Kurtosis = 2.92, MValue = 2
-------------------- Histogram --------------------
[2.167 μs ; 2.197 μs) | @@@@@@@@@@@@@@@
---------------------------------------------------

// * Summary *

BenchmarkDotNet v0.15.5-develop (2025-12-31), Linux Ubuntu 24.04.3 LTS (Noble Numbat)
11th Gen Intel Core i7-11700KF 3.60GHz (Max: 0.80GHz), 1 CPU, 16 logical and 8 physical cores
.NET SDK 8.0.121
  [Host]                    : .NET 8.0.21 (8.0.21, 8.0.2125.47513), X64 RyuJIT x86-64-v4
  Overhead-Fixed-NoEnergy-9 : .NET 8.0.21 (8.0.21, 8.0.2125.47513), X64 RyuJIT x86-64-v4

Job=Overhead-Fixed-NoEnergy-9  OutlierMode=DontRemove  IterationCount=15  
IterationTime=1s  LaunchCount=1  WarmupCount=6  

| Method                        | Mean         | Error       | StdDev      | Operations | Iterations | Ratio | MannWhitney(3%) | RatioSD | Rank |
|------------------------------ |-------------:|------------:|------------:|-----------:|-----------:|------:|---------------- |--------:|-----:|
| SpanJson_Deserialize_Large    | 150,844.7 ns |    79.67 ns |    74.52 ns |      6,626 |      15.00 |  0.75 | Faster          |    0.00 |    1 |
| STJ_Deserialize_Large         | 201,212.6 ns |   442.07 ns |   413.51 ns |      4,976 |      15.00 |  1.00 | Baseline        |    0.00 |    2 |
| Jil_Deserialize_Large         | 212,645.3 ns |   248.39 ns |   232.34 ns |      4,704 |      15.00 |  1.06 | Slower          |    0.00 |    3 |
| Newtonsoft_Deserialize_Large  | 243,195.4 ns |   243.13 ns |   227.43 ns |      4,128 |      15.00 |  1.21 | Slower          |    0.00 |    4 |
| Utf8Json_Deserialize_Large    | 284,112.4 ns | 2,138.82 ns | 2,000.65 ns |      3,504 |      15.00 |  1.41 | Slower          |    0.01 |    5 |
|                               |              |             |             |            |            |       |                 |         |      |
| SpanJson_Deserialize_Medium   |  39,377.3 ns |   354.78 ns |   331.86 ns |     25,444 |      15.00 |  0.74 | Faster          |    0.01 |    1 |
| STJ_Deserialize_Medium        |  53,026.5 ns |   107.67 ns |   100.72 ns |     18,944 |      15.00 |  1.00 | Baseline        |    0.00 |    2 |
| Jil_Deserialize_Medium        |  55,959.0 ns |    64.93 ns |    60.73 ns |     17,896 |      15.00 |  1.06 | Slower          |    0.00 |    3 |
| Utf8Json_Deserialize_Medium   |  61,183.0 ns |    88.21 ns |    82.52 ns |     16,384 |      15.00 |  1.15 | Slower          |    0.00 |    4 |
| Newtonsoft_Deserialize_Medium |  67,666.2 ns |   135.86 ns |   127.08 ns |     14,880 |      15.00 |  1.28 | Slower          |    0.00 |    5 |
|                               |              |             |             |            |            |       |                 |         |      |
| SpanJson_Deserialize_Small    |   1,167.7 ns |     2.80 ns |     2.62 ns |    855,024 |      15.00 |  0.58 | Faster          |    0.00 |    1 |
| STJ_Deserialize_Small         |   1,999.7 ns |     3.47 ns |     3.25 ns |    500,320 |      15.00 |  1.00 | Baseline        |    0.00 |    2 |
| Utf8Json_Deserialize_Small    |   2,001.4 ns |     3.79 ns |     3.54 ns |    498,240 |      15.00 |  1.00 | Same            |    0.00 |    2 |
| Jil_Deserialize_Small         |   2,256.5 ns |     3.89 ns |     3.64 ns |    442,974 |      15.00 |  1.13 | Slower          |    0.00 |    3 |
| Newtonsoft_Deserialize_Small  |   3,641.9 ns |     6.45 ns |     6.03 ns |    275,008 |      15.00 |  1.82 | Slower          |    0.00 |    4 |
|                               |              |             |             |            |            |       |                 |         |      |
| SpanJson_Serialize_Large      | 158,509.1 ns | 1,751.61 ns | 1,638.46 ns |      6,277 |      15.00 |  0.86 | Faster          |    0.01 |    1 |
| STJ_Serialize_Large           | 184,250.4 ns |   312.56 ns |   292.37 ns |      5,440 |      15.00 |  1.00 | Baseline        |    0.00 |    2 |
| Jil_Serialize_Large           | 285,073.3 ns |   321.76 ns |   300.98 ns |      3,503 |      15.00 |  1.55 | Slower          |    0.00 |    3 |
| Utf8Json_Serialize_Large      | 289,308.9 ns | 1,118.52 ns | 1,046.26 ns |      3,440 |      15.00 |  1.57 | Slower          |    0.01 |    3 |
| Newtonsoft_Serialize_Large    | 296,958.2 ns |   249.10 ns |   233.01 ns |      3,376 |      15.00 |  1.61 | Slower          |    0.00 |    4 |
|                               |              |             |             |            |            |       |                 |         |      |
| Jil_Serialize_Medium          |  38,578.8 ns |    52.16 ns |    48.79 ns |     25,990 |      15.00 |  0.83 | Faster          |    0.00 |    1 |
| SpanJson_Serialize_Medium     |  39,511.9 ns |   246.32 ns |   230.41 ns |     25,128 |      15.00 |  0.85 | Faster          |    0.01 |    1 |
| STJ_Serialize_Medium          |  46,577.9 ns |   111.17 ns |   103.99 ns |     21,472 |      15.00 |  1.00 | Baseline        |    0.00 |    2 |
| Newtonsoft_Serialize_Medium   |  54,097.0 ns |   117.10 ns |   109.53 ns |     18,512 |      15.00 |  1.16 | Slower          |    0.00 |    3 |
| Utf8Json_Serialize_Medium     |  62,856.1 ns | 2,830.69 ns | 2,647.83 ns |     17,072 |      15.00 |  1.35 | Slower          |    0.06 |    4 |
|                               |              |             |             |            |            |       |                 |         |      |
| Utf8Json_Serialize_Small      |     878.3 ns |     0.74 ns |     0.69 ns |  1,138,928 |      15.00 |  0.67 | Faster          |    0.00 |    1 |
| SpanJson_Serialize_Small      |   1,216.8 ns |     2.09 ns |     1.96 ns |    820,880 |      15.00 |  0.93 | Faster          |    0.00 |    2 |
| STJ_Serialize_Small           |   1,302.7 ns |     2.22 ns |     2.08 ns |    769,472 |      15.00 |  1.00 | Baseline        |    0.00 |    3 |
| Jil_Serialize_Small           |   1,742.1 ns |     3.50 ns |     3.27 ns |    575,927 |      15.00 |  1.34 | Slower          |    0.00 |    4 |
| Newtonsoft_Serialize_Small    |   2,179.4 ns |     6.83 ns |     6.39 ns |    459,664 |      15.00 |  1.67 | Slower          |    0.01 |    5 |

// * Hints *
Outliers
  JsonSerializationBenchmarks.STJ_Deserialize_Large: Overhead-Fixed-NoEnergy-9        -> 1 outlier  was  detected (202.60 μs)
  JsonSerializationBenchmarks.Jil_Deserialize_Large: Overhead-Fixed-NoEnergy-9        -> 1 outlier  was  detected (211.97 μs)
  JsonSerializationBenchmarks.Newtonsoft_Deserialize_Large: Overhead-Fixed-NoEnergy-9 -> 2 outliers were detected (243.65 μs, 243.71 μs)
  JsonSerializationBenchmarks.SpanJson_Deserialize_Medium: Overhead-Fixed-NoEnergy-9  -> 1 outlier  was  detected (40.42 μs)
  JsonSerializationBenchmarks.Jil_Deserialize_Medium: Overhead-Fixed-NoEnergy-9       -> 1 outlier  was  detected (56.15 μs)
  JsonSerializationBenchmarks.SpanJson_Deserialize_Small: Overhead-Fixed-NoEnergy-9   -> 2 outliers were detected (1.18 μs, 1.18 μs)
  JsonSerializationBenchmarks.STJ_Deserialize_Small: Overhead-Fixed-NoEnergy-9        -> 1 outlier  was  detected (2.01 μs)
  JsonSerializationBenchmarks.Utf8Json_Deserialize_Small: Overhead-Fixed-NoEnergy-9   -> 1 outlier  was  detected (2.02 μs)
  JsonSerializationBenchmarks.Jil_Deserialize_Small: Overhead-Fixed-NoEnergy-9        -> 1 outlier  was  detected (2.27 μs)
  JsonSerializationBenchmarks.Newtonsoft_Deserialize_Small: Overhead-Fixed-NoEnergy-9 -> 3 outliers were detected (3.65 μs..3.66 μs)
  JsonSerializationBenchmarks.Jil_Serialize_Large: Overhead-Fixed-NoEnergy-9          -> 1 outlier  was  detected (285.80 μs)
  JsonSerializationBenchmarks.Utf8Json_Serialize_Large: Overhead-Fixed-NoEnergy-9     -> 2 outliers were detected (290.83 μs, 291.89 μs)
  JsonSerializationBenchmarks.Jil_Serialize_Medium: Overhead-Fixed-NoEnergy-9         -> 2 outliers were detected (38.43 μs, 38.64 μs)
  JsonSerializationBenchmarks.STJ_Serialize_Small: Overhead-Fixed-NoEnergy-9          -> 2 outliers were detected (1.30 μs, 1.31 μs)
  JsonSerializationBenchmarks.Jil_Serialize_Small: Overhead-Fixed-NoEnergy-9          -> 2 outliers were detected (1.73 μs, 1.75 μs)
  JsonSerializationBenchmarks.Newtonsoft_Serialize_Small: Overhead-Fixed-NoEnergy-9   -> 4 outliers were detected (2.17 μs, 2.19 μs..2.20 μs)

// * Legends *
  Mean            : Arithmetic mean of all measurements
  Error           : Half of 99.9% confidence interval
  StdDev          : Standard deviation of all measurements
  Operations      : Actual invocations per measured iteration (from measurements)
  Iterations      : Number of target iterations
  Ratio           : Mean of the ratio distribution ([Current]/[Baseline])
  MannWhitney(3%) : MannWhitney-based equivalence test (threshold=3%, alpha = 1E-05)
  RatioSD         : Standard deviation of the ratio distribution ([Current]/[Baseline])
  Rank            : Relative position of current benchmark mean among all benchmarks (Arabic style)
  1 ns            : 1 Nanosecond (0.000000001 sec)

// ***** BenchmarkRunner: End *****
Run time: 00:13:31 (811.98 sec), executed benchmarks: 30

Global total time: 00:13:44 (824.89 sec), executed benchmarks: 30
// * Artifacts cleanup *
Artifacts cleanup is finished
