// Validating benchmarks:
// ***** BenchmarkRunner: Start   *****
// ***** Found 30 benchmark(s) in total *****
// ***** Building 1 exe(s) in Parallel: Start   *****
// start dotnet  restore --nodeReuse:false /p:UseSharedCompilation=false /p:Deterministic=true /p:Optimize=true /p:ArtifactsPath="/home/test/rapl-tests/lib-energy-bench/src/Serialization.Bench/bin/Release/net8.0/Serialization.Bench-Overhead-Fixed-NoEnergy-7-1/" /p:OutDir="/home/test/rapl-tests/lib-energy-bench/src/Serialization.Bench/bin/Release/net8.0/Serialization.Bench-Overhead-Fixed-NoEnergy-7-1/bin/Release/net8.0/" /p:OutputPath="/home/test/rapl-tests/lib-energy-bench/src/Serialization.Bench/bin/Release/net8.0/Serialization.Bench-Overhead-Fixed-NoEnergy-7-1/bin/Release/net8.0/" /p:PublishDir="/home/test/rapl-tests/lib-energy-bench/src/Serialization.Bench/bin/Release/net8.0/Serialization.Bench-Overhead-Fixed-NoEnergy-7-1/publish/" in /home/test/rapl-tests/lib-energy-bench/src/Serialization.Bench/bin/Release/net8.0/Serialization.Bench-Overhead-Fixed-NoEnergy-7-1
// command took 1.04 sec and exited with 0
// start dotnet  build -c Release --no-restore --nodeReuse:false /p:UseSharedCompilation=false /p:Deterministic=true /p:Optimize=true /p:ArtifactsPath="/home/test/rapl-tests/lib-energy-bench/src/Serialization.Bench/bin/Release/net8.0/Serialization.Bench-Overhead-Fixed-NoEnergy-7-1/" /p:OutDir="/home/test/rapl-tests/lib-energy-bench/src/Serialization.Bench/bin/Release/net8.0/Serialization.Bench-Overhead-Fixed-NoEnergy-7-1/bin/Release/net8.0/" /p:OutputPath="/home/test/rapl-tests/lib-energy-bench/src/Serialization.Bench/bin/Release/net8.0/Serialization.Bench-Overhead-Fixed-NoEnergy-7-1/bin/Release/net8.0/" /p:PublishDir="/home/test/rapl-tests/lib-energy-bench/src/Serialization.Bench/bin/Release/net8.0/Serialization.Bench-Overhead-Fixed-NoEnergy-7-1/publish/" --output "/home/test/rapl-tests/lib-energy-bench/src/Serialization.Bench/bin/Release/net8.0/Serialization.Bench-Overhead-Fixed-NoEnergy-7-1/bin/Release/net8.0/" in /home/test/rapl-tests/lib-energy-bench/src/Serialization.Bench/bin/Release/net8.0/Serialization.Bench-Overhead-Fixed-NoEnergy-7-1
// command took 9.33 sec and exited with 0
// ***** Done, took 00:00:10 (10.41 sec)   *****
// Found 30 benchmarks:
//   JsonSerializationBenchmarks.STJ_Deserialize_Large: Overhead-Fixed-NoEnergy-7(OutlierMode=DontRemove, IterationCount=15, IterationTime=1s, LaunchCount=1, WarmupCount=6)
//   JsonSerializationBenchmarks.Newtonsoft_Deserialize_Large: Overhead-Fixed-NoEnergy-7(OutlierMode=DontRemove, IterationCount=15, IterationTime=1s, LaunchCount=1, WarmupCount=6)
//   JsonSerializationBenchmarks.Jil_Deserialize_Large: Overhead-Fixed-NoEnergy-7(OutlierMode=DontRemove, IterationCount=15, IterationTime=1s, LaunchCount=1, WarmupCount=6)
//   JsonSerializationBenchmarks.Utf8Json_Deserialize_Large: Overhead-Fixed-NoEnergy-7(OutlierMode=DontRemove, IterationCount=15, IterationTime=1s, LaunchCount=1, WarmupCount=6)
//   JsonSerializationBenchmarks.SpanJson_Deserialize_Large: Overhead-Fixed-NoEnergy-7(OutlierMode=DontRemove, IterationCount=15, IterationTime=1s, LaunchCount=1, WarmupCount=6)
//   JsonSerializationBenchmarks.STJ_Deserialize_Medium: Overhead-Fixed-NoEnergy-7(OutlierMode=DontRemove, IterationCount=15, IterationTime=1s, LaunchCount=1, WarmupCount=6)
//   JsonSerializationBenchmarks.Newtonsoft_Deserialize_Medium: Overhead-Fixed-NoEnergy-7(OutlierMode=DontRemove, IterationCount=15, IterationTime=1s, LaunchCount=1, WarmupCount=6)
//   JsonSerializationBenchmarks.Jil_Deserialize_Medium: Overhead-Fixed-NoEnergy-7(OutlierMode=DontRemove, IterationCount=15, IterationTime=1s, LaunchCount=1, WarmupCount=6)
//   JsonSerializationBenchmarks.Utf8Json_Deserialize_Medium: Overhead-Fixed-NoEnergy-7(OutlierMode=DontRemove, IterationCount=15, IterationTime=1s, LaunchCount=1, WarmupCount=6)
//   JsonSerializationBenchmarks.SpanJson_Deserialize_Medium: Overhead-Fixed-NoEnergy-7(OutlierMode=DontRemove, IterationCount=15, IterationTime=1s, LaunchCount=1, WarmupCount=6)
//   JsonSerializationBenchmarks.STJ_Deserialize_Small: Overhead-Fixed-NoEnergy-7(OutlierMode=DontRemove, IterationCount=15, IterationTime=1s, LaunchCount=1, WarmupCount=6)
//   JsonSerializationBenchmarks.Newtonsoft_Deserialize_Small: Overhead-Fixed-NoEnergy-7(OutlierMode=DontRemove, IterationCount=15, IterationTime=1s, LaunchCount=1, WarmupCount=6)
//   JsonSerializationBenchmarks.Jil_Deserialize_Small: Overhead-Fixed-NoEnergy-7(OutlierMode=DontRemove, IterationCount=15, IterationTime=1s, LaunchCount=1, WarmupCount=6)
//   JsonSerializationBenchmarks.Utf8Json_Deserialize_Small: Overhead-Fixed-NoEnergy-7(OutlierMode=DontRemove, IterationCount=15, IterationTime=1s, LaunchCount=1, WarmupCount=6)
//   JsonSerializationBenchmarks.SpanJson_Deserialize_Small: Overhead-Fixed-NoEnergy-7(OutlierMode=DontRemove, IterationCount=15, IterationTime=1s, LaunchCount=1, WarmupCount=6)
//   JsonSerializationBenchmarks.STJ_Serialize_Large: Overhead-Fixed-NoEnergy-7(OutlierMode=DontRemove, IterationCount=15, IterationTime=1s, LaunchCount=1, WarmupCount=6)
//   JsonSerializationBenchmarks.Newtonsoft_Serialize_Large: Overhead-Fixed-NoEnergy-7(OutlierMode=DontRemove, IterationCount=15, IterationTime=1s, LaunchCount=1, WarmupCount=6)
//   JsonSerializationBenchmarks.Jil_Serialize_Large: Overhead-Fixed-NoEnergy-7(OutlierMode=DontRemove, IterationCount=15, IterationTime=1s, LaunchCount=1, WarmupCount=6)
//   JsonSerializationBenchmarks.Utf8Json_Serialize_Large: Overhead-Fixed-NoEnergy-7(OutlierMode=DontRemove, IterationCount=15, IterationTime=1s, LaunchCount=1, WarmupCount=6)
//   JsonSerializationBenchmarks.SpanJson_Serialize_Large: Overhead-Fixed-NoEnergy-7(OutlierMode=DontRemove, IterationCount=15, IterationTime=1s, LaunchCount=1, WarmupCount=6)
//   JsonSerializationBenchmarks.STJ_Serialize_Medium: Overhead-Fixed-NoEnergy-7(OutlierMode=DontRemove, IterationCount=15, IterationTime=1s, LaunchCount=1, WarmupCount=6)
//   JsonSerializationBenchmarks.Newtonsoft_Serialize_Medium: Overhead-Fixed-NoEnergy-7(OutlierMode=DontRemove, IterationCount=15, IterationTime=1s, LaunchCount=1, WarmupCount=6)
//   JsonSerializationBenchmarks.Jil_Serialize_Medium: Overhead-Fixed-NoEnergy-7(OutlierMode=DontRemove, IterationCount=15, IterationTime=1s, LaunchCount=1, WarmupCount=6)
//   JsonSerializationBenchmarks.Utf8Json_Serialize_Medium: Overhead-Fixed-NoEnergy-7(OutlierMode=DontRemove, IterationCount=15, IterationTime=1s, LaunchCount=1, WarmupCount=6)
//   JsonSerializationBenchmarks.SpanJson_Serialize_Medium: Overhead-Fixed-NoEnergy-7(OutlierMode=DontRemove, IterationCount=15, IterationTime=1s, LaunchCount=1, WarmupCount=6)
//   JsonSerializationBenchmarks.STJ_Serialize_Small: Overhead-Fixed-NoEnergy-7(OutlierMode=DontRemove, IterationCount=15, IterationTime=1s, LaunchCount=1, WarmupCount=6)
//   JsonSerializationBenchmarks.Newtonsoft_Serialize_Small: Overhead-Fixed-NoEnergy-7(OutlierMode=DontRemove, IterationCount=15, IterationTime=1s, LaunchCount=1, WarmupCount=6)
//   JsonSerializationBenchmarks.Jil_Serialize_Small: Overhead-Fixed-NoEnergy-7(OutlierMode=DontRemove, IterationCount=15, IterationTime=1s, LaunchCount=1, WarmupCount=6)
//   JsonSerializationBenchmarks.Utf8Json_Serialize_Small: Overhead-Fixed-NoEnergy-7(OutlierMode=DontRemove, IterationCount=15, IterationTime=1s, LaunchCount=1, WarmupCount=6)
//   JsonSerializationBenchmarks.SpanJson_Serialize_Small: Overhead-Fixed-NoEnergy-7(OutlierMode=DontRemove, IterationCount=15, IterationTime=1s, LaunchCount=1, WarmupCount=6)

// **************************
// Benchmark: JsonSerializationBenchmarks.STJ_Deserialize_Large: Overhead-Fixed-NoEnergy-7(OutlierMode=DontRemove, IterationCount=15, IterationTime=1s, LaunchCount=1, WarmupCount=6)
// *** Execute ***
// Launch: 1 / 1
// Execute: dotnet Serialization.Bench-Overhead-Fixed-NoEnergy-7-1.dll --anonymousPipes 101 102 --benchmarkName Serialization.Bench.JsonSerializationBenchmarks.STJ_Deserialize_Large --job Overhead-Fixed-NoEnergy-7 --benchmarkId 0 in /home/test/rapl-tests/lib-energy-bench/src/Serialization.Bench/bin/Release/net8.0/Serialization.Bench-Overhead-Fixed-NoEnergy-7-1/bin/Release/net8.0
// BeforeAnythingElse

// Benchmark Process Environment Information:
// BenchmarkDotNet v0.15.5-develop (2025-12-31)
// Runtime=.NET 8.0.21 (8.0.21, 8.0.2125.47513), X64 RyuJIT x86-64-v4
// GC=Concurrent Workstation
// HardwareIntrinsics=AVX512 IFMA+VBMI,AVX512 F+BW+CD+DQ+VL,AVX2+BMI1+BMI2+F16C+FMA+LZCNT+MOVBE,AVX,SSE3+SSSE3+SSE4.1+SSE4.2+POPCNT,X86Base+SSE+SSE2,AES+PCLMUL VectorSize=256
// Job: Overhead-Fixed-NoEnergy-7(OutlierMode=DontRemove, IterationCount=15, IterationTime=1s, LaunchCount=1, WarmupCount=6)

OverheadJitting  1: 1 op, 139433.00 ns, 139.4330 us/op
WorkloadJitting  1: 1 op, 525403.00 ns, 525.4030 us/op

OverheadJitting  2: 16 op, 376069.00 ns, 23.5043 us/op
WorkloadJitting  2: 16 op, 6861405.00 ns, 428.8378 us/op

WorkloadPilot    1: 16 op, 6028734.00 ns, 376.7959 us/op
WorkloadPilot    2: 2656 op, 747799064.00 ns, 281.5509 us/op
WorkloadPilot    3: 3552 op, 714066907.00 ns, 201.0323 us/op
WorkloadPilot    4: 4976 op, 1000454429.00 ns, 201.0560 us/op

OverheadWarmup   1: 4976 op, 19057.00 ns, 3.8298 ns/op
OverheadWarmup   2: 4976 op, 18162.00 ns, 3.6499 ns/op
OverheadWarmup   3: 4976 op, 18561.00 ns, 3.7301 ns/op
OverheadWarmup   4: 4976 op, 18131.00 ns, 3.6437 ns/op
OverheadWarmup   5: 4976 op, 18502.00 ns, 3.7182 ns/op
OverheadWarmup   6: 4976 op, 18567.00 ns, 3.7313 ns/op
OverheadWarmup   7: 4976 op, 18514.00 ns, 3.7207 ns/op

OverheadActual   1: 4976 op, 18609.00 ns, 3.7398 ns/op
OverheadActual   2: 4976 op, 18178.00 ns, 3.6531 ns/op
OverheadActual   3: 4976 op, 18580.00 ns, 3.7339 ns/op
OverheadActual   4: 4976 op, 18526.00 ns, 3.7231 ns/op
OverheadActual   5: 4976 op, 18514.00 ns, 3.7207 ns/op
OverheadActual   6: 4976 op, 18486.00 ns, 3.7150 ns/op
OverheadActual   7: 4976 op, 18679.00 ns, 3.7538 ns/op
OverheadActual   8: 4976 op, 18523.00 ns, 3.7225 ns/op
OverheadActual   9: 4976 op, 18159.00 ns, 3.6493 ns/op
OverheadActual  10: 4976 op, 18152.00 ns, 3.6479 ns/op
OverheadActual  11: 4976 op, 21170.00 ns, 4.2544 ns/op
OverheadActual  12: 4976 op, 18153.00 ns, 3.6481 ns/op
OverheadActual  13: 4976 op, 18535.00 ns, 3.7249 ns/op
OverheadActual  14: 4976 op, 18497.00 ns, 3.7172 ns/op
OverheadActual  15: 4976 op, 18158.00 ns, 3.6491 ns/op

WorkloadWarmup   1: 4976 op, 1004308433.00 ns, 201.8305 us/op
WorkloadWarmup   2: 4976 op, 1003311369.00 ns, 201.6301 us/op
WorkloadWarmup   3: 4976 op, 1000049536.00 ns, 200.9746 us/op
WorkloadWarmup   4: 4976 op, 1000202476.00 ns, 201.0053 us/op
WorkloadWarmup   5: 4976 op, 1000629234.00 ns, 201.0911 us/op
WorkloadWarmup   6: 4976 op, 999970859.00 ns, 200.9588 us/op

// BeforeActualRun
WorkloadActual   1: 4976 op, 1005152231.00 ns, 202.0000 us/op
WorkloadActual   2: 4976 op, 1003055377.00 ns, 201.5787 us/op
WorkloadActual   3: 4976 op, 1003140488.00 ns, 201.5958 us/op
WorkloadActual   4: 4976 op, 1002832028.00 ns, 201.5338 us/op
WorkloadActual   5: 4976 op, 1001735333.00 ns, 201.3134 us/op
WorkloadActual   6: 4976 op, 1001955908.00 ns, 201.3577 us/op
WorkloadActual   7: 4976 op, 1002257673.00 ns, 201.4183 us/op
WorkloadActual   8: 4976 op, 1001897133.00 ns, 201.3459 us/op
WorkloadActual   9: 4976 op, 1001834085.00 ns, 201.3332 us/op
WorkloadActual  10: 4976 op, 1002791492.00 ns, 201.5256 us/op
WorkloadActual  11: 4976 op, 1008313152.00 ns, 202.6353 us/op
WorkloadActual  12: 4976 op, 1002277976.00 ns, 201.4224 us/op
WorkloadActual  13: 4976 op, 1003597087.00 ns, 201.6875 us/op
WorkloadActual  14: 4976 op, 1002847962.00 ns, 201.5370 us/op
WorkloadActual  15: 4976 op, 1002436689.00 ns, 201.4543 us/op

// AfterActualRun
WorkloadResult   1: 4976 op, 1005133717.00 ns, 201.9963 us/op
WorkloadResult   2: 4976 op, 1003036863.00 ns, 201.5749 us/op
WorkloadResult   3: 4976 op, 1003121974.00 ns, 201.5920 us/op
WorkloadResult   4: 4976 op, 1002813514.00 ns, 201.5300 us/op
WorkloadResult   5: 4976 op, 1001716819.00 ns, 201.3097 us/op
WorkloadResult   6: 4976 op, 1001937394.00 ns, 201.3540 us/op
WorkloadResult   7: 4976 op, 1002239159.00 ns, 201.4146 us/op
WorkloadResult   8: 4976 op, 1001878619.00 ns, 201.3422 us/op
WorkloadResult   9: 4976 op, 1001815571.00 ns, 201.3295 us/op
WorkloadResult  10: 4976 op, 1002772978.00 ns, 201.5219 us/op
WorkloadResult  11: 4976 op, 1008294638.00 ns, 202.6316 us/op
WorkloadResult  12: 4976 op, 1002259462.00 ns, 201.4187 us/op
WorkloadResult  13: 4976 op, 1003578573.00 ns, 201.6838 us/op
WorkloadResult  14: 4976 op, 1002829448.00 ns, 201.5332 us/op
WorkloadResult  15: 4976 op, 1002418175.00 ns, 201.4506 us/op

// AfterAll
// Benchmark Process 4061104 has exited with code 0.

Mean = 201.579 μs, StdErr = 0.088 μs (0.04%), N = 15, StdDev = 0.339 μs
Min = 201.310 μs, Q1 = 201.384 μs, Median = 201.522 μs, Q3 = 201.583 μs, Max = 202.632 μs
IQR = 0.199 μs, LowerFence = 201.086 μs, UpperFence = 201.882 μs
ConfidenceInterval = [201.216 μs; 201.942 μs] (CI 99.9%), Margin = 0.363 μs (0.18% of Mean)
Skewness = 2, Kurtosis = 6.41, MValue = 2

// ** Remained 29 (96.7%) benchmark(s) to run. Estimated finish 2025-12-31 20:40 (0h 11m from now) **
// **************************
// Benchmark: JsonSerializationBenchmarks.Newtonsoft_Deserialize_Large: Overhead-Fixed-NoEnergy-7(OutlierMode=DontRemove, IterationCount=15, IterationTime=1s, LaunchCount=1, WarmupCount=6)
// *** Execute ***
// Launch: 1 / 1
// Execute: dotnet Serialization.Bench-Overhead-Fixed-NoEnergy-7-1.dll --anonymousPipes 103 104 --benchmarkName Serialization.Bench.JsonSerializationBenchmarks.Newtonsoft_Deserialize_Large --job Overhead-Fixed-NoEnergy-7 --benchmarkId 1 in /home/test/rapl-tests/lib-energy-bench/src/Serialization.Bench/bin/Release/net8.0/Serialization.Bench-Overhead-Fixed-NoEnergy-7-1/bin/Release/net8.0
// BeforeAnythingElse

// Benchmark Process Environment Information:
// BenchmarkDotNet v0.15.5-develop (2025-12-31)
// Runtime=.NET 8.0.21 (8.0.21, 8.0.2125.47513), X64 RyuJIT x86-64-v4
// GC=Concurrent Workstation
// HardwareIntrinsics=AVX512 IFMA+VBMI,AVX512 F+BW+CD+DQ+VL,AVX2+BMI1+BMI2+F16C+FMA+LZCNT+MOVBE,AVX,SSE3+SSSE3+SSE4.1+SSE4.2+POPCNT,X86Base+SSE+SSE2,AES+PCLMUL VectorSize=256
// Job: Overhead-Fixed-NoEnergy-7(OutlierMode=DontRemove, IterationCount=15, IterationTime=1s, LaunchCount=1, WarmupCount=6)

OverheadJitting  1: 1 op, 140099.00 ns, 140.0990 us/op
WorkloadJitting  1: 1 op, 56242442.00 ns, 56.2424 ms/op

OverheadJitting  2: 16 op, 395334.00 ns, 24.7084 us/op
WorkloadJitting  2: 16 op, 18466517.00 ns, 1.1542 ms/op

WorkloadPilot    1: 16 op, 17154364.00 ns, 1.0721 ms/op
WorkloadPilot    2: 944 op, 421394945.00 ns, 446.3930 us/op
WorkloadPilot    3: 2240 op, 537029315.00 ns, 239.7452 us/op
WorkloadPilot    4: 4176 op, 999503178.00 ns, 239.3446 us/op
WorkloadPilot    5: 4192 op, 1003781732.00 ns, 239.4517 us/op
WorkloadPilot    6: 4176 op, 1001531826.00 ns, 239.8304 us/op

OverheadWarmup   1: 4176 op, 16186.00 ns, 3.8760 ns/op
OverheadWarmup   2: 4176 op, 15572.00 ns, 3.7289 ns/op
OverheadWarmup   3: 4176 op, 15533.00 ns, 3.7196 ns/op
OverheadWarmup   4: 4176 op, 15539.00 ns, 3.7210 ns/op
OverheadWarmup   5: 4176 op, 15551.00 ns, 3.7239 ns/op
OverheadWarmup   6: 4176 op, 15581.00 ns, 3.7311 ns/op
OverheadWarmup   7: 4176 op, 15519.00 ns, 3.7162 ns/op
OverheadWarmup   8: 4176 op, 15519.00 ns, 3.7162 ns/op
OverheadWarmup   9: 4176 op, 15264.00 ns, 3.6552 ns/op

OverheadActual   1: 4176 op, 15347.00 ns, 3.6750 ns/op
OverheadActual   2: 4176 op, 15658.00 ns, 3.7495 ns/op
OverheadActual   3: 4176 op, 15334.00 ns, 3.6719 ns/op
OverheadActual   4: 4176 op, 15555.00 ns, 3.7249 ns/op
OverheadActual   5: 4176 op, 15232.00 ns, 3.6475 ns/op
OverheadActual   6: 4176 op, 15553.00 ns, 3.7244 ns/op
OverheadActual   7: 4176 op, 15728.00 ns, 3.7663 ns/op
OverheadActual   8: 4176 op, 15232.00 ns, 3.6475 ns/op
OverheadActual   9: 4176 op, 15219.00 ns, 3.6444 ns/op
OverheadActual  10: 4176 op, 15224.00 ns, 3.6456 ns/op
OverheadActual  11: 4176 op, 15580.00 ns, 3.7308 ns/op
OverheadActual  12: 4176 op, 18331.00 ns, 4.3896 ns/op
OverheadActual  13: 4176 op, 16202.00 ns, 3.8798 ns/op
OverheadActual  14: 4176 op, 15561.00 ns, 3.7263 ns/op
OverheadActual  15: 4176 op, 15562.00 ns, 3.7265 ns/op
OverheadActual  16: 4176 op, 15239.00 ns, 3.6492 ns/op

WorkloadWarmup   1: 4176 op, 1004657877.00 ns, 240.5790 us/op
WorkloadWarmup   2: 4176 op, 1003603871.00 ns, 240.3266 us/op
WorkloadWarmup   3: 4176 op, 1000541426.00 ns, 239.5933 us/op
WorkloadWarmup   4: 4176 op, 1001001551.00 ns, 239.7034 us/op
WorkloadWarmup   5: 4176 op, 999163475.00 ns, 239.2633 us/op
WorkloadWarmup   6: 4176 op, 998689971.00 ns, 239.1499 us/op

// BeforeActualRun
WorkloadActual   1: 4176 op, 1002719694.00 ns, 240.1149 us/op
WorkloadActual   2: 4176 op, 1000518604.00 ns, 239.5878 us/op
WorkloadActual   3: 4176 op, 1002476271.00 ns, 240.0566 us/op
WorkloadActual   4: 4176 op, 1001340042.00 ns, 239.7845 us/op
WorkloadActual   5: 4176 op, 1003474581.00 ns, 240.2956 us/op
WorkloadActual   6: 4176 op, 1001526583.00 ns, 239.8292 us/op
WorkloadActual   7: 4176 op, 1005428391.00 ns, 240.7635 us/op
WorkloadActual   8: 4176 op, 1005928049.00 ns, 240.8832 us/op
WorkloadActual   9: 4176 op, 1002918793.00 ns, 240.1625 us/op
WorkloadActual  10: 4176 op, 1004831028.00 ns, 240.6205 us/op
WorkloadActual  11: 4176 op, 1001302365.00 ns, 239.7755 us/op
WorkloadActual  12: 4176 op, 1002565697.00 ns, 240.0780 us/op
WorkloadActual  13: 4176 op, 1001334311.00 ns, 239.7831 us/op
WorkloadActual  14: 4176 op, 1001085666.00 ns, 239.7236 us/op
WorkloadActual  15: 4176 op, 1004944387.00 ns, 240.6476 us/op

// AfterActualRun
WorkloadResult   1: 4176 op, 1002704140.00 ns, 240.1111 us/op
WorkloadResult   2: 4176 op, 1000503050.00 ns, 239.5841 us/op
WorkloadResult   3: 4176 op, 1002460717.00 ns, 240.0529 us/op
WorkloadResult   4: 4176 op, 1001324488.00 ns, 239.7808 us/op
WorkloadResult   5: 4176 op, 1003459027.00 ns, 240.2919 us/op
WorkloadResult   6: 4176 op, 1001511029.00 ns, 239.8254 us/op
WorkloadResult   7: 4176 op, 1005412837.00 ns, 240.7598 us/op
WorkloadResult   8: 4176 op, 1005912495.00 ns, 240.8794 us/op
WorkloadResult   9: 4176 op, 1002903239.00 ns, 240.1588 us/op
WorkloadResult  10: 4176 op, 1004815474.00 ns, 240.6167 us/op
WorkloadResult  11: 4176 op, 1001286811.00 ns, 239.7717 us/op
WorkloadResult  12: 4176 op, 1002550143.00 ns, 240.0743 us/op
WorkloadResult  13: 4176 op, 1001318757.00 ns, 239.7794 us/op
WorkloadResult  14: 4176 op, 1001070112.00 ns, 239.7199 us/op
WorkloadResult  15: 4176 op, 1004928833.00 ns, 240.6439 us/op

// AfterAll
// Benchmark Process 4061126 has exited with code 0.

Mean = 240.137 μs, StdErr = 0.108 μs (0.04%), N = 15, StdDev = 0.416 μs
Min = 239.584 μs, Q1 = 239.780 μs, Median = 240.074 μs, Q3 = 240.454 μs, Max = 240.879 μs
IQR = 0.674 μs, LowerFence = 238.769 μs, UpperFence = 241.466 μs
ConfidenceInterval = [239.692 μs; 240.582 μs] (CI 99.9%), Margin = 0.445 μs (0.19% of Mean)
Skewness = 0.45, Kurtosis = 1.68, MValue = 2

// ** Remained 28 (93.3%) benchmark(s) to run. Estimated finish 2025-12-31 20:40 (0h 11m from now) **
// **************************
// Benchmark: JsonSerializationBenchmarks.Jil_Deserialize_Large: Overhead-Fixed-NoEnergy-7(OutlierMode=DontRemove, IterationCount=15, IterationTime=1s, LaunchCount=1, WarmupCount=6)
// *** Execute ***
// Launch: 1 / 1
// Execute: dotnet Serialization.Bench-Overhead-Fixed-NoEnergy-7-1.dll --anonymousPipes 103 104 --benchmarkName Serialization.Bench.JsonSerializationBenchmarks.Jil_Deserialize_Large --job Overhead-Fixed-NoEnergy-7 --benchmarkId 2 in /home/test/rapl-tests/lib-energy-bench/src/Serialization.Bench/bin/Release/net8.0/Serialization.Bench-Overhead-Fixed-NoEnergy-7-1/bin/Release/net8.0
// BeforeAnythingElse

// Benchmark Process Environment Information:
// BenchmarkDotNet v0.15.5-develop (2025-12-31)
// Runtime=.NET 8.0.21 (8.0.21, 8.0.2125.47513), X64 RyuJIT x86-64-v4
// GC=Concurrent Workstation
// HardwareIntrinsics=AVX512 IFMA+VBMI,AVX512 F+BW+CD+DQ+VL,AVX2+BMI1+BMI2+F16C+FMA+LZCNT+MOVBE,AVX,SSE3+SSSE3+SSE4.1+SSE4.2+POPCNT,X86Base+SSE+SSE2,AES+PCLMUL VectorSize=256
// Job: Overhead-Fixed-NoEnergy-7(OutlierMode=DontRemove, IterationCount=15, IterationTime=1s, LaunchCount=1, WarmupCount=6)

OverheadJitting  1: 1 op, 146074.00 ns, 146.0740 us/op
WorkloadJitting  1: 1 op, 246705397.00 ns, 246.7054 ms/op

WorkloadPilot    1: 4 op, 2890992.00 ns, 722.7480 us/op
WorkloadPilot    2: 1384 op, 368379961.00 ns, 266.1705 us/op
WorkloadPilot    3: 3757 op, 803709391.00 ns, 213.9232 us/op
WorkloadPilot    4: 4675 op, 1000301598.00 ns, 213.9683 us/op

WorkloadWarmup   1: 4675 op, 996828882.00 ns, 213.2254 us/op
WorkloadWarmup   2: 4675 op, 999385393.00 ns, 213.7723 us/op
WorkloadWarmup   3: 4675 op, 999112853.00 ns, 213.7140 us/op
WorkloadWarmup   4: 4675 op, 999281605.00 ns, 213.7501 us/op
WorkloadWarmup   5: 4675 op, 998958692.00 ns, 213.6810 us/op
WorkloadWarmup   6: 4675 op, 999639850.00 ns, 213.8267 us/op

// BeforeActualRun
WorkloadActual   1: 4675 op, 996793774.00 ns, 213.2179 us/op
WorkloadActual   2: 4675 op, 999281034.00 ns, 213.7500 us/op
WorkloadActual   3: 4675 op, 999504048.00 ns, 213.7977 us/op
WorkloadActual   4: 4675 op, 998840148.00 ns, 213.6556 us/op
WorkloadActual   5: 4675 op, 999747865.00 ns, 213.8498 us/op
WorkloadActual   6: 4675 op, 999592090.00 ns, 213.8165 us/op
WorkloadActual   7: 4675 op, 1000204606.00 ns, 213.9475 us/op
WorkloadActual   8: 4675 op, 998982087.00 ns, 213.6860 us/op
WorkloadActual   9: 4675 op, 998553873.00 ns, 213.5944 us/op
WorkloadActual  10: 4675 op, 999091420.00 ns, 213.7094 us/op
WorkloadActual  11: 4675 op, 998623866.00 ns, 213.6094 us/op
WorkloadActual  12: 4675 op, 998798453.00 ns, 213.6467 us/op
WorkloadActual  13: 4675 op, 998387581.00 ns, 213.5588 us/op
WorkloadActual  14: 4675 op, 999610122.00 ns, 213.8203 us/op
WorkloadActual  15: 4675 op, 1001098611.00 ns, 214.1387 us/op

// AfterActualRun
WorkloadResult   1: 4675 op, 996793774.00 ns, 213.2179 us/op
WorkloadResult   2: 4675 op, 999281034.00 ns, 213.7500 us/op
WorkloadResult   3: 4675 op, 999504048.00 ns, 213.7977 us/op
WorkloadResult   4: 4675 op, 998840148.00 ns, 213.6556 us/op
WorkloadResult   5: 4675 op, 999747865.00 ns, 213.8498 us/op
WorkloadResult   6: 4675 op, 999592090.00 ns, 213.8165 us/op
WorkloadResult   7: 4675 op, 1000204606.00 ns, 213.9475 us/op
WorkloadResult   8: 4675 op, 998982087.00 ns, 213.6860 us/op
WorkloadResult   9: 4675 op, 998553873.00 ns, 213.5944 us/op
WorkloadResult  10: 4675 op, 999091420.00 ns, 213.7094 us/op
WorkloadResult  11: 4675 op, 998623866.00 ns, 213.6094 us/op
WorkloadResult  12: 4675 op, 998798453.00 ns, 213.6467 us/op
WorkloadResult  13: 4675 op, 998387581.00 ns, 213.5588 us/op
WorkloadResult  14: 4675 op, 999610122.00 ns, 213.8203 us/op
WorkloadResult  15: 4675 op, 1001098611.00 ns, 214.1387 us/op

// AfterAll
// Benchmark Process 4061149 has exited with code 0.

Mean = 213.720 μs, StdErr = 0.053 μs (0.02%), N = 15, StdDev = 0.205 μs
Min = 213.218 μs, Q1 = 213.628 μs, Median = 213.709 μs, Q3 = 213.818 μs, Max = 214.139 μs
IQR = 0.190 μs, LowerFence = 213.343 μs, UpperFence = 214.104 μs
ConfidenceInterval = [213.501 μs; 213.939 μs] (CI 99.9%), Margin = 0.219 μs (0.10% of Mean)
Skewness = -0.35, Kurtosis = 3.74, MValue = 2

// ** Remained 27 (90.0%) benchmark(s) to run. Estimated finish 2025-12-31 20:40 (0h 10m from now) **
// **************************
// Benchmark: JsonSerializationBenchmarks.Utf8Json_Deserialize_Large: Overhead-Fixed-NoEnergy-7(OutlierMode=DontRemove, IterationCount=15, IterationTime=1s, LaunchCount=1, WarmupCount=6)
// *** Execute ***
// Launch: 1 / 1
// Execute: dotnet Serialization.Bench-Overhead-Fixed-NoEnergy-7-1.dll --anonymousPipes 103 104 --benchmarkName Serialization.Bench.JsonSerializationBenchmarks.Utf8Json_Deserialize_Large --job Overhead-Fixed-NoEnergy-7 --benchmarkId 3 in /home/test/rapl-tests/lib-energy-bench/src/Serialization.Bench/bin/Release/net8.0/Serialization.Bench-Overhead-Fixed-NoEnergy-7-1/bin/Release/net8.0
// BeforeAnythingElse

// Benchmark Process Environment Information:
// BenchmarkDotNet v0.15.5-develop (2025-12-31)
// Runtime=.NET 8.0.21 (8.0.21, 8.0.2125.47513), X64 RyuJIT x86-64-v4
// GC=Concurrent Workstation
// HardwareIntrinsics=AVX512 IFMA+VBMI,AVX512 F+BW+CD+DQ+VL,AVX2+BMI1+BMI2+F16C+FMA+LZCNT+MOVBE,AVX,SSE3+SSSE3+SSE4.1+SSE4.2+POPCNT,X86Base+SSE+SSE2,AES+PCLMUL VectorSize=256
// Job: Overhead-Fixed-NoEnergy-7(OutlierMode=DontRemove, IterationCount=15, IterationTime=1s, LaunchCount=1, WarmupCount=6)

OverheadJitting  1: 1 op, 145142.00 ns, 145.1420 us/op
WorkloadJitting  1: 1 op, 59009637.00 ns, 59.0096 ms/op

OverheadJitting  2: 16 op, 396567.00 ns, 24.7854 us/op
WorkloadJitting  2: 16 op, 14162443.00 ns, 885.1527 us/op

WorkloadPilot    1: 16 op, 13206725.00 ns, 825.4203 us/op
WorkloadPilot    2: 1216 op, 758145215.00 ns, 623.4747 us/op
WorkloadPilot    3: 1616 op, 448808137.00 ns, 277.7278 us/op
WorkloadPilot    4: 3616 op, 1003192169.00 ns, 277.4315 us/op

OverheadWarmup   1: 3616 op, 14312.00 ns, 3.9580 ns/op
OverheadWarmup   2: 3616 op, 13284.00 ns, 3.6737 ns/op
OverheadWarmup   3: 3616 op, 13251.00 ns, 3.6645 ns/op
OverheadWarmup   4: 3616 op, 13220.00 ns, 3.6560 ns/op
OverheadWarmup   5: 3616 op, 13477.00 ns, 3.7270 ns/op
OverheadWarmup   6: 3616 op, 13194.00 ns, 3.6488 ns/op
OverheadWarmup   7: 3616 op, 13211.00 ns, 3.6535 ns/op
OverheadWarmup   8: 3616 op, 13232.00 ns, 3.6593 ns/op
OverheadWarmup   9: 3616 op, 13164.00 ns, 3.6405 ns/op

OverheadActual   1: 3616 op, 13337.00 ns, 3.6883 ns/op
OverheadActual   2: 3616 op, 13331.00 ns, 3.6867 ns/op
OverheadActual   3: 3616 op, 13601.00 ns, 3.7613 ns/op
OverheadActual   4: 3616 op, 16424.00 ns, 4.5420 ns/op
OverheadActual   5: 3616 op, 13564.00 ns, 3.7511 ns/op
OverheadActual   6: 3616 op, 15786.00 ns, 4.3656 ns/op
OverheadActual   7: 3616 op, 13511.00 ns, 3.7364 ns/op
OverheadActual   8: 3616 op, 13519.00 ns, 3.7387 ns/op
OverheadActual   9: 3616 op, 13502.00 ns, 3.7340 ns/op
OverheadActual  10: 3616 op, 14012.00 ns, 3.8750 ns/op
OverheadActual  11: 3616 op, 13501.00 ns, 3.7337 ns/op
OverheadActual  12: 3616 op, 13483.00 ns, 3.7287 ns/op
OverheadActual  13: 3616 op, 13465.00 ns, 3.7237 ns/op
OverheadActual  14: 3616 op, 13472.00 ns, 3.7257 ns/op
OverheadActual  15: 3616 op, 13222.00 ns, 3.6565 ns/op
OverheadActual  16: 3616 op, 13204.00 ns, 3.6515 ns/op
OverheadActual  17: 3616 op, 13198.00 ns, 3.6499 ns/op
OverheadActual  18: 3616 op, 13208.00 ns, 3.6527 ns/op
OverheadActual  19: 3616 op, 13493.00 ns, 3.7315 ns/op
OverheadActual  20: 3616 op, 13234.00 ns, 3.6598 ns/op

WorkloadWarmup   1: 3616 op, 1013135500.00 ns, 280.1813 us/op
WorkloadWarmup   2: 3616 op, 1007710193.00 ns, 278.6809 us/op
WorkloadWarmup   3: 3616 op, 1009002333.00 ns, 279.0383 us/op
WorkloadWarmup   4: 3616 op, 1014182080.00 ns, 280.4707 us/op
WorkloadWarmup   5: 3616 op, 1009787169.00 ns, 279.2553 us/op
WorkloadWarmup   6: 3616 op, 1009567348.00 ns, 279.1945 us/op

// BeforeActualRun
WorkloadActual   1: 3616 op, 994698657.00 ns, 275.0826 us/op
WorkloadActual   2: 3616 op, 993446950.00 ns, 274.7364 us/op
WorkloadActual   3: 3616 op, 994276550.00 ns, 274.9659 us/op
WorkloadActual   4: 3616 op, 993175515.00 ns, 274.6614 us/op
WorkloadActual   5: 3616 op, 993210996.00 ns, 274.6712 us/op
WorkloadActual   6: 3616 op, 995300661.00 ns, 275.2491 us/op
WorkloadActual   7: 3616 op, 992983096.00 ns, 274.6082 us/op
WorkloadActual   8: 3616 op, 993192259.00 ns, 274.6660 us/op
WorkloadActual   9: 3616 op, 992212617.00 ns, 274.3951 us/op
WorkloadActual  10: 3616 op, 993275382.00 ns, 274.6890 us/op
WorkloadActual  11: 3616 op, 992053715.00 ns, 274.3511 us/op
WorkloadActual  12: 3616 op, 992184501.00 ns, 274.3873 us/op
WorkloadActual  13: 3616 op, 992206905.00 ns, 274.3935 us/op
WorkloadActual  14: 3616 op, 991608781.00 ns, 274.2281 us/op
WorkloadActual  15: 3616 op, 991967068.00 ns, 274.3272 us/op

// AfterActualRun
WorkloadResult   1: 3616 op, 994685169.00 ns, 275.0789 us/op
WorkloadResult   2: 3616 op, 993433462.00 ns, 274.7327 us/op
WorkloadResult   3: 3616 op, 994263062.00 ns, 274.9621 us/op
WorkloadResult   4: 3616 op, 993162027.00 ns, 274.6576 us/op
WorkloadResult   5: 3616 op, 993197508.00 ns, 274.6675 us/op
WorkloadResult   6: 3616 op, 995287173.00 ns, 275.2453 us/op
WorkloadResult   7: 3616 op, 992969608.00 ns, 274.6044 us/op
WorkloadResult   8: 3616 op, 993178771.00 ns, 274.6623 us/op
WorkloadResult   9: 3616 op, 992199129.00 ns, 274.3914 us/op
WorkloadResult  10: 3616 op, 993261894.00 ns, 274.6853 us/op
WorkloadResult  11: 3616 op, 992040227.00 ns, 274.3474 us/op
WorkloadResult  12: 3616 op, 992171013.00 ns, 274.3836 us/op
WorkloadResult  13: 3616 op, 992193417.00 ns, 274.3898 us/op
WorkloadResult  14: 3616 op, 991595293.00 ns, 274.2244 us/op
WorkloadResult  15: 3616 op, 991953580.00 ns, 274.3234 us/op

// AfterAll
// Benchmark Process 4061161 has exited with code 0.

Mean = 274.624 μs, StdErr = 0.076 μs (0.03%), N = 15, StdDev = 0.295 μs
Min = 274.224 μs, Q1 = 274.387 μs, Median = 274.658 μs, Q3 = 274.709 μs, Max = 275.245 μs
IQR = 0.322 μs, LowerFence = 273.903 μs, UpperFence = 275.192 μs
ConfidenceInterval = [274.308 μs; 274.939 μs] (CI 99.9%), Margin = 0.316 μs (0.11% of Mean)
Skewness = 0.58, Kurtosis = 2.23, MValue = 2

// ** Remained 26 (86.7%) benchmark(s) to run. Estimated finish 2025-12-31 20:40 (0h 10m from now) **
// **************************
// Benchmark: JsonSerializationBenchmarks.SpanJson_Deserialize_Large: Overhead-Fixed-NoEnergy-7(OutlierMode=DontRemove, IterationCount=15, IterationTime=1s, LaunchCount=1, WarmupCount=6)
// *** Execute ***
// Launch: 1 / 1
// Execute: dotnet Serialization.Bench-Overhead-Fixed-NoEnergy-7-1.dll --anonymousPipes 103 104 --benchmarkName Serialization.Bench.JsonSerializationBenchmarks.SpanJson_Deserialize_Large --job Overhead-Fixed-NoEnergy-7 --benchmarkId 4 in /home/test/rapl-tests/lib-energy-bench/src/Serialization.Bench/bin/Release/net8.0/Serialization.Bench-Overhead-Fixed-NoEnergy-7-1/bin/Release/net8.0
// BeforeAnythingElse

// Benchmark Process Environment Information:
// BenchmarkDotNet v0.15.5-develop (2025-12-31)
// Runtime=.NET 8.0.21 (8.0.21, 8.0.2125.47513), X64 RyuJIT x86-64-v4
// GC=Concurrent Workstation
// HardwareIntrinsics=AVX512 IFMA+VBMI,AVX512 F+BW+CD+DQ+VL,AVX2+BMI1+BMI2+F16C+FMA+LZCNT+MOVBE,AVX,SSE3+SSSE3+SSE4.1+SSE4.2+POPCNT,X86Base+SSE+SSE2,AES+PCLMUL VectorSize=256
// Job: Overhead-Fixed-NoEnergy-7(OutlierMode=DontRemove, IterationCount=15, IterationTime=1s, LaunchCount=1, WarmupCount=6)

OverheadJitting  1: 1 op, 141333.00 ns, 141.3330 us/op
WorkloadJitting  1: 1 op, 113461327.00 ns, 113.4613 ms/op

WorkloadPilot    1: 4 op, 1959501.00 ns, 489.8753 us/op
WorkloadPilot    2: 2041 op, 408397272.00 ns, 200.0967 us/op
WorkloadPilot    3: 4998 op, 754245177.00 ns, 150.9094 us/op
WorkloadPilot    4: 6626 op, 999670057.00 ns, 150.8708 us/op
WorkloadPilot    5: 6628 op, 998994210.00 ns, 150.7233 us/op
WorkloadPilot    6: 6635 op, 1001305631.00 ns, 150.9127 us/op
WorkloadPilot    7: 6626 op, 1000794214.00 ns, 151.0405 us/op
WorkloadPilot    8: 6621 op, 998171229.00 ns, 150.7584 us/op
WorkloadPilot    9: 6633 op, 999417607.00 ns, 150.6735 us/op
WorkloadPilot   10: 6637 op, 1001155217.00 ns, 150.8445 us/op

WorkloadWarmup   1: 6637 op, 999862220.00 ns, 150.6497 us/op
WorkloadWarmup   2: 6637 op, 1001666980.00 ns, 150.9216 us/op
WorkloadWarmup   3: 6637 op, 1001725853.00 ns, 150.9305 us/op
WorkloadWarmup   4: 6637 op, 1001946246.00 ns, 150.9637 us/op
WorkloadWarmup   5: 6637 op, 1004673465.00 ns, 151.3746 us/op
WorkloadWarmup   6: 6637 op, 1002334892.00 ns, 151.0223 us/op

// BeforeActualRun
WorkloadActual   1: 6637 op, 1003575995.00 ns, 151.2093 us/op
WorkloadActual   2: 6637 op, 1002995705.00 ns, 151.1218 us/op
WorkloadActual   3: 6637 op, 1003788721.00 ns, 151.2413 us/op
WorkloadActual   4: 6637 op, 1002241695.00 ns, 151.0082 us/op
WorkloadActual   5: 6637 op, 1001613941.00 ns, 150.9137 us/op
WorkloadActual   6: 6637 op, 1002394957.00 ns, 151.0313 us/op
WorkloadActual   7: 6637 op, 1002079340.00 ns, 150.9838 us/op
WorkloadActual   8: 6637 op, 1003513967.00 ns, 151.1999 us/op
WorkloadActual   9: 6637 op, 1002032518.00 ns, 150.9767 us/op
WorkloadActual  10: 6637 op, 1001959836.00 ns, 150.9658 us/op
WorkloadActual  11: 6637 op, 1001611106.00 ns, 150.9132 us/op
WorkloadActual  12: 6637 op, 1002317651.00 ns, 151.0197 us/op
WorkloadActual  13: 6637 op, 1002385563.00 ns, 151.0299 us/op
WorkloadActual  14: 6637 op, 1001954915.00 ns, 150.9650 us/op
WorkloadActual  15: 6637 op, 1002940916.00 ns, 151.1136 us/op

// AfterActualRun
WorkloadResult   1: 6637 op, 1003575995.00 ns, 151.2093 us/op
WorkloadResult   2: 6637 op, 1002995705.00 ns, 151.1218 us/op
WorkloadResult   3: 6637 op, 1003788721.00 ns, 151.2413 us/op
WorkloadResult   4: 6637 op, 1002241695.00 ns, 151.0082 us/op
WorkloadResult   5: 6637 op, 1001613941.00 ns, 150.9137 us/op
WorkloadResult   6: 6637 op, 1002394957.00 ns, 151.0313 us/op
WorkloadResult   7: 6637 op, 1002079340.00 ns, 150.9838 us/op
WorkloadResult   8: 6637 op, 1003513967.00 ns, 151.1999 us/op
WorkloadResult   9: 6637 op, 1002032518.00 ns, 150.9767 us/op
WorkloadResult  10: 6637 op, 1001959836.00 ns, 150.9658 us/op
WorkloadResult  11: 6637 op, 1001611106.00 ns, 150.9132 us/op
WorkloadResult  12: 6637 op, 1002317651.00 ns, 151.0197 us/op
WorkloadResult  13: 6637 op, 1002385563.00 ns, 151.0299 us/op
WorkloadResult  14: 6637 op, 1001954915.00 ns, 150.9650 us/op
WorkloadResult  15: 6637 op, 1002940916.00 ns, 151.1136 us/op

// AfterAll
// Benchmark Process 4061175 has exited with code 0.

Mean = 151.046 μs, StdErr = 0.027 μs (0.02%), N = 15, StdDev = 0.106 μs
Min = 150.913 μs, Q1 = 150.971 μs, Median = 151.020 μs, Q3 = 151.118 μs, Max = 151.241 μs
IQR = 0.146 μs, LowerFence = 150.752 μs, UpperFence = 151.337 μs
ConfidenceInterval = [150.933 μs; 151.160 μs] (CI 99.9%), Margin = 0.114 μs (0.08% of Mean)
Skewness = 0.54, Kurtosis = 1.83, MValue = 2

// ** Remained 25 (83.3%) benchmark(s) to run. Estimated finish 2025-12-31 20:41 (0h 10m from now) **
// **************************
// Benchmark: JsonSerializationBenchmarks.STJ_Deserialize_Medium: Overhead-Fixed-NoEnergy-7(OutlierMode=DontRemove, IterationCount=15, IterationTime=1s, LaunchCount=1, WarmupCount=6)
// *** Execute ***
// Launch: 1 / 1
// Execute: dotnet Serialization.Bench-Overhead-Fixed-NoEnergy-7-1.dll --anonymousPipes 103 104 --benchmarkName Serialization.Bench.JsonSerializationBenchmarks.STJ_Deserialize_Medium --job Overhead-Fixed-NoEnergy-7 --benchmarkId 5 in /home/test/rapl-tests/lib-energy-bench/src/Serialization.Bench/bin/Release/net8.0/Serialization.Bench-Overhead-Fixed-NoEnergy-7-1/bin/Release/net8.0
// BeforeAnythingElse

// Benchmark Process Environment Information:
// BenchmarkDotNet v0.15.5-develop (2025-12-31)
// Runtime=.NET 8.0.21 (8.0.21, 8.0.2125.47513), X64 RyuJIT x86-64-v4
// GC=Concurrent Workstation
// HardwareIntrinsics=AVX512 IFMA+VBMI,AVX512 F+BW+CD+DQ+VL,AVX2+BMI1+BMI2+F16C+FMA+LZCNT+MOVBE,AVX,SSE3+SSSE3+SSE4.1+SSE4.2+POPCNT,X86Base+SSE+SSE2,AES+PCLMUL VectorSize=256
// Job: Overhead-Fixed-NoEnergy-7(OutlierMode=DontRemove, IterationCount=15, IterationTime=1s, LaunchCount=1, WarmupCount=6)

OverheadJitting  1: 1 op, 140110.00 ns, 140.1100 us/op
WorkloadJitting  1: 1 op, 291428.00 ns, 291.4280 us/op

OverheadJitting  2: 16 op, 370291.00 ns, 23.1432 us/op
WorkloadJitting  2: 16 op, 2238755.00 ns, 139.9222 us/op

WorkloadPilot    1: 16 op, 1610036.00 ns, 100.6273 us/op
WorkloadPilot    2: 9952 op, 787016531.00 ns, 79.0812 us/op
WorkloadPilot    3: 12656 op, 689684343.00 ns, 54.4947 us/op
WorkloadPilot    4: 18352 op, 1001149837.00 ns, 54.5526 us/op
WorkloadPilot    5: 18336 op, 999965536.00 ns, 54.5356 us/op
WorkloadPilot    6: 18352 op, 999656725.00 ns, 54.4713 us/op
WorkloadPilot    7: 18368 op, 1003077754.00 ns, 54.6101 us/op
WorkloadPilot    8: 18320 op, 997841938.00 ns, 54.4674 us/op
WorkloadPilot    9: 18368 op, 996930850.00 ns, 54.2754 us/op
WorkloadPilot   10: 18432 op, 1001092884.00 ns, 54.3128 us/op

OverheadWarmup   1: 18432 op, 69281.00 ns, 3.7587 ns/op
OverheadWarmup   2: 18432 op, 69782.00 ns, 3.7859 ns/op
OverheadWarmup   3: 18432 op, 67759.00 ns, 3.6762 ns/op
OverheadWarmup   4: 18432 op, 68078.00 ns, 3.6935 ns/op
OverheadWarmup   5: 18432 op, 67698.00 ns, 3.6729 ns/op

OverheadActual   1: 18432 op, 67866.00 ns, 3.6820 ns/op
OverheadActual   2: 18432 op, 67810.00 ns, 3.6789 ns/op
OverheadActual   3: 18432 op, 66828.00 ns, 3.6257 ns/op
OverheadActual   4: 18432 op, 67733.00 ns, 3.6748 ns/op
OverheadActual   5: 18432 op, 67762.00 ns, 3.6763 ns/op
OverheadActual   6: 18432 op, 71442.00 ns, 3.8760 ns/op
OverheadActual   7: 18432 op, 67744.00 ns, 3.6753 ns/op
OverheadActual   8: 18432 op, 67729.00 ns, 3.6745 ns/op
OverheadActual   9: 18432 op, 67745.00 ns, 3.6754 ns/op
OverheadActual  10: 18432 op, 68055.00 ns, 3.6922 ns/op
OverheadActual  11: 18432 op, 67708.00 ns, 3.6734 ns/op
OverheadActual  12: 18432 op, 67789.00 ns, 3.6778 ns/op
OverheadActual  13: 18432 op, 68142.00 ns, 3.6969 ns/op
OverheadActual  14: 18432 op, 67829.00 ns, 3.6800 ns/op
OverheadActual  15: 18432 op, 75958.00 ns, 4.1210 ns/op

WorkloadWarmup   1: 18432 op, 1010157359.00 ns, 54.8045 us/op
WorkloadWarmup   2: 18432 op, 1008022370.00 ns, 54.6887 us/op
WorkloadWarmup   3: 18432 op, 1001184682.00 ns, 54.3177 us/op
WorkloadWarmup   4: 18432 op, 1002577800.00 ns, 54.3933 us/op
WorkloadWarmup   5: 18432 op, 1003096590.00 ns, 54.4215 us/op
WorkloadWarmup   6: 18432 op, 998531548.00 ns, 54.1738 us/op

// BeforeActualRun
WorkloadActual   1: 18432 op, 1004645447.00 ns, 54.5055 us/op
WorkloadActual   2: 18432 op, 1006936860.00 ns, 54.6298 us/op
WorkloadActual   3: 18432 op, 1005883212.00 ns, 54.5727 us/op
WorkloadActual   4: 18432 op, 1004607458.00 ns, 54.5034 us/op
WorkloadActual   5: 18432 op, 1004884379.00 ns, 54.5185 us/op
WorkloadActual   6: 18432 op, 1005043294.00 ns, 54.5271 us/op
WorkloadActual   7: 18432 op, 1006035926.00 ns, 54.5809 us/op
WorkloadActual   8: 18432 op, 1005121943.00 ns, 54.5314 us/op
WorkloadActual   9: 18432 op, 1005560556.00 ns, 54.5552 us/op
WorkloadActual  10: 18432 op, 1004924212.00 ns, 54.5206 us/op
WorkloadActual  11: 18432 op, 1005446207.00 ns, 54.5489 us/op
WorkloadActual  12: 18432 op, 1004380707.00 ns, 54.4911 us/op
WorkloadActual  13: 18432 op, 1003860512.00 ns, 54.4629 us/op
WorkloadActual  14: 18432 op, 1005710636.00 ns, 54.5633 us/op
WorkloadActual  15: 18432 op, 1005177015.00 ns, 54.5343 us/op

// AfterActualRun
WorkloadResult   1: 18432 op, 1004577658.00 ns, 54.5018 us/op
WorkloadResult   2: 18432 op, 1006869071.00 ns, 54.6261 us/op
WorkloadResult   3: 18432 op, 1005815423.00 ns, 54.5690 us/op
WorkloadResult   4: 18432 op, 1004539669.00 ns, 54.4998 us/op
WorkloadResult   5: 18432 op, 1004816590.00 ns, 54.5148 us/op
WorkloadResult   6: 18432 op, 1004975505.00 ns, 54.5234 us/op
WorkloadResult   7: 18432 op, 1005968137.00 ns, 54.5773 us/op
WorkloadResult   8: 18432 op, 1005054154.00 ns, 54.5277 us/op
WorkloadResult   9: 18432 op, 1005492767.00 ns, 54.5515 us/op
WorkloadResult  10: 18432 op, 1004856423.00 ns, 54.5170 us/op
WorkloadResult  11: 18432 op, 1005378418.00 ns, 54.5453 us/op
WorkloadResult  12: 18432 op, 1004312918.00 ns, 54.4875 us/op
WorkloadResult  13: 18432 op, 1003792723.00 ns, 54.4592 us/op
WorkloadResult  14: 18432 op, 1005642847.00 ns, 54.5596 us/op
WorkloadResult  15: 18432 op, 1005109226.00 ns, 54.5307 us/op

// AfterAll
// Benchmark Process 4061197 has exited with code 0.

Mean = 54.533 μs, StdErr = 0.011 μs (0.02%), N = 15, StdDev = 0.041 μs
Min = 54.459 μs, Q1 = 54.508 μs, Median = 54.528 μs, Q3 = 54.556 μs, Max = 54.626 μs
IQR = 0.047 μs, LowerFence = 54.437 μs, UpperFence = 54.626 μs
ConfidenceInterval = [54.489 μs; 54.576 μs] (CI 99.9%), Margin = 0.044 μs (0.08% of Mean)
Skewness = 0.4, Kurtosis = 2.81, MValue = 2

// ** Remained 24 (80.0%) benchmark(s) to run. Estimated finish 2025-12-31 20:41 (0h 10m from now) **
// **************************
// Benchmark: JsonSerializationBenchmarks.Newtonsoft_Deserialize_Medium: Overhead-Fixed-NoEnergy-7(OutlierMode=DontRemove, IterationCount=15, IterationTime=1s, LaunchCount=1, WarmupCount=6)
// *** Execute ***
// Launch: 1 / 1
// Execute: dotnet Serialization.Bench-Overhead-Fixed-NoEnergy-7-1.dll --anonymousPipes 103 104 --benchmarkName Serialization.Bench.JsonSerializationBenchmarks.Newtonsoft_Deserialize_Medium --job Overhead-Fixed-NoEnergy-7 --benchmarkId 6 in /home/test/rapl-tests/lib-energy-bench/src/Serialization.Bench/bin/Release/net8.0/Serialization.Bench-Overhead-Fixed-NoEnergy-7-1/bin/Release/net8.0
// BeforeAnythingElse

// Benchmark Process Environment Information:
// BenchmarkDotNet v0.15.5-develop (2025-12-31)
// Runtime=.NET 8.0.21 (8.0.21, 8.0.2125.47513), X64 RyuJIT x86-64-v4
// GC=Concurrent Workstation
// HardwareIntrinsics=AVX512 IFMA+VBMI,AVX512 F+BW+CD+DQ+VL,AVX2+BMI1+BMI2+F16C+FMA+LZCNT+MOVBE,AVX,SSE3+SSSE3+SSE4.1+SSE4.2+POPCNT,X86Base+SSE+SSE2,AES+PCLMUL VectorSize=256
// Job: Overhead-Fixed-NoEnergy-7(OutlierMode=DontRemove, IterationCount=15, IterationTime=1s, LaunchCount=1, WarmupCount=6)

OverheadJitting  1: 1 op, 139243.00 ns, 139.2430 us/op
WorkloadJitting  1: 1 op, 53267450.00 ns, 53.2675 ms/op

OverheadJitting  2: 16 op, 377366.00 ns, 23.5854 us/op
WorkloadJitting  2: 16 op, 5668397.00 ns, 354.2748 us/op

WorkloadPilot    1: 16 op, 4996499.00 ns, 312.2812 us/op
WorkloadPilot    2: 3216 op, 434976486.00 ns, 135.2539 us/op
WorkloadPilot    3: 7408 op, 498167141.00 ns, 67.2472 us/op
WorkloadPilot    4: 14880 op, 996004664.00 ns, 66.9358 us/op
WorkloadPilot    5: 14944 op, 998968961.00 ns, 66.8475 us/op
WorkloadPilot    6: 14960 op, 1001271993.00 ns, 66.9299 us/op
WorkloadPilot    7: 14944 op, 1001047552.00 ns, 66.9866 us/op
WorkloadPilot    8: 14928 op, 998809283.00 ns, 66.9084 us/op
WorkloadPilot    9: 14960 op, 1001932620.00 ns, 66.9741 us/op

OverheadWarmup   1: 14960 op, 55725.00 ns, 3.7249 ns/op
OverheadWarmup   2: 14960 op, 53959.00 ns, 3.6069 ns/op
OverheadWarmup   3: 14960 op, 53910.00 ns, 3.6036 ns/op
OverheadWarmup   4: 14960 op, 55005.00 ns, 3.6768 ns/op
OverheadWarmup   5: 14960 op, 57705.00 ns, 3.8573 ns/op
OverheadWarmup   6: 14960 op, 55017.00 ns, 3.6776 ns/op
OverheadWarmup   7: 14960 op, 55023.00 ns, 3.6780 ns/op
OverheadWarmup   8: 14960 op, 55024.00 ns, 3.6781 ns/op
OverheadWarmup   9: 14960 op, 55370.00 ns, 3.7012 ns/op
OverheadWarmup  10: 14960 op, 54982.00 ns, 3.6753 ns/op

OverheadActual   1: 14960 op, 58418.00 ns, 3.9049 ns/op
OverheadActual   2: 14960 op, 54049.00 ns, 3.6129 ns/op
OverheadActual   3: 14960 op, 54049.00 ns, 3.6129 ns/op
OverheadActual   4: 14960 op, 54328.00 ns, 3.6316 ns/op
OverheadActual   5: 14960 op, 54983.00 ns, 3.6753 ns/op
OverheadActual   6: 14960 op, 53870.00 ns, 3.6009 ns/op
OverheadActual   7: 14960 op, 57223.00 ns, 3.8251 ns/op
OverheadActual   8: 14960 op, 58806.00 ns, 3.9309 ns/op
OverheadActual   9: 14960 op, 57528.00 ns, 3.8455 ns/op
OverheadActual  10: 14960 op, 54964.00 ns, 3.6741 ns/op
OverheadActual  11: 14960 op, 54942.00 ns, 3.6726 ns/op
OverheadActual  12: 14960 op, 55464.00 ns, 3.7075 ns/op
OverheadActual  13: 14960 op, 54988.00 ns, 3.6757 ns/op
OverheadActual  14: 14960 op, 59104.00 ns, 3.9508 ns/op
OverheadActual  15: 14960 op, 57744.00 ns, 3.8599 ns/op

WorkloadWarmup   1: 14960 op, 1007137889.00 ns, 67.3221 us/op
WorkloadWarmup   2: 14960 op, 1006664681.00 ns, 67.2904 us/op
WorkloadWarmup   3: 14960 op, 1001683130.00 ns, 66.9574 us/op
WorkloadWarmup   4: 14960 op, 1000111888.00 ns, 66.8524 us/op
WorkloadWarmup   5: 14960 op, 1002840125.00 ns, 67.0348 us/op
WorkloadWarmup   6: 14960 op, 1003645760.00 ns, 67.0886 us/op

// BeforeActualRun
WorkloadActual   1: 14960 op, 1003770356.00 ns, 67.0969 us/op
WorkloadActual   2: 14960 op, 1003587336.00 ns, 67.0847 us/op
WorkloadActual   3: 14960 op, 1004551115.00 ns, 67.1491 us/op
WorkloadActual   4: 14960 op, 1006844776.00 ns, 67.3025 us/op
WorkloadActual   5: 14960 op, 1004512021.00 ns, 67.1465 us/op
WorkloadActual   6: 14960 op, 1011738871.00 ns, 67.6296 us/op
WorkloadActual   7: 14960 op, 1007801286.00 ns, 67.3664 us/op
WorkloadActual   8: 14960 op, 1007277478.00 ns, 67.3314 us/op
WorkloadActual   9: 14960 op, 1008270632.00 ns, 67.3978 us/op
WorkloadActual  10: 14960 op, 1004967275.00 ns, 67.1770 us/op
WorkloadActual  11: 14960 op, 1008894254.00 ns, 67.4395 us/op
WorkloadActual  12: 14960 op, 1007320210.00 ns, 67.3342 us/op
WorkloadActual  13: 14960 op, 1002637702.00 ns, 67.0212 us/op
WorkloadActual  14: 14960 op, 1002257466.00 ns, 66.9958 us/op
WorkloadActual  15: 14960 op, 1005353542.00 ns, 67.2028 us/op

// AfterActualRun
WorkloadResult   1: 14960 op, 1003715368.00 ns, 67.0933 us/op
WorkloadResult   2: 14960 op, 1003532348.00 ns, 67.0810 us/op
WorkloadResult   3: 14960 op, 1004496127.00 ns, 67.1455 us/op
WorkloadResult   4: 14960 op, 1006789788.00 ns, 67.2988 us/op
WorkloadResult   5: 14960 op, 1004457033.00 ns, 67.1428 us/op
WorkloadResult   6: 14960 op, 1011683883.00 ns, 67.6259 us/op
WorkloadResult   7: 14960 op, 1007746298.00 ns, 67.3627 us/op
WorkloadResult   8: 14960 op, 1007222490.00 ns, 67.3277 us/op
WorkloadResult   9: 14960 op, 1008215644.00 ns, 67.3941 us/op
WorkloadResult  10: 14960 op, 1004912287.00 ns, 67.1733 us/op
WorkloadResult  11: 14960 op, 1008839266.00 ns, 67.4358 us/op
WorkloadResult  12: 14960 op, 1007265222.00 ns, 67.3306 us/op
WorkloadResult  13: 14960 op, 1002582714.00 ns, 67.0176 us/op
WorkloadResult  14: 14960 op, 1002202478.00 ns, 66.9921 us/op
WorkloadResult  15: 14960 op, 1005298554.00 ns, 67.1991 us/op

// AfterAll
// Benchmark Process 4061215 has exited with code 0.

Mean = 67.241 μs, StdErr = 0.045 μs (0.07%), N = 15, StdDev = 0.175 μs
Min = 66.992 μs, Q1 = 67.118 μs, Median = 67.199 μs, Q3 = 67.347 μs, Max = 67.626 μs
IQR = 0.229 μs, LowerFence = 66.775 μs, UpperFence = 67.690 μs
ConfidenceInterval = [67.055 μs; 67.428 μs] (CI 99.9%), Margin = 0.187 μs (0.28% of Mean)
Skewness = 0.44, Kurtosis = 2.28, MValue = 2

// ** Remained 23 (76.7%) benchmark(s) to run. Estimated finish 2025-12-31 20:41 (0h 10m from now) **
// **************************
// Benchmark: JsonSerializationBenchmarks.Jil_Deserialize_Medium: Overhead-Fixed-NoEnergy-7(OutlierMode=DontRemove, IterationCount=15, IterationTime=1s, LaunchCount=1, WarmupCount=6)
// *** Execute ***
// Launch: 1 / 1
// Execute: dotnet Serialization.Bench-Overhead-Fixed-NoEnergy-7-1.dll --anonymousPipes 103 104 --benchmarkName Serialization.Bench.JsonSerializationBenchmarks.Jil_Deserialize_Medium --job Overhead-Fixed-NoEnergy-7 --benchmarkId 7 in /home/test/rapl-tests/lib-energy-bench/src/Serialization.Bench/bin/Release/net8.0/Serialization.Bench-Overhead-Fixed-NoEnergy-7-1/bin/Release/net8.0
// BeforeAnythingElse

// Benchmark Process Environment Information:
// BenchmarkDotNet v0.15.5-develop (2025-12-31)
// Runtime=.NET 8.0.21 (8.0.21, 8.0.2125.47513), X64 RyuJIT x86-64-v4
// GC=Concurrent Workstation
// HardwareIntrinsics=AVX512 IFMA+VBMI,AVX512 F+BW+CD+DQ+VL,AVX2+BMI1+BMI2+F16C+FMA+LZCNT+MOVBE,AVX,SSE3+SSSE3+SSE4.1+SSE4.2+POPCNT,X86Base+SSE+SSE2,AES+PCLMUL VectorSize=256
// Job: Overhead-Fixed-NoEnergy-7(OutlierMode=DontRemove, IterationCount=15, IterationTime=1s, LaunchCount=1, WarmupCount=6)

OverheadJitting  1: 1 op, 140037.00 ns, 140.0370 us/op
WorkloadJitting  1: 1 op, 200037347.00 ns, 200.0373 ms/op

WorkloadPilot    1: 4 op, 792006.00 ns, 198.0015 us/op
WorkloadPilot    2: 5050 op, 393370575.00 ns, 77.8952 us/op
WorkloadPilot    3: 12838 op, 720239737.00 ns, 56.1022 us/op
WorkloadPilot    4: 17825 op, 997175505.00 ns, 55.9425 us/op
WorkloadPilot    5: 17875 op, 1000622333.00 ns, 55.9789 us/op
WorkloadPilot    6: 17864 op, 1001643781.00 ns, 56.0705 us/op
WorkloadPilot    7: 17835 op, 1001031994.00 ns, 56.1274 us/op

WorkloadWarmup   1: 17835 op, 999205135.00 ns, 56.0250 us/op
WorkloadWarmup   2: 17835 op, 999717769.00 ns, 56.0537 us/op
WorkloadWarmup   3: 17835 op, 1001562714.00 ns, 56.1571 us/op
WorkloadWarmup   4: 17835 op, 1000129569.00 ns, 56.0768 us/op
WorkloadWarmup   5: 17835 op, 1000522618.00 ns, 56.0988 us/op
WorkloadWarmup   6: 17835 op, 1000237122.00 ns, 56.0828 us/op

// BeforeActualRun
WorkloadActual   1: 17835 op, 997822378.00 ns, 55.9474 us/op
WorkloadActual   2: 17835 op, 999532317.00 ns, 56.0433 us/op
WorkloadActual   3: 17835 op, 1000450979.00 ns, 56.0948 us/op
WorkloadActual   4: 17835 op, 1003141260.00 ns, 56.2457 us/op
WorkloadActual   5: 17835 op, 999772665.00 ns, 56.0568 us/op
WorkloadActual   6: 17835 op, 1000040901.00 ns, 56.0718 us/op
WorkloadActual   7: 17835 op, 999532904.00 ns, 56.0433 us/op
WorkloadActual   8: 17835 op, 1001058149.00 ns, 56.1289 us/op
WorkloadActual   9: 17835 op, 999828906.00 ns, 56.0599 us/op
WorkloadActual  10: 17835 op, 999169796.00 ns, 56.0230 us/op
WorkloadActual  11: 17835 op, 999212751.00 ns, 56.0254 us/op
WorkloadActual  12: 17835 op, 999845641.00 ns, 56.0609 us/op
WorkloadActual  13: 17835 op, 1000067423.00 ns, 56.0733 us/op
WorkloadActual  14: 17835 op, 1000016699.00 ns, 56.0705 us/op
WorkloadActual  15: 17835 op, 1001424886.00 ns, 56.1494 us/op

// AfterActualRun
WorkloadResult   1: 17835 op, 997822378.00 ns, 55.9474 us/op
WorkloadResult   2: 17835 op, 999532317.00 ns, 56.0433 us/op
WorkloadResult   3: 17835 op, 1000450979.00 ns, 56.0948 us/op
WorkloadResult   4: 17835 op, 1003141260.00 ns, 56.2457 us/op
WorkloadResult   5: 17835 op, 999772665.00 ns, 56.0568 us/op
WorkloadResult   6: 17835 op, 1000040901.00 ns, 56.0718 us/op
WorkloadResult   7: 17835 op, 999532904.00 ns, 56.0433 us/op
WorkloadResult   8: 17835 op, 1001058149.00 ns, 56.1289 us/op
WorkloadResult   9: 17835 op, 999828906.00 ns, 56.0599 us/op
WorkloadResult  10: 17835 op, 999169796.00 ns, 56.0230 us/op
WorkloadResult  11: 17835 op, 999212751.00 ns, 56.0254 us/op
WorkloadResult  12: 17835 op, 999845641.00 ns, 56.0609 us/op
WorkloadResult  13: 17835 op, 1000067423.00 ns, 56.0733 us/op
WorkloadResult  14: 17835 op, 1000016699.00 ns, 56.0705 us/op
WorkloadResult  15: 17835 op, 1001424886.00 ns, 56.1494 us/op

// AfterAll
// Benchmark Process 4061234 has exited with code 0.

Mean = 56.073 μs, StdErr = 0.017 μs (0.03%), N = 15, StdDev = 0.067 μs
Min = 55.947 μs, Q1 = 56.043 μs, Median = 56.061 μs, Q3 = 56.084 μs, Max = 56.246 μs
IQR = 0.041 μs, LowerFence = 55.982 μs, UpperFence = 56.145 μs
ConfidenceInterval = [56.002 μs; 56.144 μs] (CI 99.9%), Margin = 0.071 μs (0.13% of Mean)
Skewness = 0.79, Kurtosis = 4.04, MValue = 2

// ** Remained 22 (73.3%) benchmark(s) to run. Estimated finish 2025-12-31 20:41 (0h 9m from now) **
// **************************
// Benchmark: JsonSerializationBenchmarks.Utf8Json_Deserialize_Medium: Overhead-Fixed-NoEnergy-7(OutlierMode=DontRemove, IterationCount=15, IterationTime=1s, LaunchCount=1, WarmupCount=6)
// *** Execute ***
// Launch: 1 / 1
// Execute: dotnet Serialization.Bench-Overhead-Fixed-NoEnergy-7-1.dll --anonymousPipes 103 104 --benchmarkName Serialization.Bench.JsonSerializationBenchmarks.Utf8Json_Deserialize_Medium --job Overhead-Fixed-NoEnergy-7 --benchmarkId 8 in /home/test/rapl-tests/lib-energy-bench/src/Serialization.Bench/bin/Release/net8.0/Serialization.Bench-Overhead-Fixed-NoEnergy-7-1/bin/Release/net8.0
// BeforeAnythingElse

// Benchmark Process Environment Information:
// BenchmarkDotNet v0.15.5-develop (2025-12-31)
// Runtime=.NET 8.0.21 (8.0.21, 8.0.2125.47513), X64 RyuJIT x86-64-v4
// GC=Concurrent Workstation
// HardwareIntrinsics=AVX512 IFMA+VBMI,AVX512 F+BW+CD+DQ+VL,AVX2+BMI1+BMI2+F16C+FMA+LZCNT+MOVBE,AVX,SSE3+SSSE3+SSE4.1+SSE4.2+POPCNT,X86Base+SSE+SSE2,AES+PCLMUL VectorSize=256
// Job: Overhead-Fixed-NoEnergy-7(OutlierMode=DontRemove, IterationCount=15, IterationTime=1s, LaunchCount=1, WarmupCount=6)

OverheadJitting  1: 1 op, 140127.00 ns, 140.1270 us/op
WorkloadJitting  1: 1 op, 57598119.00 ns, 57.5981 ms/op

OverheadJitting  2: 16 op, 398453.00 ns, 24.9033 us/op
WorkloadJitting  2: 16 op, 4836565.00 ns, 302.2853 us/op

WorkloadPilot    1: 16 op, 3993825.00 ns, 249.6141 us/op
WorkloadPilot    2: 4016 op, 716033522.00 ns, 178.2952 us/op
WorkloadPilot    3: 5616 op, 358808474.00 ns, 63.8904 us/op
WorkloadPilot    4: 15664 op, 993437727.00 ns, 63.4217 us/op
WorkloadPilot    5: 15776 op, 1000465009.00 ns, 63.4169 us/op

OverheadWarmup   1: 15776 op, 57662.00 ns, 3.6550 ns/op
OverheadWarmup   2: 15776 op, 56883.00 ns, 3.6057 ns/op
OverheadWarmup   3: 15776 op, 58021.00 ns, 3.6778 ns/op
OverheadWarmup   4: 15776 op, 56810.00 ns, 3.6010 ns/op
OverheadWarmup   5: 15776 op, 57264.00 ns, 3.6298 ns/op
OverheadWarmup   6: 15776 op, 56855.00 ns, 3.6039 ns/op

OverheadActual   1: 15776 op, 56974.00 ns, 3.6114 ns/op
OverheadActual   2: 15776 op, 56949.00 ns, 3.6099 ns/op
OverheadActual   3: 15776 op, 57340.00 ns, 3.6346 ns/op
OverheadActual   4: 15776 op, 57873.00 ns, 3.6684 ns/op
OverheadActual   5: 15776 op, 58036.00 ns, 3.6788 ns/op
OverheadActual   6: 15776 op, 58101.00 ns, 3.6829 ns/op
OverheadActual   7: 15776 op, 60200.00 ns, 3.8159 ns/op
OverheadActual   8: 15776 op, 58050.00 ns, 3.6796 ns/op
OverheadActual   9: 15776 op, 58072.00 ns, 3.6810 ns/op
OverheadActual  10: 15776 op, 58065.00 ns, 3.6806 ns/op
OverheadActual  11: 15776 op, 58458.00 ns, 3.7055 ns/op
OverheadActual  12: 15776 op, 58050.00 ns, 3.6796 ns/op
OverheadActual  13: 15776 op, 58003.00 ns, 3.6767 ns/op
OverheadActual  14: 15776 op, 58046.00 ns, 3.6794 ns/op
OverheadActual  15: 15776 op, 58480.00 ns, 3.7069 ns/op

WorkloadWarmup   1: 15776 op, 1003911575.00 ns, 63.6354 us/op
WorkloadWarmup   2: 15776 op, 1000510106.00 ns, 63.4198 us/op
WorkloadWarmup   3: 15776 op, 998905066.00 ns, 63.3180 us/op
WorkloadWarmup   4: 15776 op, 999756992.00 ns, 63.3720 us/op
WorkloadWarmup   5: 15776 op, 1000564939.00 ns, 63.4232 us/op
WorkloadWarmup   6: 15776 op, 998888983.00 ns, 63.3170 us/op

// BeforeActualRun
WorkloadActual   1: 15776 op, 1000283421.00 ns, 63.4054 us/op
WorkloadActual   2: 15776 op, 1000318549.00 ns, 63.4076 us/op
WorkloadActual   3: 15776 op, 999377181.00 ns, 63.3479 us/op
WorkloadActual   4: 15776 op, 999163799.00 ns, 63.3344 us/op
WorkloadActual   5: 15776 op, 999557117.00 ns, 63.3594 us/op
WorkloadActual   6: 15776 op, 998612090.00 ns, 63.2994 us/op
WorkloadActual   7: 15776 op, 999161527.00 ns, 63.3343 us/op
WorkloadActual   8: 15776 op, 998532874.00 ns, 63.2944 us/op
WorkloadActual   9: 15776 op, 1002051314.00 ns, 63.5175 us/op
WorkloadActual  10: 15776 op, 999147212.00 ns, 63.3334 us/op
WorkloadActual  11: 15776 op, 999321928.00 ns, 63.3444 us/op
WorkloadActual  12: 15776 op, 997921994.00 ns, 63.2557 us/op
WorkloadActual  13: 15776 op, 998676232.00 ns, 63.3035 us/op
WorkloadActual  14: 15776 op, 997559212.00 ns, 63.2327 us/op
WorkloadActual  15: 15776 op, 998513700.00 ns, 63.2932 us/op

// AfterActualRun
WorkloadResult   1: 15776 op, 1000225371.00 ns, 63.4017 us/op
WorkloadResult   2: 15776 op, 1000260499.00 ns, 63.4039 us/op
WorkloadResult   3: 15776 op, 999319131.00 ns, 63.3443 us/op
WorkloadResult   4: 15776 op, 999105749.00 ns, 63.3307 us/op
WorkloadResult   5: 15776 op, 999499067.00 ns, 63.3557 us/op
WorkloadResult   6: 15776 op, 998554040.00 ns, 63.2958 us/op
WorkloadResult   7: 15776 op, 999103477.00 ns, 63.3306 us/op
WorkloadResult   8: 15776 op, 998474824.00 ns, 63.2907 us/op
WorkloadResult   9: 15776 op, 1001993264.00 ns, 63.5138 us/op
WorkloadResult  10: 15776 op, 999089162.00 ns, 63.3297 us/op
WorkloadResult  11: 15776 op, 999263878.00 ns, 63.3408 us/op
WorkloadResult  12: 15776 op, 997863944.00 ns, 63.2520 us/op
WorkloadResult  13: 15776 op, 998618182.00 ns, 63.2998 us/op
WorkloadResult  14: 15776 op, 997501162.00 ns, 63.2290 us/op
WorkloadResult  15: 15776 op, 998455650.00 ns, 63.2895 us/op

// AfterAll
// Benchmark Process 4061251 has exited with code 0.

Mean = 63.334 μs, StdErr = 0.018 μs (0.03%), N = 15, StdDev = 0.069 μs
Min = 63.229 μs, Q1 = 63.293 μs, Median = 63.331 μs, Q3 = 63.350 μs, Max = 63.514 μs
IQR = 0.057 μs, LowerFence = 63.208 μs, UpperFence = 63.435 μs
ConfidenceInterval = [63.260 μs; 63.408 μs] (CI 99.9%), Margin = 0.074 μs (0.12% of Mean)
Skewness = 0.92, Kurtosis = 3.73, MValue = 2

// ** Remained 21 (70.0%) benchmark(s) to run. Estimated finish 2025-12-31 20:41 (0h 9m from now) **
// **************************
// Benchmark: JsonSerializationBenchmarks.SpanJson_Deserialize_Medium: Overhead-Fixed-NoEnergy-7(OutlierMode=DontRemove, IterationCount=15, IterationTime=1s, LaunchCount=1, WarmupCount=6)
// *** Execute ***
// Launch: 1 / 1
// Execute: dotnet Serialization.Bench-Overhead-Fixed-NoEnergy-7-1.dll --anonymousPipes 103 104 --benchmarkName Serialization.Bench.JsonSerializationBenchmarks.SpanJson_Deserialize_Medium --job Overhead-Fixed-NoEnergy-7 --benchmarkId 9 in /home/test/rapl-tests/lib-energy-bench/src/Serialization.Bench/bin/Release/net8.0/Serialization.Bench-Overhead-Fixed-NoEnergy-7-1/bin/Release/net8.0
// BeforeAnythingElse

// Benchmark Process Environment Information:
// BenchmarkDotNet v0.15.5-develop (2025-12-31)
// Runtime=.NET 8.0.21 (8.0.21, 8.0.2125.47513), X64 RyuJIT x86-64-v4
// GC=Concurrent Workstation
// HardwareIntrinsics=AVX512 IFMA+VBMI,AVX512 F+BW+CD+DQ+VL,AVX2+BMI1+BMI2+F16C+FMA+LZCNT+MOVBE,AVX,SSE3+SSSE3+SSE4.1+SSE4.2+POPCNT,X86Base+SSE+SSE2,AES+PCLMUL VectorSize=256
// Job: Overhead-Fixed-NoEnergy-7(OutlierMode=DontRemove, IterationCount=15, IterationTime=1s, LaunchCount=1, WarmupCount=6)

OverheadJitting  1: 1 op, 141913.00 ns, 141.9130 us/op
WorkloadJitting  1: 1 op, 101462064.00 ns, 101.4621 ms/op

WorkloadPilot    1: 4 op, 803731.00 ns, 200.9328 us/op
WorkloadPilot    2: 4977 op, 323156604.00 ns, 64.9300 us/op
WorkloadPilot    3: 15401 op, 627673838.00 ns, 40.7554 us/op
WorkloadPilot    4: 24537 op, 994881930.00 ns, 40.5462 us/op
WorkloadPilot    5: 24663 op, 1000974831.00 ns, 40.5861 us/op
WorkloadPilot    6: 24639 op, 1000937809.00 ns, 40.6241 us/op
WorkloadPilot    7: 24616 op, 1003211090.00 ns, 40.7544 us/op

WorkloadWarmup   1: 24616 op, 999181150.00 ns, 40.5907 us/op
WorkloadWarmup   2: 24616 op, 999925070.00 ns, 40.6209 us/op
WorkloadWarmup   3: 24616 op, 999717495.00 ns, 40.6125 us/op
WorkloadWarmup   4: 24616 op, 999024658.00 ns, 40.5844 us/op
WorkloadWarmup   5: 24616 op, 999561487.00 ns, 40.6062 us/op
WorkloadWarmup   6: 24616 op, 999987907.00 ns, 40.6235 us/op

// BeforeActualRun
WorkloadActual   1: 24616 op, 997065022.00 ns, 40.5048 us/op
WorkloadActual   2: 24616 op, 1003252231.00 ns, 40.7561 us/op
WorkloadActual   3: 24616 op, 999568804.00 ns, 40.6065 us/op
WorkloadActual   4: 24616 op, 999296756.00 ns, 40.5954 us/op
WorkloadActual   5: 24616 op, 998784674.00 ns, 40.5746 us/op
WorkloadActual   6: 24616 op, 999615691.00 ns, 40.6084 us/op
WorkloadActual   7: 24616 op, 1002153611.00 ns, 40.7115 us/op
WorkloadActual   8: 24616 op, 1000125407.00 ns, 40.6291 us/op
WorkloadActual   9: 24616 op, 997943916.00 ns, 40.5405 us/op
WorkloadActual  10: 24616 op, 997042292.00 ns, 40.5038 us/op
WorkloadActual  11: 24616 op, 995905873.00 ns, 40.4577 us/op
WorkloadActual  12: 24616 op, 996093723.00 ns, 40.4653 us/op
WorkloadActual  13: 24616 op, 1000119572.00 ns, 40.6288 us/op
WorkloadActual  14: 24616 op, 1000971806.00 ns, 40.6635 us/op
WorkloadActual  15: 24616 op, 997469680.00 ns, 40.5212 us/op

// AfterActualRun
WorkloadResult   1: 24616 op, 997065022.00 ns, 40.5048 us/op
WorkloadResult   2: 24616 op, 1003252231.00 ns, 40.7561 us/op
WorkloadResult   3: 24616 op, 999568804.00 ns, 40.6065 us/op
WorkloadResult   4: 24616 op, 999296756.00 ns, 40.5954 us/op
WorkloadResult   5: 24616 op, 998784674.00 ns, 40.5746 us/op
WorkloadResult   6: 24616 op, 999615691.00 ns, 40.6084 us/op
WorkloadResult   7: 24616 op, 1002153611.00 ns, 40.7115 us/op
WorkloadResult   8: 24616 op, 1000125407.00 ns, 40.6291 us/op
WorkloadResult   9: 24616 op, 997943916.00 ns, 40.5405 us/op
WorkloadResult  10: 24616 op, 997042292.00 ns, 40.5038 us/op
WorkloadResult  11: 24616 op, 995905873.00 ns, 40.4577 us/op
WorkloadResult  12: 24616 op, 996093723.00 ns, 40.4653 us/op
WorkloadResult  13: 24616 op, 1000119572.00 ns, 40.6288 us/op
WorkloadResult  14: 24616 op, 1000971806.00 ns, 40.6635 us/op
WorkloadResult  15: 24616 op, 997469680.00 ns, 40.5212 us/op

// AfterAll
// Benchmark Process 4061267 has exited with code 0.

Mean = 40.584 μs, StdErr = 0.022 μs (0.06%), N = 15, StdDev = 0.087 μs
Min = 40.458 μs, Q1 = 40.513 μs, Median = 40.595 μs, Q3 = 40.629 μs, Max = 40.756 μs
IQR = 0.116 μs, LowerFence = 40.339 μs, UpperFence = 40.803 μs
ConfidenceInterval = [40.491 μs; 40.678 μs] (CI 99.9%), Margin = 0.093 μs (0.23% of Mean)
Skewness = 0.27, Kurtosis = 2.02, MValue = 2

// ** Remained 20 (66.7%) benchmark(s) to run. Estimated finish 2025-12-31 20:41 (0h 8m from now) **
// **************************
// Benchmark: JsonSerializationBenchmarks.STJ_Deserialize_Small: Overhead-Fixed-NoEnergy-7(OutlierMode=DontRemove, IterationCount=15, IterationTime=1s, LaunchCount=1, WarmupCount=6)
// *** Execute ***
// Launch: 1 / 1
// Execute: dotnet Serialization.Bench-Overhead-Fixed-NoEnergy-7-1.dll --anonymousPipes 103 104 --benchmarkName Serialization.Bench.JsonSerializationBenchmarks.STJ_Deserialize_Small --job Overhead-Fixed-NoEnergy-7 --benchmarkId 10 in /home/test/rapl-tests/lib-energy-bench/src/Serialization.Bench/bin/Release/net8.0/Serialization.Bench-Overhead-Fixed-NoEnergy-7-1/bin/Release/net8.0
// BeforeAnythingElse

// Benchmark Process Environment Information:
// BenchmarkDotNet v0.15.5-develop (2025-12-31)
// Runtime=.NET 8.0.21 (8.0.21, 8.0.2125.47513), X64 RyuJIT x86-64-v4
// GC=Concurrent Workstation
// HardwareIntrinsics=AVX512 IFMA+VBMI,AVX512 F+BW+CD+DQ+VL,AVX2+BMI1+BMI2+F16C+FMA+LZCNT+MOVBE,AVX,SSE3+SSSE3+SSE4.1+SSE4.2+POPCNT,X86Base+SSE+SSE2,AES+PCLMUL VectorSize=256
// Job: Overhead-Fixed-NoEnergy-7(OutlierMode=DontRemove, IterationCount=15, IterationTime=1s, LaunchCount=1, WarmupCount=6)

OverheadJitting  1: 1 op, 140506.00 ns, 140.5060 us/op
WorkloadJitting  1: 1 op, 186179.00 ns, 186.1790 us/op

OverheadJitting  2: 16 op, 398302.00 ns, 24.8939 us/op
WorkloadJitting  2: 16 op, 480052.00 ns, 30.0033 us/op

WorkloadPilot    1: 16 op, 92162.00 ns, 5.7601 us/op
WorkloadPilot    2: 173616 op, 603484365.00 ns, 3.4760 us/op
WorkloadPilot    3: 287696 op, 576151796.00 ns, 2.0026 us/op
WorkloadPilot    4: 499344 op, 998854763.00 ns, 2.0003 us/op
WorkloadPilot    5: 499920 op, 997336340.00 ns, 1.9950 us/op
WorkloadPilot    6: 501264 op, 1000201923.00 ns, 1.9954 us/op
WorkloadPilot    7: 501168 op, 1000772642.00 ns, 1.9969 us/op
WorkloadPilot    8: 500784 op, 1000294642.00 ns, 1.9975 us/op

OverheadWarmup   1: 500784 op, 1760122.00 ns, 3.5147 ns/op
OverheadWarmup   2: 500784 op, 1718687.00 ns, 3.4320 ns/op
OverheadWarmup   3: 500784 op, 1728950.00 ns, 3.4525 ns/op
OverheadWarmup   4: 500784 op, 1718077.00 ns, 3.4308 ns/op
OverheadWarmup   5: 500784 op, 1714426.00 ns, 3.4235 ns/op
OverheadWarmup   6: 500784 op, 1712400.00 ns, 3.4194 ns/op
OverheadWarmup   7: 500784 op, 1720105.00 ns, 3.4348 ns/op
OverheadWarmup   8: 500784 op, 1708623.00 ns, 3.4119 ns/op

OverheadActual   1: 500784 op, 1715048.00 ns, 3.4247 ns/op
OverheadActual   2: 500784 op, 1718634.00 ns, 3.4319 ns/op
OverheadActual   3: 500784 op, 1718702.00 ns, 3.4320 ns/op
OverheadActual   4: 500784 op, 1712035.00 ns, 3.4187 ns/op
OverheadActual   5: 500784 op, 1714214.00 ns, 3.4231 ns/op
OverheadActual   6: 500784 op, 1711738.00 ns, 3.4181 ns/op
OverheadActual   7: 500784 op, 1712224.00 ns, 3.4191 ns/op
OverheadActual   8: 500784 op, 1714425.00 ns, 3.4235 ns/op
OverheadActual   9: 500784 op, 1714855.00 ns, 3.4243 ns/op
OverheadActual  10: 500784 op, 1712904.00 ns, 3.4204 ns/op
OverheadActual  11: 500784 op, 1711880.00 ns, 3.4184 ns/op
OverheadActual  12: 500784 op, 1712669.00 ns, 3.4200 ns/op
OverheadActual  13: 500784 op, 1713392.00 ns, 3.4214 ns/op
OverheadActual  14: 500784 op, 1720191.00 ns, 3.4350 ns/op
OverheadActual  15: 500784 op, 1712332.00 ns, 3.4193 ns/op

WorkloadWarmup   1: 500784 op, 1003451670.00 ns, 2.0038 us/op
WorkloadWarmup   2: 500784 op, 1001406922.00 ns, 1.9997 us/op
WorkloadWarmup   3: 500784 op, 998419485.00 ns, 1.9937 us/op
WorkloadWarmup   4: 500784 op, 998457792.00 ns, 1.9938 us/op
WorkloadWarmup   5: 500784 op, 999204739.00 ns, 1.9953 us/op
WorkloadWarmup   6: 500784 op, 998752873.00 ns, 1.9944 us/op

// BeforeActualRun
WorkloadActual   1: 500784 op, 1001149753.00 ns, 1.9992 us/op
WorkloadActual   2: 500784 op, 1000883706.00 ns, 1.9986 us/op
WorkloadActual   3: 500784 op, 1001510044.00 ns, 1.9999 us/op
WorkloadActual   4: 500784 op, 1001865694.00 ns, 2.0006 us/op
WorkloadActual   5: 500784 op, 1002855574.00 ns, 2.0026 us/op
WorkloadActual   6: 500784 op, 1001029321.00 ns, 1.9989 us/op
WorkloadActual   7: 500784 op, 1000780536.00 ns, 1.9984 us/op
WorkloadActual   8: 500784 op, 1000734527.00 ns, 1.9983 us/op
WorkloadActual   9: 500784 op, 1001099583.00 ns, 1.9991 us/op
WorkloadActual  10: 500784 op, 1000114499.00 ns, 1.9971 us/op
WorkloadActual  11: 500784 op, 1053213090.00 ns, 2.1031 us/op
WorkloadActual  12: 500784 op, 1000690729.00 ns, 1.9982 us/op
WorkloadActual  13: 500784 op, 1001204906.00 ns, 1.9993 us/op
WorkloadActual  14: 500784 op, 1002007950.00 ns, 2.0009 us/op
WorkloadActual  15: 500784 op, 1003049249.00 ns, 2.0030 us/op

// AfterActualRun
WorkloadResult   1: 500784 op, 999436361.00 ns, 1.9957 us/op
WorkloadResult   2: 500784 op, 999170314.00 ns, 1.9952 us/op
WorkloadResult   3: 500784 op, 999796652.00 ns, 1.9965 us/op
WorkloadResult   4: 500784 op, 1000152302.00 ns, 1.9972 us/op
WorkloadResult   5: 500784 op, 1001142182.00 ns, 1.9991 us/op
WorkloadResult   6: 500784 op, 999315929.00 ns, 1.9955 us/op
WorkloadResult   7: 500784 op, 999067144.00 ns, 1.9950 us/op
WorkloadResult   8: 500784 op, 999021135.00 ns, 1.9949 us/op
WorkloadResult   9: 500784 op, 999386191.00 ns, 1.9956 us/op
WorkloadResult  10: 500784 op, 998401107.00 ns, 1.9937 us/op
WorkloadResult  11: 500784 op, 1051499698.00 ns, 2.0997 us/op
WorkloadResult  12: 500784 op, 998977337.00 ns, 1.9948 us/op
WorkloadResult  13: 500784 op, 999491514.00 ns, 1.9959 us/op
WorkloadResult  14: 500784 op, 1000294558.00 ns, 1.9975 us/op
WorkloadResult  15: 500784 op, 1001335857.00 ns, 1.9995 us/op

// AfterAll
// Benchmark Process 4061284 has exited with code 0.

Mean = 2.003 μs, StdErr = 0.007 μs (0.35%), N = 15, StdDev = 0.027 μs
Min = 1.994 μs, Q1 = 1.995 μs, Median = 1.996 μs, Q3 = 1.997 μs, Max = 2.100 μs
IQR = 0.002 μs, LowerFence = 1.992 μs, UpperFence = 2.001 μs
ConfidenceInterval = [1.974 μs; 2.032 μs] (CI 99.9%), Margin = 0.029 μs (1.43% of Mean)
Skewness = 3.11, Kurtosis = 11.31, MValue = 2

// ** Remained 19 (63.3%) benchmark(s) to run. Estimated finish 2025-12-31 20:41 (0h 8m from now) **
// **************************
// Benchmark: JsonSerializationBenchmarks.Newtonsoft_Deserialize_Small: Overhead-Fixed-NoEnergy-7(OutlierMode=DontRemove, IterationCount=15, IterationTime=1s, LaunchCount=1, WarmupCount=6)
// *** Execute ***
// Launch: 1 / 1
// Execute: dotnet Serialization.Bench-Overhead-Fixed-NoEnergy-7-1.dll --anonymousPipes 103 104 --benchmarkName Serialization.Bench.JsonSerializationBenchmarks.Newtonsoft_Deserialize_Small --job Overhead-Fixed-NoEnergy-7 --benchmarkId 11 in /home/test/rapl-tests/lib-energy-bench/src/Serialization.Bench/bin/Release/net8.0/Serialization.Bench-Overhead-Fixed-NoEnergy-7-1/bin/Release/net8.0
// BeforeAnythingElse

// Benchmark Process Environment Information:
// BenchmarkDotNet v0.15.5-develop (2025-12-31)
// Runtime=.NET 8.0.21 (8.0.21, 8.0.2125.47513), X64 RyuJIT x86-64-v4
// GC=Concurrent Workstation
// HardwareIntrinsics=AVX512 IFMA+VBMI,AVX512 F+BW+CD+DQ+VL,AVX2+BMI1+BMI2+F16C+FMA+LZCNT+MOVBE,AVX,SSE3+SSSE3+SSE4.1+SSE4.2+POPCNT,X86Base+SSE+SSE2,AES+PCLMUL VectorSize=256
// Job: Overhead-Fixed-NoEnergy-7(OutlierMode=DontRemove, IterationCount=15, IterationTime=1s, LaunchCount=1, WarmupCount=6)

OverheadJitting  1: 1 op, 141694.00 ns, 141.6940 us/op
WorkloadJitting  1: 1 op, 42205199.00 ns, 42.2052 ms/op

OverheadJitting  2: 16 op, 392221.00 ns, 24.5138 us/op
WorkloadJitting  2: 16 op, 817571.00 ns, 51.0982 us/op

WorkloadPilot    1: 16 op, 403697.00 ns, 25.2311 us/op
WorkloadPilot    2: 39648 op, 272749937.00 ns, 6.8793 us/op
WorkloadPilot    3: 145376 op, 520672903.00 ns, 3.5816 us/op
WorkloadPilot    4: 279216 op, 1000790135.00 ns, 3.5843 us/op
WorkloadPilot    5: 279008 op, 992134779.00 ns, 3.5559 us/op
WorkloadPilot    6: 281232 op, 1000413742.00 ns, 3.5573 us/op
WorkloadPilot    7: 281120 op, 1002323580.00 ns, 3.5655 us/op

OverheadWarmup   1: 281120 op, 957019.00 ns, 3.4043 ns/op
OverheadWarmup   2: 281120 op, 957268.00 ns, 3.4052 ns/op
OverheadWarmup   3: 281120 op, 956826.00 ns, 3.4036 ns/op
OverheadWarmup   4: 281120 op, 959423.00 ns, 3.4129 ns/op
OverheadWarmup   5: 281120 op, 961225.00 ns, 3.4193 ns/op
OverheadWarmup   6: 281120 op, 976280.00 ns, 3.4728 ns/op
OverheadWarmup   7: 281120 op, 976059.00 ns, 3.4720 ns/op

OverheadActual   1: 281120 op, 963315.00 ns, 3.4267 ns/op
OverheadActual   2: 281120 op, 956289.00 ns, 3.4017 ns/op
OverheadActual   3: 281120 op, 959012.00 ns, 3.4114 ns/op
OverheadActual   4: 281120 op, 978361.00 ns, 3.4802 ns/op
OverheadActual   5: 281120 op, 965222.00 ns, 3.4335 ns/op
OverheadActual   6: 281120 op, 971901.00 ns, 3.4572 ns/op
OverheadActual   7: 281120 op, 975176.00 ns, 3.4689 ns/op
OverheadActual   8: 281120 op, 977604.00 ns, 3.4775 ns/op
OverheadActual   9: 281120 op, 960737.00 ns, 3.4175 ns/op
OverheadActual  10: 281120 op, 959794.00 ns, 3.4142 ns/op
OverheadActual  11: 281120 op, 976686.00 ns, 3.4743 ns/op
OverheadActual  12: 281120 op, 977814.00 ns, 3.4783 ns/op
OverheadActual  13: 281120 op, 979567.00 ns, 3.4845 ns/op
OverheadActual  14: 281120 op, 978156.00 ns, 3.4795 ns/op
OverheadActual  15: 281120 op, 977421.00 ns, 3.4769 ns/op

WorkloadWarmup   1: 281120 op, 1004024003.00 ns, 3.5715 us/op
WorkloadWarmup   2: 281120 op, 1002725743.00 ns, 3.5669 us/op
WorkloadWarmup   3: 281120 op, 1000236862.00 ns, 3.5580 us/op
WorkloadWarmup   4: 281120 op, 999984013.00 ns, 3.5571 us/op
WorkloadWarmup   5: 281120 op, 999751945.00 ns, 3.5563 us/op
WorkloadWarmup   6: 281120 op, 1000070696.00 ns, 3.5575 us/op

// BeforeActualRun
WorkloadActual   1: 281120 op, 1000852087.00 ns, 3.5602 us/op
WorkloadActual   2: 281120 op, 1001140250.00 ns, 3.5613 us/op
WorkloadActual   3: 281120 op, 1001554166.00 ns, 3.5627 us/op
WorkloadActual   4: 281120 op, 1001115633.00 ns, 3.5612 us/op
WorkloadActual   5: 281120 op, 1001152207.00 ns, 3.5613 us/op
WorkloadActual   6: 281120 op, 1001235145.00 ns, 3.5616 us/op
WorkloadActual   7: 281120 op, 1001377859.00 ns, 3.5621 us/op
WorkloadActual   8: 281120 op, 1001253952.00 ns, 3.5617 us/op
WorkloadActual   9: 281120 op, 1001439994.00 ns, 3.5623 us/op
WorkloadActual  10: 281120 op, 1001943898.00 ns, 3.5641 us/op
WorkloadActual  11: 281120 op, 1001418238.00 ns, 3.5622 us/op
WorkloadActual  12: 281120 op, 1001942502.00 ns, 3.5641 us/op
WorkloadActual  13: 281120 op, 1001055247.00 ns, 3.5610 us/op
WorkloadActual  14: 281120 op, 1001316022.00 ns, 3.5619 us/op
WorkloadActual  15: 281120 op, 1001213371.00 ns, 3.5615 us/op

// AfterActualRun
WorkloadResult   1: 281120 op, 999876911.00 ns, 3.5568 us/op
WorkloadResult   2: 281120 op, 1000165074.00 ns, 3.5578 us/op
WorkloadResult   3: 281120 op, 1000578990.00 ns, 3.5593 us/op
WorkloadResult   4: 281120 op, 1000140457.00 ns, 3.5577 us/op
WorkloadResult   5: 281120 op, 1000177031.00 ns, 3.5578 us/op
WorkloadResult   6: 281120 op, 1000259969.00 ns, 3.5581 us/op
WorkloadResult   7: 281120 op, 1000402683.00 ns, 3.5586 us/op
WorkloadResult   8: 281120 op, 1000278776.00 ns, 3.5582 us/op
WorkloadResult   9: 281120 op, 1000464818.00 ns, 3.5589 us/op
WorkloadResult  10: 281120 op, 1000968722.00 ns, 3.5606 us/op
WorkloadResult  11: 281120 op, 1000443062.00 ns, 3.5588 us/op
WorkloadResult  12: 281120 op, 1000967326.00 ns, 3.5606 us/op
WorkloadResult  13: 281120 op, 1000080071.00 ns, 3.5575 us/op
WorkloadResult  14: 281120 op, 1000340846.00 ns, 3.5584 us/op
WorkloadResult  15: 281120 op, 1000238195.00 ns, 3.5580 us/op

// AfterAll
// Benchmark Process 4061301 has exited with code 0.

Mean = 3.558 μs, StdErr = 0.000 μs (0.01%), N = 15, StdDev = 0.001 μs
Min = 3.557 μs, Q1 = 3.558 μs, Median = 3.558 μs, Q3 = 3.559 μs, Max = 3.561 μs
IQR = 0.001 μs, LowerFence = 3.556 μs, UpperFence = 3.560 μs
ConfidenceInterval = [3.557 μs; 3.560 μs] (CI 99.9%), Margin = 0.001 μs (0.03% of Mean)
Skewness = 0.74, Kurtosis = 2.78, MValue = 2

// ** Remained 18 (60.0%) benchmark(s) to run. Estimated finish 2025-12-31 20:41 (0h 7m from now) **
// **************************
// Benchmark: JsonSerializationBenchmarks.Jil_Deserialize_Small: Overhead-Fixed-NoEnergy-7(OutlierMode=DontRemove, IterationCount=15, IterationTime=1s, LaunchCount=1, WarmupCount=6)
// *** Execute ***
// Launch: 1 / 1
// Execute: dotnet Serialization.Bench-Overhead-Fixed-NoEnergy-7-1.dll --anonymousPipes 103 104 --benchmarkName Serialization.Bench.JsonSerializationBenchmarks.Jil_Deserialize_Small --job Overhead-Fixed-NoEnergy-7 --benchmarkId 12 in /home/test/rapl-tests/lib-energy-bench/src/Serialization.Bench/bin/Release/net8.0/Serialization.Bench-Overhead-Fixed-NoEnergy-7-1/bin/Release/net8.0
// BeforeAnythingElse

// Benchmark Process Environment Information:
// BenchmarkDotNet v0.15.5-develop (2025-12-31)
// Runtime=.NET 8.0.21 (8.0.21, 8.0.2125.47513), X64 RyuJIT x86-64-v4
// GC=Concurrent Workstation
// HardwareIntrinsics=AVX512 IFMA+VBMI,AVX512 F+BW+CD+DQ+VL,AVX2+BMI1+BMI2+F16C+FMA+LZCNT+MOVBE,AVX,SSE3+SSSE3+SSE4.1+SSE4.2+POPCNT,X86Base+SSE+SSE2,AES+PCLMUL VectorSize=256
// Job: Overhead-Fixed-NoEnergy-7(OutlierMode=DontRemove, IterationCount=15, IterationTime=1s, LaunchCount=1, WarmupCount=6)

OverheadJitting  1: 1 op, 141296.00 ns, 141.2960 us/op
WorkloadJitting  1: 1 op, 114764613.00 ns, 114.7646 ms/op

WorkloadPilot    1: 4 op, 41020.00 ns, 10.2550 us/op
WorkloadPilot    2: 97513 op, 321660660.00 ns, 3.2986 us/op
WorkloadPilot    3: 303155 op, 693234939.00 ns, 2.2867 us/op
WorkloadPilot    4: 437305 op, 995558335.00 ns, 2.2766 us/op
WorkloadPilot    5: 439256 op, 999590178.00 ns, 2.2756 us/op
WorkloadPilot    6: 439436 op, 1004951651.00 ns, 2.2869 us/op
WorkloadPilot    7: 437271 op, 997396045.00 ns, 2.2810 us/op
WorkloadPilot    8: 438413 op, 1001504170.00 ns, 2.2844 us/op
WorkloadPilot    9: 437755 op, 999029049.00 ns, 2.2822 us/op
WorkloadPilot   10: 438180 op, 997762363.00 ns, 2.2771 us/op
WorkloadPilot   11: 439163 op, 1001687091.00 ns, 2.2809 us/op

WorkloadWarmup   1: 439163 op, 1000124368.00 ns, 2.2773 us/op
WorkloadWarmup   2: 439163 op, 1000814410.00 ns, 2.2789 us/op
WorkloadWarmup   3: 439163 op, 1000444046.00 ns, 2.2781 us/op
WorkloadWarmup   4: 439163 op, 1001156555.00 ns, 2.2797 us/op
WorkloadWarmup   5: 439163 op, 1001876883.00 ns, 2.2813 us/op
WorkloadWarmup   6: 439163 op, 1002391861.00 ns, 2.2825 us/op

// BeforeActualRun
WorkloadActual   1: 439163 op, 1000194288.00 ns, 2.2775 us/op
WorkloadActual   2: 439163 op, 1003880070.00 ns, 2.2859 us/op
WorkloadActual   3: 439163 op, 1000919971.00 ns, 2.2792 us/op
WorkloadActual   4: 439163 op, 1003075492.00 ns, 2.2841 us/op
WorkloadActual   5: 439163 op, 1001216033.00 ns, 2.2798 us/op
WorkloadActual   6: 439163 op, 1001284021.00 ns, 2.2800 us/op
WorkloadActual   7: 439163 op, 1001969899.00 ns, 2.2815 us/op
WorkloadActual   8: 439163 op, 1004212560.00 ns, 2.2867 us/op
WorkloadActual   9: 439163 op, 1002948656.00 ns, 2.2838 us/op
WorkloadActual  10: 439163 op, 1003179047.00 ns, 2.2843 us/op
WorkloadActual  11: 439163 op, 1002461279.00 ns, 2.2827 us/op
WorkloadActual  12: 439163 op, 1001717531.00 ns, 2.2810 us/op
WorkloadActual  13: 439163 op, 1003129154.00 ns, 2.2842 us/op
WorkloadActual  14: 439163 op, 1001816496.00 ns, 2.2812 us/op
WorkloadActual  15: 439163 op, 1002564885.00 ns, 2.2829 us/op

// AfterActualRun
WorkloadResult   1: 439163 op, 1000194288.00 ns, 2.2775 us/op
WorkloadResult   2: 439163 op, 1003880070.00 ns, 2.2859 us/op
WorkloadResult   3: 439163 op, 1000919971.00 ns, 2.2792 us/op
WorkloadResult   4: 439163 op, 1003075492.00 ns, 2.2841 us/op
WorkloadResult   5: 439163 op, 1001216033.00 ns, 2.2798 us/op
WorkloadResult   6: 439163 op, 1001284021.00 ns, 2.2800 us/op
WorkloadResult   7: 439163 op, 1001969899.00 ns, 2.2815 us/op
WorkloadResult   8: 439163 op, 1004212560.00 ns, 2.2867 us/op
WorkloadResult   9: 439163 op, 1002948656.00 ns, 2.2838 us/op
WorkloadResult  10: 439163 op, 1003179047.00 ns, 2.2843 us/op
WorkloadResult  11: 439163 op, 1002461279.00 ns, 2.2827 us/op
WorkloadResult  12: 439163 op, 1001717531.00 ns, 2.2810 us/op
WorkloadResult  13: 439163 op, 1003129154.00 ns, 2.2842 us/op
WorkloadResult  14: 439163 op, 1001816496.00 ns, 2.2812 us/op
WorkloadResult  15: 439163 op, 1002564885.00 ns, 2.2829 us/op

// AfterAll
// Benchmark Process 4061315 has exited with code 0.

Mean = 2.282 μs, StdErr = 0.001 μs (0.03%), N = 15, StdDev = 0.003 μs
Min = 2.278 μs, Q1 = 2.280 μs, Median = 2.283 μs, Q3 = 2.284 μs, Max = 2.287 μs
IQR = 0.004 μs, LowerFence = 2.275 μs, UpperFence = 2.290 μs
ConfidenceInterval = [2.280 μs; 2.285 μs] (CI 99.9%), Margin = 0.003 μs (0.12% of Mean)
Skewness = -0.09, Kurtosis = 1.91, MValue = 2

// ** Remained 17 (56.7%) benchmark(s) to run. Estimated finish 2025-12-31 20:41 (0h 7m from now) **
// **************************
// Benchmark: JsonSerializationBenchmarks.Utf8Json_Deserialize_Small: Overhead-Fixed-NoEnergy-7(OutlierMode=DontRemove, IterationCount=15, IterationTime=1s, LaunchCount=1, WarmupCount=6)
// *** Execute ***
// Launch: 1 / 1
// Execute: dotnet Serialization.Bench-Overhead-Fixed-NoEnergy-7-1.dll --anonymousPipes 103 104 --benchmarkName Serialization.Bench.JsonSerializationBenchmarks.Utf8Json_Deserialize_Small --job Overhead-Fixed-NoEnergy-7 --benchmarkId 13 in /home/test/rapl-tests/lib-energy-bench/src/Serialization.Bench/bin/Release/net8.0/Serialization.Bench-Overhead-Fixed-NoEnergy-7-1/bin/Release/net8.0
// BeforeAnythingElse

// Benchmark Process Environment Information:
// BenchmarkDotNet v0.15.5-develop (2025-12-31)
// Runtime=.NET 8.0.21 (8.0.21, 8.0.2125.47513), X64 RyuJIT x86-64-v4
// GC=Concurrent Workstation
// HardwareIntrinsics=AVX512 IFMA+VBMI,AVX512 F+BW+CD+DQ+VL,AVX2+BMI1+BMI2+F16C+FMA+LZCNT+MOVBE,AVX,SSE3+SSSE3+SSE4.1+SSE4.2+POPCNT,X86Base+SSE+SSE2,AES+PCLMUL VectorSize=256
// Job: Overhead-Fixed-NoEnergy-7(OutlierMode=DontRemove, IterationCount=15, IterationTime=1s, LaunchCount=1, WarmupCount=6)

OverheadJitting  1: 1 op, 140436.00 ns, 140.4360 us/op
WorkloadJitting  1: 1 op, 48287706.00 ns, 48.2877 ms/op

OverheadJitting  2: 16 op, 394470.00 ns, 24.6544 us/op
WorkloadJitting  2: 16 op, 662104.00 ns, 41.3815 us/op

WorkloadPilot    1: 16 op, 259830.00 ns, 16.2394 us/op
WorkloadPilot    2: 61584 op, 572167886.00 ns, 9.2909 us/op
WorkloadPilot    3: 107648 op, 218614789.00 ns, 2.0308 us/op
WorkloadPilot    4: 492416 op, 992588979.00 ns, 2.0158 us/op
WorkloadPilot    5: 496096 op, 992646371.00 ns, 2.0009 us/op
WorkloadPilot    6: 499776 op, 1006388911.00 ns, 2.0137 us/op
WorkloadPilot    7: 496608 op, 993745856.00 ns, 2.0011 us/op
WorkloadPilot    8: 499744 op, 1003185803.00 ns, 2.0074 us/op
WorkloadPilot    9: 498160 op, 1001384698.00 ns, 2.0102 us/op

OverheadWarmup   1: 498160 op, 1694584.00 ns, 3.4017 ns/op
OverheadWarmup   2: 498160 op, 1698543.00 ns, 3.4096 ns/op
OverheadWarmup   3: 498160 op, 1704837.00 ns, 3.4223 ns/op
OverheadWarmup   4: 498160 op, 1693125.00 ns, 3.3988 ns/op
OverheadWarmup   5: 498160 op, 1699465.00 ns, 3.4115 ns/op
OverheadWarmup   6: 498160 op, 1691218.00 ns, 3.3949 ns/op

OverheadActual   1: 498160 op, 1697829.00 ns, 3.4082 ns/op
OverheadActual   2: 498160 op, 1693062.00 ns, 3.3986 ns/op
OverheadActual   3: 498160 op, 1694644.00 ns, 3.4018 ns/op
OverheadActual   4: 498160 op, 1699536.00 ns, 3.4116 ns/op
OverheadActual   5: 498160 op, 1698419.00 ns, 3.4094 ns/op
OverheadActual   6: 498160 op, 1693805.00 ns, 3.4001 ns/op
OverheadActual   7: 498160 op, 1698179.00 ns, 3.4089 ns/op
OverheadActual   8: 498160 op, 1707889.00 ns, 3.4284 ns/op
OverheadActual   9: 498160 op, 1697017.00 ns, 3.4066 ns/op
OverheadActual  10: 498160 op, 1701425.00 ns, 3.4154 ns/op
OverheadActual  11: 498160 op, 1698987.00 ns, 3.4105 ns/op
OverheadActual  12: 498160 op, 1693380.00 ns, 3.3993 ns/op
OverheadActual  13: 498160 op, 1699734.00 ns, 3.4120 ns/op
OverheadActual  14: 498160 op, 1698071.00 ns, 3.4087 ns/op
OverheadActual  15: 498160 op, 1702832.00 ns, 3.4182 ns/op

WorkloadWarmup   1: 498160 op, 1002199222.00 ns, 2.0118 us/op
WorkloadWarmup   2: 498160 op, 1000860198.00 ns, 2.0091 us/op
WorkloadWarmup   3: 498160 op, 1000537574.00 ns, 2.0085 us/op
WorkloadWarmup   4: 498160 op, 999223956.00 ns, 2.0058 us/op
WorkloadWarmup   5: 498160 op, 1000430894.00 ns, 2.0083 us/op
WorkloadWarmup   6: 498160 op, 1001021427.00 ns, 2.0094 us/op

// BeforeActualRun
WorkloadActual   1: 498160 op, 1002683792.00 ns, 2.0128 us/op
WorkloadActual   2: 498160 op, 1000941107.00 ns, 2.0093 us/op
WorkloadActual   3: 498160 op, 1003126850.00 ns, 2.0137 us/op
WorkloadActual   4: 498160 op, 998504709.00 ns, 2.0044 us/op
WorkloadActual   5: 498160 op, 1000277132.00 ns, 2.0079 us/op
WorkloadActual   6: 498160 op, 998685486.00 ns, 2.0047 us/op
WorkloadActual   7: 498160 op, 998286491.00 ns, 2.0039 us/op
WorkloadActual   8: 498160 op, 999835888.00 ns, 2.0071 us/op
WorkloadActual   9: 498160 op, 1000010962.00 ns, 2.0074 us/op
WorkloadActual  10: 498160 op, 1001324688.00 ns, 2.0100 us/op
WorkloadActual  11: 498160 op, 1000488637.00 ns, 2.0084 us/op
WorkloadActual  12: 498160 op, 996241207.00 ns, 1.9998 us/op
WorkloadActual  13: 498160 op, 999554444.00 ns, 2.0065 us/op
WorkloadActual  14: 498160 op, 996527054.00 ns, 2.0004 us/op
WorkloadActual  15: 498160 op, 996036534.00 ns, 1.9994 us/op

// AfterActualRun
WorkloadResult   1: 498160 op, 1000985613.00 ns, 2.0094 us/op
WorkloadResult   2: 498160 op, 999242928.00 ns, 2.0059 us/op
WorkloadResult   3: 498160 op, 1001428671.00 ns, 2.0103 us/op
WorkloadResult   4: 498160 op, 996806530.00 ns, 2.0010 us/op
WorkloadResult   5: 498160 op, 998578953.00 ns, 2.0045 us/op
WorkloadResult   6: 498160 op, 996987307.00 ns, 2.0013 us/op
WorkloadResult   7: 498160 op, 996588312.00 ns, 2.0005 us/op
WorkloadResult   8: 498160 op, 998137709.00 ns, 2.0036 us/op
WorkloadResult   9: 498160 op, 998312783.00 ns, 2.0040 us/op
WorkloadResult  10: 498160 op, 999626509.00 ns, 2.0066 us/op
WorkloadResult  11: 498160 op, 998790458.00 ns, 2.0050 us/op
WorkloadResult  12: 498160 op, 994543028.00 ns, 1.9964 us/op
WorkloadResult  13: 498160 op, 997856265.00 ns, 2.0031 us/op
WorkloadResult  14: 498160 op, 994828875.00 ns, 1.9970 us/op
WorkloadResult  15: 498160 op, 994338355.00 ns, 1.9960 us/op

// AfterAll
// Benchmark Process 4061332 has exited with code 0.

Mean = 2.003 μs, StdErr = 0.001 μs (0.06%), N = 15, StdDev = 0.004 μs
Min = 1.996 μs, Q1 = 2.001 μs, Median = 2.004 μs, Q3 = 2.005 μs, Max = 2.010 μs
IQR = 0.005 μs, LowerFence = 1.994 μs, UpperFence = 2.012 μs
ConfidenceInterval = [1.998 μs; 2.008 μs] (CI 99.9%), Margin = 0.005 μs (0.23% of Mean)
Skewness = -0.1, Kurtosis = 1.94, MValue = 2

// ** Remained 16 (53.3%) benchmark(s) to run. Estimated finish 2025-12-31 20:41 (0h 7m from now) **
// **************************
// Benchmark: JsonSerializationBenchmarks.SpanJson_Deserialize_Small: Overhead-Fixed-NoEnergy-7(OutlierMode=DontRemove, IterationCount=15, IterationTime=1s, LaunchCount=1, WarmupCount=6)
// *** Execute ***
// Launch: 1 / 1
// Execute: dotnet Serialization.Bench-Overhead-Fixed-NoEnergy-7-1.dll --anonymousPipes 103 104 --benchmarkName Serialization.Bench.JsonSerializationBenchmarks.SpanJson_Deserialize_Small --job Overhead-Fixed-NoEnergy-7 --benchmarkId 14 in /home/test/rapl-tests/lib-energy-bench/src/Serialization.Bench/bin/Release/net8.0/Serialization.Bench-Overhead-Fixed-NoEnergy-7-1/bin/Release/net8.0
// BeforeAnythingElse

// Benchmark Process Environment Information:
// BenchmarkDotNet v0.15.5-develop (2025-12-31)
// Runtime=.NET 8.0.21 (8.0.21, 8.0.2125.47513), X64 RyuJIT x86-64-v4
// GC=Concurrent Workstation
// HardwareIntrinsics=AVX512 IFMA+VBMI,AVX512 F+BW+CD+DQ+VL,AVX2+BMI1+BMI2+F16C+FMA+LZCNT+MOVBE,AVX,SSE3+SSSE3+SSE4.1+SSE4.2+POPCNT,X86Base+SSE+SSE2,AES+PCLMUL VectorSize=256
// Job: Overhead-Fixed-NoEnergy-7(OutlierMode=DontRemove, IterationCount=15, IterationTime=1s, LaunchCount=1, WarmupCount=6)

OverheadJitting  1: 1 op, 143273.00 ns, 143.2730 us/op
WorkloadJitting  1: 1 op, 59276557.00 ns, 59.2766 ms/op

OverheadJitting  2: 16 op, 379480.00 ns, 23.7175 us/op
WorkloadJitting  2: 16 op, 432492.00 ns, 27.0308 us/op

WorkloadPilot    1: 16 op, 42408.00 ns, 2.6505 us/op
WorkloadPilot    2: 377296 op, 461931615.00 ns, 1.2243 us/op
WorkloadPilot    3: 816784 op, 954778355.00 ns, 1.1689 us/op
WorkloadPilot    4: 855472 op, 994895368.00 ns, 1.1630 us/op
WorkloadPilot    5: 859872 op, 1000944697.00 ns, 1.1641 us/op
WorkloadPilot    6: 859072 op, 1000498298.00 ns, 1.1646 us/op
WorkloadPilot    7: 858656 op, 1006567723.00 ns, 1.1723 us/op

OverheadWarmup   1: 858656 op, 2925863.00 ns, 3.4075 ns/op
OverheadWarmup   2: 858656 op, 2939525.00 ns, 3.4234 ns/op
OverheadWarmup   3: 858656 op, 2924423.00 ns, 3.4058 ns/op
OverheadWarmup   4: 858656 op, 2915224.00 ns, 3.3951 ns/op
OverheadWarmup   5: 858656 op, 2915171.00 ns, 3.3950 ns/op
OverheadWarmup   6: 858656 op, 2942915.00 ns, 3.4274 ns/op
OverheadWarmup   7: 858656 op, 2916223.00 ns, 3.3963 ns/op

OverheadActual   1: 858656 op, 2920054.00 ns, 3.4007 ns/op
OverheadActual   2: 858656 op, 2920099.00 ns, 3.4008 ns/op
OverheadActual   3: 858656 op, 2922511.00 ns, 3.4036 ns/op
OverheadActual   4: 858656 op, 2917552.00 ns, 3.3978 ns/op
OverheadActual   5: 858656 op, 2924094.00 ns, 3.4054 ns/op
OverheadActual   6: 858656 op, 2928821.00 ns, 3.4109 ns/op
OverheadActual   7: 858656 op, 2916058.00 ns, 3.3961 ns/op
OverheadActual   8: 858656 op, 2915961.00 ns, 3.3960 ns/op
OverheadActual   9: 858656 op, 2915154.00 ns, 3.3950 ns/op
OverheadActual  10: 858656 op, 2934065.00 ns, 3.4170 ns/op
OverheadActual  11: 858656 op, 2915765.00 ns, 3.3957 ns/op
OverheadActual  12: 858656 op, 2916221.00 ns, 3.3963 ns/op
OverheadActual  13: 858656 op, 2915689.00 ns, 3.3956 ns/op
OverheadActual  14: 858656 op, 2917882.00 ns, 3.3982 ns/op
OverheadActual  15: 858656 op, 2922068.00 ns, 3.4031 ns/op

WorkloadWarmup   1: 858656 op, 1002885331.00 ns, 1.1680 us/op
WorkloadWarmup   2: 858656 op, 1003445758.00 ns, 1.1686 us/op
WorkloadWarmup   3: 858656 op, 1003076368.00 ns, 1.1682 us/op
WorkloadWarmup   4: 858656 op, 1002349203.00 ns, 1.1673 us/op
WorkloadWarmup   5: 858656 op, 1002736305.00 ns, 1.1678 us/op
WorkloadWarmup   6: 858656 op, 1002294665.00 ns, 1.1673 us/op

// BeforeActualRun
WorkloadActual   1: 858656 op, 1000886166.00 ns, 1.1656 us/op
WorkloadActual   2: 858656 op, 1002305360.00 ns, 1.1673 us/op
WorkloadActual   3: 858656 op, 1002586077.00 ns, 1.1676 us/op
WorkloadActual   4: 858656 op, 1002131417.00 ns, 1.1671 us/op
WorkloadActual   5: 858656 op, 1002273417.00 ns, 1.1673 us/op
WorkloadActual   6: 858656 op, 1002081067.00 ns, 1.1670 us/op
WorkloadActual   7: 858656 op, 1001698891.00 ns, 1.1666 us/op
WorkloadActual   8: 858656 op, 1001657805.00 ns, 1.1665 us/op
WorkloadActual   9: 858656 op, 1001279565.00 ns, 1.1661 us/op
WorkloadActual  10: 858656 op, 1002044434.00 ns, 1.1670 us/op
WorkloadActual  11: 858656 op, 1001598046.00 ns, 1.1665 us/op
WorkloadActual  12: 858656 op, 1001173128.00 ns, 1.1660 us/op
WorkloadActual  13: 858656 op, 1000938476.00 ns, 1.1657 us/op
WorkloadActual  14: 858656 op, 1001205727.00 ns, 1.1660 us/op
WorkloadActual  15: 858656 op, 1001357499.00 ns, 1.1662 us/op

// AfterActualRun
WorkloadResult   1: 858656 op, 997968284.00 ns, 1.1622 us/op
WorkloadResult   2: 858656 op, 999387478.00 ns, 1.1639 us/op
WorkloadResult   3: 858656 op, 999668195.00 ns, 1.1642 us/op
WorkloadResult   4: 858656 op, 999213535.00 ns, 1.1637 us/op
WorkloadResult   5: 858656 op, 999355535.00 ns, 1.1639 us/op
WorkloadResult   6: 858656 op, 999163185.00 ns, 1.1636 us/op
WorkloadResult   7: 858656 op, 998781009.00 ns, 1.1632 us/op
WorkloadResult   8: 858656 op, 998739923.00 ns, 1.1631 us/op
WorkloadResult   9: 858656 op, 998361683.00 ns, 1.1627 us/op
WorkloadResult  10: 858656 op, 999126552.00 ns, 1.1636 us/op
WorkloadResult  11: 858656 op, 998680164.00 ns, 1.1631 us/op
WorkloadResult  12: 858656 op, 998255246.00 ns, 1.1626 us/op
WorkloadResult  13: 858656 op, 998020594.00 ns, 1.1623 us/op
WorkloadResult  14: 858656 op, 998287845.00 ns, 1.1626 us/op
WorkloadResult  15: 858656 op, 998439617.00 ns, 1.1628 us/op

// AfterAll
// Benchmark Process 4061349 has exited with code 0.

Mean = 1.163 μs, StdErr = 0.000 μs (0.01%), N = 15, StdDev = 0.001 μs
Min = 1.162 μs, Q1 = 1.163 μs, Median = 1.163 μs, Q3 = 1.164 μs, Max = 1.164 μs
IQR = 0.001 μs, LowerFence = 1.161 μs, UpperFence = 1.165 μs
ConfidenceInterval = [1.163 μs; 1.164 μs] (CI 99.9%), Margin = 0.001 μs (0.06% of Mean)
Skewness = 0.06, Kurtosis = 1.55, MValue = 2

// ** Remained 15 (50.0%) benchmark(s) to run. Estimated finish 2025-12-31 20:41 (0h 6m from now) **
// **************************
// Benchmark: JsonSerializationBenchmarks.STJ_Serialize_Large: Overhead-Fixed-NoEnergy-7(OutlierMode=DontRemove, IterationCount=15, IterationTime=1s, LaunchCount=1, WarmupCount=6)
// *** Execute ***
// Launch: 1 / 1
// Execute: dotnet Serialization.Bench-Overhead-Fixed-NoEnergy-7-1.dll --anonymousPipes 103 104 --benchmarkName Serialization.Bench.JsonSerializationBenchmarks.STJ_Serialize_Large --job Overhead-Fixed-NoEnergy-7 --benchmarkId 15 in /home/test/rapl-tests/lib-energy-bench/src/Serialization.Bench/bin/Release/net8.0/Serialization.Bench-Overhead-Fixed-NoEnergy-7-1/bin/Release/net8.0
// BeforeAnythingElse

// Benchmark Process Environment Information:
// BenchmarkDotNet v0.15.5-develop (2025-12-31)
// Runtime=.NET 8.0.21 (8.0.21, 8.0.2125.47513), X64 RyuJIT x86-64-v4
// GC=Concurrent Workstation
// HardwareIntrinsics=AVX512 IFMA+VBMI,AVX512 F+BW+CD+DQ+VL,AVX2+BMI1+BMI2+F16C+FMA+LZCNT+MOVBE,AVX,SSE3+SSSE3+SSE4.1+SSE4.2+POPCNT,X86Base+SSE+SSE2,AES+PCLMUL VectorSize=256
// Job: Overhead-Fixed-NoEnergy-7(OutlierMode=DontRemove, IterationCount=15, IterationTime=1s, LaunchCount=1, WarmupCount=6)

OverheadJitting  1: 1 op, 135998.00 ns, 135.9980 us/op
WorkloadJitting  1: 1 op, 8025046.00 ns, 8.0250 ms/op

OverheadJitting  2: 16 op, 364953.00 ns, 22.8096 us/op
WorkloadJitting  2: 16 op, 6463340.00 ns, 403.9588 us/op

WorkloadPilot    1: 16 op, 6004562.00 ns, 375.2851 us/op
WorkloadPilot    2: 2672 op, 738943749.00 ns, 276.5508 us/op
WorkloadPilot    3: 3616 op, 677513543.00 ns, 187.3655 us/op
WorkloadPilot    4: 5344 op, 999722530.00 ns, 187.0738 us/op
WorkloadPilot    5: 5360 op, 1007466512.00 ns, 187.9602 us/op
WorkloadPilot    6: 5328 op, 998790070.00 ns, 187.4606 us/op
WorkloadPilot    7: 5344 op, 1000599577.00 ns, 187.2379 us/op

OverheadWarmup   1: 5344 op, 19534.00 ns, 3.6553 ns/op
OverheadWarmup   2: 5344 op, 19550.00 ns, 3.6583 ns/op
OverheadWarmup   3: 5344 op, 18681.00 ns, 3.4957 ns/op
OverheadWarmup   4: 5344 op, 18312.00 ns, 3.4266 ns/op
OverheadWarmup   5: 5344 op, 18707.00 ns, 3.5006 ns/op
OverheadWarmup   6: 5344 op, 18681.00 ns, 3.4957 ns/op

OverheadActual   1: 5344 op, 18835.00 ns, 3.5245 ns/op
OverheadActual   2: 5344 op, 18436.00 ns, 3.4499 ns/op
OverheadActual   3: 5344 op, 18819.00 ns, 3.5215 ns/op
OverheadActual   4: 5344 op, 18356.00 ns, 3.4349 ns/op
OverheadActual   5: 5344 op, 18349.00 ns, 3.4336 ns/op
OverheadActual   6: 5344 op, 18370.00 ns, 3.4375 ns/op
OverheadActual   7: 5344 op, 18772.00 ns, 3.5127 ns/op
OverheadActual   8: 5344 op, 18738.00 ns, 3.5064 ns/op
OverheadActual   9: 5344 op, 18353.00 ns, 3.4343 ns/op
OverheadActual  10: 5344 op, 18357.00 ns, 3.4351 ns/op
OverheadActual  11: 5344 op, 18703.00 ns, 3.4998 ns/op
OverheadActual  12: 5344 op, 18347.00 ns, 3.4332 ns/op
OverheadActual  13: 5344 op, 18339.00 ns, 3.4317 ns/op
OverheadActual  14: 5344 op, 18730.00 ns, 3.5049 ns/op
OverheadActual  15: 5344 op, 18341.00 ns, 3.4321 ns/op

WorkloadWarmup   1: 5344 op, 1004169358.00 ns, 187.9059 us/op
WorkloadWarmup   2: 5344 op, 1004493949.00 ns, 187.9667 us/op
WorkloadWarmup   3: 5344 op, 1007883235.00 ns, 188.6009 us/op
WorkloadWarmup   4: 5344 op, 1004770289.00 ns, 188.0184 us/op
WorkloadWarmup   5: 5344 op, 1014935180.00 ns, 189.9205 us/op
WorkloadWarmup   6: 5344 op, 1005981431.00 ns, 188.2450 us/op

// BeforeActualRun
WorkloadActual   1: 5344 op, 1006201829.00 ns, 188.2863 us/op
WorkloadActual   2: 5344 op, 1004393666.00 ns, 187.9479 us/op
WorkloadActual   3: 5344 op, 1002105499.00 ns, 187.5197 us/op
WorkloadActual   4: 5344 op, 1004280086.00 ns, 187.9267 us/op
WorkloadActual   5: 5344 op, 1002436601.00 ns, 187.5817 us/op
WorkloadActual   6: 5344 op, 1003204065.00 ns, 187.7253 us/op
WorkloadActual   7: 5344 op, 1005085660.00 ns, 188.0774 us/op
WorkloadActual   8: 5344 op, 1004252744.00 ns, 187.9215 us/op
WorkloadActual   9: 5344 op, 1002630123.00 ns, 187.6179 us/op
WorkloadActual  10: 5344 op, 1005946373.00 ns, 188.2385 us/op
WorkloadActual  11: 5344 op, 1003598326.00 ns, 187.7991 us/op
WorkloadActual  12: 5344 op, 1004063983.00 ns, 187.8862 us/op
WorkloadActual  13: 5344 op, 1003885872.00 ns, 187.8529 us/op
WorkloadActual  14: 5344 op, 1004662902.00 ns, 187.9983 us/op
WorkloadActual  15: 5344 op, 1003748173.00 ns, 187.8271 us/op

// AfterActualRun
WorkloadResult   1: 5344 op, 1006183459.00 ns, 188.2828 us/op
WorkloadResult   2: 5344 op, 1004375296.00 ns, 187.9445 us/op
WorkloadResult   3: 5344 op, 1002087129.00 ns, 187.5163 us/op
WorkloadResult   4: 5344 op, 1004261716.00 ns, 187.9232 us/op
WorkloadResult   5: 5344 op, 1002418231.00 ns, 187.5783 us/op
WorkloadResult   6: 5344 op, 1003185695.00 ns, 187.7219 us/op
WorkloadResult   7: 5344 op, 1005067290.00 ns, 188.0740 us/op
WorkloadResult   8: 5344 op, 1004234374.00 ns, 187.9181 us/op
WorkloadResult   9: 5344 op, 1002611753.00 ns, 187.6145 us/op
WorkloadResult  10: 5344 op, 1005928003.00 ns, 188.2350 us/op
WorkloadResult  11: 5344 op, 1003579956.00 ns, 187.7957 us/op
WorkloadResult  12: 5344 op, 1004045613.00 ns, 187.8828 us/op
WorkloadResult  13: 5344 op, 1003867502.00 ns, 187.8495 us/op
WorkloadResult  14: 5344 op, 1004644532.00 ns, 187.9949 us/op
WorkloadResult  15: 5344 op, 1003729803.00 ns, 187.8237 us/op

// AfterAll
// Benchmark Process 4061369 has exited with code 0.

Mean = 187.877 μs, StdErr = 0.057 μs (0.03%), N = 15, StdDev = 0.220 μs
Min = 187.516 μs, Q1 = 187.759 μs, Median = 187.883 μs, Q3 = 187.970 μs, Max = 188.283 μs
IQR = 0.211 μs, LowerFence = 187.442 μs, UpperFence = 188.286 μs
ConfidenceInterval = [187.642 μs; 188.112 μs] (CI 99.9%), Margin = 0.235 μs (0.13% of Mean)
Skewness = 0.17, Kurtosis = 2.16, MValue = 2

// ** Remained 14 (46.7%) benchmark(s) to run. Estimated finish 2025-12-31 20:41 (0h 6m from now) **
// **************************
// Benchmark: JsonSerializationBenchmarks.Newtonsoft_Serialize_Large: Overhead-Fixed-NoEnergy-7(OutlierMode=DontRemove, IterationCount=15, IterationTime=1s, LaunchCount=1, WarmupCount=6)
// *** Execute ***
// Launch: 1 / 1
// Execute: dotnet Serialization.Bench-Overhead-Fixed-NoEnergy-7-1.dll --anonymousPipes 103 104 --benchmarkName Serialization.Bench.JsonSerializationBenchmarks.Newtonsoft_Serialize_Large --job Overhead-Fixed-NoEnergy-7 --benchmarkId 16 in /home/test/rapl-tests/lib-energy-bench/src/Serialization.Bench/bin/Release/net8.0/Serialization.Bench-Overhead-Fixed-NoEnergy-7-1/bin/Release/net8.0
// BeforeAnythingElse

// Benchmark Process Environment Information:
// BenchmarkDotNet v0.15.5-develop (2025-12-31)
// Runtime=.NET 8.0.21 (8.0.21, 8.0.2125.47513), X64 RyuJIT x86-64-v4
// GC=Concurrent Workstation
// HardwareIntrinsics=AVX512 IFMA+VBMI,AVX512 F+BW+CD+DQ+VL,AVX2+BMI1+BMI2+F16C+FMA+LZCNT+MOVBE,AVX,SSE3+SSSE3+SSE4.1+SSE4.2+POPCNT,X86Base+SSE+SSE2,AES+PCLMUL VectorSize=256
// Job: Overhead-Fixed-NoEnergy-7(OutlierMode=DontRemove, IterationCount=15, IterationTime=1s, LaunchCount=1, WarmupCount=6)

OverheadJitting  1: 1 op, 141195.00 ns, 141.1950 us/op
WorkloadJitting  1: 1 op, 50612334.00 ns, 50.6123 ms/op

OverheadJitting  2: 16 op, 361940.00 ns, 22.6213 us/op
WorkloadJitting  2: 16 op, 16282130.00 ns, 1.0176 ms/op

WorkloadPilot    1: 16 op, 15392474.00 ns, 962.0296 us/op
WorkloadPilot    2: 1040 op, 461647328.00 ns, 443.8917 us/op
WorkloadPilot    3: 2256 op, 700228494.00 ns, 310.3850 us/op
WorkloadPilot    4: 3232 op, 1000514328.00 ns, 309.5651 us/op

OverheadWarmup   1: 3232 op, 12648.00 ns, 3.9134 ns/op
OverheadWarmup   2: 3232 op, 11308.00 ns, 3.4988 ns/op
OverheadWarmup   3: 3232 op, 11316.00 ns, 3.5012 ns/op
OverheadWarmup   4: 3232 op, 11255.00 ns, 3.4824 ns/op
OverheadWarmup   5: 3232 op, 11337.00 ns, 3.5077 ns/op
OverheadWarmup   6: 3232 op, 11513.00 ns, 3.5622 ns/op
OverheadWarmup   7: 3232 op, 11265.00 ns, 3.4855 ns/op

OverheadActual   1: 3232 op, 11621.00 ns, 3.5956 ns/op
OverheadActual   2: 3232 op, 11371.00 ns, 3.5183 ns/op
OverheadActual   3: 3232 op, 11371.00 ns, 3.5183 ns/op
OverheadActual   4: 3232 op, 11302.00 ns, 3.4969 ns/op
OverheadActual   5: 3232 op, 11313.00 ns, 3.5003 ns/op
OverheadActual   6: 3232 op, 11301.00 ns, 3.4966 ns/op
OverheadActual   7: 3232 op, 11253.00 ns, 3.4817 ns/op
OverheadActual   8: 3232 op, 11223.00 ns, 3.4725 ns/op
OverheadActual   9: 3232 op, 11217.00 ns, 3.4706 ns/op
OverheadActual  10: 3232 op, 11270.00 ns, 3.4870 ns/op
OverheadActual  11: 3232 op, 11499.00 ns, 3.5579 ns/op
OverheadActual  12: 3232 op, 11244.00 ns, 3.4790 ns/op
OverheadActual  13: 3232 op, 11222.00 ns, 3.4722 ns/op
OverheadActual  14: 3232 op, 11745.00 ns, 3.6340 ns/op
OverheadActual  15: 3232 op, 11213.00 ns, 3.4694 ns/op

WorkloadWarmup   1: 3232 op, 1000880192.00 ns, 309.6783 us/op
WorkloadWarmup   2: 3232 op, 998668889.00 ns, 308.9941 us/op
WorkloadWarmup   3: 3232 op, 1002013553.00 ns, 310.0289 us/op
WorkloadWarmup   4: 3232 op, 1001041985.00 ns, 309.7283 us/op
WorkloadWarmup   5: 3232 op, 1000579270.00 ns, 309.5852 us/op
WorkloadWarmup   6: 3232 op, 1002724421.00 ns, 310.2489 us/op

// BeforeActualRun
WorkloadActual   1: 3232 op, 998341669.00 ns, 308.8928 us/op
WorkloadActual   2: 3232 op, 998028496.00 ns, 308.7959 us/op
WorkloadActual   3: 3232 op, 1003163946.00 ns, 310.3849 us/op
WorkloadActual   4: 3232 op, 1001838047.00 ns, 309.9746 us/op
WorkloadActual   5: 3232 op, 999807485.00 ns, 309.3464 us/op
WorkloadActual   6: 3232 op, 997679251.00 ns, 308.6879 us/op
WorkloadActual   7: 3232 op, 999326716.00 ns, 309.1976 us/op
WorkloadActual   8: 3232 op, 997782523.00 ns, 308.7198 us/op
WorkloadActual   9: 3232 op, 998701461.00 ns, 309.0042 us/op
WorkloadActual  10: 3232 op, 998336038.00 ns, 308.8911 us/op
WorkloadActual  11: 3232 op, 998263807.00 ns, 308.8688 us/op
WorkloadActual  12: 3232 op, 998257228.00 ns, 308.8667 us/op
WorkloadActual  13: 3232 op, 997671294.00 ns, 308.6854 us/op
WorkloadActual  14: 3232 op, 998512383.00 ns, 308.9457 us/op
WorkloadActual  15: 3232 op, 998163384.00 ns, 308.8377 us/op

// AfterActualRun
WorkloadResult   1: 3232 op, 998330368.00 ns, 308.8893 us/op
WorkloadResult   2: 3232 op, 998017195.00 ns, 308.7924 us/op
WorkloadResult   3: 3232 op, 1003152645.00 ns, 310.3814 us/op
WorkloadResult   4: 3232 op, 1001826746.00 ns, 309.9711 us/op
WorkloadResult   5: 3232 op, 999796184.00 ns, 309.3429 us/op
WorkloadResult   6: 3232 op, 997667950.00 ns, 308.6844 us/op
WorkloadResult   7: 3232 op, 999315415.00 ns, 309.1941 us/op
WorkloadResult   8: 3232 op, 997771222.00 ns, 308.7163 us/op
WorkloadResult   9: 3232 op, 998690160.00 ns, 309.0007 us/op
WorkloadResult  10: 3232 op, 998324737.00 ns, 308.8876 us/op
WorkloadResult  11: 3232 op, 998252506.00 ns, 308.8653 us/op
WorkloadResult  12: 3232 op, 998245927.00 ns, 308.8632 us/op
WorkloadResult  13: 3232 op, 997659993.00 ns, 308.6819 us/op
WorkloadResult  14: 3232 op, 998501082.00 ns, 308.9422 us/op
WorkloadResult  15: 3232 op, 998152083.00 ns, 308.8342 us/op

// AfterAll
// Benchmark Process 4061386 has exited with code 0.

Mean = 309.070 μs, StdErr = 0.126 μs (0.04%), N = 15, StdDev = 0.489 μs
Min = 308.682 μs, Q1 = 308.813 μs, Median = 308.888 μs, Q3 = 309.097 μs, Max = 310.381 μs
IQR = 0.284 μs, LowerFence = 308.387 μs, UpperFence = 309.524 μs
ConfidenceInterval = [308.547 μs; 309.593 μs] (CI 99.9%), Margin = 0.523 μs (0.17% of Mean)
Skewness = 1.59, Kurtosis = 4.31, MValue = 2

// ** Remained 13 (43.3%) benchmark(s) to run. Estimated finish 2025-12-31 20:41 (0h 5m from now) **
// **************************
// Benchmark: JsonSerializationBenchmarks.Jil_Serialize_Large: Overhead-Fixed-NoEnergy-7(OutlierMode=DontRemove, IterationCount=15, IterationTime=1s, LaunchCount=1, WarmupCount=6)
// *** Execute ***
// Launch: 1 / 1
// Execute: dotnet Serialization.Bench-Overhead-Fixed-NoEnergy-7-1.dll --anonymousPipes 103 104 --benchmarkName Serialization.Bench.JsonSerializationBenchmarks.Jil_Serialize_Large --job Overhead-Fixed-NoEnergy-7 --benchmarkId 17 in /home/test/rapl-tests/lib-energy-bench/src/Serialization.Bench/bin/Release/net8.0/Serialization.Bench-Overhead-Fixed-NoEnergy-7-1/bin/Release/net8.0
// BeforeAnythingElse

// Benchmark Process Environment Information:
// BenchmarkDotNet v0.15.5-develop (2025-12-31)
// Runtime=.NET 8.0.21 (8.0.21, 8.0.2125.47513), X64 RyuJIT x86-64-v4
// GC=Concurrent Workstation
// HardwareIntrinsics=AVX512 IFMA+VBMI,AVX512 F+BW+CD+DQ+VL,AVX2+BMI1+BMI2+F16C+FMA+LZCNT+MOVBE,AVX,SSE3+SSSE3+SSE4.1+SSE4.2+POPCNT,X86Base+SSE+SSE2,AES+PCLMUL VectorSize=256
// Job: Overhead-Fixed-NoEnergy-7(OutlierMode=DontRemove, IterationCount=15, IterationTime=1s, LaunchCount=1, WarmupCount=6)

OverheadJitting  1: 1 op, 135071.00 ns, 135.0710 us/op
WorkloadJitting  1: 1 op, 158625641.00 ns, 158.6256 ms/op

WorkloadPilot    1: 4 op, 1614059.00 ns, 403.5148 us/op
WorkloadPilot    2: 2478 op, 747979024.00 ns, 301.8479 us/op
WorkloadPilot    3: 3313 op, 943939621.00 ns, 284.9199 us/op
WorkloadPilot    4: 3510 op, 999315427.00 ns, 284.7052 us/op
WorkloadPilot    5: 3512 op, 999800196.00 ns, 284.6811 us/op

WorkloadWarmup   1: 3512 op, 1001901386.00 ns, 285.2794 us/op
WorkloadWarmup   2: 3512 op, 1005512020.00 ns, 286.3075 us/op
WorkloadWarmup   3: 3512 op, 1005377205.00 ns, 286.2691 us/op
WorkloadWarmup   4: 3512 op, 1005456642.00 ns, 286.2918 us/op
WorkloadWarmup   5: 3512 op, 1005029430.00 ns, 286.1701 us/op
WorkloadWarmup   6: 3512 op, 1005233085.00 ns, 286.2281 us/op

// BeforeActualRun
WorkloadActual   1: 3512 op, 1007965405.00 ns, 287.0061 us/op
WorkloadActual   2: 3512 op, 1005720857.00 ns, 286.3670 us/op
WorkloadActual   3: 3512 op, 1005607638.00 ns, 286.3347 us/op
WorkloadActual   4: 3512 op, 1004943936.00 ns, 286.1458 us/op
WorkloadActual   5: 3512 op, 1005099548.00 ns, 286.1901 us/op
WorkloadActual   6: 3512 op, 1006684179.00 ns, 286.6413 us/op
WorkloadActual   7: 3512 op, 1004916919.00 ns, 286.1381 us/op
WorkloadActual   8: 3512 op, 1009011019.00 ns, 287.3038 us/op
WorkloadActual   9: 3512 op, 1005043769.00 ns, 286.1742 us/op
WorkloadActual  10: 3512 op, 1005803630.00 ns, 286.3906 us/op
WorkloadActual  11: 3512 op, 1005497030.00 ns, 286.3033 us/op
WorkloadActual  12: 3512 op, 1005198190.00 ns, 286.2182 us/op
WorkloadActual  13: 3512 op, 1005045547.00 ns, 286.1747 us/op
WorkloadActual  14: 3512 op, 1005421751.00 ns, 286.2818 us/op
WorkloadActual  15: 3512 op, 1004713024.00 ns, 286.0800 us/op

// AfterActualRun
WorkloadResult   1: 3512 op, 1007965405.00 ns, 287.0061 us/op
WorkloadResult   2: 3512 op, 1005720857.00 ns, 286.3670 us/op
WorkloadResult   3: 3512 op, 1005607638.00 ns, 286.3347 us/op
WorkloadResult   4: 3512 op, 1004943936.00 ns, 286.1458 us/op
WorkloadResult   5: 3512 op, 1005099548.00 ns, 286.1901 us/op
WorkloadResult   6: 3512 op, 1006684179.00 ns, 286.6413 us/op
WorkloadResult   7: 3512 op, 1004916919.00 ns, 286.1381 us/op
WorkloadResult   8: 3512 op, 1009011019.00 ns, 287.3038 us/op
WorkloadResult   9: 3512 op, 1005043769.00 ns, 286.1742 us/op
WorkloadResult  10: 3512 op, 1005803630.00 ns, 286.3906 us/op
WorkloadResult  11: 3512 op, 1005497030.00 ns, 286.3033 us/op
WorkloadResult  12: 3512 op, 1005198190.00 ns, 286.2182 us/op
WorkloadResult  13: 3512 op, 1005045547.00 ns, 286.1747 us/op
WorkloadResult  14: 3512 op, 1005421751.00 ns, 286.2818 us/op
WorkloadResult  15: 3512 op, 1004713024.00 ns, 286.0800 us/op

// AfterAll
// Benchmark Process 4061401 has exited with code 0.

Mean = 286.383 μs, StdErr = 0.089 μs (0.03%), N = 15, StdDev = 0.347 μs
Min = 286.080 μs, Q1 = 286.174 μs, Median = 286.282 μs, Q3 = 286.379 μs, Max = 287.304 μs
IQR = 0.204 μs, LowerFence = 285.868 μs, UpperFence = 286.685 μs
ConfidenceInterval = [286.013 μs; 286.754 μs] (CI 99.9%), Margin = 0.371 μs (0.13% of Mean)
Skewness = 1.52, Kurtosis = 4.13, MValue = 2

// ** Remained 12 (40.0%) benchmark(s) to run. Estimated finish 2025-12-31 20:41 (0h 5m from now) **
// **************************
// Benchmark: JsonSerializationBenchmarks.Utf8Json_Serialize_Large: Overhead-Fixed-NoEnergy-7(OutlierMode=DontRemove, IterationCount=15, IterationTime=1s, LaunchCount=1, WarmupCount=6)
// *** Execute ***
// Launch: 1 / 1
// Execute: dotnet Serialization.Bench-Overhead-Fixed-NoEnergy-7-1.dll --anonymousPipes 103 104 --benchmarkName Serialization.Bench.JsonSerializationBenchmarks.Utf8Json_Serialize_Large --job Overhead-Fixed-NoEnergy-7 --benchmarkId 18 in /home/test/rapl-tests/lib-energy-bench/src/Serialization.Bench/bin/Release/net8.0/Serialization.Bench-Overhead-Fixed-NoEnergy-7-1/bin/Release/net8.0
// BeforeAnythingElse

// Benchmark Process Environment Information:
// BenchmarkDotNet v0.15.5-develop (2025-12-31)
// Runtime=.NET 8.0.21 (8.0.21, 8.0.2125.47513), X64 RyuJIT x86-64-v4
// GC=Concurrent Workstation
// HardwareIntrinsics=AVX512 IFMA+VBMI,AVX512 F+BW+CD+DQ+VL,AVX2+BMI1+BMI2+F16C+FMA+LZCNT+MOVBE,AVX,SSE3+SSSE3+SSE4.1+SSE4.2+POPCNT,X86Base+SSE+SSE2,AES+PCLMUL VectorSize=256
// Job: Overhead-Fixed-NoEnergy-7(OutlierMode=DontRemove, IterationCount=15, IterationTime=1s, LaunchCount=1, WarmupCount=6)

OverheadJitting  1: 1 op, 134358.00 ns, 134.3580 us/op
WorkloadJitting  1: 1 op, 56209128.00 ns, 56.2091 ms/op

OverheadJitting  2: 16 op, 364270.00 ns, 22.7669 us/op
WorkloadJitting  2: 16 op, 13213541.00 ns, 825.8463 us/op

WorkloadPilot    1: 16 op, 12148820.00 ns, 759.3013 us/op
WorkloadPilot    2: 1328 op, 495210338.00 ns, 372.8994 us/op
WorkloadPilot    3: 2688 op, 745332219.00 ns, 277.2813 us/op
WorkloadPilot    4: 3616 op, 1005182426.00 ns, 277.9819 us/op
WorkloadPilot    5: 3600 op, 998422975.00 ns, 277.3397 us/op
WorkloadPilot    6: 3616 op, 1004932818.00 ns, 277.9128 us/op
WorkloadPilot    7: 3600 op, 1004857207.00 ns, 279.1270 us/op

OverheadWarmup   1: 3600 op, 13522.00 ns, 3.7561 ns/op
OverheadWarmup   2: 3600 op, 12782.00 ns, 3.5506 ns/op
OverheadWarmup   3: 3600 op, 12515.00 ns, 3.4764 ns/op
OverheadWarmup   4: 3600 op, 12465.00 ns, 3.4625 ns/op
OverheadWarmup   5: 3600 op, 12490.00 ns, 3.4694 ns/op
OverheadWarmup   6: 3600 op, 12800.00 ns, 3.5556 ns/op
OverheadWarmup   7: 3600 op, 12487.00 ns, 3.4686 ns/op
OverheadWarmup   8: 3600 op, 12696.00 ns, 3.5267 ns/op
OverheadWarmup   9: 3600 op, 15601.00 ns, 4.3336 ns/op
OverheadWarmup  10: 3600 op, 12718.00 ns, 3.5328 ns/op

OverheadActual   1: 3600 op, 12569.00 ns, 3.4914 ns/op
OverheadActual   2: 3600 op, 12802.00 ns, 3.5561 ns/op
OverheadActual   3: 3600 op, 12818.00 ns, 3.5606 ns/op
OverheadActual   4: 3600 op, 12500.00 ns, 3.4722 ns/op
OverheadActual   5: 3600 op, 12463.00 ns, 3.4619 ns/op
OverheadActual   6: 3600 op, 12502.00 ns, 3.4728 ns/op
OverheadActual   7: 3600 op, 12502.00 ns, 3.4728 ns/op
OverheadActual   8: 3600 op, 13287.00 ns, 3.6908 ns/op
OverheadActual   9: 3600 op, 13177.00 ns, 3.6603 ns/op
OverheadActual  10: 3600 op, 12719.00 ns, 3.5331 ns/op
OverheadActual  11: 3600 op, 12750.00 ns, 3.5417 ns/op
OverheadActual  12: 3600 op, 12734.00 ns, 3.5372 ns/op
OverheadActual  13: 3600 op, 12735.00 ns, 3.5375 ns/op
OverheadActual  14: 3600 op, 12749.00 ns, 3.5414 ns/op
OverheadActual  15: 3600 op, 12766.00 ns, 3.5461 ns/op

WorkloadWarmup   1: 3600 op, 1006109820.00 ns, 279.4750 us/op
WorkloadWarmup   2: 3600 op, 998284669.00 ns, 277.3013 us/op
WorkloadWarmup   3: 3600 op, 995529168.00 ns, 276.5359 us/op
WorkloadWarmup   4: 3600 op, 992800921.00 ns, 275.7780 us/op
WorkloadWarmup   5: 3600 op, 999286245.00 ns, 277.5795 us/op
WorkloadWarmup   6: 3600 op, 993984910.00 ns, 276.1069 us/op

// BeforeActualRun
WorkloadActual   1: 3600 op, 996071314.00 ns, 276.6865 us/op
WorkloadActual   2: 3600 op, 995875878.00 ns, 276.6322 us/op
WorkloadActual   3: 3600 op, 994692724.00 ns, 276.3035 us/op
WorkloadActual   4: 3600 op, 994604419.00 ns, 276.2790 us/op
WorkloadActual   5: 3600 op, 997915343.00 ns, 277.1987 us/op
WorkloadActual   6: 3600 op, 991847415.00 ns, 275.5132 us/op
WorkloadActual   7: 3600 op, 993835017.00 ns, 276.0653 us/op
WorkloadActual   8: 3600 op, 991892353.00 ns, 275.5257 us/op
WorkloadActual   9: 3600 op, 993492063.00 ns, 275.9700 us/op
WorkloadActual  10: 3600 op, 1012917806.00 ns, 281.3661 us/op
WorkloadActual  11: 3600 op, 996070740.00 ns, 276.6863 us/op
WorkloadActual  12: 3600 op, 999913709.00 ns, 277.7538 us/op
WorkloadActual  13: 3600 op, 993846273.00 ns, 276.0684 us/op
WorkloadActual  14: 3600 op, 994050288.00 ns, 276.1251 us/op
WorkloadActual  15: 3600 op, 998686877.00 ns, 277.4130 us/op

// AfterActualRun
WorkloadResult   1: 3600 op, 996058579.00 ns, 276.6829 us/op
WorkloadResult   2: 3600 op, 995863143.00 ns, 276.6287 us/op
WorkloadResult   3: 3600 op, 994679989.00 ns, 276.3000 us/op
WorkloadResult   4: 3600 op, 994591684.00 ns, 276.2755 us/op
WorkloadResult   5: 3600 op, 997902608.00 ns, 277.1952 us/op
WorkloadResult   6: 3600 op, 991834680.00 ns, 275.5096 us/op
WorkloadResult   7: 3600 op, 993822282.00 ns, 276.0617 us/op
WorkloadResult   8: 3600 op, 991879618.00 ns, 275.5221 us/op
WorkloadResult   9: 3600 op, 993479328.00 ns, 275.9665 us/op
WorkloadResult  10: 3600 op, 1012905071.00 ns, 281.3625 us/op
WorkloadResult  11: 3600 op, 996058005.00 ns, 276.6828 us/op
WorkloadResult  12: 3600 op, 999900974.00 ns, 277.7503 us/op
WorkloadResult  13: 3600 op, 993833538.00 ns, 276.0649 us/op
WorkloadResult  14: 3600 op, 994037553.00 ns, 276.1215 us/op
WorkloadResult  15: 3600 op, 998674142.00 ns, 277.4095 us/op

// AfterAll
// Benchmark Process 4061419 has exited with code 0.

Mean = 276.769 μs, StdErr = 0.367 μs (0.13%), N = 15, StdDev = 1.423 μs
Min = 275.510 μs, Q1 = 276.063 μs, Median = 276.300 μs, Q3 = 276.939 μs, Max = 281.363 μs
IQR = 0.876 μs, LowerFence = 274.750 μs, UpperFence = 278.253 μs
ConfidenceInterval = [275.248 μs; 278.290 μs] (CI 99.9%), Margin = 1.521 μs (0.55% of Mean)
Skewness = 2.14, Kurtosis = 7.36, MValue = 2

// ** Remained 11 (36.7%) benchmark(s) to run. Estimated finish 2025-12-31 20:41 (0h 4m from now) **
// **************************
// Benchmark: JsonSerializationBenchmarks.SpanJson_Serialize_Large: Overhead-Fixed-NoEnergy-7(OutlierMode=DontRemove, IterationCount=15, IterationTime=1s, LaunchCount=1, WarmupCount=6)
// *** Execute ***
// Launch: 1 / 1
// Execute: dotnet Serialization.Bench-Overhead-Fixed-NoEnergy-7-1.dll --anonymousPipes 103 104 --benchmarkName Serialization.Bench.JsonSerializationBenchmarks.SpanJson_Serialize_Large --job Overhead-Fixed-NoEnergy-7 --benchmarkId 19 in /home/test/rapl-tests/lib-energy-bench/src/Serialization.Bench/bin/Release/net8.0/Serialization.Bench-Overhead-Fixed-NoEnergy-7-1/bin/Release/net8.0
// BeforeAnythingElse

// Benchmark Process Environment Information:
// BenchmarkDotNet v0.15.5-develop (2025-12-31)
// Runtime=.NET 8.0.21 (8.0.21, 8.0.2125.47513), X64 RyuJIT x86-64-v4
// GC=Concurrent Workstation
// HardwareIntrinsics=AVX512 IFMA+VBMI,AVX512 F+BW+CD+DQ+VL,AVX2+BMI1+BMI2+F16C+FMA+LZCNT+MOVBE,AVX,SSE3+SSSE3+SSE4.1+SSE4.2+POPCNT,X86Base+SSE+SSE2,AES+PCLMUL VectorSize=256
// Job: Overhead-Fixed-NoEnergy-7(OutlierMode=DontRemove, IterationCount=15, IterationTime=1s, LaunchCount=1, WarmupCount=6)

OverheadJitting  1: 1 op, 133952.00 ns, 133.9520 us/op
WorkloadJitting  1: 1 op, 109568885.00 ns, 109.5689 ms/op

WorkloadPilot    1: 4 op, 2965388.00 ns, 741.3470 us/op
WorkloadPilot    2: 1349 op, 334922397.00 ns, 248.2746 us/op
WorkloadPilot    3: 4028 op, 657130635.00 ns, 163.1407 us/op
WorkloadPilot    4: 6130 op, 982178536.00 ns, 160.2249 us/op
WorkloadPilot    5: 6241 op, 984918486.00 ns, 157.8142 us/op
WorkloadPilot    6: 6337 op, 1013981385.00 ns, 160.0097 us/op
WorkloadPilot    7: 6250 op, 1018337701.00 ns, 162.9340 us/op
WorkloadPilot    8: 6137 op, 975071957.00 ns, 158.8841 us/op
WorkloadPilot    9: 6294 op, 998541256.00 ns, 158.6497 us/op
WorkloadPilot   10: 6303 op, 998570702.00 ns, 158.4278 us/op
WorkloadPilot   11: 6312 op, 999933104.00 ns, 158.4178 us/op

WorkloadWarmup   1: 6312 op, 1014768922.00 ns, 160.7682 us/op
WorkloadWarmup   2: 6312 op, 1017697596.00 ns, 161.2322 us/op
WorkloadWarmup   3: 6312 op, 983369226.00 ns, 155.7936 us/op
WorkloadWarmup   4: 6312 op, 988181565.00 ns, 156.5560 us/op
WorkloadWarmup   5: 6312 op, 996796742.00 ns, 157.9209 us/op
WorkloadWarmup   6: 6312 op, 1004720170.00 ns, 159.1762 us/op

// BeforeActualRun
WorkloadActual   1: 6312 op, 1008893129.00 ns, 159.8373 us/op
WorkloadActual   2: 6312 op, 991071726.00 ns, 157.0139 us/op
WorkloadActual   3: 6312 op, 994201170.00 ns, 157.5097 us/op
WorkloadActual   4: 6312 op, 1008222451.00 ns, 159.7311 us/op
WorkloadActual   5: 6312 op, 1009986319.00 ns, 160.0105 us/op
WorkloadActual   6: 6312 op, 1003986755.00 ns, 159.0600 us/op
WorkloadActual   7: 6312 op, 994056796.00 ns, 157.4868 us/op
WorkloadActual   8: 6312 op, 1028747051.00 ns, 162.9827 us/op
WorkloadActual   9: 6312 op, 1004869158.00 ns, 159.1998 us/op
WorkloadActual  10: 6312 op, 1016092331.00 ns, 160.9779 us/op
WorkloadActual  11: 6312 op, 1015313106.00 ns, 160.8544 us/op
WorkloadActual  12: 6312 op, 1004318423.00 ns, 159.1126 us/op
WorkloadActual  13: 6312 op, 1000106359.00 ns, 158.4452 us/op
WorkloadActual  14: 6312 op, 1003662909.00 ns, 159.0087 us/op
WorkloadActual  15: 6312 op, 1111841873.00 ns, 176.1473 us/op

// AfterActualRun
WorkloadResult   1: 6312 op, 1008893129.00 ns, 159.8373 us/op
WorkloadResult   2: 6312 op, 991071726.00 ns, 157.0139 us/op
WorkloadResult   3: 6312 op, 994201170.00 ns, 157.5097 us/op
WorkloadResult   4: 6312 op, 1008222451.00 ns, 159.7311 us/op
WorkloadResult   5: 6312 op, 1009986319.00 ns, 160.0105 us/op
WorkloadResult   6: 6312 op, 1003986755.00 ns, 159.0600 us/op
WorkloadResult   7: 6312 op, 994056796.00 ns, 157.4868 us/op
WorkloadResult   8: 6312 op, 1028747051.00 ns, 162.9827 us/op
WorkloadResult   9: 6312 op, 1004869158.00 ns, 159.1998 us/op
WorkloadResult  10: 6312 op, 1016092331.00 ns, 160.9779 us/op
WorkloadResult  11: 6312 op, 1015313106.00 ns, 160.8544 us/op
WorkloadResult  12: 6312 op, 1004318423.00 ns, 159.1126 us/op
WorkloadResult  13: 6312 op, 1000106359.00 ns, 158.4452 us/op
WorkloadResult  14: 6312 op, 1003662909.00 ns, 159.0087 us/op
WorkloadResult  15: 6312 op, 1111841873.00 ns, 176.1473 us/op

// AfterAll
// Benchmark Process 4061436 has exited with code 0.

Mean = 160.492 μs, StdErr = 1.185 μs (0.74%), N = 15, StdDev = 4.590 μs
Min = 157.014 μs, Q1 = 158.727 μs, Median = 159.200 μs, Q3 = 160.432 μs, Max = 176.147 μs
IQR = 1.705 μs, LowerFence = 156.169 μs, UpperFence = 162.991 μs
ConfidenceInterval = [155.585 μs; 165.399 μs] (CI 99.9%), Margin = 4.907 μs (3.06% of Mean)
Skewness = 2.58, Kurtosis = 9.08, MValue = 2

// ** Remained 10 (33.3%) benchmark(s) to run. Estimated finish 2025-12-31 20:41 (0h 4m from now) **
// **************************
// Benchmark: JsonSerializationBenchmarks.STJ_Serialize_Medium: Overhead-Fixed-NoEnergy-7(OutlierMode=DontRemove, IterationCount=15, IterationTime=1s, LaunchCount=1, WarmupCount=6)
// *** Execute ***
// Launch: 1 / 1
// Execute: dotnet Serialization.Bench-Overhead-Fixed-NoEnergy-7-1.dll --anonymousPipes 103 104 --benchmarkName Serialization.Bench.JsonSerializationBenchmarks.STJ_Serialize_Medium --job Overhead-Fixed-NoEnergy-7 --benchmarkId 20 in /home/test/rapl-tests/lib-energy-bench/src/Serialization.Bench/bin/Release/net8.0/Serialization.Bench-Overhead-Fixed-NoEnergy-7-1/bin/Release/net8.0
// BeforeAnythingElse

// Benchmark Process Environment Information:
// BenchmarkDotNet v0.15.5-develop (2025-12-31)
// Runtime=.NET 8.0.21 (8.0.21, 8.0.2125.47513), X64 RyuJIT x86-64-v4
// GC=Concurrent Workstation
// HardwareIntrinsics=AVX512 IFMA+VBMI,AVX512 F+BW+CD+DQ+VL,AVX2+BMI1+BMI2+F16C+FMA+LZCNT+MOVBE,AVX,SSE3+SSSE3+SSE4.1+SSE4.2+POPCNT,X86Base+SSE+SSE2,AES+PCLMUL VectorSize=256
// Job: Overhead-Fixed-NoEnergy-7(OutlierMode=DontRemove, IterationCount=15, IterationTime=1s, LaunchCount=1, WarmupCount=6)

OverheadJitting  1: 1 op, 133698.00 ns, 133.6980 us/op
WorkloadJitting  1: 1 op, 7091603.00 ns, 7.0916 ms/op

OverheadJitting  2: 16 op, 361078.00 ns, 22.5674 us/op
WorkloadJitting  2: 16 op, 2073577.00 ns, 129.5986 us/op

WorkloadPilot    1: 16 op, 1494129.00 ns, 93.3831 us/op
WorkloadPilot    2: 10720 op, 739213783.00 ns, 68.9565 us/op
WorkloadPilot    3: 14512 op, 646822462.00 ns, 44.5716 us/op
WorkloadPilot    4: 22448 op, 998321064.00 ns, 44.4726 us/op
WorkloadPilot    5: 22496 op, 999205773.00 ns, 44.4170 us/op
WorkloadPilot    6: 22528 op, 1004237434.00 ns, 44.5773 us/op
WorkloadPilot    7: 22448 op, 999915076.00 ns, 44.5436 us/op
WorkloadPilot    8: 22464 op, 1000919589.00 ns, 44.5566 us/op
WorkloadPilot    9: 22448 op, 998577470.00 ns, 44.4840 us/op
WorkloadPilot   10: 22480 op, 1001145240.00 ns, 44.5349 us/op

OverheadWarmup   1: 22480 op, 78057.00 ns, 3.4723 ns/op
OverheadWarmup   2: 22480 op, 77215.00 ns, 3.4348 ns/op
OverheadWarmup   3: 22480 op, 77598.00 ns, 3.4519 ns/op
OverheadWarmup   4: 22480 op, 77132.00 ns, 3.4311 ns/op
OverheadWarmup   5: 22480 op, 77287.00 ns, 3.4380 ns/op
OverheadWarmup   6: 22480 op, 80948.00 ns, 3.6009 ns/op
OverheadWarmup   7: 22480 op, 77263.00 ns, 3.4370 ns/op

OverheadActual   1: 22480 op, 77551.00 ns, 3.4498 ns/op
OverheadActual   2: 22480 op, 77869.00 ns, 3.4639 ns/op
OverheadActual   3: 22480 op, 77126.00 ns, 3.4309 ns/op
OverheadActual   4: 22480 op, 77230.00 ns, 3.4355 ns/op
OverheadActual   5: 22480 op, 77648.00 ns, 3.4541 ns/op
OverheadActual   6: 22480 op, 77052.00 ns, 3.4276 ns/op
OverheadActual   7: 22480 op, 77055.00 ns, 3.4277 ns/op
OverheadActual   8: 22480 op, 84867.00 ns, 3.7752 ns/op
OverheadActual   9: 22480 op, 77073.00 ns, 3.4285 ns/op
OverheadActual  10: 22480 op, 77032.00 ns, 3.4267 ns/op
OverheadActual  11: 22480 op, 77399.00 ns, 3.4430 ns/op
OverheadActual  12: 22480 op, 77056.00 ns, 3.4278 ns/op
OverheadActual  13: 22480 op, 77319.00 ns, 3.4395 ns/op
OverheadActual  14: 22480 op, 77877.00 ns, 3.4643 ns/op
OverheadActual  15: 22480 op, 77205.00 ns, 3.4344 ns/op

WorkloadWarmup   1: 22480 op, 1005207962.00 ns, 44.7157 us/op
WorkloadWarmup   2: 22480 op, 1002246660.00 ns, 44.5839 us/op
WorkloadWarmup   3: 22480 op, 999867752.00 ns, 44.4781 us/op
WorkloadWarmup   4: 22480 op, 998619147.00 ns, 44.4226 us/op
WorkloadWarmup   5: 22480 op, 1001741205.00 ns, 44.5614 us/op
WorkloadWarmup   6: 22480 op, 996748180.00 ns, 44.3393 us/op

// BeforeActualRun
WorkloadActual   1: 22480 op, 1000016499.00 ns, 44.4847 us/op
WorkloadActual   2: 22480 op, 1000699486.00 ns, 44.5151 us/op
WorkloadActual   3: 22480 op, 999099956.00 ns, 44.4439 us/op
WorkloadActual   4: 22480 op, 1000001574.00 ns, 44.4841 us/op
WorkloadActual   5: 22480 op, 999937220.00 ns, 44.4812 us/op
WorkloadActual   6: 22480 op, 998833408.00 ns, 44.4321 us/op
WorkloadActual   7: 22480 op, 998951727.00 ns, 44.4374 us/op
WorkloadActual   8: 22480 op, 999953532.00 ns, 44.4819 us/op
WorkloadActual   9: 22480 op, 999984095.00 ns, 44.4833 us/op
WorkloadActual  10: 22480 op, 1000074807.00 ns, 44.4873 us/op
WorkloadActual  11: 22480 op, 999673018.00 ns, 44.4694 us/op
WorkloadActual  12: 22480 op, 994540847.00 ns, 44.2411 us/op
WorkloadActual  13: 22480 op, 995035970.00 ns, 44.2632 us/op
WorkloadActual  14: 22480 op, 993437874.00 ns, 44.1921 us/op
WorkloadActual  15: 22480 op, 995995035.00 ns, 44.3058 us/op

// AfterActualRun
WorkloadResult   1: 22480 op, 999939269.00 ns, 44.4813 us/op
WorkloadResult   2: 22480 op, 1000622256.00 ns, 44.5117 us/op
WorkloadResult   3: 22480 op, 999022726.00 ns, 44.4405 us/op
WorkloadResult   4: 22480 op, 999924344.00 ns, 44.4806 us/op
WorkloadResult   5: 22480 op, 999859990.00 ns, 44.4778 us/op
WorkloadResult   6: 22480 op, 998756178.00 ns, 44.4287 us/op
WorkloadResult   7: 22480 op, 998874497.00 ns, 44.4339 us/op
WorkloadResult   8: 22480 op, 999876302.00 ns, 44.4785 us/op
WorkloadResult   9: 22480 op, 999906865.00 ns, 44.4798 us/op
WorkloadResult  10: 22480 op, 999997577.00 ns, 44.4839 us/op
WorkloadResult  11: 22480 op, 999595788.00 ns, 44.4660 us/op
WorkloadResult  12: 22480 op, 994463617.00 ns, 44.2377 us/op
WorkloadResult  13: 22480 op, 994958740.00 ns, 44.2597 us/op
WorkloadResult  14: 22480 op, 993360644.00 ns, 44.1886 us/op
WorkloadResult  15: 22480 op, 995917805.00 ns, 44.3024 us/op

// AfterAll
// Benchmark Process 4061452 has exited with code 0.

Mean = 44.410 μs, StdErr = 0.027 μs (0.06%), N = 15, StdDev = 0.106 μs
Min = 44.189 μs, Q1 = 44.366 μs, Median = 44.466 μs, Q3 = 44.480 μs, Max = 44.512 μs
IQR = 0.115 μs, LowerFence = 44.193 μs, UpperFence = 44.652 μs
ConfidenceInterval = [44.297 μs; 44.524 μs] (CI 99.9%), Margin = 0.114 μs (0.26% of Mean)
Skewness = -0.96, Kurtosis = 2.2, MValue = 2

// ** Remained 9 (30.0%) benchmark(s) to run. Estimated finish 2025-12-31 20:41 (0h 4m from now) **
// **************************
// Benchmark: JsonSerializationBenchmarks.Newtonsoft_Serialize_Medium: Overhead-Fixed-NoEnergy-7(OutlierMode=DontRemove, IterationCount=15, IterationTime=1s, LaunchCount=1, WarmupCount=6)
// *** Execute ***
// Launch: 1 / 1
// Execute: dotnet Serialization.Bench-Overhead-Fixed-NoEnergy-7-1.dll --anonymousPipes 103 104 --benchmarkName Serialization.Bench.JsonSerializationBenchmarks.Newtonsoft_Serialize_Medium --job Overhead-Fixed-NoEnergy-7 --benchmarkId 21 in /home/test/rapl-tests/lib-energy-bench/src/Serialization.Bench/bin/Release/net8.0/Serialization.Bench-Overhead-Fixed-NoEnergy-7-1/bin/Release/net8.0
// BeforeAnythingElse

// Benchmark Process Environment Information:
// BenchmarkDotNet v0.15.5-develop (2025-12-31)
// Runtime=.NET 8.0.21 (8.0.21, 8.0.2125.47513), X64 RyuJIT x86-64-v4
// GC=Concurrent Workstation
// HardwareIntrinsics=AVX512 IFMA+VBMI,AVX512 F+BW+CD+DQ+VL,AVX2+BMI1+BMI2+F16C+FMA+LZCNT+MOVBE,AVX,SSE3+SSSE3+SSE4.1+SSE4.2+POPCNT,X86Base+SSE+SSE2,AES+PCLMUL VectorSize=256
// Job: Overhead-Fixed-NoEnergy-7(OutlierMode=DontRemove, IterationCount=15, IterationTime=1s, LaunchCount=1, WarmupCount=6)

OverheadJitting  1: 1 op, 132547.00 ns, 132.5470 us/op
WorkloadJitting  1: 1 op, 48337287.00 ns, 48.3373 ms/op

OverheadJitting  2: 16 op, 354650.00 ns, 22.1656 us/op
WorkloadJitting  2: 16 op, 5119999.00 ns, 319.9999 us/op

WorkloadPilot    1: 16 op, 4525783.00 ns, 282.8614 us/op
WorkloadPilot    2: 3536 op, 373415511.00 ns, 105.6039 us/op
WorkloadPilot    3: 9472 op, 483639107.00 ns, 51.0599 us/op
WorkloadPilot    4: 19600 op, 998152990.00 ns, 50.9262 us/op
WorkloadPilot    5: 19648 op, 1005085231.00 ns, 51.1546 us/op
WorkloadPilot    6: 19552 op, 996916949.00 ns, 50.9880 us/op
WorkloadPilot    7: 19616 op, 1003588410.00 ns, 51.1617 us/op
WorkloadPilot    8: 19552 op, 996691631.00 ns, 50.9765 us/op
WorkloadPilot    9: 19632 op, 1001068075.00 ns, 50.9917 us/op

OverheadWarmup   1: 19632 op, 67922.00 ns, 3.4598 ns/op
OverheadWarmup   2: 19632 op, 70721.00 ns, 3.6023 ns/op
OverheadWarmup   3: 19632 op, 67015.00 ns, 3.4136 ns/op
OverheadWarmup   4: 19632 op, 67420.00 ns, 3.4342 ns/op
OverheadWarmup   5: 19632 op, 66967.00 ns, 3.4111 ns/op

OverheadActual   1: 19632 op, 67124.00 ns, 3.4191 ns/op
OverheadActual   2: 19632 op, 67527.00 ns, 3.4396 ns/op
OverheadActual   3: 19632 op, 67132.00 ns, 3.4195 ns/op
OverheadActual   4: 19632 op, 66998.00 ns, 3.4127 ns/op
OverheadActual   5: 19632 op, 67011.00 ns, 3.4134 ns/op
OverheadActual   6: 19632 op, 67291.00 ns, 3.4276 ns/op
OverheadActual   7: 19632 op, 68364.00 ns, 3.4823 ns/op
OverheadActual   8: 19632 op, 66992.00 ns, 3.4124 ns/op
OverheadActual   9: 19632 op, 67322.00 ns, 3.4292 ns/op
OverheadActual  10: 19632 op, 68352.00 ns, 3.4817 ns/op
OverheadActual  11: 19632 op, 68326.00 ns, 3.4803 ns/op
OverheadActual  12: 19632 op, 68848.00 ns, 3.5069 ns/op
OverheadActual  13: 19632 op, 68347.00 ns, 3.4814 ns/op
OverheadActual  14: 19632 op, 68359.00 ns, 3.4820 ns/op
OverheadActual  15: 19632 op, 68381.00 ns, 3.4831 ns/op

WorkloadWarmup   1: 19632 op, 1006468934.00 ns, 51.2668 us/op
WorkloadWarmup   2: 19632 op, 1005430575.00 ns, 51.2139 us/op
WorkloadWarmup   3: 19632 op, 999091143.00 ns, 50.8910 us/op
WorkloadWarmup   4: 19632 op, 1007737345.00 ns, 51.3314 us/op
WorkloadWarmup   5: 19632 op, 1000877441.00 ns, 50.9819 us/op
WorkloadWarmup   6: 19632 op, 999603056.00 ns, 50.9170 us/op

// BeforeActualRun
WorkloadActual   1: 19632 op, 1002974921.00 ns, 51.0888 us/op
WorkloadActual   2: 19632 op, 1003829396.00 ns, 51.1323 us/op
WorkloadActual   3: 19632 op, 999791652.00 ns, 50.9266 us/op
WorkloadActual   4: 19632 op, 1007423983.00 ns, 51.3154 us/op
WorkloadActual   5: 19632 op, 1003962963.00 ns, 51.1391 us/op
WorkloadActual   6: 19632 op, 1005075877.00 ns, 51.1958 us/op
WorkloadActual   7: 19632 op, 1005724145.00 ns, 51.2288 us/op
WorkloadActual   8: 19632 op, 1006482304.00 ns, 51.2674 us/op
WorkloadActual   9: 19632 op, 1006042949.00 ns, 51.2451 us/op
WorkloadActual  10: 19632 op, 1007249708.00 ns, 51.3065 us/op
WorkloadActual  11: 19632 op, 999384117.00 ns, 50.9059 us/op
WorkloadActual  12: 19632 op, 1007266502.00 ns, 51.3074 us/op
WorkloadActual  13: 19632 op, 1009754427.00 ns, 51.4341 us/op
WorkloadActual  14: 19632 op, 1001237694.00 ns, 51.0003 us/op
WorkloadActual  15: 19632 op, 1005777954.00 ns, 51.2316 us/op

// AfterActualRun
WorkloadResult   1: 19632 op, 1002907394.00 ns, 51.0853 us/op
WorkloadResult   2: 19632 op, 1003761869.00 ns, 51.1289 us/op
WorkloadResult   3: 19632 op, 999724125.00 ns, 50.9232 us/op
WorkloadResult   4: 19632 op, 1007356456.00 ns, 51.3120 us/op
WorkloadResult   5: 19632 op, 1003895436.00 ns, 51.1357 us/op
WorkloadResult   6: 19632 op, 1005008350.00 ns, 51.1924 us/op
WorkloadResult   7: 19632 op, 1005656618.00 ns, 51.2254 us/op
WorkloadResult   8: 19632 op, 1006414777.00 ns, 51.2640 us/op
WorkloadResult   9: 19632 op, 1005975422.00 ns, 51.2416 us/op
WorkloadResult  10: 19632 op, 1007182181.00 ns, 51.3031 us/op
WorkloadResult  11: 19632 op, 999316590.00 ns, 50.9024 us/op
WorkloadResult  12: 19632 op, 1007198975.00 ns, 51.3039 us/op
WorkloadResult  13: 19632 op, 1009686900.00 ns, 51.4307 us/op
WorkloadResult  14: 19632 op, 1001170167.00 ns, 50.9969 us/op
WorkloadResult  15: 19632 op, 1005710427.00 ns, 51.2281 us/op

// AfterAll
// Benchmark Process 4061469 has exited with code 0.

Mean = 51.178 μs, StdErr = 0.039 μs (0.08%), N = 15, StdDev = 0.150 μs
Min = 50.902 μs, Q1 = 51.107 μs, Median = 51.225 μs, Q3 = 51.284 μs, Max = 51.431 μs
IQR = 0.176 μs, LowerFence = 50.842 μs, UpperFence = 51.548 μs
ConfidenceInterval = [51.018 μs; 51.339 μs] (CI 99.9%), Margin = 0.161 μs (0.31% of Mean)
Skewness = -0.41, Kurtosis = 2.11, MValue = 2

// ** Remained 8 (26.7%) benchmark(s) to run. Estimated finish 2025-12-31 20:42 (0h 3m from now) **
// **************************
// Benchmark: JsonSerializationBenchmarks.Jil_Serialize_Medium: Overhead-Fixed-NoEnergy-7(OutlierMode=DontRemove, IterationCount=15, IterationTime=1s, LaunchCount=1, WarmupCount=6)
// *** Execute ***
// Launch: 1 / 1
// Execute: dotnet Serialization.Bench-Overhead-Fixed-NoEnergy-7-1.dll --anonymousPipes 103 104 --benchmarkName Serialization.Bench.JsonSerializationBenchmarks.Jil_Serialize_Medium --job Overhead-Fixed-NoEnergy-7 --benchmarkId 22 in /home/test/rapl-tests/lib-energy-bench/src/Serialization.Bench/bin/Release/net8.0/Serialization.Bench-Overhead-Fixed-NoEnergy-7-1/bin/Release/net8.0
// BeforeAnythingElse

// Benchmark Process Environment Information:
// BenchmarkDotNet v0.15.5-develop (2025-12-31)
// Runtime=.NET 8.0.21 (8.0.21, 8.0.2125.47513), X64 RyuJIT x86-64-v4
// GC=Concurrent Workstation
// HardwareIntrinsics=AVX512 IFMA+VBMI,AVX512 F+BW+CD+DQ+VL,AVX2+BMI1+BMI2+F16C+FMA+LZCNT+MOVBE,AVX,SSE3+SSSE3+SSE4.1+SSE4.2+POPCNT,X86Base+SSE+SSE2,AES+PCLMUL VectorSize=256
// Job: Overhead-Fixed-NoEnergy-7(OutlierMode=DontRemove, IterationCount=15, IterationTime=1s, LaunchCount=1, WarmupCount=6)

OverheadJitting  1: 1 op, 135213.00 ns, 135.2130 us/op
WorkloadJitting  1: 1 op, 134083692.00 ns, 134.0837 ms/op

WorkloadPilot    1: 4 op, 652809.00 ns, 163.2023 us/op
WorkloadPilot    2: 6127 op, 327541713.00 ns, 53.4587 us/op
WorkloadPilot    3: 18706 op, 698433073.00 ns, 37.3374 us/op
WorkloadPilot    4: 26783 op, 999367290.00 ns, 37.3135 us/op
WorkloadPilot    5: 26800 op, 995869410.00 ns, 37.1593 us/op
WorkloadPilot    6: 26911 op, 1008207971.00 ns, 37.4645 us/op
WorkloadPilot    7: 26692 op, 997773327.00 ns, 37.3810 us/op
WorkloadPilot    8: 26752 op, 1001053549.00 ns, 37.4198 us/op
WorkloadPilot    9: 26724 op, 991002277.00 ns, 37.0829 us/op
WorkloadPilot   10: 26967 op, 1004653519.00 ns, 37.2549 us/op

WorkloadWarmup   1: 26967 op, 1011541048.00 ns, 37.5103 us/op
WorkloadWarmup   2: 26967 op, 998685769.00 ns, 37.0336 us/op
WorkloadWarmup   3: 26967 op, 999181383.00 ns, 37.0520 us/op
WorkloadWarmup   4: 26967 op, 1004945032.00 ns, 37.2657 us/op
WorkloadWarmup   5: 26967 op, 1008880573.00 ns, 37.4117 us/op
WorkloadWarmup   6: 26967 op, 1007339315.00 ns, 37.3545 us/op

// BeforeActualRun
WorkloadActual   1: 26967 op, 1008793220.00 ns, 37.4084 us/op
WorkloadActual   2: 26967 op, 1016193394.00 ns, 37.6828 us/op
WorkloadActual   3: 26967 op, 1008976284.00 ns, 37.4152 us/op
WorkloadActual   4: 26967 op, 1011335582.00 ns, 37.5027 us/op
WorkloadActual   5: 26967 op, 1009021458.00 ns, 37.4169 us/op
WorkloadActual   6: 26967 op, 996630632.00 ns, 36.9574 us/op
WorkloadActual   7: 26967 op, 1009515544.00 ns, 37.4352 us/op
WorkloadActual   8: 26967 op, 1002519606.00 ns, 37.1758 us/op
WorkloadActual   9: 26967 op, 998292353.00 ns, 37.0190 us/op
WorkloadActual  10: 26967 op, 997006016.00 ns, 36.9713 us/op
WorkloadActual  11: 26967 op, 991115563.00 ns, 36.7529 us/op
WorkloadActual  12: 26967 op, 1011979043.00 ns, 37.5266 us/op
WorkloadActual  13: 26967 op, 1004747406.00 ns, 37.2584 us/op
WorkloadActual  14: 26967 op, 1007712723.00 ns, 37.3684 us/op
WorkloadActual  15: 26967 op, 1011754764.00 ns, 37.5183 us/op

// AfterActualRun
WorkloadResult   1: 26967 op, 1008793220.00 ns, 37.4084 us/op
WorkloadResult   2: 26967 op, 1016193394.00 ns, 37.6828 us/op
WorkloadResult   3: 26967 op, 1008976284.00 ns, 37.4152 us/op
WorkloadResult   4: 26967 op, 1011335582.00 ns, 37.5027 us/op
WorkloadResult   5: 26967 op, 1009021458.00 ns, 37.4169 us/op
WorkloadResult   6: 26967 op, 996630632.00 ns, 36.9574 us/op
WorkloadResult   7: 26967 op, 1009515544.00 ns, 37.4352 us/op
WorkloadResult   8: 26967 op, 1002519606.00 ns, 37.1758 us/op
WorkloadResult   9: 26967 op, 998292353.00 ns, 37.0190 us/op
WorkloadResult  10: 26967 op, 997006016.00 ns, 36.9713 us/op
WorkloadResult  11: 26967 op, 991115563.00 ns, 36.7529 us/op
WorkloadResult  12: 26967 op, 1011979043.00 ns, 37.5266 us/op
WorkloadResult  13: 26967 op, 1004747406.00 ns, 37.2584 us/op
WorkloadResult  14: 26967 op, 1007712723.00 ns, 37.3684 us/op
WorkloadResult  15: 26967 op, 1011754764.00 ns, 37.5183 us/op

// AfterAll
// Benchmark Process 4061492 has exited with code 0.

Mean = 37.294 μs, StdErr = 0.068 μs (0.18%), N = 15, StdDev = 0.263 μs
Min = 36.753 μs, Q1 = 37.097 μs, Median = 37.408 μs, Q3 = 37.469 μs, Max = 37.683 μs
IQR = 0.372 μs, LowerFence = 36.540 μs, UpperFence = 38.026 μs
ConfidenceInterval = [37.013 μs; 37.575 μs] (CI 99.9%), Margin = 0.281 μs (0.75% of Mean)
Skewness = -0.56, Kurtosis = 2.04, MValue = 2

// ** Remained 7 (23.3%) benchmark(s) to run. Estimated finish 2025-12-31 20:42 (0h 3m from now) **
// **************************
// Benchmark: JsonSerializationBenchmarks.Utf8Json_Serialize_Medium: Overhead-Fixed-NoEnergy-7(OutlierMode=DontRemove, IterationCount=15, IterationTime=1s, LaunchCount=1, WarmupCount=6)
// *** Execute ***
// Launch: 1 / 1
// Execute: dotnet Serialization.Bench-Overhead-Fixed-NoEnergy-7-1.dll --anonymousPipes 103 104 --benchmarkName Serialization.Bench.JsonSerializationBenchmarks.Utf8Json_Serialize_Medium --job Overhead-Fixed-NoEnergy-7 --benchmarkId 23 in /home/test/rapl-tests/lib-energy-bench/src/Serialization.Bench/bin/Release/net8.0/Serialization.Bench-Overhead-Fixed-NoEnergy-7-1/bin/Release/net8.0
// BeforeAnythingElse

// Benchmark Process Environment Information:
// BenchmarkDotNet v0.15.5-develop (2025-12-31)
// Runtime=.NET 8.0.21 (8.0.21, 8.0.2125.47513), X64 RyuJIT x86-64-v4
// GC=Concurrent Workstation
// HardwareIntrinsics=AVX512 IFMA+VBMI,AVX512 F+BW+CD+DQ+VL,AVX2+BMI1+BMI2+F16C+FMA+LZCNT+MOVBE,AVX,SSE3+SSSE3+SSE4.1+SSE4.2+POPCNT,X86Base+SSE+SSE2,AES+PCLMUL VectorSize=256
// Job: Overhead-Fixed-NoEnergy-7(OutlierMode=DontRemove, IterationCount=15, IterationTime=1s, LaunchCount=1, WarmupCount=6)

OverheadJitting  1: 1 op, 135967.00 ns, 135.9670 us/op
WorkloadJitting  1: 1 op, 53806047.00 ns, 53.8060 ms/op

OverheadJitting  2: 16 op, 373616.00 ns, 23.3510 us/op
WorkloadJitting  2: 16 op, 4230081.00 ns, 264.3801 us/op

WorkloadPilot    1: 16 op, 3436588.00 ns, 214.7868 us/op
WorkloadPilot    2: 4656 op, 443708803.00 ns, 95.2983 us/op
WorkloadPilot    3: 10496 op, 605408133.00 ns, 57.6799 us/op
WorkloadPilot    4: 17344 op, 1005130361.00 ns, 57.9526 us/op
WorkloadPilot    5: 17264 op, 1072538247.00 ns, 62.1257 us/op
WorkloadPilot    6: 16096 op, 983086840.00 ns, 61.0765 us/op
WorkloadPilot    7: 16384 op, 971744346.00 ns, 59.3106 us/op
WorkloadPilot    8: 16864 op, 970025411.00 ns, 57.5205 us/op
WorkloadPilot    9: 17392 op, 1010580849.00 ns, 58.1061 us/op

OverheadWarmup   1: 17392 op, 60205.00 ns, 3.4616 ns/op
OverheadWarmup   2: 17392 op, 59404.00 ns, 3.4156 ns/op
OverheadWarmup   3: 17392 op, 59437.00 ns, 3.4175 ns/op
OverheadWarmup   4: 17392 op, 59781.00 ns, 3.4373 ns/op
OverheadWarmup   5: 17392 op, 60599.00 ns, 3.4843 ns/op
OverheadWarmup   6: 17392 op, 59380.00 ns, 3.4142 ns/op
OverheadWarmup   7: 17392 op, 60571.00 ns, 3.4827 ns/op
OverheadWarmup   8: 17392 op, 59686.00 ns, 3.4318 ns/op

OverheadActual   1: 17392 op, 60743.00 ns, 3.4926 ns/op
OverheadActual   2: 17392 op, 60703.00 ns, 3.4903 ns/op
OverheadActual   3: 17392 op, 59494.00 ns, 3.4208 ns/op
OverheadActual   4: 17392 op, 59787.00 ns, 3.4376 ns/op
OverheadActual   5: 17392 op, 60604.00 ns, 3.4846 ns/op
OverheadActual   6: 17392 op, 63999.00 ns, 3.6798 ns/op
OverheadActual   7: 17392 op, 60592.00 ns, 3.4839 ns/op
OverheadActual   8: 17392 op, 61014.00 ns, 3.5082 ns/op
OverheadActual   9: 17392 op, 60571.00 ns, 3.4827 ns/op
OverheadActual  10: 17392 op, 59420.00 ns, 3.4165 ns/op
OverheadActual  11: 17392 op, 59751.00 ns, 3.4355 ns/op
OverheadActual  12: 17392 op, 60605.00 ns, 3.4846 ns/op
OverheadActual  13: 17392 op, 59397.00 ns, 3.4152 ns/op
OverheadActual  14: 17392 op, 60646.00 ns, 3.4870 ns/op
OverheadActual  15: 17392 op, 59740.00 ns, 3.4349 ns/op

WorkloadWarmup   1: 17392 op, 1003139352.00 ns, 57.6782 us/op
WorkloadWarmup   2: 17392 op, 1017034645.00 ns, 58.4772 us/op
WorkloadWarmup   3: 17392 op, 1001838503.00 ns, 57.6034 us/op
WorkloadWarmup   4: 17392 op, 1018171280.00 ns, 58.5425 us/op
WorkloadWarmup   5: 17392 op, 1010956682.00 ns, 58.1277 us/op
WorkloadWarmup   6: 17392 op, 1001847473.00 ns, 57.6039 us/op

// BeforeActualRun
WorkloadActual   1: 17392 op, 1027168018.00 ns, 59.0598 us/op
WorkloadActual   2: 17392 op, 1010013930.00 ns, 58.0735 us/op
WorkloadActual   3: 17392 op, 1016432789.00 ns, 58.4425 us/op
WorkloadActual   4: 17392 op, 1002298368.00 ns, 57.6299 us/op
WorkloadActual   5: 17392 op, 1004758709.00 ns, 57.7713 us/op
WorkloadActual   6: 17392 op, 1013857421.00 ns, 58.2945 us/op
WorkloadActual   7: 17392 op, 1014481269.00 ns, 58.3303 us/op
WorkloadActual   8: 17392 op, 1022776766.00 ns, 58.8073 us/op
WorkloadActual   9: 17392 op, 1008439146.00 ns, 57.9829 us/op
WorkloadActual  10: 17392 op, 1022589000.00 ns, 58.7965 us/op
WorkloadActual  11: 17392 op, 1013730734.00 ns, 58.2872 us/op
WorkloadActual  12: 17392 op, 1023360197.00 ns, 58.8409 us/op
WorkloadActual  13: 17392 op, 1022109358.00 ns, 58.7689 us/op
WorkloadActual  14: 17392 op, 1020944546.00 ns, 58.7020 us/op
WorkloadActual  15: 17392 op, 1005009920.00 ns, 57.7858 us/op

// AfterActualRun
WorkloadResult   1: 17392 op, 1027107426.00 ns, 59.0563 us/op
WorkloadResult   2: 17392 op, 1009953338.00 ns, 58.0700 us/op
WorkloadResult   3: 17392 op, 1016372197.00 ns, 58.4391 us/op
WorkloadResult   4: 17392 op, 1002237776.00 ns, 57.6264 us/op
WorkloadResult   5: 17392 op, 1004698117.00 ns, 57.7678 us/op
WorkloadResult   6: 17392 op, 1013796829.00 ns, 58.2910 us/op
WorkloadResult   7: 17392 op, 1014420677.00 ns, 58.3269 us/op
WorkloadResult   8: 17392 op, 1022716174.00 ns, 58.8038 us/op
WorkloadResult   9: 17392 op, 1008378554.00 ns, 57.9794 us/op
WorkloadResult  10: 17392 op, 1022528408.00 ns, 58.7930 us/op
WorkloadResult  11: 17392 op, 1013670142.00 ns, 58.2837 us/op
WorkloadResult  12: 17392 op, 1023299605.00 ns, 58.8374 us/op
WorkloadResult  13: 17392 op, 1022048766.00 ns, 58.7655 us/op
WorkloadResult  14: 17392 op, 1020883954.00 ns, 58.6985 us/op
WorkloadResult  15: 17392 op, 1004949328.00 ns, 57.7823 us/op

// AfterAll
// Benchmark Process 4061505 has exited with code 0.

Mean = 58.368 μs, StdErr = 0.116 μs (0.20%), N = 15, StdDev = 0.451 μs
Min = 57.626 μs, Q1 = 58.025 μs, Median = 58.327 μs, Q3 = 58.779 μs, Max = 59.056 μs
IQR = 0.755 μs, LowerFence = 56.893 μs, UpperFence = 59.911 μs
ConfidenceInterval = [57.886 μs; 58.850 μs] (CI 99.9%), Margin = 0.482 μs (0.83% of Mean)
Skewness = -0.16, Kurtosis = 1.55, MValue = 2

// ** Remained 6 (20.0%) benchmark(s) to run. Estimated finish 2025-12-31 20:42 (0h 2m from now) **
// **************************
// Benchmark: JsonSerializationBenchmarks.SpanJson_Serialize_Medium: Overhead-Fixed-NoEnergy-7(OutlierMode=DontRemove, IterationCount=15, IterationTime=1s, LaunchCount=1, WarmupCount=6)
// *** Execute ***
// Launch: 1 / 1
// Execute: dotnet Serialization.Bench-Overhead-Fixed-NoEnergy-7-1.dll --anonymousPipes 103 104 --benchmarkName Serialization.Bench.JsonSerializationBenchmarks.SpanJson_Serialize_Medium --job Overhead-Fixed-NoEnergy-7 --benchmarkId 24 in /home/test/rapl-tests/lib-energy-bench/src/Serialization.Bench/bin/Release/net8.0/Serialization.Bench-Overhead-Fixed-NoEnergy-7-1/bin/Release/net8.0
// BeforeAnythingElse

// Benchmark Process Environment Information:
// BenchmarkDotNet v0.15.5-develop (2025-12-31)
// Runtime=.NET 8.0.21 (8.0.21, 8.0.2125.47513), X64 RyuJIT x86-64-v4
// GC=Concurrent Workstation
// HardwareIntrinsics=AVX512 IFMA+VBMI,AVX512 F+BW+CD+DQ+VL,AVX2+BMI1+BMI2+F16C+FMA+LZCNT+MOVBE,AVX,SSE3+SSSE3+SSE4.1+SSE4.2+POPCNT,X86Base+SSE+SSE2,AES+PCLMUL VectorSize=256
// Job: Overhead-Fixed-NoEnergy-7(OutlierMode=DontRemove, IterationCount=15, IterationTime=1s, LaunchCount=1, WarmupCount=6)

OverheadJitting  1: 1 op, 140023.00 ns, 140.0230 us/op
WorkloadJitting  1: 1 op, 97530900.00 ns, 97.5309 ms/op

WorkloadPilot    1: 4 op, 1049786.00 ns, 262.4465 us/op
WorkloadPilot    2: 3810 op, 284252681.00 ns, 74.6070 us/op
WorkloadPilot    3: 13404 op, 516493263.00 ns, 38.5328 us/op
WorkloadPilot    4: 25952 op, 1004481820.00 ns, 38.7054 us/op
WorkloadPilot    5: 25836 op, 997392744.00 ns, 38.6048 us/op
WorkloadPilot    6: 25904 op, 997429732.00 ns, 38.5049 us/op
WorkloadPilot    7: 25971 op, 1000982091.00 ns, 38.5423 us/op
WorkloadPilot    8: 25946 op, 1000320234.00 ns, 38.5539 us/op

WorkloadWarmup   1: 25946 op, 995575731.00 ns, 38.3711 us/op
WorkloadWarmup   2: 25946 op, 987414415.00 ns, 38.0565 us/op
WorkloadWarmup   3: 25946 op, 1000216826.00 ns, 38.5499 us/op
WorkloadWarmup   4: 25946 op, 1006125730.00 ns, 38.7777 us/op
WorkloadWarmup   5: 25946 op, 1002234878.00 ns, 38.6277 us/op
WorkloadWarmup   6: 25946 op, 986021892.00 ns, 38.0028 us/op

// BeforeActualRun
WorkloadActual   1: 25946 op, 1012321943.00 ns, 39.0165 us/op
WorkloadActual   2: 25946 op, 1014125411.00 ns, 39.0860 us/op
WorkloadActual   3: 25946 op, 1012592842.00 ns, 39.0269 us/op
WorkloadActual   4: 25946 op, 1004777634.00 ns, 38.7257 us/op
WorkloadActual   5: 25946 op, 989452032.00 ns, 38.1351 us/op
WorkloadActual   6: 25946 op, 1019542675.00 ns, 39.2948 us/op
WorkloadActual   7: 25946 op, 1018601320.00 ns, 39.2585 us/op
WorkloadActual   8: 25946 op, 1009567022.00 ns, 38.9103 us/op
WorkloadActual   9: 25946 op, 1015414031.00 ns, 39.1357 us/op
WorkloadActual  10: 25946 op, 1009355304.00 ns, 38.9022 us/op
WorkloadActual  11: 25946 op, 1011025144.00 ns, 38.9665 us/op
WorkloadActual  12: 25946 op, 1018065960.00 ns, 39.2379 us/op
WorkloadActual  13: 25946 op, 1016011554.00 ns, 39.1587 us/op
WorkloadActual  14: 25946 op, 992244169.00 ns, 38.2427 us/op
WorkloadActual  15: 25946 op, 1015414310.00 ns, 39.1357 us/op

// AfterActualRun
WorkloadResult   1: 25946 op, 1012321943.00 ns, 39.0165 us/op
WorkloadResult   2: 25946 op, 1014125411.00 ns, 39.0860 us/op
WorkloadResult   3: 25946 op, 1012592842.00 ns, 39.0269 us/op
WorkloadResult   4: 25946 op, 1004777634.00 ns, 38.7257 us/op
WorkloadResult   5: 25946 op, 989452032.00 ns, 38.1351 us/op
WorkloadResult   6: 25946 op, 1019542675.00 ns, 39.2948 us/op
WorkloadResult   7: 25946 op, 1018601320.00 ns, 39.2585 us/op
WorkloadResult   8: 25946 op, 1009567022.00 ns, 38.9103 us/op
WorkloadResult   9: 25946 op, 1015414031.00 ns, 39.1357 us/op
WorkloadResult  10: 25946 op, 1009355304.00 ns, 38.9022 us/op
WorkloadResult  11: 25946 op, 1011025144.00 ns, 38.9665 us/op
WorkloadResult  12: 25946 op, 1018065960.00 ns, 39.2379 us/op
WorkloadResult  13: 25946 op, 1016011554.00 ns, 39.1587 us/op
WorkloadResult  14: 25946 op, 992244169.00 ns, 38.2427 us/op
WorkloadResult  15: 25946 op, 1015414310.00 ns, 39.1357 us/op

// AfterAll
// Benchmark Process 4061521 has exited with code 0.

Mean = 38.949 μs, StdErr = 0.089 μs (0.23%), N = 15, StdDev = 0.344 μs
Min = 38.135 μs, Q1 = 38.906 μs, Median = 39.027 μs, Q3 = 39.147 μs, Max = 39.295 μs
IQR = 0.241 μs, LowerFence = 38.545 μs, UpperFence = 39.509 μs
ConfidenceInterval = [38.581 μs; 39.317 μs] (CI 99.9%), Margin = 0.368 μs (0.94% of Mean)
Skewness = -1.28, Kurtosis = 3.45, MValue = 2

// ** Remained 5 (16.7%) benchmark(s) to run. Estimated finish 2025-12-31 20:42 (0h 2m from now) **
// **************************
// Benchmark: JsonSerializationBenchmarks.STJ_Serialize_Small: Overhead-Fixed-NoEnergy-7(OutlierMode=DontRemove, IterationCount=15, IterationTime=1s, LaunchCount=1, WarmupCount=6)
// *** Execute ***
// Launch: 1 / 1
// Execute: dotnet Serialization.Bench-Overhead-Fixed-NoEnergy-7-1.dll --anonymousPipes 103 104 --benchmarkName Serialization.Bench.JsonSerializationBenchmarks.STJ_Serialize_Small --job Overhead-Fixed-NoEnergy-7 --benchmarkId 25 in /home/test/rapl-tests/lib-energy-bench/src/Serialization.Bench/bin/Release/net8.0/Serialization.Bench-Overhead-Fixed-NoEnergy-7-1/bin/Release/net8.0
// BeforeAnythingElse

// Benchmark Process Environment Information:
// BenchmarkDotNet v0.15.5-develop (2025-12-31)
// Runtime=.NET 8.0.21 (8.0.21, 8.0.2125.47513), X64 RyuJIT x86-64-v4
// GC=Concurrent Workstation
// HardwareIntrinsics=AVX512 IFMA+VBMI,AVX512 F+BW+CD+DQ+VL,AVX2+BMI1+BMI2+F16C+FMA+LZCNT+MOVBE,AVX,SSE3+SSSE3+SSE4.1+SSE4.2+POPCNT,X86Base+SSE+SSE2,AES+PCLMUL VectorSize=256
// Job: Overhead-Fixed-NoEnergy-7(OutlierMode=DontRemove, IterationCount=15, IterationTime=1s, LaunchCount=1, WarmupCount=6)

OverheadJitting  1: 1 op, 134202.00 ns, 134.2020 us/op
WorkloadJitting  1: 1 op, 3762640.00 ns, 3.7626 ms/op

OverheadJitting  2: 16 op, 355566.00 ns, 22.2229 us/op
WorkloadJitting  2: 16 op, 467764.00 ns, 29.2353 us/op

WorkloadPilot    1: 16 op, 83981.00 ns, 5.2488 us/op
WorkloadPilot    2: 190528 op, 532622862.00 ns, 2.7955 us/op
WorkloadPilot    3: 357728 op, 470647980.00 ns, 1.3157 us/op
WorkloadPilot    4: 760080 op, 995561328.00 ns, 1.3098 us/op
WorkloadPilot    5: 763472 op, 1001906210.00 ns, 1.3123 us/op
WorkloadPilot    6: 762032 op, 996687441.00 ns, 1.3079 us/op
WorkloadPilot    7: 764576 op, 1002341088.00 ns, 1.3110 us/op
WorkloadPilot    8: 762800 op, 997442425.00 ns, 1.3076 us/op
WorkloadPilot    9: 764768 op, 1000321393.00 ns, 1.3080 us/op

OverheadWarmup   1: 764768 op, 2608749.00 ns, 3.4112 ns/op
OverheadWarmup   2: 764768 op, 2628316.00 ns, 3.4367 ns/op
OverheadWarmup   3: 764768 op, 2619222.00 ns, 3.4249 ns/op
OverheadWarmup   4: 764768 op, 2616011.00 ns, 3.4207 ns/op
OverheadWarmup   5: 764768 op, 2605068.00 ns, 3.4064 ns/op
OverheadWarmup   6: 764768 op, 2618517.00 ns, 3.4239 ns/op
OverheadWarmup   7: 764768 op, 2614090.00 ns, 3.4181 ns/op

OverheadActual   1: 764768 op, 2613414.00 ns, 3.4173 ns/op
OverheadActual   2: 764768 op, 2611532.00 ns, 3.4148 ns/op
OverheadActual   3: 764768 op, 2609538.00 ns, 3.4122 ns/op
OverheadActual   4: 764768 op, 2606580.00 ns, 3.4083 ns/op
OverheadActual   5: 764768 op, 2613859.00 ns, 3.4178 ns/op
OverheadActual   6: 764768 op, 2615091.00 ns, 3.4195 ns/op
OverheadActual   7: 764768 op, 2661114.00 ns, 3.4796 ns/op
OverheadActual   8: 764768 op, 2605169.00 ns, 3.4065 ns/op
OverheadActual   9: 764768 op, 2610490.00 ns, 3.4134 ns/op
OverheadActual  10: 764768 op, 2607290.00 ns, 3.4093 ns/op
OverheadActual  11: 764768 op, 2615447.00 ns, 3.4199 ns/op
OverheadActual  12: 764768 op, 2605646.00 ns, 3.4071 ns/op
OverheadActual  13: 764768 op, 2611565.00 ns, 3.4148 ns/op
OverheadActual  14: 764768 op, 2614045.00 ns, 3.4181 ns/op
OverheadActual  15: 764768 op, 2616366.00 ns, 3.4211 ns/op

WorkloadWarmup   1: 764768 op, 1002853639.00 ns, 1.3113 us/op
WorkloadWarmup   2: 764768 op, 1004494853.00 ns, 1.3135 us/op
WorkloadWarmup   3: 764768 op, 1001135641.00 ns, 1.3091 us/op
WorkloadWarmup   4: 764768 op, 1000883164.00 ns, 1.3087 us/op
WorkloadWarmup   5: 764768 op, 999942145.00 ns, 1.3075 us/op
WorkloadWarmup   6: 764768 op, 998910263.00 ns, 1.3062 us/op

// BeforeActualRun
WorkloadActual   1: 764768 op, 1005370135.00 ns, 1.3146 us/op
WorkloadActual   2: 764768 op, 1000329346.00 ns, 1.3080 us/op
WorkloadActual   3: 764768 op, 999542829.00 ns, 1.3070 us/op
WorkloadActual   4: 764768 op, 999670376.00 ns, 1.3072 us/op
WorkloadActual   5: 764768 op, 999205385.00 ns, 1.3065 us/op
WorkloadActual   6: 764768 op, 1000750108.00 ns, 1.3086 us/op
WorkloadActual   7: 764768 op, 999610666.00 ns, 1.3071 us/op
WorkloadActual   8: 764768 op, 998720891.00 ns, 1.3059 us/op
WorkloadActual   9: 764768 op, 995856334.00 ns, 1.3022 us/op
WorkloadActual  10: 764768 op, 999837515.00 ns, 1.3074 us/op
WorkloadActual  11: 764768 op, 999222823.00 ns, 1.3066 us/op
WorkloadActual  12: 764768 op, 1000260256.00 ns, 1.3079 us/op
WorkloadActual  13: 764768 op, 999187567.00 ns, 1.3065 us/op
WorkloadActual  14: 764768 op, 998920808.00 ns, 1.3062 us/op
WorkloadActual  15: 764768 op, 1000114532.00 ns, 1.3077 us/op

// AfterActualRun
WorkloadResult   1: 764768 op, 1002758570.00 ns, 1.3112 us/op
WorkloadResult   2: 764768 op, 997717781.00 ns, 1.3046 us/op
WorkloadResult   3: 764768 op, 996931264.00 ns, 1.3036 us/op
WorkloadResult   4: 764768 op, 997058811.00 ns, 1.3037 us/op
WorkloadResult   5: 764768 op, 996593820.00 ns, 1.3031 us/op
WorkloadResult   6: 764768 op, 998138543.00 ns, 1.3052 us/op
WorkloadResult   7: 764768 op, 996999101.00 ns, 1.3037 us/op
WorkloadResult   8: 764768 op, 996109326.00 ns, 1.3025 us/op
WorkloadResult   9: 764768 op, 993244769.00 ns, 1.2988 us/op
WorkloadResult  10: 764768 op, 997225950.00 ns, 1.3040 us/op
WorkloadResult  11: 764768 op, 996611258.00 ns, 1.3032 us/op
WorkloadResult  12: 764768 op, 997648691.00 ns, 1.3045 us/op
WorkloadResult  13: 764768 op, 996576002.00 ns, 1.3031 us/op
WorkloadResult  14: 764768 op, 996309243.00 ns, 1.3028 us/op
WorkloadResult  15: 764768 op, 997502967.00 ns, 1.3043 us/op

// AfterAll
// Benchmark Process 4061534 has exited with code 0.

Mean = 1.304 μs, StdErr = 0.001 μs (0.05%), N = 15, StdDev = 0.003 μs
Min = 1.299 μs, Q1 = 1.303 μs, Median = 1.304 μs, Q3 = 1.304 μs, Max = 1.311 μs
IQR = 0.001 μs, LowerFence = 1.301 μs, UpperFence = 1.306 μs
ConfidenceInterval = [1.301 μs; 1.307 μs] (CI 99.9%), Margin = 0.003 μs (0.20% of Mean)
Skewness = 1.09, Kurtosis = 6.08, MValue = 2

// ** Remained 4 (13.3%) benchmark(s) to run. Estimated finish 2025-12-31 20:42 (0h 1m from now) **
// **************************
// Benchmark: JsonSerializationBenchmarks.Newtonsoft_Serialize_Small: Overhead-Fixed-NoEnergy-7(OutlierMode=DontRemove, IterationCount=15, IterationTime=1s, LaunchCount=1, WarmupCount=6)
// *** Execute ***
// Launch: 1 / 1
// Execute: dotnet Serialization.Bench-Overhead-Fixed-NoEnergy-7-1.dll --anonymousPipes 103 104 --benchmarkName Serialization.Bench.JsonSerializationBenchmarks.Newtonsoft_Serialize_Small --job Overhead-Fixed-NoEnergy-7 --benchmarkId 26 in /home/test/rapl-tests/lib-energy-bench/src/Serialization.Bench/bin/Release/net8.0/Serialization.Bench-Overhead-Fixed-NoEnergy-7-1/bin/Release/net8.0
// BeforeAnythingElse

// Benchmark Process Environment Information:
// BenchmarkDotNet v0.15.5-develop (2025-12-31)
// Runtime=.NET 8.0.21 (8.0.21, 8.0.2125.47513), X64 RyuJIT x86-64-v4
// GC=Concurrent Workstation
// HardwareIntrinsics=AVX512 IFMA+VBMI,AVX512 F+BW+CD+DQ+VL,AVX2+BMI1+BMI2+F16C+FMA+LZCNT+MOVBE,AVX,SSE3+SSSE3+SSE4.1+SSE4.2+POPCNT,X86Base+SSE+SSE2,AES+PCLMUL VectorSize=256
// Job: Overhead-Fixed-NoEnergy-7(OutlierMode=DontRemove, IterationCount=15, IterationTime=1s, LaunchCount=1, WarmupCount=6)

OverheadJitting  1: 1 op, 134176.00 ns, 134.1760 us/op
WorkloadJitting  1: 1 op, 38052050.00 ns, 38.0521 ms/op

OverheadJitting  2: 16 op, 399575.00 ns, 24.9734 us/op
WorkloadJitting  2: 16 op, 669213.00 ns, 41.8258 us/op

WorkloadPilot    1: 16 op, 222436.00 ns, 13.9023 us/op
WorkloadPilot    2: 71936 op, 284338567.00 ns, 3.9527 us/op
WorkloadPilot    3: 253008 op, 557270743.00 ns, 2.2026 us/op
WorkloadPilot    4: 454016 op, 1001433360.00 ns, 2.2057 us/op
WorkloadPilot    5: 453376 op, 998130604.00 ns, 2.2016 us/op
WorkloadPilot    6: 454240 op, 1000427179.00 ns, 2.2024 us/op
WorkloadPilot    7: 454048 op, 1003574407.00 ns, 2.2103 us/op

OverheadWarmup   1: 454048 op, 1548635.00 ns, 3.4107 ns/op
OverheadWarmup   2: 454048 op, 1550127.00 ns, 3.4140 ns/op
OverheadWarmup   3: 454048 op, 1543611.00 ns, 3.3997 ns/op
OverheadWarmup   4: 454048 op, 1549601.00 ns, 3.4129 ns/op
OverheadWarmup   5: 454048 op, 1548113.00 ns, 3.4096 ns/op

OverheadActual   1: 454048 op, 1545657.00 ns, 3.4042 ns/op
OverheadActual   2: 454048 op, 1547561.00 ns, 3.4084 ns/op
OverheadActual   3: 454048 op, 1547089.00 ns, 3.4073 ns/op
OverheadActual   4: 454048 op, 1543202.00 ns, 3.3988 ns/op
OverheadActual   5: 454048 op, 1544551.00 ns, 3.4017 ns/op
OverheadActual   6: 454048 op, 1550173.00 ns, 3.4141 ns/op
OverheadActual   7: 454048 op, 1554354.00 ns, 3.4233 ns/op
OverheadActual   8: 454048 op, 1547201.00 ns, 3.4076 ns/op
OverheadActual   9: 454048 op, 1555556.00 ns, 3.4260 ns/op
OverheadActual  10: 454048 op, 1550358.00 ns, 3.4145 ns/op
OverheadActual  11: 454048 op, 1555137.00 ns, 3.4250 ns/op
OverheadActual  12: 454048 op, 1546598.00 ns, 3.4062 ns/op
OverheadActual  13: 454048 op, 1551807.00 ns, 3.4177 ns/op
OverheadActual  14: 454048 op, 1549608.00 ns, 3.4129 ns/op
OverheadActual  15: 454048 op, 1550817.00 ns, 3.4155 ns/op

WorkloadWarmup   1: 454048 op, 1011680947.00 ns, 2.2281 us/op
WorkloadWarmup   2: 454048 op, 1001562224.00 ns, 2.2059 us/op
WorkloadWarmup   3: 454048 op, 1000404470.00 ns, 2.2033 us/op
WorkloadWarmup   4: 454048 op, 996354863.00 ns, 2.1944 us/op
WorkloadWarmup   5: 454048 op, 1011390621.00 ns, 2.2275 us/op
WorkloadWarmup   6: 454048 op, 996548887.00 ns, 2.1948 us/op

// BeforeActualRun
WorkloadActual   1: 454048 op, 1003889298.00 ns, 2.2110 us/op
WorkloadActual   2: 454048 op, 1002788588.00 ns, 2.2086 us/op
WorkloadActual   3: 454048 op, 1004770873.00 ns, 2.2129 us/op
WorkloadActual   4: 454048 op, 1003818725.00 ns, 2.2108 us/op
WorkloadActual   5: 454048 op, 1016616466.00 ns, 2.2390 us/op
WorkloadActual   6: 454048 op, 1014630666.00 ns, 2.2346 us/op
WorkloadActual   7: 454048 op, 1005088007.00 ns, 2.2136 us/op
WorkloadActual   8: 454048 op, 1001731399.00 ns, 2.2062 us/op
WorkloadActual   9: 454048 op, 1002280338.00 ns, 2.2074 us/op
WorkloadActual  10: 454048 op, 1004277525.00 ns, 2.2118 us/op
WorkloadActual  11: 454048 op, 1010984060.00 ns, 2.2266 us/op
WorkloadActual  12: 454048 op, 1011701393.00 ns, 2.2282 us/op
WorkloadActual  13: 454048 op, 1003253775.00 ns, 2.2096 us/op
WorkloadActual  14: 454048 op, 1004955544.00 ns, 2.2133 us/op
WorkloadActual  15: 454048 op, 1011139371.00 ns, 2.2269 us/op

// AfterActualRun
WorkloadResult   1: 454048 op, 1002339690.00 ns, 2.2076 us/op
WorkloadResult   2: 454048 op, 1001238980.00 ns, 2.2051 us/op
WorkloadResult   3: 454048 op, 1003221265.00 ns, 2.2095 us/op
WorkloadResult   4: 454048 op, 1002269117.00 ns, 2.2074 us/op
WorkloadResult   5: 454048 op, 1015066858.00 ns, 2.2356 us/op
WorkloadResult   6: 454048 op, 1013081058.00 ns, 2.2312 us/op
WorkloadResult   7: 454048 op, 1003538399.00 ns, 2.2102 us/op
WorkloadResult   8: 454048 op, 1000181791.00 ns, 2.2028 us/op
WorkloadResult   9: 454048 op, 1000730730.00 ns, 2.2040 us/op
WorkloadResult  10: 454048 op, 1002727917.00 ns, 2.2084 us/op
WorkloadResult  11: 454048 op, 1009434452.00 ns, 2.2232 us/op
WorkloadResult  12: 454048 op, 1010151785.00 ns, 2.2248 us/op
WorkloadResult  13: 454048 op, 1001704167.00 ns, 2.2062 us/op
WorkloadResult  14: 454048 op, 1003405936.00 ns, 2.2099 us/op
WorkloadResult  15: 454048 op, 1009589763.00 ns, 2.2235 us/op

// AfterAll
// Benchmark Process 4061552 has exited with code 0.

Mean = 2.214 μs, StdErr = 0.003 μs (0.12%), N = 15, StdDev = 0.011 μs
Min = 2.203 μs, Q1 = 2.207 μs, Median = 2.210 μs, Q3 = 2.223 μs, Max = 2.236 μs
IQR = 0.017 μs, LowerFence = 2.182 μs, UpperFence = 2.248 μs
ConfidenceInterval = [2.203 μs; 2.225 μs] (CI 99.9%), Margin = 0.011 μs (0.51% of Mean)
Skewness = 0.76, Kurtosis = 1.96, MValue = 2

// ** Remained 3 (10.0%) benchmark(s) to run. Estimated finish 2025-12-31 20:42 (0h 1m from now) **
// **************************
// Benchmark: JsonSerializationBenchmarks.Jil_Serialize_Small: Overhead-Fixed-NoEnergy-7(OutlierMode=DontRemove, IterationCount=15, IterationTime=1s, LaunchCount=1, WarmupCount=6)
// *** Execute ***
// Launch: 1 / 1
// Execute: dotnet Serialization.Bench-Overhead-Fixed-NoEnergy-7-1.dll --anonymousPipes 103 104 --benchmarkName Serialization.Bench.JsonSerializationBenchmarks.Jil_Serialize_Small --job Overhead-Fixed-NoEnergy-7 --benchmarkId 27 in /home/test/rapl-tests/lib-energy-bench/src/Serialization.Bench/bin/Release/net8.0/Serialization.Bench-Overhead-Fixed-NoEnergy-7-1/bin/Release/net8.0
// BeforeAnythingElse

// Benchmark Process Environment Information:
// BenchmarkDotNet v0.15.5-develop (2025-12-31)
// Runtime=.NET 8.0.21 (8.0.21, 8.0.2125.47513), X64 RyuJIT x86-64-v4
// GC=Concurrent Workstation
// HardwareIntrinsics=AVX512 IFMA+VBMI,AVX512 F+BW+CD+DQ+VL,AVX2+BMI1+BMI2+F16C+FMA+LZCNT+MOVBE,AVX,SSE3+SSSE3+SSE4.1+SSE4.2+POPCNT,X86Base+SSE+SSE2,AES+PCLMUL VectorSize=256
// Job: Overhead-Fixed-NoEnergy-7(OutlierMode=DontRemove, IterationCount=15, IterationTime=1s, LaunchCount=1, WarmupCount=6)

OverheadJitting  1: 1 op, 137081.00 ns, 137.0810 us/op
WorkloadJitting  1: 1 op, 106469415.00 ns, 106.4694 ms/op

WorkloadPilot    1: 4 op, 22753.00 ns, 5.6883 us/op
WorkloadPilot    2: 175801 op, 402180389.00 ns, 2.2877 us/op
WorkloadPilot    3: 437120 op, 762573720.00 ns, 1.7445 us/op
WorkloadPilot    4: 573217 op, 996569793.00 ns, 1.7386 us/op
WorkloadPilot    5: 575190 op, 1000803468.00 ns, 1.7400 us/op
WorkloadPilot    6: 574728 op, 1001384333.00 ns, 1.7424 us/op
WorkloadPilot    7: 573933 op, 1004799924.00 ns, 1.7507 us/op

WorkloadWarmup   1: 573933 op, 998745476.00 ns, 1.7402 us/op
WorkloadWarmup   2: 573933 op, 1004192722.00 ns, 1.7497 us/op
WorkloadWarmup   3: 573933 op, 1004534567.00 ns, 1.7503 us/op
WorkloadWarmup   4: 573933 op, 1004218506.00 ns, 1.7497 us/op
WorkloadWarmup   5: 573933 op, 1003975821.00 ns, 1.7493 us/op
WorkloadWarmup   6: 573933 op, 1003795277.00 ns, 1.7490 us/op

// BeforeActualRun
WorkloadActual   1: 573933 op, 997298015.00 ns, 1.7377 us/op
WorkloadActual   2: 573933 op, 1004935166.00 ns, 1.7510 us/op
WorkloadActual   3: 573933 op, 1003994592.00 ns, 1.7493 us/op
WorkloadActual   4: 573933 op, 1005965782.00 ns, 1.7528 us/op
WorkloadActual   5: 573933 op, 1004357777.00 ns, 1.7500 us/op
WorkloadActual   6: 573933 op, 1004522321.00 ns, 1.7502 us/op
WorkloadActual   7: 573933 op, 1003520825.00 ns, 1.7485 us/op
WorkloadActual   8: 573933 op, 1003459384.00 ns, 1.7484 us/op
WorkloadActual   9: 573933 op, 1004386696.00 ns, 1.7500 us/op
WorkloadActual  10: 573933 op, 1002451346.00 ns, 1.7466 us/op
WorkloadActual  11: 573933 op, 1002643556.00 ns, 1.7470 us/op
WorkloadActual  12: 573933 op, 1004123584.00 ns, 1.7495 us/op
WorkloadActual  13: 573933 op, 1002989848.00 ns, 1.7476 us/op
WorkloadActual  14: 573933 op, 1004098572.00 ns, 1.7495 us/op
WorkloadActual  15: 573933 op, 1002981337.00 ns, 1.7476 us/op

// AfterActualRun
WorkloadResult   1: 573933 op, 997298015.00 ns, 1.7377 us/op
WorkloadResult   2: 573933 op, 1004935166.00 ns, 1.7510 us/op
WorkloadResult   3: 573933 op, 1003994592.00 ns, 1.7493 us/op
WorkloadResult   4: 573933 op, 1005965782.00 ns, 1.7528 us/op
WorkloadResult   5: 573933 op, 1004357777.00 ns, 1.7500 us/op
WorkloadResult   6: 573933 op, 1004522321.00 ns, 1.7502 us/op
WorkloadResult   7: 573933 op, 1003520825.00 ns, 1.7485 us/op
WorkloadResult   8: 573933 op, 1003459384.00 ns, 1.7484 us/op
WorkloadResult   9: 573933 op, 1004386696.00 ns, 1.7500 us/op
WorkloadResult  10: 573933 op, 1002451346.00 ns, 1.7466 us/op
WorkloadResult  11: 573933 op, 1002643556.00 ns, 1.7470 us/op
WorkloadResult  12: 573933 op, 1004123584.00 ns, 1.7495 us/op
WorkloadResult  13: 573933 op, 1002989848.00 ns, 1.7476 us/op
WorkloadResult  14: 573933 op, 1004098572.00 ns, 1.7495 us/op
WorkloadResult  15: 573933 op, 1002981337.00 ns, 1.7476 us/op

// AfterAll
// Benchmark Process 4061565 has exited with code 0.

Mean = 1.748 μs, StdErr = 0.001 μs (0.05%), N = 15, StdDev = 0.003 μs
Min = 1.738 μs, Q1 = 1.748 μs, Median = 1.749 μs, Q3 = 1.750 μs, Max = 1.753 μs
IQR = 0.002 μs, LowerFence = 1.744 μs, UpperFence = 1.754 μs
ConfidenceInterval = [1.745 μs; 1.752 μs] (CI 99.9%), Margin = 0.004 μs (0.21% of Mean)
Skewness = -1.94, Kurtosis = 7.02, MValue = 2

// ** Remained 2 (6.7%) benchmark(s) to run. Estimated finish 2025-12-31 20:42 (0h 0m from now) **
// **************************
// Benchmark: JsonSerializationBenchmarks.Utf8Json_Serialize_Small: Overhead-Fixed-NoEnergy-7(OutlierMode=DontRemove, IterationCount=15, IterationTime=1s, LaunchCount=1, WarmupCount=6)
// *** Execute ***
// Launch: 1 / 1
// Execute: dotnet Serialization.Bench-Overhead-Fixed-NoEnergy-7-1.dll --anonymousPipes 103 104 --benchmarkName Serialization.Bench.JsonSerializationBenchmarks.Utf8Json_Serialize_Small --job Overhead-Fixed-NoEnergy-7 --benchmarkId 28 in /home/test/rapl-tests/lib-energy-bench/src/Serialization.Bench/bin/Release/net8.0/Serialization.Bench-Overhead-Fixed-NoEnergy-7-1/bin/Release/net8.0
// BeforeAnythingElse

// Benchmark Process Environment Information:
// BenchmarkDotNet v0.15.5-develop (2025-12-31)
// Runtime=.NET 8.0.21 (8.0.21, 8.0.2125.47513), X64 RyuJIT x86-64-v4
// GC=Concurrent Workstation
// HardwareIntrinsics=AVX512 IFMA+VBMI,AVX512 F+BW+CD+DQ+VL,AVX2+BMI1+BMI2+F16C+FMA+LZCNT+MOVBE,AVX,SSE3+SSSE3+SSE4.1+SSE4.2+POPCNT,X86Base+SSE+SSE2,AES+PCLMUL VectorSize=256
// Job: Overhead-Fixed-NoEnergy-7(OutlierMode=DontRemove, IterationCount=15, IterationTime=1s, LaunchCount=1, WarmupCount=6)

OverheadJitting  1: 1 op, 134944.00 ns, 134.9440 us/op
WorkloadJitting  1: 1 op, 48012187.00 ns, 48.0122 ms/op

OverheadJitting  2: 16 op, 377477.00 ns, 23.5923 us/op
WorkloadJitting  2: 16 op, 541373.00 ns, 33.8358 us/op

WorkloadPilot    1: 16 op, 205855.00 ns, 12.8659 us/op
WorkloadPilot    2: 77728 op, 357689735.00 ns, 4.6018 us/op
WorkloadPilot    3: 217312 op, 193947747.00 ns, 892.4852 ns/op
WorkloadPilot    4: 1120480 op, 986135646.00 ns, 880.1011 ns/op
WorkloadPilot    5: 1136240 op, 1002005489.00 ns, 881.8608 ns/op
WorkloadPilot    6: 1133968 op, 999796622.00 ns, 881.6797 ns/op
WorkloadPilot    7: 1134208 op, 1003374498.00 ns, 884.6477 ns/op
WorkloadPilot    8: 1130400 op, 999732883.00 ns, 884.4063 ns/op
WorkloadPilot    9: 1130704 op, 999797364.00 ns, 884.2255 ns/op
WorkloadPilot   10: 1130944 op, 995188805.00 ns, 879.9629 ns/op
WorkloadPilot   11: 1136416 op, 1000649732.00 ns, 880.5312 ns/op

OverheadWarmup   1: 1136416 op, 3856606.00 ns, 3.3937 ns/op
OverheadWarmup   2: 1136416 op, 3863729.00 ns, 3.3999 ns/op
OverheadWarmup   3: 1136416 op, 3867746.00 ns, 3.4035 ns/op
OverheadWarmup   4: 1136416 op, 3869942.00 ns, 3.4054 ns/op
OverheadWarmup   5: 1136416 op, 3858616.00 ns, 3.3954 ns/op
OverheadWarmup   6: 1136416 op, 3864380.00 ns, 3.4005 ns/op
OverheadWarmup   7: 1136416 op, 3902414.00 ns, 3.4340 ns/op
OverheadWarmup   8: 1136416 op, 3895843.00 ns, 3.4282 ns/op

OverheadActual   1: 1136416 op, 3897583.00 ns, 3.4297 ns/op
OverheadActual   2: 1136416 op, 3908175.00 ns, 3.4390 ns/op
OverheadActual   3: 1136416 op, 3868596.00 ns, 3.4042 ns/op
OverheadActual   4: 1136416 op, 3865783.00 ns, 3.4017 ns/op
OverheadActual   5: 1136416 op, 3861021.00 ns, 3.3975 ns/op
OverheadActual   6: 1136416 op, 3856514.00 ns, 3.3936 ns/op
OverheadActual   7: 1136416 op, 3860674.00 ns, 3.3972 ns/op
OverheadActual   8: 1136416 op, 3860721.00 ns, 3.3973 ns/op
OverheadActual   9: 1136416 op, 3861156.00 ns, 3.3977 ns/op
OverheadActual  10: 1136416 op, 3858498.00 ns, 3.3953 ns/op
OverheadActual  11: 1136416 op, 3861837.00 ns, 3.3983 ns/op
OverheadActual  12: 1136416 op, 3857372.00 ns, 3.3943 ns/op
OverheadActual  13: 1136416 op, 3858150.00 ns, 3.3950 ns/op
OverheadActual  14: 1136416 op, 3859427.00 ns, 3.3961 ns/op
OverheadActual  15: 1136416 op, 3860426.00 ns, 3.3970 ns/op

WorkloadWarmup   1: 1136416 op, 1003399700.00 ns, 882.9510 ns/op
WorkloadWarmup   2: 1136416 op, 1006035607.00 ns, 885.2705 ns/op
WorkloadWarmup   3: 1136416 op, 1002000066.00 ns, 881.7194 ns/op
WorkloadWarmup   4: 1136416 op, 1002284334.00 ns, 881.9696 ns/op
WorkloadWarmup   5: 1136416 op, 1001441046.00 ns, 881.2275 ns/op
WorkloadWarmup   6: 1136416 op, 1002529262.00 ns, 882.1851 ns/op

// BeforeActualRun
WorkloadActual   1: 1136416 op, 1004059994.00 ns, 883.5321 ns/op
WorkloadActual   2: 1136416 op, 1007377058.00 ns, 886.4510 ns/op
WorkloadActual   3: 1136416 op, 1006079905.00 ns, 885.3095 ns/op
WorkloadActual   4: 1136416 op, 1007346442.00 ns, 886.4240 ns/op
WorkloadActual   5: 1136416 op, 1006384976.00 ns, 885.5780 ns/op
WorkloadActual   6: 1136416 op, 1007984896.00 ns, 886.9858 ns/op
WorkloadActual   7: 1136416 op, 1007202263.00 ns, 886.2972 ns/op
WorkloadActual   8: 1136416 op, 1007032384.00 ns, 886.1477 ns/op
WorkloadActual   9: 1136416 op, 1005895780.00 ns, 885.1475 ns/op
WorkloadActual  10: 1136416 op, 1008407513.00 ns, 887.3577 ns/op
WorkloadActual  11: 1136416 op, 1008927473.00 ns, 887.8153 ns/op
WorkloadActual  12: 1136416 op, 1007254442.00 ns, 886.3431 ns/op
WorkloadActual  13: 1136416 op, 1006963325.00 ns, 886.0869 ns/op
WorkloadActual  14: 1136416 op, 1007443933.00 ns, 886.5098 ns/op
WorkloadActual  15: 1136416 op, 1005771337.00 ns, 885.0380 ns/op

// AfterActualRun
WorkloadResult   1: 1136416 op, 1000199273.00 ns, 880.1348 ns/op
WorkloadResult   2: 1136416 op, 1003516337.00 ns, 883.0537 ns/op
WorkloadResult   3: 1136416 op, 1002219184.00 ns, 881.9122 ns/op
WorkloadResult   4: 1136416 op, 1003485721.00 ns, 883.0267 ns/op
WorkloadResult   5: 1136416 op, 1002524255.00 ns, 882.1807 ns/op
WorkloadResult   6: 1136416 op, 1004124175.00 ns, 883.5886 ns/op
WorkloadResult   7: 1136416 op, 1003341542.00 ns, 882.8999 ns/op
WorkloadResult   8: 1136416 op, 1003171663.00 ns, 882.7504 ns/op
WorkloadResult   9: 1136416 op, 1002035059.00 ns, 881.7502 ns/op
WorkloadResult  10: 1136416 op, 1004546792.00 ns, 883.9604 ns/op
WorkloadResult  11: 1136416 op, 1005066752.00 ns, 884.4180 ns/op
WorkloadResult  12: 1136416 op, 1003393721.00 ns, 882.9458 ns/op
WorkloadResult  13: 1136416 op, 1003102604.00 ns, 882.6896 ns/op
WorkloadResult  14: 1136416 op, 1003583212.00 ns, 883.1125 ns/op
WorkloadResult  15: 1136416 op, 1001910616.00 ns, 881.6407 ns/op

// AfterAll
// Benchmark Process 4061578 has exited with code 0.

Mean = 882.671 ns, StdErr = 0.270 ns (0.03%), N = 15, StdDev = 1.046 ns
Min = 880.135 ns, Q1 = 882.046 ns, Median = 882.900 ns, Q3 = 883.083 ns, Max = 884.418 ns
IQR = 1.037 ns, LowerFence = 880.492 ns, UpperFence = 884.638 ns
ConfidenceInterval = [881.553 ns; 883.789 ns] (CI 99.9%), Margin = 1.118 ns (0.13% of Mean)
Skewness = -0.6, Kurtosis = 3.15, MValue = 2

// ** Remained 1 (3.3%) benchmark(s) to run. Estimated finish 2025-12-31 20:42 (0h 0m from now) **
// **************************
// Benchmark: JsonSerializationBenchmarks.SpanJson_Serialize_Small: Overhead-Fixed-NoEnergy-7(OutlierMode=DontRemove, IterationCount=15, IterationTime=1s, LaunchCount=1, WarmupCount=6)
// *** Execute ***
// Launch: 1 / 1
// Execute: dotnet Serialization.Bench-Overhead-Fixed-NoEnergy-7-1.dll --anonymousPipes 103 104 --benchmarkName Serialization.Bench.JsonSerializationBenchmarks.SpanJson_Serialize_Small --job Overhead-Fixed-NoEnergy-7 --benchmarkId 29 in /home/test/rapl-tests/lib-energy-bench/src/Serialization.Bench/bin/Release/net8.0/Serialization.Bench-Overhead-Fixed-NoEnergy-7-1/bin/Release/net8.0
// BeforeAnythingElse

// Benchmark Process Environment Information:
// BenchmarkDotNet v0.15.5-develop (2025-12-31)
// Runtime=.NET 8.0.21 (8.0.21, 8.0.2125.47513), X64 RyuJIT x86-64-v4
// GC=Concurrent Workstation
// HardwareIntrinsics=AVX512 IFMA+VBMI,AVX512 F+BW+CD+DQ+VL,AVX2+BMI1+BMI2+F16C+FMA+LZCNT+MOVBE,AVX,SSE3+SSSE3+SSE4.1+SSE4.2+POPCNT,X86Base+SSE+SSE2,AES+PCLMUL VectorSize=256
// Job: Overhead-Fixed-NoEnergy-7(OutlierMode=DontRemove, IterationCount=15, IterationTime=1s, LaunchCount=1, WarmupCount=6)

OverheadJitting  1: 1 op, 134076.00 ns, 134.0760 us/op
WorkloadJitting  1: 1 op, 59873260.00 ns, 59.8733 ms/op

OverheadJitting  2: 16 op, 375872.00 ns, 23.4920 us/op
WorkloadJitting  2: 16 op, 574323.00 ns, 35.8952 us/op

WorkloadPilot    1: 16 op, 235042.00 ns, 14.6901 us/op
WorkloadPilot    2: 68080 op, 255478612.00 ns, 3.7526 us/op
WorkloadPilot    3: 266480 op, 329037193.00 ns, 1.2348 us/op
WorkloadPilot    4: 809888 op, 990796310.00 ns, 1.2234 us/op
WorkloadPilot    5: 817424 op, 994368319.00 ns, 1.2165 us/op
WorkloadPilot    6: 822064 op, 1004449054.00 ns, 1.2219 us/op
WorkloadPilot    7: 818432 op, 998533883.00 ns, 1.2201 us/op
WorkloadPilot    8: 819648 op, 996349258.00 ns, 1.2156 us/op
WorkloadPilot    9: 822656 op, 1005946181.00 ns, 1.2228 us/op
WorkloadPilot   10: 817808 op, 993267989.00 ns, 1.2145 us/op
WorkloadPilot   11: 823360 op, 1003081058.00 ns, 1.2183 us/op

OverheadWarmup   1: 823360 op, 2812900.00 ns, 3.4164 ns/op
OverheadWarmup   2: 823360 op, 2813198.00 ns, 3.4167 ns/op
OverheadWarmup   3: 823360 op, 2813512.00 ns, 3.4171 ns/op
OverheadWarmup   4: 823360 op, 2806766.00 ns, 3.4089 ns/op
OverheadWarmup   5: 823360 op, 2803945.00 ns, 3.4055 ns/op
OverheadWarmup   6: 823360 op, 2809325.00 ns, 3.4120 ns/op
OverheadWarmup   7: 823360 op, 2805779.00 ns, 3.4077 ns/op

OverheadActual   1: 823360 op, 2808927.00 ns, 3.4115 ns/op
OverheadActual   2: 823360 op, 2804859.00 ns, 3.4066 ns/op
OverheadActual   3: 823360 op, 2816925.00 ns, 3.4213 ns/op
OverheadActual   4: 823360 op, 2819478.00 ns, 3.4244 ns/op
OverheadActual   5: 823360 op, 2807810.00 ns, 3.4102 ns/op
OverheadActual   6: 823360 op, 2806694.00 ns, 3.4088 ns/op
OverheadActual   7: 823360 op, 2808490.00 ns, 3.4110 ns/op
OverheadActual   8: 823360 op, 2806029.00 ns, 3.4080 ns/op
OverheadActual   9: 823360 op, 2808715.00 ns, 3.4113 ns/op
OverheadActual  10: 823360 op, 2806995.00 ns, 3.4092 ns/op
OverheadActual  11: 823360 op, 2804539.00 ns, 3.4062 ns/op
OverheadActual  12: 823360 op, 2809617.00 ns, 3.4124 ns/op
OverheadActual  13: 823360 op, 2806244.00 ns, 3.4083 ns/op
OverheadActual  14: 823360 op, 2823333.00 ns, 3.4290 ns/op
OverheadActual  15: 823360 op, 2806741.00 ns, 3.4089 ns/op

WorkloadWarmup   1: 823360 op, 999479534.00 ns, 1.2139 us/op
WorkloadWarmup   2: 823360 op, 1002895835.00 ns, 1.2181 us/op
WorkloadWarmup   3: 823360 op, 998919962.00 ns, 1.2132 us/op
WorkloadWarmup   4: 823360 op, 1001250427.00 ns, 1.2161 us/op
WorkloadWarmup   5: 823360 op, 996064900.00 ns, 1.2098 us/op
WorkloadWarmup   6: 823360 op, 998112589.00 ns, 1.2122 us/op

// BeforeActualRun
WorkloadActual   1: 823360 op, 1003076287.00 ns, 1.2183 us/op
WorkloadActual   2: 823360 op, 1000700693.00 ns, 1.2154 us/op
WorkloadActual   3: 823360 op, 1003174181.00 ns, 1.2184 us/op
WorkloadActual   4: 823360 op, 999687778.00 ns, 1.2142 us/op
WorkloadActual   5: 823360 op, 1004222697.00 ns, 1.2197 us/op
WorkloadActual   6: 823360 op, 1006437093.00 ns, 1.2224 us/op
WorkloadActual   7: 823360 op, 1004132633.00 ns, 1.2196 us/op
WorkloadActual   8: 823360 op, 1000906557.00 ns, 1.2156 us/op
WorkloadActual   9: 823360 op, 998727928.00 ns, 1.2130 us/op
WorkloadActual  10: 823360 op, 1001508411.00 ns, 1.2164 us/op
WorkloadActual  11: 823360 op, 1002352631.00 ns, 1.2174 us/op
WorkloadActual  12: 823360 op, 1001862226.00 ns, 1.2168 us/op
WorkloadActual  13: 823360 op, 997973185.00 ns, 1.2121 us/op
WorkloadActual  14: 823360 op, 1000541431.00 ns, 1.2152 us/op
WorkloadActual  15: 823360 op, 1003711996.00 ns, 1.2190 us/op

// AfterActualRun
WorkloadResult   1: 823360 op, 1000268477.00 ns, 1.2149 us/op
WorkloadResult   2: 823360 op, 997892883.00 ns, 1.2120 us/op
WorkloadResult   3: 823360 op, 1000366371.00 ns, 1.2150 us/op
WorkloadResult   4: 823360 op, 996879968.00 ns, 1.2107 us/op
WorkloadResult   5: 823360 op, 1001414887.00 ns, 1.2163 us/op
WorkloadResult   6: 823360 op, 1003629283.00 ns, 1.2189 us/op
WorkloadResult   7: 823360 op, 1001324823.00 ns, 1.2161 us/op
WorkloadResult   8: 823360 op, 998098747.00 ns, 1.2122 us/op
WorkloadResult   9: 823360 op, 995920118.00 ns, 1.2096 us/op
WorkloadResult  10: 823360 op, 998700601.00 ns, 1.2130 us/op
WorkloadResult  11: 823360 op, 999544821.00 ns, 1.2140 us/op
WorkloadResult  12: 823360 op, 999054416.00 ns, 1.2134 us/op
WorkloadResult  13: 823360 op, 995165375.00 ns, 1.2087 us/op
WorkloadResult  14: 823360 op, 997733621.00 ns, 1.2118 us/op
WorkloadResult  15: 823360 op, 1000904186.00 ns, 1.2156 us/op

// AfterAll
// Benchmark Process 4061592 has exited with code 0.

Mean = 1.213 μs, StdErr = 0.001 μs (0.06%), N = 15, StdDev = 0.003 μs
Min = 1.209 μs, Q1 = 1.212 μs, Median = 1.213 μs, Q3 = 1.215 μs, Max = 1.219 μs
IQR = 0.003 μs, LowerFence = 1.207 μs, UpperFence = 1.220 μs
ConfidenceInterval = [1.211 μs; 1.216 μs] (CI 99.9%), Margin = 0.003 μs (0.24% of Mean)
Skewness = 0.06, Kurtosis = 2.15, MValue = 2

// ** Remained 0 (0.0%) benchmark(s) to run. Estimated finish 2025-12-31 20:42 (0h 0m from now) **
// ***** BenchmarkRunner: Finish  *****

// * Export *
  Helpers/../BenchmarkArtifacts/results/Serialization.Bench.JsonSerializationBenchmarks-report.csv
  Helpers/../BenchmarkArtifacts/results/Serialization.Bench.JsonSerializationBenchmarks-report-github.md
  Helpers/../BenchmarkArtifacts/results/Serialization.Bench.JsonSerializationBenchmarks-report.html
  Helpers/../BenchmarkArtifacts/results/Serialization.Bench.JsonSerializationBenchmarks-measurements.csv

// * Detailed results *
JsonSerializationBenchmarks.SpanJson_Deserialize_Large: Overhead-Fixed-NoEnergy-7(OutlierMode=DontRemove, IterationCount=15, IterationTime=1s, LaunchCount=1, WarmupCount=6)
Runtime = .NET 8.0.21 (8.0.21, 8.0.2125.47513), X64 RyuJIT x86-64-v4; GC = Concurrent Workstation
Mean = 151.046 μs, StdErr = 0.027 μs (0.02%), N = 15, StdDev = 0.106 μs
Min = 150.913 μs, Q1 = 150.971 μs, Median = 151.020 μs, Q3 = 151.118 μs, Max = 151.241 μs
IQR = 0.146 μs, LowerFence = 150.752 μs, UpperFence = 151.337 μs
ConfidenceInterval = [150.933 μs; 151.160 μs] (CI 99.9%), Margin = 0.114 μs (0.08% of Mean)
Skewness = 0.54, Kurtosis = 1.83, MValue = 2
-------------------- Histogram --------------------
[150.857 μs ; 151.298 μs) | @@@@@@@@@@@@@@@
---------------------------------------------------

JsonSerializationBenchmarks.STJ_Deserialize_Large: Overhead-Fixed-NoEnergy-7(OutlierMode=DontRemove, IterationCount=15, IterationTime=1s, LaunchCount=1, WarmupCount=6)
Runtime = .NET 8.0.21 (8.0.21, 8.0.2125.47513), X64 RyuJIT x86-64-v4; GC = Concurrent Workstation
Mean = 201.579 μs, StdErr = 0.088 μs (0.04%), N = 15, StdDev = 0.339 μs
Min = 201.310 μs, Q1 = 201.384 μs, Median = 201.522 μs, Q3 = 201.583 μs, Max = 202.632 μs
IQR = 0.199 μs, LowerFence = 201.086 μs, UpperFence = 201.882 μs
ConfidenceInterval = [201.216 μs; 201.942 μs] (CI 99.9%), Margin = 0.363 μs (0.18% of Mean)
Skewness = 2, Kurtosis = 6.41, MValue = 2
-------------------- Histogram --------------------
[201.129 μs ; 202.812 μs) | @@@@@@@@@@@@@@@
---------------------------------------------------

JsonSerializationBenchmarks.Jil_Deserialize_Large: Overhead-Fixed-NoEnergy-7(OutlierMode=DontRemove, IterationCount=15, IterationTime=1s, LaunchCount=1, WarmupCount=6)
Runtime = .NET 8.0.21 (8.0.21, 8.0.2125.47513), X64 RyuJIT x86-64-v4; GC = Concurrent Workstation
Mean = 213.720 μs, StdErr = 0.053 μs (0.02%), N = 15, StdDev = 0.205 μs
Min = 213.218 μs, Q1 = 213.628 μs, Median = 213.709 μs, Q3 = 213.818 μs, Max = 214.139 μs
IQR = 0.190 μs, LowerFence = 213.343 μs, UpperFence = 214.104 μs
ConfidenceInterval = [213.501 μs; 213.939 μs] (CI 99.9%), Margin = 0.219 μs (0.10% of Mean)
Skewness = -0.35, Kurtosis = 3.74, MValue = 2
-------------------- Histogram --------------------
[213.109 μs ; 214.248 μs) | @@@@@@@@@@@@@@@
---------------------------------------------------

JsonSerializationBenchmarks.Newtonsoft_Deserialize_Large: Overhead-Fixed-NoEnergy-7(OutlierMode=DontRemove, IterationCount=15, IterationTime=1s, LaunchCount=1, WarmupCount=6)
Runtime = .NET 8.0.21 (8.0.21, 8.0.2125.47513), X64 RyuJIT x86-64-v4; GC = Concurrent Workstation
Mean = 240.137 μs, StdErr = 0.108 μs (0.04%), N = 15, StdDev = 0.416 μs
Min = 239.584 μs, Q1 = 239.780 μs, Median = 240.074 μs, Q3 = 240.454 μs, Max = 240.879 μs
IQR = 0.674 μs, LowerFence = 238.769 μs, UpperFence = 241.466 μs
ConfidenceInterval = [239.692 μs; 240.582 μs] (CI 99.9%), Margin = 0.445 μs (0.19% of Mean)
Skewness = 0.45, Kurtosis = 1.68, MValue = 2
-------------------- Histogram --------------------
[239.362 μs ; 241.101 μs) | @@@@@@@@@@@@@@@
---------------------------------------------------

JsonSerializationBenchmarks.Utf8Json_Deserialize_Large: Overhead-Fixed-NoEnergy-7(OutlierMode=DontRemove, IterationCount=15, IterationTime=1s, LaunchCount=1, WarmupCount=6)
Runtime = .NET 8.0.21 (8.0.21, 8.0.2125.47513), X64 RyuJIT x86-64-v4; GC = Concurrent Workstation
Mean = 274.624 μs, StdErr = 0.076 μs (0.03%), N = 15, StdDev = 0.295 μs
Min = 274.224 μs, Q1 = 274.387 μs, Median = 274.658 μs, Q3 = 274.709 μs, Max = 275.245 μs
IQR = 0.322 μs, LowerFence = 273.903 μs, UpperFence = 275.192 μs
ConfidenceInterval = [274.308 μs; 274.939 μs] (CI 99.9%), Margin = 0.316 μs (0.11% of Mean)
Skewness = 0.58, Kurtosis = 2.23, MValue = 2
-------------------- Histogram --------------------
[274.067 μs ; 275.403 μs) | @@@@@@@@@@@@@@@
---------------------------------------------------

JsonSerializationBenchmarks.SpanJson_Deserialize_Medium: Overhead-Fixed-NoEnergy-7(OutlierMode=DontRemove, IterationCount=15, IterationTime=1s, LaunchCount=1, WarmupCount=6)
Runtime = .NET 8.0.21 (8.0.21, 8.0.2125.47513), X64 RyuJIT x86-64-v4; GC = Concurrent Workstation
Mean = 40.584 μs, StdErr = 0.022 μs (0.06%), N = 15, StdDev = 0.087 μs
Min = 40.458 μs, Q1 = 40.513 μs, Median = 40.595 μs, Q3 = 40.629 μs, Max = 40.756 μs
IQR = 0.116 μs, LowerFence = 40.339 μs, UpperFence = 40.803 μs
ConfidenceInterval = [40.491 μs; 40.678 μs] (CI 99.9%), Margin = 0.093 μs (0.23% of Mean)
Skewness = 0.27, Kurtosis = 2.02, MValue = 2
-------------------- Histogram --------------------
[40.411 μs ; 40.802 μs) | @@@@@@@@@@@@@@@
---------------------------------------------------

JsonSerializationBenchmarks.STJ_Deserialize_Medium: Overhead-Fixed-NoEnergy-7(OutlierMode=DontRemove, IterationCount=15, IterationTime=1s, LaunchCount=1, WarmupCount=6)
Runtime = .NET 8.0.21 (8.0.21, 8.0.2125.47513), X64 RyuJIT x86-64-v4; GC = Concurrent Workstation
Mean = 54.533 μs, StdErr = 0.011 μs (0.02%), N = 15, StdDev = 0.041 μs
Min = 54.459 μs, Q1 = 54.508 μs, Median = 54.528 μs, Q3 = 54.556 μs, Max = 54.626 μs
IQR = 0.047 μs, LowerFence = 54.437 μs, UpperFence = 54.626 μs
ConfidenceInterval = [54.489 μs; 54.576 μs] (CI 99.9%), Margin = 0.044 μs (0.08% of Mean)
Skewness = 0.4, Kurtosis = 2.81, MValue = 2
-------------------- Histogram --------------------
[54.437 μs ; 54.648 μs) | @@@@@@@@@@@@@@@
---------------------------------------------------

JsonSerializationBenchmarks.Jil_Deserialize_Medium: Overhead-Fixed-NoEnergy-7(OutlierMode=DontRemove, IterationCount=15, IterationTime=1s, LaunchCount=1, WarmupCount=6)
Runtime = .NET 8.0.21 (8.0.21, 8.0.2125.47513), X64 RyuJIT x86-64-v4; GC = Concurrent Workstation
Mean = 56.073 μs, StdErr = 0.017 μs (0.03%), N = 15, StdDev = 0.067 μs
Min = 55.947 μs, Q1 = 56.043 μs, Median = 56.061 μs, Q3 = 56.084 μs, Max = 56.246 μs
IQR = 0.041 μs, LowerFence = 55.982 μs, UpperFence = 56.145 μs
ConfidenceInterval = [56.002 μs; 56.144 μs] (CI 99.9%), Margin = 0.071 μs (0.13% of Mean)
Skewness = 0.79, Kurtosis = 4.04, MValue = 2
-------------------- Histogram --------------------
[55.912 μs ; 56.281 μs) | @@@@@@@@@@@@@@@
---------------------------------------------------

JsonSerializationBenchmarks.Utf8Json_Deserialize_Medium: Overhead-Fixed-NoEnergy-7(OutlierMode=DontRemove, IterationCount=15, IterationTime=1s, LaunchCount=1, WarmupCount=6)
Runtime = .NET 8.0.21 (8.0.21, 8.0.2125.47513), X64 RyuJIT x86-64-v4; GC = Concurrent Workstation
Mean = 63.334 μs, StdErr = 0.018 μs (0.03%), N = 15, StdDev = 0.069 μs
Min = 63.229 μs, Q1 = 63.293 μs, Median = 63.331 μs, Q3 = 63.350 μs, Max = 63.514 μs
IQR = 0.057 μs, LowerFence = 63.208 μs, UpperFence = 63.435 μs
ConfidenceInterval = [63.260 μs; 63.408 μs] (CI 99.9%), Margin = 0.074 μs (0.12% of Mean)
Skewness = 0.92, Kurtosis = 3.73, MValue = 2
-------------------- Histogram --------------------
[63.192 μs ; 63.550 μs) | @@@@@@@@@@@@@@@
---------------------------------------------------

JsonSerializationBenchmarks.Newtonsoft_Deserialize_Medium: Overhead-Fixed-NoEnergy-7(OutlierMode=DontRemove, IterationCount=15, IterationTime=1s, LaunchCount=1, WarmupCount=6)
Runtime = .NET 8.0.21 (8.0.21, 8.0.2125.47513), X64 RyuJIT x86-64-v4; GC = Concurrent Workstation
Mean = 67.241 μs, StdErr = 0.045 μs (0.07%), N = 15, StdDev = 0.175 μs
Min = 66.992 μs, Q1 = 67.118 μs, Median = 67.199 μs, Q3 = 67.347 μs, Max = 67.626 μs
IQR = 0.229 μs, LowerFence = 66.775 μs, UpperFence = 67.690 μs
ConfidenceInterval = [67.055 μs; 67.428 μs] (CI 99.9%), Margin = 0.187 μs (0.28% of Mean)
Skewness = 0.44, Kurtosis = 2.28, MValue = 2
-------------------- Histogram --------------------
[66.899 μs ; 67.719 μs) | @@@@@@@@@@@@@@@
---------------------------------------------------

JsonSerializationBenchmarks.SpanJson_Deserialize_Small: Overhead-Fixed-NoEnergy-7(OutlierMode=DontRemove, IterationCount=15, IterationTime=1s, LaunchCount=1, WarmupCount=6)
Runtime = .NET 8.0.21 (8.0.21, 8.0.2125.47513), X64 RyuJIT x86-64-v4; GC = Concurrent Workstation
Mean = 1.163 μs, StdErr = 0.000 μs (0.01%), N = 15, StdDev = 0.001 μs
Min = 1.162 μs, Q1 = 1.163 μs, Median = 1.163 μs, Q3 = 1.164 μs, Max = 1.164 μs
IQR = 0.001 μs, LowerFence = 1.161 μs, UpperFence = 1.165 μs
ConfidenceInterval = [1.163 μs; 1.164 μs] (CI 99.9%), Margin = 0.001 μs (0.06% of Mean)
Skewness = 0.06, Kurtosis = 1.55, MValue = 2
-------------------- Histogram --------------------
[1.162 μs ; 1.165 μs) | @@@@@@@@@@@@@@@
---------------------------------------------------

JsonSerializationBenchmarks.Utf8Json_Deserialize_Small: Overhead-Fixed-NoEnergy-7(OutlierMode=DontRemove, IterationCount=15, IterationTime=1s, LaunchCount=1, WarmupCount=6)
Runtime = .NET 8.0.21 (8.0.21, 8.0.2125.47513), X64 RyuJIT x86-64-v4; GC = Concurrent Workstation
Mean = 2.003 μs, StdErr = 0.001 μs (0.06%), N = 15, StdDev = 0.004 μs
Min = 1.996 μs, Q1 = 2.001 μs, Median = 2.004 μs, Q3 = 2.005 μs, Max = 2.010 μs
IQR = 0.005 μs, LowerFence = 1.994 μs, UpperFence = 2.012 μs
ConfidenceInterval = [1.998 μs; 2.008 μs] (CI 99.9%), Margin = 0.005 μs (0.23% of Mean)
Skewness = -0.1, Kurtosis = 1.94, MValue = 2
-------------------- Histogram --------------------
[1.994 μs ; 2.013 μs) | @@@@@@@@@@@@@@@
---------------------------------------------------

JsonSerializationBenchmarks.STJ_Deserialize_Small: Overhead-Fixed-NoEnergy-7(OutlierMode=DontRemove, IterationCount=15, IterationTime=1s, LaunchCount=1, WarmupCount=6)
Runtime = .NET 8.0.21 (8.0.21, 8.0.2125.47513), X64 RyuJIT x86-64-v4; GC = Concurrent Workstation
Mean = 2.003 μs, StdErr = 0.007 μs (0.35%), N = 15, StdDev = 0.027 μs
Min = 1.994 μs, Q1 = 1.995 μs, Median = 1.996 μs, Q3 = 1.997 μs, Max = 2.100 μs
IQR = 0.002 μs, LowerFence = 1.992 μs, UpperFence = 2.001 μs
ConfidenceInterval = [1.974 μs; 2.032 μs] (CI 99.9%), Margin = 0.029 μs (1.43% of Mean)
Skewness = 3.11, Kurtosis = 11.31, MValue = 2
-------------------- Histogram --------------------
[1.979 μs ; 2.045 μs) | @@@@@@@@@@@@@@
[2.045 μs ; 2.114 μs) | @
---------------------------------------------------

JsonSerializationBenchmarks.Jil_Deserialize_Small: Overhead-Fixed-NoEnergy-7(OutlierMode=DontRemove, IterationCount=15, IterationTime=1s, LaunchCount=1, WarmupCount=6)
Runtime = .NET 8.0.21 (8.0.21, 8.0.2125.47513), X64 RyuJIT x86-64-v4; GC = Concurrent Workstation
Mean = 2.282 μs, StdErr = 0.001 μs (0.03%), N = 15, StdDev = 0.003 μs
Min = 2.278 μs, Q1 = 2.280 μs, Median = 2.283 μs, Q3 = 2.284 μs, Max = 2.287 μs
IQR = 0.004 μs, LowerFence = 2.275 μs, UpperFence = 2.290 μs
ConfidenceInterval = [2.280 μs; 2.285 μs] (CI 99.9%), Margin = 0.003 μs (0.12% of Mean)
Skewness = -0.09, Kurtosis = 1.91, MValue = 2
-------------------- Histogram --------------------
[2.276 μs ; 2.288 μs) | @@@@@@@@@@@@@@@
---------------------------------------------------

JsonSerializationBenchmarks.Newtonsoft_Deserialize_Small: Overhead-Fixed-NoEnergy-7(OutlierMode=DontRemove, IterationCount=15, IterationTime=1s, LaunchCount=1, WarmupCount=6)
Runtime = .NET 8.0.21 (8.0.21, 8.0.2125.47513), X64 RyuJIT x86-64-v4; GC = Concurrent Workstation
Mean = 3.558 μs, StdErr = 0.000 μs (0.01%), N = 15, StdDev = 0.001 μs
Min = 3.557 μs, Q1 = 3.558 μs, Median = 3.558 μs, Q3 = 3.559 μs, Max = 3.561 μs
IQR = 0.001 μs, LowerFence = 3.556 μs, UpperFence = 3.560 μs
ConfidenceInterval = [3.557 μs; 3.560 μs] (CI 99.9%), Margin = 0.001 μs (0.03% of Mean)
Skewness = 0.74, Kurtosis = 2.78, MValue = 2
-------------------- Histogram --------------------
[3.556 μs ; 3.561 μs) | @@@@@@@@@@@@@@@
---------------------------------------------------

JsonSerializationBenchmarks.SpanJson_Serialize_Large: Overhead-Fixed-NoEnergy-7(OutlierMode=DontRemove, IterationCount=15, IterationTime=1s, LaunchCount=1, WarmupCount=6)
Runtime = .NET 8.0.21 (8.0.21, 8.0.2125.47513), X64 RyuJIT x86-64-v4; GC = Concurrent Workstation
Mean = 160.492 μs, StdErr = 1.185 μs (0.74%), N = 15, StdDev = 4.590 μs
Min = 157.014 μs, Q1 = 158.727 μs, Median = 159.200 μs, Q3 = 160.432 μs, Max = 176.147 μs
IQR = 1.705 μs, LowerFence = 156.169 μs, UpperFence = 162.991 μs
ConfidenceInterval = [155.585 μs; 165.399 μs] (CI 99.9%), Margin = 4.907 μs (3.06% of Mean)
Skewness = 2.58, Kurtosis = 9.08, MValue = 2
-------------------- Histogram --------------------
[156.553 μs ; 161.439 μs) | @@@@@@@@@@@@@
[161.439 μs ; 165.425 μs) | @
[165.425 μs ; 170.311 μs) | 
[170.311 μs ; 173.705 μs) | 
[173.705 μs ; 178.590 μs) | @
---------------------------------------------------

JsonSerializationBenchmarks.STJ_Serialize_Large: Overhead-Fixed-NoEnergy-7(OutlierMode=DontRemove, IterationCount=15, IterationTime=1s, LaunchCount=1, WarmupCount=6)
Runtime = .NET 8.0.21 (8.0.21, 8.0.2125.47513), X64 RyuJIT x86-64-v4; GC = Concurrent Workstation
Mean = 187.877 μs, StdErr = 0.057 μs (0.03%), N = 15, StdDev = 0.220 μs
Min = 187.516 μs, Q1 = 187.759 μs, Median = 187.883 μs, Q3 = 187.970 μs, Max = 188.283 μs
IQR = 0.211 μs, LowerFence = 187.442 μs, UpperFence = 188.286 μs
ConfidenceInterval = [187.642 μs; 188.112 μs] (CI 99.9%), Margin = 0.235 μs (0.13% of Mean)
Skewness = 0.17, Kurtosis = 2.16, MValue = 2
-------------------- Histogram --------------------
[187.399 μs ; 188.400 μs) | @@@@@@@@@@@@@@@
---------------------------------------------------

JsonSerializationBenchmarks.Utf8Json_Serialize_Large: Overhead-Fixed-NoEnergy-7(OutlierMode=DontRemove, IterationCount=15, IterationTime=1s, LaunchCount=1, WarmupCount=6)
Runtime = .NET 8.0.21 (8.0.21, 8.0.2125.47513), X64 RyuJIT x86-64-v4; GC = Concurrent Workstation
Mean = 276.769 μs, StdErr = 0.367 μs (0.13%), N = 15, StdDev = 1.423 μs
Min = 275.510 μs, Q1 = 276.063 μs, Median = 276.300 μs, Q3 = 276.939 μs, Max = 281.363 μs
IQR = 0.876 μs, LowerFence = 274.750 μs, UpperFence = 278.253 μs
ConfidenceInterval = [275.248 μs; 278.290 μs] (CI 99.9%), Margin = 1.521 μs (0.55% of Mean)
Skewness = 2.14, Kurtosis = 7.36, MValue = 2
-------------------- Histogram --------------------
[274.752 μs ; 282.120 μs) | @@@@@@@@@@@@@@@
---------------------------------------------------

JsonSerializationBenchmarks.Jil_Serialize_Large: Overhead-Fixed-NoEnergy-7(OutlierMode=DontRemove, IterationCount=15, IterationTime=1s, LaunchCount=1, WarmupCount=6)
Runtime = .NET 8.0.21 (8.0.21, 8.0.2125.47513), X64 RyuJIT x86-64-v4; GC = Concurrent Workstation
Mean = 286.383 μs, StdErr = 0.089 μs (0.03%), N = 15, StdDev = 0.347 μs
Min = 286.080 μs, Q1 = 286.174 μs, Median = 286.282 μs, Q3 = 286.379 μs, Max = 287.304 μs
IQR = 0.204 μs, LowerFence = 285.868 μs, UpperFence = 286.685 μs
ConfidenceInterval = [286.013 μs; 286.754 μs] (CI 99.9%), Margin = 0.371 μs (0.13% of Mean)
Skewness = 1.52, Kurtosis = 4.13, MValue = 2
-------------------- Histogram --------------------
[285.896 μs ; 287.488 μs) | @@@@@@@@@@@@@@@
---------------------------------------------------

JsonSerializationBenchmarks.Newtonsoft_Serialize_Large: Overhead-Fixed-NoEnergy-7(OutlierMode=DontRemove, IterationCount=15, IterationTime=1s, LaunchCount=1, WarmupCount=6)
Runtime = .NET 8.0.21 (8.0.21, 8.0.2125.47513), X64 RyuJIT x86-64-v4; GC = Concurrent Workstation
Mean = 309.070 μs, StdErr = 0.126 μs (0.04%), N = 15, StdDev = 0.489 μs
Min = 308.682 μs, Q1 = 308.813 μs, Median = 308.888 μs, Q3 = 309.097 μs, Max = 310.381 μs
IQR = 0.284 μs, LowerFence = 308.387 μs, UpperFence = 309.524 μs
ConfidenceInterval = [308.547 μs; 309.593 μs] (CI 99.9%), Margin = 0.523 μs (0.17% of Mean)
Skewness = 1.59, Kurtosis = 4.31, MValue = 2
-------------------- Histogram --------------------
[308.422 μs ; 310.642 μs) | @@@@@@@@@@@@@@@
---------------------------------------------------

JsonSerializationBenchmarks.Jil_Serialize_Medium: Overhead-Fixed-NoEnergy-7(OutlierMode=DontRemove, IterationCount=15, IterationTime=1s, LaunchCount=1, WarmupCount=6)
Runtime = .NET 8.0.21 (8.0.21, 8.0.2125.47513), X64 RyuJIT x86-64-v4; GC = Concurrent Workstation
Mean = 37.294 μs, StdErr = 0.068 μs (0.18%), N = 15, StdDev = 0.263 μs
Min = 36.753 μs, Q1 = 37.097 μs, Median = 37.408 μs, Q3 = 37.469 μs, Max = 37.683 μs
IQR = 0.372 μs, LowerFence = 36.540 μs, UpperFence = 38.026 μs
ConfidenceInterval = [37.013 μs; 37.575 μs] (CI 99.9%), Margin = 0.281 μs (0.75% of Mean)
Skewness = -0.56, Kurtosis = 2.04, MValue = 2
-------------------- Histogram --------------------
[36.613 μs ; 37.766 μs) | @@@@@@@@@@@@@@@
---------------------------------------------------

JsonSerializationBenchmarks.SpanJson_Serialize_Medium: Overhead-Fixed-NoEnergy-7(OutlierMode=DontRemove, IterationCount=15, IterationTime=1s, LaunchCount=1, WarmupCount=6)
Runtime = .NET 8.0.21 (8.0.21, 8.0.2125.47513), X64 RyuJIT x86-64-v4; GC = Concurrent Workstation
Mean = 38.949 μs, StdErr = 0.089 μs (0.23%), N = 15, StdDev = 0.344 μs
Min = 38.135 μs, Q1 = 38.906 μs, Median = 39.027 μs, Q3 = 39.147 μs, Max = 39.295 μs
IQR = 0.241 μs, LowerFence = 38.545 μs, UpperFence = 39.509 μs
ConfidenceInterval = [38.581 μs; 39.317 μs] (CI 99.9%), Margin = 0.368 μs (0.94% of Mean)
Skewness = -1.28, Kurtosis = 3.45, MValue = 2
-------------------- Histogram --------------------
[37.952 μs ; 39.478 μs) | @@@@@@@@@@@@@@@
---------------------------------------------------

JsonSerializationBenchmarks.STJ_Serialize_Medium: Overhead-Fixed-NoEnergy-7(OutlierMode=DontRemove, IterationCount=15, IterationTime=1s, LaunchCount=1, WarmupCount=6)
Runtime = .NET 8.0.21 (8.0.21, 8.0.2125.47513), X64 RyuJIT x86-64-v4; GC = Concurrent Workstation
Mean = 44.410 μs, StdErr = 0.027 μs (0.06%), N = 15, StdDev = 0.106 μs
Min = 44.189 μs, Q1 = 44.366 μs, Median = 44.466 μs, Q3 = 44.480 μs, Max = 44.512 μs
IQR = 0.115 μs, LowerFence = 44.193 μs, UpperFence = 44.652 μs
ConfidenceInterval = [44.297 μs; 44.524 μs] (CI 99.9%), Margin = 0.114 μs (0.26% of Mean)
Skewness = -0.96, Kurtosis = 2.2, MValue = 2
-------------------- Histogram --------------------
[44.132 μs ; 44.568 μs) | @@@@@@@@@@@@@@@
---------------------------------------------------

JsonSerializationBenchmarks.Newtonsoft_Serialize_Medium: Overhead-Fixed-NoEnergy-7(OutlierMode=DontRemove, IterationCount=15, IterationTime=1s, LaunchCount=1, WarmupCount=6)
Runtime = .NET 8.0.21 (8.0.21, 8.0.2125.47513), X64 RyuJIT x86-64-v4; GC = Concurrent Workstation
Mean = 51.178 μs, StdErr = 0.039 μs (0.08%), N = 15, StdDev = 0.150 μs
Min = 50.902 μs, Q1 = 51.107 μs, Median = 51.225 μs, Q3 = 51.284 μs, Max = 51.431 μs
IQR = 0.176 μs, LowerFence = 50.842 μs, UpperFence = 51.548 μs
ConfidenceInterval = [51.018 μs; 51.339 μs] (CI 99.9%), Margin = 0.161 μs (0.31% of Mean)
Skewness = -0.41, Kurtosis = 2.11, MValue = 2
-------------------- Histogram --------------------
[50.822 μs ; 51.511 μs) | @@@@@@@@@@@@@@@
---------------------------------------------------

JsonSerializationBenchmarks.Utf8Json_Serialize_Medium: Overhead-Fixed-NoEnergy-7(OutlierMode=DontRemove, IterationCount=15, IterationTime=1s, LaunchCount=1, WarmupCount=6)
Runtime = .NET 8.0.21 (8.0.21, 8.0.2125.47513), X64 RyuJIT x86-64-v4; GC = Concurrent Workstation
Mean = 58.368 μs, StdErr = 0.116 μs (0.20%), N = 15, StdDev = 0.451 μs
Min = 57.626 μs, Q1 = 58.025 μs, Median = 58.327 μs, Q3 = 58.779 μs, Max = 59.056 μs
IQR = 0.755 μs, LowerFence = 56.893 μs, UpperFence = 59.911 μs
ConfidenceInterval = [57.886 μs; 58.850 μs] (CI 99.9%), Margin = 0.482 μs (0.83% of Mean)
Skewness = -0.16, Kurtosis = 1.55, MValue = 2
-------------------- Histogram --------------------
[57.386 μs ; 59.296 μs) | @@@@@@@@@@@@@@@
---------------------------------------------------

JsonSerializationBenchmarks.Utf8Json_Serialize_Small: Overhead-Fixed-NoEnergy-7(OutlierMode=DontRemove, IterationCount=15, IterationTime=1s, LaunchCount=1, WarmupCount=6)
Runtime = .NET 8.0.21 (8.0.21, 8.0.2125.47513), X64 RyuJIT x86-64-v4; GC = Concurrent Workstation
Mean = 882.671 ns, StdErr = 0.270 ns (0.03%), N = 15, StdDev = 1.046 ns
Min = 880.135 ns, Q1 = 882.046 ns, Median = 882.900 ns, Q3 = 883.083 ns, Max = 884.418 ns
IQR = 1.037 ns, LowerFence = 880.492 ns, UpperFence = 884.638 ns
ConfidenceInterval = [881.553 ns; 883.789 ns] (CI 99.9%), Margin = 1.118 ns (0.13% of Mean)
Skewness = -0.6, Kurtosis = 3.15, MValue = 2
-------------------- Histogram --------------------
[879.578 ns ; 884.975 ns) | @@@@@@@@@@@@@@@
---------------------------------------------------

JsonSerializationBenchmarks.SpanJson_Serialize_Small: Overhead-Fixed-NoEnergy-7(OutlierMode=DontRemove, IterationCount=15, IterationTime=1s, LaunchCount=1, WarmupCount=6)
Runtime = .NET 8.0.21 (8.0.21, 8.0.2125.47513), X64 RyuJIT x86-64-v4; GC = Concurrent Workstation
Mean = 1.213 μs, StdErr = 0.001 μs (0.06%), N = 15, StdDev = 0.003 μs
Min = 1.209 μs, Q1 = 1.212 μs, Median = 1.213 μs, Q3 = 1.215 μs, Max = 1.219 μs
IQR = 0.003 μs, LowerFence = 1.207 μs, UpperFence = 1.220 μs
ConfidenceInterval = [1.211 μs; 1.216 μs] (CI 99.9%), Margin = 0.003 μs (0.24% of Mean)
Skewness = 0.06, Kurtosis = 2.15, MValue = 2
-------------------- Histogram --------------------
[1.207 μs ; 1.220 μs) | @@@@@@@@@@@@@@@
---------------------------------------------------

JsonSerializationBenchmarks.STJ_Serialize_Small: Overhead-Fixed-NoEnergy-7(OutlierMode=DontRemove, IterationCount=15, IterationTime=1s, LaunchCount=1, WarmupCount=6)
Runtime = .NET 8.0.21 (8.0.21, 8.0.2125.47513), X64 RyuJIT x86-64-v4; GC = Concurrent Workstation
Mean = 1.304 μs, StdErr = 0.001 μs (0.05%), N = 15, StdDev = 0.003 μs
Min = 1.299 μs, Q1 = 1.303 μs, Median = 1.304 μs, Q3 = 1.304 μs, Max = 1.311 μs
IQR = 0.001 μs, LowerFence = 1.301 μs, UpperFence = 1.306 μs
ConfidenceInterval = [1.301 μs; 1.307 μs] (CI 99.9%), Margin = 0.003 μs (0.20% of Mean)
Skewness = 1.09, Kurtosis = 6.08, MValue = 2
-------------------- Histogram --------------------
[1.297 μs ; 1.313 μs) | @@@@@@@@@@@@@@@
---------------------------------------------------

JsonSerializationBenchmarks.Jil_Serialize_Small: Overhead-Fixed-NoEnergy-7(OutlierMode=DontRemove, IterationCount=15, IterationTime=1s, LaunchCount=1, WarmupCount=6)
Runtime = .NET 8.0.21 (8.0.21, 8.0.2125.47513), X64 RyuJIT x86-64-v4; GC = Concurrent Workstation
Mean = 1.748 μs, StdErr = 0.001 μs (0.05%), N = 15, StdDev = 0.003 μs
Min = 1.738 μs, Q1 = 1.748 μs, Median = 1.749 μs, Q3 = 1.750 μs, Max = 1.753 μs
IQR = 0.002 μs, LowerFence = 1.744 μs, UpperFence = 1.754 μs
ConfidenceInterval = [1.745 μs; 1.752 μs] (CI 99.9%), Margin = 0.004 μs (0.21% of Mean)
Skewness = -1.94, Kurtosis = 7.02, MValue = 2
-------------------- Histogram --------------------
[1.736 μs ; 1.755 μs) | @@@@@@@@@@@@@@@
---------------------------------------------------

JsonSerializationBenchmarks.Newtonsoft_Serialize_Small: Overhead-Fixed-NoEnergy-7(OutlierMode=DontRemove, IterationCount=15, IterationTime=1s, LaunchCount=1, WarmupCount=6)
Runtime = .NET 8.0.21 (8.0.21, 8.0.2125.47513), X64 RyuJIT x86-64-v4; GC = Concurrent Workstation
Mean = 2.214 μs, StdErr = 0.003 μs (0.12%), N = 15, StdDev = 0.011 μs
Min = 2.203 μs, Q1 = 2.207 μs, Median = 2.210 μs, Q3 = 2.223 μs, Max = 2.236 μs
IQR = 0.017 μs, LowerFence = 2.182 μs, UpperFence = 2.248 μs
ConfidenceInterval = [2.203 μs; 2.225 μs] (CI 99.9%), Margin = 0.011 μs (0.51% of Mean)
Skewness = 0.76, Kurtosis = 1.96, MValue = 2
-------------------- Histogram --------------------
[2.197 μs ; 2.241 μs) | @@@@@@@@@@@@@@@
---------------------------------------------------

// * Summary *

BenchmarkDotNet v0.15.5-develop (2025-12-31), Linux Ubuntu 24.04.3 LTS (Noble Numbat)
11th Gen Intel Core i7-11700KF 3.60GHz (Max: 0.80GHz), 1 CPU, 16 logical and 8 physical cores
.NET SDK 8.0.121
  [Host]                    : .NET 8.0.21 (8.0.21, 8.0.2125.47513), X64 RyuJIT x86-64-v4
  Overhead-Fixed-NoEnergy-7 : .NET 8.0.21 (8.0.21, 8.0.2125.47513), X64 RyuJIT x86-64-v4

Job=Overhead-Fixed-NoEnergy-7  OutlierMode=DontRemove  IterationCount=15  
IterationTime=1s  LaunchCount=1  WarmupCount=6  

| Method                        | Mean         | Error       | StdDev      | Operations | Iterations | Ratio | MannWhitney(3%) | RatioSD | Rank |
|------------------------------ |-------------:|------------:|------------:|-----------:|-----------:|------:|---------------- |--------:|-----:|
| SpanJson_Deserialize_Large    | 151,046.2 ns |   113.65 ns |   106.31 ns |      6,637 |      15.00 |  0.75 | Faster          |    0.00 |    1 |
| STJ_Deserialize_Large         | 201,578.9 ns |   362.73 ns |   339.29 ns |      4,976 |      15.00 |  1.00 | Baseline        |    0.00 |    2 |
| Jil_Deserialize_Large         | 213,719.9 ns |   218.93 ns |   204.78 ns |      4,675 |      15.00 |  1.06 | Slower          |    0.00 |    3 |
| Newtonsoft_Deserialize_Large  | 240,136.7 ns |   445.14 ns |   416.39 ns |      4,176 |      15.00 |  1.19 | Slower          |    0.00 |    4 |
| Utf8Json_Deserialize_Large    | 274,623.7 ns |   315.73 ns |   295.33 ns |      3,616 |      15.00 |  1.36 | Slower          |    0.00 |    5 |
|                               |              |             |             |            |            |       |                 |         |      |
| SpanJson_Deserialize_Medium   |  40,584.5 ns |    93.08 ns |    87.07 ns |     24,616 |      15.00 |  0.74 | Faster          |    0.00 |    1 |
| STJ_Deserialize_Medium        |  54,532.7 ns |    43.74 ns |    40.91 ns |     18,432 |      15.00 |  1.00 | Baseline        |    0.00 |    2 |
| Jil_Deserialize_Medium        |  56,073.0 ns |    71.22 ns |    66.62 ns |     17,835 |      15.00 |  1.03 | Same            |    0.00 |    3 |
| Utf8Json_Deserialize_Medium   |  63,333.9 ns |    73.77 ns |    69.01 ns |     15,776 |      15.00 |  1.16 | Slower          |    0.00 |    4 |
| Newtonsoft_Deserialize_Medium |  67,241.4 ns |   186.84 ns |   174.77 ns |     14,960 |      15.00 |  1.23 | Slower          |    0.00 |    5 |
|                               |              |             |             |            |            |       |                 |         |      |
| SpanJson_Deserialize_Small    |   1,163.2 ns |     0.67 ns |     0.62 ns |    858,656 |      15.00 |  0.58 | Faster          |    0.01 |    1 |
| Utf8Json_Deserialize_Small    |   2,003.0 ns |     4.63 ns |     4.33 ns |    498,160 |      15.00 |  1.00 | Same            |    0.01 |    2 |
| STJ_Deserialize_Small         |   2,003.1 ns |    28.63 ns |    26.79 ns |    500,784 |      15.00 |  1.00 | Baseline        |    0.02 |    2 |
| Jil_Deserialize_Small         |   2,282.3 ns |     2.76 ns |     2.58 ns |    439,163 |      15.00 |  1.14 | Slower          |    0.01 |    3 |
| Newtonsoft_Deserialize_Small  |   3,558.5 ns |     1.15 ns |     1.07 ns |    281,120 |      15.00 |  1.78 | Slower          |    0.02 |    4 |
|                               |              |             |             |            |            |       |                 |         |      |
| SpanJson_Serialize_Large      | 160,491.9 ns | 4,906.83 ns | 4,589.86 ns |      6,312 |      15.00 |  0.85 | Faster          |    0.02 |    1 |
| STJ_Serialize_Large           | 187,877.0 ns |   235.01 ns |   219.83 ns |      5,344 |      15.00 |  1.00 | Baseline        |    0.00 |    2 |
| Utf8Json_Serialize_Large      | 276,768.9 ns | 1,521.39 ns | 1,423.11 ns |      3,600 |      15.00 |  1.47 | Slower          |    0.01 |    3 |
| Jil_Serialize_Large           | 286,383.3 ns |   370.50 ns |   346.57 ns |      3,512 |      15.00 |  1.52 | Slower          |    0.00 |    4 |
| Newtonsoft_Serialize_Large    | 309,069.8 ns |   522.98 ns |   489.20 ns |      3,232 |      15.00 |  1.65 | Slower          |    0.00 |    5 |
|                               |              |             |             |            |            |       |                 |         |      |
| Jil_Serialize_Medium          |  37,294.0 ns |   281.19 ns |   263.02 ns |     26,967 |      15.00 |  0.84 | Faster          |    0.01 |    1 |
| SpanJson_Serialize_Medium     |  38,948.9 ns |   367.81 ns |   344.05 ns |     25,946 |      15.00 |  0.88 | Faster          |    0.01 |    2 |
| STJ_Serialize_Medium          |  44,410.1 ns |   113.52 ns |   106.19 ns |     22,480 |      15.00 |  1.00 | Baseline        |    0.00 |    3 |
| Newtonsoft_Serialize_Medium   |  51,178.2 ns |   160.66 ns |   150.28 ns |     19,632 |      15.00 |  1.15 | Slower          |    0.00 |    4 |
| Utf8Json_Serialize_Medium     |  58,368.1 ns |   481.90 ns |   450.77 ns |     17,392 |      15.00 |  1.31 | Slower          |    0.01 |    5 |
|                               |              |             |             |            |            |       |                 |         |      |
| Utf8Json_Serialize_Small      |     882.7 ns |     1.12 ns |     1.05 ns |  1,136,416 |      15.00 |  0.68 | Faster          |    0.00 |    1 |
| SpanJson_Serialize_Small      |   1,213.5 ns |     2.95 ns |     2.76 ns |    823,360 |      15.00 |  0.93 | Faster          |    0.00 |    2 |
| STJ_Serialize_Small           |   1,303.9 ns |     2.67 ns |     2.50 ns |    764,768 |      15.00 |  1.00 | Baseline        |    0.00 |    3 |
| Jil_Serialize_Small           |   1,748.4 ns |     3.61 ns |     3.37 ns |    573,933 |      15.00 |  1.34 | Slower          |    0.00 |    4 |
| Newtonsoft_Serialize_Small    |   2,214.0 ns |    11.38 ns |    10.64 ns |    454,048 |      15.00 |  1.70 | Slower          |    0.01 |    5 |

// * Hints *
Outliers
  JsonSerializationBenchmarks.STJ_Deserialize_Large: Overhead-Fixed-NoEnergy-7        -> 2 outliers were detected (202.00 μs, 202.64 μs)
  JsonSerializationBenchmarks.Jil_Deserialize_Large: Overhead-Fixed-NoEnergy-7        -> 2 outliers were detected (213.22 μs, 214.14 μs)
  JsonSerializationBenchmarks.Utf8Json_Deserialize_Large: Overhead-Fixed-NoEnergy-7   -> 1 outlier  was  detected (275.25 μs)
  JsonSerializationBenchmarks.Jil_Deserialize_Medium: Overhead-Fixed-NoEnergy-7       -> 3 outliers were detected (55.95 μs, 56.15 μs, 56.25 μs)
  JsonSerializationBenchmarks.Utf8Json_Deserialize_Medium: Overhead-Fixed-NoEnergy-7  -> 1 outlier  was  detected (63.52 μs)
  JsonSerializationBenchmarks.STJ_Deserialize_Small: Overhead-Fixed-NoEnergy-7        -> 1 outlier  was  detected (2.10 μs)
  JsonSerializationBenchmarks.Newtonsoft_Deserialize_Small: Overhead-Fixed-NoEnergy-7 -> 2 outliers were detected (3.56 μs, 3.56 μs)
  JsonSerializationBenchmarks.SpanJson_Serialize_Large: Overhead-Fixed-NoEnergy-7     -> 1 outlier  was  detected (176.15 μs)
  JsonSerializationBenchmarks.Utf8Json_Serialize_Large: Overhead-Fixed-NoEnergy-7     -> 1 outlier  was  detected (281.37 μs)
  JsonSerializationBenchmarks.Jil_Serialize_Large: Overhead-Fixed-NoEnergy-7          -> 2 outliers were detected (287.01 μs, 287.30 μs)
  JsonSerializationBenchmarks.Newtonsoft_Serialize_Large: Overhead-Fixed-NoEnergy-7   -> 2 outliers were detected (309.97 μs, 310.38 μs)
  JsonSerializationBenchmarks.SpanJson_Serialize_Medium: Overhead-Fixed-NoEnergy-7    -> 2 outliers were detected (38.14 μs, 38.24 μs)
  JsonSerializationBenchmarks.STJ_Serialize_Medium: Overhead-Fixed-NoEnergy-7         -> 1 outlier  was  detected (44.19 μs)
  JsonSerializationBenchmarks.Utf8Json_Serialize_Small: Overhead-Fixed-NoEnergy-7     -> 1 outlier  was  detected (883.53 ns)
  JsonSerializationBenchmarks.STJ_Serialize_Small: Overhead-Fixed-NoEnergy-7          -> 2 outliers were detected (1.30 μs, 1.31 μs)
  JsonSerializationBenchmarks.Jil_Serialize_Small: Overhead-Fixed-NoEnergy-7          -> 1 outlier  was  detected (1.74 μs)

// * Legends *
  Mean            : Arithmetic mean of all measurements
  Error           : Half of 99.9% confidence interval
  StdDev          : Standard deviation of all measurements
  Operations      : Actual invocations per measured iteration (from measurements)
  Iterations      : Number of target iterations
  Ratio           : Mean of the ratio distribution ([Current]/[Baseline])
  MannWhitney(3%) : MannWhitney-based equivalence test (threshold=3%, alpha = 1E-05)
  RatioSD         : Standard deviation of the ratio distribution ([Current]/[Baseline])
  Rank            : Relative position of current benchmark mean among all benchmarks (Arabic style)
  1 ns            : 1 Nanosecond (0.000000001 sec)

// ***** BenchmarkRunner: End *****
Run time: 00:13:38 (818.22 sec), executed benchmarks: 30

Global total time: 00:13:48 (828.96 sec), executed benchmarks: 30
// * Artifacts cleanup *
Artifacts cleanup is finished
