// Validating benchmarks:
// ***** BenchmarkRunner: Start   *****
// ***** Found 30 benchmark(s) in total *****
// ***** Building 1 exe(s) in Parallel: Start   *****
// start dotnet  restore --nodeReuse:false /p:UseSharedCompilation=false /p:Deterministic=true /p:Optimize=true /p:ArtifactsPath="/home/test/rapl-tests/lib-energy-bench/src/Serialization.Bench/bin/Release/net8.0/Serialization.Bench-Overhead-Fixed-Energy-3-1/" /p:OutDir="/home/test/rapl-tests/lib-energy-bench/src/Serialization.Bench/bin/Release/net8.0/Serialization.Bench-Overhead-Fixed-Energy-3-1/bin/Release/net8.0/" /p:OutputPath="/home/test/rapl-tests/lib-energy-bench/src/Serialization.Bench/bin/Release/net8.0/Serialization.Bench-Overhead-Fixed-Energy-3-1/bin/Release/net8.0/" /p:PublishDir="/home/test/rapl-tests/lib-energy-bench/src/Serialization.Bench/bin/Release/net8.0/Serialization.Bench-Overhead-Fixed-Energy-3-1/publish/" in /home/test/rapl-tests/lib-energy-bench/src/Serialization.Bench/bin/Release/net8.0/Serialization.Bench-Overhead-Fixed-Energy-3-1
// command took 1.03 sec and exited with 0
// start dotnet  build -c Release --no-restore --nodeReuse:false /p:UseSharedCompilation=false /p:Deterministic=true /p:Optimize=true /p:ArtifactsPath="/home/test/rapl-tests/lib-energy-bench/src/Serialization.Bench/bin/Release/net8.0/Serialization.Bench-Overhead-Fixed-Energy-3-1/" /p:OutDir="/home/test/rapl-tests/lib-energy-bench/src/Serialization.Bench/bin/Release/net8.0/Serialization.Bench-Overhead-Fixed-Energy-3-1/bin/Release/net8.0/" /p:OutputPath="/home/test/rapl-tests/lib-energy-bench/src/Serialization.Bench/bin/Release/net8.0/Serialization.Bench-Overhead-Fixed-Energy-3-1/bin/Release/net8.0/" /p:PublishDir="/home/test/rapl-tests/lib-energy-bench/src/Serialization.Bench/bin/Release/net8.0/Serialization.Bench-Overhead-Fixed-Energy-3-1/publish/" --output "/home/test/rapl-tests/lib-energy-bench/src/Serialization.Bench/bin/Release/net8.0/Serialization.Bench-Overhead-Fixed-Energy-3-1/bin/Release/net8.0/" in /home/test/rapl-tests/lib-energy-bench/src/Serialization.Bench/bin/Release/net8.0/Serialization.Bench-Overhead-Fixed-Energy-3-1
// command took 9.33 sec and exited with 0
// ***** Done, took 00:00:10 (10.41 sec)   *****
// Found 30 benchmarks:
//   JsonSerializationBenchmarks.STJ_Deserialize_Large: Overhead-Fixed-Energy-3(OutlierMode=DontRemove, IterationCount=15, IterationTime=1s, LaunchCount=1, WarmupCount=6)
//   JsonSerializationBenchmarks.Newtonsoft_Deserialize_Large: Overhead-Fixed-Energy-3(OutlierMode=DontRemove, IterationCount=15, IterationTime=1s, LaunchCount=1, WarmupCount=6)
//   JsonSerializationBenchmarks.Jil_Deserialize_Large: Overhead-Fixed-Energy-3(OutlierMode=DontRemove, IterationCount=15, IterationTime=1s, LaunchCount=1, WarmupCount=6)
//   JsonSerializationBenchmarks.Utf8Json_Deserialize_Large: Overhead-Fixed-Energy-3(OutlierMode=DontRemove, IterationCount=15, IterationTime=1s, LaunchCount=1, WarmupCount=6)
//   JsonSerializationBenchmarks.SpanJson_Deserialize_Large: Overhead-Fixed-Energy-3(OutlierMode=DontRemove, IterationCount=15, IterationTime=1s, LaunchCount=1, WarmupCount=6)
//   JsonSerializationBenchmarks.STJ_Deserialize_Medium: Overhead-Fixed-Energy-3(OutlierMode=DontRemove, IterationCount=15, IterationTime=1s, LaunchCount=1, WarmupCount=6)
//   JsonSerializationBenchmarks.Newtonsoft_Deserialize_Medium: Overhead-Fixed-Energy-3(OutlierMode=DontRemove, IterationCount=15, IterationTime=1s, LaunchCount=1, WarmupCount=6)
//   JsonSerializationBenchmarks.Jil_Deserialize_Medium: Overhead-Fixed-Energy-3(OutlierMode=DontRemove, IterationCount=15, IterationTime=1s, LaunchCount=1, WarmupCount=6)
//   JsonSerializationBenchmarks.Utf8Json_Deserialize_Medium: Overhead-Fixed-Energy-3(OutlierMode=DontRemove, IterationCount=15, IterationTime=1s, LaunchCount=1, WarmupCount=6)
//   JsonSerializationBenchmarks.SpanJson_Deserialize_Medium: Overhead-Fixed-Energy-3(OutlierMode=DontRemove, IterationCount=15, IterationTime=1s, LaunchCount=1, WarmupCount=6)
//   JsonSerializationBenchmarks.STJ_Deserialize_Small: Overhead-Fixed-Energy-3(OutlierMode=DontRemove, IterationCount=15, IterationTime=1s, LaunchCount=1, WarmupCount=6)
//   JsonSerializationBenchmarks.Newtonsoft_Deserialize_Small: Overhead-Fixed-Energy-3(OutlierMode=DontRemove, IterationCount=15, IterationTime=1s, LaunchCount=1, WarmupCount=6)
//   JsonSerializationBenchmarks.Jil_Deserialize_Small: Overhead-Fixed-Energy-3(OutlierMode=DontRemove, IterationCount=15, IterationTime=1s, LaunchCount=1, WarmupCount=6)
//   JsonSerializationBenchmarks.Utf8Json_Deserialize_Small: Overhead-Fixed-Energy-3(OutlierMode=DontRemove, IterationCount=15, IterationTime=1s, LaunchCount=1, WarmupCount=6)
//   JsonSerializationBenchmarks.SpanJson_Deserialize_Small: Overhead-Fixed-Energy-3(OutlierMode=DontRemove, IterationCount=15, IterationTime=1s, LaunchCount=1, WarmupCount=6)
//   JsonSerializationBenchmarks.STJ_Serialize_Large: Overhead-Fixed-Energy-3(OutlierMode=DontRemove, IterationCount=15, IterationTime=1s, LaunchCount=1, WarmupCount=6)
//   JsonSerializationBenchmarks.Newtonsoft_Serialize_Large: Overhead-Fixed-Energy-3(OutlierMode=DontRemove, IterationCount=15, IterationTime=1s, LaunchCount=1, WarmupCount=6)
//   JsonSerializationBenchmarks.Jil_Serialize_Large: Overhead-Fixed-Energy-3(OutlierMode=DontRemove, IterationCount=15, IterationTime=1s, LaunchCount=1, WarmupCount=6)
//   JsonSerializationBenchmarks.Utf8Json_Serialize_Large: Overhead-Fixed-Energy-3(OutlierMode=DontRemove, IterationCount=15, IterationTime=1s, LaunchCount=1, WarmupCount=6)
//   JsonSerializationBenchmarks.SpanJson_Serialize_Large: Overhead-Fixed-Energy-3(OutlierMode=DontRemove, IterationCount=15, IterationTime=1s, LaunchCount=1, WarmupCount=6)
//   JsonSerializationBenchmarks.STJ_Serialize_Medium: Overhead-Fixed-Energy-3(OutlierMode=DontRemove, IterationCount=15, IterationTime=1s, LaunchCount=1, WarmupCount=6)
//   JsonSerializationBenchmarks.Newtonsoft_Serialize_Medium: Overhead-Fixed-Energy-3(OutlierMode=DontRemove, IterationCount=15, IterationTime=1s, LaunchCount=1, WarmupCount=6)
//   JsonSerializationBenchmarks.Jil_Serialize_Medium: Overhead-Fixed-Energy-3(OutlierMode=DontRemove, IterationCount=15, IterationTime=1s, LaunchCount=1, WarmupCount=6)
//   JsonSerializationBenchmarks.Utf8Json_Serialize_Medium: Overhead-Fixed-Energy-3(OutlierMode=DontRemove, IterationCount=15, IterationTime=1s, LaunchCount=1, WarmupCount=6)
//   JsonSerializationBenchmarks.SpanJson_Serialize_Medium: Overhead-Fixed-Energy-3(OutlierMode=DontRemove, IterationCount=15, IterationTime=1s, LaunchCount=1, WarmupCount=6)
//   JsonSerializationBenchmarks.STJ_Serialize_Small: Overhead-Fixed-Energy-3(OutlierMode=DontRemove, IterationCount=15, IterationTime=1s, LaunchCount=1, WarmupCount=6)
//   JsonSerializationBenchmarks.Newtonsoft_Serialize_Small: Overhead-Fixed-Energy-3(OutlierMode=DontRemove, IterationCount=15, IterationTime=1s, LaunchCount=1, WarmupCount=6)
//   JsonSerializationBenchmarks.Jil_Serialize_Small: Overhead-Fixed-Energy-3(OutlierMode=DontRemove, IterationCount=15, IterationTime=1s, LaunchCount=1, WarmupCount=6)
//   JsonSerializationBenchmarks.Utf8Json_Serialize_Small: Overhead-Fixed-Energy-3(OutlierMode=DontRemove, IterationCount=15, IterationTime=1s, LaunchCount=1, WarmupCount=6)
//   JsonSerializationBenchmarks.SpanJson_Serialize_Small: Overhead-Fixed-Energy-3(OutlierMode=DontRemove, IterationCount=15, IterationTime=1s, LaunchCount=1, WarmupCount=6)

// **************************
// Benchmark: JsonSerializationBenchmarks.STJ_Deserialize_Large: Overhead-Fixed-Energy-3(OutlierMode=DontRemove, IterationCount=15, IterationTime=1s, LaunchCount=1, WarmupCount=6)
// *** Execute ***
// Launch: 1 / 1
// Execute: dotnet Serialization.Bench-Overhead-Fixed-Energy-3-1.dll --anonymousPipes 101 102 --benchmarkName Serialization.Bench.JsonSerializationBenchmarks.STJ_Deserialize_Large --job Overhead-Fixed-Energy-3 --benchmarkId 0 in /home/test/rapl-tests/lib-energy-bench/src/Serialization.Bench/bin/Release/net8.0/Serialization.Bench-Overhead-Fixed-Energy-3-1/bin/Release/net8.0
// BeforeAnythingElse

// Benchmark Process Environment Information:
// BenchmarkDotNet v0.15.5-develop (2025-12-31)
// Runtime=.NET 8.0.21 (8.0.21, 8.0.2125.47513), X64 RyuJIT x86-64-v4
// GC=Concurrent Workstation
// HardwareIntrinsics=AVX512 IFMA+VBMI,AVX512 F+BW+CD+DQ+VL,AVX2+BMI1+BMI2+F16C+FMA+LZCNT+MOVBE,AVX,SSE3+SSSE3+SSE4.1+SSE4.2+POPCNT,X86Base+SSE+SSE2,AES+PCLMUL VectorSize=256
// Job: Overhead-Fixed-Energy-3(OutlierMode=DontRemove, IterationCount=15, IterationTime=1s, LaunchCount=1, WarmupCount=6)

OverheadJitting  1: 1 op, 153426.00 ns, 153.4260 us/op, 71350.00 uJpkg, 0.00 uJdram
WorkloadJitting  1: 1 op, 537476.00 ns, 537.4760 us/op, 78918.00 uJpkg, 0.00 uJdram

OverheadJitting  2: 16 op, 419595.00 ns, 26.2247 us/op, 90454.00 uJpkg, 0.00 uJdram
WorkloadJitting  2: 16 op, 7015448.00 ns, 438.4655 us/op, 608580.00 uJpkg, 0.00 uJdram

WorkloadPilot    1: 16 op, 6596137.00 ns, 412.2586 us/op, 642149.00 uJpkg, 0.00 uJdram
WorkloadPilot    2: 2432 op, 711399641.00 ns, 292.5163 us/op, 61799158.00 uJpkg, 0.00 uJdram
WorkloadPilot    3: 3424 op, 693355413.00 ns, 202.4987 us/op, 57175208.00 uJpkg, 0.00 uJdram
WorkloadPilot    4: 4944 op, 1000906735.00 ns, 202.4488 us/op, 82703890.00 uJpkg, 0.00 uJdram

OverheadWarmup   1: 4944 op, 19463.00 ns, 3.9367 ns/op, 0.00 uJpkg, 0.00 uJdram
OverheadWarmup   2: 4944 op, 17427.00 ns, 3.5249 ns/op, 0.00 uJpkg, 0.00 uJdram
OverheadWarmup   3: 4944 op, 17426.00 ns, 3.5247 ns/op, 0.00 uJpkg, 0.00 uJdram
OverheadWarmup   4: 4944 op, 17860.00 ns, 3.6125 ns/op, 0.00 uJpkg, 0.00 uJdram
OverheadWarmup   5: 4944 op, 17419.00 ns, 3.5233 ns/op, 0.00 uJpkg, 0.00 uJdram
OverheadWarmup   6: 4944 op, 17425.00 ns, 3.5245 ns/op, 0.00 uJpkg, 0.00 uJdram
OverheadWarmup   7: 4944 op, 17430.00 ns, 3.5255 ns/op, 0.00 uJpkg, 0.00 uJdram
OverheadWarmup   8: 4944 op, 17432.00 ns, 3.5259 ns/op, 0.00 uJpkg, 0.00 uJdram
OverheadWarmup   9: 4944 op, 17432.00 ns, 3.5259 ns/op, 0.00 uJpkg, 0.00 uJdram

OverheadActual   1: 4944 op, 17455.00 ns, 3.5305 ns/op, 0.00 uJpkg, 0.00 uJdram
OverheadActual   2: 4944 op, 17430.00 ns, 3.5255 ns/op, 0.00 uJpkg, 0.00 uJdram
OverheadActual   3: 4944 op, 17447.00 ns, 3.5289 ns/op, 0.00 uJpkg, 0.00 uJdram
OverheadActual   4: 4944 op, 17417.00 ns, 3.5229 ns/op, 0.00 uJpkg, 0.00 uJdram
OverheadActual   5: 4944 op, 17760.00 ns, 3.5922 ns/op, 0.00 uJpkg, 0.00 uJdram
OverheadActual   6: 4944 op, 17395.00 ns, 3.5184 ns/op, 0.00 uJpkg, 0.00 uJdram
OverheadActual   7: 4944 op, 17394.00 ns, 3.5182 ns/op, 0.00 uJpkg, 0.00 uJdram
OverheadActual   8: 4944 op, 17424.00 ns, 3.5243 ns/op, 0.00 uJpkg, 0.00 uJdram
OverheadActual   9: 4944 op, 17436.00 ns, 3.5267 ns/op, 0.00 uJpkg, 0.00 uJdram
OverheadActual  10: 4944 op, 17423.00 ns, 3.5241 ns/op, 0.00 uJpkg, 0.00 uJdram
OverheadActual  11: 4944 op, 17431.00 ns, 3.5257 ns/op, 0.00 uJpkg, 0.00 uJdram
OverheadActual  12: 4944 op, 17443.00 ns, 3.5281 ns/op, 0.00 uJpkg, 0.00 uJdram
OverheadActual  13: 4944 op, 17439.00 ns, 3.5273 ns/op, 0.00 uJpkg, 0.00 uJdram
OverheadActual  14: 4944 op, 17408.00 ns, 3.5210 ns/op, 0.00 uJpkg, 0.00 uJdram
OverheadActual  15: 4944 op, 17439.00 ns, 3.5273 ns/op, 0.00 uJpkg, 0.00 uJdram

WorkloadWarmup   1: 4944 op, 1008215808.00 ns, 203.9271 us/op, 86529259.00 uJpkg, 0.00 uJdram
WorkloadWarmup   2: 4944 op, 1003260141.00 ns, 202.9248 us/op, 82840852.00 uJpkg, 0.00 uJdram
WorkloadWarmup   3: 4944 op, 1002919373.00 ns, 202.8559 us/op, 83427887.00 uJpkg, 0.00 uJdram
WorkloadWarmup   4: 4944 op, 1002507911.00 ns, 202.7726 us/op, 83042817.00 uJpkg, 0.00 uJdram
WorkloadWarmup   5: 4944 op, 1001971110.00 ns, 202.6641 us/op, 82938264.00 uJpkg, 0.00 uJdram
WorkloadWarmup   6: 4944 op, 999899307.00 ns, 202.2450 us/op, 82186007.00 uJpkg, 0.00 uJdram

// BeforeActualRun
WorkloadActual   1: 4944 op, 1004731036.00 ns, 203.2223 us/op, 83970244.00 uJpkg, 0.00 uJdram
WorkloadActual   2: 4944 op, 1001839347.00 ns, 202.6374 us/op, 82612642.00 uJpkg, 0.00 uJdram
WorkloadActual   3: 4944 op, 1000783450.00 ns, 202.4238 us/op, 83606354.00 uJpkg, 0.00 uJdram
WorkloadActual   4: 4944 op, 1000501643.00 ns, 202.3668 us/op, 82845125.00 uJpkg, 0.00 uJdram
WorkloadActual   5: 4944 op, 999745101.00 ns, 202.2138 us/op, 83313812.00 uJpkg, 0.00 uJdram
WorkloadActual   6: 4944 op, 1000895340.00 ns, 202.4465 us/op, 83040071.00 uJpkg, 0.00 uJdram
WorkloadActual   7: 4944 op, 999754933.00 ns, 202.2158 us/op, 82062106.00 uJpkg, 0.00 uJdram
WorkloadActual   8: 4944 op, 999956305.00 ns, 202.2565 us/op, 82661470.00 uJpkg, 0.00 uJdram
WorkloadActual   9: 4944 op, 1000738358.00 ns, 202.4147 us/op, 82793856.00 uJpkg, 0.00 uJdram
WorkloadActual  10: 4944 op, 1002227310.00 ns, 202.7159 us/op, 83463958.00 uJpkg, 0.00 uJdram
WorkloadActual  11: 4944 op, 1006667005.00 ns, 203.6139 us/op, 84570707.00 uJpkg, 0.00 uJdram
WorkloadActual  12: 4944 op, 1001557516.00 ns, 202.5804 us/op, 83457122.00 uJpkg, 0.00 uJdram
WorkloadActual  13: 4944 op, 999313768.00 ns, 202.1266 us/op, 82791841.00 uJpkg, 0.00 uJdram
WorkloadActual  14: 4944 op, 1000738785.00 ns, 202.4148 us/op, 82765291.00 uJpkg, 0.00 uJdram
WorkloadActual  15: 4944 op, 998208647.00 ns, 201.9030 us/op, 82270847.00 uJpkg, 0.00 uJdram

// AfterActualRun
WorkloadResult   1: 4944 op, 1004713605.00 ns, 203.2188 us/op, 83970244.00 uJpkg, 0.00 uJdram
WorkloadResult   2: 4944 op, 1001821916.00 ns, 202.6339 us/op, 82612642.00 uJpkg, 0.00 uJdram
WorkloadResult   3: 4944 op, 1000766019.00 ns, 202.4203 us/op, 83606354.00 uJpkg, 0.00 uJdram
WorkloadResult   4: 4944 op, 1000484212.00 ns, 202.3633 us/op, 82845125.00 uJpkg, 0.00 uJdram
WorkloadResult   5: 4944 op, 999727670.00 ns, 202.2103 us/op, 83313812.00 uJpkg, 0.00 uJdram
WorkloadResult   6: 4944 op, 1000877909.00 ns, 202.4429 us/op, 83040071.00 uJpkg, 0.00 uJdram
WorkloadResult   7: 4944 op, 999737502.00 ns, 202.2123 us/op, 82062106.00 uJpkg, 0.00 uJdram
WorkloadResult   8: 4944 op, 999938874.00 ns, 202.2530 us/op, 82661470.00 uJpkg, 0.00 uJdram
WorkloadResult   9: 4944 op, 1000720927.00 ns, 202.4112 us/op, 82793856.00 uJpkg, 0.00 uJdram
WorkloadResult  10: 4944 op, 1002209879.00 ns, 202.7124 us/op, 83463958.00 uJpkg, 0.00 uJdram
WorkloadResult  11: 4944 op, 1006649574.00 ns, 203.6104 us/op, 84570707.00 uJpkg, 0.00 uJdram
WorkloadResult  12: 4944 op, 1001540085.00 ns, 202.5769 us/op, 83457122.00 uJpkg, 0.00 uJdram
WorkloadResult  13: 4944 op, 999296337.00 ns, 202.1230 us/op, 82791841.00 uJpkg, 0.00 uJdram
WorkloadResult  14: 4944 op, 1000721354.00 ns, 202.4113 us/op, 82765291.00 uJpkg, 0.00 uJdram
WorkloadResult  15: 4944 op, 998191216.00 ns, 201.8995 us/op, 82270847.00 uJpkg, 0.00 uJdram

// AfterAll
// Benchmark Process 4052717 has exited with code 0.

Mean = 202.500 μs, StdErr = 0.111 μs (0.05%), N = 15, StdDev = 0.430 μs
Min = 201.900 μs, Q1 = 202.233 μs, Median = 202.411 μs, Q3 = 202.605 μs, Max = 203.610 μs
IQR = 0.373 μs, LowerFence = 201.674 μs, UpperFence = 203.164 μs
ConfidenceInterval = [202.040 μs; 202.960 μs] (CI 99.9%), Margin = 0.460 μs (0.23% of Mean)
Skewness = 1.18, Kurtosis = 3.81, MValue = 2

// ** Remained 29 (96.7%) benchmark(s) to run. Estimated finish 2025-12-31 18:50 (0h 11m from now) **
// **************************
// Benchmark: JsonSerializationBenchmarks.Newtonsoft_Deserialize_Large: Overhead-Fixed-Energy-3(OutlierMode=DontRemove, IterationCount=15, IterationTime=1s, LaunchCount=1, WarmupCount=6)
// *** Execute ***
// Launch: 1 / 1
// Execute: dotnet Serialization.Bench-Overhead-Fixed-Energy-3-1.dll --anonymousPipes 103 104 --benchmarkName Serialization.Bench.JsonSerializationBenchmarks.Newtonsoft_Deserialize_Large --job Overhead-Fixed-Energy-3 --benchmarkId 1 in /home/test/rapl-tests/lib-energy-bench/src/Serialization.Bench/bin/Release/net8.0/Serialization.Bench-Overhead-Fixed-Energy-3-1/bin/Release/net8.0
// BeforeAnythingElse

// Benchmark Process Environment Information:
// BenchmarkDotNet v0.15.5-develop (2025-12-31)
// Runtime=.NET 8.0.21 (8.0.21, 8.0.2125.47513), X64 RyuJIT x86-64-v4
// GC=Concurrent Workstation
// HardwareIntrinsics=AVX512 IFMA+VBMI,AVX512 F+BW+CD+DQ+VL,AVX2+BMI1+BMI2+F16C+FMA+LZCNT+MOVBE,AVX,SSE3+SSSE3+SSE4.1+SSE4.2+POPCNT,X86Base+SSE+SSE2,AES+PCLMUL VectorSize=256
// Job: Overhead-Fixed-Energy-3(OutlierMode=DontRemove, IterationCount=15, IterationTime=1s, LaunchCount=1, WarmupCount=6)

OverheadJitting  1: 1 op, 141849.00 ns, 141.8490 us/op, 0.00 uJpkg, 0.00 uJdram
WorkloadJitting  1: 1 op, 55503690.00 ns, 55.5037 ms/op, 4273610.00 uJpkg, 0.00 uJdram

OverheadJitting  2: 16 op, 384315.00 ns, 24.0197 us/op, 57007.00 uJpkg, 0.00 uJdram
WorkloadJitting  2: 16 op, 18442762.00 ns, 1.1527 ms/op, 1317135.00 uJpkg, 0.00 uJdram

WorkloadPilot    1: 16 op, 17777700.00 ns, 1.1111 ms/op, 1188961.00 uJpkg, 0.00 uJdram
WorkloadPilot    2: 912 op, 444795785.00 ns, 487.7147 us/op, 37786097.00 uJpkg, 0.00 uJdram
WorkloadPilot    3: 2064 op, 496976843.00 ns, 240.7834 us/op, 41533707.00 uJpkg, 0.00 uJdram
WorkloadPilot    4: 4160 op, 1007464080.00 ns, 242.1789 us/op, 84376005.00 uJpkg, 0.00 uJdram
WorkloadPilot    5: 4144 op, 1005352389.00 ns, 242.6043 us/op, 83752715.00 uJpkg, 0.00 uJdram
WorkloadPilot    6: 4128 op, 1006180521.00 ns, 243.7453 us/op, 84215544.00 uJpkg, 0.00 uJdram

OverheadWarmup   1: 4128 op, 15060.00 ns, 3.6483 ns/op, 0.00 uJpkg, 0.00 uJdram
OverheadWarmup   2: 4128 op, 16505.00 ns, 3.9983 ns/op, 0.00 uJpkg, 0.00 uJdram
OverheadWarmup   3: 4128 op, 14580.00 ns, 3.5320 ns/op, 0.00 uJpkg, 0.00 uJdram
OverheadWarmup   4: 4128 op, 14594.00 ns, 3.5354 ns/op, 0.00 uJpkg, 0.00 uJdram
OverheadWarmup   5: 4128 op, 14592.00 ns, 3.5349 ns/op, 55359.00 uJpkg, 0.00 uJdram

OverheadActual   1: 4128 op, 14617.00 ns, 3.5409 ns/op, 0.00 uJpkg, 0.00 uJdram
OverheadActual   2: 4128 op, 14611.00 ns, 3.5395 ns/op, 0.00 uJpkg, 0.00 uJdram
OverheadActual   3: 4128 op, 14618.00 ns, 3.5412 ns/op, 0.00 uJpkg, 0.00 uJdram
OverheadActual   4: 4128 op, 14608.00 ns, 3.5388 ns/op, 0.00 uJpkg, 0.00 uJdram
OverheadActual   5: 4128 op, 14596.00 ns, 3.5359 ns/op, 0.00 uJpkg, 0.00 uJdram
OverheadActual   6: 4128 op, 14598.00 ns, 3.5363 ns/op, 0.00 uJpkg, 0.00 uJdram
OverheadActual   7: 4128 op, 14603.00 ns, 3.5375 ns/op, 0.00 uJpkg, 0.00 uJdram
OverheadActual   8: 4128 op, 14561.00 ns, 3.5274 ns/op, 0.00 uJpkg, 0.00 uJdram
OverheadActual   9: 4128 op, 14599.00 ns, 3.5366 ns/op, 0.00 uJpkg, 0.00 uJdram
OverheadActual  10: 4128 op, 14592.00 ns, 3.5349 ns/op, 0.00 uJpkg, 0.00 uJdram
OverheadActual  11: 4128 op, 15017.00 ns, 3.6378 ns/op, 0.00 uJpkg, 0.00 uJdram
OverheadActual  12: 4128 op, 14608.00 ns, 3.5388 ns/op, 0.00 uJpkg, 0.00 uJdram
OverheadActual  13: 4128 op, 14599.00 ns, 3.5366 ns/op, 0.00 uJpkg, 0.00 uJdram
OverheadActual  14: 4128 op, 14574.00 ns, 3.5305 ns/op, 0.00 uJpkg, 0.00 uJdram
OverheadActual  15: 4128 op, 14603.00 ns, 3.5375 ns/op, 0.00 uJpkg, 0.00 uJdram

WorkloadWarmup   1: 4128 op, 991633932.00 ns, 240.2214 us/op, 85508265.00 uJpkg, 0.00 uJdram
WorkloadWarmup   2: 4128 op, 1007071596.00 ns, 243.9611 us/op, 83873869.00 uJpkg, 0.00 uJdram
WorkloadWarmup   3: 4128 op, 996090440.00 ns, 241.3010 us/op, 83165009.00 uJpkg, 0.00 uJdram
WorkloadWarmup   4: 4128 op, 996132604.00 ns, 241.3112 us/op, 83152253.00 uJpkg, 0.00 uJdram
WorkloadWarmup   5: 4128 op, 996718275.00 ns, 241.4531 us/op, 83037691.00 uJpkg, 0.00 uJdram
WorkloadWarmup   6: 4128 op, 1002561875.00 ns, 242.8687 us/op, 83868254.00 uJpkg, 0.00 uJdram

// BeforeActualRun
WorkloadActual   1: 4128 op, 998025002.00 ns, 241.7696 us/op, 83257477.00 uJpkg, 0.00 uJdram
WorkloadActual   2: 4128 op, 1001761085.00 ns, 242.6747 us/op, 83392182.00 uJpkg, 0.00 uJdram
WorkloadActual   3: 4128 op, 1009683123.00 ns, 244.5938 us/op, 84977139.00 uJpkg, 0.00 uJdram
WorkloadActual   4: 4128 op, 1006274118.00 ns, 243.7680 us/op, 84308439.00 uJpkg, 0.00 uJdram
WorkloadActual   5: 4128 op, 999568267.00 ns, 242.1435 us/op, 83779204.00 uJpkg, 0.00 uJdram
WorkloadActual   6: 4128 op, 1006767179.00 ns, 243.8874 us/op, 84393277.00 uJpkg, 0.00 uJdram
WorkloadActual   7: 4128 op, 1004900774.00 ns, 243.4353 us/op, 84401762.00 uJpkg, 0.00 uJdram
WorkloadActual   8: 4128 op, 1002923017.00 ns, 242.9562 us/op, 84484708.00 uJpkg, 0.00 uJdram
WorkloadActual   9: 4128 op, 1000000693.00 ns, 242.2482 us/op, 84282560.00 uJpkg, 0.00 uJdram
WorkloadActual  10: 4128 op, 998808412.00 ns, 241.9594 us/op, 85526636.00 uJpkg, 0.00 uJdram
WorkloadActual  11: 4128 op, 1004088421.00 ns, 243.2385 us/op, 84805691.00 uJpkg, 0.00 uJdram
WorkloadActual  12: 4128 op, 1015565828.00 ns, 246.0189 us/op, 85684595.00 uJpkg, 0.00 uJdram
WorkloadActual  13: 4128 op, 1005648866.00 ns, 243.6165 us/op, 85153469.00 uJpkg, 0.00 uJdram
WorkloadActual  14: 4128 op, 1002384326.00 ns, 242.8257 us/op, 84711453.00 uJpkg, 0.00 uJdram
WorkloadActual  15: 4128 op, 1005380868.00 ns, 243.5516 us/op, 85350795.00 uJpkg, 0.00 uJdram

// AfterActualRun
WorkloadResult   1: 4128 op, 998010399.00 ns, 241.7661 us/op, 83257477.00 uJpkg, 0.00 uJdram
WorkloadResult   2: 4128 op, 1001746482.00 ns, 242.6711 us/op, 83392182.00 uJpkg, 0.00 uJdram
WorkloadResult   3: 4128 op, 1009668520.00 ns, 244.5902 us/op, 84977139.00 uJpkg, 0.00 uJdram
WorkloadResult   4: 4128 op, 1006259515.00 ns, 243.7644 us/op, 84308439.00 uJpkg, 0.00 uJdram
WorkloadResult   5: 4128 op, 999553664.00 ns, 242.1399 us/op, 83779204.00 uJpkg, 0.00 uJdram
WorkloadResult   6: 4128 op, 1006752576.00 ns, 243.8839 us/op, 84393277.00 uJpkg, 0.00 uJdram
WorkloadResult   7: 4128 op, 1004886171.00 ns, 243.4317 us/op, 84401762.00 uJpkg, 0.00 uJdram
WorkloadResult   8: 4128 op, 1002908414.00 ns, 242.9526 us/op, 84484708.00 uJpkg, 0.00 uJdram
WorkloadResult   9: 4128 op, 999986090.00 ns, 242.2447 us/op, 84282560.00 uJpkg, 0.00 uJdram
WorkloadResult  10: 4128 op, 998793809.00 ns, 241.9559 us/op, 85526636.00 uJpkg, 0.00 uJdram
WorkloadResult  11: 4128 op, 1004073818.00 ns, 243.2349 us/op, 84805691.00 uJpkg, 0.00 uJdram
WorkloadResult  12: 4128 op, 1015551225.00 ns, 246.0153 us/op, 85684595.00 uJpkg, 0.00 uJdram
WorkloadResult  13: 4128 op, 1005634263.00 ns, 243.6130 us/op, 85153469.00 uJpkg, 0.00 uJdram
WorkloadResult  14: 4128 op, 1002369723.00 ns, 242.8221 us/op, 84711453.00 uJpkg, 0.00 uJdram
WorkloadResult  15: 4128 op, 1005366265.00 ns, 243.5480 us/op, 85350795.00 uJpkg, 0.00 uJdram

// AfterAll
// Benchmark Process 4052744 has exited with code 0.

Mean = 243.242 μs, StdErr = 0.285 μs (0.12%), N = 15, StdDev = 1.105 μs
Min = 241.766 μs, Q1 = 242.458 μs, Median = 243.235 μs, Q3 = 243.689 μs, Max = 246.015 μs
IQR = 1.231 μs, LowerFence = 240.612 μs, UpperFence = 245.535 μs
ConfidenceInterval = [242.061 μs; 244.423 μs] (CI 99.9%), Margin = 1.181 μs (0.49% of Mean)
Skewness = 0.81, Kurtosis = 3.26, MValue = 2

// ** Remained 28 (93.3%) benchmark(s) to run. Estimated finish 2025-12-31 18:50 (0h 11m from now) **
// **************************
// Benchmark: JsonSerializationBenchmarks.Jil_Deserialize_Large: Overhead-Fixed-Energy-3(OutlierMode=DontRemove, IterationCount=15, IterationTime=1s, LaunchCount=1, WarmupCount=6)
// *** Execute ***
// Launch: 1 / 1
// Execute: dotnet Serialization.Bench-Overhead-Fixed-Energy-3-1.dll --anonymousPipes 103 104 --benchmarkName Serialization.Bench.JsonSerializationBenchmarks.Jil_Deserialize_Large --job Overhead-Fixed-Energy-3 --benchmarkId 2 in /home/test/rapl-tests/lib-energy-bench/src/Serialization.Bench/bin/Release/net8.0/Serialization.Bench-Overhead-Fixed-Energy-3-1/bin/Release/net8.0
// BeforeAnythingElse

// Benchmark Process Environment Information:
// BenchmarkDotNet v0.15.5-develop (2025-12-31)
// Runtime=.NET 8.0.21 (8.0.21, 8.0.2125.47513), X64 RyuJIT x86-64-v4
// GC=Concurrent Workstation
// HardwareIntrinsics=AVX512 IFMA+VBMI,AVX512 F+BW+CD+DQ+VL,AVX2+BMI1+BMI2+F16C+FMA+LZCNT+MOVBE,AVX,SSE3+SSSE3+SSE4.1+SSE4.2+POPCNT,X86Base+SSE+SSE2,AES+PCLMUL VectorSize=256
// Job: Overhead-Fixed-Energy-3(OutlierMode=DontRemove, IterationCount=15, IterationTime=1s, LaunchCount=1, WarmupCount=6)

OverheadJitting  1: 1 op, 149064.00 ns, 149.0640 us/op, 0.00 uJpkg, 0.00 uJdram
WorkloadJitting  1: 1 op, 244526702.00 ns, 244.5267 ms/op, 16705340.00 uJpkg, 0.00 uJdram

WorkloadPilot    1: 4 op, 2884422.00 ns, 721.1055 us/op, 211670.00 uJpkg, 0.00 uJdram
WorkloadPilot    2: 1387 op, 419222604.00 ns, 302.2513 us/op, 32463479.00 uJpkg, 0.00 uJdram
WorkloadPilot    3: 3309 op, 702294570.00 ns, 212.2377 us/op, 58868868.00 uJpkg, 0.00 uJdram
WorkloadPilot    4: 4712 op, 998741214.00 ns, 211.9570 us/op, 83349762.00 uJpkg, 0.00 uJdram
WorkloadPilot    5: 4718 op, 999989111.00 ns, 211.9519 us/op, 83294892.00 uJpkg, 0.00 uJdram

WorkloadWarmup   1: 4718 op, 1002431631.00 ns, 212.4696 us/op, 83328950.00 uJpkg, 0.00 uJdram
WorkloadWarmup   2: 4718 op, 1006282491.00 ns, 213.2858 us/op, 83898589.00 uJpkg, 0.00 uJdram
WorkloadWarmup   3: 4718 op, 1006667496.00 ns, 213.3674 us/op, 83808685.00 uJpkg, 0.00 uJdram
WorkloadWarmup   4: 4718 op, 1005735765.00 ns, 213.1699 us/op, 83805571.00 uJpkg, 0.00 uJdram
WorkloadWarmup   5: 4718 op, 1007290724.00 ns, 213.4995 us/op, 84650174.00 uJpkg, 0.00 uJdram
WorkloadWarmup   6: 4718 op, 1006003475.00 ns, 213.2267 us/op, 84215666.00 uJpkg, 0.00 uJdram

// BeforeActualRun
WorkloadActual   1: 4718 op, 1001750532.00 ns, 212.3253 us/op, 83934233.00 uJpkg, 0.00 uJdram
WorkloadActual   2: 4718 op, 1006438247.00 ns, 213.3188 us/op, 83678802.00 uJpkg, 0.00 uJdram
WorkloadActual   3: 4718 op, 1006110796.00 ns, 213.2494 us/op, 83841033.00 uJpkg, 0.00 uJdram
WorkloadActual   4: 4718 op, 1005770395.00 ns, 213.1773 us/op, 83929717.00 uJpkg, 0.00 uJdram
WorkloadActual   5: 4718 op, 1006065727.00 ns, 213.2399 us/op, 83501006.00 uJpkg, 0.00 uJdram
WorkloadActual   6: 4718 op, 1007159168.00 ns, 213.4716 us/op, 84842678.00 uJpkg, 0.00 uJdram
WorkloadActual   7: 4718 op, 1006994064.00 ns, 213.4366 us/op, 83892485.00 uJpkg, 0.00 uJdram
WorkloadActual   8: 4718 op, 1005019628.00 ns, 213.0181 us/op, 83420440.00 uJpkg, 0.00 uJdram
WorkloadActual   9: 4718 op, 1005002101.00 ns, 213.0144 us/op, 83543853.00 uJpkg, 0.00 uJdram
WorkloadActual  10: 4718 op, 1005059460.00 ns, 213.0266 us/op, 83610198.00 uJpkg, 0.00 uJdram
WorkloadActual  11: 4718 op, 1005825930.00 ns, 213.1890 us/op, 84241484.00 uJpkg, 0.00 uJdram
WorkloadActual  12: 4718 op, 1005306905.00 ns, 213.0790 us/op, 83944793.00 uJpkg, 0.00 uJdram
WorkloadActual  13: 4718 op, 1004749391.00 ns, 212.9609 us/op, 84171782.00 uJpkg, 0.00 uJdram
WorkloadActual  14: 4718 op, 1005051409.00 ns, 213.0249 us/op, 83420746.00 uJpkg, 0.00 uJdram
WorkloadActual  15: 4718 op, 1005357979.00 ns, 213.0899 us/op, 83775176.00 uJpkg, 0.00 uJdram

// AfterActualRun
WorkloadResult   1: 4718 op, 1001750532.00 ns, 212.3253 us/op, 83934233.00 uJpkg, 0.00 uJdram
WorkloadResult   2: 4718 op, 1006438247.00 ns, 213.3188 us/op, 83678802.00 uJpkg, 0.00 uJdram
WorkloadResult   3: 4718 op, 1006110796.00 ns, 213.2494 us/op, 83841033.00 uJpkg, 0.00 uJdram
WorkloadResult   4: 4718 op, 1005770395.00 ns, 213.1773 us/op, 83929717.00 uJpkg, 0.00 uJdram
WorkloadResult   5: 4718 op, 1006065727.00 ns, 213.2399 us/op, 83501006.00 uJpkg, 0.00 uJdram
WorkloadResult   6: 4718 op, 1007159168.00 ns, 213.4716 us/op, 84842678.00 uJpkg, 0.00 uJdram
WorkloadResult   7: 4718 op, 1006994064.00 ns, 213.4366 us/op, 83892485.00 uJpkg, 0.00 uJdram
WorkloadResult   8: 4718 op, 1005019628.00 ns, 213.0181 us/op, 83420440.00 uJpkg, 0.00 uJdram
WorkloadResult   9: 4718 op, 1005002101.00 ns, 213.0144 us/op, 83543853.00 uJpkg, 0.00 uJdram
WorkloadResult  10: 4718 op, 1005059460.00 ns, 213.0266 us/op, 83610198.00 uJpkg, 0.00 uJdram
WorkloadResult  11: 4718 op, 1005825930.00 ns, 213.1890 us/op, 84241484.00 uJpkg, 0.00 uJdram
WorkloadResult  12: 4718 op, 1005306905.00 ns, 213.0790 us/op, 83944793.00 uJpkg, 0.00 uJdram
WorkloadResult  13: 4718 op, 1004749391.00 ns, 212.9609 us/op, 84171782.00 uJpkg, 0.00 uJdram
WorkloadResult  14: 4718 op, 1005051409.00 ns, 213.0249 us/op, 83420746.00 uJpkg, 0.00 uJdram
WorkloadResult  15: 4718 op, 1005357979.00 ns, 213.0899 us/op, 83775176.00 uJpkg, 0.00 uJdram

// AfterAll
// Benchmark Process 4052761 has exited with code 0.

Mean = 213.108 μs, StdErr = 0.069 μs (0.03%), N = 15, StdDev = 0.267 μs
Min = 212.325 μs, Q1 = 213.022 μs, Median = 213.090 μs, Q3 = 213.245 μs, Max = 213.472 μs
IQR = 0.223 μs, LowerFence = 212.687 μs, UpperFence = 213.579 μs
ConfidenceInterval = [212.823 μs; 213.394 μs] (CI 99.9%), Margin = 0.286 μs (0.13% of Mean)
Skewness = -1.35, Kurtosis = 5.34, MValue = 2

// ** Remained 27 (90.0%) benchmark(s) to run. Estimated finish 2025-12-31 18:50 (0h 11m from now) **
// **************************
// Benchmark: JsonSerializationBenchmarks.Utf8Json_Deserialize_Large: Overhead-Fixed-Energy-3(OutlierMode=DontRemove, IterationCount=15, IterationTime=1s, LaunchCount=1, WarmupCount=6)
// *** Execute ***
// Launch: 1 / 1
// Execute: dotnet Serialization.Bench-Overhead-Fixed-Energy-3-1.dll --anonymousPipes 103 104 --benchmarkName Serialization.Bench.JsonSerializationBenchmarks.Utf8Json_Deserialize_Large --job Overhead-Fixed-Energy-3 --benchmarkId 3 in /home/test/rapl-tests/lib-energy-bench/src/Serialization.Bench/bin/Release/net8.0/Serialization.Bench-Overhead-Fixed-Energy-3-1/bin/Release/net8.0
// BeforeAnythingElse

// Benchmark Process Environment Information:
// BenchmarkDotNet v0.15.5-develop (2025-12-31)
// Runtime=.NET 8.0.21 (8.0.21, 8.0.2125.47513), X64 RyuJIT x86-64-v4
// GC=Concurrent Workstation
// HardwareIntrinsics=AVX512 IFMA+VBMI,AVX512 F+BW+CD+DQ+VL,AVX2+BMI1+BMI2+F16C+FMA+LZCNT+MOVBE,AVX,SSE3+SSSE3+SSE4.1+SSE4.2+POPCNT,X86Base+SSE+SSE2,AES+PCLMUL VectorSize=256
// Job: Overhead-Fixed-Energy-3(OutlierMode=DontRemove, IterationCount=15, IterationTime=1s, LaunchCount=1, WarmupCount=6)

OverheadJitting  1: 1 op, 141627.00 ns, 141.6270 us/op, 0.00 uJpkg, 0.00 uJdram
WorkloadJitting  1: 1 op, 57370190.00 ns, 57.3702 ms/op, 3532278.00 uJpkg, 0.00 uJdram

OverheadJitting  2: 16 op, 400617.00 ns, 25.0386 us/op, 0.00 uJpkg, 0.00 uJdram
WorkloadJitting  2: 16 op, 14005958.00 ns, 875.3724 us/op, 970578.00 uJpkg, 0.00 uJdram

WorkloadPilot    1: 16 op, 12873871.00 ns, 804.6169 us/op, 863950.00 uJpkg, 0.00 uJdram
WorkloadPilot    2: 1248 op, 753879372.00 ns, 604.0700 us/op, 67153881.00 uJpkg, 0.00 uJdram
WorkloadPilot    3: 1664 op, 456403373.00 ns, 274.2809 us/op, 38462731.00 uJpkg, 0.00 uJdram
WorkloadPilot    4: 3648 op, 998972371.00 ns, 273.8411 us/op, 85227382.00 uJpkg, 0.00 uJdram
WorkloadPilot    5: 3664 op, 1000801510.00 ns, 273.1445 us/op, 82720126.00 uJpkg, 0.00 uJdram

OverheadWarmup   1: 3664 op, 13162.00 ns, 3.5922 ns/op, 0.00 uJpkg, 0.00 uJdram
OverheadWarmup   2: 3664 op, 12757.00 ns, 3.4817 ns/op, 0.00 uJpkg, 0.00 uJdram
OverheadWarmup   3: 3664 op, 12746.00 ns, 3.4787 ns/op, 0.00 uJpkg, 0.00 uJdram
OverheadWarmup   4: 3664 op, 12725.00 ns, 3.4730 ns/op, 0.00 uJpkg, 0.00 uJdram
OverheadWarmup   5: 3664 op, 12738.00 ns, 3.4765 ns/op, 0.00 uJpkg, 0.00 uJdram
OverheadWarmup   6: 3664 op, 18479.00 ns, 5.0434 ns/op, 76599.00 uJpkg, 0.00 uJdram
OverheadWarmup   7: 3664 op, 12738.00 ns, 3.4765 ns/op, 0.00 uJpkg, 0.00 uJdram
OverheadWarmup   8: 3664 op, 12731.00 ns, 3.4746 ns/op, 0.00 uJpkg, 0.00 uJdram
OverheadWarmup   9: 3664 op, 12742.00 ns, 3.4776 ns/op, 0.00 uJpkg, 0.00 uJdram
OverheadWarmup  10: 3664 op, 13000.00 ns, 3.5480 ns/op, 0.00 uJpkg, 0.00 uJdram

OverheadActual   1: 3664 op, 12754.00 ns, 3.4809 ns/op, 0.00 uJpkg, 0.00 uJdram
OverheadActual   2: 3664 op, 12742.00 ns, 3.4776 ns/op, 0.00 uJpkg, 0.00 uJdram
OverheadActual   3: 3664 op, 12744.00 ns, 3.4782 ns/op, 0.00 uJpkg, 0.00 uJdram
OverheadActual   4: 3664 op, 12736.00 ns, 3.4760 ns/op, 0.00 uJpkg, 0.00 uJdram
OverheadActual   5: 3664 op, 12727.00 ns, 3.4735 ns/op, 0.00 uJpkg, 0.00 uJdram
OverheadActual   6: 3664 op, 12731.00 ns, 3.4746 ns/op, 0.00 uJpkg, 0.00 uJdram
OverheadActual   7: 3664 op, 12735.00 ns, 3.4757 ns/op, 0.00 uJpkg, 0.00 uJdram
OverheadActual   8: 3664 op, 13370.00 ns, 3.6490 ns/op, 0.00 uJpkg, 0.00 uJdram
OverheadActual   9: 3664 op, 12725.00 ns, 3.4730 ns/op, 0.00 uJpkg, 0.00 uJdram
OverheadActual  10: 3664 op, 12743.00 ns, 3.4779 ns/op, 0.00 uJpkg, 0.00 uJdram
OverheadActual  11: 3664 op, 12742.00 ns, 3.4776 ns/op, 0.00 uJpkg, 0.00 uJdram
OverheadActual  12: 3664 op, 12730.00 ns, 3.4743 ns/op, 0.00 uJpkg, 0.00 uJdram
OverheadActual  13: 3664 op, 12727.00 ns, 3.4735 ns/op, 0.00 uJpkg, 0.00 uJdram
OverheadActual  14: 3664 op, 12731.00 ns, 3.4746 ns/op, 0.00 uJpkg, 0.00 uJdram
OverheadActual  15: 3664 op, 12745.00 ns, 3.4784 ns/op, 0.00 uJpkg, 0.00 uJdram

WorkloadWarmup   1: 3664 op, 1015969039.00 ns, 277.2841 us/op, 86006921.00 uJpkg, 0.00 uJdram
WorkloadWarmup   2: 3664 op, 1016444409.00 ns, 277.4139 us/op, 84740445.00 uJpkg, 0.00 uJdram
WorkloadWarmup   3: 3664 op, 1012142142.00 ns, 276.2397 us/op, 84264128.00 uJpkg, 0.00 uJdram
WorkloadWarmup   4: 3664 op, 1012936581.00 ns, 276.4565 us/op, 83302094.00 uJpkg, 0.00 uJdram
WorkloadWarmup   5: 3664 op, 1011458462.00 ns, 276.0531 us/op, 84077055.00 uJpkg, 0.00 uJdram
WorkloadWarmup   6: 3664 op, 1013310444.00 ns, 276.5585 us/op, 83639984.00 uJpkg, 0.00 uJdram

// BeforeActualRun
WorkloadActual   1: 3664 op, 1020628403.00 ns, 278.5558 us/op, 84730557.00 uJpkg, 0.00 uJdram
WorkloadActual   2: 3664 op, 1018477688.00 ns, 277.9688 us/op, 84476407.00 uJpkg, 0.00 uJdram
WorkloadActual   3: 3664 op, 1022182618.00 ns, 278.9800 us/op, 83544952.00 uJpkg, 0.00 uJdram
WorkloadActual   4: 3664 op, 1020129410.00 ns, 278.4196 us/op, 83051912.00 uJpkg, 0.00 uJdram
WorkloadActual   5: 3664 op, 1021624250.00 ns, 278.8276 us/op, 83092866.00 uJpkg, 0.00 uJdram
WorkloadActual   6: 3664 op, 1019936861.00 ns, 278.3670 us/op, 84281828.00 uJpkg, 0.00 uJdram
WorkloadActual   7: 3664 op, 1018944992.00 ns, 278.0963 us/op, 84038420.00 uJpkg, 0.00 uJdram
WorkloadActual   8: 3664 op, 1019391208.00 ns, 278.2181 us/op, 84049346.00 uJpkg, 0.00 uJdram
WorkloadActual   9: 3664 op, 1019074931.00 ns, 278.1318 us/op, 84457914.00 uJpkg, 0.00 uJdram
WorkloadActual  10: 3664 op, 1020097957.00 ns, 278.4110 us/op, 84413114.00 uJpkg, 0.00 uJdram
WorkloadActual  11: 3664 op, 1019986222.00 ns, 278.3805 us/op, 83466644.00 uJpkg, 0.00 uJdram
WorkloadActual  12: 3664 op, 1018275839.00 ns, 277.9137 us/op, 83895843.00 uJpkg, 0.00 uJdram
WorkloadActual  13: 3664 op, 1019360174.00 ns, 278.2097 us/op, 83677764.00 uJpkg, 0.00 uJdram
WorkloadActual  14: 3664 op, 1018675016.00 ns, 278.0227 us/op, 83679473.00 uJpkg, 0.00 uJdram
WorkloadActual  15: 3664 op, 1019857803.00 ns, 278.3455 us/op, 83770416.00 uJpkg, 0.00 uJdram

// AfterActualRun
WorkloadResult   1: 3664 op, 1020615667.00 ns, 278.5523 us/op, 84730557.00 uJpkg, 0.00 uJdram
WorkloadResult   2: 3664 op, 1018464952.00 ns, 277.9653 us/op, 84476407.00 uJpkg, 0.00 uJdram
WorkloadResult   3: 3664 op, 1022169882.00 ns, 278.9765 us/op, 83544952.00 uJpkg, 0.00 uJdram
WorkloadResult   4: 3664 op, 1020116674.00 ns, 278.4161 us/op, 83051912.00 uJpkg, 0.00 uJdram
WorkloadResult   5: 3664 op, 1021611514.00 ns, 278.8241 us/op, 83092866.00 uJpkg, 0.00 uJdram
WorkloadResult   6: 3664 op, 1019924125.00 ns, 278.3636 us/op, 84281828.00 uJpkg, 0.00 uJdram
WorkloadResult   7: 3664 op, 1018932256.00 ns, 278.0929 us/op, 84038420.00 uJpkg, 0.00 uJdram
WorkloadResult   8: 3664 op, 1019378472.00 ns, 278.2146 us/op, 84049346.00 uJpkg, 0.00 uJdram
WorkloadResult   9: 3664 op, 1019062195.00 ns, 278.1283 us/op, 84457914.00 uJpkg, 0.00 uJdram
WorkloadResult  10: 3664 op, 1020085221.00 ns, 278.4075 us/op, 84413114.00 uJpkg, 0.00 uJdram
WorkloadResult  11: 3664 op, 1019973486.00 ns, 278.3770 us/op, 83466644.00 uJpkg, 0.00 uJdram
WorkloadResult  12: 3664 op, 1018263103.00 ns, 277.9102 us/op, 83895843.00 uJpkg, 0.00 uJdram
WorkloadResult  13: 3664 op, 1019347438.00 ns, 278.2062 us/op, 83677764.00 uJpkg, 0.00 uJdram
WorkloadResult  14: 3664 op, 1018662280.00 ns, 278.0192 us/op, 83679473.00 uJpkg, 0.00 uJdram
WorkloadResult  15: 3664 op, 1019845067.00 ns, 278.3420 us/op, 83770416.00 uJpkg, 0.00 uJdram

// AfterAll
// Benchmark Process 4052774 has exited with code 0.

Mean = 278.320 μs, StdErr = 0.077 μs (0.03%), N = 15, StdDev = 0.300 μs
Min = 277.910 μs, Q1 = 278.111 μs, Median = 278.342 μs, Q3 = 278.412 μs, Max = 278.976 μs
IQR = 0.301 μs, LowerFence = 277.659 μs, UpperFence = 278.864 μs
ConfidenceInterval = [277.999 μs; 278.640 μs] (CI 99.9%), Margin = 0.320 μs (0.12% of Mean)
Skewness = 0.65, Kurtosis = 2.56, MValue = 2

// ** Remained 26 (86.7%) benchmark(s) to run. Estimated finish 2025-12-31 18:50 (0h 10m from now) **
// **************************
// Benchmark: JsonSerializationBenchmarks.SpanJson_Deserialize_Large: Overhead-Fixed-Energy-3(OutlierMode=DontRemove, IterationCount=15, IterationTime=1s, LaunchCount=1, WarmupCount=6)
// *** Execute ***
// Launch: 1 / 1
// Execute: dotnet Serialization.Bench-Overhead-Fixed-Energy-3-1.dll --anonymousPipes 103 104 --benchmarkName Serialization.Bench.JsonSerializationBenchmarks.SpanJson_Deserialize_Large --job Overhead-Fixed-Energy-3 --benchmarkId 4 in /home/test/rapl-tests/lib-energy-bench/src/Serialization.Bench/bin/Release/net8.0/Serialization.Bench-Overhead-Fixed-Energy-3-1/bin/Release/net8.0
// BeforeAnythingElse

// Benchmark Process Environment Information:
// BenchmarkDotNet v0.15.5-develop (2025-12-31)
// Runtime=.NET 8.0.21 (8.0.21, 8.0.2125.47513), X64 RyuJIT x86-64-v4
// GC=Concurrent Workstation
// HardwareIntrinsics=AVX512 IFMA+VBMI,AVX512 F+BW+CD+DQ+VL,AVX2+BMI1+BMI2+F16C+FMA+LZCNT+MOVBE,AVX,SSE3+SSSE3+SSE4.1+SSE4.2+POPCNT,X86Base+SSE+SSE2,AES+PCLMUL VectorSize=256
// Job: Overhead-Fixed-Energy-3(OutlierMode=DontRemove, IterationCount=15, IterationTime=1s, LaunchCount=1, WarmupCount=6)

OverheadJitting  1: 1 op, 138765.00 ns, 138.7650 us/op, 0.00 uJpkg, 0.00 uJdram
WorkloadJitting  1: 1 op, 112597632.00 ns, 112.5976 ms/op, 7339153.00 uJpkg, 0.00 uJdram

WorkloadPilot    1: 4 op, 1867176.00 ns, 466.7940 us/op, 140441.00 uJpkg, 0.00 uJdram
WorkloadPilot    2: 2142 op, 414786781.00 ns, 193.6446 us/op, 32512612.00 uJpkg, 0.00 uJdram
WorkloadPilot    3: 5164 op, 780656049.00 ns, 151.1727 us/op, 64257282.00 uJpkg, 0.00 uJdram
WorkloadPilot    4: 6615 op, 999320753.00 ns, 151.0689 us/op, 81775670.00 uJpkg, 0.00 uJdram
WorkloadPilot    5: 6619 op, 1000019177.00 ns, 151.0831 us/op, 81539647.00 uJpkg, 0.00 uJdram

WorkloadWarmup   1: 6619 op, 1002668293.00 ns, 151.4833 us/op, 82271212.00 uJpkg, 0.00 uJdram
WorkloadWarmup   2: 6619 op, 1005966336.00 ns, 151.9816 us/op, 82209323.00 uJpkg, 0.00 uJdram
WorkloadWarmup   3: 6619 op, 1004184395.00 ns, 151.7124 us/op, 82219516.00 uJpkg, 0.00 uJdram
WorkloadWarmup   4: 6619 op, 1003432157.00 ns, 151.5988 us/op, 82063816.00 uJpkg, 0.00 uJdram
WorkloadWarmup   5: 6619 op, 1004692026.00 ns, 151.7891 us/op, 82944673.00 uJpkg, 0.00 uJdram
WorkloadWarmup   6: 6619 op, 1002861264.00 ns, 151.5125 us/op, 82453951.00 uJpkg, 0.00 uJdram

// BeforeActualRun
WorkloadActual   1: 6619 op, 1006372610.00 ns, 152.0430 us/op, 84169218.00 uJpkg, 0.00 uJdram
WorkloadActual   2: 6619 op, 1004314683.00 ns, 151.7321 us/op, 82488802.00 uJpkg, 0.00 uJdram
WorkloadActual   3: 6619 op, 1003083107.00 ns, 151.5460 us/op, 82580294.00 uJpkg, 0.00 uJdram
WorkloadActual   4: 6619 op, 1002926700.00 ns, 151.5224 us/op, 82473665.00 uJpkg, 0.00 uJdram
WorkloadActual   5: 6619 op, 1003118427.00 ns, 151.5514 us/op, 82736055.00 uJpkg, 0.00 uJdram
WorkloadActual   6: 6619 op, 1003447898.00 ns, 151.6011 us/op, 83781768.00 uJpkg, 0.00 uJdram
WorkloadActual   7: 6619 op, 1005411378.00 ns, 151.8978 us/op, 82531405.00 uJpkg, 0.00 uJdram
WorkloadActual   8: 6619 op, 1003063570.00 ns, 151.5431 us/op, 82552096.00 uJpkg, 0.00 uJdram
WorkloadActual   9: 6619 op, 1002259088.00 ns, 151.4215 us/op, 82142368.00 uJpkg, 0.00 uJdram
WorkloadActual  10: 6619 op, 1004830712.00 ns, 151.8100 us/op, 82312106.00 uJpkg, 0.00 uJdram
WorkloadActual  11: 6619 op, 1003625233.00 ns, 151.6279 us/op, 83013521.00 uJpkg, 0.00 uJdram
WorkloadActual  12: 6619 op, 1003523914.00 ns, 151.6126 us/op, 82610812.00 uJpkg, 0.00 uJdram
WorkloadActual  13: 6619 op, 1002442634.00 ns, 151.4493 us/op, 82493075.00 uJpkg, 0.00 uJdram
WorkloadActual  14: 6619 op, 1002985506.00 ns, 151.5313 us/op, 82459079.00 uJpkg, 0.00 uJdram
WorkloadActual  15: 6619 op, 1003423136.00 ns, 151.5974 us/op, 82709872.00 uJpkg, 0.00 uJdram

// AfterActualRun
WorkloadResult   1: 6619 op, 1006372610.00 ns, 152.0430 us/op, 84169218.00 uJpkg, 0.00 uJdram
WorkloadResult   2: 6619 op, 1004314683.00 ns, 151.7321 us/op, 82488802.00 uJpkg, 0.00 uJdram
WorkloadResult   3: 6619 op, 1003083107.00 ns, 151.5460 us/op, 82580294.00 uJpkg, 0.00 uJdram
WorkloadResult   4: 6619 op, 1002926700.00 ns, 151.5224 us/op, 82473665.00 uJpkg, 0.00 uJdram
WorkloadResult   5: 6619 op, 1003118427.00 ns, 151.5514 us/op, 82736055.00 uJpkg, 0.00 uJdram
WorkloadResult   6: 6619 op, 1003447898.00 ns, 151.6011 us/op, 83781768.00 uJpkg, 0.00 uJdram
WorkloadResult   7: 6619 op, 1005411378.00 ns, 151.8978 us/op, 82531405.00 uJpkg, 0.00 uJdram
WorkloadResult   8: 6619 op, 1003063570.00 ns, 151.5431 us/op, 82552096.00 uJpkg, 0.00 uJdram
WorkloadResult   9: 6619 op, 1002259088.00 ns, 151.4215 us/op, 82142368.00 uJpkg, 0.00 uJdram
WorkloadResult  10: 6619 op, 1004830712.00 ns, 151.8100 us/op, 82312106.00 uJpkg, 0.00 uJdram
WorkloadResult  11: 6619 op, 1003625233.00 ns, 151.6279 us/op, 83013521.00 uJpkg, 0.00 uJdram
WorkloadResult  12: 6619 op, 1003523914.00 ns, 151.6126 us/op, 82610812.00 uJpkg, 0.00 uJdram
WorkloadResult  13: 6619 op, 1002442634.00 ns, 151.4493 us/op, 82493075.00 uJpkg, 0.00 uJdram
WorkloadResult  14: 6619 op, 1002985506.00 ns, 151.5313 us/op, 82459079.00 uJpkg, 0.00 uJdram
WorkloadResult  15: 6619 op, 1003423136.00 ns, 151.5974 us/op, 82709872.00 uJpkg, 0.00 uJdram

// AfterAll
// Benchmark Process 4052792 has exited with code 0.

Mean = 151.632 μs, StdErr = 0.044 μs (0.03%), N = 15, StdDev = 0.170 μs
Min = 151.422 μs, Q1 = 151.537 μs, Median = 151.597 μs, Q3 = 151.680 μs, Max = 152.043 μs
IQR = 0.143 μs, LowerFence = 151.323 μs, UpperFence = 151.894 μs
ConfidenceInterval = [151.451 μs; 151.814 μs] (CI 99.9%), Margin = 0.182 μs (0.12% of Mean)
Skewness = 1.01, Kurtosis = 3.02, MValue = 2

// ** Remained 25 (83.3%) benchmark(s) to run. Estimated finish 2025-12-31 18:50 (0h 10m from now) **
// **************************
// Benchmark: JsonSerializationBenchmarks.STJ_Deserialize_Medium: Overhead-Fixed-Energy-3(OutlierMode=DontRemove, IterationCount=15, IterationTime=1s, LaunchCount=1, WarmupCount=6)
// *** Execute ***
// Launch: 1 / 1
// Execute: dotnet Serialization.Bench-Overhead-Fixed-Energy-3-1.dll --anonymousPipes 103 104 --benchmarkName Serialization.Bench.JsonSerializationBenchmarks.STJ_Deserialize_Medium --job Overhead-Fixed-Energy-3 --benchmarkId 5 in /home/test/rapl-tests/lib-energy-bench/src/Serialization.Bench/bin/Release/net8.0/Serialization.Bench-Overhead-Fixed-Energy-3-1/bin/Release/net8.0
// BeforeAnythingElse

// Benchmark Process Environment Information:
// BenchmarkDotNet v0.15.5-develop (2025-12-31)
// Runtime=.NET 8.0.21 (8.0.21, 8.0.2125.47513), X64 RyuJIT x86-64-v4
// GC=Concurrent Workstation
// HardwareIntrinsics=AVX512 IFMA+VBMI,AVX512 F+BW+CD+DQ+VL,AVX2+BMI1+BMI2+F16C+FMA+LZCNT+MOVBE,AVX,SSE3+SSSE3+SSE4.1+SSE4.2+POPCNT,X86Base+SSE+SSE2,AES+PCLMUL VectorSize=256
// Job: Overhead-Fixed-Energy-3(OutlierMode=DontRemove, IterationCount=15, IterationTime=1s, LaunchCount=1, WarmupCount=6)

OverheadJitting  1: 1 op, 142897.00 ns, 142.8970 us/op, 59693.00 uJpkg, 0.00 uJdram
WorkloadJitting  1: 1 op, 288623.00 ns, 288.6230 us/op, 75744.00 uJpkg, 0.00 uJdram

OverheadJitting  2: 16 op, 391081.00 ns, 24.4426 us/op, 0.00 uJpkg, 0.00 uJdram
WorkloadJitting  2: 16 op, 2178758.00 ns, 136.1724 us/op, 221618.00 uJpkg, 0.00 uJdram

WorkloadPilot    1: 16 op, 1868562.00 ns, 116.7851 us/op, 74341.00 uJpkg, 0.00 uJdram
WorkloadPilot    2: 8576 op, 691940383.00 ns, 80.6833 us/op, 59563813.00 uJpkg, 0.00 uJdram
WorkloadPilot    3: 12400 op, 654526668.00 ns, 52.7844 us/op, 55432476.00 uJpkg, 0.00 uJdram
WorkloadPilot    4: 18960 op, 999136532.00 ns, 52.6971 us/op, 84539762.00 uJpkg, 0.00 uJdram
WorkloadPilot    5: 18976 op, 998492931.00 ns, 52.6187 us/op, 84364286.00 uJpkg, 0.00 uJdram
WorkloadPilot    6: 19008 op, 1000139693.00 ns, 52.6168 us/op, 84578580.00 uJpkg, 0.00 uJdram

OverheadWarmup   1: 19008 op, 67533.00 ns, 3.5529 ns/op, 0.00 uJpkg, 0.00 uJdram
OverheadWarmup   2: 19008 op, 66230.00 ns, 3.4843 ns/op, 0.00 uJpkg, 0.00 uJdram
OverheadWarmup   3: 19008 op, 66209.00 ns, 3.4832 ns/op, 0.00 uJpkg, 0.00 uJdram
OverheadWarmup   4: 19008 op, 66437.00 ns, 3.4952 ns/op, 0.00 uJpkg, 0.00 uJdram
OverheadWarmup   5: 19008 op, 66220.00 ns, 3.4838 ns/op, 0.00 uJpkg, 0.00 uJdram
OverheadWarmup   6: 19008 op, 66233.00 ns, 3.4845 ns/op, 0.00 uJpkg, 0.00 uJdram
OverheadWarmup   7: 19008 op, 66652.00 ns, 3.5065 ns/op, 86060.00 uJpkg, 0.00 uJdram
OverheadWarmup   8: 19008 op, 66216.00 ns, 3.4836 ns/op, 0.00 uJpkg, 0.00 uJdram

OverheadActual   1: 19008 op, 66229.00 ns, 3.4843 ns/op, 0.00 uJpkg, 0.00 uJdram
OverheadActual   2: 19008 op, 66229.00 ns, 3.4843 ns/op, 0.00 uJpkg, 0.00 uJdram
OverheadActual   3: 19008 op, 66376.00 ns, 3.4920 ns/op, 0.00 uJpkg, 0.00 uJdram
OverheadActual   4: 19008 op, 66230.00 ns, 3.4843 ns/op, 0.00 uJpkg, 0.00 uJdram
OverheadActual   5: 19008 op, 66235.00 ns, 3.4846 ns/op, 0.00 uJpkg, 0.00 uJdram
OverheadActual   6: 19008 op, 66597.00 ns, 3.5036 ns/op, 0.00 uJpkg, 0.00 uJdram
OverheadActual   7: 19008 op, 66214.00 ns, 3.4835 ns/op, 91736.00 uJpkg, 0.00 uJdram
OverheadActual   8: 19008 op, 66217.00 ns, 3.4836 ns/op, 0.00 uJpkg, 0.00 uJdram
OverheadActual   9: 19008 op, 71927.00 ns, 3.7840 ns/op, 0.00 uJpkg, 0.00 uJdram
OverheadActual  10: 19008 op, 66629.00 ns, 3.5053 ns/op, 0.00 uJpkg, 0.00 uJdram
OverheadActual  11: 19008 op, 66225.00 ns, 3.4841 ns/op, 0.00 uJpkg, 0.00 uJdram
OverheadActual  12: 19008 op, 66219.00 ns, 3.4837 ns/op, 76599.00 uJpkg, 0.00 uJdram
OverheadActual  13: 19008 op, 66479.00 ns, 3.4974 ns/op, 0.00 uJpkg, 0.00 uJdram
OverheadActual  14: 19008 op, 69664.00 ns, 3.6650 ns/op, 0.00 uJpkg, 0.00 uJdram
OverheadActual  15: 19008 op, 66228.00 ns, 3.4842 ns/op, 0.00 uJpkg, 0.00 uJdram

WorkloadWarmup   1: 19008 op, 1004192321.00 ns, 52.8300 us/op, 87250937.00 uJpkg, 0.00 uJdram
WorkloadWarmup   2: 19008 op, 1003254452.00 ns, 52.7806 us/op, 84884426.00 uJpkg, 0.00 uJdram
WorkloadWarmup   3: 19008 op, 1001789523.00 ns, 52.7036 us/op, 84592435.00 uJpkg, 0.00 uJdram
WorkloadWarmup   4: 19008 op, 1000577226.00 ns, 52.6398 us/op, 84254118.00 uJpkg, 0.00 uJdram
WorkloadWarmup   5: 19008 op, 1000080789.00 ns, 52.6137 us/op, 84746060.00 uJpkg, 0.00 uJdram
WorkloadWarmup   6: 19008 op, 1000041993.00 ns, 52.6116 us/op, 84794399.00 uJpkg, 0.00 uJdram

// BeforeActualRun
WorkloadActual   1: 19008 op, 1002031250.00 ns, 52.7163 us/op, 84819241.00 uJpkg, 0.00 uJdram
WorkloadActual   2: 19008 op, 1002274938.00 ns, 52.7291 us/op, 84743801.00 uJpkg, 0.00 uJdram
WorkloadActual   3: 19008 op, 1003251140.00 ns, 52.7805 us/op, 85176967.00 uJpkg, 0.00 uJdram
WorkloadActual   4: 19008 op, 1002349842.00 ns, 52.7331 us/op, 84630826.00 uJpkg, 0.00 uJdram
WorkloadActual   5: 19008 op, 1007520211.00 ns, 53.0051 us/op, 85645777.00 uJpkg, 0.00 uJdram
WorkloadActual   6: 19008 op, 1003511515.00 ns, 52.7942 us/op, 84893948.00 uJpkg, 0.00 uJdram
WorkloadActual   7: 19008 op, 1002223247.00 ns, 52.7264 us/op, 84562223.00 uJpkg, 0.00 uJdram
WorkloadActual   8: 19008 op, 1001947872.00 ns, 52.7119 us/op, 84652432.00 uJpkg, 0.00 uJdram
WorkloadActual   9: 19008 op, 1002952810.00 ns, 52.7648 us/op, 84904812.00 uJpkg, 0.00 uJdram
WorkloadActual  10: 19008 op, 1001252808.00 ns, 52.6753 us/op, 85488306.00 uJpkg, 0.00 uJdram
WorkloadActual  11: 19008 op, 1000406046.00 ns, 52.6308 us/op, 84139189.00 uJpkg, 0.00 uJdram
WorkloadActual  12: 19008 op, 1000498144.00 ns, 52.6356 us/op, 84316190.00 uJpkg, 0.00 uJdram
WorkloadActual  13: 19008 op, 1000195701.00 ns, 52.6197 us/op, 84742275.00 uJpkg, 0.00 uJdram
WorkloadActual  14: 19008 op, 999890617.00 ns, 52.6037 us/op, 83841460.00 uJpkg, 0.00 uJdram
WorkloadActual  15: 19008 op, 999512865.00 ns, 52.5838 us/op, 83914519.00 uJpkg, 0.00 uJdram

// AfterActualRun
WorkloadResult   1: 19008 op, 1001965020.00 ns, 52.7128 us/op, 84819241.00 uJpkg, 0.00 uJdram
WorkloadResult   2: 19008 op, 1002208708.00 ns, 52.7256 us/op, 84743801.00 uJpkg, 0.00 uJdram
WorkloadResult   3: 19008 op, 1003184910.00 ns, 52.7770 us/op, 85176967.00 uJpkg, 0.00 uJdram
WorkloadResult   4: 19008 op, 1002283612.00 ns, 52.7296 us/op, 84630826.00 uJpkg, 0.00 uJdram
WorkloadResult   5: 19008 op, 1007453981.00 ns, 53.0016 us/op, 85645777.00 uJpkg, 0.00 uJdram
WorkloadResult   6: 19008 op, 1003445285.00 ns, 52.7907 us/op, 84893948.00 uJpkg, 0.00 uJdram
WorkloadResult   7: 19008 op, 1002157017.00 ns, 52.7229 us/op, 84562223.00 uJpkg, 0.00 uJdram
WorkloadResult   8: 19008 op, 1001881642.00 ns, 52.7084 us/op, 84652432.00 uJpkg, 0.00 uJdram
WorkloadResult   9: 19008 op, 1002886580.00 ns, 52.7613 us/op, 84904812.00 uJpkg, 0.00 uJdram
WorkloadResult  10: 19008 op, 1001186578.00 ns, 52.6719 us/op, 85488306.00 uJpkg, 0.00 uJdram
WorkloadResult  11: 19008 op, 1000339816.00 ns, 52.6273 us/op, 84139189.00 uJpkg, 0.00 uJdram
WorkloadResult  12: 19008 op, 1000431914.00 ns, 52.6322 us/op, 84316190.00 uJpkg, 0.00 uJdram
WorkloadResult  13: 19008 op, 1000129471.00 ns, 52.6162 us/op, 84742275.00 uJpkg, 0.00 uJdram
WorkloadResult  14: 19008 op, 999824387.00 ns, 52.6002 us/op, 83841460.00 uJpkg, 0.00 uJdram
WorkloadResult  15: 19008 op, 999446635.00 ns, 52.5803 us/op, 83914519.00 uJpkg, 0.00 uJdram

// AfterAll
// Benchmark Process 4052812 has exited with code 0.

Mean = 52.711 μs, StdErr = 0.027 μs (0.05%), N = 15, StdDev = 0.104 μs
Min = 52.580 μs, Q1 = 52.630 μs, Median = 52.713 μs, Q3 = 52.745 μs, Max = 53.002 μs
IQR = 0.116 μs, LowerFence = 52.456 μs, UpperFence = 52.919 μs
ConfidenceInterval = [52.599 μs; 52.822 μs] (CI 99.9%), Margin = 0.111 μs (0.21% of Mean)
Skewness = 1.19, Kurtosis = 4.47, MValue = 2

// ** Remained 24 (80.0%) benchmark(s) to run. Estimated finish 2025-12-31 18:50 (0h 9m from now) **
// **************************
// Benchmark: JsonSerializationBenchmarks.Newtonsoft_Deserialize_Medium: Overhead-Fixed-Energy-3(OutlierMode=DontRemove, IterationCount=15, IterationTime=1s, LaunchCount=1, WarmupCount=6)
// *** Execute ***
// Launch: 1 / 1
// Execute: dotnet Serialization.Bench-Overhead-Fixed-Energy-3-1.dll --anonymousPipes 103 104 --benchmarkName Serialization.Bench.JsonSerializationBenchmarks.Newtonsoft_Deserialize_Medium --job Overhead-Fixed-Energy-3 --benchmarkId 6 in /home/test/rapl-tests/lib-energy-bench/src/Serialization.Bench/bin/Release/net8.0/Serialization.Bench-Overhead-Fixed-Energy-3-1/bin/Release/net8.0
// BeforeAnythingElse

// Benchmark Process Environment Information:
// BenchmarkDotNet v0.15.5-develop (2025-12-31)
// Runtime=.NET 8.0.21 (8.0.21, 8.0.2125.47513), X64 RyuJIT x86-64-v4
// GC=Concurrent Workstation
// HardwareIntrinsics=AVX512 IFMA+VBMI,AVX512 F+BW+CD+DQ+VL,AVX2+BMI1+BMI2+F16C+FMA+LZCNT+MOVBE,AVX,SSE3+SSSE3+SSE4.1+SSE4.2+POPCNT,X86Base+SSE+SSE2,AES+PCLMUL VectorSize=256
// Job: Overhead-Fixed-Energy-3(OutlierMode=DontRemove, IterationCount=15, IterationTime=1s, LaunchCount=1, WarmupCount=6)

OverheadJitting  1: 1 op, 142238.00 ns, 142.2380 us/op, 67504.00 uJpkg, 0.00 uJdram
WorkloadJitting  1: 1 op, 53420406.00 ns, 53.4204 ms/op, 3285636.00 uJpkg, 0.00 uJdram

OverheadJitting  2: 16 op, 393087.00 ns, 24.5679 us/op, 64270.00 uJpkg, 0.00 uJdram
WorkloadJitting  2: 16 op, 5714880.00 ns, 357.1800 us/op, 425536.00 uJpkg, 0.00 uJdram

WorkloadPilot    1: 16 op, 5024769.00 ns, 314.0481 us/op, 339598.00 uJpkg, 0.00 uJdram
WorkloadPilot    2: 3184 op, 465766966.00 ns, 146.2836 us/op, 38501671.00 uJpkg, 0.00 uJdram
WorkloadPilot    3: 6848 op, 467511479.00 ns, 68.2698 us/op, 39127708.00 uJpkg, 0.00 uJdram
WorkloadPilot    4: 14656 op, 1001518860.00 ns, 68.3351 us/op, 84546536.00 uJpkg, 0.00 uJdram
WorkloadPilot    5: 14640 op, 999140187.00 ns, 68.2473 us/op, 84922634.00 uJpkg, 0.00 uJdram
WorkloadPilot    6: 14656 op, 998156881.00 ns, 68.1057 us/op, 84567410.00 uJpkg, 0.00 uJdram
WorkloadPilot    7: 14688 op, 1005282678.00 ns, 68.4424 us/op, 85271938.00 uJpkg, 0.00 uJdram
WorkloadPilot    8: 14624 op, 994596048.00 ns, 68.0112 us/op, 84217619.00 uJpkg, 0.00 uJdram
WorkloadPilot    9: 14704 op, 1003975511.00 ns, 68.2791 us/op, 85005276.00 uJpkg, 0.00 uJdram

OverheadWarmup   1: 14704 op, 53286.00 ns, 3.6239 ns/op, 0.00 uJpkg, 0.00 uJdram
OverheadWarmup   2: 14704 op, 52298.00 ns, 3.5567 ns/op, 0.00 uJpkg, 0.00 uJdram
OverheadWarmup   3: 14704 op, 51302.00 ns, 3.4890 ns/op, 0.00 uJpkg, 0.00 uJdram
OverheadWarmup   4: 14704 op, 51294.00 ns, 3.4884 ns/op, 0.00 uJpkg, 0.00 uJdram
OverheadWarmup   5: 14704 op, 53729.00 ns, 3.6540 ns/op, 0.00 uJpkg, 0.00 uJdram
OverheadWarmup   6: 14704 op, 53461.00 ns, 3.6358 ns/op, 0.00 uJpkg, 0.00 uJdram
OverheadWarmup   7: 14704 op, 53468.00 ns, 3.6363 ns/op, 0.00 uJpkg, 0.00 uJdram
OverheadWarmup   8: 14704 op, 53471.00 ns, 3.6365 ns/op, 0.00 uJpkg, 0.00 uJdram
OverheadWarmup   9: 14704 op, 53824.00 ns, 3.6605 ns/op, 0.00 uJpkg, 0.00 uJdram
OverheadWarmup  10: 14704 op, 53465.00 ns, 3.6361 ns/op, 0.00 uJpkg, 0.00 uJdram

OverheadActual   1: 14704 op, 51293.00 ns, 3.4884 ns/op, 60730.00 uJpkg, 0.00 uJdram
OverheadActual   2: 14704 op, 51294.00 ns, 3.4884 ns/op, 0.00 uJpkg, 0.00 uJdram
OverheadActual   3: 14704 op, 51304.00 ns, 3.4891 ns/op, 0.00 uJpkg, 0.00 uJdram
OverheadActual   4: 14704 op, 55450.00 ns, 3.7711 ns/op, 0.00 uJpkg, 0.00 uJdram
OverheadActual   5: 14704 op, 51326.00 ns, 3.4906 ns/op, 0.00 uJpkg, 0.00 uJdram
OverheadActual   6: 14704 op, 51303.00 ns, 3.4891 ns/op, 0.00 uJpkg, 0.00 uJdram
OverheadActual   7: 14704 op, 56766.00 ns, 3.8606 ns/op, 0.00 uJpkg, 0.00 uJdram
OverheadActual   8: 14704 op, 51713.00 ns, 3.5169 ns/op, 0.00 uJpkg, 0.00 uJdram
OverheadActual   9: 14704 op, 54872.00 ns, 3.7318 ns/op, 0.00 uJpkg, 0.00 uJdram
OverheadActual  10: 14704 op, 53492.00 ns, 3.6379 ns/op, 0.00 uJpkg, 0.00 uJdram
OverheadActual  11: 14704 op, 53493.00 ns, 3.6380 ns/op, 0.00 uJpkg, 0.00 uJdram
OverheadActual  12: 14704 op, 53480.00 ns, 3.6371 ns/op, 0.00 uJpkg, 0.00 uJdram
OverheadActual  13: 14704 op, 51566.00 ns, 3.5069 ns/op, 0.00 uJpkg, 0.00 uJdram
OverheadActual  14: 14704 op, 51299.00 ns, 3.4888 ns/op, 0.00 uJpkg, 0.00 uJdram
OverheadActual  15: 14704 op, 51309.00 ns, 3.4895 ns/op, 0.00 uJpkg, 0.00 uJdram

WorkloadWarmup   1: 14704 op, 1009446525.00 ns, 68.6512 us/op, 88637712.00 uJpkg, 0.00 uJdram
WorkloadWarmup   2: 14704 op, 1011361025.00 ns, 68.7814 us/op, 85522303.00 uJpkg, 0.00 uJdram
WorkloadWarmup   3: 14704 op, 1013388816.00 ns, 68.9193 us/op, 85833642.00 uJpkg, 0.00 uJdram
WorkloadWarmup   4: 14704 op, 1002546910.00 ns, 68.1819 us/op, 84765407.00 uJpkg, 0.00 uJdram
WorkloadWarmup   5: 14704 op, 1003751126.00 ns, 68.2638 us/op, 84920742.00 uJpkg, 0.00 uJdram
WorkloadWarmup   6: 14704 op, 1002428751.00 ns, 68.1739 us/op, 84645352.00 uJpkg, 0.00 uJdram

// BeforeActualRun
WorkloadActual   1: 14704 op, 1007123681.00 ns, 68.4932 us/op, 85152125.00 uJpkg, 0.00 uJdram
WorkloadActual   2: 14704 op, 1007770505.00 ns, 68.5372 us/op, 85479151.00 uJpkg, 0.00 uJdram
WorkloadActual   3: 14704 op, 1006157367.00 ns, 68.4275 us/op, 85704370.00 uJpkg, 0.00 uJdram
WorkloadActual   4: 14704 op, 1007150104.00 ns, 68.4950 us/op, 85475428.00 uJpkg, 0.00 uJdram
WorkloadActual   5: 14704 op, 1007612501.00 ns, 68.5264 us/op, 85437343.00 uJpkg, 0.00 uJdram
WorkloadActual   6: 14704 op, 1007832820.00 ns, 68.5414 us/op, 85220424.00 uJpkg, 0.00 uJdram
WorkloadActual   7: 14704 op, 1009764003.00 ns, 68.6727 us/op, 85818261.00 uJpkg, 0.00 uJdram
WorkloadActual   8: 14704 op, 1010436585.00 ns, 68.7185 us/op, 85815271.00 uJpkg, 0.00 uJdram
WorkloadActual   9: 14704 op, 1002723309.00 ns, 68.1939 us/op, 84938931.00 uJpkg, 0.00 uJdram
WorkloadActual  10: 14704 op, 1000260104.00 ns, 68.0264 us/op, 85195644.00 uJpkg, 0.00 uJdram
WorkloadActual  11: 14704 op, 1000316402.00 ns, 68.0302 us/op, 84580228.00 uJpkg, 0.00 uJdram
WorkloadActual  12: 14704 op, 998332112.00 ns, 67.8953 us/op, 84244230.00 uJpkg, 0.00 uJdram
WorkloadActual  13: 14704 op, 998681162.00 ns, 67.9190 us/op, 84382901.00 uJpkg, 0.00 uJdram
WorkloadActual  14: 14704 op, 998617870.00 ns, 67.9147 us/op, 84519131.00 uJpkg, 0.00 uJdram
WorkloadActual  15: 14704 op, 998169266.00 ns, 67.8842 us/op, 84364713.00 uJpkg, 0.00 uJdram

// AfterActualRun
WorkloadResult   1: 14704 op, 1007072115.00 ns, 68.4897 us/op, 85152125.00 uJpkg, 0.00 uJdram
WorkloadResult   2: 14704 op, 1007718939.00 ns, 68.5337 us/op, 85479151.00 uJpkg, 0.00 uJdram
WorkloadResult   3: 14704 op, 1006105801.00 ns, 68.4240 us/op, 85704370.00 uJpkg, 0.00 uJdram
WorkloadResult   4: 14704 op, 1007098538.00 ns, 68.4915 us/op, 85475428.00 uJpkg, 0.00 uJdram
WorkloadResult   5: 14704 op, 1007560935.00 ns, 68.5229 us/op, 85437343.00 uJpkg, 0.00 uJdram
WorkloadResult   6: 14704 op, 1007781254.00 ns, 68.5379 us/op, 85220424.00 uJpkg, 0.00 uJdram
WorkloadResult   7: 14704 op, 1009712437.00 ns, 68.6692 us/op, 85818261.00 uJpkg, 0.00 uJdram
WorkloadResult   8: 14704 op, 1010385019.00 ns, 68.7150 us/op, 85815271.00 uJpkg, 0.00 uJdram
WorkloadResult   9: 14704 op, 1002671743.00 ns, 68.1904 us/op, 84938931.00 uJpkg, 0.00 uJdram
WorkloadResult  10: 14704 op, 1000208538.00 ns, 68.0229 us/op, 85195644.00 uJpkg, 0.00 uJdram
WorkloadResult  11: 14704 op, 1000264836.00 ns, 68.0267 us/op, 84580228.00 uJpkg, 0.00 uJdram
WorkloadResult  12: 14704 op, 998280546.00 ns, 67.8918 us/op, 84244230.00 uJpkg, 0.00 uJdram
WorkloadResult  13: 14704 op, 998629596.00 ns, 67.9155 us/op, 84382901.00 uJpkg, 0.00 uJdram
WorkloadResult  14: 14704 op, 998566304.00 ns, 67.9112 us/op, 84519131.00 uJpkg, 0.00 uJdram
WorkloadResult  15: 14704 op, 998117700.00 ns, 67.8807 us/op, 84364713.00 uJpkg, 0.00 uJdram

// AfterAll
// Benchmark Process 4052830 has exited with code 0.

Mean = 68.282 μs, StdErr = 0.080 μs (0.12%), N = 15, StdDev = 0.311 μs
Min = 67.881 μs, Q1 = 67.969 μs, Median = 68.424 μs, Q3 = 68.528 μs, Max = 68.715 μs
IQR = 0.559 μs, LowerFence = 67.131 μs, UpperFence = 69.367 μs
ConfidenceInterval = [67.949 μs; 68.614 μs] (CI 99.9%), Margin = 0.333 μs (0.49% of Mean)
Skewness = -0.11, Kurtosis = 1.19, MValue = 2

// ** Remained 23 (76.7%) benchmark(s) to run. Estimated finish 2025-12-31 18:51 (0h 9m from now) **
// **************************
// Benchmark: JsonSerializationBenchmarks.Jil_Deserialize_Medium: Overhead-Fixed-Energy-3(OutlierMode=DontRemove, IterationCount=15, IterationTime=1s, LaunchCount=1, WarmupCount=6)
// *** Execute ***
// Launch: 1 / 1
// Execute: dotnet Serialization.Bench-Overhead-Fixed-Energy-3-1.dll --anonymousPipes 103 104 --benchmarkName Serialization.Bench.JsonSerializationBenchmarks.Jil_Deserialize_Medium --job Overhead-Fixed-Energy-3 --benchmarkId 7 in /home/test/rapl-tests/lib-energy-bench/src/Serialization.Bench/bin/Release/net8.0/Serialization.Bench-Overhead-Fixed-Energy-3-1/bin/Release/net8.0
// BeforeAnythingElse

// Benchmark Process Environment Information:
// BenchmarkDotNet v0.15.5-develop (2025-12-31)
// Runtime=.NET 8.0.21 (8.0.21, 8.0.2125.47513), X64 RyuJIT x86-64-v4
// GC=Concurrent Workstation
// HardwareIntrinsics=AVX512 IFMA+VBMI,AVX512 F+BW+CD+DQ+VL,AVX2+BMI1+BMI2+F16C+FMA+LZCNT+MOVBE,AVX,SSE3+SSSE3+SSE4.1+SSE4.2+POPCNT,X86Base+SSE+SSE2,AES+PCLMUL VectorSize=256
// Job: Overhead-Fixed-Energy-3(OutlierMode=DontRemove, IterationCount=15, IterationTime=1s, LaunchCount=1, WarmupCount=6)

OverheadJitting  1: 1 op, 144014.00 ns, 144.0140 us/op, 62012.00 uJpkg, 0.00 uJdram
WorkloadJitting  1: 1 op, 199756364.00 ns, 199.7564 ms/op, 12800688.00 uJpkg, 0.00 uJdram

WorkloadPilot    1: 4 op, 780545.00 ns, 195.1363 us/op, 63171.00 uJpkg, 0.00 uJdram
WorkloadPilot    2: 5125 op, 384623500.00 ns, 75.0485 us/op, 29505722.00 uJpkg, 0.00 uJdram
WorkloadPilot    3: 13325 op, 744718132.00 ns, 55.8888 us/op, 59894500.00 uJpkg, 0.00 uJdram
WorkloadPilot    4: 17893 op, 996715668.00 ns, 55.7042 us/op, 79857339.00 uJpkg, 0.00 uJdram
WorkloadPilot    5: 17952 op, 999850978.00 ns, 55.6958 us/op, 80897803.00 uJpkg, 0.00 uJdram
WorkloadPilot    6: 17955 op, 1000890734.00 ns, 55.7444 us/op, 80943030.00 uJpkg, 0.00 uJdram
WorkloadPilot    7: 17939 op, 1002162800.00 ns, 55.8650 us/op, 80285195.00 uJpkg, 0.00 uJdram
WorkloadPilot    8: 17900 op, 998865391.00 ns, 55.8025 us/op, 79924234.00 uJpkg, 0.00 uJdram
WorkloadPilot    9: 17920 op, 1000159056.00 ns, 55.8124 us/op, 80016031.00 uJpkg, 0.00 uJdram

WorkloadWarmup   1: 17920 op, 997629063.00 ns, 55.6713 us/op, 81018042.00 uJpkg, 0.00 uJdram
WorkloadWarmup   2: 17920 op, 1000346167.00 ns, 55.8229 us/op, 80529945.00 uJpkg, 0.00 uJdram
WorkloadWarmup   3: 17920 op, 1001236223.00 ns, 55.8726 us/op, 80623756.00 uJpkg, 0.00 uJdram
WorkloadWarmup   4: 17920 op, 997905356.00 ns, 55.6867 us/op, 80247903.00 uJpkg, 0.00 uJdram
WorkloadWarmup   5: 17920 op, 996612724.00 ns, 55.6145 us/op, 80080239.00 uJpkg, 0.00 uJdram
WorkloadWarmup   6: 17920 op, 996170411.00 ns, 55.5899 us/op, 79590799.00 uJpkg, 0.00 uJdram

// BeforeActualRun
WorkloadActual   1: 17920 op, 998680045.00 ns, 55.7299 us/op, 79797220.00 uJpkg, 0.00 uJdram
WorkloadActual   2: 17920 op, 1000662163.00 ns, 55.8405 us/op, 81380224.00 uJpkg, 0.00 uJdram
WorkloadActual   3: 17920 op, 999773312.00 ns, 55.7909 us/op, 80333901.00 uJpkg, 0.00 uJdram
WorkloadActual   4: 17920 op, 1000380838.00 ns, 55.8248 us/op, 79824319.00 uJpkg, 0.00 uJdram
WorkloadActual   5: 17920 op, 1000410752.00 ns, 55.8265 us/op, 80094582.00 uJpkg, 0.00 uJdram
WorkloadActual   6: 17920 op, 999744383.00 ns, 55.7893 us/op, 80370522.00 uJpkg, 0.00 uJdram
WorkloadActual   7: 17920 op, 997324817.00 ns, 55.6543 us/op, 79902445.00 uJpkg, 0.00 uJdram
WorkloadActual   8: 17920 op, 1000286044.00 ns, 55.8195 us/op, 80557044.00 uJpkg, 0.00 uJdram
WorkloadActual   9: 17920 op, 996818211.00 ns, 55.6260 us/op, 80037820.00 uJpkg, 0.00 uJdram
WorkloadActual  10: 17920 op, 995688083.00 ns, 55.5630 us/op, 79768351.00 uJpkg, 0.00 uJdram
WorkloadActual  11: 17920 op, 995465155.00 ns, 55.5505 us/op, 79437174.00 uJpkg, 0.00 uJdram
WorkloadActual  12: 17920 op, 996305492.00 ns, 55.5974 us/op, 79517924.00 uJpkg, 0.00 uJdram
WorkloadActual  13: 17920 op, 996297837.00 ns, 55.5970 us/op, 80082620.00 uJpkg, 0.00 uJdram
WorkloadActual  14: 17920 op, 997338815.00 ns, 55.6551 us/op, 79768656.00 uJpkg, 0.00 uJdram
WorkloadActual  15: 17920 op, 998182741.00 ns, 55.7022 us/op, 79996438.00 uJpkg, 0.00 uJdram

// AfterActualRun
WorkloadResult   1: 17920 op, 998680045.00 ns, 55.7299 us/op, 79797220.00 uJpkg, 0.00 uJdram
WorkloadResult   2: 17920 op, 1000662163.00 ns, 55.8405 us/op, 81380224.00 uJpkg, 0.00 uJdram
WorkloadResult   3: 17920 op, 999773312.00 ns, 55.7909 us/op, 80333901.00 uJpkg, 0.00 uJdram
WorkloadResult   4: 17920 op, 1000380838.00 ns, 55.8248 us/op, 79824319.00 uJpkg, 0.00 uJdram
WorkloadResult   5: 17920 op, 1000410752.00 ns, 55.8265 us/op, 80094582.00 uJpkg, 0.00 uJdram
WorkloadResult   6: 17920 op, 999744383.00 ns, 55.7893 us/op, 80370522.00 uJpkg, 0.00 uJdram
WorkloadResult   7: 17920 op, 997324817.00 ns, 55.6543 us/op, 79902445.00 uJpkg, 0.00 uJdram
WorkloadResult   8: 17920 op, 1000286044.00 ns, 55.8195 us/op, 80557044.00 uJpkg, 0.00 uJdram
WorkloadResult   9: 17920 op, 996818211.00 ns, 55.6260 us/op, 80037820.00 uJpkg, 0.00 uJdram
WorkloadResult  10: 17920 op, 995688083.00 ns, 55.5630 us/op, 79768351.00 uJpkg, 0.00 uJdram
WorkloadResult  11: 17920 op, 995465155.00 ns, 55.5505 us/op, 79437174.00 uJpkg, 0.00 uJdram
WorkloadResult  12: 17920 op, 996305492.00 ns, 55.5974 us/op, 79517924.00 uJpkg, 0.00 uJdram
WorkloadResult  13: 17920 op, 996297837.00 ns, 55.5970 us/op, 80082620.00 uJpkg, 0.00 uJdram
WorkloadResult  14: 17920 op, 997338815.00 ns, 55.6551 us/op, 79768656.00 uJpkg, 0.00 uJdram
WorkloadResult  15: 17920 op, 998182741.00 ns, 55.7022 us/op, 79996438.00 uJpkg, 0.00 uJdram

// AfterAll
// Benchmark Process 4052847 has exited with code 0.

Mean = 55.704 μs, StdErr = 0.027 μs (0.05%), N = 15, StdDev = 0.105 μs
Min = 55.551 μs, Q1 = 55.612 μs, Median = 55.702 μs, Q3 = 55.805 μs, Max = 55.841 μs
IQR = 0.194 μs, LowerFence = 55.321 μs, UpperFence = 56.096 μs
ConfidenceInterval = [55.592 μs; 55.817 μs] (CI 99.9%), Margin = 0.112 μs (0.20% of Mean)
Skewness = -0.05, Kurtosis = 1.28, MValue = 2

// ** Remained 22 (73.3%) benchmark(s) to run. Estimated finish 2025-12-31 18:51 (0h 9m from now) **
// **************************
// Benchmark: JsonSerializationBenchmarks.Utf8Json_Deserialize_Medium: Overhead-Fixed-Energy-3(OutlierMode=DontRemove, IterationCount=15, IterationTime=1s, LaunchCount=1, WarmupCount=6)
// *** Execute ***
// Launch: 1 / 1
// Execute: dotnet Serialization.Bench-Overhead-Fixed-Energy-3-1.dll --anonymousPipes 103 104 --benchmarkName Serialization.Bench.JsonSerializationBenchmarks.Utf8Json_Deserialize_Medium --job Overhead-Fixed-Energy-3 --benchmarkId 8 in /home/test/rapl-tests/lib-energy-bench/src/Serialization.Bench/bin/Release/net8.0/Serialization.Bench-Overhead-Fixed-Energy-3-1/bin/Release/net8.0
// BeforeAnythingElse

// Benchmark Process Environment Information:
// BenchmarkDotNet v0.15.5-develop (2025-12-31)
// Runtime=.NET 8.0.21 (8.0.21, 8.0.2125.47513), X64 RyuJIT x86-64-v4
// GC=Concurrent Workstation
// HardwareIntrinsics=AVX512 IFMA+VBMI,AVX512 F+BW+CD+DQ+VL,AVX2+BMI1+BMI2+F16C+FMA+LZCNT+MOVBE,AVX,SSE3+SSSE3+SSE4.1+SSE4.2+POPCNT,X86Base+SSE+SSE2,AES+PCLMUL VectorSize=256
// Job: Overhead-Fixed-Energy-3(OutlierMode=DontRemove, IterationCount=15, IterationTime=1s, LaunchCount=1, WarmupCount=6)

OverheadJitting  1: 1 op, 142876.00 ns, 142.8760 us/op, 53345.00 uJpkg, 0.00 uJdram
WorkloadJitting  1: 1 op, 56369160.00 ns, 56.3692 ms/op, 3509085.00 uJpkg, 0.00 uJdram

OverheadJitting  2: 16 op, 401311.00 ns, 25.0819 us/op, 73242.00 uJpkg, 0.00 uJdram
WorkloadJitting  2: 16 op, 4962033.00 ns, 310.1271 us/op, 358031.00 uJpkg, 0.00 uJdram

WorkloadPilot    1: 16 op, 4189585.00 ns, 261.8491 us/op, 280822.00 uJpkg, 0.00 uJdram
WorkloadPilot    2: 3824 op, 609812750.00 ns, 159.4699 us/op, 50510613.00 uJpkg, 0.00 uJdram
WorkloadPilot    3: 6272 op, 403592117.00 ns, 64.3482 us/op, 36023102.00 uJpkg, 0.00 uJdram
WorkloadPilot    4: 15552 op, 967433273.00 ns, 62.2064 us/op, 81441503.00 uJpkg, 0.00 uJdram
WorkloadPilot    5: 16080 op, 1000117664.00 ns, 62.1964 us/op, 84118010.00 uJpkg, 0.00 uJdram

OverheadWarmup   1: 16080 op, 56448.00 ns, 3.5104 ns/op, 0.00 uJpkg, 0.00 uJdram
OverheadWarmup   2: 16080 op, 59867.00 ns, 3.7231 ns/op, 0.00 uJpkg, 0.00 uJdram
OverheadWarmup   3: 16080 op, 56076.00 ns, 3.4873 ns/op, 0.00 uJpkg, 0.00 uJdram
OverheadWarmup   4: 16080 op, 56076.00 ns, 3.4873 ns/op, 0.00 uJpkg, 0.00 uJdram
OverheadWarmup   5: 16080 op, 56500.00 ns, 3.5137 ns/op, 0.00 uJpkg, 0.00 uJdram

OverheadActual   1: 16080 op, 56081.00 ns, 3.4876 ns/op, 0.00 uJpkg, 0.00 uJdram
OverheadActual   2: 16080 op, 56081.00 ns, 3.4876 ns/op, 0.00 uJpkg, 0.00 uJdram
OverheadActual   3: 16080 op, 56064.00 ns, 3.4866 ns/op, 0.00 uJpkg, 0.00 uJdram
OverheadActual   4: 16080 op, 56493.00 ns, 3.5132 ns/op, 0.00 uJpkg, 0.00 uJdram
OverheadActual   5: 16080 op, 56074.00 ns, 3.4872 ns/op, 0.00 uJpkg, 0.00 uJdram
OverheadActual   6: 16080 op, 59970.00 ns, 3.7295 ns/op, 0.00 uJpkg, 0.00 uJdram
OverheadActual   7: 16080 op, 56062.00 ns, 3.4864 ns/op, 0.00 uJpkg, 0.00 uJdram
OverheadActual   8: 16080 op, 56410.00 ns, 3.5081 ns/op, 0.00 uJpkg, 0.00 uJdram
OverheadActual   9: 16080 op, 56076.00 ns, 3.4873 ns/op, 0.00 uJpkg, 0.00 uJdram
OverheadActual  10: 16080 op, 58445.00 ns, 3.6346 ns/op, 0.00 uJpkg, 0.00 uJdram
OverheadActual  11: 16080 op, 56090.00 ns, 3.4882 ns/op, 0.00 uJpkg, 0.00 uJdram
OverheadActual  12: 16080 op, 56699.00 ns, 3.5261 ns/op, 72449.00 uJpkg, 0.00 uJdram
OverheadActual  13: 16080 op, 56069.00 ns, 3.4869 ns/op, 0.00 uJpkg, 0.00 uJdram
OverheadActual  14: 16080 op, 56073.00 ns, 3.4871 ns/op, 0.00 uJpkg, 0.00 uJdram
OverheadActual  15: 16080 op, 56075.00 ns, 3.4873 ns/op, 0.00 uJpkg, 0.00 uJdram

WorkloadWarmup   1: 16080 op, 1002953179.00 ns, 62.3727 us/op, 86420739.00 uJpkg, 0.00 uJdram
WorkloadWarmup   2: 16080 op, 1000608130.00 ns, 62.2269 us/op, 84129240.00 uJpkg, 0.00 uJdram
WorkloadWarmup   3: 16080 op, 997587857.00 ns, 62.0390 us/op, 83663299.00 uJpkg, 0.00 uJdram
WorkloadWarmup   4: 16080 op, 995476144.00 ns, 61.9077 us/op, 83247955.00 uJpkg, 0.00 uJdram
WorkloadWarmup   5: 16080 op, 997938559.00 ns, 62.0609 us/op, 83254426.00 uJpkg, 0.00 uJdram
WorkloadWarmup   6: 16080 op, 996310017.00 ns, 61.9596 us/op, 83179413.00 uJpkg, 0.00 uJdram

// BeforeActualRun
WorkloadActual   1: 16080 op, 999205296.00 ns, 62.1396 us/op, 84030668.00 uJpkg, 0.00 uJdram
WorkloadActual   2: 16080 op, 997827508.00 ns, 62.0539 us/op, 84211210.00 uJpkg, 0.00 uJdram
WorkloadActual   3: 16080 op, 997152509.00 ns, 62.0120 us/op, 83827849.00 uJpkg, 0.00 uJdram
WorkloadActual   4: 16080 op, 997466652.00 ns, 62.0315 us/op, 83727264.00 uJpkg, 0.00 uJdram
WorkloadActual   5: 16080 op, 997737153.00 ns, 62.0483 us/op, 84057768.00 uJpkg, 0.00 uJdram
WorkloadActual   6: 16080 op, 996460123.00 ns, 61.9689 us/op, 83692107.00 uJpkg, 0.00 uJdram
WorkloadActual   7: 16080 op, 996913138.00 ns, 61.9971 us/op, 83488983.00 uJpkg, 0.00 uJdram
WorkloadActual   8: 16080 op, 996786183.00 ns, 61.9892 us/op, 83533416.00 uJpkg, 0.00 uJdram
WorkloadActual   9: 16080 op, 994740787.00 ns, 61.8620 us/op, 83422944.00 uJpkg, 0.00 uJdram
WorkloadActual  10: 16080 op, 997521304.00 ns, 62.0349 us/op, 84460965.00 uJpkg, 0.00 uJdram
WorkloadActual  11: 16080 op, 1002493097.00 ns, 62.3441 us/op, 84297086.00 uJpkg, 0.00 uJdram
WorkloadActual  12: 16080 op, 999548690.00 ns, 62.1610 us/op, 83933989.00 uJpkg, 0.00 uJdram
WorkloadActual  13: 16080 op, 1002394135.00 ns, 62.3379 us/op, 83940947.00 uJpkg, 0.00 uJdram
WorkloadActual  14: 16080 op, 1005706716.00 ns, 62.5440 us/op, 85209133.00 uJpkg, 0.00 uJdram
WorkloadActual  15: 16080 op, 1003599042.00 ns, 62.4129 us/op, 84286466.00 uJpkg, 0.00 uJdram

// AfterActualRun
WorkloadResult   1: 16080 op, 999149215.00 ns, 62.1361 us/op, 84030668.00 uJpkg, 0.00 uJdram
WorkloadResult   2: 16080 op, 997771427.00 ns, 62.0505 us/op, 84211210.00 uJpkg, 0.00 uJdram
WorkloadResult   3: 16080 op, 997096428.00 ns, 62.0085 us/op, 83827849.00 uJpkg, 0.00 uJdram
WorkloadResult   4: 16080 op, 997410571.00 ns, 62.0280 us/op, 83727264.00 uJpkg, 0.00 uJdram
WorkloadResult   5: 16080 op, 997681072.00 ns, 62.0448 us/op, 84057768.00 uJpkg, 0.00 uJdram
WorkloadResult   6: 16080 op, 996404042.00 ns, 61.9654 us/op, 83692107.00 uJpkg, 0.00 uJdram
WorkloadResult   7: 16080 op, 996857057.00 ns, 61.9936 us/op, 83488983.00 uJpkg, 0.00 uJdram
WorkloadResult   8: 16080 op, 996730102.00 ns, 61.9857 us/op, 83533416.00 uJpkg, 0.00 uJdram
WorkloadResult   9: 16080 op, 994684706.00 ns, 61.8585 us/op, 83422944.00 uJpkg, 0.00 uJdram
WorkloadResult  10: 16080 op, 997465223.00 ns, 62.0314 us/op, 84460965.00 uJpkg, 0.00 uJdram
WorkloadResult  11: 16080 op, 1002437016.00 ns, 62.3406 us/op, 84297086.00 uJpkg, 0.00 uJdram
WorkloadResult  12: 16080 op, 999492609.00 ns, 62.1575 us/op, 83933989.00 uJpkg, 0.00 uJdram
WorkloadResult  13: 16080 op, 1002338054.00 ns, 62.3345 us/op, 83940947.00 uJpkg, 0.00 uJdram
WorkloadResult  14: 16080 op, 1005650635.00 ns, 62.5405 us/op, 85209133.00 uJpkg, 0.00 uJdram
WorkloadResult  15: 16080 op, 1003542961.00 ns, 62.4094 us/op, 84286466.00 uJpkg, 0.00 uJdram

// AfterAll
// Benchmark Process 4052863 has exited with code 0.

Mean = 62.126 μs, StdErr = 0.050 μs (0.08%), N = 15, StdDev = 0.193 μs
Min = 61.859 μs, Q1 = 62.001 μs, Median = 62.045 μs, Q3 = 62.246 μs, Max = 62.540 μs
IQR = 0.245 μs, LowerFence = 61.634 μs, UpperFence = 62.613 μs
ConfidenceInterval = [61.919 μs; 62.332 μs] (CI 99.9%), Margin = 0.206 μs (0.33% of Mean)
Skewness = 0.75, Kurtosis = 2.25, MValue = 2

// ** Remained 21 (70.0%) benchmark(s) to run. Estimated finish 2025-12-31 18:51 (0h 8m from now) **
// **************************
// Benchmark: JsonSerializationBenchmarks.SpanJson_Deserialize_Medium: Overhead-Fixed-Energy-3(OutlierMode=DontRemove, IterationCount=15, IterationTime=1s, LaunchCount=1, WarmupCount=6)
// *** Execute ***
// Launch: 1 / 1
// Execute: dotnet Serialization.Bench-Overhead-Fixed-Energy-3-1.dll --anonymousPipes 103 104 --benchmarkName Serialization.Bench.JsonSerializationBenchmarks.SpanJson_Deserialize_Medium --job Overhead-Fixed-Energy-3 --benchmarkId 9 in /home/test/rapl-tests/lib-energy-bench/src/Serialization.Bench/bin/Release/net8.0/Serialization.Bench-Overhead-Fixed-Energy-3-1/bin/Release/net8.0
// BeforeAnythingElse

// Benchmark Process Environment Information:
// BenchmarkDotNet v0.15.5-develop (2025-12-31)
// Runtime=.NET 8.0.21 (8.0.21, 8.0.2125.47513), X64 RyuJIT x86-64-v4
// GC=Concurrent Workstation
// HardwareIntrinsics=AVX512 IFMA+VBMI,AVX512 F+BW+CD+DQ+VL,AVX2+BMI1+BMI2+F16C+FMA+LZCNT+MOVBE,AVX,SSE3+SSSE3+SSE4.1+SSE4.2+POPCNT,X86Base+SSE+SSE2,AES+PCLMUL VectorSize=256
// Job: Overhead-Fixed-Energy-3(OutlierMode=DontRemove, IterationCount=15, IterationTime=1s, LaunchCount=1, WarmupCount=6)

OverheadJitting  1: 1 op, 141597.00 ns, 141.5970 us/op, 67200.00 uJpkg, 0.00 uJdram
WorkloadJitting  1: 1 op, 100785541.00 ns, 100.7855 ms/op, 6353378.00 uJpkg, 0.00 uJdram

WorkloadPilot    1: 4 op, 777044.00 ns, 194.2610 us/op, 76904.00 uJpkg, 0.00 uJdram
WorkloadPilot    2: 5148 op, 314588411.00 ns, 61.1089 us/op, 23893005.00 uJpkg, 0.00 uJdram
WorkloadPilot    3: 16364 op, 642936754.00 ns, 39.2897 us/op, 52517383.00 uJpkg, 0.00 uJdram
WorkloadPilot    4: 25452 op, 997370491.00 ns, 39.1863 us/op, 81823094.00 uJpkg, 0.00 uJdram
WorkloadPilot    5: 25519 op, 998448001.00 ns, 39.1257 us/op, 82185641.00 uJpkg, 0.00 uJdram
WorkloadPilot    6: 25559 op, 1002110356.00 ns, 39.2077 us/op, 82426547.00 uJpkg, 0.00 uJdram
WorkloadPilot    7: 25505 op, 1003739709.00 ns, 39.3546 us/op, 82777193.00 uJpkg, 0.00 uJdram
WorkloadPilot    8: 25410 op, 997846853.00 ns, 39.2698 us/op, 81720006.00 uJpkg, 0.00 uJdram
WorkloadPilot    9: 25465 op, 999227564.00 ns, 39.2393 us/op, 82092808.00 uJpkg, 0.00 uJdram
WorkloadPilot   10: 25485 op, 1000212231.00 ns, 39.2471 us/op, 83037873.00 uJpkg, 0.00 uJdram

WorkloadWarmup   1: 25485 op, 1000692397.00 ns, 39.2659 us/op, 82644136.00 uJpkg, 0.00 uJdram
WorkloadWarmup   2: 25485 op, 998535228.00 ns, 39.1813 us/op, 82511385.00 uJpkg, 0.00 uJdram
WorkloadWarmup   3: 25485 op, 998522811.00 ns, 39.1808 us/op, 81906834.00 uJpkg, 0.00 uJdram
WorkloadWarmup   4: 25485 op, 998104352.00 ns, 39.1644 us/op, 81522923.00 uJpkg, 0.00 uJdram
WorkloadWarmup   5: 25485 op, 996303600.00 ns, 39.0937 us/op, 81630650.00 uJpkg, 0.00 uJdram
WorkloadWarmup   6: 25485 op, 997745761.00 ns, 39.1503 us/op, 82153171.00 uJpkg, 0.00 uJdram

// BeforeActualRun
WorkloadActual   1: 25485 op, 1000600707.00 ns, 39.2623 us/op, 83874053.00 uJpkg, 0.00 uJdram
WorkloadActual   2: 25485 op, 1000833731.00 ns, 39.2715 us/op, 83012666.00 uJpkg, 0.00 uJdram
WorkloadActual   3: 25485 op, 1001017341.00 ns, 39.2787 us/op, 82636202.00 uJpkg, 0.00 uJdram
WorkloadActual   4: 25485 op, 1000884987.00 ns, 39.2735 us/op, 82782747.00 uJpkg, 0.00 uJdram
WorkloadActual   5: 25485 op, 1002452266.00 ns, 39.3350 us/op, 81624303.00 uJpkg, 0.00 uJdram
WorkloadActual   6: 25485 op, 1002217020.00 ns, 39.3258 us/op, 82557222.00 uJpkg, 0.00 uJdram
WorkloadActual   7: 25485 op, 999455588.00 ns, 39.2174 us/op, 81846104.00 uJpkg, 0.00 uJdram
WorkloadActual   8: 25485 op, 999806521.00 ns, 39.2312 us/op, 82087009.00 uJpkg, 0.00 uJdram
WorkloadActual   9: 25485 op, 999349452.00 ns, 39.2132 us/op, 82203953.00 uJpkg, 0.00 uJdram
WorkloadActual  10: 25485 op, 1000796252.00 ns, 39.2700 us/op, 82936067.00 uJpkg, 0.00 uJdram
WorkloadActual  11: 25485 op, 1000639314.00 ns, 39.2639 us/op, 82827607.00 uJpkg, 0.00 uJdram
WorkloadActual  12: 25485 op, 1000690368.00 ns, 39.2659 us/op, 82588533.00 uJpkg, 0.00 uJdram
WorkloadActual  13: 25485 op, 1001294804.00 ns, 39.2896 us/op, 82883577.00 uJpkg, 0.00 uJdram
WorkloadActual  14: 25485 op, 1001329725.00 ns, 39.2909 us/op, 82323032.00 uJpkg, 0.00 uJdram
WorkloadActual  15: 25485 op, 1007063808.00 ns, 39.5159 us/op, 83934233.00 uJpkg, 0.00 uJdram

// AfterActualRun
WorkloadResult   1: 25485 op, 1000600707.00 ns, 39.2623 us/op, 83874053.00 uJpkg, 0.00 uJdram
WorkloadResult   2: 25485 op, 1000833731.00 ns, 39.2715 us/op, 83012666.00 uJpkg, 0.00 uJdram
WorkloadResult   3: 25485 op, 1001017341.00 ns, 39.2787 us/op, 82636202.00 uJpkg, 0.00 uJdram
WorkloadResult   4: 25485 op, 1000884987.00 ns, 39.2735 us/op, 82782747.00 uJpkg, 0.00 uJdram
WorkloadResult   5: 25485 op, 1002452266.00 ns, 39.3350 us/op, 81624303.00 uJpkg, 0.00 uJdram
WorkloadResult   6: 25485 op, 1002217020.00 ns, 39.3258 us/op, 82557222.00 uJpkg, 0.00 uJdram
WorkloadResult   7: 25485 op, 999455588.00 ns, 39.2174 us/op, 81846104.00 uJpkg, 0.00 uJdram
WorkloadResult   8: 25485 op, 999806521.00 ns, 39.2312 us/op, 82087009.00 uJpkg, 0.00 uJdram
WorkloadResult   9: 25485 op, 999349452.00 ns, 39.2132 us/op, 82203953.00 uJpkg, 0.00 uJdram
WorkloadResult  10: 25485 op, 1000796252.00 ns, 39.2700 us/op, 82936067.00 uJpkg, 0.00 uJdram
WorkloadResult  11: 25485 op, 1000639314.00 ns, 39.2639 us/op, 82827607.00 uJpkg, 0.00 uJdram
WorkloadResult  12: 25485 op, 1000690368.00 ns, 39.2659 us/op, 82588533.00 uJpkg, 0.00 uJdram
WorkloadResult  13: 25485 op, 1001294804.00 ns, 39.2896 us/op, 82883577.00 uJpkg, 0.00 uJdram
WorkloadResult  14: 25485 op, 1001329725.00 ns, 39.2909 us/op, 82323032.00 uJpkg, 0.00 uJdram
WorkloadResult  15: 25485 op, 1007063808.00 ns, 39.5159 us/op, 83934233.00 uJpkg, 0.00 uJdram

// AfterAll
// Benchmark Process 4052879 has exited with code 0.

Mean = 39.287 μs, StdErr = 0.019 μs (0.05%), N = 15, StdDev = 0.072 μs
Min = 39.213 μs, Q1 = 39.263 μs, Median = 39.271 μs, Q3 = 39.290 μs, Max = 39.516 μs
IQR = 0.027 μs, LowerFence = 39.222 μs, UpperFence = 39.331 μs
ConfidenceInterval = [39.210 μs; 39.364 μs] (CI 99.9%), Margin = 0.077 μs (0.20% of Mean)
Skewness = 2.03, Kurtosis = 7.1, MValue = 2

// ** Remained 20 (66.7%) benchmark(s) to run. Estimated finish 2025-12-31 18:51 (0h 8m from now) **
// **************************
// Benchmark: JsonSerializationBenchmarks.STJ_Deserialize_Small: Overhead-Fixed-Energy-3(OutlierMode=DontRemove, IterationCount=15, IterationTime=1s, LaunchCount=1, WarmupCount=6)
// *** Execute ***
// Launch: 1 / 1
// Execute: dotnet Serialization.Bench-Overhead-Fixed-Energy-3-1.dll --anonymousPipes 103 104 --benchmarkName Serialization.Bench.JsonSerializationBenchmarks.STJ_Deserialize_Small --job Overhead-Fixed-Energy-3 --benchmarkId 10 in /home/test/rapl-tests/lib-energy-bench/src/Serialization.Bench/bin/Release/net8.0/Serialization.Bench-Overhead-Fixed-Energy-3-1/bin/Release/net8.0
// BeforeAnythingElse

// Benchmark Process Environment Information:
// BenchmarkDotNet v0.15.5-develop (2025-12-31)
// Runtime=.NET 8.0.21 (8.0.21, 8.0.2125.47513), X64 RyuJIT x86-64-v4
// GC=Concurrent Workstation
// HardwareIntrinsics=AVX512 IFMA+VBMI,AVX512 F+BW+CD+DQ+VL,AVX2+BMI1+BMI2+F16C+FMA+LZCNT+MOVBE,AVX,SSE3+SSSE3+SSE4.1+SSE4.2+POPCNT,X86Base+SSE+SSE2,AES+PCLMUL VectorSize=256
// Job: Overhead-Fixed-Energy-3(OutlierMode=DontRemove, IterationCount=15, IterationTime=1s, LaunchCount=1, WarmupCount=6)

OverheadJitting  1: 1 op, 141982.00 ns, 141.9820 us/op, 0.00 uJpkg, 0.00 uJdram
WorkloadJitting  1: 1 op, 179854.00 ns, 179.8540 us/op, 0.00 uJpkg, 0.00 uJdram

OverheadJitting  2: 16 op, 395814.00 ns, 24.7384 us/op, 79895.00 uJpkg, 0.00 uJdram
WorkloadJitting  2: 16 op, 461526.00 ns, 28.8454 us/op, 73486.00 uJpkg, 0.00 uJdram

WorkloadPilot    1: 16 op, 119835.00 ns, 7.4897 us/op, 0.00 uJpkg, 0.00 uJdram
WorkloadPilot    2: 133520 op, 506948651.00 ns, 3.7968 us/op, 39472617.00 uJpkg, 0.00 uJdram
WorkloadPilot    3: 263392 op, 526765751.00 ns, 1.9999 us/op, 46917360.00 uJpkg, 0.00 uJdram
WorkloadPilot    4: 500032 op, 997355826.00 ns, 1.9946 us/op, 88871843.00 uJpkg, 0.00 uJdram
WorkloadPilot    5: 501360 op, 995932201.00 ns, 1.9865 us/op, 89030168.00 uJpkg, 0.00 uJdram
WorkloadPilot    6: 503408 op, 999913282.00 ns, 1.9863 us/op, 89294816.00 uJpkg, 0.00 uJdram
WorkloadPilot    7: 503456 op, 1002531786.00 ns, 1.9913 us/op, 89374039.00 uJpkg, 0.00 uJdram
WorkloadPilot    8: 502192 op, 1005894892.00 ns, 2.0030 us/op, 89352555.00 uJpkg, 0.00 uJdram
WorkloadPilot    9: 499264 op, 992820858.00 ns, 1.9886 us/op, 88237323.00 uJpkg, 0.00 uJdram
WorkloadPilot   10: 502880 op, 998890289.00 ns, 1.9863 us/op, 89802932.00 uJpkg, 0.00 uJdram
WorkloadPilot   11: 503440 op, 1002820608.00 ns, 1.9919 us/op, 89273636.00 uJpkg, 0.00 uJdram

OverheadWarmup   1: 503440 op, 1720768.00 ns, 3.4180 ns/op, 164123.00 uJpkg, 0.00 uJdram
OverheadWarmup   2: 503440 op, 1721830.00 ns, 3.4201 ns/op, 159179.00 uJpkg, 0.00 uJdram
OverheadWarmup   3: 503440 op, 1723225.00 ns, 3.4229 ns/op, 129943.00 uJpkg, 0.00 uJdram
OverheadWarmup   4: 503440 op, 1741124.00 ns, 3.4585 ns/op, 144836.00 uJpkg, 0.00 uJdram
OverheadWarmup   5: 503440 op, 1762845.00 ns, 3.5016 ns/op, 138793.00 uJpkg, 0.00 uJdram
OverheadWarmup   6: 503440 op, 1736426.00 ns, 3.4491 ns/op, 145263.00 uJpkg, 0.00 uJdram
OverheadWarmup   7: 503440 op, 1761100.00 ns, 3.4981 ns/op, 141967.00 uJpkg, 0.00 uJdram
OverheadWarmup   8: 503440 op, 1736464.00 ns, 3.4492 ns/op, 155639.00 uJpkg, 0.00 uJdram

OverheadActual   1: 503440 op, 1724225.00 ns, 3.4249 ns/op, 151366.00 uJpkg, 0.00 uJdram
OverheadActual   2: 503440 op, 1744955.00 ns, 3.4661 ns/op, 87951.00 uJpkg, 0.00 uJdram
OverheadActual   3: 503440 op, 1737230.00 ns, 3.4507 ns/op, 154724.00 uJpkg, 0.00 uJdram
OverheadActual   4: 503440 op, 1729009.00 ns, 3.4344 ns/op, 139038.00 uJpkg, 0.00 uJdram
OverheadActual   5: 503440 op, 1722662.00 ns, 3.4218 ns/op, 152465.00 uJpkg, 0.00 uJdram
OverheadActual   6: 503440 op, 1733797.00 ns, 3.4439 ns/op, 141296.00 uJpkg, 0.00 uJdram
OverheadActual   7: 503440 op, 1737312.00 ns, 3.4509 ns/op, 160888.00 uJpkg, 0.00 uJdram
OverheadActual   8: 503440 op, 1744297.00 ns, 3.4648 ns/op, 82093.00 uJpkg, 0.00 uJdram
OverheadActual   9: 503440 op, 1733551.00 ns, 3.4434 ns/op, 142700.00 uJpkg, 0.00 uJdram
OverheadActual  10: 503440 op, 1752421.00 ns, 3.4809 ns/op, 81421.00 uJpkg, 0.00 uJdram
OverheadActual  11: 503440 op, 1740064.00 ns, 3.4563 ns/op, 158752.00 uJpkg, 0.00 uJdram
OverheadActual  12: 503440 op, 1730055.00 ns, 3.4365 ns/op, 160644.00 uJpkg, 0.00 uJdram
OverheadActual  13: 503440 op, 1721418.00 ns, 3.4193 ns/op, 143310.00 uJpkg, 0.00 uJdram
OverheadActual  14: 503440 op, 1736745.00 ns, 3.4498 ns/op, 73059.00 uJpkg, 0.00 uJdram
OverheadActual  15: 503440 op, 1725363.00 ns, 3.4271 ns/op, 146057.00 uJpkg, 0.00 uJdram

WorkloadWarmup   1: 503440 op, 1001694915.00 ns, 1.9897 us/op, 92151253.00 uJpkg, 0.00 uJdram
WorkloadWarmup   2: 503440 op, 1000420758.00 ns, 1.9872 us/op, 89276383.00 uJpkg, 0.00 uJdram
WorkloadWarmup   3: 503440 op, 1000296936.00 ns, 1.9869 us/op, 89291275.00 uJpkg, 0.00 uJdram
WorkloadWarmup   4: 503440 op, 999593177.00 ns, 1.9855 us/op, 89139115.00 uJpkg, 0.00 uJdram
WorkloadWarmup   5: 503440 op, 1002611143.00 ns, 1.9915 us/op, 89347245.00 uJpkg, 0.00 uJdram
WorkloadWarmup   6: 503440 op, 999206552.00 ns, 1.9848 us/op, 89158708.00 uJpkg, 0.00 uJdram

// BeforeActualRun
WorkloadActual   1: 503440 op, 999440878.00 ns, 1.9852 us/op, 89067033.00 uJpkg, 0.00 uJdram
WorkloadActual   2: 503440 op, 1001189755.00 ns, 1.9887 us/op, 89301956.00 uJpkg, 0.00 uJdram
WorkloadActual   3: 503440 op, 1001218388.00 ns, 1.9888 us/op, 89160905.00 uJpkg, 0.00 uJdram
WorkloadActual   4: 503440 op, 1001409180.00 ns, 1.9891 us/op, 89246720.00 uJpkg, 0.00 uJdram
WorkloadActual   5: 503440 op, 1002445675.00 ns, 1.9912 us/op, 89774306.00 uJpkg, 0.00 uJdram
WorkloadActual   6: 503440 op, 998269667.00 ns, 1.9829 us/op, 88873613.00 uJpkg, 0.00 uJdram
WorkloadActual   7: 503440 op, 999140434.00 ns, 1.9846 us/op, 88594317.00 uJpkg, 0.00 uJdram
WorkloadActual   8: 503440 op, 998598605.00 ns, 1.9836 us/op, 88934709.00 uJpkg, 0.00 uJdram
WorkloadActual   9: 503440 op, 997435373.00 ns, 1.9812 us/op, 88743364.00 uJpkg, 0.00 uJdram
WorkloadActual  10: 503440 op, 1003722056.00 ns, 1.9937 us/op, 90222853.00 uJpkg, 0.00 uJdram
WorkloadActual  11: 503440 op, 999069412.00 ns, 1.9845 us/op, 88820696.00 uJpkg, 0.00 uJdram
WorkloadActual  12: 503440 op, 998040980.00 ns, 1.9824 us/op, 89060990.00 uJpkg, 0.00 uJdram
WorkloadActual  13: 503440 op, 998345678.00 ns, 1.9830 us/op, 88764544.00 uJpkg, 0.00 uJdram
WorkloadActual  14: 503440 op, 1000743507.00 ns, 1.9878 us/op, 89524429.00 uJpkg, 0.00 uJdram
WorkloadActual  15: 503440 op, 999209030.00 ns, 1.9848 us/op, 89286271.00 uJpkg, 0.00 uJdram

// AfterActualRun
WorkloadResult   1: 503440 op, 997707081.00 ns, 1.9818 us/op, 89067033.00 uJpkg, 0.00 uJdram
WorkloadResult   2: 503440 op, 999455958.00 ns, 1.9853 us/op, 89301956.00 uJpkg, 0.00 uJdram
WorkloadResult   3: 503440 op, 999484591.00 ns, 1.9853 us/op, 89160905.00 uJpkg, 0.00 uJdram
WorkloadResult   4: 503440 op, 999675383.00 ns, 1.9857 us/op, 89246720.00 uJpkg, 0.00 uJdram
WorkloadResult   5: 503440 op, 1000711878.00 ns, 1.9877 us/op, 89774306.00 uJpkg, 0.00 uJdram
WorkloadResult   6: 503440 op, 996535870.00 ns, 1.9795 us/op, 88873613.00 uJpkg, 0.00 uJdram
WorkloadResult   7: 503440 op, 997406637.00 ns, 1.9812 us/op, 88594317.00 uJpkg, 0.00 uJdram
WorkloadResult   8: 503440 op, 996864808.00 ns, 1.9801 us/op, 88934709.00 uJpkg, 0.00 uJdram
WorkloadResult   9: 503440 op, 995701576.00 ns, 1.9778 us/op, 88743364.00 uJpkg, 0.00 uJdram
WorkloadResult  10: 503440 op, 1001988259.00 ns, 1.9903 us/op, 90222853.00 uJpkg, 0.00 uJdram
WorkloadResult  11: 503440 op, 997335615.00 ns, 1.9810 us/op, 88820696.00 uJpkg, 0.00 uJdram
WorkloadResult  12: 503440 op, 996307183.00 ns, 1.9790 us/op, 89060990.00 uJpkg, 0.00 uJdram
WorkloadResult  13: 503440 op, 996611881.00 ns, 1.9796 us/op, 88764544.00 uJpkg, 0.00 uJdram
WorkloadResult  14: 503440 op, 999009710.00 ns, 1.9844 us/op, 89524429.00 uJpkg, 0.00 uJdram
WorkloadResult  15: 503440 op, 997475233.00 ns, 1.9813 us/op, 89286271.00 uJpkg, 0.00 uJdram

// AfterAll
// Benchmark Process 4052896 has exited with code 0.

Mean = 1.983 μs, StdErr = 0.001 μs (0.05%), N = 15, StdDev = 0.004 μs
Min = 1.978 μs, Q1 = 1.980 μs, Median = 1.981 μs, Q3 = 1.985 μs, Max = 1.990 μs
IQR = 0.005 μs, LowerFence = 1.972 μs, UpperFence = 1.993 μs
ConfidenceInterval = [1.979 μs; 1.987 μs] (CI 99.9%), Margin = 0.004 μs (0.19% of Mean)
Skewness = 0.56, Kurtosis = 2.1, MValue = 2

// ** Remained 19 (63.3%) benchmark(s) to run. Estimated finish 2025-12-31 18:51 (0h 8m from now) **
// **************************
// Benchmark: JsonSerializationBenchmarks.Newtonsoft_Deserialize_Small: Overhead-Fixed-Energy-3(OutlierMode=DontRemove, IterationCount=15, IterationTime=1s, LaunchCount=1, WarmupCount=6)
// *** Execute ***
// Launch: 1 / 1
// Execute: dotnet Serialization.Bench-Overhead-Fixed-Energy-3-1.dll --anonymousPipes 103 104 --benchmarkName Serialization.Bench.JsonSerializationBenchmarks.Newtonsoft_Deserialize_Small --job Overhead-Fixed-Energy-3 --benchmarkId 11 in /home/test/rapl-tests/lib-energy-bench/src/Serialization.Bench/bin/Release/net8.0/Serialization.Bench-Overhead-Fixed-Energy-3-1/bin/Release/net8.0
// BeforeAnythingElse

// Benchmark Process Environment Information:
// BenchmarkDotNet v0.15.5-develop (2025-12-31)
// Runtime=.NET 8.0.21 (8.0.21, 8.0.2125.47513), X64 RyuJIT x86-64-v4
// GC=Concurrent Workstation
// HardwareIntrinsics=AVX512 IFMA+VBMI,AVX512 F+BW+CD+DQ+VL,AVX2+BMI1+BMI2+F16C+FMA+LZCNT+MOVBE,AVX,SSE3+SSSE3+SSE4.1+SSE4.2+POPCNT,X86Base+SSE+SSE2,AES+PCLMUL VectorSize=256
// Job: Overhead-Fixed-Energy-3(OutlierMode=DontRemove, IterationCount=15, IterationTime=1s, LaunchCount=1, WarmupCount=6)

OverheadJitting  1: 1 op, 140420.00 ns, 140.4200 us/op, 0.00 uJpkg, 0.00 uJdram
WorkloadJitting  1: 1 op, 42296749.00 ns, 42.2967 ms/op, 2622613.00 uJpkg, 0.00 uJdram

OverheadJitting  2: 16 op, 398921.00 ns, 24.9326 us/op, 0.00 uJpkg, 0.00 uJdram
WorkloadJitting  2: 16 op, 805615.00 ns, 50.3509 us/op, 61767.00 uJpkg, 0.00 uJdram

WorkloadPilot    1: 16 op, 411870.00 ns, 25.7419 us/op, 0.00 uJpkg, 0.00 uJdram
WorkloadPilot    2: 38848 op, 334521241.00 ns, 8.6110 us/op, 27323600.00 uJpkg, 0.00 uJdram
WorkloadPilot    3: 116144 op, 407200720.00 ns, 3.5060 us/op, 35509492.00 uJpkg, 0.00 uJdram
WorkloadPilot    4: 285232 op, 993052679.00 ns, 3.4816 us/op, 87121236.00 uJpkg, 0.00 uJdram
WorkloadPilot    5: 287232 op, 999374535.00 ns, 3.4793 us/op, 87747090.00 uJpkg, 0.00 uJdram
WorkloadPilot    6: 287424 op, 999259417.00 ns, 3.4766 us/op, 86822470.00 uJpkg, 0.00 uJdram
WorkloadPilot    7: 287648 op, 1001509708.00 ns, 3.4817 us/op, 87269735.00 uJpkg, 0.00 uJdram
WorkloadPilot    8: 287216 op, 998261147.00 ns, 3.4756 us/op, 86426293.00 uJpkg, 0.00 uJdram
WorkloadPilot    9: 287728 op, 1000313080.00 ns, 3.4766 us/op, 86884482.00 uJpkg, 0.00 uJdram
WorkloadPilot   10: 287648 op, 999774711.00 ns, 3.4757 us/op, 87303426.00 uJpkg, 0.00 uJdram
WorkloadPilot   11: 287728 op, 1000909509.00 ns, 3.4787 us/op, 86852194.00 uJpkg, 0.00 uJdram

OverheadWarmup   1: 287728 op, 982085.00 ns, 3.4132 ns/op, 144714.00 uJpkg, 0.00 uJdram
OverheadWarmup   2: 287728 op, 994511.00 ns, 3.4564 ns/op, 100708.00 uJpkg, 0.00 uJdram
OverheadWarmup   3: 287728 op, 989181.00 ns, 3.4379 ns/op, 92895.00 uJpkg, 0.00 uJdram
OverheadWarmup   4: 287728 op, 984277.00 ns, 3.4209 ns/op, 90454.00 uJpkg, 0.00 uJdram
OverheadWarmup   5: 287728 op, 985281.00 ns, 3.4243 ns/op, 75256.00 uJpkg, 0.00 uJdram
OverheadWarmup   6: 287728 op, 988724.00 ns, 3.4363 ns/op, 57983.00 uJpkg, 0.00 uJdram
OverheadWarmup   7: 287728 op, 985047.00 ns, 3.4235 ns/op, 76965.00 uJpkg, 0.00 uJdram

OverheadActual   1: 287728 op, 991171.00 ns, 3.4448 ns/op, 82153.00 uJpkg, 0.00 uJdram
OverheadActual   2: 287728 op, 982206.00 ns, 3.4137 ns/op, 59265.00 uJpkg, 0.00 uJdram
OverheadActual   3: 287728 op, 995663.00 ns, 3.4604 ns/op, 85632.00 uJpkg, 0.00 uJdram
OverheadActual   4: 287728 op, 995819.00 ns, 3.4610 ns/op, 93201.00 uJpkg, 0.00 uJdram
OverheadActual   5: 287728 op, 995762.00 ns, 3.4608 ns/op, 79528.00 uJpkg, 0.00 uJdram
OverheadActual   6: 287728 op, 984362.00 ns, 3.4212 ns/op, 64209.00 uJpkg, 0.00 uJdram
OverheadActual   7: 287728 op, 999284.00 ns, 3.4730 ns/op, 66773.00 uJpkg, 0.00 uJdram
OverheadActual   8: 287728 op, 999101.00 ns, 3.4724 ns/op, 81726.00 uJpkg, 0.00 uJdram
OverheadActual   9: 287728 op, 996879.00 ns, 3.4647 ns/op, 69763.00 uJpkg, 0.00 uJdram
OverheadActual  10: 287728 op, 996072.00 ns, 3.4619 ns/op, 84045.00 uJpkg, 0.00 uJdram
OverheadActual  11: 287728 op, 1002626.00 ns, 3.4846 ns/op, 0.00 uJpkg, 0.00 uJdram
OverheadActual  12: 287728 op, 997530.00 ns, 3.4669 ns/op, 0.00 uJpkg, 0.00 uJdram
OverheadActual  13: 287728 op, 998689.00 ns, 3.4709 ns/op, 77088.00 uJpkg, 0.00 uJdram
OverheadActual  14: 287728 op, 998310.00 ns, 3.4696 ns/op, 97534.00 uJpkg, 0.00 uJdram
OverheadActual  15: 287728 op, 1003179.00 ns, 3.4866 ns/op, 156677.00 uJpkg, 0.00 uJdram

WorkloadWarmup   1: 287728 op, 1003082050.00 ns, 3.4862 us/op, 89589431.00 uJpkg, 0.00 uJdram
WorkloadWarmup   2: 287728 op, 1001994454.00 ns, 3.4824 us/op, 87868793.00 uJpkg, 0.00 uJdram
WorkloadWarmup   3: 287728 op, 999697041.00 ns, 3.4745 us/op, 88057697.00 uJpkg, 0.00 uJdram
WorkloadWarmup   4: 287728 op, 999811101.00 ns, 3.4748 us/op, 87908222.00 uJpkg, 0.00 uJdram
WorkloadWarmup   5: 287728 op, 1000140741.00 ns, 3.4760 us/op, 87920857.00 uJpkg, 0.00 uJdram
WorkloadWarmup   6: 287728 op, 999311950.00 ns, 3.4731 us/op, 88222247.00 uJpkg, 0.00 uJdram

// BeforeActualRun
WorkloadActual   1: 287728 op, 1000578965.00 ns, 3.4775 us/op, 88019794.00 uJpkg, 0.00 uJdram
WorkloadActual   2: 287728 op, 1002769216.00 ns, 3.4851 us/op, 88218890.00 uJpkg, 0.00 uJdram
WorkloadActual   3: 287728 op, 1001763232.00 ns, 3.4816 us/op, 88120990.00 uJpkg, 0.00 uJdram
WorkloadActual   4: 287728 op, 1002351415.00 ns, 3.4837 us/op, 88181232.00 uJpkg, 0.00 uJdram
WorkloadActual   5: 287728 op, 1001534365.00 ns, 3.4808 us/op, 88172137.00 uJpkg, 0.00 uJdram
WorkloadActual   6: 287728 op, 1001684014.00 ns, 3.4814 us/op, 88115985.00 uJpkg, 0.00 uJdram
WorkloadActual   7: 287728 op, 1001076218.00 ns, 3.4792 us/op, 87943744.00 uJpkg, 0.00 uJdram
WorkloadActual   8: 287728 op, 1005340612.00 ns, 3.4941 us/op, 88290912.00 uJpkg, 0.00 uJdram
WorkloadActual   9: 287728 op, 1001471346.00 ns, 3.4806 us/op, 88229510.00 uJpkg, 0.00 uJdram
WorkloadActual  10: 287728 op, 1001391244.00 ns, 3.4803 us/op, 89347489.00 uJpkg, 0.00 uJdram
WorkloadActual  11: 287728 op, 1001923860.00 ns, 3.4822 us/op, 87904560.00 uJpkg, 0.00 uJdram
WorkloadActual  12: 287728 op, 1000755589.00 ns, 3.4781 us/op, 87671040.00 uJpkg, 0.00 uJdram
WorkloadActual  13: 287728 op, 1001473885.00 ns, 3.4806 us/op, 87729389.00 uJpkg, 0.00 uJdram
WorkloadActual  14: 287728 op, 1004195527.00 ns, 3.4901 us/op, 88430132.00 uJpkg, 0.00 uJdram
WorkloadActual  15: 287728 op, 1002896036.00 ns, 3.4856 us/op, 86988364.00 uJpkg, 0.00 uJdram

// AfterActualRun
WorkloadResult   1: 287728 op, 999582086.00 ns, 3.4741 us/op, 88019794.00 uJpkg, 0.00 uJdram
WorkloadResult   2: 287728 op, 1001772337.00 ns, 3.4817 us/op, 88218890.00 uJpkg, 0.00 uJdram
WorkloadResult   3: 287728 op, 1000766353.00 ns, 3.4782 us/op, 88120990.00 uJpkg, 0.00 uJdram
WorkloadResult   4: 287728 op, 1001354536.00 ns, 3.4802 us/op, 88181232.00 uJpkg, 0.00 uJdram
WorkloadResult   5: 287728 op, 1000537486.00 ns, 3.4774 us/op, 88172137.00 uJpkg, 0.00 uJdram
WorkloadResult   6: 287728 op, 1000687135.00 ns, 3.4779 us/op, 88115985.00 uJpkg, 0.00 uJdram
WorkloadResult   7: 287728 op, 1000079339.00 ns, 3.4758 us/op, 87943744.00 uJpkg, 0.00 uJdram
WorkloadResult   8: 287728 op, 1004343733.00 ns, 3.4906 us/op, 88290912.00 uJpkg, 0.00 uJdram
WorkloadResult   9: 287728 op, 1000474467.00 ns, 3.4772 us/op, 88229510.00 uJpkg, 0.00 uJdram
WorkloadResult  10: 287728 op, 1000394365.00 ns, 3.4769 us/op, 89347489.00 uJpkg, 0.00 uJdram
WorkloadResult  11: 287728 op, 1000926981.00 ns, 3.4787 us/op, 87904560.00 uJpkg, 0.00 uJdram
WorkloadResult  12: 287728 op, 999758710.00 ns, 3.4747 us/op, 87671040.00 uJpkg, 0.00 uJdram
WorkloadResult  13: 287728 op, 1000477006.00 ns, 3.4772 us/op, 87729389.00 uJpkg, 0.00 uJdram
WorkloadResult  14: 287728 op, 1003198648.00 ns, 3.4866 us/op, 88430132.00 uJpkg, 0.00 uJdram
WorkloadResult  15: 287728 op, 1001899157.00 ns, 3.4821 us/op, 86988364.00 uJpkg, 0.00 uJdram

// AfterAll
// Benchmark Process 4052913 has exited with code 0.

Mean = 3.479 μs, StdErr = 0.001 μs (0.03%), N = 15, StdDev = 0.004 μs
Min = 3.474 μs, Q1 = 3.477 μs, Median = 3.478 μs, Q3 = 3.481 μs, Max = 3.491 μs
IQR = 0.004 μs, LowerFence = 3.471 μs, UpperFence = 3.487 μs
ConfidenceInterval = [3.474 μs; 3.484 μs] (CI 99.9%), Margin = 0.005 μs (0.14% of Mean)
Skewness = 1.17, Kurtosis = 3.5, MValue = 2

// ** Remained 18 (60.0%) benchmark(s) to run. Estimated finish 2025-12-31 18:51 (0h 8m from now) **
// **************************
// Benchmark: JsonSerializationBenchmarks.Jil_Deserialize_Small: Overhead-Fixed-Energy-3(OutlierMode=DontRemove, IterationCount=15, IterationTime=1s, LaunchCount=1, WarmupCount=6)
// *** Execute ***
// Launch: 1 / 1
// Execute: dotnet Serialization.Bench-Overhead-Fixed-Energy-3-1.dll --anonymousPipes 103 104 --benchmarkName Serialization.Bench.JsonSerializationBenchmarks.Jil_Deserialize_Small --job Overhead-Fixed-Energy-3 --benchmarkId 12 in /home/test/rapl-tests/lib-energy-bench/src/Serialization.Bench/bin/Release/net8.0/Serialization.Bench-Overhead-Fixed-Energy-3-1/bin/Release/net8.0
// BeforeAnythingElse

// Benchmark Process Environment Information:
// BenchmarkDotNet v0.15.5-develop (2025-12-31)
// Runtime=.NET 8.0.21 (8.0.21, 8.0.2125.47513), X64 RyuJIT x86-64-v4
// GC=Concurrent Workstation
// HardwareIntrinsics=AVX512 IFMA+VBMI,AVX512 F+BW+CD+DQ+VL,AVX2+BMI1+BMI2+F16C+FMA+LZCNT+MOVBE,AVX,SSE3+SSSE3+SSE4.1+SSE4.2+POPCNT,X86Base+SSE+SSE2,AES+PCLMUL VectorSize=256
// Job: Overhead-Fixed-Energy-3(OutlierMode=DontRemove, IterationCount=15, IterationTime=1s, LaunchCount=1, WarmupCount=6)

OverheadJitting  1: 1 op, 146888.00 ns, 146.8880 us/op, 69641.00 uJpkg, 0.00 uJdram
WorkloadJitting  1: 1 op, 113869738.00 ns, 113.8697 ms/op, 7169660.00 uJpkg, 0.00 uJdram

WorkloadPilot    1: 4 op, 39434.00 ns, 9.8585 us/op, 0.00 uJpkg, 0.00 uJdram
WorkloadPilot    2: 101435 op, 324113919.00 ns, 3.1953 us/op, 25172910.00 uJpkg, 0.00 uJdram
WorkloadPilot    3: 312961 op, 711111095.00 ns, 2.2722 us/op, 60741422.00 uJpkg, 0.00 uJdram
WorkloadPilot    4: 440101 op, 994137766.00 ns, 2.2589 us/op, 84660245.00 uJpkg, 0.00 uJdram
WorkloadPilot    5: 442696 op, 999793582.00 ns, 2.2584 us/op, 85401210.00 uJpkg, 0.00 uJdram
WorkloadPilot    6: 442787 op, 1002663076.00 ns, 2.2644 us/op, 85648767.00 uJpkg, 0.00 uJdram
WorkloadPilot    7: 441611 op, 1000249643.00 ns, 2.2650 us/op, 85377956.00 uJpkg, 0.00 uJdram
WorkloadPilot    8: 441501 op, 999344138.00 ns, 2.2635 us/op, 85152126.00 uJpkg, 0.00 uJdram
WorkloadPilot    9: 441791 op, 1000280282.00 ns, 2.2641 us/op, 85531397.00 uJpkg, 0.00 uJdram

WorkloadWarmup   1: 441791 op, 998286879.00 ns, 2.2596 us/op, 86088647.00 uJpkg, 0.00 uJdram
WorkloadWarmup   2: 441791 op, 999555590.00 ns, 2.2625 us/op, 85304103.00 uJpkg, 0.00 uJdram
WorkloadWarmup   3: 441791 op, 1000133908.00 ns, 2.2638 us/op, 86240258.00 uJpkg, 0.00 uJdram
WorkloadWarmup   4: 441791 op, 1001347483.00 ns, 2.2666 us/op, 86287560.00 uJpkg, 0.00 uJdram
WorkloadWarmup   5: 441791 op, 1000573642.00 ns, 2.2648 us/op, 86194726.00 uJpkg, 0.00 uJdram
WorkloadWarmup   6: 441791 op, 999648486.00 ns, 2.2627 us/op, 85574060.00 uJpkg, 0.00 uJdram

// BeforeActualRun
WorkloadActual   1: 441791 op, 998005624.00 ns, 2.2590 us/op, 85928491.00 uJpkg, 0.00 uJdram
WorkloadActual   2: 441791 op, 1000449774.00 ns, 2.2645 us/op, 86217065.00 uJpkg, 0.00 uJdram
WorkloadActual   3: 441791 op, 1000257805.00 ns, 2.2641 us/op, 85740137.00 uJpkg, 0.00 uJdram
WorkloadActual   4: 441791 op, 1000114425.00 ns, 2.2638 us/op, 84896756.00 uJpkg, 0.00 uJdram
WorkloadActual   5: 441791 op, 1000387173.00 ns, 2.2644 us/op, 85085842.00 uJpkg, 0.00 uJdram
WorkloadActual   6: 441791 op, 999999594.00 ns, 2.2635 us/op, 85505152.00 uJpkg, 0.00 uJdram
WorkloadActual   7: 441791 op, 1001210611.00 ns, 2.2663 us/op, 86547203.00 uJpkg, 0.00 uJdram
WorkloadActual   8: 441791 op, 999951906.00 ns, 2.2634 us/op, 85263453.00 uJpkg, 0.00 uJdram
WorkloadActual   9: 441791 op, 999603472.00 ns, 2.2626 us/op, 84680447.00 uJpkg, 0.00 uJdram
WorkloadActual  10: 441791 op, 999484509.00 ns, 2.2623 us/op, 85153835.00 uJpkg, 0.00 uJdram
WorkloadActual  11: 441791 op, 999066744.00 ns, 2.2614 us/op, 85241664.00 uJpkg, 0.00 uJdram
WorkloadActual  12: 441791 op, 998792708.00 ns, 2.2608 us/op, 84883450.00 uJpkg, 0.00 uJdram
WorkloadActual  13: 441791 op, 999510740.00 ns, 2.2624 us/op, 84966213.00 uJpkg, 0.00 uJdram
WorkloadActual  14: 441791 op, 998535501.00 ns, 2.2602 us/op, 84988919.00 uJpkg, 0.00 uJdram
WorkloadActual  15: 441791 op, 1000060011.00 ns, 2.2636 us/op, 84923428.00 uJpkg, 0.00 uJdram

// AfterActualRun
WorkloadResult   1: 441791 op, 998005624.00 ns, 2.2590 us/op, 85928491.00 uJpkg, 0.00 uJdram
WorkloadResult   2: 441791 op, 1000449774.00 ns, 2.2645 us/op, 86217065.00 uJpkg, 0.00 uJdram
WorkloadResult   3: 441791 op, 1000257805.00 ns, 2.2641 us/op, 85740137.00 uJpkg, 0.00 uJdram
WorkloadResult   4: 441791 op, 1000114425.00 ns, 2.2638 us/op, 84896756.00 uJpkg, 0.00 uJdram
WorkloadResult   5: 441791 op, 1000387173.00 ns, 2.2644 us/op, 85085842.00 uJpkg, 0.00 uJdram
WorkloadResult   6: 441791 op, 999999594.00 ns, 2.2635 us/op, 85505152.00 uJpkg, 0.00 uJdram
WorkloadResult   7: 441791 op, 1001210611.00 ns, 2.2663 us/op, 86547203.00 uJpkg, 0.00 uJdram
WorkloadResult   8: 441791 op, 999951906.00 ns, 2.2634 us/op, 85263453.00 uJpkg, 0.00 uJdram
WorkloadResult   9: 441791 op, 999603472.00 ns, 2.2626 us/op, 84680447.00 uJpkg, 0.00 uJdram
WorkloadResult  10: 441791 op, 999484509.00 ns, 2.2623 us/op, 85153835.00 uJpkg, 0.00 uJdram
WorkloadResult  11: 441791 op, 999066744.00 ns, 2.2614 us/op, 85241664.00 uJpkg, 0.00 uJdram
WorkloadResult  12: 441791 op, 998792708.00 ns, 2.2608 us/op, 84883450.00 uJpkg, 0.00 uJdram
WorkloadResult  13: 441791 op, 999510740.00 ns, 2.2624 us/op, 84966213.00 uJpkg, 0.00 uJdram
WorkloadResult  14: 441791 op, 998535501.00 ns, 2.2602 us/op, 84988919.00 uJpkg, 0.00 uJdram
WorkloadResult  15: 441791 op, 1000060011.00 ns, 2.2636 us/op, 84923428.00 uJpkg, 0.00 uJdram

// AfterAll
// Benchmark Process 4052930 has exited with code 0.

Mean = 2.263 μs, StdErr = 0.000 μs (0.02%), N = 15, StdDev = 0.002 μs
Min = 2.259 μs, Q1 = 2.262 μs, Median = 2.263 μs, Q3 = 2.264 μs, Max = 2.266 μs
IQR = 0.002 μs, LowerFence = 2.259 μs, UpperFence = 2.267 μs
ConfidenceInterval = [2.261 μs; 2.265 μs] (CI 99.9%), Margin = 0.002 μs (0.09% of Mean)
Skewness = -0.33, Kurtosis = 2.37, MValue = 2

// ** Remained 17 (56.7%) benchmark(s) to run. Estimated finish 2025-12-31 18:51 (0h 7m from now) **
// **************************
// Benchmark: JsonSerializationBenchmarks.Utf8Json_Deserialize_Small: Overhead-Fixed-Energy-3(OutlierMode=DontRemove, IterationCount=15, IterationTime=1s, LaunchCount=1, WarmupCount=6)
// *** Execute ***
// Launch: 1 / 1
// Execute: dotnet Serialization.Bench-Overhead-Fixed-Energy-3-1.dll --anonymousPipes 103 104 --benchmarkName Serialization.Bench.JsonSerializationBenchmarks.Utf8Json_Deserialize_Small --job Overhead-Fixed-Energy-3 --benchmarkId 13 in /home/test/rapl-tests/lib-energy-bench/src/Serialization.Bench/bin/Release/net8.0/Serialization.Bench-Overhead-Fixed-Energy-3-1/bin/Release/net8.0
// BeforeAnythingElse

// Benchmark Process Environment Information:
// BenchmarkDotNet v0.15.5-develop (2025-12-31)
// Runtime=.NET 8.0.21 (8.0.21, 8.0.2125.47513), X64 RyuJIT x86-64-v4
// GC=Concurrent Workstation
// HardwareIntrinsics=AVX512 IFMA+VBMI,AVX512 F+BW+CD+DQ+VL,AVX2+BMI1+BMI2+F16C+FMA+LZCNT+MOVBE,AVX,SSE3+SSSE3+SSE4.1+SSE4.2+POPCNT,X86Base+SSE+SSE2,AES+PCLMUL VectorSize=256
// Job: Overhead-Fixed-Energy-3(OutlierMode=DontRemove, IterationCount=15, IterationTime=1s, LaunchCount=1, WarmupCount=6)

OverheadJitting  1: 1 op, 142406.00 ns, 142.4060 us/op, 55786.00 uJpkg, 0.00 uJdram
WorkloadJitting  1: 1 op, 46826138.00 ns, 46.8261 ms/op, 2872795.00 uJpkg, 0.00 uJdram

OverheadJitting  2: 16 op, 397667.00 ns, 24.8542 us/op, 0.00 uJpkg, 0.00 uJdram
WorkloadJitting  2: 16 op, 661445.00 ns, 41.3403 us/op, 74401.00 uJpkg, 0.00 uJdram

WorkloadPilot    1: 16 op, 278018.00 ns, 17.3761 us/op, 58899.00 uJpkg, 0.00 uJdram
WorkloadPilot    2: 57552 op, 619037296.00 ns, 10.7561 us/op, 51089041.00 uJpkg, 0.00 uJdram
WorkloadPilot    3: 92976 op, 198158245.00 ns, 2.1313 us/op, 17761551.00 uJpkg, 0.00 uJdram
WorkloadPilot    4: 469216 op, 955799841.00 ns, 2.0370 us/op, 81112768.00 uJpkg, 0.00 uJdram
WorkloadPilot    5: 490928 op, 997519961.00 ns, 2.0319 us/op, 84480557.00 uJpkg, 0.00 uJdram
WorkloadPilot    6: 492160 op, 999751390.00 ns, 2.0314 us/op, 84720181.00 uJpkg, 0.00 uJdram
WorkloadPilot    7: 492288 op, 999806873.00 ns, 2.0309 us/op, 84767422.00 uJpkg, 0.00 uJdram
WorkloadPilot    8: 492384 op, 1000216948.00 ns, 2.0314 us/op, 85115139.00 uJpkg, 0.00 uJdram
WorkloadPilot    9: 492288 op, 999992811.00 ns, 2.0313 us/op, 84823697.00 uJpkg, 0.00 uJdram
WorkloadPilot   10: 492304 op, 1000558542.00 ns, 2.0324 us/op, 85724146.00 uJpkg, 0.00 uJdram
WorkloadPilot   11: 492032 op, 998625980.00 ns, 2.0296 us/op, 85211513.00 uJpkg, 0.00 uJdram
WorkloadPilot   12: 492720 op, 1001462271.00 ns, 2.0325 us/op, 85501307.00 uJpkg, 0.00 uJdram

OverheadWarmup   1: 492720 op, 1674319.00 ns, 3.3981 ns/op, 131469.00 uJpkg, 0.00 uJdram
OverheadWarmup   2: 492720 op, 1675951.00 ns, 3.4014 ns/op, 146789.00 uJpkg, 0.00 uJdram
OverheadWarmup   3: 492720 op, 1685763.00 ns, 3.4213 ns/op, 139831.00 uJpkg, 0.00 uJdram
OverheadWarmup   4: 492720 op, 1707234.00 ns, 3.4649 ns/op, 144958.00 uJpkg, 0.00 uJdram
OverheadWarmup   5: 492720 op, 1682943.00 ns, 3.4156 ns/op, 142150.00 uJpkg, 0.00 uJdram
OverheadWarmup   6: 492720 op, 1687947.00 ns, 3.4258 ns/op, 92468.00 uJpkg, 0.00 uJdram
OverheadWarmup   7: 492720 op, 1693550.00 ns, 3.4371 ns/op, 72082.00 uJpkg, 0.00 uJdram
OverheadWarmup   8: 492720 op, 1691715.00 ns, 3.4334 ns/op, 152038.00 uJpkg, 0.00 uJdram

OverheadActual   1: 492720 op, 1680681.00 ns, 3.4110 ns/op, 149169.00 uJpkg, 0.00 uJdram
OverheadActual   2: 492720 op, 1707622.00 ns, 3.4657 ns/op, 137695.00 uJpkg, 0.00 uJdram
OverheadActual   3: 492720 op, 1683949.00 ns, 3.4177 ns/op, 134887.00 uJpkg, 0.00 uJdram
OverheadActual   4: 492720 op, 1685223.00 ns, 3.4202 ns/op, 135375.00 uJpkg, 0.00 uJdram
OverheadActual   5: 492720 op, 1696502.00 ns, 3.4431 ns/op, 71655.00 uJpkg, 0.00 uJdram
OverheadActual   6: 492720 op, 1691929.00 ns, 3.4339 ns/op, 129760.00 uJpkg, 0.00 uJdram
OverheadActual   7: 492720 op, 1707437.00 ns, 3.4653 ns/op, 138611.00 uJpkg, 0.00 uJdram
OverheadActual   8: 492720 op, 1678409.00 ns, 3.4064 ns/op, 135193.00 uJpkg, 0.00 uJdram
OverheadActual   9: 492720 op, 1699594.00 ns, 3.4494 ns/op, 149658.00 uJpkg, 0.00 uJdram
OverheadActual  10: 492720 op, 1703058.00 ns, 3.4564 ns/op, 150268.00 uJpkg, 0.00 uJdram
OverheadActual  11: 492720 op, 1687470.00 ns, 3.4248 ns/op, 67565.00 uJpkg, 0.00 uJdram
OverheadActual  12: 492720 op, 1688148.00 ns, 3.4262 ns/op, 64270.00 uJpkg, 0.00 uJdram
OverheadActual  13: 492720 op, 1711320.00 ns, 3.4732 ns/op, 149047.00 uJpkg, 0.00 uJdram
OverheadActual  14: 492720 op, 1681722.00 ns, 3.4131 ns/op, 151306.00 uJpkg, 0.00 uJdram
OverheadActual  15: 492720 op, 1682209.00 ns, 3.4141 ns/op, 146240.00 uJpkg, 0.00 uJdram

WorkloadWarmup   1: 492720 op, 1005227987.00 ns, 2.0402 us/op, 87681783.00 uJpkg, 0.00 uJdram
WorkloadWarmup   2: 492720 op, 1003206302.00 ns, 2.0361 us/op, 85128811.00 uJpkg, 0.00 uJdram
WorkloadWarmup   3: 492720 op, 1000183512.00 ns, 2.0299 us/op, 85224941.00 uJpkg, 0.00 uJdram
WorkloadWarmup   4: 492720 op, 1000350130.00 ns, 2.0303 us/op, 85111477.00 uJpkg, 0.00 uJdram
WorkloadWarmup   5: 492720 op, 1000167607.00 ns, 2.0299 us/op, 84692105.00 uJpkg, 0.00 uJdram
WorkloadWarmup   6: 492720 op, 999817428.00 ns, 2.0292 us/op, 84865688.00 uJpkg, 0.00 uJdram

// BeforeActualRun
WorkloadActual   1: 492720 op, 1006749498.00 ns, 2.0432 us/op, 86071557.00 uJpkg, 0.00 uJdram
WorkloadActual   2: 492720 op, 1001382313.00 ns, 2.0324 us/op, 85143703.00 uJpkg, 0.00 uJdram
WorkloadActual   3: 492720 op, 999674570.00 ns, 2.0289 us/op, 84871853.00 uJpkg, 0.00 uJdram
WorkloadActual   4: 492720 op, 1001154506.00 ns, 2.0319 us/op, 85062770.00 uJpkg, 0.00 uJdram
WorkloadActual   5: 492720 op, 999711311.00 ns, 2.0290 us/op, 84877895.00 uJpkg, 0.00 uJdram
WorkloadActual   6: 492720 op, 1000257919.00 ns, 2.0301 us/op, 85207607.00 uJpkg, 0.00 uJdram
WorkloadActual   7: 492720 op, 1000202250.00 ns, 2.0300 us/op, 84871914.00 uJpkg, 0.00 uJdram
WorkloadActual   8: 492720 op, 1000800309.00 ns, 2.0312 us/op, 85033535.00 uJpkg, 0.00 uJdram
WorkloadActual   9: 492720 op, 1000420185.00 ns, 2.0304 us/op, 85177700.00 uJpkg, 0.00 uJdram
WorkloadActual  10: 492720 op, 1000744932.00 ns, 2.0311 us/op, 86063744.00 uJpkg, 0.00 uJdram
WorkloadActual  11: 492720 op, 1000683869.00 ns, 2.0309 us/op, 84757962.00 uJpkg, 0.00 uJdram
WorkloadActual  12: 492720 op, 998496182.00 ns, 2.0265 us/op, 84350126.00 uJpkg, 0.00 uJdram
WorkloadActual  13: 492720 op, 1001757418.00 ns, 2.0331 us/op, 84782193.00 uJpkg, 0.00 uJdram
WorkloadActual  14: 492720 op, 1001341596.00 ns, 2.0323 us/op, 85069485.00 uJpkg, 0.00 uJdram
WorkloadActual  15: 492720 op, 1000566658.00 ns, 2.0307 us/op, 84977382.00 uJpkg, 0.00 uJdram

// AfterActualRun
WorkloadResult   1: 492720 op, 1005061350.00 ns, 2.0398 us/op, 86071557.00 uJpkg, 0.00 uJdram
WorkloadResult   2: 492720 op, 999694165.00 ns, 2.0289 us/op, 85143703.00 uJpkg, 0.00 uJdram
WorkloadResult   3: 492720 op, 997986422.00 ns, 2.0255 us/op, 84871853.00 uJpkg, 0.00 uJdram
WorkloadResult   4: 492720 op, 999466358.00 ns, 2.0285 us/op, 85062770.00 uJpkg, 0.00 uJdram
WorkloadResult   5: 492720 op, 998023163.00 ns, 2.0255 us/op, 84877895.00 uJpkg, 0.00 uJdram
WorkloadResult   6: 492720 op, 998569771.00 ns, 2.0266 us/op, 85207607.00 uJpkg, 0.00 uJdram
WorkloadResult   7: 492720 op, 998514102.00 ns, 2.0265 us/op, 84871914.00 uJpkg, 0.00 uJdram
WorkloadResult   8: 492720 op, 999112161.00 ns, 2.0277 us/op, 85033535.00 uJpkg, 0.00 uJdram
WorkloadResult   9: 492720 op, 998732037.00 ns, 2.0270 us/op, 85177700.00 uJpkg, 0.00 uJdram
WorkloadResult  10: 492720 op, 999056784.00 ns, 2.0276 us/op, 86063744.00 uJpkg, 0.00 uJdram
WorkloadResult  11: 492720 op, 998995721.00 ns, 2.0275 us/op, 84757962.00 uJpkg, 0.00 uJdram
WorkloadResult  12: 492720 op, 996808034.00 ns, 2.0231 us/op, 84350126.00 uJpkg, 0.00 uJdram
WorkloadResult  13: 492720 op, 1000069270.00 ns, 2.0297 us/op, 84782193.00 uJpkg, 0.00 uJdram
WorkloadResult  14: 492720 op, 999653448.00 ns, 2.0288 us/op, 85069485.00 uJpkg, 0.00 uJdram
WorkloadResult  15: 492720 op, 998878510.00 ns, 2.0273 us/op, 84977382.00 uJpkg, 0.00 uJdram

// AfterAll
// Benchmark Process 4052943 has exited with code 0.

Mean = 2.028 μs, StdErr = 0.001 μs (0.05%), N = 15, StdDev = 0.004 μs
Min = 2.023 μs, Q1 = 2.027 μs, Median = 2.028 μs, Q3 = 2.029 μs, Max = 2.040 μs
IQR = 0.002 μs, LowerFence = 2.023 μs, UpperFence = 2.032 μs
ConfidenceInterval = [2.024 μs; 2.032 μs] (CI 99.9%), Margin = 0.004 μs (0.19% of Mean)
Skewness = 2.04, Kurtosis = 7.52, MValue = 2

// ** Remained 16 (53.3%) benchmark(s) to run. Estimated finish 2025-12-31 18:52 (0h 7m from now) **
// **************************
// Benchmark: JsonSerializationBenchmarks.SpanJson_Deserialize_Small: Overhead-Fixed-Energy-3(OutlierMode=DontRemove, IterationCount=15, IterationTime=1s, LaunchCount=1, WarmupCount=6)
// *** Execute ***
// Launch: 1 / 1
// Execute: dotnet Serialization.Bench-Overhead-Fixed-Energy-3-1.dll --anonymousPipes 103 104 --benchmarkName Serialization.Bench.JsonSerializationBenchmarks.SpanJson_Deserialize_Small --job Overhead-Fixed-Energy-3 --benchmarkId 14 in /home/test/rapl-tests/lib-energy-bench/src/Serialization.Bench/bin/Release/net8.0/Serialization.Bench-Overhead-Fixed-Energy-3-1/bin/Release/net8.0
// BeforeAnythingElse

// Benchmark Process Environment Information:
// BenchmarkDotNet v0.15.5-develop (2025-12-31)
// Runtime=.NET 8.0.21 (8.0.21, 8.0.2125.47513), X64 RyuJIT x86-64-v4
// GC=Concurrent Workstation
// HardwareIntrinsics=AVX512 IFMA+VBMI,AVX512 F+BW+CD+DQ+VL,AVX2+BMI1+BMI2+F16C+FMA+LZCNT+MOVBE,AVX,SSE3+SSSE3+SSE4.1+SSE4.2+POPCNT,X86Base+SSE+SSE2,AES+PCLMUL VectorSize=256
// Job: Overhead-Fixed-Energy-3(OutlierMode=DontRemove, IterationCount=15, IterationTime=1s, LaunchCount=1, WarmupCount=6)

OverheadJitting  1: 1 op, 144796.00 ns, 144.7960 us/op, 0.00 uJpkg, 0.00 uJdram
WorkloadJitting  1: 1 op, 59196209.00 ns, 59.1962 ms/op, 3714835.00 uJpkg, 0.00 uJdram

OverheadJitting  2: 16 op, 406920.00 ns, 25.4325 us/op, 0.00 uJpkg, 0.00 uJdram
WorkloadJitting  2: 16 op, 418960.00 ns, 26.1850 us/op, 84777.00 uJpkg, 0.00 uJdram

WorkloadPilot    1: 16 op, 32648.00 ns, 2.0405 us/op, 0.00 uJpkg, 0.00 uJdram
WorkloadPilot    2: 490080 op, 588995511.00 ns, 1.2018 us/op, 45920476.00 uJpkg, 0.00 uJdram
WorkloadPilot    3: 832064 op, 968868233.00 ns, 1.1644 us/op, 81830174.00 uJpkg, 0.00 uJdram
WorkloadPilot    4: 858800 op, 995720720.00 ns, 1.1594 us/op, 84314360.00 uJpkg, 0.00 uJdram
WorkloadPilot    5: 862496 op, 999104110.00 ns, 1.1584 us/op, 84701870.00 uJpkg, 0.00 uJdram
WorkloadPilot    6: 863280 op, 1000886730.00 ns, 1.1594 us/op, 84954922.00 uJpkg, 0.00 uJdram
WorkloadPilot    7: 862528 op, 1002122276.00 ns, 1.1618 us/op, 85214870.00 uJpkg, 0.00 uJdram
WorkloadPilot    8: 860704 op, 1000696990.00 ns, 1.1626 us/op, 85109279.00 uJpkg, 0.00 uJdram

OverheadWarmup   1: 860704 op, 2948151.00 ns, 3.4253 ns/op, 199279.00 uJpkg, 0.00 uJdram
OverheadWarmup   2: 860704 op, 2949856.00 ns, 3.4273 ns/op, 189270.00 uJpkg, 0.00 uJdram
OverheadWarmup   3: 860704 op, 2954440.00 ns, 3.4326 ns/op, 199585.00 uJpkg, 0.00 uJdram
OverheadWarmup   4: 860704 op, 2956067.00 ns, 3.4345 ns/op, 209289.00 uJpkg, 0.00 uJdram
OverheadWarmup   5: 860704 op, 2956755.00 ns, 3.4353 ns/op, 289672.00 uJpkg, 0.00 uJdram
OverheadWarmup   6: 860704 op, 2950545.00 ns, 3.4281 ns/op, 227417.00 uJpkg, 0.00 uJdram
OverheadWarmup   7: 860704 op, 2956682.00 ns, 3.4352 ns/op, 217163.00 uJpkg, 0.00 uJdram
OverheadWarmup   8: 860704 op, 2955361.00 ns, 3.4337 ns/op, 192748.00 uJpkg, 0.00 uJdram

OverheadActual   1: 860704 op, 2958819.00 ns, 3.4377 ns/op, 206481.00 uJpkg, 0.00 uJdram
OverheadActual   2: 860704 op, 2962676.00 ns, 3.4422 ns/op, 212219.00 uJpkg, 0.00 uJdram
OverheadActual   3: 860704 op, 2977329.00 ns, 3.4592 ns/op, 195922.00 uJpkg, 0.00 uJdram
OverheadActual   4: 860704 op, 2978989.00 ns, 3.4611 ns/op, 197387.00 uJpkg, 0.00 uJdram
OverheadActual   5: 860704 op, 2961818.00 ns, 3.4412 ns/op, 195617.00 uJpkg, 0.00 uJdram
OverheadActual   6: 860704 op, 2966939.00 ns, 3.4471 ns/op, 199096.00 uJpkg, 0.00 uJdram
OverheadActual   7: 860704 op, 2974610.00 ns, 3.4560 ns/op, 185912.00 uJpkg, 0.00 uJdram
OverheadActual   8: 860704 op, 2962072.00 ns, 3.4415 ns/op, 189269.00 uJpkg, 0.00 uJdram
OverheadActual   9: 860704 op, 2952458.00 ns, 3.4303 ns/op, 211547.00 uJpkg, 0.00 uJdram
OverheadActual  10: 860704 op, 2951012.00 ns, 3.4286 ns/op, 221069.00 uJpkg, 0.00 uJdram
OverheadActual  11: 860704 op, 2946914.00 ns, 3.4238 ns/op, 182861.00 uJpkg, 0.00 uJdram
OverheadActual  12: 860704 op, 2953151.00 ns, 3.4311 ns/op, 204406.00 uJpkg, 0.00 uJdram
OverheadActual  13: 860704 op, 2946553.00 ns, 3.4234 ns/op, 189391.00 uJpkg, 0.00 uJdram
OverheadActual  14: 860704 op, 2946740.00 ns, 3.4236 ns/op, 174926.00 uJpkg, 0.00 uJdram
OverheadActual  15: 860704 op, 2946417.00 ns, 3.4233 ns/op, 212158.00 uJpkg, 0.00 uJdram

WorkloadWarmup   1: 860704 op, 999120419.00 ns, 1.1608 us/op, 87544942.00 uJpkg, 0.00 uJdram
WorkloadWarmup   2: 860704 op, 997778454.00 ns, 1.1593 us/op, 84757656.00 uJpkg, 0.00 uJdram
WorkloadWarmup   3: 860704 op, 995968793.00 ns, 1.1572 us/op, 84550259.00 uJpkg, 0.00 uJdram
WorkloadWarmup   4: 860704 op, 995851494.00 ns, 1.1570 us/op, 84726101.00 uJpkg, 0.00 uJdram
WorkloadWarmup   5: 860704 op, 995342082.00 ns, 1.1564 us/op, 84453031.00 uJpkg, 0.00 uJdram
WorkloadWarmup   6: 860704 op, 996350067.00 ns, 1.1576 us/op, 84862392.00 uJpkg, 0.00 uJdram

// BeforeActualRun
WorkloadActual   1: 860704 op, 999545357.00 ns, 1.1613 us/op, 85222499.00 uJpkg, 0.00 uJdram
WorkloadActual   2: 860704 op, 1001316656.00 ns, 1.1634 us/op, 85094509.00 uJpkg, 0.00 uJdram
WorkloadActual   3: 860704 op, 1000884234.00 ns, 1.1629 us/op, 85594446.00 uJpkg, 0.00 uJdram
WorkloadActual   4: 860704 op, 1000539902.00 ns, 1.1625 us/op, 84919033.00 uJpkg, 0.00 uJdram
WorkloadActual   5: 860704 op, 1000858069.00 ns, 1.1628 us/op, 85248988.00 uJpkg, 0.00 uJdram
WorkloadActual   6: 860704 op, 1000089857.00 ns, 1.1619 us/op, 85118617.00 uJpkg, 0.00 uJdram
WorkloadActual   7: 860704 op, 999236386.00 ns, 1.1610 us/op, 84818691.00 uJpkg, 0.00 uJdram
WorkloadActual   8: 860704 op, 1000655673.00 ns, 1.1626 us/op, 85014736.00 uJpkg, 0.00 uJdram
WorkloadActual   9: 860704 op, 1001649652.00 ns, 1.1638 us/op, 84940701.00 uJpkg, 0.00 uJdram
WorkloadActual  10: 860704 op, 1000639474.00 ns, 1.1626 us/op, 85947167.00 uJpkg, 0.00 uJdram
WorkloadActual  11: 860704 op, 999367883.00 ns, 1.1611 us/op, 84882534.00 uJpkg, 0.00 uJdram
WorkloadActual  12: 860704 op, 999672329.00 ns, 1.1615 us/op, 84878445.00 uJpkg, 0.00 uJdram
WorkloadActual  13: 860704 op, 1000139690.00 ns, 1.1620 us/op, 85008388.00 uJpkg, 0.00 uJdram
WorkloadActual  14: 860704 op, 1002467285.00 ns, 1.1647 us/op, 85391017.00 uJpkg, 0.00 uJdram
WorkloadActual  15: 860704 op, 999680974.00 ns, 1.1615 us/op, 84915310.00 uJpkg, 0.00 uJdram

// AfterActualRun
WorkloadResult   1: 860704 op, 996586538.00 ns, 1.1579 us/op, 85222499.00 uJpkg, 0.00 uJdram
WorkloadResult   2: 860704 op, 998357837.00 ns, 1.1599 us/op, 85094509.00 uJpkg, 0.00 uJdram
WorkloadResult   3: 860704 op, 997925415.00 ns, 1.1594 us/op, 85594446.00 uJpkg, 0.00 uJdram
WorkloadResult   4: 860704 op, 997581083.00 ns, 1.1590 us/op, 84919033.00 uJpkg, 0.00 uJdram
WorkloadResult   5: 860704 op, 997899250.00 ns, 1.1594 us/op, 85248988.00 uJpkg, 0.00 uJdram
WorkloadResult   6: 860704 op, 997131038.00 ns, 1.1585 us/op, 85118617.00 uJpkg, 0.00 uJdram
WorkloadResult   7: 860704 op, 996277567.00 ns, 1.1575 us/op, 84818691.00 uJpkg, 0.00 uJdram
WorkloadResult   8: 860704 op, 997696854.00 ns, 1.1592 us/op, 85014736.00 uJpkg, 0.00 uJdram
WorkloadResult   9: 860704 op, 998690833.00 ns, 1.1603 us/op, 84940701.00 uJpkg, 0.00 uJdram
WorkloadResult  10: 860704 op, 997680655.00 ns, 1.1591 us/op, 85947167.00 uJpkg, 0.00 uJdram
WorkloadResult  11: 860704 op, 996409064.00 ns, 1.1577 us/op, 84882534.00 uJpkg, 0.00 uJdram
WorkloadResult  12: 860704 op, 996713510.00 ns, 1.1580 us/op, 84878445.00 uJpkg, 0.00 uJdram
WorkloadResult  13: 860704 op, 997180871.00 ns, 1.1586 us/op, 85008388.00 uJpkg, 0.00 uJdram
WorkloadResult  14: 860704 op, 999508466.00 ns, 1.1613 us/op, 85391017.00 uJpkg, 0.00 uJdram
WorkloadResult  15: 860704 op, 996722155.00 ns, 1.1580 us/op, 84915310.00 uJpkg, 0.00 uJdram

// AfterAll
// Benchmark Process 4052963 has exited with code 0.

Mean = 1.159 μs, StdErr = 0.000 μs (0.02%), N = 15, StdDev = 0.001 μs
Min = 1.158 μs, Q1 = 1.158 μs, Median = 1.159 μs, Q3 = 1.159 μs, Max = 1.161 μs
IQR = 0.001 μs, LowerFence = 1.156 μs, UpperFence = 1.161 μs
ConfidenceInterval = [1.158 μs; 1.160 μs] (CI 99.9%), Margin = 0.001 μs (0.10% of Mean)
Skewness = 0.53, Kurtosis = 2.36, MValue = 2

// ** Remained 15 (50.0%) benchmark(s) to run. Estimated finish 2025-12-31 18:52 (0h 6m from now) **
// **************************
// Benchmark: JsonSerializationBenchmarks.STJ_Serialize_Large: Overhead-Fixed-Energy-3(OutlierMode=DontRemove, IterationCount=15, IterationTime=1s, LaunchCount=1, WarmupCount=6)
// *** Execute ***
// Launch: 1 / 1
// Execute: dotnet Serialization.Bench-Overhead-Fixed-Energy-3-1.dll --anonymousPipes 103 104 --benchmarkName Serialization.Bench.JsonSerializationBenchmarks.STJ_Serialize_Large --job Overhead-Fixed-Energy-3 --benchmarkId 15 in /home/test/rapl-tests/lib-energy-bench/src/Serialization.Bench/bin/Release/net8.0/Serialization.Bench-Overhead-Fixed-Energy-3-1/bin/Release/net8.0
// BeforeAnythingElse

// Benchmark Process Environment Information:
// BenchmarkDotNet v0.15.5-develop (2025-12-31)
// Runtime=.NET 8.0.21 (8.0.21, 8.0.2125.47513), X64 RyuJIT x86-64-v4
// GC=Concurrent Workstation
// HardwareIntrinsics=AVX512 IFMA+VBMI,AVX512 F+BW+CD+DQ+VL,AVX2+BMI1+BMI2+F16C+FMA+LZCNT+MOVBE,AVX,SSE3+SSSE3+SSE4.1+SSE4.2+POPCNT,X86Base+SSE+SSE2,AES+PCLMUL VectorSize=256
// Job: Overhead-Fixed-Energy-3(OutlierMode=DontRemove, IterationCount=15, IterationTime=1s, LaunchCount=1, WarmupCount=6)

OverheadJitting  1: 1 op, 136710.00 ns, 136.7100 us/op, 0.00 uJpkg, 0.00 uJdram
WorkloadJitting  1: 1 op, 8017159.00 ns, 8.0172 ms/op, 487121.00 uJpkg, 0.00 uJdram

OverheadJitting  2: 16 op, 367950.00 ns, 22.9969 us/op, 0.00 uJpkg, 0.00 uJdram
WorkloadJitting  2: 16 op, 6227748.00 ns, 389.2343 us/op, 507934.00 uJpkg, 0.00 uJdram

WorkloadPilot    1: 16 op, 5856186.00 ns, 366.0116 us/op, 403319.00 uJpkg, 0.00 uJdram
WorkloadPilot    2: 2736 op, 745626507.00 ns, 272.5243 us/op, 71325196.00 uJpkg, 0.00 uJdram
WorkloadPilot    3: 3680 op, 713618144.00 ns, 193.9180 us/op, 66402235.00 uJpkg, 0.00 uJdram
WorkloadPilot    4: 5168 op, 974610556.00 ns, 188.5856 us/op, 90540601.00 uJpkg, 0.00 uJdram
WorkloadPilot    5: 5312 op, 1035262033.00 ns, 194.8912 us/op, 95995482.00 uJpkg, 0.00 uJdram
WorkloadPilot    6: 5136 op, 973355814.00 ns, 189.5163 us/op, 89979322.00 uJpkg, 0.00 uJdram
WorkloadPilot    7: 5280 op, 997735447.00 ns, 188.9650 us/op, 93421270.00 uJpkg, 0.00 uJdram
WorkloadPilot    8: 5296 op, 1003500834.00 ns, 189.4828 us/op, 93833500.00 uJpkg, 0.00 uJdram
WorkloadPilot    9: 5280 op, 999952994.00 ns, 189.3850 us/op, 92921210.00 uJpkg, 0.00 uJdram

OverheadWarmup   1: 5280 op, 18906.00 ns, 3.5807 ns/op, 0.00 uJpkg, 0.00 uJdram
OverheadWarmup   2: 5280 op, 18521.00 ns, 3.5078 ns/op, 0.00 uJpkg, 0.00 uJdram
OverheadWarmup   3: 5280 op, 18521.00 ns, 3.5078 ns/op, 0.00 uJpkg, 0.00 uJdram
OverheadWarmup   4: 5280 op, 18538.00 ns, 3.5110 ns/op, 0.00 uJpkg, 0.00 uJdram
OverheadWarmup   5: 5280 op, 19296.00 ns, 3.6545 ns/op, 0.00 uJpkg, 0.00 uJdram
OverheadWarmup   6: 5280 op, 27170.00 ns, 5.1458 ns/op, 0.00 uJpkg, 0.00 uJdram
OverheadWarmup   7: 5280 op, 18483.00 ns, 3.5006 ns/op, 0.00 uJpkg, 0.00 uJdram
OverheadWarmup   8: 5280 op, 18528.00 ns, 3.5091 ns/op, 0.00 uJpkg, 0.00 uJdram

OverheadActual   1: 5280 op, 18540.00 ns, 3.5114 ns/op, 0.00 uJpkg, 0.00 uJdram
OverheadActual   2: 5280 op, 18533.00 ns, 3.5100 ns/op, 0.00 uJpkg, 0.00 uJdram
OverheadActual   3: 5280 op, 18538.00 ns, 3.5110 ns/op, 0.00 uJpkg, 0.00 uJdram
OverheadActual   4: 5280 op, 18497.00 ns, 3.5032 ns/op, 0.00 uJpkg, 0.00 uJdram
OverheadActual   5: 5280 op, 18953.00 ns, 3.5896 ns/op, 0.00 uJpkg, 0.00 uJdram
OverheadActual   6: 5280 op, 18510.00 ns, 3.5057 ns/op, 0.00 uJpkg, 0.00 uJdram
OverheadActual   7: 5280 op, 18527.00 ns, 3.5089 ns/op, 0.00 uJpkg, 0.00 uJdram
OverheadActual   8: 5280 op, 18500.00 ns, 3.5038 ns/op, 0.00 uJpkg, 0.00 uJdram
OverheadActual   9: 5280 op, 18529.00 ns, 3.5093 ns/op, 0.00 uJpkg, 0.00 uJdram
OverheadActual  10: 5280 op, 18523.00 ns, 3.5081 ns/op, 0.00 uJpkg, 0.00 uJdram
OverheadActual  11: 5280 op, 19329.00 ns, 3.6608 ns/op, 0.00 uJpkg, 0.00 uJdram
OverheadActual  12: 5280 op, 18527.00 ns, 3.5089 ns/op, 0.00 uJpkg, 0.00 uJdram
OverheadActual  13: 5280 op, 18540.00 ns, 3.5114 ns/op, 0.00 uJpkg, 0.00 uJdram
OverheadActual  14: 5280 op, 18521.00 ns, 3.5078 ns/op, 0.00 uJpkg, 0.00 uJdram
OverheadActual  15: 5280 op, 19318.00 ns, 3.6587 ns/op, 0.00 uJpkg, 0.00 uJdram

WorkloadWarmup   1: 5280 op, 1007143129.00 ns, 190.7468 us/op, 96128721.00 uJpkg, 0.00 uJdram
WorkloadWarmup   2: 5280 op, 1000048649.00 ns, 189.4032 us/op, 93418645.00 uJpkg, 0.00 uJdram
WorkloadWarmup   3: 5280 op, 1001989450.00 ns, 189.7707 us/op, 94014652.00 uJpkg, 0.00 uJdram
WorkloadWarmup   4: 5280 op, 1001638087.00 ns, 189.7042 us/op, 93774052.00 uJpkg, 0.00 uJdram
WorkloadWarmup   5: 5280 op, 1001866076.00 ns, 189.7474 us/op, 93413579.00 uJpkg, 0.00 uJdram
WorkloadWarmup   6: 5280 op, 999720604.00 ns, 189.3410 us/op, 93691410.00 uJpkg, 0.00 uJdram

// BeforeActualRun
WorkloadActual   1: 5280 op, 1004291259.00 ns, 190.2067 us/op, 93499394.00 uJpkg, 0.00 uJdram
WorkloadActual   2: 5280 op, 1001476169.00 ns, 189.6735 us/op, 93302008.00 uJpkg, 0.00 uJdram
WorkloadActual   3: 5280 op, 1003311610.00 ns, 190.0211 us/op, 93750309.00 uJpkg, 0.00 uJdram
WorkloadActual   4: 5280 op, 1002019118.00 ns, 189.7763 us/op, 93422063.00 uJpkg, 0.00 uJdram
WorkloadActual   5: 5280 op, 1001843286.00 ns, 189.7430 us/op, 93875126.00 uJpkg, 0.00 uJdram
WorkloadActual   6: 5280 op, 999692161.00 ns, 189.3356 us/op, 93460454.00 uJpkg, 0.00 uJdram
WorkloadActual   7: 5280 op, 1002561088.00 ns, 189.8790 us/op, 93778263.00 uJpkg, 0.00 uJdram
WorkloadActual   8: 5280 op, 1004399230.00 ns, 190.2271 us/op, 94140140.00 uJpkg, 0.00 uJdram
WorkloadActual   9: 5280 op, 1001017670.00 ns, 189.5867 us/op, 93210760.00 uJpkg, 0.00 uJdram
WorkloadActual  10: 5280 op, 1002076434.00 ns, 189.7872 us/op, 94200259.00 uJpkg, 0.00 uJdram
WorkloadActual  11: 5280 op, 1002031849.00 ns, 189.7788 us/op, 93551152.00 uJpkg, 0.00 uJdram
WorkloadActual  12: 5280 op, 1000371039.00 ns, 189.4642 us/op, 93499760.00 uJpkg, 0.00 uJdram
WorkloadActual  13: 5280 op, 1000210622.00 ns, 189.4338 us/op, 93175238.00 uJpkg, 0.00 uJdram
WorkloadActual  14: 5280 op, 1001222300.00 ns, 189.6254 us/op, 93351384.00 uJpkg, 0.00 uJdram
WorkloadActual  15: 5280 op, 1002248192.00 ns, 189.8197 us/op, 93064703.00 uJpkg, 0.00 uJdram

// AfterActualRun
WorkloadResult   1: 5280 op, 1004272730.00 ns, 190.2032 us/op, 93499394.00 uJpkg, 0.00 uJdram
WorkloadResult   2: 5280 op, 1001457640.00 ns, 189.6700 us/op, 93302008.00 uJpkg, 0.00 uJdram
WorkloadResult   3: 5280 op, 1003293081.00 ns, 190.0176 us/op, 93750309.00 uJpkg, 0.00 uJdram
WorkloadResult   4: 5280 op, 1002000589.00 ns, 189.7728 us/op, 93422063.00 uJpkg, 0.00 uJdram
WorkloadResult   5: 5280 op, 1001824757.00 ns, 189.7395 us/op, 93875126.00 uJpkg, 0.00 uJdram
WorkloadResult   6: 5280 op, 999673632.00 ns, 189.3321 us/op, 93460454.00 uJpkg, 0.00 uJdram
WorkloadResult   7: 5280 op, 1002542559.00 ns, 189.8755 us/op, 93778263.00 uJpkg, 0.00 uJdram
WorkloadResult   8: 5280 op, 1004380701.00 ns, 190.2236 us/op, 94140140.00 uJpkg, 0.00 uJdram
WorkloadResult   9: 5280 op, 1000999141.00 ns, 189.5832 us/op, 93210760.00 uJpkg, 0.00 uJdram
WorkloadResult  10: 5280 op, 1002057905.00 ns, 189.7837 us/op, 94200259.00 uJpkg, 0.00 uJdram
WorkloadResult  11: 5280 op, 1002013320.00 ns, 189.7753 us/op, 93551152.00 uJpkg, 0.00 uJdram
WorkloadResult  12: 5280 op, 1000352510.00 ns, 189.4607 us/op, 93499760.00 uJpkg, 0.00 uJdram
WorkloadResult  13: 5280 op, 1000192093.00 ns, 189.4303 us/op, 93175238.00 uJpkg, 0.00 uJdram
WorkloadResult  14: 5280 op, 1001203771.00 ns, 189.6219 us/op, 93351384.00 uJpkg, 0.00 uJdram
WorkloadResult  15: 5280 op, 1002229663.00 ns, 189.8162 us/op, 93064703.00 uJpkg, 0.00 uJdram

// AfterAll
// Benchmark Process 4052981 has exited with code 0.

Mean = 189.754 μs, StdErr = 0.067 μs (0.04%), N = 15, StdDev = 0.258 μs
Min = 189.332 μs, Q1 = 189.603 μs, Median = 189.773 μs, Q3 = 189.846 μs, Max = 190.224 μs
IQR = 0.243 μs, LowerFence = 189.238 μs, UpperFence = 190.211 μs
ConfidenceInterval = [189.477 μs; 190.030 μs] (CI 99.9%), Margin = 0.276 μs (0.15% of Mean)
Skewness = 0.28, Kurtosis = 2.18, MValue = 2

// ** Remained 14 (46.7%) benchmark(s) to run. Estimated finish 2025-12-31 18:52 (0h 6m from now) **
// **************************
// Benchmark: JsonSerializationBenchmarks.Newtonsoft_Serialize_Large: Overhead-Fixed-Energy-3(OutlierMode=DontRemove, IterationCount=15, IterationTime=1s, LaunchCount=1, WarmupCount=6)
// *** Execute ***
// Launch: 1 / 1
// Execute: dotnet Serialization.Bench-Overhead-Fixed-Energy-3-1.dll --anonymousPipes 103 104 --benchmarkName Serialization.Bench.JsonSerializationBenchmarks.Newtonsoft_Serialize_Large --job Overhead-Fixed-Energy-3 --benchmarkId 16 in /home/test/rapl-tests/lib-energy-bench/src/Serialization.Bench/bin/Release/net8.0/Serialization.Bench-Overhead-Fixed-Energy-3-1/bin/Release/net8.0
// BeforeAnythingElse

// Benchmark Process Environment Information:
// BenchmarkDotNet v0.15.5-develop (2025-12-31)
// Runtime=.NET 8.0.21 (8.0.21, 8.0.2125.47513), X64 RyuJIT x86-64-v4
// GC=Concurrent Workstation
// HardwareIntrinsics=AVX512 IFMA+VBMI,AVX512 F+BW+CD+DQ+VL,AVX2+BMI1+BMI2+F16C+FMA+LZCNT+MOVBE,AVX,SSE3+SSSE3+SSE4.1+SSE4.2+POPCNT,X86Base+SSE+SSE2,AES+PCLMUL VectorSize=256
// Job: Overhead-Fixed-Energy-3(OutlierMode=DontRemove, IterationCount=15, IterationTime=1s, LaunchCount=1, WarmupCount=6)

OverheadJitting  1: 1 op, 135203.00 ns, 135.2030 us/op, 57434.00 uJpkg, 0.00 uJdram
WorkloadJitting  1: 1 op, 50602431.00 ns, 50.6024 ms/op, 3110099.00 uJpkg, 0.00 uJdram

OverheadJitting  2: 16 op, 363315.00 ns, 22.7072 us/op, 0.00 uJpkg, 0.00 uJdram
WorkloadJitting  2: 16 op, 15925359.00 ns, 995.3349 us/op, 1051755.00 uJpkg, 0.00 uJdram

WorkloadPilot    1: 16 op, 15292954.00 ns, 955.8096 us/op, 1056211.00 uJpkg, 0.00 uJdram
WorkloadPilot    2: 1056 op, 456903843.00 ns, 432.6741 us/op, 38857444.00 uJpkg, 0.00 uJdram
WorkloadPilot    3: 2320 op, 722738557.00 ns, 311.5252 us/op, 59874297.00 uJpkg, 0.00 uJdram
WorkloadPilot    4: 3216 op, 1006362857.00 ns, 312.9238 us/op, 84198454.00 uJpkg, 0.00 uJdram
WorkloadPilot    5: 3200 op, 1003234333.00 ns, 313.5107 us/op, 83378022.00 uJpkg, 0.00 uJdram

OverheadWarmup   1: 3200 op, 12276.00 ns, 3.8363 ns/op, 0.00 uJpkg, 0.00 uJdram
OverheadWarmup   2: 3200 op, 11382.00 ns, 3.5569 ns/op, 0.00 uJpkg, 0.00 uJdram
OverheadWarmup   3: 3200 op, 11349.00 ns, 3.5466 ns/op, 0.00 uJpkg, 0.00 uJdram
OverheadWarmup   4: 3200 op, 11325.00 ns, 3.5391 ns/op, 0.00 uJpkg, 0.00 uJdram
OverheadWarmup   5: 3200 op, 11340.00 ns, 3.5438 ns/op, 0.00 uJpkg, 0.00 uJdram
OverheadWarmup   6: 3200 op, 11345.00 ns, 3.5453 ns/op, 0.00 uJpkg, 0.00 uJdram
OverheadWarmup   7: 3200 op, 11363.00 ns, 3.5509 ns/op, 0.00 uJpkg, 0.00 uJdram
OverheadWarmup   8: 3200 op, 11366.00 ns, 3.5519 ns/op, 0.00 uJpkg, 0.00 uJdram
OverheadWarmup   9: 3200 op, 11360.00 ns, 3.5500 ns/op, 0.00 uJpkg, 0.00 uJdram
OverheadWarmup  10: 3200 op, 11348.00 ns, 3.5463 ns/op, 0.00 uJpkg, 0.00 uJdram

OverheadActual   1: 3200 op, 11358.00 ns, 3.5494 ns/op, 0.00 uJpkg, 0.00 uJdram
OverheadActual   2: 3200 op, 11367.00 ns, 3.5522 ns/op, 0.00 uJpkg, 0.00 uJdram
OverheadActual   3: 3200 op, 11348.00 ns, 3.5463 ns/op, 0.00 uJpkg, 0.00 uJdram
OverheadActual   4: 3200 op, 11348.00 ns, 3.5463 ns/op, 0.00 uJpkg, 0.00 uJdram
OverheadActual   5: 3200 op, 11350.00 ns, 3.5469 ns/op, 0.00 uJpkg, 0.00 uJdram
OverheadActual   6: 3200 op, 11351.00 ns, 3.5472 ns/op, 0.00 uJpkg, 0.00 uJdram
OverheadActual   7: 3200 op, 11341.00 ns, 3.5441 ns/op, 0.00 uJpkg, 0.00 uJdram
OverheadActual   8: 3200 op, 11350.00 ns, 3.5469 ns/op, 0.00 uJpkg, 0.00 uJdram
OverheadActual   9: 3200 op, 11358.00 ns, 3.5494 ns/op, 0.00 uJpkg, 0.00 uJdram
OverheadActual  10: 3200 op, 11354.00 ns, 3.5481 ns/op, 0.00 uJpkg, 0.00 uJdram
OverheadActual  11: 3200 op, 11719.00 ns, 3.6622 ns/op, 0.00 uJpkg, 0.00 uJdram
OverheadActual  12: 3200 op, 11354.00 ns, 3.5481 ns/op, 0.00 uJpkg, 0.00 uJdram
OverheadActual  13: 3200 op, 11350.00 ns, 3.5469 ns/op, 0.00 uJpkg, 0.00 uJdram
OverheadActual  14: 3200 op, 11341.00 ns, 3.5441 ns/op, 0.00 uJpkg, 0.00 uJdram
OverheadActual  15: 3200 op, 11351.00 ns, 3.5472 ns/op, 0.00 uJpkg, 0.00 uJdram

WorkloadWarmup   1: 3200 op, 1000722453.00 ns, 312.7258 us/op, 85058498.00 uJpkg, 0.00 uJdram
WorkloadWarmup   2: 3200 op, 999292393.00 ns, 312.2789 us/op, 82017551.00 uJpkg, 0.00 uJdram
WorkloadWarmup   3: 3200 op, 999247951.00 ns, 312.2650 us/op, 81928135.00 uJpkg, 0.00 uJdram
WorkloadWarmup   4: 3200 op, 998342594.00 ns, 311.9821 us/op, 81809178.00 uJpkg, 0.00 uJdram
WorkloadWarmup   5: 3200 op, 998041091.00 ns, 311.8878 us/op, 82308139.00 uJpkg, 0.00 uJdram
WorkloadWarmup   6: 3200 op, 1000259109.00 ns, 312.5810 us/op, 83067414.00 uJpkg, 0.00 uJdram

// BeforeActualRun
WorkloadActual   1: 3200 op, 999985228.00 ns, 312.4954 us/op, 83327851.00 uJpkg, 0.00 uJdram
WorkloadActual   2: 3200 op, 998140604.00 ns, 311.9189 us/op, 82808809.00 uJpkg, 0.00 uJdram
WorkloadActual   3: 3200 op, 997529870.00 ns, 311.7281 us/op, 83893462.00 uJpkg, 0.00 uJdram
WorkloadActual   4: 3200 op, 998551724.00 ns, 312.0474 us/op, 83218720.00 uJpkg, 0.00 uJdram
WorkloadActual   5: 3200 op, 998404471.00 ns, 312.0014 us/op, 82233127.00 uJpkg, 0.00 uJdram
WorkloadActual   6: 3200 op, 998005938.00 ns, 311.8769 us/op, 82607943.00 uJpkg, 0.00 uJdram
WorkloadActual   7: 3200 op, 996751416.00 ns, 311.4848 us/op, 82683749.00 uJpkg, 0.00 uJdram
WorkloadActual   8: 3200 op, 998438630.00 ns, 312.0121 us/op, 82836153.00 uJpkg, 0.00 uJdram
WorkloadActual   9: 3200 op, 996631851.00 ns, 311.4475 us/op, 81808812.00 uJpkg, 0.00 uJdram
WorkloadActual  10: 3200 op, 998784152.00 ns, 312.1200 us/op, 83069062.00 uJpkg, 0.00 uJdram
WorkloadActual  11: 3200 op, 997134819.00 ns, 311.6046 us/op, 82047154.00 uJpkg, 0.00 uJdram
WorkloadActual  12: 3200 op, 995983457.00 ns, 311.2448 us/op, 82244052.00 uJpkg, 0.00 uJdram
WorkloadActual  13: 3200 op, 998244356.00 ns, 311.9514 us/op, 82356418.00 uJpkg, 0.00 uJdram
WorkloadActual  14: 3200 op, 998823347.00 ns, 312.1323 us/op, 82116245.00 uJpkg, 0.00 uJdram
WorkloadActual  15: 3200 op, 997161066.00 ns, 311.6128 us/op, 82257418.00 uJpkg, 0.00 uJdram

// AfterActualRun
WorkloadResult   1: 3200 op, 999973877.00 ns, 312.4918 us/op, 83327851.00 uJpkg, 0.00 uJdram
WorkloadResult   2: 3200 op, 998129253.00 ns, 311.9154 us/op, 82808809.00 uJpkg, 0.00 uJdram
WorkloadResult   3: 3200 op, 997518519.00 ns, 311.7245 us/op, 83893462.00 uJpkg, 0.00 uJdram
WorkloadResult   4: 3200 op, 998540373.00 ns, 312.0439 us/op, 83218720.00 uJpkg, 0.00 uJdram
WorkloadResult   5: 3200 op, 998393120.00 ns, 311.9979 us/op, 82233127.00 uJpkg, 0.00 uJdram
WorkloadResult   6: 3200 op, 997994587.00 ns, 311.8733 us/op, 82607943.00 uJpkg, 0.00 uJdram
WorkloadResult   7: 3200 op, 996740065.00 ns, 311.4813 us/op, 82683749.00 uJpkg, 0.00 uJdram
WorkloadResult   8: 3200 op, 998427279.00 ns, 312.0085 us/op, 82836153.00 uJpkg, 0.00 uJdram
WorkloadResult   9: 3200 op, 996620500.00 ns, 311.4439 us/op, 81808812.00 uJpkg, 0.00 uJdram
WorkloadResult  10: 3200 op, 998772801.00 ns, 312.1165 us/op, 83069062.00 uJpkg, 0.00 uJdram
WorkloadResult  11: 3200 op, 997123468.00 ns, 311.6011 us/op, 82047154.00 uJpkg, 0.00 uJdram
WorkloadResult  12: 3200 op, 995972106.00 ns, 311.2413 us/op, 82244052.00 uJpkg, 0.00 uJdram
WorkloadResult  13: 3200 op, 998233005.00 ns, 311.9478 us/op, 82356418.00 uJpkg, 0.00 uJdram
WorkloadResult  14: 3200 op, 998811996.00 ns, 312.1287 us/op, 82116245.00 uJpkg, 0.00 uJdram
WorkloadResult  15: 3200 op, 997149715.00 ns, 311.6093 us/op, 82257418.00 uJpkg, 0.00 uJdram

// AfterAll
// Benchmark Process 4053002 has exited with code 0.

Mean = 311.842 μs, StdErr = 0.084 μs (0.03%), N = 15, StdDev = 0.324 μs
Min = 311.241 μs, Q1 = 311.605 μs, Median = 311.915 μs, Q3 = 312.026 μs, Max = 312.492 μs
IQR = 0.421 μs, LowerFence = 310.974 μs, UpperFence = 312.658 μs
ConfidenceInterval = [311.496 μs; 312.188 μs] (CI 99.9%), Margin = 0.346 μs (0.11% of Mean)
Skewness = -0.03, Kurtosis = 2.27, MValue = 2

// ** Remained 13 (43.3%) benchmark(s) to run. Estimated finish 2025-12-31 18:52 (0h 5m from now) **
// **************************
// Benchmark: JsonSerializationBenchmarks.Jil_Serialize_Large: Overhead-Fixed-Energy-3(OutlierMode=DontRemove, IterationCount=15, IterationTime=1s, LaunchCount=1, WarmupCount=6)
// *** Execute ***
// Launch: 1 / 1
// Execute: dotnet Serialization.Bench-Overhead-Fixed-Energy-3-1.dll --anonymousPipes 103 104 --benchmarkName Serialization.Bench.JsonSerializationBenchmarks.Jil_Serialize_Large --job Overhead-Fixed-Energy-3 --benchmarkId 17 in /home/test/rapl-tests/lib-energy-bench/src/Serialization.Bench/bin/Release/net8.0/Serialization.Bench-Overhead-Fixed-Energy-3-1/bin/Release/net8.0
// BeforeAnythingElse

// Benchmark Process Environment Information:
// BenchmarkDotNet v0.15.5-develop (2025-12-31)
// Runtime=.NET 8.0.21 (8.0.21, 8.0.2125.47513), X64 RyuJIT x86-64-v4
// GC=Concurrent Workstation
// HardwareIntrinsics=AVX512 IFMA+VBMI,AVX512 F+BW+CD+DQ+VL,AVX2+BMI1+BMI2+F16C+FMA+LZCNT+MOVBE,AVX,SSE3+SSSE3+SSE4.1+SSE4.2+POPCNT,X86Base+SSE+SSE2,AES+PCLMUL VectorSize=256
// Job: Overhead-Fixed-Energy-3(OutlierMode=DontRemove, IterationCount=15, IterationTime=1s, LaunchCount=1, WarmupCount=6)

OverheadJitting  1: 1 op, 145251.00 ns, 145.2510 us/op, 54748.00 uJpkg, 0.00 uJdram
WorkloadJitting  1: 1 op, 155565755.00 ns, 155.5658 ms/op, 9769324.00 uJpkg, 0.00 uJdram

WorkloadPilot    1: 4 op, 1583950.00 ns, 395.9875 us/op, 87829.00 uJpkg, 0.00 uJdram
WorkloadPilot    2: 2525 op, 790507814.00 ns, 313.0724 us/op, 65437394.00 uJpkg, 0.00 uJdram
WorkloadPilot    3: 3194 op, 911266863.00 ns, 285.3058 us/op, 77554611.00 uJpkg, 0.00 uJdram
WorkloadPilot    4: 3505 op, 1003248254.00 ns, 286.2335 us/op, 85180080.00 uJpkg, 0.00 uJdram
WorkloadPilot    5: 3494 op, 999942632.00 ns, 286.1885 us/op, 85278468.00 uJpkg, 0.00 uJdram

WorkloadWarmup   1: 3494 op, 998203223.00 ns, 285.6907 us/op, 85257716.00 uJpkg, 0.00 uJdram
WorkloadWarmup   2: 3494 op, 996495110.00 ns, 285.2018 us/op, 85238247.00 uJpkg, 0.00 uJdram
WorkloadWarmup   3: 3494 op, 995441793.00 ns, 284.9003 us/op, 85163173.00 uJpkg, 0.00 uJdram
WorkloadWarmup   4: 3494 op, 1000664995.00 ns, 286.3952 us/op, 86070154.00 uJpkg, 0.00 uJdram
WorkloadWarmup   5: 3494 op, 997308373.00 ns, 285.4346 us/op, 86259239.00 uJpkg, 0.00 uJdram
WorkloadWarmup   6: 3494 op, 995708817.00 ns, 284.9768 us/op, 85351954.00 uJpkg, 0.00 uJdram

// BeforeActualRun
WorkloadActual   1: 3494 op, 1000469516.00 ns, 286.3393 us/op, 86304955.00 uJpkg, 0.00 uJdram
WorkloadActual   2: 3494 op, 998583920.00 ns, 285.7996 us/op, 85560267.00 uJpkg, 0.00 uJdram
WorkloadActual   3: 3494 op, 999137314.00 ns, 285.9580 us/op, 85536524.00 uJpkg, 0.00 uJdram
WorkloadActual   4: 3494 op, 998645547.00 ns, 285.8173 us/op, 85674219.00 uJpkg, 0.00 uJdram
WorkloadActual   5: 3494 op, 999229185.00 ns, 285.9843 us/op, 86652977.00 uJpkg, 0.00 uJdram
WorkloadActual   6: 3494 op, 1000292666.00 ns, 286.2887 us/op, 87710408.00 uJpkg, 0.00 uJdram
WorkloadActual   7: 3494 op, 999825780.00 ns, 286.1551 us/op, 87607319.00 uJpkg, 0.00 uJdram
WorkloadActual   8: 3494 op, 998946257.00 ns, 285.9033 us/op, 85948389.00 uJpkg, 0.00 uJdram
WorkloadActual   9: 3494 op, 999641801.00 ns, 286.1024 us/op, 86092431.00 uJpkg, 0.00 uJdram
WorkloadActual  10: 3494 op, 998752291.00 ns, 285.8478 us/op, 85964258.00 uJpkg, 0.00 uJdram
WorkloadActual  11: 3494 op, 998904736.00 ns, 285.8915 us/op, 86070641.00 uJpkg, 0.00 uJdram
WorkloadActual  12: 3494 op, 998545676.00 ns, 285.7887 us/op, 85141689.00 uJpkg, 0.00 uJdram
WorkloadActual  13: 3494 op, 998427535.00 ns, 285.7549 us/op, 85456202.00 uJpkg, 0.00 uJdram
WorkloadActual  14: 3494 op, 999776129.00 ns, 286.1408 us/op, 85938561.00 uJpkg, 0.00 uJdram
WorkloadActual  15: 3494 op, 998590833.00 ns, 285.8016 us/op, 86103357.00 uJpkg, 0.00 uJdram

// AfterActualRun
WorkloadResult   1: 3494 op, 1000469516.00 ns, 286.3393 us/op, 86304955.00 uJpkg, 0.00 uJdram
WorkloadResult   2: 3494 op, 998583920.00 ns, 285.7996 us/op, 85560267.00 uJpkg, 0.00 uJdram
WorkloadResult   3: 3494 op, 999137314.00 ns, 285.9580 us/op, 85536524.00 uJpkg, 0.00 uJdram
WorkloadResult   4: 3494 op, 998645547.00 ns, 285.8173 us/op, 85674219.00 uJpkg, 0.00 uJdram
WorkloadResult   5: 3494 op, 999229185.00 ns, 285.9843 us/op, 86652977.00 uJpkg, 0.00 uJdram
WorkloadResult   6: 3494 op, 1000292666.00 ns, 286.2887 us/op, 87710408.00 uJpkg, 0.00 uJdram
WorkloadResult   7: 3494 op, 999825780.00 ns, 286.1551 us/op, 87607319.00 uJpkg, 0.00 uJdram
WorkloadResult   8: 3494 op, 998946257.00 ns, 285.9033 us/op, 85948389.00 uJpkg, 0.00 uJdram
WorkloadResult   9: 3494 op, 999641801.00 ns, 286.1024 us/op, 86092431.00 uJpkg, 0.00 uJdram
WorkloadResult  10: 3494 op, 998752291.00 ns, 285.8478 us/op, 85964258.00 uJpkg, 0.00 uJdram
WorkloadResult  11: 3494 op, 998904736.00 ns, 285.8915 us/op, 86070641.00 uJpkg, 0.00 uJdram
WorkloadResult  12: 3494 op, 998545676.00 ns, 285.7887 us/op, 85141689.00 uJpkg, 0.00 uJdram
WorkloadResult  13: 3494 op, 998427535.00 ns, 285.7549 us/op, 85456202.00 uJpkg, 0.00 uJdram
WorkloadResult  14: 3494 op, 999776129.00 ns, 286.1408 us/op, 85938561.00 uJpkg, 0.00 uJdram
WorkloadResult  15: 3494 op, 998590833.00 ns, 285.8016 us/op, 86103357.00 uJpkg, 0.00 uJdram

// AfterAll
// Benchmark Process 4053019 has exited with code 0.

Mean = 285.972 μs, StdErr = 0.049 μs (0.02%), N = 15, StdDev = 0.190 μs
Min = 285.755 μs, Q1 = 285.809 μs, Median = 285.903 μs, Q3 = 286.122 μs, Max = 286.339 μs
IQR = 0.312 μs, LowerFence = 285.341 μs, UpperFence = 286.590 μs
ConfidenceInterval = [285.769 μs; 286.175 μs] (CI 99.9%), Margin = 0.203 μs (0.07% of Mean)
Skewness = 0.61, Kurtosis = 1.88, MValue = 2

// ** Remained 12 (40.0%) benchmark(s) to run. Estimated finish 2025-12-31 18:51 (0h 5m from now) **
// **************************
// Benchmark: JsonSerializationBenchmarks.Utf8Json_Serialize_Large: Overhead-Fixed-Energy-3(OutlierMode=DontRemove, IterationCount=15, IterationTime=1s, LaunchCount=1, WarmupCount=6)
// *** Execute ***
// Launch: 1 / 1
// Execute: dotnet Serialization.Bench-Overhead-Fixed-Energy-3-1.dll --anonymousPipes 103 104 --benchmarkName Serialization.Bench.JsonSerializationBenchmarks.Utf8Json_Serialize_Large --job Overhead-Fixed-Energy-3 --benchmarkId 18 in /home/test/rapl-tests/lib-energy-bench/src/Serialization.Bench/bin/Release/net8.0/Serialization.Bench-Overhead-Fixed-Energy-3-1/bin/Release/net8.0
// BeforeAnythingElse

// Benchmark Process Environment Information:
// BenchmarkDotNet v0.15.5-develop (2025-12-31)
// Runtime=.NET 8.0.21 (8.0.21, 8.0.2125.47513), X64 RyuJIT x86-64-v4
// GC=Concurrent Workstation
// HardwareIntrinsics=AVX512 IFMA+VBMI,AVX512 F+BW+CD+DQ+VL,AVX2+BMI1+BMI2+F16C+FMA+LZCNT+MOVBE,AVX,SSE3+SSSE3+SSE4.1+SSE4.2+POPCNT,X86Base+SSE+SSE2,AES+PCLMUL VectorSize=256
// Job: Overhead-Fixed-Energy-3(OutlierMode=DontRemove, IterationCount=15, IterationTime=1s, LaunchCount=1, WarmupCount=6)

OverheadJitting  1: 1 op, 134861.00 ns, 134.8610 us/op, 0.00 uJpkg, 0.00 uJdram
WorkloadJitting  1: 1 op, 54218754.00 ns, 54.2188 ms/op, 3289603.00 uJpkg, 0.00 uJdram

OverheadJitting  2: 16 op, 362500.00 ns, 22.6563 us/op, 0.00 uJpkg, 0.00 uJdram
WorkloadJitting  2: 16 op, 13554430.00 ns, 847.1519 us/op, 975767.00 uJpkg, 0.00 uJdram

WorkloadPilot    1: 16 op, 12770839.00 ns, 798.1774 us/op, 903562.00 uJpkg, 0.00 uJdram
WorkloadPilot    2: 1264 op, 498026005.00 ns, 394.0079 us/op, 45474554.00 uJpkg, 0.00 uJdram
WorkloadPilot    3: 2544 op, 738112102.00 ns, 290.1384 us/op, 71069947.00 uJpkg, 0.00 uJdram
WorkloadPilot    4: 3456 op, 1003385720.00 ns, 290.3315 us/op, 96887020.00 uJpkg, 0.00 uJdram

OverheadWarmup   1: 3456 op, 12560.00 ns, 3.6343 ns/op, 0.00 uJpkg, 0.00 uJdram
OverheadWarmup   2: 3456 op, 12255.00 ns, 3.5460 ns/op, 0.00 uJpkg, 0.00 uJdram
OverheadWarmup   3: 3456 op, 12271.00 ns, 3.5506 ns/op, 0.00 uJpkg, 0.00 uJdram
OverheadWarmup   4: 3456 op, 12258.00 ns, 3.5469 ns/op, 0.00 uJpkg, 0.00 uJdram
OverheadWarmup   5: 3456 op, 12275.00 ns, 3.5518 ns/op, 0.00 uJpkg, 0.00 uJdram
OverheadWarmup   6: 3456 op, 12301.00 ns, 3.5593 ns/op, 0.00 uJpkg, 0.00 uJdram
OverheadWarmup   7: 3456 op, 12292.00 ns, 3.5567 ns/op, 0.00 uJpkg, 0.00 uJdram

OverheadActual   1: 3456 op, 12286.00 ns, 3.5550 ns/op, 0.00 uJpkg, 0.00 uJdram
OverheadActual   2: 3456 op, 12264.00 ns, 3.5486 ns/op, 0.00 uJpkg, 0.00 uJdram
OverheadActual   3: 3456 op, 12267.00 ns, 3.5495 ns/op, 0.00 uJpkg, 0.00 uJdram
OverheadActual   4: 3456 op, 12256.00 ns, 3.5463 ns/op, 0.00 uJpkg, 0.00 uJdram
OverheadActual   5: 3456 op, 12242.00 ns, 3.5422 ns/op, 0.00 uJpkg, 0.00 uJdram
OverheadActual   6: 3456 op, 12259.00 ns, 3.5472 ns/op, 0.00 uJpkg, 0.00 uJdram
OverheadActual   7: 3456 op, 12250.00 ns, 3.5446 ns/op, 0.00 uJpkg, 0.00 uJdram
OverheadActual   8: 3456 op, 12248.00 ns, 3.5440 ns/op, 0.00 uJpkg, 0.00 uJdram
OverheadActual   9: 3456 op, 12240.00 ns, 3.5417 ns/op, 0.00 uJpkg, 0.00 uJdram
OverheadActual  10: 3456 op, 12242.00 ns, 3.5422 ns/op, 0.00 uJpkg, 0.00 uJdram
OverheadActual  11: 3456 op, 12249.00 ns, 3.5443 ns/op, 0.00 uJpkg, 0.00 uJdram
OverheadActual  12: 3456 op, 12788.00 ns, 3.7002 ns/op, 0.00 uJpkg, 0.00 uJdram
OverheadActual  13: 3456 op, 12243.00 ns, 3.5425 ns/op, 0.00 uJpkg, 0.00 uJdram
OverheadActual  14: 3456 op, 12239.00 ns, 3.5414 ns/op, 0.00 uJpkg, 0.00 uJdram
OverheadActual  15: 3456 op, 12254.00 ns, 3.5457 ns/op, 0.00 uJpkg, 0.00 uJdram

WorkloadWarmup   1: 3456 op, 1011030561.00 ns, 292.5436 us/op, 98191338.00 uJpkg, 0.00 uJdram
WorkloadWarmup   2: 3456 op, 1001838024.00 ns, 289.8837 us/op, 96577573.00 uJpkg, 0.00 uJdram
WorkloadWarmup   3: 3456 op, 1001211181.00 ns, 289.7023 us/op, 96489315.00 uJpkg, 0.00 uJdram
WorkloadWarmup   4: 3456 op, 998402267.00 ns, 288.8895 us/op, 96437558.00 uJpkg, 0.00 uJdram
WorkloadWarmup   5: 3456 op, 1001415630.00 ns, 289.7615 us/op, 97022091.00 uJpkg, 0.00 uJdram
WorkloadWarmup   6: 3456 op, 999724128.00 ns, 289.2720 us/op, 96629270.00 uJpkg, 0.00 uJdram

// BeforeActualRun
WorkloadActual   1: 3456 op, 1004311436.00 ns, 290.5994 us/op, 97012142.00 uJpkg, 0.00 uJdram
WorkloadActual   2: 3456 op, 1000108754.00 ns, 289.3833 us/op, 96612911.00 uJpkg, 0.00 uJdram
WorkloadActual   3: 3456 op, 1000530025.00 ns, 289.5052 us/op, 97076045.00 uJpkg, 0.00 uJdram
WorkloadActual   4: 3456 op, 1004508980.00 ns, 290.6565 us/op, 97277461.00 uJpkg, 0.00 uJdram
WorkloadActual   5: 3456 op, 999224994.00 ns, 289.1276 us/op, 96860043.00 uJpkg, 0.00 uJdram
WorkloadActual   6: 3456 op, 1002477242.00 ns, 290.0686 us/op, 96832028.00 uJpkg, 0.00 uJdram
WorkloadActual   7: 3456 op, 1000484424.00 ns, 289.4920 us/op, 96428464.00 uJpkg, 0.00 uJdram
WorkloadActual   8: 3456 op, 1001344499.00 ns, 289.7409 us/op, 95901610.00 uJpkg, 0.00 uJdram
WorkloadActual   9: 3456 op, 1002612794.00 ns, 290.1079 us/op, 96556211.00 uJpkg, 0.00 uJdram
WorkloadActual  10: 3456 op, 1014146723.00 ns, 293.4452 us/op, 98522331.00 uJpkg, 0.00 uJdram
WorkloadActual  11: 3456 op, 1001292423.00 ns, 289.7258 us/op, 97008541.00 uJpkg, 0.00 uJdram
WorkloadActual  12: 3456 op, 1006102744.00 ns, 291.1177 us/op, 97756708.00 uJpkg, 0.00 uJdram
WorkloadActual  13: 3456 op, 1005213049.00 ns, 290.8603 us/op, 97287226.00 uJpkg, 0.00 uJdram
WorkloadActual  14: 3456 op, 1004249693.00 ns, 290.5815 us/op, 96676083.00 uJpkg, 0.00 uJdram
WorkloadActual  15: 3456 op, 998843172.00 ns, 289.0171 us/op, 96498654.00 uJpkg, 0.00 uJdram

// AfterActualRun
WorkloadResult   1: 3456 op, 1004299186.00 ns, 290.5958 us/op, 97012142.00 uJpkg, 0.00 uJdram
WorkloadResult   2: 3456 op, 1000096504.00 ns, 289.3798 us/op, 96612911.00 uJpkg, 0.00 uJdram
WorkloadResult   3: 3456 op, 1000517775.00 ns, 289.5017 us/op, 97076045.00 uJpkg, 0.00 uJdram
WorkloadResult   4: 3456 op, 1004496730.00 ns, 290.6530 us/op, 97277461.00 uJpkg, 0.00 uJdram
WorkloadResult   5: 3456 op, 999212744.00 ns, 289.1241 us/op, 96860043.00 uJpkg, 0.00 uJdram
WorkloadResult   6: 3456 op, 1002464992.00 ns, 290.0651 us/op, 96832028.00 uJpkg, 0.00 uJdram
WorkloadResult   7: 3456 op, 1000472174.00 ns, 289.4885 us/op, 96428464.00 uJpkg, 0.00 uJdram
WorkloadResult   8: 3456 op, 1001332249.00 ns, 289.7373 us/op, 95901610.00 uJpkg, 0.00 uJdram
WorkloadResult   9: 3456 op, 1002600544.00 ns, 290.1043 us/op, 96556211.00 uJpkg, 0.00 uJdram
WorkloadResult  10: 3456 op, 1014134473.00 ns, 293.4417 us/op, 98522331.00 uJpkg, 0.00 uJdram
WorkloadResult  11: 3456 op, 1001280173.00 ns, 289.7223 us/op, 97008541.00 uJpkg, 0.00 uJdram
WorkloadResult  12: 3456 op, 1006090494.00 ns, 291.1141 us/op, 97756708.00 uJpkg, 0.00 uJdram
WorkloadResult  13: 3456 op, 1005200799.00 ns, 290.8567 us/op, 97287226.00 uJpkg, 0.00 uJdram
WorkloadResult  14: 3456 op, 1004237443.00 ns, 290.5780 us/op, 96676083.00 uJpkg, 0.00 uJdram
WorkloadResult  15: 3456 op, 998830922.00 ns, 289.0136 us/op, 96498654.00 uJpkg, 0.00 uJdram

// AfterAll
// Benchmark Process 4053035 has exited with code 0.

Mean = 290.225 μs, StdErr = 0.284 μs (0.10%), N = 15, StdDev = 1.101 μs
Min = 289.014 μs, Q1 = 289.495 μs, Median = 290.065 μs, Q3 = 290.624 μs, Max = 293.442 μs
IQR = 1.129 μs, LowerFence = 287.801 μs, UpperFence = 292.318 μs
ConfidenceInterval = [289.048 μs; 291.402 μs] (CI 99.9%), Margin = 1.177 μs (0.41% of Mean)
Skewness = 1.48, Kurtosis = 5.11, MValue = 2

// ** Remained 11 (36.7%) benchmark(s) to run. Estimated finish 2025-12-31 18:51 (0h 4m from now) **
// **************************
// Benchmark: JsonSerializationBenchmarks.SpanJson_Serialize_Large: Overhead-Fixed-Energy-3(OutlierMode=DontRemove, IterationCount=15, IterationTime=1s, LaunchCount=1, WarmupCount=6)
// *** Execute ***
// Launch: 1 / 1
// Execute: dotnet Serialization.Bench-Overhead-Fixed-Energy-3-1.dll --anonymousPipes 103 104 --benchmarkName Serialization.Bench.JsonSerializationBenchmarks.SpanJson_Serialize_Large --job Overhead-Fixed-Energy-3 --benchmarkId 19 in /home/test/rapl-tests/lib-energy-bench/src/Serialization.Bench/bin/Release/net8.0/Serialization.Bench-Overhead-Fixed-Energy-3-1/bin/Release/net8.0
// BeforeAnythingElse

// Benchmark Process Environment Information:
// BenchmarkDotNet v0.15.5-develop (2025-12-31)
// Runtime=.NET 8.0.21 (8.0.21, 8.0.2125.47513), X64 RyuJIT x86-64-v4
// GC=Concurrent Workstation
// HardwareIntrinsics=AVX512 IFMA+VBMI,AVX512 F+BW+CD+DQ+VL,AVX2+BMI1+BMI2+F16C+FMA+LZCNT+MOVBE,AVX,SSE3+SSSE3+SSE4.1+SSE4.2+POPCNT,X86Base+SSE+SSE2,AES+PCLMUL VectorSize=256
// Job: Overhead-Fixed-Energy-3(OutlierMode=DontRemove, IterationCount=15, IterationTime=1s, LaunchCount=1, WarmupCount=6)

OverheadJitting  1: 1 op, 135469.00 ns, 135.4690 us/op, 0.00 uJpkg, 0.00 uJdram
WorkloadJitting  1: 1 op, 109704947.00 ns, 109.7049 ms/op, 7205365.00 uJpkg, 0.00 uJdram

WorkloadPilot    1: 4 op, 2933326.00 ns, 733.3315 us/op, 224609.00 uJpkg, 0.00 uJdram
WorkloadPilot    2: 1364 op, 319177949.00 ns, 234.0014 us/op, 23497498.00 uJpkg, 0.00 uJdram
WorkloadPilot    3: 4273 op, 666932859.00 ns, 156.0807 us/op, 48322447.00 uJpkg, 0.00 uJdram
WorkloadPilot    4: 6407 op, 1004658212.00 ns, 156.8063 us/op, 72777890.00 uJpkg, 0.00 uJdram
WorkloadPilot    5: 6377 op, 1038959801.00 ns, 162.9230 us/op, 77529769.00 uJpkg, 0.00 uJdram
WorkloadPilot    6: 6138 op, 995537189.00 ns, 162.1924 us/op, 73578242.00 uJpkg, 0.00 uJdram
WorkloadPilot    7: 6166 op, 999878448.00 ns, 162.1600 us/op, 74460441.00 uJpkg, 0.00 uJdram

WorkloadWarmup   1: 6166 op, 1008048968.00 ns, 163.4851 us/op, 75205985.00 uJpkg, 0.00 uJdram
WorkloadWarmup   2: 6166 op, 1006434583.00 ns, 163.2233 us/op, 74492302.00 uJpkg, 0.00 uJdram
WorkloadWarmup   3: 6166 op, 1005897017.00 ns, 163.1361 us/op, 75202628.00 uJpkg, 0.00 uJdram
WorkloadWarmup   4: 6166 op, 1002674152.00 ns, 162.6134 us/op, 74696952.00 uJpkg, 0.00 uJdram
WorkloadWarmup   5: 6166 op, 1002920874.00 ns, 162.6534 us/op, 74182855.00 uJpkg, 0.00 uJdram
WorkloadWarmup   6: 6166 op, 1009578910.00 ns, 163.7332 us/op, 74977896.00 uJpkg, 0.00 uJdram

// BeforeActualRun
WorkloadActual   1: 6166 op, 1006714431.00 ns, 163.2686 us/op, 75064200.00 uJpkg, 0.00 uJdram
WorkloadActual   2: 6166 op, 1009898232.00 ns, 163.7850 us/op, 74677360.00 uJpkg, 0.00 uJdram
WorkloadActual   3: 6166 op, 1005550686.00 ns, 163.0799 us/op, 74714896.00 uJpkg, 0.00 uJdram
WorkloadActual   4: 6166 op, 998689537.00 ns, 161.9672 us/op, 74271356.00 uJpkg, 0.00 uJdram
WorkloadActual   5: 6166 op, 1001432565.00 ns, 162.4120 us/op, 74535026.00 uJpkg, 0.00 uJdram
WorkloadActual   6: 6166 op, 1007489376.00 ns, 163.3943 us/op, 74551018.00 uJpkg, 0.00 uJdram
WorkloadActual   7: 6166 op, 1005312535.00 ns, 163.0413 us/op, 73776300.00 uJpkg, 0.00 uJdram
WorkloadActual   8: 6166 op, 999812627.00 ns, 162.1493 us/op, 74787894.00 uJpkg, 0.00 uJdram
WorkloadActual   9: 6166 op, 989068869.00 ns, 160.4069 us/op, 72324522.00 uJpkg, 0.00 uJdram
WorkloadActual  10: 6166 op, 1007741928.00 ns, 163.4353 us/op, 74611625.00 uJpkg, 0.00 uJdram
WorkloadActual  11: 6166 op, 1002193114.00 ns, 162.5354 us/op, 74141107.00 uJpkg, 0.00 uJdram
WorkloadActual  12: 6166 op, 1010901882.00 ns, 163.9478 us/op, 74800346.00 uJpkg, 0.00 uJdram
WorkloadActual  13: 6166 op, 997491794.00 ns, 161.7729 us/op, 73642145.00 uJpkg, 0.00 uJdram
WorkloadActual  14: 6166 op, 995605714.00 ns, 161.4670 us/op, 72175291.00 uJpkg, 0.00 uJdram
WorkloadActual  15: 6166 op, 1001042879.00 ns, 162.3488 us/op, 74276360.00 uJpkg, 0.00 uJdram

// AfterActualRun
WorkloadResult   1: 6166 op, 1006714431.00 ns, 163.2686 us/op, 75064200.00 uJpkg, 0.00 uJdram
WorkloadResult   2: 6166 op, 1009898232.00 ns, 163.7850 us/op, 74677360.00 uJpkg, 0.00 uJdram
WorkloadResult   3: 6166 op, 1005550686.00 ns, 163.0799 us/op, 74714896.00 uJpkg, 0.00 uJdram
WorkloadResult   4: 6166 op, 998689537.00 ns, 161.9672 us/op, 74271356.00 uJpkg, 0.00 uJdram
WorkloadResult   5: 6166 op, 1001432565.00 ns, 162.4120 us/op, 74535026.00 uJpkg, 0.00 uJdram
WorkloadResult   6: 6166 op, 1007489376.00 ns, 163.3943 us/op, 74551018.00 uJpkg, 0.00 uJdram
WorkloadResult   7: 6166 op, 1005312535.00 ns, 163.0413 us/op, 73776300.00 uJpkg, 0.00 uJdram
WorkloadResult   8: 6166 op, 999812627.00 ns, 162.1493 us/op, 74787894.00 uJpkg, 0.00 uJdram
WorkloadResult   9: 6166 op, 989068869.00 ns, 160.4069 us/op, 72324522.00 uJpkg, 0.00 uJdram
WorkloadResult  10: 6166 op, 1007741928.00 ns, 163.4353 us/op, 74611625.00 uJpkg, 0.00 uJdram
WorkloadResult  11: 6166 op, 1002193114.00 ns, 162.5354 us/op, 74141107.00 uJpkg, 0.00 uJdram
WorkloadResult  12: 6166 op, 1010901882.00 ns, 163.9478 us/op, 74800346.00 uJpkg, 0.00 uJdram
WorkloadResult  13: 6166 op, 997491794.00 ns, 161.7729 us/op, 73642145.00 uJpkg, 0.00 uJdram
WorkloadResult  14: 6166 op, 995605714.00 ns, 161.4670 us/op, 72175291.00 uJpkg, 0.00 uJdram
WorkloadResult  15: 6166 op, 1001042879.00 ns, 162.3488 us/op, 74276360.00 uJpkg, 0.00 uJdram

// AfterAll
// Benchmark Process 4053052 has exited with code 0.

Mean = 162.601 μs, StdErr = 0.248 μs (0.15%), N = 15, StdDev = 0.960 μs
Min = 160.407 μs, Q1 = 162.058 μs, Median = 162.535 μs, Q3 = 163.331 μs, Max = 163.948 μs
IQR = 1.273 μs, LowerFence = 160.148 μs, UpperFence = 165.241 μs
ConfidenceInterval = [161.574 μs; 163.627 μs] (CI 99.9%), Margin = 1.026 μs (0.63% of Mean)
Skewness = -0.55, Kurtosis = 2.5, MValue = 2

// ** Remained 10 (33.3%) benchmark(s) to run. Estimated finish 2025-12-31 18:51 (0h 4m from now) **
// **************************
// Benchmark: JsonSerializationBenchmarks.STJ_Serialize_Medium: Overhead-Fixed-Energy-3(OutlierMode=DontRemove, IterationCount=15, IterationTime=1s, LaunchCount=1, WarmupCount=6)
// *** Execute ***
// Launch: 1 / 1
// Execute: dotnet Serialization.Bench-Overhead-Fixed-Energy-3-1.dll --anonymousPipes 103 104 --benchmarkName Serialization.Bench.JsonSerializationBenchmarks.STJ_Serialize_Medium --job Overhead-Fixed-Energy-3 --benchmarkId 20 in /home/test/rapl-tests/lib-energy-bench/src/Serialization.Bench/bin/Release/net8.0/Serialization.Bench-Overhead-Fixed-Energy-3-1/bin/Release/net8.0
// BeforeAnythingElse

// Benchmark Process Environment Information:
// BenchmarkDotNet v0.15.5-develop (2025-12-31)
// Runtime=.NET 8.0.21 (8.0.21, 8.0.2125.47513), X64 RyuJIT x86-64-v4
// GC=Concurrent Workstation
// HardwareIntrinsics=AVX512 IFMA+VBMI,AVX512 F+BW+CD+DQ+VL,AVX2+BMI1+BMI2+F16C+FMA+LZCNT+MOVBE,AVX,SSE3+SSSE3+SSE4.1+SSE4.2+POPCNT,X86Base+SSE+SSE2,AES+PCLMUL VectorSize=256
// Job: Overhead-Fixed-Energy-3(OutlierMode=DontRemove, IterationCount=15, IterationTime=1s, LaunchCount=1, WarmupCount=6)

OverheadJitting  1: 1 op, 135384.00 ns, 135.3840 us/op, 0.00 uJpkg, 0.00 uJdram
WorkloadJitting  1: 1 op, 7090129.00 ns, 7.0901 ms/op, 467894.00 uJpkg, 0.00 uJdram

OverheadJitting  2: 16 op, 359206.00 ns, 22.4504 us/op, 0.00 uJpkg, 0.00 uJdram
WorkloadJitting  2: 16 op, 2135394.00 ns, 133.4621 us/op, 132263.00 uJpkg, 0.00 uJdram

WorkloadPilot    1: 16 op, 1651968.00 ns, 103.2480 us/op, 137573.00 uJpkg, 0.00 uJdram
WorkloadPilot    2: 9696 op, 698043457.00 ns, 71.9929 us/op, 61561548.00 uJpkg, 0.00 uJdram
WorkloadPilot    3: 13904 op, 661334155.00 ns, 47.5643 us/op, 57597569.00 uJpkg, 0.00 uJdram
WorkloadPilot    4: 21024 op, 1001951665.00 ns, 47.6575 us/op, 87134543.00 uJpkg, 0.00 uJdram
WorkloadPilot    5: 20992 op, 1001733560.00 ns, 47.7198 us/op, 87320516.00 uJpkg, 0.00 uJdram
WorkloadPilot    6: 20960 op, 1000122682.00 ns, 47.7158 us/op, 87108480.00 uJpkg, 0.00 uJdram

OverheadWarmup   1: 20960 op, 76159.00 ns, 3.6335 ns/op, 0.00 uJpkg, 0.00 uJdram
OverheadWarmup   2: 20960 op, 71272.00 ns, 3.4004 ns/op, 0.00 uJpkg, 0.00 uJdram
OverheadWarmup   3: 20960 op, 71272.00 ns, 3.4004 ns/op, 0.00 uJpkg, 0.00 uJdram
OverheadWarmup   4: 20960 op, 77615.00 ns, 3.7030 ns/op, 0.00 uJpkg, 0.00 uJdram
OverheadWarmup   5: 20960 op, 71277.00 ns, 3.4006 ns/op, 0.00 uJpkg, 0.00 uJdram
OverheadWarmup   6: 20960 op, 72728.00 ns, 3.4698 ns/op, 0.00 uJpkg, 0.00 uJdram

OverheadActual   1: 20960 op, 71669.00 ns, 3.4193 ns/op, 0.00 uJpkg, 0.00 uJdram
OverheadActual   2: 20960 op, 72738.00 ns, 3.4703 ns/op, 0.00 uJpkg, 0.00 uJdram
OverheadActual   3: 20960 op, 72737.00 ns, 3.4703 ns/op, 0.00 uJpkg, 0.00 uJdram
OverheadActual   4: 20960 op, 73068.00 ns, 3.4861 ns/op, 0.00 uJpkg, 0.00 uJdram
OverheadActual   5: 20960 op, 72726.00 ns, 3.4698 ns/op, 0.00 uJpkg, 0.00 uJdram
OverheadActual   6: 20960 op, 72721.00 ns, 3.4695 ns/op, 0.00 uJpkg, 0.00 uJdram
OverheadActual   7: 20960 op, 73054.00 ns, 3.4854 ns/op, 0.00 uJpkg, 0.00 uJdram
OverheadActual   8: 20960 op, 72716.00 ns, 3.4693 ns/op, 0.00 uJpkg, 0.00 uJdram
OverheadActual   9: 20960 op, 72707.00 ns, 3.4688 ns/op, 0.00 uJpkg, 0.00 uJdram
OverheadActual  10: 20960 op, 73070.00 ns, 3.4862 ns/op, 70556.00 uJpkg, 0.00 uJdram
OverheadActual  11: 20960 op, 72721.00 ns, 3.4695 ns/op, 0.00 uJpkg, 0.00 uJdram
OverheadActual  12: 20960 op, 71276.00 ns, 3.4006 ns/op, 0.00 uJpkg, 0.00 uJdram
OverheadActual  13: 20960 op, 71627.00 ns, 3.4173 ns/op, 0.00 uJpkg, 0.00 uJdram
OverheadActual  14: 20960 op, 72728.00 ns, 3.4698 ns/op, 0.00 uJpkg, 0.00 uJdram
OverheadActual  15: 20960 op, 75919.00 ns, 3.6221 ns/op, 0.00 uJpkg, 0.00 uJdram

WorkloadWarmup   1: 20960 op, 1001104344.00 ns, 47.7626 us/op, 89786208.00 uJpkg, 0.00 uJdram
WorkloadWarmup   2: 20960 op, 998375380.00 ns, 47.6324 us/op, 87032004.00 uJpkg, 0.00 uJdram
WorkloadWarmup   3: 20960 op, 999490473.00 ns, 47.6856 us/op, 87239767.00 uJpkg, 0.00 uJdram
WorkloadWarmup   4: 20960 op, 999865368.00 ns, 47.7035 us/op, 86814353.00 uJpkg, 0.00 uJdram
WorkloadWarmup   5: 20960 op, 998843921.00 ns, 47.6548 us/op, 87400961.00 uJpkg, 0.00 uJdram
WorkloadWarmup   6: 20960 op, 993586155.00 ns, 47.4039 us/op, 86580345.00 uJpkg, 0.00 uJdram

// BeforeActualRun
WorkloadActual   1: 20960 op, 999521891.00 ns, 47.6871 us/op, 86938010.00 uJpkg, 0.00 uJdram
WorkloadActual   2: 20960 op, 1002010059.00 ns, 47.8058 us/op, 86894187.00 uJpkg, 0.00 uJdram
WorkloadActual   3: 20960 op, 994894540.00 ns, 47.4663 us/op, 87249898.00 uJpkg, 0.00 uJdram
WorkloadActual   4: 20960 op, 999200427.00 ns, 47.6718 us/op, 86729759.00 uJpkg, 0.00 uJdram
WorkloadActual   5: 20960 op, 998863836.00 ns, 47.6557 us/op, 86982260.00 uJpkg, 0.00 uJdram
WorkloadActual   6: 20960 op, 996146737.00 ns, 47.5261 us/op, 85870569.00 uJpkg, 0.00 uJdram
WorkloadActual   7: 20960 op, 996104030.00 ns, 47.5240 us/op, 86076562.00 uJpkg, 0.00 uJdram
WorkloadActual   8: 20960 op, 996756378.00 ns, 47.5552 us/op, 85911401.00 uJpkg, 0.00 uJdram
WorkloadActual   9: 20960 op, 999123775.00 ns, 47.6681 us/op, 86620322.00 uJpkg, 0.00 uJdram
WorkloadActual  10: 20960 op, 996494274.00 ns, 47.5427 us/op, 87468649.00 uJpkg, 0.00 uJdram
WorkloadActual  11: 20960 op, 995858102.00 ns, 47.5123 us/op, 85827600.00 uJpkg, 0.00 uJdram
WorkloadActual  12: 20960 op, 1007601142.00 ns, 48.0726 us/op, 87251425.00 uJpkg, 0.00 uJdram
WorkloadActual  13: 20960 op, 1002275820.00 ns, 47.8185 us/op, 87787922.00 uJpkg, 0.00 uJdram
WorkloadActual  14: 20960 op, 999934136.00 ns, 47.7068 us/op, 87906940.00 uJpkg, 0.00 uJdram
WorkloadActual  15: 20960 op, 1003551114.00 ns, 47.8793 us/op, 88330279.00 uJpkg, 0.00 uJdram

// AfterActualRun
WorkloadResult   1: 20960 op, 999449165.00 ns, 47.6836 us/op, 86938010.00 uJpkg, 0.00 uJdram
WorkloadResult   2: 20960 op, 1001937333.00 ns, 47.8024 us/op, 86894187.00 uJpkg, 0.00 uJdram
WorkloadResult   3: 20960 op, 994821814.00 ns, 47.4629 us/op, 87249898.00 uJpkg, 0.00 uJdram
WorkloadResult   4: 20960 op, 999127701.00 ns, 47.6683 us/op, 86729759.00 uJpkg, 0.00 uJdram
WorkloadResult   5: 20960 op, 998791110.00 ns, 47.6522 us/op, 86982260.00 uJpkg, 0.00 uJdram
WorkloadResult   6: 20960 op, 996074011.00 ns, 47.5226 us/op, 85870569.00 uJpkg, 0.00 uJdram
WorkloadResult   7: 20960 op, 996031304.00 ns, 47.5206 us/op, 86076562.00 uJpkg, 0.00 uJdram
WorkloadResult   8: 20960 op, 996683652.00 ns, 47.5517 us/op, 85911401.00 uJpkg, 0.00 uJdram
WorkloadResult   9: 20960 op, 999051049.00 ns, 47.6646 us/op, 86620322.00 uJpkg, 0.00 uJdram
WorkloadResult  10: 20960 op, 996421548.00 ns, 47.5392 us/op, 87468649.00 uJpkg, 0.00 uJdram
WorkloadResult  11: 20960 op, 995785376.00 ns, 47.5088 us/op, 85827600.00 uJpkg, 0.00 uJdram
WorkloadResult  12: 20960 op, 1007528416.00 ns, 48.0691 us/op, 87251425.00 uJpkg, 0.00 uJdram
WorkloadResult  13: 20960 op, 1002203094.00 ns, 47.8150 us/op, 87787922.00 uJpkg, 0.00 uJdram
WorkloadResult  14: 20960 op, 999861410.00 ns, 47.7033 us/op, 87906940.00 uJpkg, 0.00 uJdram
WorkloadResult  15: 20960 op, 1003478388.00 ns, 47.8759 us/op, 88330279.00 uJpkg, 0.00 uJdram

// AfterAll
// Benchmark Process 4053068 has exited with code 0.

Mean = 47.669 μs, StdErr = 0.043 μs (0.09%), N = 15, StdDev = 0.166 μs
Min = 47.463 μs, Q1 = 47.531 μs, Median = 47.665 μs, Q3 = 47.753 μs, Max = 48.069 μs
IQR = 0.222 μs, LowerFence = 47.198 μs, UpperFence = 48.086 μs
ConfidenceInterval = [47.492 μs; 47.847 μs] (CI 99.9%), Margin = 0.177 μs (0.37% of Mean)
Skewness = 0.8, Kurtosis = 2.81, MValue = 2

// ** Remained 9 (30.0%) benchmark(s) to run. Estimated finish 2025-12-31 18:51 (0h 4m from now) **
// **************************
// Benchmark: JsonSerializationBenchmarks.Newtonsoft_Serialize_Medium: Overhead-Fixed-Energy-3(OutlierMode=DontRemove, IterationCount=15, IterationTime=1s, LaunchCount=1, WarmupCount=6)
// *** Execute ***
// Launch: 1 / 1
// Execute: dotnet Serialization.Bench-Overhead-Fixed-Energy-3-1.dll --anonymousPipes 103 104 --benchmarkName Serialization.Bench.JsonSerializationBenchmarks.Newtonsoft_Serialize_Medium --job Overhead-Fixed-Energy-3 --benchmarkId 21 in /home/test/rapl-tests/lib-energy-bench/src/Serialization.Bench/bin/Release/net8.0/Serialization.Bench-Overhead-Fixed-Energy-3-1/bin/Release/net8.0
// BeforeAnythingElse

// Benchmark Process Environment Information:
// BenchmarkDotNet v0.15.5-develop (2025-12-31)
// Runtime=.NET 8.0.21 (8.0.21, 8.0.2125.47513), X64 RyuJIT x86-64-v4
// GC=Concurrent Workstation
// HardwareIntrinsics=AVX512 IFMA+VBMI,AVX512 F+BW+CD+DQ+VL,AVX2+BMI1+BMI2+F16C+FMA+LZCNT+MOVBE,AVX,SSE3+SSSE3+SSE4.1+SSE4.2+POPCNT,X86Base+SSE+SSE2,AES+PCLMUL VectorSize=256
// Job: Overhead-Fixed-Energy-3(OutlierMode=DontRemove, IterationCount=15, IterationTime=1s, LaunchCount=1, WarmupCount=6)

OverheadJitting  1: 1 op, 145369.00 ns, 145.3690 us/op, 53222.00 uJpkg, 0.00 uJdram
WorkloadJitting  1: 1 op, 48251795.00 ns, 48.2518 ms/op, 3015922.00 uJpkg, 0.00 uJdram

OverheadJitting  2: 16 op, 370879.00 ns, 23.1799 us/op, 76965.00 uJpkg, 0.00 uJdram
WorkloadJitting  2: 16 op, 5027493.00 ns, 314.2183 us/op, 369750.00 uJpkg, 0.00 uJdram

WorkloadPilot    1: 16 op, 4499392.00 ns, 281.2120 us/op, 336547.00 uJpkg, 0.00 uJdram
WorkloadPilot    2: 3568 op, 362165762.00 ns, 101.5039 us/op, 29013415.00 uJpkg, 0.00 uJdram
WorkloadPilot    3: 9856 op, 529124340.00 ns, 53.6855 us/op, 45324591.00 uJpkg, 0.00 uJdram
WorkloadPilot    4: 18640 op, 997735500.00 ns, 53.5266 us/op, 84924831.00 uJpkg, 0.00 uJdram
WorkloadPilot    5: 18688 op, 1007836891.00 ns, 53.9296 us/op, 85353297.00 uJpkg, 0.00 uJdram
WorkloadPilot    6: 18544 op, 995871297.00 ns, 53.7032 us/op, 84665738.00 uJpkg, 0.00 uJdram
WorkloadPilot    7: 18624 op, 999370550.00 ns, 53.6604 us/op, 84488431.00 uJpkg, 0.00 uJdram
WorkloadPilot    8: 18640 op, 1005281666.00 ns, 53.9314 us/op, 84725796.00 uJpkg, 0.00 uJdram
WorkloadPilot    9: 18544 op, 1000260334.00 ns, 53.9398 us/op, 84602261.00 uJpkg, 0.00 uJdram

OverheadWarmup   1: 18544 op, 65913.00 ns, 3.5544 ns/op, 0.00 uJpkg, 0.00 uJdram
OverheadWarmup   2: 18544 op, 65618.00 ns, 3.5385 ns/op, 0.00 uJpkg, 0.00 uJdram
OverheadWarmup   3: 18544 op, 65638.00 ns, 3.5396 ns/op, 0.00 uJpkg, 0.00 uJdram
OverheadWarmup   4: 18544 op, 64766.00 ns, 3.4926 ns/op, 0.00 uJpkg, 0.00 uJdram
OverheadWarmup   5: 18544 op, 64392.00 ns, 3.4724 ns/op, 0.00 uJpkg, 0.00 uJdram
OverheadWarmup   6: 18544 op, 64390.00 ns, 3.4723 ns/op, 0.00 uJpkg, 0.00 uJdram
OverheadWarmup   7: 18544 op, 64379.00 ns, 3.4717 ns/op, 0.00 uJpkg, 0.00 uJdram
OverheadWarmup   8: 18544 op, 64529.00 ns, 3.4798 ns/op, 0.00 uJpkg, 0.00 uJdram
OverheadWarmup   9: 18544 op, 64372.00 ns, 3.4713 ns/op, 0.00 uJpkg, 0.00 uJdram

OverheadActual   1: 18544 op, 64393.00 ns, 3.4724 ns/op, 0.00 uJpkg, 0.00 uJdram
OverheadActual   2: 18544 op, 64726.00 ns, 3.4904 ns/op, 0.00 uJpkg, 0.00 uJdram
OverheadActual   3: 18544 op, 64383.00 ns, 3.4719 ns/op, 70496.00 uJpkg, 0.00 uJdram
OverheadActual   4: 18544 op, 70504.00 ns, 3.8020 ns/op, 0.00 uJpkg, 0.00 uJdram
OverheadActual   5: 18544 op, 65672.00 ns, 3.5414 ns/op, 0.00 uJpkg, 0.00 uJdram
OverheadActual   6: 18544 op, 64615.00 ns, 3.4844 ns/op, 0.00 uJpkg, 0.00 uJdram
OverheadActual   7: 18544 op, 64374.00 ns, 3.4714 ns/op, 0.00 uJpkg, 0.00 uJdram
OverheadActual   8: 18544 op, 64374.00 ns, 3.4714 ns/op, 0.00 uJpkg, 0.00 uJdram
OverheadActual   9: 18544 op, 64722.00 ns, 3.4902 ns/op, 0.00 uJpkg, 0.00 uJdram
OverheadActual  10: 18544 op, 64382.00 ns, 3.4719 ns/op, 0.00 uJpkg, 0.00 uJdram
OverheadActual  11: 18544 op, 64368.00 ns, 3.4711 ns/op, 0.00 uJpkg, 0.00 uJdram
OverheadActual  12: 18544 op, 67933.00 ns, 3.6633 ns/op, 0.00 uJpkg, 0.00 uJdram
OverheadActual  13: 18544 op, 65868.00 ns, 3.5520 ns/op, 0.00 uJpkg, 0.00 uJdram
OverheadActual  14: 18544 op, 64366.00 ns, 3.4710 ns/op, 0.00 uJpkg, 0.00 uJdram
OverheadActual  15: 18544 op, 64391.00 ns, 3.4723 ns/op, 0.00 uJpkg, 0.00 uJdram

WorkloadWarmup   1: 18544 op, 1005890725.00 ns, 54.2435 us/op, 87993122.00 uJpkg, 0.00 uJdram
WorkloadWarmup   2: 18544 op, 995925614.00 ns, 53.7061 us/op, 84691251.00 uJpkg, 0.00 uJdram
WorkloadWarmup   3: 18544 op, 999406564.00 ns, 53.8938 us/op, 84951321.00 uJpkg, 0.00 uJdram
WorkloadWarmup   4: 18544 op, 999064359.00 ns, 53.8753 us/op, 85004543.00 uJpkg, 0.00 uJdram
WorkloadWarmup   5: 18544 op, 998383567.00 ns, 53.8386 us/op, 85503688.00 uJpkg, 0.00 uJdram
WorkloadWarmup   6: 18544 op, 998792168.00 ns, 53.8607 us/op, 85393824.00 uJpkg, 0.00 uJdram

// BeforeActualRun
WorkloadActual   1: 18544 op, 1001938239.00 ns, 54.0303 us/op, 85794580.00 uJpkg, 0.00 uJdram
WorkloadActual   2: 18544 op, 995367515.00 ns, 53.6760 us/op, 85485011.00 uJpkg, 0.00 uJdram
WorkloadActual   3: 18544 op, 999126277.00 ns, 53.8787 us/op, 85210293.00 uJpkg, 0.00 uJdram
WorkloadActual   4: 18544 op, 996836809.00 ns, 53.7552 us/op, 85203700.00 uJpkg, 0.00 uJdram
WorkloadActual   5: 18544 op, 997373031.00 ns, 53.7841 us/op, 85799219.00 uJpkg, 0.00 uJdram
WorkloadActual   6: 18544 op, 994630534.00 ns, 53.6362 us/op, 85298976.00 uJpkg, 0.00 uJdram
WorkloadActual   7: 18544 op, 1000742852.00 ns, 53.9659 us/op, 85965112.00 uJpkg, 0.00 uJdram
WorkloadActual   8: 18544 op, 999865873.00 ns, 53.9186 us/op, 85504603.00 uJpkg, 0.00 uJdram
WorkloadActual   9: 18544 op, 995812643.00 ns, 53.7000 us/op, 85406703.00 uJpkg, 0.00 uJdram
WorkloadActual  10: 18544 op, 1000452080.00 ns, 53.9502 us/op, 86256005.00 uJpkg, 0.00 uJdram
WorkloadActual  11: 18544 op, 995278572.00 ns, 53.6712 us/op, 85158718.00 uJpkg, 0.00 uJdram
WorkloadActual  12: 18544 op, 997458464.00 ns, 53.7887 us/op, 84648831.00 uJpkg, 0.00 uJdram
WorkloadActual  13: 18544 op, 1003915496.00 ns, 54.1369 us/op, 85791101.00 uJpkg, 0.00 uJdram
WorkloadActual  14: 18544 op, 1003317545.00 ns, 54.1047 us/op, 86504051.00 uJpkg, 0.00 uJdram
WorkloadActual  15: 18544 op, 1002283867.00 ns, 54.0490 us/op, 86028527.00 uJpkg, 0.00 uJdram

// AfterActualRun
WorkloadResult   1: 18544 op, 1001873846.00 ns, 54.0268 us/op, 85794580.00 uJpkg, 0.00 uJdram
WorkloadResult   2: 18544 op, 995303122.00 ns, 53.6725 us/op, 85485011.00 uJpkg, 0.00 uJdram
WorkloadResult   3: 18544 op, 999061884.00 ns, 53.8752 us/op, 85210293.00 uJpkg, 0.00 uJdram
WorkloadResult   4: 18544 op, 996772416.00 ns, 53.7517 us/op, 85203700.00 uJpkg, 0.00 uJdram
WorkloadResult   5: 18544 op, 997308638.00 ns, 53.7807 us/op, 85799219.00 uJpkg, 0.00 uJdram
WorkloadResult   6: 18544 op, 994566141.00 ns, 53.6328 us/op, 85298976.00 uJpkg, 0.00 uJdram
WorkloadResult   7: 18544 op, 1000678459.00 ns, 53.9624 us/op, 85965112.00 uJpkg, 0.00 uJdram
WorkloadResult   8: 18544 op, 999801480.00 ns, 53.9151 us/op, 85504603.00 uJpkg, 0.00 uJdram
WorkloadResult   9: 18544 op, 995748250.00 ns, 53.6965 us/op, 85406703.00 uJpkg, 0.00 uJdram
WorkloadResult  10: 18544 op, 1000387687.00 ns, 53.9467 us/op, 86256005.00 uJpkg, 0.00 uJdram
WorkloadResult  11: 18544 op, 995214179.00 ns, 53.6677 us/op, 85158718.00 uJpkg, 0.00 uJdram
WorkloadResult  12: 18544 op, 997394071.00 ns, 53.7853 us/op, 84648831.00 uJpkg, 0.00 uJdram
WorkloadResult  13: 18544 op, 1003851103.00 ns, 54.1335 us/op, 85791101.00 uJpkg, 0.00 uJdram
WorkloadResult  14: 18544 op, 1003253152.00 ns, 54.1012 us/op, 86504051.00 uJpkg, 0.00 uJdram
WorkloadResult  15: 18544 op, 1002219474.00 ns, 54.0455 us/op, 86028527.00 uJpkg, 0.00 uJdram

// AfterAll
// Benchmark Process 4053084 has exited with code 0.

Mean = 53.866 μs, StdErr = 0.043 μs (0.08%), N = 15, StdDev = 0.167 μs
Min = 53.633 μs, Q1 = 53.724 μs, Median = 53.875 μs, Q3 = 53.995 μs, Max = 54.133 μs
IQR = 0.270 μs, LowerFence = 53.318 μs, UpperFence = 54.400 μs
ConfidenceInterval = [53.688 μs; 54.045 μs] (CI 99.9%), Margin = 0.178 μs (0.33% of Mean)
Skewness = 0.12, Kurtosis = 1.46, MValue = 2

// ** Remained 8 (26.7%) benchmark(s) to run. Estimated finish 2025-12-31 18:51 (0h 3m from now) **
// **************************
// Benchmark: JsonSerializationBenchmarks.Jil_Serialize_Medium: Overhead-Fixed-Energy-3(OutlierMode=DontRemove, IterationCount=15, IterationTime=1s, LaunchCount=1, WarmupCount=6)
// *** Execute ***
// Launch: 1 / 1
// Execute: dotnet Serialization.Bench-Overhead-Fixed-Energy-3-1.dll --anonymousPipes 103 104 --benchmarkName Serialization.Bench.JsonSerializationBenchmarks.Jil_Serialize_Medium --job Overhead-Fixed-Energy-3 --benchmarkId 22 in /home/test/rapl-tests/lib-energy-bench/src/Serialization.Bench/bin/Release/net8.0/Serialization.Bench-Overhead-Fixed-Energy-3-1/bin/Release/net8.0
// BeforeAnythingElse

// Benchmark Process Environment Information:
// BenchmarkDotNet v0.15.5-develop (2025-12-31)
// Runtime=.NET 8.0.21 (8.0.21, 8.0.2125.47513), X64 RyuJIT x86-64-v4
// GC=Concurrent Workstation
// HardwareIntrinsics=AVX512 IFMA+VBMI,AVX512 F+BW+CD+DQ+VL,AVX2+BMI1+BMI2+F16C+FMA+LZCNT+MOVBE,AVX,SSE3+SSSE3+SSE4.1+SSE4.2+POPCNT,X86Base+SSE+SSE2,AES+PCLMUL VectorSize=256
// Job: Overhead-Fixed-Energy-3(OutlierMode=DontRemove, IterationCount=15, IterationTime=1s, LaunchCount=1, WarmupCount=6)

OverheadJitting  1: 1 op, 145776.00 ns, 145.7760 us/op, 0.00 uJpkg, 0.00 uJdram
WorkloadJitting  1: 1 op, 133013113.00 ns, 133.0131 ms/op, 8320841.00 uJpkg, 0.00 uJdram

WorkloadPilot    1: 4 op, 661640.00 ns, 165.4100 us/op, 0.00 uJpkg, 0.00 uJdram
WorkloadPilot    2: 6046 op, 312476856.00 ns, 51.6832 us/op, 26321344.00 uJpkg, 0.00 uJdram
WorkloadPilot    3: 19349 op, 725471229.00 ns, 37.4940 us/op, 61714197.00 uJpkg, 0.00 uJdram
WorkloadPilot    4: 26671 op, 995535365.00 ns, 37.3265 us/op, 85368312.00 uJpkg, 0.00 uJdram
WorkloadPilot    5: 26791 op, 1002455068.00 ns, 37.4176 us/op, 86628807.00 uJpkg, 0.00 uJdram
WorkloadPilot    6: 26725 op, 999535824.00 ns, 37.4008 us/op, 86751975.00 uJpkg, 0.00 uJdram
WorkloadPilot    7: 26737 op, 998988639.00 ns, 37.3635 us/op, 86507103.00 uJpkg, 0.00 uJdram
WorkloadPilot    8: 26764 op, 1001596164.00 ns, 37.4233 us/op, 86544456.00 uJpkg, 0.00 uJdram
WorkloadPilot    9: 26721 op, 999854400.00 ns, 37.4183 us/op, 86061608.00 uJpkg, 0.00 uJdram
WorkloadPilot   10: 26725 op, 992890190.00 ns, 37.1521 us/op, 86328331.00 uJpkg, 0.00 uJdram
WorkloadPilot   11: 26916 op, 1003642068.00 ns, 37.2879 us/op, 86357200.00 uJpkg, 0.00 uJdram

WorkloadWarmup   1: 26916 op, 1004355762.00 ns, 37.3145 us/op, 86999228.00 uJpkg, 0.00 uJdram
WorkloadWarmup   2: 26916 op, 1008801349.00 ns, 37.4796 us/op, 87028464.00 uJpkg, 0.00 uJdram
WorkloadWarmup   3: 26916 op, 1007147326.00 ns, 37.4182 us/op, 85736536.00 uJpkg, 0.00 uJdram
WorkloadWarmup   4: 26916 op, 1006005617.00 ns, 37.3757 us/op, 86247399.00 uJpkg, 0.00 uJdram
WorkloadWarmup   5: 26916 op, 1009237465.00 ns, 37.4958 us/op, 86589317.00 uJpkg, 0.00 uJdram
WorkloadWarmup   6: 26916 op, 1008573255.00 ns, 37.4711 us/op, 88301165.00 uJpkg, 0.00 uJdram

// BeforeActualRun
WorkloadActual   1: 26916 op, 1008831766.00 ns, 37.4807 us/op, 87473776.00 uJpkg, 0.00 uJdram
WorkloadActual   2: 26916 op, 1008640306.00 ns, 37.4736 us/op, 86912680.00 uJpkg, 0.00 uJdram
WorkloadActual   3: 26916 op, 1008281047.00 ns, 37.4603 us/op, 86691978.00 uJpkg, 0.00 uJdram
WorkloadActual   4: 26916 op, 1004260811.00 ns, 37.3109 us/op, 86293419.00 uJpkg, 0.00 uJdram
WorkloadActual   5: 26916 op, 1009873981.00 ns, 37.5195 us/op, 86976035.00 uJpkg, 0.00 uJdram
WorkloadActual   6: 26916 op, 1008610727.00 ns, 37.4725 us/op, 86775534.00 uJpkg, 0.00 uJdram
WorkloadActual   7: 26916 op, 1002849672.00 ns, 37.2585 us/op, 86027429.00 uJpkg, 0.00 uJdram
WorkloadActual   8: 26916 op, 1005772682.00 ns, 37.3671 us/op, 86458275.00 uJpkg, 0.00 uJdram
WorkloadActual   9: 26916 op, 1005273965.00 ns, 37.3486 us/op, 86318809.00 uJpkg, 0.00 uJdram
WorkloadActual  10: 26916 op, 1004585903.00 ns, 37.3230 us/op, 86304528.00 uJpkg, 0.00 uJdram
WorkloadActual  11: 26916 op, 1002214592.00 ns, 37.2349 us/op, 86008020.00 uJpkg, 0.00 uJdram
WorkloadActual  12: 26916 op, 1008280533.00 ns, 37.4603 us/op, 86391075.00 uJpkg, 0.00 uJdram
WorkloadActual  13: 26916 op, 1007910093.00 ns, 37.4465 us/op, 86344628.00 uJpkg, 0.00 uJdram
WorkloadActual  14: 26916 op, 1002124602.00 ns, 37.2316 us/op, 86179528.00 uJpkg, 0.00 uJdram
WorkloadActual  15: 26916 op, 1006422986.00 ns, 37.3913 us/op, 87456014.00 uJpkg, 0.00 uJdram

// AfterActualRun
WorkloadResult   1: 26916 op, 1008831766.00 ns, 37.4807 us/op, 87473776.00 uJpkg, 0.00 uJdram
WorkloadResult   2: 26916 op, 1008640306.00 ns, 37.4736 us/op, 86912680.00 uJpkg, 0.00 uJdram
WorkloadResult   3: 26916 op, 1008281047.00 ns, 37.4603 us/op, 86691978.00 uJpkg, 0.00 uJdram
WorkloadResult   4: 26916 op, 1004260811.00 ns, 37.3109 us/op, 86293419.00 uJpkg, 0.00 uJdram
WorkloadResult   5: 26916 op, 1009873981.00 ns, 37.5195 us/op, 86976035.00 uJpkg, 0.00 uJdram
WorkloadResult   6: 26916 op, 1008610727.00 ns, 37.4725 us/op, 86775534.00 uJpkg, 0.00 uJdram
WorkloadResult   7: 26916 op, 1002849672.00 ns, 37.2585 us/op, 86027429.00 uJpkg, 0.00 uJdram
WorkloadResult   8: 26916 op, 1005772682.00 ns, 37.3671 us/op, 86458275.00 uJpkg, 0.00 uJdram
WorkloadResult   9: 26916 op, 1005273965.00 ns, 37.3486 us/op, 86318809.00 uJpkg, 0.00 uJdram
WorkloadResult  10: 26916 op, 1004585903.00 ns, 37.3230 us/op, 86304528.00 uJpkg, 0.00 uJdram
WorkloadResult  11: 26916 op, 1002214592.00 ns, 37.2349 us/op, 86008020.00 uJpkg, 0.00 uJdram
WorkloadResult  12: 26916 op, 1008280533.00 ns, 37.4603 us/op, 86391075.00 uJpkg, 0.00 uJdram
WorkloadResult  13: 26916 op, 1007910093.00 ns, 37.4465 us/op, 86344628.00 uJpkg, 0.00 uJdram
WorkloadResult  14: 26916 op, 1002124602.00 ns, 37.2316 us/op, 86179528.00 uJpkg, 0.00 uJdram
WorkloadResult  15: 26916 op, 1006422986.00 ns, 37.3913 us/op, 87456014.00 uJpkg, 0.00 uJdram

// AfterAll
// Benchmark Process 4053107 has exited with code 0.

Mean = 37.385 μs, StdErr = 0.025 μs (0.07%), N = 15, StdDev = 0.097 μs
Min = 37.232 μs, Q1 = 37.317 μs, Median = 37.391 μs, Q3 = 37.466 μs, Max = 37.519 μs
IQR = 0.149 μs, LowerFence = 37.093 μs, UpperFence = 37.691 μs
ConfidenceInterval = [37.282 μs; 37.489 μs] (CI 99.9%), Margin = 0.103 μs (0.28% of Mean)
Skewness = -0.3, Kurtosis = 1.51, MValue = 2

// ** Remained 7 (23.3%) benchmark(s) to run. Estimated finish 2025-12-31 18:51 (0h 3m from now) **
// **************************
// Benchmark: JsonSerializationBenchmarks.Utf8Json_Serialize_Medium: Overhead-Fixed-Energy-3(OutlierMode=DontRemove, IterationCount=15, IterationTime=1s, LaunchCount=1, WarmupCount=6)
// *** Execute ***
// Launch: 1 / 1
// Execute: dotnet Serialization.Bench-Overhead-Fixed-Energy-3-1.dll --anonymousPipes 103 104 --benchmarkName Serialization.Bench.JsonSerializationBenchmarks.Utf8Json_Serialize_Medium --job Overhead-Fixed-Energy-3 --benchmarkId 23 in /home/test/rapl-tests/lib-energy-bench/src/Serialization.Bench/bin/Release/net8.0/Serialization.Bench-Overhead-Fixed-Energy-3-1/bin/Release/net8.0
// BeforeAnythingElse

// Benchmark Process Environment Information:
// BenchmarkDotNet v0.15.5-develop (2025-12-31)
// Runtime=.NET 8.0.21 (8.0.21, 8.0.2125.47513), X64 RyuJIT x86-64-v4
// GC=Concurrent Workstation
// HardwareIntrinsics=AVX512 IFMA+VBMI,AVX512 F+BW+CD+DQ+VL,AVX2+BMI1+BMI2+F16C+FMA+LZCNT+MOVBE,AVX,SSE3+SSSE3+SSE4.1+SSE4.2+POPCNT,X86Base+SSE+SSE2,AES+PCLMUL VectorSize=256
// Job: Overhead-Fixed-Energy-3(OutlierMode=DontRemove, IterationCount=15, IterationTime=1s, LaunchCount=1, WarmupCount=6)

OverheadJitting  1: 1 op, 136410.00 ns, 136.4100 us/op, 0.00 uJpkg, 0.00 uJdram
WorkloadJitting  1: 1 op, 52064898.00 ns, 52.0649 ms/op, 3277885.00 uJpkg, 0.00 uJdram

OverheadJitting  2: 16 op, 371355.00 ns, 23.2097 us/op, 67749.00 uJpkg, 0.00 uJdram
WorkloadJitting  2: 16 op, 4363893.00 ns, 272.7433 us/op, 299133.00 uJpkg, 0.00 uJdram

WorkloadPilot    1: 16 op, 3682635.00 ns, 230.1647 us/op, 257079.00 uJpkg, 0.00 uJdram
WorkloadPilot    2: 4352 op, 434803658.00 ns, 99.9089 us/op, 34110387.00 uJpkg, 0.00 uJdram
WorkloadPilot    3: 10016 op, 570465283.00 ns, 56.9554 us/op, 47142580.00 uJpkg, 0.00 uJdram
WorkloadPilot    4: 17568 op, 1012946302.00 ns, 57.6586 us/op, 81628270.00 uJpkg, 0.00 uJdram
WorkloadPilot    5: 17344 op, 990212974.00 ns, 57.0925 us/op, 80269387.00 uJpkg, 0.00 uJdram
WorkloadPilot    6: 17520 op, 1004025811.00 ns, 57.3074 us/op, 81367345.00 uJpkg, 0.00 uJdram
WorkloadPilot    7: 17456 op, 1029263717.00 ns, 58.9633 us/op, 83488617.00 uJpkg, 0.00 uJdram

OverheadWarmup   1: 17456 op, 60491.00 ns, 3.4653 ns/op, 0.00 uJpkg, 0.00 uJdram
OverheadWarmup   2: 17456 op, 64760.00 ns, 3.7099 ns/op, 0.00 uJpkg, 0.00 uJdram
OverheadWarmup   3: 17456 op, 61994.00 ns, 3.5514 ns/op, 0.00 uJpkg, 0.00 uJdram
OverheadWarmup   4: 17456 op, 62396.00 ns, 3.5745 ns/op, 0.00 uJpkg, 0.00 uJdram
OverheadWarmup   5: 17456 op, 60849.00 ns, 3.4859 ns/op, 0.00 uJpkg, 0.00 uJdram

OverheadActual   1: 17456 op, 59620.00 ns, 3.4154 ns/op, 0.00 uJpkg, 0.00 uJdram
OverheadActual   2: 17456 op, 60838.00 ns, 3.4852 ns/op, 0.00 uJpkg, 0.00 uJdram
OverheadActual   3: 17456 op, 61206.00 ns, 3.5063 ns/op, 0.00 uJpkg, 0.00 uJdram
OverheadActual   4: 17456 op, 60842.00 ns, 3.4854 ns/op, 99610.00 uJpkg, 0.00 uJdram
OverheadActual   5: 17456 op, 60873.00 ns, 3.4872 ns/op, 0.00 uJpkg, 0.00 uJdram
OverheadActual   6: 17456 op, 60849.00 ns, 3.4859 ns/op, 0.00 uJpkg, 0.00 uJdram
OverheadActual   7: 17456 op, 61246.00 ns, 3.5086 ns/op, 0.00 uJpkg, 0.00 uJdram
OverheadActual   8: 17456 op, 66452.00 ns, 3.8068 ns/op, 0.00 uJpkg, 0.00 uJdram
OverheadActual   9: 17456 op, 60840.00 ns, 3.4853 ns/op, 93261.00 uJpkg, 0.00 uJdram
OverheadActual  10: 17456 op, 60834.00 ns, 3.4850 ns/op, 0.00 uJpkg, 0.00 uJdram
OverheadActual  11: 17456 op, 61256.00 ns, 3.5092 ns/op, 0.00 uJpkg, 0.00 uJdram
OverheadActual  12: 17456 op, 60827.00 ns, 3.4846 ns/op, 0.00 uJpkg, 0.00 uJdram
OverheadActual  13: 17456 op, 65092.00 ns, 3.7289 ns/op, 0.00 uJpkg, 0.00 uJdram
OverheadActual  14: 17456 op, 61098.00 ns, 3.5001 ns/op, 0.00 uJpkg, 0.00 uJdram
OverheadActual  15: 17456 op, 60839.00 ns, 3.4853 ns/op, 0.00 uJpkg, 0.00 uJdram

WorkloadWarmup   1: 17456 op, 998069445.00 ns, 57.1763 us/op, 82831697.00 uJpkg, 0.00 uJdram
WorkloadWarmup   2: 17456 op, 1018699876.00 ns, 58.3582 us/op, 82965303.00 uJpkg, 0.00 uJdram
WorkloadWarmup   3: 17456 op, 1055153002.00 ns, 60.4464 us/op, 85493128.00 uJpkg, 0.00 uJdram
WorkloadWarmup   4: 17456 op, 1002554952.00 ns, 57.4333 us/op, 81281530.00 uJpkg, 0.00 uJdram
WorkloadWarmup   5: 17456 op, 1057800401.00 ns, 60.5981 us/op, 85781458.00 uJpkg, 0.00 uJdram
WorkloadWarmup   6: 17456 op, 1000982978.00 ns, 57.3432 us/op, 81296789.00 uJpkg, 0.00 uJdram

// BeforeActualRun
WorkloadActual   1: 17456 op, 1025413429.00 ns, 58.7427 us/op, 82546541.00 uJpkg, 0.00 uJdram
WorkloadActual   2: 17456 op, 1035374949.00 ns, 59.3134 us/op, 84056547.00 uJpkg, 0.00 uJdram
WorkloadActual   3: 17456 op, 1026942321.00 ns, 58.8303 us/op, 83275299.00 uJpkg, 0.00 uJdram
WorkloadActual   4: 17456 op, 1061193802.00 ns, 60.7925 us/op, 85441249.00 uJpkg, 0.00 uJdram
WorkloadActual   5: 17456 op, 1031184580.00 ns, 59.0734 us/op, 83202912.00 uJpkg, 0.00 uJdram
WorkloadActual   6: 17456 op, 993408261.00 ns, 56.9093 us/op, 80602638.00 uJpkg, 0.00 uJdram
WorkloadActual   7: 17456 op, 1021034500.00 ns, 58.4919 us/op, 82397677.00 uJpkg, 0.00 uJdram
WorkloadActual   8: 17456 op, 1002131558.00 ns, 57.4090 us/op, 81187841.00 uJpkg, 0.00 uJdram
WorkloadActual   9: 17456 op, 1008138897.00 ns, 57.7531 us/op, 81558080.00 uJpkg, 0.00 uJdram
WorkloadActual  10: 17456 op, 1007253076.00 ns, 57.7024 us/op, 82623080.00 uJpkg, 0.00 uJdram
WorkloadActual  11: 17456 op, 990249333.00 ns, 56.7283 us/op, 79873758.00 uJpkg, 0.00 uJdram
WorkloadActual  12: 17456 op, 989422364.00 ns, 56.6809 us/op, 80368934.00 uJpkg, 0.00 uJdram
WorkloadActual  13: 17456 op, 1017498884.00 ns, 58.2893 us/op, 83079072.00 uJpkg, 0.00 uJdram
WorkloadActual  14: 17456 op, 1015648319.00 ns, 58.1833 us/op, 82158847.00 uJpkg, 0.00 uJdram
WorkloadActual  15: 17456 op, 1104917659.00 ns, 63.2973 us/op, 89320694.00 uJpkg, 0.00 uJdram

// AfterActualRun
WorkloadResult   1: 17456 op, 1025352580.00 ns, 58.7393 us/op, 82546541.00 uJpkg, 0.00 uJdram
WorkloadResult   2: 17456 op, 1035314100.00 ns, 59.3099 us/op, 84056547.00 uJpkg, 0.00 uJdram
WorkloadResult   3: 17456 op, 1026881472.00 ns, 58.8268 us/op, 83275299.00 uJpkg, 0.00 uJdram
WorkloadResult   4: 17456 op, 1061132953.00 ns, 60.7890 us/op, 85441249.00 uJpkg, 0.00 uJdram
WorkloadResult   5: 17456 op, 1031123731.00 ns, 59.0699 us/op, 83202912.00 uJpkg, 0.00 uJdram
WorkloadResult   6: 17456 op, 993347412.00 ns, 56.9058 us/op, 80602638.00 uJpkg, 0.00 uJdram
WorkloadResult   7: 17456 op, 1020973651.00 ns, 58.4884 us/op, 82397677.00 uJpkg, 0.00 uJdram
WorkloadResult   8: 17456 op, 1002070709.00 ns, 57.4055 us/op, 81187841.00 uJpkg, 0.00 uJdram
WorkloadResult   9: 17456 op, 1008078048.00 ns, 57.7497 us/op, 81558080.00 uJpkg, 0.00 uJdram
WorkloadResult  10: 17456 op, 1007192227.00 ns, 57.6989 us/op, 82623080.00 uJpkg, 0.00 uJdram
WorkloadResult  11: 17456 op, 990188484.00 ns, 56.7248 us/op, 79873758.00 uJpkg, 0.00 uJdram
WorkloadResult  12: 17456 op, 989361515.00 ns, 56.6774 us/op, 80368934.00 uJpkg, 0.00 uJdram
WorkloadResult  13: 17456 op, 1017438035.00 ns, 58.2859 us/op, 83079072.00 uJpkg, 0.00 uJdram
WorkloadResult  14: 17456 op, 1015587470.00 ns, 58.1799 us/op, 82158847.00 uJpkg, 0.00 uJdram
WorkloadResult  15: 17456 op, 1104856810.00 ns, 63.2938 us/op, 89320694.00 uJpkg, 0.00 uJdram

// AfterAll
// Benchmark Process 4053119 has exited with code 0.

Mean = 58.543 μs, StdErr = 0.441 μs (0.75%), N = 15, StdDev = 1.709 μs
Min = 56.677 μs, Q1 = 57.552 μs, Median = 58.286 μs, Q3 = 58.948 μs, Max = 63.294 μs
IQR = 1.396 μs, LowerFence = 55.458 μs, UpperFence = 61.043 μs
ConfidenceInterval = [56.716 μs; 60.370 μs] (CI 99.9%), Margin = 1.827 μs (3.12% of Mean)
Skewness = 1.33, Kurtosis = 4.44, MValue = 2

// ** Remained 6 (20.0%) benchmark(s) to run. Estimated finish 2025-12-31 18:51 (0h 2m from now) **
// **************************
// Benchmark: JsonSerializationBenchmarks.SpanJson_Serialize_Medium: Overhead-Fixed-Energy-3(OutlierMode=DontRemove, IterationCount=15, IterationTime=1s, LaunchCount=1, WarmupCount=6)
// *** Execute ***
// Launch: 1 / 1
// Execute: dotnet Serialization.Bench-Overhead-Fixed-Energy-3-1.dll --anonymousPipes 103 104 --benchmarkName Serialization.Bench.JsonSerializationBenchmarks.SpanJson_Serialize_Medium --job Overhead-Fixed-Energy-3 --benchmarkId 24 in /home/test/rapl-tests/lib-energy-bench/src/Serialization.Bench/bin/Release/net8.0/Serialization.Bench-Overhead-Fixed-Energy-3-1/bin/Release/net8.0
// BeforeAnythingElse

// Benchmark Process Environment Information:
// BenchmarkDotNet v0.15.5-develop (2025-12-31)
// Runtime=.NET 8.0.21 (8.0.21, 8.0.2125.47513), X64 RyuJIT x86-64-v4
// GC=Concurrent Workstation
// HardwareIntrinsics=AVX512 IFMA+VBMI,AVX512 F+BW+CD+DQ+VL,AVX2+BMI1+BMI2+F16C+FMA+LZCNT+MOVBE,AVX,SSE3+SSSE3+SSE4.1+SSE4.2+POPCNT,X86Base+SSE+SSE2,AES+PCLMUL VectorSize=256
// Job: Overhead-Fixed-Energy-3(OutlierMode=DontRemove, IterationCount=15, IterationTime=1s, LaunchCount=1, WarmupCount=6)

OverheadJitting  1: 1 op, 144823.00 ns, 144.8230 us/op, 67199.00 uJpkg, 0.00 uJdram
WorkloadJitting  1: 1 op, 97387016.00 ns, 97.3870 ms/op, 6161728.00 uJpkg, 0.00 uJdram

WorkloadPilot    1: 4 op, 1104625.00 ns, 276.1563 us/op, 61340.00 uJpkg, 0.00 uJdram
WorkloadPilot    2: 3621 op, 267988721.00 ns, 74.0096 us/op, 18164321.00 uJpkg, 0.00 uJdram
WorkloadPilot    3: 13512 op, 530641867.00 ns, 39.2719 us/op, 34448093.00 uJpkg, 0.00 uJdram
WorkloadPilot    4: 25464 op, 996600637.00 ns, 39.1376 us/op, 64968339.00 uJpkg, 0.00 uJdram
WorkloadPilot    5: 25551 op, 992908550.00 ns, 38.8599 us/op, 64246235.00 uJpkg, 0.00 uJdram
WorkloadPilot    6: 25733 op, 1003598982.00 ns, 39.0005 us/op, 65664505.00 uJpkg, 0.00 uJdram
WorkloadPilot    7: 25641 op, 998429920.00 ns, 38.9388 us/op, 64847368.00 uJpkg, 0.00 uJdram
WorkloadPilot    8: 25681 op, 997361954.00 ns, 38.8366 us/op, 65191666.00 uJpkg, 0.00 uJdram
WorkloadPilot    9: 25749 op, 1004883192.00 ns, 39.0261 us/op, 65285355.00 uJpkg, 0.00 uJdram
WorkloadPilot   10: 25624 op, 1003413772.00 ns, 39.1591 us/op, 65341751.00 uJpkg, 0.00 uJdram

WorkloadWarmup   1: 25624 op, 999331888.00 ns, 38.9998 us/op, 64481402.00 uJpkg, 0.00 uJdram
WorkloadWarmup   2: 25624 op, 997791608.00 ns, 38.9397 us/op, 64812884.00 uJpkg, 0.00 uJdram
WorkloadWarmup   3: 25624 op, 1001245944.00 ns, 39.0745 us/op, 65014909.00 uJpkg, 0.00 uJdram
WorkloadWarmup   4: 25624 op, 993986949.00 ns, 38.7912 us/op, 64350238.00 uJpkg, 0.00 uJdram
WorkloadWarmup   5: 25624 op, 997806234.00 ns, 38.9403 us/op, 64807269.00 uJpkg, 0.00 uJdram
WorkloadWarmup   6: 25624 op, 994089890.00 ns, 38.7953 us/op, 64917680.00 uJpkg, 0.00 uJdram

// BeforeActualRun
WorkloadActual   1: 25624 op, 1003585493.00 ns, 39.1658 us/op, 65273453.00 uJpkg, 0.00 uJdram
WorkloadActual   2: 25624 op, 1005914263.00 ns, 39.2567 us/op, 65786941.00 uJpkg, 0.00 uJdram
WorkloadActual   3: 25624 op, 994199216.00 ns, 38.7995 us/op, 64787493.00 uJpkg, 0.00 uJdram
WorkloadActual   4: 25624 op, 996470606.00 ns, 38.8882 us/op, 64737749.00 uJpkg, 0.00 uJdram
WorkloadActual   5: 25624 op, 993489342.00 ns, 38.7718 us/op, 65480546.00 uJpkg, 0.00 uJdram
WorkloadActual   6: 25624 op, 993741151.00 ns, 38.7817 us/op, 64684344.00 uJpkg, 0.00 uJdram
WorkloadActual   7: 25624 op, 992009641.00 ns, 38.7141 us/op, 64183307.00 uJpkg, 0.00 uJdram
WorkloadActual   8: 25624 op, 996093998.00 ns, 38.8735 us/op, 64707171.00 uJpkg, 0.00 uJdram
WorkloadActual   9: 25624 op, 1001475100.00 ns, 39.0835 us/op, 66393629.00 uJpkg, 0.00 uJdram
WorkloadActual  10: 25624 op, 990538984.00 ns, 38.6567 us/op, 64422808.00 uJpkg, 0.00 uJdram
WorkloadActual  11: 25624 op, 995521493.00 ns, 38.8511 us/op, 64759905.00 uJpkg, 0.00 uJdram
WorkloadActual  12: 25624 op, 998561767.00 ns, 38.9698 us/op, 65740066.00 uJpkg, 0.00 uJdram
WorkloadActual  13: 25624 op, 994080842.00 ns, 38.7949 us/op, 65073808.00 uJpkg, 0.00 uJdram
WorkloadActual  14: 25624 op, 994950739.00 ns, 38.8289 us/op, 65651443.00 uJpkg, 0.00 uJdram
WorkloadActual  15: 25624 op, 996782847.00 ns, 38.9004 us/op, 65078935.00 uJpkg, 0.00 uJdram

// AfterActualRun
WorkloadResult   1: 25624 op, 1003585493.00 ns, 39.1658 us/op, 65273453.00 uJpkg, 0.00 uJdram
WorkloadResult   2: 25624 op, 1005914263.00 ns, 39.2567 us/op, 65786941.00 uJpkg, 0.00 uJdram
WorkloadResult   3: 25624 op, 994199216.00 ns, 38.7995 us/op, 64787493.00 uJpkg, 0.00 uJdram
WorkloadResult   4: 25624 op, 996470606.00 ns, 38.8882 us/op, 64737749.00 uJpkg, 0.00 uJdram
WorkloadResult   5: 25624 op, 993489342.00 ns, 38.7718 us/op, 65480546.00 uJpkg, 0.00 uJdram
WorkloadResult   6: 25624 op, 993741151.00 ns, 38.7817 us/op, 64684344.00 uJpkg, 0.00 uJdram
WorkloadResult   7: 25624 op, 992009641.00 ns, 38.7141 us/op, 64183307.00 uJpkg, 0.00 uJdram
WorkloadResult   8: 25624 op, 996093998.00 ns, 38.8735 us/op, 64707171.00 uJpkg, 0.00 uJdram
WorkloadResult   9: 25624 op, 1001475100.00 ns, 39.0835 us/op, 66393629.00 uJpkg, 0.00 uJdram
WorkloadResult  10: 25624 op, 990538984.00 ns, 38.6567 us/op, 64422808.00 uJpkg, 0.00 uJdram
WorkloadResult  11: 25624 op, 995521493.00 ns, 38.8511 us/op, 64759905.00 uJpkg, 0.00 uJdram
WorkloadResult  12: 25624 op, 998561767.00 ns, 38.9698 us/op, 65740066.00 uJpkg, 0.00 uJdram
WorkloadResult  13: 25624 op, 994080842.00 ns, 38.7949 us/op, 65073808.00 uJpkg, 0.00 uJdram
WorkloadResult  14: 25624 op, 994950739.00 ns, 38.8289 us/op, 65651443.00 uJpkg, 0.00 uJdram
WorkloadResult  15: 25624 op, 996782847.00 ns, 38.9004 us/op, 65078935.00 uJpkg, 0.00 uJdram

// AfterAll
// Benchmark Process 4053133 has exited with code 0.

Mean = 38.889 μs, StdErr = 0.043 μs (0.11%), N = 15, StdDev = 0.167 μs
Min = 38.657 μs, Q1 = 38.788 μs, Median = 38.851 μs, Q3 = 38.935 μs, Max = 39.257 μs
IQR = 0.147 μs, LowerFence = 38.568 μs, UpperFence = 39.155 μs
ConfidenceInterval = [38.711 μs; 39.067 μs] (CI 99.9%), Margin = 0.178 μs (0.46% of Mean)
Skewness = 0.81, Kurtosis = 2.59, MValue = 2

// ** Remained 5 (16.7%) benchmark(s) to run. Estimated finish 2025-12-31 18:52 (0h 2m from now) **
// **************************
// Benchmark: JsonSerializationBenchmarks.STJ_Serialize_Small: Overhead-Fixed-Energy-3(OutlierMode=DontRemove, IterationCount=15, IterationTime=1s, LaunchCount=1, WarmupCount=6)
// *** Execute ***
// Launch: 1 / 1
// Execute: dotnet Serialization.Bench-Overhead-Fixed-Energy-3-1.dll --anonymousPipes 103 104 --benchmarkName Serialization.Bench.JsonSerializationBenchmarks.STJ_Serialize_Small --job Overhead-Fixed-Energy-3 --benchmarkId 25 in /home/test/rapl-tests/lib-energy-bench/src/Serialization.Bench/bin/Release/net8.0/Serialization.Bench-Overhead-Fixed-Energy-3-1/bin/Release/net8.0
// BeforeAnythingElse

// Benchmark Process Environment Information:
// BenchmarkDotNet v0.15.5-develop (2025-12-31)
// Runtime=.NET 8.0.21 (8.0.21, 8.0.2125.47513), X64 RyuJIT x86-64-v4
// GC=Concurrent Workstation
// HardwareIntrinsics=AVX512 IFMA+VBMI,AVX512 F+BW+CD+DQ+VL,AVX2+BMI1+BMI2+F16C+FMA+LZCNT+MOVBE,AVX,SSE3+SSSE3+SSE4.1+SSE4.2+POPCNT,X86Base+SSE+SSE2,AES+PCLMUL VectorSize=256
// Job: Overhead-Fixed-Energy-3(OutlierMode=DontRemove, IterationCount=15, IterationTime=1s, LaunchCount=1, WarmupCount=6)

OverheadJitting  1: 1 op, 136948.00 ns, 136.9480 us/op, 54749.00 uJpkg, 0.00 uJdram
WorkloadJitting  1: 1 op, 3781435.00 ns, 3.7814 ms/op, 267334.00 uJpkg, 0.00 uJdram

OverheadJitting  2: 16 op, 401337.00 ns, 25.0836 us/op, 0.00 uJpkg, 0.00 uJdram
WorkloadJitting  2: 16 op, 467168.00 ns, 29.1980 us/op, 87829.00 uJpkg, 0.00 uJdram

WorkloadPilot    1: 16 op, 67845.00 ns, 4.2403 us/op, 0.00 uJpkg, 0.00 uJdram
WorkloadPilot    2: 235840 op, 577442892.00 ns, 2.4485 us/op, 50418633.00 uJpkg, 0.00 uJdram
WorkloadPilot    3: 408432 op, 538161731.00 ns, 1.3176 us/op, 47554932.00 uJpkg, 0.00 uJdram
WorkloadPilot    4: 758944 op, 996277374.00 ns, 1.3127 us/op, 88155291.00 uJpkg, 0.00 uJdram
WorkloadPilot    5: 761792 op, 997532522.00 ns, 1.3095 us/op, 89094255.00 uJpkg, 0.00 uJdram
WorkloadPilot    6: 763680 op, 998458325.00 ns, 1.3074 us/op, 89291885.00 uJpkg, 0.00 uJdram
WorkloadPilot    7: 764864 op, 1004975413.00 ns, 1.3139 us/op, 89318619.00 uJpkg, 0.00 uJdram
WorkloadPilot    8: 761088 op, 996185307.00 ns, 1.3089 us/op, 88829850.00 uJpkg, 0.00 uJdram
WorkloadPilot    9: 764016 op, 998373168.00 ns, 1.3067 us/op, 89081742.00 uJpkg, 0.00 uJdram
WorkloadPilot   10: 765264 op, 1000916837.00 ns, 1.3079 us/op, 89861098.00 uJpkg, 0.00 uJdram
WorkloadPilot   11: 764576 op, 999289829.00 ns, 1.3070 us/op, 88872331.00 uJpkg, 0.00 uJdram
WorkloadPilot   12: 765120 op, 1000984952.00 ns, 1.3083 us/op, 88732622.00 uJpkg, 0.00 uJdram

OverheadWarmup   1: 765120 op, 2665902.00 ns, 3.4843 ns/op, 227722.00 uJpkg, 0.00 uJdram
OverheadWarmup   2: 765120 op, 2609064.00 ns, 3.4100 ns/op, 178772.00 uJpkg, 0.00 uJdram
OverheadWarmup   3: 765120 op, 2619531.00 ns, 3.4237 ns/op, 131287.00 uJpkg, 0.00 uJdram
OverheadWarmup   4: 765120 op, 2626700.00 ns, 3.4331 ns/op, 209472.00 uJpkg, 0.00 uJdram
OverheadWarmup   5: 765120 op, 2618757.00 ns, 3.4227 ns/op, 121826.00 uJpkg, 0.00 uJdram
OverheadWarmup   6: 765120 op, 2612552.00 ns, 3.4146 ns/op, 168640.00 uJpkg, 0.00 uJdram
OverheadWarmup   7: 765120 op, 2625788.00 ns, 3.4319 ns/op, 209472.00 uJpkg, 0.00 uJdram
OverheadWarmup   8: 765120 op, 2630840.00 ns, 3.4385 ns/op, 202941.00 uJpkg, 0.00 uJdram
OverheadWarmup   9: 765120 op, 2616713.00 ns, 3.4200 ns/op, 178039.00 uJpkg, 0.00 uJdram

OverheadActual   1: 765120 op, 2611683.00 ns, 3.4134 ns/op, 142883.00 uJpkg, 0.00 uJdram
OverheadActual   2: 765120 op, 2627234.00 ns, 3.4338 ns/op, 185119.00 uJpkg, 0.00 uJdram
OverheadActual   3: 765120 op, 2612395.00 ns, 3.4144 ns/op, 173949.00 uJpkg, 0.00 uJdram
OverheadActual   4: 765120 op, 2614853.00 ns, 3.4176 ns/op, 189880.00 uJpkg, 0.00 uJdram
OverheadActual   5: 765120 op, 2622831.00 ns, 3.4280 ns/op, 120605.00 uJpkg, 0.00 uJdram
OverheadActual   6: 765120 op, 2618291.00 ns, 3.4221 ns/op, 192748.00 uJpkg, 0.00 uJdram
OverheadActual   7: 765120 op, 2614634.00 ns, 3.4173 ns/op, 190735.00 uJpkg, 0.00 uJdram
OverheadActual   8: 765120 op, 2623663.00 ns, 3.4291 ns/op, 118103.00 uJpkg, 0.00 uJdram
OverheadActual   9: 765120 op, 2608932.00 ns, 3.4098 ns/op, 202087.00 uJpkg, 0.00 uJdram
OverheadActual  10: 765120 op, 2662775.00 ns, 3.4802 ns/op, 135193.00 uJpkg, 0.00 uJdram
OverheadActual  11: 765120 op, 2659071.00 ns, 3.4754 ns/op, 201904.00 uJpkg, 0.00 uJdram
OverheadActual  12: 765120 op, 2661708.00 ns, 3.4788 ns/op, 170592.00 uJpkg, 0.00 uJdram
OverheadActual  13: 765120 op, 2659883.00 ns, 3.4764 ns/op, 206359.00 uJpkg, 0.00 uJdram
OverheadActual  14: 765120 op, 2616008.00 ns, 3.4191 ns/op, 124878.00 uJpkg, 0.00 uJdram
OverheadActual  15: 765120 op, 2614518.00 ns, 3.4171 ns/op, 210998.00 uJpkg, 0.00 uJdram

WorkloadWarmup   1: 765120 op, 1002155673.00 ns, 1.3098 us/op, 91071667.00 uJpkg, 0.00 uJdram
WorkloadWarmup   2: 765120 op, 1003633852.00 ns, 1.3117 us/op, 89155472.00 uJpkg, 0.00 uJdram
WorkloadWarmup   3: 765120 op, 999410306.00 ns, 1.3062 us/op, 88858964.00 uJpkg, 0.00 uJdram
WorkloadWarmup   4: 765120 op, 999037752.00 ns, 1.3057 us/op, 89051713.00 uJpkg, 0.00 uJdram
WorkloadWarmup   5: 765120 op, 999342997.00 ns, 1.3061 us/op, 88935502.00 uJpkg, 0.00 uJdram
WorkloadWarmup   6: 765120 op, 999258896.00 ns, 1.3060 us/op, 89190934.00 uJpkg, 0.00 uJdram

// BeforeActualRun
WorkloadActual   1: 765120 op, 1001317171.00 ns, 1.3087 us/op, 89307389.00 uJpkg, 0.00 uJdram
WorkloadActual   2: 765120 op, 1004007442.00 ns, 1.3122 us/op, 89533462.00 uJpkg, 0.00 uJdram
WorkloadActual   3: 765120 op, 1003054645.00 ns, 1.3110 us/op, 89253617.00 uJpkg, 0.00 uJdram
WorkloadActual   4: 765120 op, 1005066429.00 ns, 1.3136 us/op, 89764662.00 uJpkg, 0.00 uJdram
WorkloadActual   5: 765120 op, 1004769513.00 ns, 1.3132 us/op, 89479934.00 uJpkg, 0.00 uJdram
WorkloadActual   6: 765120 op, 1006552760.00 ns, 1.3155 us/op, 88090656.00 uJpkg, 0.00 uJdram
WorkloadActual   7: 765120 op, 1004340227.00 ns, 1.3127 us/op, 88483843.00 uJpkg, 0.00 uJdram
WorkloadActual   8: 765120 op, 1003618602.00 ns, 1.3117 us/op, 88085101.00 uJpkg, 0.00 uJdram
WorkloadActual   9: 765120 op, 1004723899.00 ns, 1.3132 us/op, 88169574.00 uJpkg, 0.00 uJdram
WorkloadActual  10: 765120 op, 1004553654.00 ns, 1.3129 us/op, 89322769.00 uJpkg, 0.00 uJdram
WorkloadActual  11: 765120 op, 1004562874.00 ns, 1.3129 us/op, 88279864.00 uJpkg, 0.00 uJdram
WorkloadActual  12: 765120 op, 1003900068.00 ns, 1.3121 us/op, 88188251.00 uJpkg, 0.00 uJdram
WorkloadActual  13: 765120 op, 1005094783.00 ns, 1.3136 us/op, 88111835.00 uJpkg, 0.00 uJdram
WorkloadActual  14: 765120 op, 1003526413.00 ns, 1.3116 us/op, 88277545.00 uJpkg, 0.00 uJdram
WorkloadActual  15: 765120 op, 1004219342.00 ns, 1.3125 us/op, 88172565.00 uJpkg, 0.00 uJdram

// AfterActualRun
WorkloadResult   1: 765120 op, 998698880.00 ns, 1.3053 us/op, 89307389.00 uJpkg, 0.00 uJdram
WorkloadResult   2: 765120 op, 1001389151.00 ns, 1.3088 us/op, 89533462.00 uJpkg, 0.00 uJdram
WorkloadResult   3: 765120 op, 1000436354.00 ns, 1.3076 us/op, 89253617.00 uJpkg, 0.00 uJdram
WorkloadResult   4: 765120 op, 1002448138.00 ns, 1.3102 us/op, 89764662.00 uJpkg, 0.00 uJdram
WorkloadResult   5: 765120 op, 1002151222.00 ns, 1.3098 us/op, 89479934.00 uJpkg, 0.00 uJdram
WorkloadResult   6: 765120 op, 1003934469.00 ns, 1.3121 us/op, 88090656.00 uJpkg, 0.00 uJdram
WorkloadResult   7: 765120 op, 1001721936.00 ns, 1.3092 us/op, 88483843.00 uJpkg, 0.00 uJdram
WorkloadResult   8: 765120 op, 1001000311.00 ns, 1.3083 us/op, 88085101.00 uJpkg, 0.00 uJdram
WorkloadResult   9: 765120 op, 1002105608.00 ns, 1.3097 us/op, 88169574.00 uJpkg, 0.00 uJdram
WorkloadResult  10: 765120 op, 1001935363.00 ns, 1.3095 us/op, 89322769.00 uJpkg, 0.00 uJdram
WorkloadResult  11: 765120 op, 1001944583.00 ns, 1.3095 us/op, 88279864.00 uJpkg, 0.00 uJdram
WorkloadResult  12: 765120 op, 1001281777.00 ns, 1.3087 us/op, 88188251.00 uJpkg, 0.00 uJdram
WorkloadResult  13: 765120 op, 1002476492.00 ns, 1.3102 us/op, 88111835.00 uJpkg, 0.00 uJdram
WorkloadResult  14: 765120 op, 1000908122.00 ns, 1.3082 us/op, 88277545.00 uJpkg, 0.00 uJdram
WorkloadResult  15: 765120 op, 1001601051.00 ns, 1.3091 us/op, 88172565.00 uJpkg, 0.00 uJdram

// AfterAll
// Benchmark Process 4053148 has exited with code 0.

Mean = 1.309 μs, StdErr = 0.000 μs (0.03%), N = 15, StdDev = 0.002 μs
Min = 1.305 μs, Q1 = 1.308 μs, Median = 1.309 μs, Q3 = 1.310 μs, Max = 1.312 μs
IQR = 0.001 μs, LowerFence = 1.307 μs, UpperFence = 1.312 μs
ConfidenceInterval = [1.307 μs; 1.311 μs] (CI 99.9%), Margin = 0.002 μs (0.12% of Mean)
Skewness = -0.54, Kurtosis = 3.98, MValue = 2

// ** Remained 4 (13.3%) benchmark(s) to run. Estimated finish 2025-12-31 18:52 (0h 1m from now) **
// **************************
// Benchmark: JsonSerializationBenchmarks.Newtonsoft_Serialize_Small: Overhead-Fixed-Energy-3(OutlierMode=DontRemove, IterationCount=15, IterationTime=1s, LaunchCount=1, WarmupCount=6)
// *** Execute ***
// Launch: 1 / 1
// Execute: dotnet Serialization.Bench-Overhead-Fixed-Energy-3-1.dll --anonymousPipes 103 104 --benchmarkName Serialization.Bench.JsonSerializationBenchmarks.Newtonsoft_Serialize_Small --job Overhead-Fixed-Energy-3 --benchmarkId 26 in /home/test/rapl-tests/lib-energy-bench/src/Serialization.Bench/bin/Release/net8.0/Serialization.Bench-Overhead-Fixed-Energy-3-1/bin/Release/net8.0
// BeforeAnythingElse

// Benchmark Process Environment Information:
// BenchmarkDotNet v0.15.5-develop (2025-12-31)
// Runtime=.NET 8.0.21 (8.0.21, 8.0.2125.47513), X64 RyuJIT x86-64-v4
// GC=Concurrent Workstation
// HardwareIntrinsics=AVX512 IFMA+VBMI,AVX512 F+BW+CD+DQ+VL,AVX2+BMI1+BMI2+F16C+FMA+LZCNT+MOVBE,AVX,SSE3+SSSE3+SSE4.1+SSE4.2+POPCNT,X86Base+SSE+SSE2,AES+PCLMUL VectorSize=256
// Job: Overhead-Fixed-Energy-3(OutlierMode=DontRemove, IterationCount=15, IterationTime=1s, LaunchCount=1, WarmupCount=6)

OverheadJitting  1: 1 op, 136399.00 ns, 136.3990 us/op, 0.00 uJpkg, 0.00 uJdram
WorkloadJitting  1: 1 op, 37752151.00 ns, 37.7522 ms/op, 2314996.00 uJpkg, 0.00 uJdram

OverheadJitting  2: 16 op, 359140.00 ns, 22.4463 us/op, 0.00 uJpkg, 0.00 uJdram
WorkloadJitting  2: 16 op, 657696.00 ns, 41.1060 us/op, 68054.00 uJpkg, 0.00 uJdram

WorkloadPilot    1: 16 op, 275867.00 ns, 17.2417 us/op, 70557.00 uJpkg, 0.00 uJdram
WorkloadPilot    2: 58000 op, 241240591.00 ns, 4.1593 us/op, 20556466.00 uJpkg, 0.00 uJdram
WorkloadPilot    3: 240432 op, 532777165.00 ns, 2.2159 us/op, 46438541.00 uJpkg, 0.00 uJdram
WorkloadPilot    4: 451296 op, 996819199.00 ns, 2.2088 us/op, 87533102.00 uJpkg, 0.00 uJdram
WorkloadPilot    5: 452736 op, 997651368.00 ns, 2.2036 us/op, 86949301.00 uJpkg, 0.00 uJdram
WorkloadPilot    6: 453808 op, 1004742558.00 ns, 2.2140 us/op, 88027240.00 uJpkg, 0.00 uJdram
WorkloadPilot    7: 451680 op, 997034325.00 ns, 2.2074 us/op, 86965537.00 uJpkg, 0.00 uJdram
WorkloadPilot    8: 453024 op, 1001447744.00 ns, 2.2106 us/op, 87783223.00 uJpkg, 0.00 uJdram
WorkloadPilot    9: 452384 op, 997035793.00 ns, 2.2040 us/op, 87314657.00 uJpkg, 0.00 uJdram
WorkloadPilot   10: 453744 op, 1002472518.00 ns, 2.2093 us/op, 88455645.00 uJpkg, 0.00 uJdram

OverheadWarmup   1: 453744 op, 1546413.00 ns, 3.4081 ns/op, 83802.00 uJpkg, 0.00 uJdram
OverheadWarmup   2: 453744 op, 1559429.00 ns, 3.4368 ns/op, 80383.00 uJpkg, 0.00 uJdram
OverheadWarmup   3: 453744 op, 1548612.00 ns, 3.4130 ns/op, 138183.00 uJpkg, 0.00 uJdram
OverheadWarmup   4: 453744 op, 1560356.00 ns, 3.4388 ns/op, 57190.00 uJpkg, 0.00 uJdram
OverheadWarmup   5: 453744 op, 1552549.00 ns, 3.4216 ns/op, 147949.00 uJpkg, 0.00 uJdram

OverheadActual   1: 453744 op, 1547139.00 ns, 3.4097 ns/op, 94482.00 uJpkg, 0.00 uJdram
OverheadActual   2: 453744 op, 1545538.00 ns, 3.4062 ns/op, 132751.00 uJpkg, 0.00 uJdram
OverheadActual   3: 453744 op, 1545888.00 ns, 3.4070 ns/op, 125854.00 uJpkg, 0.00 uJdram
OverheadActual   4: 453744 op, 1554178.00 ns, 3.4252 ns/op, 129272.00 uJpkg, 0.00 uJdram
OverheadActual   5: 453744 op, 1556400.00 ns, 3.4301 ns/op, 82275.00 uJpkg, 0.00 uJdram
OverheadActual   6: 453744 op, 1558155.00 ns, 3.4340 ns/op, 156982.00 uJpkg, 0.00 uJdram
OverheadActual   7: 453744 op, 1572676.00 ns, 3.4660 ns/op, 77148.00 uJpkg, 0.00 uJdram
OverheadActual   8: 453744 op, 1556638.00 ns, 3.4307 ns/op, 130492.00 uJpkg, 0.00 uJdram
OverheadActual   9: 453744 op, 1550969.00 ns, 3.4182 ns/op, 152527.00 uJpkg, 0.00 uJdram
OverheadActual  10: 453744 op, 1576181.00 ns, 3.4737 ns/op, 57617.00 uJpkg, 0.00 uJdram
OverheadActual  11: 453744 op, 1553458.00 ns, 3.4236 ns/op, 138183.00 uJpkg, 0.00 uJdram
OverheadActual  12: 453744 op, 1558345.00 ns, 3.4344 ns/op, 61401.00 uJpkg, 0.00 uJdram
OverheadActual  13: 453744 op, 1578329.00 ns, 3.4785 ns/op, 132202.00 uJpkg, 0.00 uJdram
OverheadActual  14: 453744 op, 1579368.00 ns, 3.4807 ns/op, 154175.00 uJpkg, 0.00 uJdram
OverheadActual  15: 453744 op, 1580077.00 ns, 3.4823 ns/op, 139342.00 uJpkg, 0.00 uJdram

WorkloadWarmup   1: 453744 op, 1004179403.00 ns, 2.2131 us/op, 90317701.00 uJpkg, 0.00 uJdram
WorkloadWarmup   2: 453744 op, 1002712828.00 ns, 2.2099 us/op, 88129962.00 uJpkg, 0.00 uJdram
WorkloadWarmup   3: 453744 op, 1001835186.00 ns, 2.2079 us/op, 88593523.00 uJpkg, 0.00 uJdram
WorkloadWarmup   4: 453744 op, 999039510.00 ns, 2.2018 us/op, 87948017.00 uJpkg, 0.00 uJdram
WorkloadWarmup   5: 453744 op, 999118407.00 ns, 2.2019 us/op, 87755696.00 uJpkg, 0.00 uJdram
WorkloadWarmup   6: 453744 op, 1000024274.00 ns, 2.2039 us/op, 88215167.00 uJpkg, 0.00 uJdram

// BeforeActualRun
WorkloadActual   1: 453744 op, 1000508937.00 ns, 2.2050 us/op, 88070087.00 uJpkg, 0.00 uJdram
WorkloadActual   2: 453744 op, 1004169799.00 ns, 2.2131 us/op, 88225238.00 uJpkg, 0.00 uJdram
WorkloadActual   3: 453744 op, 1004784854.00 ns, 2.2144 us/op, 88510393.00 uJpkg, 0.00 uJdram
WorkloadActual   4: 453744 op, 1003078731.00 ns, 2.2107 us/op, 87967060.00 uJpkg, 0.00 uJdram
WorkloadActual   5: 453744 op, 1004177574.00 ns, 2.2131 us/op, 88167499.00 uJpkg, 0.00 uJdram
WorkloadActual   6: 453744 op, 1004921661.00 ns, 2.2147 us/op, 88511065.00 uJpkg, 0.00 uJdram
WorkloadActual   7: 453744 op, 1003684780.00 ns, 2.2120 us/op, 88351520.00 uJpkg, 0.00 uJdram
WorkloadActual   8: 453744 op, 1003787855.00 ns, 2.2122 us/op, 88890093.00 uJpkg, 0.00 uJdram
WorkloadActual   9: 453744 op, 999016537.00 ns, 2.2017 us/op, 88084369.00 uJpkg, 0.00 uJdram
WorkloadActual  10: 453744 op, 999768084.00 ns, 2.2034 us/op, 88844804.00 uJpkg, 0.00 uJdram
WorkloadActual  11: 453744 op, 1000817377.00 ns, 2.2057 us/op, 86837363.00 uJpkg, 0.00 uJdram
WorkloadActual  12: 453744 op, 999840901.00 ns, 2.2035 us/op, 87253195.00 uJpkg, 0.00 uJdram
WorkloadActual  13: 453744 op, 999846431.00 ns, 2.2035 us/op, 87625874.00 uJpkg, 0.00 uJdram
WorkloadActual  14: 453744 op, 999584558.00 ns, 2.2030 us/op, 86941794.00 uJpkg, 0.00 uJdram
WorkloadActual  15: 453744 op, 1003060898.00 ns, 2.2106 us/op, 87407247.00 uJpkg, 0.00 uJdram

// AfterActualRun
WorkloadResult   1: 453744 op, 998952299.00 ns, 2.2016 us/op, 88070087.00 uJpkg, 0.00 uJdram
WorkloadResult   2: 453744 op, 1002613161.00 ns, 2.2096 us/op, 88225238.00 uJpkg, 0.00 uJdram
WorkloadResult   3: 453744 op, 1003228216.00 ns, 2.2110 us/op, 88510393.00 uJpkg, 0.00 uJdram
WorkloadResult   4: 453744 op, 1001522093.00 ns, 2.2072 us/op, 87967060.00 uJpkg, 0.00 uJdram
WorkloadResult   5: 453744 op, 1002620936.00 ns, 2.2097 us/op, 88167499.00 uJpkg, 0.00 uJdram
WorkloadResult   6: 453744 op, 1003365023.00 ns, 2.2113 us/op, 88511065.00 uJpkg, 0.00 uJdram
WorkloadResult   7: 453744 op, 1002128142.00 ns, 2.2086 us/op, 88351520.00 uJpkg, 0.00 uJdram
WorkloadResult   8: 453744 op, 1002231217.00 ns, 2.2088 us/op, 88890093.00 uJpkg, 0.00 uJdram
WorkloadResult   9: 453744 op, 997459899.00 ns, 2.1983 us/op, 88084369.00 uJpkg, 0.00 uJdram
WorkloadResult  10: 453744 op, 998211446.00 ns, 2.1999 us/op, 88844804.00 uJpkg, 0.00 uJdram
WorkloadResult  11: 453744 op, 999260739.00 ns, 2.2023 us/op, 86837363.00 uJpkg, 0.00 uJdram
WorkloadResult  12: 453744 op, 998284263.00 ns, 2.2001 us/op, 87253195.00 uJpkg, 0.00 uJdram
WorkloadResult  13: 453744 op, 998289793.00 ns, 2.2001 us/op, 87625874.00 uJpkg, 0.00 uJdram
WorkloadResult  14: 453744 op, 998027920.00 ns, 2.1995 us/op, 86941794.00 uJpkg, 0.00 uJdram
WorkloadResult  15: 453744 op, 1001504260.00 ns, 2.2072 us/op, 87407247.00 uJpkg, 0.00 uJdram

// AfterAll
// Benchmark Process 4053162 has exited with code 0.

Mean = 2.205 μs, StdErr = 0.001 μs (0.06%), N = 15, StdDev = 0.005 μs
Min = 2.198 μs, Q1 = 2.200 μs, Median = 2.207 μs, Q3 = 2.209 μs, Max = 2.211 μs
IQR = 0.009 μs, LowerFence = 2.186 μs, UpperFence = 2.223 μs
ConfidenceInterval = [2.200 μs; 2.210 μs] (CI 99.9%), Margin = 0.005 μs (0.23% of Mean)
Skewness = -0.07, Kurtosis = 1.14, MValue = 2

// ** Remained 3 (10.0%) benchmark(s) to run. Estimated finish 2025-12-31 18:52 (0h 1m from now) **
// **************************
// Benchmark: JsonSerializationBenchmarks.Jil_Serialize_Small: Overhead-Fixed-Energy-3(OutlierMode=DontRemove, IterationCount=15, IterationTime=1s, LaunchCount=1, WarmupCount=6)
// *** Execute ***
// Launch: 1 / 1
// Execute: dotnet Serialization.Bench-Overhead-Fixed-Energy-3-1.dll --anonymousPipes 103 104 --benchmarkName Serialization.Bench.JsonSerializationBenchmarks.Jil_Serialize_Small --job Overhead-Fixed-Energy-3 --benchmarkId 27 in /home/test/rapl-tests/lib-energy-bench/src/Serialization.Bench/bin/Release/net8.0/Serialization.Bench-Overhead-Fixed-Energy-3-1/bin/Release/net8.0
// BeforeAnythingElse

// Benchmark Process Environment Information:
// BenchmarkDotNet v0.15.5-develop (2025-12-31)
// Runtime=.NET 8.0.21 (8.0.21, 8.0.2125.47513), X64 RyuJIT x86-64-v4
// GC=Concurrent Workstation
// HardwareIntrinsics=AVX512 IFMA+VBMI,AVX512 F+BW+CD+DQ+VL,AVX2+BMI1+BMI2+F16C+FMA+LZCNT+MOVBE,AVX,SSE3+SSSE3+SSE4.1+SSE4.2+POPCNT,X86Base+SSE+SSE2,AES+PCLMUL VectorSize=256
// Job: Overhead-Fixed-Energy-3(OutlierMode=DontRemove, IterationCount=15, IterationTime=1s, LaunchCount=1, WarmupCount=6)

OverheadJitting  1: 1 op, 142481.00 ns, 142.4810 us/op, 0.00 uJpkg, 0.00 uJdram
WorkloadJitting  1: 1 op, 105701469.00 ns, 105.7015 ms/op, 6558638.00 uJpkg, 0.00 uJdram

WorkloadPilot    1: 4 op, 22072.00 ns, 5.5180 us/op, 0.00 uJpkg, 0.00 uJdram
WorkloadPilot    2: 181225 op, 400210257.00 ns, 2.2084 us/op, 32490944.00 uJpkg, 0.00 uJdram
WorkloadPilot    3: 452824 op, 784364777.00 ns, 1.7322 us/op, 69131720.00 uJpkg, 0.00 uJdram
WorkloadPilot    4: 577313 op, 999667499.00 ns, 1.7316 us/op, 88925737.00 uJpkg, 0.00 uJdram
WorkloadPilot    5: 577505 op, 997865140.00 ns, 1.7279 us/op, 88310748.00 uJpkg, 0.00 uJdram
WorkloadPilot    6: 578741 op, 1001590106.00 ns, 1.7306 us/op, 89038652.00 uJpkg, 0.00 uJdram
WorkloadPilot    7: 577822 op, 1004265214.00 ns, 1.7380 us/op, 89218827.00 uJpkg, 0.00 uJdram
WorkloadPilot    8: 575368 op, 999647171.00 ns, 1.7374 us/op, 88962968.00 uJpkg, 0.00 uJdram
WorkloadPilot    9: 575571 op, 998944267.00 ns, 1.7356 us/op, 88977616.00 uJpkg, 0.00 uJdram
WorkloadPilot   10: 576179 op, 996025112.00 ns, 1.7287 us/op, 89373490.00 uJpkg, 0.00 uJdram
WorkloadPilot   11: 578478 op, 1006223353.00 ns, 1.7394 us/op, 90000258.00 uJpkg, 0.00 uJdram

WorkloadWarmup   1: 578478 op, 999969682.00 ns, 1.7286 us/op, 89313980.00 uJpkg, 0.00 uJdram
WorkloadWarmup   2: 578478 op, 1006185952.00 ns, 1.7394 us/op, 88464068.00 uJpkg, 0.00 uJdram
WorkloadWarmup   3: 578478 op, 1005303510.00 ns, 1.7378 us/op, 88403765.00 uJpkg, 0.00 uJdram
WorkloadWarmup   4: 578478 op, 1005113849.00 ns, 1.7375 us/op, 88589739.00 uJpkg, 0.00 uJdram
WorkloadWarmup   5: 578478 op, 1005698093.00 ns, 1.7385 us/op, 88639238.00 uJpkg, 0.00 uJdram
WorkloadWarmup   6: 578478 op, 1006328563.00 ns, 1.7396 us/op, 90304029.00 uJpkg, 0.00 uJdram

// BeforeActualRun
WorkloadActual   1: 578478 op, 1000522394.00 ns, 1.7296 us/op, 89215043.00 uJpkg, 0.00 uJdram
WorkloadActual   2: 578478 op, 1004831296.00 ns, 1.7370 us/op, 88734819.00 uJpkg, 0.00 uJdram
WorkloadActual   3: 578478 op, 1005282755.00 ns, 1.7378 us/op, 88431231.00 uJpkg, 0.00 uJdram
WorkloadActual   4: 578478 op, 1006145593.00 ns, 1.7393 us/op, 88783770.00 uJpkg, 0.00 uJdram
WorkloadActual   5: 578478 op, 1006730413.00 ns, 1.7403 us/op, 88930254.00 uJpkg, 0.00 uJdram
WorkloadActual   6: 578478 op, 1004629750.00 ns, 1.7367 us/op, 88580462.00 uJpkg, 0.00 uJdram
WorkloadActual   7: 578478 op, 1005554911.00 ns, 1.7383 us/op, 88858476.00 uJpkg, 0.00 uJdram
WorkloadActual   8: 578478 op, 1004362796.00 ns, 1.7362 us/op, 88914140.00 uJpkg, 0.00 uJdram
WorkloadActual   9: 578478 op, 1005082992.00 ns, 1.7375 us/op, 88927995.00 uJpkg, 0.00 uJdram
WorkloadActual  10: 578478 op, 1005262883.00 ns, 1.7378 us/op, 89002275.00 uJpkg, 0.00 uJdram
WorkloadActual  11: 578478 op, 1005873351.00 ns, 1.7388 us/op, 88940813.00 uJpkg, 0.00 uJdram
WorkloadActual  12: 578478 op, 1006117640.00 ns, 1.7392 us/op, 88776750.00 uJpkg, 0.00 uJdram
WorkloadActual  13: 578478 op, 1006544929.00 ns, 1.7400 us/op, 88964921.00 uJpkg, 0.00 uJdram
WorkloadActual  14: 578478 op, 1005294324.00 ns, 1.7378 us/op, 88813249.00 uJpkg, 0.00 uJdram
WorkloadActual  15: 578478 op, 1006579141.00 ns, 1.7400 us/op, 90474744.00 uJpkg, 0.00 uJdram

// AfterActualRun
WorkloadResult   1: 578478 op, 1000522394.00 ns, 1.7296 us/op, 89215043.00 uJpkg, 0.00 uJdram
WorkloadResult   2: 578478 op, 1004831296.00 ns, 1.7370 us/op, 88734819.00 uJpkg, 0.00 uJdram
WorkloadResult   3: 578478 op, 1005282755.00 ns, 1.7378 us/op, 88431231.00 uJpkg, 0.00 uJdram
WorkloadResult   4: 578478 op, 1006145593.00 ns, 1.7393 us/op, 88783770.00 uJpkg, 0.00 uJdram
WorkloadResult   5: 578478 op, 1006730413.00 ns, 1.7403 us/op, 88930254.00 uJpkg, 0.00 uJdram
WorkloadResult   6: 578478 op, 1004629750.00 ns, 1.7367 us/op, 88580462.00 uJpkg, 0.00 uJdram
WorkloadResult   7: 578478 op, 1005554911.00 ns, 1.7383 us/op, 88858476.00 uJpkg, 0.00 uJdram
WorkloadResult   8: 578478 op, 1004362796.00 ns, 1.7362 us/op, 88914140.00 uJpkg, 0.00 uJdram
WorkloadResult   9: 578478 op, 1005082992.00 ns, 1.7375 us/op, 88927995.00 uJpkg, 0.00 uJdram
WorkloadResult  10: 578478 op, 1005262883.00 ns, 1.7378 us/op, 89002275.00 uJpkg, 0.00 uJdram
WorkloadResult  11: 578478 op, 1005873351.00 ns, 1.7388 us/op, 88940813.00 uJpkg, 0.00 uJdram
WorkloadResult  12: 578478 op, 1006117640.00 ns, 1.7392 us/op, 88776750.00 uJpkg, 0.00 uJdram
WorkloadResult  13: 578478 op, 1006544929.00 ns, 1.7400 us/op, 88964921.00 uJpkg, 0.00 uJdram
WorkloadResult  14: 578478 op, 1005294324.00 ns, 1.7378 us/op, 88813249.00 uJpkg, 0.00 uJdram
WorkloadResult  15: 578478 op, 1006579141.00 ns, 1.7400 us/op, 90474744.00 uJpkg, 0.00 uJdram

// AfterAll
// Benchmark Process 4053181 has exited with code 0.

Mean = 1.738 μs, StdErr = 0.001 μs (0.04%), N = 15, StdDev = 0.003 μs
Min = 1.730 μs, Q1 = 1.737 μs, Median = 1.738 μs, Q3 = 1.739 μs, Max = 1.740 μs
IQR = 0.002 μs, LowerFence = 1.734 μs, UpperFence = 1.742 μs
ConfidenceInterval = [1.735 μs; 1.741 μs] (CI 99.9%), Margin = 0.003 μs (0.16% of Mean)
Skewness = -1.94, Kurtosis = 6.81, MValue = 2

// ** Remained 2 (6.7%) benchmark(s) to run. Estimated finish 2025-12-31 18:52 (0h 0m from now) **
// **************************
// Benchmark: JsonSerializationBenchmarks.Utf8Json_Serialize_Small: Overhead-Fixed-Energy-3(OutlierMode=DontRemove, IterationCount=15, IterationTime=1s, LaunchCount=1, WarmupCount=6)
// *** Execute ***
// Launch: 1 / 1
// Execute: dotnet Serialization.Bench-Overhead-Fixed-Energy-3-1.dll --anonymousPipes 103 104 --benchmarkName Serialization.Bench.JsonSerializationBenchmarks.Utf8Json_Serialize_Small --job Overhead-Fixed-Energy-3 --benchmarkId 28 in /home/test/rapl-tests/lib-energy-bench/src/Serialization.Bench/bin/Release/net8.0/Serialization.Bench-Overhead-Fixed-Energy-3-1/bin/Release/net8.0
// BeforeAnythingElse

// Benchmark Process Environment Information:
// BenchmarkDotNet v0.15.5-develop (2025-12-31)
// Runtime=.NET 8.0.21 (8.0.21, 8.0.2125.47513), X64 RyuJIT x86-64-v4
// GC=Concurrent Workstation
// HardwareIntrinsics=AVX512 IFMA+VBMI,AVX512 F+BW+CD+DQ+VL,AVX2+BMI1+BMI2+F16C+FMA+LZCNT+MOVBE,AVX,SSE3+SSSE3+SSE4.1+SSE4.2+POPCNT,X86Base+SSE+SSE2,AES+PCLMUL VectorSize=256
// Job: Overhead-Fixed-Energy-3(OutlierMode=DontRemove, IterationCount=15, IterationTime=1s, LaunchCount=1, WarmupCount=6)

OverheadJitting  1: 1 op, 136880.00 ns, 136.8800 us/op, 62805.00 uJpkg, 0.00 uJdram
WorkloadJitting  1: 1 op, 46173811.00 ns, 46.1738 ms/op, 3106376.00 uJpkg, 0.00 uJdram

OverheadJitting  2: 16 op, 374931.00 ns, 23.4332 us/op, 0.00 uJpkg, 0.00 uJdram
WorkloadJitting  2: 16 op, 535521.00 ns, 33.4701 us/op, 69885.00 uJpkg, 0.00 uJdram

WorkloadPilot    1: 16 op, 215781.00 ns, 13.4863 us/op, 0.00 uJpkg, 0.00 uJdram
WorkloadPilot    2: 74160 op, 420361344.00 ns, 5.6683 us/op, 34433200.00 uJpkg, 0.00 uJdram
WorkloadPilot    3: 176432 op, 174757916.00 ns, 990.5114 ns/op, 15927937.00 uJpkg, 0.00 uJdram
WorkloadPilot    4: 1009584 op, 965388615.00 ns, 956.2242 ns/op, 82736117.00 uJpkg, 0.00 uJdram
WorkloadPilot    5: 1045792 op, 998114239.00 ns, 954.4099 ns/op, 85600855.00 uJpkg, 0.00 uJdram
WorkloadPilot    6: 1047776 op, 1001769829.00 ns, 956.0916 ns/op, 86096215.00 uJpkg, 0.00 uJdram
WorkloadPilot    7: 1045936 op, 1004221697.00 ns, 960.1177 ns/op, 86087853.00 uJpkg, 0.00 uJdram
WorkloadPilot    8: 1041552 op, 998918444.00 ns, 959.0673 ns/op, 85927576.00 uJpkg, 0.00 uJdram
WorkloadPilot    9: 1042688 op, 1001083247.00 ns, 960.0986 ns/op, 85233119.00 uJpkg, 0.00 uJdram

OverheadWarmup   1: 1042688 op, 3552863.00 ns, 3.4074 ns/op, 203735.00 uJpkg, 0.00 uJdram
OverheadWarmup   2: 1042688 op, 3551537.00 ns, 3.4061 ns/op, 251465.00 uJpkg, 0.00 uJdram
OverheadWarmup   3: 1042688 op, 3557504.00 ns, 3.4119 ns/op, 253356.00 uJpkg, 0.00 uJdram
OverheadWarmup   4: 1042688 op, 3545508.00 ns, 3.4004 ns/op, 272460.00 uJpkg, 0.00 uJdram
OverheadWarmup   5: 1042688 op, 3541907.00 ns, 3.3969 ns/op, 261657.00 uJpkg, 0.00 uJdram
OverheadWarmup   6: 1042688 op, 3552073.00 ns, 3.4066 ns/op, 192199.00 uJpkg, 0.00 uJdram
OverheadWarmup   7: 1042688 op, 3541702.00 ns, 3.3967 ns/op, 274780.00 uJpkg, 0.00 uJdram

OverheadActual   1: 1042688 op, 3547169.00 ns, 3.4019 ns/op, 236327.00 uJpkg, 0.00 uJdram
OverheadActual   2: 1042688 op, 3548574.00 ns, 3.4033 ns/op, 247375.00 uJpkg, 0.00 uJdram
OverheadActual   3: 1042688 op, 3549536.00 ns, 3.4042 ns/op, 232543.00 uJpkg, 0.00 uJdram
OverheadActual   4: 1042688 op, 3545815.00 ns, 3.4006 ns/op, 173400.00 uJpkg, 0.00 uJdram
OverheadActual   5: 1042688 op, 3556201.00 ns, 3.4106 ns/op, 262328.00 uJpkg, 0.00 uJdram
OverheadActual   6: 1042688 op, 3543111.00 ns, 3.3981 ns/op, 263854.00 uJpkg, 0.00 uJdram
OverheadActual   7: 1042688 op, 3559002.00 ns, 3.4133 ns/op, 185485.00 uJpkg, 0.00 uJdram
OverheadActual   8: 1042688 op, 3541765.00 ns, 3.3968 ns/op, 277099.00 uJpkg, 0.00 uJdram
OverheadActual   9: 1042688 op, 3553757.00 ns, 3.4083 ns/op, 268249.00 uJpkg, 0.00 uJdram
OverheadActual  10: 1042688 op, 3550796.00 ns, 3.4054 ns/op, 203307.00 uJpkg, 0.00 uJdram
OverheadActual  11: 1042688 op, 3558420.00 ns, 3.4127 ns/op, 275328.00 uJpkg, 0.00 uJdram
OverheadActual  12: 1042688 op, 3542951.00 ns, 3.3979 ns/op, 260314.00 uJpkg, 0.00 uJdram
OverheadActual  13: 1042688 op, 3558771.00 ns, 3.4131 ns/op, 205444.00 uJpkg, 0.00 uJdram
OverheadActual  14: 1042688 op, 3545960.00 ns, 3.4008 ns/op, 256164.00 uJpkg, 0.00 uJdram
OverheadActual  15: 1042688 op, 3553747.00 ns, 3.4083 ns/op, 261168.00 uJpkg, 0.00 uJdram

WorkloadWarmup   1: 1042688 op, 1002982254.00 ns, 961.9198 ns/op, 88114581.00 uJpkg, 0.00 uJdram
WorkloadWarmup   2: 1042688 op, 1002121976.00 ns, 961.0948 ns/op, 85821070.00 uJpkg, 0.00 uJdram
WorkloadWarmup   3: 1042688 op, 991193482.00 ns, 950.6137 ns/op, 85025539.00 uJpkg, 0.00 uJdram
WorkloadWarmup   4: 1042688 op, 989522863.00 ns, 949.0115 ns/op, 84757291.00 uJpkg, 0.00 uJdram
WorkloadWarmup   5: 1042688 op, 989329484.00 ns, 948.8260 ns/op, 84517117.00 uJpkg, 0.00 uJdram
WorkloadWarmup   6: 1042688 op, 988686631.00 ns, 948.2095 ns/op, 84712247.00 uJpkg, 0.00 uJdram

// BeforeActualRun
WorkloadActual   1: 1042688 op, 992325122.00 ns, 951.6990 ns/op, 84857449.00 uJpkg, 0.00 uJdram
WorkloadActual   2: 1042688 op, 994427762.00 ns, 953.7156 ns/op, 84876919.00 uJpkg, 0.00 uJdram
WorkloadActual   3: 1042688 op, 995253291.00 ns, 954.5073 ns/op, 85226344.00 uJpkg, 0.00 uJdram
WorkloadActual   4: 1042688 op, 995166903.00 ns, 954.4244 ns/op, 84999050.00 uJpkg, 0.00 uJdram
WorkloadActual   5: 1042688 op, 994435971.00 ns, 953.7234 ns/op, 85156215.00 uJpkg, 0.00 uJdram
WorkloadActual   6: 1042688 op, 994519955.00 ns, 953.8040 ns/op, 85031093.00 uJpkg, 0.00 uJdram
WorkloadActual   7: 1042688 op, 993645108.00 ns, 952.9649 ns/op, 84514310.00 uJpkg, 0.00 uJdram
WorkloadActual   8: 1042688 op, 993549393.00 ns, 952.8731 ns/op, 84740445.00 uJpkg, 0.00 uJdram
WorkloadActual   9: 1042688 op, 993601852.00 ns, 952.9235 ns/op, 84690457.00 uJpkg, 0.00 uJdram
WorkloadActual  10: 1042688 op, 995101374.00 ns, 954.3616 ns/op, 85880274.00 uJpkg, 0.00 uJdram
WorkloadActual  11: 1042688 op, 993795938.00 ns, 953.1096 ns/op, 84332792.00 uJpkg, 0.00 uJdram
WorkloadActual  12: 1042688 op, 993962038.00 ns, 953.2689 ns/op, 84666043.00 uJpkg, 0.00 uJdram
WorkloadActual  13: 1042688 op, 993306070.00 ns, 952.6398 ns/op, 84537808.00 uJpkg, 0.00 uJdram
WorkloadActual  14: 1042688 op, 993901734.00 ns, 953.2111 ns/op, 84749050.00 uJpkg, 0.00 uJdram
WorkloadActual  15: 1042688 op, 993022628.00 ns, 952.3679 ns/op, 84703579.00 uJpkg, 0.00 uJdram

// AfterActualRun
WorkloadResult   1: 1042688 op, 988775586.00 ns, 948.2948 ns/op, 84857449.00 uJpkg, 0.00 uJdram
WorkloadResult   2: 1042688 op, 990878226.00 ns, 950.3113 ns/op, 84876919.00 uJpkg, 0.00 uJdram
WorkloadResult   3: 1042688 op, 991703755.00 ns, 951.1031 ns/op, 85226344.00 uJpkg, 0.00 uJdram
WorkloadResult   4: 1042688 op, 991617367.00 ns, 951.0202 ns/op, 84999050.00 uJpkg, 0.00 uJdram
WorkloadResult   5: 1042688 op, 990886435.00 ns, 950.3192 ns/op, 85156215.00 uJpkg, 0.00 uJdram
WorkloadResult   6: 1042688 op, 990970419.00 ns, 950.3998 ns/op, 85031093.00 uJpkg, 0.00 uJdram
WorkloadResult   7: 1042688 op, 990095572.00 ns, 949.5607 ns/op, 84514310.00 uJpkg, 0.00 uJdram
WorkloadResult   8: 1042688 op, 989999857.00 ns, 949.4689 ns/op, 84740445.00 uJpkg, 0.00 uJdram
WorkloadResult   9: 1042688 op, 990052316.00 ns, 949.5192 ns/op, 84690457.00 uJpkg, 0.00 uJdram
WorkloadResult  10: 1042688 op, 991551838.00 ns, 950.9574 ns/op, 85880274.00 uJpkg, 0.00 uJdram
WorkloadResult  11: 1042688 op, 990246402.00 ns, 949.7054 ns/op, 84332792.00 uJpkg, 0.00 uJdram
WorkloadResult  12: 1042688 op, 990412502.00 ns, 949.8647 ns/op, 84666043.00 uJpkg, 0.00 uJdram
WorkloadResult  13: 1042688 op, 989756534.00 ns, 949.2356 ns/op, 84537808.00 uJpkg, 0.00 uJdram
WorkloadResult  14: 1042688 op, 990352198.00 ns, 949.8068 ns/op, 84749050.00 uJpkg, 0.00 uJdram
WorkloadResult  15: 1042688 op, 989473092.00 ns, 948.9637 ns/op, 84703579.00 uJpkg, 0.00 uJdram

// AfterAll
// Benchmark Process 4053194 has exited with code 0.

Mean = 949.902 ns, StdErr = 0.205 ns (0.02%), N = 15, StdDev = 0.793 ns
Min = 948.295 ns, Q1 = 949.494 ns, Median = 949.807 ns, Q3 = 950.359 ns, Max = 951.103 ns
IQR = 0.865 ns, LowerFence = 948.196 ns, UpperFence = 951.658 ns
ConfidenceInterval = [949.054 ns; 950.750 ns] (CI 99.9%), Margin = 0.848 ns (0.09% of Mean)
Skewness = -0.12, Kurtosis = 2.14, MValue = 2

// ** Remained 1 (3.3%) benchmark(s) to run. Estimated finish 2025-12-31 18:52 (0h 0m from now) **
// **************************
// Benchmark: JsonSerializationBenchmarks.SpanJson_Serialize_Small: Overhead-Fixed-Energy-3(OutlierMode=DontRemove, IterationCount=15, IterationTime=1s, LaunchCount=1, WarmupCount=6)
// *** Execute ***
// Launch: 1 / 1
// Execute: dotnet Serialization.Bench-Overhead-Fixed-Energy-3-1.dll --anonymousPipes 103 104 --benchmarkName Serialization.Bench.JsonSerializationBenchmarks.SpanJson_Serialize_Small --job Overhead-Fixed-Energy-3 --benchmarkId 29 in /home/test/rapl-tests/lib-energy-bench/src/Serialization.Bench/bin/Release/net8.0/Serialization.Bench-Overhead-Fixed-Energy-3-1/bin/Release/net8.0
// BeforeAnythingElse

// Benchmark Process Environment Information:
// BenchmarkDotNet v0.15.5-develop (2025-12-31)
// Runtime=.NET 8.0.21 (8.0.21, 8.0.2125.47513), X64 RyuJIT x86-64-v4
// GC=Concurrent Workstation
// HardwareIntrinsics=AVX512 IFMA+VBMI,AVX512 F+BW+CD+DQ+VL,AVX2+BMI1+BMI2+F16C+FMA+LZCNT+MOVBE,AVX,SSE3+SSSE3+SSE4.1+SSE4.2+POPCNT,X86Base+SSE+SSE2,AES+PCLMUL VectorSize=256
// Job: Overhead-Fixed-Energy-3(OutlierMode=DontRemove, IterationCount=15, IterationTime=1s, LaunchCount=1, WarmupCount=6)

OverheadJitting  1: 1 op, 134380.00 ns, 134.3800 us/op, 64209.00 uJpkg, 0.00 uJdram
WorkloadJitting  1: 1 op, 59614181.00 ns, 59.6142 ms/op, 4246205.00 uJpkg, 0.00 uJdram

OverheadJitting  2: 16 op, 371029.00 ns, 23.1893 us/op, 0.00 uJpkg, 0.00 uJdram
WorkloadJitting  2: 16 op, 583077.00 ns, 36.4423 us/op, 75012.00 uJpkg, 0.00 uJdram

WorkloadPilot    1: 16 op, 242607.00 ns, 15.1629 us/op, 0.00 uJpkg, 0.00 uJdram
WorkloadPilot    2: 65952 op, 240847451.00 ns, 3.6519 us/op, 16636249.00 uJpkg, 0.00 uJdram
WorkloadPilot    3: 273840 op, 344323847.00 ns, 1.2574 us/op, 22801821.00 uJpkg, 0.00 uJdram
WorkloadPilot    4: 795312 op, 991511284.00 ns, 1.2467 us/op, 65318376.00 uJpkg, 0.00 uJdram
WorkloadPilot    5: 802128 op, 997137651.00 ns, 1.2431 us/op, 65562516.00 uJpkg, 0.00 uJdram
WorkloadPilot    6: 804432 op, 998568726.00 ns, 1.2413 us/op, 66098525.00 uJpkg, 0.00 uJdram
WorkloadPilot    7: 805600 op, 1004143974.00 ns, 1.2465 us/op, 66192457.00 uJpkg, 0.00 uJdram
WorkloadPilot    8: 802288 op, 1003622367.00 ns, 1.2510 us/op, 66374097.00 uJpkg, 0.00 uJdram
WorkloadPilot    9: 799392 op, 992119853.00 ns, 1.2411 us/op, 65460099.00 uJpkg, 0.00 uJdram
WorkloadPilot   10: 805744 op, 1002458191.00 ns, 1.2441 us/op, 67094006.00 uJpkg, 0.00 uJdram

OverheadWarmup   1: 805744 op, 2743199.00 ns, 3.4046 ns/op, 236328.00 uJpkg, 0.00 uJdram
OverheadWarmup   2: 805744 op, 2747497.00 ns, 3.4099 ns/op, 200745.00 uJpkg, 0.00 uJdram
OverheadWarmup   3: 805744 op, 2760002.00 ns, 3.4254 ns/op, 198608.00 uJpkg, 0.00 uJdram
OverheadWarmup   4: 805744 op, 2791938.00 ns, 3.4650 ns/op, 125549.00 uJpkg, 0.00 uJdram
OverheadWarmup   5: 805744 op, 2781780.00 ns, 3.4524 ns/op, 228088.00 uJpkg, 0.00 uJdram
OverheadWarmup   6: 805744 op, 2759586.00 ns, 3.4249 ns/op, 201537.00 uJpkg, 0.00 uJdram
OverheadWarmup   7: 805744 op, 2777889.00 ns, 3.4476 ns/op, 128418.00 uJpkg, 0.00 uJdram
OverheadWarmup   8: 805744 op, 2746883.00 ns, 3.4091 ns/op, 189025.00 uJpkg, 0.00 uJdram

OverheadActual   1: 805744 op, 2769611.00 ns, 3.4373 ns/op, 211730.00 uJpkg, 0.00 uJdram
OverheadActual   2: 805744 op, 2759688.00 ns, 3.4250 ns/op, 210632.00 uJpkg, 0.00 uJdram
OverheadActual   3: 805744 op, 2760529.00 ns, 3.4261 ns/op, 134826.00 uJpkg, 0.00 uJdram
OverheadActual   4: 805744 op, 2766434.00 ns, 3.4334 ns/op, 224243.00 uJpkg, 0.00 uJdram
OverheadActual   5: 805744 op, 2757016.00 ns, 3.4217 ns/op, 199889.00 uJpkg, 0.00 uJdram
OverheadActual   6: 805744 op, 2736796.00 ns, 3.3966 ns/op, 138427.00 uJpkg, 0.00 uJdram
OverheadActual   7: 805744 op, 2745437.00 ns, 3.4073 ns/op, 222717.00 uJpkg, 0.00 uJdram
OverheadActual   8: 805744 op, 2738926.00 ns, 3.3993 ns/op, 206482.00 uJpkg, 0.00 uJdram
OverheadActual   9: 805744 op, 2742197.00 ns, 3.4033 ns/op, 113220.00 uJpkg, 0.00 uJdram
OverheadActual  10: 805744 op, 2741731.00 ns, 3.4027 ns/op, 192871.00 uJpkg, 0.00 uJdram
OverheadActual  11: 805744 op, 2750608.00 ns, 3.4137 ns/op, 197021.00 uJpkg, 0.00 uJdram
OverheadActual  12: 805744 op, 2739263.00 ns, 3.3997 ns/op, 110352.00 uJpkg, 0.00 uJdram
OverheadActual  13: 805744 op, 2747678.00 ns, 3.4101 ns/op, 219298.00 uJpkg, 0.00 uJdram
OverheadActual  14: 805744 op, 2749519.00 ns, 3.4124 ns/op, 196044.00 uJpkg, 0.00 uJdram
OverheadActual  15: 805744 op, 2742254.00 ns, 3.4034 ns/op, 134460.00 uJpkg, 0.00 uJdram

WorkloadWarmup   1: 805744 op, 1003020688.00 ns, 1.2448 us/op, 68377633.00 uJpkg, 0.00 uJdram
WorkloadWarmup   2: 805744 op, 995668356.00 ns, 1.2357 us/op, 65936660.00 uJpkg, 0.00 uJdram
WorkloadWarmup   3: 805744 op, 997946529.00 ns, 1.2385 us/op, 66143629.00 uJpkg, 0.00 uJdram
WorkloadWarmup   4: 805744 op, 997664397.00 ns, 1.2382 us/op, 66075332.00 uJpkg, 0.00 uJdram
WorkloadWarmup   5: 805744 op, 997141329.00 ns, 1.2375 us/op, 65895583.00 uJpkg, 0.00 uJdram
WorkloadWarmup   6: 805744 op, 999144634.00 ns, 1.2400 us/op, 66011184.00 uJpkg, 0.00 uJdram

// BeforeActualRun
WorkloadActual   1: 805744 op, 1001757504.00 ns, 1.2433 us/op, 66278395.00 uJpkg, 0.00 uJdram
WorkloadActual   2: 805744 op, 999048076.00 ns, 1.2399 us/op, 65707534.00 uJpkg, 0.00 uJdram
WorkloadActual   3: 805744 op, 996858719.00 ns, 1.2372 us/op, 65810622.00 uJpkg, 0.00 uJdram
WorkloadActual   4: 805744 op, 996784087.00 ns, 1.2371 us/op, 65866592.00 uJpkg, 0.00 uJdram
WorkloadActual   5: 805744 op, 1001472587.00 ns, 1.2429 us/op, 66186354.00 uJpkg, 0.00 uJdram
WorkloadActual   6: 805744 op, 1000098704.00 ns, 1.2412 us/op, 65959365.00 uJpkg, 0.00 uJdram
WorkloadActual   7: 805744 op, 999685944.00 ns, 1.2407 us/op, 65913161.00 uJpkg, 0.00 uJdram
WorkloadActual   8: 805744 op, 997372164.00 ns, 1.2378 us/op, 66011489.00 uJpkg, 0.00 uJdram
WorkloadActual   9: 805744 op, 999485669.00 ns, 1.2405 us/op, 66043410.00 uJpkg, 0.00 uJdram
WorkloadActual  10: 805744 op, 999622998.00 ns, 1.2406 us/op, 66921032.00 uJpkg, 0.00 uJdram
WorkloadActual  11: 805744 op, 998540466.00 ns, 1.2393 us/op, 66071425.00 uJpkg, 0.00 uJdram
WorkloadActual  12: 805744 op, 997565795.00 ns, 1.2381 us/op, 65817886.00 uJpkg, 0.00 uJdram
WorkloadActual  13: 805744 op, 995807944.00 ns, 1.2359 us/op, 65891982.00 uJpkg, 0.00 uJdram
WorkloadActual  14: 805744 op, 997405076.00 ns, 1.2379 us/op, 65930495.00 uJpkg, 0.00 uJdram
WorkloadActual  15: 805744 op, 1004350459.00 ns, 1.2465 us/op, 66683851.00 uJpkg, 0.00 uJdram

// AfterActualRun
WorkloadResult   1: 805744 op, 999009826.00 ns, 1.2399 us/op, 66278395.00 uJpkg, 0.00 uJdram
WorkloadResult   2: 805744 op, 996300398.00 ns, 1.2365 us/op, 65707534.00 uJpkg, 0.00 uJdram
WorkloadResult   3: 805744 op, 994111041.00 ns, 1.2338 us/op, 65810622.00 uJpkg, 0.00 uJdram
WorkloadResult   4: 805744 op, 994036409.00 ns, 1.2337 us/op, 65866592.00 uJpkg, 0.00 uJdram
WorkloadResult   5: 805744 op, 998724909.00 ns, 1.2395 us/op, 66186354.00 uJpkg, 0.00 uJdram
WorkloadResult   6: 805744 op, 997351026.00 ns, 1.2378 us/op, 65959365.00 uJpkg, 0.00 uJdram
WorkloadResult   7: 805744 op, 996938266.00 ns, 1.2373 us/op, 65913161.00 uJpkg, 0.00 uJdram
WorkloadResult   8: 805744 op, 994624486.00 ns, 1.2344 us/op, 66011489.00 uJpkg, 0.00 uJdram
WorkloadResult   9: 805744 op, 996737991.00 ns, 1.2370 us/op, 66043410.00 uJpkg, 0.00 uJdram
WorkloadResult  10: 805744 op, 996875320.00 ns, 1.2372 us/op, 66921032.00 uJpkg, 0.00 uJdram
WorkloadResult  11: 805744 op, 995792788.00 ns, 1.2359 us/op, 66071425.00 uJpkg, 0.00 uJdram
WorkloadResult  12: 805744 op, 994818117.00 ns, 1.2347 us/op, 65817886.00 uJpkg, 0.00 uJdram
WorkloadResult  13: 805744 op, 993060266.00 ns, 1.2325 us/op, 65891982.00 uJpkg, 0.00 uJdram
WorkloadResult  14: 805744 op, 994657398.00 ns, 1.2345 us/op, 65930495.00 uJpkg, 0.00 uJdram
WorkloadResult  15: 805744 op, 1001602781.00 ns, 1.2431 us/op, 66683851.00 uJpkg, 0.00 uJdram

// AfterAll
// Benchmark Process 4053208 has exited with code 0.

Mean = 1.237 μs, StdErr = 0.001 μs (0.06%), N = 15, StdDev = 0.003 μs
Min = 1.232 μs, Q1 = 1.234 μs, Median = 1.236 μs, Q3 = 1.238 μs, Max = 1.243 μs
IQR = 0.003 μs, LowerFence = 1.230 μs, UpperFence = 1.242 μs
ConfidenceInterval = [1.234 μs; 1.240 μs] (CI 99.9%), Margin = 0.003 μs (0.24% of Mean)
Skewness = 0.66, Kurtosis = 2.68, MValue = 2

// ** Remained 0 (0.0%) benchmark(s) to run. Estimated finish 2025-12-31 18:52 (0h 0m from now) **
// ***** BenchmarkRunner: Finish  *****

// * Export *
  Helpers/../BenchmarkArtifacts/results/Serialization.Bench.JsonSerializationBenchmarks-report.csv
  Helpers/../BenchmarkArtifacts/results/Serialization.Bench.JsonSerializationBenchmarks-report-github.md
  Helpers/../BenchmarkArtifacts/results/Serialization.Bench.JsonSerializationBenchmarks-report.html
  Helpers/../BenchmarkArtifacts/results/Serialization.Bench.JsonSerializationBenchmarks-measurements.csv

// * Detailed results *
JsonSerializationBenchmarks.SpanJson_Deserialize_Large: Overhead-Fixed-Energy-3(OutlierMode=DontRemove, IterationCount=15, IterationTime=1s, LaunchCount=1, WarmupCount=6)
Runtime = .NET 8.0.21 (8.0.21, 8.0.2125.47513), X64 RyuJIT x86-64-v4; GC = Concurrent Workstation
Mean = 151.632 μs, StdErr = 0.044 μs (0.03%), N = 15, StdDev = 0.170 μs
Min = 151.422 μs, Q1 = 151.537 μs, Median = 151.597 μs, Q3 = 151.680 μs, Max = 152.043 μs
IQR = 0.143 μs, LowerFence = 151.323 μs, UpperFence = 151.894 μs
ConfidenceInterval = [151.451 μs; 151.814 μs] (CI 99.9%), Margin = 0.182 μs (0.12% of Mean)
Skewness = 1.01, Kurtosis = 3.02, MValue = 2
-------------------- Histogram --------------------
[151.331 μs ; 152.134 μs) | @@@@@@@@@@@@@@@
---------------------------------------------------

JsonSerializationBenchmarks.STJ_Deserialize_Large: Overhead-Fixed-Energy-3(OutlierMode=DontRemove, IterationCount=15, IterationTime=1s, LaunchCount=1, WarmupCount=6)
Runtime = .NET 8.0.21 (8.0.21, 8.0.2125.47513), X64 RyuJIT x86-64-v4; GC = Concurrent Workstation
Mean = 202.500 μs, StdErr = 0.111 μs (0.05%), N = 15, StdDev = 0.430 μs
Min = 201.900 μs, Q1 = 202.233 μs, Median = 202.411 μs, Q3 = 202.605 μs, Max = 203.610 μs
IQR = 0.373 μs, LowerFence = 201.674 μs, UpperFence = 203.164 μs
ConfidenceInterval = [202.040 μs; 202.960 μs] (CI 99.9%), Margin = 0.460 μs (0.23% of Mean)
Skewness = 1.18, Kurtosis = 3.81, MValue = 2
-------------------- Histogram --------------------
[201.670 μs ; 203.839 μs) | @@@@@@@@@@@@@@@
---------------------------------------------------

JsonSerializationBenchmarks.Jil_Deserialize_Large: Overhead-Fixed-Energy-3(OutlierMode=DontRemove, IterationCount=15, IterationTime=1s, LaunchCount=1, WarmupCount=6)
Runtime = .NET 8.0.21 (8.0.21, 8.0.2125.47513), X64 RyuJIT x86-64-v4; GC = Concurrent Workstation
Mean = 213.108 μs, StdErr = 0.069 μs (0.03%), N = 15, StdDev = 0.267 μs
Min = 212.325 μs, Q1 = 213.022 μs, Median = 213.090 μs, Q3 = 213.245 μs, Max = 213.472 μs
IQR = 0.223 μs, LowerFence = 212.687 μs, UpperFence = 213.579 μs
ConfidenceInterval = [212.823 μs; 213.394 μs] (CI 99.9%), Margin = 0.286 μs (0.13% of Mean)
Skewness = -1.35, Kurtosis = 5.34, MValue = 2
-------------------- Histogram --------------------
[212.183 μs ; 213.614 μs) | @@@@@@@@@@@@@@@
---------------------------------------------------

JsonSerializationBenchmarks.Newtonsoft_Deserialize_Large: Overhead-Fixed-Energy-3(OutlierMode=DontRemove, IterationCount=15, IterationTime=1s, LaunchCount=1, WarmupCount=6)
Runtime = .NET 8.0.21 (8.0.21, 8.0.2125.47513), X64 RyuJIT x86-64-v4; GC = Concurrent Workstation
Mean = 243.242 μs, StdErr = 0.285 μs (0.12%), N = 15, StdDev = 1.105 μs
Min = 241.766 μs, Q1 = 242.458 μs, Median = 243.235 μs, Q3 = 243.689 μs, Max = 246.015 μs
IQR = 1.231 μs, LowerFence = 240.612 μs, UpperFence = 245.535 μs
ConfidenceInterval = [242.061 μs; 244.423 μs] (CI 99.9%), Margin = 1.181 μs (0.49% of Mean)
Skewness = 0.81, Kurtosis = 3.26, MValue = 2
-------------------- Histogram --------------------
[241.178 μs ; 246.603 μs) | @@@@@@@@@@@@@@@
---------------------------------------------------

JsonSerializationBenchmarks.Utf8Json_Deserialize_Large: Overhead-Fixed-Energy-3(OutlierMode=DontRemove, IterationCount=15, IterationTime=1s, LaunchCount=1, WarmupCount=6)
Runtime = .NET 8.0.21 (8.0.21, 8.0.2125.47513), X64 RyuJIT x86-64-v4; GC = Concurrent Workstation
Mean = 278.320 μs, StdErr = 0.077 μs (0.03%), N = 15, StdDev = 0.300 μs
Min = 277.910 μs, Q1 = 278.111 μs, Median = 278.342 μs, Q3 = 278.412 μs, Max = 278.976 μs
IQR = 0.301 μs, LowerFence = 277.659 μs, UpperFence = 278.864 μs
ConfidenceInterval = [277.999 μs; 278.640 μs] (CI 99.9%), Margin = 0.320 μs (0.12% of Mean)
Skewness = 0.65, Kurtosis = 2.56, MValue = 2
-------------------- Histogram --------------------
[277.751 μs ; 279.136 μs) | @@@@@@@@@@@@@@@
---------------------------------------------------

JsonSerializationBenchmarks.SpanJson_Deserialize_Medium: Overhead-Fixed-Energy-3(OutlierMode=DontRemove, IterationCount=15, IterationTime=1s, LaunchCount=1, WarmupCount=6)
Runtime = .NET 8.0.21 (8.0.21, 8.0.2125.47513), X64 RyuJIT x86-64-v4; GC = Concurrent Workstation
Mean = 39.287 μs, StdErr = 0.019 μs (0.05%), N = 15, StdDev = 0.072 μs
Min = 39.213 μs, Q1 = 39.263 μs, Median = 39.271 μs, Q3 = 39.290 μs, Max = 39.516 μs
IQR = 0.027 μs, LowerFence = 39.222 μs, UpperFence = 39.331 μs
ConfidenceInterval = [39.210 μs; 39.364 μs] (CI 99.9%), Margin = 0.077 μs (0.20% of Mean)
Skewness = 2.03, Kurtosis = 7.1, MValue = 2
-------------------- Histogram --------------------
[39.175 μs ; 39.554 μs) | @@@@@@@@@@@@@@@
---------------------------------------------------

JsonSerializationBenchmarks.STJ_Deserialize_Medium: Overhead-Fixed-Energy-3(OutlierMode=DontRemove, IterationCount=15, IterationTime=1s, LaunchCount=1, WarmupCount=6)
Runtime = .NET 8.0.21 (8.0.21, 8.0.2125.47513), X64 RyuJIT x86-64-v4; GC = Concurrent Workstation
Mean = 52.711 μs, StdErr = 0.027 μs (0.05%), N = 15, StdDev = 0.104 μs
Min = 52.580 μs, Q1 = 52.630 μs, Median = 52.713 μs, Q3 = 52.745 μs, Max = 53.002 μs
IQR = 0.116 μs, LowerFence = 52.456 μs, UpperFence = 52.919 μs
ConfidenceInterval = [52.599 μs; 52.822 μs] (CI 99.9%), Margin = 0.111 μs (0.21% of Mean)
Skewness = 1.19, Kurtosis = 4.47, MValue = 2
-------------------- Histogram --------------------
[52.525 μs ; 53.057 μs) | @@@@@@@@@@@@@@@
---------------------------------------------------

JsonSerializationBenchmarks.Jil_Deserialize_Medium: Overhead-Fixed-Energy-3(OutlierMode=DontRemove, IterationCount=15, IterationTime=1s, LaunchCount=1, WarmupCount=6)
Runtime = .NET 8.0.21 (8.0.21, 8.0.2125.47513), X64 RyuJIT x86-64-v4; GC = Concurrent Workstation
Mean = 55.704 μs, StdErr = 0.027 μs (0.05%), N = 15, StdDev = 0.105 μs
Min = 55.551 μs, Q1 = 55.612 μs, Median = 55.702 μs, Q3 = 55.805 μs, Max = 55.841 μs
IQR = 0.194 μs, LowerFence = 55.321 μs, UpperFence = 56.096 μs
ConfidenceInterval = [55.592 μs; 55.817 μs] (CI 99.9%), Margin = 0.112 μs (0.20% of Mean)
Skewness = -0.05, Kurtosis = 1.28, MValue = 2
-------------------- Histogram --------------------
[55.495 μs ; 55.896 μs) | @@@@@@@@@@@@@@@
---------------------------------------------------

JsonSerializationBenchmarks.Utf8Json_Deserialize_Medium: Overhead-Fixed-Energy-3(OutlierMode=DontRemove, IterationCount=15, IterationTime=1s, LaunchCount=1, WarmupCount=6)
Runtime = .NET 8.0.21 (8.0.21, 8.0.2125.47513), X64 RyuJIT x86-64-v4; GC = Concurrent Workstation
Mean = 62.126 μs, StdErr = 0.050 μs (0.08%), N = 15, StdDev = 0.193 μs
Min = 61.859 μs, Q1 = 62.001 μs, Median = 62.045 μs, Q3 = 62.246 μs, Max = 62.540 μs
IQR = 0.245 μs, LowerFence = 61.634 μs, UpperFence = 62.613 μs
ConfidenceInterval = [61.919 μs; 62.332 μs] (CI 99.9%), Margin = 0.206 μs (0.33% of Mean)
Skewness = 0.75, Kurtosis = 2.25, MValue = 2
-------------------- Histogram --------------------
[61.756 μs ; 62.643 μs) | @@@@@@@@@@@@@@@
---------------------------------------------------

JsonSerializationBenchmarks.Newtonsoft_Deserialize_Medium: Overhead-Fixed-Energy-3(OutlierMode=DontRemove, IterationCount=15, IterationTime=1s, LaunchCount=1, WarmupCount=6)
Runtime = .NET 8.0.21 (8.0.21, 8.0.2125.47513), X64 RyuJIT x86-64-v4; GC = Concurrent Workstation
Mean = 68.282 μs, StdErr = 0.080 μs (0.12%), N = 15, StdDev = 0.311 μs
Min = 67.881 μs, Q1 = 67.969 μs, Median = 68.424 μs, Q3 = 68.528 μs, Max = 68.715 μs
IQR = 0.559 μs, LowerFence = 67.131 μs, UpperFence = 69.367 μs
ConfidenceInterval = [67.949 μs; 68.614 μs] (CI 99.9%), Margin = 0.333 μs (0.49% of Mean)
Skewness = -0.11, Kurtosis = 1.19, MValue = 2
-------------------- Histogram --------------------
[67.715 μs ; 68.881 μs) | @@@@@@@@@@@@@@@
---------------------------------------------------

JsonSerializationBenchmarks.SpanJson_Deserialize_Small: Overhead-Fixed-Energy-3(OutlierMode=DontRemove, IterationCount=15, IterationTime=1s, LaunchCount=1, WarmupCount=6)
Runtime = .NET 8.0.21 (8.0.21, 8.0.2125.47513), X64 RyuJIT x86-64-v4; GC = Concurrent Workstation
Mean = 1.159 μs, StdErr = 0.000 μs (0.02%), N = 15, StdDev = 0.001 μs
Min = 1.158 μs, Q1 = 1.158 μs, Median = 1.159 μs, Q3 = 1.159 μs, Max = 1.161 μs
IQR = 0.001 μs, LowerFence = 1.156 μs, UpperFence = 1.161 μs
ConfidenceInterval = [1.158 μs; 1.160 μs] (CI 99.9%), Margin = 0.001 μs (0.10% of Mean)
Skewness = 0.53, Kurtosis = 2.36, MValue = 2
-------------------- Histogram --------------------
[1.157 μs ; 1.162 μs) | @@@@@@@@@@@@@@@
---------------------------------------------------

JsonSerializationBenchmarks.STJ_Deserialize_Small: Overhead-Fixed-Energy-3(OutlierMode=DontRemove, IterationCount=15, IterationTime=1s, LaunchCount=1, WarmupCount=6)
Runtime = .NET 8.0.21 (8.0.21, 8.0.2125.47513), X64 RyuJIT x86-64-v4; GC = Concurrent Workstation
Mean = 1.983 μs, StdErr = 0.001 μs (0.05%), N = 15, StdDev = 0.004 μs
Min = 1.978 μs, Q1 = 1.980 μs, Median = 1.981 μs, Q3 = 1.985 μs, Max = 1.990 μs
IQR = 0.005 μs, LowerFence = 1.972 μs, UpperFence = 1.993 μs
ConfidenceInterval = [1.979 μs; 1.987 μs] (CI 99.9%), Margin = 0.004 μs (0.19% of Mean)
Skewness = 0.56, Kurtosis = 2.1, MValue = 2
-------------------- Histogram --------------------
[1.976 μs ; 1.992 μs) | @@@@@@@@@@@@@@@
---------------------------------------------------

JsonSerializationBenchmarks.Utf8Json_Deserialize_Small: Overhead-Fixed-Energy-3(OutlierMode=DontRemove, IterationCount=15, IterationTime=1s, LaunchCount=1, WarmupCount=6)
Runtime = .NET 8.0.21 (8.0.21, 8.0.2125.47513), X64 RyuJIT x86-64-v4; GC = Concurrent Workstation
Mean = 2.028 μs, StdErr = 0.001 μs (0.05%), N = 15, StdDev = 0.004 μs
Min = 2.023 μs, Q1 = 2.027 μs, Median = 2.028 μs, Q3 = 2.029 μs, Max = 2.040 μs
IQR = 0.002 μs, LowerFence = 2.023 μs, UpperFence = 2.032 μs
ConfidenceInterval = [2.024 μs; 2.032 μs] (CI 99.9%), Margin = 0.004 μs (0.19% of Mean)
Skewness = 2.04, Kurtosis = 7.52, MValue = 2
-------------------- Histogram --------------------
[2.021 μs ; 2.042 μs) | @@@@@@@@@@@@@@@
---------------------------------------------------

JsonSerializationBenchmarks.Jil_Deserialize_Small: Overhead-Fixed-Energy-3(OutlierMode=DontRemove, IterationCount=15, IterationTime=1s, LaunchCount=1, WarmupCount=6)
Runtime = .NET 8.0.21 (8.0.21, 8.0.2125.47513), X64 RyuJIT x86-64-v4; GC = Concurrent Workstation
Mean = 2.263 μs, StdErr = 0.000 μs (0.02%), N = 15, StdDev = 0.002 μs
Min = 2.259 μs, Q1 = 2.262 μs, Median = 2.263 μs, Q3 = 2.264 μs, Max = 2.266 μs
IQR = 0.002 μs, LowerFence = 2.259 μs, UpperFence = 2.267 μs
ConfidenceInterval = [2.261 μs; 2.265 μs] (CI 99.9%), Margin = 0.002 μs (0.09% of Mean)
Skewness = -0.33, Kurtosis = 2.37, MValue = 2
-------------------- Histogram --------------------
[2.258 μs ; 2.267 μs) | @@@@@@@@@@@@@@@
---------------------------------------------------

JsonSerializationBenchmarks.Newtonsoft_Deserialize_Small: Overhead-Fixed-Energy-3(OutlierMode=DontRemove, IterationCount=15, IterationTime=1s, LaunchCount=1, WarmupCount=6)
Runtime = .NET 8.0.21 (8.0.21, 8.0.2125.47513), X64 RyuJIT x86-64-v4; GC = Concurrent Workstation
Mean = 3.479 μs, StdErr = 0.001 μs (0.03%), N = 15, StdDev = 0.004 μs
Min = 3.474 μs, Q1 = 3.477 μs, Median = 3.478 μs, Q3 = 3.481 μs, Max = 3.491 μs
IQR = 0.004 μs, LowerFence = 3.471 μs, UpperFence = 3.487 μs
ConfidenceInterval = [3.474 μs; 3.484 μs] (CI 99.9%), Margin = 0.005 μs (0.14% of Mean)
Skewness = 1.17, Kurtosis = 3.5, MValue = 2
-------------------- Histogram --------------------
[3.472 μs ; 3.493 μs) | @@@@@@@@@@@@@@@
---------------------------------------------------

JsonSerializationBenchmarks.SpanJson_Serialize_Large: Overhead-Fixed-Energy-3(OutlierMode=DontRemove, IterationCount=15, IterationTime=1s, LaunchCount=1, WarmupCount=6)
Runtime = .NET 8.0.21 (8.0.21, 8.0.2125.47513), X64 RyuJIT x86-64-v4; GC = Concurrent Workstation
Mean = 162.601 μs, StdErr = 0.248 μs (0.15%), N = 15, StdDev = 0.960 μs
Min = 160.407 μs, Q1 = 162.058 μs, Median = 162.535 μs, Q3 = 163.331 μs, Max = 163.948 μs
IQR = 1.273 μs, LowerFence = 160.148 μs, UpperFence = 165.241 μs
ConfidenceInterval = [161.574 μs; 163.627 μs] (CI 99.9%), Margin = 1.026 μs (0.63% of Mean)
Skewness = -0.55, Kurtosis = 2.5, MValue = 2
-------------------- Histogram --------------------
[159.896 μs ; 164.459 μs) | @@@@@@@@@@@@@@@
---------------------------------------------------

JsonSerializationBenchmarks.STJ_Serialize_Large: Overhead-Fixed-Energy-3(OutlierMode=DontRemove, IterationCount=15, IterationTime=1s, LaunchCount=1, WarmupCount=6)
Runtime = .NET 8.0.21 (8.0.21, 8.0.2125.47513), X64 RyuJIT x86-64-v4; GC = Concurrent Workstation
Mean = 189.754 μs, StdErr = 0.067 μs (0.04%), N = 15, StdDev = 0.258 μs
Min = 189.332 μs, Q1 = 189.603 μs, Median = 189.773 μs, Q3 = 189.846 μs, Max = 190.224 μs
IQR = 0.243 μs, LowerFence = 189.238 μs, UpperFence = 190.211 μs
ConfidenceInterval = [189.477 μs; 190.030 μs] (CI 99.9%), Margin = 0.276 μs (0.15% of Mean)
Skewness = 0.28, Kurtosis = 2.18, MValue = 2
-------------------- Histogram --------------------
[189.195 μs ; 190.361 μs) | @@@@@@@@@@@@@@@
---------------------------------------------------

JsonSerializationBenchmarks.Jil_Serialize_Large: Overhead-Fixed-Energy-3(OutlierMode=DontRemove, IterationCount=15, IterationTime=1s, LaunchCount=1, WarmupCount=6)
Runtime = .NET 8.0.21 (8.0.21, 8.0.2125.47513), X64 RyuJIT x86-64-v4; GC = Concurrent Workstation
Mean = 285.972 μs, StdErr = 0.049 μs (0.02%), N = 15, StdDev = 0.190 μs
Min = 285.755 μs, Q1 = 285.809 μs, Median = 285.903 μs, Q3 = 286.122 μs, Max = 286.339 μs
IQR = 0.312 μs, LowerFence = 285.341 μs, UpperFence = 286.590 μs
ConfidenceInterval = [285.769 μs; 286.175 μs] (CI 99.9%), Margin = 0.203 μs (0.07% of Mean)
Skewness = 0.61, Kurtosis = 1.88, MValue = 2
-------------------- Histogram --------------------
[285.654 μs ; 286.440 μs) | @@@@@@@@@@@@@@@
---------------------------------------------------

JsonSerializationBenchmarks.Utf8Json_Serialize_Large: Overhead-Fixed-Energy-3(OutlierMode=DontRemove, IterationCount=15, IterationTime=1s, LaunchCount=1, WarmupCount=6)
Runtime = .NET 8.0.21 (8.0.21, 8.0.2125.47513), X64 RyuJIT x86-64-v4; GC = Concurrent Workstation
Mean = 290.225 μs, StdErr = 0.284 μs (0.10%), N = 15, StdDev = 1.101 μs
Min = 289.014 μs, Q1 = 289.495 μs, Median = 290.065 μs, Q3 = 290.624 μs, Max = 293.442 μs
IQR = 1.129 μs, LowerFence = 287.801 μs, UpperFence = 292.318 μs
ConfidenceInterval = [289.048 μs; 291.402 μs] (CI 99.9%), Margin = 1.177 μs (0.41% of Mean)
Skewness = 1.48, Kurtosis = 5.11, MValue = 2
-------------------- Histogram --------------------
[288.428 μs ; 294.028 μs) | @@@@@@@@@@@@@@@
---------------------------------------------------

JsonSerializationBenchmarks.Newtonsoft_Serialize_Large: Overhead-Fixed-Energy-3(OutlierMode=DontRemove, IterationCount=15, IterationTime=1s, LaunchCount=1, WarmupCount=6)
Runtime = .NET 8.0.21 (8.0.21, 8.0.2125.47513), X64 RyuJIT x86-64-v4; GC = Concurrent Workstation
Mean = 311.842 μs, StdErr = 0.084 μs (0.03%), N = 15, StdDev = 0.324 μs
Min = 311.241 μs, Q1 = 311.605 μs, Median = 311.915 μs, Q3 = 312.026 μs, Max = 312.492 μs
IQR = 0.421 μs, LowerFence = 310.974 μs, UpperFence = 312.658 μs
ConfidenceInterval = [311.496 μs; 312.188 μs] (CI 99.9%), Margin = 0.346 μs (0.11% of Mean)
Skewness = -0.03, Kurtosis = 2.27, MValue = 2
-------------------- Histogram --------------------
[311.069 μs ; 312.664 μs) | @@@@@@@@@@@@@@@
---------------------------------------------------

JsonSerializationBenchmarks.Jil_Serialize_Medium: Overhead-Fixed-Energy-3(OutlierMode=DontRemove, IterationCount=15, IterationTime=1s, LaunchCount=1, WarmupCount=6)
Runtime = .NET 8.0.21 (8.0.21, 8.0.2125.47513), X64 RyuJIT x86-64-v4; GC = Concurrent Workstation
Mean = 37.385 μs, StdErr = 0.025 μs (0.07%), N = 15, StdDev = 0.097 μs
Min = 37.232 μs, Q1 = 37.317 μs, Median = 37.391 μs, Q3 = 37.466 μs, Max = 37.519 μs
IQR = 0.149 μs, LowerFence = 37.093 μs, UpperFence = 37.691 μs
ConfidenceInterval = [37.282 μs; 37.489 μs] (CI 99.9%), Margin = 0.103 μs (0.28% of Mean)
Skewness = -0.3, Kurtosis = 1.51, MValue = 2
-------------------- Histogram --------------------
[37.180 μs ; 37.571 μs) | @@@@@@@@@@@@@@@
---------------------------------------------------

JsonSerializationBenchmarks.SpanJson_Serialize_Medium: Overhead-Fixed-Energy-3(OutlierMode=DontRemove, IterationCount=15, IterationTime=1s, LaunchCount=1, WarmupCount=6)
Runtime = .NET 8.0.21 (8.0.21, 8.0.2125.47513), X64 RyuJIT x86-64-v4; GC = Concurrent Workstation
Mean = 38.889 μs, StdErr = 0.043 μs (0.11%), N = 15, StdDev = 0.167 μs
Min = 38.657 μs, Q1 = 38.788 μs, Median = 38.851 μs, Q3 = 38.935 μs, Max = 39.257 μs
IQR = 0.147 μs, LowerFence = 38.568 μs, UpperFence = 39.155 μs
ConfidenceInterval = [38.711 μs; 39.067 μs] (CI 99.9%), Margin = 0.178 μs (0.46% of Mean)
Skewness = 0.81, Kurtosis = 2.59, MValue = 2
-------------------- Histogram --------------------
[38.568 μs ; 39.345 μs) | @@@@@@@@@@@@@@@
---------------------------------------------------

JsonSerializationBenchmarks.STJ_Serialize_Medium: Overhead-Fixed-Energy-3(OutlierMode=DontRemove, IterationCount=15, IterationTime=1s, LaunchCount=1, WarmupCount=6)
Runtime = .NET 8.0.21 (8.0.21, 8.0.2125.47513), X64 RyuJIT x86-64-v4; GC = Concurrent Workstation
Mean = 47.669 μs, StdErr = 0.043 μs (0.09%), N = 15, StdDev = 0.166 μs
Min = 47.463 μs, Q1 = 47.531 μs, Median = 47.665 μs, Q3 = 47.753 μs, Max = 48.069 μs
IQR = 0.222 μs, LowerFence = 47.198 μs, UpperFence = 48.086 μs
ConfidenceInterval = [47.492 μs; 47.847 μs] (CI 99.9%), Margin = 0.177 μs (0.37% of Mean)
Skewness = 0.8, Kurtosis = 2.81, MValue = 2
-------------------- Histogram --------------------
[47.375 μs ; 48.157 μs) | @@@@@@@@@@@@@@@
---------------------------------------------------

JsonSerializationBenchmarks.Newtonsoft_Serialize_Medium: Overhead-Fixed-Energy-3(OutlierMode=DontRemove, IterationCount=15, IterationTime=1s, LaunchCount=1, WarmupCount=6)
Runtime = .NET 8.0.21 (8.0.21, 8.0.2125.47513), X64 RyuJIT x86-64-v4; GC = Concurrent Workstation
Mean = 53.866 μs, StdErr = 0.043 μs (0.08%), N = 15, StdDev = 0.167 μs
Min = 53.633 μs, Q1 = 53.724 μs, Median = 53.875 μs, Q3 = 53.995 μs, Max = 54.133 μs
IQR = 0.270 μs, LowerFence = 53.318 μs, UpperFence = 54.400 μs
ConfidenceInterval = [53.688 μs; 54.045 μs] (CI 99.9%), Margin = 0.178 μs (0.33% of Mean)
Skewness = 0.12, Kurtosis = 1.46, MValue = 2
-------------------- Histogram --------------------
[53.544 μs ; 54.222 μs) | @@@@@@@@@@@@@@@
---------------------------------------------------

JsonSerializationBenchmarks.Utf8Json_Serialize_Medium: Overhead-Fixed-Energy-3(OutlierMode=DontRemove, IterationCount=15, IterationTime=1s, LaunchCount=1, WarmupCount=6)
Runtime = .NET 8.0.21 (8.0.21, 8.0.2125.47513), X64 RyuJIT x86-64-v4; GC = Concurrent Workstation
Mean = 58.543 μs, StdErr = 0.441 μs (0.75%), N = 15, StdDev = 1.709 μs
Min = 56.677 μs, Q1 = 57.552 μs, Median = 58.286 μs, Q3 = 58.948 μs, Max = 63.294 μs
IQR = 1.396 μs, LowerFence = 55.458 μs, UpperFence = 61.043 μs
ConfidenceInterval = [56.716 μs; 60.370 μs] (CI 99.9%), Margin = 1.827 μs (3.12% of Mean)
Skewness = 1.33, Kurtosis = 4.44, MValue = 2
-------------------- Histogram --------------------
[55.768 μs ; 57.595 μs) | @@@@
[57.595 μs ; 59.414 μs) | @@@@@@@@@
[59.414 μs ; 61.699 μs) | @
[61.699 μs ; 64.203 μs) | @
---------------------------------------------------

JsonSerializationBenchmarks.Utf8Json_Serialize_Small: Overhead-Fixed-Energy-3(OutlierMode=DontRemove, IterationCount=15, IterationTime=1s, LaunchCount=1, WarmupCount=6)
Runtime = .NET 8.0.21 (8.0.21, 8.0.2125.47513), X64 RyuJIT x86-64-v4; GC = Concurrent Workstation
Mean = 949.902 ns, StdErr = 0.205 ns (0.02%), N = 15, StdDev = 0.793 ns
Min = 948.295 ns, Q1 = 949.494 ns, Median = 949.807 ns, Q3 = 950.359 ns, Max = 951.103 ns
IQR = 0.865 ns, LowerFence = 948.196 ns, UpperFence = 951.658 ns
ConfidenceInterval = [949.054 ns; 950.750 ns] (CI 99.9%), Margin = 0.848 ns (0.09% of Mean)
Skewness = -0.12, Kurtosis = 2.14, MValue = 2
-------------------- Histogram --------------------
[947.873 ns ; 951.525 ns) | @@@@@@@@@@@@@@@
---------------------------------------------------

JsonSerializationBenchmarks.SpanJson_Serialize_Small: Overhead-Fixed-Energy-3(OutlierMode=DontRemove, IterationCount=15, IterationTime=1s, LaunchCount=1, WarmupCount=6)
Runtime = .NET 8.0.21 (8.0.21, 8.0.2125.47513), X64 RyuJIT x86-64-v4; GC = Concurrent Workstation
Mean = 1.237 μs, StdErr = 0.001 μs (0.06%), N = 15, StdDev = 0.003 μs
Min = 1.232 μs, Q1 = 1.234 μs, Median = 1.236 μs, Q3 = 1.238 μs, Max = 1.243 μs
IQR = 0.003 μs, LowerFence = 1.230 μs, UpperFence = 1.242 μs
ConfidenceInterval = [1.234 μs; 1.240 μs] (CI 99.9%), Margin = 0.003 μs (0.24% of Mean)
Skewness = 0.66, Kurtosis = 2.68, MValue = 2
-------------------- Histogram --------------------
[1.231 μs ; 1.245 μs) | @@@@@@@@@@@@@@@
---------------------------------------------------

JsonSerializationBenchmarks.STJ_Serialize_Small: Overhead-Fixed-Energy-3(OutlierMode=DontRemove, IterationCount=15, IterationTime=1s, LaunchCount=1, WarmupCount=6)
Runtime = .NET 8.0.21 (8.0.21, 8.0.2125.47513), X64 RyuJIT x86-64-v4; GC = Concurrent Workstation
Mean = 1.309 μs, StdErr = 0.000 μs (0.03%), N = 15, StdDev = 0.002 μs
Min = 1.305 μs, Q1 = 1.308 μs, Median = 1.309 μs, Q3 = 1.310 μs, Max = 1.312 μs
IQR = 0.001 μs, LowerFence = 1.307 μs, UpperFence = 1.312 μs
ConfidenceInterval = [1.307 μs; 1.311 μs] (CI 99.9%), Margin = 0.002 μs (0.12% of Mean)
Skewness = -0.54, Kurtosis = 3.98, MValue = 2
-------------------- Histogram --------------------
[1.304 μs ; 1.313 μs) | @@@@@@@@@@@@@@@
---------------------------------------------------

JsonSerializationBenchmarks.Jil_Serialize_Small: Overhead-Fixed-Energy-3(OutlierMode=DontRemove, IterationCount=15, IterationTime=1s, LaunchCount=1, WarmupCount=6)
Runtime = .NET 8.0.21 (8.0.21, 8.0.2125.47513), X64 RyuJIT x86-64-v4; GC = Concurrent Workstation
Mean = 1.738 μs, StdErr = 0.001 μs (0.04%), N = 15, StdDev = 0.003 μs
Min = 1.730 μs, Q1 = 1.737 μs, Median = 1.738 μs, Q3 = 1.739 μs, Max = 1.740 μs
IQR = 0.002 μs, LowerFence = 1.734 μs, UpperFence = 1.742 μs
ConfidenceInterval = [1.735 μs; 1.741 μs] (CI 99.9%), Margin = 0.003 μs (0.16% of Mean)
Skewness = -1.94, Kurtosis = 6.81, MValue = 2
-------------------- Histogram --------------------
[1.728 μs ; 1.742 μs) | @@@@@@@@@@@@@@@
---------------------------------------------------

JsonSerializationBenchmarks.Newtonsoft_Serialize_Small: Overhead-Fixed-Energy-3(OutlierMode=DontRemove, IterationCount=15, IterationTime=1s, LaunchCount=1, WarmupCount=6)
Runtime = .NET 8.0.21 (8.0.21, 8.0.2125.47513), X64 RyuJIT x86-64-v4; GC = Concurrent Workstation
Mean = 2.205 μs, StdErr = 0.001 μs (0.06%), N = 15, StdDev = 0.005 μs
Min = 2.198 μs, Q1 = 2.200 μs, Median = 2.207 μs, Q3 = 2.209 μs, Max = 2.211 μs
IQR = 0.009 μs, LowerFence = 2.186 μs, UpperFence = 2.223 μs
ConfidenceInterval = [2.200 μs; 2.210 μs] (CI 99.9%), Margin = 0.005 μs (0.23% of Mean)
Skewness = -0.07, Kurtosis = 1.14, MValue = 2
-------------------- Histogram --------------------
[2.196 μs ; 2.214 μs) | @@@@@@@@@@@@@@@
---------------------------------------------------

// * Summary *

BenchmarkDotNet v0.15.5-develop (2025-12-31), Linux Ubuntu 24.04.3 LTS (Noble Numbat)
11th Gen Intel Core i7-11700KF 3.60GHz (Max: 0.80GHz), 1 CPU, 16 logical and 8 physical cores
.NET SDK 8.0.121
  [Host]                  : .NET 8.0.21 (8.0.21, 8.0.2125.47513), X64 RyuJIT x86-64-v4
  Overhead-Fixed-Energy-3 : .NET 8.0.21 (8.0.21, 8.0.2125.47513), X64 RyuJIT x86-64-v4

Job=Overhead-Fixed-Energy-3  OutlierMode=DontRemove  IterationCount=15  
IterationTime=1s  LaunchCount=1  WarmupCount=6  

| Method                        | Mean         | Error       | StdDev      | Operations | Iterations | Ratio | MannWhitney(3%) | RatioSD | Rank | Package Energy (uJ/op) | Package Energy (uJ/iter) |
|------------------------------ |-------------:|------------:|------------:|-----------:|-----------:|------:|---------------- |--------:|-----:|-----------------------:|-------------------------:|
| SpanJson_Deserialize_Large    | 151,632.5 ns |   181.94 ns |   170.18 ns |      6,619 |      15.00 |  0.75 | Faster          |    0.00 |    1 |            12499.92 uj |           82736942.40 uj |
| STJ_Deserialize_Large         | 202,500.0 ns |   460.08 ns |   430.36 ns |      4,944 |      15.00 |  1.00 | Baseline        |    0.00 |    2 |            16804.55 uj |           83081696.40 uj |
| Jil_Deserialize_Large         | 213,108.1 ns |   285.62 ns |   267.17 ns |      4,718 |      15.00 |  1.05 | Slower          |    0.00 |    3 |            17772.34 uj |           83849895.07 uj |
| Newtonsoft_Deserialize_Large  | 243,242.3 ns | 1,181.12 ns | 1,104.82 ns |      4,128 |      15.00 |  1.20 | Slower          |    0.01 |    4 |            20486.26 uj |           84567292.47 uj |
| Utf8Json_Deserialize_Large    | 278,319.7 ns |   320.49 ns |   299.78 ns |      3,664 |      15.00 |  1.37 | Slower          |    0.00 |    5 |            22900.79 uj |           83908497.07 uj |
|                               |              |             |             |            |            |       |                 |         |      |                        |                          |
| SpanJson_Deserialize_Medium   |  39,287.0 ns |    76.67 ns |    71.72 ns |     25,485 |      15.00 |  0.75 | Faster          |    0.00 |    1 |             3244.05 uj |           82674487.20 uj |
| STJ_Deserialize_Medium        |  52,710.5 ns |   111.20 ns |   104.01 ns |     19,008 |      15.00 |  1.00 | Baseline        |    0.00 |    2 |             4455.92 uj |           84698131.07 uj |
| Jil_Deserialize_Medium        |  55,704.5 ns |   112.24 ns |   104.99 ns |     17,920 |      15.00 |  1.06 | Slower          |    0.00 |    3 |             4467.52 uj |           80057949.33 uj |
| Utf8Json_Deserialize_Medium   |  62,125.7 ns |   206.41 ns |   193.08 ns |     16,080 |      15.00 |  1.18 | Slower          |    0.00 |    4 |             5224.38 uj |           84008053.00 uj |
| Newtonsoft_Deserialize_Medium |  68,281.5 ns |   332.87 ns |   311.36 ns |     14,704 |      15.00 |  1.30 | Slower          |    0.01 |    5 |             5786.76 uj |           85088543.40 uj |
|                               |              |             |             |            |            |       |                 |         |      |                        |                          |
| SpanJson_Deserialize_Small    |   1,158.9 ns |     1.13 ns |     1.06 ns |    860,704 |      15.00 |  0.58 | Faster          |    0.00 |    1 |               98.91 uj |           85133005.40 uj |
| STJ_Deserialize_Small         |   1,982.7 ns |     3.84 ns |     3.59 ns |    503,440 |      15.00 |  1.00 | Baseline        |    0.00 |    2 |              177.10 uj |           89158447.07 uj |
| Utf8Json_Deserialize_Small    |   2,028.0 ns |     3.91 ns |     3.66 ns |    492,720 |      15.00 |  1.02 | Same            |    0.00 |    2 |              172.69 uj |           85087961.73 uj |
| Jil_Deserialize_Small         |   2,262.8 ns |     2.01 ns |     1.88 ns |    441,791 |      15.00 |  1.14 | Slower          |    0.00 |    3 |              193.16 uj |           85334803.67 uj |
| Newtonsoft_Deserialize_Small  |   3,479.3 ns |     4.78 ns |     4.47 ns |    287,728 |      15.00 |  1.75 | Slower          |    0.00 |    4 |              306.16 uj |           88090944.53 uj |
|                               |              |             |             |            |            |       |                 |         |      |                        |                          |
| SpanJson_Serialize_Large      | 162,600.8 ns | 1,026.40 ns |   960.10 ns |      6,166 |      15.00 |  0.86 | Faster          |    0.01 |    1 |            12026.70 uj |           74156629.73 uj |
| STJ_Serialize_Large           | 189,753.7 ns |   276.24 ns |   258.40 ns |      5,280 |      15.00 |  1.00 | Baseline        |    0.00 |    2 |            17718.19 uj |           93552067.53 uj |
| Jil_Serialize_Large           | 285,971.6 ns |   202.97 ns |   189.85 ns |      3,494 |      15.00 |  1.51 | Slower          |    0.00 |    3 |            24647.25 uj |           86117479.80 uj |
| Utf8Json_Serialize_Large      | 290,225.1 ns | 1,177.09 ns | 1,101.05 ns |      3,456 |      15.00 |  1.53 | Slower          |    0.01 |    3 |            28053.75 uj |           96953763.87 uj |
| Newtonsoft_Serialize_Large    | 311,841.7 ns |   345.90 ns |   323.56 ns |      3,200 |      15.00 |  1.64 | Slower          |    0.00 |    4 |            25823.10 uj |           82633931.67 uj |
|                               |              |             |             |            |            |       |                 |         |      |                        |                          |
| Jil_Serialize_Medium          |  37,385.3 ns |   103.40 ns |    96.72 ns |     26,916 |      15.00 |  0.78 | Faster          |    0.00 |    1 |             3216.46 uj |           86574115.20 uj |
| SpanJson_Serialize_Medium     |  38,889.1 ns |   178.04 ns |   166.54 ns |     25,624 |      15.00 |  0.82 | Faster          |    0.00 |    2 |             2541.27 uj |           65117439.87 uj |
| STJ_Serialize_Medium          |  47,669.4 ns |   177.49 ns |   166.02 ns |     20,960 |      15.00 |  1.00 | Baseline        |    0.00 |    3 |             4147.09 uj |           86923052.20 uj |
| Newtonsoft_Serialize_Medium   |  53,866.2 ns |   178.43 ns |   166.90 ns |     18,544 |      15.00 |  1.13 | Slower          |    0.01 |    4 |             4616.25 uj |           85603695.33 uj |
| Utf8Json_Serialize_Medium     |  58,543.0 ns | 1,827.32 ns | 1,709.28 ns |     17,456 |      15.00 |  1.23 | Slower          |    0.03 |    5 |             4742.18 uj |           82779544.60 uj |
|                               |              |             |             |            |            |       |                 |         |      |                        |                          |
| Utf8Json_Serialize_Small      |     949.9 ns |     0.85 ns |     0.79 ns |  1,042,688 |      15.00 |  0.73 | Faster          |    0.00 |    1 |               81.39 uj |           84864121.87 uj |
| SpanJson_Serialize_Small      |   1,236.5 ns |     3.00 ns |     2.81 ns |    805,744 |      15.00 |  0.94 | Faster          |    0.00 |    2 |               82.00 uj |           66072906.20 uj |
| STJ_Serialize_Small           |   1,309.1 ns |     1.61 ns |     1.50 ns |    765,120 |      15.00 |  1.00 | Baseline        |    0.00 |    3 |              115.93 uj |           88701404.47 uj |
| Jil_Serialize_Small           |   1,737.8 ns |     2.77 ns |     2.59 ns |    578,478 |      15.00 |  1.33 | Slower          |    0.00 |    4 |              153.78 uj |           88956596.13 uj |
| Newtonsoft_Serialize_Small    |   2,205.0 ns |     5.14 ns |     4.81 ns |    453,744 |      15.00 |  1.68 | Slower          |    0.00 |    5 |              193.90 uj |           87979173.40 uj |

// * Hints *
Outliers
  JsonSerializationBenchmarks.SpanJson_Deserialize_Large: Overhead-Fixed-Energy-3   -> 2 outliers were detected (151.90 μs, 152.04 μs)
  JsonSerializationBenchmarks.STJ_Deserialize_Large: Overhead-Fixed-Energy-3        -> 2 outliers were detected (203.22 μs, 203.61 μs)
  JsonSerializationBenchmarks.Jil_Deserialize_Large: Overhead-Fixed-Energy-3        -> 1 outlier  was  detected (212.33 μs)
  JsonSerializationBenchmarks.Newtonsoft_Deserialize_Large: Overhead-Fixed-Energy-3 -> 1 outlier  was  detected (246.02 μs)
  JsonSerializationBenchmarks.Utf8Json_Deserialize_Large: Overhead-Fixed-Energy-3   -> 1 outlier  was  detected (278.98 μs)
  JsonSerializationBenchmarks.SpanJson_Deserialize_Medium: Overhead-Fixed-Energy-3  -> 4 outliers were detected (39.21 μs, 39.22 μs, 39.33 μs, 39.52 μs)
  JsonSerializationBenchmarks.STJ_Deserialize_Medium: Overhead-Fixed-Energy-3       -> 1 outlier  was  detected (53.01 μs)
  JsonSerializationBenchmarks.Utf8Json_Deserialize_Small: Overhead-Fixed-Energy-3   -> 2 outliers were detected (2.03 μs, 2.04 μs)
  JsonSerializationBenchmarks.Newtonsoft_Deserialize_Small: Overhead-Fixed-Energy-3 -> 1 outlier  was  detected (3.49 μs)
  JsonSerializationBenchmarks.STJ_Serialize_Large: Overhead-Fixed-Energy-3          -> 1 outlier  was  detected (190.23 μs)
  JsonSerializationBenchmarks.Utf8Json_Serialize_Large: Overhead-Fixed-Energy-3     -> 1 outlier  was  detected (293.45 μs)
  JsonSerializationBenchmarks.SpanJson_Serialize_Medium: Overhead-Fixed-Energy-3    -> 2 outliers were detected (39.17 μs, 39.26 μs)
  JsonSerializationBenchmarks.Utf8Json_Serialize_Medium: Overhead-Fixed-Energy-3    -> 1 outlier  was  detected (63.30 μs)
  JsonSerializationBenchmarks.SpanJson_Serialize_Small: Overhead-Fixed-Energy-3     -> 1 outlier  was  detected (1.25 μs)
  JsonSerializationBenchmarks.STJ_Serialize_Small: Overhead-Fixed-Energy-3          -> 2 outliers were detected (1.31 μs, 1.32 μs)
  JsonSerializationBenchmarks.Jil_Serialize_Small: Overhead-Fixed-Energy-3          -> 1 outlier  was  detected (1.73 μs)

// * Legends *
  Mean                     : Arithmetic mean of all measurements
  Error                    : Half of 99.9% confidence interval
  StdDev                   : Standard deviation of all measurements
  Operations               : Actual invocations per measured iteration (from measurements)
  Iterations               : Number of target iterations
  Ratio                    : Mean of the ratio distribution ([Current]/[Baseline])
  MannWhitney(3%)          : MannWhitney-based equivalence test (threshold=3%, alpha = 1E-05)
  RatioSD                  : Standard deviation of the ratio distribution ([Current]/[Baseline])
  Rank                     : Relative position of current benchmark mean among all benchmarks (Arabic style)
  Package Energy (uJ/op)   : Average CPU package energy consumed per operation (µJ).
  Package Energy (uJ/iter) : Average CPU package energy consumed per benchmark iteration (µJ).
  1 ns                     : 1 Nanosecond (0.000000001 sec)

// * Diagnostic Output - EnergyDiagnoser *


// ***** BenchmarkRunner: End *****
Run time: 00:13:45 (825.49 sec), executed benchmarks: 30

Global total time: 00:13:56 (836.24 sec), executed benchmarks: 30
// * Artifacts cleanup *
Artifacts cleanup is finished
