// Validating benchmarks:
// ***** BenchmarkRunner: Start   *****
// ***** Found 30 benchmark(s) in total *****
// ***** Building 1 exe(s) in Parallel: Start   *****
// start dotnet  restore --nodeReuse:false /p:UseSharedCompilation=false /p:Deterministic=true /p:Optimize=true /p:ArtifactsPath="/home/test/rapl-tests/lib-energy-bench/src/Serialization.Bench/bin/Release/net8.0/Serialization.Bench-Overhead-Fixed-Energy-6-1/" /p:OutDir="/home/test/rapl-tests/lib-energy-bench/src/Serialization.Bench/bin/Release/net8.0/Serialization.Bench-Overhead-Fixed-Energy-6-1/bin/Release/net8.0/" /p:OutputPath="/home/test/rapl-tests/lib-energy-bench/src/Serialization.Bench/bin/Release/net8.0/Serialization.Bench-Overhead-Fixed-Energy-6-1/bin/Release/net8.0/" /p:PublishDir="/home/test/rapl-tests/lib-energy-bench/src/Serialization.Bench/bin/Release/net8.0/Serialization.Bench-Overhead-Fixed-Energy-6-1/publish/" in /home/test/rapl-tests/lib-energy-bench/src/Serialization.Bench/bin/Release/net8.0/Serialization.Bench-Overhead-Fixed-Energy-6-1
// command took 2.12 sec and exited with 0
// start dotnet  build -c Release --no-restore --nodeReuse:false /p:UseSharedCompilation=false /p:Deterministic=true /p:Optimize=true /p:ArtifactsPath="/home/test/rapl-tests/lib-energy-bench/src/Serialization.Bench/bin/Release/net8.0/Serialization.Bench-Overhead-Fixed-Energy-6-1/" /p:OutDir="/home/test/rapl-tests/lib-energy-bench/src/Serialization.Bench/bin/Release/net8.0/Serialization.Bench-Overhead-Fixed-Energy-6-1/bin/Release/net8.0/" /p:OutputPath="/home/test/rapl-tests/lib-energy-bench/src/Serialization.Bench/bin/Release/net8.0/Serialization.Bench-Overhead-Fixed-Energy-6-1/bin/Release/net8.0/" /p:PublishDir="/home/test/rapl-tests/lib-energy-bench/src/Serialization.Bench/bin/Release/net8.0/Serialization.Bench-Overhead-Fixed-Energy-6-1/publish/" --output "/home/test/rapl-tests/lib-energy-bench/src/Serialization.Bench/bin/Release/net8.0/Serialization.Bench-Overhead-Fixed-Energy-6-1/bin/Release/net8.0/" in /home/test/rapl-tests/lib-energy-bench/src/Serialization.Bench/bin/Release/net8.0/Serialization.Bench-Overhead-Fixed-Energy-6-1
// command took 9.41 sec and exited with 0
// ***** Done, took 00:00:11 (11.58 sec)   *****
// Found 30 benchmarks:
//   JsonSerializationBenchmarks.STJ_Deserialize_Large: Overhead-Fixed-Energy-6(OutlierMode=DontRemove, IterationCount=15, IterationTime=1s, LaunchCount=1, WarmupCount=6)
//   JsonSerializationBenchmarks.Newtonsoft_Deserialize_Large: Overhead-Fixed-Energy-6(OutlierMode=DontRemove, IterationCount=15, IterationTime=1s, LaunchCount=1, WarmupCount=6)
//   JsonSerializationBenchmarks.Jil_Deserialize_Large: Overhead-Fixed-Energy-6(OutlierMode=DontRemove, IterationCount=15, IterationTime=1s, LaunchCount=1, WarmupCount=6)
//   JsonSerializationBenchmarks.Utf8Json_Deserialize_Large: Overhead-Fixed-Energy-6(OutlierMode=DontRemove, IterationCount=15, IterationTime=1s, LaunchCount=1, WarmupCount=6)
//   JsonSerializationBenchmarks.SpanJson_Deserialize_Large: Overhead-Fixed-Energy-6(OutlierMode=DontRemove, IterationCount=15, IterationTime=1s, LaunchCount=1, WarmupCount=6)
//   JsonSerializationBenchmarks.STJ_Deserialize_Medium: Overhead-Fixed-Energy-6(OutlierMode=DontRemove, IterationCount=15, IterationTime=1s, LaunchCount=1, WarmupCount=6)
//   JsonSerializationBenchmarks.Newtonsoft_Deserialize_Medium: Overhead-Fixed-Energy-6(OutlierMode=DontRemove, IterationCount=15, IterationTime=1s, LaunchCount=1, WarmupCount=6)
//   JsonSerializationBenchmarks.Jil_Deserialize_Medium: Overhead-Fixed-Energy-6(OutlierMode=DontRemove, IterationCount=15, IterationTime=1s, LaunchCount=1, WarmupCount=6)
//   JsonSerializationBenchmarks.Utf8Json_Deserialize_Medium: Overhead-Fixed-Energy-6(OutlierMode=DontRemove, IterationCount=15, IterationTime=1s, LaunchCount=1, WarmupCount=6)
//   JsonSerializationBenchmarks.SpanJson_Deserialize_Medium: Overhead-Fixed-Energy-6(OutlierMode=DontRemove, IterationCount=15, IterationTime=1s, LaunchCount=1, WarmupCount=6)
//   JsonSerializationBenchmarks.STJ_Deserialize_Small: Overhead-Fixed-Energy-6(OutlierMode=DontRemove, IterationCount=15, IterationTime=1s, LaunchCount=1, WarmupCount=6)
//   JsonSerializationBenchmarks.Newtonsoft_Deserialize_Small: Overhead-Fixed-Energy-6(OutlierMode=DontRemove, IterationCount=15, IterationTime=1s, LaunchCount=1, WarmupCount=6)
//   JsonSerializationBenchmarks.Jil_Deserialize_Small: Overhead-Fixed-Energy-6(OutlierMode=DontRemove, IterationCount=15, IterationTime=1s, LaunchCount=1, WarmupCount=6)
//   JsonSerializationBenchmarks.Utf8Json_Deserialize_Small: Overhead-Fixed-Energy-6(OutlierMode=DontRemove, IterationCount=15, IterationTime=1s, LaunchCount=1, WarmupCount=6)
//   JsonSerializationBenchmarks.SpanJson_Deserialize_Small: Overhead-Fixed-Energy-6(OutlierMode=DontRemove, IterationCount=15, IterationTime=1s, LaunchCount=1, WarmupCount=6)
//   JsonSerializationBenchmarks.STJ_Serialize_Large: Overhead-Fixed-Energy-6(OutlierMode=DontRemove, IterationCount=15, IterationTime=1s, LaunchCount=1, WarmupCount=6)
//   JsonSerializationBenchmarks.Newtonsoft_Serialize_Large: Overhead-Fixed-Energy-6(OutlierMode=DontRemove, IterationCount=15, IterationTime=1s, LaunchCount=1, WarmupCount=6)
//   JsonSerializationBenchmarks.Jil_Serialize_Large: Overhead-Fixed-Energy-6(OutlierMode=DontRemove, IterationCount=15, IterationTime=1s, LaunchCount=1, WarmupCount=6)
//   JsonSerializationBenchmarks.Utf8Json_Serialize_Large: Overhead-Fixed-Energy-6(OutlierMode=DontRemove, IterationCount=15, IterationTime=1s, LaunchCount=1, WarmupCount=6)
//   JsonSerializationBenchmarks.SpanJson_Serialize_Large: Overhead-Fixed-Energy-6(OutlierMode=DontRemove, IterationCount=15, IterationTime=1s, LaunchCount=1, WarmupCount=6)
//   JsonSerializationBenchmarks.STJ_Serialize_Medium: Overhead-Fixed-Energy-6(OutlierMode=DontRemove, IterationCount=15, IterationTime=1s, LaunchCount=1, WarmupCount=6)
//   JsonSerializationBenchmarks.Newtonsoft_Serialize_Medium: Overhead-Fixed-Energy-6(OutlierMode=DontRemove, IterationCount=15, IterationTime=1s, LaunchCount=1, WarmupCount=6)
//   JsonSerializationBenchmarks.Jil_Serialize_Medium: Overhead-Fixed-Energy-6(OutlierMode=DontRemove, IterationCount=15, IterationTime=1s, LaunchCount=1, WarmupCount=6)
//   JsonSerializationBenchmarks.Utf8Json_Serialize_Medium: Overhead-Fixed-Energy-6(OutlierMode=DontRemove, IterationCount=15, IterationTime=1s, LaunchCount=1, WarmupCount=6)
//   JsonSerializationBenchmarks.SpanJson_Serialize_Medium: Overhead-Fixed-Energy-6(OutlierMode=DontRemove, IterationCount=15, IterationTime=1s, LaunchCount=1, WarmupCount=6)
//   JsonSerializationBenchmarks.STJ_Serialize_Small: Overhead-Fixed-Energy-6(OutlierMode=DontRemove, IterationCount=15, IterationTime=1s, LaunchCount=1, WarmupCount=6)
//   JsonSerializationBenchmarks.Newtonsoft_Serialize_Small: Overhead-Fixed-Energy-6(OutlierMode=DontRemove, IterationCount=15, IterationTime=1s, LaunchCount=1, WarmupCount=6)
//   JsonSerializationBenchmarks.Jil_Serialize_Small: Overhead-Fixed-Energy-6(OutlierMode=DontRemove, IterationCount=15, IterationTime=1s, LaunchCount=1, WarmupCount=6)
//   JsonSerializationBenchmarks.Utf8Json_Serialize_Small: Overhead-Fixed-Energy-6(OutlierMode=DontRemove, IterationCount=15, IterationTime=1s, LaunchCount=1, WarmupCount=6)
//   JsonSerializationBenchmarks.SpanJson_Serialize_Small: Overhead-Fixed-Energy-6(OutlierMode=DontRemove, IterationCount=15, IterationTime=1s, LaunchCount=1, WarmupCount=6)

// **************************
// Benchmark: JsonSerializationBenchmarks.STJ_Deserialize_Large: Overhead-Fixed-Energy-6(OutlierMode=DontRemove, IterationCount=15, IterationTime=1s, LaunchCount=1, WarmupCount=6)
// *** Execute ***
// Launch: 1 / 1
// Execute: dotnet Serialization.Bench-Overhead-Fixed-Energy-6-1.dll --anonymousPipes 101 102 --benchmarkName Serialization.Bench.JsonSerializationBenchmarks.STJ_Deserialize_Large --job Overhead-Fixed-Energy-6 --benchmarkId 0 in /home/test/rapl-tests/lib-energy-bench/src/Serialization.Bench/bin/Release/net8.0/Serialization.Bench-Overhead-Fixed-Energy-6-1/bin/Release/net8.0
// BeforeAnythingElse

// Benchmark Process Environment Information:
// BenchmarkDotNet v0.15.5-develop (2025-12-31)
// Runtime=.NET 8.0.21 (8.0.21, 8.0.2125.47513), X64 RyuJIT x86-64-v4
// GC=Concurrent Workstation
// HardwareIntrinsics=AVX512 IFMA+VBMI,AVX512 F+BW+CD+DQ+VL,AVX2+BMI1+BMI2+F16C+FMA+LZCNT+MOVBE,AVX,SSE3+SSSE3+SSE4.1+SSE4.2+POPCNT,X86Base+SSE+SSE2,AES+PCLMUL VectorSize=256
// Job: Overhead-Fixed-Energy-6(OutlierMode=DontRemove, IterationCount=15, IterationTime=1s, LaunchCount=1, WarmupCount=6)

OverheadJitting  1: 1 op, 144085.00 ns, 144.0850 us/op, 63354.00 uJpkg, 0.00 uJdram
WorkloadJitting  1: 1 op, 541423.00 ns, 541.4230 us/op, 0.00 uJpkg, 0.00 uJdram

OverheadJitting  2: 16 op, 414481.00 ns, 25.9051 us/op, 70007.00 uJpkg, 0.00 uJdram
WorkloadJitting  2: 16 op, 6921135.00 ns, 432.5709 us/op, 586425.00 uJpkg, 0.00 uJdram

WorkloadPilot    1: 16 op, 6453038.00 ns, 403.3149 us/op, 385680.00 uJpkg, 0.00 uJdram
WorkloadPilot    2: 2480 op, 717811602.00 ns, 289.4402 us/op, 63120139.00 uJpkg, 0.00 uJdram
WorkloadPilot    3: 3456 op, 697747193.00 ns, 201.8944 us/op, 57308752.00 uJpkg, 0.00 uJdram
WorkloadPilot    4: 4960 op, 1001300987.00 ns, 201.8752 us/op, 82387668.00 uJpkg, 0.00 uJdram

OverheadWarmup   1: 4960 op, 19329.00 ns, 3.8970 ns/op, 0.00 uJpkg, 0.00 uJdram
OverheadWarmup   2: 4960 op, 17486.00 ns, 3.5254 ns/op, 0.00 uJpkg, 0.00 uJdram
OverheadWarmup   3: 4960 op, 18220.00 ns, 3.6734 ns/op, 0.00 uJpkg, 0.00 uJdram
OverheadWarmup   4: 4960 op, 17466.00 ns, 3.5214 ns/op, 0.00 uJpkg, 0.00 uJdram
OverheadWarmup   5: 4960 op, 18204.00 ns, 3.6702 ns/op, 0.00 uJpkg, 0.00 uJdram
OverheadWarmup   6: 4960 op, 17487.00 ns, 3.5256 ns/op, 0.00 uJpkg, 0.00 uJdram

OverheadActual   1: 4960 op, 18228.00 ns, 3.6750 ns/op, 0.00 uJpkg, 0.00 uJdram
OverheadActual   2: 4960 op, 17484.00 ns, 3.5250 ns/op, 0.00 uJpkg, 0.00 uJdram
OverheadActual   3: 4960 op, 18227.00 ns, 3.6748 ns/op, 0.00 uJpkg, 0.00 uJdram
OverheadActual   4: 4960 op, 18224.00 ns, 3.6742 ns/op, 0.00 uJpkg, 0.00 uJdram
OverheadActual   5: 4960 op, 18215.00 ns, 3.6724 ns/op, 0.00 uJpkg, 0.00 uJdram
OverheadActual   6: 4960 op, 18230.00 ns, 3.6754 ns/op, 0.00 uJpkg, 0.00 uJdram
OverheadActual   7: 4960 op, 17477.00 ns, 3.5236 ns/op, 0.00 uJpkg, 0.00 uJdram
OverheadActual   8: 4960 op, 17903.00 ns, 3.6095 ns/op, 0.00 uJpkg, 0.00 uJdram
OverheadActual   9: 4960 op, 17498.00 ns, 3.5278 ns/op, 0.00 uJpkg, 0.00 uJdram
OverheadActual  10: 4960 op, 17468.00 ns, 3.5218 ns/op, 0.00 uJpkg, 0.00 uJdram
OverheadActual  11: 4960 op, 17479.00 ns, 3.5240 ns/op, 0.00 uJpkg, 0.00 uJdram
OverheadActual  12: 4960 op, 17485.00 ns, 3.5252 ns/op, 0.00 uJpkg, 0.00 uJdram
OverheadActual  13: 4960 op, 17492.00 ns, 3.5266 ns/op, 0.00 uJpkg, 0.00 uJdram
OverheadActual  14: 4960 op, 19819.00 ns, 3.9958 ns/op, 0.00 uJpkg, 0.00 uJdram
OverheadActual  15: 4960 op, 17467.00 ns, 3.5216 ns/op, 0.00 uJpkg, 0.00 uJdram

WorkloadWarmup   1: 4960 op, 1004814645.00 ns, 202.5836 us/op, 84947842.00 uJpkg, 0.00 uJdram
WorkloadWarmup   2: 4960 op, 1002870835.00 ns, 202.1917 us/op, 82679903.00 uJpkg, 0.00 uJdram
WorkloadWarmup   3: 4960 op, 1001546463.00 ns, 201.9247 us/op, 82769990.00 uJpkg, 0.00 uJdram
WorkloadWarmup   4: 4960 op, 1002299956.00 ns, 202.0766 us/op, 83681853.00 uJpkg, 0.00 uJdram
WorkloadWarmup   5: 4960 op, 1000955961.00 ns, 201.8056 us/op, 83241974.00 uJpkg, 0.00 uJdram
WorkloadWarmup   6: 4960 op, 1002465289.00 ns, 202.1099 us/op, 83614959.00 uJpkg, 0.00 uJdram

// BeforeActualRun
WorkloadActual   1: 4960 op, 1002385029.00 ns, 202.0938 us/op, 83610748.00 uJpkg, 0.00 uJdram
WorkloadActual   2: 4960 op, 1003653713.00 ns, 202.3495 us/op, 82812105.00 uJpkg, 0.00 uJdram
WorkloadActual   3: 4960 op, 1001995751.00 ns, 202.0153 us/op, 83580414.00 uJpkg, 0.00 uJdram
WorkloadActual   4: 4960 op, 1003995838.00 ns, 202.4185 us/op, 82760469.00 uJpkg, 0.00 uJdram
WorkloadActual   5: 4960 op, 1002832190.00 ns, 202.1839 us/op, 82828524.00 uJpkg, 0.00 uJdram
WorkloadActual   6: 4960 op, 1002853468.00 ns, 202.1882 us/op, 82036045.00 uJpkg, 0.00 uJdram
WorkloadActual   7: 4960 op, 1004854813.00 ns, 202.5917 us/op, 80985510.00 uJpkg, 0.00 uJdram
WorkloadActual   8: 4960 op, 1002461544.00 ns, 202.1092 us/op, 81496618.00 uJpkg, 0.00 uJdram
WorkloadActual   9: 4960 op, 1003091492.00 ns, 202.2362 us/op, 82135837.00 uJpkg, 0.00 uJdram
WorkloadActual  10: 4960 op, 1012393621.00 ns, 204.1116 us/op, 85550745.00 uJpkg, 0.00 uJdram
WorkloadActual  11: 4960 op, 1003045254.00 ns, 202.2269 us/op, 83248688.00 uJpkg, 0.00 uJdram
WorkloadActual  12: 4960 op, 1003320834.00 ns, 202.2824 us/op, 83407867.00 uJpkg, 0.00 uJdram
WorkloadActual  13: 4960 op, 1002833224.00 ns, 202.1841 us/op, 83180085.00 uJpkg, 0.00 uJdram
WorkloadActual  14: 4960 op, 1002287693.00 ns, 202.0741 us/op, 82919770.00 uJpkg, 0.00 uJdram
WorkloadActual  15: 4960 op, 1002377652.00 ns, 202.0923 us/op, 83342011.00 uJpkg, 0.00 uJdram

// AfterActualRun
WorkloadResult   1: 4960 op, 1002367531.00 ns, 202.0902 us/op, 83610748.00 uJpkg, 0.00 uJdram
WorkloadResult   2: 4960 op, 1003636215.00 ns, 202.3460 us/op, 82812105.00 uJpkg, 0.00 uJdram
WorkloadResult   3: 4960 op, 1001978253.00 ns, 202.0117 us/op, 83580414.00 uJpkg, 0.00 uJdram
WorkloadResult   4: 4960 op, 1003978340.00 ns, 202.4150 us/op, 82760469.00 uJpkg, 0.00 uJdram
WorkloadResult   5: 4960 op, 1002814692.00 ns, 202.1804 us/op, 82828524.00 uJpkg, 0.00 uJdram
WorkloadResult   6: 4960 op, 1002835970.00 ns, 202.1847 us/op, 82036045.00 uJpkg, 0.00 uJdram
WorkloadResult   7: 4960 op, 1004837315.00 ns, 202.5882 us/op, 80985510.00 uJpkg, 0.00 uJdram
WorkloadResult   8: 4960 op, 1002444046.00 ns, 202.1057 us/op, 81496618.00 uJpkg, 0.00 uJdram
WorkloadResult   9: 4960 op, 1003073994.00 ns, 202.2327 us/op, 82135837.00 uJpkg, 0.00 uJdram
WorkloadResult  10: 4960 op, 1012376123.00 ns, 204.1081 us/op, 85550745.00 uJpkg, 0.00 uJdram
WorkloadResult  11: 4960 op, 1003027756.00 ns, 202.2233 us/op, 83248688.00 uJpkg, 0.00 uJdram
WorkloadResult  12: 4960 op, 1003303336.00 ns, 202.2789 us/op, 83407867.00 uJpkg, 0.00 uJdram
WorkloadResult  13: 4960 op, 1002815726.00 ns, 202.1806 us/op, 83180085.00 uJpkg, 0.00 uJdram
WorkloadResult  14: 4960 op, 1002270195.00 ns, 202.0706 us/op, 82919770.00 uJpkg, 0.00 uJdram
WorkloadResult  15: 4960 op, 1002360154.00 ns, 202.0887 us/op, 83342011.00 uJpkg, 0.00 uJdram

// AfterAll
// Benchmark Process 4059909 has exited with code 0.

Mean = 202.340 μs, StdErr = 0.132 μs (0.07%), N = 15, StdDev = 0.511 μs
Min = 202.012 μs, Q1 = 202.098 μs, Median = 202.185 μs, Q3 = 202.312 μs, Max = 204.108 μs
IQR = 0.215 μs, LowerFence = 201.776 μs, UpperFence = 202.634 μs
ConfidenceInterval = [201.794 μs; 202.887 μs] (CI 99.9%), Margin = 0.546 μs (0.27% of Mean)
Skewness = 2.71, Kurtosis = 9.57, MValue = 2

// ** Remained 29 (96.7%) benchmark(s) to run. Estimated finish 2025-12-31 20:25 (0h 11m from now) **
// **************************
// Benchmark: JsonSerializationBenchmarks.Newtonsoft_Deserialize_Large: Overhead-Fixed-Energy-6(OutlierMode=DontRemove, IterationCount=15, IterationTime=1s, LaunchCount=1, WarmupCount=6)
// *** Execute ***
// Launch: 1 / 1
// Execute: dotnet Serialization.Bench-Overhead-Fixed-Energy-6-1.dll --anonymousPipes 103 104 --benchmarkName Serialization.Bench.JsonSerializationBenchmarks.Newtonsoft_Deserialize_Large --job Overhead-Fixed-Energy-6 --benchmarkId 1 in /home/test/rapl-tests/lib-energy-bench/src/Serialization.Bench/bin/Release/net8.0/Serialization.Bench-Overhead-Fixed-Energy-6-1/bin/Release/net8.0
// BeforeAnythingElse

// Benchmark Process Environment Information:
// BenchmarkDotNet v0.15.5-develop (2025-12-31)
// Runtime=.NET 8.0.21 (8.0.21, 8.0.2125.47513), X64 RyuJIT x86-64-v4
// GC=Concurrent Workstation
// HardwareIntrinsics=AVX512 IFMA+VBMI,AVX512 F+BW+CD+DQ+VL,AVX2+BMI1+BMI2+F16C+FMA+LZCNT+MOVBE,AVX,SSE3+SSSE3+SSE4.1+SSE4.2+POPCNT,X86Base+SSE+SSE2,AES+PCLMUL VectorSize=256
// Job: Overhead-Fixed-Energy-6(OutlierMode=DontRemove, IterationCount=15, IterationTime=1s, LaunchCount=1, WarmupCount=6)

OverheadJitting  1: 1 op, 142862.00 ns, 142.8620 us/op, 51880.00 uJpkg, 0.00 uJdram
WorkloadJitting  1: 1 op, 55573984.00 ns, 55.5740 ms/op, 4288441.00 uJpkg, 0.00 uJdram

OverheadJitting  2: 16 op, 383655.00 ns, 23.9784 us/op, 0.00 uJpkg, 0.00 uJdram
WorkloadJitting  2: 16 op, 18454708.00 ns, 1.1534 ms/op, 1286313.00 uJpkg, 0.00 uJdram

WorkloadPilot    1: 16 op, 17717510.00 ns, 1.1073 ms/op, 1175778.00 uJpkg, 0.00 uJdram
WorkloadPilot    2: 912 op, 444951047.00 ns, 487.8849 us/op, 37958093.00 uJpkg, 0.00 uJdram
WorkloadPilot    3: 2064 op, 491892845.00 ns, 238.3202 us/op, 41430130.00 uJpkg, 0.00 uJdram
WorkloadPilot    4: 4208 op, 1004125803.00 ns, 238.6231 us/op, 84512296.00 uJpkg, 0.00 uJdram
WorkloadPilot    5: 4192 op, 998378979.00 ns, 238.1629 us/op, 84002775.00 uJpkg, 0.00 uJdram
WorkloadPilot    6: 4208 op, 1001295303.00 ns, 237.9504 us/op, 84287932.00 uJpkg, 0.00 uJdram

OverheadWarmup   1: 4208 op, 19693.00 ns, 4.6799 ns/op, 0.00 uJpkg, 0.00 uJdram
OverheadWarmup   2: 4208 op, 14854.00 ns, 3.5299 ns/op, 0.00 uJpkg, 0.00 uJdram
OverheadWarmup   3: 4208 op, 14858.00 ns, 3.5309 ns/op, 0.00 uJpkg, 0.00 uJdram
OverheadWarmup   4: 4208 op, 14886.00 ns, 3.5375 ns/op, 0.00 uJpkg, 0.00 uJdram
OverheadWarmup   5: 4208 op, 14870.00 ns, 3.5337 ns/op, 0.00 uJpkg, 0.00 uJdram
OverheadWarmup   6: 4208 op, 15514.00 ns, 3.6868 ns/op, 0.00 uJpkg, 0.00 uJdram
OverheadWarmup   7: 4208 op, 14874.00 ns, 3.5347 ns/op, 0.00 uJpkg, 0.00 uJdram

OverheadActual   1: 4208 op, 14893.00 ns, 3.5392 ns/op, 0.00 uJpkg, 0.00 uJdram
OverheadActual   2: 4208 op, 14883.00 ns, 3.5368 ns/op, 0.00 uJpkg, 0.00 uJdram
OverheadActual   3: 4208 op, 14886.00 ns, 3.5375 ns/op, 0.00 uJpkg, 0.00 uJdram
OverheadActual   4: 4208 op, 14889.00 ns, 3.5383 ns/op, 0.00 uJpkg, 0.00 uJdram
OverheadActual   5: 4208 op, 14878.00 ns, 3.5356 ns/op, 0.00 uJpkg, 0.00 uJdram
OverheadActual   6: 4208 op, 14873.00 ns, 3.5345 ns/op, 0.00 uJpkg, 0.00 uJdram
OverheadActual   7: 4208 op, 14868.00 ns, 3.5333 ns/op, 0.00 uJpkg, 0.00 uJdram
OverheadActual   8: 4208 op, 14870.00 ns, 3.5337 ns/op, 0.00 uJpkg, 0.00 uJdram
OverheadActual   9: 4208 op, 15270.00 ns, 3.6288 ns/op, 0.00 uJpkg, 0.00 uJdram
OverheadActual  10: 4208 op, 14871.00 ns, 3.5340 ns/op, 0.00 uJpkg, 0.00 uJdram
OverheadActual  11: 4208 op, 14876.00 ns, 3.5352 ns/op, 0.00 uJpkg, 0.00 uJdram
OverheadActual  12: 4208 op, 14882.00 ns, 3.5366 ns/op, 0.00 uJpkg, 0.00 uJdram
OverheadActual  13: 4208 op, 14883.00 ns, 3.5368 ns/op, 0.00 uJpkg, 0.00 uJdram
OverheadActual  14: 4208 op, 17186.00 ns, 4.0841 ns/op, 0.00 uJpkg, 0.00 uJdram
OverheadActual  15: 4208 op, 14866.00 ns, 3.5328 ns/op, 0.00 uJpkg, 0.00 uJdram

WorkloadWarmup   1: 4208 op, 1005157067.00 ns, 238.8681 us/op, 87247519.00 uJpkg, 0.00 uJdram
WorkloadWarmup   2: 4208 op, 1005384531.00 ns, 238.9222 us/op, 84453886.00 uJpkg, 0.00 uJdram
WorkloadWarmup   3: 4208 op, 1002628906.00 ns, 238.2673 us/op, 84659940.00 uJpkg, 0.00 uJdram
WorkloadWarmup   4: 4208 op, 1002633340.00 ns, 238.2684 us/op, 85148402.00 uJpkg, 0.00 uJdram
WorkloadWarmup   5: 4208 op, 1002356446.00 ns, 238.2026 us/op, 84264005.00 uJpkg, 0.00 uJdram
WorkloadWarmup   6: 4208 op, 1001882464.00 ns, 238.0899 us/op, 84372160.00 uJpkg, 0.00 uJdram

// BeforeActualRun
WorkloadActual   1: 4208 op, 1003118988.00 ns, 238.3838 us/op, 84188750.00 uJpkg, 0.00 uJdram
WorkloadActual   2: 4208 op, 1006777574.00 ns, 239.2532 us/op, 84672574.00 uJpkg, 0.00 uJdram
WorkloadActual   3: 4208 op, 1005384222.00 ns, 238.9221 us/op, 85264980.00 uJpkg, 0.00 uJdram
WorkloadActual   4: 4208 op, 1003891651.00 ns, 238.5674 us/op, 85059780.00 uJpkg, 0.00 uJdram
WorkloadActual   5: 4208 op, 1005058936.00 ns, 238.8448 us/op, 85530360.00 uJpkg, 0.00 uJdram
WorkloadActual   6: 4208 op, 1004047271.00 ns, 238.6044 us/op, 85130703.00 uJpkg, 0.00 uJdram
WorkloadActual   7: 4208 op, 1004484872.00 ns, 238.7084 us/op, 85060024.00 uJpkg, 0.00 uJdram
WorkloadActual   8: 4208 op, 1004313895.00 ns, 238.6678 us/op, 85275844.00 uJpkg, 0.00 uJdram
WorkloadActual   9: 4208 op, 1004162049.00 ns, 238.6317 us/op, 85268825.00 uJpkg, 0.00 uJdram
WorkloadActual  10: 4208 op, 1005972118.00 ns, 239.0618 us/op, 86264122.00 uJpkg, 0.00 uJdram
WorkloadActual  11: 4208 op, 1004718800.00 ns, 238.7640 us/op, 84652615.00 uJpkg, 0.00 uJdram
WorkloadActual  12: 4208 op, 1004402984.00 ns, 238.6889 us/op, 84737454.00 uJpkg, 0.00 uJdram
WorkloadActual  13: 4208 op, 1004783398.00 ns, 238.7793 us/op, 85134975.00 uJpkg, 0.00 uJdram
WorkloadActual  14: 4208 op, 1007378308.00 ns, 239.3960 us/op, 85757837.00 uJpkg, 0.00 uJdram
WorkloadActual  15: 4208 op, 1003916384.00 ns, 238.5733 us/op, 85289699.00 uJpkg, 0.00 uJdram

// AfterActualRun
WorkloadResult   1: 4208 op, 1003104106.00 ns, 238.3803 us/op, 84188750.00 uJpkg, 0.00 uJdram
WorkloadResult   2: 4208 op, 1006762692.00 ns, 239.2497 us/op, 84672574.00 uJpkg, 0.00 uJdram
WorkloadResult   3: 4208 op, 1005369340.00 ns, 238.9186 us/op, 85264980.00 uJpkg, 0.00 uJdram
WorkloadResult   4: 4208 op, 1003876769.00 ns, 238.5639 us/op, 85059780.00 uJpkg, 0.00 uJdram
WorkloadResult   5: 4208 op, 1005044054.00 ns, 238.8413 us/op, 85530360.00 uJpkg, 0.00 uJdram
WorkloadResult   6: 4208 op, 1004032389.00 ns, 238.6009 us/op, 85130703.00 uJpkg, 0.00 uJdram
WorkloadResult   7: 4208 op, 1004469990.00 ns, 238.7048 us/op, 85060024.00 uJpkg, 0.00 uJdram
WorkloadResult   8: 4208 op, 1004299013.00 ns, 238.6642 us/op, 85275844.00 uJpkg, 0.00 uJdram
WorkloadResult   9: 4208 op, 1004147167.00 ns, 238.6281 us/op, 85268825.00 uJpkg, 0.00 uJdram
WorkloadResult  10: 4208 op, 1005957236.00 ns, 239.0583 us/op, 86264122.00 uJpkg, 0.00 uJdram
WorkloadResult  11: 4208 op, 1004703918.00 ns, 238.7604 us/op, 84652615.00 uJpkg, 0.00 uJdram
WorkloadResult  12: 4208 op, 1004388102.00 ns, 238.6854 us/op, 84737454.00 uJpkg, 0.00 uJdram
WorkloadResult  13: 4208 op, 1004768516.00 ns, 238.7758 us/op, 85134975.00 uJpkg, 0.00 uJdram
WorkloadResult  14: 4208 op, 1007363426.00 ns, 239.3924 us/op, 85757837.00 uJpkg, 0.00 uJdram
WorkloadResult  15: 4208 op, 1003901502.00 ns, 238.5697 us/op, 85289699.00 uJpkg, 0.00 uJdram

// AfterAll
// Benchmark Process 4059931 has exited with code 0.

Mean = 238.786 μs, StdErr = 0.070 μs (0.03%), N = 15, StdDev = 0.271 μs
Min = 238.380 μs, Q1 = 238.614 μs, Median = 238.705 μs, Q3 = 238.880 μs, Max = 239.392 μs
IQR = 0.265 μs, LowerFence = 238.216 μs, UpperFence = 239.278 μs
ConfidenceInterval = [238.496 μs; 239.076 μs] (CI 99.9%), Margin = 0.290 μs (0.12% of Mean)
Skewness = 0.81, Kurtosis = 2.72, MValue = 2

// ** Remained 28 (93.3%) benchmark(s) to run. Estimated finish 2025-12-31 20:25 (0h 11m from now) **
// **************************
// Benchmark: JsonSerializationBenchmarks.Jil_Deserialize_Large: Overhead-Fixed-Energy-6(OutlierMode=DontRemove, IterationCount=15, IterationTime=1s, LaunchCount=1, WarmupCount=6)
// *** Execute ***
// Launch: 1 / 1
// Execute: dotnet Serialization.Bench-Overhead-Fixed-Energy-6-1.dll --anonymousPipes 103 104 --benchmarkName Serialization.Bench.JsonSerializationBenchmarks.Jil_Deserialize_Large --job Overhead-Fixed-Energy-6 --benchmarkId 2 in /home/test/rapl-tests/lib-energy-bench/src/Serialization.Bench/bin/Release/net8.0/Serialization.Bench-Overhead-Fixed-Energy-6-1/bin/Release/net8.0
// BeforeAnythingElse

// Benchmark Process Environment Information:
// BenchmarkDotNet v0.15.5-develop (2025-12-31)
// Runtime=.NET 8.0.21 (8.0.21, 8.0.2125.47513), X64 RyuJIT x86-64-v4
// GC=Concurrent Workstation
// HardwareIntrinsics=AVX512 IFMA+VBMI,AVX512 F+BW+CD+DQ+VL,AVX2+BMI1+BMI2+F16C+FMA+LZCNT+MOVBE,AVX,SSE3+SSSE3+SSE4.1+SSE4.2+POPCNT,X86Base+SSE+SSE2,AES+PCLMUL VectorSize=256
// Job: Overhead-Fixed-Energy-6(OutlierMode=DontRemove, IterationCount=15, IterationTime=1s, LaunchCount=1, WarmupCount=6)

OverheadJitting  1: 1 op, 141519.00 ns, 141.5190 us/op, 59510.00 uJpkg, 0.00 uJdram
WorkloadJitting  1: 1 op, 244909837.00 ns, 244.9098 ms/op, 16579120.00 uJpkg, 0.00 uJdram

WorkloadPilot    1: 4 op, 2915440.00 ns, 728.8600 us/op, 215026.00 uJpkg, 0.00 uJdram
WorkloadPilot    2: 1372 op, 418101655.00 ns, 304.7388 us/op, 32227029.00 uJpkg, 0.00 uJdram
WorkloadPilot    3: 3281 op, 698389664.00 ns, 212.8588 us/op, 58117954.00 uJpkg, 0.00 uJdram
WorkloadPilot    4: 4698 op, 1000032521.00 ns, 212.8635 us/op, 83314850.00 uJpkg, 0.00 uJdram

WorkloadWarmup   1: 4698 op, 1001030790.00 ns, 213.0759 us/op, 83332245.00 uJpkg, 0.00 uJdram
WorkloadWarmup   2: 4698 op, 1004462246.00 ns, 213.8064 us/op, 83625640.00 uJpkg, 0.00 uJdram
WorkloadWarmup   3: 4698 op, 1004300842.00 ns, 213.7720 us/op, 83387055.00 uJpkg, 0.00 uJdram
WorkloadWarmup   4: 4698 op, 1004727431.00 ns, 213.8628 us/op, 83308503.00 uJpkg, 0.00 uJdram
WorkloadWarmup   5: 4698 op, 1004243336.00 ns, 213.7598 us/op, 83208832.00 uJpkg, 0.00 uJdram
WorkloadWarmup   6: 4698 op, 1004361122.00 ns, 213.7848 us/op, 83841155.00 uJpkg, 0.00 uJdram

// BeforeActualRun
WorkloadActual   1: 4698 op, 1000754253.00 ns, 213.0171 us/op, 83136323.00 uJpkg, 0.00 uJdram
WorkloadActual   2: 4698 op, 1004635472.00 ns, 213.8432 us/op, 83618133.00 uJpkg, 0.00 uJdram
WorkloadActual   3: 4698 op, 1004713816.00 ns, 213.8599 us/op, 82786043.00 uJpkg, 0.00 uJdram
WorkloadActual   4: 4698 op, 1003992464.00 ns, 213.7064 us/op, 83453094.00 uJpkg, 0.00 uJdram
WorkloadActual   5: 4698 op, 1004753746.00 ns, 213.8684 us/op, 83628815.00 uJpkg, 0.00 uJdram
WorkloadActual   6: 4698 op, 1003842557.00 ns, 213.6744 us/op, 83674835.00 uJpkg, 0.00 uJdram
WorkloadActual   7: 4698 op, 1004950189.00 ns, 213.9102 us/op, 84790371.00 uJpkg, 0.00 uJdram
WorkloadActual   8: 4698 op, 1005555227.00 ns, 214.0390 us/op, 84258269.00 uJpkg, 0.00 uJdram
WorkloadActual   9: 4698 op, 1004740475.00 ns, 213.8656 us/op, 83472748.00 uJpkg, 0.00 uJdram
WorkloadActual  10: 4698 op, 1004091680.00 ns, 213.7275 us/op, 83324189.00 uJpkg, 0.00 uJdram
WorkloadActual  11: 4698 op, 1004158389.00 ns, 213.7417 us/op, 83353790.00 uJpkg, 0.00 uJdram
WorkloadActual  12: 4698 op, 1004824054.00 ns, 213.8834 us/op, 83605621.00 uJpkg, 0.00 uJdram
WorkloadActual  13: 4698 op, 1003501078.00 ns, 213.6018 us/op, 82797151.00 uJpkg, 0.00 uJdram
WorkloadActual  14: 4698 op, 1004056170.00 ns, 213.7199 us/op, 83077424.00 uJpkg, 0.00 uJdram
WorkloadActual  15: 4698 op, 1003541654.00 ns, 213.6104 us/op, 82791048.00 uJpkg, 0.00 uJdram

// AfterActualRun
WorkloadResult   1: 4698 op, 1000754253.00 ns, 213.0171 us/op, 83136323.00 uJpkg, 0.00 uJdram
WorkloadResult   2: 4698 op, 1004635472.00 ns, 213.8432 us/op, 83618133.00 uJpkg, 0.00 uJdram
WorkloadResult   3: 4698 op, 1004713816.00 ns, 213.8599 us/op, 82786043.00 uJpkg, 0.00 uJdram
WorkloadResult   4: 4698 op, 1003992464.00 ns, 213.7064 us/op, 83453094.00 uJpkg, 0.00 uJdram
WorkloadResult   5: 4698 op, 1004753746.00 ns, 213.8684 us/op, 83628815.00 uJpkg, 0.00 uJdram
WorkloadResult   6: 4698 op, 1003842557.00 ns, 213.6744 us/op, 83674835.00 uJpkg, 0.00 uJdram
WorkloadResult   7: 4698 op, 1004950189.00 ns, 213.9102 us/op, 84790371.00 uJpkg, 0.00 uJdram
WorkloadResult   8: 4698 op, 1005555227.00 ns, 214.0390 us/op, 84258269.00 uJpkg, 0.00 uJdram
WorkloadResult   9: 4698 op, 1004740475.00 ns, 213.8656 us/op, 83472748.00 uJpkg, 0.00 uJdram
WorkloadResult  10: 4698 op, 1004091680.00 ns, 213.7275 us/op, 83324189.00 uJpkg, 0.00 uJdram
WorkloadResult  11: 4698 op, 1004158389.00 ns, 213.7417 us/op, 83353790.00 uJpkg, 0.00 uJdram
WorkloadResult  12: 4698 op, 1004824054.00 ns, 213.8834 us/op, 83605621.00 uJpkg, 0.00 uJdram
WorkloadResult  13: 4698 op, 1003501078.00 ns, 213.6018 us/op, 82797151.00 uJpkg, 0.00 uJdram
WorkloadResult  14: 4698 op, 1004056170.00 ns, 213.7199 us/op, 83077424.00 uJpkg, 0.00 uJdram
WorkloadResult  15: 4698 op, 1003541654.00 ns, 213.6104 us/op, 82791048.00 uJpkg, 0.00 uJdram

// AfterAll
// Benchmark Process 4059951 has exited with code 0.

Mean = 213.738 μs, StdErr = 0.060 μs (0.03%), N = 15, StdDev = 0.233 μs
Min = 213.017 μs, Q1 = 213.690 μs, Median = 213.742 μs, Q3 = 213.867 μs, Max = 214.039 μs
IQR = 0.177 μs, LowerFence = 213.426 μs, UpperFence = 214.132 μs
ConfidenceInterval = [213.489 μs; 213.987 μs] (CI 99.9%), Margin = 0.249 μs (0.12% of Mean)
Skewness = -1.77, Kurtosis = 6.35, MValue = 2

// ** Remained 27 (90.0%) benchmark(s) to run. Estimated finish 2025-12-31 20:25 (0h 10m from now) **
// **************************
// Benchmark: JsonSerializationBenchmarks.Utf8Json_Deserialize_Large: Overhead-Fixed-Energy-6(OutlierMode=DontRemove, IterationCount=15, IterationTime=1s, LaunchCount=1, WarmupCount=6)
// *** Execute ***
// Launch: 1 / 1
// Execute: dotnet Serialization.Bench-Overhead-Fixed-Energy-6-1.dll --anonymousPipes 103 104 --benchmarkName Serialization.Bench.JsonSerializationBenchmarks.Utf8Json_Deserialize_Large --job Overhead-Fixed-Energy-6 --benchmarkId 3 in /home/test/rapl-tests/lib-energy-bench/src/Serialization.Bench/bin/Release/net8.0/Serialization.Bench-Overhead-Fixed-Energy-6-1/bin/Release/net8.0
// BeforeAnythingElse

// Benchmark Process Environment Information:
// BenchmarkDotNet v0.15.5-develop (2025-12-31)
// Runtime=.NET 8.0.21 (8.0.21, 8.0.2125.47513), X64 RyuJIT x86-64-v4
// GC=Concurrent Workstation
// HardwareIntrinsics=AVX512 IFMA+VBMI,AVX512 F+BW+CD+DQ+VL,AVX2+BMI1+BMI2+F16C+FMA+LZCNT+MOVBE,AVX,SSE3+SSSE3+SSE4.1+SSE4.2+POPCNT,X86Base+SSE+SSE2,AES+PCLMUL VectorSize=256
// Job: Overhead-Fixed-Energy-6(OutlierMode=DontRemove, IterationCount=15, IterationTime=1s, LaunchCount=1, WarmupCount=6)

OverheadJitting  1: 1 op, 141172.00 ns, 141.1720 us/op, 0.00 uJpkg, 0.00 uJdram
WorkloadJitting  1: 1 op, 56789119.00 ns, 56.7891 ms/op, 3448661.00 uJpkg, 0.00 uJdram

OverheadJitting  2: 16 op, 404521.00 ns, 25.2826 us/op, 77575.00 uJpkg, 0.00 uJdram
WorkloadJitting  2: 16 op, 14499733.00 ns, 906.2333 us/op, 966123.00 uJpkg, 0.00 uJdram

WorkloadPilot    1: 16 op, 13549573.00 ns, 846.8483 us/op, 922117.00 uJpkg, 0.00 uJdram
WorkloadPilot    2: 1184 op, 677095826.00 ns, 571.8715 us/op, 58440890.00 uJpkg, 0.00 uJdram
WorkloadPilot    3: 1760 op, 489925670.00 ns, 278.3669 us/op, 39758566.00 uJpkg, 0.00 uJdram
WorkloadPilot    4: 3600 op, 1001248487.00 ns, 278.1246 us/op, 82827730.00 uJpkg, 0.00 uJdram

OverheadWarmup   1: 3600 op, 14799.00 ns, 4.1108 ns/op, 0.00 uJpkg, 0.00 uJdram
OverheadWarmup   2: 3600 op, 13312.00 ns, 3.6978 ns/op, 0.00 uJpkg, 0.00 uJdram
OverheadWarmup   3: 3600 op, 12757.00 ns, 3.5436 ns/op, 0.00 uJpkg, 0.00 uJdram
OverheadWarmup   4: 3600 op, 12749.00 ns, 3.5414 ns/op, 0.00 uJpkg, 0.00 uJdram
OverheadWarmup   5: 3600 op, 12740.00 ns, 3.5389 ns/op, 0.00 uJpkg, 0.00 uJdram
OverheadWarmup   6: 3600 op, 12753.00 ns, 3.5425 ns/op, 0.00 uJpkg, 0.00 uJdram
OverheadWarmup   7: 3600 op, 12780.00 ns, 3.5500 ns/op, 0.00 uJpkg, 0.00 uJdram
OverheadWarmup   8: 3600 op, 12777.00 ns, 3.5492 ns/op, 0.00 uJpkg, 0.00 uJdram
OverheadWarmup   9: 3600 op, 13330.00 ns, 3.7028 ns/op, 0.00 uJpkg, 0.00 uJdram
OverheadWarmup  10: 3600 op, 13314.00 ns, 3.6983 ns/op, 0.00 uJpkg, 0.00 uJdram

OverheadActual   1: 3600 op, 12772.00 ns, 3.5478 ns/op, 0.00 uJpkg, 0.00 uJdram
OverheadActual   2: 3600 op, 12763.00 ns, 3.5453 ns/op, 0.00 uJpkg, 0.00 uJdram
OverheadActual   3: 3600 op, 12771.00 ns, 3.5475 ns/op, 0.00 uJpkg, 0.00 uJdram
OverheadActual   4: 3600 op, 12766.00 ns, 3.5461 ns/op, 0.00 uJpkg, 0.00 uJdram
OverheadActual   5: 3600 op, 12766.00 ns, 3.5461 ns/op, 0.00 uJpkg, 0.00 uJdram
OverheadActual   6: 3600 op, 12759.00 ns, 3.5442 ns/op, 0.00 uJpkg, 0.00 uJdram
OverheadActual   7: 3600 op, 12761.00 ns, 3.5447 ns/op, 0.00 uJpkg, 0.00 uJdram
OverheadActual   8: 3600 op, 12783.00 ns, 3.5508 ns/op, 0.00 uJpkg, 0.00 uJdram
OverheadActual   9: 3600 op, 13148.00 ns, 3.6522 ns/op, 0.00 uJpkg, 0.00 uJdram
OverheadActual  10: 3600 op, 12765.00 ns, 3.5458 ns/op, 0.00 uJpkg, 0.00 uJdram
OverheadActual  11: 3600 op, 12761.00 ns, 3.5447 ns/op, 0.00 uJpkg, 0.00 uJdram
OverheadActual  12: 3600 op, 12795.00 ns, 3.5542 ns/op, 0.00 uJpkg, 0.00 uJdram
OverheadActual  13: 3600 op, 12769.00 ns, 3.5469 ns/op, 0.00 uJpkg, 0.00 uJdram
OverheadActual  14: 3600 op, 13314.00 ns, 3.6983 ns/op, 0.00 uJpkg, 0.00 uJdram
OverheadActual  15: 3600 op, 13306.00 ns, 3.6961 ns/op, 0.00 uJpkg, 0.00 uJdram

WorkloadWarmup   1: 3600 op, 1019782332.00 ns, 283.2729 us/op, 84650052.00 uJpkg, 0.00 uJdram
WorkloadWarmup   2: 3600 op, 1015218166.00 ns, 282.0050 us/op, 81919163.00 uJpkg, 0.00 uJdram
WorkloadWarmup   3: 3600 op, 1019264032.00 ns, 283.1289 us/op, 82895052.00 uJpkg, 0.00 uJdram
WorkloadWarmup   4: 3600 op, 1016057363.00 ns, 282.2382 us/op, 82712374.00 uJpkg, 0.00 uJdram
WorkloadWarmup   5: 3600 op, 1014671896.00 ns, 281.8533 us/op, 82711275.00 uJpkg, 0.00 uJdram
WorkloadWarmup   6: 3600 op, 1015525353.00 ns, 282.0904 us/op, 82380221.00 uJpkg, 0.00 uJdram

// BeforeActualRun
WorkloadActual   1: 3600 op, 1011740055.00 ns, 281.0389 us/op, 82570040.00 uJpkg, 0.00 uJdram
WorkloadActual   2: 3600 op, 1007413134.00 ns, 279.8370 us/op, 81595861.00 uJpkg, 0.00 uJdram
WorkloadActual   3: 3600 op, 1008016651.00 ns, 280.0046 us/op, 82499179.00 uJpkg, 0.00 uJdram
WorkloadActual   4: 3600 op, 1005852362.00 ns, 279.4034 us/op, 81724156.00 uJpkg, 0.00 uJdram
WorkloadActual   5: 3600 op, 1007590922.00 ns, 279.8864 us/op, 82103488.00 uJpkg, 0.00 uJdram
WorkloadActual   6: 3600 op, 1007098924.00 ns, 279.7497 us/op, 81652195.00 uJpkg, 0.00 uJdram
WorkloadActual   7: 3600 op, 1007141802.00 ns, 279.7616 us/op, 81779393.00 uJpkg, 0.00 uJdram
WorkloadActual   8: 3600 op, 1005898778.00 ns, 279.4163 us/op, 82291782.00 uJpkg, 0.00 uJdram
WorkloadActual   9: 3600 op, 1006750220.00 ns, 279.6528 us/op, 81924717.00 uJpkg, 0.00 uJdram
WorkloadActual  10: 3600 op, 1007917286.00 ns, 279.9770 us/op, 83078461.00 uJpkg, 0.00 uJdram
WorkloadActual  11: 3600 op, 1006709652.00 ns, 279.6416 us/op, 82503084.00 uJpkg, 0.00 uJdram
WorkloadActual  12: 3600 op, 1007188508.00 ns, 279.7746 us/op, 82525972.00 uJpkg, 0.00 uJdram
WorkloadActual  13: 3600 op, 1006918666.00 ns, 279.6996 us/op, 83066682.00 uJpkg, 0.00 uJdram
WorkloadActual  14: 3600 op, 1006647485.00 ns, 279.6243 us/op, 82362399.00 uJpkg, 0.00 uJdram
WorkloadActual  15: 3600 op, 1006431551.00 ns, 279.5643 us/op, 82980745.00 uJpkg, 0.00 uJdram

// AfterActualRun
WorkloadResult   1: 3600 op, 1011727286.00 ns, 281.0354 us/op, 82570040.00 uJpkg, 0.00 uJdram
WorkloadResult   2: 3600 op, 1007400365.00 ns, 279.8334 us/op, 81595861.00 uJpkg, 0.00 uJdram
WorkloadResult   3: 3600 op, 1008003882.00 ns, 280.0011 us/op, 82499179.00 uJpkg, 0.00 uJdram
WorkloadResult   4: 3600 op, 1005839593.00 ns, 279.3999 us/op, 81724156.00 uJpkg, 0.00 uJdram
WorkloadResult   5: 3600 op, 1007578153.00 ns, 279.8828 us/op, 82103488.00 uJpkg, 0.00 uJdram
WorkloadResult   6: 3600 op, 1007086155.00 ns, 279.7462 us/op, 81652195.00 uJpkg, 0.00 uJdram
WorkloadResult   7: 3600 op, 1007129033.00 ns, 279.7581 us/op, 81779393.00 uJpkg, 0.00 uJdram
WorkloadResult   8: 3600 op, 1005886009.00 ns, 279.4128 us/op, 82291782.00 uJpkg, 0.00 uJdram
WorkloadResult   9: 3600 op, 1006737451.00 ns, 279.6493 us/op, 81924717.00 uJpkg, 0.00 uJdram
WorkloadResult  10: 3600 op, 1007904517.00 ns, 279.9735 us/op, 83078461.00 uJpkg, 0.00 uJdram
WorkloadResult  11: 3600 op, 1006696883.00 ns, 279.6380 us/op, 82503084.00 uJpkg, 0.00 uJdram
WorkloadResult  12: 3600 op, 1007175739.00 ns, 279.7710 us/op, 82525972.00 uJpkg, 0.00 uJdram
WorkloadResult  13: 3600 op, 1006905897.00 ns, 279.6961 us/op, 83066682.00 uJpkg, 0.00 uJdram
WorkloadResult  14: 3600 op, 1006634716.00 ns, 279.6208 us/op, 82362399.00 uJpkg, 0.00 uJdram
WorkloadResult  15: 3600 op, 1006418782.00 ns, 279.5608 us/op, 82980745.00 uJpkg, 0.00 uJdram

// AfterAll
// Benchmark Process 4059965 has exited with code 0.

Mean = 279.799 μs, StdErr = 0.099 μs (0.04%), N = 15, StdDev = 0.384 μs
Min = 279.400 μs, Q1 = 279.629 μs, Median = 279.746 μs, Q3 = 279.858 μs, Max = 281.035 μs
IQR = 0.229 μs, LowerFence = 279.286 μs, UpperFence = 280.201 μs
ConfidenceInterval = [279.388 μs; 280.210 μs] (CI 99.9%), Margin = 0.411 μs (0.15% of Mean)
Skewness = 2.06, Kurtosis = 7.31, MValue = 2

// ** Remained 26 (86.7%) benchmark(s) to run. Estimated finish 2025-12-31 20:25 (0h 10m from now) **
// **************************
// Benchmark: JsonSerializationBenchmarks.SpanJson_Deserialize_Large: Overhead-Fixed-Energy-6(OutlierMode=DontRemove, IterationCount=15, IterationTime=1s, LaunchCount=1, WarmupCount=6)
// *** Execute ***
// Launch: 1 / 1
// Execute: dotnet Serialization.Bench-Overhead-Fixed-Energy-6-1.dll --anonymousPipes 103 104 --benchmarkName Serialization.Bench.JsonSerializationBenchmarks.SpanJson_Deserialize_Large --job Overhead-Fixed-Energy-6 --benchmarkId 4 in /home/test/rapl-tests/lib-energy-bench/src/Serialization.Bench/bin/Release/net8.0/Serialization.Bench-Overhead-Fixed-Energy-6-1/bin/Release/net8.0
// BeforeAnythingElse

// Benchmark Process Environment Information:
// BenchmarkDotNet v0.15.5-develop (2025-12-31)
// Runtime=.NET 8.0.21 (8.0.21, 8.0.2125.47513), X64 RyuJIT x86-64-v4
// GC=Concurrent Workstation
// HardwareIntrinsics=AVX512 IFMA+VBMI,AVX512 F+BW+CD+DQ+VL,AVX2+BMI1+BMI2+F16C+FMA+LZCNT+MOVBE,AVX,SSE3+SSSE3+SSE4.1+SSE4.2+POPCNT,X86Base+SSE+SSE2,AES+PCLMUL VectorSize=256
// Job: Overhead-Fixed-Energy-6(OutlierMode=DontRemove, IterationCount=15, IterationTime=1s, LaunchCount=1, WarmupCount=6)

OverheadJitting  1: 1 op, 140513.00 ns, 140.5130 us/op, 66651.00 uJpkg, 0.00 uJdram
WorkloadJitting  1: 1 op, 112521230.00 ns, 112.5212 ms/op, 7097516.00 uJpkg, 0.00 uJdram

WorkloadPilot    1: 4 op, 1890702.00 ns, 472.6755 us/op, 136962.00 uJpkg, 0.00 uJdram
WorkloadPilot    2: 2116 op, 409930070.00 ns, 193.7288 us/op, 32187600.00 uJpkg, 0.00 uJdram
WorkloadPilot    3: 5162 op, 779724874.00 ns, 151.0509 us/op, 64003620.00 uJpkg, 0.00 uJdram
WorkloadPilot    4: 6620 op, 998819595.00 ns, 150.8791 us/op, 81876256.00 uJpkg, 0.00 uJdram
WorkloadPilot    5: 6628 op, 999908084.00 ns, 150.8612 us/op, 82536166.00 uJpkg, 0.00 uJdram

WorkloadWarmup   1: 6628 op, 1000949264.00 ns, 151.0183 us/op, 82313876.00 uJpkg, 0.00 uJdram
WorkloadWarmup   2: 6628 op, 1003051769.00 ns, 151.3355 us/op, 82361178.00 uJpkg, 0.00 uJdram
WorkloadWarmup   3: 6628 op, 1003714290.00 ns, 151.4355 us/op, 82642306.00 uJpkg, 0.00 uJdram
WorkloadWarmup   4: 6628 op, 1006441209.00 ns, 151.8469 us/op, 82522372.00 uJpkg, 0.00 uJdram
WorkloadWarmup   5: 6628 op, 1002913991.00 ns, 151.3147 us/op, 82745638.00 uJpkg, 0.00 uJdram
WorkloadWarmup   6: 6628 op, 1002326370.00 ns, 151.2261 us/op, 81988560.00 uJpkg, 0.00 uJdram

// BeforeActualRun
WorkloadActual   1: 6628 op, 1000374319.00 ns, 150.9316 us/op, 82102084.00 uJpkg, 0.00 uJdram
WorkloadActual   2: 6628 op, 1007265758.00 ns, 151.9713 us/op, 83156159.00 uJpkg, 0.00 uJdram
WorkloadActual   3: 6628 op, 1002860844.00 ns, 151.3067 us/op, 80925086.00 uJpkg, 0.00 uJdram
WorkloadActual   4: 6628 op, 1002039264.00 ns, 151.1827 us/op, 81498205.00 uJpkg, 0.00 uJdram
WorkloadActual   5: 6628 op, 1002093490.00 ns, 151.1909 us/op, 81795079.00 uJpkg, 0.00 uJdram
WorkloadActual   6: 6628 op, 1003810935.00 ns, 151.4501 us/op, 83658111.00 uJpkg, 0.00 uJdram
WorkloadActual   7: 6628 op, 1004074253.00 ns, 151.4898 us/op, 82960969.00 uJpkg, 0.00 uJdram
WorkloadActual   8: 6628 op, 1001713844.00 ns, 151.1337 us/op, 81774083.00 uJpkg, 0.00 uJdram
WorkloadActual   9: 6628 op, 1002452286.00 ns, 151.2451 us/op, 81968906.00 uJpkg, 0.00 uJdram
WorkloadActual  10: 6628 op, 1002044692.00 ns, 151.1836 us/op, 81859593.00 uJpkg, 0.00 uJdram
WorkloadActual  11: 6628 op, 1002384824.00 ns, 151.2349 us/op, 82394076.00 uJpkg, 0.00 uJdram
WorkloadActual  12: 6628 op, 1003532080.00 ns, 151.4080 us/op, 81648534.00 uJpkg, 0.00 uJdram
WorkloadActual  13: 6628 op, 1002256965.00 ns, 151.2156 us/op, 81918491.00 uJpkg, 0.00 uJdram
WorkloadActual  14: 6628 op, 1002758512.00 ns, 151.2913 us/op, 82137424.00 uJpkg, 0.00 uJdram
WorkloadActual  15: 6628 op, 1002412439.00 ns, 151.2391 us/op, 81681981.00 uJpkg, 0.00 uJdram

// AfterActualRun
WorkloadResult   1: 6628 op, 1000374319.00 ns, 150.9316 us/op, 82102084.00 uJpkg, 0.00 uJdram
WorkloadResult   2: 6628 op, 1007265758.00 ns, 151.9713 us/op, 83156159.00 uJpkg, 0.00 uJdram
WorkloadResult   3: 6628 op, 1002860844.00 ns, 151.3067 us/op, 80925086.00 uJpkg, 0.00 uJdram
WorkloadResult   4: 6628 op, 1002039264.00 ns, 151.1827 us/op, 81498205.00 uJpkg, 0.00 uJdram
WorkloadResult   5: 6628 op, 1002093490.00 ns, 151.1909 us/op, 81795079.00 uJpkg, 0.00 uJdram
WorkloadResult   6: 6628 op, 1003810935.00 ns, 151.4501 us/op, 83658111.00 uJpkg, 0.00 uJdram
WorkloadResult   7: 6628 op, 1004074253.00 ns, 151.4898 us/op, 82960969.00 uJpkg, 0.00 uJdram
WorkloadResult   8: 6628 op, 1001713844.00 ns, 151.1337 us/op, 81774083.00 uJpkg, 0.00 uJdram
WorkloadResult   9: 6628 op, 1002452286.00 ns, 151.2451 us/op, 81968906.00 uJpkg, 0.00 uJdram
WorkloadResult  10: 6628 op, 1002044692.00 ns, 151.1836 us/op, 81859593.00 uJpkg, 0.00 uJdram
WorkloadResult  11: 6628 op, 1002384824.00 ns, 151.2349 us/op, 82394076.00 uJpkg, 0.00 uJdram
WorkloadResult  12: 6628 op, 1003532080.00 ns, 151.4080 us/op, 81648534.00 uJpkg, 0.00 uJdram
WorkloadResult  13: 6628 op, 1002256965.00 ns, 151.2156 us/op, 81918491.00 uJpkg, 0.00 uJdram
WorkloadResult  14: 6628 op, 1002758512.00 ns, 151.2913 us/op, 82137424.00 uJpkg, 0.00 uJdram
WorkloadResult  15: 6628 op, 1002412439.00 ns, 151.2391 us/op, 81681981.00 uJpkg, 0.00 uJdram

// AfterAll
// Benchmark Process 4059981 has exited with code 0.

Mean = 151.298 μs, StdErr = 0.059 μs (0.04%), N = 15, StdDev = 0.230 μs
Min = 150.932 μs, Q1 = 151.187 μs, Median = 151.239 μs, Q3 = 151.357 μs, Max = 151.971 μs
IQR = 0.170 μs, LowerFence = 150.932 μs, UpperFence = 151.612 μs
ConfidenceInterval = [151.052 μs; 151.544 μs] (CI 99.9%), Margin = 0.246 μs (0.16% of Mean)
Skewness = 1.41, Kurtosis = 5.38, MValue = 2

// ** Remained 25 (83.3%) benchmark(s) to run. Estimated finish 2025-12-31 20:25 (0h 10m from now) **
// **************************
// Benchmark: JsonSerializationBenchmarks.STJ_Deserialize_Medium: Overhead-Fixed-Energy-6(OutlierMode=DontRemove, IterationCount=15, IterationTime=1s, LaunchCount=1, WarmupCount=6)
// *** Execute ***
// Launch: 1 / 1
// Execute: dotnet Serialization.Bench-Overhead-Fixed-Energy-6-1.dll --anonymousPipes 103 104 --benchmarkName Serialization.Bench.JsonSerializationBenchmarks.STJ_Deserialize_Medium --job Overhead-Fixed-Energy-6 --benchmarkId 5 in /home/test/rapl-tests/lib-energy-bench/src/Serialization.Bench/bin/Release/net8.0/Serialization.Bench-Overhead-Fixed-Energy-6-1/bin/Release/net8.0
// BeforeAnythingElse

// Benchmark Process Environment Information:
// BenchmarkDotNet v0.15.5-develop (2025-12-31)
// Runtime=.NET 8.0.21 (8.0.21, 8.0.2125.47513), X64 RyuJIT x86-64-v4
// GC=Concurrent Workstation
// HardwareIntrinsics=AVX512 IFMA+VBMI,AVX512 F+BW+CD+DQ+VL,AVX2+BMI1+BMI2+F16C+FMA+LZCNT+MOVBE,AVX,SSE3+SSSE3+SSE4.1+SSE4.2+POPCNT,X86Base+SSE+SSE2,AES+PCLMUL VectorSize=256
// Job: Overhead-Fixed-Energy-6(OutlierMode=DontRemove, IterationCount=15, IterationTime=1s, LaunchCount=1, WarmupCount=6)

OverheadJitting  1: 1 op, 141802.00 ns, 141.8020 us/op, 0.00 uJpkg, 0.00 uJdram
WorkloadJitting  1: 1 op, 308666.00 ns, 308.6660 us/op, 0.00 uJpkg, 0.00 uJdram

OverheadJitting  2: 16 op, 415294.00 ns, 25.9559 us/op, 0.00 uJpkg, 0.00 uJdram
WorkloadJitting  2: 16 op, 2246885.00 ns, 140.4303 us/op, 224914.00 uJpkg, 0.00 uJdram

WorkloadPilot    1: 16 op, 1847177.00 ns, 115.4486 us/op, 137390.00 uJpkg, 0.00 uJdram
WorkloadPilot    2: 8672 op, 698125701.00 ns, 80.5034 us/op, 59871490.00 uJpkg, 0.00 uJdram
WorkloadPilot    3: 12432 op, 660425138.00 ns, 53.1230 us/op, 55533976.00 uJpkg, 0.00 uJdram
WorkloadPilot    4: 18832 op, 999928885.00 ns, 53.0973 us/op, 83830413.00 uJpkg, 0.00 uJdram
WorkloadPilot    5: 18848 op, 998303758.00 ns, 52.9660 us/op, 83566009.00 uJpkg, 0.00 uJdram
WorkloadPilot    6: 18880 op, 1002794687.00 ns, 53.1141 us/op, 84322111.00 uJpkg, 0.00 uJdram
WorkloadPilot    7: 18832 op, 998713327.00 ns, 53.0328 us/op, 83521881.00 uJpkg, 0.00 uJdram
WorkloadPilot    8: 18864 op, 1003144338.00 ns, 53.1777 us/op, 83986541.00 uJpkg, 0.00 uJdram
WorkloadPilot    9: 18816 op, 997379775.00 ns, 53.0070 us/op, 83264435.00 uJpkg, 0.00 uJdram
WorkloadPilot   10: 18880 op, 1000458367.00 ns, 52.9904 us/op, 84317166.00 uJpkg, 0.00 uJdram

OverheadWarmup   1: 18880 op, 67657.00 ns, 3.5835 ns/op, 0.00 uJpkg, 0.00 uJdram
OverheadWarmup   2: 18880 op, 65808.00 ns, 3.4856 ns/op, 0.00 uJpkg, 0.00 uJdram
OverheadWarmup   3: 18880 op, 65781.00 ns, 3.4842 ns/op, 0.00 uJpkg, 0.00 uJdram
OverheadWarmup   4: 18880 op, 66004.00 ns, 3.4960 ns/op, 0.00 uJpkg, 0.00 uJdram
OverheadWarmup   5: 18880 op, 73218.00 ns, 3.8781 ns/op, 0.00 uJpkg, 0.00 uJdram
OverheadWarmup   6: 18880 op, 65765.00 ns, 3.4833 ns/op, 0.00 uJpkg, 0.00 uJdram
OverheadWarmup   7: 18880 op, 65894.00 ns, 3.4901 ns/op, 0.00 uJpkg, 0.00 uJdram
OverheadWarmup   8: 18880 op, 65747.00 ns, 3.4824 ns/op, 83984.00 uJpkg, 0.00 uJdram

OverheadActual   1: 18880 op, 65807.00 ns, 3.4855 ns/op, 0.00 uJpkg, 0.00 uJdram
OverheadActual   2: 18880 op, 65809.00 ns, 3.4856 ns/op, 0.00 uJpkg, 0.00 uJdram
OverheadActual   3: 18880 op, 66112.00 ns, 3.5017 ns/op, 0.00 uJpkg, 0.00 uJdram
OverheadActual   4: 18880 op, 69526.00 ns, 3.6825 ns/op, 0.00 uJpkg, 0.00 uJdram
OverheadActual   5: 18880 op, 65788.00 ns, 3.4845 ns/op, 0.00 uJpkg, 0.00 uJdram
OverheadActual   6: 18880 op, 66105.00 ns, 3.5013 ns/op, 0.00 uJpkg, 0.00 uJdram
OverheadActual   7: 18880 op, 65757.00 ns, 3.4829 ns/op, 0.00 uJpkg, 0.00 uJdram
OverheadActual   8: 18880 op, 65794.00 ns, 3.4849 ns/op, 0.00 uJpkg, 0.00 uJdram
OverheadActual   9: 18880 op, 65792.00 ns, 3.4847 ns/op, 0.00 uJpkg, 0.00 uJdram
OverheadActual  10: 18880 op, 66166.00 ns, 3.5046 ns/op, 0.00 uJpkg, 0.00 uJdram
OverheadActual  11: 18880 op, 65778.00 ns, 3.4840 ns/op, 0.00 uJpkg, 0.00 uJdram
OverheadActual  12: 18880 op, 65754.00 ns, 3.4827 ns/op, 0.00 uJpkg, 0.00 uJdram
OverheadActual  13: 18880 op, 68970.00 ns, 3.6531 ns/op, 0.00 uJpkg, 0.00 uJdram
OverheadActual  14: 18880 op, 65779.00 ns, 3.4841 ns/op, 0.00 uJpkg, 0.00 uJdram
OverheadActual  15: 18880 op, 65750.00 ns, 3.4825 ns/op, 83557.00 uJpkg, 0.00 uJdram

WorkloadWarmup   1: 18880 op, 1003677608.00 ns, 53.1609 us/op, 86195336.00 uJpkg, 0.00 uJdram
WorkloadWarmup   2: 18880 op, 1001638606.00 ns, 53.0529 us/op, 83537872.00 uJpkg, 0.00 uJdram
WorkloadWarmup   3: 18880 op, 1001591612.00 ns, 53.0504 us/op, 83748565.00 uJpkg, 0.00 uJdram
WorkloadWarmup   4: 18880 op, 1000456589.00 ns, 52.9903 us/op, 83697540.00 uJpkg, 0.00 uJdram
WorkloadWarmup   5: 18880 op, 1000068636.00 ns, 52.9697 us/op, 83573456.00 uJpkg, 0.00 uJdram
WorkloadWarmup   6: 18880 op, 998793409.00 ns, 52.9022 us/op, 83404205.00 uJpkg, 0.00 uJdram

// BeforeActualRun
WorkloadActual   1: 18880 op, 1000554904.00 ns, 52.9955 us/op, 83755462.00 uJpkg, 0.00 uJdram
WorkloadActual   2: 18880 op, 1004520854.00 ns, 53.2056 us/op, 84518277.00 uJpkg, 0.00 uJdram
WorkloadActual   3: 18880 op, 999495956.00 ns, 52.9394 us/op, 83653839.00 uJpkg, 0.00 uJdram
WorkloadActual   4: 18880 op, 998990424.00 ns, 52.9126 us/op, 83723053.00 uJpkg, 0.00 uJdram
WorkloadActual   5: 18880 op, 999685704.00 ns, 52.9495 us/op, 83837493.00 uJpkg, 0.00 uJdram
WorkloadActual   6: 18880 op, 998965645.00 ns, 52.9113 us/op, 83686553.00 uJpkg, 0.00 uJdram
WorkloadActual   7: 18880 op, 998673941.00 ns, 52.8959 us/op, 83621612.00 uJpkg, 0.00 uJdram
WorkloadActual   8: 18880 op, 998917576.00 ns, 52.9088 us/op, 83712005.00 uJpkg, 0.00 uJdram
WorkloadActual   9: 18880 op, 999282267.00 ns, 52.9281 us/op, 83870025.00 uJpkg, 0.00 uJdram
WorkloadActual  10: 18880 op, 1000081954.00 ns, 52.9704 us/op, 84889004.00 uJpkg, 0.00 uJdram
WorkloadActual  11: 18880 op, 999678281.00 ns, 52.9491 us/op, 84011381.00 uJpkg, 0.00 uJdram
WorkloadActual  12: 18880 op, 999123474.00 ns, 52.9197 us/op, 83979277.00 uJpkg, 0.00 uJdram
WorkloadActual  13: 18880 op, 999711920.00 ns, 52.9508 us/op, 84165495.00 uJpkg, 0.00 uJdram
WorkloadActual  14: 18880 op, 998910511.00 ns, 52.9084 us/op, 83788787.00 uJpkg, 0.00 uJdram
WorkloadActual  15: 18880 op, 999147207.00 ns, 52.9209 us/op, 84185026.00 uJpkg, 0.00 uJdram

// AfterActualRun
WorkloadResult   1: 18880 op, 1000489110.00 ns, 52.9920 us/op, 83755462.00 uJpkg, 0.00 uJdram
WorkloadResult   2: 18880 op, 1004455060.00 ns, 53.2021 us/op, 84518277.00 uJpkg, 0.00 uJdram
WorkloadResult   3: 18880 op, 999430162.00 ns, 52.9359 us/op, 83653839.00 uJpkg, 0.00 uJdram
WorkloadResult   4: 18880 op, 998924630.00 ns, 52.9091 us/op, 83723053.00 uJpkg, 0.00 uJdram
WorkloadResult   5: 18880 op, 999619910.00 ns, 52.9460 us/op, 83837493.00 uJpkg, 0.00 uJdram
WorkloadResult   6: 18880 op, 998899851.00 ns, 52.9078 us/op, 83686553.00 uJpkg, 0.00 uJdram
WorkloadResult   7: 18880 op, 998608147.00 ns, 52.8924 us/op, 83621612.00 uJpkg, 0.00 uJdram
WorkloadResult   8: 18880 op, 998851782.00 ns, 52.9053 us/op, 83712005.00 uJpkg, 0.00 uJdram
WorkloadResult   9: 18880 op, 999216473.00 ns, 52.9246 us/op, 83870025.00 uJpkg, 0.00 uJdram
WorkloadResult  10: 18880 op, 1000016160.00 ns, 52.9670 us/op, 84889004.00 uJpkg, 0.00 uJdram
WorkloadResult  11: 18880 op, 999612487.00 ns, 52.9456 us/op, 84011381.00 uJpkg, 0.00 uJdram
WorkloadResult  12: 18880 op, 999057680.00 ns, 52.9162 us/op, 83979277.00 uJpkg, 0.00 uJdram
WorkloadResult  13: 18880 op, 999646126.00 ns, 52.9474 us/op, 84165495.00 uJpkg, 0.00 uJdram
WorkloadResult  14: 18880 op, 998844717.00 ns, 52.9049 us/op, 83788787.00 uJpkg, 0.00 uJdram
WorkloadResult  15: 18880 op, 999081413.00 ns, 52.9174 us/op, 84185026.00 uJpkg, 0.00 uJdram

// AfterAll
// Benchmark Process 4060002 has exited with code 0.

Mean = 52.948 μs, StdErr = 0.019 μs (0.04%), N = 15, StdDev = 0.075 μs
Min = 52.892 μs, Q1 = 52.908 μs, Median = 52.925 μs, Q3 = 52.947 μs, Max = 53.202 μs
IQR = 0.038 μs, LowerFence = 52.851 μs, UpperFence = 53.004 μs
ConfidenceInterval = [52.867 μs; 53.028 μs] (CI 99.9%), Margin = 0.081 μs (0.15% of Mean)
Skewness = 2.51, Kurtosis = 8.75, MValue = 2

// ** Remained 24 (80.0%) benchmark(s) to run. Estimated finish 2025-12-31 20:25 (0h 10m from now) **
// **************************
// Benchmark: JsonSerializationBenchmarks.Newtonsoft_Deserialize_Medium: Overhead-Fixed-Energy-6(OutlierMode=DontRemove, IterationCount=15, IterationTime=1s, LaunchCount=1, WarmupCount=6)
// *** Execute ***
// Launch: 1 / 1
// Execute: dotnet Serialization.Bench-Overhead-Fixed-Energy-6-1.dll --anonymousPipes 103 104 --benchmarkName Serialization.Bench.JsonSerializationBenchmarks.Newtonsoft_Deserialize_Medium --job Overhead-Fixed-Energy-6 --benchmarkId 6 in /home/test/rapl-tests/lib-energy-bench/src/Serialization.Bench/bin/Release/net8.0/Serialization.Bench-Overhead-Fixed-Energy-6-1/bin/Release/net8.0
// BeforeAnythingElse

// Benchmark Process Environment Information:
// BenchmarkDotNet v0.15.5-develop (2025-12-31)
// Runtime=.NET 8.0.21 (8.0.21, 8.0.2125.47513), X64 RyuJIT x86-64-v4
// GC=Concurrent Workstation
// HardwareIntrinsics=AVX512 IFMA+VBMI,AVX512 F+BW+CD+DQ+VL,AVX2+BMI1+BMI2+F16C+FMA+LZCNT+MOVBE,AVX,SSE3+SSSE3+SSE4.1+SSE4.2+POPCNT,X86Base+SSE+SSE2,AES+PCLMUL VectorSize=256
// Job: Overhead-Fixed-Energy-6(OutlierMode=DontRemove, IterationCount=15, IterationTime=1s, LaunchCount=1, WarmupCount=6)

OverheadJitting  1: 1 op, 143111.00 ns, 143.1110 us/op, 0.00 uJpkg, 0.00 uJdram
WorkloadJitting  1: 1 op, 53602965.00 ns, 53.6030 ms/op, 3654287.00 uJpkg, 0.00 uJdram

OverheadJitting  2: 16 op, 404410.00 ns, 25.2756 us/op, 58227.00 uJpkg, 0.00 uJdram
WorkloadJitting  2: 16 op, 5745850.00 ns, 359.1156 us/op, 416931.00 uJpkg, 0.00 uJdram

WorkloadPilot    1: 16 op, 5099258.00 ns, 318.7036 us/op, 390136.00 uJpkg, 0.00 uJdram
WorkloadPilot    2: 3152 op, 448444088.00 ns, 142.2729 us/op, 37586329.00 uJpkg, 0.00 uJdram
WorkloadPilot    3: 7040 op, 477900593.00 ns, 67.8836 us/op, 40637225.00 uJpkg, 0.00 uJdram
WorkloadPilot    4: 14736 op, 998304588.00 ns, 67.7460 us/op, 84881801.00 uJpkg, 0.00 uJdram
WorkloadPilot    5: 14768 op, 999353595.00 ns, 67.6702 us/op, 85040370.00 uJpkg, 0.00 uJdram
WorkloadPilot    6: 14784 op, 997914292.00 ns, 67.4996 us/op, 84593900.00 uJpkg, 0.00 uJdram
WorkloadPilot    7: 14816 op, 1007241080.00 ns, 67.9833 us/op, 85261683.00 uJpkg, 0.00 uJdram
WorkloadPilot    8: 14720 op, 996643746.00 ns, 67.7068 us/op, 84201139.00 uJpkg, 0.00 uJdram
WorkloadPilot    9: 14784 op, 997571001.00 ns, 67.4764 us/op, 84441190.00 uJpkg, 0.00 uJdram
WorkloadPilot   10: 14832 op, 1004810581.00 ns, 67.7461 us/op, 85814233.00 uJpkg, 0.00 uJdram
WorkloadPilot   11: 14768 op, 995546453.00 ns, 67.4124 us/op, 84261442.00 uJpkg, 0.00 uJdram
WorkloadPilot   12: 14848 op, 1007503765.00 ns, 67.8545 us/op, 85613001.00 uJpkg, 0.00 uJdram

OverheadWarmup   1: 14848 op, 54504.00 ns, 3.6708 ns/op, 0.00 uJpkg, 0.00 uJdram
OverheadWarmup   2: 14848 op, 51790.00 ns, 3.4880 ns/op, 0.00 uJpkg, 0.00 uJdram
OverheadWarmup   3: 14848 op, 51781.00 ns, 3.4874 ns/op, 0.00 uJpkg, 0.00 uJdram
OverheadWarmup   4: 14848 op, 51791.00 ns, 3.4881 ns/op, 0.00 uJpkg, 0.00 uJdram
OverheadWarmup   5: 14848 op, 51906.00 ns, 3.4958 ns/op, 0.00 uJpkg, 0.00 uJdram
OverheadWarmup   6: 14848 op, 51787.00 ns, 3.4878 ns/op, 0.00 uJpkg, 0.00 uJdram
OverheadWarmup   7: 14848 op, 51796.00 ns, 3.4884 ns/op, 0.00 uJpkg, 0.00 uJdram
OverheadWarmup   8: 14848 op, 51780.00 ns, 3.4873 ns/op, 0.00 uJpkg, 0.00 uJdram

OverheadActual   1: 14848 op, 54293.00 ns, 3.6566 ns/op, 0.00 uJpkg, 0.00 uJdram
OverheadActual   2: 14848 op, 51804.00 ns, 3.4890 ns/op, 0.00 uJpkg, 0.00 uJdram
OverheadActual   3: 14848 op, 51753.00 ns, 3.4855 ns/op, 0.00 uJpkg, 0.00 uJdram
OverheadActual   4: 14848 op, 53989.00 ns, 3.6361 ns/op, 0.00 uJpkg, 0.00 uJdram
OverheadActual   5: 14848 op, 53756.00 ns, 3.6204 ns/op, 0.00 uJpkg, 0.00 uJdram
OverheadActual   6: 14848 op, 52128.00 ns, 3.5108 ns/op, 0.00 uJpkg, 0.00 uJdram
OverheadActual   7: 14848 op, 51795.00 ns, 3.4883 ns/op, 0.00 uJpkg, 0.00 uJdram
OverheadActual   8: 14848 op, 51792.00 ns, 3.4881 ns/op, 0.00 uJpkg, 0.00 uJdram
OverheadActual   9: 14848 op, 51780.00 ns, 3.4873 ns/op, 0.00 uJpkg, 0.00 uJdram
OverheadActual  10: 14848 op, 52123.00 ns, 3.5104 ns/op, 0.00 uJpkg, 0.00 uJdram
OverheadActual  11: 14848 op, 51785.00 ns, 3.4877 ns/op, 0.00 uJpkg, 0.00 uJdram
OverheadActual  12: 14848 op, 51749.00 ns, 3.4853 ns/op, 0.00 uJpkg, 0.00 uJdram
OverheadActual  13: 14848 op, 55199.00 ns, 3.7176 ns/op, 0.00 uJpkg, 0.00 uJdram
OverheadActual  14: 14848 op, 51791.00 ns, 3.4881 ns/op, 0.00 uJpkg, 0.00 uJdram
OverheadActual  15: 14848 op, 52148.00 ns, 3.5121 ns/op, 0.00 uJpkg, 0.00 uJdram

WorkloadWarmup   1: 14848 op, 1001224771.00 ns, 67.4316 us/op, 87155173.00 uJpkg, 0.00 uJdram
WorkloadWarmup   2: 14848 op, 1001266511.00 ns, 67.4344 us/op, 84757901.00 uJpkg, 0.00 uJdram
WorkloadWarmup   3: 14848 op, 997981284.00 ns, 67.2132 us/op, 84589932.00 uJpkg, 0.00 uJdram
WorkloadWarmup   4: 14848 op, 1001528388.00 ns, 67.4521 us/op, 84947598.00 uJpkg, 0.00 uJdram
WorkloadWarmup   5: 14848 op, 997012329.00 ns, 67.1479 us/op, 84261564.00 uJpkg, 0.00 uJdram
WorkloadWarmup   6: 14848 op, 997663814.00 ns, 67.1918 us/op, 84516996.00 uJpkg, 0.00 uJdram

// BeforeActualRun
WorkloadActual   1: 14848 op, 1003224901.00 ns, 67.5663 us/op, 85144374.00 uJpkg, 0.00 uJdram
WorkloadActual   2: 14848 op, 1007094783.00 ns, 67.8270 us/op, 85470362.00 uJpkg, 0.00 uJdram
WorkloadActual   3: 14848 op, 1006573035.00 ns, 67.7918 us/op, 85562526.00 uJpkg, 0.00 uJdram
WorkloadActual   4: 14848 op, 1005277108.00 ns, 67.7045 us/op, 85484827.00 uJpkg, 0.00 uJdram
WorkloadActual   5: 14848 op, 1007809823.00 ns, 67.8751 us/op, 85616969.00 uJpkg, 0.00 uJdram
WorkloadActual   6: 14848 op, 1009355022.00 ns, 67.9792 us/op, 85382411.00 uJpkg, 0.00 uJdram
WorkloadActual   7: 14848 op, 1007116760.00 ns, 67.8284 us/op, 85352687.00 uJpkg, 0.00 uJdram
WorkloadActual   8: 14848 op, 1007597722.00 ns, 67.8608 us/op, 85416224.00 uJpkg, 0.00 uJdram
WorkloadActual   9: 14848 op, 1008984021.00 ns, 67.9542 us/op, 85362514.00 uJpkg, 0.00 uJdram
WorkloadActual  10: 14848 op, 1010942160.00 ns, 68.0861 us/op, 86926780.00 uJpkg, 0.00 uJdram
WorkloadActual  11: 14848 op, 1014230732.00 ns, 68.3076 us/op, 86708274.00 uJpkg, 0.00 uJdram
WorkloadActual  12: 14848 op, 1006622368.00 ns, 67.7951 us/op, 86197533.00 uJpkg, 0.00 uJdram
WorkloadActual  13: 14848 op, 1005684434.00 ns, 67.7320 us/op, 85773279.00 uJpkg, 0.00 uJdram
WorkloadActual  14: 14848 op, 1001975541.00 ns, 67.4822 us/op, 85152187.00 uJpkg, 0.00 uJdram
WorkloadActual  15: 14848 op, 1010319873.00 ns, 68.0442 us/op, 86058069.00 uJpkg, 0.00 uJdram

// AfterActualRun
WorkloadResult   1: 14848 op, 1003173097.00 ns, 67.5628 us/op, 85144374.00 uJpkg, 0.00 uJdram
WorkloadResult   2: 14848 op, 1007042979.00 ns, 67.8235 us/op, 85470362.00 uJpkg, 0.00 uJdram
WorkloadResult   3: 14848 op, 1006521231.00 ns, 67.7883 us/op, 85562526.00 uJpkg, 0.00 uJdram
WorkloadResult   4: 14848 op, 1005225304.00 ns, 67.7011 us/op, 85484827.00 uJpkg, 0.00 uJdram
WorkloadResult   5: 14848 op, 1007758019.00 ns, 67.8716 us/op, 85616969.00 uJpkg, 0.00 uJdram
WorkloadResult   6: 14848 op, 1009303218.00 ns, 67.9757 us/op, 85382411.00 uJpkg, 0.00 uJdram
WorkloadResult   7: 14848 op, 1007064956.00 ns, 67.8250 us/op, 85352687.00 uJpkg, 0.00 uJdram
WorkloadResult   8: 14848 op, 1007545918.00 ns, 67.8573 us/op, 85416224.00 uJpkg, 0.00 uJdram
WorkloadResult   9: 14848 op, 1008932217.00 ns, 67.9507 us/op, 85362514.00 uJpkg, 0.00 uJdram
WorkloadResult  10: 14848 op, 1010890356.00 ns, 68.0826 us/op, 86926780.00 uJpkg, 0.00 uJdram
WorkloadResult  11: 14848 op, 1014178928.00 ns, 68.3041 us/op, 86708274.00 uJpkg, 0.00 uJdram
WorkloadResult  12: 14848 op, 1006570564.00 ns, 67.7917 us/op, 86197533.00 uJpkg, 0.00 uJdram
WorkloadResult  13: 14848 op, 1005632630.00 ns, 67.7285 us/op, 85773279.00 uJpkg, 0.00 uJdram
WorkloadResult  14: 14848 op, 1001923737.00 ns, 67.4787 us/op, 85152187.00 uJpkg, 0.00 uJdram
WorkloadResult  15: 14848 op, 1010268069.00 ns, 68.0407 us/op, 86058069.00 uJpkg, 0.00 uJdram

// AfterAll
// Benchmark Process 4060019 has exited with code 0.

Mean = 67.852 μs, StdErr = 0.053 μs (0.08%), N = 15, StdDev = 0.205 μs
Min = 67.479 μs, Q1 = 67.758 μs, Median = 67.825 μs, Q3 = 67.963 μs, Max = 68.304 μs
IQR = 0.205 μs, LowerFence = 67.451 μs, UpperFence = 68.270 μs
ConfidenceInterval = [67.633 μs; 68.071 μs] (CI 99.9%), Margin = 0.219 μs (0.32% of Mean)
Skewness = 0.25, Kurtosis = 2.76, MValue = 2

// ** Remained 23 (76.7%) benchmark(s) to run. Estimated finish 2025-12-31 20:26 (0h 9m from now) **
// **************************
// Benchmark: JsonSerializationBenchmarks.Jil_Deserialize_Medium: Overhead-Fixed-Energy-6(OutlierMode=DontRemove, IterationCount=15, IterationTime=1s, LaunchCount=1, WarmupCount=6)
// *** Execute ***
// Launch: 1 / 1
// Execute: dotnet Serialization.Bench-Overhead-Fixed-Energy-6-1.dll --anonymousPipes 103 104 --benchmarkName Serialization.Bench.JsonSerializationBenchmarks.Jil_Deserialize_Medium --job Overhead-Fixed-Energy-6 --benchmarkId 7 in /home/test/rapl-tests/lib-energy-bench/src/Serialization.Bench/bin/Release/net8.0/Serialization.Bench-Overhead-Fixed-Energy-6-1/bin/Release/net8.0
// BeforeAnythingElse

// Benchmark Process Environment Information:
// BenchmarkDotNet v0.15.5-develop (2025-12-31)
// Runtime=.NET 8.0.21 (8.0.21, 8.0.2125.47513), X64 RyuJIT x86-64-v4
// GC=Concurrent Workstation
// HardwareIntrinsics=AVX512 IFMA+VBMI,AVX512 F+BW+CD+DQ+VL,AVX2+BMI1+BMI2+F16C+FMA+LZCNT+MOVBE,AVX,SSE3+SSSE3+SSE4.1+SSE4.2+POPCNT,X86Base+SSE+SSE2,AES+PCLMUL VectorSize=256
// Job: Overhead-Fixed-Energy-6(OutlierMode=DontRemove, IterationCount=15, IterationTime=1s, LaunchCount=1, WarmupCount=6)

OverheadJitting  1: 1 op, 143932.00 ns, 143.9320 us/op, 77515.00 uJpkg, 0.00 uJdram
WorkloadJitting  1: 1 op, 199213888.00 ns, 199.2139 ms/op, 12661589.00 uJpkg, 0.00 uJdram

WorkloadPilot    1: 4 op, 782564.00 ns, 195.6410 us/op, 59998.00 uJpkg, 0.00 uJdram
WorkloadPilot    2: 5111 op, 382963738.00 ns, 74.9293 us/op, 29443528.00 uJpkg, 0.00 uJdram
WorkloadPilot    3: 13346 op, 737908946.00 ns, 55.2906 us/op, 59279511.00 uJpkg, 0.00 uJdram
WorkloadPilot    4: 18086 op, 998056406.00 ns, 55.1839 us/op, 80436623.00 uJpkg, 0.00 uJdram
WorkloadPilot    5: 18121 op, 999703968.00 ns, 55.1683 us/op, 80596352.00 uJpkg, 0.00 uJdram
WorkloadPilot    6: 18126 op, 999567477.00 ns, 55.1455 us/op, 80698890.00 uJpkg, 0.00 uJdram
WorkloadPilot    7: 18134 op, 1004451419.00 ns, 55.3905 us/op, 81339636.00 uJpkg, 0.00 uJdram
WorkloadPilot    8: 18054 op, 999027461.00 ns, 55.3355 us/op, 80642677.00 uJpkg, 0.00 uJdram
WorkloadPilot    9: 18072 op, 996995163.00 ns, 55.1679 us/op, 80660804.00 uJpkg, 0.00 uJdram
WorkloadPilot   10: 18126 op, 997621530.00 ns, 55.0382 us/op, 81920750.00 uJpkg, 0.00 uJdram
WorkloadPilot   11: 18169 op, 1004417120.00 ns, 55.2819 us/op, 80737403.00 uJpkg, 0.00 uJdram
WorkloadPilot   12: 18089 op, 1001058510.00 ns, 55.3407 us/op, 80962867.00 uJpkg, 0.00 uJdram

WorkloadWarmup   1: 18089 op, 997833761.00 ns, 55.1625 us/op, 79717936.00 uJpkg, 0.00 uJdram
WorkloadWarmup   2: 18089 op, 1002612630.00 ns, 55.4266 us/op, 80759681.00 uJpkg, 0.00 uJdram
WorkloadWarmup   3: 18089 op, 997781893.00 ns, 55.1596 us/op, 79832376.00 uJpkg, 0.00 uJdram
WorkloadWarmup   4: 18089 op, 995919678.00 ns, 55.0566 us/op, 80749671.00 uJpkg, 0.00 uJdram
WorkloadWarmup   5: 18089 op, 998362633.00 ns, 55.1917 us/op, 81693272.00 uJpkg, 0.00 uJdram
WorkloadWarmup   6: 18089 op, 994171398.00 ns, 54.9600 us/op, 80913855.00 uJpkg, 0.00 uJdram

// BeforeActualRun
WorkloadActual   1: 18089 op, 997126344.00 ns, 55.1234 us/op, 79967263.00 uJpkg, 0.00 uJdram
WorkloadActual   2: 18089 op, 995078821.00 ns, 55.0102 us/op, 80328225.00 uJpkg, 0.00 uJdram
WorkloadActual   3: 18089 op, 997580580.00 ns, 55.1485 us/op, 80347085.00 uJpkg, 0.00 uJdram
WorkloadActual   4: 18089 op, 1000279183.00 ns, 55.2976 us/op, 80679175.00 uJpkg, 0.00 uJdram
WorkloadActual   5: 18089 op, 995271730.00 ns, 55.0208 us/op, 79522685.00 uJpkg, 0.00 uJdram
WorkloadActual   6: 18089 op, 996253125.00 ns, 55.0751 us/op, 80162026.00 uJpkg, 0.00 uJdram
WorkloadActual   7: 18089 op, 994495396.00 ns, 54.9779 us/op, 79737894.00 uJpkg, 0.00 uJdram
WorkloadActual   8: 18089 op, 994731960.00 ns, 54.9910 us/op, 79746561.00 uJpkg, 0.00 uJdram
WorkloadActual   9: 18089 op, 994014069.00 ns, 54.9513 us/op, 79540629.00 uJpkg, 0.00 uJdram
WorkloadActual  10: 18089 op, 995498866.00 ns, 55.0334 us/op, 80489234.00 uJpkg, 0.00 uJdram
WorkloadActual  11: 18089 op, 994224369.00 ns, 54.9629 us/op, 80045999.00 uJpkg, 0.00 uJdram
WorkloadActual  12: 18089 op, 995996801.00 ns, 55.0609 us/op, 80043008.00 uJpkg, 0.00 uJdram
WorkloadActual  13: 18089 op, 994860242.00 ns, 54.9981 us/op, 79983804.00 uJpkg, 0.00 uJdram
WorkloadActual  14: 18089 op, 995402431.00 ns, 55.0281 us/op, 81044531.00 uJpkg, 0.00 uJdram
WorkloadActual  15: 18089 op, 993268399.00 ns, 54.9101 us/op, 79777567.00 uJpkg, 0.00 uJdram

// AfterActualRun
WorkloadResult   1: 18089 op, 997126344.00 ns, 55.1234 us/op, 79967263.00 uJpkg, 0.00 uJdram
WorkloadResult   2: 18089 op, 995078821.00 ns, 55.0102 us/op, 80328225.00 uJpkg, 0.00 uJdram
WorkloadResult   3: 18089 op, 997580580.00 ns, 55.1485 us/op, 80347085.00 uJpkg, 0.00 uJdram
WorkloadResult   4: 18089 op, 1000279183.00 ns, 55.2976 us/op, 80679175.00 uJpkg, 0.00 uJdram
WorkloadResult   5: 18089 op, 995271730.00 ns, 55.0208 us/op, 79522685.00 uJpkg, 0.00 uJdram
WorkloadResult   6: 18089 op, 996253125.00 ns, 55.0751 us/op, 80162026.00 uJpkg, 0.00 uJdram
WorkloadResult   7: 18089 op, 994495396.00 ns, 54.9779 us/op, 79737894.00 uJpkg, 0.00 uJdram
WorkloadResult   8: 18089 op, 994731960.00 ns, 54.9910 us/op, 79746561.00 uJpkg, 0.00 uJdram
WorkloadResult   9: 18089 op, 994014069.00 ns, 54.9513 us/op, 79540629.00 uJpkg, 0.00 uJdram
WorkloadResult  10: 18089 op, 995498866.00 ns, 55.0334 us/op, 80489234.00 uJpkg, 0.00 uJdram
WorkloadResult  11: 18089 op, 994224369.00 ns, 54.9629 us/op, 80045999.00 uJpkg, 0.00 uJdram
WorkloadResult  12: 18089 op, 995996801.00 ns, 55.0609 us/op, 80043008.00 uJpkg, 0.00 uJdram
WorkloadResult  13: 18089 op, 994860242.00 ns, 54.9981 us/op, 79983804.00 uJpkg, 0.00 uJdram
WorkloadResult  14: 18089 op, 995402431.00 ns, 55.0281 us/op, 81044531.00 uJpkg, 0.00 uJdram
WorkloadResult  15: 18089 op, 993268399.00 ns, 54.9101 us/op, 79777567.00 uJpkg, 0.00 uJdram

// AfterAll
// Benchmark Process 4060036 has exited with code 0.

Mean = 55.039 μs, StdErr = 0.025 μs (0.04%), N = 15, StdDev = 0.095 μs
Min = 54.910 μs, Q1 = 54.984 μs, Median = 55.021 μs, Q3 = 55.068 μs, Max = 55.298 μs
IQR = 0.084 μs, LowerFence = 54.859 μs, UpperFence = 55.193 μs
ConfidenceInterval = [54.937 μs; 55.141 μs] (CI 99.9%), Margin = 0.102 μs (0.18% of Mean)
Skewness = 1.2, Kurtosis = 4.09, MValue = 2

// ** Remained 22 (73.3%) benchmark(s) to run. Estimated finish 2025-12-31 20:26 (0h 9m from now) **
// **************************
// Benchmark: JsonSerializationBenchmarks.Utf8Json_Deserialize_Medium: Overhead-Fixed-Energy-6(OutlierMode=DontRemove, IterationCount=15, IterationTime=1s, LaunchCount=1, WarmupCount=6)
// *** Execute ***
// Launch: 1 / 1
// Execute: dotnet Serialization.Bench-Overhead-Fixed-Energy-6-1.dll --anonymousPipes 103 104 --benchmarkName Serialization.Bench.JsonSerializationBenchmarks.Utf8Json_Deserialize_Medium --job Overhead-Fixed-Energy-6 --benchmarkId 8 in /home/test/rapl-tests/lib-energy-bench/src/Serialization.Bench/bin/Release/net8.0/Serialization.Bench-Overhead-Fixed-Energy-6-1/bin/Release/net8.0
// BeforeAnythingElse

// Benchmark Process Environment Information:
// BenchmarkDotNet v0.15.5-develop (2025-12-31)
// Runtime=.NET 8.0.21 (8.0.21, 8.0.2125.47513), X64 RyuJIT x86-64-v4
// GC=Concurrent Workstation
// HardwareIntrinsics=AVX512 IFMA+VBMI,AVX512 F+BW+CD+DQ+VL,AVX2+BMI1+BMI2+F16C+FMA+LZCNT+MOVBE,AVX,SSE3+SSSE3+SSE4.1+SSE4.2+POPCNT,X86Base+SSE+SSE2,AES+PCLMUL VectorSize=256
// Job: Overhead-Fixed-Energy-6(OutlierMode=DontRemove, IterationCount=15, IterationTime=1s, LaunchCount=1, WarmupCount=6)

OverheadJitting  1: 1 op, 141075.00 ns, 141.0750 us/op, 0.00 uJpkg, 0.00 uJdram
WorkloadJitting  1: 1 op, 55932818.00 ns, 55.9328 ms/op, 3438650.00 uJpkg, 0.00 uJdram

OverheadJitting  2: 16 op, 403601.00 ns, 25.2251 us/op, 65368.00 uJpkg, 0.00 uJdram
WorkloadJitting  2: 16 op, 4835669.00 ns, 302.2293 us/op, 355224.00 uJpkg, 0.00 uJdram

WorkloadPilot    1: 16 op, 4078366.00 ns, 254.8979 us/op, 247619.00 uJpkg, 0.00 uJdram
WorkloadPilot    2: 3936 op, 702505797.00 ns, 178.4822 us/op, 61245143.00 uJpkg, 0.00 uJdram
WorkloadPilot    3: 5616 op, 349688522.00 ns, 62.2665 us/op, 29324998.00 uJpkg, 0.00 uJdram
WorkloadPilot    4: 16064 op, 993136417.00 ns, 61.8237 us/op, 82711642.00 uJpkg, 0.00 uJdram
WorkloadPilot    5: 16176 op, 998568060.00 ns, 61.7315 us/op, 83109406.00 uJpkg, 0.00 uJdram
WorkloadPilot    6: 16208 op, 1003372993.00 ns, 61.9060 us/op, 84273710.00 uJpkg, 0.00 uJdram
WorkloadPilot    7: 16160 op, 998363709.00 ns, 61.7799 us/op, 83289582.00 uJpkg, 0.00 uJdram
WorkloadPilot    8: 16192 op, 1001435515.00 ns, 61.8475 us/op, 83490998.00 uJpkg, 0.00 uJdram
WorkloadPilot    9: 16176 op, 997724860.00 ns, 61.6793 us/op, 83242035.00 uJpkg, 0.00 uJdram
WorkloadPilot   10: 16224 op, 1003823230.00 ns, 61.8727 us/op, 84898525.00 uJpkg, 0.00 uJdram

OverheadWarmup   1: 16224 op, 58631.00 ns, 3.6138 ns/op, 0.00 uJpkg, 0.00 uJdram
OverheadWarmup   2: 16224 op, 56564.00 ns, 3.4864 ns/op, 0.00 uJpkg, 0.00 uJdram
OverheadWarmup   3: 16224 op, 57522.00 ns, 3.5455 ns/op, 0.00 uJpkg, 0.00 uJdram
OverheadWarmup   4: 16224 op, 57537.00 ns, 3.5464 ns/op, 0.00 uJpkg, 0.00 uJdram
OverheadWarmup   5: 16224 op, 56972.00 ns, 3.5116 ns/op, 0.00 uJpkg, 0.00 uJdram
OverheadWarmup   6: 16224 op, 60448.00 ns, 3.7258 ns/op, 0.00 uJpkg, 0.00 uJdram
OverheadWarmup   7: 16224 op, 56577.00 ns, 3.4872 ns/op, 0.00 uJpkg, 0.00 uJdram

OverheadActual   1: 16224 op, 56586.00 ns, 3.4878 ns/op, 0.00 uJpkg, 0.00 uJdram
OverheadActual   2: 16224 op, 56935.00 ns, 3.5093 ns/op, 0.00 uJpkg, 0.00 uJdram
OverheadActual   3: 16224 op, 56585.00 ns, 3.4877 ns/op, 0.00 uJpkg, 0.00 uJdram
OverheadActual   4: 16224 op, 56575.00 ns, 3.4871 ns/op, 0.00 uJpkg, 0.00 uJdram
OverheadActual   5: 16224 op, 56573.00 ns, 3.4870 ns/op, 0.00 uJpkg, 0.00 uJdram
OverheadActual   6: 16224 op, 60617.00 ns, 3.7363 ns/op, 0.00 uJpkg, 0.00 uJdram
OverheadActual   7: 16224 op, 56539.00 ns, 3.4849 ns/op, 0.00 uJpkg, 0.00 uJdram
OverheadActual   8: 16224 op, 56543.00 ns, 3.4851 ns/op, 0.00 uJpkg, 0.00 uJdram
OverheadActual   9: 16224 op, 56529.00 ns, 3.4843 ns/op, 0.00 uJpkg, 0.00 uJdram
OverheadActual  10: 16224 op, 56935.00 ns, 3.5093 ns/op, 0.00 uJpkg, 0.00 uJdram
OverheadActual  11: 16224 op, 57597.00 ns, 3.5501 ns/op, 0.00 uJpkg, 0.00 uJdram
OverheadActual  12: 16224 op, 57553.00 ns, 3.5474 ns/op, 0.00 uJpkg, 0.00 uJdram
OverheadActual  13: 16224 op, 57528.00 ns, 3.5459 ns/op, 0.00 uJpkg, 0.00 uJdram
OverheadActual  14: 16224 op, 57005.00 ns, 3.5136 ns/op, 0.00 uJpkg, 0.00 uJdram
OverheadActual  15: 16224 op, 57586.00 ns, 3.5494 ns/op, 0.00 uJpkg, 0.00 uJdram

WorkloadWarmup   1: 16224 op, 1011914655.00 ns, 62.3715 us/op, 88217609.00 uJpkg, 0.00 uJdram
WorkloadWarmup   2: 16224 op, 1008068076.00 ns, 62.1344 us/op, 84395719.00 uJpkg, 0.00 uJdram
WorkloadWarmup   3: 16224 op, 1006363547.00 ns, 62.0293 us/op, 84627225.00 uJpkg, 0.00 uJdram
WorkloadWarmup   4: 16224 op, 1005650335.00 ns, 61.9854 us/op, 84770352.00 uJpkg, 0.00 uJdram
WorkloadWarmup   5: 16224 op, 1005783836.00 ns, 61.9936 us/op, 84631314.00 uJpkg, 0.00 uJdram
WorkloadWarmup   6: 16224 op, 1007230029.00 ns, 62.0827 us/op, 85961267.00 uJpkg, 0.00 uJdram

// BeforeActualRun
WorkloadActual   1: 16224 op, 1005099083.00 ns, 61.9514 us/op, 84879971.00 uJpkg, 0.00 uJdram
WorkloadActual   2: 16224 op, 1002050831.00 ns, 61.7635 us/op, 84556607.00 uJpkg, 0.00 uJdram
WorkloadActual   3: 16224 op, 1004453737.00 ns, 61.9116 us/op, 84378019.00 uJpkg, 0.00 uJdram
WorkloadActual   4: 16224 op, 1001709061.00 ns, 61.7424 us/op, 84344694.00 uJpkg, 0.00 uJdram
WorkloadActual   5: 16224 op, 1004854796.00 ns, 61.9363 us/op, 84260649.00 uJpkg, 0.00 uJdram
WorkloadActual   6: 16224 op, 1003362295.00 ns, 61.8443 us/op, 84038054.00 uJpkg, 0.00 uJdram
WorkloadActual   7: 16224 op, 1002046716.00 ns, 61.7632 us/op, 83886076.00 uJpkg, 0.00 uJdram
WorkloadActual   8: 16224 op, 1003150497.00 ns, 61.8313 us/op, 83854277.00 uJpkg, 0.00 uJdram
WorkloadActual   9: 16224 op, 1003129807.00 ns, 61.8300 us/op, 83749114.00 uJpkg, 0.00 uJdram
WorkloadActual  10: 16224 op, 1006765835.00 ns, 62.0541 us/op, 85489406.00 uJpkg, 0.00 uJdram
WorkloadActual  11: 16224 op, 1005720896.00 ns, 61.9897 us/op, 84733426.00 uJpkg, 0.00 uJdram
WorkloadActual  12: 16224 op, 1005253501.00 ns, 61.9609 us/op, 84463285.00 uJpkg, 0.00 uJdram
WorkloadActual  13: 16224 op, 1005109087.00 ns, 61.9520 us/op, 83911040.00 uJpkg, 0.00 uJdram
WorkloadActual  14: 16224 op, 1005955574.00 ns, 62.0042 us/op, 84319853.00 uJpkg, 0.00 uJdram
WorkloadActual  15: 16224 op, 1004219501.00 ns, 61.8972 us/op, 84278837.00 uJpkg, 0.00 uJdram

// AfterActualRun
WorkloadResult   1: 16224 op, 1005042148.00 ns, 61.9479 us/op, 84879971.00 uJpkg, 0.00 uJdram
WorkloadResult   2: 16224 op, 1001993896.00 ns, 61.7600 us/op, 84556607.00 uJpkg, 0.00 uJdram
WorkloadResult   3: 16224 op, 1004396802.00 ns, 61.9081 us/op, 84378019.00 uJpkg, 0.00 uJdram
WorkloadResult   4: 16224 op, 1001652126.00 ns, 61.7389 us/op, 84344694.00 uJpkg, 0.00 uJdram
WorkloadResult   5: 16224 op, 1004797861.00 ns, 61.9328 us/op, 84260649.00 uJpkg, 0.00 uJdram
WorkloadResult   6: 16224 op, 1003305360.00 ns, 61.8408 us/op, 84038054.00 uJpkg, 0.00 uJdram
WorkloadResult   7: 16224 op, 1001989781.00 ns, 61.7597 us/op, 83886076.00 uJpkg, 0.00 uJdram
WorkloadResult   8: 16224 op, 1003093562.00 ns, 61.8278 us/op, 83854277.00 uJpkg, 0.00 uJdram
WorkloadResult   9: 16224 op, 1003072872.00 ns, 61.8265 us/op, 83749114.00 uJpkg, 0.00 uJdram
WorkloadResult  10: 16224 op, 1006708900.00 ns, 62.0506 us/op, 85489406.00 uJpkg, 0.00 uJdram
WorkloadResult  11: 16224 op, 1005663961.00 ns, 61.9862 us/op, 84733426.00 uJpkg, 0.00 uJdram
WorkloadResult  12: 16224 op, 1005196566.00 ns, 61.9574 us/op, 84463285.00 uJpkg, 0.00 uJdram
WorkloadResult  13: 16224 op, 1005052152.00 ns, 61.9485 us/op, 83911040.00 uJpkg, 0.00 uJdram
WorkloadResult  14: 16224 op, 1005898639.00 ns, 62.0007 us/op, 84319853.00 uJpkg, 0.00 uJdram
WorkloadResult  15: 16224 op, 1004162566.00 ns, 61.8936 us/op, 84278837.00 uJpkg, 0.00 uJdram

// AfterAll
// Benchmark Process 4060051 has exited with code 0.

Mean = 61.892 μs, StdErr = 0.025 μs (0.04%), N = 15, StdDev = 0.096 μs
Min = 61.739 μs, Q1 = 61.827 μs, Median = 61.908 μs, Q3 = 61.953 μs, Max = 62.051 μs
IQR = 0.126 μs, LowerFence = 61.638 μs, UpperFence = 62.142 μs
ConfidenceInterval = [61.790 μs; 61.994 μs] (CI 99.9%), Margin = 0.102 μs (0.16% of Mean)
Skewness = -0.16, Kurtosis = 1.68, MValue = 2

// ** Remained 21 (70.0%) benchmark(s) to run. Estimated finish 2025-12-31 20:26 (0h 9m from now) **
// **************************
// Benchmark: JsonSerializationBenchmarks.SpanJson_Deserialize_Medium: Overhead-Fixed-Energy-6(OutlierMode=DontRemove, IterationCount=15, IterationTime=1s, LaunchCount=1, WarmupCount=6)
// *** Execute ***
// Launch: 1 / 1
// Execute: dotnet Serialization.Bench-Overhead-Fixed-Energy-6-1.dll --anonymousPipes 103 104 --benchmarkName Serialization.Bench.JsonSerializationBenchmarks.SpanJson_Deserialize_Medium --job Overhead-Fixed-Energy-6 --benchmarkId 9 in /home/test/rapl-tests/lib-energy-bench/src/Serialization.Bench/bin/Release/net8.0/Serialization.Bench-Overhead-Fixed-Energy-6-1/bin/Release/net8.0
// BeforeAnythingElse

// Benchmark Process Environment Information:
// BenchmarkDotNet v0.15.5-develop (2025-12-31)
// Runtime=.NET 8.0.21 (8.0.21, 8.0.2125.47513), X64 RyuJIT x86-64-v4
// GC=Concurrent Workstation
// HardwareIntrinsics=AVX512 IFMA+VBMI,AVX512 F+BW+CD+DQ+VL,AVX2+BMI1+BMI2+F16C+FMA+LZCNT+MOVBE,AVX,SSE3+SSSE3+SSE4.1+SSE4.2+POPCNT,X86Base+SSE+SSE2,AES+PCLMUL VectorSize=256
// Job: Overhead-Fixed-Energy-6(OutlierMode=DontRemove, IterationCount=15, IterationTime=1s, LaunchCount=1, WarmupCount=6)

OverheadJitting  1: 1 op, 142289.00 ns, 142.2890 us/op, 72327.00 uJpkg, 0.00 uJdram
WorkloadJitting  1: 1 op, 100890346.00 ns, 100.8903 ms/op, 6571699.00 uJpkg, 0.00 uJdram

WorkloadPilot    1: 4 op, 853991.00 ns, 213.4978 us/op, 72815.00 uJpkg, 0.00 uJdram
WorkloadPilot    2: 4684 op, 306535520.00 ns, 65.4431 us/op, 23557252.00 uJpkg, 0.00 uJdram
WorkloadPilot    3: 15280 op, 649481422.00 ns, 42.5053 us/op, 53122239.00 uJpkg, 0.00 uJdram
WorkloadPilot    4: 23526 op, 998578269.00 ns, 42.4457 us/op, 81730138.00 uJpkg, 0.00 uJdram
WorkloadPilot    5: 23559 op, 998432548.00 ns, 42.3801 us/op, 81474523.00 uJpkg, 0.00 uJdram
WorkloadPilot    6: 23596 op, 1002122818.00 ns, 42.4700 us/op, 81883580.00 uJpkg, 0.00 uJdram
WorkloadPilot    7: 23546 op, 1000802144.00 ns, 42.5041 us/op, 81926060.00 uJpkg, 0.00 uJdram
WorkloadPilot    8: 23527 op, 997647089.00 ns, 42.4043 us/op, 81644872.00 uJpkg, 0.00 uJdram
WorkloadPilot    9: 23582 op, 999842403.00 ns, 42.3985 us/op, 81833225.00 uJpkg, 0.00 uJdram
WorkloadPilot   10: 23586 op, 1001966155.00 ns, 42.4814 us/op, 82794160.00 uJpkg, 0.00 uJdram

WorkloadWarmup   1: 23586 op, 999952591.00 ns, 42.3960 us/op, 81994541.00 uJpkg, 0.00 uJdram
WorkloadWarmup   2: 23586 op, 1003024838.00 ns, 42.5263 us/op, 82437228.00 uJpkg, 0.00 uJdram
WorkloadWarmup   3: 23586 op, 1002235678.00 ns, 42.4928 us/op, 82061985.00 uJpkg, 0.00 uJdram
WorkloadWarmup   4: 23586 op, 1002351140.00 ns, 42.4977 us/op, 81941441.00 uJpkg, 0.00 uJdram
WorkloadWarmup   5: 23586 op, 1001217188.00 ns, 42.4496 us/op, 81854100.00 uJpkg, 0.00 uJdram
WorkloadWarmup   6: 23586 op, 1004064448.00 ns, 42.5704 us/op, 82767794.00 uJpkg, 0.00 uJdram

// BeforeActualRun
WorkloadActual   1: 23586 op, 1001831508.00 ns, 42.4757 us/op, 83356232.00 uJpkg, 0.00 uJdram
WorkloadActual   2: 23586 op, 1003393209.00 ns, 42.5419 us/op, 82742708.00 uJpkg, 0.00 uJdram
WorkloadActual   3: 23586 op, 1002266844.00 ns, 42.4941 us/op, 82153843.00 uJpkg, 0.00 uJdram
WorkloadActual   4: 23586 op, 1002050954.00 ns, 42.4850 us/op, 82063388.00 uJpkg, 0.00 uJdram
WorkloadActual   5: 23586 op, 1002700342.00 ns, 42.5125 us/op, 82138706.00 uJpkg, 0.00 uJdram
WorkloadActual   6: 23586 op, 1002307778.00 ns, 42.4959 us/op, 82503756.00 uJpkg, 0.00 uJdram
WorkloadActual   7: 23586 op, 1001067740.00 ns, 42.4433 us/op, 82019748.00 uJpkg, 0.00 uJdram
WorkloadActual   8: 23586 op, 1002013387.00 ns, 42.4834 us/op, 82005588.00 uJpkg, 0.00 uJdram
WorkloadActual   9: 23586 op, 1001694559.00 ns, 42.4699 us/op, 82162997.00 uJpkg, 0.00 uJdram
WorkloadActual  10: 23586 op, 1001661210.00 ns, 42.4685 us/op, 82154391.00 uJpkg, 0.00 uJdram
WorkloadActual  11: 23586 op, 1002829460.00 ns, 42.5180 us/op, 82435702.00 uJpkg, 0.00 uJdram
WorkloadActual  12: 23586 op, 1003073377.00 ns, 42.5283 us/op, 82199191.00 uJpkg, 0.00 uJdram
WorkloadActual  13: 23586 op, 1002595685.00 ns, 42.5081 us/op, 82111972.00 uJpkg, 0.00 uJdram
WorkloadActual  14: 23586 op, 1002437245.00 ns, 42.5014 us/op, 82043247.00 uJpkg, 0.00 uJdram
WorkloadActual  15: 23586 op, 1003010547.00 ns, 42.5257 us/op, 81949436.00 uJpkg, 0.00 uJdram

// AfterActualRun
WorkloadResult   1: 23586 op, 1001831508.00 ns, 42.4757 us/op, 83356232.00 uJpkg, 0.00 uJdram
WorkloadResult   2: 23586 op, 1003393209.00 ns, 42.5419 us/op, 82742708.00 uJpkg, 0.00 uJdram
WorkloadResult   3: 23586 op, 1002266844.00 ns, 42.4941 us/op, 82153843.00 uJpkg, 0.00 uJdram
WorkloadResult   4: 23586 op, 1002050954.00 ns, 42.4850 us/op, 82063388.00 uJpkg, 0.00 uJdram
WorkloadResult   5: 23586 op, 1002700342.00 ns, 42.5125 us/op, 82138706.00 uJpkg, 0.00 uJdram
WorkloadResult   6: 23586 op, 1002307778.00 ns, 42.4959 us/op, 82503756.00 uJpkg, 0.00 uJdram
WorkloadResult   7: 23586 op, 1001067740.00 ns, 42.4433 us/op, 82019748.00 uJpkg, 0.00 uJdram
WorkloadResult   8: 23586 op, 1002013387.00 ns, 42.4834 us/op, 82005588.00 uJpkg, 0.00 uJdram
WorkloadResult   9: 23586 op, 1001694559.00 ns, 42.4699 us/op, 82162997.00 uJpkg, 0.00 uJdram
WorkloadResult  10: 23586 op, 1001661210.00 ns, 42.4685 us/op, 82154391.00 uJpkg, 0.00 uJdram
WorkloadResult  11: 23586 op, 1002829460.00 ns, 42.5180 us/op, 82435702.00 uJpkg, 0.00 uJdram
WorkloadResult  12: 23586 op, 1003073377.00 ns, 42.5283 us/op, 82199191.00 uJpkg, 0.00 uJdram
WorkloadResult  13: 23586 op, 1002595685.00 ns, 42.5081 us/op, 82111972.00 uJpkg, 0.00 uJdram
WorkloadResult  14: 23586 op, 1002437245.00 ns, 42.5014 us/op, 82043247.00 uJpkg, 0.00 uJdram
WorkloadResult  15: 23586 op, 1003010547.00 ns, 42.5257 us/op, 81949436.00 uJpkg, 0.00 uJdram

// AfterAll
// Benchmark Process 4060073 has exited with code 0.

Mean = 42.497 μs, StdErr = 0.007 μs (0.02%), N = 15, StdDev = 0.027 μs
Min = 42.443 μs, Q1 = 42.480 μs, Median = 42.496 μs, Q3 = 42.515 μs, Max = 42.542 μs
IQR = 0.036 μs, LowerFence = 42.426 μs, UpperFence = 42.569 μs
ConfidenceInterval = [42.468 μs; 42.525 μs] (CI 99.9%), Margin = 0.028 μs (0.07% of Mean)
Skewness = -0.16, Kurtosis = 2.11, MValue = 2

// ** Remained 20 (66.7%) benchmark(s) to run. Estimated finish 2025-12-31 20:26 (0h 9m from now) **
// **************************
// Benchmark: JsonSerializationBenchmarks.STJ_Deserialize_Small: Overhead-Fixed-Energy-6(OutlierMode=DontRemove, IterationCount=15, IterationTime=1s, LaunchCount=1, WarmupCount=6)
// *** Execute ***
// Launch: 1 / 1
// Execute: dotnet Serialization.Bench-Overhead-Fixed-Energy-6-1.dll --anonymousPipes 103 104 --benchmarkName Serialization.Bench.JsonSerializationBenchmarks.STJ_Deserialize_Small --job Overhead-Fixed-Energy-6 --benchmarkId 10 in /home/test/rapl-tests/lib-energy-bench/src/Serialization.Bench/bin/Release/net8.0/Serialization.Bench-Overhead-Fixed-Energy-6-1/bin/Release/net8.0
// BeforeAnythingElse

// Benchmark Process Environment Information:
// BenchmarkDotNet v0.15.5-develop (2025-12-31)
// Runtime=.NET 8.0.21 (8.0.21, 8.0.2125.47513), X64 RyuJIT x86-64-v4
// GC=Concurrent Workstation
// HardwareIntrinsics=AVX512 IFMA+VBMI,AVX512 F+BW+CD+DQ+VL,AVX2+BMI1+BMI2+F16C+FMA+LZCNT+MOVBE,AVX,SSE3+SSSE3+SSE4.1+SSE4.2+POPCNT,X86Base+SSE+SSE2,AES+PCLMUL VectorSize=256
// Job: Overhead-Fixed-Energy-6(OutlierMode=DontRemove, IterationCount=15, IterationTime=1s, LaunchCount=1, WarmupCount=6)

OverheadJitting  1: 1 op, 139674.00 ns, 139.6740 us/op, 0.00 uJpkg, 0.00 uJdram
WorkloadJitting  1: 1 op, 179790.00 ns, 179.7900 us/op, 0.00 uJpkg, 0.00 uJdram

OverheadJitting  2: 16 op, 394684.00 ns, 24.6678 us/op, 0.00 uJpkg, 0.00 uJdram
WorkloadJitting  2: 16 op, 475673.00 ns, 29.7296 us/op, 79407.00 uJpkg, 0.00 uJdram

WorkloadPilot    1: 16 op, 77211.00 ns, 4.8257 us/op, 0.00 uJpkg, 0.00 uJdram
WorkloadPilot    2: 207232 op, 653785117.00 ns, 3.1548 us/op, 52308155.00 uJpkg, 0.00 uJdram
WorkloadPilot    3: 316976 op, 631058576.00 ns, 1.9909 us/op, 56305215.00 uJpkg, 0.00 uJdram
WorkloadPilot    4: 502304 op, 997491222.00 ns, 1.9858 us/op, 89323563.00 uJpkg, 0.00 uJdram
WorkloadPilot    5: 503568 op, 999206133.00 ns, 1.9843 us/op, 89221940.00 uJpkg, 0.00 uJdram
WorkloadPilot    6: 503968 op, 998336760.00 ns, 1.9810 us/op, 89571487.00 uJpkg, 0.00 uJdram
WorkloadPilot    7: 504816 op, 1003303806.00 ns, 1.9875 us/op, 89808364.00 uJpkg, 0.00 uJdram
WorkloadPilot    8: 503168 op, 997490490.00 ns, 1.9824 us/op, 89278641.00 uJpkg, 0.00 uJdram
WorkloadPilot    9: 504448 op, 999762929.00 ns, 1.9819 us/op, 89187332.00 uJpkg, 0.00 uJdram
WorkloadPilot   10: 504576 op, 1000215278.00 ns, 1.9823 us/op, 90142775.00 uJpkg, 0.00 uJdram
WorkloadPilot   11: 504480 op, 999911880.00 ns, 1.9821 us/op, 89419693.00 uJpkg, 0.00 uJdram
WorkloadPilot   12: 504528 op, 1000127619.00 ns, 1.9823 us/op, 89786330.00 uJpkg, 0.00 uJdram

OverheadWarmup   1: 504528 op, 1725524.00 ns, 3.4201 ns/op, 149475.00 uJpkg, 0.00 uJdram
OverheadWarmup   2: 504528 op, 1724128.00 ns, 3.4173 ns/op, 140381.00 uJpkg, 0.00 uJdram
OverheadWarmup   3: 504528 op, 1735702.00 ns, 3.4402 ns/op, 72082.00 uJpkg, 0.00 uJdram
OverheadWarmup   4: 504528 op, 1739698.00 ns, 3.4482 ns/op, 127014.00 uJpkg, 0.00 uJdram
OverheadWarmup   5: 504528 op, 1738821.00 ns, 3.4464 ns/op, 79406.00 uJpkg, 0.00 uJdram
OverheadWarmup   6: 504528 op, 1737356.00 ns, 3.4435 ns/op, 132995.00 uJpkg, 0.00 uJdram
OverheadWarmup   7: 504528 op, 1730728.00 ns, 3.4304 ns/op, 169067.00 uJpkg, 0.00 uJdram
OverheadWarmup   8: 504528 op, 1723948.00 ns, 3.4170 ns/op, 130126.00 uJpkg, 0.00 uJdram
OverheadWarmup   9: 504528 op, 1764194.00 ns, 3.4967 ns/op, 164916.00 uJpkg, 0.00 uJdram
OverheadWarmup  10: 504528 op, 1726945.00 ns, 3.4229 ns/op, 133361.00 uJpkg, 0.00 uJdram

OverheadActual   1: 504528 op, 1742937.00 ns, 3.4546 ns/op, 154723.00 uJpkg, 0.00 uJdram
OverheadActual   2: 504528 op, 1735306.00 ns, 3.4395 ns/op, 150207.00 uJpkg, 0.00 uJdram
OverheadActual   3: 504528 op, 1776921.00 ns, 3.5219 ns/op, 156494.00 uJpkg, 0.00 uJdram
OverheadActual   4: 504528 op, 1754082.00 ns, 3.4767 ns/op, 154480.00 uJpkg, 0.00 uJdram
OverheadActual   5: 504528 op, 1723449.00 ns, 3.4160 ns/op, 135193.00 uJpkg, 0.00 uJdram
OverheadActual   6: 504528 op, 1750498.00 ns, 3.4696 ns/op, 161377.00 uJpkg, 0.00 uJdram
OverheadActual   7: 504528 op, 1727276.00 ns, 3.4235 ns/op, 127624.00 uJpkg, 0.00 uJdram
OverheadActual   8: 504528 op, 1733079.00 ns, 3.4351 ns/op, 158019.00 uJpkg, 0.00 uJdram
OverheadActual   9: 504528 op, 1731037.00 ns, 3.4310 ns/op, 134033.00 uJpkg, 0.00 uJdram
OverheadActual  10: 504528 op, 1739244.00 ns, 3.4473 ns/op, 142944.00 uJpkg, 0.00 uJdram
OverheadActual  11: 504528 op, 1755700.00 ns, 3.4799 ns/op, 75196.00 uJpkg, 0.00 uJdram
OverheadActual  12: 504528 op, 1737476.00 ns, 3.4438 ns/op, 134765.00 uJpkg, 0.00 uJdram
OverheadActual  13: 504528 op, 1749767.00 ns, 3.4681 ns/op, 155029.00 uJpkg, 0.00 uJdram
OverheadActual  14: 504528 op, 1742439.00 ns, 3.4536 ns/op, 147705.00 uJpkg, 0.00 uJdram
OverheadActual  15: 504528 op, 1741382.00 ns, 3.4515 ns/op, 157654.00 uJpkg, 0.00 uJdram

WorkloadWarmup   1: 504528 op, 1002404290.00 ns, 1.9868 us/op, 91966073.00 uJpkg, 0.00 uJdram
WorkloadWarmup   2: 504528 op, 1003047093.00 ns, 1.9881 us/op, 89462356.00 uJpkg, 0.00 uJdram
WorkloadWarmup   3: 504528 op, 999162048.00 ns, 1.9804 us/op, 89361161.00 uJpkg, 0.00 uJdram
WorkloadWarmup   4: 504528 op, 1000022001.00 ns, 1.9821 us/op, 89195145.00 uJpkg, 0.00 uJdram
WorkloadWarmup   5: 504528 op, 1002908333.00 ns, 1.9878 us/op, 88896806.00 uJpkg, 0.00 uJdram
WorkloadWarmup   6: 504528 op, 1000807377.00 ns, 1.9837 us/op, 88385821.00 uJpkg, 0.00 uJdram

// BeforeActualRun
WorkloadActual   1: 504528 op, 1004202135.00 ns, 1.9904 us/op, 88414385.00 uJpkg, 0.00 uJdram
WorkloadActual   2: 504528 op, 1000126398.00 ns, 1.9823 us/op, 87906330.00 uJpkg, 0.00 uJdram
WorkloadActual   3: 504528 op, 1000115055.00 ns, 1.9823 us/op, 88428057.00 uJpkg, 0.00 uJdram
WorkloadActual   4: 504528 op, 999938706.00 ns, 1.9819 us/op, 88392718.00 uJpkg, 0.00 uJdram
WorkloadActual   5: 504528 op, 1000338232.00 ns, 1.9827 us/op, 88464007.00 uJpkg, 0.00 uJdram
WorkloadActual   6: 504528 op, 1000570980.00 ns, 1.9832 us/op, 88079059.00 uJpkg, 0.00 uJdram
WorkloadActual   7: 504528 op, 1000192418.00 ns, 1.9824 us/op, 88430926.00 uJpkg, 0.00 uJdram
WorkloadActual   8: 504528 op, 1000678863.00 ns, 1.9834 us/op, 88011493.00 uJpkg, 0.00 uJdram
WorkloadActual   9: 504528 op, 1000131847.00 ns, 1.9823 us/op, 88363421.00 uJpkg, 0.00 uJdram
WorkloadActual  10: 504528 op, 1000020301.00 ns, 1.9821 us/op, 89742080.00 uJpkg, 0.00 uJdram
WorkloadActual  11: 504528 op, 999601100.00 ns, 1.9813 us/op, 88174457.00 uJpkg, 0.00 uJdram
WorkloadActual  12: 504528 op, 1000015576.00 ns, 1.9821 us/op, 88070209.00 uJpkg, 0.00 uJdram
WorkloadActual  13: 504528 op, 999395625.00 ns, 1.9809 us/op, 88262591.00 uJpkg, 0.00 uJdram
WorkloadActual  14: 504528 op, 1000635934.00 ns, 1.9833 us/op, 88200213.00 uJpkg, 0.00 uJdram
WorkloadActual  15: 504528 op, 999779086.00 ns, 1.9816 us/op, 87868427.00 uJpkg, 0.00 uJdram

// AfterActualRun
WorkloadResult   1: 504528 op, 1002460753.00 ns, 1.9869 us/op, 88414385.00 uJpkg, 0.00 uJdram
WorkloadResult   2: 504528 op, 998385016.00 ns, 1.9788 us/op, 87906330.00 uJpkg, 0.00 uJdram
WorkloadResult   3: 504528 op, 998373673.00 ns, 1.9788 us/op, 88428057.00 uJpkg, 0.00 uJdram
WorkloadResult   4: 504528 op, 998197324.00 ns, 1.9785 us/op, 88392718.00 uJpkg, 0.00 uJdram
WorkloadResult   5: 504528 op, 998596850.00 ns, 1.9793 us/op, 88464007.00 uJpkg, 0.00 uJdram
WorkloadResult   6: 504528 op, 998829598.00 ns, 1.9797 us/op, 88079059.00 uJpkg, 0.00 uJdram
WorkloadResult   7: 504528 op, 998451036.00 ns, 1.9790 us/op, 88430926.00 uJpkg, 0.00 uJdram
WorkloadResult   8: 504528 op, 998937481.00 ns, 1.9799 us/op, 88011493.00 uJpkg, 0.00 uJdram
WorkloadResult   9: 504528 op, 998390465.00 ns, 1.9789 us/op, 88363421.00 uJpkg, 0.00 uJdram
WorkloadResult  10: 504528 op, 998278919.00 ns, 1.9786 us/op, 89742080.00 uJpkg, 0.00 uJdram
WorkloadResult  11: 504528 op, 997859718.00 ns, 1.9778 us/op, 88174457.00 uJpkg, 0.00 uJdram
WorkloadResult  12: 504528 op, 998274194.00 ns, 1.9786 us/op, 88070209.00 uJpkg, 0.00 uJdram
WorkloadResult  13: 504528 op, 997654243.00 ns, 1.9774 us/op, 88262591.00 uJpkg, 0.00 uJdram
WorkloadResult  14: 504528 op, 998894552.00 ns, 1.9799 us/op, 88200213.00 uJpkg, 0.00 uJdram
WorkloadResult  15: 504528 op, 998037704.00 ns, 1.9782 us/op, 87868427.00 uJpkg, 0.00 uJdram

// AfterAll
// Benchmark Process 4060091 has exited with code 0.

Mean = 1.979 μs, StdErr = 0.001 μs (0.03%), N = 15, StdDev = 0.002 μs
Min = 1.977 μs, Q1 = 1.979 μs, Median = 1.979 μs, Q3 = 1.980 μs, Max = 1.987 μs
IQR = 0.001 μs, LowerFence = 1.977 μs, UpperFence = 1.981 μs
ConfidenceInterval = [1.977 μs; 1.982 μs] (CI 99.9%), Margin = 0.002 μs (0.12% of Mean)
Skewness = 2.59, Kurtosis = 9.22, MValue = 2

// ** Remained 19 (63.3%) benchmark(s) to run. Estimated finish 2025-12-31 20:27 (0h 8m from now) **
// **************************
// Benchmark: JsonSerializationBenchmarks.Newtonsoft_Deserialize_Small: Overhead-Fixed-Energy-6(OutlierMode=DontRemove, IterationCount=15, IterationTime=1s, LaunchCount=1, WarmupCount=6)
// *** Execute ***
// Launch: 1 / 1
// Execute: dotnet Serialization.Bench-Overhead-Fixed-Energy-6-1.dll --anonymousPipes 103 104 --benchmarkName Serialization.Bench.JsonSerializationBenchmarks.Newtonsoft_Deserialize_Small --job Overhead-Fixed-Energy-6 --benchmarkId 11 in /home/test/rapl-tests/lib-energy-bench/src/Serialization.Bench/bin/Release/net8.0/Serialization.Bench-Overhead-Fixed-Energy-6-1/bin/Release/net8.0
// BeforeAnythingElse

// Benchmark Process Environment Information:
// BenchmarkDotNet v0.15.5-develop (2025-12-31)
// Runtime=.NET 8.0.21 (8.0.21, 8.0.2125.47513), X64 RyuJIT x86-64-v4
// GC=Concurrent Workstation
// HardwareIntrinsics=AVX512 IFMA+VBMI,AVX512 F+BW+CD+DQ+VL,AVX2+BMI1+BMI2+F16C+FMA+LZCNT+MOVBE,AVX,SSE3+SSSE3+SSE4.1+SSE4.2+POPCNT,X86Base+SSE+SSE2,AES+PCLMUL VectorSize=256
// Job: Overhead-Fixed-Energy-6(OutlierMode=DontRemove, IterationCount=15, IterationTime=1s, LaunchCount=1, WarmupCount=6)

OverheadJitting  1: 1 op, 146157.00 ns, 146.1570 us/op, 0.00 uJpkg, 0.00 uJdram
WorkloadJitting  1: 1 op, 42369332.00 ns, 42.3693 ms/op, 2548334.00 uJpkg, 0.00 uJdram

OverheadJitting  2: 16 op, 410291.00 ns, 25.6432 us/op, 0.00 uJpkg, 0.00 uJdram
WorkloadJitting  2: 16 op, 817130.00 ns, 51.0706 us/op, 70007.00 uJpkg, 0.00 uJdram

WorkloadPilot    1: 16 op, 419379.00 ns, 26.2112 us/op, 71533.00 uJpkg, 0.00 uJdram
WorkloadPilot    2: 38160 op, 332300852.00 ns, 8.7081 us/op, 26524346.00 uJpkg, 0.00 uJdram
WorkloadPilot    3: 114848 op, 400924710.00 ns, 3.4909 us/op, 34536777.00 uJpkg, 0.00 uJdram
WorkloadPilot    4: 286464 op, 994182593.00 ns, 3.4705 us/op, 85603357.00 uJpkg, 0.00 uJdram
WorkloadPilot    5: 288144 op, 1003288937.00 ns, 3.4819 us/op, 86508445.00 uJpkg, 0.00 uJdram
WorkloadPilot    6: 287200 op, 995834838.00 ns, 3.4674 us/op, 86201379.00 uJpkg, 0.00 uJdram
WorkloadPilot    7: 288416 op, 1000039697.00 ns, 3.4674 us/op, 86367455.00 uJpkg, 0.00 uJdram

OverheadWarmup   1: 288416 op, 985282.00 ns, 3.4162 ns/op, 78064.00 uJpkg, 0.00 uJdram
OverheadWarmup   2: 288416 op, 988055.00 ns, 3.4258 ns/op, 76477.00 uJpkg, 0.00 uJdram
OverheadWarmup   3: 288416 op, 986095.00 ns, 3.4190 ns/op, 51513.00 uJpkg, 0.00 uJdram
OverheadWarmup   4: 288416 op, 998051.00 ns, 3.4605 ns/op, 65247.00 uJpkg, 0.00 uJdram
OverheadWarmup   5: 288416 op, 998527.00 ns, 3.4621 ns/op, 82275.00 uJpkg, 0.00 uJdram
OverheadWarmup   6: 288416 op, 1000928.00 ns, 3.4704 ns/op, 88683.00 uJpkg, 0.00 uJdram
OverheadWarmup   7: 288416 op, 1005693.00 ns, 3.4870 ns/op, 78735.00 uJpkg, 0.00 uJdram
OverheadWarmup   8: 288416 op, 1006024.00 ns, 3.4881 ns/op, 89539.00 uJpkg, 0.00 uJdram
OverheadWarmup   9: 288416 op, 1000666.00 ns, 3.4695 ns/op, 73425.00 uJpkg, 0.00 uJdram

OverheadActual   1: 288416 op, 982788.00 ns, 3.4075 ns/op, 59448.00 uJpkg, 0.00 uJdram
OverheadActual   2: 288416 op, 989245.00 ns, 3.4299 ns/op, 63721.00 uJpkg, 0.00 uJdram
OverheadActual   3: 288416 op, 998053.00 ns, 3.4605 ns/op, 74890.00 uJpkg, 0.00 uJdram
OverheadActual   4: 288416 op, 998214.00 ns, 3.4610 ns/op, 78979.00 uJpkg, 0.00 uJdram
OverheadActual   5: 288416 op, 987711.00 ns, 3.4246 ns/op, 83801.00 uJpkg, 0.00 uJdram
OverheadActual   6: 288416 op, 1003583.00 ns, 3.4796 ns/op, 83069.00 uJpkg, 0.00 uJdram
OverheadActual   7: 288416 op, 1007573.00 ns, 3.4935 ns/op, 80749.00 uJpkg, 0.00 uJdram
OverheadActual   8: 288416 op, 1000061.00 ns, 3.4674 ns/op, 82580.00 uJpkg, 0.00 uJdram
OverheadActual   9: 288416 op, 1004959.00 ns, 3.4844 ns/op, 75744.00 uJpkg, 0.00 uJdram
OverheadActual  10: 288416 op, 1005882.00 ns, 3.4876 ns/op, 67443.00 uJpkg, 0.00 uJdram
OverheadActual  11: 288416 op, 989245.00 ns, 3.4299 ns/op, 83434.00 uJpkg, 0.00 uJdram
OverheadActual  12: 288416 op, 1000870.00 ns, 3.4702 ns/op, 76171.00 uJpkg, 0.00 uJdram
OverheadActual  13: 288416 op, 989949.00 ns, 3.4324 ns/op, 79163.00 uJpkg, 0.00 uJdram
OverheadActual  14: 288416 op, 993804.00 ns, 3.4457 ns/op, 66284.00 uJpkg, 0.00 uJdram
OverheadActual  15: 288416 op, 995652.00 ns, 3.4521 ns/op, 64148.00 uJpkg, 0.00 uJdram

WorkloadWarmup   1: 288416 op, 1003511212.00 ns, 3.4794 us/op, 89326859.00 uJpkg, 0.00 uJdram
WorkloadWarmup   2: 288416 op, 1001263538.00 ns, 3.4716 us/op, 86351586.00 uJpkg, 0.00 uJdram
WorkloadWarmup   3: 288416 op, 999226668.00 ns, 3.4645 us/op, 85991479.00 uJpkg, 0.00 uJdram
WorkloadWarmup   4: 288416 op, 998160949.00 ns, 3.4608 us/op, 86127221.00 uJpkg, 0.00 uJdram
WorkloadWarmup   5: 288416 op, 998348041.00 ns, 3.4615 us/op, 85926416.00 uJpkg, 0.00 uJdram
WorkloadWarmup   6: 288416 op, 1000230751.00 ns, 3.4680 us/op, 86626975.00 uJpkg, 0.00 uJdram

// BeforeActualRun
WorkloadActual   1: 288416 op, 999602554.00 ns, 3.4658 us/op, 85482081.00 uJpkg, 0.00 uJdram
WorkloadActual   2: 288416 op, 999657168.00 ns, 3.4660 us/op, 86128320.00 uJpkg, 0.00 uJdram
WorkloadActual   3: 288416 op, 1003345773.00 ns, 3.4788 us/op, 87145651.00 uJpkg, 0.00 uJdram
WorkloadActual   4: 288416 op, 999702760.00 ns, 3.4662 us/op, 86262169.00 uJpkg, 0.00 uJdram
WorkloadActual   5: 288416 op, 1000442207.00 ns, 3.4687 us/op, 86790427.00 uJpkg, 0.00 uJdram
WorkloadActual   6: 288416 op, 999177740.00 ns, 3.4644 us/op, 86695091.00 uJpkg, 0.00 uJdram
WorkloadActual   7: 288416 op, 999494202.00 ns, 3.4655 us/op, 87292379.00 uJpkg, 0.00 uJdram
WorkloadActual   8: 288416 op, 998925342.00 ns, 3.4635 us/op, 86577293.00 uJpkg, 0.00 uJdram
WorkloadActual   9: 288416 op, 1000069480.00 ns, 3.4675 us/op, 87228964.00 uJpkg, 0.00 uJdram
WorkloadActual  10: 288416 op, 999765250.00 ns, 3.4664 us/op, 88023761.00 uJpkg, 0.00 uJdram
WorkloadActual  11: 288416 op, 999497127.00 ns, 3.4655 us/op, 87206624.00 uJpkg, 0.00 uJdram
WorkloadActual  12: 288416 op, 999563520.00 ns, 3.4657 us/op, 87081565.00 uJpkg, 0.00 uJdram
WorkloadActual  13: 288416 op, 999891272.00 ns, 3.4668 us/op, 87002646.00 uJpkg, 0.00 uJdram
WorkloadActual  14: 288416 op, 999327470.00 ns, 3.4649 us/op, 86913047.00 uJpkg, 0.00 uJdram
WorkloadActual  15: 288416 op, 998994097.00 ns, 3.4637 us/op, 86753074.00 uJpkg, 0.00 uJdram

// AfterActualRun
WorkloadResult   1: 288416 op, 998604501.00 ns, 3.4624 us/op, 85482081.00 uJpkg, 0.00 uJdram
WorkloadResult   2: 288416 op, 998659115.00 ns, 3.4626 us/op, 86128320.00 uJpkg, 0.00 uJdram
WorkloadResult   3: 288416 op, 1002347720.00 ns, 3.4754 us/op, 87145651.00 uJpkg, 0.00 uJdram
WorkloadResult   4: 288416 op, 998704707.00 ns, 3.4627 us/op, 86262169.00 uJpkg, 0.00 uJdram
WorkloadResult   5: 288416 op, 999444154.00 ns, 3.4653 us/op, 86790427.00 uJpkg, 0.00 uJdram
WorkloadResult   6: 288416 op, 998179687.00 ns, 3.4609 us/op, 86695091.00 uJpkg, 0.00 uJdram
WorkloadResult   7: 288416 op, 998496149.00 ns, 3.4620 us/op, 87292379.00 uJpkg, 0.00 uJdram
WorkloadResult   8: 288416 op, 997927289.00 ns, 3.4600 us/op, 86577293.00 uJpkg, 0.00 uJdram
WorkloadResult   9: 288416 op, 999071427.00 ns, 3.4640 us/op, 87228964.00 uJpkg, 0.00 uJdram
WorkloadResult  10: 288416 op, 998767197.00 ns, 3.4629 us/op, 88023761.00 uJpkg, 0.00 uJdram
WorkloadResult  11: 288416 op, 998499074.00 ns, 3.4620 us/op, 87206624.00 uJpkg, 0.00 uJdram
WorkloadResult  12: 288416 op, 998565467.00 ns, 3.4622 us/op, 87081565.00 uJpkg, 0.00 uJdram
WorkloadResult  13: 288416 op, 998893219.00 ns, 3.4634 us/op, 87002646.00 uJpkg, 0.00 uJdram
WorkloadResult  14: 288416 op, 998329417.00 ns, 3.4614 us/op, 86913047.00 uJpkg, 0.00 uJdram
WorkloadResult  15: 288416 op, 997996044.00 ns, 3.4603 us/op, 86753074.00 uJpkg, 0.00 uJdram

// AfterAll
// Benchmark Process 4060109 has exited with code 0.

Mean = 3.463 μs, StdErr = 0.001 μs (0.03%), N = 15, StdDev = 0.004 μs
Min = 3.460 μs, Q1 = 3.462 μs, Median = 3.462 μs, Q3 = 3.463 μs, Max = 3.475 μs
IQR = 0.001 μs, LowerFence = 3.460 μs, UpperFence = 3.465 μs
ConfidenceInterval = [3.459 μs; 3.467 μs] (CI 99.9%), Margin = 0.004 μs (0.11% of Mean)
Skewness = 2.42, Kurtosis = 8.51, MValue = 2

// ** Remained 18 (60.0%) benchmark(s) to run. Estimated finish 2025-12-31 20:27 (0h 8m from now) **
// **************************
// Benchmark: JsonSerializationBenchmarks.Jil_Deserialize_Small: Overhead-Fixed-Energy-6(OutlierMode=DontRemove, IterationCount=15, IterationTime=1s, LaunchCount=1, WarmupCount=6)
// *** Execute ***
// Launch: 1 / 1
// Execute: dotnet Serialization.Bench-Overhead-Fixed-Energy-6-1.dll --anonymousPipes 103 104 --benchmarkName Serialization.Bench.JsonSerializationBenchmarks.Jil_Deserialize_Small --job Overhead-Fixed-Energy-6 --benchmarkId 12 in /home/test/rapl-tests/lib-energy-bench/src/Serialization.Bench/bin/Release/net8.0/Serialization.Bench-Overhead-Fixed-Energy-6-1/bin/Release/net8.0
// BeforeAnythingElse

// Benchmark Process Environment Information:
// BenchmarkDotNet v0.15.5-develop (2025-12-31)
// Runtime=.NET 8.0.21 (8.0.21, 8.0.2125.47513), X64 RyuJIT x86-64-v4
// GC=Concurrent Workstation
// HardwareIntrinsics=AVX512 IFMA+VBMI,AVX512 F+BW+CD+DQ+VL,AVX2+BMI1+BMI2+F16C+FMA+LZCNT+MOVBE,AVX,SSE3+SSSE3+SSE4.1+SSE4.2+POPCNT,X86Base+SSE+SSE2,AES+PCLMUL VectorSize=256
// Job: Overhead-Fixed-Energy-6(OutlierMode=DontRemove, IterationCount=15, IterationTime=1s, LaunchCount=1, WarmupCount=6)

OverheadJitting  1: 1 op, 142105.00 ns, 142.1050 us/op, 0.00 uJpkg, 0.00 uJdram
WorkloadJitting  1: 1 op, 113470342.00 ns, 113.4703 ms/op, 6949078.00 uJpkg, 0.00 uJdram

WorkloadPilot    1: 4 op, 39810.00 ns, 9.9525 us/op, 0.00 uJpkg, 0.00 uJdram
WorkloadPilot    2: 100477 op, 317144069.00 ns, 3.1564 us/op, 24586851.00 uJpkg, 0.00 uJdram
WorkloadPilot    3: 316818 op, 723090636.00 ns, 2.2824 us/op, 60616178.00 uJpkg, 0.00 uJdram
WorkloadPilot    4: 438144 op, 994926308.00 ns, 2.2708 us/op, 83565460.00 uJpkg, 0.00 uJdram
WorkloadPilot    5: 440378 op, 999619869.00 ns, 2.2699 us/op, 84934597.00 uJpkg, 0.00 uJdram
WorkloadPilot    6: 440545 op, 1001857342.00 ns, 2.2741 us/op, 84892360.00 uJpkg, 0.00 uJdram
WorkloadPilot    7: 439728 op, 999346058.00 ns, 2.2726 us/op, 84783231.00 uJpkg, 0.00 uJdram
WorkloadPilot    8: 440016 op, 999579674.00 ns, 2.2717 us/op, 84570035.00 uJpkg, 0.00 uJdram
WorkloadPilot    9: 440201 op, 1001276824.00 ns, 2.2746 us/op, 84764798.00 uJpkg, 0.00 uJdram
WorkloadPilot   10: 439640 op, 997537149.00 ns, 2.2690 us/op, 85171108.00 uJpkg, 0.00 uJdram
WorkloadPilot   11: 440725 op, 1001308487.00 ns, 2.2720 us/op, 85021999.00 uJpkg, 0.00 uJdram

WorkloadWarmup   1: 440725 op, 1000649130.00 ns, 2.2705 us/op, 85267116.00 uJpkg, 0.00 uJdram
WorkloadWarmup   2: 440725 op, 1003260125.00 ns, 2.2764 us/op, 84919643.00 uJpkg, 0.00 uJdram
WorkloadWarmup   3: 440725 op, 1003382299.00 ns, 2.2767 us/op, 85025356.00 uJpkg, 0.00 uJdram
WorkloadWarmup   4: 440725 op, 1002097929.00 ns, 2.2737 us/op, 84487759.00 uJpkg, 0.00 uJdram
WorkloadWarmup   5: 440725 op, 1001932656.00 ns, 2.2734 us/op, 85084621.00 uJpkg, 0.00 uJdram
WorkloadWarmup   6: 440725 op, 1003502233.00 ns, 2.2769 us/op, 86630149.00 uJpkg, 0.00 uJdram

// BeforeActualRun
WorkloadActual   1: 440725 op, 999559863.00 ns, 2.2680 us/op, 85272365.00 uJpkg, 0.00 uJdram
WorkloadActual   2: 440725 op, 1006944267.00 ns, 2.2847 us/op, 85434473.00 uJpkg, 0.00 uJdram
WorkloadActual   3: 440725 op, 1002995247.00 ns, 2.2758 us/op, 84507352.00 uJpkg, 0.00 uJdram
WorkloadActual   4: 440725 op, 1000188949.00 ns, 2.2694 us/op, 84286772.00 uJpkg, 0.00 uJdram
WorkloadActual   5: 440725 op, 1000343798.00 ns, 2.2698 us/op, 84962307.00 uJpkg, 0.00 uJdram
WorkloadActual   6: 440725 op, 999942181.00 ns, 2.2689 us/op, 84494412.00 uJpkg, 0.00 uJdram
WorkloadActual   7: 440725 op, 999468594.00 ns, 2.2678 us/op, 84626370.00 uJpkg, 0.00 uJdram
WorkloadActual   8: 440725 op, 999319153.00 ns, 2.2674 us/op, 84830898.00 uJpkg, 0.00 uJdram
WorkloadActual   9: 440725 op, 998859591.00 ns, 2.2664 us/op, 84516508.00 uJpkg, 0.00 uJdram
WorkloadActual  10: 440725 op, 999817959.00 ns, 2.2686 us/op, 84508634.00 uJpkg, 0.00 uJdram
WorkloadActual  11: 440725 op, 999820328.00 ns, 2.2686 us/op, 84583523.00 uJpkg, 0.00 uJdram
WorkloadActual  12: 440725 op, 1000748459.00 ns, 2.2707 us/op, 84710355.00 uJpkg, 0.00 uJdram
WorkloadActual  13: 440725 op, 1000142434.00 ns, 2.2693 us/op, 84692349.00 uJpkg, 0.00 uJdram
WorkloadActual  14: 440725 op, 999144109.00 ns, 2.2670 us/op, 84679227.00 uJpkg, 0.00 uJdram
WorkloadActual  15: 440725 op, 999901364.00 ns, 2.2688 us/op, 86027734.00 uJpkg, 0.00 uJdram

// AfterActualRun
WorkloadResult   1: 440725 op, 999559863.00 ns, 2.2680 us/op, 85272365.00 uJpkg, 0.00 uJdram
WorkloadResult   2: 440725 op, 1006944267.00 ns, 2.2847 us/op, 85434473.00 uJpkg, 0.00 uJdram
WorkloadResult   3: 440725 op, 1002995247.00 ns, 2.2758 us/op, 84507352.00 uJpkg, 0.00 uJdram
WorkloadResult   4: 440725 op, 1000188949.00 ns, 2.2694 us/op, 84286772.00 uJpkg, 0.00 uJdram
WorkloadResult   5: 440725 op, 1000343798.00 ns, 2.2698 us/op, 84962307.00 uJpkg, 0.00 uJdram
WorkloadResult   6: 440725 op, 999942181.00 ns, 2.2689 us/op, 84494412.00 uJpkg, 0.00 uJdram
WorkloadResult   7: 440725 op, 999468594.00 ns, 2.2678 us/op, 84626370.00 uJpkg, 0.00 uJdram
WorkloadResult   8: 440725 op, 999319153.00 ns, 2.2674 us/op, 84830898.00 uJpkg, 0.00 uJdram
WorkloadResult   9: 440725 op, 998859591.00 ns, 2.2664 us/op, 84516508.00 uJpkg, 0.00 uJdram
WorkloadResult  10: 440725 op, 999817959.00 ns, 2.2686 us/op, 84508634.00 uJpkg, 0.00 uJdram
WorkloadResult  11: 440725 op, 999820328.00 ns, 2.2686 us/op, 84583523.00 uJpkg, 0.00 uJdram
WorkloadResult  12: 440725 op, 1000748459.00 ns, 2.2707 us/op, 84710355.00 uJpkg, 0.00 uJdram
WorkloadResult  13: 440725 op, 1000142434.00 ns, 2.2693 us/op, 84692349.00 uJpkg, 0.00 uJdram
WorkloadResult  14: 440725 op, 999144109.00 ns, 2.2670 us/op, 84679227.00 uJpkg, 0.00 uJdram
WorkloadResult  15: 440725 op, 999901364.00 ns, 2.2688 us/op, 86027734.00 uJpkg, 0.00 uJdram

// AfterAll
// Benchmark Process 4060126 has exited with code 0.

Mean = 2.270 μs, StdErr = 0.001 μs (0.05%), N = 15, StdDev = 0.005 μs
Min = 2.266 μs, Q1 = 2.268 μs, Median = 2.269 μs, Q3 = 2.270 μs, Max = 2.285 μs
IQR = 0.002 μs, LowerFence = 2.265 μs, UpperFence = 2.272 μs
ConfidenceInterval = [2.265 μs; 2.275 μs] (CI 99.9%), Margin = 0.005 μs (0.22% of Mean)
Skewness = 2.2, Kurtosis = 7.11, MValue = 2

// ** Remained 17 (56.7%) benchmark(s) to run. Estimated finish 2025-12-31 20:27 (0h 7m from now) **
// **************************
// Benchmark: JsonSerializationBenchmarks.Utf8Json_Deserialize_Small: Overhead-Fixed-Energy-6(OutlierMode=DontRemove, IterationCount=15, IterationTime=1s, LaunchCount=1, WarmupCount=6)
// *** Execute ***
// Launch: 1 / 1
// Execute: dotnet Serialization.Bench-Overhead-Fixed-Energy-6-1.dll --anonymousPipes 103 104 --benchmarkName Serialization.Bench.JsonSerializationBenchmarks.Utf8Json_Deserialize_Small --job Overhead-Fixed-Energy-6 --benchmarkId 13 in /home/test/rapl-tests/lib-energy-bench/src/Serialization.Bench/bin/Release/net8.0/Serialization.Bench-Overhead-Fixed-Energy-6-1/bin/Release/net8.0
// BeforeAnythingElse

// Benchmark Process Environment Information:
// BenchmarkDotNet v0.15.5-develop (2025-12-31)
// Runtime=.NET 8.0.21 (8.0.21, 8.0.2125.47513), X64 RyuJIT x86-64-v4
// GC=Concurrent Workstation
// HardwareIntrinsics=AVX512 IFMA+VBMI,AVX512 F+BW+CD+DQ+VL,AVX2+BMI1+BMI2+F16C+FMA+LZCNT+MOVBE,AVX,SSE3+SSSE3+SSE4.1+SSE4.2+POPCNT,X86Base+SSE+SSE2,AES+PCLMUL VectorSize=256
// Job: Overhead-Fixed-Energy-6(OutlierMode=DontRemove, IterationCount=15, IterationTime=1s, LaunchCount=1, WarmupCount=6)

OverheadJitting  1: 1 op, 147544.00 ns, 147.5440 us/op, 52368.00 uJpkg, 0.00 uJdram
WorkloadJitting  1: 1 op, 47488265.00 ns, 47.4883 ms/op, 2498834.00 uJpkg, 0.00 uJdram

OverheadJitting  2: 16 op, 398987.00 ns, 24.9367 us/op, 57068.00 uJpkg, 0.00 uJdram
WorkloadJitting  2: 16 op, 631564.00 ns, 39.4728 us/op, 72144.00 uJpkg, 0.00 uJdram

WorkloadPilot    1: 16 op, 272196.00 ns, 17.0123 us/op, 0.00 uJpkg, 0.00 uJdram
WorkloadPilot    2: 58784 op, 624616432.00 ns, 10.6256 us/op, 51338247.00 uJpkg, 0.00 uJdram
WorkloadPilot    3: 94112 op, 197524233.00 ns, 2.0988 us/op, 17176897.00 uJpkg, 0.00 uJdram
WorkloadPilot    4: 476464 op, 968939886.00 ns, 2.0336 us/op, 81684361.00 uJpkg, 0.00 uJdram
WorkloadPilot    5: 491744 op, 998616400.00 ns, 2.0308 us/op, 84228178.00 uJpkg, 0.00 uJdram
WorkloadPilot    6: 492432 op, 1003223301.00 ns, 2.0373 us/op, 84491666.00 uJpkg, 0.00 uJdram
WorkloadPilot    7: 490864 op, 998228836.00 ns, 2.0336 us/op, 84079802.00 uJpkg, 0.00 uJdram
WorkloadPilot    8: 491744 op, 997073717.00 ns, 2.0276 us/op, 84301542.00 uJpkg, 0.00 uJdram
WorkloadPilot    9: 493200 op, 1001978799.00 ns, 2.0316 us/op, 84811551.00 uJpkg, 0.00 uJdram
WorkloadPilot   10: 492240 op, 1004774022.00 ns, 2.0412 us/op, 85317225.00 uJpkg, 0.00 uJdram

OverheadWarmup   1: 492240 op, 1673652.00 ns, 3.4001 ns/op, 157654.00 uJpkg, 0.00 uJdram
OverheadWarmup   2: 492240 op, 1673325.00 ns, 3.3994 ns/op, 150451.00 uJpkg, 0.00 uJdram
OverheadWarmup   3: 492240 op, 1680702.00 ns, 3.4144 ns/op, 139099.00 uJpkg, 0.00 uJdram
OverheadWarmup   4: 492240 op, 1675901.00 ns, 3.4046 ns/op, 150024.00 uJpkg, 0.00 uJdram
OverheadWarmup   5: 492240 op, 1675737.00 ns, 3.4043 ns/op, 136962.00 uJpkg, 0.00 uJdram
OverheadWarmup   6: 492240 op, 1681134.00 ns, 3.4153 ns/op, 64087.00 uJpkg, 0.00 uJdram
OverheadWarmup   7: 492240 op, 1685554.00 ns, 3.4243 ns/op, 77820.00 uJpkg, 0.00 uJdram
OverheadWarmup   8: 492240 op, 1688164.00 ns, 3.4296 ns/op, 144165.00 uJpkg, 0.00 uJdram
OverheadWarmup   9: 492240 op, 1692685.00 ns, 3.4387 ns/op, 128905.00 uJpkg, 0.00 uJdram
OverheadWarmup  10: 492240 op, 1705331.00 ns, 3.4644 ns/op, 146668.00 uJpkg, 0.00 uJdram

OverheadActual   1: 492240 op, 1694455.00 ns, 3.4423 ns/op, 182617.00 uJpkg, 0.00 uJdram
OverheadActual   2: 492240 op, 1691333.00 ns, 3.4360 ns/op, 145813.00 uJpkg, 0.00 uJdram
OverheadActual   3: 492240 op, 1678098.00 ns, 3.4091 ns/op, 73303.00 uJpkg, 0.00 uJdram
OverheadActual   4: 492240 op, 1680153.00 ns, 3.4133 ns/op, 67748.00 uJpkg, 0.00 uJdram
OverheadActual   5: 492240 op, 1690082.00 ns, 3.4335 ns/op, 165527.00 uJpkg, 0.00 uJdram
OverheadActual   6: 492240 op, 1687893.00 ns, 3.4290 ns/op, 137451.00 uJpkg, 0.00 uJdram
OverheadActual   7: 492240 op, 1679822.00 ns, 3.4126 ns/op, 133178.00 uJpkg, 0.00 uJdram
OverheadActual   8: 492240 op, 1692648.00 ns, 3.4387 ns/op, 138793.00 uJpkg, 0.00 uJdram
OverheadActual   9: 492240 op, 1700058.00 ns, 3.4537 ns/op, 151978.00 uJpkg, 0.00 uJdram
OverheadActual  10: 492240 op, 1681031.00 ns, 3.4151 ns/op, 66284.00 uJpkg, 0.00 uJdram
OverheadActual  11: 492240 op, 1707064.00 ns, 3.4680 ns/op, 141846.00 uJpkg, 0.00 uJdram
OverheadActual  12: 492240 op, 1687988.00 ns, 3.4292 ns/op, 126831.00 uJpkg, 0.00 uJdram
OverheadActual  13: 492240 op, 1711230.00 ns, 3.4764 ns/op, 136719.00 uJpkg, 0.00 uJdram
OverheadActual  14: 492240 op, 1705455.00 ns, 3.4647 ns/op, 135437.00 uJpkg, 0.00 uJdram
OverheadActual  15: 492240 op, 1695169.00 ns, 3.4438 ns/op, 74584.00 uJpkg, 0.00 uJdram

WorkloadWarmup   1: 492240 op, 1006136696.00 ns, 2.0440 us/op, 87218161.00 uJpkg, 0.00 uJdram
WorkloadWarmup   2: 492240 op, 1003332369.00 ns, 2.0383 us/op, 84291776.00 uJpkg, 0.00 uJdram
WorkloadWarmup   3: 492240 op, 999097051.00 ns, 2.0297 us/op, 84259367.00 uJpkg, 0.00 uJdram
WorkloadWarmup   4: 492240 op, 995511402.00 ns, 2.0224 us/op, 84254362.00 uJpkg, 0.00 uJdram
WorkloadWarmup   5: 492240 op, 998242105.00 ns, 2.0280 us/op, 84346403.00 uJpkg, 0.00 uJdram
WorkloadWarmup   6: 492240 op, 998213762.00 ns, 2.0279 us/op, 83927397.00 uJpkg, 0.00 uJdram

// BeforeActualRun
WorkloadActual   1: 492240 op, 1002027316.00 ns, 2.0356 us/op, 84277861.00 uJpkg, 0.00 uJdram
WorkloadActual   2: 492240 op, 999050643.00 ns, 2.0296 us/op, 83945647.00 uJpkg, 0.00 uJdram
WorkloadActual   3: 492240 op, 1002009466.00 ns, 2.0356 us/op, 84492521.00 uJpkg, 0.00 uJdram
WorkloadActual   4: 492240 op, 999837005.00 ns, 2.0312 us/op, 83815521.00 uJpkg, 0.00 uJdram
WorkloadActual   5: 492240 op, 998698496.00 ns, 2.0289 us/op, 83939787.00 uJpkg, 0.00 uJdram
WorkloadActual   6: 492240 op, 998514200.00 ns, 2.0285 us/op, 84402311.00 uJpkg, 0.00 uJdram
WorkloadActual   7: 492240 op, 997157501.00 ns, 2.0258 us/op, 84232329.00 uJpkg, 0.00 uJdram
WorkloadActual   8: 492240 op, 1001653013.00 ns, 2.0349 us/op, 84779263.00 uJpkg, 0.00 uJdram
WorkloadActual   9: 492240 op, 998155131.00 ns, 2.0278 us/op, 84128386.00 uJpkg, 0.00 uJdram
WorkloadActual  10: 492240 op, 998657915.00 ns, 2.0288 us/op, 85283962.00 uJpkg, 0.00 uJdram
WorkloadActual  11: 492240 op, 998394749.00 ns, 2.0283 us/op, 83604766.00 uJpkg, 0.00 uJdram
WorkloadActual  12: 492240 op, 998444688.00 ns, 2.0284 us/op, 83609100.00 uJpkg, 0.00 uJdram
WorkloadActual  13: 492240 op, 998367422.00 ns, 2.0282 us/op, 83447906.00 uJpkg, 0.00 uJdram
WorkloadActual  14: 492240 op, 998488510.00 ns, 2.0285 us/op, 83956938.00 uJpkg, 0.00 uJdram
WorkloadActual  15: 492240 op, 998513764.00 ns, 2.0285 us/op, 83810210.00 uJpkg, 0.00 uJdram

// AfterActualRun
WorkloadResult   1: 492240 op, 1000335983.00 ns, 2.0322 us/op, 84277861.00 uJpkg, 0.00 uJdram
WorkloadResult   2: 492240 op, 997359310.00 ns, 2.0262 us/op, 83945647.00 uJpkg, 0.00 uJdram
WorkloadResult   3: 492240 op, 1000318133.00 ns, 2.0322 us/op, 84492521.00 uJpkg, 0.00 uJdram
WorkloadResult   4: 492240 op, 998145672.00 ns, 2.0278 us/op, 83815521.00 uJpkg, 0.00 uJdram
WorkloadResult   5: 492240 op, 997007163.00 ns, 2.0254 us/op, 83939787.00 uJpkg, 0.00 uJdram
WorkloadResult   6: 492240 op, 996822867.00 ns, 2.0251 us/op, 84402311.00 uJpkg, 0.00 uJdram
WorkloadResult   7: 492240 op, 995466168.00 ns, 2.0223 us/op, 84232329.00 uJpkg, 0.00 uJdram
WorkloadResult   8: 492240 op, 999961680.00 ns, 2.0315 us/op, 84779263.00 uJpkg, 0.00 uJdram
WorkloadResult   9: 492240 op, 996463798.00 ns, 2.0243 us/op, 84128386.00 uJpkg, 0.00 uJdram
WorkloadResult  10: 492240 op, 996966582.00 ns, 2.0254 us/op, 85283962.00 uJpkg, 0.00 uJdram
WorkloadResult  11: 492240 op, 996703416.00 ns, 2.0248 us/op, 83604766.00 uJpkg, 0.00 uJdram
WorkloadResult  12: 492240 op, 996753355.00 ns, 2.0249 us/op, 83609100.00 uJpkg, 0.00 uJdram
WorkloadResult  13: 492240 op, 996676089.00 ns, 2.0248 us/op, 83447906.00 uJpkg, 0.00 uJdram
WorkloadResult  14: 492240 op, 996797177.00 ns, 2.0250 us/op, 83956938.00 uJpkg, 0.00 uJdram
WorkloadResult  15: 492240 op, 996822431.00 ns, 2.0251 us/op, 83810210.00 uJpkg, 0.00 uJdram

// AfterAll
// Benchmark Process 4060142 has exited with code 0.

Mean = 2.026 μs, StdErr = 0.001 μs (0.04%), N = 15, StdDev = 0.003 μs
Min = 2.022 μs, Q1 = 2.025 μs, Median = 2.025 μs, Q3 = 2.027 μs, Max = 2.032 μs
IQR = 0.002 μs, LowerFence = 2.022 μs, UpperFence = 2.030 μs
ConfidenceInterval = [2.023 μs; 2.030 μs] (CI 99.9%), Margin = 0.003 μs (0.16% of Mean)
Skewness = 0.94, Kurtosis = 2.42, MValue = 2

// ** Remained 16 (53.3%) benchmark(s) to run. Estimated finish 2025-12-31 20:27 (0h 7m from now) **
// **************************
// Benchmark: JsonSerializationBenchmarks.SpanJson_Deserialize_Small: Overhead-Fixed-Energy-6(OutlierMode=DontRemove, IterationCount=15, IterationTime=1s, LaunchCount=1, WarmupCount=6)
// *** Execute ***
// Launch: 1 / 1
// Execute: dotnet Serialization.Bench-Overhead-Fixed-Energy-6-1.dll --anonymousPipes 103 104 --benchmarkName Serialization.Bench.JsonSerializationBenchmarks.SpanJson_Deserialize_Small --job Overhead-Fixed-Energy-6 --benchmarkId 14 in /home/test/rapl-tests/lib-energy-bench/src/Serialization.Bench/bin/Release/net8.0/Serialization.Bench-Overhead-Fixed-Energy-6-1/bin/Release/net8.0
// BeforeAnythingElse

// Benchmark Process Environment Information:
// BenchmarkDotNet v0.15.5-develop (2025-12-31)
// Runtime=.NET 8.0.21 (8.0.21, 8.0.2125.47513), X64 RyuJIT x86-64-v4
// GC=Concurrent Workstation
// HardwareIntrinsics=AVX512 IFMA+VBMI,AVX512 F+BW+CD+DQ+VL,AVX2+BMI1+BMI2+F16C+FMA+LZCNT+MOVBE,AVX,SSE3+SSSE3+SSE4.1+SSE4.2+POPCNT,X86Base+SSE+SSE2,AES+PCLMUL VectorSize=256
// Job: Overhead-Fixed-Energy-6(OutlierMode=DontRemove, IterationCount=15, IterationTime=1s, LaunchCount=1, WarmupCount=6)

OverheadJitting  1: 1 op, 156529.00 ns, 156.5290 us/op, 0.00 uJpkg, 0.00 uJdram
WorkloadJitting  1: 1 op, 59117765.00 ns, 59.1178 ms/op, 3650503.00 uJpkg, 0.00 uJdram

OverheadJitting  2: 16 op, 415169.00 ns, 25.9481 us/op, 0.00 uJpkg, 0.00 uJdram
WorkloadJitting  2: 16 op, 413788.00 ns, 25.8618 us/op, 69519.00 uJpkg, 0.00 uJdram

WorkloadPilot    1: 16 op, 32624.00 ns, 2.0390 us/op, 0.00 uJpkg, 0.00 uJdram
WorkloadPilot    2: 490448 op, 591213741.00 ns, 1.2055 us/op, 45830816.00 uJpkg, 0.00 uJdram
WorkloadPilot    3: 829568 op, 969463815.00 ns, 1.1686 us/op, 81973911.00 uJpkg, 0.00 uJdram
WorkloadPilot    4: 855712 op, 996424256.00 ns, 1.1644 us/op, 84297330.00 uJpkg, 0.00 uJdram
WorkloadPilot    5: 858784 op, 997830604.00 ns, 1.1619 us/op, 84440396.00 uJpkg, 0.00 uJdram
WorkloadPilot    6: 860656 op, 1001354717.00 ns, 1.1635 us/op, 84750882.00 uJpkg, 0.00 uJdram
WorkloadPilot    7: 859504 op, 1003262028.00 ns, 1.1673 us/op, 85239222.00 uJpkg, 0.00 uJdram
WorkloadPilot    8: 856720 op, 999877205.00 ns, 1.1671 us/op, 84571561.00 uJpkg, 0.00 uJdram
WorkloadPilot    9: 856832 op, 999853091.00 ns, 1.1669 us/op, 84497404.00 uJpkg, 0.00 uJdram
WorkloadPilot   10: 856960 op, 996611620.00 ns, 1.1630 us/op, 85339320.00 uJpkg, 0.00 uJdram
WorkloadPilot   11: 859888 op, 1003581750.00 ns, 1.1671 us/op, 85416102.00 uJpkg, 0.00 uJdram

OverheadWarmup   1: 859888 op, 2970002.00 ns, 3.4539 ns/op, 205261.00 uJpkg, 0.00 uJdram
OverheadWarmup   2: 859888 op, 2950498.00 ns, 3.4313 ns/op, 219421.00 uJpkg, 0.00 uJdram
OverheadWarmup   3: 859888 op, 2969579.00 ns, 3.4534 ns/op, 210754.00 uJpkg, 0.00 uJdram
OverheadWarmup   4: 859888 op, 2952883.00 ns, 3.4340 ns/op, 208252.00 uJpkg, 0.00 uJdram
OverheadWarmup   5: 859888 op, 2943547.00 ns, 3.4232 ns/op, 213439.00 uJpkg, 0.00 uJdram
OverheadWarmup   6: 859888 op, 2954391.00 ns, 3.4358 ns/op, 225646.00 uJpkg, 0.00 uJdram
OverheadWarmup   7: 859888 op, 2946150.00 ns, 3.4262 ns/op, 198913.00 uJpkg, 0.00 uJdram

OverheadActual   1: 859888 op, 2947689.00 ns, 3.4280 ns/op, 210082.00 uJpkg, 0.00 uJdram
OverheadActual   2: 859888 op, 2953860.00 ns, 3.4352 ns/op, 200988.00 uJpkg, 0.00 uJdram
OverheadActual   3: 859888 op, 2944812.00 ns, 3.4246 ns/op, 205382.00 uJpkg, 0.00 uJdram
OverheadActual   4: 859888 op, 2941972.00 ns, 3.4213 ns/op, 215210.00 uJpkg, 0.00 uJdram
OverheadActual   5: 859888 op, 2955557.00 ns, 3.4371 ns/op, 209106.00 uJpkg, 0.00 uJdram
OverheadActual   6: 859888 op, 2950873.00 ns, 3.4317 ns/op, 202941.00 uJpkg, 0.00 uJdram
OverheadActual   7: 859888 op, 2937623.00 ns, 3.4163 ns/op, 208495.00 uJpkg, 0.00 uJdram
OverheadActual   8: 859888 op, 2956241.00 ns, 3.4379 ns/op, 203552.00 uJpkg, 0.00 uJdram
OverheadActual   9: 859888 op, 2951968.00 ns, 3.4330 ns/op, 199401.00 uJpkg, 0.00 uJdram
OverheadActual  10: 859888 op, 2958624.00 ns, 3.4407 ns/op, 182068.00 uJpkg, 0.00 uJdram
OverheadActual  11: 859888 op, 2954848.00 ns, 3.4363 ns/op, 211364.00 uJpkg, 0.00 uJdram
OverheadActual  12: 859888 op, 2948228.00 ns, 3.4286 ns/op, 214782.00 uJpkg, 0.00 uJdram
OverheadActual  13: 859888 op, 2966808.00 ns, 3.4502 ns/op, 220885.00 uJpkg, 0.00 uJdram
OverheadActual  14: 859888 op, 2948163.00 ns, 3.4285 ns/op, 209472.00 uJpkg, 0.00 uJdram
OverheadActual  15: 859888 op, 2945235.00 ns, 3.4251 ns/op, 205504.00 uJpkg, 0.00 uJdram

WorkloadWarmup   1: 859888 op, 1003087306.00 ns, 1.1665 us/op, 88213336.00 uJpkg, 0.00 uJdram
WorkloadWarmup   2: 859888 op, 999579951.00 ns, 1.1625 us/op, 84473538.00 uJpkg, 0.00 uJdram
WorkloadWarmup   3: 859888 op, 999619651.00 ns, 1.1625 us/op, 84388028.00 uJpkg, 0.00 uJdram
WorkloadWarmup   4: 859888 op, 996458679.00 ns, 1.1588 us/op, 84254301.00 uJpkg, 0.00 uJdram
WorkloadWarmup   5: 859888 op, 996858623.00 ns, 1.1593 us/op, 84363493.00 uJpkg, 0.00 uJdram
WorkloadWarmup   6: 859888 op, 997710849.00 ns, 1.1603 us/op, 84668179.00 uJpkg, 0.00 uJdram

// BeforeActualRun
WorkloadActual   1: 859888 op, 1001930123.00 ns, 1.1652 us/op, 85099148.00 uJpkg, 0.00 uJdram
WorkloadActual   2: 859888 op, 1002650399.00 ns, 1.1660 us/op, 85325038.00 uJpkg, 0.00 uJdram
WorkloadActual   3: 859888 op, 999513076.00 ns, 1.1624 us/op, 84508878.00 uJpkg, 0.00 uJdram
WorkloadActual   4: 859888 op, 998553949.00 ns, 1.1613 us/op, 84313199.00 uJpkg, 0.00 uJdram
WorkloadActual   5: 859888 op, 999368123.00 ns, 1.1622 us/op, 85003017.00 uJpkg, 0.00 uJdram
WorkloadActual   6: 859888 op, 998537958.00 ns, 1.1612 us/op, 84785977.00 uJpkg, 0.00 uJdram
WorkloadActual   7: 859888 op, 997911702.00 ns, 1.1605 us/op, 84310514.00 uJpkg, 0.00 uJdram
WorkloadActual   8: 859888 op, 997914668.00 ns, 1.1605 us/op, 84659817.00 uJpkg, 0.00 uJdram
WorkloadActual   9: 859888 op, 997989785.00 ns, 1.1606 us/op, 84802273.00 uJpkg, 0.00 uJdram
WorkloadActual  10: 859888 op, 1000055992.00 ns, 1.1630 us/op, 86007104.00 uJpkg, 0.00 uJdram
WorkloadActual  11: 859888 op, 998109009.00 ns, 1.1607 us/op, 84453214.00 uJpkg, 0.00 uJdram
WorkloadActual  12: 859888 op, 998131292.00 ns, 1.1608 us/op, 84484891.00 uJpkg, 0.00 uJdram
WorkloadActual  13: 859888 op, 999174864.00 ns, 1.1620 us/op, 84884610.00 uJpkg, 0.00 uJdram
WorkloadActual  14: 859888 op, 997077673.00 ns, 1.1595 us/op, 84300871.00 uJpkg, 0.00 uJdram
WorkloadActual  15: 859888 op, 999383823.00 ns, 1.1622 us/op, 84582547.00 uJpkg, 0.00 uJdram

// AfterActualRun
WorkloadResult   1: 859888 op, 998979250.00 ns, 1.1618 us/op, 85099148.00 uJpkg, 0.00 uJdram
WorkloadResult   2: 859888 op, 999699526.00 ns, 1.1626 us/op, 85325038.00 uJpkg, 0.00 uJdram
WorkloadResult   3: 859888 op, 996562203.00 ns, 1.1589 us/op, 84508878.00 uJpkg, 0.00 uJdram
WorkloadResult   4: 859888 op, 995603076.00 ns, 1.1578 us/op, 84313199.00 uJpkg, 0.00 uJdram
WorkloadResult   5: 859888 op, 996417250.00 ns, 1.1588 us/op, 85003017.00 uJpkg, 0.00 uJdram
WorkloadResult   6: 859888 op, 995587085.00 ns, 1.1578 us/op, 84785977.00 uJpkg, 0.00 uJdram
WorkloadResult   7: 859888 op, 994960829.00 ns, 1.1571 us/op, 84310514.00 uJpkg, 0.00 uJdram
WorkloadResult   8: 859888 op, 994963795.00 ns, 1.1571 us/op, 84659817.00 uJpkg, 0.00 uJdram
WorkloadResult   9: 859888 op, 995038912.00 ns, 1.1572 us/op, 84802273.00 uJpkg, 0.00 uJdram
WorkloadResult  10: 859888 op, 997105119.00 ns, 1.1596 us/op, 86007104.00 uJpkg, 0.00 uJdram
WorkloadResult  11: 859888 op, 995158136.00 ns, 1.1573 us/op, 84453214.00 uJpkg, 0.00 uJdram
WorkloadResult  12: 859888 op, 995180419.00 ns, 1.1573 us/op, 84484891.00 uJpkg, 0.00 uJdram
WorkloadResult  13: 859888 op, 996223991.00 ns, 1.1586 us/op, 84884610.00 uJpkg, 0.00 uJdram
WorkloadResult  14: 859888 op, 994126800.00 ns, 1.1561 us/op, 84300871.00 uJpkg, 0.00 uJdram
WorkloadResult  15: 859888 op, 996432950.00 ns, 1.1588 us/op, 84582547.00 uJpkg, 0.00 uJdram

// AfterAll
// Benchmark Process 4060159 has exited with code 0.

Mean = 1.158 μs, StdErr = 0.000 μs (0.04%), N = 15, StdDev = 0.002 μs
Min = 1.156 μs, Q1 = 1.157 μs, Median = 1.158 μs, Q3 = 1.159 μs, Max = 1.163 μs
IQR = 0.002 μs, LowerFence = 1.155 μs, UpperFence = 1.161 μs
ConfidenceInterval = [1.157 μs; 1.160 μs] (CI 99.9%), Margin = 0.002 μs (0.16% of Mean)
Skewness = 1.03, Kurtosis = 3.1, MValue = 2

// ** Remained 15 (50.0%) benchmark(s) to run. Estimated finish 2025-12-31 20:27 (0h 7m from now) **
// **************************
// Benchmark: JsonSerializationBenchmarks.STJ_Serialize_Large: Overhead-Fixed-Energy-6(OutlierMode=DontRemove, IterationCount=15, IterationTime=1s, LaunchCount=1, WarmupCount=6)
// *** Execute ***
// Launch: 1 / 1
// Execute: dotnet Serialization.Bench-Overhead-Fixed-Energy-6-1.dll --anonymousPipes 103 104 --benchmarkName Serialization.Bench.JsonSerializationBenchmarks.STJ_Serialize_Large --job Overhead-Fixed-Energy-6 --benchmarkId 15 in /home/test/rapl-tests/lib-energy-bench/src/Serialization.Bench/bin/Release/net8.0/Serialization.Bench-Overhead-Fixed-Energy-6-1/bin/Release/net8.0
// BeforeAnythingElse

// Benchmark Process Environment Information:
// BenchmarkDotNet v0.15.5-develop (2025-12-31)
// Runtime=.NET 8.0.21 (8.0.21, 8.0.2125.47513), X64 RyuJIT x86-64-v4
// GC=Concurrent Workstation
// HardwareIntrinsics=AVX512 IFMA+VBMI,AVX512 F+BW+CD+DQ+VL,AVX2+BMI1+BMI2+F16C+FMA+LZCNT+MOVBE,AVX,SSE3+SSSE3+SSE4.1+SSE4.2+POPCNT,X86Base+SSE+SSE2,AES+PCLMUL VectorSize=256
// Job: Overhead-Fixed-Energy-6(OutlierMode=DontRemove, IterationCount=15, IterationTime=1s, LaunchCount=1, WarmupCount=6)

OverheadJitting  1: 1 op, 142050.00 ns, 142.0500 us/op, 49011.00 uJpkg, 0.00 uJdram
WorkloadJitting  1: 1 op, 7966354.00 ns, 7.9664 ms/op, 502318.00 uJpkg, 0.00 uJdram

OverheadJitting  2: 16 op, 372744.00 ns, 23.2965 us/op, 72937.00 uJpkg, 0.00 uJdram
WorkloadJitting  2: 16 op, 6315737.00 ns, 394.7336 us/op, 452574.00 uJpkg, 0.00 uJdram

WorkloadPilot    1: 16 op, 8500702.00 ns, 531.2939 us/op, 487975.00 uJpkg, 0.00 uJdram
WorkloadPilot    2: 1888 op, 597621763.00 ns, 316.5370 us/op, 55301067.00 uJpkg, 0.00 uJdram
WorkloadPilot    3: 3168 op, 589040800.00 ns, 185.9346 us/op, 54023422.00 uJpkg, 0.00 uJdram
WorkloadPilot    4: 5392 op, 1014092248.00 ns, 188.0735 us/op, 92547981.00 uJpkg, 0.00 uJdram
WorkloadPilot    5: 5328 op, 1033593007.00 ns, 193.9927 us/op, 92207161.00 uJpkg, 0.00 uJdram
WorkloadPilot    6: 5168 op, 989407219.00 ns, 191.4488 us/op, 92360970.00 uJpkg, 0.00 uJdram
WorkloadPilot    7: 5232 op, 974510118.00 ns, 186.2596 us/op, 89832228.00 uJpkg, 0.00 uJdram
WorkloadPilot    8: 5376 op, 1013726381.00 ns, 188.5652 us/op, 94003422.00 uJpkg, 0.00 uJdram

OverheadWarmup   1: 5376 op, 19274.00 ns, 3.5852 ns/op, 0.00 uJpkg, 0.00 uJdram
OverheadWarmup   2: 5376 op, 18856.00 ns, 3.5074 ns/op, 0.00 uJpkg, 0.00 uJdram
OverheadWarmup   3: 5376 op, 18892.00 ns, 3.5141 ns/op, 0.00 uJpkg, 0.00 uJdram
OverheadWarmup   4: 5376 op, 18852.00 ns, 3.5067 ns/op, 0.00 uJpkg, 0.00 uJdram
OverheadWarmup   5: 5376 op, 24430.00 ns, 4.5443 ns/op, 0.00 uJpkg, 0.00 uJdram
OverheadWarmup   6: 5376 op, 18878.00 ns, 3.5115 ns/op, 0.00 uJpkg, 0.00 uJdram

OverheadActual   1: 5376 op, 18866.00 ns, 3.5093 ns/op, 0.00 uJpkg, 0.00 uJdram
OverheadActual   2: 5376 op, 18879.00 ns, 3.5117 ns/op, 0.00 uJpkg, 0.00 uJdram
OverheadActual   3: 5376 op, 18861.00 ns, 3.5084 ns/op, 0.00 uJpkg, 0.00 uJdram
OverheadActual   4: 5376 op, 18858.00 ns, 3.5078 ns/op, 0.00 uJpkg, 0.00 uJdram
OverheadActual   5: 5376 op, 18870.00 ns, 3.5100 ns/op, 0.00 uJpkg, 0.00 uJdram
OverheadActual   6: 5376 op, 22973.00 ns, 4.2733 ns/op, 86792.00 uJpkg, 0.00 uJdram
OverheadActual   7: 5376 op, 19215.00 ns, 3.5742 ns/op, 0.00 uJpkg, 0.00 uJdram
OverheadActual   8: 5376 op, 18856.00 ns, 3.5074 ns/op, 0.00 uJpkg, 0.00 uJdram
OverheadActual   9: 5376 op, 19661.00 ns, 3.6572 ns/op, 0.00 uJpkg, 0.00 uJdram
OverheadActual  10: 5376 op, 19665.00 ns, 3.6579 ns/op, 96741.00 uJpkg, 0.00 uJdram
OverheadActual  11: 5376 op, 18892.00 ns, 3.5141 ns/op, 0.00 uJpkg, 0.00 uJdram
OverheadActual  12: 5376 op, 18882.00 ns, 3.5123 ns/op, 0.00 uJpkg, 0.00 uJdram
OverheadActual  13: 5376 op, 18897.00 ns, 3.5151 ns/op, 0.00 uJpkg, 0.00 uJdram
OverheadActual  14: 5376 op, 21213.00 ns, 3.9459 ns/op, 0.00 uJpkg, 0.00 uJdram
OverheadActual  15: 5376 op, 18859.00 ns, 3.5080 ns/op, 0.00 uJpkg, 0.00 uJdram
OverheadActual  16: 5376 op, 18880.00 ns, 3.5119 ns/op, 0.00 uJpkg, 0.00 uJdram
OverheadActual  17: 5376 op, 18845.00 ns, 3.5054 ns/op, 0.00 uJpkg, 0.00 uJdram
OverheadActual  18: 5376 op, 18862.00 ns, 3.5086 ns/op, 0.00 uJpkg, 0.00 uJdram
OverheadActual  19: 5376 op, 19230.00 ns, 3.5770 ns/op, 0.00 uJpkg, 0.00 uJdram

WorkloadWarmup   1: 5376 op, 1009048143.00 ns, 187.6950 us/op, 95595947.00 uJpkg, 0.00 uJdram
WorkloadWarmup   2: 5376 op, 1008374863.00 ns, 187.5697 us/op, 93478398.00 uJpkg, 0.00 uJdram
WorkloadWarmup   3: 5376 op, 1008518855.00 ns, 187.5965 us/op, 93974735.00 uJpkg, 0.00 uJdram
WorkloadWarmup   4: 5376 op, 1006725558.00 ns, 187.2629 us/op, 94103824.00 uJpkg, 0.00 uJdram
WorkloadWarmup   5: 5376 op, 1006446048.00 ns, 187.2109 us/op, 93922123.00 uJpkg, 0.00 uJdram
WorkloadWarmup   6: 5376 op, 1005758127.00 ns, 187.0830 us/op, 93836491.00 uJpkg, 0.00 uJdram

// BeforeActualRun
WorkloadActual   1: 5376 op, 1008913612.00 ns, 187.6699 us/op, 94067875.00 uJpkg, 0.00 uJdram
WorkloadActual   2: 5376 op, 1006422536.00 ns, 187.2066 us/op, 93319341.00 uJpkg, 0.00 uJdram
WorkloadActual   3: 5376 op, 1006891945.00 ns, 187.2939 us/op, 93877873.00 uJpkg, 0.00 uJdram
WorkloadActual   4: 5376 op, 1011580615.00 ns, 188.1660 us/op, 93750553.00 uJpkg, 0.00 uJdram
WorkloadActual   5: 5376 op, 1006671459.00 ns, 187.2529 us/op, 93627202.00 uJpkg, 0.00 uJdram
WorkloadActual   6: 5376 op, 1006787178.00 ns, 187.2744 us/op, 93389898.00 uJpkg, 0.00 uJdram
WorkloadActual   7: 5376 op, 1005624585.00 ns, 187.0581 us/op, 92788032.00 uJpkg, 0.00 uJdram
WorkloadActual   8: 5376 op, 1005732910.00 ns, 187.0783 us/op, 93088812.00 uJpkg, 0.00 uJdram
WorkloadActual   9: 5376 op, 1007718592.00 ns, 187.4477 us/op, 93387578.00 uJpkg, 0.00 uJdram
WorkloadActual  10: 5376 op, 1008355653.00 ns, 187.5662 us/op, 94559268.00 uJpkg, 0.00 uJdram
WorkloadActual  11: 5376 op, 1005757085.00 ns, 187.0828 us/op, 93825993.00 uJpkg, 0.00 uJdram
WorkloadActual  12: 5376 op, 1005739784.00 ns, 187.0796 us/op, 93318304.00 uJpkg, 0.00 uJdram
WorkloadActual  13: 5376 op, 1008520771.00 ns, 187.5969 us/op, 93930973.00 uJpkg, 0.00 uJdram
WorkloadActual  14: 5376 op, 1006355492.00 ns, 187.1941 us/op, 93859684.00 uJpkg, 0.00 uJdram
WorkloadActual  15: 5376 op, 1007775886.00 ns, 187.4583 us/op, 93968570.00 uJpkg, 0.00 uJdram

// AfterActualRun
WorkloadResult   1: 5376 op, 1008894732.00 ns, 187.6664 us/op, 94067875.00 uJpkg, 0.00 uJdram
WorkloadResult   2: 5376 op, 1006403656.00 ns, 187.2031 us/op, 93319341.00 uJpkg, 0.00 uJdram
WorkloadResult   3: 5376 op, 1006873065.00 ns, 187.2904 us/op, 93877873.00 uJpkg, 0.00 uJdram
WorkloadResult   4: 5376 op, 1011561735.00 ns, 188.1625 us/op, 93750553.00 uJpkg, 0.00 uJdram
WorkloadResult   5: 5376 op, 1006652579.00 ns, 187.2494 us/op, 93627202.00 uJpkg, 0.00 uJdram
WorkloadResult   6: 5376 op, 1006768298.00 ns, 187.2709 us/op, 93389898.00 uJpkg, 0.00 uJdram
WorkloadResult   7: 5376 op, 1005605705.00 ns, 187.0546 us/op, 92788032.00 uJpkg, 0.00 uJdram
WorkloadResult   8: 5376 op, 1005714030.00 ns, 187.0748 us/op, 93088812.00 uJpkg, 0.00 uJdram
WorkloadResult   9: 5376 op, 1007699712.00 ns, 187.4441 us/op, 93387578.00 uJpkg, 0.00 uJdram
WorkloadResult  10: 5376 op, 1008336773.00 ns, 187.5626 us/op, 94559268.00 uJpkg, 0.00 uJdram
WorkloadResult  11: 5376 op, 1005738205.00 ns, 187.0793 us/op, 93825993.00 uJpkg, 0.00 uJdram
WorkloadResult  12: 5376 op, 1005720904.00 ns, 187.0761 us/op, 93318304.00 uJpkg, 0.00 uJdram
WorkloadResult  13: 5376 op, 1008501891.00 ns, 187.5934 us/op, 93930973.00 uJpkg, 0.00 uJdram
WorkloadResult  14: 5376 op, 1006336612.00 ns, 187.1906 us/op, 93859684.00 uJpkg, 0.00 uJdram
WorkloadResult  15: 5376 op, 1007757006.00 ns, 187.4548 us/op, 93968570.00 uJpkg, 0.00 uJdram

// AfterAll
// Benchmark Process 4060180 has exited with code 0.

Mean = 187.358 μs, StdErr = 0.078 μs (0.04%), N = 15, StdDev = 0.300 μs
Min = 187.055 μs, Q1 = 187.135 μs, Median = 187.271 μs, Q3 = 187.509 μs, Max = 188.163 μs
IQR = 0.374 μs, LowerFence = 186.574 μs, UpperFence = 188.069 μs
ConfidenceInterval = [187.037 μs; 187.679 μs] (CI 99.9%), Margin = 0.321 μs (0.17% of Mean)
Skewness = 1.15, Kurtosis = 3.79, MValue = 2

// ** Remained 14 (46.7%) benchmark(s) to run. Estimated finish 2025-12-31 20:27 (0h 6m from now) **
// **************************
// Benchmark: JsonSerializationBenchmarks.Newtonsoft_Serialize_Large: Overhead-Fixed-Energy-6(OutlierMode=DontRemove, IterationCount=15, IterationTime=1s, LaunchCount=1, WarmupCount=6)
// *** Execute ***
// Launch: 1 / 1
// Execute: dotnet Serialization.Bench-Overhead-Fixed-Energy-6-1.dll --anonymousPipes 103 104 --benchmarkName Serialization.Bench.JsonSerializationBenchmarks.Newtonsoft_Serialize_Large --job Overhead-Fixed-Energy-6 --benchmarkId 16 in /home/test/rapl-tests/lib-energy-bench/src/Serialization.Bench/bin/Release/net8.0/Serialization.Bench-Overhead-Fixed-Energy-6-1/bin/Release/net8.0
// BeforeAnythingElse

// Benchmark Process Environment Information:
// BenchmarkDotNet v0.15.5-develop (2025-12-31)
// Runtime=.NET 8.0.21 (8.0.21, 8.0.2125.47513), X64 RyuJIT x86-64-v4
// GC=Concurrent Workstation
// HardwareIntrinsics=AVX512 IFMA+VBMI,AVX512 F+BW+CD+DQ+VL,AVX2+BMI1+BMI2+F16C+FMA+LZCNT+MOVBE,AVX,SSE3+SSSE3+SSE4.1+SSE4.2+POPCNT,X86Base+SSE+SSE2,AES+PCLMUL VectorSize=256
// Job: Overhead-Fixed-Energy-6(OutlierMode=DontRemove, IterationCount=15, IterationTime=1s, LaunchCount=1, WarmupCount=6)

OverheadJitting  1: 1 op, 135728.00 ns, 135.7280 us/op, 0.00 uJpkg, 0.00 uJdram
WorkloadJitting  1: 1 op, 50431463.00 ns, 50.4315 ms/op, 3036247.00 uJpkg, 0.00 uJdram

OverheadJitting  2: 16 op, 366333.00 ns, 22.8958 us/op, 0.00 uJpkg, 0.00 uJdram
WorkloadJitting  2: 16 op, 15909575.00 ns, 994.3484 us/op, 1083798.00 uJpkg, 0.00 uJdram

WorkloadPilot    1: 16 op, 15163205.00 ns, 947.7003 us/op, 973203.00 uJpkg, 0.00 uJdram
WorkloadPilot    2: 1056 op, 448156654.00 ns, 424.3908 us/op, 36960476.00 uJpkg, 0.00 uJdram
WorkloadPilot    3: 2368 op, 716674623.00 ns, 302.6498 us/op, 60003936.00 uJpkg, 0.00 uJdram
WorkloadPilot    4: 3312 op, 1002145849.00 ns, 302.5803 us/op, 83869353.00 uJpkg, 0.00 uJdram

OverheadWarmup   1: 3312 op, 12024.00 ns, 3.6304 ns/op, 0.00 uJpkg, 0.00 uJdram
OverheadWarmup   2: 3312 op, 11736.00 ns, 3.5435 ns/op, 0.00 uJpkg, 0.00 uJdram
OverheadWarmup   3: 3312 op, 11741.00 ns, 3.5450 ns/op, 0.00 uJpkg, 0.00 uJdram
OverheadWarmup   4: 3312 op, 11741.00 ns, 3.5450 ns/op, 0.00 uJpkg, 0.00 uJdram
OverheadWarmup   5: 3312 op, 11711.00 ns, 3.5359 ns/op, 0.00 uJpkg, 0.00 uJdram
OverheadWarmup   6: 3312 op, 11717.00 ns, 3.5377 ns/op, 78918.00 uJpkg, 0.00 uJdram

OverheadActual   1: 3312 op, 11758.00 ns, 3.5501 ns/op, 0.00 uJpkg, 0.00 uJdram
OverheadActual   2: 3312 op, 11722.00 ns, 3.5393 ns/op, 0.00 uJpkg, 0.00 uJdram
OverheadActual   3: 3312 op, 11732.00 ns, 3.5423 ns/op, 0.00 uJpkg, 0.00 uJdram
OverheadActual   4: 3312 op, 11738.00 ns, 3.5441 ns/op, 0.00 uJpkg, 0.00 uJdram
OverheadActual   5: 3312 op, 11706.00 ns, 3.5344 ns/op, 0.00 uJpkg, 0.00 uJdram
OverheadActual   6: 3312 op, 11735.00 ns, 3.5432 ns/op, 0.00 uJpkg, 0.00 uJdram
OverheadActual   7: 3312 op, 12236.00 ns, 3.6944 ns/op, 0.00 uJpkg, 0.00 uJdram
OverheadActual   8: 3312 op, 11743.00 ns, 3.5456 ns/op, 0.00 uJpkg, 0.00 uJdram
OverheadActual   9: 3312 op, 12247.00 ns, 3.6978 ns/op, 0.00 uJpkg, 0.00 uJdram
OverheadActual  10: 3312 op, 12244.00 ns, 3.6969 ns/op, 0.00 uJpkg, 0.00 uJdram
OverheadActual  11: 3312 op, 11730.00 ns, 3.5417 ns/op, 0.00 uJpkg, 0.00 uJdram
OverheadActual  12: 3312 op, 11719.00 ns, 3.5383 ns/op, 0.00 uJpkg, 0.00 uJdram
OverheadActual  13: 3312 op, 11748.00 ns, 3.5471 ns/op, 0.00 uJpkg, 0.00 uJdram
OverheadActual  14: 3312 op, 12137.00 ns, 3.6646 ns/op, 0.00 uJpkg, 0.00 uJdram
OverheadActual  15: 3312 op, 11712.00 ns, 3.5362 ns/op, 0.00 uJpkg, 0.00 uJdram

WorkloadWarmup   1: 3312 op, 1001728592.00 ns, 302.4543 us/op, 85861047.00 uJpkg, 0.00 uJdram
WorkloadWarmup   2: 3312 op, 1000633077.00 ns, 302.1235 us/op, 83542938.00 uJpkg, 0.00 uJdram
WorkloadWarmup   3: 3312 op, 1000472258.00 ns, 302.0750 us/op, 84025419.00 uJpkg, 0.00 uJdram
WorkloadWarmup   4: 3312 op, 1002176267.00 ns, 302.5895 us/op, 87533101.00 uJpkg, 0.00 uJdram
WorkloadWarmup   5: 3312 op, 1000596425.00 ns, 302.1124 us/op, 84512174.00 uJpkg, 0.00 uJdram
WorkloadWarmup   6: 3312 op, 1001729045.00 ns, 302.4544 us/op, 85808374.00 uJpkg, 0.00 uJdram

// BeforeActualRun
WorkloadActual   1: 3312 op, 1007197550.00 ns, 304.1055 us/op, 85466151.00 uJpkg, 0.00 uJdram
WorkloadActual   2: 3312 op, 1003186938.00 ns, 302.8946 us/op, 84753628.00 uJpkg, 0.00 uJdram
WorkloadActual   3: 3312 op, 1004584782.00 ns, 303.3167 us/op, 85325954.00 uJpkg, 0.00 uJdram
WorkloadActual   4: 3312 op, 1003156446.00 ns, 302.8854 us/op, 84745572.00 uJpkg, 0.00 uJdram
WorkloadActual   5: 3312 op, 1003921641.00 ns, 303.1164 us/op, 84824856.00 uJpkg, 0.00 uJdram
WorkloadActual   6: 3312 op, 1004728053.00 ns, 303.3599 us/op, 84609403.00 uJpkg, 0.00 uJdram
WorkloadActual   7: 3312 op, 1003312380.00 ns, 302.9325 us/op, 84338896.00 uJpkg, 0.00 uJdram
WorkloadActual   8: 3312 op, 1003402513.00 ns, 302.9597 us/op, 84264799.00 uJpkg, 0.00 uJdram
WorkloadActual   9: 3312 op, 1003260606.00 ns, 302.9168 us/op, 84358121.00 uJpkg, 0.00 uJdram
WorkloadActual  10: 3312 op, 1003538498.00 ns, 303.0008 us/op, 85615198.00 uJpkg, 0.00 uJdram
WorkloadActual  11: 3312 op, 1006185088.00 ns, 303.7998 us/op, 84495572.00 uJpkg, 0.00 uJdram
WorkloadActual  12: 3312 op, 1002859036.00 ns, 302.7956 us/op, 83672882.00 uJpkg, 0.00 uJdram
WorkloadActual  13: 3312 op, 1001114894.00 ns, 302.2690 us/op, 83075044.00 uJpkg, 0.00 uJdram
WorkloadActual  14: 3312 op, 1002672101.00 ns, 302.7392 us/op, 84144804.00 uJpkg, 0.00 uJdram
WorkloadActual  15: 3312 op, 1000797873.00 ns, 302.1733 us/op, 84388334.00 uJpkg, 0.00 uJdram

// AfterActualRun
WorkloadResult   1: 3312 op, 1007185812.00 ns, 304.1020 us/op, 85466151.00 uJpkg, 0.00 uJdram
WorkloadResult   2: 3312 op, 1003175200.00 ns, 302.8911 us/op, 84753628.00 uJpkg, 0.00 uJdram
WorkloadResult   3: 3312 op, 1004573044.00 ns, 303.3131 us/op, 85325954.00 uJpkg, 0.00 uJdram
WorkloadResult   4: 3312 op, 1003144708.00 ns, 302.8819 us/op, 84745572.00 uJpkg, 0.00 uJdram
WorkloadResult   5: 3312 op, 1003909903.00 ns, 303.1129 us/op, 84824856.00 uJpkg, 0.00 uJdram
WorkloadResult   6: 3312 op, 1004716315.00 ns, 303.3564 us/op, 84609403.00 uJpkg, 0.00 uJdram
WorkloadResult   7: 3312 op, 1003300642.00 ns, 302.9289 us/op, 84338896.00 uJpkg, 0.00 uJdram
WorkloadResult   8: 3312 op, 1003390775.00 ns, 302.9562 us/op, 84264799.00 uJpkg, 0.00 uJdram
WorkloadResult   9: 3312 op, 1003248868.00 ns, 302.9133 us/op, 84358121.00 uJpkg, 0.00 uJdram
WorkloadResult  10: 3312 op, 1003526760.00 ns, 302.9972 us/op, 85615198.00 uJpkg, 0.00 uJdram
WorkloadResult  11: 3312 op, 1006173350.00 ns, 303.7963 us/op, 84495572.00 uJpkg, 0.00 uJdram
WorkloadResult  12: 3312 op, 1002847298.00 ns, 302.7921 us/op, 83672882.00 uJpkg, 0.00 uJdram
WorkloadResult  13: 3312 op, 1001103156.00 ns, 302.2654 us/op, 83075044.00 uJpkg, 0.00 uJdram
WorkloadResult  14: 3312 op, 1002660363.00 ns, 302.7356 us/op, 84144804.00 uJpkg, 0.00 uJdram
WorkloadResult  15: 3312 op, 1000786135.00 ns, 302.1697 us/op, 84388334.00 uJpkg, 0.00 uJdram

// AfterAll
// Benchmark Process 4060200 has exited with code 0.

Mean = 303.014 μs, StdErr = 0.128 μs (0.04%), N = 15, StdDev = 0.498 μs
Min = 302.170 μs, Q1 = 302.837 μs, Median = 302.929 μs, Q3 = 303.213 μs, Max = 304.102 μs
IQR = 0.376 μs, LowerFence = 302.273 μs, UpperFence = 303.777 μs
ConfidenceInterval = [302.482 μs; 303.546 μs] (CI 99.9%), Margin = 0.532 μs (0.18% of Mean)
Skewness = 0.42, Kurtosis = 2.86, MValue = 2

// ** Remained 13 (43.3%) benchmark(s) to run. Estimated finish 2025-12-31 20:27 (0h 6m from now) **
// **************************
// Benchmark: JsonSerializationBenchmarks.Jil_Serialize_Large: Overhead-Fixed-Energy-6(OutlierMode=DontRemove, IterationCount=15, IterationTime=1s, LaunchCount=1, WarmupCount=6)
// *** Execute ***
// Launch: 1 / 1
// Execute: dotnet Serialization.Bench-Overhead-Fixed-Energy-6-1.dll --anonymousPipes 103 104 --benchmarkName Serialization.Bench.JsonSerializationBenchmarks.Jil_Serialize_Large --job Overhead-Fixed-Energy-6 --benchmarkId 17 in /home/test/rapl-tests/lib-energy-bench/src/Serialization.Bench/bin/Release/net8.0/Serialization.Bench-Overhead-Fixed-Energy-6-1/bin/Release/net8.0
// BeforeAnythingElse

// Benchmark Process Environment Information:
// BenchmarkDotNet v0.15.5-develop (2025-12-31)
// Runtime=.NET 8.0.21 (8.0.21, 8.0.2125.47513), X64 RyuJIT x86-64-v4
// GC=Concurrent Workstation
// HardwareIntrinsics=AVX512 IFMA+VBMI,AVX512 F+BW+CD+DQ+VL,AVX2+BMI1+BMI2+F16C+FMA+LZCNT+MOVBE,AVX,SSE3+SSSE3+SSE4.1+SSE4.2+POPCNT,X86Base+SSE+SSE2,AES+PCLMUL VectorSize=256
// Job: Overhead-Fixed-Energy-6(OutlierMode=DontRemove, IterationCount=15, IterationTime=1s, LaunchCount=1, WarmupCount=6)

OverheadJitting  1: 1 op, 134824.00 ns, 134.8240 us/op, 0.00 uJpkg, 0.00 uJdram
WorkloadJitting  1: 1 op, 156075269.00 ns, 156.0753 ms/op, 9667822.00 uJpkg, 0.00 uJdram

WorkloadPilot    1: 4 op, 1589544.00 ns, 397.3860 us/op, 75012.00 uJpkg, 0.00 uJdram
WorkloadPilot    2: 2516 op, 784216599.00 ns, 311.6918 us/op, 64707659.00 uJpkg, 0.00 uJdram
WorkloadPilot    3: 3208 op, 907659474.00 ns, 282.9362 us/op, 77061448.00 uJpkg, 0.00 uJdram
WorkloadPilot    4: 3534 op, 1001026824.00 ns, 283.2560 us/op, 84866970.00 uJpkg, 0.00 uJdram
WorkloadPilot    5: 3530 op, 999187045.00 ns, 283.0558 us/op, 85578699.00 uJpkg, 0.00 uJdram
WorkloadPilot    6: 3533 op, 1000369774.00 ns, 283.1502 us/op, 85165370.00 uJpkg, 0.00 uJdram

WorkloadWarmup   1: 3533 op, 1005205019.00 ns, 284.5188 us/op, 86013269.00 uJpkg, 0.00 uJdram
WorkloadWarmup   2: 3533 op, 1003338160.00 ns, 283.9904 us/op, 86464745.00 uJpkg, 0.00 uJdram
WorkloadWarmup   3: 3533 op, 1002518071.00 ns, 283.7583 us/op, 85589930.00 uJpkg, 0.00 uJdram
WorkloadWarmup   4: 3533 op, 1002796301.00 ns, 283.8371 us/op, 86415978.00 uJpkg, 0.00 uJdram
WorkloadWarmup   5: 3533 op, 1002180792.00 ns, 283.6628 us/op, 85590906.00 uJpkg, 0.00 uJdram
WorkloadWarmup   6: 3533 op, 1002644675.00 ns, 283.7941 us/op, 86369530.00 uJpkg, 0.00 uJdram

// BeforeActualRun
WorkloadActual   1: 3533 op, 1002370579.00 ns, 283.7166 us/op, 85864221.00 uJpkg, 0.00 uJdram
WorkloadActual   2: 3533 op, 1002663452.00 ns, 283.7994 us/op, 85787927.00 uJpkg, 0.00 uJdram
WorkloadActual   3: 3533 op, 1002898238.00 ns, 283.8659 us/op, 86198693.00 uJpkg, 0.00 uJdram
WorkloadActual   4: 3533 op, 1001766304.00 ns, 283.5455 us/op, 85544642.00 uJpkg, 0.00 uJdram
WorkloadActual   5: 3533 op, 1003042128.00 ns, 283.9066 us/op, 87020407.00 uJpkg, 0.00 uJdram
WorkloadActual   6: 3533 op, 1003054443.00 ns, 283.9101 us/op, 86619468.00 uJpkg, 0.00 uJdram
WorkloadActual   7: 3533 op, 1003064197.00 ns, 283.9129 us/op, 86658348.00 uJpkg, 0.00 uJdram
WorkloadActual   8: 3533 op, 1002063245.00 ns, 283.6296 us/op, 85774805.00 uJpkg, 0.00 uJdram
WorkloadActual   9: 3533 op, 1002526760.00 ns, 283.7608 us/op, 85909997.00 uJpkg, 0.00 uJdram
WorkloadActual  10: 3533 op, 1003067172.00 ns, 283.9137 us/op, 86316979.00 uJpkg, 0.00 uJdram
WorkloadActual  11: 3533 op, 1002799166.00 ns, 283.8379 us/op, 86667808.00 uJpkg, 0.00 uJdram
WorkloadActual  12: 3533 op, 1001042242.00 ns, 283.3406 us/op, 85366175.00 uJpkg, 0.00 uJdram
WorkloadActual  13: 3533 op, 1001072947.00 ns, 283.3493 us/op, 85514430.00 uJpkg, 0.00 uJdram
WorkloadActual  14: 3533 op, 1000821397.00 ns, 283.2781 us/op, 85330775.00 uJpkg, 0.00 uJdram
WorkloadActual  15: 3533 op, 1007302558.00 ns, 285.1125 us/op, 86229577.00 uJpkg, 0.00 uJdram

// AfterActualRun
WorkloadResult   1: 3533 op, 1002370579.00 ns, 283.7166 us/op, 85864221.00 uJpkg, 0.00 uJdram
WorkloadResult   2: 3533 op, 1002663452.00 ns, 283.7994 us/op, 85787927.00 uJpkg, 0.00 uJdram
WorkloadResult   3: 3533 op, 1002898238.00 ns, 283.8659 us/op, 86198693.00 uJpkg, 0.00 uJdram
WorkloadResult   4: 3533 op, 1001766304.00 ns, 283.5455 us/op, 85544642.00 uJpkg, 0.00 uJdram
WorkloadResult   5: 3533 op, 1003042128.00 ns, 283.9066 us/op, 87020407.00 uJpkg, 0.00 uJdram
WorkloadResult   6: 3533 op, 1003054443.00 ns, 283.9101 us/op, 86619468.00 uJpkg, 0.00 uJdram
WorkloadResult   7: 3533 op, 1003064197.00 ns, 283.9129 us/op, 86658348.00 uJpkg, 0.00 uJdram
WorkloadResult   8: 3533 op, 1002063245.00 ns, 283.6296 us/op, 85774805.00 uJpkg, 0.00 uJdram
WorkloadResult   9: 3533 op, 1002526760.00 ns, 283.7608 us/op, 85909997.00 uJpkg, 0.00 uJdram
WorkloadResult  10: 3533 op, 1003067172.00 ns, 283.9137 us/op, 86316979.00 uJpkg, 0.00 uJdram
WorkloadResult  11: 3533 op, 1002799166.00 ns, 283.8379 us/op, 86667808.00 uJpkg, 0.00 uJdram
WorkloadResult  12: 3533 op, 1001042242.00 ns, 283.3406 us/op, 85366175.00 uJpkg, 0.00 uJdram
WorkloadResult  13: 3533 op, 1001072947.00 ns, 283.3493 us/op, 85514430.00 uJpkg, 0.00 uJdram
WorkloadResult  14: 3533 op, 1000821397.00 ns, 283.2781 us/op, 85330775.00 uJpkg, 0.00 uJdram
WorkloadResult  15: 3533 op, 1007302558.00 ns, 285.1125 us/op, 86229577.00 uJpkg, 0.00 uJdram

// AfterAll
// Benchmark Process 4060217 has exited with code 0.

Mean = 283.792 μs, StdErr = 0.111 μs (0.04%), N = 15, StdDev = 0.428 μs
Min = 283.278 μs, Q1 = 283.588 μs, Median = 283.799 μs, Q3 = 283.908 μs, Max = 285.113 μs
IQR = 0.321 μs, LowerFence = 283.106 μs, UpperFence = 284.390 μs
ConfidenceInterval = [283.334 μs; 284.250 μs] (CI 99.9%), Margin = 0.458 μs (0.16% of Mean)
Skewness = 1.68, Kurtosis = 6.34, MValue = 2

// ** Remained 12 (40.0%) benchmark(s) to run. Estimated finish 2025-12-31 20:27 (0h 5m from now) **
// **************************
// Benchmark: JsonSerializationBenchmarks.Utf8Json_Serialize_Large: Overhead-Fixed-Energy-6(OutlierMode=DontRemove, IterationCount=15, IterationTime=1s, LaunchCount=1, WarmupCount=6)
// *** Execute ***
// Launch: 1 / 1
// Execute: dotnet Serialization.Bench-Overhead-Fixed-Energy-6-1.dll --anonymousPipes 103 104 --benchmarkName Serialization.Bench.JsonSerializationBenchmarks.Utf8Json_Serialize_Large --job Overhead-Fixed-Energy-6 --benchmarkId 18 in /home/test/rapl-tests/lib-energy-bench/src/Serialization.Bench/bin/Release/net8.0/Serialization.Bench-Overhead-Fixed-Energy-6-1/bin/Release/net8.0
// BeforeAnythingElse

// Benchmark Process Environment Information:
// BenchmarkDotNet v0.15.5-develop (2025-12-31)
// Runtime=.NET 8.0.21 (8.0.21, 8.0.2125.47513), X64 RyuJIT x86-64-v4
// GC=Concurrent Workstation
// HardwareIntrinsics=AVX512 IFMA+VBMI,AVX512 F+BW+CD+DQ+VL,AVX2+BMI1+BMI2+F16C+FMA+LZCNT+MOVBE,AVX,SSE3+SSSE3+SSE4.1+SSE4.2+POPCNT,X86Base+SSE+SSE2,AES+PCLMUL VectorSize=256
// Job: Overhead-Fixed-Energy-6(OutlierMode=DontRemove, IterationCount=15, IterationTime=1s, LaunchCount=1, WarmupCount=6)

OverheadJitting  1: 1 op, 146761.00 ns, 146.7610 us/op, 53223.00 uJpkg, 0.00 uJdram
WorkloadJitting  1: 1 op, 54256137.00 ns, 54.2561 ms/op, 3228202.00 uJpkg, 0.00 uJdram

OverheadJitting  2: 16 op, 373458.00 ns, 23.3411 us/op, 0.00 uJpkg, 0.00 uJdram
WorkloadJitting  2: 16 op, 13634504.00 ns, 852.1565 us/op, 896604.00 uJpkg, 0.00 uJdram

WorkloadPilot    1: 16 op, 12571476.00 ns, 785.7173 us/op, 893979.00 uJpkg, 0.00 uJdram
WorkloadPilot    2: 1280 op, 495739333.00 ns, 387.2964 us/op, 45544378.00 uJpkg, 0.00 uJdram
WorkloadPilot    3: 2592 op, 760876754.00 ns, 293.5481 us/op, 72041991.00 uJpkg, 0.00 uJdram
WorkloadPilot    4: 3408 op, 999229826.00 ns, 293.2012 us/op, 94935853.00 uJpkg, 0.00 uJdram
WorkloadPilot    5: 3424 op, 1000595088.00 ns, 292.2299 us/op, 95279480.00 uJpkg, 0.00 uJdram

OverheadWarmup   1: 3424 op, 12454.00 ns, 3.6373 ns/op, 0.00 uJpkg, 0.00 uJdram
OverheadWarmup   2: 3424 op, 12164.00 ns, 3.5526 ns/op, 0.00 uJpkg, 0.00 uJdram
OverheadWarmup   3: 3424 op, 12665.00 ns, 3.6989 ns/op, 0.00 uJpkg, 0.00 uJdram
OverheadWarmup   4: 3424 op, 12648.00 ns, 3.6939 ns/op, 0.00 uJpkg, 0.00 uJdram
OverheadWarmup   5: 3424 op, 12654.00 ns, 3.6957 ns/op, 0.00 uJpkg, 0.00 uJdram
OverheadWarmup   6: 3424 op, 12145.00 ns, 3.5470 ns/op, 0.00 uJpkg, 0.00 uJdram

OverheadActual   1: 3424 op, 12165.00 ns, 3.5529 ns/op, 0.00 uJpkg, 0.00 uJdram
OverheadActual   2: 3424 op, 12163.00 ns, 3.5523 ns/op, 0.00 uJpkg, 0.00 uJdram
OverheadActual   3: 3424 op, 12164.00 ns, 3.5526 ns/op, 0.00 uJpkg, 0.00 uJdram
OverheadActual   4: 3424 op, 12177.00 ns, 3.5564 ns/op, 0.00 uJpkg, 0.00 uJdram
OverheadActual   5: 3424 op, 12145.00 ns, 3.5470 ns/op, 0.00 uJpkg, 0.00 uJdram
OverheadActual   6: 3424 op, 12151.00 ns, 3.5488 ns/op, 0.00 uJpkg, 0.00 uJdram
OverheadActual   7: 3424 op, 12153.00 ns, 3.5494 ns/op, 0.00 uJpkg, 0.00 uJdram
OverheadActual   8: 3424 op, 12149.00 ns, 3.5482 ns/op, 0.00 uJpkg, 0.00 uJdram
OverheadActual   9: 3424 op, 15410.00 ns, 4.5006 ns/op, 0.00 uJpkg, 0.00 uJdram
OverheadActual  10: 3424 op, 12145.00 ns, 3.5470 ns/op, 0.00 uJpkg, 0.00 uJdram
OverheadActual  11: 3424 op, 12159.00 ns, 3.5511 ns/op, 0.00 uJpkg, 0.00 uJdram
OverheadActual  12: 3424 op, 12139.00 ns, 3.5453 ns/op, 0.00 uJpkg, 0.00 uJdram
OverheadActual  13: 3424 op, 12133.00 ns, 3.5435 ns/op, 0.00 uJpkg, 0.00 uJdram
OverheadActual  14: 3424 op, 12564.00 ns, 3.6694 ns/op, 0.00 uJpkg, 0.00 uJdram
OverheadActual  15: 3424 op, 12130.00 ns, 3.5426 ns/op, 0.00 uJpkg, 0.00 uJdram
OverheadActual  16: 3424 op, 12128.00 ns, 3.5421 ns/op, 0.00 uJpkg, 0.00 uJdram
OverheadActual  17: 3424 op, 12163.00 ns, 3.5523 ns/op, 0.00 uJpkg, 0.00 uJdram
OverheadActual  18: 3424 op, 12169.00 ns, 3.5540 ns/op, 0.00 uJpkg, 0.00 uJdram
OverheadActual  19: 3424 op, 12170.00 ns, 3.5543 ns/op, 0.00 uJpkg, 0.00 uJdram
OverheadActual  20: 3424 op, 12196.00 ns, 3.5619 ns/op, 0.00 uJpkg, 0.00 uJdram

WorkloadWarmup   1: 3424 op, 1013596748.00 ns, 296.0271 us/op, 97405024.00 uJpkg, 0.00 uJdram
WorkloadWarmup   2: 3424 op, 1005885025.00 ns, 293.7748 us/op, 95845763.00 uJpkg, 0.00 uJdram
WorkloadWarmup   3: 3424 op, 1003894724.00 ns, 293.1936 us/op, 95282288.00 uJpkg, 0.00 uJdram
WorkloadWarmup   4: 3424 op, 1004203743.00 ns, 293.2838 us/op, 95415344.00 uJpkg, 0.00 uJdram
WorkloadWarmup   5: 3424 op, 1003620308.00 ns, 293.1134 us/op, 95336731.00 uJpkg, 0.00 uJdram
WorkloadWarmup   6: 3424 op, 1000933356.00 ns, 292.3287 us/op, 95656737.00 uJpkg, 0.00 uJdram

// BeforeActualRun
WorkloadActual   1: 3424 op, 1007091561.00 ns, 294.1272 us/op, 95611877.00 uJpkg, 0.00 uJdram
WorkloadActual   2: 3424 op, 1001946374.00 ns, 292.6245 us/op, 96169554.00 uJpkg, 0.00 uJdram
WorkloadActual   3: 3424 op, 1008046697.00 ns, 294.4062 us/op, 96222898.00 uJpkg, 0.00 uJdram
WorkloadActual   4: 3424 op, 1000693736.00 ns, 292.2587 us/op, 95601989.00 uJpkg, 0.00 uJdram
WorkloadActual   5: 3424 op, 1001535416.00 ns, 292.5045 us/op, 95915343.00 uJpkg, 0.00 uJdram
WorkloadActual   6: 3424 op, 1013522134.00 ns, 296.0053 us/op, 94117374.00 uJpkg, 0.00 uJdram
WorkloadActual   7: 3424 op, 1035226062.00 ns, 302.3441 us/op, 93865544.00 uJpkg, 0.00 uJdram
WorkloadActual   8: 3424 op, 1002926213.00 ns, 292.9107 us/op, 95256470.00 uJpkg, 0.00 uJdram
WorkloadActual   9: 3424 op, 1006370845.00 ns, 293.9167 us/op, 96251340.00 uJpkg, 0.00 uJdram
WorkloadActual  10: 3424 op, 1009244967.00 ns, 294.7561 us/op, 97048213.00 uJpkg, 0.00 uJdram
WorkloadActual  11: 3424 op, 1003159349.00 ns, 292.9788 us/op, 95650817.00 uJpkg, 0.00 uJdram
WorkloadActual  12: 3424 op, 1000944593.00 ns, 292.3319 us/op, 95360108.00 uJpkg, 0.00 uJdram
WorkloadActual  13: 3424 op, 1004524101.00 ns, 293.3774 us/op, 95223023.00 uJpkg, 0.00 uJdram
WorkloadActual  14: 3424 op, 1002429879.00 ns, 292.7657 us/op, 95729430.00 uJpkg, 0.00 uJdram
WorkloadActual  15: 3424 op, 999106737.00 ns, 291.7952 us/op, 95943480.00 uJpkg, 0.00 uJdram

// AfterActualRun
WorkloadResult   1: 3424 op, 1007079400.00 ns, 294.1237 us/op, 95611877.00 uJpkg, 0.00 uJdram
WorkloadResult   2: 3424 op, 1001934213.00 ns, 292.6210 us/op, 96169554.00 uJpkg, 0.00 uJdram
WorkloadResult   3: 3424 op, 1008034536.00 ns, 294.4026 us/op, 96222898.00 uJpkg, 0.00 uJdram
WorkloadResult   4: 3424 op, 1000681575.00 ns, 292.2551 us/op, 95601989.00 uJpkg, 0.00 uJdram
WorkloadResult   5: 3424 op, 1001523255.00 ns, 292.5010 us/op, 95915343.00 uJpkg, 0.00 uJdram
WorkloadResult   6: 3424 op, 1013509973.00 ns, 296.0017 us/op, 94117374.00 uJpkg, 0.00 uJdram
WorkloadResult   7: 3424 op, 1035213901.00 ns, 302.3405 us/op, 93865544.00 uJpkg, 0.00 uJdram
WorkloadResult   8: 3424 op, 1002914052.00 ns, 292.9071 us/op, 95256470.00 uJpkg, 0.00 uJdram
WorkloadResult   9: 3424 op, 1006358684.00 ns, 293.9132 us/op, 96251340.00 uJpkg, 0.00 uJdram
WorkloadResult  10: 3424 op, 1009232806.00 ns, 294.7526 us/op, 97048213.00 uJpkg, 0.00 uJdram
WorkloadResult  11: 3424 op, 1003147188.00 ns, 292.9752 us/op, 95650817.00 uJpkg, 0.00 uJdram
WorkloadResult  12: 3424 op, 1000932432.00 ns, 292.3284 us/op, 95360108.00 uJpkg, 0.00 uJdram
WorkloadResult  13: 3424 op, 1004511940.00 ns, 293.3738 us/op, 95223023.00 uJpkg, 0.00 uJdram
WorkloadResult  14: 3424 op, 1002417718.00 ns, 292.7622 us/op, 95729430.00 uJpkg, 0.00 uJdram
WorkloadResult  15: 3424 op, 999094576.00 ns, 291.7916 us/op, 95943480.00 uJpkg, 0.00 uJdram

// AfterAll
// Benchmark Process 4060232 has exited with code 0.

Mean = 293.937 μs, StdErr = 0.667 μs (0.23%), N = 15, StdDev = 2.581 μs
Min = 291.792 μs, Q1 = 292.561 μs, Median = 292.975 μs, Q3 = 294.263 μs, Max = 302.341 μs
IQR = 1.702 μs, LowerFence = 290.008 μs, UpperFence = 296.816 μs
ConfidenceInterval = [291.177 μs; 296.696 μs] (CI 99.9%), Margin = 2.760 μs (0.94% of Mean)
Skewness = 2.23, Kurtosis = 7.59, MValue = 2

// ** Remained 11 (36.7%) benchmark(s) to run. Estimated finish 2025-12-31 20:27 (0h 5m from now) **
// **************************
// Benchmark: JsonSerializationBenchmarks.SpanJson_Serialize_Large: Overhead-Fixed-Energy-6(OutlierMode=DontRemove, IterationCount=15, IterationTime=1s, LaunchCount=1, WarmupCount=6)
// *** Execute ***
// Launch: 1 / 1
// Execute: dotnet Serialization.Bench-Overhead-Fixed-Energy-6-1.dll --anonymousPipes 103 104 --benchmarkName Serialization.Bench.JsonSerializationBenchmarks.SpanJson_Serialize_Large --job Overhead-Fixed-Energy-6 --benchmarkId 19 in /home/test/rapl-tests/lib-energy-bench/src/Serialization.Bench/bin/Release/net8.0/Serialization.Bench-Overhead-Fixed-Energy-6-1/bin/Release/net8.0
// BeforeAnythingElse

// Benchmark Process Environment Information:
// BenchmarkDotNet v0.15.5-develop (2025-12-31)
// Runtime=.NET 8.0.21 (8.0.21, 8.0.2125.47513), X64 RyuJIT x86-64-v4
// GC=Concurrent Workstation
// HardwareIntrinsics=AVX512 IFMA+VBMI,AVX512 F+BW+CD+DQ+VL,AVX2+BMI1+BMI2+F16C+FMA+LZCNT+MOVBE,AVX,SSE3+SSSE3+SSE4.1+SSE4.2+POPCNT,X86Base+SSE+SSE2,AES+PCLMUL VectorSize=256
// Job: Overhead-Fixed-Energy-6(OutlierMode=DontRemove, IterationCount=15, IterationTime=1s, LaunchCount=1, WarmupCount=6)

OverheadJitting  1: 1 op, 136956.00 ns, 136.9560 us/op, 0.00 uJpkg, 0.00 uJdram
WorkloadJitting  1: 1 op, 109196815.00 ns, 109.1968 ms/op, 7220868.00 uJpkg, 0.00 uJdram

WorkloadPilot    1: 4 op, 3024861.00 ns, 756.2153 us/op, 220764.00 uJpkg, 0.00 uJdram
WorkloadPilot    2: 1322 op, 317182049.00 ns, 239.9259 us/op, 23110659.00 uJpkg, 0.00 uJdram
WorkloadPilot    3: 4168 op, 678973199.00 ns, 162.9014 us/op, 48775693.00 uJpkg, 0.00 uJdram
WorkloadPilot    4: 6139 op, 989585890.00 ns, 161.1966 us/op, 71930663.00 uJpkg, 0.00 uJdram
WorkloadPilot    5: 6204 op, 1009710843.00 ns, 162.7516 us/op, 74396233.00 uJpkg, 0.00 uJdram
WorkloadPilot    6: 6144 op, 1003826510.00 ns, 163.3832 us/op, 74739799.00 uJpkg, 0.00 uJdram
WorkloadPilot    7: 6121 op, 1008156384.00 ns, 164.7045 us/op, 73975580.00 uJpkg, 0.00 uJdram

WorkloadWarmup   1: 6121 op, 1002989191.00 ns, 163.8603 us/op, 73544794.00 uJpkg, 0.00 uJdram
WorkloadWarmup   2: 6121 op, 1004911674.00 ns, 164.1744 us/op, 73960992.00 uJpkg, 0.00 uJdram
WorkloadWarmup   3: 6121 op, 1007680542.00 ns, 164.6268 us/op, 73958673.00 uJpkg, 0.00 uJdram
WorkloadWarmup   4: 6121 op, 1004621332.00 ns, 164.1270 us/op, 73511164.00 uJpkg, 0.00 uJdram
WorkloadWarmup   5: 6121 op, 1000064858.00 ns, 163.3826 us/op, 73250240.00 uJpkg, 0.00 uJdram
WorkloadWarmup   6: 6121 op, 1002542424.00 ns, 163.7874 us/op, 72953121.00 uJpkg, 0.00 uJdram

// BeforeActualRun
WorkloadActual   1: 6121 op, 1003312075.00 ns, 163.9131 us/op, 73386775.00 uJpkg, 0.00 uJdram
WorkloadActual   2: 6121 op, 1002890961.00 ns, 163.8443 us/op, 73862054.00 uJpkg, 0.00 uJdram
WorkloadActual   3: 6121 op, 1010381853.00 ns, 165.0681 us/op, 73450007.00 uJpkg, 0.00 uJdram
WorkloadActual   4: 6121 op, 1012422334.00 ns, 165.4015 us/op, 75027823.00 uJpkg, 0.00 uJdram
WorkloadActual   5: 6121 op, 1013981369.00 ns, 165.6562 us/op, 74654960.00 uJpkg, 0.00 uJdram
WorkloadActual   6: 6121 op, 1005873958.00 ns, 164.3316 us/op, 73339351.00 uJpkg, 0.00 uJdram
WorkloadActual   7: 6121 op, 1014812468.00 ns, 165.7919 us/op, 74407829.00 uJpkg, 0.00 uJdram
WorkloadActual   8: 6121 op, 1013439198.00 ns, 165.5676 us/op, 74437920.00 uJpkg, 0.00 uJdram
WorkloadActual   9: 6121 op, 1012265044.00 ns, 165.3758 us/op, 74300591.00 uJpkg, 0.00 uJdram
WorkloadActual  10: 6121 op, 1006449839.00 ns, 164.4257 us/op, 73948114.00 uJpkg, 0.00 uJdram
WorkloadActual  11: 6121 op, 1005469666.00 ns, 164.2656 us/op, 73787592.00 uJpkg, 0.00 uJdram
WorkloadActual  12: 6121 op, 1011249647.00 ns, 165.2099 us/op, 73918695.00 uJpkg, 0.00 uJdram
WorkloadActual  13: 6121 op, 1011615574.00 ns, 165.2697 us/op, 74336480.00 uJpkg, 0.00 uJdram
WorkloadActual  14: 6121 op, 1002119913.00 ns, 163.7183 us/op, 73228084.00 uJpkg, 0.00 uJdram
WorkloadActual  15: 6121 op, 1002337361.00 ns, 163.7539 us/op, 73336055.00 uJpkg, 0.00 uJdram

// AfterActualRun
WorkloadResult   1: 6121 op, 1003312075.00 ns, 163.9131 us/op, 73386775.00 uJpkg, 0.00 uJdram
WorkloadResult   2: 6121 op, 1002890961.00 ns, 163.8443 us/op, 73862054.00 uJpkg, 0.00 uJdram
WorkloadResult   3: 6121 op, 1010381853.00 ns, 165.0681 us/op, 73450007.00 uJpkg, 0.00 uJdram
WorkloadResult   4: 6121 op, 1012422334.00 ns, 165.4015 us/op, 75027823.00 uJpkg, 0.00 uJdram
WorkloadResult   5: 6121 op, 1013981369.00 ns, 165.6562 us/op, 74654960.00 uJpkg, 0.00 uJdram
WorkloadResult   6: 6121 op, 1005873958.00 ns, 164.3316 us/op, 73339351.00 uJpkg, 0.00 uJdram
WorkloadResult   7: 6121 op, 1014812468.00 ns, 165.7919 us/op, 74407829.00 uJpkg, 0.00 uJdram
WorkloadResult   8: 6121 op, 1013439198.00 ns, 165.5676 us/op, 74437920.00 uJpkg, 0.00 uJdram
WorkloadResult   9: 6121 op, 1012265044.00 ns, 165.3758 us/op, 74300591.00 uJpkg, 0.00 uJdram
WorkloadResult  10: 6121 op, 1006449839.00 ns, 164.4257 us/op, 73948114.00 uJpkg, 0.00 uJdram
WorkloadResult  11: 6121 op, 1005469666.00 ns, 164.2656 us/op, 73787592.00 uJpkg, 0.00 uJdram
WorkloadResult  12: 6121 op, 1011249647.00 ns, 165.2099 us/op, 73918695.00 uJpkg, 0.00 uJdram
WorkloadResult  13: 6121 op, 1011615574.00 ns, 165.2697 us/op, 74336480.00 uJpkg, 0.00 uJdram
WorkloadResult  14: 6121 op, 1002119913.00 ns, 163.7183 us/op, 73228084.00 uJpkg, 0.00 uJdram
WorkloadResult  15: 6121 op, 1002337361.00 ns, 163.7539 us/op, 73336055.00 uJpkg, 0.00 uJdram

// AfterAll
// Benchmark Process 4060248 has exited with code 0.

Mean = 164.773 μs, StdErr = 0.196 μs (0.12%), N = 15, StdDev = 0.759 μs
Min = 163.718 μs, Q1 = 164.089 μs, Median = 165.068 μs, Q3 = 165.389 μs, Max = 165.792 μs
IQR = 1.299 μs, LowerFence = 162.140 μs, UpperFence = 167.338 μs
ConfidenceInterval = [163.962 μs; 165.584 μs] (CI 99.9%), Margin = 0.811 μs (0.49% of Mean)
Skewness = -0.15, Kurtosis = 1.25, MValue = 2

// ** Remained 10 (33.3%) benchmark(s) to run. Estimated finish 2025-12-31 20:27 (0h 4m from now) **
// **************************
// Benchmark: JsonSerializationBenchmarks.STJ_Serialize_Medium: Overhead-Fixed-Energy-6(OutlierMode=DontRemove, IterationCount=15, IterationTime=1s, LaunchCount=1, WarmupCount=6)
// *** Execute ***
// Launch: 1 / 1
// Execute: dotnet Serialization.Bench-Overhead-Fixed-Energy-6-1.dll --anonymousPipes 103 104 --benchmarkName Serialization.Bench.JsonSerializationBenchmarks.STJ_Serialize_Medium --job Overhead-Fixed-Energy-6 --benchmarkId 20 in /home/test/rapl-tests/lib-energy-bench/src/Serialization.Bench/bin/Release/net8.0/Serialization.Bench-Overhead-Fixed-Energy-6-1/bin/Release/net8.0
// BeforeAnythingElse

// Benchmark Process Environment Information:
// BenchmarkDotNet v0.15.5-develop (2025-12-31)
// Runtime=.NET 8.0.21 (8.0.21, 8.0.2125.47513), X64 RyuJIT x86-64-v4
// GC=Concurrent Workstation
// HardwareIntrinsics=AVX512 IFMA+VBMI,AVX512 F+BW+CD+DQ+VL,AVX2+BMI1+BMI2+F16C+FMA+LZCNT+MOVBE,AVX,SSE3+SSSE3+SSE4.1+SSE4.2+POPCNT,X86Base+SSE+SSE2,AES+PCLMUL VectorSize=256
// Job: Overhead-Fixed-Energy-6(OutlierMode=DontRemove, IterationCount=15, IterationTime=1s, LaunchCount=1, WarmupCount=6)

OverheadJitting  1: 1 op, 136091.00 ns, 136.0910 us/op, 54688.00 uJpkg, 0.00 uJdram
WorkloadJitting  1: 1 op, 7044509.00 ns, 7.0445 ms/op, 450072.00 uJpkg, 0.00 uJdram

OverheadJitting  2: 16 op, 359995.00 ns, 22.4997 us/op, 0.00 uJpkg, 0.00 uJdram
WorkloadJitting  2: 16 op, 2082867.00 ns, 130.1792 us/op, 162537.00 uJpkg, 0.00 uJdram

WorkloadPilot    1: 16 op, 1574400.00 ns, 98.4000 us/op, 146484.00 uJpkg, 0.00 uJdram
WorkloadPilot    2: 10176 op, 725364099.00 ns, 71.2818 us/op, 63361898.00 uJpkg, 0.00 uJdram
WorkloadPilot    3: 14032 op, 663010082.00 ns, 47.2499 us/op, 57058325.00 uJpkg, 0.00 uJdram
WorkloadPilot    4: 21168 op, 1006454593.00 ns, 47.5460 us/op, 86804709.00 uJpkg, 0.00 uJdram
WorkloadPilot    5: 21040 op, 998708204.00 ns, 47.4671 us/op, 86843284.00 uJpkg, 0.00 uJdram
WorkloadPilot    6: 21072 op, 1001871430.00 ns, 47.5452 us/op, 87293233.00 uJpkg, 0.00 uJdram
WorkloadPilot    7: 21040 op, 1003167602.00 ns, 47.6791 us/op, 88020038.00 uJpkg, 0.00 uJdram

OverheadWarmup   1: 21040 op, 74092.00 ns, 3.5215 ns/op, 0.00 uJpkg, 0.00 uJdram
OverheadWarmup   2: 21040 op, 73718.00 ns, 3.5037 ns/op, 94787.00 uJpkg, 0.00 uJdram
OverheadWarmup   3: 21040 op, 72996.00 ns, 3.4694 ns/op, 84655.00 uJpkg, 0.00 uJdram
OverheadWarmup   4: 21040 op, 73338.00 ns, 3.4856 ns/op, 76355.00 uJpkg, 0.00 uJdram
OverheadWarmup   5: 21040 op, 73005.00 ns, 3.4698 ns/op, 0.00 uJpkg, 0.00 uJdram
OverheadWarmup   6: 21040 op, 73021.00 ns, 3.4706 ns/op, 0.00 uJpkg, 0.00 uJdram
OverheadWarmup   7: 21040 op, 82073.00 ns, 3.9008 ns/op, 0.00 uJpkg, 0.00 uJdram
OverheadWarmup   8: 21040 op, 72998.00 ns, 3.4695 ns/op, 0.00 uJpkg, 0.00 uJdram

OverheadActual   1: 21040 op, 73011.00 ns, 3.4701 ns/op, 0.00 uJpkg, 0.00 uJdram
OverheadActual   2: 21040 op, 73187.00 ns, 3.4785 ns/op, 0.00 uJpkg, 0.00 uJdram
OverheadActual   3: 21040 op, 73004.00 ns, 3.4698 ns/op, 0.00 uJpkg, 0.00 uJdram
OverheadActual   4: 21040 op, 73010.00 ns, 3.4701 ns/op, 0.00 uJpkg, 0.00 uJdram
OverheadActual   5: 21040 op, 73377.00 ns, 3.4875 ns/op, 0.00 uJpkg, 0.00 uJdram
OverheadActual   6: 21040 op, 76098.00 ns, 3.6168 ns/op, 0.00 uJpkg, 0.00 uJdram
OverheadActual   7: 21040 op, 79052.00 ns, 3.7572 ns/op, 0.00 uJpkg, 0.00 uJdram
OverheadActual   8: 21040 op, 73352.00 ns, 3.4863 ns/op, 0.00 uJpkg, 0.00 uJdram
OverheadActual   9: 21040 op, 72968.00 ns, 3.4681 ns/op, 0.00 uJpkg, 0.00 uJdram
OverheadActual  10: 21040 op, 72998.00 ns, 3.4695 ns/op, 0.00 uJpkg, 0.00 uJdram
OverheadActual  11: 21040 op, 73244.00 ns, 3.4812 ns/op, 0.00 uJpkg, 0.00 uJdram
OverheadActual  12: 21040 op, 72997.00 ns, 3.4694 ns/op, 0.00 uJpkg, 0.00 uJdram
OverheadActual  13: 21040 op, 72995.00 ns, 3.4693 ns/op, 86792.00 uJpkg, 0.00 uJdram
OverheadActual  14: 21040 op, 73388.00 ns, 3.4880 ns/op, 0.00 uJpkg, 0.00 uJdram
OverheadActual  15: 21040 op, 73018.00 ns, 3.4704 ns/op, 0.00 uJpkg, 0.00 uJdram

WorkloadWarmup   1: 21040 op, 1000816199.00 ns, 47.5673 us/op, 89916701.00 uJpkg, 0.00 uJdram
WorkloadWarmup   2: 21040 op, 1002916209.00 ns, 47.6671 us/op, 87593953.00 uJpkg, 0.00 uJdram
WorkloadWarmup   3: 21040 op, 1000812085.00 ns, 47.5671 us/op, 87844502.00 uJpkg, 0.00 uJdram
WorkloadWarmup   4: 21040 op, 996619628.00 ns, 47.3679 us/op, 86966024.00 uJpkg, 0.00 uJdram
WorkloadWarmup   5: 21040 op, 1000372097.00 ns, 47.5462 us/op, 87453938.00 uJpkg, 0.00 uJdram
WorkloadWarmup   6: 21040 op, 1001254738.00 ns, 47.5882 us/op, 87683064.00 uJpkg, 0.00 uJdram

// BeforeActualRun
WorkloadActual   1: 21040 op, 1003623637.00 ns, 47.7007 us/op, 87807026.00 uJpkg, 0.00 uJdram
WorkloadActual   2: 21040 op, 1002653322.00 ns, 47.6546 us/op, 87746663.00 uJpkg, 0.00 uJdram
WorkloadActual   3: 21040 op, 999604274.00 ns, 47.5097 us/op, 87750142.00 uJpkg, 0.00 uJdram
WorkloadActual   4: 21040 op, 998825275.00 ns, 47.4727 us/op, 86872092.00 uJpkg, 0.00 uJdram
WorkloadActual   5: 21040 op, 1001392362.00 ns, 47.5947 us/op, 87252829.00 uJpkg, 0.00 uJdram
WorkloadActual   6: 21040 op, 1001996972.00 ns, 47.6234 us/op, 86925680.00 uJpkg, 0.00 uJdram
WorkloadActual   7: 21040 op, 1000062096.00 ns, 47.5315 us/op, 86843833.00 uJpkg, 0.00 uJdram
WorkloadActual   8: 21040 op, 1001462996.00 ns, 47.5981 us/op, 86957114.00 uJpkg, 0.00 uJdram
WorkloadActual   9: 21040 op, 1000564420.00 ns, 47.5553 us/op, 86676963.00 uJpkg, 0.00 uJdram
WorkloadActual  10: 21040 op, 1000053229.00 ns, 47.5310 us/op, 87799275.00 uJpkg, 0.00 uJdram
WorkloadActual  11: 21040 op, 1000382106.00 ns, 47.5467 us/op, 86628685.00 uJpkg, 0.00 uJdram
WorkloadActual  12: 21040 op, 1001877346.00 ns, 47.6177 us/op, 86780113.00 uJpkg, 0.00 uJdram
WorkloadActual  13: 21040 op, 1001149058.00 ns, 47.5831 us/op, 86747763.00 uJpkg, 0.00 uJdram
WorkloadActual  14: 21040 op, 998326628.00 ns, 47.4490 us/op, 87077536.00 uJpkg, 0.00 uJdram
WorkloadActual  15: 21040 op, 997834997.00 ns, 47.4256 us/op, 86932761.00 uJpkg, 0.00 uJdram

// AfterActualRun
WorkloadResult   1: 21040 op, 1003550619.00 ns, 47.6973 us/op, 87807026.00 uJpkg, 0.00 uJdram
WorkloadResult   2: 21040 op, 1002580304.00 ns, 47.6512 us/op, 87746663.00 uJpkg, 0.00 uJdram
WorkloadResult   3: 21040 op, 999531256.00 ns, 47.5062 us/op, 87750142.00 uJpkg, 0.00 uJdram
WorkloadResult   4: 21040 op, 998752257.00 ns, 47.4692 us/op, 86872092.00 uJpkg, 0.00 uJdram
WorkloadResult   5: 21040 op, 1001319344.00 ns, 47.5912 us/op, 87252829.00 uJpkg, 0.00 uJdram
WorkloadResult   6: 21040 op, 1001923954.00 ns, 47.6200 us/op, 86925680.00 uJpkg, 0.00 uJdram
WorkloadResult   7: 21040 op, 999989078.00 ns, 47.5280 us/op, 86843833.00 uJpkg, 0.00 uJdram
WorkloadResult   8: 21040 op, 1001389978.00 ns, 47.5946 us/op, 86957114.00 uJpkg, 0.00 uJdram
WorkloadResult   9: 21040 op, 1000491402.00 ns, 47.5519 us/op, 86676963.00 uJpkg, 0.00 uJdram
WorkloadResult  10: 21040 op, 999980211.00 ns, 47.5276 us/op, 87799275.00 uJpkg, 0.00 uJdram
WorkloadResult  11: 21040 op, 1000309088.00 ns, 47.5432 us/op, 86628685.00 uJpkg, 0.00 uJdram
WorkloadResult  12: 21040 op, 1001804328.00 ns, 47.6143 us/op, 86780113.00 uJpkg, 0.00 uJdram
WorkloadResult  13: 21040 op, 1001076040.00 ns, 47.5797 us/op, 86747763.00 uJpkg, 0.00 uJdram
WorkloadResult  14: 21040 op, 998253610.00 ns, 47.4455 us/op, 87077536.00 uJpkg, 0.00 uJdram
WorkloadResult  15: 21040 op, 997761979.00 ns, 47.4221 us/op, 86932761.00 uJpkg, 0.00 uJdram

// AfterAll
// Benchmark Process 4060264 has exited with code 0.

Mean = 47.556 μs, StdErr = 0.020 μs (0.04%), N = 15, StdDev = 0.076 μs
Min = 47.422 μs, Q1 = 47.517 μs, Median = 47.552 μs, Q3 = 47.604 μs, Max = 47.697 μs
IQR = 0.088 μs, LowerFence = 47.386 μs, UpperFence = 47.736 μs
ConfidenceInterval = [47.474 μs; 47.638 μs] (CI 99.9%), Margin = 0.082 μs (0.17% of Mean)
Skewness = -0.05, Kurtosis = 2.05, MValue = 2

// ** Remained 9 (30.0%) benchmark(s) to run. Estimated finish 2025-12-31 20:27 (0h 4m from now) **
// **************************
// Benchmark: JsonSerializationBenchmarks.Newtonsoft_Serialize_Medium: Overhead-Fixed-Energy-6(OutlierMode=DontRemove, IterationCount=15, IterationTime=1s, LaunchCount=1, WarmupCount=6)
// *** Execute ***
// Launch: 1 / 1
// Execute: dotnet Serialization.Bench-Overhead-Fixed-Energy-6-1.dll --anonymousPipes 103 104 --benchmarkName Serialization.Bench.JsonSerializationBenchmarks.Newtonsoft_Serialize_Medium --job Overhead-Fixed-Energy-6 --benchmarkId 21 in /home/test/rapl-tests/lib-energy-bench/src/Serialization.Bench/bin/Release/net8.0/Serialization.Bench-Overhead-Fixed-Energy-6-1/bin/Release/net8.0
// BeforeAnythingElse

// Benchmark Process Environment Information:
// BenchmarkDotNet v0.15.5-develop (2025-12-31)
// Runtime=.NET 8.0.21 (8.0.21, 8.0.2125.47513), X64 RyuJIT x86-64-v4
// GC=Concurrent Workstation
// HardwareIntrinsics=AVX512 IFMA+VBMI,AVX512 F+BW+CD+DQ+VL,AVX2+BMI1+BMI2+F16C+FMA+LZCNT+MOVBE,AVX,SSE3+SSSE3+SSE4.1+SSE4.2+POPCNT,X86Base+SSE+SSE2,AES+PCLMUL VectorSize=256
// Job: Overhead-Fixed-Energy-6(OutlierMode=DontRemove, IterationCount=15, IterationTime=1s, LaunchCount=1, WarmupCount=6)

OverheadJitting  1: 1 op, 137554.00 ns, 137.5540 us/op, 0.00 uJpkg, 0.00 uJdram
WorkloadJitting  1: 1 op, 48408280.00 ns, 48.4083 ms/op, 2965874.00 uJpkg, 0.00 uJdram

OverheadJitting  2: 16 op, 365689.00 ns, 22.8556 us/op, 0.00 uJpkg, 0.00 uJdram
WorkloadJitting  2: 16 op, 5040294.00 ns, 315.0184 us/op, 351683.00 uJpkg, 0.00 uJdram

WorkloadPilot    1: 16 op, 4529184.00 ns, 283.0740 us/op, 262938.00 uJpkg, 0.00 uJdram
WorkloadPilot    2: 3536 op, 355686178.00 ns, 100.5900 us/op, 28317738.00 uJpkg, 0.00 uJdram
WorkloadPilot    3: 9952 op, 525011560.00 ns, 52.7544 us/op, 44247446.00 uJpkg, 0.00 uJdram
WorkloadPilot    4: 18960 op, 998106241.00 ns, 52.6427 us/op, 84249601.00 uJpkg, 0.00 uJdram
WorkloadPilot    5: 19008 op, 1002052247.00 ns, 52.7174 us/op, 84792141.00 uJpkg, 0.00 uJdram
WorkloadPilot    6: 18976 op, 998647544.00 ns, 52.6269 us/op, 84811917.00 uJpkg, 0.00 uJdram
WorkloadPilot    7: 19008 op, 1003128887.00 ns, 52.7740 us/op, 84645352.00 uJpkg, 0.00 uJdram
WorkloadPilot    8: 18960 op, 995244994.00 ns, 52.4918 us/op, 83939360.00 uJpkg, 0.00 uJdram
WorkloadPilot    9: 19056 op, 1002981022.00 ns, 52.6333 us/op, 84706327.00 uJpkg, 0.00 uJdram

OverheadWarmup   1: 19056 op, 66010.00 ns, 3.4640 ns/op, 0.00 uJpkg, 0.00 uJdram
OverheadWarmup   2: 19056 op, 64978.00 ns, 3.4098 ns/op, 62317.00 uJpkg, 0.00 uJdram
OverheadWarmup   3: 19056 op, 64927.00 ns, 3.4072 ns/op, 0.00 uJpkg, 0.00 uJdram
OverheadWarmup   4: 19056 op, 65231.00 ns, 3.4231 ns/op, 0.00 uJpkg, 0.00 uJdram
OverheadWarmup   5: 19056 op, 65847.00 ns, 3.4554 ns/op, 0.00 uJpkg, 0.00 uJdram
OverheadWarmup   6: 19056 op, 65679.00 ns, 3.4466 ns/op, 0.00 uJpkg, 0.00 uJdram
OverheadWarmup   7: 19056 op, 65203.00 ns, 3.4217 ns/op, 0.00 uJpkg, 0.00 uJdram
OverheadWarmup   8: 19056 op, 64903.00 ns, 3.4059 ns/op, 0.00 uJpkg, 0.00 uJdram
OverheadWarmup   9: 19056 op, 64875.00 ns, 3.4044 ns/op, 0.00 uJpkg, 0.00 uJdram
OverheadWarmup  10: 19056 op, 64895.00 ns, 3.4055 ns/op, 0.00 uJpkg, 0.00 uJdram

OverheadActual   1: 19056 op, 65213.00 ns, 3.4222 ns/op, 0.00 uJpkg, 0.00 uJdram
OverheadActual   2: 19056 op, 65718.00 ns, 3.4487 ns/op, 0.00 uJpkg, 0.00 uJdram
OverheadActual   3: 19056 op, 64935.00 ns, 3.4076 ns/op, 0.00 uJpkg, 0.00 uJdram
OverheadActual   4: 19056 op, 65260.00 ns, 3.4246 ns/op, 0.00 uJpkg, 0.00 uJdram
OverheadActual   5: 19056 op, 64935.00 ns, 3.4076 ns/op, 0.00 uJpkg, 0.00 uJdram
OverheadActual   6: 19056 op, 64919.00 ns, 3.4067 ns/op, 0.00 uJpkg, 0.00 uJdram
OverheadActual   7: 19056 op, 69362.00 ns, 3.6399 ns/op, 0.00 uJpkg, 0.00 uJdram
OverheadActual   8: 19056 op, 66094.00 ns, 3.4684 ns/op, 0.00 uJpkg, 0.00 uJdram
OverheadActual   9: 19056 op, 64901.00 ns, 3.4058 ns/op, 0.00 uJpkg, 0.00 uJdram
OverheadActual  10: 19056 op, 64924.00 ns, 3.4070 ns/op, 0.00 uJpkg, 0.00 uJdram
OverheadActual  11: 19056 op, 65316.00 ns, 3.4276 ns/op, 0.00 uJpkg, 0.00 uJdram
OverheadActual  12: 19056 op, 64919.00 ns, 3.4067 ns/op, 0.00 uJpkg, 0.00 uJdram
OverheadActual  13: 19056 op, 64892.00 ns, 3.4053 ns/op, 0.00 uJpkg, 0.00 uJdram
OverheadActual  14: 19056 op, 66378.00 ns, 3.4833 ns/op, 0.00 uJpkg, 0.00 uJdram
OverheadActual  15: 19056 op, 65223.00 ns, 3.4227 ns/op, 0.00 uJpkg, 0.00 uJdram

WorkloadWarmup   1: 19056 op, 1013442922.00 ns, 53.1824 us/op, 88392596.00 uJpkg, 0.00 uJdram
WorkloadWarmup   2: 19056 op, 1017593580.00 ns, 53.4002 us/op, 85886132.00 uJpkg, 0.00 uJdram
WorkloadWarmup   3: 19056 op, 1020408719.00 ns, 53.5479 us/op, 86553001.00 uJpkg, 0.00 uJdram
WorkloadWarmup   4: 19056 op, 1005159961.00 ns, 52.7477 us/op, 85576869.00 uJpkg, 0.00 uJdram
WorkloadWarmup   5: 19056 op, 1004799630.00 ns, 52.7288 us/op, 85047756.00 uJpkg, 0.00 uJdram
WorkloadWarmup   6: 19056 op, 1005503782.00 ns, 52.7657 us/op, 85420924.00 uJpkg, 0.00 uJdram

// BeforeActualRun
WorkloadActual   1: 19056 op, 1009630446.00 ns, 52.9823 us/op, 85960290.00 uJpkg, 0.00 uJdram
WorkloadActual   2: 19056 op, 1001675589.00 ns, 52.5648 us/op, 84709011.00 uJpkg, 0.00 uJdram
WorkloadActual   3: 19056 op, 1003644579.00 ns, 52.6682 us/op, 86041162.00 uJpkg, 0.00 uJdram
WorkloadActual   4: 19056 op, 1007093108.00 ns, 52.8491 us/op, 85326625.00 uJpkg, 0.00 uJdram
WorkloadActual   5: 19056 op, 1003775370.00 ns, 52.6750 us/op, 85527491.00 uJpkg, 0.00 uJdram
WorkloadActual   6: 19056 op, 1005253641.00 ns, 52.7526 us/op, 85582849.00 uJpkg, 0.00 uJdram
WorkloadActual   7: 19056 op, 1009009277.00 ns, 52.9497 us/op, 85576685.00 uJpkg, 0.00 uJdram
WorkloadActual   8: 19056 op, 1006150057.00 ns, 52.7996 us/op, 85698511.00 uJpkg, 0.00 uJdram
WorkloadActual   9: 19056 op, 1002476540.00 ns, 52.6069 us/op, 85701807.00 uJpkg, 0.00 uJdram
WorkloadActual  10: 19056 op, 1003219377.00 ns, 52.6459 us/op, 87088583.00 uJpkg, 0.00 uJdram
WorkloadActual  11: 19056 op, 1003970445.00 ns, 52.6853 us/op, 85405421.00 uJpkg, 0.00 uJdram
WorkloadActual  12: 19056 op, 1006674050.00 ns, 52.8271 us/op, 85735255.00 uJpkg, 0.00 uJdram
WorkloadActual  13: 19056 op, 1004657592.00 ns, 52.7213 us/op, 85593897.00 uJpkg, 0.00 uJdram
WorkloadActual  14: 19056 op, 1000850985.00 ns, 52.5216 us/op, 85160060.00 uJpkg, 0.00 uJdram
WorkloadActual  15: 19056 op, 1005481119.00 ns, 52.7645 us/op, 85498988.00 uJpkg, 0.00 uJdram

// AfterActualRun
WorkloadResult   1: 19056 op, 1009565233.00 ns, 52.9789 us/op, 85960290.00 uJpkg, 0.00 uJdram
WorkloadResult   2: 19056 op, 1001610376.00 ns, 52.5614 us/op, 84709011.00 uJpkg, 0.00 uJdram
WorkloadResult   3: 19056 op, 1003579366.00 ns, 52.6647 us/op, 86041162.00 uJpkg, 0.00 uJdram
WorkloadResult   4: 19056 op, 1007027895.00 ns, 52.8457 us/op, 85326625.00 uJpkg, 0.00 uJdram
WorkloadResult   5: 19056 op, 1003710157.00 ns, 52.6716 us/op, 85527491.00 uJpkg, 0.00 uJdram
WorkloadResult   6: 19056 op, 1005188428.00 ns, 52.7492 us/op, 85582849.00 uJpkg, 0.00 uJdram
WorkloadResult   7: 19056 op, 1008944064.00 ns, 52.9463 us/op, 85576685.00 uJpkg, 0.00 uJdram
WorkloadResult   8: 19056 op, 1006084844.00 ns, 52.7962 us/op, 85698511.00 uJpkg, 0.00 uJdram
WorkloadResult   9: 19056 op, 1002411327.00 ns, 52.6034 us/op, 85701807.00 uJpkg, 0.00 uJdram
WorkloadResult  10: 19056 op, 1003154164.00 ns, 52.6424 us/op, 87088583.00 uJpkg, 0.00 uJdram
WorkloadResult  11: 19056 op, 1003905232.00 ns, 52.6818 us/op, 85405421.00 uJpkg, 0.00 uJdram
WorkloadResult  12: 19056 op, 1006608837.00 ns, 52.8237 us/op, 85735255.00 uJpkg, 0.00 uJdram
WorkloadResult  13: 19056 op, 1004592379.00 ns, 52.7179 us/op, 85593897.00 uJpkg, 0.00 uJdram
WorkloadResult  14: 19056 op, 1000785772.00 ns, 52.5181 us/op, 85160060.00 uJpkg, 0.00 uJdram
WorkloadResult  15: 19056 op, 1005415906.00 ns, 52.7611 us/op, 85498988.00 uJpkg, 0.00 uJdram

// AfterAll
// Benchmark Process 4060282 has exited with code 0.

Mean = 52.731 μs, StdErr = 0.034 μs (0.06%), N = 15, StdDev = 0.132 μs
Min = 52.518 μs, Q1 = 52.654 μs, Median = 52.718 μs, Q3 = 52.810 μs, Max = 52.979 μs
IQR = 0.156 μs, LowerFence = 52.419 μs, UpperFence = 53.045 μs
ConfidenceInterval = [52.590 μs; 52.872 μs] (CI 99.9%), Margin = 0.141 μs (0.27% of Mean)
Skewness = 0.29, Kurtosis = 2.08, MValue = 2

// ** Remained 8 (26.7%) benchmark(s) to run. Estimated finish 2025-12-31 20:27 (0h 3m from now) **
// **************************
// Benchmark: JsonSerializationBenchmarks.Jil_Serialize_Medium: Overhead-Fixed-Energy-6(OutlierMode=DontRemove, IterationCount=15, IterationTime=1s, LaunchCount=1, WarmupCount=6)
// *** Execute ***
// Launch: 1 / 1
// Execute: dotnet Serialization.Bench-Overhead-Fixed-Energy-6-1.dll --anonymousPipes 103 104 --benchmarkName Serialization.Bench.JsonSerializationBenchmarks.Jil_Serialize_Medium --job Overhead-Fixed-Energy-6 --benchmarkId 22 in /home/test/rapl-tests/lib-energy-bench/src/Serialization.Bench/bin/Release/net8.0/Serialization.Bench-Overhead-Fixed-Energy-6-1/bin/Release/net8.0
// BeforeAnythingElse

// Benchmark Process Environment Information:
// BenchmarkDotNet v0.15.5-develop (2025-12-31)
// Runtime=.NET 8.0.21 (8.0.21, 8.0.2125.47513), X64 RyuJIT x86-64-v4
// GC=Concurrent Workstation
// HardwareIntrinsics=AVX512 IFMA+VBMI,AVX512 F+BW+CD+DQ+VL,AVX2+BMI1+BMI2+F16C+FMA+LZCNT+MOVBE,AVX,SSE3+SSSE3+SSE4.1+SSE4.2+POPCNT,X86Base+SSE+SSE2,AES+PCLMUL VectorSize=256
// Job: Overhead-Fixed-Energy-6(OutlierMode=DontRemove, IterationCount=15, IterationTime=1s, LaunchCount=1, WarmupCount=6)

OverheadJitting  1: 1 op, 143475.00 ns, 143.4750 us/op, 50049.00 uJpkg, 0.00 uJdram
WorkloadJitting  1: 1 op, 132856924.00 ns, 132.8569 ms/op, 8067057.00 uJpkg, 0.00 uJdram

WorkloadPilot    1: 4 op, 703283.00 ns, 175.8208 us/op, 59265.00 uJpkg, 0.00 uJdram
WorkloadPilot    2: 5688 op, 301237659.00 ns, 52.9602 us/op, 24928098.00 uJpkg, 0.00 uJdram
WorkloadPilot    3: 18882 op, 705332083.00 ns, 37.3547 us/op, 59411957.00 uJpkg, 0.00 uJdram
WorkloadPilot    4: 26770 op, 993260731.00 ns, 37.1035 us/op, 84370877.00 uJpkg, 0.00 uJdram
WorkloadPilot    5: 26952 op, 1003100089.00 ns, 37.2180 us/op, 84945400.00 uJpkg, 0.00 uJdram
WorkloadPilot    6: 26869 op, 1000794434.00 ns, 37.2472 us/op, 85158779.00 uJpkg, 0.00 uJdram
WorkloadPilot    7: 26848 op, 996740913.00 ns, 37.1253 us/op, 84889431.00 uJpkg, 0.00 uJdram
WorkloadPilot    8: 26936 op, 1003818455.00 ns, 37.2668 us/op, 85393580.00 uJpkg, 0.00 uJdram

WorkloadWarmup   1: 26936 op, 1001392273.00 ns, 37.1767 us/op, 85124721.00 uJpkg, 0.00 uJdram
WorkloadWarmup   2: 26936 op, 1002354212.00 ns, 37.2124 us/op, 86158043.00 uJpkg, 0.00 uJdram
WorkloadWarmup   3: 26936 op, 999719272.00 ns, 37.1146 us/op, 84924038.00 uJpkg, 0.00 uJdram
WorkloadWarmup   4: 26936 op, 1001188622.00 ns, 37.1692 us/op, 85407496.00 uJpkg, 0.00 uJdram
WorkloadWarmup   5: 26936 op, 997583309.00 ns, 37.0353 us/op, 84530363.00 uJpkg, 0.00 uJdram
WorkloadWarmup   6: 26936 op, 999403692.00 ns, 37.1029 us/op, 84489347.00 uJpkg, 0.00 uJdram

// BeforeActualRun
WorkloadActual   1: 26936 op, 1004147035.00 ns, 37.2790 us/op, 84784756.00 uJpkg, 0.00 uJdram
WorkloadActual   2: 26936 op, 1003159540.00 ns, 37.2423 us/op, 84702237.00 uJpkg, 0.00 uJdram
WorkloadActual   3: 26936 op, 1004451266.00 ns, 37.2903 us/op, 86581932.00 uJpkg, 0.00 uJdram
WorkloadActual   4: 26936 op, 1001145128.00 ns, 37.1676 us/op, 85457606.00 uJpkg, 0.00 uJdram
WorkloadActual   5: 26936 op, 1000009028.00 ns, 37.1254 us/op, 84990566.00 uJpkg, 0.00 uJdram
WorkloadActual   6: 26936 op, 1005219981.00 ns, 37.3188 us/op, 85409937.00 uJpkg, 0.00 uJdram
WorkloadActual   7: 26936 op, 1002271143.00 ns, 37.2094 us/op, 84831753.00 uJpkg, 0.00 uJdram
WorkloadActual   8: 26936 op, 1003405893.00 ns, 37.2515 us/op, 85113979.00 uJpkg, 0.00 uJdram
WorkloadActual   9: 26936 op, 1004725935.00 ns, 37.3005 us/op, 85228114.00 uJpkg, 0.00 uJdram
WorkloadActual  10: 26936 op, 1003810922.00 ns, 37.2665 us/op, 85867151.00 uJpkg, 0.00 uJdram
WorkloadActual  11: 26936 op, 1002717876.00 ns, 37.2259 us/op, 85491297.00 uJpkg, 0.00 uJdram
WorkloadActual  12: 26936 op, 998729554.00 ns, 37.0779 us/op, 84933499.00 uJpkg, 0.00 uJdram
WorkloadActual  13: 26936 op, 1003069702.00 ns, 37.2390 us/op, 85364954.00 uJpkg, 0.00 uJdram
WorkloadActual  14: 26936 op, 1001259462.00 ns, 37.1718 us/op, 85032924.00 uJpkg, 0.00 uJdram
WorkloadActual  15: 26936 op, 1003671243.00 ns, 37.2613 us/op, 85089443.00 uJpkg, 0.00 uJdram

// AfterActualRun
WorkloadResult   1: 26936 op, 1004147035.00 ns, 37.2790 us/op, 84784756.00 uJpkg, 0.00 uJdram
WorkloadResult   2: 26936 op, 1003159540.00 ns, 37.2423 us/op, 84702237.00 uJpkg, 0.00 uJdram
WorkloadResult   3: 26936 op, 1004451266.00 ns, 37.2903 us/op, 86581932.00 uJpkg, 0.00 uJdram
WorkloadResult   4: 26936 op, 1001145128.00 ns, 37.1676 us/op, 85457606.00 uJpkg, 0.00 uJdram
WorkloadResult   5: 26936 op, 1000009028.00 ns, 37.1254 us/op, 84990566.00 uJpkg, 0.00 uJdram
WorkloadResult   6: 26936 op, 1005219981.00 ns, 37.3188 us/op, 85409937.00 uJpkg, 0.00 uJdram
WorkloadResult   7: 26936 op, 1002271143.00 ns, 37.2094 us/op, 84831753.00 uJpkg, 0.00 uJdram
WorkloadResult   8: 26936 op, 1003405893.00 ns, 37.2515 us/op, 85113979.00 uJpkg, 0.00 uJdram
WorkloadResult   9: 26936 op, 1004725935.00 ns, 37.3005 us/op, 85228114.00 uJpkg, 0.00 uJdram
WorkloadResult  10: 26936 op, 1003810922.00 ns, 37.2665 us/op, 85867151.00 uJpkg, 0.00 uJdram
WorkloadResult  11: 26936 op, 1002717876.00 ns, 37.2259 us/op, 85491297.00 uJpkg, 0.00 uJdram
WorkloadResult  12: 26936 op, 998729554.00 ns, 37.0779 us/op, 84933499.00 uJpkg, 0.00 uJdram
WorkloadResult  13: 26936 op, 1003069702.00 ns, 37.2390 us/op, 85364954.00 uJpkg, 0.00 uJdram
WorkloadResult  14: 26936 op, 1001259462.00 ns, 37.1718 us/op, 85032924.00 uJpkg, 0.00 uJdram
WorkloadResult  15: 26936 op, 1003671243.00 ns, 37.2613 us/op, 85089443.00 uJpkg, 0.00 uJdram

// AfterAll
// Benchmark Process 4060305 has exited with code 0.

Mean = 37.228 μs, StdErr = 0.017 μs (0.05%), N = 15, StdDev = 0.067 μs
Min = 37.078 μs, Q1 = 37.191 μs, Median = 37.242 μs, Q3 = 37.273 μs, Max = 37.319 μs
IQR = 0.082 μs, LowerFence = 37.067 μs, UpperFence = 37.396 μs
ConfidenceInterval = [37.156 μs; 37.301 μs] (CI 99.9%), Margin = 0.072 μs (0.19% of Mean)
Skewness = -0.73, Kurtosis = 2.48, MValue = 2

// ** Remained 7 (23.3%) benchmark(s) to run. Estimated finish 2025-12-31 20:27 (0h 3m from now) **
// **************************
// Benchmark: JsonSerializationBenchmarks.Utf8Json_Serialize_Medium: Overhead-Fixed-Energy-6(OutlierMode=DontRemove, IterationCount=15, IterationTime=1s, LaunchCount=1, WarmupCount=6)
// *** Execute ***
// Launch: 1 / 1
// Execute: dotnet Serialization.Bench-Overhead-Fixed-Energy-6-1.dll --anonymousPipes 103 104 --benchmarkName Serialization.Bench.JsonSerializationBenchmarks.Utf8Json_Serialize_Medium --job Overhead-Fixed-Energy-6 --benchmarkId 23 in /home/test/rapl-tests/lib-energy-bench/src/Serialization.Bench/bin/Release/net8.0/Serialization.Bench-Overhead-Fixed-Energy-6-1/bin/Release/net8.0
// BeforeAnythingElse

// Benchmark Process Environment Information:
// BenchmarkDotNet v0.15.5-develop (2025-12-31)
// Runtime=.NET 8.0.21 (8.0.21, 8.0.2125.47513), X64 RyuJIT x86-64-v4
// GC=Concurrent Workstation
// HardwareIntrinsics=AVX512 IFMA+VBMI,AVX512 F+BW+CD+DQ+VL,AVX2+BMI1+BMI2+F16C+FMA+LZCNT+MOVBE,AVX,SSE3+SSSE3+SSE4.1+SSE4.2+POPCNT,X86Base+SSE+SSE2,AES+PCLMUL VectorSize=256
// Job: Overhead-Fixed-Energy-6(OutlierMode=DontRemove, IterationCount=15, IterationTime=1s, LaunchCount=1, WarmupCount=6)

OverheadJitting  1: 1 op, 141071.00 ns, 141.0710 us/op, 64759.00 uJpkg, 0.00 uJdram
WorkloadJitting  1: 1 op, 52541463.00 ns, 52.5415 ms/op, 3207145.00 uJpkg, 0.00 uJdram

OverheadJitting  2: 16 op, 374057.00 ns, 23.3786 us/op, 0.00 uJpkg, 0.00 uJdram
WorkloadJitting  2: 16 op, 4182166.00 ns, 261.3854 us/op, 367492.00 uJpkg, 0.00 uJdram

WorkloadPilot    1: 16 op, 3486057.00 ns, 217.8786 us/op, 186950.00 uJpkg, 0.00 uJdram
WorkloadPilot    2: 4592 op, 433988370.00 ns, 94.5097 us/op, 34196690.00 uJpkg, 0.00 uJdram
WorkloadPilot    3: 10592 op, 628802182.00 ns, 59.3658 us/op, 51682363.00 uJpkg, 0.00 uJdram
WorkloadPilot    4: 16848 op, 1009845945.00 ns, 59.9386 us/op, 81573643.00 uJpkg, 0.00 uJdram
WorkloadPilot    5: 16688 op, 973619602.00 ns, 58.3425 us/op, 78902996.00 uJpkg, 0.00 uJdram
WorkloadPilot    6: 17152 op, 1023677182.00 ns, 59.6827 us/op, 82362277.00 uJpkg, 0.00 uJdram
WorkloadPilot    7: 16768 op, 1007234797.00 ns, 60.0689 us/op, 81602574.00 uJpkg, 0.00 uJdram

OverheadWarmup   1: 16768 op, 60381.00 ns, 3.6010 ns/op, 0.00 uJpkg, 0.00 uJdram
OverheadWarmup   2: 16768 op, 58468.00 ns, 3.4869 ns/op, 0.00 uJpkg, 0.00 uJdram
OverheadWarmup   3: 16768 op, 59289.00 ns, 3.5358 ns/op, 0.00 uJpkg, 0.00 uJdram
OverheadWarmup   4: 16768 op, 58702.00 ns, 3.5008 ns/op, 0.00 uJpkg, 0.00 uJdram
OverheadWarmup   5: 16768 op, 58454.00 ns, 3.4860 ns/op, 0.00 uJpkg, 0.00 uJdram
OverheadWarmup   6: 16768 op, 58462.00 ns, 3.4865 ns/op, 0.00 uJpkg, 0.00 uJdram
OverheadWarmup   7: 16768 op, 58452.00 ns, 3.4859 ns/op, 0.00 uJpkg, 0.00 uJdram

OverheadActual   1: 16768 op, 58828.00 ns, 3.5083 ns/op, 0.00 uJpkg, 0.00 uJdram
OverheadActual   2: 16768 op, 58458.00 ns, 3.4863 ns/op, 0.00 uJpkg, 0.00 uJdram
OverheadActual   3: 16768 op, 58474.00 ns, 3.4872 ns/op, 0.00 uJpkg, 0.00 uJdram
OverheadActual   4: 16768 op, 59341.00 ns, 3.5389 ns/op, 0.00 uJpkg, 0.00 uJdram
OverheadActual   5: 16768 op, 58892.00 ns, 3.5122 ns/op, 0.00 uJpkg, 0.00 uJdram
OverheadActual   6: 16768 op, 58456.00 ns, 3.4862 ns/op, 0.00 uJpkg, 0.00 uJdram
OverheadActual   7: 16768 op, 58454.00 ns, 3.4860 ns/op, 0.00 uJpkg, 0.00 uJdram
OverheadActual   8: 16768 op, 61473.00 ns, 3.6661 ns/op, 0.00 uJpkg, 0.00 uJdram
OverheadActual   9: 16768 op, 59786.00 ns, 3.5655 ns/op, 0.00 uJpkg, 0.00 uJdram
OverheadActual  10: 16768 op, 58468.00 ns, 3.4869 ns/op, 0.00 uJpkg, 0.00 uJdram
OverheadActual  11: 16768 op, 58460.00 ns, 3.4864 ns/op, 0.00 uJpkg, 0.00 uJdram
OverheadActual  12: 16768 op, 58451.00 ns, 3.4859 ns/op, 88074.00 uJpkg, 0.00 uJdram
OverheadActual  13: 16768 op, 58908.00 ns, 3.5131 ns/op, 0.00 uJpkg, 0.00 uJdram
OverheadActual  14: 16768 op, 61764.00 ns, 3.6834 ns/op, 0.00 uJpkg, 0.00 uJdram
OverheadActual  15: 16768 op, 59378.00 ns, 3.5411 ns/op, 0.00 uJpkg, 0.00 uJdram

WorkloadWarmup   1: 16768 op, 987688883.00 ns, 58.9032 us/op, 82130466.00 uJpkg, 0.00 uJdram
WorkloadWarmup   2: 16768 op, 989150409.00 ns, 58.9904 us/op, 79940225.00 uJpkg, 0.00 uJdram
WorkloadWarmup   3: 16768 op, 996143583.00 ns, 59.4074 us/op, 80464821.00 uJpkg, 0.00 uJdram
WorkloadWarmup   4: 16768 op, 1007662967.00 ns, 60.0944 us/op, 80877540.00 uJpkg, 0.00 uJdram
WorkloadWarmup   5: 16768 op, 986034328.00 ns, 58.8045 us/op, 79574137.00 uJpkg, 0.00 uJdram
WorkloadWarmup   6: 16768 op, 1021626642.00 ns, 60.9272 us/op, 82203525.00 uJpkg, 0.00 uJdram

// BeforeActualRun
WorkloadActual   1: 16768 op, 1019203520.00 ns, 60.7827 us/op, 80808265.00 uJpkg, 0.00 uJdram
WorkloadActual   2: 16768 op, 976459276.00 ns, 58.2335 us/op, 77779830.00 uJpkg, 0.00 uJdram
WorkloadActual   3: 16768 op, 1022836288.00 ns, 60.9993 us/op, 81866368.00 uJpkg, 0.00 uJdram
WorkloadActual   4: 16768 op, 1016172916.00 ns, 60.6019 us/op, 81280004.00 uJpkg, 0.00 uJdram
WorkloadActual   5: 16768 op, 1016625838.00 ns, 60.6289 us/op, 82032566.00 uJpkg, 0.00 uJdram
WorkloadActual   6: 16768 op, 995664198.00 ns, 59.3788 us/op, 80472206.00 uJpkg, 0.00 uJdram
WorkloadActual   7: 16768 op, 1009146915.00 ns, 60.1829 us/op, 81619909.00 uJpkg, 0.00 uJdram
WorkloadActual   8: 16768 op, 986772584.00 ns, 58.8486 us/op, 80339577.00 uJpkg, 0.00 uJdram
WorkloadActual   9: 16768 op, 1011027721.00 ns, 60.2951 us/op, 82045444.00 uJpkg, 0.00 uJdram
WorkloadActual  10: 16768 op, 1042446244.00 ns, 62.1688 us/op, 85199184.00 uJpkg, 0.00 uJdram
WorkloadActual  11: 16768 op, 993591262.00 ns, 59.2552 us/op, 80241311.00 uJpkg, 0.00 uJdram
WorkloadActual  12: 16768 op, 975530620.00 ns, 58.1781 us/op, 79132304.00 uJpkg, 0.00 uJdram
WorkloadActual  13: 16768 op, 972899194.00 ns, 58.0212 us/op, 79114178.00 uJpkg, 0.00 uJdram
WorkloadActual  14: 16768 op, 1016091240.00 ns, 60.5970 us/op, 92685188.00 uJpkg, 0.00 uJdram
WorkloadActual  15: 16768 op, 992495958.00 ns, 59.1899 us/op, 80935278.00 uJpkg, 0.00 uJdram

// AfterActualRun
WorkloadResult   1: 16768 op, 1019144692.00 ns, 60.7791 us/op, 80808265.00 uJpkg, 0.00 uJdram
WorkloadResult   2: 16768 op, 976400448.00 ns, 58.2300 us/op, 77779830.00 uJpkg, 0.00 uJdram
WorkloadResult   3: 16768 op, 1022777460.00 ns, 60.9958 us/op, 81866368.00 uJpkg, 0.00 uJdram
WorkloadResult   4: 16768 op, 1016114088.00 ns, 60.5984 us/op, 81280004.00 uJpkg, 0.00 uJdram
WorkloadResult   5: 16768 op, 1016567010.00 ns, 60.6254 us/op, 82032566.00 uJpkg, 0.00 uJdram
WorkloadResult   6: 16768 op, 995605370.00 ns, 59.3753 us/op, 80472206.00 uJpkg, 0.00 uJdram
WorkloadResult   7: 16768 op, 1009088087.00 ns, 60.1794 us/op, 81619909.00 uJpkg, 0.00 uJdram
WorkloadResult   8: 16768 op, 986713756.00 ns, 58.8450 us/op, 80339577.00 uJpkg, 0.00 uJdram
WorkloadResult   9: 16768 op, 1010968893.00 ns, 60.2916 us/op, 82045444.00 uJpkg, 0.00 uJdram
WorkloadResult  10: 16768 op, 1042387416.00 ns, 62.1653 us/op, 85199184.00 uJpkg, 0.00 uJdram
WorkloadResult  11: 16768 op, 993532434.00 ns, 59.2517 us/op, 80241311.00 uJpkg, 0.00 uJdram
WorkloadResult  12: 16768 op, 975471792.00 ns, 58.1746 us/op, 79132304.00 uJpkg, 0.00 uJdram
WorkloadResult  13: 16768 op, 972840366.00 ns, 58.0177 us/op, 79114178.00 uJpkg, 0.00 uJdram
WorkloadResult  14: 16768 op, 1016032412.00 ns, 60.5935 us/op, 92685188.00 uJpkg, 0.00 uJdram
WorkloadResult  15: 16768 op, 992437130.00 ns, 59.1864 us/op, 80935278.00 uJpkg, 0.00 uJdram

// AfterAll
// Benchmark Process 4060317 has exited with code 0.

Mean = 59.821 μs, StdErr = 0.311 μs (0.52%), N = 15, StdDev = 1.206 μs
Min = 58.018 μs, Q1 = 59.016 μs, Median = 60.179 μs, Q3 = 60.612 μs, Max = 62.165 μs
IQR = 1.596 μs, LowerFence = 56.621 μs, UpperFence = 63.006 μs
ConfidenceInterval = [58.531 μs; 61.110 μs] (CI 99.9%), Margin = 1.289 μs (2.16% of Mean)
Skewness = 0.05, Kurtosis = 1.88, MValue = 2

// ** Remained 6 (20.0%) benchmark(s) to run. Estimated finish 2025-12-31 20:27 (0h 2m from now) **
// **************************
// Benchmark: JsonSerializationBenchmarks.SpanJson_Serialize_Medium: Overhead-Fixed-Energy-6(OutlierMode=DontRemove, IterationCount=15, IterationTime=1s, LaunchCount=1, WarmupCount=6)
// *** Execute ***
// Launch: 1 / 1
// Execute: dotnet Serialization.Bench-Overhead-Fixed-Energy-6-1.dll --anonymousPipes 103 104 --benchmarkName Serialization.Bench.JsonSerializationBenchmarks.SpanJson_Serialize_Medium --job Overhead-Fixed-Energy-6 --benchmarkId 24 in /home/test/rapl-tests/lib-energy-bench/src/Serialization.Bench/bin/Release/net8.0/Serialization.Bench-Overhead-Fixed-Energy-6-1/bin/Release/net8.0
// BeforeAnythingElse

// Benchmark Process Environment Information:
// BenchmarkDotNet v0.15.5-develop (2025-12-31)
// Runtime=.NET 8.0.21 (8.0.21, 8.0.2125.47513), X64 RyuJIT x86-64-v4
// GC=Concurrent Workstation
// HardwareIntrinsics=AVX512 IFMA+VBMI,AVX512 F+BW+CD+DQ+VL,AVX2+BMI1+BMI2+F16C+FMA+LZCNT+MOVBE,AVX,SSE3+SSSE3+SSE4.1+SSE4.2+POPCNT,X86Base+SSE+SSE2,AES+PCLMUL VectorSize=256
// Job: Overhead-Fixed-Energy-6(OutlierMode=DontRemove, IterationCount=15, IterationTime=1s, LaunchCount=1, WarmupCount=6)

OverheadJitting  1: 1 op, 137129.00 ns, 137.1290 us/op, 72388.00 uJpkg, 0.00 uJdram
WorkloadJitting  1: 1 op, 97207170.00 ns, 97.2072 ms/op, 6150741.00 uJpkg, 0.00 uJdram

WorkloadPilot    1: 4 op, 1023218.00 ns, 255.8045 us/op, 62378.00 uJpkg, 0.00 uJdram
WorkloadPilot    2: 3909 op, 282432109.00 ns, 72.2518 us/op, 18863721.00 uJpkg, 0.00 uJdram
WorkloadPilot    3: 13840 op, 556243381.00 ns, 40.1910 us/op, 36231108.00 uJpkg, 0.00 uJdram
WorkloadPilot    4: 24881 op, 987756362.00 ns, 39.6992 us/op, 63204855.00 uJpkg, 0.00 uJdram
WorkloadPilot    5: 25189 op, 1008829563.00 ns, 40.0504 us/op, 64375751.00 uJpkg, 0.00 uJdram
WorkloadPilot    6: 24969 op, 1009883028.00 ns, 40.4455 us/op, 64699358.00 uJpkg, 0.00 uJdram
WorkloadPilot    7: 24725 op, 987652252.00 ns, 39.9455 us/op, 63577351.00 uJpkg, 0.00 uJdram
WorkloadPilot    8: 25034 op, 1003067319.00 ns, 40.0682 us/op, 64435321.00 uJpkg, 0.00 uJdram

WorkloadWarmup   1: 25034 op, 992302063.00 ns, 39.6382 us/op, 63925007.00 uJpkg, 0.00 uJdram
WorkloadWarmup   2: 25034 op, 1008337175.00 ns, 40.2787 us/op, 65615066.00 uJpkg, 0.00 uJdram
WorkloadWarmup   3: 25034 op, 1006357073.00 ns, 40.1996 us/op, 64589434.00 uJpkg, 0.00 uJdram
WorkloadWarmup   4: 25034 op, 1016782511.00 ns, 40.6161 us/op, 65355302.00 uJpkg, 0.00 uJdram
WorkloadWarmup   5: 25034 op, 995053263.00 ns, 39.7481 us/op, 63881489.00 uJpkg, 0.00 uJdram
WorkloadWarmup   6: 25034 op, 1020054194.00 ns, 40.7468 us/op, 65634658.00 uJpkg, 0.00 uJdram

// BeforeActualRun
WorkloadActual   1: 25034 op, 1014507808.00 ns, 40.5252 us/op, 64243915.00 uJpkg, 0.00 uJdram
WorkloadActual   2: 25034 op, 1012006565.00 ns, 40.4253 us/op, 65480301.00 uJpkg, 0.00 uJdram
WorkloadActual   3: 25034 op, 1007329135.00 ns, 40.2384 us/op, 65096085.00 uJpkg, 0.00 uJdram
WorkloadActual   4: 25034 op, 1013331370.00 ns, 40.4782 us/op, 65340409.00 uJpkg, 0.00 uJdram
WorkloadActual   5: 25034 op, 1015446831.00 ns, 40.5627 us/op, 64744829.00 uJpkg, 0.00 uJdram
WorkloadActual   6: 25034 op, 1005605797.00 ns, 40.1696 us/op, 64374286.00 uJpkg, 0.00 uJdram
WorkloadActual   7: 25034 op, 1008018344.00 ns, 40.2660 us/op, 63726948.00 uJpkg, 0.00 uJdram
WorkloadActual   8: 25034 op, 1004945018.00 ns, 40.1432 us/op, 63839009.00 uJpkg, 0.00 uJdram
WorkloadActual   9: 25034 op, 1014929647.00 ns, 40.5420 us/op, 64442034.00 uJpkg, 0.00 uJdram
WorkloadActual  10: 25034 op, 1002438748.00 ns, 40.0431 us/op, 64074176.00 uJpkg, 0.00 uJdram
WorkloadActual  11: 25034 op, 1022797999.00 ns, 40.8564 us/op, 64522357.00 uJpkg, 0.00 uJdram
WorkloadActual  12: 25034 op, 1007618654.00 ns, 40.2500 us/op, 64205036.00 uJpkg, 0.00 uJdram
WorkloadActual  13: 25034 op, 1000740309.00 ns, 39.9752 us/op, 64237140.00 uJpkg, 0.00 uJdram
WorkloadActual  14: 25034 op, 1010192865.00 ns, 40.3528 us/op, 63783894.00 uJpkg, 0.00 uJdram
WorkloadActual  15: 25034 op, 999687114.00 ns, 39.9332 us/op, 64154254.00 uJpkg, 0.00 uJdram

// AfterActualRun
WorkloadResult   1: 25034 op, 1014507808.00 ns, 40.5252 us/op, 64243915.00 uJpkg, 0.00 uJdram
WorkloadResult   2: 25034 op, 1012006565.00 ns, 40.4253 us/op, 65480301.00 uJpkg, 0.00 uJdram
WorkloadResult   3: 25034 op, 1007329135.00 ns, 40.2384 us/op, 65096085.00 uJpkg, 0.00 uJdram
WorkloadResult   4: 25034 op, 1013331370.00 ns, 40.4782 us/op, 65340409.00 uJpkg, 0.00 uJdram
WorkloadResult   5: 25034 op, 1015446831.00 ns, 40.5627 us/op, 64744829.00 uJpkg, 0.00 uJdram
WorkloadResult   6: 25034 op, 1005605797.00 ns, 40.1696 us/op, 64374286.00 uJpkg, 0.00 uJdram
WorkloadResult   7: 25034 op, 1008018344.00 ns, 40.2660 us/op, 63726948.00 uJpkg, 0.00 uJdram
WorkloadResult   8: 25034 op, 1004945018.00 ns, 40.1432 us/op, 63839009.00 uJpkg, 0.00 uJdram
WorkloadResult   9: 25034 op, 1014929647.00 ns, 40.5420 us/op, 64442034.00 uJpkg, 0.00 uJdram
WorkloadResult  10: 25034 op, 1002438748.00 ns, 40.0431 us/op, 64074176.00 uJpkg, 0.00 uJdram
WorkloadResult  11: 25034 op, 1022797999.00 ns, 40.8564 us/op, 64522357.00 uJpkg, 0.00 uJdram
WorkloadResult  12: 25034 op, 1007618654.00 ns, 40.2500 us/op, 64205036.00 uJpkg, 0.00 uJdram
WorkloadResult  13: 25034 op, 1000740309.00 ns, 39.9752 us/op, 64237140.00 uJpkg, 0.00 uJdram
WorkloadResult  14: 25034 op, 1010192865.00 ns, 40.3528 us/op, 63783894.00 uJpkg, 0.00 uJdram
WorkloadResult  15: 25034 op, 999687114.00 ns, 39.9332 us/op, 64154254.00 uJpkg, 0.00 uJdram

// AfterAll
// Benchmark Process 4060347 has exited with code 0.

Mean = 40.317 μs, StdErr = 0.065 μs (0.16%), N = 15, StdDev = 0.252 μs
Min = 39.933 μs, Q1 = 40.156 μs, Median = 40.266 μs, Q3 = 40.502 μs, Max = 40.856 μs
IQR = 0.345 μs, LowerFence = 39.638 μs, UpperFence = 41.020 μs
ConfidenceInterval = [40.048 μs; 40.587 μs] (CI 99.9%), Margin = 0.269 μs (0.67% of Mean)
Skewness = 0.29, Kurtosis = 2.25, MValue = 2

// ** Remained 5 (16.7%) benchmark(s) to run. Estimated finish 2025-12-31 20:27 (0h 2m from now) **
// **************************
// Benchmark: JsonSerializationBenchmarks.STJ_Serialize_Small: Overhead-Fixed-Energy-6(OutlierMode=DontRemove, IterationCount=15, IterationTime=1s, LaunchCount=1, WarmupCount=6)
// *** Execute ***
// Launch: 1 / 1
// Execute: dotnet Serialization.Bench-Overhead-Fixed-Energy-6-1.dll --anonymousPipes 103 104 --benchmarkName Serialization.Bench.JsonSerializationBenchmarks.STJ_Serialize_Small --job Overhead-Fixed-Energy-6 --benchmarkId 25 in /home/test/rapl-tests/lib-energy-bench/src/Serialization.Bench/bin/Release/net8.0/Serialization.Bench-Overhead-Fixed-Energy-6-1/bin/Release/net8.0
// BeforeAnythingElse

// Benchmark Process Environment Information:
// BenchmarkDotNet v0.15.5-develop (2025-12-31)
// Runtime=.NET 8.0.21 (8.0.21, 8.0.2125.47513), X64 RyuJIT x86-64-v4
// GC=Concurrent Workstation
// HardwareIntrinsics=AVX512 IFMA+VBMI,AVX512 F+BW+CD+DQ+VL,AVX2+BMI1+BMI2+F16C+FMA+LZCNT+MOVBE,AVX,SSE3+SSSE3+SSE4.1+SSE4.2+POPCNT,X86Base+SSE+SSE2,AES+PCLMUL VectorSize=256
// Job: Overhead-Fixed-Energy-6(OutlierMode=DontRemove, IterationCount=15, IterationTime=1s, LaunchCount=1, WarmupCount=6)

OverheadJitting  1: 1 op, 147634.00 ns, 147.6340 us/op, 66162.00 uJpkg, 0.00 uJdram
WorkloadJitting  1: 1 op, 3872101.00 ns, 3.8721 ms/op, 263915.00 uJpkg, 0.00 uJdram

OverheadJitting  2: 16 op, 370799.00 ns, 23.1749 us/op, 0.00 uJpkg, 0.00 uJdram
WorkloadJitting  2: 16 op, 465918.00 ns, 29.1199 us/op, 0.00 uJpkg, 0.00 uJdram

WorkloadPilot    1: 16 op, 66500.00 ns, 4.1563 us/op, 0.00 uJpkg, 0.00 uJdram
WorkloadPilot    2: 240608 op, 576609400.00 ns, 2.3965 us/op, 49885309.00 uJpkg, 0.00 uJdram
WorkloadPilot    3: 417296 op, 538363379.00 ns, 1.2901 us/op, 46687564.00 uJpkg, 0.00 uJdram
WorkloadPilot    4: 775120 op, 995877631.00 ns, 1.2848 us/op, 86974265.00 uJpkg, 0.00 uJdram
WorkloadPilot    5: 778336 op, 998722861.00 ns, 1.2832 us/op, 87666097.00 uJpkg, 0.00 uJdram
WorkloadPilot    6: 779344 op, 998688746.00 ns, 1.2814 us/op, 87570699.00 uJpkg, 0.00 uJdram
WorkloadPilot    7: 780368 op, 1005603291.00 ns, 1.2886 us/op, 88180438.00 uJpkg, 0.00 uJdram
WorkloadPilot    8: 776032 op, 994681860.00 ns, 1.2818 us/op, 87085043.00 uJpkg, 0.00 uJdram
WorkloadPilot    9: 780192 op, 999124258.00 ns, 1.2806 us/op, 87385763.00 uJpkg, 0.00 uJdram
WorkloadPilot   10: 780880 op, 1000433476.00 ns, 1.2812 us/op, 88485919.00 uJpkg, 0.00 uJdram
WorkloadPilot   11: 780544 op, 1003479391.00 ns, 1.2856 us/op, 88392534.00 uJpkg, 0.00 uJdram

OverheadWarmup   1: 780544 op, 2727971.00 ns, 3.4950 ns/op, 224608.00 uJpkg, 0.00 uJdram
OverheadWarmup   2: 780544 op, 2683874.00 ns, 3.4385 ns/op, 130737.00 uJpkg, 0.00 uJdram
OverheadWarmup   3: 780544 op, 2679876.00 ns, 3.4333 ns/op, 207580.00 uJpkg, 0.00 uJdram
OverheadWarmup   4: 780544 op, 2680480.00 ns, 3.4341 ns/op, 134521.00 uJpkg, 0.00 uJdram
OverheadWarmup   5: 780544 op, 2677415.00 ns, 3.4302 ns/op, 202941.00 uJpkg, 0.00 uJdram
OverheadWarmup   6: 780544 op, 2669274.00 ns, 3.4198 ns/op, 208862.00 uJpkg, 0.00 uJdram
OverheadWarmup   7: 780544 op, 2675220.00 ns, 3.4274 ns/op, 192016.00 uJpkg, 0.00 uJdram
OverheadWarmup   8: 780544 op, 2674420.00 ns, 3.4264 ns/op, 208984.00 uJpkg, 0.00 uJdram

OverheadActual   1: 780544 op, 2683215.00 ns, 3.4376 ns/op, 139648.00 uJpkg, 0.00 uJdram
OverheadActual   2: 780544 op, 2674015.00 ns, 3.4258 ns/op, 196166.00 uJpkg, 0.00 uJdram
OverheadActual   3: 780544 op, 2682828.00 ns, 3.4371 ns/op, 120361.00 uJpkg, 0.00 uJdram
OverheadActual   4: 780544 op, 2676198.00 ns, 3.4286 ns/op, 203796.00 uJpkg, 0.00 uJdram
OverheadActual   5: 780544 op, 2668435.00 ns, 3.4187 ns/op, 205261.00 uJpkg, 0.00 uJdram
OverheadActual   6: 780544 op, 2675795.00 ns, 3.4281 ns/op, 196777.00 uJpkg, 0.00 uJdram
OverheadActual   7: 780544 op, 2672009.00 ns, 3.4233 ns/op, 200377.00 uJpkg, 0.00 uJdram
OverheadActual   8: 780544 op, 2664902.00 ns, 3.4142 ns/op, 196960.00 uJpkg, 0.00 uJdram
OverheadActual   9: 780544 op, 2689984.00 ns, 3.4463 ns/op, 207275.00 uJpkg, 0.00 uJdram
OverheadActual  10: 780544 op, 2671448.00 ns, 3.4225 ns/op, 217467.00 uJpkg, 0.00 uJdram
OverheadActual  11: 780544 op, 2667394.00 ns, 3.4174 ns/op, 116638.00 uJpkg, 0.00 uJdram
OverheadActual  12: 780544 op, 2668988.00 ns, 3.4194 ns/op, 216919.00 uJpkg, 0.00 uJdram
OverheadActual  13: 780544 op, 2673152.00 ns, 3.4247 ns/op, 223389.00 uJpkg, 0.00 uJdram
OverheadActual  14: 780544 op, 2668425.00 ns, 3.4187 ns/op, 195861.00 uJpkg, 0.00 uJdram
OverheadActual  15: 780544 op, 2678945.00 ns, 3.4322 ns/op, 210083.00 uJpkg, 0.00 uJdram

WorkloadWarmup   1: 780544 op, 1005750092.00 ns, 1.2885 us/op, 90744579.00 uJpkg, 0.00 uJdram
WorkloadWarmup   2: 780544 op, 1004606400.00 ns, 1.2871 us/op, 88228168.00 uJpkg, 0.00 uJdram
WorkloadWarmup   3: 780544 op, 1004654903.00 ns, 1.2871 us/op, 88159443.00 uJpkg, 0.00 uJdram
WorkloadWarmup   4: 780544 op, 1003255917.00 ns, 1.2853 us/op, 87806294.00 uJpkg, 0.00 uJdram
WorkloadWarmup   5: 780544 op, 1002598706.00 ns, 1.2845 us/op, 87490743.00 uJpkg, 0.00 uJdram
WorkloadWarmup   6: 780544 op, 1002434428.00 ns, 1.2843 us/op, 87966755.00 uJpkg, 0.00 uJdram

// BeforeActualRun
WorkloadActual   1: 780544 op, 1005993140.00 ns, 1.2888 us/op, 88125568.00 uJpkg, 0.00 uJdram
WorkloadActual   2: 780544 op, 1007406216.00 ns, 1.2906 us/op, 88338946.00 uJpkg, 0.00 uJdram
WorkloadActual   3: 780544 op, 1007584268.00 ns, 1.2909 us/op, 88254047.00 uJpkg, 0.00 uJdram
WorkloadActual   4: 780544 op, 1007616578.00 ns, 1.2909 us/op, 88545428.00 uJpkg, 0.00 uJdram
WorkloadActual   5: 780544 op, 1007809004.00 ns, 1.2912 us/op, 88742205.00 uJpkg, 0.00 uJdram
WorkloadActual   6: 780544 op, 1007354069.00 ns, 1.2906 us/op, 88384844.00 uJpkg, 0.00 uJdram
WorkloadActual   7: 780544 op, 1006988977.00 ns, 1.2901 us/op, 88453326.00 uJpkg, 0.00 uJdram
WorkloadActual   8: 780544 op, 1007582330.00 ns, 1.2909 us/op, 88525591.00 uJpkg, 0.00 uJdram
WorkloadActual   9: 780544 op, 1007166001.00 ns, 1.2903 us/op, 88378985.00 uJpkg, 0.00 uJdram
WorkloadActual  10: 780544 op, 1007890582.00 ns, 1.2913 us/op, 89822585.00 uJpkg, 0.00 uJdram
WorkloadActual  11: 780544 op, 1007491994.00 ns, 1.2908 us/op, 88597430.00 uJpkg, 0.00 uJdram
WorkloadActual  12: 780544 op, 1006827246.00 ns, 1.2899 us/op, 88403704.00 uJpkg, 0.00 uJdram
WorkloadActual  13: 780544 op, 1006802404.00 ns, 1.2899 us/op, 88444903.00 uJpkg, 0.00 uJdram
WorkloadActual  14: 780544 op, 1006990406.00 ns, 1.2901 us/op, 88261798.00 uJpkg, 0.00 uJdram
WorkloadActual  15: 780544 op, 1007463968.00 ns, 1.2907 us/op, 88391009.00 uJpkg, 0.00 uJdram

// AfterActualRun
WorkloadResult   1: 780544 op, 1003319988.00 ns, 1.2854 us/op, 88125568.00 uJpkg, 0.00 uJdram
WorkloadResult   2: 780544 op, 1004733064.00 ns, 1.2872 us/op, 88338946.00 uJpkg, 0.00 uJdram
WorkloadResult   3: 780544 op, 1004911116.00 ns, 1.2874 us/op, 88254047.00 uJpkg, 0.00 uJdram
WorkloadResult   4: 780544 op, 1004943426.00 ns, 1.2875 us/op, 88545428.00 uJpkg, 0.00 uJdram
WorkloadResult   5: 780544 op, 1005135852.00 ns, 1.2877 us/op, 88742205.00 uJpkg, 0.00 uJdram
WorkloadResult   6: 780544 op, 1004680917.00 ns, 1.2872 us/op, 88384844.00 uJpkg, 0.00 uJdram
WorkloadResult   7: 780544 op, 1004315825.00 ns, 1.2867 us/op, 88453326.00 uJpkg, 0.00 uJdram
WorkloadResult   8: 780544 op, 1004909178.00 ns, 1.2874 us/op, 88525591.00 uJpkg, 0.00 uJdram
WorkloadResult   9: 780544 op, 1004492849.00 ns, 1.2869 us/op, 88378985.00 uJpkg, 0.00 uJdram
WorkloadResult  10: 780544 op, 1005217430.00 ns, 1.2878 us/op, 89822585.00 uJpkg, 0.00 uJdram
WorkloadResult  11: 780544 op, 1004818842.00 ns, 1.2873 us/op, 88597430.00 uJpkg, 0.00 uJdram
WorkloadResult  12: 780544 op, 1004154094.00 ns, 1.2865 us/op, 88403704.00 uJpkg, 0.00 uJdram
WorkloadResult  13: 780544 op, 1004129252.00 ns, 1.2864 us/op, 88444903.00 uJpkg, 0.00 uJdram
WorkloadResult  14: 780544 op, 1004317254.00 ns, 1.2867 us/op, 88261798.00 uJpkg, 0.00 uJdram
WorkloadResult  15: 780544 op, 1004790816.00 ns, 1.2873 us/op, 88391009.00 uJpkg, 0.00 uJdram

// AfterAll
// Benchmark Process 4060360 has exited with code 0.

Mean = 1.287 μs, StdErr = 0.000 μs (0.01%), N = 15, StdDev = 0.001 μs
Min = 1.285 μs, Q1 = 1.287 μs, Median = 1.287 μs, Q3 = 1.287 μs, Max = 1.288 μs
IQR = 0.001 μs, LowerFence = 1.286 μs, UpperFence = 1.289 μs
ConfidenceInterval = [1.286 μs; 1.288 μs] (CI 99.9%), Margin = 0.001 μs (0.05% of Mean)
Skewness = -1.01, Kurtosis = 3.55, MValue = 2

// ** Remained 4 (13.3%) benchmark(s) to run. Estimated finish 2025-12-31 20:27 (0h 1m from now) **
// **************************
// Benchmark: JsonSerializationBenchmarks.Newtonsoft_Serialize_Small: Overhead-Fixed-Energy-6(OutlierMode=DontRemove, IterationCount=15, IterationTime=1s, LaunchCount=1, WarmupCount=6)
// *** Execute ***
// Launch: 1 / 1
// Execute: dotnet Serialization.Bench-Overhead-Fixed-Energy-6-1.dll --anonymousPipes 103 104 --benchmarkName Serialization.Bench.JsonSerializationBenchmarks.Newtonsoft_Serialize_Small --job Overhead-Fixed-Energy-6 --benchmarkId 26 in /home/test/rapl-tests/lib-energy-bench/src/Serialization.Bench/bin/Release/net8.0/Serialization.Bench-Overhead-Fixed-Energy-6-1/bin/Release/net8.0
// BeforeAnythingElse

// Benchmark Process Environment Information:
// BenchmarkDotNet v0.15.5-develop (2025-12-31)
// Runtime=.NET 8.0.21 (8.0.21, 8.0.2125.47513), X64 RyuJIT x86-64-v4
// GC=Concurrent Workstation
// HardwareIntrinsics=AVX512 IFMA+VBMI,AVX512 F+BW+CD+DQ+VL,AVX2+BMI1+BMI2+F16C+FMA+LZCNT+MOVBE,AVX,SSE3+SSSE3+SSE4.1+SSE4.2+POPCNT,X86Base+SSE+SSE2,AES+PCLMUL VectorSize=256
// Job: Overhead-Fixed-Energy-6(OutlierMode=DontRemove, IterationCount=15, IterationTime=1s, LaunchCount=1, WarmupCount=6)

OverheadJitting  1: 1 op, 135979.00 ns, 135.9790 us/op, 0.00 uJpkg, 0.00 uJdram
WorkloadJitting  1: 1 op, 37891078.00 ns, 37.8911 ms/op, 2317011.00 uJpkg, 0.00 uJdram

OverheadJitting  2: 16 op, 365579.00 ns, 22.8487 us/op, 81726.00 uJpkg, 0.00 uJdram
WorkloadJitting  2: 16 op, 636795.00 ns, 39.7997 us/op, 0.00 uJpkg, 0.00 uJdram

WorkloadPilot    1: 16 op, 289950.00 ns, 18.1219 us/op, 0.00 uJpkg, 0.00 uJdram
WorkloadPilot    2: 55184 op, 234981503.00 ns, 4.2581 us/op, 20037974.00 uJpkg, 0.00 uJdram
WorkloadPilot    3: 234848 op, 526326771.00 ns, 2.2411 us/op, 46196598.00 uJpkg, 0.00 uJdram
WorkloadPilot    4: 446208 op, 999176668.00 ns, 2.2393 us/op, 88116352.00 uJpkg, 0.00 uJdram
WorkloadPilot    5: 446576 op, 999552744.00 ns, 2.2383 us/op, 87977253.00 uJpkg, 0.00 uJdram
WorkloadPilot    6: 446784 op, 1000722123.00 ns, 2.2398 us/op, 88511126.00 uJpkg, 0.00 uJdram
WorkloadPilot    7: 446464 op, 994516855.00 ns, 2.2275 us/op, 88243121.00 uJpkg, 0.00 uJdram
WorkloadPilot    8: 448928 op, 1001556321.00 ns, 2.2310 us/op, 88533160.00 uJpkg, 0.00 uJdram
WorkloadPilot    9: 448240 op, 999566580.00 ns, 2.2300 us/op, 87921650.00 uJpkg, 0.00 uJdram
WorkloadPilot   10: 448448 op, 996109721.00 ns, 2.2212 us/op, 88550310.00 uJpkg, 0.00 uJdram
WorkloadPilot   11: 450208 op, 1005088372.00 ns, 2.2325 us/op, 88811784.00 uJpkg, 0.00 uJdram

OverheadWarmup   1: 450208 op, 1539423.00 ns, 3.4194 ns/op, 81237.00 uJpkg, 0.00 uJdram
OverheadWarmup   2: 450208 op, 1541475.00 ns, 3.4239 ns/op, 138794.00 uJpkg, 0.00 uJdram
OverheadWarmup   3: 450208 op, 1549175.00 ns, 3.4410 ns/op, 175415.00 uJpkg, 0.00 uJdram
OverheadWarmup   4: 450208 op, 1535210.00 ns, 3.4100 ns/op, 71656.00 uJpkg, 0.00 uJdram
OverheadWarmup   5: 450208 op, 1545254.00 ns, 3.4323 ns/op, 149841.00 uJpkg, 0.00 uJdram
OverheadWarmup   6: 450208 op, 1551805.00 ns, 3.4469 ns/op, 80322.00 uJpkg, 0.00 uJdram
OverheadWarmup   7: 450208 op, 1544070.00 ns, 3.4297 ns/op, 175354.00 uJpkg, 0.00 uJdram

OverheadActual   1: 450208 op, 1534381.00 ns, 3.4082 ns/op, 129395.00 uJpkg, 0.00 uJdram
OverheadActual   2: 450208 op, 1540583.00 ns, 3.4219 ns/op, 68238.00 uJpkg, 0.00 uJdram
OverheadActual   3: 450208 op, 1544978.00 ns, 3.4317 ns/op, 150146.00 uJpkg, 0.00 uJdram
OverheadActual   4: 450208 op, 1539287.00 ns, 3.4191 ns/op, 76599.00 uJpkg, 0.00 uJdram
OverheadActual   5: 450208 op, 1544334.00 ns, 3.4303 ns/op, 150207.00 uJpkg, 0.00 uJdram
OverheadActual   6: 450208 op, 1556820.00 ns, 3.4580 ns/op, 56213.00 uJpkg, 0.00 uJdram
OverheadActual   7: 450208 op, 1531283.00 ns, 3.4013 ns/op, 130737.00 uJpkg, 0.00 uJdram
OverheadActual   8: 450208 op, 1537449.00 ns, 3.4150 ns/op, 62866.00 uJpkg, 0.00 uJdram
OverheadActual   9: 450208 op, 1545044.00 ns, 3.4318 ns/op, 141907.00 uJpkg, 0.00 uJdram
OverheadActual  10: 450208 op, 1555318.00 ns, 3.4547 ns/op, 72144.00 uJpkg, 0.00 uJdram
OverheadActual  11: 450208 op, 1535248.00 ns, 3.4101 ns/op, 135070.00 uJpkg, 0.00 uJdram
OverheadActual  12: 450208 op, 1536536.00 ns, 3.4129 ns/op, 77392.00 uJpkg, 0.00 uJdram
OverheadActual  13: 450208 op, 1561840.00 ns, 3.4692 ns/op, 136901.00 uJpkg, 0.00 uJdram
OverheadActual  14: 450208 op, 1553178.00 ns, 3.4499 ns/op, 73425.00 uJpkg, 0.00 uJdram
OverheadActual  15: 450208 op, 1543968.00 ns, 3.4295 ns/op, 164856.00 uJpkg, 0.00 uJdram

WorkloadWarmup   1: 450208 op, 1007477894.00 ns, 2.2378 us/op, 91911752.00 uJpkg, 0.00 uJdram
WorkloadWarmup   2: 450208 op, 1005829807.00 ns, 2.2341 us/op, 89179276.00 uJpkg, 0.00 uJdram
WorkloadWarmup   3: 450208 op, 1010693858.00 ns, 2.2449 us/op, 89644546.00 uJpkg, 0.00 uJdram
WorkloadWarmup   4: 450208 op, 1001537083.00 ns, 2.2246 us/op, 88616229.00 uJpkg, 0.00 uJdram
WorkloadWarmup   5: 450208 op, 1003527848.00 ns, 2.2290 us/op, 88522234.00 uJpkg, 0.00 uJdram
WorkloadWarmup   6: 450208 op, 1010781083.00 ns, 2.2451 us/op, 89206315.00 uJpkg, 0.00 uJdram

// BeforeActualRun
WorkloadActual   1: 450208 op, 1002148504.00 ns, 2.2260 us/op, 88926530.00 uJpkg, 0.00 uJdram
WorkloadActual   2: 450208 op, 1010148067.00 ns, 2.2437 us/op, 89767531.00 uJpkg, 0.00 uJdram
WorkloadActual   3: 450208 op, 1008162556.00 ns, 2.2393 us/op, 89518630.00 uJpkg, 0.00 uJdram
WorkloadActual   4: 450208 op, 1004385263.00 ns, 2.2309 us/op, 88927690.00 uJpkg, 0.00 uJdram
WorkloadActual   5: 450208 op, 1010768349.00 ns, 2.2451 us/op, 89401565.00 uJpkg, 0.00 uJdram
WorkloadActual   6: 450208 op, 1007021122.00 ns, 2.2368 us/op, 88861833.00 uJpkg, 0.00 uJdram
WorkloadActual   7: 450208 op, 1008249706.00 ns, 2.2395 us/op, 88821062.00 uJpkg, 0.00 uJdram
WorkloadActual   8: 450208 op, 1016265349.00 ns, 2.2573 us/op, 89403946.00 uJpkg, 0.00 uJdram
WorkloadActual   9: 450208 op, 1007907958.00 ns, 2.2388 us/op, 89036149.00 uJpkg, 0.00 uJdram
WorkloadActual  10: 450208 op, 1007176337.00 ns, 2.2371 us/op, 90172376.00 uJpkg, 0.00 uJdram
WorkloadActual  11: 450208 op, 1010145079.00 ns, 2.2437 us/op, 89610549.00 uJpkg, 0.00 uJdram
WorkloadActual  12: 450208 op, 1011568072.00 ns, 2.2469 us/op, 89540115.00 uJpkg, 0.00 uJdram
WorkloadActual  13: 450208 op, 1012994713.00 ns, 2.2501 us/op, 89525772.00 uJpkg, 0.00 uJdram
WorkloadActual  14: 450208 op, 1006436070.00 ns, 2.2355 us/op, 89111589.00 uJpkg, 0.00 uJdram
WorkloadActual  15: 450208 op, 1005496167.00 ns, 2.2334 us/op, 88695757.00 uJpkg, 0.00 uJdram

// AfterActualRun
WorkloadResult   1: 450208 op, 1000604536.00 ns, 2.2225 us/op, 88926530.00 uJpkg, 0.00 uJdram
WorkloadResult   2: 450208 op, 1008604099.00 ns, 2.2403 us/op, 89767531.00 uJpkg, 0.00 uJdram
WorkloadResult   3: 450208 op, 1006618588.00 ns, 2.2359 us/op, 89518630.00 uJpkg, 0.00 uJdram
WorkloadResult   4: 450208 op, 1002841295.00 ns, 2.2275 us/op, 88927690.00 uJpkg, 0.00 uJdram
WorkloadResult   5: 450208 op, 1009224381.00 ns, 2.2417 us/op, 89401565.00 uJpkg, 0.00 uJdram
WorkloadResult   6: 450208 op, 1005477154.00 ns, 2.2334 us/op, 88861833.00 uJpkg, 0.00 uJdram
WorkloadResult   7: 450208 op, 1006705738.00 ns, 2.2361 us/op, 88821062.00 uJpkg, 0.00 uJdram
WorkloadResult   8: 450208 op, 1014721381.00 ns, 2.2539 us/op, 89403946.00 uJpkg, 0.00 uJdram
WorkloadResult   9: 450208 op, 1006363990.00 ns, 2.2353 us/op, 89036149.00 uJpkg, 0.00 uJdram
WorkloadResult  10: 450208 op, 1005632369.00 ns, 2.2337 us/op, 90172376.00 uJpkg, 0.00 uJdram
WorkloadResult  11: 450208 op, 1008601111.00 ns, 2.2403 us/op, 89610549.00 uJpkg, 0.00 uJdram
WorkloadResult  12: 450208 op, 1010024104.00 ns, 2.2435 us/op, 89540115.00 uJpkg, 0.00 uJdram
WorkloadResult  13: 450208 op, 1011450745.00 ns, 2.2466 us/op, 89525772.00 uJpkg, 0.00 uJdram
WorkloadResult  14: 450208 op, 1004892102.00 ns, 2.2321 us/op, 89111589.00 uJpkg, 0.00 uJdram
WorkloadResult  15: 450208 op, 1003952199.00 ns, 2.2300 us/op, 88695757.00 uJpkg, 0.00 uJdram

// AfterAll
// Benchmark Process 4060377 has exited with code 0.

Mean = 2.237 μs, StdErr = 0.002 μs (0.09%), N = 15, StdDev = 0.008 μs
Min = 2.223 μs, Q1 = 2.233 μs, Median = 2.236 μs, Q3 = 2.241 μs, Max = 2.254 μs
IQR = 0.008 μs, LowerFence = 2.220 μs, UpperFence = 2.253 μs
ConfidenceInterval = [2.228 μs; 2.245 μs] (CI 99.9%), Margin = 0.008 μs (0.38% of Mean)
Skewness = 0.29, Kurtosis = 2.6, MValue = 2

// ** Remained 3 (10.0%) benchmark(s) to run. Estimated finish 2025-12-31 20:27 (0h 1m from now) **
// **************************
// Benchmark: JsonSerializationBenchmarks.Jil_Serialize_Small: Overhead-Fixed-Energy-6(OutlierMode=DontRemove, IterationCount=15, IterationTime=1s, LaunchCount=1, WarmupCount=6)
// *** Execute ***
// Launch: 1 / 1
// Execute: dotnet Serialization.Bench-Overhead-Fixed-Energy-6-1.dll --anonymousPipes 103 104 --benchmarkName Serialization.Bench.JsonSerializationBenchmarks.Jil_Serialize_Small --job Overhead-Fixed-Energy-6 --benchmarkId 27 in /home/test/rapl-tests/lib-energy-bench/src/Serialization.Bench/bin/Release/net8.0/Serialization.Bench-Overhead-Fixed-Energy-6-1/bin/Release/net8.0
// BeforeAnythingElse

// Benchmark Process Environment Information:
// BenchmarkDotNet v0.15.5-develop (2025-12-31)
// Runtime=.NET 8.0.21 (8.0.21, 8.0.2125.47513), X64 RyuJIT x86-64-v4
// GC=Concurrent Workstation
// HardwareIntrinsics=AVX512 IFMA+VBMI,AVX512 F+BW+CD+DQ+VL,AVX2+BMI1+BMI2+F16C+FMA+LZCNT+MOVBE,AVX,SSE3+SSSE3+SSE4.1+SSE4.2+POPCNT,X86Base+SSE+SSE2,AES+PCLMUL VectorSize=256
// Job: Overhead-Fixed-Energy-6(OutlierMode=DontRemove, IterationCount=15, IterationTime=1s, LaunchCount=1, WarmupCount=6)

OverheadJitting  1: 1 op, 136385.00 ns, 136.3850 us/op, 68847.00 uJpkg, 0.00 uJdram
WorkloadJitting  1: 1 op, 105454859.00 ns, 105.4549 ms/op, 6594832.00 uJpkg, 0.00 uJdram

WorkloadPilot    1: 4 op, 22241.00 ns, 5.5603 us/op, 0.00 uJpkg, 0.00 uJdram
WorkloadPilot    2: 179848 op, 394527667.00 ns, 2.1937 us/op, 32902626.00 uJpkg, 0.00 uJdram
WorkloadPilot    3: 455856 op, 780944602.00 ns, 1.7131 us/op, 69909245.00 uJpkg, 0.00 uJdram
WorkloadPilot    4: 583724 op, 999510939.00 ns, 1.7123 us/op, 89126908.00 uJpkg, 0.00 uJdram
WorkloadPilot    5: 584010 op, 997655556.00 ns, 1.7083 us/op, 88973283.00 uJpkg, 0.00 uJdram
WorkloadPilot    6: 585382 op, 1002398521.00 ns, 1.7124 us/op, 89774673.00 uJpkg, 0.00 uJdram
WorkloadPilot    7: 583981 op, 1004335178.00 ns, 1.7198 us/op, 89869521.00 uJpkg, 0.00 uJdram
WorkloadPilot    8: 581460 op, 999079110.00 ns, 1.7182 us/op, 89394363.00 uJpkg, 0.00 uJdram
WorkloadPilot    9: 581996 op, 999577853.00 ns, 1.7175 us/op, 89242448.00 uJpkg, 0.00 uJdram
WorkloadPilot   10: 582242 op, 994668777.00 ns, 1.7083 us/op, 89557937.00 uJpkg, 0.00 uJdram
WorkloadPilot   11: 585363 op, 1006129553.00 ns, 1.7188 us/op, 90029555.00 uJpkg, 0.00 uJdram

WorkloadWarmup   1: 585363 op, 1001028223.00 ns, 1.7101 us/op, 89329362.00 uJpkg, 0.00 uJdram
WorkloadWarmup   2: 585363 op, 1008465057.00 ns, 1.7228 us/op, 88806902.00 uJpkg, 0.00 uJdram
WorkloadWarmup   3: 585363 op, 1007109462.00 ns, 1.7205 us/op, 88610003.00 uJpkg, 0.00 uJdram
WorkloadWarmup   4: 585363 op, 1007511592.00 ns, 1.7212 us/op, 88472918.00 uJpkg, 0.00 uJdram
WorkloadWarmup   5: 585363 op, 1006347771.00 ns, 1.7192 us/op, 88372759.00 uJpkg, 0.00 uJdram
WorkloadWarmup   6: 585363 op, 1008587234.00 ns, 1.7230 us/op, 90016066.00 uJpkg, 0.00 uJdram

// BeforeActualRun
WorkloadActual   1: 585363 op, 1001790371.00 ns, 1.7114 us/op, 89138810.00 uJpkg, 0.00 uJdram
WorkloadActual   2: 585363 op, 1006912902.00 ns, 1.7202 us/op, 88759234.00 uJpkg, 0.00 uJdram
WorkloadActual   3: 585363 op, 1006771127.00 ns, 1.7199 us/op, 88755938.00 uJpkg, 0.00 uJdram
WorkloadActual   4: 585363 op, 1006027535.00 ns, 1.7186 us/op, 88799028.00 uJpkg, 0.00 uJdram
WorkloadActual   5: 585363 op, 1005922125.00 ns, 1.7185 us/op, 89299576.00 uJpkg, 0.00 uJdram
WorkloadActual   6: 585363 op, 1004925124.00 ns, 1.7168 us/op, 88436847.00 uJpkg, 0.00 uJdram
WorkloadActual   7: 585363 op, 1004470310.00 ns, 1.7160 us/op, 88776140.00 uJpkg, 0.00 uJdram
WorkloadActual   8: 585363 op, 1005113045.00 ns, 1.7171 us/op, 88957719.00 uJpkg, 0.00 uJdram
WorkloadActual   9: 585363 op, 1005330847.00 ns, 1.7174 us/op, 89182023.00 uJpkg, 0.00 uJdram
WorkloadActual  10: 585363 op, 1005984234.00 ns, 1.7186 us/op, 89049760.00 uJpkg, 0.00 uJdram
WorkloadActual  11: 585363 op, 1007635229.00 ns, 1.7214 us/op, 88788346.00 uJpkg, 0.00 uJdram
WorkloadActual  12: 585363 op, 1007038243.00 ns, 1.7204 us/op, 88711504.00 uJpkg, 0.00 uJdram
WorkloadActual  13: 585363 op, 1006317148.00 ns, 1.7191 us/op, 88900285.00 uJpkg, 0.00 uJdram
WorkloadActual  14: 585363 op, 1006666246.00 ns, 1.7197 us/op, 88576800.00 uJpkg, 0.00 uJdram
WorkloadActual  15: 585363 op, 1008189353.00 ns, 1.7223 us/op, 90335340.00 uJpkg, 0.00 uJdram

// AfterActualRun
WorkloadResult   1: 585363 op, 1001790371.00 ns, 1.7114 us/op, 89138810.00 uJpkg, 0.00 uJdram
WorkloadResult   2: 585363 op, 1006912902.00 ns, 1.7202 us/op, 88759234.00 uJpkg, 0.00 uJdram
WorkloadResult   3: 585363 op, 1006771127.00 ns, 1.7199 us/op, 88755938.00 uJpkg, 0.00 uJdram
WorkloadResult   4: 585363 op, 1006027535.00 ns, 1.7186 us/op, 88799028.00 uJpkg, 0.00 uJdram
WorkloadResult   5: 585363 op, 1005922125.00 ns, 1.7185 us/op, 89299576.00 uJpkg, 0.00 uJdram
WorkloadResult   6: 585363 op, 1004925124.00 ns, 1.7168 us/op, 88436847.00 uJpkg, 0.00 uJdram
WorkloadResult   7: 585363 op, 1004470310.00 ns, 1.7160 us/op, 88776140.00 uJpkg, 0.00 uJdram
WorkloadResult   8: 585363 op, 1005113045.00 ns, 1.7171 us/op, 88957719.00 uJpkg, 0.00 uJdram
WorkloadResult   9: 585363 op, 1005330847.00 ns, 1.7174 us/op, 89182023.00 uJpkg, 0.00 uJdram
WorkloadResult  10: 585363 op, 1005984234.00 ns, 1.7186 us/op, 89049760.00 uJpkg, 0.00 uJdram
WorkloadResult  11: 585363 op, 1007635229.00 ns, 1.7214 us/op, 88788346.00 uJpkg, 0.00 uJdram
WorkloadResult  12: 585363 op, 1007038243.00 ns, 1.7204 us/op, 88711504.00 uJpkg, 0.00 uJdram
WorkloadResult  13: 585363 op, 1006317148.00 ns, 1.7191 us/op, 88900285.00 uJpkg, 0.00 uJdram
WorkloadResult  14: 585363 op, 1006666246.00 ns, 1.7197 us/op, 88576800.00 uJpkg, 0.00 uJdram
WorkloadResult  15: 585363 op, 1008189353.00 ns, 1.7223 us/op, 90335340.00 uJpkg, 0.00 uJdram

// AfterAll
// Benchmark Process 4060391 has exited with code 0.

Mean = 1.718 μs, StdErr = 0.001 μs (0.04%), N = 15, StdDev = 0.003 μs
Min = 1.711 μs, Q1 = 1.717 μs, Median = 1.719 μs, Q3 = 1.720 μs, Max = 1.722 μs
IQR = 0.003 μs, LowerFence = 1.713 μs, UpperFence = 1.724 μs
ConfidenceInterval = [1.716 μs; 1.721 μs] (CI 99.9%), Margin = 0.003 μs (0.16% of Mean)
Skewness = -1.05, Kurtosis = 4.1, MValue = 2

// ** Remained 2 (6.7%) benchmark(s) to run. Estimated finish 2025-12-31 20:27 (0h 0m from now) **
// **************************
// Benchmark: JsonSerializationBenchmarks.Utf8Json_Serialize_Small: Overhead-Fixed-Energy-6(OutlierMode=DontRemove, IterationCount=15, IterationTime=1s, LaunchCount=1, WarmupCount=6)
// *** Execute ***
// Launch: 1 / 1
// Execute: dotnet Serialization.Bench-Overhead-Fixed-Energy-6-1.dll --anonymousPipes 103 104 --benchmarkName Serialization.Bench.JsonSerializationBenchmarks.Utf8Json_Serialize_Small --job Overhead-Fixed-Energy-6 --benchmarkId 28 in /home/test/rapl-tests/lib-energy-bench/src/Serialization.Bench/bin/Release/net8.0/Serialization.Bench-Overhead-Fixed-Energy-6-1/bin/Release/net8.0
// BeforeAnythingElse

// Benchmark Process Environment Information:
// BenchmarkDotNet v0.15.5-develop (2025-12-31)
// Runtime=.NET 8.0.21 (8.0.21, 8.0.2125.47513), X64 RyuJIT x86-64-v4
// GC=Concurrent Workstation
// HardwareIntrinsics=AVX512 IFMA+VBMI,AVX512 F+BW+CD+DQ+VL,AVX2+BMI1+BMI2+F16C+FMA+LZCNT+MOVBE,AVX,SSE3+SSSE3+SSE4.1+SSE4.2+POPCNT,X86Base+SSE+SSE2,AES+PCLMUL VectorSize=256
// Job: Overhead-Fixed-Energy-6(OutlierMode=DontRemove, IterationCount=15, IterationTime=1s, LaunchCount=1, WarmupCount=6)

OverheadJitting  1: 1 op, 136756.00 ns, 136.7560 us/op, 0.00 uJpkg, 0.00 uJdram
WorkloadJitting  1: 1 op, 46059617.00 ns, 46.0596 ms/op, 2827202.00 uJpkg, 0.00 uJdram

OverheadJitting  2: 16 op, 371886.00 ns, 23.2429 us/op, 0.00 uJpkg, 0.00 uJdram
WorkloadJitting  2: 16 op, 523940.00 ns, 32.7463 us/op, 71960.00 uJpkg, 0.00 uJdram

WorkloadPilot    1: 16 op, 205835.00 ns, 12.8647 us/op, 52307.00 uJpkg, 0.00 uJdram
WorkloadPilot    2: 77744 op, 429471252.00 ns, 5.5242 us/op, 34910433.00 uJpkg, 0.00 uJdram
WorkloadPilot    3: 181024 op, 177407730.00 ns, 980.0233 ns/op, 15671591.00 uJpkg, 0.00 uJdram
WorkloadPilot    4: 1020384 op, 982345955.00 ns, 962.7218 ns/op, 83629790.00 uJpkg, 0.00 uJdram
WorkloadPilot    5: 1038736 op, 999117670.00 ns, 961.8591 ns/op, 85046962.00 uJpkg, 0.00 uJdram
WorkloadPilot    6: 1039664 op, 1000445886.00 ns, 962.2781 ns/op, 84864712.00 uJpkg, 0.00 uJdram
WorkloadPilot    7: 1039216 op, 1001303647.00 ns, 963.5183 ns/op, 85376734.00 uJpkg, 0.00 uJdram
WorkloadPilot    8: 1037872 op, 997634795.00 ns, 961.2311 ns/op, 84938382.00 uJpkg, 0.00 uJdram
WorkloadPilot    9: 1040336 op, 999479142.00 ns, 960.7272 ns/op, 84956204.00 uJpkg, 0.00 uJdram
WorkloadPilot   10: 1040880 op, 1003210530.00 ns, 963.8100 ns/op, 85925988.00 uJpkg, 0.00 uJdram

OverheadWarmup   1: 1040880 op, 3536967.00 ns, 3.3981 ns/op, 270752.00 uJpkg, 0.00 uJdram
OverheadWarmup   2: 1040880 op, 3549512.00 ns, 3.4101 ns/op, 261108.00 uJpkg, 0.00 uJdram
OverheadWarmup   3: 1040880 op, 3554915.00 ns, 3.4153 ns/op, 271911.00 uJpkg, 0.00 uJdram
OverheadWarmup   4: 1040880 op, 3557507.00 ns, 3.4178 ns/op, 236816.00 uJpkg, 0.00 uJdram
OverheadWarmup   5: 1040880 op, 3547518.00 ns, 3.4082 ns/op, 309875.00 uJpkg, 0.00 uJdram
OverheadWarmup   6: 1040880 op, 3570084.00 ns, 3.4299 ns/op, 285522.00 uJpkg, 0.00 uJdram
OverheadWarmup   7: 1040880 op, 3554935.00 ns, 3.4153 ns/op, 220702.00 uJpkg, 0.00 uJdram

OverheadActual   1: 1040880 op, 3546039.00 ns, 3.4068 ns/op, 205200.00 uJpkg, 0.00 uJdram
OverheadActual   2: 1040880 op, 3545110.00 ns, 3.4059 ns/op, 226440.00 uJpkg, 0.00 uJdram
OverheadActual   3: 1040880 op, 3550233.00 ns, 3.4108 ns/op, 270751.00 uJpkg, 0.00 uJdram
OverheadActual   4: 1040880 op, 3568969.00 ns, 3.4288 ns/op, 268371.00 uJpkg, 0.00 uJdram
OverheadActual   5: 1040880 op, 3586970.00 ns, 3.4461 ns/op, 264891.00 uJpkg, 0.00 uJdram
OverheadActual   6: 1040880 op, 3607291.00 ns, 3.4656 ns/op, 268920.00 uJpkg, 0.00 uJdram
OverheadActual   7: 1040880 op, 3551679.00 ns, 3.4122 ns/op, 209167.00 uJpkg, 0.00 uJdram
OverheadActual   8: 1040880 op, 3541533.00 ns, 3.4024 ns/op, 261047.00 uJpkg, 0.00 uJdram
OverheadActual   9: 1040880 op, 3547521.00 ns, 3.4082 ns/op, 258484.00 uJpkg, 0.00 uJdram
OverheadActual  10: 1040880 op, 3554144.00 ns, 3.4146 ns/op, 188903.00 uJpkg, 0.00 uJdram
OverheadActual  11: 1040880 op, 3537845.00 ns, 3.3989 ns/op, 194702.00 uJpkg, 0.00 uJdram
OverheadActual  12: 1040880 op, 3545831.00 ns, 3.4066 ns/op, 264282.00 uJpkg, 0.00 uJdram
OverheadActual  13: 1040880 op, 3551143.00 ns, 3.4117 ns/op, 250671.00 uJpkg, 0.00 uJdram
OverheadActual  14: 1040880 op, 3541576.00 ns, 3.4025 ns/op, 198486.00 uJpkg, 0.00 uJdram
OverheadActual  15: 1040880 op, 3548758.00 ns, 3.4094 ns/op, 262329.00 uJpkg, 0.00 uJdram

WorkloadWarmup   1: 1040880 op, 1005815905.00 ns, 966.3130 ns/op, 87972736.00 uJpkg, 0.00 uJdram
WorkloadWarmup   2: 1040880 op, 1005568934.00 ns, 966.0758 ns/op, 85628015.00 uJpkg, 0.00 uJdram
WorkloadWarmup   3: 1040880 op, 1004840144.00 ns, 965.3756 ns/op, 85553614.00 uJpkg, 0.00 uJdram
WorkloadWarmup   4: 1040880 op, 1003808954.00 ns, 964.3849 ns/op, 85870874.00 uJpkg, 0.00 uJdram
WorkloadWarmup   5: 1040880 op, 1003616265.00 ns, 964.1998 ns/op, 86221032.00 uJpkg, 0.00 uJdram
WorkloadWarmup   6: 1040880 op, 1003503829.00 ns, 964.0918 ns/op, 85753321.00 uJpkg, 0.00 uJdram

// BeforeActualRun
WorkloadActual   1: 1040880 op, 1005257937.00 ns, 965.7770 ns/op, 85856226.00 uJpkg, 0.00 uJdram
WorkloadActual   2: 1040880 op, 1007985433.00 ns, 968.3973 ns/op, 85841150.00 uJpkg, 0.00 uJdram
WorkloadActual   3: 1040880 op, 1010752729.00 ns, 971.0560 ns/op, 86951133.00 uJpkg, 0.00 uJdram
WorkloadActual   4: 1040880 op, 1008988656.00 ns, 969.3612 ns/op, 87020712.00 uJpkg, 0.00 uJdram
WorkloadActual   5: 1040880 op, 1008574334.00 ns, 968.9631 ns/op, 86939902.00 uJpkg, 0.00 uJdram
WorkloadActual   6: 1040880 op, 1007997393.00 ns, 968.4088 ns/op, 86708824.00 uJpkg, 0.00 uJdram
WorkloadActual   7: 1040880 op, 1007551810.00 ns, 967.9808 ns/op, 86749839.00 uJpkg, 0.00 uJdram
WorkloadActual   8: 1040880 op, 1008391055.00 ns, 968.7870 ns/op, 86945456.00 uJpkg, 0.00 uJdram
WorkloadActual   9: 1040880 op, 1007997675.00 ns, 968.4091 ns/op, 87084677.00 uJpkg, 0.00 uJdram
WorkloadActual  10: 1040880 op, 1008889703.00 ns, 969.2661 ns/op, 88173724.00 uJpkg, 0.00 uJdram
WorkloadActual  11: 1040880 op, 1008772653.00 ns, 969.1537 ns/op, 86995322.00 uJpkg, 0.00 uJdram
WorkloadActual  12: 1040880 op, 1007671185.00 ns, 968.0954 ns/op, 86688255.00 uJpkg, 0.00 uJdram
WorkloadActual  13: 1040880 op, 1007813137.00 ns, 968.2318 ns/op, 87028403.00 uJpkg, 0.00 uJdram
WorkloadActual  14: 1040880 op, 1008756588.00 ns, 969.1382 ns/op, 87088767.00 uJpkg, 0.00 uJdram
WorkloadActual  15: 1040880 op, 1007342339.00 ns, 967.7795 ns/op, 86977377.00 uJpkg, 0.00 uJdram

// AfterActualRun
WorkloadResult   1: 1040880 op, 1001709179.00 ns, 962.3676 ns/op, 85856226.00 uJpkg, 0.00 uJdram
WorkloadResult   2: 1040880 op, 1004436675.00 ns, 964.9880 ns/op, 85841150.00 uJpkg, 0.00 uJdram
WorkloadResult   3: 1040880 op, 1007203971.00 ns, 967.6466 ns/op, 86951133.00 uJpkg, 0.00 uJdram
WorkloadResult   4: 1040880 op, 1005439898.00 ns, 965.9518 ns/op, 87020712.00 uJpkg, 0.00 uJdram
WorkloadResult   5: 1040880 op, 1005025576.00 ns, 965.5537 ns/op, 86939902.00 uJpkg, 0.00 uJdram
WorkloadResult   6: 1040880 op, 1004448635.00 ns, 964.9995 ns/op, 86708824.00 uJpkg, 0.00 uJdram
WorkloadResult   7: 1040880 op, 1004003052.00 ns, 964.5714 ns/op, 86749839.00 uJpkg, 0.00 uJdram
WorkloadResult   8: 1040880 op, 1004842297.00 ns, 965.3777 ns/op, 86945456.00 uJpkg, 0.00 uJdram
WorkloadResult   9: 1040880 op, 1004448917.00 ns, 964.9997 ns/op, 87084677.00 uJpkg, 0.00 uJdram
WorkloadResult  10: 1040880 op, 1005340945.00 ns, 965.8567 ns/op, 88173724.00 uJpkg, 0.00 uJdram
WorkloadResult  11: 1040880 op, 1005223895.00 ns, 965.7443 ns/op, 86995322.00 uJpkg, 0.00 uJdram
WorkloadResult  12: 1040880 op, 1004122427.00 ns, 964.6861 ns/op, 86688255.00 uJpkg, 0.00 uJdram
WorkloadResult  13: 1040880 op, 1004264379.00 ns, 964.8224 ns/op, 87028403.00 uJpkg, 0.00 uJdram
WorkloadResult  14: 1040880 op, 1005207830.00 ns, 965.7288 ns/op, 87088767.00 uJpkg, 0.00 uJdram
WorkloadResult  15: 1040880 op, 1003793581.00 ns, 964.3701 ns/op, 86977377.00 uJpkg, 0.00 uJdram

// AfterAll
// Benchmark Process 4060404 has exited with code 0.

Mean = 965.178 ns, StdErr = 0.287 ns (0.03%), N = 15, StdDev = 1.113 ns
Min = 962.368 ns, Q1 = 964.754 ns, Median = 965.000 ns, Q3 = 965.737 ns, Max = 967.647 ns
IQR = 0.982 ns, LowerFence = 963.281 ns, UpperFence = 967.210 ns
ConfidenceInterval = [963.988 ns; 966.368 ns] (CI 99.9%), Margin = 1.190 ns (0.12% of Mean)
Skewness = -0.33, Kurtosis = 4.38, MValue = 2

// ** Remained 1 (3.3%) benchmark(s) to run. Estimated finish 2025-12-31 20:27 (0h 0m from now) **
// **************************
// Benchmark: JsonSerializationBenchmarks.SpanJson_Serialize_Small: Overhead-Fixed-Energy-6(OutlierMode=DontRemove, IterationCount=15, IterationTime=1s, LaunchCount=1, WarmupCount=6)
// *** Execute ***
// Launch: 1 / 1
// Execute: dotnet Serialization.Bench-Overhead-Fixed-Energy-6-1.dll --anonymousPipes 103 104 --benchmarkName Serialization.Bench.JsonSerializationBenchmarks.SpanJson_Serialize_Small --job Overhead-Fixed-Energy-6 --benchmarkId 29 in /home/test/rapl-tests/lib-energy-bench/src/Serialization.Bench/bin/Release/net8.0/Serialization.Bench-Overhead-Fixed-Energy-6-1/bin/Release/net8.0
// BeforeAnythingElse

// Benchmark Process Environment Information:
// BenchmarkDotNet v0.15.5-develop (2025-12-31)
// Runtime=.NET 8.0.21 (8.0.21, 8.0.2125.47513), X64 RyuJIT x86-64-v4
// GC=Concurrent Workstation
// HardwareIntrinsics=AVX512 IFMA+VBMI,AVX512 F+BW+CD+DQ+VL,AVX2+BMI1+BMI2+F16C+FMA+LZCNT+MOVBE,AVX,SSE3+SSSE3+SSE4.1+SSE4.2+POPCNT,X86Base+SSE+SSE2,AES+PCLMUL VectorSize=256
// Job: Overhead-Fixed-Energy-6(OutlierMode=DontRemove, IterationCount=15, IterationTime=1s, LaunchCount=1, WarmupCount=6)

OverheadJitting  1: 1 op, 135703.00 ns, 135.7030 us/op, 66528.00 uJpkg, 0.00 uJdram
WorkloadJitting  1: 1 op, 59352023.00 ns, 59.3520 ms/op, 4289845.00 uJpkg, 0.00 uJdram

OverheadJitting  2: 16 op, 495508.00 ns, 30.9693 us/op, 0.00 uJpkg, 0.00 uJdram
WorkloadJitting  2: 16 op, 567821.00 ns, 35.4888 us/op, 99426.00 uJpkg, 0.00 uJdram

WorkloadPilot    1: 16 op, 222522.00 ns, 13.9076 us/op, 0.00 uJpkg, 0.00 uJdram
WorkloadPilot    2: 71904 op, 246092299.00 ns, 3.4225 us/op, 17300493.00 uJpkg, 0.00 uJdram
WorkloadPilot    3: 292192 op, 353047874.00 ns, 1.2083 us/op, 23234010.00 uJpkg, 0.00 uJdram
WorkloadPilot    4: 827632 op, 992921738.00 ns, 1.1997 us/op, 65706070.00 uJpkg, 0.00 uJdram
WorkloadPilot    5: 833536 op, 998215498.00 ns, 1.1976 us/op, 65705764.00 uJpkg, 0.00 uJdram
WorkloadPilot    6: 835040 op, 999238146.00 ns, 1.1966 us/op, 65840041.00 uJpkg, 0.00 uJdram
WorkloadPilot    7: 835680 op, 1002897852.00 ns, 1.2001 us/op, 66273878.00 uJpkg, 0.00 uJdram
WorkloadPilot    8: 833280 op, 998702275.00 ns, 1.1985 us/op, 66032912.00 uJpkg, 0.00 uJdram
WorkloadPilot    9: 834368 op, 1003173668.00 ns, 1.2023 us/op, 66116530.00 uJpkg, 0.00 uJdram
WorkloadPilot   10: 831728 op, 997777156.00 ns, 1.1996 us/op, 66581250.00 uJpkg, 0.00 uJdram
WorkloadPilot   11: 833584 op, 1001088672.00 ns, 1.2009 us/op, 66069166.00 uJpkg, 0.00 uJdram

OverheadWarmup   1: 833584 op, 2889764.00 ns, 3.4667 ns/op, 224486.00 uJpkg, 0.00 uJdram
OverheadWarmup   2: 833584 op, 2870035.00 ns, 3.4430 ns/op, 133850.00 uJpkg, 0.00 uJdram
OverheadWarmup   3: 833584 op, 2842543.00 ns, 3.4100 ns/op, 130615.00 uJpkg, 0.00 uJdram
OverheadWarmup   4: 833584 op, 2834619.00 ns, 3.4005 ns/op, 196349.00 uJpkg, 0.00 uJdram
OverheadWarmup   5: 833584 op, 2832834.00 ns, 3.3984 ns/op, 187805.00 uJpkg, 0.00 uJdram
OverheadWarmup   6: 833584 op, 2830584.00 ns, 3.3957 ns/op, 202331.00 uJpkg, 0.00 uJdram
OverheadWarmup   7: 833584 op, 2838081.00 ns, 3.4047 ns/op, 189819.00 uJpkg, 0.00 uJdram
OverheadWarmup   8: 833584 op, 2845095.00 ns, 3.4131 ns/op, 202637.00 uJpkg, 0.00 uJdram
OverheadWarmup   9: 833584 op, 2850241.00 ns, 3.4193 ns/op, 187683.00 uJpkg, 0.00 uJdram
OverheadWarmup  10: 833584 op, 2836761.00 ns, 3.4031 ns/op, 204406.00 uJpkg, 0.00 uJdram

OverheadActual   1: 833584 op, 2835705.00 ns, 3.4018 ns/op, 192870.00 uJpkg, 0.00 uJdram
OverheadActual   2: 833584 op, 2839206.00 ns, 3.4060 ns/op, 214232.00 uJpkg, 0.00 uJdram
OverheadActual   3: 833584 op, 2840732.00 ns, 3.4079 ns/op, 194519.00 uJpkg, 0.00 uJdram
OverheadActual   4: 833584 op, 2844932.00 ns, 3.4129 ns/op, 198241.00 uJpkg, 0.00 uJdram
OverheadActual   5: 833584 op, 2849265.00 ns, 3.4181 ns/op, 186523.00 uJpkg, 0.00 uJdram
OverheadActual   6: 833584 op, 2837136.00 ns, 3.4035 ns/op, 203186.00 uJpkg, 0.00 uJdram
OverheadActual   7: 833584 op, 2838323.00 ns, 3.4050 ns/op, 208557.00 uJpkg, 0.00 uJdram
OverheadActual   8: 833584 op, 2842269.00 ns, 3.4097 ns/op, 138428.00 uJpkg, 0.00 uJdram
OverheadActual   9: 833584 op, 2849566.00 ns, 3.4185 ns/op, 179748.00 uJpkg, 0.00 uJdram
OverheadActual  10: 833584 op, 2832226.00 ns, 3.3976 ns/op, 211609.00 uJpkg, 0.00 uJdram
OverheadActual  11: 833584 op, 2837864.00 ns, 3.4044 ns/op, 178528.00 uJpkg, 0.00 uJdram
OverheadActual  12: 833584 op, 2840139.00 ns, 3.4071 ns/op, 200256.00 uJpkg, 0.00 uJdram
OverheadActual  13: 833584 op, 2844905.00 ns, 3.4129 ns/op, 194519.00 uJpkg, 0.00 uJdram
OverheadActual  14: 833584 op, 2833558.00 ns, 3.3992 ns/op, 181335.00 uJpkg, 0.00 uJdram
OverheadActual  15: 833584 op, 2835336.00 ns, 3.4014 ns/op, 191589.00 uJpkg, 0.00 uJdram

WorkloadWarmup   1: 833584 op, 1002119719.00 ns, 1.2022 us/op, 67966012.00 uJpkg, 0.00 uJdram
WorkloadWarmup   2: 833584 op, 1001274146.00 ns, 1.2012 us/op, 65998977.00 uJpkg, 0.00 uJdram
WorkloadWarmup   3: 833584 op, 998947342.00 ns, 1.1984 us/op, 65962111.00 uJpkg, 0.00 uJdram
WorkloadWarmup   4: 833584 op, 1001840916.00 ns, 1.2018 us/op, 65877273.00 uJpkg, 0.00 uJdram
WorkloadWarmup   5: 833584 op, 996310088.00 ns, 1.1952 us/op, 65272233.00 uJpkg, 0.00 uJdram
WorkloadWarmup   6: 833584 op, 1002050180.00 ns, 1.2021 us/op, 66089125.00 uJpkg, 0.00 uJdram

// BeforeActualRun
WorkloadActual   1: 833584 op, 1000524363.00 ns, 1.2003 us/op, 66068007.00 uJpkg, 0.00 uJdram
WorkloadActual   2: 833584 op, 1001500481.00 ns, 1.2014 us/op, 66025466.00 uJpkg, 0.00 uJdram
WorkloadActual   3: 833584 op, 1000948915.00 ns, 1.2008 us/op, 66125014.00 uJpkg, 0.00 uJdram
WorkloadActual   4: 833584 op, 995114643.00 ns, 1.1938 us/op, 65779189.00 uJpkg, 0.00 uJdram
WorkloadActual   5: 833584 op, 999402143.00 ns, 1.1989 us/op, 65760696.00 uJpkg, 0.00 uJdram
WorkloadActual   6: 833584 op, 1001313481.00 ns, 1.2012 us/op, 65451187.00 uJpkg, 0.00 uJdram
WorkloadActual   7: 833584 op, 998866450.00 ns, 1.1983 us/op, 65654678.00 uJpkg, 0.00 uJdram
WorkloadActual   8: 833584 op, 995337704.00 ns, 1.1940 us/op, 65179277.00 uJpkg, 0.00 uJdram
WorkloadActual   9: 833584 op, 994690951.00 ns, 1.1933 us/op, 65255326.00 uJpkg, 0.00 uJdram
WorkloadActual  10: 833584 op, 1000846452.00 ns, 1.2007 us/op, 66373793.00 uJpkg, 0.00 uJdram
WorkloadActual  11: 833584 op, 998012631.00 ns, 1.1973 us/op, 65348282.00 uJpkg, 0.00 uJdram
WorkloadActual  12: 833584 op, 1001206697.00 ns, 1.2011 us/op, 65459854.00 uJpkg, 0.00 uJdram
WorkloadActual  13: 833584 op, 996701816.00 ns, 1.1957 us/op, 65448136.00 uJpkg, 0.00 uJdram
WorkloadActual  14: 833584 op, 995661753.00 ns, 1.1944 us/op, 65131181.00 uJpkg, 0.00 uJdram
WorkloadActual  15: 833584 op, 1003674595.00 ns, 1.2040 us/op, 65905593.00 uJpkg, 0.00 uJdram

// AfterActualRun
WorkloadResult   1: 833584 op, 997685157.00 ns, 1.1969 us/op, 66068007.00 uJpkg, 0.00 uJdram
WorkloadResult   2: 833584 op, 998661275.00 ns, 1.1980 us/op, 66025466.00 uJpkg, 0.00 uJdram
WorkloadResult   3: 833584 op, 998109709.00 ns, 1.1974 us/op, 66125014.00 uJpkg, 0.00 uJdram
WorkloadResult   4: 833584 op, 992275437.00 ns, 1.1904 us/op, 65779189.00 uJpkg, 0.00 uJdram
WorkloadResult   5: 833584 op, 996562937.00 ns, 1.1955 us/op, 65760696.00 uJpkg, 0.00 uJdram
WorkloadResult   6: 833584 op, 998474275.00 ns, 1.1978 us/op, 65451187.00 uJpkg, 0.00 uJdram
WorkloadResult   7: 833584 op, 996027244.00 ns, 1.1949 us/op, 65654678.00 uJpkg, 0.00 uJdram
WorkloadResult   8: 833584 op, 992498498.00 ns, 1.1906 us/op, 65179277.00 uJpkg, 0.00 uJdram
WorkloadResult   9: 833584 op, 991851745.00 ns, 1.1899 us/op, 65255326.00 uJpkg, 0.00 uJdram
WorkloadResult  10: 833584 op, 998007246.00 ns, 1.1972 us/op, 66373793.00 uJpkg, 0.00 uJdram
WorkloadResult  11: 833584 op, 995173425.00 ns, 1.1938 us/op, 65348282.00 uJpkg, 0.00 uJdram
WorkloadResult  12: 833584 op, 998367491.00 ns, 1.1977 us/op, 65459854.00 uJpkg, 0.00 uJdram
WorkloadResult  13: 833584 op, 993862610.00 ns, 1.1923 us/op, 65448136.00 uJpkg, 0.00 uJdram
WorkloadResult  14: 833584 op, 992822547.00 ns, 1.1910 us/op, 65131181.00 uJpkg, 0.00 uJdram
WorkloadResult  15: 833584 op, 1000835389.00 ns, 1.2006 us/op, 65905593.00 uJpkg, 0.00 uJdram

// AfterAll
// Benchmark Process 4060419 has exited with code 0.

Mean = 1.195 μs, StdErr = 0.001 μs (0.07%), N = 15, StdDev = 0.003 μs
Min = 1.190 μs, Q1 = 1.192 μs, Median = 1.196 μs, Q3 = 1.198 μs, Max = 1.201 μs
IQR = 0.006 μs, LowerFence = 1.183 μs, UpperFence = 1.206 μs
ConfidenceInterval = [1.191 μs; 1.199 μs] (CI 99.9%), Margin = 0.004 μs (0.30% of Mean)
Skewness = -0.16, Kurtosis = 1.54, MValue = 2

// ** Remained 0 (0.0%) benchmark(s) to run. Estimated finish 2025-12-31 20:27 (0h 0m from now) **
// ***** BenchmarkRunner: Finish  *****

// * Export *
  Helpers/../BenchmarkArtifacts/results/Serialization.Bench.JsonSerializationBenchmarks-report.csv
  Helpers/../BenchmarkArtifacts/results/Serialization.Bench.JsonSerializationBenchmarks-report-github.md
  Helpers/../BenchmarkArtifacts/results/Serialization.Bench.JsonSerializationBenchmarks-report.html
  Helpers/../BenchmarkArtifacts/results/Serialization.Bench.JsonSerializationBenchmarks-measurements.csv

// * Detailed results *
JsonSerializationBenchmarks.SpanJson_Deserialize_Large: Overhead-Fixed-Energy-6(OutlierMode=DontRemove, IterationCount=15, IterationTime=1s, LaunchCount=1, WarmupCount=6)
Runtime = .NET 8.0.21 (8.0.21, 8.0.2125.47513), X64 RyuJIT x86-64-v4; GC = Concurrent Workstation
Mean = 151.298 μs, StdErr = 0.059 μs (0.04%), N = 15, StdDev = 0.230 μs
Min = 150.932 μs, Q1 = 151.187 μs, Median = 151.239 μs, Q3 = 151.357 μs, Max = 151.971 μs
IQR = 0.170 μs, LowerFence = 150.932 μs, UpperFence = 151.612 μs
ConfidenceInterval = [151.052 μs; 151.544 μs] (CI 99.9%), Margin = 0.246 μs (0.16% of Mean)
Skewness = 1.41, Kurtosis = 5.38, MValue = 2
-------------------- Histogram --------------------
[150.809 μs ; 152.094 μs) | @@@@@@@@@@@@@@@
---------------------------------------------------

JsonSerializationBenchmarks.STJ_Deserialize_Large: Overhead-Fixed-Energy-6(OutlierMode=DontRemove, IterationCount=15, IterationTime=1s, LaunchCount=1, WarmupCount=6)
Runtime = .NET 8.0.21 (8.0.21, 8.0.2125.47513), X64 RyuJIT x86-64-v4; GC = Concurrent Workstation
Mean = 202.340 μs, StdErr = 0.132 μs (0.07%), N = 15, StdDev = 0.511 μs
Min = 202.012 μs, Q1 = 202.098 μs, Median = 202.185 μs, Q3 = 202.312 μs, Max = 204.108 μs
IQR = 0.215 μs, LowerFence = 201.776 μs, UpperFence = 202.634 μs
ConfidenceInterval = [201.794 μs; 202.887 μs] (CI 99.9%), Margin = 0.546 μs (0.27% of Mean)
Skewness = 2.71, Kurtosis = 9.57, MValue = 2
-------------------- Histogram --------------------
[201.740 μs ; 204.380 μs) | @@@@@@@@@@@@@@@
---------------------------------------------------

JsonSerializationBenchmarks.Jil_Deserialize_Large: Overhead-Fixed-Energy-6(OutlierMode=DontRemove, IterationCount=15, IterationTime=1s, LaunchCount=1, WarmupCount=6)
Runtime = .NET 8.0.21 (8.0.21, 8.0.2125.47513), X64 RyuJIT x86-64-v4; GC = Concurrent Workstation
Mean = 213.738 μs, StdErr = 0.060 μs (0.03%), N = 15, StdDev = 0.233 μs
Min = 213.017 μs, Q1 = 213.690 μs, Median = 213.742 μs, Q3 = 213.867 μs, Max = 214.039 μs
IQR = 0.177 μs, LowerFence = 213.426 μs, UpperFence = 214.132 μs
ConfidenceInterval = [213.489 μs; 213.987 μs] (CI 99.9%), Margin = 0.249 μs (0.12% of Mean)
Skewness = -1.77, Kurtosis = 6.35, MValue = 2
-------------------- Histogram --------------------
[212.893 μs ; 214.163 μs) | @@@@@@@@@@@@@@@
---------------------------------------------------

JsonSerializationBenchmarks.Newtonsoft_Deserialize_Large: Overhead-Fixed-Energy-6(OutlierMode=DontRemove, IterationCount=15, IterationTime=1s, LaunchCount=1, WarmupCount=6)
Runtime = .NET 8.0.21 (8.0.21, 8.0.2125.47513), X64 RyuJIT x86-64-v4; GC = Concurrent Workstation
Mean = 238.786 μs, StdErr = 0.070 μs (0.03%), N = 15, StdDev = 0.271 μs
Min = 238.380 μs, Q1 = 238.614 μs, Median = 238.705 μs, Q3 = 238.880 μs, Max = 239.392 μs
IQR = 0.265 μs, LowerFence = 238.216 μs, UpperFence = 239.278 μs
ConfidenceInterval = [238.496 μs; 239.076 μs] (CI 99.9%), Margin = 0.290 μs (0.12% of Mean)
Skewness = 0.81, Kurtosis = 2.72, MValue = 2
-------------------- Histogram --------------------
[238.236 μs ; 239.537 μs) | @@@@@@@@@@@@@@@
---------------------------------------------------

JsonSerializationBenchmarks.Utf8Json_Deserialize_Large: Overhead-Fixed-Energy-6(OutlierMode=DontRemove, IterationCount=15, IterationTime=1s, LaunchCount=1, WarmupCount=6)
Runtime = .NET 8.0.21 (8.0.21, 8.0.2125.47513), X64 RyuJIT x86-64-v4; GC = Concurrent Workstation
Mean = 279.799 μs, StdErr = 0.099 μs (0.04%), N = 15, StdDev = 0.384 μs
Min = 279.400 μs, Q1 = 279.629 μs, Median = 279.746 μs, Q3 = 279.858 μs, Max = 281.035 μs
IQR = 0.229 μs, LowerFence = 279.286 μs, UpperFence = 280.201 μs
ConfidenceInterval = [279.388 μs; 280.210 μs] (CI 99.9%), Margin = 0.411 μs (0.15% of Mean)
Skewness = 2.06, Kurtosis = 7.31, MValue = 2
-------------------- Histogram --------------------
[279.195 μs ; 281.240 μs) | @@@@@@@@@@@@@@@
---------------------------------------------------

JsonSerializationBenchmarks.SpanJson_Deserialize_Medium: Overhead-Fixed-Energy-6(OutlierMode=DontRemove, IterationCount=15, IterationTime=1s, LaunchCount=1, WarmupCount=6)
Runtime = .NET 8.0.21 (8.0.21, 8.0.2125.47513), X64 RyuJIT x86-64-v4; GC = Concurrent Workstation
Mean = 42.497 μs, StdErr = 0.007 μs (0.02%), N = 15, StdDev = 0.027 μs
Min = 42.443 μs, Q1 = 42.480 μs, Median = 42.496 μs, Q3 = 42.515 μs, Max = 42.542 μs
IQR = 0.036 μs, LowerFence = 42.426 μs, UpperFence = 42.569 μs
ConfidenceInterval = [42.468 μs; 42.525 μs] (CI 99.9%), Margin = 0.028 μs (0.07% of Mean)
Skewness = -0.16, Kurtosis = 2.11, MValue = 2
-------------------- Histogram --------------------
[42.429 μs ; 42.556 μs) | @@@@@@@@@@@@@@@
---------------------------------------------------

JsonSerializationBenchmarks.STJ_Deserialize_Medium: Overhead-Fixed-Energy-6(OutlierMode=DontRemove, IterationCount=15, IterationTime=1s, LaunchCount=1, WarmupCount=6)
Runtime = .NET 8.0.21 (8.0.21, 8.0.2125.47513), X64 RyuJIT x86-64-v4; GC = Concurrent Workstation
Mean = 52.948 μs, StdErr = 0.019 μs (0.04%), N = 15, StdDev = 0.075 μs
Min = 52.892 μs, Q1 = 52.908 μs, Median = 52.925 μs, Q3 = 52.947 μs, Max = 53.202 μs
IQR = 0.038 μs, LowerFence = 52.851 μs, UpperFence = 53.004 μs
ConfidenceInterval = [52.867 μs; 53.028 μs] (CI 99.9%), Margin = 0.081 μs (0.15% of Mean)
Skewness = 2.51, Kurtosis = 8.75, MValue = 2
-------------------- Histogram --------------------
[52.852 μs ; 53.242 μs) | @@@@@@@@@@@@@@@
---------------------------------------------------

JsonSerializationBenchmarks.Jil_Deserialize_Medium: Overhead-Fixed-Energy-6(OutlierMode=DontRemove, IterationCount=15, IterationTime=1s, LaunchCount=1, WarmupCount=6)
Runtime = .NET 8.0.21 (8.0.21, 8.0.2125.47513), X64 RyuJIT x86-64-v4; GC = Concurrent Workstation
Mean = 55.039 μs, StdErr = 0.025 μs (0.04%), N = 15, StdDev = 0.095 μs
Min = 54.910 μs, Q1 = 54.984 μs, Median = 55.021 μs, Q3 = 55.068 μs, Max = 55.298 μs
IQR = 0.084 μs, LowerFence = 54.859 μs, UpperFence = 55.193 μs
ConfidenceInterval = [54.937 μs; 55.141 μs] (CI 99.9%), Margin = 0.102 μs (0.18% of Mean)
Skewness = 1.2, Kurtosis = 4.09, MValue = 2
-------------------- Histogram --------------------
[54.859 μs ; 55.348 μs) | @@@@@@@@@@@@@@@
---------------------------------------------------

JsonSerializationBenchmarks.Utf8Json_Deserialize_Medium: Overhead-Fixed-Energy-6(OutlierMode=DontRemove, IterationCount=15, IterationTime=1s, LaunchCount=1, WarmupCount=6)
Runtime = .NET 8.0.21 (8.0.21, 8.0.2125.47513), X64 RyuJIT x86-64-v4; GC = Concurrent Workstation
Mean = 61.892 μs, StdErr = 0.025 μs (0.04%), N = 15, StdDev = 0.096 μs
Min = 61.739 μs, Q1 = 61.827 μs, Median = 61.908 μs, Q3 = 61.953 μs, Max = 62.051 μs
IQR = 0.126 μs, LowerFence = 61.638 μs, UpperFence = 62.142 μs
ConfidenceInterval = [61.790 μs; 61.994 μs] (CI 99.9%), Margin = 0.102 μs (0.16% of Mean)
Skewness = -0.16, Kurtosis = 1.68, MValue = 2
-------------------- Histogram --------------------
[61.688 μs ; 62.101 μs) | @@@@@@@@@@@@@@@
---------------------------------------------------

JsonSerializationBenchmarks.Newtonsoft_Deserialize_Medium: Overhead-Fixed-Energy-6(OutlierMode=DontRemove, IterationCount=15, IterationTime=1s, LaunchCount=1, WarmupCount=6)
Runtime = .NET 8.0.21 (8.0.21, 8.0.2125.47513), X64 RyuJIT x86-64-v4; GC = Concurrent Workstation
Mean = 67.852 μs, StdErr = 0.053 μs (0.08%), N = 15, StdDev = 0.205 μs
Min = 67.479 μs, Q1 = 67.758 μs, Median = 67.825 μs, Q3 = 67.963 μs, Max = 68.304 μs
IQR = 0.205 μs, LowerFence = 67.451 μs, UpperFence = 68.270 μs
ConfidenceInterval = [67.633 μs; 68.071 μs] (CI 99.9%), Margin = 0.219 μs (0.32% of Mean)
Skewness = 0.25, Kurtosis = 2.76, MValue = 2
-------------------- Histogram --------------------
[67.370 μs ; 68.413 μs) | @@@@@@@@@@@@@@@
---------------------------------------------------

JsonSerializationBenchmarks.SpanJson_Deserialize_Small: Overhead-Fixed-Energy-6(OutlierMode=DontRemove, IterationCount=15, IterationTime=1s, LaunchCount=1, WarmupCount=6)
Runtime = .NET 8.0.21 (8.0.21, 8.0.2125.47513), X64 RyuJIT x86-64-v4; GC = Concurrent Workstation
Mean = 1.158 μs, StdErr = 0.000 μs (0.04%), N = 15, StdDev = 0.002 μs
Min = 1.156 μs, Q1 = 1.157 μs, Median = 1.158 μs, Q3 = 1.159 μs, Max = 1.163 μs
IQR = 0.002 μs, LowerFence = 1.155 μs, UpperFence = 1.161 μs
ConfidenceInterval = [1.157 μs; 1.160 μs] (CI 99.9%), Margin = 0.002 μs (0.16% of Mean)
Skewness = 1.03, Kurtosis = 3.1, MValue = 2
-------------------- Histogram --------------------
[1.155 μs ; 1.164 μs) | @@@@@@@@@@@@@@@
---------------------------------------------------

JsonSerializationBenchmarks.STJ_Deserialize_Small: Overhead-Fixed-Energy-6(OutlierMode=DontRemove, IterationCount=15, IterationTime=1s, LaunchCount=1, WarmupCount=6)
Runtime = .NET 8.0.21 (8.0.21, 8.0.2125.47513), X64 RyuJIT x86-64-v4; GC = Concurrent Workstation
Mean = 1.979 μs, StdErr = 0.001 μs (0.03%), N = 15, StdDev = 0.002 μs
Min = 1.977 μs, Q1 = 1.979 μs, Median = 1.979 μs, Q3 = 1.980 μs, Max = 1.987 μs
IQR = 0.001 μs, LowerFence = 1.977 μs, UpperFence = 1.981 μs
ConfidenceInterval = [1.977 μs; 1.982 μs] (CI 99.9%), Margin = 0.002 μs (0.12% of Mean)
Skewness = 2.59, Kurtosis = 9.22, MValue = 2
-------------------- Histogram --------------------
[1.976 μs ; 1.988 μs) | @@@@@@@@@@@@@@@
---------------------------------------------------

JsonSerializationBenchmarks.Utf8Json_Deserialize_Small: Overhead-Fixed-Energy-6(OutlierMode=DontRemove, IterationCount=15, IterationTime=1s, LaunchCount=1, WarmupCount=6)
Runtime = .NET 8.0.21 (8.0.21, 8.0.2125.47513), X64 RyuJIT x86-64-v4; GC = Concurrent Workstation
Mean = 2.026 μs, StdErr = 0.001 μs (0.04%), N = 15, StdDev = 0.003 μs
Min = 2.022 μs, Q1 = 2.025 μs, Median = 2.025 μs, Q3 = 2.027 μs, Max = 2.032 μs
IQR = 0.002 μs, LowerFence = 2.022 μs, UpperFence = 2.030 μs
ConfidenceInterval = [2.023 μs; 2.030 μs] (CI 99.9%), Margin = 0.003 μs (0.16% of Mean)
Skewness = 0.94, Kurtosis = 2.42, MValue = 2
-------------------- Histogram --------------------
[2.021 μs ; 2.034 μs) | @@@@@@@@@@@@@@@
---------------------------------------------------

JsonSerializationBenchmarks.Jil_Deserialize_Small: Overhead-Fixed-Energy-6(OutlierMode=DontRemove, IterationCount=15, IterationTime=1s, LaunchCount=1, WarmupCount=6)
Runtime = .NET 8.0.21 (8.0.21, 8.0.2125.47513), X64 RyuJIT x86-64-v4; GC = Concurrent Workstation
Mean = 2.270 μs, StdErr = 0.001 μs (0.05%), N = 15, StdDev = 0.005 μs
Min = 2.266 μs, Q1 = 2.268 μs, Median = 2.269 μs, Q3 = 2.270 μs, Max = 2.285 μs
IQR = 0.002 μs, LowerFence = 2.265 μs, UpperFence = 2.272 μs
ConfidenceInterval = [2.265 μs; 2.275 μs] (CI 99.9%), Margin = 0.005 μs (0.22% of Mean)
Skewness = 2.2, Kurtosis = 7.11, MValue = 2
-------------------- Histogram --------------------
[2.264 μs ; 2.287 μs) | @@@@@@@@@@@@@@@
---------------------------------------------------

JsonSerializationBenchmarks.Newtonsoft_Deserialize_Small: Overhead-Fixed-Energy-6(OutlierMode=DontRemove, IterationCount=15, IterationTime=1s, LaunchCount=1, WarmupCount=6)
Runtime = .NET 8.0.21 (8.0.21, 8.0.2125.47513), X64 RyuJIT x86-64-v4; GC = Concurrent Workstation
Mean = 3.463 μs, StdErr = 0.001 μs (0.03%), N = 15, StdDev = 0.004 μs
Min = 3.460 μs, Q1 = 3.462 μs, Median = 3.462 μs, Q3 = 3.463 μs, Max = 3.475 μs
IQR = 0.001 μs, LowerFence = 3.460 μs, UpperFence = 3.465 μs
ConfidenceInterval = [3.459 μs; 3.467 μs] (CI 99.9%), Margin = 0.004 μs (0.11% of Mean)
Skewness = 2.42, Kurtosis = 8.51, MValue = 2
-------------------- Histogram --------------------
[3.458 μs ; 3.477 μs) | @@@@@@@@@@@@@@@
---------------------------------------------------

JsonSerializationBenchmarks.SpanJson_Serialize_Large: Overhead-Fixed-Energy-6(OutlierMode=DontRemove, IterationCount=15, IterationTime=1s, LaunchCount=1, WarmupCount=6)
Runtime = .NET 8.0.21 (8.0.21, 8.0.2125.47513), X64 RyuJIT x86-64-v4; GC = Concurrent Workstation
Mean = 164.773 μs, StdErr = 0.196 μs (0.12%), N = 15, StdDev = 0.759 μs
Min = 163.718 μs, Q1 = 164.089 μs, Median = 165.068 μs, Q3 = 165.389 μs, Max = 165.792 μs
IQR = 1.299 μs, LowerFence = 162.140 μs, UpperFence = 167.338 μs
ConfidenceInterval = [163.962 μs; 165.584 μs] (CI 99.9%), Margin = 0.811 μs (0.49% of Mean)
Skewness = -0.15, Kurtosis = 1.25, MValue = 2
-------------------- Histogram --------------------
[163.315 μs ; 166.196 μs) | @@@@@@@@@@@@@@@
---------------------------------------------------

JsonSerializationBenchmarks.STJ_Serialize_Large: Overhead-Fixed-Energy-6(OutlierMode=DontRemove, IterationCount=15, IterationTime=1s, LaunchCount=1, WarmupCount=6)
Runtime = .NET 8.0.21 (8.0.21, 8.0.2125.47513), X64 RyuJIT x86-64-v4; GC = Concurrent Workstation
Mean = 187.358 μs, StdErr = 0.078 μs (0.04%), N = 15, StdDev = 0.300 μs
Min = 187.055 μs, Q1 = 187.135 μs, Median = 187.271 μs, Q3 = 187.509 μs, Max = 188.163 μs
IQR = 0.374 μs, LowerFence = 186.574 μs, UpperFence = 188.069 μs
ConfidenceInterval = [187.037 μs; 187.679 μs] (CI 99.9%), Margin = 0.321 μs (0.17% of Mean)
Skewness = 1.15, Kurtosis = 3.79, MValue = 2
-------------------- Histogram --------------------
[186.895 μs ; 188.322 μs) | @@@@@@@@@@@@@@@
---------------------------------------------------

JsonSerializationBenchmarks.Jil_Serialize_Large: Overhead-Fixed-Energy-6(OutlierMode=DontRemove, IterationCount=15, IterationTime=1s, LaunchCount=1, WarmupCount=6)
Runtime = .NET 8.0.21 (8.0.21, 8.0.2125.47513), X64 RyuJIT x86-64-v4; GC = Concurrent Workstation
Mean = 283.792 μs, StdErr = 0.111 μs (0.04%), N = 15, StdDev = 0.428 μs
Min = 283.278 μs, Q1 = 283.588 μs, Median = 283.799 μs, Q3 = 283.908 μs, Max = 285.113 μs
IQR = 0.321 μs, LowerFence = 283.106 μs, UpperFence = 284.390 μs
ConfidenceInterval = [283.334 μs; 284.250 μs] (CI 99.9%), Margin = 0.458 μs (0.16% of Mean)
Skewness = 1.68, Kurtosis = 6.34, MValue = 2
-------------------- Histogram --------------------
[283.050 μs ; 285.340 μs) | @@@@@@@@@@@@@@@
---------------------------------------------------

JsonSerializationBenchmarks.Utf8Json_Serialize_Large: Overhead-Fixed-Energy-6(OutlierMode=DontRemove, IterationCount=15, IterationTime=1s, LaunchCount=1, WarmupCount=6)
Runtime = .NET 8.0.21 (8.0.21, 8.0.2125.47513), X64 RyuJIT x86-64-v4; GC = Concurrent Workstation
Mean = 293.937 μs, StdErr = 0.667 μs (0.23%), N = 15, StdDev = 2.581 μs
Min = 291.792 μs, Q1 = 292.561 μs, Median = 292.975 μs, Q3 = 294.263 μs, Max = 302.341 μs
IQR = 1.702 μs, LowerFence = 290.008 μs, UpperFence = 296.816 μs
ConfidenceInterval = [291.177 μs; 296.696 μs] (CI 99.9%), Margin = 2.760 μs (0.94% of Mean)
Skewness = 2.23, Kurtosis = 7.59, MValue = 2
-------------------- Histogram --------------------
[290.418 μs ; 296.439 μs) | @@@@@@@@@@@@@@
[296.439 μs ; 303.714 μs) | @
---------------------------------------------------

JsonSerializationBenchmarks.Newtonsoft_Serialize_Large: Overhead-Fixed-Energy-6(OutlierMode=DontRemove, IterationCount=15, IterationTime=1s, LaunchCount=1, WarmupCount=6)
Runtime = .NET 8.0.21 (8.0.21, 8.0.2125.47513), X64 RyuJIT x86-64-v4; GC = Concurrent Workstation
Mean = 303.014 μs, StdErr = 0.128 μs (0.04%), N = 15, StdDev = 0.498 μs
Min = 302.170 μs, Q1 = 302.837 μs, Median = 302.929 μs, Q3 = 303.213 μs, Max = 304.102 μs
IQR = 0.376 μs, LowerFence = 302.273 μs, UpperFence = 303.777 μs
ConfidenceInterval = [302.482 μs; 303.546 μs] (CI 99.9%), Margin = 0.532 μs (0.18% of Mean)
Skewness = 0.42, Kurtosis = 2.86, MValue = 2
-------------------- Histogram --------------------
[301.905 μs ; 304.367 μs) | @@@@@@@@@@@@@@@
---------------------------------------------------

JsonSerializationBenchmarks.Jil_Serialize_Medium: Overhead-Fixed-Energy-6(OutlierMode=DontRemove, IterationCount=15, IterationTime=1s, LaunchCount=1, WarmupCount=6)
Runtime = .NET 8.0.21 (8.0.21, 8.0.2125.47513), X64 RyuJIT x86-64-v4; GC = Concurrent Workstation
Mean = 37.228 μs, StdErr = 0.017 μs (0.05%), N = 15, StdDev = 0.067 μs
Min = 37.078 μs, Q1 = 37.191 μs, Median = 37.242 μs, Q3 = 37.273 μs, Max = 37.319 μs
IQR = 0.082 μs, LowerFence = 37.067 μs, UpperFence = 37.396 μs
ConfidenceInterval = [37.156 μs; 37.301 μs] (CI 99.9%), Margin = 0.072 μs (0.19% of Mean)
Skewness = -0.73, Kurtosis = 2.48, MValue = 2
-------------------- Histogram --------------------
[37.042 μs ; 37.355 μs) | @@@@@@@@@@@@@@@
---------------------------------------------------

JsonSerializationBenchmarks.SpanJson_Serialize_Medium: Overhead-Fixed-Energy-6(OutlierMode=DontRemove, IterationCount=15, IterationTime=1s, LaunchCount=1, WarmupCount=6)
Runtime = .NET 8.0.21 (8.0.21, 8.0.2125.47513), X64 RyuJIT x86-64-v4; GC = Concurrent Workstation
Mean = 40.317 μs, StdErr = 0.065 μs (0.16%), N = 15, StdDev = 0.252 μs
Min = 39.933 μs, Q1 = 40.156 μs, Median = 40.266 μs, Q3 = 40.502 μs, Max = 40.856 μs
IQR = 0.345 μs, LowerFence = 39.638 μs, UpperFence = 41.020 μs
ConfidenceInterval = [40.048 μs; 40.587 μs] (CI 99.9%), Margin = 0.269 μs (0.67% of Mean)
Skewness = 0.29, Kurtosis = 2.25, MValue = 2
-------------------- Histogram --------------------
[39.846 μs ; 40.990 μs) | @@@@@@@@@@@@@@@
---------------------------------------------------

JsonSerializationBenchmarks.STJ_Serialize_Medium: Overhead-Fixed-Energy-6(OutlierMode=DontRemove, IterationCount=15, IterationTime=1s, LaunchCount=1, WarmupCount=6)
Runtime = .NET 8.0.21 (8.0.21, 8.0.2125.47513), X64 RyuJIT x86-64-v4; GC = Concurrent Workstation
Mean = 47.556 μs, StdErr = 0.020 μs (0.04%), N = 15, StdDev = 0.076 μs
Min = 47.422 μs, Q1 = 47.517 μs, Median = 47.552 μs, Q3 = 47.604 μs, Max = 47.697 μs
IQR = 0.088 μs, LowerFence = 47.386 μs, UpperFence = 47.736 μs
ConfidenceInterval = [47.474 μs; 47.638 μs] (CI 99.9%), Margin = 0.082 μs (0.17% of Mean)
Skewness = -0.05, Kurtosis = 2.05, MValue = 2
-------------------- Histogram --------------------
[47.381 μs ; 47.738 μs) | @@@@@@@@@@@@@@@
---------------------------------------------------

JsonSerializationBenchmarks.Newtonsoft_Serialize_Medium: Overhead-Fixed-Energy-6(OutlierMode=DontRemove, IterationCount=15, IterationTime=1s, LaunchCount=1, WarmupCount=6)
Runtime = .NET 8.0.21 (8.0.21, 8.0.2125.47513), X64 RyuJIT x86-64-v4; GC = Concurrent Workstation
Mean = 52.731 μs, StdErr = 0.034 μs (0.06%), N = 15, StdDev = 0.132 μs
Min = 52.518 μs, Q1 = 52.654 μs, Median = 52.718 μs, Q3 = 52.810 μs, Max = 52.979 μs
IQR = 0.156 μs, LowerFence = 52.419 μs, UpperFence = 53.045 μs
ConfidenceInterval = [52.590 μs; 52.872 μs] (CI 99.9%), Margin = 0.141 μs (0.27% of Mean)
Skewness = 0.29, Kurtosis = 2.08, MValue = 2
-------------------- Histogram --------------------
[52.448 μs ; 53.049 μs) | @@@@@@@@@@@@@@@
---------------------------------------------------

JsonSerializationBenchmarks.Utf8Json_Serialize_Medium: Overhead-Fixed-Energy-6(OutlierMode=DontRemove, IterationCount=15, IterationTime=1s, LaunchCount=1, WarmupCount=6)
Runtime = .NET 8.0.21 (8.0.21, 8.0.2125.47513), X64 RyuJIT x86-64-v4; GC = Concurrent Workstation
Mean = 59.821 μs, StdErr = 0.311 μs (0.52%), N = 15, StdDev = 1.206 μs
Min = 58.018 μs, Q1 = 59.016 μs, Median = 60.179 μs, Q3 = 60.612 μs, Max = 62.165 μs
IQR = 1.596 μs, LowerFence = 56.621 μs, UpperFence = 63.006 μs
ConfidenceInterval = [58.531 μs; 61.110 μs] (CI 99.9%), Margin = 1.289 μs (2.16% of Mean)
Skewness = 0.05, Kurtosis = 1.88, MValue = 2
-------------------- Histogram --------------------
[57.376 μs ; 59.417 μs) | @@@@@@@
[59.417 μs ; 61.229 μs) | @@@@@@@
[61.229 μs ; 62.807 μs) | @
---------------------------------------------------

JsonSerializationBenchmarks.Utf8Json_Serialize_Small: Overhead-Fixed-Energy-6(OutlierMode=DontRemove, IterationCount=15, IterationTime=1s, LaunchCount=1, WarmupCount=6)
Runtime = .NET 8.0.21 (8.0.21, 8.0.2125.47513), X64 RyuJIT x86-64-v4; GC = Concurrent Workstation
Mean = 965.178 ns, StdErr = 0.287 ns (0.03%), N = 15, StdDev = 1.113 ns
Min = 962.368 ns, Q1 = 964.754 ns, Median = 965.000 ns, Q3 = 965.737 ns, Max = 967.647 ns
IQR = 0.982 ns, LowerFence = 963.281 ns, UpperFence = 967.210 ns
ConfidenceInterval = [963.988 ns; 966.368 ns] (CI 99.9%), Margin = 1.190 ns (0.12% of Mean)
Skewness = -0.33, Kurtosis = 4.38, MValue = 2
-------------------- Histogram --------------------
[961.775 ns ; 968.239 ns) | @@@@@@@@@@@@@@@
---------------------------------------------------

JsonSerializationBenchmarks.SpanJson_Serialize_Small: Overhead-Fixed-Energy-6(OutlierMode=DontRemove, IterationCount=15, IterationTime=1s, LaunchCount=1, WarmupCount=6)
Runtime = .NET 8.0.21 (8.0.21, 8.0.2125.47513), X64 RyuJIT x86-64-v4; GC = Concurrent Workstation
Mean = 1.195 μs, StdErr = 0.001 μs (0.07%), N = 15, StdDev = 0.003 μs
Min = 1.190 μs, Q1 = 1.192 μs, Median = 1.196 μs, Q3 = 1.198 μs, Max = 1.201 μs
IQR = 0.006 μs, LowerFence = 1.183 μs, UpperFence = 1.206 μs
ConfidenceInterval = [1.191 μs; 1.199 μs] (CI 99.9%), Margin = 0.004 μs (0.30% of Mean)
Skewness = -0.16, Kurtosis = 1.54, MValue = 2
-------------------- Histogram --------------------
[1.188 μs ; 1.202 μs) | @@@@@@@@@@@@@@@
---------------------------------------------------

JsonSerializationBenchmarks.STJ_Serialize_Small: Overhead-Fixed-Energy-6(OutlierMode=DontRemove, IterationCount=15, IterationTime=1s, LaunchCount=1, WarmupCount=6)
Runtime = .NET 8.0.21 (8.0.21, 8.0.2125.47513), X64 RyuJIT x86-64-v4; GC = Concurrent Workstation
Mean = 1.287 μs, StdErr = 0.000 μs (0.01%), N = 15, StdDev = 0.001 μs
Min = 1.285 μs, Q1 = 1.287 μs, Median = 1.287 μs, Q3 = 1.287 μs, Max = 1.288 μs
IQR = 0.001 μs, LowerFence = 1.286 μs, UpperFence = 1.289 μs
ConfidenceInterval = [1.286 μs; 1.288 μs] (CI 99.9%), Margin = 0.001 μs (0.05% of Mean)
Skewness = -1.01, Kurtosis = 3.55, MValue = 2
-------------------- Histogram --------------------
[1.285 μs ; 1.288 μs) | @@@@@@@@@@@@@@@
---------------------------------------------------

JsonSerializationBenchmarks.Jil_Serialize_Small: Overhead-Fixed-Energy-6(OutlierMode=DontRemove, IterationCount=15, IterationTime=1s, LaunchCount=1, WarmupCount=6)
Runtime = .NET 8.0.21 (8.0.21, 8.0.2125.47513), X64 RyuJIT x86-64-v4; GC = Concurrent Workstation
Mean = 1.718 μs, StdErr = 0.001 μs (0.04%), N = 15, StdDev = 0.003 μs
Min = 1.711 μs, Q1 = 1.717 μs, Median = 1.719 μs, Q3 = 1.720 μs, Max = 1.722 μs
IQR = 0.003 μs, LowerFence = 1.713 μs, UpperFence = 1.724 μs
ConfidenceInterval = [1.716 μs; 1.721 μs] (CI 99.9%), Margin = 0.003 μs (0.16% of Mean)
Skewness = -1.05, Kurtosis = 4.1, MValue = 2
-------------------- Histogram --------------------
[1.710 μs ; 1.724 μs) | @@@@@@@@@@@@@@@
---------------------------------------------------

JsonSerializationBenchmarks.Newtonsoft_Serialize_Small: Overhead-Fixed-Energy-6(OutlierMode=DontRemove, IterationCount=15, IterationTime=1s, LaunchCount=1, WarmupCount=6)
Runtime = .NET 8.0.21 (8.0.21, 8.0.2125.47513), X64 RyuJIT x86-64-v4; GC = Concurrent Workstation
Mean = 2.237 μs, StdErr = 0.002 μs (0.09%), N = 15, StdDev = 0.008 μs
Min = 2.223 μs, Q1 = 2.233 μs, Median = 2.236 μs, Q3 = 2.241 μs, Max = 2.254 μs
IQR = 0.008 μs, LowerFence = 2.220 μs, UpperFence = 2.253 μs
ConfidenceInterval = [2.228 μs; 2.245 μs] (CI 99.9%), Margin = 0.008 μs (0.38% of Mean)
Skewness = 0.29, Kurtosis = 2.6, MValue = 2
-------------------- Histogram --------------------
[2.218 μs ; 2.258 μs) | @@@@@@@@@@@@@@@
---------------------------------------------------

// * Summary *

BenchmarkDotNet v0.15.5-develop (2025-12-31), Linux Ubuntu 24.04.3 LTS (Noble Numbat)
11th Gen Intel Core i7-11700KF 3.60GHz (Max: 0.80GHz), 1 CPU, 16 logical and 8 physical cores
.NET SDK 8.0.121
  [Host]                  : .NET 8.0.21 (8.0.21, 8.0.2125.47513), X64 RyuJIT x86-64-v4
  Overhead-Fixed-Energy-6 : .NET 8.0.21 (8.0.21, 8.0.2125.47513), X64 RyuJIT x86-64-v4

Job=Overhead-Fixed-Energy-6  OutlierMode=DontRemove  IterationCount=15  
IterationTime=1s  LaunchCount=1  WarmupCount=6  

| Method                        | Mean         | Error       | StdDev      | Operations | Iterations | Ratio | MannWhitney(3%) | RatioSD | Rank | Package Energy (uJ/op) | Package Energy (uJ/iter) |
|------------------------------ |-------------:|------------:|------------:|-----------:|-----------:|------:|---------------- |--------:|-----:|-----------------------:|-------------------------:|
| SpanJson_Deserialize_Large    | 151,298.3 ns |   246.05 ns |   230.16 ns |      6,628 |      15.00 |  0.75 | Faster          |    0.00 |    1 |            12386.63 uj |           82098585.40 uj |
| STJ_Deserialize_Large         | 202,340.3 ns |   546.46 ns |   511.16 ns |      4,960 |      15.00 |  1.00 | Baseline        |    0.00 |    2 |            16719.02 uj |           82926362.40 uj |
| Jil_Deserialize_Large         | 213,737.9 ns |   249.19 ns |   233.09 ns |      4,698 |      15.00 |  1.06 | Slower          |    0.00 |    3 |            17763.13 uj |           83451190.27 uj |
| Newtonsoft_Deserialize_Large  | 238,786.3 ns |   289.94 ns |   271.21 ns |      4,208 |      15.00 |  1.18 | Slower          |    0.00 |    4 |            20235.88 uj |           85152569.47 uj |
| Utf8Json_Deserialize_Large    | 279,798.6 ns |   411.00 ns |   384.45 ns |      3,600 |      15.00 |  1.38 | Slower          |    0.00 |    5 |            22864.04 uj |           82310543.60 uj |
|                               |              |             |             |            |            |       |                 |         |      |                        |                          |
| SpanJson_Deserialize_Medium   |  42,496.8 ns |    28.38 ns |    26.55 ns |     23,586 |      15.00 |  0.80 | Faster          |    0.00 |    1 |             3488.06 uj |           82269393.67 uj |
| STJ_Deserialize_Medium        |  52,947.6 ns |    80.51 ns |    75.30 ns |     18,880 |      15.00 |  1.00 | Baseline        |    0.00 |    2 |             4447.02 uj |           83959819.27 uj |
| Jil_Deserialize_Medium        |  55,039.3 ns |   101.78 ns |    95.21 ns |     18,089 |      15.00 |  1.04 | Slower          |    0.00 |    3 |             4427.79 uj |           80094379.07 uj |
| Utf8Json_Deserialize_Medium   |  61,892.0 ns |   102.12 ns |    95.52 ns |     16,224 |      15.00 |  1.17 | Slower          |    0.00 |    4 |             5198.65 uj |           84342887.20 uj |
| Newtonsoft_Deserialize_Medium |  67,852.2 ns |   219.25 ns |   205.09 ns |     14,848 |      15.00 |  1.28 | Slower          |    0.00 |    5 |             5772.31 uj |           85707267.73 uj |
|                               |              |             |             |            |            |       |                 |         |      |                        |                          |
| SpanJson_Deserialize_Small    |   1,158.4 ns |     1.90 ns |     1.77 ns |    859,888 |      15.00 |  0.59 | Faster          |    0.00 |    1 |               98.58 uj |           84768073.20 uj |
| STJ_Deserialize_Small         |   1,979.4 ns |     2.36 ns |     2.21 ns |    504,528 |      15.00 |  1.00 | Baseline        |    0.00 |    2 |              175.06 uj |           88320558.20 uj |
| Utf8Json_Deserialize_Small    |   2,026.5 ns |     3.26 ns |     3.05 ns |    492,240 |      15.00 |  1.02 | Same            |    0.00 |    3 |              170.88 uj |           84115100.53 uj |
| Jil_Deserialize_Small         |   2,270.1 ns |     4.92 ns |     4.60 ns |    440,725 |      15.00 |  1.15 | Slower          |    0.00 |    4 |              192.43 uj |           84808885.27 uj |
| Newtonsoft_Deserialize_Small  |   3,463.2 ns |     3.89 ns |     3.64 ns |    288,416 |      15.00 |  1.75 | Slower          |    0.00 |    5 |              301.09 uj |           86838872.80 uj |
|                               |              |             |             |            |            |       |                 |         |      |                        |                          |
| SpanJson_Serialize_Large      | 164,772.9 ns |   811.07 ns |   758.68 ns |      6,121 |      15.00 |  0.88 | Faster          |    0.00 |    1 |            12083.24 uj |           73961488.67 uj |
| STJ_Serialize_Large           | 187,358.2 ns |   320.96 ns |   300.22 ns |      5,376 |      15.00 |  1.00 | Baseline        |    0.00 |    2 |            17420.14 uj |           93650663.73 uj |
| Jil_Serialize_Large           | 283,792.0 ns |   457.66 ns |   428.09 ns |      3,533 |      15.00 |  1.51 | Slower          |    0.00 |    3 |            24357.10 uj |           86053616.80 uj |
| Utf8Json_Serialize_Large      | 293,936.6 ns | 2,759.74 ns | 2,581.47 ns |      3,424 |      15.00 |  1.57 | Slower          |    0.01 |    4 |            27919.93 uj |           95597830.67 uj |
| Newtonsoft_Serialize_Large    | 303,014.1 ns |   531.90 ns |   497.54 ns |      3,312 |      15.00 |  1.62 | Slower          |    0.00 |    5 |            25524.94 uj |           84538614.27 uj |
|                               |              |             |             |            |            |       |                 |         |      |                        |                          |
| Jil_Serialize_Medium          |  37,228.5 ns |    72.11 ns |    67.45 ns |     26,936 |      15.00 |  0.78 | Faster          |    0.00 |    1 |             3165.23 uj |           85258676.53 uj |
| SpanJson_Serialize_Medium     |  40,317.4 ns |   269.33 ns |   251.94 ns |     25,034 |      15.00 |  0.85 | Faster          |    0.01 |    2 |             2573.21 uj |           64417644.87 uj |
| STJ_Serialize_Medium          |  47,556.1 ns |    81.66 ns |    76.39 ns |     21,040 |      15.00 |  1.00 | Baseline        |    0.00 |    3 |             4140.68 uj |           87119898.33 uj |
| Newtonsoft_Serialize_Medium   |  52,730.8 ns |   141.05 ns |   131.94 ns |     19,056 |      15.00 |  1.11 | Slower          |    0.00 |    4 |             4494.15 uj |           85640442.33 uj |
| Utf8Json_Serialize_Medium     |  59,820.6 ns | 1,289.34 ns | 1,206.05 ns |     16,768 |      15.00 |  1.26 | Slower          |    0.02 |    5 |             4872.58 uj |           81703440.80 uj |
|                               |              |             |             |            |            |       |                 |         |      |                        |                          |
| Utf8Json_Serialize_Small      |     965.2 ns |     1.19 ns |     1.11 ns |  1,040,880 |      15.00 |  0.75 | Faster          |    0.00 |    1 |               83.46 uj |           86869984.47 uj |
| SpanJson_Serialize_Small      |   1,194.9 ns |     3.63 ns |     3.40 ns |    833,584 |      15.00 |  0.93 | Faster          |    0.00 |    2 |               78.77 uj |           65664378.60 uj |
| STJ_Serialize_Small           |   1,287.0 ns |     0.67 ns |     0.62 ns |    780,544 |      15.00 |  1.00 | Baseline        |    0.00 |    3 |              113.40 uj |           88511357.93 uj |
| Jil_Serialize_Small           |   1,718.5 ns |     2.80 ns |     2.62 ns |    585,363 |      15.00 |  1.34 | Slower          |    0.00 |    4 |              151.98 uj |           88964490.00 uj |
| Newtonsoft_Serialize_Small    |   2,236.8 ns |     8.40 ns |     7.86 ns |    450,208 |      15.00 |  1.74 | Slower          |    0.01 |    5 |              198.33 uj |           89288072.93 uj |

// * Hints *
Outliers
  JsonSerializationBenchmarks.SpanJson_Deserialize_Large: Overhead-Fixed-Energy-6    -> 2 outliers were detected (150.93 μs, 151.97 μs)
  JsonSerializationBenchmarks.STJ_Deserialize_Large: Overhead-Fixed-Energy-6         -> 1 outlier  was  detected (204.11 μs)
  JsonSerializationBenchmarks.Jil_Deserialize_Large: Overhead-Fixed-Energy-6         -> 1 outlier  was  detected (213.02 μs)
  JsonSerializationBenchmarks.Newtonsoft_Deserialize_Large: Overhead-Fixed-Energy-6  -> 1 outlier  was  detected (239.40 μs)
  JsonSerializationBenchmarks.Utf8Json_Deserialize_Large: Overhead-Fixed-Energy-6    -> 1 outlier  was  detected (281.04 μs)
  JsonSerializationBenchmarks.STJ_Deserialize_Medium: Overhead-Fixed-Energy-6        -> 1 outlier  was  detected (53.21 μs)
  JsonSerializationBenchmarks.Jil_Deserialize_Medium: Overhead-Fixed-Energy-6        -> 1 outlier  was  detected (55.30 μs)
  JsonSerializationBenchmarks.Newtonsoft_Deserialize_Medium: Overhead-Fixed-Energy-6 -> 1 outlier  was  detected (68.31 μs)
  JsonSerializationBenchmarks.SpanJson_Deserialize_Small: Overhead-Fixed-Energy-6    -> 2 outliers were detected (1.17 μs, 1.17 μs)
  JsonSerializationBenchmarks.STJ_Deserialize_Small: Overhead-Fixed-Energy-6         -> 1 outlier  was  detected (1.99 μs)
  JsonSerializationBenchmarks.Utf8Json_Deserialize_Small: Overhead-Fixed-Energy-6    -> 3 outliers were detected (2.03 μs..2.04 μs)
  JsonSerializationBenchmarks.Jil_Deserialize_Small: Overhead-Fixed-Energy-6         -> 2 outliers were detected (2.28 μs, 2.28 μs)
  JsonSerializationBenchmarks.Newtonsoft_Deserialize_Small: Overhead-Fixed-Energy-6  -> 1 outlier  was  detected (3.48 μs)
  JsonSerializationBenchmarks.STJ_Serialize_Large: Overhead-Fixed-Energy-6           -> 1 outlier  was  detected (188.17 μs)
  JsonSerializationBenchmarks.Jil_Serialize_Large: Overhead-Fixed-Energy-6           -> 1 outlier  was  detected (285.11 μs)
  JsonSerializationBenchmarks.Utf8Json_Serialize_Large: Overhead-Fixed-Energy-6      -> 1 outlier  was  detected (302.34 μs)
  JsonSerializationBenchmarks.Newtonsoft_Serialize_Large: Overhead-Fixed-Energy-6    -> 4 outliers were detected (302.17 μs, 302.27 μs, 303.80 μs, 304.11 μs)
  JsonSerializationBenchmarks.Utf8Json_Serialize_Small: Overhead-Fixed-Energy-6      -> 2 outliers were detected (965.78 ns, 971.06 ns)
  JsonSerializationBenchmarks.STJ_Serialize_Small: Overhead-Fixed-Energy-6           -> 1 outlier  was  detected (1.29 μs)
  JsonSerializationBenchmarks.Jil_Serialize_Small: Overhead-Fixed-Energy-6           -> 1 outlier  was  detected (1.71 μs)
  JsonSerializationBenchmarks.Newtonsoft_Serialize_Small: Overhead-Fixed-Energy-6    -> 1 outlier  was  detected (2.26 μs)

// * Legends *
  Mean                     : Arithmetic mean of all measurements
  Error                    : Half of 99.9% confidence interval
  StdDev                   : Standard deviation of all measurements
  Operations               : Actual invocations per measured iteration (from measurements)
  Iterations               : Number of target iterations
  Ratio                    : Mean of the ratio distribution ([Current]/[Baseline])
  MannWhitney(3%)          : MannWhitney-based equivalence test (threshold=3%, alpha = 1E-05)
  RatioSD                  : Standard deviation of the ratio distribution ([Current]/[Baseline])
  Rank                     : Relative position of current benchmark mean among all benchmarks (Arabic style)
  Package Energy (uJ/op)   : Average CPU package energy consumed per operation (µJ).
  Package Energy (uJ/iter) : Average CPU package energy consumed per benchmark iteration (µJ).
  1 ns                     : 1 Nanosecond (0.000000001 sec)

// * Diagnostic Output - EnergyDiagnoser *


// ***** BenchmarkRunner: End *****
Run time: 00:13:57 (837.44 sec), executed benchmarks: 30

Global total time: 00:14:09 (849.36 sec), executed benchmarks: 30
// * Artifacts cleanup *
Artifacts cleanup is finished
