// Validating benchmarks:
// ***** BenchmarkRunner: Start   *****
// ***** Found 30 benchmark(s) in total *****
// ***** Building 1 exe(s) in Parallel: Start   *****
// start dotnet  restore --nodeReuse:false /p:UseSharedCompilation=false /p:Deterministic=true /p:Optimize=true /p:ArtifactsPath="/home/test/rapl-tests/lib-energy-bench/src/Serialization.Bench/bin/Release/net8.0/Serialization.Bench-Overhead-Fixed-Energy-10-1/" /p:OutDir="/home/test/rapl-tests/lib-energy-bench/src/Serialization.Bench/bin/Release/net8.0/Serialization.Bench-Overhead-Fixed-Energy-10-1/bin/Release/net8.0/" /p:OutputPath="/home/test/rapl-tests/lib-energy-bench/src/Serialization.Bench/bin/Release/net8.0/Serialization.Bench-Overhead-Fixed-Energy-10-1/bin/Release/net8.0/" /p:PublishDir="/home/test/rapl-tests/lib-energy-bench/src/Serialization.Bench/bin/Release/net8.0/Serialization.Bench-Overhead-Fixed-Energy-10-1/publish/" in /home/test/rapl-tests/lib-energy-bench/src/Serialization.Bench/bin/Release/net8.0/Serialization.Bench-Overhead-Fixed-Energy-10-1
// command took 1.03 sec and exited with 0
// start dotnet  build -c Release --no-restore --nodeReuse:false /p:UseSharedCompilation=false /p:Deterministic=true /p:Optimize=true /p:ArtifactsPath="/home/test/rapl-tests/lib-energy-bench/src/Serialization.Bench/bin/Release/net8.0/Serialization.Bench-Overhead-Fixed-Energy-10-1/" /p:OutDir="/home/test/rapl-tests/lib-energy-bench/src/Serialization.Bench/bin/Release/net8.0/Serialization.Bench-Overhead-Fixed-Energy-10-1/bin/Release/net8.0/" /p:OutputPath="/home/test/rapl-tests/lib-energy-bench/src/Serialization.Bench/bin/Release/net8.0/Serialization.Bench-Overhead-Fixed-Energy-10-1/bin/Release/net8.0/" /p:PublishDir="/home/test/rapl-tests/lib-energy-bench/src/Serialization.Bench/bin/Release/net8.0/Serialization.Bench-Overhead-Fixed-Energy-10-1/publish/" --output "/home/test/rapl-tests/lib-energy-bench/src/Serialization.Bench/bin/Release/net8.0/Serialization.Bench-Overhead-Fixed-Energy-10-1/bin/Release/net8.0/" in /home/test/rapl-tests/lib-energy-bench/src/Serialization.Bench/bin/Release/net8.0/Serialization.Bench-Overhead-Fixed-Energy-10-1
// command took 9.31 sec and exited with 0
// ***** Done, took 00:00:10 (10.39 sec)   *****
// Found 30 benchmarks:
//   JsonSerializationBenchmarks.STJ_Deserialize_Large: Overhead-Fixed-Energy-10(OutlierMode=DontRemove, IterationCount=15, IterationTime=1s, LaunchCount=1, WarmupCount=6)
//   JsonSerializationBenchmarks.Newtonsoft_Deserialize_Large: Overhead-Fixed-Energy-10(OutlierMode=DontRemove, IterationCount=15, IterationTime=1s, LaunchCount=1, WarmupCount=6)
//   JsonSerializationBenchmarks.Jil_Deserialize_Large: Overhead-Fixed-Energy-10(OutlierMode=DontRemove, IterationCount=15, IterationTime=1s, LaunchCount=1, WarmupCount=6)
//   JsonSerializationBenchmarks.Utf8Json_Deserialize_Large: Overhead-Fixed-Energy-10(OutlierMode=DontRemove, IterationCount=15, IterationTime=1s, LaunchCount=1, WarmupCount=6)
//   JsonSerializationBenchmarks.SpanJson_Deserialize_Large: Overhead-Fixed-Energy-10(OutlierMode=DontRemove, IterationCount=15, IterationTime=1s, LaunchCount=1, WarmupCount=6)
//   JsonSerializationBenchmarks.STJ_Deserialize_Medium: Overhead-Fixed-Energy-10(OutlierMode=DontRemove, IterationCount=15, IterationTime=1s, LaunchCount=1, WarmupCount=6)
//   JsonSerializationBenchmarks.Newtonsoft_Deserialize_Medium: Overhead-Fixed-Energy-10(OutlierMode=DontRemove, IterationCount=15, IterationTime=1s, LaunchCount=1, WarmupCount=6)
//   JsonSerializationBenchmarks.Jil_Deserialize_Medium: Overhead-Fixed-Energy-10(OutlierMode=DontRemove, IterationCount=15, IterationTime=1s, LaunchCount=1, WarmupCount=6)
//   JsonSerializationBenchmarks.Utf8Json_Deserialize_Medium: Overhead-Fixed-Energy-10(OutlierMode=DontRemove, IterationCount=15, IterationTime=1s, LaunchCount=1, WarmupCount=6)
//   JsonSerializationBenchmarks.SpanJson_Deserialize_Medium: Overhead-Fixed-Energy-10(OutlierMode=DontRemove, IterationCount=15, IterationTime=1s, LaunchCount=1, WarmupCount=6)
//   JsonSerializationBenchmarks.STJ_Deserialize_Small: Overhead-Fixed-Energy-10(OutlierMode=DontRemove, IterationCount=15, IterationTime=1s, LaunchCount=1, WarmupCount=6)
//   JsonSerializationBenchmarks.Newtonsoft_Deserialize_Small: Overhead-Fixed-Energy-10(OutlierMode=DontRemove, IterationCount=15, IterationTime=1s, LaunchCount=1, WarmupCount=6)
//   JsonSerializationBenchmarks.Jil_Deserialize_Small: Overhead-Fixed-Energy-10(OutlierMode=DontRemove, IterationCount=15, IterationTime=1s, LaunchCount=1, WarmupCount=6)
//   JsonSerializationBenchmarks.Utf8Json_Deserialize_Small: Overhead-Fixed-Energy-10(OutlierMode=DontRemove, IterationCount=15, IterationTime=1s, LaunchCount=1, WarmupCount=6)
//   JsonSerializationBenchmarks.SpanJson_Deserialize_Small: Overhead-Fixed-Energy-10(OutlierMode=DontRemove, IterationCount=15, IterationTime=1s, LaunchCount=1, WarmupCount=6)
//   JsonSerializationBenchmarks.STJ_Serialize_Large: Overhead-Fixed-Energy-10(OutlierMode=DontRemove, IterationCount=15, IterationTime=1s, LaunchCount=1, WarmupCount=6)
//   JsonSerializationBenchmarks.Newtonsoft_Serialize_Large: Overhead-Fixed-Energy-10(OutlierMode=DontRemove, IterationCount=15, IterationTime=1s, LaunchCount=1, WarmupCount=6)
//   JsonSerializationBenchmarks.Jil_Serialize_Large: Overhead-Fixed-Energy-10(OutlierMode=DontRemove, IterationCount=15, IterationTime=1s, LaunchCount=1, WarmupCount=6)
//   JsonSerializationBenchmarks.Utf8Json_Serialize_Large: Overhead-Fixed-Energy-10(OutlierMode=DontRemove, IterationCount=15, IterationTime=1s, LaunchCount=1, WarmupCount=6)
//   JsonSerializationBenchmarks.SpanJson_Serialize_Large: Overhead-Fixed-Energy-10(OutlierMode=DontRemove, IterationCount=15, IterationTime=1s, LaunchCount=1, WarmupCount=6)
//   JsonSerializationBenchmarks.STJ_Serialize_Medium: Overhead-Fixed-Energy-10(OutlierMode=DontRemove, IterationCount=15, IterationTime=1s, LaunchCount=1, WarmupCount=6)
//   JsonSerializationBenchmarks.Newtonsoft_Serialize_Medium: Overhead-Fixed-Energy-10(OutlierMode=DontRemove, IterationCount=15, IterationTime=1s, LaunchCount=1, WarmupCount=6)
//   JsonSerializationBenchmarks.Jil_Serialize_Medium: Overhead-Fixed-Energy-10(OutlierMode=DontRemove, IterationCount=15, IterationTime=1s, LaunchCount=1, WarmupCount=6)
//   JsonSerializationBenchmarks.Utf8Json_Serialize_Medium: Overhead-Fixed-Energy-10(OutlierMode=DontRemove, IterationCount=15, IterationTime=1s, LaunchCount=1, WarmupCount=6)
//   JsonSerializationBenchmarks.SpanJson_Serialize_Medium: Overhead-Fixed-Energy-10(OutlierMode=DontRemove, IterationCount=15, IterationTime=1s, LaunchCount=1, WarmupCount=6)
//   JsonSerializationBenchmarks.STJ_Serialize_Small: Overhead-Fixed-Energy-10(OutlierMode=DontRemove, IterationCount=15, IterationTime=1s, LaunchCount=1, WarmupCount=6)
//   JsonSerializationBenchmarks.Newtonsoft_Serialize_Small: Overhead-Fixed-Energy-10(OutlierMode=DontRemove, IterationCount=15, IterationTime=1s, LaunchCount=1, WarmupCount=6)
//   JsonSerializationBenchmarks.Jil_Serialize_Small: Overhead-Fixed-Energy-10(OutlierMode=DontRemove, IterationCount=15, IterationTime=1s, LaunchCount=1, WarmupCount=6)
//   JsonSerializationBenchmarks.Utf8Json_Serialize_Small: Overhead-Fixed-Energy-10(OutlierMode=DontRemove, IterationCount=15, IterationTime=1s, LaunchCount=1, WarmupCount=6)
//   JsonSerializationBenchmarks.SpanJson_Serialize_Small: Overhead-Fixed-Energy-10(OutlierMode=DontRemove, IterationCount=15, IterationTime=1s, LaunchCount=1, WarmupCount=6)

// **************************
// Benchmark: JsonSerializationBenchmarks.STJ_Deserialize_Large: Overhead-Fixed-Energy-10(OutlierMode=DontRemove, IterationCount=15, IterationTime=1s, LaunchCount=1, WarmupCount=6)
// *** Execute ***
// Launch: 1 / 1
// Execute: dotnet Serialization.Bench-Overhead-Fixed-Energy-10-1.dll --anonymousPipes 101 102 --benchmarkName Serialization.Bench.JsonSerializationBenchmarks.STJ_Deserialize_Large --job Overhead-Fixed-Energy-10 --benchmarkId 0 in /home/test/rapl-tests/lib-energy-bench/src/Serialization.Bench/bin/Release/net8.0/Serialization.Bench-Overhead-Fixed-Energy-10-1/bin/Release/net8.0
// BeforeAnythingElse

// Benchmark Process Environment Information:
// BenchmarkDotNet v0.15.5-develop (2025-12-31)
// Runtime=.NET 8.0.21 (8.0.21, 8.0.2125.47513), X64 RyuJIT x86-64-v4
// GC=Concurrent Workstation
// HardwareIntrinsics=AVX512 IFMA+VBMI,AVX512 F+BW+CD+DQ+VL,AVX2+BMI1+BMI2+F16C+FMA+LZCNT+MOVBE,AVX,SSE3+SSSE3+SSE4.1+SSE4.2+POPCNT,X86Base+SSE+SSE2,AES+PCLMUL VectorSize=256
// Job: Overhead-Fixed-Energy-10(OutlierMode=DontRemove, IterationCount=15, IterationTime=1s, LaunchCount=1, WarmupCount=6)

OverheadJitting  1: 1 op, 141854.00 ns, 141.8540 us/op, 0.00 uJpkg, 0.00 uJdram
WorkloadJitting  1: 1 op, 572878.00 ns, 572.8780 us/op, 80871.00 uJpkg, 0.00 uJdram

OverheadJitting  2: 16 op, 393270.00 ns, 24.5794 us/op, 0.00 uJpkg, 0.00 uJdram
WorkloadJitting  2: 16 op, 7164963.00 ns, 447.8102 us/op, 610411.00 uJpkg, 0.00 uJdram

WorkloadPilot    1: 16 op, 6410815.00 ns, 400.6759 us/op, 536803.00 uJpkg, 0.00 uJdram
WorkloadPilot    2: 2496 op, 716680685.00 ns, 287.1317 us/op, 62073999.00 uJpkg, 0.00 uJdram
WorkloadPilot    3: 3488 op, 700570344.00 ns, 200.8516 us/op, 57031043.00 uJpkg, 0.00 uJdram
WorkloadPilot    4: 4992 op, 1003544106.00 ns, 201.0305 us/op, 81829259.00 uJpkg, 0.00 uJdram
WorkloadPilot    5: 4976 op, 996528749.00 ns, 200.2670 us/op, 81253515.00 uJpkg, 0.00 uJdram
WorkloadPilot    6: 5008 op, 1004457468.00 ns, 200.5706 us/op, 81975681.00 uJpkg, 0.00 uJdram
WorkloadPilot    7: 4992 op, 1002398219.00 ns, 200.8009 us/op, 82052463.00 uJpkg, 0.00 uJdram

OverheadWarmup   1: 4992 op, 17642.00 ns, 3.5341 ns/op, 0.00 uJpkg, 0.00 uJdram
OverheadWarmup   2: 4992 op, 17602.00 ns, 3.5260 ns/op, 0.00 uJpkg, 0.00 uJdram
OverheadWarmup   3: 4992 op, 17611.00 ns, 3.5278 ns/op, 0.00 uJpkg, 0.00 uJdram
OverheadWarmup   4: 4992 op, 18341.00 ns, 3.6741 ns/op, 0.00 uJpkg, 0.00 uJdram
OverheadWarmup   5: 4992 op, 18339.00 ns, 3.6737 ns/op, 0.00 uJpkg, 0.00 uJdram
OverheadWarmup   6: 4992 op, 17598.00 ns, 3.5252 ns/op, 0.00 uJpkg, 0.00 uJdram
OverheadWarmup   7: 4992 op, 18342.00 ns, 3.6743 ns/op, 0.00 uJpkg, 0.00 uJdram
OverheadWarmup   8: 4992 op, 17578.00 ns, 3.5212 ns/op, 0.00 uJpkg, 0.00 uJdram

OverheadActual   1: 4992 op, 18396.00 ns, 3.6851 ns/op, 0.00 uJpkg, 0.00 uJdram
OverheadActual   2: 4992 op, 17603.00 ns, 3.5262 ns/op, 0.00 uJpkg, 0.00 uJdram
OverheadActual   3: 4992 op, 17594.00 ns, 3.5244 ns/op, 0.00 uJpkg, 0.00 uJdram
OverheadActual   4: 4992 op, 18335.00 ns, 3.6729 ns/op, 0.00 uJpkg, 0.00 uJdram
OverheadActual   5: 4992 op, 17602.00 ns, 3.5260 ns/op, 0.00 uJpkg, 0.00 uJdram
OverheadActual   6: 4992 op, 17988.00 ns, 3.6034 ns/op, 0.00 uJpkg, 0.00 uJdram
OverheadActual   7: 4992 op, 17608.00 ns, 3.5272 ns/op, 0.00 uJpkg, 0.00 uJdram
OverheadActual   8: 4992 op, 17617.00 ns, 3.5290 ns/op, 0.00 uJpkg, 0.00 uJdram
OverheadActual   9: 4992 op, 17610.00 ns, 3.5276 ns/op, 0.00 uJpkg, 0.00 uJdram
OverheadActual  10: 4992 op, 17616.00 ns, 3.5288 ns/op, 0.00 uJpkg, 0.00 uJdram
OverheadActual  11: 4992 op, 17614.00 ns, 3.5284 ns/op, 0.00 uJpkg, 0.00 uJdram
OverheadActual  12: 4992 op, 17595.00 ns, 3.5246 ns/op, 0.00 uJpkg, 0.00 uJdram
OverheadActual  13: 4992 op, 17606.00 ns, 3.5268 ns/op, 0.00 uJpkg, 0.00 uJdram
OverheadActual  14: 4992 op, 18351.00 ns, 3.6761 ns/op, 0.00 uJpkg, 0.00 uJdram
OverheadActual  15: 4992 op, 18338.00 ns, 3.6735 ns/op, 0.00 uJpkg, 0.00 uJdram

WorkloadWarmup   1: 4992 op, 1005162316.00 ns, 201.3546 us/op, 85216151.00 uJpkg, 0.00 uJdram
WorkloadWarmup   2: 4992 op, 1005647803.00 ns, 201.4519 us/op, 83791350.00 uJpkg, 0.00 uJdram
WorkloadWarmup   3: 4992 op, 1000419950.00 ns, 200.4046 us/op, 82331271.00 uJpkg, 0.00 uJdram
WorkloadWarmup   4: 4992 op, 1003055307.00 ns, 200.9326 us/op, 83413727.00 uJpkg, 0.00 uJdram
WorkloadWarmup   5: 4992 op, 1000431103.00 ns, 200.4069 us/op, 82302646.00 uJpkg, 0.00 uJdram
WorkloadWarmup   6: 4992 op, 999349434.00 ns, 200.1902 us/op, 83067475.00 uJpkg, 0.00 uJdram

// BeforeActualRun
WorkloadActual   1: 4992 op, 1000783844.00 ns, 200.4775 us/op, 82326266.00 uJpkg, 0.00 uJdram
WorkloadActual   2: 4992 op, 1004675091.00 ns, 201.2570 us/op, 83605560.00 uJpkg, 0.00 uJdram
WorkloadActual   3: 4992 op, 1000552338.00 ns, 200.4312 us/op, 83239289.00 uJpkg, 0.00 uJdram
WorkloadActual   4: 4992 op, 1000815564.00 ns, 200.4839 us/op, 82878877.00 uJpkg, 0.00 uJdram
WorkloadActual   5: 4992 op, 1000963928.00 ns, 200.5136 us/op, 82769869.00 uJpkg, 0.00 uJdram
WorkloadActual   6: 4992 op, 1001477585.00 ns, 200.6165 us/op, 83302948.00 uJpkg, 0.00 uJdram
WorkloadActual   7: 4992 op, 1000711741.00 ns, 200.4631 us/op, 82815706.00 uJpkg, 0.00 uJdram
WorkloadActual   8: 4992 op, 1008536529.00 ns, 202.0306 us/op, 84824307.00 uJpkg, 0.00 uJdram
WorkloadActual   9: 4992 op, 1000763043.00 ns, 200.4734 us/op, 82766146.00 uJpkg, 0.00 uJdram
WorkloadActual  10: 4992 op, 1001781868.00 ns, 200.6775 us/op, 83804290.00 uJpkg, 0.00 uJdram
WorkloadActual  11: 4992 op, 1001100000.00 ns, 200.5409 us/op, 82965425.00 uJpkg, 0.00 uJdram
WorkloadActual  12: 4992 op, 1002552370.00 ns, 200.8318 us/op, 83004121.00 uJpkg, 0.00 uJdram
WorkloadActual  13: 4992 op, 1001687497.00 ns, 200.6586 us/op, 82534945.00 uJpkg, 0.00 uJdram
WorkloadActual  14: 4992 op, 1001316729.00 ns, 200.5843 us/op, 82604708.00 uJpkg, 0.00 uJdram
WorkloadActual  15: 4992 op, 999944004.00 ns, 200.3093 us/op, 82683870.00 uJpkg, 0.00 uJdram

// AfterActualRun
WorkloadResult   1: 4992 op, 1000766230.00 ns, 200.4740 us/op, 82326266.00 uJpkg, 0.00 uJdram
WorkloadResult   2: 4992 op, 1004657477.00 ns, 201.2535 us/op, 83605560.00 uJpkg, 0.00 uJdram
WorkloadResult   3: 4992 op, 1000534724.00 ns, 200.4276 us/op, 83239289.00 uJpkg, 0.00 uJdram
WorkloadResult   4: 4992 op, 1000797950.00 ns, 200.4804 us/op, 82878877.00 uJpkg, 0.00 uJdram
WorkloadResult   5: 4992 op, 1000946314.00 ns, 200.5101 us/op, 82769869.00 uJpkg, 0.00 uJdram
WorkloadResult   6: 4992 op, 1001459971.00 ns, 200.6130 us/op, 83302948.00 uJpkg, 0.00 uJdram
WorkloadResult   7: 4992 op, 1000694127.00 ns, 200.4596 us/op, 82815706.00 uJpkg, 0.00 uJdram
WorkloadResult   8: 4992 op, 1008518915.00 ns, 202.0270 us/op, 84824307.00 uJpkg, 0.00 uJdram
WorkloadResult   9: 4992 op, 1000745429.00 ns, 200.4698 us/op, 82766146.00 uJpkg, 0.00 uJdram
WorkloadResult  10: 4992 op, 1001764254.00 ns, 200.6739 us/op, 83804290.00 uJpkg, 0.00 uJdram
WorkloadResult  11: 4992 op, 1001082386.00 ns, 200.5373 us/op, 82965425.00 uJpkg, 0.00 uJdram
WorkloadResult  12: 4992 op, 1002534756.00 ns, 200.8283 us/op, 83004121.00 uJpkg, 0.00 uJdram
WorkloadResult  13: 4992 op, 1001669883.00 ns, 200.6550 us/op, 82534945.00 uJpkg, 0.00 uJdram
WorkloadResult  14: 4992 op, 1001299115.00 ns, 200.5808 us/op, 82604708.00 uJpkg, 0.00 uJdram
WorkloadResult  15: 4992 op, 999926390.00 ns, 200.3058 us/op, 82683870.00 uJpkg, 0.00 uJdram

// AfterAll
// Benchmark Process 4070644 has exited with code 0.

Mean = 200.686 μs, StdErr = 0.111 μs (0.06%), N = 15, StdDev = 0.432 μs
Min = 200.306 μs, Q1 = 200.472 μs, Median = 200.537 μs, Q3 = 200.664 μs, Max = 202.027 μs
IQR = 0.193 μs, LowerFence = 200.183 μs, UpperFence = 200.953 μs
ConfidenceInterval = [200.225 μs; 201.148 μs] (CI 99.9%), Margin = 0.461 μs (0.23% of Mean)
Skewness = 2.05, Kurtosis = 6.47, MValue = 2

// ** Remained 29 (96.7%) benchmark(s) to run. Estimated finish 2025-12-31 22:49 (0h 12m from now) **
// **************************
// Benchmark: JsonSerializationBenchmarks.Newtonsoft_Deserialize_Large: Overhead-Fixed-Energy-10(OutlierMode=DontRemove, IterationCount=15, IterationTime=1s, LaunchCount=1, WarmupCount=6)
// *** Execute ***
// Launch: 1 / 1
// Execute: dotnet Serialization.Bench-Overhead-Fixed-Energy-10-1.dll --anonymousPipes 103 104 --benchmarkName Serialization.Bench.JsonSerializationBenchmarks.Newtonsoft_Deserialize_Large --job Overhead-Fixed-Energy-10 --benchmarkId 1 in /home/test/rapl-tests/lib-energy-bench/src/Serialization.Bench/bin/Release/net8.0/Serialization.Bench-Overhead-Fixed-Energy-10-1/bin/Release/net8.0
// BeforeAnythingElse

// Benchmark Process Environment Information:
// BenchmarkDotNet v0.15.5-develop (2025-12-31)
// Runtime=.NET 8.0.21 (8.0.21, 8.0.2125.47513), X64 RyuJIT x86-64-v4
// GC=Concurrent Workstation
// HardwareIntrinsics=AVX512 IFMA+VBMI,AVX512 F+BW+CD+DQ+VL,AVX2+BMI1+BMI2+F16C+FMA+LZCNT+MOVBE,AVX,SSE3+SSSE3+SSE4.1+SSE4.2+POPCNT,X86Base+SSE+SSE2,AES+PCLMUL VectorSize=256
// Job: Overhead-Fixed-Energy-10(OutlierMode=DontRemove, IterationCount=15, IterationTime=1s, LaunchCount=1, WarmupCount=6)

OverheadJitting  1: 1 op, 141343.00 ns, 141.3430 us/op, 69885.00 uJpkg, 0.00 uJdram
WorkloadJitting  1: 1 op, 55690479.00 ns, 55.6905 ms/op, 4292653.00 uJpkg, 0.00 uJdram

OverheadJitting  2: 16 op, 383784.00 ns, 23.9865 us/op, 0.00 uJpkg, 0.00 uJdram
WorkloadJitting  2: 16 op, 18609575.00 ns, 1.1631 ms/op, 1230710.00 uJpkg, 0.00 uJdram

WorkloadPilot    1: 16 op, 17791534.00 ns, 1.1120 ms/op, 1178891.00 uJpkg, 0.00 uJdram
WorkloadPilot    2: 912 op, 402986362.00 ns, 441.8710 us/op, 33488562.00 uJpkg, 0.00 uJdram
WorkloadPilot    3: 2272 op, 552342366.00 ns, 243.1084 us/op, 46105656.00 uJpkg, 0.00 uJdram
WorkloadPilot    4: 4128 op, 1005067715.00 ns, 243.4757 us/op, 84092131.00 uJpkg, 0.00 uJdram
WorkloadPilot    5: 4112 op, 999093777.00 ns, 242.9703 us/op, 83865508.00 uJpkg, 0.00 uJdram
WorkloadPilot    6: 4128 op, 1002985447.00 ns, 242.9713 us/op, 84190519.00 uJpkg, 0.00 uJdram

OverheadWarmup   1: 4128 op, 17109.00 ns, 4.1446 ns/op, 0.00 uJpkg, 0.00 uJdram
OverheadWarmup   2: 4128 op, 14609.00 ns, 3.5390 ns/op, 0.00 uJpkg, 0.00 uJdram
OverheadWarmup   3: 4128 op, 14599.00 ns, 3.5366 ns/op, 0.00 uJpkg, 0.00 uJdram
OverheadWarmup   4: 4128 op, 14567.00 ns, 3.5288 ns/op, 0.00 uJpkg, 0.00 uJdram
OverheadWarmup   5: 4128 op, 14585.00 ns, 3.5332 ns/op, 0.00 uJpkg, 0.00 uJdram
OverheadWarmup   6: 4128 op, 14570.00 ns, 3.5296 ns/op, 0.00 uJpkg, 0.00 uJdram
OverheadWarmup   7: 4128 op, 14608.00 ns, 3.5388 ns/op, 0.00 uJpkg, 0.00 uJdram
OverheadWarmup   8: 4128 op, 14597.00 ns, 3.5361 ns/op, 0.00 uJpkg, 0.00 uJdram

OverheadActual   1: 4128 op, 14598.00 ns, 3.5363 ns/op, 0.00 uJpkg, 0.00 uJdram
OverheadActual   2: 4128 op, 14605.00 ns, 3.5380 ns/op, 0.00 uJpkg, 0.00 uJdram
OverheadActual   3: 4128 op, 14626.00 ns, 3.5431 ns/op, 0.00 uJpkg, 0.00 uJdram
OverheadActual   4: 4128 op, 14616.00 ns, 3.5407 ns/op, 0.00 uJpkg, 0.00 uJdram
OverheadActual   5: 4128 op, 14615.00 ns, 3.5405 ns/op, 0.00 uJpkg, 0.00 uJdram
OverheadActual   6: 4128 op, 14608.00 ns, 3.5388 ns/op, 0.00 uJpkg, 0.00 uJdram
OverheadActual   7: 4128 op, 14615.00 ns, 3.5405 ns/op, 0.00 uJpkg, 0.00 uJdram
OverheadActual   8: 4128 op, 15096.00 ns, 3.6570 ns/op, 0.00 uJpkg, 0.00 uJdram
OverheadActual   9: 4128 op, 14627.00 ns, 3.5434 ns/op, 0.00 uJpkg, 0.00 uJdram
OverheadActual  10: 4128 op, 14577.00 ns, 3.5313 ns/op, 0.00 uJpkg, 0.00 uJdram
OverheadActual  11: 4128 op, 14582.00 ns, 3.5325 ns/op, 0.00 uJpkg, 0.00 uJdram
OverheadActual  12: 4128 op, 14591.00 ns, 3.5346 ns/op, 0.00 uJpkg, 0.00 uJdram
OverheadActual  13: 4128 op, 14582.00 ns, 3.5325 ns/op, 0.00 uJpkg, 0.00 uJdram
OverheadActual  14: 4128 op, 14589.00 ns, 3.5342 ns/op, 72265.00 uJpkg, 0.00 uJdram
OverheadActual  15: 4128 op, 14578.00 ns, 3.5315 ns/op, 0.00 uJpkg, 0.00 uJdram

WorkloadWarmup   1: 4128 op, 1010068421.00 ns, 244.6871 us/op, 86585533.00 uJpkg, 0.00 uJdram
WorkloadWarmup   2: 4128 op, 1004626915.00 ns, 243.3689 us/op, 83763214.00 uJpkg, 0.00 uJdram
WorkloadWarmup   3: 4128 op, 1003611333.00 ns, 243.1229 us/op, 83858061.00 uJpkg, 0.00 uJdram
WorkloadWarmup   4: 4128 op, 1002415905.00 ns, 242.8333 us/op, 83491364.00 uJpkg, 0.00 uJdram
WorkloadWarmup   5: 4128 op, 1005835633.00 ns, 243.6617 us/op, 84225004.00 uJpkg, 0.00 uJdram
WorkloadWarmup   6: 4128 op, 1002524690.00 ns, 242.8597 us/op, 83787627.00 uJpkg, 0.00 uJdram

// BeforeActualRun
WorkloadActual   1: 4128 op, 1003750104.00 ns, 243.1565 us/op, 84297147.00 uJpkg, 0.00 uJdram
WorkloadActual   2: 4128 op, 1004236817.00 ns, 243.2744 us/op, 84474515.00 uJpkg, 0.00 uJdram
WorkloadActual   3: 4128 op, 1004280701.00 ns, 243.2851 us/op, 84683377.00 uJpkg, 0.00 uJdram
WorkloadActual   4: 4128 op, 1003946263.00 ns, 243.2040 us/op, 84191008.00 uJpkg, 0.00 uJdram
WorkloadActual   5: 4128 op, 1004404440.00 ns, 243.3150 us/op, 84726407.00 uJpkg, 0.00 uJdram
WorkloadActual   6: 4128 op, 1004113378.00 ns, 243.2445 us/op, 84099577.00 uJpkg, 0.00 uJdram
WorkloadActual   7: 4128 op, 1004250648.00 ns, 243.2778 us/op, 84172575.00 uJpkg, 0.00 uJdram
WorkloadActual   8: 4128 op, 1004913324.00 ns, 243.4383 us/op, 84407132.00 uJpkg, 0.00 uJdram
WorkloadActual   9: 4128 op, 1003540203.00 ns, 243.1057 us/op, 84178801.00 uJpkg, 0.00 uJdram
WorkloadActual  10: 4128 op, 1005132382.00 ns, 243.4914 us/op, 85377650.00 uJpkg, 0.00 uJdram
WorkloadActual  11: 4128 op, 1004070233.00 ns, 243.2341 us/op, 84325040.00 uJpkg, 0.00 uJdram
WorkloadActual  12: 4128 op, 1006919049.00 ns, 243.9242 us/op, 84900052.00 uJpkg, 0.00 uJdram
WorkloadActual  13: 4128 op, 1004416124.00 ns, 243.3179 us/op, 85039821.00 uJpkg, 0.00 uJdram
WorkloadActual  14: 4128 op, 1004928477.00 ns, 243.4420 us/op, 84518583.00 uJpkg, 0.00 uJdram
WorkloadActual  15: 4128 op, 1004186715.00 ns, 243.2623 us/op, 84711575.00 uJpkg, 0.00 uJdram

// AfterActualRun
WorkloadResult   1: 4128 op, 1003735499.00 ns, 243.1530 us/op, 84297147.00 uJpkg, 0.00 uJdram
WorkloadResult   2: 4128 op, 1004222212.00 ns, 243.2709 us/op, 84474515.00 uJpkg, 0.00 uJdram
WorkloadResult   3: 4128 op, 1004266096.00 ns, 243.2815 us/op, 84683377.00 uJpkg, 0.00 uJdram
WorkloadResult   4: 4128 op, 1003931658.00 ns, 243.2005 us/op, 84191008.00 uJpkg, 0.00 uJdram
WorkloadResult   5: 4128 op, 1004389835.00 ns, 243.3115 us/op, 84726407.00 uJpkg, 0.00 uJdram
WorkloadResult   6: 4128 op, 1004098773.00 ns, 243.2410 us/op, 84099577.00 uJpkg, 0.00 uJdram
WorkloadResult   7: 4128 op, 1004236043.00 ns, 243.2742 us/op, 84172575.00 uJpkg, 0.00 uJdram
WorkloadResult   8: 4128 op, 1004898719.00 ns, 243.4348 us/op, 84407132.00 uJpkg, 0.00 uJdram
WorkloadResult   9: 4128 op, 1003525598.00 ns, 243.1021 us/op, 84178801.00 uJpkg, 0.00 uJdram
WorkloadResult  10: 4128 op, 1005117777.00 ns, 243.4878 us/op, 85377650.00 uJpkg, 0.00 uJdram
WorkloadResult  11: 4128 op, 1004055628.00 ns, 243.2305 us/op, 84325040.00 uJpkg, 0.00 uJdram
WorkloadResult  12: 4128 op, 1006904444.00 ns, 243.9207 us/op, 84900052.00 uJpkg, 0.00 uJdram
WorkloadResult  13: 4128 op, 1004401519.00 ns, 243.3143 us/op, 85039821.00 uJpkg, 0.00 uJdram
WorkloadResult  14: 4128 op, 1004913872.00 ns, 243.4384 us/op, 84518583.00 uJpkg, 0.00 uJdram
WorkloadResult  15: 4128 op, 1004172110.00 ns, 243.2587 us/op, 84711575.00 uJpkg, 0.00 uJdram

// AfterAll
// Benchmark Process 4070678 has exited with code 0.

Mean = 243.328 μs, StdErr = 0.050 μs (0.02%), N = 15, StdDev = 0.194 μs
Min = 243.102 μs, Q1 = 243.236 μs, Median = 243.274 μs, Q3 = 243.375 μs, Max = 243.921 μs
IQR = 0.139 μs, LowerFence = 243.028 μs, UpperFence = 243.583 μs
ConfidenceInterval = [243.120 μs; 243.536 μs] (CI 99.9%), Margin = 0.208 μs (0.09% of Mean)
Skewness = 1.76, Kurtosis = 5.99, MValue = 2

// ** Remained 28 (93.3%) benchmark(s) to run. Estimated finish 2025-12-31 22:48 (0h 12m from now) **
// **************************
// Benchmark: JsonSerializationBenchmarks.Jil_Deserialize_Large: Overhead-Fixed-Energy-10(OutlierMode=DontRemove, IterationCount=15, IterationTime=1s, LaunchCount=1, WarmupCount=6)
// *** Execute ***
// Launch: 1 / 1
// Execute: dotnet Serialization.Bench-Overhead-Fixed-Energy-10-1.dll --anonymousPipes 103 104 --benchmarkName Serialization.Bench.JsonSerializationBenchmarks.Jil_Deserialize_Large --job Overhead-Fixed-Energy-10 --benchmarkId 2 in /home/test/rapl-tests/lib-energy-bench/src/Serialization.Bench/bin/Release/net8.0/Serialization.Bench-Overhead-Fixed-Energy-10-1/bin/Release/net8.0
// BeforeAnythingElse

// Benchmark Process Environment Information:
// BenchmarkDotNet v0.15.5-develop (2025-12-31)
// Runtime=.NET 8.0.21 (8.0.21, 8.0.2125.47513), X64 RyuJIT x86-64-v4
// GC=Concurrent Workstation
// HardwareIntrinsics=AVX512 IFMA+VBMI,AVX512 F+BW+CD+DQ+VL,AVX2+BMI1+BMI2+F16C+FMA+LZCNT+MOVBE,AVX,SSE3+SSSE3+SSE4.1+SSE4.2+POPCNT,X86Base+SSE+SSE2,AES+PCLMUL VectorSize=256
// Job: Overhead-Fixed-Energy-10(OutlierMode=DontRemove, IterationCount=15, IterationTime=1s, LaunchCount=1, WarmupCount=6)

OverheadJitting  1: 1 op, 142203.00 ns, 142.2030 us/op, 58715.00 uJpkg, 0.00 uJdram
WorkloadJitting  1: 1 op, 245764228.00 ns, 245.7642 ms/op, 16429890.00 uJpkg, 0.00 uJdram

WorkloadPilot    1: 4 op, 2912171.00 ns, 728.0428 us/op, 214111.00 uJpkg, 0.00 uJdram
WorkloadPilot    2: 1374 op, 417563943.00 ns, 303.9039 us/op, 31960795.00 uJpkg, 0.00 uJdram
WorkloadPilot    3: 3291 op, 701627046.00 ns, 213.1957 us/op, 57712987.00 uJpkg, 0.00 uJdram
WorkloadPilot    4: 4691 op, 999396822.00 ns, 213.0456 us/op, 82420443.00 uJpkg, 0.00 uJdram
WorkloadPilot    5: 4694 op, 998241162.00 ns, 212.6632 us/op, 82490389.00 uJpkg, 0.00 uJdram
WorkloadPilot    6: 4702 op, 1002080997.00 ns, 213.1180 us/op, 83017732.00 uJpkg, 0.00 uJdram
WorkloadPilot    7: 4692 op, 1004545171.00 ns, 214.0974 us/op, 83366791.00 uJpkg, 0.00 uJdram
WorkloadPilot    8: 4671 op, 995757198.00 ns, 213.1786 us/op, 82171054.00 uJpkg, 0.00 uJdram
WorkloadPilot    9: 4691 op, 1000715038.00 ns, 213.3266 us/op, 83564056.00 uJpkg, 0.00 uJdram

WorkloadWarmup   1: 4691 op, 999263614.00 ns, 213.0172 us/op, 83404511.00 uJpkg, 0.00 uJdram
WorkloadWarmup   2: 4691 op, 1023223070.00 ns, 218.1247 us/op, 84472074.00 uJpkg, 0.00 uJdram
WorkloadWarmup   3: 4691 op, 1004819145.00 ns, 214.2015 us/op, 82806367.00 uJpkg, 0.00 uJdram
WorkloadWarmup   4: 4691 op, 1006007858.00 ns, 214.4549 us/op, 82791475.00 uJpkg, 0.00 uJdram
WorkloadWarmup   5: 4691 op, 1003385021.00 ns, 213.8958 us/op, 82999116.00 uJpkg, 0.00 uJdram
WorkloadWarmup   6: 4691 op, 1006949810.00 ns, 214.6557 us/op, 83474578.00 uJpkg, 0.00 uJdram

// BeforeActualRun
WorkloadActual   1: 4691 op, 1003037171.00 ns, 213.8216 us/op, 83283601.00 uJpkg, 0.00 uJdram
WorkloadActual   2: 4691 op, 1004615546.00 ns, 214.1581 us/op, 84596463.00 uJpkg, 0.00 uJdram
WorkloadActual   3: 4691 op, 1004543274.00 ns, 214.1427 us/op, 83642364.00 uJpkg, 0.00 uJdram
WorkloadActual   4: 4691 op, 1006967993.00 ns, 214.6596 us/op, 83427216.00 uJpkg, 0.00 uJdram
WorkloadActual   5: 4691 op, 1005496384.00 ns, 214.3459 us/op, 83310517.00 uJpkg, 0.00 uJdram
WorkloadActual   6: 4691 op, 1021998167.00 ns, 217.8636 us/op, 84207975.00 uJpkg, 0.00 uJdram
WorkloadActual   7: 4691 op, 1020390612.00 ns, 217.5209 us/op, 84943386.00 uJpkg, 0.00 uJdram
WorkloadActual   8: 4691 op, 1006180484.00 ns, 214.4917 us/op, 83247895.00 uJpkg, 0.00 uJdram
WorkloadActual   9: 4691 op, 1003761623.00 ns, 213.9760 us/op, 83322602.00 uJpkg, 0.00 uJdram
WorkloadActual  10: 4691 op, 1003618059.00 ns, 213.9454 us/op, 83222139.00 uJpkg, 0.00 uJdram
WorkloadActual  11: 4691 op, 1003627488.00 ns, 213.9475 us/op, 83465423.00 uJpkg, 0.00 uJdram
WorkloadActual  12: 4691 op, 1006134818.00 ns, 214.4819 us/op, 84014617.00 uJpkg, 0.00 uJdram
WorkloadActual  13: 4691 op, 1007340235.00 ns, 214.7389 us/op, 84261564.00 uJpkg, 0.00 uJdram
WorkloadActual  14: 4691 op, 1005291875.00 ns, 214.3023 us/op, 83976104.00 uJpkg, 0.00 uJdram
WorkloadActual  15: 4691 op, 1004330931.00 ns, 214.0974 us/op, 83624725.00 uJpkg, 0.00 uJdram

// AfterActualRun
WorkloadResult   1: 4691 op, 1003037171.00 ns, 213.8216 us/op, 83283601.00 uJpkg, 0.00 uJdram
WorkloadResult   2: 4691 op, 1004615546.00 ns, 214.1581 us/op, 84596463.00 uJpkg, 0.00 uJdram
WorkloadResult   3: 4691 op, 1004543274.00 ns, 214.1427 us/op, 83642364.00 uJpkg, 0.00 uJdram
WorkloadResult   4: 4691 op, 1006967993.00 ns, 214.6596 us/op, 83427216.00 uJpkg, 0.00 uJdram
WorkloadResult   5: 4691 op, 1005496384.00 ns, 214.3459 us/op, 83310517.00 uJpkg, 0.00 uJdram
WorkloadResult   6: 4691 op, 1021998167.00 ns, 217.8636 us/op, 84207975.00 uJpkg, 0.00 uJdram
WorkloadResult   7: 4691 op, 1020390612.00 ns, 217.5209 us/op, 84943386.00 uJpkg, 0.00 uJdram
WorkloadResult   8: 4691 op, 1006180484.00 ns, 214.4917 us/op, 83247895.00 uJpkg, 0.00 uJdram
WorkloadResult   9: 4691 op, 1003761623.00 ns, 213.9760 us/op, 83322602.00 uJpkg, 0.00 uJdram
WorkloadResult  10: 4691 op, 1003618059.00 ns, 213.9454 us/op, 83222139.00 uJpkg, 0.00 uJdram
WorkloadResult  11: 4691 op, 1003627488.00 ns, 213.9475 us/op, 83465423.00 uJpkg, 0.00 uJdram
WorkloadResult  12: 4691 op, 1006134818.00 ns, 214.4819 us/op, 84014617.00 uJpkg, 0.00 uJdram
WorkloadResult  13: 4691 op, 1007340235.00 ns, 214.7389 us/op, 84261564.00 uJpkg, 0.00 uJdram
WorkloadResult  14: 4691 op, 1005291875.00 ns, 214.3023 us/op, 83976104.00 uJpkg, 0.00 uJdram
WorkloadResult  15: 4691 op, 1004330931.00 ns, 214.0974 us/op, 83624725.00 uJpkg, 0.00 uJdram

// AfterAll
// Benchmark Process 4070694 has exited with code 0.

Mean = 214.700 μs, StdErr = 0.322 μs (0.15%), N = 15, StdDev = 1.246 μs
Min = 213.822 μs, Q1 = 214.037 μs, Median = 214.302 μs, Q3 = 214.576 μs, Max = 217.864 μs
IQR = 0.539 μs, LowerFence = 213.228 μs, UpperFence = 215.384 μs
ConfidenceInterval = [213.367 μs; 216.032 μs] (CI 99.9%), Margin = 1.332 μs (0.62% of Mean)
Skewness = 1.78, Kurtosis = 4.57, MValue = 2

// ** Remained 27 (90.0%) benchmark(s) to run. Estimated finish 2025-12-31 22:49 (0h 12m from now) **
// **************************
// Benchmark: JsonSerializationBenchmarks.Utf8Json_Deserialize_Large: Overhead-Fixed-Energy-10(OutlierMode=DontRemove, IterationCount=15, IterationTime=1s, LaunchCount=1, WarmupCount=6)
// *** Execute ***
// Launch: 1 / 1
// Execute: dotnet Serialization.Bench-Overhead-Fixed-Energy-10-1.dll --anonymousPipes 103 104 --benchmarkName Serialization.Bench.JsonSerializationBenchmarks.Utf8Json_Deserialize_Large --job Overhead-Fixed-Energy-10 --benchmarkId 3 in /home/test/rapl-tests/lib-energy-bench/src/Serialization.Bench/bin/Release/net8.0/Serialization.Bench-Overhead-Fixed-Energy-10-1/bin/Release/net8.0
// BeforeAnythingElse

// Benchmark Process Environment Information:
// BenchmarkDotNet v0.15.5-develop (2025-12-31)
// Runtime=.NET 8.0.21 (8.0.21, 8.0.2125.47513), X64 RyuJIT x86-64-v4
// GC=Concurrent Workstation
// HardwareIntrinsics=AVX512 IFMA+VBMI,AVX512 F+BW+CD+DQ+VL,AVX2+BMI1+BMI2+F16C+FMA+LZCNT+MOVBE,AVX,SSE3+SSSE3+SSE4.1+SSE4.2+POPCNT,X86Base+SSE+SSE2,AES+PCLMUL VectorSize=256
// Job: Overhead-Fixed-Energy-10(OutlierMode=DontRemove, IterationCount=15, IterationTime=1s, LaunchCount=1, WarmupCount=6)

OverheadJitting  1: 1 op, 142828.00 ns, 142.8280 us/op, 0.00 uJpkg, 0.00 uJdram
WorkloadJitting  1: 1 op, 57341193.00 ns, 57.3412 ms/op, 3750967.00 uJpkg, 0.00 uJdram

OverheadJitting  2: 16 op, 394884.00 ns, 24.6803 us/op, 55298.00 uJpkg, 0.00 uJdram
WorkloadJitting  2: 16 op, 14877465.00 ns, 929.8416 us/op, 1056394.00 uJpkg, 0.00 uJdram

WorkloadPilot    1: 16 op, 13839487.00 ns, 864.9679 us/op, 965451.00 uJpkg, 0.00 uJdram
WorkloadPilot    2: 1168 op, 671687703.00 ns, 575.0751 us/op, 58603060.00 uJpkg, 0.00 uJdram
WorkloadPilot    3: 1744 op, 494224098.00 ns, 283.3854 us/op, 41385087.00 uJpkg, 0.00 uJdram
WorkloadPilot    4: 3536 op, 999927723.00 ns, 282.7850 us/op, 82469881.00 uJpkg, 0.00 uJdram

OverheadWarmup   1: 3536 op, 12908.00 ns, 3.6505 ns/op, 0.00 uJpkg, 0.00 uJdram
OverheadWarmup   2: 3536 op, 12522.00 ns, 3.5413 ns/op, 0.00 uJpkg, 0.00 uJdram
OverheadWarmup   3: 3536 op, 12493.00 ns, 3.5331 ns/op, 0.00 uJpkg, 0.00 uJdram
OverheadWarmup   4: 3536 op, 12492.00 ns, 3.5328 ns/op, 0.00 uJpkg, 0.00 uJdram
OverheadWarmup   5: 3536 op, 12490.00 ns, 3.5322 ns/op, 0.00 uJpkg, 0.00 uJdram
OverheadWarmup   6: 3536 op, 12496.00 ns, 3.5339 ns/op, 0.00 uJpkg, 0.00 uJdram
OverheadWarmup   7: 3536 op, 12492.00 ns, 3.5328 ns/op, 0.00 uJpkg, 0.00 uJdram
OverheadWarmup   8: 3536 op, 12500.00 ns, 3.5351 ns/op, 0.00 uJpkg, 0.00 uJdram
OverheadWarmup   9: 3536 op, 12501.00 ns, 3.5354 ns/op, 0.00 uJpkg, 0.00 uJdram
OverheadWarmup  10: 3536 op, 13032.00 ns, 3.6855 ns/op, 0.00 uJpkg, 0.00 uJdram

OverheadActual   1: 3536 op, 12508.00 ns, 3.5373 ns/op, 64331.00 uJpkg, 0.00 uJdram
OverheadActual   2: 3536 op, 12501.00 ns, 3.5354 ns/op, 0.00 uJpkg, 0.00 uJdram
OverheadActual   3: 3536 op, 12501.00 ns, 3.5354 ns/op, 0.00 uJpkg, 0.00 uJdram
OverheadActual   4: 3536 op, 12503.00 ns, 3.5359 ns/op, 0.00 uJpkg, 0.00 uJdram
OverheadActual   5: 3536 op, 13036.00 ns, 3.6867 ns/op, 0.00 uJpkg, 0.00 uJdram
OverheadActual   6: 3536 op, 12510.00 ns, 3.5379 ns/op, 0.00 uJpkg, 0.00 uJdram
OverheadActual   7: 3536 op, 12500.00 ns, 3.5351 ns/op, 0.00 uJpkg, 0.00 uJdram
OverheadActual   8: 3536 op, 12479.00 ns, 3.5291 ns/op, 0.00 uJpkg, 0.00 uJdram
OverheadActual   9: 3536 op, 12895.00 ns, 3.6468 ns/op, 0.00 uJpkg, 0.00 uJdram
OverheadActual  10: 3536 op, 12537.00 ns, 3.5455 ns/op, 0.00 uJpkg, 0.00 uJdram
OverheadActual  11: 3536 op, 12441.00 ns, 3.5184 ns/op, 0.00 uJpkg, 0.00 uJdram
OverheadActual  12: 3536 op, 12500.00 ns, 3.5351 ns/op, 0.00 uJpkg, 0.00 uJdram
OverheadActual  13: 3536 op, 12486.00 ns, 3.5311 ns/op, 0.00 uJpkg, 0.00 uJdram
OverheadActual  14: 3536 op, 12486.00 ns, 3.5311 ns/op, 0.00 uJpkg, 0.00 uJdram
OverheadActual  15: 3536 op, 12499.00 ns, 3.5348 ns/op, 0.00 uJpkg, 0.00 uJdram

WorkloadWarmup   1: 3536 op, 1014638376.00 ns, 286.9452 us/op, 85665613.00 uJpkg, 0.00 uJdram
WorkloadWarmup   2: 3536 op, 1011206333.00 ns, 285.9746 us/op, 82991365.00 uJpkg, 0.00 uJdram
WorkloadWarmup   3: 3536 op, 1011353334.00 ns, 286.0162 us/op, 83981901.00 uJpkg, 0.00 uJdram
WorkloadWarmup   4: 3536 op, 1010647987.00 ns, 285.8167 us/op, 83659698.00 uJpkg, 0.00 uJdram
WorkloadWarmup   5: 3536 op, 1010739236.00 ns, 285.8425 us/op, 83097810.00 uJpkg, 0.00 uJdram
WorkloadWarmup   6: 3536 op, 1010806096.00 ns, 285.8615 us/op, 84396085.00 uJpkg, 0.00 uJdram

// BeforeActualRun
WorkloadActual   1: 3536 op, 1012295092.00 ns, 286.2825 us/op, 84002532.00 uJpkg, 0.00 uJdram
WorkloadActual   2: 3536 op, 1010427600.00 ns, 285.7544 us/op, 83641265.00 uJpkg, 0.00 uJdram
WorkloadActual   3: 3536 op, 1011419087.00 ns, 286.0348 us/op, 84708645.00 uJpkg, 0.00 uJdram
WorkloadActual   4: 3536 op, 1010057997.00 ns, 285.6499 us/op, 83023408.00 uJpkg, 0.00 uJdram
WorkloadActual   5: 3536 op, 1009199099.00 ns, 285.4070 us/op, 82905489.00 uJpkg, 0.00 uJdram
WorkloadActual   6: 3536 op, 1009458493.00 ns, 285.4803 us/op, 82893404.00 uJpkg, 0.00 uJdram
WorkloadActual   7: 3536 op, 1008246047.00 ns, 285.1375 us/op, 83379181.00 uJpkg, 0.00 uJdram
WorkloadActual   8: 3536 op, 1009982599.00 ns, 285.6286 us/op, 82519503.00 uJpkg, 0.00 uJdram
WorkloadActual   9: 3536 op, 1009215952.00 ns, 285.4118 us/op, 83171785.00 uJpkg, 0.00 uJdram
WorkloadActual  10: 3536 op, 1012914467.00 ns, 286.4577 us/op, 87374716.00 uJpkg, 0.00 uJdram
WorkloadActual  11: 3536 op, 1009263950.00 ns, 285.4253 us/op, 83332612.00 uJpkg, 0.00 uJdram
WorkloadActual  12: 3536 op, 1009502504.00 ns, 285.4928 us/op, 84030180.00 uJpkg, 0.00 uJdram
WorkloadActual  13: 3536 op, 1010769664.00 ns, 285.8511 us/op, 84206083.00 uJpkg, 0.00 uJdram
WorkloadActual  14: 3536 op, 1011384619.00 ns, 286.0251 us/op, 84604825.00 uJpkg, 0.00 uJdram
WorkloadActual  15: 3536 op, 1010565034.00 ns, 285.7933 us/op, 83421540.00 uJpkg, 0.00 uJdram

// AfterActualRun
WorkloadResult   1: 3536 op, 1012282591.00 ns, 286.2790 us/op, 84002532.00 uJpkg, 0.00 uJdram
WorkloadResult   2: 3536 op, 1010415099.00 ns, 285.7509 us/op, 83641265.00 uJpkg, 0.00 uJdram
WorkloadResult   3: 3536 op, 1011406586.00 ns, 286.0313 us/op, 84708645.00 uJpkg, 0.00 uJdram
WorkloadResult   4: 3536 op, 1010045496.00 ns, 285.6464 us/op, 83023408.00 uJpkg, 0.00 uJdram
WorkloadResult   5: 3536 op, 1009186598.00 ns, 285.4034 us/op, 82905489.00 uJpkg, 0.00 uJdram
WorkloadResult   6: 3536 op, 1009445992.00 ns, 285.4768 us/op, 82893404.00 uJpkg, 0.00 uJdram
WorkloadResult   7: 3536 op, 1008233546.00 ns, 285.1339 us/op, 83379181.00 uJpkg, 0.00 uJdram
WorkloadResult   8: 3536 op, 1009970098.00 ns, 285.6250 us/op, 82519503.00 uJpkg, 0.00 uJdram
WorkloadResult   9: 3536 op, 1009203451.00 ns, 285.4082 us/op, 83171785.00 uJpkg, 0.00 uJdram
WorkloadResult  10: 3536 op, 1012901966.00 ns, 286.4542 us/op, 87374716.00 uJpkg, 0.00 uJdram
WorkloadResult  11: 3536 op, 1009251449.00 ns, 285.4218 us/op, 83332612.00 uJpkg, 0.00 uJdram
WorkloadResult  12: 3536 op, 1009490003.00 ns, 285.4893 us/op, 84030180.00 uJpkg, 0.00 uJdram
WorkloadResult  13: 3536 op, 1010757163.00 ns, 285.8476 us/op, 84206083.00 uJpkg, 0.00 uJdram
WorkloadResult  14: 3536 op, 1011372118.00 ns, 286.0215 us/op, 84604825.00 uJpkg, 0.00 uJdram
WorkloadResult  15: 3536 op, 1010552533.00 ns, 285.7897 us/op, 83421540.00 uJpkg, 0.00 uJdram

// AfterAll
// Benchmark Process 4070709 has exited with code 0.

Mean = 285.719 μs, StdErr = 0.093 μs (0.03%), N = 15, StdDev = 0.360 μs
Min = 285.134 μs, Q1 = 285.449 μs, Median = 285.646 μs, Q3 = 285.935 μs, Max = 286.454 μs
IQR = 0.485 μs, LowerFence = 284.721 μs, UpperFence = 286.662 μs
ConfidenceInterval = [285.333 μs; 286.104 μs] (CI 99.9%), Margin = 0.385 μs (0.13% of Mean)
Skewness = 0.46, Kurtosis = 2.21, MValue = 2

// ** Remained 26 (86.7%) benchmark(s) to run. Estimated finish 2025-12-31 22:48 (0h 11m from now) **
// **************************
// Benchmark: JsonSerializationBenchmarks.SpanJson_Deserialize_Large: Overhead-Fixed-Energy-10(OutlierMode=DontRemove, IterationCount=15, IterationTime=1s, LaunchCount=1, WarmupCount=6)
// *** Execute ***
// Launch: 1 / 1
// Execute: dotnet Serialization.Bench-Overhead-Fixed-Energy-10-1.dll --anonymousPipes 103 104 --benchmarkName Serialization.Bench.JsonSerializationBenchmarks.SpanJson_Deserialize_Large --job Overhead-Fixed-Energy-10 --benchmarkId 4 in /home/test/rapl-tests/lib-energy-bench/src/Serialization.Bench/bin/Release/net8.0/Serialization.Bench-Overhead-Fixed-Energy-10-1/bin/Release/net8.0
// BeforeAnythingElse

// Benchmark Process Environment Information:
// BenchmarkDotNet v0.15.5-develop (2025-12-31)
// Runtime=.NET 8.0.21 (8.0.21, 8.0.2125.47513), X64 RyuJIT x86-64-v4
// GC=Concurrent Workstation
// HardwareIntrinsics=AVX512 IFMA+VBMI,AVX512 F+BW+CD+DQ+VL,AVX2+BMI1+BMI2+F16C+FMA+LZCNT+MOVBE,AVX,SSE3+SSSE3+SSE4.1+SSE4.2+POPCNT,X86Base+SSE+SSE2,AES+PCLMUL VectorSize=256
// Job: Overhead-Fixed-Energy-10(OutlierMode=DontRemove, IterationCount=15, IterationTime=1s, LaunchCount=1, WarmupCount=6)

OverheadJitting  1: 1 op, 143287.00 ns, 143.2870 us/op, 65918.00 uJpkg, 0.00 uJdram
WorkloadJitting  1: 1 op, 112616995.00 ns, 112.6170 ms/op, 7118207.00 uJpkg, 0.00 uJdram

WorkloadPilot    1: 4 op, 1887889.00 ns, 471.9723 us/op, 140868.00 uJpkg, 0.00 uJdram
WorkloadPilot    2: 2119 op, 414048099.00 ns, 195.3979 us/op, 32014384.00 uJpkg, 0.00 uJdram
WorkloadPilot    3: 5118 op, 784059106.00 ns, 153.1964 us/op, 64579790.00 uJpkg, 0.00 uJdram
WorkloadPilot    4: 6528 op, 998104555.00 ns, 152.8959 us/op, 81879490.00 uJpkg, 0.00 uJdram
WorkloadPilot    5: 6540 op, 999534947.00 ns, 152.8341 us/op, 81704014.00 uJpkg, 0.00 uJdram
WorkloadPilot    6: 6543 op, 1006675904.00 ns, 153.8554 us/op, 82904024.00 uJpkg, 0.00 uJdram
WorkloadPilot    7: 6500 op, 996885852.00 ns, 153.3671 us/op, 82128635.00 uJpkg, 0.00 uJdram
WorkloadPilot    8: 6520 op, 1000357765.00 ns, 153.4291 us/op, 82884920.00 uJpkg, 0.00 uJdram
WorkloadPilot    9: 6518 op, 999966586.00 ns, 153.4162 us/op, 82220676.00 uJpkg, 0.00 uJdram

WorkloadWarmup   1: 6518 op, 998201029.00 ns, 153.1453 us/op, 82667696.00 uJpkg, 0.00 uJdram
WorkloadWarmup   2: 6518 op, 1003301095.00 ns, 153.9278 us/op, 82373934.00 uJpkg, 0.00 uJdram
WorkloadWarmup   3: 6518 op, 1002237742.00 ns, 153.7646 us/op, 82965730.00 uJpkg, 0.00 uJdram
WorkloadWarmup   4: 6518 op, 1000721036.00 ns, 153.5319 us/op, 82315035.00 uJpkg, 0.00 uJdram
WorkloadWarmup   5: 6518 op, 999147005.00 ns, 153.2904 us/op, 82330478.00 uJpkg, 0.00 uJdram
WorkloadWarmup   6: 6518 op, 1001034465.00 ns, 153.5800 us/op, 82275669.00 uJpkg, 0.00 uJdram

// BeforeActualRun
WorkloadActual   1: 6518 op, 997055680.00 ns, 152.9696 us/op, 81683629.00 uJpkg, 0.00 uJdram
WorkloadActual   2: 6518 op, 999485100.00 ns, 153.3423 us/op, 83058625.00 uJpkg, 0.00 uJdram
WorkloadActual   3: 6518 op, 999467191.00 ns, 153.3396 us/op, 82340548.00 uJpkg, 0.00 uJdram
WorkloadActual   4: 6518 op, 999778433.00 ns, 153.3873 us/op, 82199375.00 uJpkg, 0.00 uJdram
WorkloadActual   5: 6518 op, 998639494.00 ns, 153.2126 us/op, 81903965.00 uJpkg, 0.00 uJdram
WorkloadActual   6: 6518 op, 999877455.00 ns, 153.4025 us/op, 81747289.00 uJpkg, 0.00 uJdram
WorkloadActual   7: 6518 op, 999737831.00 ns, 153.3811 us/op, 82061130.00 uJpkg, 0.00 uJdram
WorkloadActual   8: 6518 op, 999037126.00 ns, 153.2736 us/op, 81957004.00 uJpkg, 0.00 uJdram
WorkloadActual   9: 6518 op, 998891377.00 ns, 153.2512 us/op, 81762120.00 uJpkg, 0.00 uJdram
WorkloadActual  10: 6518 op, 998692555.00 ns, 153.2207 us/op, 81679540.00 uJpkg, 0.00 uJdram
WorkloadActual  11: 6518 op, 1003348033.00 ns, 153.9350 us/op, 82159031.00 uJpkg, 0.00 uJdram
WorkloadActual  12: 6518 op, 999277983.00 ns, 153.3105 us/op, 81359167.00 uJpkg, 0.00 uJdram
WorkloadActual  13: 6518 op, 1005210321.00 ns, 154.2207 us/op, 81788914.00 uJpkg, 0.00 uJdram
WorkloadActual  14: 6518 op, 1000660193.00 ns, 153.5226 us/op, 82071812.00 uJpkg, 0.00 uJdram
WorkloadActual  15: 6518 op, 999896108.00 ns, 153.4054 us/op, 81887547.00 uJpkg, 0.00 uJdram

// AfterActualRun
WorkloadResult   1: 6518 op, 997055680.00 ns, 152.9696 us/op, 81683629.00 uJpkg, 0.00 uJdram
WorkloadResult   2: 6518 op, 999485100.00 ns, 153.3423 us/op, 83058625.00 uJpkg, 0.00 uJdram
WorkloadResult   3: 6518 op, 999467191.00 ns, 153.3396 us/op, 82340548.00 uJpkg, 0.00 uJdram
WorkloadResult   4: 6518 op, 999778433.00 ns, 153.3873 us/op, 82199375.00 uJpkg, 0.00 uJdram
WorkloadResult   5: 6518 op, 998639494.00 ns, 153.2126 us/op, 81903965.00 uJpkg, 0.00 uJdram
WorkloadResult   6: 6518 op, 999877455.00 ns, 153.4025 us/op, 81747289.00 uJpkg, 0.00 uJdram
WorkloadResult   7: 6518 op, 999737831.00 ns, 153.3811 us/op, 82061130.00 uJpkg, 0.00 uJdram
WorkloadResult   8: 6518 op, 999037126.00 ns, 153.2736 us/op, 81957004.00 uJpkg, 0.00 uJdram
WorkloadResult   9: 6518 op, 998891377.00 ns, 153.2512 us/op, 81762120.00 uJpkg, 0.00 uJdram
WorkloadResult  10: 6518 op, 998692555.00 ns, 153.2207 us/op, 81679540.00 uJpkg, 0.00 uJdram
WorkloadResult  11: 6518 op, 1003348033.00 ns, 153.9350 us/op, 82159031.00 uJpkg, 0.00 uJdram
WorkloadResult  12: 6518 op, 999277983.00 ns, 153.3105 us/op, 81359167.00 uJpkg, 0.00 uJdram
WorkloadResult  13: 6518 op, 1005210321.00 ns, 154.2207 us/op, 81788914.00 uJpkg, 0.00 uJdram
WorkloadResult  14: 6518 op, 1000660193.00 ns, 153.5226 us/op, 82071812.00 uJpkg, 0.00 uJdram
WorkloadResult  15: 6518 op, 999896108.00 ns, 153.4054 us/op, 81887547.00 uJpkg, 0.00 uJdram

// AfterAll
// Benchmark Process 4070724 has exited with code 0.

Mean = 153.412 μs, StdErr = 0.078 μs (0.05%), N = 15, StdDev = 0.302 μs
Min = 152.970 μs, Q1 = 153.262 μs, Median = 153.342 μs, Q3 = 153.404 μs, Max = 154.221 μs
IQR = 0.142 μs, LowerFence = 153.050 μs, UpperFence = 153.616 μs
ConfidenceInterval = [153.089 μs; 153.735 μs] (CI 99.9%), Margin = 0.323 μs (0.21% of Mean)
Skewness = 1.36, Kurtosis = 4.36, MValue = 2

// ** Remained 25 (83.3%) benchmark(s) to run. Estimated finish 2025-12-31 22:48 (0h 11m from now) **
// **************************
// Benchmark: JsonSerializationBenchmarks.STJ_Deserialize_Medium: Overhead-Fixed-Energy-10(OutlierMode=DontRemove, IterationCount=15, IterationTime=1s, LaunchCount=1, WarmupCount=6)
// *** Execute ***
// Launch: 1 / 1
// Execute: dotnet Serialization.Bench-Overhead-Fixed-Energy-10-1.dll --anonymousPipes 103 104 --benchmarkName Serialization.Bench.JsonSerializationBenchmarks.STJ_Deserialize_Medium --job Overhead-Fixed-Energy-10 --benchmarkId 5 in /home/test/rapl-tests/lib-energy-bench/src/Serialization.Bench/bin/Release/net8.0/Serialization.Bench-Overhead-Fixed-Energy-10-1/bin/Release/net8.0
// BeforeAnythingElse

// Benchmark Process Environment Information:
// BenchmarkDotNet v0.15.5-develop (2025-12-31)
// Runtime=.NET 8.0.21 (8.0.21, 8.0.2125.47513), X64 RyuJIT x86-64-v4
// GC=Concurrent Workstation
// HardwareIntrinsics=AVX512 IFMA+VBMI,AVX512 F+BW+CD+DQ+VL,AVX2+BMI1+BMI2+F16C+FMA+LZCNT+MOVBE,AVX,SSE3+SSSE3+SSE4.1+SSE4.2+POPCNT,X86Base+SSE+SSE2,AES+PCLMUL VectorSize=256
// Job: Overhead-Fixed-Energy-10(OutlierMode=DontRemove, IterationCount=15, IterationTime=1s, LaunchCount=1, WarmupCount=6)

OverheadJitting  1: 1 op, 140004.00 ns, 140.0040 us/op, 62988.00 uJpkg, 0.00 uJdram
WorkloadJitting  1: 1 op, 287116.00 ns, 287.1160 us/op, 0.00 uJpkg, 0.00 uJdram

OverheadJitting  2: 16 op, 389974.00 ns, 24.3734 us/op, 58716.00 uJpkg, 0.00 uJdram
WorkloadJitting  2: 16 op, 2208930.00 ns, 138.0581 us/op, 130798.00 uJpkg, 0.00 uJdram

WorkloadPilot    1: 16 op, 1876611.00 ns, 117.2882 us/op, 133240.00 uJpkg, 0.00 uJdram
WorkloadPilot    2: 8528 op, 692082508.00 ns, 81.1541 us/op, 59069185.00 uJpkg, 0.00 uJdram
WorkloadPilot    3: 12336 op, 652113396.00 ns, 52.8626 us/op, 55071575.00 uJpkg, 0.00 uJdram
WorkloadPilot    4: 18928 op, 998437942.00 ns, 52.7493 us/op, 83550323.00 uJpkg, 0.00 uJdram
WorkloadPilot    5: 18960 op, 999006032.00 ns, 52.6902 us/op, 83936370.00 uJpkg, 0.00 uJdram
WorkloadPilot    6: 18992 op, 1002242838.00 ns, 52.7718 us/op, 83963347.00 uJpkg, 0.00 uJdram
WorkloadPilot    7: 18960 op, 1003054137.00 ns, 52.9037 us/op, 84693570.00 uJpkg, 0.00 uJdram
WorkloadPilot    8: 18912 op, 997142646.00 ns, 52.7254 us/op, 83252900.00 uJpkg, 0.00 uJdram
WorkloadPilot    9: 18976 op, 1000610615.00 ns, 52.7303 us/op, 84008452.00 uJpkg, 0.00 uJdram

OverheadWarmup   1: 18976 op, 65169.00 ns, 3.4343 ns/op, 0.00 uJpkg, 0.00 uJdram
OverheadWarmup   2: 18976 op, 70342.00 ns, 3.7069 ns/op, 0.00 uJpkg, 0.00 uJdram
OverheadWarmup   3: 18976 op, 64786.00 ns, 3.4141 ns/op, 0.00 uJpkg, 0.00 uJdram
OverheadWarmup   4: 18976 op, 65181.00 ns, 3.4349 ns/op, 0.00 uJpkg, 0.00 uJdram
OverheadWarmup   5: 18976 op, 64784.00 ns, 3.4140 ns/op, 0.00 uJpkg, 0.00 uJdram

OverheadActual   1: 18976 op, 64804.00 ns, 3.4151 ns/op, 0.00 uJpkg, 0.00 uJdram
OverheadActual   2: 18976 op, 65216.00 ns, 3.4368 ns/op, 0.00 uJpkg, 0.00 uJdram
OverheadActual   3: 18976 op, 64795.00 ns, 3.4146 ns/op, 0.00 uJpkg, 0.00 uJdram
OverheadActual   4: 18976 op, 64800.00 ns, 3.4148 ns/op, 0.00 uJpkg, 0.00 uJdram
OverheadActual   5: 18976 op, 64795.00 ns, 3.4146 ns/op, 0.00 uJpkg, 0.00 uJdram
OverheadActual   6: 18976 op, 66489.00 ns, 3.5038 ns/op, 0.00 uJpkg, 0.00 uJdram
OverheadActual   7: 18976 op, 64783.00 ns, 3.4139 ns/op, 0.00 uJpkg, 0.00 uJdram
OverheadActual   8: 18976 op, 64795.00 ns, 3.4146 ns/op, 0.00 uJpkg, 0.00 uJdram
OverheadActual   9: 18976 op, 65164.00 ns, 3.4340 ns/op, 0.00 uJpkg, 0.00 uJdram
OverheadActual  10: 18976 op, 64802.00 ns, 3.4149 ns/op, 0.00 uJpkg, 0.00 uJdram
OverheadActual  11: 18976 op, 64782.00 ns, 3.4139 ns/op, 0.00 uJpkg, 0.00 uJdram
OverheadActual  12: 18976 op, 64778.00 ns, 3.4137 ns/op, 80871.00 uJpkg, 0.00 uJdram
OverheadActual  13: 18976 op, 65202.00 ns, 3.4360 ns/op, 0.00 uJpkg, 0.00 uJdram
OverheadActual  14: 18976 op, 64815.00 ns, 3.4156 ns/op, 0.00 uJpkg, 0.00 uJdram
OverheadActual  15: 18976 op, 64787.00 ns, 3.4142 ns/op, 0.00 uJpkg, 0.00 uJdram

WorkloadWarmup   1: 18976 op, 1003625545.00 ns, 52.8892 us/op, 86768881.00 uJpkg, 0.00 uJdram
WorkloadWarmup   2: 18976 op, 1001399879.00 ns, 52.7719 us/op, 84259917.00 uJpkg, 0.00 uJdram
WorkloadWarmup   3: 18976 op, 1001166798.00 ns, 52.7596 us/op, 84059965.00 uJpkg, 0.00 uJdram
WorkloadWarmup   4: 18976 op, 1000229558.00 ns, 52.7102 us/op, 83891264.00 uJpkg, 0.00 uJdram
WorkloadWarmup   5: 18976 op, 1001915496.00 ns, 52.7991 us/op, 84082976.00 uJpkg, 0.00 uJdram
WorkloadWarmup   6: 18976 op, 1000309951.00 ns, 52.7145 us/op, 84197050.00 uJpkg, 0.00 uJdram

// BeforeActualRun
WorkloadActual   1: 18976 op, 1001247398.00 ns, 52.7639 us/op, 84158659.00 uJpkg, 0.00 uJdram
WorkloadActual   2: 18976 op, 1002520462.00 ns, 52.8310 us/op, 83704254.00 uJpkg, 0.00 uJdram
WorkloadActual   3: 18976 op, 1002741562.00 ns, 52.8426 us/op, 84536527.00 uJpkg, 0.00 uJdram
WorkloadActual   4: 18976 op, 1000346211.00 ns, 52.7164 us/op, 84557156.00 uJpkg, 0.00 uJdram
WorkloadActual   5: 18976 op, 1001581916.00 ns, 52.7815 us/op, 84436307.00 uJpkg, 0.00 uJdram
WorkloadActual   6: 18976 op, 999874741.00 ns, 52.6915 us/op, 83915923.00 uJpkg, 0.00 uJdram
WorkloadActual   7: 18976 op, 999705776.00 ns, 52.6826 us/op, 84244963.00 uJpkg, 0.00 uJdram
WorkloadActual   8: 18976 op, 999254240.00 ns, 52.6588 us/op, 84682156.00 uJpkg, 0.00 uJdram
WorkloadActual   9: 18976 op, 999502581.00 ns, 52.6719 us/op, 84692349.00 uJpkg, 0.00 uJdram
WorkloadActual  10: 18976 op, 1003051234.00 ns, 52.8589 us/op, 85946069.00 uJpkg, 0.00 uJdram
WorkloadActual  11: 18976 op, 999222050.00 ns, 52.6571 us/op, 83994780.00 uJpkg, 0.00 uJdram
WorkloadActual  12: 18976 op, 999746623.00 ns, 52.6848 us/op, 84501737.00 uJpkg, 0.00 uJdram
WorkloadActual  13: 18976 op, 999197716.00 ns, 52.6559 us/op, 84072478.00 uJpkg, 0.00 uJdram
WorkloadActual  14: 18976 op, 1000254229.00 ns, 52.7115 us/op, 83893095.00 uJpkg, 0.00 uJdram
WorkloadActual  15: 18976 op, 999310732.00 ns, 52.6618 us/op, 84538541.00 uJpkg, 0.00 uJdram

// AfterActualRun
WorkloadResult   1: 18976 op, 1001182598.00 ns, 52.7605 us/op, 84158659.00 uJpkg, 0.00 uJdram
WorkloadResult   2: 18976 op, 1002455662.00 ns, 52.8276 us/op, 83704254.00 uJpkg, 0.00 uJdram
WorkloadResult   3: 18976 op, 1002676762.00 ns, 52.8392 us/op, 84536527.00 uJpkg, 0.00 uJdram
WorkloadResult   4: 18976 op, 1000281411.00 ns, 52.7130 us/op, 84557156.00 uJpkg, 0.00 uJdram
WorkloadResult   5: 18976 op, 1001517116.00 ns, 52.7781 us/op, 84436307.00 uJpkg, 0.00 uJdram
WorkloadResult   6: 18976 op, 999809941.00 ns, 52.6881 us/op, 83915923.00 uJpkg, 0.00 uJdram
WorkloadResult   7: 18976 op, 999640976.00 ns, 52.6792 us/op, 84244963.00 uJpkg, 0.00 uJdram
WorkloadResult   8: 18976 op, 999189440.00 ns, 52.6554 us/op, 84682156.00 uJpkg, 0.00 uJdram
WorkloadResult   9: 18976 op, 999437781.00 ns, 52.6685 us/op, 84692349.00 uJpkg, 0.00 uJdram
WorkloadResult  10: 18976 op, 1002986434.00 ns, 52.8555 us/op, 85946069.00 uJpkg, 0.00 uJdram
WorkloadResult  11: 18976 op, 999157250.00 ns, 52.6537 us/op, 83994780.00 uJpkg, 0.00 uJdram
WorkloadResult  12: 18976 op, 999681823.00 ns, 52.6814 us/op, 84501737.00 uJpkg, 0.00 uJdram
WorkloadResult  13: 18976 op, 999132916.00 ns, 52.6525 us/op, 84072478.00 uJpkg, 0.00 uJdram
WorkloadResult  14: 18976 op, 1000189429.00 ns, 52.7081 us/op, 83893095.00 uJpkg, 0.00 uJdram
WorkloadResult  15: 18976 op, 999245932.00 ns, 52.6584 us/op, 84538541.00 uJpkg, 0.00 uJdram

// AfterAll
// Benchmark Process 4070740 has exited with code 0.

Mean = 52.721 μs, StdErr = 0.019 μs (0.04%), N = 15, StdDev = 0.072 μs
Min = 52.652 μs, Q1 = 52.663 μs, Median = 52.688 μs, Q3 = 52.769 μs, Max = 52.856 μs
IQR = 0.106 μs, LowerFence = 52.505 μs, UpperFence = 52.928 μs
ConfidenceInterval = [52.644 μs; 52.799 μs] (CI 99.9%), Margin = 0.077 μs (0.15% of Mean)
Skewness = 0.71, Kurtosis = 1.84, MValue = 2

// ** Remained 24 (80.0%) benchmark(s) to run. Estimated finish 2025-12-31 22:49 (0h 10m from now) **
// **************************
// Benchmark: JsonSerializationBenchmarks.Newtonsoft_Deserialize_Medium: Overhead-Fixed-Energy-10(OutlierMode=DontRemove, IterationCount=15, IterationTime=1s, LaunchCount=1, WarmupCount=6)
// *** Execute ***
// Launch: 1 / 1
// Execute: dotnet Serialization.Bench-Overhead-Fixed-Energy-10-1.dll --anonymousPipes 103 104 --benchmarkName Serialization.Bench.JsonSerializationBenchmarks.Newtonsoft_Deserialize_Medium --job Overhead-Fixed-Energy-10 --benchmarkId 6 in /home/test/rapl-tests/lib-energy-bench/src/Serialization.Bench/bin/Release/net8.0/Serialization.Bench-Overhead-Fixed-Energy-10-1/bin/Release/net8.0
// BeforeAnythingElse

// Benchmark Process Environment Information:
// BenchmarkDotNet v0.15.5-develop (2025-12-31)
// Runtime=.NET 8.0.21 (8.0.21, 8.0.2125.47513), X64 RyuJIT x86-64-v4
// GC=Concurrent Workstation
// HardwareIntrinsics=AVX512 IFMA+VBMI,AVX512 F+BW+CD+DQ+VL,AVX2+BMI1+BMI2+F16C+FMA+LZCNT+MOVBE,AVX,SSE3+SSSE3+SSE4.1+SSE4.2+POPCNT,X86Base+SSE+SSE2,AES+PCLMUL VectorSize=256
// Job: Overhead-Fixed-Energy-10(OutlierMode=DontRemove, IterationCount=15, IterationTime=1s, LaunchCount=1, WarmupCount=6)

OverheadJitting  1: 1 op, 140671.00 ns, 140.6710 us/op, 67993.00 uJpkg, 0.00 uJdram
WorkloadJitting  1: 1 op, 53446172.00 ns, 53.4462 ms/op, 3341544.00 uJpkg, 0.00 uJdram

OverheadJitting  2: 16 op, 392364.00 ns, 24.5228 us/op, 71350.00 uJpkg, 0.00 uJdram
WorkloadJitting  2: 16 op, 5649069.00 ns, 353.0668 us/op, 421508.00 uJpkg, 0.00 uJdram

WorkloadPilot    1: 16 op, 5010275.00 ns, 313.1422 us/op, 338866.00 uJpkg, 0.00 uJdram
WorkloadPilot    2: 3200 op, 448661129.00 ns, 140.2066 us/op, 37883692.00 uJpkg, 0.00 uJdram
WorkloadPilot    3: 7136 op, 470065600.00 ns, 65.8724 us/op, 39687520.00 uJpkg, 0.00 uJdram
WorkloadPilot    4: 15184 op, 997905943.00 ns, 65.7209 us/op, 84196562.00 uJpkg, 0.00 uJdram
WorkloadPilot    5: 15216 op, 999268766.00 ns, 65.6722 us/op, 84390653.00 uJpkg, 0.00 uJdram
WorkloadPilot    6: 15232 op, 1004180823.00 ns, 65.9257 us/op, 85589441.00 uJpkg, 0.00 uJdram
WorkloadPilot    7: 15184 op, 996859415.00 ns, 65.6520 us/op, 84240018.00 uJpkg, 0.00 uJdram
WorkloadPilot    8: 15232 op, 1002387066.00 ns, 65.8080 us/op, 85012783.00 uJpkg, 0.00 uJdram
WorkloadPilot    9: 15200 op, 1002460692.00 ns, 65.9514 us/op, 85724329.00 uJpkg, 0.00 uJdram

OverheadWarmup   1: 15200 op, 54705.00 ns, 3.5990 ns/op, 0.00 uJpkg, 0.00 uJdram
OverheadWarmup   2: 15200 op, 53020.00 ns, 3.4882 ns/op, 0.00 uJpkg, 0.00 uJdram
OverheadWarmup   3: 15200 op, 55266.00 ns, 3.6359 ns/op, 0.00 uJpkg, 0.00 uJdram
OverheadWarmup   4: 15200 op, 52988.00 ns, 3.4861 ns/op, 0.00 uJpkg, 0.00 uJdram
OverheadWarmup   5: 15200 op, 53274.00 ns, 3.5049 ns/op, 0.00 uJpkg, 0.00 uJdram
OverheadWarmup   6: 15200 op, 52989.00 ns, 3.4861 ns/op, 0.00 uJpkg, 0.00 uJdram

OverheadActual   1: 15200 op, 56836.00 ns, 3.7392 ns/op, 0.00 uJpkg, 0.00 uJdram
OverheadActual   2: 15200 op, 53038.00 ns, 3.4893 ns/op, 0.00 uJpkg, 0.00 uJdram
OverheadActual   3: 15200 op, 53351.00 ns, 3.5099 ns/op, 0.00 uJpkg, 0.00 uJdram
OverheadActual   4: 15200 op, 53028.00 ns, 3.4887 ns/op, 0.00 uJpkg, 0.00 uJdram
OverheadActual   5: 15200 op, 52977.00 ns, 3.4853 ns/op, 0.00 uJpkg, 0.00 uJdram
OverheadActual   6: 15200 op, 53011.00 ns, 3.4876 ns/op, 0.00 uJpkg, 0.00 uJdram
OverheadActual   7: 15200 op, 55462.00 ns, 3.6488 ns/op, 0.00 uJpkg, 0.00 uJdram
OverheadActual   8: 15200 op, 52989.00 ns, 3.4861 ns/op, 0.00 uJpkg, 0.00 uJdram
OverheadActual   9: 15200 op, 52988.00 ns, 3.4861 ns/op, 0.00 uJpkg, 0.00 uJdram
OverheadActual  10: 15200 op, 52969.00 ns, 3.4848 ns/op, 0.00 uJpkg, 0.00 uJdram
OverheadActual  11: 15200 op, 52975.00 ns, 3.4852 ns/op, 0.00 uJpkg, 0.00 uJdram
OverheadActual  12: 15200 op, 53421.00 ns, 3.5145 ns/op, 0.00 uJpkg, 0.00 uJdram
OverheadActual  13: 15200 op, 52998.00 ns, 3.4867 ns/op, 0.00 uJpkg, 0.00 uJdram
OverheadActual  14: 15200 op, 52986.00 ns, 3.4859 ns/op, 0.00 uJpkg, 0.00 uJdram
OverheadActual  15: 15200 op, 54361.00 ns, 3.5764 ns/op, 0.00 uJpkg, 0.00 uJdram

WorkloadWarmup   1: 15200 op, 1005934725.00 ns, 66.1799 us/op, 88051410.00 uJpkg, 0.00 uJdram
WorkloadWarmup   2: 15200 op, 1000421496.00 ns, 65.8172 us/op, 84613614.00 uJpkg, 0.00 uJdram
WorkloadWarmup   3: 15200 op, 997135647.00 ns, 65.6010 us/op, 84352812.00 uJpkg, 0.00 uJdram
WorkloadWarmup   4: 15200 op, 996991084.00 ns, 65.5915 us/op, 84646085.00 uJpkg, 0.00 uJdram
WorkloadWarmup   5: 15200 op, 998483717.00 ns, 65.6897 us/op, 84584684.00 uJpkg, 0.00 uJdram
WorkloadWarmup   6: 15200 op, 998529225.00 ns, 65.6927 us/op, 84073942.00 uJpkg, 0.00 uJdram

// BeforeActualRun
WorkloadActual   1: 15200 op, 999574220.00 ns, 65.7615 us/op, 84201811.00 uJpkg, 0.00 uJdram
WorkloadActual   2: 15200 op, 1001528570.00 ns, 65.8900 us/op, 84475919.00 uJpkg, 0.00 uJdram
WorkloadActual   3: 15200 op, 1000030493.00 ns, 65.7915 us/op, 84816922.00 uJpkg, 0.00 uJdram
WorkloadActual   4: 15200 op, 1000461786.00 ns, 65.8199 us/op, 84982815.00 uJpkg, 0.00 uJdram
WorkloadActual   5: 15200 op, 999347635.00 ns, 65.7466 us/op, 84717557.00 uJpkg, 0.00 uJdram
WorkloadActual   6: 15200 op, 999854245.00 ns, 65.7799 us/op, 84471891.00 uJpkg, 0.00 uJdram
WorkloadActual   7: 15200 op, 1000926592.00 ns, 65.8504 us/op, 84887844.00 uJpkg, 0.00 uJdram
WorkloadActual   8: 15200 op, 996831846.00 ns, 65.5810 us/op, 84358060.00 uJpkg, 0.00 uJdram
WorkloadActual   9: 15200 op, 999816310.00 ns, 65.7774 us/op, 84734707.00 uJpkg, 0.00 uJdram
WorkloadActual  10: 15200 op, 1001661235.00 ns, 65.8988 us/op, 86145165.00 uJpkg, 0.00 uJdram
WorkloadActual  11: 15200 op, 998276644.00 ns, 65.6761 us/op, 84670926.00 uJpkg, 0.00 uJdram
WorkloadActual  12: 15200 op, 996074346.00 ns, 65.5312 us/op, 84068449.00 uJpkg, 0.00 uJdram
WorkloadActual  13: 15200 op, 997954801.00 ns, 65.6549 us/op, 84251738.00 uJpkg, 0.00 uJdram
WorkloadActual  14: 15200 op, 1000118620.00 ns, 65.7973 us/op, 84660611.00 uJpkg, 0.00 uJdram
WorkloadActual  15: 15200 op, 999764790.00 ns, 65.7740 us/op, 84885403.00 uJpkg, 0.00 uJdram

// AfterActualRun
WorkloadResult   1: 15200 op, 999521209.00 ns, 65.7580 us/op, 84201811.00 uJpkg, 0.00 uJdram
WorkloadResult   2: 15200 op, 1001475559.00 ns, 65.8865 us/op, 84475919.00 uJpkg, 0.00 uJdram
WorkloadResult   3: 15200 op, 999977482.00 ns, 65.7880 us/op, 84816922.00 uJpkg, 0.00 uJdram
WorkloadResult   4: 15200 op, 1000408775.00 ns, 65.8164 us/op, 84982815.00 uJpkg, 0.00 uJdram
WorkloadResult   5: 15200 op, 999294624.00 ns, 65.7431 us/op, 84717557.00 uJpkg, 0.00 uJdram
WorkloadResult   6: 15200 op, 999801234.00 ns, 65.7764 us/op, 84471891.00 uJpkg, 0.00 uJdram
WorkloadResult   7: 15200 op, 1000873581.00 ns, 65.8469 us/op, 84887844.00 uJpkg, 0.00 uJdram
WorkloadResult   8: 15200 op, 996778835.00 ns, 65.5776 us/op, 84358060.00 uJpkg, 0.00 uJdram
WorkloadResult   9: 15200 op, 999763299.00 ns, 65.7739 us/op, 84734707.00 uJpkg, 0.00 uJdram
WorkloadResult  10: 15200 op, 1001608224.00 ns, 65.8953 us/op, 86145165.00 uJpkg, 0.00 uJdram
WorkloadResult  11: 15200 op, 998223633.00 ns, 65.6726 us/op, 84670926.00 uJpkg, 0.00 uJdram
WorkloadResult  12: 15200 op, 996021335.00 ns, 65.5277 us/op, 84068449.00 uJpkg, 0.00 uJdram
WorkloadResult  13: 15200 op, 997901790.00 ns, 65.6514 us/op, 84251738.00 uJpkg, 0.00 uJdram
WorkloadResult  14: 15200 op, 1000065609.00 ns, 65.7938 us/op, 84660611.00 uJpkg, 0.00 uJdram
WorkloadResult  15: 15200 op, 999711779.00 ns, 65.7705 us/op, 84885403.00 uJpkg, 0.00 uJdram

// AfterAll
// Benchmark Process 4070759 has exited with code 0.

Mean = 65.752 μs, StdErr = 0.027 μs (0.04%), N = 15, StdDev = 0.105 μs
Min = 65.528 μs, Q1 = 65.708 μs, Median = 65.774 μs, Q3 = 65.805 μs, Max = 65.895 μs
IQR = 0.097 μs, LowerFence = 65.562 μs, UpperFence = 65.951 μs
ConfidenceInterval = [65.640 μs; 65.864 μs] (CI 99.9%), Margin = 0.112 μs (0.17% of Mean)
Skewness = -0.66, Kurtosis = 2.46, MValue = 2

// ** Remained 23 (76.7%) benchmark(s) to run. Estimated finish 2025-12-31 22:49 (0h 10m from now) **
// **************************
// Benchmark: JsonSerializationBenchmarks.Jil_Deserialize_Medium: Overhead-Fixed-Energy-10(OutlierMode=DontRemove, IterationCount=15, IterationTime=1s, LaunchCount=1, WarmupCount=6)
// *** Execute ***
// Launch: 1 / 1
// Execute: dotnet Serialization.Bench-Overhead-Fixed-Energy-10-1.dll --anonymousPipes 103 104 --benchmarkName Serialization.Bench.JsonSerializationBenchmarks.Jil_Deserialize_Medium --job Overhead-Fixed-Energy-10 --benchmarkId 7 in /home/test/rapl-tests/lib-energy-bench/src/Serialization.Bench/bin/Release/net8.0/Serialization.Bench-Overhead-Fixed-Energy-10-1/bin/Release/net8.0
// BeforeAnythingElse

// Benchmark Process Environment Information:
// BenchmarkDotNet v0.15.5-develop (2025-12-31)
// Runtime=.NET 8.0.21 (8.0.21, 8.0.2125.47513), X64 RyuJIT x86-64-v4
// GC=Concurrent Workstation
// HardwareIntrinsics=AVX512 IFMA+VBMI,AVX512 F+BW+CD+DQ+VL,AVX2+BMI1+BMI2+F16C+FMA+LZCNT+MOVBE,AVX,SSE3+SSSE3+SSE4.1+SSE4.2+POPCNT,X86Base+SSE+SSE2,AES+PCLMUL VectorSize=256
// Job: Overhead-Fixed-Energy-10(OutlierMode=DontRemove, IterationCount=15, IterationTime=1s, LaunchCount=1, WarmupCount=6)

OverheadJitting  1: 1 op, 151421.00 ns, 151.4210 us/op, 57373.00 uJpkg, 0.00 uJdram
WorkloadJitting  1: 1 op, 199289053.00 ns, 199.2891 ms/op, 12569792.00 uJpkg, 0.00 uJdram

WorkloadPilot    1: 4 op, 778601.00 ns, 194.6503 us/op, 59265.00 uJpkg, 0.00 uJdram
WorkloadPilot    2: 5137 op, 385716905.00 ns, 75.0860 us/op, 29533250.00 uJpkg, 0.00 uJdram
WorkloadPilot    3: 13318 op, 740742255.00 ns, 55.6196 us/op, 60195097.00 uJpkg, 0.00 uJdram
WorkloadPilot    4: 17979 op, 995319479.00 ns, 55.3601 us/op, 80553260.00 uJpkg, 0.00 uJdram
WorkloadPilot    5: 18064 op, 999764490.00 ns, 55.3457 us/op, 80916602.00 uJpkg, 0.00 uJdram
WorkloadPilot    6: 18068 op, 1001480848.00 ns, 55.4284 us/op, 80831336.00 uJpkg, 0.00 uJdram
WorkloadPilot    7: 18041 op, 1001118417.00 ns, 55.4913 us/op, 80545143.00 uJpkg, 0.00 uJdram
WorkloadPilot    8: 18021 op, 999511374.00 ns, 55.4637 us/op, 80437782.00 uJpkg, 0.00 uJdram
WorkloadPilot    9: 18030 op, 997854648.00 ns, 55.3441 us/op, 80283364.00 uJpkg, 0.00 uJdram
WorkloadPilot   10: 18069 op, 1001342032.00 ns, 55.4177 us/op, 81157324.00 uJpkg, 0.00 uJdram

WorkloadWarmup   1: 18069 op, 1003932171.00 ns, 55.5610 us/op, 81524755.00 uJpkg, 0.00 uJdram
WorkloadWarmup   2: 18069 op, 1002787581.00 ns, 55.4977 us/op, 81231787.00 uJpkg, 0.00 uJdram
WorkloadWarmup   3: 18069 op, 1003133099.00 ns, 55.5168 us/op, 80683143.00 uJpkg, 0.00 uJdram
WorkloadWarmup   4: 18069 op, 1002512208.00 ns, 55.4824 us/op, 80997107.00 uJpkg, 0.00 uJdram
WorkloadWarmup   5: 18069 op, 1002660691.00 ns, 55.4907 us/op, 81505651.00 uJpkg, 0.00 uJdram
WorkloadWarmup   6: 18069 op, 1002050943.00 ns, 55.4569 us/op, 81047949.00 uJpkg, 0.00 uJdram

// BeforeActualRun
WorkloadActual   1: 18069 op, 1000612071.00 ns, 55.3773 us/op, 82184970.00 uJpkg, 0.00 uJdram
WorkloadActual   2: 18069 op, 1003316653.00 ns, 55.5270 us/op, 82539278.00 uJpkg, 0.00 uJdram
WorkloadActual   3: 18069 op, 1002285912.00 ns, 55.4699 us/op, 81303198.00 uJpkg, 0.00 uJdram
WorkloadActual   4: 18069 op, 1002437543.00 ns, 55.4783 us/op, 81194372.00 uJpkg, 0.00 uJdram
WorkloadActual   5: 18069 op, 1003500006.00 ns, 55.5371 us/op, 81263220.00 uJpkg, 0.00 uJdram
WorkloadActual   6: 18069 op, 1002606979.00 ns, 55.4877 us/op, 81319921.00 uJpkg, 0.00 uJdram
WorkloadActual   7: 18069 op, 1002284773.00 ns, 55.4699 us/op, 81095617.00 uJpkg, 0.00 uJdram
WorkloadActual   8: 18069 op, 1002369572.00 ns, 55.4745 us/op, 81274512.00 uJpkg, 0.00 uJdram
WorkloadActual   9: 18069 op, 1001413331.00 ns, 55.4216 us/op, 81582555.00 uJpkg, 0.00 uJdram
WorkloadActual  10: 18069 op, 1001905516.00 ns, 55.4489 us/op, 81628392.00 uJpkg, 0.00 uJdram
WorkloadActual  11: 18069 op, 1001986648.00 ns, 55.4534 us/op, 81429235.00 uJpkg, 0.00 uJdram
WorkloadActual  12: 18069 op, 1002038547.00 ns, 55.4562 us/op, 81446202.00 uJpkg, 0.00 uJdram
WorkloadActual  13: 18069 op, 1002089063.00 ns, 55.4590 us/op, 82336581.00 uJpkg, 0.00 uJdram
WorkloadActual  14: 18069 op, 999697282.00 ns, 55.3267 us/op, 81040259.00 uJpkg, 0.00 uJdram
WorkloadActual  15: 18069 op, 1000091511.00 ns, 55.3485 us/op, 80849280.00 uJpkg, 0.00 uJdram

// AfterActualRun
WorkloadResult   1: 18069 op, 1000612071.00 ns, 55.3773 us/op, 82184970.00 uJpkg, 0.00 uJdram
WorkloadResult   2: 18069 op, 1003316653.00 ns, 55.5270 us/op, 82539278.00 uJpkg, 0.00 uJdram
WorkloadResult   3: 18069 op, 1002285912.00 ns, 55.4699 us/op, 81303198.00 uJpkg, 0.00 uJdram
WorkloadResult   4: 18069 op, 1002437543.00 ns, 55.4783 us/op, 81194372.00 uJpkg, 0.00 uJdram
WorkloadResult   5: 18069 op, 1003500006.00 ns, 55.5371 us/op, 81263220.00 uJpkg, 0.00 uJdram
WorkloadResult   6: 18069 op, 1002606979.00 ns, 55.4877 us/op, 81319921.00 uJpkg, 0.00 uJdram
WorkloadResult   7: 18069 op, 1002284773.00 ns, 55.4699 us/op, 81095617.00 uJpkg, 0.00 uJdram
WorkloadResult   8: 18069 op, 1002369572.00 ns, 55.4745 us/op, 81274512.00 uJpkg, 0.00 uJdram
WorkloadResult   9: 18069 op, 1001413331.00 ns, 55.4216 us/op, 81582555.00 uJpkg, 0.00 uJdram
WorkloadResult  10: 18069 op, 1001905516.00 ns, 55.4489 us/op, 81628392.00 uJpkg, 0.00 uJdram
WorkloadResult  11: 18069 op, 1001986648.00 ns, 55.4534 us/op, 81429235.00 uJpkg, 0.00 uJdram
WorkloadResult  12: 18069 op, 1002038547.00 ns, 55.4562 us/op, 81446202.00 uJpkg, 0.00 uJdram
WorkloadResult  13: 18069 op, 1002089063.00 ns, 55.4590 us/op, 82336581.00 uJpkg, 0.00 uJdram
WorkloadResult  14: 18069 op, 999697282.00 ns, 55.3267 us/op, 81040259.00 uJpkg, 0.00 uJdram
WorkloadResult  15: 18069 op, 1000091511.00 ns, 55.3485 us/op, 80849280.00 uJpkg, 0.00 uJdram

// AfterAll
// Benchmark Process 4070777 has exited with code 0.

Mean = 55.449 μs, StdErr = 0.015 μs (0.03%), N = 15, StdDev = 0.059 μs
Min = 55.327 μs, Q1 = 55.435 μs, Median = 55.459 μs, Q3 = 55.476 μs, Max = 55.537 μs
IQR = 0.041 μs, LowerFence = 55.373 μs, UpperFence = 55.538 μs
ConfidenceInterval = [55.386 μs; 55.512 μs] (CI 99.9%), Margin = 0.063 μs (0.11% of Mean)
Skewness = -0.64, Kurtosis = 2.49, MValue = 2

// ** Remained 22 (73.3%) benchmark(s) to run. Estimated finish 2025-12-31 22:49 (0h 10m from now) **
// **************************
// Benchmark: JsonSerializationBenchmarks.Utf8Json_Deserialize_Medium: Overhead-Fixed-Energy-10(OutlierMode=DontRemove, IterationCount=15, IterationTime=1s, LaunchCount=1, WarmupCount=6)
// *** Execute ***
// Launch: 1 / 1
// Execute: dotnet Serialization.Bench-Overhead-Fixed-Energy-10-1.dll --anonymousPipes 103 104 --benchmarkName Serialization.Bench.JsonSerializationBenchmarks.Utf8Json_Deserialize_Medium --job Overhead-Fixed-Energy-10 --benchmarkId 8 in /home/test/rapl-tests/lib-energy-bench/src/Serialization.Bench/bin/Release/net8.0/Serialization.Bench-Overhead-Fixed-Energy-10-1/bin/Release/net8.0
// BeforeAnythingElse

// Benchmark Process Environment Information:
// BenchmarkDotNet v0.15.5-develop (2025-12-31)
// Runtime=.NET 8.0.21 (8.0.21, 8.0.2125.47513), X64 RyuJIT x86-64-v4
// GC=Concurrent Workstation
// HardwareIntrinsics=AVX512 IFMA+VBMI,AVX512 F+BW+CD+DQ+VL,AVX2+BMI1+BMI2+F16C+FMA+LZCNT+MOVBE,AVX,SSE3+SSSE3+SSE4.1+SSE4.2+POPCNT,X86Base+SSE+SSE2,AES+PCLMUL VectorSize=256
// Job: Overhead-Fixed-Energy-10(OutlierMode=DontRemove, IterationCount=15, IterationTime=1s, LaunchCount=1, WarmupCount=6)

OverheadJitting  1: 1 op, 141534.00 ns, 141.5340 us/op, 0.00 uJpkg, 0.00 uJdram
WorkloadJitting  1: 1 op, 56103104.00 ns, 56.1031 ms/op, 3425284.00 uJpkg, 0.00 uJdram

OverheadJitting  2: 16 op, 405904.00 ns, 25.3690 us/op, 0.00 uJpkg, 0.00 uJdram
WorkloadJitting  2: 16 op, 4766247.00 ns, 297.8904 us/op, 370727.00 uJpkg, 0.00 uJdram

WorkloadPilot    1: 16 op, 4076191.00 ns, 254.7619 us/op, 258300.00 uJpkg, 0.00 uJdram
WorkloadPilot    2: 3936 op, 700461440.00 ns, 177.9628 us/op, 61415126.00 uJpkg, 0.00 uJdram
WorkloadPilot    3: 5632 op, 348368894.00 ns, 61.8553 us/op, 29161241.00 uJpkg, 0.00 uJdram
WorkloadPilot    4: 16176 op, 999418287.00 ns, 61.7840 us/op, 83599273.00 uJpkg, 0.00 uJdram
WorkloadPilot    5: 16192 op, 994401346.00 ns, 61.4131 us/op, 83193879.00 uJpkg, 0.00 uJdram
WorkloadPilot    6: 16288 op, 1004851038.00 ns, 61.6927 us/op, 84568570.00 uJpkg, 0.00 uJdram
WorkloadPilot    7: 16224 op, 999067300.00 ns, 61.5796 us/op, 84098539.00 uJpkg, 0.00 uJdram
WorkloadPilot    8: 16240 op, 999770195.00 ns, 61.5622 us/op, 83820404.00 uJpkg, 0.00 uJdram
WorkloadPilot    9: 16256 op, 1000089286.00 ns, 61.5212 us/op, 84156034.00 uJpkg, 0.00 uJdram

OverheadWarmup   1: 16256 op, 58019.00 ns, 3.5691 ns/op, 0.00 uJpkg, 0.00 uJdram
OverheadWarmup   2: 16256 op, 56650.00 ns, 3.4849 ns/op, 0.00 uJpkg, 0.00 uJdram
OverheadWarmup   3: 16256 op, 57617.00 ns, 3.5444 ns/op, 0.00 uJpkg, 0.00 uJdram
OverheadWarmup   4: 16256 op, 56675.00 ns, 3.4864 ns/op, 0.00 uJpkg, 0.00 uJdram
OverheadWarmup   5: 16256 op, 56873.00 ns, 3.4986 ns/op, 0.00 uJpkg, 0.00 uJdram
OverheadWarmup   6: 16256 op, 56690.00 ns, 3.4873 ns/op, 0.00 uJpkg, 0.00 uJdram

OverheadActual   1: 16256 op, 56674.00 ns, 3.4863 ns/op, 0.00 uJpkg, 0.00 uJdram
OverheadActual   2: 16256 op, 56676.00 ns, 3.4865 ns/op, 76477.00 uJpkg, 0.00 uJdram
OverheadActual   3: 16256 op, 57061.00 ns, 3.5102 ns/op, 0.00 uJpkg, 0.00 uJdram
OverheadActual   4: 16256 op, 58557.00 ns, 3.6022 ns/op, 0.00 uJpkg, 0.00 uJdram
OverheadActual   5: 16256 op, 56679.00 ns, 3.4867 ns/op, 0.00 uJpkg, 0.00 uJdram
OverheadActual   6: 16256 op, 56678.00 ns, 3.4866 ns/op, 0.00 uJpkg, 0.00 uJdram
OverheadActual   7: 16256 op, 56999.00 ns, 3.5063 ns/op, 0.00 uJpkg, 0.00 uJdram
OverheadActual   8: 16256 op, 56685.00 ns, 3.4870 ns/op, 0.00 uJpkg, 0.00 uJdram
OverheadActual   9: 16256 op, 56717.00 ns, 3.4890 ns/op, 0.00 uJpkg, 0.00 uJdram
OverheadActual  10: 16256 op, 59506.00 ns, 3.6606 ns/op, 0.00 uJpkg, 0.00 uJdram
OverheadActual  11: 16256 op, 57028.00 ns, 3.5081 ns/op, 0.00 uJpkg, 0.00 uJdram
OverheadActual  12: 16256 op, 56669.00 ns, 3.4860 ns/op, 0.00 uJpkg, 0.00 uJdram
OverheadActual  13: 16256 op, 56679.00 ns, 3.4867 ns/op, 69763.00 uJpkg, 0.00 uJdram
OverheadActual  14: 16256 op, 56672.00 ns, 3.4862 ns/op, 97045.00 uJpkg, 0.00 uJdram
OverheadActual  15: 16256 op, 57290.00 ns, 3.5242 ns/op, 0.00 uJpkg, 0.00 uJdram

WorkloadWarmup   1: 16256 op, 1004887379.00 ns, 61.8164 us/op, 86581748.00 uJpkg, 0.00 uJdram
WorkloadWarmup   2: 16256 op, 1007416511.00 ns, 61.9720 us/op, 85099147.00 uJpkg, 0.00 uJdram
WorkloadWarmup   3: 16256 op, 999188321.00 ns, 61.4658 us/op, 83687408.00 uJpkg, 0.00 uJdram
WorkloadWarmup   4: 16256 op, 997380876.00 ns, 61.3546 us/op, 83221894.00 uJpkg, 0.00 uJdram
WorkloadWarmup   5: 16256 op, 996904100.00 ns, 61.3253 us/op, 83171112.00 uJpkg, 0.00 uJdram
WorkloadWarmup   6: 16256 op, 1000530330.00 ns, 61.5484 us/op, 83728484.00 uJpkg, 0.00 uJdram

// BeforeActualRun
WorkloadActual   1: 16256 op, 998846386.00 ns, 61.4448 us/op, 84130949.00 uJpkg, 0.00 uJdram
WorkloadActual   2: 16256 op, 997921507.00 ns, 61.3879 us/op, 83510651.00 uJpkg, 0.00 uJdram
WorkloadActual   3: 16256 op, 998956770.00 ns, 61.4516 us/op, 83954558.00 uJpkg, 0.00 uJdram
WorkloadActual   4: 16256 op, 996555346.00 ns, 61.3038 us/op, 83136262.00 uJpkg, 0.00 uJdram
WorkloadActual   5: 16256 op, 997728320.00 ns, 61.3760 us/op, 83504425.00 uJpkg, 0.00 uJdram
WorkloadActual   6: 16256 op, 997498042.00 ns, 61.3618 us/op, 83262787.00 uJpkg, 0.00 uJdram
WorkloadActual   7: 16256 op, 998051695.00 ns, 61.3959 us/op, 83386017.00 uJpkg, 0.00 uJdram
WorkloadActual   8: 16256 op, 996519637.00 ns, 61.3017 us/op, 83364777.00 uJpkg, 0.00 uJdram
WorkloadActual   9: 16256 op, 998532936.00 ns, 61.4255 us/op, 83849334.00 uJpkg, 0.00 uJdram
WorkloadActual  10: 16256 op, 998075951.00 ns, 61.3974 us/op, 84584683.00 uJpkg, 0.00 uJdram
WorkloadActual  11: 16256 op, 998645527.00 ns, 61.4324 us/op, 83863616.00 uJpkg, 0.00 uJdram
WorkloadActual  12: 16256 op, 997968613.00 ns, 61.3908 us/op, 83521881.00 uJpkg, 0.00 uJdram
WorkloadActual  13: 16256 op, 998119839.00 ns, 61.4001 us/op, 83890471.00 uJpkg, 0.00 uJdram
WorkloadActual  14: 16256 op, 996814301.00 ns, 61.3198 us/op, 83735808.00 uJpkg, 0.00 uJdram
WorkloadActual  15: 16256 op, 996403565.00 ns, 61.2945 us/op, 83525727.00 uJpkg, 0.00 uJdram

// AfterActualRun
WorkloadResult   1: 16256 op, 998789701.00 ns, 61.4413 us/op, 84130949.00 uJpkg, 0.00 uJdram
WorkloadResult   2: 16256 op, 997864822.00 ns, 61.3844 us/op, 83510651.00 uJpkg, 0.00 uJdram
WorkloadResult   3: 16256 op, 998900085.00 ns, 61.4481 us/op, 83954558.00 uJpkg, 0.00 uJdram
WorkloadResult   4: 16256 op, 996498661.00 ns, 61.3004 us/op, 83136262.00 uJpkg, 0.00 uJdram
WorkloadResult   5: 16256 op, 997671635.00 ns, 61.3725 us/op, 83504425.00 uJpkg, 0.00 uJdram
WorkloadResult   6: 16256 op, 997441357.00 ns, 61.3584 us/op, 83262787.00 uJpkg, 0.00 uJdram
WorkloadResult   7: 16256 op, 997995010.00 ns, 61.3924 us/op, 83386017.00 uJpkg, 0.00 uJdram
WorkloadResult   8: 16256 op, 996462952.00 ns, 61.2982 us/op, 83364777.00 uJpkg, 0.00 uJdram
WorkloadResult   9: 16256 op, 998476251.00 ns, 61.4220 us/op, 83849334.00 uJpkg, 0.00 uJdram
WorkloadResult  10: 16256 op, 998019266.00 ns, 61.3939 us/op, 84584683.00 uJpkg, 0.00 uJdram
WorkloadResult  11: 16256 op, 998588842.00 ns, 61.4289 us/op, 83863616.00 uJpkg, 0.00 uJdram
WorkloadResult  12: 16256 op, 997911928.00 ns, 61.3873 us/op, 83521881.00 uJpkg, 0.00 uJdram
WorkloadResult  13: 16256 op, 998063154.00 ns, 61.3966 us/op, 83890471.00 uJpkg, 0.00 uJdram
WorkloadResult  14: 16256 op, 996757616.00 ns, 61.3163 us/op, 83735808.00 uJpkg, 0.00 uJdram
WorkloadResult  15: 16256 op, 996346880.00 ns, 61.2910 us/op, 83525727.00 uJpkg, 0.00 uJdram

// AfterAll
// Benchmark Process 4070797 has exited with code 0.

Mean = 61.375 μs, StdErr = 0.014 μs (0.02%), N = 15, StdDev = 0.052 μs
Min = 61.291 μs, Q1 = 61.337 μs, Median = 61.387 μs, Q3 = 61.409 μs, Max = 61.448 μs
IQR = 0.072 μs, LowerFence = 61.229 μs, UpperFence = 61.517 μs
ConfidenceInterval = [61.319 μs; 61.431 μs] (CI 99.9%), Margin = 0.056 μs (0.09% of Mean)
Skewness = -0.35, Kurtosis = 1.68, MValue = 2

// ** Remained 21 (70.0%) benchmark(s) to run. Estimated finish 2025-12-31 22:49 (0h 9m from now) **
// **************************
// Benchmark: JsonSerializationBenchmarks.SpanJson_Deserialize_Medium: Overhead-Fixed-Energy-10(OutlierMode=DontRemove, IterationCount=15, IterationTime=1s, LaunchCount=1, WarmupCount=6)
// *** Execute ***
// Launch: 1 / 1
// Execute: dotnet Serialization.Bench-Overhead-Fixed-Energy-10-1.dll --anonymousPipes 103 104 --benchmarkName Serialization.Bench.JsonSerializationBenchmarks.SpanJson_Deserialize_Medium --job Overhead-Fixed-Energy-10 --benchmarkId 9 in /home/test/rapl-tests/lib-energy-bench/src/Serialization.Bench/bin/Release/net8.0/Serialization.Bench-Overhead-Fixed-Energy-10-1/bin/Release/net8.0
// BeforeAnythingElse

// Benchmark Process Environment Information:
// BenchmarkDotNet v0.15.5-develop (2025-12-31)
// Runtime=.NET 8.0.21 (8.0.21, 8.0.2125.47513), X64 RyuJIT x86-64-v4
// GC=Concurrent Workstation
// HardwareIntrinsics=AVX512 IFMA+VBMI,AVX512 F+BW+CD+DQ+VL,AVX2+BMI1+BMI2+F16C+FMA+LZCNT+MOVBE,AVX,SSE3+SSSE3+SSE4.1+SSE4.2+POPCNT,X86Base+SSE+SSE2,AES+PCLMUL VectorSize=256
// Job: Overhead-Fixed-Energy-10(OutlierMode=DontRemove, IterationCount=15, IterationTime=1s, LaunchCount=1, WarmupCount=6)

OverheadJitting  1: 1 op, 143331.00 ns, 143.3310 us/op, 59204.00 uJpkg, 0.00 uJdram
WorkloadJitting  1: 1 op, 101088527.00 ns, 101.0885 ms/op, 6322982.00 uJpkg, 0.00 uJdram

WorkloadPilot    1: 4 op, 781072.00 ns, 195.2680 us/op, 0.00 uJpkg, 0.00 uJdram
WorkloadPilot    2: 5121 op, 315720203.00 ns, 61.6521 us/op, 24544004.00 uJpkg, 0.00 uJdram
WorkloadPilot    3: 16220 op, 651118789.00 ns, 40.1430 us/op, 53711227.00 uJpkg, 0.00 uJdram
WorkloadPilot    4: 24911 op, 997741682.00 ns, 40.0523 us/op, 81904820.00 uJpkg, 0.00 uJdram
WorkloadPilot    5: 24967 op, 1001098847.00 ns, 40.0969 us/op, 82168857.00 uJpkg, 0.00 uJdram
WorkloadPilot    6: 24940 op, 999963769.00 ns, 40.0948 us/op, 82145237.00 uJpkg, 0.00 uJdram

WorkloadWarmup   1: 24940 op, 998408852.00 ns, 40.0324 us/op, 82725313.00 uJpkg, 0.00 uJdram
WorkloadWarmup   2: 24940 op, 1001359050.00 ns, 40.1507 us/op, 82495333.00 uJpkg, 0.00 uJdram
WorkloadWarmup   3: 24940 op, 1000862455.00 ns, 40.1308 us/op, 82395297.00 uJpkg, 0.00 uJdram
WorkloadWarmup   4: 24940 op, 1001224498.00 ns, 40.1453 us/op, 82964326.00 uJpkg, 0.00 uJdram
WorkloadWarmup   5: 24940 op, 1000793276.00 ns, 40.1280 us/op, 82720857.00 uJpkg, 0.00 uJdram
WorkloadWarmup   6: 24940 op, 1001706854.00 ns, 40.1647 us/op, 82993745.00 uJpkg, 0.00 uJdram

// BeforeActualRun
WorkloadActual   1: 24940 op, 1002932533.00 ns, 40.2138 us/op, 82803254.00 uJpkg, 0.00 uJdram
WorkloadActual   2: 24940 op, 1001621370.00 ns, 40.1612 us/op, 82549593.00 uJpkg, 0.00 uJdram
WorkloadActual   3: 24940 op, 1000437302.00 ns, 40.1138 us/op, 82822176.00 uJpkg, 0.00 uJdram
WorkloadActual   4: 24940 op, 1002180746.00 ns, 40.1837 us/op, 83291291.00 uJpkg, 0.00 uJdram
WorkloadActual   5: 24940 op, 1001530740.00 ns, 40.1576 us/op, 84092986.00 uJpkg, 0.00 uJdram
WorkloadActual   6: 24940 op, 1002826190.00 ns, 40.2096 us/op, 83070039.00 uJpkg, 0.00 uJdram
WorkloadActual   7: 24940 op, 1001497661.00 ns, 40.1563 us/op, 82587496.00 uJpkg, 0.00 uJdram
WorkloadActual   8: 24940 op, 1001002240.00 ns, 40.1364 us/op, 82595370.00 uJpkg, 0.00 uJdram
WorkloadActual   9: 24940 op, 1000543989.00 ns, 40.1180 us/op, 82607943.00 uJpkg, 0.00 uJdram
WorkloadActual  10: 24940 op, 1001442338.00 ns, 40.1541 us/op, 83118378.00 uJpkg, 0.00 uJdram
WorkloadActual  11: 24940 op, 1001447830.00 ns, 40.1543 us/op, 82616915.00 uJpkg, 0.00 uJdram
WorkloadActual  12: 24940 op, 999709023.00 ns, 40.0846 us/op, 82987581.00 uJpkg, 0.00 uJdram
WorkloadActual  13: 24940 op, 1000199578.00 ns, 40.1042 us/op, 82072116.00 uJpkg, 0.00 uJdram
WorkloadActual  14: 24940 op, 1000857327.00 ns, 40.1306 us/op, 82589998.00 uJpkg, 0.00 uJdram
WorkloadActual  15: 24940 op, 1001266289.00 ns, 40.1470 us/op, 82228915.00 uJpkg, 0.00 uJdram

// AfterActualRun
WorkloadResult   1: 24940 op, 1002932533.00 ns, 40.2138 us/op, 82803254.00 uJpkg, 0.00 uJdram
WorkloadResult   2: 24940 op, 1001621370.00 ns, 40.1612 us/op, 82549593.00 uJpkg, 0.00 uJdram
WorkloadResult   3: 24940 op, 1000437302.00 ns, 40.1138 us/op, 82822176.00 uJpkg, 0.00 uJdram
WorkloadResult   4: 24940 op, 1002180746.00 ns, 40.1837 us/op, 83291291.00 uJpkg, 0.00 uJdram
WorkloadResult   5: 24940 op, 1001530740.00 ns, 40.1576 us/op, 84092986.00 uJpkg, 0.00 uJdram
WorkloadResult   6: 24940 op, 1002826190.00 ns, 40.2096 us/op, 83070039.00 uJpkg, 0.00 uJdram
WorkloadResult   7: 24940 op, 1001497661.00 ns, 40.1563 us/op, 82587496.00 uJpkg, 0.00 uJdram
WorkloadResult   8: 24940 op, 1001002240.00 ns, 40.1364 us/op, 82595370.00 uJpkg, 0.00 uJdram
WorkloadResult   9: 24940 op, 1000543989.00 ns, 40.1180 us/op, 82607943.00 uJpkg, 0.00 uJdram
WorkloadResult  10: 24940 op, 1001442338.00 ns, 40.1541 us/op, 83118378.00 uJpkg, 0.00 uJdram
WorkloadResult  11: 24940 op, 1001447830.00 ns, 40.1543 us/op, 82616915.00 uJpkg, 0.00 uJdram
WorkloadResult  12: 24940 op, 999709023.00 ns, 40.0846 us/op, 82987581.00 uJpkg, 0.00 uJdram
WorkloadResult  13: 24940 op, 1000199578.00 ns, 40.1042 us/op, 82072116.00 uJpkg, 0.00 uJdram
WorkloadResult  14: 24940 op, 1000857327.00 ns, 40.1306 us/op, 82589998.00 uJpkg, 0.00 uJdram
WorkloadResult  15: 24940 op, 1001266289.00 ns, 40.1470 us/op, 82228915.00 uJpkg, 0.00 uJdram

// AfterAll
// Benchmark Process 4070814 has exited with code 0.

Mean = 40.148 μs, StdErr = 0.009 μs (0.02%), N = 15, StdDev = 0.036 μs
Min = 40.085 μs, Q1 = 40.124 μs, Median = 40.154 μs, Q3 = 40.159 μs, Max = 40.214 μs
IQR = 0.035 μs, LowerFence = 40.072 μs, UpperFence = 40.212 μs
ConfidenceInterval = [40.110 μs; 40.187 μs] (CI 99.9%), Margin = 0.039 μs (0.10% of Mean)
Skewness = 0.19, Kurtosis = 2.23, MValue = 2

// ** Remained 20 (66.7%) benchmark(s) to run. Estimated finish 2025-12-31 22:49 (0h 9m from now) **
// **************************
// Benchmark: JsonSerializationBenchmarks.STJ_Deserialize_Small: Overhead-Fixed-Energy-10(OutlierMode=DontRemove, IterationCount=15, IterationTime=1s, LaunchCount=1, WarmupCount=6)
// *** Execute ***
// Launch: 1 / 1
// Execute: dotnet Serialization.Bench-Overhead-Fixed-Energy-10-1.dll --anonymousPipes 103 104 --benchmarkName Serialization.Bench.JsonSerializationBenchmarks.STJ_Deserialize_Small --job Overhead-Fixed-Energy-10 --benchmarkId 10 in /home/test/rapl-tests/lib-energy-bench/src/Serialization.Bench/bin/Release/net8.0/Serialization.Bench-Overhead-Fixed-Energy-10-1/bin/Release/net8.0
// BeforeAnythingElse

// Benchmark Process Environment Information:
// BenchmarkDotNet v0.15.5-develop (2025-12-31)
// Runtime=.NET 8.0.21 (8.0.21, 8.0.2125.47513), X64 RyuJIT x86-64-v4
// GC=Concurrent Workstation
// HardwareIntrinsics=AVX512 IFMA+VBMI,AVX512 F+BW+CD+DQ+VL,AVX2+BMI1+BMI2+F16C+FMA+LZCNT+MOVBE,AVX,SSE3+SSSE3+SSE4.1+SSE4.2+POPCNT,X86Base+SSE+SSE2,AES+PCLMUL VectorSize=256
// Job: Overhead-Fixed-Energy-10(OutlierMode=DontRemove, IterationCount=15, IterationTime=1s, LaunchCount=1, WarmupCount=6)

OverheadJitting  1: 1 op, 150552.00 ns, 150.5520 us/op, 60059.00 uJpkg, 0.00 uJdram
WorkloadJitting  1: 1 op, 205683.00 ns, 205.6830 us/op, 0.00 uJpkg, 0.00 uJdram

OverheadJitting  2: 16 op, 392558.00 ns, 24.5349 us/op, 0.00 uJpkg, 0.00 uJdram
WorkloadJitting  2: 16 op, 473165.00 ns, 29.5728 us/op, 62317.00 uJpkg, 0.00 uJdram

WorkloadPilot    1: 16 op, 76125.00 ns, 4.7578 us/op, 0.00 uJpkg, 0.00 uJdram
WorkloadPilot    2: 210192 op, 659185604.00 ns, 3.1361 us/op, 53393845.00 uJpkg, 0.00 uJdram
WorkloadPilot    3: 318880 op, 638598991.00 ns, 2.0026 us/op, 57179358.00 uJpkg, 0.00 uJdram
WorkloadPilot    4: 499344 op, 994648896.00 ns, 1.9919 us/op, 89056474.00 uJpkg, 0.00 uJdram
WorkloadPilot    5: 502032 op, 1000157629.00 ns, 1.9922 us/op, 89551345.00 uJpkg, 0.00 uJdram
WorkloadPilot    6: 501968 op, 998458444.00 ns, 1.9891 us/op, 89658401.00 uJpkg, 0.00 uJdram
WorkloadPilot    7: 502752 op, 1002507023.00 ns, 1.9940 us/op, 90253492.00 uJpkg, 0.00 uJdram
WorkloadPilot    8: 501504 op, 997365533.00 ns, 1.9887 us/op, 89215775.00 uJpkg, 0.00 uJdram
WorkloadPilot    9: 502832 op, 1001428618.00 ns, 1.9916 us/op, 90461255.00 uJpkg, 0.00 uJdram

OverheadWarmup   1: 502832 op, 1719295.00 ns, 3.4192 ns/op, 76843.00 uJpkg, 0.00 uJdram
OverheadWarmup   2: 502832 op, 1718097.00 ns, 3.4168 ns/op, 113586.00 uJpkg, 0.00 uJdram
OverheadWarmup   3: 502832 op, 1732103.00 ns, 3.4447 ns/op, 141845.00 uJpkg, 0.00 uJdram
OverheadWarmup   4: 502832 op, 1716276.00 ns, 3.4132 ns/op, 114379.00 uJpkg, 0.00 uJdram
OverheadWarmup   5: 502832 op, 1724784.00 ns, 3.4301 ns/op, 129394.00 uJpkg, 0.00 uJdram
OverheadWarmup   6: 502832 op, 1737015.00 ns, 3.4545 ns/op, 79834.00 uJpkg, 0.00 uJdram
OverheadWarmup   7: 502832 op, 1731833.00 ns, 3.4442 ns/op, 148559.00 uJpkg, 0.00 uJdram

OverheadActual   1: 502832 op, 1729873.00 ns, 3.4403 ns/op, 135741.00 uJpkg, 0.00 uJdram
OverheadActual   2: 502832 op, 1723950.00 ns, 3.4285 ns/op, 134582.00 uJpkg, 0.00 uJdram
OverheadActual   3: 502832 op, 1720626.00 ns, 3.4219 ns/op, 146728.00 uJpkg, 0.00 uJdram
OverheadActual   4: 502832 op, 1720767.00 ns, 3.4222 ns/op, 137634.00 uJpkg, 0.00 uJdram
OverheadActual   5: 502832 op, 1720470.00 ns, 3.4216 ns/op, 139037.00 uJpkg, 0.00 uJdram
OverheadActual   6: 502832 op, 1748472.00 ns, 3.4772 ns/op, 157104.00 uJpkg, 0.00 uJdram
OverheadActual   7: 502832 op, 1727841.00 ns, 3.4362 ns/op, 130432.00 uJpkg, 0.00 uJdram
OverheadActual   8: 502832 op, 1723131.00 ns, 3.4269 ns/op, 156432.00 uJpkg, 0.00 uJdram
OverheadActual   9: 502832 op, 1718080.00 ns, 3.4168 ns/op, 78919.00 uJpkg, 0.00 uJdram
OverheadActual  10: 502832 op, 1724437.00 ns, 3.4294 ns/op, 114014.00 uJpkg, 0.00 uJdram
OverheadActual  11: 502832 op, 1716116.00 ns, 3.4129 ns/op, 53100.00 uJpkg, 0.00 uJdram
OverheadActual  12: 502832 op, 1715948.00 ns, 3.4126 ns/op, 125305.00 uJpkg, 0.00 uJdram
OverheadActual  13: 502832 op, 1714374.00 ns, 3.4094 ns/op, 53405.00 uJpkg, 0.00 uJdram
OverheadActual  14: 502832 op, 1719430.00 ns, 3.4195 ns/op, 124511.00 uJpkg, 0.00 uJdram
OverheadActual  15: 502832 op, 1714857.00 ns, 3.4104 ns/op, 154479.00 uJpkg, 0.00 uJdram

WorkloadWarmup   1: 502832 op, 1003719074.00 ns, 1.9961 us/op, 92707587.00 uJpkg, 0.00 uJdram
WorkloadWarmup   2: 502832 op, 1000679139.00 ns, 1.9901 us/op, 89835585.00 uJpkg, 0.00 uJdram
WorkloadWarmup   3: 502832 op, 1000750321.00 ns, 1.9902 us/op, 89818679.00 uJpkg, 0.00 uJdram
WorkloadWarmup   4: 502832 op, 999469681.00 ns, 1.9877 us/op, 89599746.00 uJpkg, 0.00 uJdram
WorkloadWarmup   5: 502832 op, 999020252.00 ns, 1.9868 us/op, 89433182.00 uJpkg, 0.00 uJdram
WorkloadWarmup   6: 502832 op, 998362255.00 ns, 1.9855 us/op, 89175431.00 uJpkg, 0.00 uJdram

// BeforeActualRun
WorkloadActual   1: 502832 op, 1001176755.00 ns, 1.9911 us/op, 89563125.00 uJpkg, 0.00 uJdram
WorkloadActual   2: 502832 op, 1005120667.00 ns, 1.9989 us/op, 89889724.00 uJpkg, 0.00 uJdram
WorkloadActual   3: 502832 op, 1002575286.00 ns, 1.9939 us/op, 89284561.00 uJpkg, 0.00 uJdram
WorkloadActual   4: 502832 op, 1002314001.00 ns, 1.9933 us/op, 89331741.00 uJpkg, 0.00 uJdram
WorkloadActual   5: 502832 op, 1001488659.00 ns, 1.9917 us/op, 89271195.00 uJpkg, 0.00 uJdram
WorkloadActual   6: 502832 op, 1001731359.00 ns, 1.9922 us/op, 89434463.00 uJpkg, 0.00 uJdram
WorkloadActual   7: 502832 op, 1001206419.00 ns, 1.9911 us/op, 89700027.00 uJpkg, 0.00 uJdram
WorkloadActual   8: 502832 op, 1000856320.00 ns, 1.9904 us/op, 89716873.00 uJpkg, 0.00 uJdram
WorkloadActual   9: 502832 op, 999397135.00 ns, 1.9875 us/op, 89947890.00 uJpkg, 0.00 uJdram
WorkloadActual  10: 502832 op, 999397397.00 ns, 1.9875 us/op, 90780956.00 uJpkg, 0.00 uJdram
WorkloadActual  11: 502832 op, 999089405.00 ns, 1.9869 us/op, 89482559.00 uJpkg, 0.00 uJdram
WorkloadActual  12: 502832 op, 999832752.00 ns, 1.9884 us/op, 89747634.00 uJpkg, 0.00 uJdram
WorkloadActual  13: 502832 op, 999277661.00 ns, 1.9873 us/op, 89347916.00 uJpkg, 0.00 uJdram
WorkloadActual  14: 502832 op, 998796320.00 ns, 1.9863 us/op, 89614578.00 uJpkg, 0.00 uJdram
WorkloadActual  15: 502832 op, 998455120.00 ns, 1.9857 us/op, 89406204.00 uJpkg, 0.00 uJdram

// AfterActualRun
WorkloadResult   1: 502832 op, 999456129.00 ns, 1.9877 us/op, 89563125.00 uJpkg, 0.00 uJdram
WorkloadResult   2: 502832 op, 1003400041.00 ns, 1.9955 us/op, 89889724.00 uJpkg, 0.00 uJdram
WorkloadResult   3: 502832 op, 1000854660.00 ns, 1.9904 us/op, 89284561.00 uJpkg, 0.00 uJdram
WorkloadResult   4: 502832 op, 1000593375.00 ns, 1.9899 us/op, 89331741.00 uJpkg, 0.00 uJdram
WorkloadResult   5: 502832 op, 999768033.00 ns, 1.9883 us/op, 89271195.00 uJpkg, 0.00 uJdram
WorkloadResult   6: 502832 op, 1000010733.00 ns, 1.9888 us/op, 89434463.00 uJpkg, 0.00 uJdram
WorkloadResult   7: 502832 op, 999485793.00 ns, 1.9877 us/op, 89700027.00 uJpkg, 0.00 uJdram
WorkloadResult   8: 502832 op, 999135694.00 ns, 1.9870 us/op, 89716873.00 uJpkg, 0.00 uJdram
WorkloadResult   9: 502832 op, 997676509.00 ns, 1.9841 us/op, 89947890.00 uJpkg, 0.00 uJdram
WorkloadResult  10: 502832 op, 997676771.00 ns, 1.9841 us/op, 90780956.00 uJpkg, 0.00 uJdram
WorkloadResult  11: 502832 op, 997368779.00 ns, 1.9835 us/op, 89482559.00 uJpkg, 0.00 uJdram
WorkloadResult  12: 502832 op, 998112126.00 ns, 1.9850 us/op, 89747634.00 uJpkg, 0.00 uJdram
WorkloadResult  13: 502832 op, 997557035.00 ns, 1.9839 us/op, 89347916.00 uJpkg, 0.00 uJdram
WorkloadResult  14: 502832 op, 997075694.00 ns, 1.9829 us/op, 89614578.00 uJpkg, 0.00 uJdram
WorkloadResult  15: 502832 op, 996734494.00 ns, 1.9822 us/op, 89406204.00 uJpkg, 0.00 uJdram

// AfterAll
// Benchmark Process 4070831 has exited with code 0.

Mean = 1.987 μs, StdErr = 0.001 μs (0.05%), N = 15, StdDev = 0.004 μs
Min = 1.982 μs, Q1 = 1.984 μs, Median = 1.987 μs, Q3 = 1.989 μs, Max = 1.995 μs
IQR = 0.005 μs, LowerFence = 1.977 μs, UpperFence = 1.995 μs
ConfidenceInterval = [1.983 μs; 1.991 μs] (CI 99.9%), Margin = 0.004 μs (0.19% of Mean)
Skewness = 0.76, Kurtosis = 2.9, MValue = 2

// ** Remained 19 (63.3%) benchmark(s) to run. Estimated finish 2025-12-31 22:49 (0h 8m from now) **
// **************************
// Benchmark: JsonSerializationBenchmarks.Newtonsoft_Deserialize_Small: Overhead-Fixed-Energy-10(OutlierMode=DontRemove, IterationCount=15, IterationTime=1s, LaunchCount=1, WarmupCount=6)
// *** Execute ***
// Launch: 1 / 1
// Execute: dotnet Serialization.Bench-Overhead-Fixed-Energy-10-1.dll --anonymousPipes 103 104 --benchmarkName Serialization.Bench.JsonSerializationBenchmarks.Newtonsoft_Deserialize_Small --job Overhead-Fixed-Energy-10 --benchmarkId 11 in /home/test/rapl-tests/lib-energy-bench/src/Serialization.Bench/bin/Release/net8.0/Serialization.Bench-Overhead-Fixed-Energy-10-1/bin/Release/net8.0
// BeforeAnythingElse

// Benchmark Process Environment Information:
// BenchmarkDotNet v0.15.5-develop (2025-12-31)
// Runtime=.NET 8.0.21 (8.0.21, 8.0.2125.47513), X64 RyuJIT x86-64-v4
// GC=Concurrent Workstation
// HardwareIntrinsics=AVX512 IFMA+VBMI,AVX512 F+BW+CD+DQ+VL,AVX2+BMI1+BMI2+F16C+FMA+LZCNT+MOVBE,AVX,SSE3+SSSE3+SSE4.1+SSE4.2+POPCNT,X86Base+SSE+SSE2,AES+PCLMUL VectorSize=256
// Job: Overhead-Fixed-Energy-10(OutlierMode=DontRemove, IterationCount=15, IterationTime=1s, LaunchCount=1, WarmupCount=6)

OverheadJitting  1: 1 op, 142848.00 ns, 142.8480 us/op, 0.00 uJpkg, 0.00 uJdram
WorkloadJitting  1: 1 op, 41922690.00 ns, 41.9227 ms/op, 2581903.00 uJpkg, 0.00 uJdram

OverheadJitting  2: 16 op, 399713.00 ns, 24.9821 us/op, 74462.00 uJpkg, 0.00 uJdram
WorkloadJitting  2: 16 op, 823199.00 ns, 51.4499 us/op, 62195.00 uJpkg, 0.00 uJdram

WorkloadPilot    1: 16 op, 412587.00 ns, 25.7867 us/op, 0.00 uJpkg, 0.00 uJdram
WorkloadPilot    2: 38784 op, 337734540.00 ns, 8.7081 us/op, 27203361.00 uJpkg, 0.00 uJdram
WorkloadPilot    3: 114848 op, 410393147.00 ns, 3.5734 us/op, 35324556.00 uJpkg, 0.00 uJdram
WorkloadPilot    4: 279856 op, 996180983.00 ns, 3.5596 us/op, 86057641.00 uJpkg, 0.00 uJdram
WorkloadPilot    5: 280944 op, 999769140.00 ns, 3.5586 us/op, 86235192.00 uJpkg, 0.00 uJdram
WorkloadPilot    6: 281024 op, 999055866.00 ns, 3.5551 us/op, 86327416.00 uJpkg, 0.00 uJdram
WorkloadPilot    7: 281296 op, 1002232525.00 ns, 3.5629 us/op, 86495262.00 uJpkg, 0.00 uJdram
WorkloadPilot    8: 280672 op, 998584333.00 ns, 3.5578 us/op, 86270836.00 uJpkg, 0.00 uJdram
WorkloadPilot    9: 281072 op, 999279487.00 ns, 3.5552 us/op, 86263940.00 uJpkg, 0.00 uJdram
WorkloadPilot   10: 281280 op, 1001896365.00 ns, 3.5619 us/op, 87456441.00 uJpkg, 0.00 uJdram
WorkloadPilot   11: 280752 op, 998427912.00 ns, 3.5563 us/op, 86238488.00 uJpkg, 0.00 uJdram
WorkloadPilot   12: 281200 op, 1002073264.00 ns, 3.5636 us/op, 86871360.00 uJpkg, 0.00 uJdram

OverheadWarmup   1: 281200 op, 958411.00 ns, 3.4083 ns/op, 66894.00 uJpkg, 0.00 uJdram
OverheadWarmup   2: 281200 op, 975926.00 ns, 3.4706 ns/op, 65430.00 uJpkg, 0.00 uJdram
OverheadWarmup   3: 281200 op, 975190.00 ns, 3.4680 ns/op, 70618.00 uJpkg, 0.00 uJdram
OverheadWarmup   4: 281200 op, 961662.00 ns, 3.4199 ns/op, 94177.00 uJpkg, 0.00 uJdram
OverheadWarmup   5: 281200 op, 966829.00 ns, 3.4382 ns/op, 81970.00 uJpkg, 0.00 uJdram
OverheadWarmup   6: 281200 op, 975074.00 ns, 3.4675 ns/op, 87463.00 uJpkg, 0.00 uJdram
OverheadWarmup   7: 281200 op, 983103.00 ns, 3.4961 ns/op, 71838.00 uJpkg, 0.00 uJdram
OverheadWarmup   8: 281200 op, 972683.00 ns, 3.4590 ns/op, 70068.00 uJpkg, 0.00 uJdram

OverheadActual   1: 281200 op, 970931.00 ns, 3.4528 ns/op, 88562.00 uJpkg, 0.00 uJdram
OverheadActual   2: 281200 op, 967914.00 ns, 3.4421 ns/op, 58533.00 uJpkg, 0.00 uJdram
OverheadActual   3: 281200 op, 973174.00 ns, 3.4608 ns/op, 80383.00 uJpkg, 0.00 uJdram
OverheadActual   4: 281200 op, 971606.00 ns, 3.4552 ns/op, 79773.00 uJpkg, 0.00 uJdram
OverheadActual   5: 281200 op, 977013.00 ns, 3.4744 ns/op, 77698.00 uJpkg, 0.00 uJdram
OverheadActual   6: 281200 op, 975610.00 ns, 3.4695 ns/op, 69824.00 uJpkg, 0.00 uJdram
OverheadActual   7: 281200 op, 981519.00 ns, 3.4905 ns/op, 88012.00 uJpkg, 0.00 uJdram
OverheadActual   8: 281200 op, 979876.00 ns, 3.4846 ns/op, 76538.00 uJpkg, 0.00 uJdram
OverheadActual   9: 281200 op, 966894.00 ns, 3.4385 ns/op, 146057.00 uJpkg, 0.00 uJdram
OverheadActual  10: 281200 op, 961492.00 ns, 3.4192 ns/op, 86181.00 uJpkg, 0.00 uJdram
OverheadActual  11: 281200 op, 961217.00 ns, 3.4183 ns/op, 63354.00 uJpkg, 0.00 uJdram
OverheadActual  12: 281200 op, 980117.00 ns, 3.4855 ns/op, 75561.00 uJpkg, 0.00 uJdram
OverheadActual  13: 281200 op, 971961.00 ns, 3.4565 ns/op, 74524.00 uJpkg, 0.00 uJdram
OverheadActual  14: 281200 op, 976134.00 ns, 3.4713 ns/op, 64880.00 uJpkg, 0.00 uJdram
OverheadActual  15: 281200 op, 980325.00 ns, 3.4862 ns/op, 66040.00 uJpkg, 0.00 uJdram

WorkloadWarmup   1: 281200 op, 1002898296.00 ns, 3.5665 us/op, 89280350.00 uJpkg, 0.00 uJdram
WorkloadWarmup   2: 281200 op, 1000345759.00 ns, 3.5574 us/op, 87145528.00 uJpkg, 0.00 uJdram
WorkloadWarmup   3: 281200 op, 1002152190.00 ns, 3.5638 us/op, 87374227.00 uJpkg, 0.00 uJdram
WorkloadWarmup   4: 281200 op, 1000112518.00 ns, 3.5566 us/op, 87295797.00 uJpkg, 0.00 uJdram
WorkloadWarmup   5: 281200 op, 999091559.00 ns, 3.5530 us/op, 86846335.00 uJpkg, 0.00 uJdram
WorkloadWarmup   6: 281200 op, 998857469.00 ns, 3.5521 us/op, 87002280.00 uJpkg, 0.00 uJdram

// BeforeActualRun
WorkloadActual   1: 281200 op, 1001359891.00 ns, 3.5610 us/op, 87562336.00 uJpkg, 0.00 uJdram
WorkloadActual   2: 281200 op, 999252254.00 ns, 3.5535 us/op, 86977316.00 uJpkg, 0.00 uJdram
WorkloadActual   3: 281200 op, 1000943595.00 ns, 3.5595 us/op, 87199606.00 uJpkg, 0.00 uJdram
WorkloadActual   4: 281200 op, 999464890.00 ns, 3.5543 us/op, 87398275.00 uJpkg, 0.00 uJdram
WorkloadActual   5: 281200 op, 999503817.00 ns, 3.5544 us/op, 86860923.00 uJpkg, 0.00 uJdram
WorkloadActual   6: 281200 op, 999216781.00 ns, 3.5534 us/op, 86801108.00 uJpkg, 0.00 uJdram
WorkloadActual   7: 281200 op, 999813283.00 ns, 3.5555 us/op, 87080527.00 uJpkg, 0.00 uJdram
WorkloadActual   8: 281200 op, 1000052056.00 ns, 3.5564 us/op, 86807334.00 uJpkg, 0.00 uJdram
WorkloadActual   9: 281200 op, 999489951.00 ns, 3.5544 us/op, 86632774.00 uJpkg, 0.00 uJdram
WorkloadActual  10: 281200 op, 1000063036.00 ns, 3.5564 us/op, 87321493.00 uJpkg, 0.00 uJdram
WorkloadActual  11: 281200 op, 999798005.00 ns, 3.5555 us/op, 86568321.00 uJpkg, 0.00 uJdram
WorkloadActual  12: 281200 op, 999288857.00 ns, 3.5537 us/op, 87103231.00 uJpkg, 0.00 uJdram
WorkloadActual  13: 281200 op, 997882159.00 ns, 3.5487 us/op, 86518150.00 uJpkg, 0.00 uJdram
WorkloadActual  14: 281200 op, 999112289.00 ns, 3.5530 us/op, 86577537.00 uJpkg, 0.00 uJdram
WorkloadActual  15: 281200 op, 999726303.00 ns, 3.5552 us/op, 86382896.00 uJpkg, 0.00 uJdram

// AfterActualRun
WorkloadResult   1: 281200 op, 1000386717.00 ns, 3.5576 us/op, 87562336.00 uJpkg, 0.00 uJdram
WorkloadResult   2: 281200 op, 998279080.00 ns, 3.5501 us/op, 86977316.00 uJpkg, 0.00 uJdram
WorkloadResult   3: 281200 op, 999970421.00 ns, 3.5561 us/op, 87199606.00 uJpkg, 0.00 uJdram
WorkloadResult   4: 281200 op, 998491716.00 ns, 3.5508 us/op, 87398275.00 uJpkg, 0.00 uJdram
WorkloadResult   5: 281200 op, 998530643.00 ns, 3.5510 us/op, 86860923.00 uJpkg, 0.00 uJdram
WorkloadResult   6: 281200 op, 998243607.00 ns, 3.5499 us/op, 86801108.00 uJpkg, 0.00 uJdram
WorkloadResult   7: 281200 op, 998840109.00 ns, 3.5521 us/op, 87080527.00 uJpkg, 0.00 uJdram
WorkloadResult   8: 281200 op, 999078882.00 ns, 3.5529 us/op, 86807334.00 uJpkg, 0.00 uJdram
WorkloadResult   9: 281200 op, 998516777.00 ns, 3.5509 us/op, 86632774.00 uJpkg, 0.00 uJdram
WorkloadResult  10: 281200 op, 999089862.00 ns, 3.5530 us/op, 87321493.00 uJpkg, 0.00 uJdram
WorkloadResult  11: 281200 op, 998824831.00 ns, 3.5520 us/op, 86568321.00 uJpkg, 0.00 uJdram
WorkloadResult  12: 281200 op, 998315683.00 ns, 3.5502 us/op, 87103231.00 uJpkg, 0.00 uJdram
WorkloadResult  13: 281200 op, 996908985.00 ns, 3.5452 us/op, 86518150.00 uJpkg, 0.00 uJdram
WorkloadResult  14: 281200 op, 998139115.00 ns, 3.5496 us/op, 86577537.00 uJpkg, 0.00 uJdram
WorkloadResult  15: 281200 op, 998753129.00 ns, 3.5518 us/op, 86382896.00 uJpkg, 0.00 uJdram

// AfterAll
// Benchmark Process 4070853 has exited with code 0.

Mean = 3.552 μs, StdErr = 0.001 μs (0.02%), N = 15, StdDev = 0.003 μs
Min = 3.545 μs, Q1 = 3.550 μs, Median = 3.551 μs, Q3 = 3.552 μs, Max = 3.558 μs
IQR = 0.002 μs, LowerFence = 3.547 μs, UpperFence = 3.556 μs
ConfidenceInterval = [3.548 μs; 3.555 μs] (CI 99.9%), Margin = 0.003 μs (0.09% of Mean)
Skewness = 0.13, Kurtosis = 3.47, MValue = 2

// ** Remained 18 (60.0%) benchmark(s) to run. Estimated finish 2025-12-31 22:49 (0h 8m from now) **
// **************************
// Benchmark: JsonSerializationBenchmarks.Jil_Deserialize_Small: Overhead-Fixed-Energy-10(OutlierMode=DontRemove, IterationCount=15, IterationTime=1s, LaunchCount=1, WarmupCount=6)
// *** Execute ***
// Launch: 1 / 1
// Execute: dotnet Serialization.Bench-Overhead-Fixed-Energy-10-1.dll --anonymousPipes 103 104 --benchmarkName Serialization.Bench.JsonSerializationBenchmarks.Jil_Deserialize_Small --job Overhead-Fixed-Energy-10 --benchmarkId 12 in /home/test/rapl-tests/lib-energy-bench/src/Serialization.Bench/bin/Release/net8.0/Serialization.Bench-Overhead-Fixed-Energy-10-1/bin/Release/net8.0
// BeforeAnythingElse

// Benchmark Process Environment Information:
// BenchmarkDotNet v0.15.5-develop (2025-12-31)
// Runtime=.NET 8.0.21 (8.0.21, 8.0.2125.47513), X64 RyuJIT x86-64-v4
// GC=Concurrent Workstation
// HardwareIntrinsics=AVX512 IFMA+VBMI,AVX512 F+BW+CD+DQ+VL,AVX2+BMI1+BMI2+F16C+FMA+LZCNT+MOVBE,AVX,SSE3+SSSE3+SSE4.1+SSE4.2+POPCNT,X86Base+SSE+SSE2,AES+PCLMUL VectorSize=256
// Job: Overhead-Fixed-Energy-10(OutlierMode=DontRemove, IterationCount=15, IterationTime=1s, LaunchCount=1, WarmupCount=6)

OverheadJitting  1: 1 op, 144327.00 ns, 144.3270 us/op, 72631.00 uJpkg, 0.00 uJdram
WorkloadJitting  1: 1 op, 113743478.00 ns, 113.7435 ms/op, 7136395.00 uJpkg, 0.00 uJdram

WorkloadPilot    1: 4 op, 43323.00 ns, 10.8308 us/op, 0.00 uJpkg, 0.00 uJdram
WorkloadPilot    2: 92330 op, 298490328.00 ns, 3.2329 us/op, 23238038.00 uJpkg, 0.00 uJdram
WorkloadPilot    3: 309323 op, 700556006.00 ns, 2.2648 us/op, 59473420.00 uJpkg, 0.00 uJdram
WorkloadPilot    4: 441539 op, 995283380.00 ns, 2.2541 us/op, 84725857.00 uJpkg, 0.00 uJdram
WorkloadPilot    5: 443631 op, 1000553865.00 ns, 2.2554 us/op, 84984279.00 uJpkg, 0.00 uJdram
WorkloadPilot    6: 443385 op, 1001671819.00 ns, 2.2591 us/op, 85168117.00 uJpkg, 0.00 uJdram
WorkloadPilot    7: 442645 op, 1004477921.00 ns, 2.2693 us/op, 85675013.00 uJpkg, 0.00 uJdram

WorkloadWarmup   1: 442645 op, 999270321.00 ns, 2.2575 us/op, 85044643.00 uJpkg, 0.00 uJdram
WorkloadWarmup   2: 442645 op, 1001798035.00 ns, 2.2632 us/op, 85110439.00 uJpkg, 0.00 uJdram
WorkloadWarmup   3: 442645 op, 1002626215.00 ns, 2.2651 us/op, 85729089.00 uJpkg, 0.00 uJdram
WorkloadWarmup   4: 442645 op, 1002001013.00 ns, 2.2637 us/op, 85726893.00 uJpkg, 0.00 uJdram
WorkloadWarmup   5: 442645 op, 1000918702.00 ns, 2.2612 us/op, 85640711.00 uJpkg, 0.00 uJdram
WorkloadWarmup   6: 442645 op, 1002384799.00 ns, 2.2645 us/op, 85249659.00 uJpkg, 0.00 uJdram

// BeforeActualRun
WorkloadActual   1: 442645 op, 997522828.00 ns, 2.2536 us/op, 85308680.00 uJpkg, 0.00 uJdram
WorkloadActual   2: 442645 op, 1003653886.00 ns, 2.2674 us/op, 85890467.00 uJpkg, 0.00 uJdram
WorkloadActual   3: 442645 op, 1002273018.00 ns, 2.2643 us/op, 85364528.00 uJpkg, 0.00 uJdram
WorkloadActual   4: 442645 op, 1001824265.00 ns, 2.2633 us/op, 86903219.00 uJpkg, 0.00 uJdram
WorkloadActual   5: 442645 op, 1005365621.00 ns, 2.2713 us/op, 86262291.00 uJpkg, 0.00 uJdram
WorkloadActual   6: 442645 op, 1002543957.00 ns, 2.2649 us/op, 85292507.00 uJpkg, 0.00 uJdram
WorkloadActual   7: 442645 op, 1000884855.00 ns, 2.2611 us/op, 84918423.00 uJpkg, 0.00 uJdram
WorkloadActual   8: 442645 op, 1000185418.00 ns, 2.2596 us/op, 84723965.00 uJpkg, 0.00 uJdram
WorkloadActual   9: 442645 op, 1003059312.00 ns, 2.2661 us/op, 85562525.00 uJpkg, 0.00 uJdram
WorkloadActual  10: 442645 op, 1000718060.00 ns, 2.2608 us/op, 85256984.00 uJpkg, 0.00 uJdram
WorkloadActual  11: 442645 op, 999956434.00 ns, 2.2590 us/op, 85074245.00 uJpkg, 0.00 uJdram
WorkloadActual  12: 442645 op, 1000347489.00 ns, 2.2599 us/op, 85775842.00 uJpkg, 0.00 uJdram
WorkloadActual  13: 442645 op, 1000616557.00 ns, 2.2605 us/op, 85592982.00 uJpkg, 0.00 uJdram
WorkloadActual  14: 442645 op, 1000227076.00 ns, 2.2597 us/op, 85184658.00 uJpkg, 0.00 uJdram
WorkloadActual  15: 442645 op, 1001716679.00 ns, 2.2630 us/op, 85376612.00 uJpkg, 0.00 uJdram

// AfterActualRun
WorkloadResult   1: 442645 op, 997522828.00 ns, 2.2536 us/op, 85308680.00 uJpkg, 0.00 uJdram
WorkloadResult   2: 442645 op, 1003653886.00 ns, 2.2674 us/op, 85890467.00 uJpkg, 0.00 uJdram
WorkloadResult   3: 442645 op, 1002273018.00 ns, 2.2643 us/op, 85364528.00 uJpkg, 0.00 uJdram
WorkloadResult   4: 442645 op, 1001824265.00 ns, 2.2633 us/op, 86903219.00 uJpkg, 0.00 uJdram
WorkloadResult   5: 442645 op, 1005365621.00 ns, 2.2713 us/op, 86262291.00 uJpkg, 0.00 uJdram
WorkloadResult   6: 442645 op, 1002543957.00 ns, 2.2649 us/op, 85292507.00 uJpkg, 0.00 uJdram
WorkloadResult   7: 442645 op, 1000884855.00 ns, 2.2611 us/op, 84918423.00 uJpkg, 0.00 uJdram
WorkloadResult   8: 442645 op, 1000185418.00 ns, 2.2596 us/op, 84723965.00 uJpkg, 0.00 uJdram
WorkloadResult   9: 442645 op, 1003059312.00 ns, 2.2661 us/op, 85562525.00 uJpkg, 0.00 uJdram
WorkloadResult  10: 442645 op, 1000718060.00 ns, 2.2608 us/op, 85256984.00 uJpkg, 0.00 uJdram
WorkloadResult  11: 442645 op, 999956434.00 ns, 2.2590 us/op, 85074245.00 uJpkg, 0.00 uJdram
WorkloadResult  12: 442645 op, 1000347489.00 ns, 2.2599 us/op, 85775842.00 uJpkg, 0.00 uJdram
WorkloadResult  13: 442645 op, 1000616557.00 ns, 2.2605 us/op, 85592982.00 uJpkg, 0.00 uJdram
WorkloadResult  14: 442645 op, 1000227076.00 ns, 2.2597 us/op, 85184658.00 uJpkg, 0.00 uJdram
WorkloadResult  15: 442645 op, 1001716679.00 ns, 2.2630 us/op, 85376612.00 uJpkg, 0.00 uJdram

// AfterAll
// Benchmark Process 4070870 has exited with code 0.

Mean = 2.262 μs, StdErr = 0.001 μs (0.05%), N = 15, StdDev = 0.004 μs
Min = 2.254 μs, Q1 = 2.260 μs, Median = 2.261 μs, Q3 = 2.265 μs, Max = 2.271 μs
IQR = 0.005 μs, LowerFence = 2.253 μs, UpperFence = 2.272 μs
ConfidenceInterval = [2.258 μs; 2.267 μs] (CI 99.9%), Margin = 0.004 μs (0.20% of Mean)
Skewness = 0.15, Kurtosis = 2.91, MValue = 2

// ** Remained 17 (56.7%) benchmark(s) to run. Estimated finish 2025-12-31 22:49 (0h 7m from now) **
// **************************
// Benchmark: JsonSerializationBenchmarks.Utf8Json_Deserialize_Small: Overhead-Fixed-Energy-10(OutlierMode=DontRemove, IterationCount=15, IterationTime=1s, LaunchCount=1, WarmupCount=6)
// *** Execute ***
// Launch: 1 / 1
// Execute: dotnet Serialization.Bench-Overhead-Fixed-Energy-10-1.dll --anonymousPipes 103 104 --benchmarkName Serialization.Bench.JsonSerializationBenchmarks.Utf8Json_Deserialize_Small --job Overhead-Fixed-Energy-10 --benchmarkId 13 in /home/test/rapl-tests/lib-energy-bench/src/Serialization.Bench/bin/Release/net8.0/Serialization.Bench-Overhead-Fixed-Energy-10-1/bin/Release/net8.0
// BeforeAnythingElse

// Benchmark Process Environment Information:
// BenchmarkDotNet v0.15.5-develop (2025-12-31)
// Runtime=.NET 8.0.21 (8.0.21, 8.0.2125.47513), X64 RyuJIT x86-64-v4
// GC=Concurrent Workstation
// HardwareIntrinsics=AVX512 IFMA+VBMI,AVX512 F+BW+CD+DQ+VL,AVX2+BMI1+BMI2+F16C+FMA+LZCNT+MOVBE,AVX,SSE3+SSSE3+SSE4.1+SSE4.2+POPCNT,X86Base+SSE+SSE2,AES+PCLMUL VectorSize=256
// Job: Overhead-Fixed-Energy-10(OutlierMode=DontRemove, IterationCount=15, IterationTime=1s, LaunchCount=1, WarmupCount=6)

OverheadJitting  1: 1 op, 141483.00 ns, 141.4830 us/op, 69763.00 uJpkg, 0.00 uJdram
WorkloadJitting  1: 1 op, 46765959.00 ns, 46.7660 ms/op, 2895928.00 uJpkg, 0.00 uJdram

OverheadJitting  2: 16 op, 397237.00 ns, 24.8273 us/op, 75134.00 uJpkg, 0.00 uJdram
WorkloadJitting  2: 16 op, 640912.00 ns, 40.0570 us/op, 0.00 uJpkg, 0.00 uJdram

WorkloadPilot    1: 16 op, 276417.00 ns, 17.2761 us/op, 0.00 uJpkg, 0.00 uJdram
WorkloadPilot    2: 57888 op, 622800969.00 ns, 10.7587 us/op, 51723135.00 uJpkg, 0.00 uJdram
WorkloadPilot    3: 92960 op, 194429112.00 ns, 2.0915 us/op, 17371171.00 uJpkg, 0.00 uJdram
WorkloadPilot    4: 478128 op, 964609986.00 ns, 2.0175 us/op, 82076634.00 uJpkg, 0.00 uJdram
WorkloadPilot    5: 495680 op, 997573545.00 ns, 2.0125 us/op, 84900113.00 uJpkg, 0.00 uJdram
WorkloadPilot    6: 496896 op, 1002043148.00 ns, 2.0166 us/op, 85328395.00 uJpkg, 0.00 uJdram
WorkloadPilot    7: 495888 op, 995890028.00 ns, 2.0083 us/op, 84723721.00 uJpkg, 0.00 uJdram
WorkloadPilot    8: 497936 op, 1001744982.00 ns, 2.0118 us/op, 85349879.00 uJpkg, 0.00 uJdram
WorkloadPilot    9: 497072 op, 1001677045.00 ns, 2.0152 us/op, 85275783.00 uJpkg, 0.00 uJdram

OverheadWarmup   1: 497072 op, 1693195.00 ns, 3.4063 ns/op, 135864.00 uJpkg, 0.00 uJdram
OverheadWarmup   2: 497072 op, 1698093.00 ns, 3.4162 ns/op, 119934.00 uJpkg, 0.00 uJdram
OverheadWarmup   3: 497072 op, 1705348.00 ns, 3.4308 ns/op, 127258.00 uJpkg, 0.00 uJdram
OverheadWarmup   4: 497072 op, 1718877.00 ns, 3.4580 ns/op, 132202.00 uJpkg, 0.00 uJdram
OverheadWarmup   5: 497072 op, 1714662.00 ns, 3.4495 ns/op, 154296.00 uJpkg, 0.00 uJdram
OverheadWarmup   6: 497072 op, 1709438.00 ns, 3.4390 ns/op, 85510.00 uJpkg, 0.00 uJdram
OverheadWarmup   7: 497072 op, 1695455.00 ns, 3.4109 ns/op, 197692.00 uJpkg, 0.00 uJdram
OverheadWarmup   8: 497072 op, 1704713.00 ns, 3.4295 ns/op, 153747.00 uJpkg, 0.00 uJdram
OverheadWarmup   9: 497072 op, 1724238.00 ns, 3.4688 ns/op, 148193.00 uJpkg, 0.00 uJdram
OverheadWarmup  10: 497072 op, 1705200.00 ns, 3.4305 ns/op, 82886.00 uJpkg, 0.00 uJdram

OverheadActual   1: 497072 op, 1706120.00 ns, 3.4323 ns/op, 74768.00 uJpkg, 0.00 uJdram
OverheadActual   2: 497072 op, 1729586.00 ns, 3.4795 ns/op, 156799.00 uJpkg, 0.00 uJdram
OverheadActual   3: 497072 op, 1724960.00 ns, 3.4702 ns/op, 61279.00 uJpkg, 0.00 uJdram
OverheadActual   4: 497072 op, 1723381.00 ns, 3.4671 ns/op, 67688.00 uJpkg, 0.00 uJdram
OverheadActual   5: 497072 op, 1722937.00 ns, 3.4662 ns/op, 151062.00 uJpkg, 0.00 uJdram
OverheadActual   6: 497072 op, 1698097.00 ns, 3.4162 ns/op, 132446.00 uJpkg, 0.00 uJdram
OverheadActual   7: 497072 op, 1701560.00 ns, 3.4232 ns/op, 138061.00 uJpkg, 0.00 uJdram
OverheadActual   8: 497072 op, 1705355.00 ns, 3.4308 ns/op, 58898.00 uJpkg, 0.00 uJdram
OverheadActual   9: 497072 op, 1727095.00 ns, 3.4745 ns/op, 151550.00 uJpkg, 0.00 uJdram
OverheadActual  10: 497072 op, 1700932.00 ns, 3.4219 ns/op, 134460.00 uJpkg, 0.00 uJdram
OverheadActual  11: 497072 op, 1703855.00 ns, 3.4278 ns/op, 146545.00 uJpkg, 0.00 uJdram
OverheadActual  12: 497072 op, 1704909.00 ns, 3.4299 ns/op, 57618.00 uJpkg, 0.00 uJdram
OverheadActual  13: 497072 op, 1709299.00 ns, 3.4387 ns/op, 60241.00 uJpkg, 0.00 uJdram
OverheadActual  14: 497072 op, 1707456.00 ns, 3.4350 ns/op, 161560.00 uJpkg, 0.00 uJdram
OverheadActual  15: 497072 op, 1713431.00 ns, 3.4470 ns/op, 131164.00 uJpkg, 0.00 uJdram

WorkloadWarmup   1: 497072 op, 1000237405.00 ns, 2.0123 us/op, 88064594.00 uJpkg, 0.00 uJdram
WorkloadWarmup   2: 497072 op, 1001512212.00 ns, 2.0148 us/op, 85413050.00 uJpkg, 0.00 uJdram
WorkloadWarmup   3: 497072 op, 995971853.00 ns, 2.0037 us/op, 85149745.00 uJpkg, 0.00 uJdram
WorkloadWarmup   4: 497072 op, 997181143.00 ns, 2.0061 us/op, 85195217.00 uJpkg, 0.00 uJdram
WorkloadWarmup   5: 497072 op, 996204649.00 ns, 2.0041 us/op, 85021267.00 uJpkg, 0.00 uJdram
WorkloadWarmup   6: 497072 op, 996562903.00 ns, 2.0049 us/op, 84775662.00 uJpkg, 0.00 uJdram

// BeforeActualRun
WorkloadActual   1: 497072 op, 999303482.00 ns, 2.0104 us/op, 85015285.00 uJpkg, 0.00 uJdram
WorkloadActual   2: 497072 op, 995252631.00 ns, 2.0022 us/op, 84501737.00 uJpkg, 0.00 uJdram
WorkloadActual   3: 497072 op, 999261878.00 ns, 2.0103 us/op, 85454432.00 uJpkg, 0.00 uJdram
WorkloadActual   4: 497072 op, 997644291.00 ns, 2.0070 us/op, 84977565.00 uJpkg, 0.00 uJdram
WorkloadActual   5: 497072 op, 999265385.00 ns, 2.0103 us/op, 85470973.00 uJpkg, 0.00 uJdram
WorkloadActual   6: 497072 op, 999757332.00 ns, 2.0113 us/op, 85352992.00 uJpkg, 0.00 uJdram
WorkloadActual   7: 497072 op, 998870224.00 ns, 2.0095 us/op, 85506068.00 uJpkg, 0.00 uJdram
WorkloadActual   8: 497072 op, 998327853.00 ns, 2.0084 us/op, 84600003.00 uJpkg, 0.00 uJdram
WorkloadActual   9: 497072 op, 996909001.00 ns, 2.0056 us/op, 84966641.00 uJpkg, 0.00 uJdram
WorkloadActual  10: 497072 op, 1000057855.00 ns, 2.0119 us/op, 86177635.00 uJpkg, 0.00 uJdram
WorkloadActual  11: 497072 op, 996729071.00 ns, 2.0052 us/op, 85095119.00 uJpkg, 0.00 uJdram
WorkloadActual  12: 497072 op, 997435894.00 ns, 2.0066 us/op, 84821988.00 uJpkg, 0.00 uJdram
WorkloadActual  13: 497072 op, 996220659.00 ns, 2.0042 us/op, 84785549.00 uJpkg, 0.00 uJdram
WorkloadActual  14: 497072 op, 996805117.00 ns, 2.0054 us/op, 84785306.00 uJpkg, 0.00 uJdram
WorkloadActual  15: 497072 op, 995647964.00 ns, 2.0030 us/op, 84613736.00 uJpkg, 0.00 uJdram

// AfterActualRun
WorkloadResult   1: 497072 op, 997596026.00 ns, 2.0069 us/op, 85015285.00 uJpkg, 0.00 uJdram
WorkloadResult   2: 497072 op, 993545175.00 ns, 1.9988 us/op, 84501737.00 uJpkg, 0.00 uJdram
WorkloadResult   3: 497072 op, 997554422.00 ns, 2.0069 us/op, 85454432.00 uJpkg, 0.00 uJdram
WorkloadResult   4: 497072 op, 995936835.00 ns, 2.0036 us/op, 84977565.00 uJpkg, 0.00 uJdram
WorkloadResult   5: 497072 op, 997557929.00 ns, 2.0069 us/op, 85470973.00 uJpkg, 0.00 uJdram
WorkloadResult   6: 497072 op, 998049876.00 ns, 2.0079 us/op, 85352992.00 uJpkg, 0.00 uJdram
WorkloadResult   7: 497072 op, 997162768.00 ns, 2.0061 us/op, 85506068.00 uJpkg, 0.00 uJdram
WorkloadResult   8: 497072 op, 996620397.00 ns, 2.0050 us/op, 84600003.00 uJpkg, 0.00 uJdram
WorkloadResult   9: 497072 op, 995201545.00 ns, 2.0021 us/op, 84966641.00 uJpkg, 0.00 uJdram
WorkloadResult  10: 497072 op, 998350399.00 ns, 2.0085 us/op, 86177635.00 uJpkg, 0.00 uJdram
WorkloadResult  11: 497072 op, 995021615.00 ns, 2.0018 us/op, 85095119.00 uJpkg, 0.00 uJdram
WorkloadResult  12: 497072 op, 995728438.00 ns, 2.0032 us/op, 84821988.00 uJpkg, 0.00 uJdram
WorkloadResult  13: 497072 op, 994513203.00 ns, 2.0007 us/op, 84785549.00 uJpkg, 0.00 uJdram
WorkloadResult  14: 497072 op, 995097661.00 ns, 2.0019 us/op, 84785306.00 uJpkg, 0.00 uJdram
WorkloadResult  15: 497072 op, 993940508.00 ns, 1.9996 us/op, 84613736.00 uJpkg, 0.00 uJdram

// AfterAll
// Benchmark Process 4070885 has exited with code 0.

Mean = 2.004 μs, StdErr = 0.001 μs (0.04%), N = 15, StdDev = 0.003 μs
Min = 1.999 μs, Q1 = 2.002 μs, Median = 2.004 μs, Q3 = 2.007 μs, Max = 2.008 μs
IQR = 0.005 μs, LowerFence = 1.994 μs, UpperFence = 2.014 μs
ConfidenceInterval = [2.001 μs; 2.007 μs] (CI 99.9%), Margin = 0.003 μs (0.17% of Mean)
Skewness = -0.12, Kurtosis = 1.5, MValue = 2

// ** Remained 16 (53.3%) benchmark(s) to run. Estimated finish 2025-12-31 22:49 (0h 7m from now) **
// **************************
// Benchmark: JsonSerializationBenchmarks.SpanJson_Deserialize_Small: Overhead-Fixed-Energy-10(OutlierMode=DontRemove, IterationCount=15, IterationTime=1s, LaunchCount=1, WarmupCount=6)
// *** Execute ***
// Launch: 1 / 1
// Execute: dotnet Serialization.Bench-Overhead-Fixed-Energy-10-1.dll --anonymousPipes 103 104 --benchmarkName Serialization.Bench.JsonSerializationBenchmarks.SpanJson_Deserialize_Small --job Overhead-Fixed-Energy-10 --benchmarkId 14 in /home/test/rapl-tests/lib-energy-bench/src/Serialization.Bench/bin/Release/net8.0/Serialization.Bench-Overhead-Fixed-Energy-10-1/bin/Release/net8.0
// BeforeAnythingElse

// Benchmark Process Environment Information:
// BenchmarkDotNet v0.15.5-develop (2025-12-31)
// Runtime=.NET 8.0.21 (8.0.21, 8.0.2125.47513), X64 RyuJIT x86-64-v4
// GC=Concurrent Workstation
// HardwareIntrinsics=AVX512 IFMA+VBMI,AVX512 F+BW+CD+DQ+VL,AVX2+BMI1+BMI2+F16C+FMA+LZCNT+MOVBE,AVX,SSE3+SSSE3+SSE4.1+SSE4.2+POPCNT,X86Base+SSE+SSE2,AES+PCLMUL VectorSize=256
// Job: Overhead-Fixed-Energy-10(OutlierMode=DontRemove, IterationCount=15, IterationTime=1s, LaunchCount=1, WarmupCount=6)

OverheadJitting  1: 1 op, 146021.00 ns, 146.0210 us/op, 67688.00 uJpkg, 0.00 uJdram
WorkloadJitting  1: 1 op, 59222877.00 ns, 59.2229 ms/op, 3740408.00 uJpkg, 0.00 uJdram

OverheadJitting  2: 16 op, 414797.00 ns, 25.9248 us/op, 61889.00 uJpkg, 0.00 uJdram
WorkloadJitting  2: 16 op, 413939.00 ns, 25.8712 us/op, 0.00 uJpkg, 0.00 uJdram

WorkloadPilot    1: 16 op, 34630.00 ns, 2.1644 us/op, 0.00 uJpkg, 0.00 uJdram
WorkloadPilot    2: 462032 op, 556523239.00 ns, 1.2045 us/op, 43252819.00 uJpkg, 0.00 uJdram
WorkloadPilot    3: 830224 op, 966895953.00 ns, 1.1646 us/op, 82215121.00 uJpkg, 0.00 uJdram
WorkloadPilot    4: 858656 op, 996761426.00 ns, 1.1608 us/op, 84477689.00 uJpkg, 0.00 uJdram
WorkloadPilot    5: 861456 op, 998415831.00 ns, 1.1590 us/op, 84584988.00 uJpkg, 0.00 uJdram
WorkloadPilot    6: 862832 op, 1001640935.00 ns, 1.1609 us/op, 85254237.00 uJpkg, 0.00 uJdram
WorkloadPilot    7: 861424 op, 1004468114.00 ns, 1.1661 us/op, 85153286.00 uJpkg, 0.00 uJdram
WorkloadPilot    8: 857600 op, 998421750.00 ns, 1.1642 us/op, 84534940.00 uJpkg, 0.00 uJdram
WorkloadPilot    9: 858960 op, 998483351.00 ns, 1.1624 us/op, 84560880.00 uJpkg, 0.00 uJdram
WorkloadPilot   10: 860272 op, 998398774.00 ns, 1.1606 us/op, 85494898.00 uJpkg, 0.00 uJdram
WorkloadPilot   11: 861664 op, 1003326316.00 ns, 1.1644 us/op, 85108364.00 uJpkg, 0.00 uJdram

OverheadWarmup   1: 861664 op, 2948267.00 ns, 3.4216 ns/op, 223816.00 uJpkg, 0.00 uJdram
OverheadWarmup   2: 861664 op, 2966430.00 ns, 3.4427 ns/op, 219055.00 uJpkg, 0.00 uJdram
OverheadWarmup   3: 861664 op, 2996358.00 ns, 3.4774 ns/op, 209472.00 uJpkg, 0.00 uJdram
OverheadWarmup   4: 861664 op, 2996155.00 ns, 3.4772 ns/op, 203308.00 uJpkg, 0.00 uJdram
OverheadWarmup   5: 861664 op, 2998059.00 ns, 3.4794 ns/op, 203734.00 uJpkg, 0.00 uJdram
OverheadWarmup   6: 861664 op, 2999891.00 ns, 3.4815 ns/op, 144959.00 uJpkg, 0.00 uJdram
OverheadWarmup   7: 861664 op, 2950012.00 ns, 3.4236 ns/op, 225830.00 uJpkg, 0.00 uJdram

OverheadActual   1: 861664 op, 2952553.00 ns, 3.4266 ns/op, 191711.00 uJpkg, 0.00 uJdram
OverheadActual   2: 861664 op, 2952219.00 ns, 3.4262 ns/op, 192261.00 uJpkg, 0.00 uJdram
OverheadActual   3: 861664 op, 2955575.00 ns, 3.4301 ns/op, 198242.00 uJpkg, 0.00 uJdram
OverheadActual   4: 861664 op, 2988099.00 ns, 3.4678 ns/op, 205810.00 uJpkg, 0.00 uJdram
OverheadActual   5: 861664 op, 2989937.00 ns, 3.4700 ns/op, 205932.00 uJpkg, 0.00 uJdram
OverheadActual   6: 861664 op, 2976717.00 ns, 3.4546 ns/op, 196899.00 uJpkg, 0.00 uJdram
OverheadActual   7: 861664 op, 2996945.00 ns, 3.4781 ns/op, 194763.00 uJpkg, 0.00 uJdram
OverheadActual   8: 861664 op, 2997624.00 ns, 3.4789 ns/op, 143127.00 uJpkg, 0.00 uJdram
OverheadActual   9: 861664 op, 2950545.00 ns, 3.4242 ns/op, 215087.00 uJpkg, 0.00 uJdram
OverheadActual  10: 861664 op, 2988347.00 ns, 3.4681 ns/op, 213745.00 uJpkg, 0.00 uJdram
OverheadActual  11: 861664 op, 2990668.00 ns, 3.4708 ns/op, 189453.00 uJpkg, 0.00 uJdram
OverheadActual  12: 861664 op, 2964606.00 ns, 3.4406 ns/op, 203063.00 uJpkg, 0.00 uJdram
OverheadActual  13: 861664 op, 2995733.00 ns, 3.4767 ns/op, 275390.00 uJpkg, 0.00 uJdram
OverheadActual  14: 861664 op, 2996134.00 ns, 3.4771 ns/op, 219116.00 uJpkg, 0.00 uJdram
OverheadActual  15: 861664 op, 2950475.00 ns, 3.4242 ns/op, 211731.00 uJpkg, 0.00 uJdram

WorkloadWarmup   1: 861664 op, 1002684560.00 ns, 1.1637 us/op, 87693135.00 uJpkg, 0.00 uJdram
WorkloadWarmup   2: 861664 op, 1001069918.00 ns, 1.1618 us/op, 84811489.00 uJpkg, 0.00 uJdram
WorkloadWarmup   3: 861664 op, 997696839.00 ns, 1.1579 us/op, 84448637.00 uJpkg, 0.00 uJdram
WorkloadWarmup   4: 861664 op, 998195379.00 ns, 1.1585 us/op, 84541043.00 uJpkg, 0.00 uJdram
WorkloadWarmup   5: 861664 op, 997975218.00 ns, 1.1582 us/op, 84607938.00 uJpkg, 0.00 uJdram
WorkloadWarmup   6: 861664 op, 997109990.00 ns, 1.1572 us/op, 84831020.00 uJpkg, 0.00 uJdram

// BeforeActualRun
WorkloadActual   1: 861664 op, 1000153918.00 ns, 1.1607 us/op, 84742276.00 uJpkg, 0.00 uJdram
WorkloadActual   2: 861664 op, 1002222707.00 ns, 1.1631 us/op, 85126247.00 uJpkg, 0.00 uJdram
WorkloadActual   3: 861664 op, 1001445043.00 ns, 1.1622 us/op, 84958644.00 uJpkg, 0.00 uJdram
WorkloadActual   4: 861664 op, 1000627319.00 ns, 1.1613 us/op, 84810574.00 uJpkg, 0.00 uJdram
WorkloadActual   5: 861664 op, 1005853082.00 ns, 1.1673 us/op, 86170617.00 uJpkg, 0.00 uJdram
WorkloadActual   6: 861664 op, 1003096468.00 ns, 1.1641 us/op, 85210231.00 uJpkg, 0.00 uJdram
WorkloadActual   7: 861664 op, 1002958622.00 ns, 1.1640 us/op, 85254482.00 uJpkg, 0.00 uJdram
WorkloadActual   8: 861664 op, 1002059503.00 ns, 1.1629 us/op, 85235744.00 uJpkg, 0.00 uJdram
WorkloadActual   9: 861664 op, 1001812172.00 ns, 1.1626 us/op, 84904751.00 uJpkg, 0.00 uJdram
WorkloadActual  10: 861664 op, 1002867089.00 ns, 1.1639 us/op, 86018090.00 uJpkg, 0.00 uJdram
WorkloadActual  11: 861664 op, 1001245870.00 ns, 1.1620 us/op, 84831875.00 uJpkg, 0.00 uJdram
WorkloadActual  12: 861664 op, 1000404459.00 ns, 1.1610 us/op, 84920315.00 uJpkg, 0.00 uJdram
WorkloadActual  13: 861664 op, 1000134722.00 ns, 1.1607 us/op, 84832302.00 uJpkg, 0.00 uJdram
WorkloadActual  14: 861664 op, 1001003158.00 ns, 1.1617 us/op, 85064845.00 uJpkg, 0.00 uJdram
WorkloadActual  15: 861664 op, 1002146657.00 ns, 1.1630 us/op, 85467249.00 uJpkg, 0.00 uJdram

// AfterActualRun
WorkloadResult   1: 861664 op, 997165819.00 ns, 1.1573 us/op, 84742276.00 uJpkg, 0.00 uJdram
WorkloadResult   2: 861664 op, 999234608.00 ns, 1.1597 us/op, 85126247.00 uJpkg, 0.00 uJdram
WorkloadResult   3: 861664 op, 998456944.00 ns, 1.1588 us/op, 84958644.00 uJpkg, 0.00 uJdram
WorkloadResult   4: 861664 op, 997639220.00 ns, 1.1578 us/op, 84810574.00 uJpkg, 0.00 uJdram
WorkloadResult   5: 861664 op, 1002864983.00 ns, 1.1639 us/op, 86170617.00 uJpkg, 0.00 uJdram
WorkloadResult   6: 861664 op, 1000108369.00 ns, 1.1607 us/op, 85210231.00 uJpkg, 0.00 uJdram
WorkloadResult   7: 861664 op, 999970523.00 ns, 1.1605 us/op, 85254482.00 uJpkg, 0.00 uJdram
WorkloadResult   8: 861664 op, 999071404.00 ns, 1.1595 us/op, 85235744.00 uJpkg, 0.00 uJdram
WorkloadResult   9: 861664 op, 998824073.00 ns, 1.1592 us/op, 84904751.00 uJpkg, 0.00 uJdram
WorkloadResult  10: 861664 op, 999878990.00 ns, 1.1604 us/op, 86018090.00 uJpkg, 0.00 uJdram
WorkloadResult  11: 861664 op, 998257771.00 ns, 1.1585 us/op, 84831875.00 uJpkg, 0.00 uJdram
WorkloadResult  12: 861664 op, 997416360.00 ns, 1.1575 us/op, 84920315.00 uJpkg, 0.00 uJdram
WorkloadResult  13: 861664 op, 997146623.00 ns, 1.1572 us/op, 84832302.00 uJpkg, 0.00 uJdram
WorkloadResult  14: 861664 op, 998015059.00 ns, 1.1582 us/op, 85064845.00 uJpkg, 0.00 uJdram
WorkloadResult  15: 861664 op, 999158558.00 ns, 1.1596 us/op, 85467249.00 uJpkg, 0.00 uJdram

// AfterAll
// Benchmark Process 4070902 has exited with code 0.

Mean = 1.159 μs, StdErr = 0.000 μs (0.04%), N = 15, StdDev = 0.002 μs
Min = 1.157 μs, Q1 = 1.158 μs, Median = 1.159 μs, Q3 = 1.160 μs, Max = 1.164 μs
IQR = 0.002 μs, LowerFence = 1.155 μs, UpperFence = 1.163 μs
ConfidenceInterval = [1.157 μs; 1.161 μs] (CI 99.9%), Margin = 0.002 μs (0.16% of Mean)
Skewness = 1.05, Kurtosis = 3.9, MValue = 2

// ** Remained 15 (50.0%) benchmark(s) to run. Estimated finish 2025-12-31 22:49 (0h 6m from now) **
// **************************
// Benchmark: JsonSerializationBenchmarks.STJ_Serialize_Large: Overhead-Fixed-Energy-10(OutlierMode=DontRemove, IterationCount=15, IterationTime=1s, LaunchCount=1, WarmupCount=6)
// *** Execute ***
// Launch: 1 / 1
// Execute: dotnet Serialization.Bench-Overhead-Fixed-Energy-10-1.dll --anonymousPipes 103 104 --benchmarkName Serialization.Bench.JsonSerializationBenchmarks.STJ_Serialize_Large --job Overhead-Fixed-Energy-10 --benchmarkId 15 in /home/test/rapl-tests/lib-energy-bench/src/Serialization.Bench/bin/Release/net8.0/Serialization.Bench-Overhead-Fixed-Energy-10-1/bin/Release/net8.0
// BeforeAnythingElse

// Benchmark Process Environment Information:
// BenchmarkDotNet v0.15.5-develop (2025-12-31)
// Runtime=.NET 8.0.21 (8.0.21, 8.0.2125.47513), X64 RyuJIT x86-64-v4
// GC=Concurrent Workstation
// HardwareIntrinsics=AVX512 IFMA+VBMI,AVX512 F+BW+CD+DQ+VL,AVX2+BMI1+BMI2+F16C+FMA+LZCNT+MOVBE,AVX,SSE3+SSSE3+SSE4.1+SSE4.2+POPCNT,X86Base+SSE+SSE2,AES+PCLMUL VectorSize=256
// Job: Overhead-Fixed-Energy-10(OutlierMode=DontRemove, IterationCount=15, IterationTime=1s, LaunchCount=1, WarmupCount=6)

OverheadJitting  1: 1 op, 135490.00 ns, 135.4900 us/op, 0.00 uJpkg, 0.00 uJdram
WorkloadJitting  1: 1 op, 7978946.00 ns, 7.9789 ms/op, 499328.00 uJpkg, 0.00 uJdram

OverheadJitting  2: 16 op, 377369.00 ns, 23.5856 us/op, 74218.00 uJpkg, 0.00 uJdram
WorkloadJitting  2: 16 op, 6296216.00 ns, 393.5135 us/op, 439880.00 uJpkg, 0.00 uJdram

WorkloadPilot    1: 16 op, 5914999.00 ns, 369.6874 us/op, 402160.00 uJpkg, 0.00 uJdram
WorkloadPilot    2: 2720 op, 736687794.00 ns, 270.8411 us/op, 69706486.00 uJpkg, 0.00 uJdram
WorkloadPilot    3: 3696 op, 693377429.00 ns, 187.6021 us/op, 63847249.00 uJpkg, 0.00 uJdram
WorkloadPilot    4: 5344 op, 1001767006.00 ns, 187.4564 us/op, 92140450.00 uJpkg, 0.00 uJdram

OverheadWarmup   1: 5344 op, 18678.00 ns, 3.4951 ns/op, 0.00 uJpkg, 0.00 uJdram
OverheadWarmup   2: 5344 op, 18766.00 ns, 3.5116 ns/op, 0.00 uJpkg, 0.00 uJdram
OverheadWarmup   3: 5344 op, 18744.00 ns, 3.5075 ns/op, 0.00 uJpkg, 0.00 uJdram
OverheadWarmup   4: 5344 op, 18747.00 ns, 3.5080 ns/op, 0.00 uJpkg, 0.00 uJdram
OverheadWarmup   5: 5344 op, 18749.00 ns, 3.5084 ns/op, 0.00 uJpkg, 0.00 uJdram
OverheadWarmup   6: 5344 op, 18769.00 ns, 3.5122 ns/op, 0.00 uJpkg, 0.00 uJdram
OverheadWarmup   7: 5344 op, 18755.00 ns, 3.5095 ns/op, 0.00 uJpkg, 0.00 uJdram

OverheadActual   1: 5344 op, 18770.00 ns, 3.5124 ns/op, 0.00 uJpkg, 0.00 uJdram
OverheadActual   2: 5344 op, 18764.00 ns, 3.5112 ns/op, 69702.00 uJpkg, 0.00 uJdram
OverheadActual   3: 5344 op, 18772.00 ns, 3.5127 ns/op, 0.00 uJpkg, 0.00 uJdram
OverheadActual   4: 5344 op, 18766.00 ns, 3.5116 ns/op, 0.00 uJpkg, 0.00 uJdram
OverheadActual   5: 5344 op, 21036.00 ns, 3.9364 ns/op, 0.00 uJpkg, 0.00 uJdram
OverheadActual   6: 5344 op, 18891.00 ns, 3.5350 ns/op, 0.00 uJpkg, 0.00 uJdram
OverheadActual   7: 5344 op, 18778.00 ns, 3.5138 ns/op, 0.00 uJpkg, 0.00 uJdram
OverheadActual   8: 5344 op, 18740.00 ns, 3.5067 ns/op, 0.00 uJpkg, 0.00 uJdram
OverheadActual   9: 5344 op, 18757.00 ns, 3.5099 ns/op, 0.00 uJpkg, 0.00 uJdram
OverheadActual  10: 5344 op, 18769.00 ns, 3.5122 ns/op, 0.00 uJpkg, 0.00 uJdram
OverheadActual  11: 5344 op, 18768.00 ns, 3.5120 ns/op, 0.00 uJpkg, 0.00 uJdram
OverheadActual  12: 5344 op, 18758.00 ns, 3.5101 ns/op, 0.00 uJpkg, 0.00 uJdram
OverheadActual  13: 5344 op, 18752.00 ns, 3.5090 ns/op, 0.00 uJpkg, 0.00 uJdram
OverheadActual  14: 5344 op, 19559.00 ns, 3.6600 ns/op, 0.00 uJpkg, 0.00 uJdram
OverheadActual  15: 5344 op, 18752.00 ns, 3.5090 ns/op, 96191.00 uJpkg, 0.00 uJdram

WorkloadWarmup   1: 5344 op, 1009060892.00 ns, 188.8213 us/op, 95116639.00 uJpkg, 0.00 uJdram
WorkloadWarmup   2: 5344 op, 1004882796.00 ns, 188.0394 us/op, 92524116.00 uJpkg, 0.00 uJdram
WorkloadWarmup   3: 5344 op, 1009496125.00 ns, 188.9027 us/op, 93127936.00 uJpkg, 0.00 uJdram
WorkloadWarmup   4: 5344 op, 1005389275.00 ns, 188.1342 us/op, 93411321.00 uJpkg, 0.00 uJdram
WorkloadWarmup   5: 5344 op, 1004358250.00 ns, 187.9413 us/op, 92802008.00 uJpkg, 0.00 uJdram
WorkloadWarmup   6: 5344 op, 1007066617.00 ns, 188.4481 us/op, 93484441.00 uJpkg, 0.00 uJdram

// BeforeActualRun
WorkloadActual   1: 5344 op, 1006055127.00 ns, 188.2588 us/op, 93067206.00 uJpkg, 0.00 uJdram
WorkloadActual   2: 5344 op, 1005912814.00 ns, 188.2322 us/op, 92769721.00 uJpkg, 0.00 uJdram
WorkloadActual   3: 5344 op, 1004773219.00 ns, 188.0189 us/op, 93694584.00 uJpkg, 0.00 uJdram
WorkloadActual   4: 5344 op, 1006506964.00 ns, 188.3434 us/op, 93599553.00 uJpkg, 0.00 uJdram
WorkloadActual   5: 5344 op, 1005647303.00 ns, 188.1825 us/op, 93470525.00 uJpkg, 0.00 uJdram
WorkloadActual   6: 5344 op, 1005517161.00 ns, 188.1582 us/op, 93434087.00 uJpkg, 0.00 uJdram
WorkloadActual   7: 5344 op, 1003141128.00 ns, 187.7135 us/op, 93727971.00 uJpkg, 0.00 uJdram
WorkloadActual   8: 5344 op, 1004364504.00 ns, 187.9425 us/op, 93158208.00 uJpkg, 0.00 uJdram
WorkloadActual   9: 5344 op, 1004697374.00 ns, 188.0047 us/op, 93184759.00 uJpkg, 0.00 uJdram
WorkloadActual  10: 5344 op, 1005642894.00 ns, 188.1817 us/op, 93913944.00 uJpkg, 0.00 uJdram
WorkloadActual  11: 5344 op, 1005749125.00 ns, 188.2016 us/op, 93213446.00 uJpkg, 0.00 uJdram
WorkloadActual  12: 5344 op, 1013572019.00 ns, 189.6654 us/op, 94189089.00 uJpkg, 0.00 uJdram
WorkloadActual  13: 5344 op, 1005432529.00 ns, 188.1423 us/op, 92795783.00 uJpkg, 0.00 uJdram
WorkloadActual  14: 5344 op, 1004460005.00 ns, 187.9603 us/op, 93050971.00 uJpkg, 0.00 uJdram
WorkloadActual  15: 5344 op, 1006974876.00 ns, 188.4309 us/op, 92717597.00 uJpkg, 0.00 uJdram

// AfterActualRun
WorkloadResult   1: 5344 op, 1006036359.00 ns, 188.2553 us/op, 93067206.00 uJpkg, 0.00 uJdram
WorkloadResult   2: 5344 op, 1005894046.00 ns, 188.2287 us/op, 92769721.00 uJpkg, 0.00 uJdram
WorkloadResult   3: 5344 op, 1004754451.00 ns, 188.0154 us/op, 93694584.00 uJpkg, 0.00 uJdram
WorkloadResult   4: 5344 op, 1006488196.00 ns, 188.3399 us/op, 93599553.00 uJpkg, 0.00 uJdram
WorkloadResult   5: 5344 op, 1005628535.00 ns, 188.1790 us/op, 93470525.00 uJpkg, 0.00 uJdram
WorkloadResult   6: 5344 op, 1005498393.00 ns, 188.1546 us/op, 93434087.00 uJpkg, 0.00 uJdram
WorkloadResult   7: 5344 op, 1003122360.00 ns, 187.7100 us/op, 93727971.00 uJpkg, 0.00 uJdram
WorkloadResult   8: 5344 op, 1004345736.00 ns, 187.9389 us/op, 93158208.00 uJpkg, 0.00 uJdram
WorkloadResult   9: 5344 op, 1004678606.00 ns, 188.0012 us/op, 93184759.00 uJpkg, 0.00 uJdram
WorkloadResult  10: 5344 op, 1005624126.00 ns, 188.1782 us/op, 93913944.00 uJpkg, 0.00 uJdram
WorkloadResult  11: 5344 op, 1005730357.00 ns, 188.1980 us/op, 93213446.00 uJpkg, 0.00 uJdram
WorkloadResult  12: 5344 op, 1013553251.00 ns, 189.6619 us/op, 94189089.00 uJpkg, 0.00 uJdram
WorkloadResult  13: 5344 op, 1005413761.00 ns, 188.1388 us/op, 92795783.00 uJpkg, 0.00 uJdram
WorkloadResult  14: 5344 op, 1004441237.00 ns, 187.9568 us/op, 93050971.00 uJpkg, 0.00 uJdram
WorkloadResult  15: 5344 op, 1006956108.00 ns, 188.4274 us/op, 92717597.00 uJpkg, 0.00 uJdram

// AfterAll
// Benchmark Process 4070919 has exited with code 0.

Mean = 188.226 μs, StdErr = 0.112 μs (0.06%), N = 15, StdDev = 0.435 μs
Min = 187.710 μs, Q1 = 188.008 μs, Median = 188.178 μs, Q3 = 188.242 μs, Max = 189.662 μs
IQR = 0.234 μs, LowerFence = 187.658 μs, UpperFence = 188.592 μs
ConfidenceInterval = [187.760 μs; 188.691 μs] (CI 99.9%), Margin = 0.465 μs (0.25% of Mean)
Skewness = 2.24, Kurtosis = 8.08, MValue = 2

// ** Remained 14 (46.7%) benchmark(s) to run. Estimated finish 2025-12-31 22:49 (0h 6m from now) **
// **************************
// Benchmark: JsonSerializationBenchmarks.Newtonsoft_Serialize_Large: Overhead-Fixed-Energy-10(OutlierMode=DontRemove, IterationCount=15, IterationTime=1s, LaunchCount=1, WarmupCount=6)
// *** Execute ***
// Launch: 1 / 1
// Execute: dotnet Serialization.Bench-Overhead-Fixed-Energy-10-1.dll --anonymousPipes 103 104 --benchmarkName Serialization.Bench.JsonSerializationBenchmarks.Newtonsoft_Serialize_Large --job Overhead-Fixed-Energy-10 --benchmarkId 16 in /home/test/rapl-tests/lib-energy-bench/src/Serialization.Bench/bin/Release/net8.0/Serialization.Bench-Overhead-Fixed-Energy-10-1/bin/Release/net8.0
// BeforeAnythingElse

// Benchmark Process Environment Information:
// BenchmarkDotNet v0.15.5-develop (2025-12-31)
// Runtime=.NET 8.0.21 (8.0.21, 8.0.2125.47513), X64 RyuJIT x86-64-v4
// GC=Concurrent Workstation
// HardwareIntrinsics=AVX512 IFMA+VBMI,AVX512 F+BW+CD+DQ+VL,AVX2+BMI1+BMI2+F16C+FMA+LZCNT+MOVBE,AVX,SSE3+SSSE3+SSE4.1+SSE4.2+POPCNT,X86Base+SSE+SSE2,AES+PCLMUL VectorSize=256
// Job: Overhead-Fixed-Energy-10(OutlierMode=DontRemove, IterationCount=15, IterationTime=1s, LaunchCount=1, WarmupCount=6)

OverheadJitting  1: 1 op, 134571.00 ns, 134.5710 us/op, 0.00 uJpkg, 0.00 uJdram
WorkloadJitting  1: 1 op, 50659041.00 ns, 50.6590 ms/op, 3043144.00 uJpkg, 0.00 uJdram

OverheadJitting  2: 16 op, 371528.00 ns, 23.2205 us/op, 0.00 uJpkg, 0.00 uJdram
WorkloadJitting  2: 16 op, 15958406.00 ns, 997.4004 us/op, 1101071.00 uJpkg, 0.00 uJdram

WorkloadPilot    1: 16 op, 14946624.00 ns, 934.1640 us/op, 1007444.00 uJpkg, 0.00 uJdram
WorkloadPilot    2: 1072 op, 451906516.00 ns, 421.5546 us/op, 37848170.00 uJpkg, 0.00 uJdram
WorkloadPilot    3: 2384 op, 723427358.00 ns, 303.4511 us/op, 60343047.00 uJpkg, 0.00 uJdram
WorkloadPilot    4: 3296 op, 1001844531.00 ns, 303.9577 us/op, 83252106.00 uJpkg, 0.00 uJdram

OverheadWarmup   1: 3296 op, 14043.00 ns, 4.2606 ns/op, 0.00 uJpkg, 0.00 uJdram
OverheadWarmup   2: 3296 op, 11717.00 ns, 3.5549 ns/op, 0.00 uJpkg, 0.00 uJdram
OverheadWarmup   3: 3296 op, 11682.00 ns, 3.5443 ns/op, 0.00 uJpkg, 0.00 uJdram
OverheadWarmup   4: 3296 op, 11673.00 ns, 3.5416 ns/op, 0.00 uJpkg, 0.00 uJdram
OverheadWarmup   5: 3296 op, 11666.00 ns, 3.5394 ns/op, 0.00 uJpkg, 0.00 uJdram
OverheadWarmup   6: 3296 op, 11676.00 ns, 3.5425 ns/op, 0.00 uJpkg, 0.00 uJdram
OverheadWarmup   7: 3296 op, 11649.00 ns, 3.5343 ns/op, 0.00 uJpkg, 0.00 uJdram
OverheadWarmup   8: 3296 op, 11679.00 ns, 3.5434 ns/op, 0.00 uJpkg, 0.00 uJdram
OverheadWarmup   9: 3296 op, 11662.00 ns, 3.5382 ns/op, 0.00 uJpkg, 0.00 uJdram

OverheadActual   1: 3296 op, 11706.00 ns, 3.5516 ns/op, 0.00 uJpkg, 0.00 uJdram
OverheadActual   2: 3296 op, 11665.00 ns, 3.5391 ns/op, 0.00 uJpkg, 0.00 uJdram
OverheadActual   3: 3296 op, 11675.00 ns, 3.5422 ns/op, 0.00 uJpkg, 0.00 uJdram
OverheadActual   4: 3296 op, 11680.00 ns, 3.5437 ns/op, 0.00 uJpkg, 0.00 uJdram
OverheadActual   5: 3296 op, 11680.00 ns, 3.5437 ns/op, 0.00 uJpkg, 0.00 uJdram
OverheadActual   6: 3296 op, 12164.00 ns, 3.6905 ns/op, 0.00 uJpkg, 0.00 uJdram
OverheadActual   7: 3296 op, 11679.00 ns, 3.5434 ns/op, 0.00 uJpkg, 0.00 uJdram
OverheadActual   8: 3296 op, 11669.00 ns, 3.5404 ns/op, 0.00 uJpkg, 0.00 uJdram
OverheadActual   9: 3296 op, 11672.00 ns, 3.5413 ns/op, 0.00 uJpkg, 0.00 uJdram
OverheadActual  10: 3296 op, 11677.00 ns, 3.5428 ns/op, 0.00 uJpkg, 0.00 uJdram
OverheadActual  11: 3296 op, 12119.00 ns, 3.6769 ns/op, 0.00 uJpkg, 0.00 uJdram
OverheadActual  12: 3296 op, 11699.00 ns, 3.5495 ns/op, 0.00 uJpkg, 0.00 uJdram
OverheadActual  13: 3296 op, 13587.00 ns, 4.1223 ns/op, 0.00 uJpkg, 0.00 uJdram
OverheadActual  14: 3296 op, 11679.00 ns, 3.5434 ns/op, 0.00 uJpkg, 0.00 uJdram
OverheadActual  15: 3296 op, 11670.00 ns, 3.5407 ns/op, 0.00 uJpkg, 0.00 uJdram

WorkloadWarmup   1: 3296 op, 1002440875.00 ns, 304.1386 us/op, 86050439.00 uJpkg, 0.00 uJdram
WorkloadWarmup   2: 3296 op, 997939415.00 ns, 302.7729 us/op, 83311127.00 uJpkg, 0.00 uJdram
WorkloadWarmup   3: 3296 op, 997956624.00 ns, 302.7781 us/op, 83517853.00 uJpkg, 0.00 uJdram
WorkloadWarmup   4: 3296 op, 999898725.00 ns, 303.3673 us/op, 84482083.00 uJpkg, 0.00 uJdram
WorkloadWarmup   5: 3296 op, 998908260.00 ns, 303.0668 us/op, 84260283.00 uJpkg, 0.00 uJdram
WorkloadWarmup   6: 3296 op, 999187072.00 ns, 303.1514 us/op, 83425263.00 uJpkg, 0.00 uJdram

// BeforeActualRun
WorkloadActual   1: 3296 op, 1003564030.00 ns, 304.4794 us/op, 83567413.00 uJpkg, 0.00 uJdram
WorkloadActual   2: 3296 op, 999620053.00 ns, 303.2828 us/op, 83099213.00 uJpkg, 0.00 uJdram
WorkloadActual   3: 3296 op, 1000006552.00 ns, 303.4000 us/op, 83586212.00 uJpkg, 0.00 uJdram
WorkloadActual   4: 3296 op, 1001447331.00 ns, 303.8372 us/op, 83062837.00 uJpkg, 0.00 uJdram
WorkloadActual   5: 3296 op, 1000435305.00 ns, 303.5301 us/op, 83099885.00 uJpkg, 0.00 uJdram
WorkloadActual   6: 3296 op, 998648955.00 ns, 302.9882 us/op, 82691805.00 uJpkg, 0.00 uJdram
WorkloadActual   7: 3296 op, 1000028208.00 ns, 303.4066 us/op, 83012178.00 uJpkg, 0.00 uJdram
WorkloadActual   8: 3296 op, 1000332035.00 ns, 303.4988 us/op, 83550506.00 uJpkg, 0.00 uJdram
WorkloadActual   9: 3296 op, 1001129726.00 ns, 303.7408 us/op, 83186250.00 uJpkg, 0.00 uJdram
WorkloadActual  10: 3296 op, 1001935652.00 ns, 303.9853 us/op, 84473600.00 uJpkg, 0.00 uJdram
WorkloadActual  11: 3296 op, 1000322458.00 ns, 303.4959 us/op, 83517669.00 uJpkg, 0.00 uJdram
WorkloadActual  12: 3296 op, 999850244.00 ns, 303.3526 us/op, 83164216.00 uJpkg, 0.00 uJdram
WorkloadActual  13: 3296 op, 998482275.00 ns, 302.9376 us/op, 83976653.00 uJpkg, 0.00 uJdram
WorkloadActual  14: 3296 op, 998735585.00 ns, 303.0144 us/op, 83926299.00 uJpkg, 0.00 uJdram
WorkloadActual  15: 3296 op, 997982998.00 ns, 302.7861 us/op, 83807768.00 uJpkg, 0.00 uJdram

// AfterActualRun
WorkloadResult   1: 3296 op, 1003552351.00 ns, 304.4758 us/op, 83567413.00 uJpkg, 0.00 uJdram
WorkloadResult   2: 3296 op, 999608374.00 ns, 303.2792 us/op, 83099213.00 uJpkg, 0.00 uJdram
WorkloadResult   3: 3296 op, 999994873.00 ns, 303.3965 us/op, 83586212.00 uJpkg, 0.00 uJdram
WorkloadResult   4: 3296 op, 1001435652.00 ns, 303.8336 us/op, 83062837.00 uJpkg, 0.00 uJdram
WorkloadResult   5: 3296 op, 1000423626.00 ns, 303.5266 us/op, 83099885.00 uJpkg, 0.00 uJdram
WorkloadResult   6: 3296 op, 998637276.00 ns, 302.9846 us/op, 82691805.00 uJpkg, 0.00 uJdram
WorkloadResult   7: 3296 op, 1000016529.00 ns, 303.4031 us/op, 83012178.00 uJpkg, 0.00 uJdram
WorkloadResult   8: 3296 op, 1000320356.00 ns, 303.4953 us/op, 83550506.00 uJpkg, 0.00 uJdram
WorkloadResult   9: 3296 op, 1001118047.00 ns, 303.7373 us/op, 83186250.00 uJpkg, 0.00 uJdram
WorkloadResult  10: 3296 op, 1001923973.00 ns, 303.9818 us/op, 84473600.00 uJpkg, 0.00 uJdram
WorkloadResult  11: 3296 op, 1000310779.00 ns, 303.4923 us/op, 83517669.00 uJpkg, 0.00 uJdram
WorkloadResult  12: 3296 op, 999838565.00 ns, 303.3491 us/op, 83164216.00 uJpkg, 0.00 uJdram
WorkloadResult  13: 3296 op, 998470596.00 ns, 302.9340 us/op, 83976653.00 uJpkg, 0.00 uJdram
WorkloadResult  14: 3296 op, 998723906.00 ns, 303.0109 us/op, 83926299.00 uJpkg, 0.00 uJdram
WorkloadResult  15: 3296 op, 997971319.00 ns, 302.7826 us/op, 83807768.00 uJpkg, 0.00 uJdram

// AfterAll
// Benchmark Process 4070937 has exited with code 0.

Mean = 303.446 μs, StdErr = 0.114 μs (0.04%), N = 15, StdDev = 0.442 μs
Min = 302.783 μs, Q1 = 303.145 μs, Median = 303.403 μs, Q3 = 303.632 μs, Max = 304.476 μs
IQR = 0.487 μs, LowerFence = 302.415 μs, UpperFence = 304.362 μs
ConfidenceInterval = [302.973 μs; 303.918 μs] (CI 99.9%), Margin = 0.473 μs (0.16% of Mean)
Skewness = 0.56, Kurtosis = 2.76, MValue = 2

// ** Remained 13 (43.3%) benchmark(s) to run. Estimated finish 2025-12-31 22:49 (0h 5m from now) **
// **************************
// Benchmark: JsonSerializationBenchmarks.Jil_Serialize_Large: Overhead-Fixed-Energy-10(OutlierMode=DontRemove, IterationCount=15, IterationTime=1s, LaunchCount=1, WarmupCount=6)
// *** Execute ***
// Launch: 1 / 1
// Execute: dotnet Serialization.Bench-Overhead-Fixed-Energy-10-1.dll --anonymousPipes 103 104 --benchmarkName Serialization.Bench.JsonSerializationBenchmarks.Jil_Serialize_Large --job Overhead-Fixed-Energy-10 --benchmarkId 17 in /home/test/rapl-tests/lib-energy-bench/src/Serialization.Bench/bin/Release/net8.0/Serialization.Bench-Overhead-Fixed-Energy-10-1/bin/Release/net8.0
// BeforeAnythingElse

// Benchmark Process Environment Information:
// BenchmarkDotNet v0.15.5-develop (2025-12-31)
// Runtime=.NET 8.0.21 (8.0.21, 8.0.2125.47513), X64 RyuJIT x86-64-v4
// GC=Concurrent Workstation
// HardwareIntrinsics=AVX512 IFMA+VBMI,AVX512 F+BW+CD+DQ+VL,AVX2+BMI1+BMI2+F16C+FMA+LZCNT+MOVBE,AVX,SSE3+SSSE3+SSE4.1+SSE4.2+POPCNT,X86Base+SSE+SSE2,AES+PCLMUL VectorSize=256
// Job: Overhead-Fixed-Energy-10(OutlierMode=DontRemove, IterationCount=15, IterationTime=1s, LaunchCount=1, WarmupCount=6)

OverheadJitting  1: 1 op, 142070.00 ns, 142.0700 us/op, 0.00 uJpkg, 0.00 uJdram
WorkloadJitting  1: 1 op, 156075222.00 ns, 156.0752 ms/op, 9798803.00 uJpkg, 0.00 uJdram

WorkloadPilot    1: 4 op, 1588010.00 ns, 397.0025 us/op, 133118.00 uJpkg, 0.00 uJdram
WorkloadPilot    2: 2519 op, 791843949.00 ns, 314.3485 us/op, 65688187.00 uJpkg, 0.00 uJdram
WorkloadPilot    3: 3181 op, 907811584.00 ns, 285.3856 us/op, 78055464.00 uJpkg, 0.00 uJdram
WorkloadPilot    4: 3504 op, 1001959882.00 ns, 285.9475 us/op, 86567223.00 uJpkg, 0.00 uJdram
WorkloadPilot    5: 3497 op, 995926920.00 ns, 284.7947 us/op, 85847986.00 uJpkg, 0.00 uJdram
WorkloadPilot    6: 3511 op, 1001004191.00 ns, 285.1052 us/op, 85836572.00 uJpkg, 0.00 uJdram
WorkloadPilot    7: 3507 op, 999715165.00 ns, 285.0628 us/op, 86723655.00 uJpkg, 0.00 uJdram

WorkloadWarmup   1: 3507 op, 1000048336.00 ns, 285.1578 us/op, 85961328.00 uJpkg, 0.00 uJdram
WorkloadWarmup   2: 3507 op, 998309139.00 ns, 284.6619 us/op, 85440821.00 uJpkg, 0.00 uJdram
WorkloadWarmup   3: 3507 op, 999476619.00 ns, 284.9948 us/op, 86673484.00 uJpkg, 0.00 uJdram
WorkloadWarmup   4: 3507 op, 998182751.00 ns, 284.6258 us/op, 85363002.00 uJpkg, 0.00 uJdram
WorkloadWarmup   5: 3507 op, 999031378.00 ns, 284.8678 us/op, 86247582.00 uJpkg, 0.00 uJdram
WorkloadWarmup   6: 3507 op, 997411304.00 ns, 284.4058 us/op, 84485196.00 uJpkg, 0.00 uJdram

// BeforeActualRun
WorkloadActual   1: 3507 op, 999974438.00 ns, 285.1367 us/op, 85800806.00 uJpkg, 0.00 uJdram
WorkloadActual   2: 3507 op, 998558833.00 ns, 284.7331 us/op, 85909204.00 uJpkg, 0.00 uJdram
WorkloadActual   3: 3507 op, 998433052.00 ns, 284.6972 us/op, 85356287.00 uJpkg, 0.00 uJdram
WorkloadActual   4: 3507 op, 1000914750.00 ns, 285.4048 us/op, 87553670.00 uJpkg, 0.00 uJdram
WorkloadActual   5: 3507 op, 998477939.00 ns, 284.7100 us/op, 86537986.00 uJpkg, 0.00 uJdram
WorkloadActual   6: 3507 op, 998572883.00 ns, 284.7371 us/op, 86150292.00 uJpkg, 0.00 uJdram
WorkloadActual   7: 3507 op, 999251093.00 ns, 284.9305 us/op, 86166161.00 uJpkg, 0.00 uJdram
WorkloadActual   8: 3507 op, 997904342.00 ns, 284.5464 us/op, 85210231.00 uJpkg, 0.00 uJdram
WorkloadActual   9: 3507 op, 997904690.00 ns, 284.5465 us/op, 85317287.00 uJpkg, 0.00 uJdram
WorkloadActual  10: 3507 op, 997876720.00 ns, 284.5386 us/op, 85109035.00 uJpkg, 0.00 uJdram
WorkloadActual  11: 3507 op, 998954797.00 ns, 284.8460 us/op, 86467430.00 uJpkg, 0.00 uJdram
WorkloadActual  12: 3507 op, 999341402.00 ns, 284.9562 us/op, 85650843.00 uJpkg, 0.00 uJdram
WorkloadActual  13: 3507 op, 998663537.00 ns, 284.7629 us/op, 86350854.00 uJpkg, 0.00 uJdram
WorkloadActual  14: 3507 op, 1000026172.00 ns, 285.1515 us/op, 86891867.00 uJpkg, 0.00 uJdram
WorkloadActual  15: 3507 op, 998924441.00 ns, 284.8373 us/op, 86185326.00 uJpkg, 0.00 uJdram

// AfterActualRun
WorkloadResult   1: 3507 op, 999974438.00 ns, 285.1367 us/op, 85800806.00 uJpkg, 0.00 uJdram
WorkloadResult   2: 3507 op, 998558833.00 ns, 284.7331 us/op, 85909204.00 uJpkg, 0.00 uJdram
WorkloadResult   3: 3507 op, 998433052.00 ns, 284.6972 us/op, 85356287.00 uJpkg, 0.00 uJdram
WorkloadResult   4: 3507 op, 1000914750.00 ns, 285.4048 us/op, 87553670.00 uJpkg, 0.00 uJdram
WorkloadResult   5: 3507 op, 998477939.00 ns, 284.7100 us/op, 86537986.00 uJpkg, 0.00 uJdram
WorkloadResult   6: 3507 op, 998572883.00 ns, 284.7371 us/op, 86150292.00 uJpkg, 0.00 uJdram
WorkloadResult   7: 3507 op, 999251093.00 ns, 284.9305 us/op, 86166161.00 uJpkg, 0.00 uJdram
WorkloadResult   8: 3507 op, 997904342.00 ns, 284.5464 us/op, 85210231.00 uJpkg, 0.00 uJdram
WorkloadResult   9: 3507 op, 997904690.00 ns, 284.5465 us/op, 85317287.00 uJpkg, 0.00 uJdram
WorkloadResult  10: 3507 op, 997876720.00 ns, 284.5386 us/op, 85109035.00 uJpkg, 0.00 uJdram
WorkloadResult  11: 3507 op, 998954797.00 ns, 284.8460 us/op, 86467430.00 uJpkg, 0.00 uJdram
WorkloadResult  12: 3507 op, 999341402.00 ns, 284.9562 us/op, 85650843.00 uJpkg, 0.00 uJdram
WorkloadResult  13: 3507 op, 998663537.00 ns, 284.7629 us/op, 86350854.00 uJpkg, 0.00 uJdram
WorkloadResult  14: 3507 op, 1000026172.00 ns, 285.1515 us/op, 86891867.00 uJpkg, 0.00 uJdram
WorkloadResult  15: 3507 op, 998924441.00 ns, 284.8373 us/op, 86185326.00 uJpkg, 0.00 uJdram

// AfterAll
// Benchmark Process 4070951 has exited with code 0.

Mean = 284.836 μs, StdErr = 0.064 μs (0.02%), N = 15, StdDev = 0.247 μs
Min = 284.539 μs, Q1 = 284.704 μs, Median = 284.763 μs, Q3 = 284.943 μs, Max = 285.405 μs
IQR = 0.240 μs, LowerFence = 284.344 μs, UpperFence = 285.303 μs
ConfidenceInterval = [284.572 μs; 285.100 μs] (CI 99.9%), Margin = 0.264 μs (0.09% of Mean)
Skewness = 0.73, Kurtosis = 2.62, MValue = 2

// ** Remained 12 (40.0%) benchmark(s) to run. Estimated finish 2025-12-31 22:49 (0h 5m from now) **
// **************************
// Benchmark: JsonSerializationBenchmarks.Utf8Json_Serialize_Large: Overhead-Fixed-Energy-10(OutlierMode=DontRemove, IterationCount=15, IterationTime=1s, LaunchCount=1, WarmupCount=6)
// *** Execute ***
// Launch: 1 / 1
// Execute: dotnet Serialization.Bench-Overhead-Fixed-Energy-10-1.dll --anonymousPipes 103 104 --benchmarkName Serialization.Bench.JsonSerializationBenchmarks.Utf8Json_Serialize_Large --job Overhead-Fixed-Energy-10 --benchmarkId 18 in /home/test/rapl-tests/lib-energy-bench/src/Serialization.Bench/bin/Release/net8.0/Serialization.Bench-Overhead-Fixed-Energy-10-1/bin/Release/net8.0
// BeforeAnythingElse

// Benchmark Process Environment Information:
// BenchmarkDotNet v0.15.5-develop (2025-12-31)
// Runtime=.NET 8.0.21 (8.0.21, 8.0.2125.47513), X64 RyuJIT x86-64-v4
// GC=Concurrent Workstation
// HardwareIntrinsics=AVX512 IFMA+VBMI,AVX512 F+BW+CD+DQ+VL,AVX2+BMI1+BMI2+F16C+FMA+LZCNT+MOVBE,AVX,SSE3+SSSE3+SSE4.1+SSE4.2+POPCNT,X86Base+SSE+SSE2,AES+PCLMUL VectorSize=256
// Job: Overhead-Fixed-Energy-10(OutlierMode=DontRemove, IterationCount=15, IterationTime=1s, LaunchCount=1, WarmupCount=6)

OverheadJitting  1: 1 op, 136560.00 ns, 136.5600 us/op, 55908.00 uJpkg, 0.00 uJdram
WorkloadJitting  1: 1 op, 54212743.00 ns, 54.2127 ms/op, 3337394.00 uJpkg, 0.00 uJdram

OverheadJitting  2: 16 op, 365030.00 ns, 22.8144 us/op, 0.00 uJpkg, 0.00 uJdram
WorkloadJitting  2: 16 op, 12979184.00 ns, 811.1990 us/op, 946165.00 uJpkg, 0.00 uJdram

WorkloadPilot    1: 16 op, 11984924.00 ns, 749.0578 us/op, 881101.00 uJpkg, 0.00 uJdram
WorkloadPilot    2: 1344 op, 508268636.00 ns, 378.1761 us/op, 46991701.00 uJpkg, 0.00 uJdram
WorkloadPilot    3: 2656 op, 767002772.00 ns, 288.7812 us/op, 73712030.00 uJpkg, 0.00 uJdram
WorkloadPilot    4: 3472 op, 991174202.00 ns, 285.4764 us/op, 95882017.00 uJpkg, 0.00 uJdram
WorkloadPilot    5: 3504 op, 1000686113.00 ns, 285.5839 us/op, 96702694.00 uJpkg, 0.00 uJdram

OverheadWarmup   1: 3504 op, 12857.00 ns, 3.6692 ns/op, 0.00 uJpkg, 0.00 uJdram
OverheadWarmup   2: 3504 op, 12429.00 ns, 3.5471 ns/op, 0.00 uJpkg, 0.00 uJdram
OverheadWarmup   3: 3504 op, 12443.00 ns, 3.5511 ns/op, 56091.00 uJpkg, 0.00 uJdram
OverheadWarmup   4: 3504 op, 12429.00 ns, 3.5471 ns/op, 0.00 uJpkg, 0.00 uJdram
OverheadWarmup   5: 3504 op, 12456.00 ns, 3.5548 ns/op, 0.00 uJpkg, 0.00 uJdram
OverheadWarmup   6: 3504 op, 12415.00 ns, 3.5431 ns/op, 0.00 uJpkg, 0.00 uJdram

OverheadActual   1: 3504 op, 12437.00 ns, 3.5494 ns/op, 0.00 uJpkg, 0.00 uJdram
OverheadActual   2: 3504 op, 12451.00 ns, 3.5534 ns/op, 0.00 uJpkg, 0.00 uJdram
OverheadActual   3: 3504 op, 12448.00 ns, 3.5525 ns/op, 0.00 uJpkg, 0.00 uJdram
OverheadActual   4: 3504 op, 12431.00 ns, 3.5477 ns/op, 0.00 uJpkg, 0.00 uJdram
OverheadActual   5: 3504 op, 12447.00 ns, 3.5522 ns/op, 0.00 uJpkg, 0.00 uJdram
OverheadActual   6: 3504 op, 12459.00 ns, 3.5557 ns/op, 0.00 uJpkg, 0.00 uJdram
OverheadActual   7: 3504 op, 12441.00 ns, 3.5505 ns/op, 0.00 uJpkg, 0.00 uJdram
OverheadActual   8: 3504 op, 12421.00 ns, 3.5448 ns/op, 0.00 uJpkg, 0.00 uJdram
OverheadActual   9: 3504 op, 12420.00 ns, 3.5445 ns/op, 0.00 uJpkg, 0.00 uJdram
OverheadActual  10: 3504 op, 12432.00 ns, 3.5479 ns/op, 0.00 uJpkg, 0.00 uJdram
OverheadActual  11: 3504 op, 12436.00 ns, 3.5491 ns/op, 0.00 uJpkg, 0.00 uJdram
OverheadActual  12: 3504 op, 12439.00 ns, 3.5499 ns/op, 0.00 uJpkg, 0.00 uJdram
OverheadActual  13: 3504 op, 13625.00 ns, 3.8884 ns/op, 90881.00 uJpkg, 0.00 uJdram
OverheadActual  14: 3504 op, 12237.00 ns, 3.4923 ns/op, 0.00 uJpkg, 0.00 uJdram
OverheadActual  15: 3504 op, 12431.00 ns, 3.5477 ns/op, 0.00 uJpkg, 0.00 uJdram

WorkloadWarmup   1: 3504 op, 1007324026.00 ns, 287.4783 us/op, 97897393.00 uJpkg, 0.00 uJdram
WorkloadWarmup   2: 3504 op, 1018698656.00 ns, 290.7245 us/op, 97003780.00 uJpkg, 0.00 uJdram
WorkloadWarmup   3: 3504 op, 1003601719.00 ns, 286.4160 us/op, 97167720.00 uJpkg, 0.00 uJdram
WorkloadWarmup   4: 3504 op, 1002141824.00 ns, 285.9994 us/op, 96838070.00 uJpkg, 0.00 uJdram
WorkloadWarmup   5: 3504 op, 1006746256.00 ns, 287.3134 us/op, 96682126.00 uJpkg, 0.00 uJdram
WorkloadWarmup   6: 3504 op, 1005235042.00 ns, 286.8821 us/op, 97260615.00 uJpkg, 0.00 uJdram

// BeforeActualRun
WorkloadActual   1: 3504 op, 1007794779.00 ns, 287.6127 us/op, 97198360.00 uJpkg, 0.00 uJdram
WorkloadActual   2: 3504 op, 1007509422.00 ns, 287.5312 us/op, 96929012.00 uJpkg, 0.00 uJdram
WorkloadActual   3: 3504 op, 1008920082.00 ns, 287.9338 us/op, 97621027.00 uJpkg, 0.00 uJdram
WorkloadActual   4: 3504 op, 1004751160.00 ns, 286.7441 us/op, 96803524.00 uJpkg, 0.00 uJdram
WorkloadActual   5: 3504 op, 1007688405.00 ns, 287.5823 us/op, 97037837.00 uJpkg, 0.00 uJdram
WorkloadActual   6: 3504 op, 1008052777.00 ns, 287.6863 us/op, 97099727.00 uJpkg, 0.00 uJdram
WorkloadActual   7: 3504 op, 1007281038.00 ns, 287.4660 us/op, 96963741.00 uJpkg, 0.00 uJdram
WorkloadActual   8: 3504 op, 1005240366.00 ns, 286.8837 us/op, 96939083.00 uJpkg, 0.00 uJdram
WorkloadActual   9: 3504 op, 1013564991.00 ns, 289.2594 us/op, 96757198.00 uJpkg, 0.00 uJdram
WorkloadActual  10: 3504 op, 1016714470.00 ns, 290.1582 us/op, 97873284.00 uJpkg, 0.00 uJdram
WorkloadActual  11: 3504 op, 1005319083.00 ns, 286.9061 us/op, 96948970.00 uJpkg, 0.00 uJdram
WorkloadActual  12: 3504 op, 1005851658.00 ns, 287.0581 us/op, 96828549.00 uJpkg, 0.00 uJdram
WorkloadActual  13: 3504 op, 1014082483.00 ns, 289.4071 us/op, 97587885.00 uJpkg, 0.00 uJdram
WorkloadActual  14: 3504 op, 1003078418.00 ns, 286.2667 us/op, 97139400.00 uJpkg, 0.00 uJdram
WorkloadActual  15: 3504 op, 1002203745.00 ns, 286.0171 us/op, 96822750.00 uJpkg, 0.00 uJdram

// AfterActualRun
WorkloadResult   1: 3504 op, 1007782342.00 ns, 287.6091 us/op, 97198360.00 uJpkg, 0.00 uJdram
WorkloadResult   2: 3504 op, 1007496985.00 ns, 287.5277 us/op, 96929012.00 uJpkg, 0.00 uJdram
WorkloadResult   3: 3504 op, 1008907645.00 ns, 287.9303 us/op, 97621027.00 uJpkg, 0.00 uJdram
WorkloadResult   4: 3504 op, 1004738723.00 ns, 286.7405 us/op, 96803524.00 uJpkg, 0.00 uJdram
WorkloadResult   5: 3504 op, 1007675968.00 ns, 287.5788 us/op, 97037837.00 uJpkg, 0.00 uJdram
WorkloadResult   6: 3504 op, 1008040340.00 ns, 287.6827 us/op, 97099727.00 uJpkg, 0.00 uJdram
WorkloadResult   7: 3504 op, 1007268601.00 ns, 287.4625 us/op, 96963741.00 uJpkg, 0.00 uJdram
WorkloadResult   8: 3504 op, 1005227929.00 ns, 286.8801 us/op, 96939083.00 uJpkg, 0.00 uJdram
WorkloadResult   9: 3504 op, 1013552554.00 ns, 289.2559 us/op, 96757198.00 uJpkg, 0.00 uJdram
WorkloadResult  10: 3504 op, 1016702033.00 ns, 290.1547 us/op, 97873284.00 uJpkg, 0.00 uJdram
WorkloadResult  11: 3504 op, 1005306646.00 ns, 286.9026 us/op, 96948970.00 uJpkg, 0.00 uJdram
WorkloadResult  12: 3504 op, 1005839221.00 ns, 287.0546 us/op, 96828549.00 uJpkg, 0.00 uJdram
WorkloadResult  13: 3504 op, 1014070046.00 ns, 289.4036 us/op, 97587885.00 uJpkg, 0.00 uJdram
WorkloadResult  14: 3504 op, 1003065981.00 ns, 286.2631 us/op, 97139400.00 uJpkg, 0.00 uJdram
WorkloadResult  15: 3504 op, 1002191308.00 ns, 286.0135 us/op, 96822750.00 uJpkg, 0.00 uJdram

// AfterAll
// Benchmark Process 4070967 has exited with code 0.

Mean = 287.631 μs, StdErr = 0.301 μs (0.10%), N = 15, StdDev = 1.165 μs
Min = 286.014 μs, Q1 = 286.891 μs, Median = 287.528 μs, Q3 = 287.807 μs, Max = 290.155 μs
IQR = 0.915 μs, LowerFence = 285.519 μs, UpperFence = 289.179 μs
ConfidenceInterval = [286.385 μs; 288.876 μs] (CI 99.9%), Margin = 1.245 μs (0.43% of Mean)
Skewness = 0.74, Kurtosis = 2.5, MValue = 2

// ** Remained 11 (36.7%) benchmark(s) to run. Estimated finish 2025-12-31 22:49 (0h 5m from now) **
// **************************
// Benchmark: JsonSerializationBenchmarks.SpanJson_Serialize_Large: Overhead-Fixed-Energy-10(OutlierMode=DontRemove, IterationCount=15, IterationTime=1s, LaunchCount=1, WarmupCount=6)
// *** Execute ***
// Launch: 1 / 1
// Execute: dotnet Serialization.Bench-Overhead-Fixed-Energy-10-1.dll --anonymousPipes 103 104 --benchmarkName Serialization.Bench.JsonSerializationBenchmarks.SpanJson_Serialize_Large --job Overhead-Fixed-Energy-10 --benchmarkId 19 in /home/test/rapl-tests/lib-energy-bench/src/Serialization.Bench/bin/Release/net8.0/Serialization.Bench-Overhead-Fixed-Energy-10-1/bin/Release/net8.0
// BeforeAnythingElse

// Benchmark Process Environment Information:
// BenchmarkDotNet v0.15.5-develop (2025-12-31)
// Runtime=.NET 8.0.21 (8.0.21, 8.0.2125.47513), X64 RyuJIT x86-64-v4
// GC=Concurrent Workstation
// HardwareIntrinsics=AVX512 IFMA+VBMI,AVX512 F+BW+CD+DQ+VL,AVX2+BMI1+BMI2+F16C+FMA+LZCNT+MOVBE,AVX,SSE3+SSSE3+SSE4.1+SSE4.2+POPCNT,X86Base+SSE+SSE2,AES+PCLMUL VectorSize=256
// Job: Overhead-Fixed-Energy-10(OutlierMode=DontRemove, IterationCount=15, IterationTime=1s, LaunchCount=1, WarmupCount=6)

OverheadJitting  1: 1 op, 135833.00 ns, 135.8330 us/op, 0.00 uJpkg, 0.00 uJdram
WorkloadJitting  1: 1 op, 109402471.00 ns, 109.4025 ms/op, 7288800.00 uJpkg, 0.00 uJdram

WorkloadPilot    1: 4 op, 3018956.00 ns, 754.7390 us/op, 229126.00 uJpkg, 0.00 uJdram
WorkloadPilot    2: 1325 op, 321845868.00 ns, 242.9025 us/op, 23666382.00 uJpkg, 0.00 uJdram
WorkloadPilot    3: 4117 op, 671994911.00 ns, 163.2244 us/op, 49651850.00 uJpkg, 0.00 uJdram
WorkloadPilot    4: 6127 op, 1006127492.00 ns, 164.2121 us/op, 74767570.00 uJpkg, 0.00 uJdram
WorkloadPilot    5: 6090 op, 1007138773.00 ns, 165.3758 us/op, 75286550.00 uJpkg, 0.00 uJdram
WorkloadPilot    6: 6047 op, 1004916290.00 ns, 166.1843 us/op, 74562858.00 uJpkg, 0.00 uJdram

WorkloadWarmup   1: 6047 op, 1010661089.00 ns, 167.1343 us/op, 74700309.00 uJpkg, 0.00 uJdram
WorkloadWarmup   2: 6047 op, 1011579968.00 ns, 167.2863 us/op, 74957450.00 uJpkg, 0.00 uJdram
WorkloadWarmup   3: 6047 op, 1014786829.00 ns, 167.8166 us/op, 75273062.00 uJpkg, 0.00 uJdram
WorkloadWarmup   4: 6047 op, 1005827611.00 ns, 166.3350 us/op, 74753470.00 uJpkg, 0.00 uJdram
WorkloadWarmup   5: 6047 op, 1014080082.00 ns, 167.6997 us/op, 75148611.00 uJpkg, 0.00 uJdram
WorkloadWarmup   6: 6047 op, 1013431529.00 ns, 167.5924 us/op, 75586599.00 uJpkg, 0.00 uJdram

// BeforeActualRun
WorkloadActual   1: 6047 op, 1009100666.00 ns, 166.8762 us/op, 74874014.00 uJpkg, 0.00 uJdram
WorkloadActual   2: 6047 op, 1009435844.00 ns, 166.9317 us/op, 74255425.00 uJpkg, 0.00 uJdram
WorkloadActual   3: 6047 op, 1008097581.00 ns, 166.7104 us/op, 74212457.00 uJpkg, 0.00 uJdram
WorkloadActual   4: 6047 op, 1009382882.00 ns, 166.9229 us/op, 74484062.00 uJpkg, 0.00 uJdram
WorkloadActual   5: 6047 op, 1003000074.00 ns, 165.8674 us/op, 74017205.00 uJpkg, 0.00 uJdram
WorkloadActual   6: 6047 op, 1004200708.00 ns, 166.0659 us/op, 74751152.00 uJpkg, 0.00 uJdram
WorkloadActual   7: 6047 op, 1015344320.00 ns, 167.9088 us/op, 75069998.00 uJpkg, 0.00 uJdram
WorkloadActual   8: 6047 op, 1012277161.00 ns, 167.4015 us/op, 74198235.00 uJpkg, 0.00 uJdram
WorkloadActual   9: 6047 op, 1009638050.00 ns, 166.9651 us/op, 73528987.00 uJpkg, 0.00 uJdram
WorkloadActual  10: 6047 op, 1010881944.00 ns, 167.1708 us/op, 74595085.00 uJpkg, 0.00 uJdram
WorkloadActual  11: 6047 op, 1000838330.00 ns, 165.5099 us/op, 74483391.00 uJpkg, 0.00 uJdram
WorkloadActual  12: 6047 op, 1005499361.00 ns, 166.2807 us/op, 72983394.00 uJpkg, 0.00 uJdram
WorkloadActual  13: 6047 op, 1002783411.00 ns, 165.8316 us/op, 74193902.00 uJpkg, 0.00 uJdram
WorkloadActual  14: 6047 op, 1008650938.00 ns, 166.8019 us/op, 74088555.00 uJpkg, 0.00 uJdram
WorkloadActual  15: 6047 op, 1010262734.00 ns, 167.0684 us/op, 72418882.00 uJpkg, 0.00 uJdram

// AfterActualRun
WorkloadResult   1: 6047 op, 1009100666.00 ns, 166.8762 us/op, 74874014.00 uJpkg, 0.00 uJdram
WorkloadResult   2: 6047 op, 1009435844.00 ns, 166.9317 us/op, 74255425.00 uJpkg, 0.00 uJdram
WorkloadResult   3: 6047 op, 1008097581.00 ns, 166.7104 us/op, 74212457.00 uJpkg, 0.00 uJdram
WorkloadResult   4: 6047 op, 1009382882.00 ns, 166.9229 us/op, 74484062.00 uJpkg, 0.00 uJdram
WorkloadResult   5: 6047 op, 1003000074.00 ns, 165.8674 us/op, 74017205.00 uJpkg, 0.00 uJdram
WorkloadResult   6: 6047 op, 1004200708.00 ns, 166.0659 us/op, 74751152.00 uJpkg, 0.00 uJdram
WorkloadResult   7: 6047 op, 1015344320.00 ns, 167.9088 us/op, 75069998.00 uJpkg, 0.00 uJdram
WorkloadResult   8: 6047 op, 1012277161.00 ns, 167.4015 us/op, 74198235.00 uJpkg, 0.00 uJdram
WorkloadResult   9: 6047 op, 1009638050.00 ns, 166.9651 us/op, 73528987.00 uJpkg, 0.00 uJdram
WorkloadResult  10: 6047 op, 1010881944.00 ns, 167.1708 us/op, 74595085.00 uJpkg, 0.00 uJdram
WorkloadResult  11: 6047 op, 1000838330.00 ns, 165.5099 us/op, 74483391.00 uJpkg, 0.00 uJdram
WorkloadResult  12: 6047 op, 1005499361.00 ns, 166.2807 us/op, 72983394.00 uJpkg, 0.00 uJdram
WorkloadResult  13: 6047 op, 1002783411.00 ns, 165.8316 us/op, 74193902.00 uJpkg, 0.00 uJdram
WorkloadResult  14: 6047 op, 1008650938.00 ns, 166.8019 us/op, 74088555.00 uJpkg, 0.00 uJdram
WorkloadResult  15: 6047 op, 1010262734.00 ns, 167.0684 us/op, 72418882.00 uJpkg, 0.00 uJdram

// AfterAll
// Benchmark Process 4070984 has exited with code 0.

Mean = 166.688 μs, StdErr = 0.169 μs (0.10%), N = 15, StdDev = 0.653 μs
Min = 165.510 μs, Q1 = 166.173 μs, Median = 166.876 μs, Q3 = 167.017 μs, Max = 167.909 μs
IQR = 0.843 μs, LowerFence = 164.908 μs, UpperFence = 168.282 μs
ConfidenceInterval = [165.990 μs; 167.385 μs] (CI 99.9%), Margin = 0.698 μs (0.42% of Mean)
Skewness = -0.17, Kurtosis = 2.08, MValue = 2

// ** Remained 10 (33.3%) benchmark(s) to run. Estimated finish 2025-12-31 22:49 (0h 4m from now) **
// **************************
// Benchmark: JsonSerializationBenchmarks.STJ_Serialize_Medium: Overhead-Fixed-Energy-10(OutlierMode=DontRemove, IterationCount=15, IterationTime=1s, LaunchCount=1, WarmupCount=6)
// *** Execute ***
// Launch: 1 / 1
// Execute: dotnet Serialization.Bench-Overhead-Fixed-Energy-10-1.dll --anonymousPipes 103 104 --benchmarkName Serialization.Bench.JsonSerializationBenchmarks.STJ_Serialize_Medium --job Overhead-Fixed-Energy-10 --benchmarkId 20 in /home/test/rapl-tests/lib-energy-bench/src/Serialization.Bench/bin/Release/net8.0/Serialization.Bench-Overhead-Fixed-Energy-10-1/bin/Release/net8.0
// BeforeAnythingElse

// Benchmark Process Environment Information:
// BenchmarkDotNet v0.15.5-develop (2025-12-31)
// Runtime=.NET 8.0.21 (8.0.21, 8.0.2125.47513), X64 RyuJIT x86-64-v4
// GC=Concurrent Workstation
// HardwareIntrinsics=AVX512 IFMA+VBMI,AVX512 F+BW+CD+DQ+VL,AVX2+BMI1+BMI2+F16C+FMA+LZCNT+MOVBE,AVX,SSE3+SSSE3+SSE4.1+SSE4.2+POPCNT,X86Base+SSE+SSE2,AES+PCLMUL VectorSize=256
// Job: Overhead-Fixed-Energy-10(OutlierMode=DontRemove, IterationCount=15, IterationTime=1s, LaunchCount=1, WarmupCount=6)

OverheadJitting  1: 1 op, 135242.00 ns, 135.2420 us/op, 0.00 uJpkg, 0.00 uJdram
WorkloadJitting  1: 1 op, 7252869.00 ns, 7.2529 ms/op, 477721.00 uJpkg, 0.00 uJdram

OverheadJitting  2: 16 op, 360293.00 ns, 22.5183 us/op, 0.00 uJpkg, 0.00 uJdram
WorkloadJitting  2: 16 op, 2099875.00 ns, 131.2422 us/op, 140563.00 uJpkg, 0.00 uJdram

WorkloadPilot    1: 16 op, 1598712.00 ns, 99.9195 us/op, 132507.00 uJpkg, 0.00 uJdram
WorkloadPilot    2: 10016 op, 699262132.00 ns, 69.8145 us/op, 61636866.00 uJpkg, 0.00 uJdram
WorkloadPilot    3: 14336 op, 645302086.00 ns, 45.0127 us/op, 56055826.00 uJpkg, 0.00 uJdram
WorkloadPilot    4: 22224 op, 1000788140.00 ns, 45.0319 us/op, 87068503.00 uJpkg, 0.00 uJdram
WorkloadPilot    5: 22208 op, 1001975898.00 ns, 45.1178 us/op, 87402669.00 uJpkg, 0.00 uJdram
WorkloadPilot    6: 22176 op, 999792468.00 ns, 45.0844 us/op, 87206503.00 uJpkg, 0.00 uJdram
WorkloadPilot    7: 22192 op, 1001565437.00 ns, 45.1318 us/op, 87352987.00 uJpkg, 0.00 uJdram

OverheadWarmup   1: 22192 op, 82689.00 ns, 3.7261 ns/op, 0.00 uJpkg, 0.00 uJdram
OverheadWarmup   2: 22192 op, 78353.00 ns, 3.5307 ns/op, 0.00 uJpkg, 0.00 uJdram
OverheadWarmup   3: 22192 op, 78452.00 ns, 3.5351 ns/op, 0.00 uJpkg, 0.00 uJdram
OverheadWarmup   4: 22192 op, 76985.00 ns, 3.4690 ns/op, 0.00 uJpkg, 0.00 uJdram
OverheadWarmup   5: 22192 op, 76983.00 ns, 3.4690 ns/op, 0.00 uJpkg, 0.00 uJdram
OverheadWarmup   6: 22192 op, 77692.00 ns, 3.5009 ns/op, 0.00 uJpkg, 0.00 uJdram
OverheadWarmup   7: 22192 op, 76926.00 ns, 3.4664 ns/op, 0.00 uJpkg, 0.00 uJdram

OverheadActual   1: 22192 op, 76997.00 ns, 3.4696 ns/op, 0.00 uJpkg, 0.00 uJdram
OverheadActual   2: 22192 op, 77347.00 ns, 3.4854 ns/op, 0.00 uJpkg, 0.00 uJdram
OverheadActual   3: 22192 op, 76995.00 ns, 3.4695 ns/op, 0.00 uJpkg, 0.00 uJdram
OverheadActual   4: 22192 op, 77005.00 ns, 3.4699 ns/op, 0.00 uJpkg, 0.00 uJdram
OverheadActual   5: 22192 op, 77357.00 ns, 3.4858 ns/op, 0.00 uJpkg, 0.00 uJdram
OverheadActual   6: 22192 op, 76937.00 ns, 3.4669 ns/op, 0.00 uJpkg, 0.00 uJdram
OverheadActual   7: 22192 op, 76998.00 ns, 3.4696 ns/op, 0.00 uJpkg, 0.00 uJdram
OverheadActual   8: 22192 op, 77338.00 ns, 3.4849 ns/op, 0.00 uJpkg, 0.00 uJdram
OverheadActual   9: 22192 op, 76992.00 ns, 3.4694 ns/op, 0.00 uJpkg, 0.00 uJdram
OverheadActual  10: 22192 op, 80377.00 ns, 3.6219 ns/op, 0.00 uJpkg, 0.00 uJdram
OverheadActual  11: 22192 op, 77367.00 ns, 3.4863 ns/op, 0.00 uJpkg, 0.00 uJdram
OverheadActual  12: 22192 op, 76998.00 ns, 3.4696 ns/op, 0.00 uJpkg, 0.00 uJdram
OverheadActual  13: 22192 op, 76988.00 ns, 3.4692 ns/op, 98022.00 uJpkg, 0.00 uJdram
OverheadActual  14: 22192 op, 77330.00 ns, 3.4846 ns/op, 0.00 uJpkg, 0.00 uJdram
OverheadActual  15: 22192 op, 76963.00 ns, 3.4681 ns/op, 0.00 uJpkg, 0.00 uJdram

WorkloadWarmup   1: 22192 op, 1004250034.00 ns, 45.2528 us/op, 90739147.00 uJpkg, 0.00 uJdram
WorkloadWarmup   2: 22192 op, 1001844318.00 ns, 45.1444 us/op, 88106586.00 uJpkg, 0.00 uJdram
WorkloadWarmup   3: 22192 op, 1005067677.00 ns, 45.2896 us/op, 88419634.00 uJpkg, 0.00 uJdram
WorkloadWarmup   4: 22192 op, 1003700776.00 ns, 45.2280 us/op, 86927267.00 uJpkg, 0.00 uJdram
WorkloadWarmup   5: 22192 op, 999264421.00 ns, 45.0281 us/op, 86886192.00 uJpkg, 0.00 uJdram
WorkloadWarmup   6: 22192 op, 999321987.00 ns, 45.0307 us/op, 87059286.00 uJpkg, 0.00 uJdram

// BeforeActualRun
WorkloadActual   1: 22192 op, 997267575.00 ns, 44.9382 us/op, 86592613.00 uJpkg, 0.00 uJdram
WorkloadActual   2: 22192 op, 998641318.00 ns, 45.0001 us/op, 87165609.00 uJpkg, 0.00 uJdram
WorkloadActual   3: 22192 op, 1000295962.00 ns, 45.0746 us/op, 88038593.00 uJpkg, 0.00 uJdram
WorkloadActual   4: 22192 op, 1000889946.00 ns, 45.1014 us/op, 87916340.00 uJpkg, 0.00 uJdram
WorkloadActual   5: 22192 op, 998312735.00 ns, 44.9853 us/op, 87219687.00 uJpkg, 0.00 uJdram
WorkloadActual   6: 22192 op, 999340037.00 ns, 45.0315 us/op, 86923728.00 uJpkg, 0.00 uJdram
WorkloadActual   7: 22192 op, 1001513668.00 ns, 45.1295 us/op, 87016928.00 uJpkg, 0.00 uJdram
WorkloadActual   8: 22192 op, 1002808947.00 ns, 45.1879 us/op, 87442403.00 uJpkg, 0.00 uJdram
WorkloadActual   9: 22192 op, 997132232.00 ns, 44.9321 us/op, 86845176.00 uJpkg, 0.00 uJdram
WorkloadActual  10: 22192 op, 1001549603.00 ns, 45.1311 us/op, 88852250.00 uJpkg, 0.00 uJdram
WorkloadActual  11: 22192 op, 1004893570.00 ns, 45.2818 us/op, 87174886.00 uJpkg, 0.00 uJdram
WorkloadActual  12: 22192 op, 998683862.00 ns, 45.0020 us/op, 86741965.00 uJpkg, 0.00 uJdram
WorkloadActual  13: 22192 op, 1001740930.00 ns, 45.1397 us/op, 86961996.00 uJpkg, 0.00 uJdram
WorkloadActual  14: 22192 op, 1009320294.00 ns, 45.4813 us/op, 88045368.00 uJpkg, 0.00 uJdram
WorkloadActual  15: 22192 op, 1004750222.00 ns, 45.2753 us/op, 87390157.00 uJpkg, 0.00 uJdram

// AfterActualRun
WorkloadResult   1: 22192 op, 997190577.00 ns, 44.9347 us/op, 86592613.00 uJpkg, 0.00 uJdram
WorkloadResult   2: 22192 op, 998564320.00 ns, 44.9966 us/op, 87165609.00 uJpkg, 0.00 uJdram
WorkloadResult   3: 22192 op, 1000218964.00 ns, 45.0712 us/op, 88038593.00 uJpkg, 0.00 uJdram
WorkloadResult   4: 22192 op, 1000812948.00 ns, 45.0979 us/op, 87916340.00 uJpkg, 0.00 uJdram
WorkloadResult   5: 22192 op, 998235737.00 ns, 44.9818 us/op, 87219687.00 uJpkg, 0.00 uJdram
WorkloadResult   6: 22192 op, 999263039.00 ns, 45.0281 us/op, 86923728.00 uJpkg, 0.00 uJdram
WorkloadResult   7: 22192 op, 1001436670.00 ns, 45.1260 us/op, 87016928.00 uJpkg, 0.00 uJdram
WorkloadResult   8: 22192 op, 1002731949.00 ns, 45.1844 us/op, 87442403.00 uJpkg, 0.00 uJdram
WorkloadResult   9: 22192 op, 997055234.00 ns, 44.9286 us/op, 86845176.00 uJpkg, 0.00 uJdram
WorkloadResult  10: 22192 op, 1001472605.00 ns, 45.1276 us/op, 88852250.00 uJpkg, 0.00 uJdram
WorkloadResult  11: 22192 op, 1004816572.00 ns, 45.2783 us/op, 87174886.00 uJpkg, 0.00 uJdram
WorkloadResult  12: 22192 op, 998606864.00 ns, 44.9985 us/op, 86741965.00 uJpkg, 0.00 uJdram
WorkloadResult  13: 22192 op, 1001663932.00 ns, 45.1363 us/op, 86961996.00 uJpkg, 0.00 uJdram
WorkloadResult  14: 22192 op, 1009243296.00 ns, 45.4778 us/op, 88045368.00 uJpkg, 0.00 uJdram
WorkloadResult  15: 22192 op, 1004673224.00 ns, 45.2719 us/op, 87390157.00 uJpkg, 0.00 uJdram

// AfterAll
// Benchmark Process 4071001 has exited with code 0.

Mean = 45.109 μs, StdErr = 0.038 μs (0.09%), N = 15, StdDev = 0.149 μs
Min = 44.929 μs, Q1 = 44.998 μs, Median = 45.098 μs, Q3 = 45.160 μs, Max = 45.478 μs
IQR = 0.163 μs, LowerFence = 44.753 μs, UpperFence = 45.404 μs
ConfidenceInterval = [44.950 μs; 45.268 μs] (CI 99.9%), Margin = 0.159 μs (0.35% of Mean)
Skewness = 0.87, Kurtosis = 3.07, MValue = 2

// ** Remained 9 (30.0%) benchmark(s) to run. Estimated finish 2025-12-31 22:49 (0h 4m from now) **
// **************************
// Benchmark: JsonSerializationBenchmarks.Newtonsoft_Serialize_Medium: Overhead-Fixed-Energy-10(OutlierMode=DontRemove, IterationCount=15, IterationTime=1s, LaunchCount=1, WarmupCount=6)
// *** Execute ***
// Launch: 1 / 1
// Execute: dotnet Serialization.Bench-Overhead-Fixed-Energy-10-1.dll --anonymousPipes 103 104 --benchmarkName Serialization.Bench.JsonSerializationBenchmarks.Newtonsoft_Serialize_Medium --job Overhead-Fixed-Energy-10 --benchmarkId 21 in /home/test/rapl-tests/lib-energy-bench/src/Serialization.Bench/bin/Release/net8.0/Serialization.Bench-Overhead-Fixed-Energy-10-1/bin/Release/net8.0
// BeforeAnythingElse

// Benchmark Process Environment Information:
// BenchmarkDotNet v0.15.5-develop (2025-12-31)
// Runtime=.NET 8.0.21 (8.0.21, 8.0.2125.47513), X64 RyuJIT x86-64-v4
// GC=Concurrent Workstation
// HardwareIntrinsics=AVX512 IFMA+VBMI,AVX512 F+BW+CD+DQ+VL,AVX2+BMI1+BMI2+F16C+FMA+LZCNT+MOVBE,AVX,SSE3+SSSE3+SSE4.1+SSE4.2+POPCNT,X86Base+SSE+SSE2,AES+PCLMUL VectorSize=256
// Job: Overhead-Fixed-Energy-10(OutlierMode=DontRemove, IterationCount=15, IterationTime=1s, LaunchCount=1, WarmupCount=6)

OverheadJitting  1: 1 op, 169145.00 ns, 169.1450 us/op, 90271.00 uJpkg, 0.00 uJdram
WorkloadJitting  1: 1 op, 48651679.00 ns, 48.6517 ms/op, 3027520.00 uJpkg, 0.00 uJdram

OverheadJitting  2: 16 op, 366340.00 ns, 22.8963 us/op, 0.00 uJpkg, 0.00 uJdram
WorkloadJitting  2: 16 op, 5016720.00 ns, 313.5450 us/op, 339659.00 uJpkg, 0.00 uJdram

WorkloadPilot    1: 16 op, 4473998.00 ns, 279.6249 us/op, 332579.00 uJpkg, 0.00 uJdram
WorkloadPilot    2: 3584 op, 361217525.00 ns, 100.7861 us/op, 29544297.00 uJpkg, 0.00 uJdram
WorkloadPilot    3: 9936 op, 538819698.00 ns, 54.2290 us/op, 45797307.00 uJpkg, 0.00 uJdram
WorkloadPilot    4: 18448 op, 995138395.00 ns, 53.9429 us/op, 84434598.00 uJpkg, 0.00 uJdram
WorkloadPilot    5: 18544 op, 1002824341.00 ns, 54.0781 us/op, 84628323.00 uJpkg, 0.00 uJdram
WorkloadPilot    6: 18496 op, 999572604.00 ns, 54.0426 us/op, 84809598.00 uJpkg, 0.00 uJdram
WorkloadPilot    7: 18512 op, 1007131979.00 ns, 54.4043 us/op, 85713221.00 uJpkg, 0.00 uJdram
WorkloadPilot    8: 18384 op, 992932712.00 ns, 54.0107 us/op, 84051665.00 uJpkg, 0.00 uJdram
WorkloadPilot    9: 18528 op, 1002624970.00 ns, 54.1140 us/op, 84769742.00 uJpkg, 0.00 uJdram

OverheadWarmup   1: 18528 op, 68525.00 ns, 3.6985 ns/op, 0.00 uJpkg, 0.00 uJdram
OverheadWarmup   2: 18528 op, 64954.00 ns, 3.5057 ns/op, 0.00 uJpkg, 0.00 uJdram
OverheadWarmup   3: 18528 op, 64307.00 ns, 3.4708 ns/op, 0.00 uJpkg, 0.00 uJdram
OverheadWarmup   4: 18528 op, 68632.00 ns, 3.7042 ns/op, 0.00 uJpkg, 0.00 uJdram
OverheadWarmup   5: 18528 op, 64295.00 ns, 3.4702 ns/op, 0.00 uJpkg, 0.00 uJdram
OverheadWarmup   6: 18528 op, 64267.00 ns, 3.4686 ns/op, 0.00 uJpkg, 0.00 uJdram
OverheadWarmup   7: 18528 op, 64304.00 ns, 3.4706 ns/op, 0.00 uJpkg, 0.00 uJdram
OverheadWarmup   8: 18528 op, 64500.00 ns, 3.4812 ns/op, 0.00 uJpkg, 0.00 uJdram
OverheadWarmup   9: 18528 op, 64303.00 ns, 3.4706 ns/op, 0.00 uJpkg, 0.00 uJdram

OverheadActual   1: 18528 op, 65887.00 ns, 3.5561 ns/op, 0.00 uJpkg, 0.00 uJdram
OverheadActual   2: 18528 op, 65507.00 ns, 3.5356 ns/op, 0.00 uJpkg, 0.00 uJdram
OverheadActual   3: 18528 op, 65154.00 ns, 3.5165 ns/op, 0.00 uJpkg, 0.00 uJdram
OverheadActual   4: 18528 op, 67760.00 ns, 3.6572 ns/op, 0.00 uJpkg, 0.00 uJdram
OverheadActual   5: 18528 op, 64326.00 ns, 3.4718 ns/op, 84228.00 uJpkg, 0.00 uJdram
OverheadActual   6: 18528 op, 64587.00 ns, 3.4859 ns/op, 0.00 uJpkg, 0.00 uJdram
OverheadActual   7: 18528 op, 64294.00 ns, 3.4701 ns/op, 0.00 uJpkg, 0.00 uJdram
OverheadActual   8: 18528 op, 64306.00 ns, 3.4707 ns/op, 0.00 uJpkg, 0.00 uJdram
OverheadActual   9: 18528 op, 64673.00 ns, 3.4906 ns/op, 0.00 uJpkg, 0.00 uJdram
OverheadActual  10: 18528 op, 64328.00 ns, 3.4719 ns/op, 0.00 uJpkg, 0.00 uJdram
OverheadActual  11: 18528 op, 64339.00 ns, 3.4725 ns/op, 0.00 uJpkg, 0.00 uJdram
OverheadActual  12: 18528 op, 64325.00 ns, 3.4718 ns/op, 80078.00 uJpkg, 0.00 uJdram
OverheadActual  13: 18528 op, 64716.00 ns, 3.4929 ns/op, 0.00 uJpkg, 0.00 uJdram
OverheadActual  14: 18528 op, 64315.00 ns, 3.4712 ns/op, 0.00 uJpkg, 0.00 uJdram
OverheadActual  15: 18528 op, 64313.00 ns, 3.4711 ns/op, 0.00 uJpkg, 0.00 uJdram

WorkloadWarmup   1: 18528 op, 1006045761.00 ns, 54.2987 us/op, 88261615.00 uJpkg, 0.00 uJdram
WorkloadWarmup   2: 18528 op, 1003642598.00 ns, 54.1690 us/op, 85606958.00 uJpkg, 0.00 uJdram
WorkloadWarmup   3: 18528 op, 1005078949.00 ns, 54.2465 us/op, 85438380.00 uJpkg, 0.00 uJdram
WorkloadWarmup   4: 18528 op, 1001036088.00 ns, 54.0283 us/op, 84944118.00 uJpkg, 0.00 uJdram
WorkloadWarmup   5: 18528 op, 1006282489.00 ns, 54.3114 us/op, 85314173.00 uJpkg, 0.00 uJdram
WorkloadWarmup   6: 18528 op, 1002955143.00 ns, 54.1319 us/op, 85450892.00 uJpkg, 0.00 uJdram

// BeforeActualRun
WorkloadActual   1: 18528 op, 1005767565.00 ns, 54.2837 us/op, 85297694.00 uJpkg, 0.00 uJdram
WorkloadActual   2: 18528 op, 1005344219.00 ns, 54.2608 us/op, 85896325.00 uJpkg, 0.00 uJdram
WorkloadActual   3: 18528 op, 1011926861.00 ns, 54.6161 us/op, 86559226.00 uJpkg, 0.00 uJdram
WorkloadActual   4: 18528 op, 1006446531.00 ns, 54.3203 us/op, 85362819.00 uJpkg, 0.00 uJdram
WorkloadActual   5: 18528 op, 1007493575.00 ns, 54.3768 us/op, 85971338.00 uJpkg, 0.00 uJdram
WorkloadActual   6: 18528 op, 1008048108.00 ns, 54.4067 us/op, 85666956.00 uJpkg, 0.00 uJdram
WorkloadActual   7: 18528 op, 1001832474.00 ns, 54.0713 us/op, 85112880.00 uJpkg, 0.00 uJdram
WorkloadActual   8: 18528 op, 1006579051.00 ns, 54.3275 us/op, 85622705.00 uJpkg, 0.00 uJdram
WorkloadActual   9: 18528 op, 1006400189.00 ns, 54.3178 us/op, 85156643.00 uJpkg, 0.00 uJdram
WorkloadActual  10: 18528 op, 1004811440.00 ns, 54.2321 us/op, 86350853.00 uJpkg, 0.00 uJdram
WorkloadActual  11: 18528 op, 1004000653.00 ns, 54.1883 us/op, 85493861.00 uJpkg, 0.00 uJdram
WorkloadActual  12: 18528 op, 1004987779.00 ns, 54.2416 us/op, 85630884.00 uJpkg, 0.00 uJdram
WorkloadActual  13: 18528 op, 1000607511.00 ns, 54.0052 us/op, 85093776.00 uJpkg, 0.00 uJdram
WorkloadActual  14: 18528 op, 1003930318.00 ns, 54.1845 us/op, 85609522.00 uJpkg, 0.00 uJdram
WorkloadActual  15: 18528 op, 1005198594.00 ns, 54.2529 us/op, 85737146.00 uJpkg, 0.00 uJdram

// AfterActualRun
WorkloadResult   1: 18528 op, 1005703226.00 ns, 54.2802 us/op, 85297694.00 uJpkg, 0.00 uJdram
WorkloadResult   2: 18528 op, 1005279880.00 ns, 54.2573 us/op, 85896325.00 uJpkg, 0.00 uJdram
WorkloadResult   3: 18528 op, 1011862522.00 ns, 54.6126 us/op, 86559226.00 uJpkg, 0.00 uJdram
WorkloadResult   4: 18528 op, 1006382192.00 ns, 54.3168 us/op, 85362819.00 uJpkg, 0.00 uJdram
WorkloadResult   5: 18528 op, 1007429236.00 ns, 54.3733 us/op, 85971338.00 uJpkg, 0.00 uJdram
WorkloadResult   6: 18528 op, 1007983769.00 ns, 54.4033 us/op, 85666956.00 uJpkg, 0.00 uJdram
WorkloadResult   7: 18528 op, 1001768135.00 ns, 54.0678 us/op, 85112880.00 uJpkg, 0.00 uJdram
WorkloadResult   8: 18528 op, 1006514712.00 ns, 54.3240 us/op, 85622705.00 uJpkg, 0.00 uJdram
WorkloadResult   9: 18528 op, 1006335850.00 ns, 54.3143 us/op, 85156643.00 uJpkg, 0.00 uJdram
WorkloadResult  10: 18528 op, 1004747101.00 ns, 54.2286 us/op, 86350853.00 uJpkg, 0.00 uJdram
WorkloadResult  11: 18528 op, 1003936314.00 ns, 54.1848 us/op, 85493861.00 uJpkg, 0.00 uJdram
WorkloadResult  12: 18528 op, 1004923440.00 ns, 54.2381 us/op, 85630884.00 uJpkg, 0.00 uJdram
WorkloadResult  13: 18528 op, 1000543172.00 ns, 54.0017 us/op, 85093776.00 uJpkg, 0.00 uJdram
WorkloadResult  14: 18528 op, 1003865979.00 ns, 54.1810 us/op, 85609522.00 uJpkg, 0.00 uJdram
WorkloadResult  15: 18528 op, 1005134255.00 ns, 54.2495 us/op, 85737146.00 uJpkg, 0.00 uJdram

// AfterAll
// Benchmark Process 4071021 has exited with code 0.

Mean = 54.269 μs, StdErr = 0.037 μs (0.07%), N = 15, StdDev = 0.143 μs
Min = 54.002 μs, Q1 = 54.207 μs, Median = 54.257 μs, Q3 = 54.320 μs, Max = 54.613 μs
IQR = 0.114 μs, LowerFence = 54.036 μs, UpperFence = 54.491 μs
ConfidenceInterval = [54.117 μs; 54.421 μs] (CI 99.9%), Margin = 0.152 μs (0.28% of Mean)
Skewness = 0.37, Kurtosis = 3.44, MValue = 2

// ** Remained 8 (26.7%) benchmark(s) to run. Estimated finish 2025-12-31 22:49 (0h 3m from now) **
// **************************
// Benchmark: JsonSerializationBenchmarks.Jil_Serialize_Medium: Overhead-Fixed-Energy-10(OutlierMode=DontRemove, IterationCount=15, IterationTime=1s, LaunchCount=1, WarmupCount=6)
// *** Execute ***
// Launch: 1 / 1
// Execute: dotnet Serialization.Bench-Overhead-Fixed-Energy-10-1.dll --anonymousPipes 103 104 --benchmarkName Serialization.Bench.JsonSerializationBenchmarks.Jil_Serialize_Medium --job Overhead-Fixed-Energy-10 --benchmarkId 22 in /home/test/rapl-tests/lib-energy-bench/src/Serialization.Bench/bin/Release/net8.0/Serialization.Bench-Overhead-Fixed-Energy-10-1/bin/Release/net8.0
// BeforeAnythingElse

// Benchmark Process Environment Information:
// BenchmarkDotNet v0.15.5-develop (2025-12-31)
// Runtime=.NET 8.0.21 (8.0.21, 8.0.2125.47513), X64 RyuJIT x86-64-v4
// GC=Concurrent Workstation
// HardwareIntrinsics=AVX512 IFMA+VBMI,AVX512 F+BW+CD+DQ+VL,AVX2+BMI1+BMI2+F16C+FMA+LZCNT+MOVBE,AVX,SSE3+SSSE3+SSE4.1+SSE4.2+POPCNT,X86Base+SSE+SSE2,AES+PCLMUL VectorSize=256
// Job: Overhead-Fixed-Energy-10(OutlierMode=DontRemove, IterationCount=15, IterationTime=1s, LaunchCount=1, WarmupCount=6)

OverheadJitting  1: 1 op, 134160.00 ns, 134.1600 us/op, 67383.00 uJpkg, 0.00 uJdram
WorkloadJitting  1: 1 op, 132726716.00 ns, 132.7267 ms/op, 8123209.00 uJpkg, 0.00 uJdram

WorkloadPilot    1: 4 op, 659799.00 ns, 164.9498 us/op, 70068.00 uJpkg, 0.00 uJdram
WorkloadPilot    2: 6062 op, 314408372.00 ns, 51.8655 us/op, 26243524.00 uJpkg, 0.00 uJdram
WorkloadPilot    3: 19281 op, 718116834.00 ns, 37.2448 us/op, 61148098.00 uJpkg, 0.00 uJdram
WorkloadPilot    4: 26849 op, 1000094756.00 ns, 37.2489 us/op, 85274868.00 uJpkg, 0.00 uJdram
WorkloadPilot    5: 26846 op, 1000538950.00 ns, 37.2696 us/op, 85609216.00 uJpkg, 0.00 uJdram
WorkloadPilot    6: 26832 op, 997627415.00 ns, 37.1805 us/op, 85292628.00 uJpkg, 0.00 uJdram
WorkloadPilot    7: 26896 op, 999830801.00 ns, 37.1740 us/op, 85875208.00 uJpkg, 0.00 uJdram
WorkloadPilot    8: 26901 op, 1004404981.00 ns, 37.3371 us/op, 86237512.00 uJpkg, 0.00 uJdram

WorkloadWarmup   1: 26901 op, 996457662.00 ns, 37.0417 us/op, 85309962.00 uJpkg, 0.00 uJdram
WorkloadWarmup   2: 26901 op, 1005579550.00 ns, 37.3807 us/op, 86940512.00 uJpkg, 0.00 uJdram
WorkloadWarmup   3: 26901 op, 1002982997.00 ns, 37.2842 us/op, 85884851.00 uJpkg, 0.00 uJdram
WorkloadWarmup   4: 26901 op, 1007491564.00 ns, 37.4518 us/op, 86115502.00 uJpkg, 0.00 uJdram
WorkloadWarmup   5: 26901 op, 1003076635.00 ns, 37.2877 us/op, 86144189.00 uJpkg, 0.00 uJdram
WorkloadWarmup   6: 26901 op, 1006053463.00 ns, 37.3984 us/op, 86274072.00 uJpkg, 0.00 uJdram

// BeforeActualRun
WorkloadActual   1: 26901 op, 1002732342.00 ns, 37.2749 us/op, 86397301.00 uJpkg, 0.00 uJdram
WorkloadActual   2: 26901 op, 1004399089.00 ns, 37.3369 us/op, 86608421.00 uJpkg, 0.00 uJdram
WorkloadActual   3: 26901 op, 1002668746.00 ns, 37.2725 us/op, 87727619.00 uJpkg, 0.00 uJdram
WorkloadActual   4: 26901 op, 1006001951.00 ns, 37.3965 us/op, 87413594.00 uJpkg, 0.00 uJdram
WorkloadActual   5: 26901 op, 1003913937.00 ns, 37.3188 us/op, 86402977.00 uJpkg, 0.00 uJdram
WorkloadActual   6: 26901 op, 1004344426.00 ns, 37.3348 us/op, 86038232.00 uJpkg, 0.00 uJdram
WorkloadActual   7: 26901 op, 1004868877.00 ns, 37.3543 us/op, 86641197.00 uJpkg, 0.00 uJdram
WorkloadActual   8: 26901 op, 1005605770.00 ns, 37.3817 us/op, 86841879.00 uJpkg, 0.00 uJdram
WorkloadActual   9: 26901 op, 1001226943.00 ns, 37.2189 us/op, 86351281.00 uJpkg, 0.00 uJdram
WorkloadActual  10: 26901 op, 1004539649.00 ns, 37.3421 us/op, 86531395.00 uJpkg, 0.00 uJdram
WorkloadActual  11: 26901 op, 1007814116.00 ns, 37.4638 us/op, 86907248.00 uJpkg, 0.00 uJdram
WorkloadActual  12: 26901 op, 1005280056.00 ns, 37.3696 us/op, 86287011.00 uJpkg, 0.00 uJdram
WorkloadActual  13: 26901 op, 1005760787.00 ns, 37.3875 us/op, 86579673.00 uJpkg, 0.00 uJdram
WorkloadActual  14: 26901 op, 1006314189.00 ns, 37.4081 us/op, 86620262.00 uJpkg, 0.00 uJdram
WorkloadActual  15: 26901 op, 1003492775.00 ns, 37.3032 us/op, 86283593.00 uJpkg, 0.00 uJdram

// AfterActualRun
WorkloadResult   1: 26901 op, 1002732342.00 ns, 37.2749 us/op, 86397301.00 uJpkg, 0.00 uJdram
WorkloadResult   2: 26901 op, 1004399089.00 ns, 37.3369 us/op, 86608421.00 uJpkg, 0.00 uJdram
WorkloadResult   3: 26901 op, 1002668746.00 ns, 37.2725 us/op, 87727619.00 uJpkg, 0.00 uJdram
WorkloadResult   4: 26901 op, 1006001951.00 ns, 37.3965 us/op, 87413594.00 uJpkg, 0.00 uJdram
WorkloadResult   5: 26901 op, 1003913937.00 ns, 37.3188 us/op, 86402977.00 uJpkg, 0.00 uJdram
WorkloadResult   6: 26901 op, 1004344426.00 ns, 37.3348 us/op, 86038232.00 uJpkg, 0.00 uJdram
WorkloadResult   7: 26901 op, 1004868877.00 ns, 37.3543 us/op, 86641197.00 uJpkg, 0.00 uJdram
WorkloadResult   8: 26901 op, 1005605770.00 ns, 37.3817 us/op, 86841879.00 uJpkg, 0.00 uJdram
WorkloadResult   9: 26901 op, 1001226943.00 ns, 37.2189 us/op, 86351281.00 uJpkg, 0.00 uJdram
WorkloadResult  10: 26901 op, 1004539649.00 ns, 37.3421 us/op, 86531395.00 uJpkg, 0.00 uJdram
WorkloadResult  11: 26901 op, 1007814116.00 ns, 37.4638 us/op, 86907248.00 uJpkg, 0.00 uJdram
WorkloadResult  12: 26901 op, 1005280056.00 ns, 37.3696 us/op, 86287011.00 uJpkg, 0.00 uJdram
WorkloadResult  13: 26901 op, 1005760787.00 ns, 37.3875 us/op, 86579673.00 uJpkg, 0.00 uJdram
WorkloadResult  14: 26901 op, 1006314189.00 ns, 37.4081 us/op, 86620262.00 uJpkg, 0.00 uJdram
WorkloadResult  15: 26901 op, 1003492775.00 ns, 37.3032 us/op, 86283593.00 uJpkg, 0.00 uJdram

// AfterAll
// Benchmark Process 4071046 has exited with code 0.

Mean = 37.344 μs, StdErr = 0.016 μs (0.04%), N = 15, StdDev = 0.062 μs
Min = 37.219 μs, Q1 = 37.311 μs, Median = 37.342 μs, Q3 = 37.385 μs, Max = 37.464 μs
IQR = 0.074 μs, LowerFence = 37.201 μs, UpperFence = 37.495 μs
ConfidenceInterval = [37.278 μs; 37.410 μs] (CI 99.9%), Margin = 0.066 μs (0.18% of Mean)
Skewness = -0.14, Kurtosis = 2.46, MValue = 2

// ** Remained 7 (23.3%) benchmark(s) to run. Estimated finish 2025-12-31 22:49 (0h 3m from now) **
// **************************
// Benchmark: JsonSerializationBenchmarks.Utf8Json_Serialize_Medium: Overhead-Fixed-Energy-10(OutlierMode=DontRemove, IterationCount=15, IterationTime=1s, LaunchCount=1, WarmupCount=6)
// *** Execute ***
// Launch: 1 / 1
// Execute: dotnet Serialization.Bench-Overhead-Fixed-Energy-10-1.dll --anonymousPipes 103 104 --benchmarkName Serialization.Bench.JsonSerializationBenchmarks.Utf8Json_Serialize_Medium --job Overhead-Fixed-Energy-10 --benchmarkId 23 in /home/test/rapl-tests/lib-energy-bench/src/Serialization.Bench/bin/Release/net8.0/Serialization.Bench-Overhead-Fixed-Energy-10-1/bin/Release/net8.0
// BeforeAnythingElse

// Benchmark Process Environment Information:
// BenchmarkDotNet v0.15.5-develop (2025-12-31)
// Runtime=.NET 8.0.21 (8.0.21, 8.0.2125.47513), X64 RyuJIT x86-64-v4
// GC=Concurrent Workstation
// HardwareIntrinsics=AVX512 IFMA+VBMI,AVX512 F+BW+CD+DQ+VL,AVX2+BMI1+BMI2+F16C+FMA+LZCNT+MOVBE,AVX,SSE3+SSSE3+SSE4.1+SSE4.2+POPCNT,X86Base+SSE+SSE2,AES+PCLMUL VectorSize=256
// Job: Overhead-Fixed-Energy-10(OutlierMode=DontRemove, IterationCount=15, IterationTime=1s, LaunchCount=1, WarmupCount=6)

OverheadJitting  1: 1 op, 135302.00 ns, 135.3020 us/op, 0.00 uJpkg, 0.00 uJdram
WorkloadJitting  1: 1 op, 52286355.00 ns, 52.2864 ms/op, 3136772.00 uJpkg, 0.00 uJdram

OverheadJitting  2: 16 op, 371366.00 ns, 23.2104 us/op, 0.00 uJpkg, 0.00 uJdram
WorkloadJitting  2: 16 op, 4162850.00 ns, 260.1781 us/op, 284546.00 uJpkg, 0.00 uJdram

WorkloadPilot    1: 16 op, 3478602.00 ns, 217.4126 us/op, 273803.00 uJpkg, 0.00 uJdram
WorkloadPilot    2: 4608 op, 415364180.00 ns, 90.1398 us/op, 31824137.00 uJpkg, 0.00 uJdram
WorkloadPilot    3: 11104 op, 639589044.00 ns, 57.5999 us/op, 52521227.00 uJpkg, 0.00 uJdram
WorkloadPilot    4: 17376 op, 994500389.00 ns, 57.2341 us/op, 79482829.00 uJpkg, 0.00 uJdram
WorkloadPilot    5: 17472 op, 1030225781.00 ns, 58.9644 us/op, 82013584.00 uJpkg, 0.00 uJdram
WorkloadPilot    6: 16960 op, 1002157665.00 ns, 59.0895 us/op, 79718118.00 uJpkg, 0.00 uJdram
WorkloadPilot    7: 16928 op, 1031816931.00 ns, 60.9533 us/op, 82137852.00 uJpkg, 0.00 uJdram

OverheadWarmup   1: 16928 op, 58346.00 ns, 3.4467 ns/op, 0.00 uJpkg, 0.00 uJdram
OverheadWarmup   2: 16928 op, 57895.00 ns, 3.4201 ns/op, 0.00 uJpkg, 0.00 uJdram
OverheadWarmup   3: 16928 op, 57891.00 ns, 3.4198 ns/op, 0.00 uJpkg, 0.00 uJdram
OverheadWarmup   4: 16928 op, 58180.00 ns, 3.4369 ns/op, 0.00 uJpkg, 0.00 uJdram
OverheadWarmup   5: 16928 op, 57876.00 ns, 3.4190 ns/op, 0.00 uJpkg, 0.00 uJdram
OverheadWarmup   6: 16928 op, 57869.00 ns, 3.4185 ns/op, 0.00 uJpkg, 0.00 uJdram
OverheadWarmup   7: 16928 op, 59052.00 ns, 3.4884 ns/op, 84412.00 uJpkg, 0.00 uJdram
OverheadWarmup   8: 16928 op, 59451.00 ns, 3.5120 ns/op, 89905.00 uJpkg, 0.00 uJdram
OverheadWarmup   9: 16928 op, 59035.00 ns, 3.4874 ns/op, 0.00 uJpkg, 0.00 uJdram

OverheadActual   1: 16928 op, 57837.00 ns, 3.4166 ns/op, 0.00 uJpkg, 0.00 uJdram
OverheadActual   2: 16928 op, 59029.00 ns, 3.4871 ns/op, 0.00 uJpkg, 0.00 uJdram
OverheadActual   3: 16928 op, 58145.00 ns, 3.4348 ns/op, 0.00 uJpkg, 0.00 uJdram
OverheadActual   4: 16928 op, 57867.00 ns, 3.4184 ns/op, 0.00 uJpkg, 0.00 uJdram
OverheadActual   5: 16928 op, 57861.00 ns, 3.4181 ns/op, 0.00 uJpkg, 0.00 uJdram
OverheadActual   6: 16928 op, 59044.00 ns, 3.4879 ns/op, 0.00 uJpkg, 0.00 uJdram
OverheadActual   7: 16928 op, 58276.00 ns, 3.4426 ns/op, 0.00 uJpkg, 0.00 uJdram
OverheadActual   8: 16928 op, 57853.00 ns, 3.4176 ns/op, 0.00 uJpkg, 0.00 uJdram
OverheadActual   9: 16928 op, 57855.00 ns, 3.4177 ns/op, 0.00 uJpkg, 0.00 uJdram
OverheadActual  10: 16928 op, 57864.00 ns, 3.4182 ns/op, 0.00 uJpkg, 0.00 uJdram
OverheadActual  11: 16928 op, 59353.00 ns, 3.5062 ns/op, 0.00 uJpkg, 0.00 uJdram
OverheadActual  12: 16928 op, 59043.00 ns, 3.4879 ns/op, 0.00 uJpkg, 0.00 uJdram
OverheadActual  13: 16928 op, 59033.00 ns, 3.4873 ns/op, 78369.00 uJpkg, 0.00 uJdram
OverheadActual  14: 16928 op, 59041.00 ns, 3.4878 ns/op, 0.00 uJpkg, 0.00 uJdram
OverheadActual  15: 16928 op, 59393.00 ns, 3.5086 ns/op, 0.00 uJpkg, 0.00 uJdram

WorkloadWarmup   1: 16928 op, 986982647.00 ns, 58.3047 us/op, 81712559.00 uJpkg, 0.00 uJdram
WorkloadWarmup   2: 16928 op, 968150788.00 ns, 57.1923 us/op, 77428208.00 uJpkg, 0.00 uJdram
WorkloadWarmup   3: 16928 op, 973177272.00 ns, 57.4892 us/op, 77805892.00 uJpkg, 0.00 uJdram
WorkloadWarmup   4: 16928 op, 952893009.00 ns, 56.2909 us/op, 76370898.00 uJpkg, 0.00 uJdram
WorkloadWarmup   5: 16928 op, 960487560.00 ns, 56.7396 us/op, 76578234.00 uJpkg, 0.00 uJdram
WorkloadWarmup   6: 16928 op, 952957477.00 ns, 56.2947 us/op, 76266773.00 uJpkg, 0.00 uJdram

// BeforeActualRun
WorkloadActual   1: 16928 op, 955946924.00 ns, 56.4713 us/op, 76623888.00 uJpkg, 0.00 uJdram
WorkloadActual   2: 16928 op, 954790913.00 ns, 56.4031 us/op, 76390246.00 uJpkg, 0.00 uJdram
WorkloadActual   3: 16928 op, 964268936.00 ns, 56.9630 us/op, 77715195.00 uJpkg, 0.00 uJdram
WorkloadActual   4: 16928 op, 960083924.00 ns, 56.7157 us/op, 77064195.00 uJpkg, 0.00 uJdram
WorkloadActual   5: 16928 op, 970639735.00 ns, 57.3393 us/op, 78045943.00 uJpkg, 0.00 uJdram
WorkloadActual   6: 16928 op, 989441995.00 ns, 58.4500 us/op, 79138774.00 uJpkg, 0.00 uJdram
WorkloadActual   7: 16928 op, 956672933.00 ns, 56.5142 us/op, 76773912.00 uJpkg, 0.00 uJdram
WorkloadActual   8: 16928 op, 954822950.00 ns, 56.4049 us/op, 76482897.00 uJpkg, 0.00 uJdram
WorkloadActual   9: 16928 op, 956831758.00 ns, 56.5236 us/op, 76741930.00 uJpkg, 0.00 uJdram
WorkloadActual  10: 16928 op, 967769212.00 ns, 57.1697 us/op, 78654950.00 uJpkg, 0.00 uJdram
WorkloadActual  11: 16928 op, 969174109.00 ns, 57.2527 us/op, 77786117.00 uJpkg, 0.00 uJdram
WorkloadActual  12: 16928 op, 976592843.00 ns, 57.6910 us/op, 78128279.00 uJpkg, 0.00 uJdram
WorkloadActual  13: 16928 op, 959199540.00 ns, 56.6635 us/op, 77008470.00 uJpkg, 0.00 uJdram
WorkloadActual  14: 16928 op, 954183267.00 ns, 56.3672 us/op, 76165577.00 uJpkg, 0.00 uJdram
WorkloadActual  15: 16928 op, 960424965.00 ns, 56.7359 us/op, 77091111.00 uJpkg, 0.00 uJdram

// AfterActualRun
WorkloadResult   1: 16928 op, 955888648.00 ns, 56.4679 us/op, 76623888.00 uJpkg, 0.00 uJdram
WorkloadResult   2: 16928 op, 954732637.00 ns, 56.3996 us/op, 76390246.00 uJpkg, 0.00 uJdram
WorkloadResult   3: 16928 op, 964210660.00 ns, 56.9595 us/op, 77715195.00 uJpkg, 0.00 uJdram
WorkloadResult   4: 16928 op, 960025648.00 ns, 56.7123 us/op, 77064195.00 uJpkg, 0.00 uJdram
WorkloadResult   5: 16928 op, 970581459.00 ns, 57.3359 us/op, 78045943.00 uJpkg, 0.00 uJdram
WorkloadResult   6: 16928 op, 989383719.00 ns, 58.4466 us/op, 79138774.00 uJpkg, 0.00 uJdram
WorkloadResult   7: 16928 op, 956614657.00 ns, 56.5108 us/op, 76773912.00 uJpkg, 0.00 uJdram
WorkloadResult   8: 16928 op, 954764674.00 ns, 56.4015 us/op, 76482897.00 uJpkg, 0.00 uJdram
WorkloadResult   9: 16928 op, 956773482.00 ns, 56.5202 us/op, 76741930.00 uJpkg, 0.00 uJdram
WorkloadResult  10: 16928 op, 967710936.00 ns, 57.1663 us/op, 78654950.00 uJpkg, 0.00 uJdram
WorkloadResult  11: 16928 op, 969115833.00 ns, 57.2493 us/op, 77786117.00 uJpkg, 0.00 uJdram
WorkloadResult  12: 16928 op, 976534567.00 ns, 57.6875 us/op, 78128279.00 uJpkg, 0.00 uJdram
WorkloadResult  13: 16928 op, 959141264.00 ns, 56.6600 us/op, 77008470.00 uJpkg, 0.00 uJdram
WorkloadResult  14: 16928 op, 954124991.00 ns, 56.3637 us/op, 76165577.00 uJpkg, 0.00 uJdram
WorkloadResult  15: 16928 op, 960366689.00 ns, 56.7324 us/op, 77091111.00 uJpkg, 0.00 uJdram

// AfterAll
// Benchmark Process 4071058 has exited with code 0.

Mean = 56.908 μs, StdErr = 0.151 μs (0.27%), N = 15, StdDev = 0.585 μs
Min = 56.364 μs, Q1 = 56.489 μs, Median = 56.712 μs, Q3 = 57.208 μs, Max = 58.447 μs
IQR = 0.718 μs, LowerFence = 55.412 μs, UpperFence = 58.285 μs
ConfidenceInterval = [56.282 μs; 57.533 μs] (CI 99.9%), Margin = 0.625 μs (1.10% of Mean)
Skewness = 1.2, Kurtosis = 3.62, MValue = 2

// ** Remained 6 (20.0%) benchmark(s) to run. Estimated finish 2025-12-31 22:49 (0h 2m from now) **
// **************************
// Benchmark: JsonSerializationBenchmarks.SpanJson_Serialize_Medium: Overhead-Fixed-Energy-10(OutlierMode=DontRemove, IterationCount=15, IterationTime=1s, LaunchCount=1, WarmupCount=6)
// *** Execute ***
// Launch: 1 / 1
// Execute: dotnet Serialization.Bench-Overhead-Fixed-Energy-10-1.dll --anonymousPipes 103 104 --benchmarkName Serialization.Bench.JsonSerializationBenchmarks.SpanJson_Serialize_Medium --job Overhead-Fixed-Energy-10 --benchmarkId 24 in /home/test/rapl-tests/lib-energy-bench/src/Serialization.Bench/bin/Release/net8.0/Serialization.Bench-Overhead-Fixed-Energy-10-1/bin/Release/net8.0
// BeforeAnythingElse

// Benchmark Process Environment Information:
// BenchmarkDotNet v0.15.5-develop (2025-12-31)
// Runtime=.NET 8.0.21 (8.0.21, 8.0.2125.47513), X64 RyuJIT x86-64-v4
// GC=Concurrent Workstation
// HardwareIntrinsics=AVX512 IFMA+VBMI,AVX512 F+BW+CD+DQ+VL,AVX2+BMI1+BMI2+F16C+FMA+LZCNT+MOVBE,AVX,SSE3+SSSE3+SSE4.1+SSE4.2+POPCNT,X86Base+SSE+SSE2,AES+PCLMUL VectorSize=256
// Job: Overhead-Fixed-Energy-10(OutlierMode=DontRemove, IterationCount=15, IterationTime=1s, LaunchCount=1, WarmupCount=6)

OverheadJitting  1: 1 op, 143432.00 ns, 143.4320 us/op, 0.00 uJpkg, 0.00 uJdram
WorkloadJitting  1: 1 op, 96971656.00 ns, 96.9717 ms/op, 6020371.00 uJpkg, 0.00 uJdram

WorkloadPilot    1: 4 op, 969221.00 ns, 242.3053 us/op, 70984.00 uJpkg, 0.00 uJdram
WorkloadPilot    2: 4127 op, 285564541.00 ns, 69.1942 us/op, 18994092.00 uJpkg, 0.00 uJdram
WorkloadPilot    3: 14452 op, 566657622.00 ns, 39.2096 us/op, 36453398.00 uJpkg, 0.00 uJdram
WorkloadPilot    4: 25504 op, 995924899.00 ns, 39.0498 us/op, 64273639.00 uJpkg, 0.00 uJdram
WorkloadPilot    5: 25608 op, 999221908.00 ns, 39.0199 us/op, 63656880.00 uJpkg, 0.00 uJdram
WorkloadPilot    6: 25628 op, 1000469541.00 ns, 39.0381 us/op, 63819234.00 uJpkg, 0.00 uJdram
WorkloadPilot    7: 25616 op, 1000044605.00 ns, 39.0398 us/op, 64213398.00 uJpkg, 0.00 uJdram

WorkloadWarmup   1: 25616 op, 998162832.00 ns, 38.9664 us/op, 64217426.00 uJpkg, 0.00 uJdram
WorkloadWarmup   2: 25616 op, 1003574005.00 ns, 39.1776 us/op, 65392045.00 uJpkg, 0.00 uJdram
WorkloadWarmup   3: 25616 op, 999030333.00 ns, 39.0002 us/op, 65020158.00 uJpkg, 0.00 uJdram
WorkloadWarmup   4: 25616 op, 1003403300.00 ns, 39.1710 us/op, 64850420.00 uJpkg, 0.00 uJdram
WorkloadWarmup   5: 25616 op, 997074507.00 ns, 38.9239 us/op, 65167863.00 uJpkg, 0.00 uJdram
WorkloadWarmup   6: 25616 op, 999787033.00 ns, 39.0298 us/op, 63517354.00 uJpkg, 0.00 uJdram

// BeforeActualRun
WorkloadActual   1: 25616 op, 1000155445.00 ns, 39.0442 us/op, 63811665.00 uJpkg, 0.00 uJdram
WorkloadActual   2: 25616 op, 997170766.00 ns, 38.9277 us/op, 63786580.00 uJpkg, 0.00 uJdram
WorkloadActual   3: 25616 op, 997871722.00 ns, 38.9550 us/op, 63748677.00 uJpkg, 0.00 uJdram
WorkloadActual   4: 25616 op, 1001228258.00 ns, 39.0861 us/op, 66056654.00 uJpkg, 0.00 uJdram
WorkloadActual   5: 25616 op, 1000418733.00 ns, 39.0544 us/op, 64144367.00 uJpkg, 0.00 uJdram
WorkloadActual   6: 25616 op, 999537400.00 ns, 39.0200 us/op, 65078996.00 uJpkg, 0.00 uJdram
WorkloadActual   7: 25616 op, 997581933.00 ns, 38.9437 us/op, 64574969.00 uJpkg, 0.00 uJdram
WorkloadActual   8: 25616 op, 999247157.00 ns, 39.0087 us/op, 64729448.00 uJpkg, 0.00 uJdram
WorkloadActual   9: 25616 op, 1002659993.00 ns, 39.1419 us/op, 64561724.00 uJpkg, 0.00 uJdram
WorkloadActual  10: 25616 op, 1001197913.00 ns, 39.0849 us/op, 63932087.00 uJpkg, 0.00 uJdram
WorkloadActual  11: 25616 op, 999591407.00 ns, 39.0222 us/op, 64191425.00 uJpkg, 0.00 uJdram
WorkloadActual  12: 25616 op, 1000969220.00 ns, 39.0759 us/op, 64650470.00 uJpkg, 0.00 uJdram
WorkloadActual  13: 25616 op, 998802991.00 ns, 38.9914 us/op, 63895344.00 uJpkg, 0.00 uJdram
WorkloadActual  14: 25616 op, 999281160.00 ns, 39.0100 us/op, 64303913.00 uJpkg, 0.00 uJdram
WorkloadActual  15: 25616 op, 996123323.00 ns, 38.8868 us/op, 64691302.00 uJpkg, 0.00 uJdram

// AfterActualRun
WorkloadResult   1: 25616 op, 1000155445.00 ns, 39.0442 us/op, 63811665.00 uJpkg, 0.00 uJdram
WorkloadResult   2: 25616 op, 997170766.00 ns, 38.9277 us/op, 63786580.00 uJpkg, 0.00 uJdram
WorkloadResult   3: 25616 op, 997871722.00 ns, 38.9550 us/op, 63748677.00 uJpkg, 0.00 uJdram
WorkloadResult   4: 25616 op, 1001228258.00 ns, 39.0861 us/op, 66056654.00 uJpkg, 0.00 uJdram
WorkloadResult   5: 25616 op, 1000418733.00 ns, 39.0544 us/op, 64144367.00 uJpkg, 0.00 uJdram
WorkloadResult   6: 25616 op, 999537400.00 ns, 39.0200 us/op, 65078996.00 uJpkg, 0.00 uJdram
WorkloadResult   7: 25616 op, 997581933.00 ns, 38.9437 us/op, 64574969.00 uJpkg, 0.00 uJdram
WorkloadResult   8: 25616 op, 999247157.00 ns, 39.0087 us/op, 64729448.00 uJpkg, 0.00 uJdram
WorkloadResult   9: 25616 op, 1002659993.00 ns, 39.1419 us/op, 64561724.00 uJpkg, 0.00 uJdram
WorkloadResult  10: 25616 op, 1001197913.00 ns, 39.0849 us/op, 63932087.00 uJpkg, 0.00 uJdram
WorkloadResult  11: 25616 op, 999591407.00 ns, 39.0222 us/op, 64191425.00 uJpkg, 0.00 uJdram
WorkloadResult  12: 25616 op, 1000969220.00 ns, 39.0759 us/op, 64650470.00 uJpkg, 0.00 uJdram
WorkloadResult  13: 25616 op, 998802991.00 ns, 38.9914 us/op, 63895344.00 uJpkg, 0.00 uJdram
WorkloadResult  14: 25616 op, 999281160.00 ns, 39.0100 us/op, 64303913.00 uJpkg, 0.00 uJdram
WorkloadResult  15: 25616 op, 996123323.00 ns, 38.8868 us/op, 64691302.00 uJpkg, 0.00 uJdram

// AfterAll
// Benchmark Process 4071070 has exited with code 0.

Mean = 39.017 μs, StdErr = 0.018 μs (0.05%), N = 15, StdDev = 0.068 μs
Min = 38.887 μs, Q1 = 38.973 μs, Median = 39.020 μs, Q3 = 39.065 μs, Max = 39.142 μs
IQR = 0.092 μs, LowerFence = 38.835 μs, UpperFence = 39.203 μs
ConfidenceInterval = [38.944 μs; 39.090 μs] (CI 99.9%), Margin = 0.073 μs (0.19% of Mean)
Skewness = -0.14, Kurtosis = 2.12, MValue = 2

// ** Remained 5 (16.7%) benchmark(s) to run. Estimated finish 2025-12-31 22:49 (0h 2m from now) **
// **************************
// Benchmark: JsonSerializationBenchmarks.STJ_Serialize_Small: Overhead-Fixed-Energy-10(OutlierMode=DontRemove, IterationCount=15, IterationTime=1s, LaunchCount=1, WarmupCount=6)
// *** Execute ***
// Launch: 1 / 1
// Execute: dotnet Serialization.Bench-Overhead-Fixed-Energy-10-1.dll --anonymousPipes 103 104 --benchmarkName Serialization.Bench.JsonSerializationBenchmarks.STJ_Serialize_Small --job Overhead-Fixed-Energy-10 --benchmarkId 25 in /home/test/rapl-tests/lib-energy-bench/src/Serialization.Bench/bin/Release/net8.0/Serialization.Bench-Overhead-Fixed-Energy-10-1/bin/Release/net8.0
// BeforeAnythingElse

// Benchmark Process Environment Information:
// BenchmarkDotNet v0.15.5-develop (2025-12-31)
// Runtime=.NET 8.0.21 (8.0.21, 8.0.2125.47513), X64 RyuJIT x86-64-v4
// GC=Concurrent Workstation
// HardwareIntrinsics=AVX512 IFMA+VBMI,AVX512 F+BW+CD+DQ+VL,AVX2+BMI1+BMI2+F16C+FMA+LZCNT+MOVBE,AVX,SSE3+SSSE3+SSE4.1+SSE4.2+POPCNT,X86Base+SSE+SSE2,AES+PCLMUL VectorSize=256
// Job: Overhead-Fixed-Energy-10(OutlierMode=DontRemove, IterationCount=15, IterationTime=1s, LaunchCount=1, WarmupCount=6)

OverheadJitting  1: 1 op, 136684.00 ns, 136.6840 us/op, 58593.00 uJpkg, 0.00 uJdram
WorkloadJitting  1: 1 op, 3788133.00 ns, 3.7881 ms/op, 247680.00 uJpkg, 0.00 uJdram

OverheadJitting  2: 16 op, 366718.00 ns, 22.9199 us/op, 0.00 uJpkg, 0.00 uJdram
WorkloadJitting  2: 16 op, 470628.00 ns, 29.4143 us/op, 0.00 uJpkg, 0.00 uJdram

WorkloadPilot    1: 16 op, 66738.00 ns, 4.1711 us/op, 0.00 uJpkg, 0.00 uJdram
WorkloadPilot    2: 239744 op, 578527047.00 ns, 2.4131 us/op, 50407830.00 uJpkg, 0.00 uJdram
WorkloadPilot    3: 414416 op, 538458582.00 ns, 1.2993 us/op, 47310853.00 uJpkg, 0.00 uJdram
WorkloadPilot    4: 769648 op, 998157515.00 ns, 1.2969 us/op, 87866719.00 uJpkg, 0.00 uJdram
WorkloadPilot    5: 771072 op, 998623865.00 ns, 1.2951 us/op, 88588702.00 uJpkg, 0.00 uJdram
WorkloadPilot    6: 772144 op, 998279350.00 ns, 1.2929 us/op, 88994157.00 uJpkg, 0.00 uJdram
WorkloadPilot    7: 773488 op, 1004278658.00 ns, 1.2984 us/op, 89005876.00 uJpkg, 0.00 uJdram
WorkloadPilot    8: 770208 op, 996912424.00 ns, 1.2943 us/op, 88360797.00 uJpkg, 0.00 uJdram
WorkloadPilot    9: 772608 op, 999022361.00 ns, 1.2931 us/op, 88067462.00 uJpkg, 0.00 uJdram
WorkloadPilot   10: 773376 op, 1000352654.00 ns, 1.2935 us/op, 88696795.00 uJpkg, 0.00 uJdram
WorkloadPilot   11: 773104 op, 998140399.00 ns, 1.2911 us/op, 87934651.00 uJpkg, 0.00 uJdram
WorkloadPilot   12: 774544 op, 998904650.00 ns, 1.2897 us/op, 88049824.00 uJpkg, 0.00 uJdram
WorkloadPilot   13: 775408 op, 999945474.00 ns, 1.2896 us/op, 87922078.00 uJpkg, 0.00 uJdram
WorkloadPilot   14: 775456 op, 999837206.00 ns, 1.2894 us/op, 88131672.00 uJpkg, 0.00 uJdram
WorkloadPilot   15: 775584 op, 999551258.00 ns, 1.2888 us/op, 88206928.00 uJpkg, 0.00 uJdram
WorkloadPilot   16: 775936 op, 1006235465.00 ns, 1.2968 us/op, 88782182.00 uJpkg, 0.00 uJdram

OverheadWarmup   1: 775936 op, 2646644.00 ns, 3.4109 ns/op, 200500.00 uJpkg, 0.00 uJdram
OverheadWarmup   2: 775936 op, 2652226.00 ns, 3.4181 ns/op, 128723.00 uJpkg, 0.00 uJdram
OverheadWarmup   3: 775936 op, 2665030.00 ns, 3.4346 ns/op, 218871.00 uJpkg, 0.00 uJdram
OverheadWarmup   4: 775936 op, 2651995.00 ns, 3.4178 ns/op, 121521.00 uJpkg, 0.00 uJdram
OverheadWarmup   5: 775936 op, 2658240.00 ns, 3.4258 ns/op, 193603.00 uJpkg, 0.00 uJdram
OverheadWarmup   6: 775936 op, 2657134.00 ns, 3.4244 ns/op, 229858.00 uJpkg, 0.00 uJdram

OverheadActual   1: 775936 op, 2662734.00 ns, 3.4316 ns/op, 189696.00 uJpkg, 0.00 uJdram
OverheadActual   2: 775936 op, 2651903.00 ns, 3.4177 ns/op, 130798.00 uJpkg, 0.00 uJdram
OverheadActual   3: 775936 op, 2658178.00 ns, 3.4258 ns/op, 196899.00 uJpkg, 0.00 uJdram
OverheadActual   4: 775936 op, 2658899.00 ns, 3.4267 ns/op, 128418.00 uJpkg, 0.00 uJdram
OverheadActual   5: 775936 op, 2660852.00 ns, 3.4292 ns/op, 213196.00 uJpkg, 0.00 uJdram
OverheadActual   6: 775936 op, 2663644.00 ns, 3.4328 ns/op, 211303.00 uJpkg, 0.00 uJdram
OverheadActual   7: 775936 op, 2650464.00 ns, 3.4158 ns/op, 132141.00 uJpkg, 0.00 uJdram
OverheadActual   8: 775936 op, 2661900.00 ns, 3.4306 ns/op, 209289.00 uJpkg, 0.00 uJdram
OverheadActual   9: 775936 op, 2655530.00 ns, 3.4224 ns/op, 140868.00 uJpkg, 0.00 uJdram
OverheadActual  10: 775936 op, 2646992.00 ns, 3.4114 ns/op, 187804.00 uJpkg, 0.00 uJdram
OverheadActual  11: 775936 op, 2656629.00 ns, 3.4238 ns/op, 222473.00 uJpkg, 0.00 uJdram
OverheadActual  12: 775936 op, 2645725.00 ns, 3.4097 ns/op, 119995.00 uJpkg, 0.00 uJdram
OverheadActual  13: 775936 op, 2660311.00 ns, 3.4285 ns/op, 194030.00 uJpkg, 0.00 uJdram
OverheadActual  14: 775936 op, 2651135.00 ns, 3.4167 ns/op, 137145.00 uJpkg, 0.00 uJdram
OverheadActual  15: 775936 op, 2662631.00 ns, 3.4315 ns/op, 206054.00 uJpkg, 0.00 uJdram

WorkloadWarmup   1: 775936 op, 1003157740.00 ns, 1.2928 us/op, 91111950.00 uJpkg, 0.00 uJdram
WorkloadWarmup   2: 775936 op, 1002445804.00 ns, 1.2919 us/op, 88792253.00 uJpkg, 0.00 uJdram
WorkloadWarmup   3: 775936 op, 1000639998.00 ns, 1.2896 us/op, 88649675.00 uJpkg, 0.00 uJdram
WorkloadWarmup   4: 775936 op, 1002668504.00 ns, 1.2922 us/op, 88681231.00 uJpkg, 0.00 uJdram
WorkloadWarmup   5: 775936 op, 1002659158.00 ns, 1.2922 us/op, 88475970.00 uJpkg, 0.00 uJdram
WorkloadWarmup   6: 775936 op, 999341134.00 ns, 1.2879 us/op, 88489215.00 uJpkg, 0.00 uJdram

// BeforeActualRun
WorkloadActual   1: 775936 op, 1002291542.00 ns, 1.2917 us/op, 88314166.00 uJpkg, 0.00 uJdram
WorkloadActual   2: 775936 op, 1004927162.00 ns, 1.2951 us/op, 88537127.00 uJpkg, 0.00 uJdram
WorkloadActual   3: 775936 op, 1005620198.00 ns, 1.2960 us/op, 88493792.00 uJpkg, 0.00 uJdram
WorkloadActual   4: 775936 op, 1005610372.00 ns, 1.2960 us/op, 88560809.00 uJpkg, 0.00 uJdram
WorkloadActual   5: 775936 op, 1007720867.00 ns, 1.2987 us/op, 88797991.00 uJpkg, 0.00 uJdram
WorkloadActual   6: 775936 op, 1007137287.00 ns, 1.2980 us/op, 88888749.00 uJpkg, 0.00 uJdram
WorkloadActual   7: 775936 op, 1007758434.00 ns, 1.2988 us/op, 88855302.00 uJpkg, 0.00 uJdram
WorkloadActual   8: 775936 op, 1006417454.00 ns, 1.2970 us/op, 88419634.00 uJpkg, 0.00 uJdram
WorkloadActual   9: 775936 op, 1008304007.00 ns, 1.2995 us/op, 88954667.00 uJpkg, 0.00 uJdram
WorkloadActual  10: 775936 op, 1007682321.00 ns, 1.2987 us/op, 90058485.00 uJpkg, 0.00 uJdram
WorkloadActual  11: 775936 op, 1007207716.00 ns, 1.2981 us/op, 89079423.00 uJpkg, 0.00 uJdram
WorkloadActual  12: 775936 op, 1006130291.00 ns, 1.2967 us/op, 88949296.00 uJpkg, 0.00 uJdram
WorkloadActual  13: 775936 op, 1007332863.00 ns, 1.2982 us/op, 88965287.00 uJpkg, 0.00 uJdram
WorkloadActual  14: 775936 op, 1009261437.00 ns, 1.3007 us/op, 89112320.00 uJpkg, 0.00 uJdram
WorkloadActual  15: 775936 op, 1008306530.00 ns, 1.2995 us/op, 89152237.00 uJpkg, 0.00 uJdram

// AfterActualRun
WorkloadResult   1: 775936 op, 999633364.00 ns, 1.2883 us/op, 88314166.00 uJpkg, 0.00 uJdram
WorkloadResult   2: 775936 op, 1002268984.00 ns, 1.2917 us/op, 88537127.00 uJpkg, 0.00 uJdram
WorkloadResult   3: 775936 op, 1002962020.00 ns, 1.2926 us/op, 88493792.00 uJpkg, 0.00 uJdram
WorkloadResult   4: 775936 op, 1002952194.00 ns, 1.2926 us/op, 88560809.00 uJpkg, 0.00 uJdram
WorkloadResult   5: 775936 op, 1005062689.00 ns, 1.2953 us/op, 88797991.00 uJpkg, 0.00 uJdram
WorkloadResult   6: 775936 op, 1004479109.00 ns, 1.2945 us/op, 88888749.00 uJpkg, 0.00 uJdram
WorkloadResult   7: 775936 op, 1005100256.00 ns, 1.2953 us/op, 88855302.00 uJpkg, 0.00 uJdram
WorkloadResult   8: 775936 op, 1003759276.00 ns, 1.2936 us/op, 88419634.00 uJpkg, 0.00 uJdram
WorkloadResult   9: 775936 op, 1005645829.00 ns, 1.2960 us/op, 88954667.00 uJpkg, 0.00 uJdram
WorkloadResult  10: 775936 op, 1005024143.00 ns, 1.2952 us/op, 90058485.00 uJpkg, 0.00 uJdram
WorkloadResult  11: 775936 op, 1004549538.00 ns, 1.2946 us/op, 89079423.00 uJpkg, 0.00 uJdram
WorkloadResult  12: 775936 op, 1003472113.00 ns, 1.2932 us/op, 88949296.00 uJpkg, 0.00 uJdram
WorkloadResult  13: 775936 op, 1004674685.00 ns, 1.2948 us/op, 88965287.00 uJpkg, 0.00 uJdram
WorkloadResult  14: 775936 op, 1006603259.00 ns, 1.2973 us/op, 89112320.00 uJpkg, 0.00 uJdram
WorkloadResult  15: 775936 op, 1005648352.00 ns, 1.2960 us/op, 89152237.00 uJpkg, 0.00 uJdram

// AfterAll
// Benchmark Process 4071084 has exited with code 0.

Mean = 1.294 μs, StdErr = 0.001 μs (0.04%), N = 15, StdDev = 0.002 μs
Min = 1.288 μs, Q1 = 1.293 μs, Median = 1.295 μs, Q3 = 1.295 μs, Max = 1.297 μs
IQR = 0.002 μs, LowerFence = 1.289 μs, UpperFence = 1.299 μs
ConfidenceInterval = [1.292 μs; 1.296 μs] (CI 99.9%), Margin = 0.002 μs (0.18% of Mean)
Skewness = -1, Kurtosis = 3.69, MValue = 2

// ** Remained 4 (13.3%) benchmark(s) to run. Estimated finish 2025-12-31 22:49 (0h 1m from now) **
// **************************
// Benchmark: JsonSerializationBenchmarks.Newtonsoft_Serialize_Small: Overhead-Fixed-Energy-10(OutlierMode=DontRemove, IterationCount=15, IterationTime=1s, LaunchCount=1, WarmupCount=6)
// *** Execute ***
// Launch: 1 / 1
// Execute: dotnet Serialization.Bench-Overhead-Fixed-Energy-10-1.dll --anonymousPipes 103 104 --benchmarkName Serialization.Bench.JsonSerializationBenchmarks.Newtonsoft_Serialize_Small --job Overhead-Fixed-Energy-10 --benchmarkId 26 in /home/test/rapl-tests/lib-energy-bench/src/Serialization.Bench/bin/Release/net8.0/Serialization.Bench-Overhead-Fixed-Energy-10-1/bin/Release/net8.0
// BeforeAnythingElse

// Benchmark Process Environment Information:
// BenchmarkDotNet v0.15.5-develop (2025-12-31)
// Runtime=.NET 8.0.21 (8.0.21, 8.0.2125.47513), X64 RyuJIT x86-64-v4
// GC=Concurrent Workstation
// HardwareIntrinsics=AVX512 IFMA+VBMI,AVX512 F+BW+CD+DQ+VL,AVX2+BMI1+BMI2+F16C+FMA+LZCNT+MOVBE,AVX,SSE3+SSSE3+SSE4.1+SSE4.2+POPCNT,X86Base+SSE+SSE2,AES+PCLMUL VectorSize=256
// Job: Overhead-Fixed-Energy-10(OutlierMode=DontRemove, IterationCount=15, IterationTime=1s, LaunchCount=1, WarmupCount=6)

OverheadJitting  1: 1 op, 140629.00 ns, 140.6290 us/op, 0.00 uJpkg, 0.00 uJdram
WorkloadJitting  1: 1 op, 37620444.00 ns, 37.6204 ms/op, 2206232.00 uJpkg, 0.00 uJdram

OverheadJitting  2: 16 op, 360842.00 ns, 22.5526 us/op, 0.00 uJpkg, 0.00 uJdram
WorkloadJitting  2: 16 op, 640253.00 ns, 40.0158 us/op, 55481.00 uJpkg, 0.00 uJdram

WorkloadPilot    1: 16 op, 256583.00 ns, 16.0364 us/op, 0.00 uJpkg, 0.00 uJdram
WorkloadPilot    2: 62368 op, 247748120.00 ns, 3.9724 us/op, 20985970.00 uJpkg, 0.00 uJdram
WorkloadPilot    3: 251744 op, 550762160.00 ns, 2.1878 us/op, 47730042.00 uJpkg, 0.00 uJdram
WorkloadPilot    4: 457088 op, 993109399.00 ns, 2.1727 us/op, 86698814.00 uJpkg, 0.00 uJdram
WorkloadPilot    5: 460272 op, 1000262510.00 ns, 2.1732 us/op, 87379415.00 uJpkg, 0.00 uJdram
WorkloadPilot    6: 460160 op, 1000454967.00 ns, 2.1741 us/op, 87551107.00 uJpkg, 0.00 uJdram
WorkloadPilot    7: 459952 op, 1000200229.00 ns, 2.1746 us/op, 87215902.00 uJpkg, 0.00 uJdram

OverheadWarmup   1: 459952 op, 1563015.00 ns, 3.3982 ns/op, 123962.00 uJpkg, 0.00 uJdram
OverheadWarmup   2: 459952 op, 1564458.00 ns, 3.4014 ns/op, 130310.00 uJpkg, 0.00 uJdram
OverheadWarmup   3: 459952 op, 1568069.00 ns, 3.4092 ns/op, 136169.00 uJpkg, 0.00 uJdram
OverheadWarmup   4: 459952 op, 1570319.00 ns, 3.4141 ns/op, 69885.00 uJpkg, 0.00 uJdram
OverheadWarmup   5: 459952 op, 1578743.00 ns, 3.4324 ns/op, 157898.00 uJpkg, 0.00 uJdram
OverheadWarmup   6: 459952 op, 1595713.00 ns, 3.4693 ns/op, 60241.00 uJpkg, 0.00 uJdram
OverheadWarmup   7: 459952 op, 1566557.00 ns, 3.4059 ns/op, 140685.00 uJpkg, 0.00 uJdram
OverheadWarmup   8: 459952 op, 1574092.00 ns, 3.4223 ns/op, 79528.00 uJpkg, 0.00 uJdram
OverheadWarmup   9: 459952 op, 1566342.00 ns, 3.4054 ns/op, 134155.00 uJpkg, 0.00 uJdram

OverheadActual   1: 459952 op, 1569772.00 ns, 3.4129 ns/op, 71350.00 uJpkg, 0.00 uJdram
OverheadActual   2: 459952 op, 1600334.00 ns, 3.4794 ns/op, 60913.00 uJpkg, 0.00 uJdram
OverheadActual   3: 459952 op, 1577277.00 ns, 3.4292 ns/op, 152160.00 uJpkg, 0.00 uJdram
OverheadActual   4: 459952 op, 1570577.00 ns, 3.4147 ns/op, 136108.00 uJpkg, 0.00 uJdram
OverheadActual   5: 459952 op, 1576256.00 ns, 3.4270 ns/op, 167785.00 uJpkg, 0.00 uJdram
OverheadActual   6: 459952 op, 1566321.00 ns, 3.4054 ns/op, 133850.00 uJpkg, 0.00 uJdram
OverheadActual   7: 459952 op, 1575702.00 ns, 3.4258 ns/op, 165100.00 uJpkg, 0.00 uJdram
OverheadActual   8: 459952 op, 1566320.00 ns, 3.4054 ns/op, 152831.00 uJpkg, 0.00 uJdram
OverheadActual   9: 459952 op, 1576538.00 ns, 3.4276 ns/op, 152953.00 uJpkg, 0.00 uJdram
OverheadActual  10: 459952 op, 1566875.00 ns, 3.4066 ns/op, 136474.00 uJpkg, 0.00 uJdram
OverheadActual  11: 459952 op, 1575306.00 ns, 3.4249 ns/op, 167114.00 uJpkg, 0.00 uJdram
OverheadActual  12: 459952 op, 1583915.00 ns, 3.4437 ns/op, 163452.00 uJpkg, 0.00 uJdram
OverheadActual  13: 459952 op, 1600361.00 ns, 3.4794 ns/op, 71594.00 uJpkg, 0.00 uJdram
OverheadActual  14: 459952 op, 1567894.00 ns, 3.4088 ns/op, 141784.00 uJpkg, 0.00 uJdram
OverheadActual  15: 459952 op, 1572837.00 ns, 3.4196 ns/op, 82825.00 uJpkg, 0.00 uJdram

WorkloadWarmup   1: 459952 op, 1001191135.00 ns, 2.1767 us/op, 90720837.00 uJpkg, 0.00 uJdram
WorkloadWarmup   2: 459952 op, 999903583.00 ns, 2.1739 us/op, 87437521.00 uJpkg, 0.00 uJdram
WorkloadWarmup   3: 459952 op, 1001588418.00 ns, 2.1776 us/op, 87640767.00 uJpkg, 0.00 uJdram
WorkloadWarmup   4: 459952 op, 1006517595.00 ns, 2.1883 us/op, 88055378.00 uJpkg, 0.00 uJdram
WorkloadWarmup   5: 459952 op, 997244721.00 ns, 2.1681 us/op, 87438070.00 uJpkg, 0.00 uJdram
WorkloadWarmup   6: 459952 op, 998501337.00 ns, 2.1709 us/op, 87960773.00 uJpkg, 0.00 uJdram

// BeforeActualRun
WorkloadActual   1: 459952 op, 999375451.00 ns, 2.1728 us/op, 88313433.00 uJpkg, 0.00 uJdram
WorkloadActual   2: 459952 op, 1002498895.00 ns, 2.1796 us/op, 87869465.00 uJpkg, 0.00 uJdram
WorkloadActual   3: 459952 op, 1004239912.00 ns, 2.1834 us/op, 88707781.00 uJpkg, 0.00 uJdram
WorkloadActual   4: 459952 op, 1003322076.00 ns, 2.1814 us/op, 88320209.00 uJpkg, 0.00 uJdram
WorkloadActual   5: 459952 op, 1003454087.00 ns, 2.1816 us/op, 88124165.00 uJpkg, 0.00 uJdram
WorkloadActual   6: 459952 op, 1001494475.00 ns, 2.1774 us/op, 87898822.00 uJpkg, 0.00 uJdram
WorkloadActual   7: 459952 op, 1012356694.00 ns, 2.2010 us/op, 88939225.00 uJpkg, 0.00 uJdram
WorkloadActual   8: 459952 op, 1002388843.00 ns, 2.1793 us/op, 88110736.00 uJpkg, 0.00 uJdram
WorkloadActual   9: 459952 op, 1003303237.00 ns, 2.1813 us/op, 87953571.00 uJpkg, 0.00 uJdram
WorkloadActual  10: 459952 op, 1004091482.00 ns, 2.1830 us/op, 88781084.00 uJpkg, 0.00 uJdram
WorkloadActual  11: 459952 op, 1002249493.00 ns, 2.1790 us/op, 87527242.00 uJpkg, 0.00 uJdram
WorkloadActual  12: 459952 op, 1002261318.00 ns, 2.1791 us/op, 87408773.00 uJpkg, 0.00 uJdram
WorkloadActual  13: 459952 op, 1001836869.00 ns, 2.1781 us/op, 87868123.00 uJpkg, 0.00 uJdram
WorkloadActual  14: 459952 op, 1002401744.00 ns, 2.1794 us/op, 87532247.00 uJpkg, 0.00 uJdram
WorkloadActual  15: 459952 op, 1010175685.00 ns, 2.1963 us/op, 88017902.00 uJpkg, 0.00 uJdram

// AfterActualRun
WorkloadResult   1: 459952 op, 997800145.00 ns, 2.1694 us/op, 88313433.00 uJpkg, 0.00 uJdram
WorkloadResult   2: 459952 op, 1000923589.00 ns, 2.1761 us/op, 87869465.00 uJpkg, 0.00 uJdram
WorkloadResult   3: 459952 op, 1002664606.00 ns, 2.1799 us/op, 88707781.00 uJpkg, 0.00 uJdram
WorkloadResult   4: 459952 op, 1001746770.00 ns, 2.1779 us/op, 88320209.00 uJpkg, 0.00 uJdram
WorkloadResult   5: 459952 op, 1001878781.00 ns, 2.1782 us/op, 88124165.00 uJpkg, 0.00 uJdram
WorkloadResult   6: 459952 op, 999919169.00 ns, 2.1740 us/op, 87898822.00 uJpkg, 0.00 uJdram
WorkloadResult   7: 459952 op, 1010781388.00 ns, 2.1976 us/op, 88939225.00 uJpkg, 0.00 uJdram
WorkloadResult   8: 459952 op, 1000813537.00 ns, 2.1759 us/op, 88110736.00 uJpkg, 0.00 uJdram
WorkloadResult   9: 459952 op, 1001727931.00 ns, 2.1779 us/op, 87953571.00 uJpkg, 0.00 uJdram
WorkloadResult  10: 459952 op, 1002516176.00 ns, 2.1796 us/op, 88781084.00 uJpkg, 0.00 uJdram
WorkloadResult  11: 459952 op, 1000674187.00 ns, 2.1756 us/op, 87527242.00 uJpkg, 0.00 uJdram
WorkloadResult  12: 459952 op, 1000686012.00 ns, 2.1756 us/op, 87408773.00 uJpkg, 0.00 uJdram
WorkloadResult  13: 459952 op, 1000261563.00 ns, 2.1747 us/op, 87868123.00 uJpkg, 0.00 uJdram
WorkloadResult  14: 459952 op, 1000826438.00 ns, 2.1759 us/op, 87532247.00 uJpkg, 0.00 uJdram
WorkloadResult  15: 459952 op, 1008600379.00 ns, 2.1928 us/op, 88017902.00 uJpkg, 0.00 uJdram

// AfterAll
// Benchmark Process 4071099 has exited with code 0.

Mean = 2.179 μs, StdErr = 0.002 μs (0.09%), N = 15, StdDev = 0.007 μs
Min = 2.169 μs, Q1 = 2.176 μs, Median = 2.176 μs, Q3 = 2.179 μs, Max = 2.198 μs
IQR = 0.003 μs, LowerFence = 2.171 μs, UpperFence = 2.184 μs
ConfidenceInterval = [2.171 μs; 2.186 μs] (CI 99.9%), Margin = 0.008 μs (0.35% of Mean)
Skewness = 1.49, Kurtosis = 4.31, MValue = 2

// ** Remained 3 (10.0%) benchmark(s) to run. Estimated finish 2025-12-31 22:49 (0h 1m from now) **
// **************************
// Benchmark: JsonSerializationBenchmarks.Jil_Serialize_Small: Overhead-Fixed-Energy-10(OutlierMode=DontRemove, IterationCount=15, IterationTime=1s, LaunchCount=1, WarmupCount=6)
// *** Execute ***
// Launch: 1 / 1
// Execute: dotnet Serialization.Bench-Overhead-Fixed-Energy-10-1.dll --anonymousPipes 103 104 --benchmarkName Serialization.Bench.JsonSerializationBenchmarks.Jil_Serialize_Small --job Overhead-Fixed-Energy-10 --benchmarkId 27 in /home/test/rapl-tests/lib-energy-bench/src/Serialization.Bench/bin/Release/net8.0/Serialization.Bench-Overhead-Fixed-Energy-10-1/bin/Release/net8.0
// BeforeAnythingElse

// Benchmark Process Environment Information:
// BenchmarkDotNet v0.15.5-develop (2025-12-31)
// Runtime=.NET 8.0.21 (8.0.21, 8.0.2125.47513), X64 RyuJIT x86-64-v4
// GC=Concurrent Workstation
// HardwareIntrinsics=AVX512 IFMA+VBMI,AVX512 F+BW+CD+DQ+VL,AVX2+BMI1+BMI2+F16C+FMA+LZCNT+MOVBE,AVX,SSE3+SSSE3+SSE4.1+SSE4.2+POPCNT,X86Base+SSE+SSE2,AES+PCLMUL VectorSize=256
// Job: Overhead-Fixed-Energy-10(OutlierMode=DontRemove, IterationCount=15, IterationTime=1s, LaunchCount=1, WarmupCount=6)

OverheadJitting  1: 1 op, 134182.00 ns, 134.1820 us/op, 60119.00 uJpkg, 0.00 uJdram
WorkloadJitting  1: 1 op, 105090610.00 ns, 105.0906 ms/op, 6300704.00 uJpkg, 0.00 uJdram

WorkloadPilot    1: 4 op, 23913.00 ns, 5.9783 us/op, 0.00 uJpkg, 0.00 uJdram
WorkloadPilot    2: 167273 op, 375413793.00 ns, 2.2443 us/op, 30829633.00 uJpkg, 0.00 uJdram
WorkloadPilot    3: 445570 op, 764616029.00 ns, 1.7160 us/op, 66911449.00 uJpkg, 0.00 uJdram
WorkloadPilot    4: 582737 op, 1000573885.00 ns, 1.7170 us/op, 88115314.00 uJpkg, 0.00 uJdram
WorkloadPilot    5: 582403 op, 995742137.00 ns, 1.7097 us/op, 87278097.00 uJpkg, 0.00 uJdram
WorkloadPilot    6: 584893 op, 1003941143.00 ns, 1.7165 us/op, 87872517.00 uJpkg, 0.00 uJdram
WorkloadPilot    7: 582597 op, 1004650954.00 ns, 1.7244 us/op, 88212787.00 uJpkg, 0.00 uJdram

WorkloadWarmup   1: 582597 op, 999319307.00 ns, 1.7153 us/op, 87995929.00 uJpkg, 0.00 uJdram
WorkloadWarmup   2: 582597 op, 1002517913.00 ns, 1.7208 us/op, 88350970.00 uJpkg, 0.00 uJdram
WorkloadWarmup   3: 582597 op, 1003612668.00 ns, 1.7227 us/op, 89099503.00 uJpkg, 0.00 uJdram
WorkloadWarmup   4: 582597 op, 1003117022.00 ns, 1.7218 us/op, 88361651.00 uJpkg, 0.00 uJdram
WorkloadWarmup   5: 582597 op, 1004469873.00 ns, 1.7241 us/op, 88450824.00 uJpkg, 0.00 uJdram
WorkloadWarmup   6: 582597 op, 1002054075.00 ns, 1.7200 us/op, 88161701.00 uJpkg, 0.00 uJdram

// BeforeActualRun
WorkloadActual   1: 582597 op, 999204205.00 ns, 1.7151 us/op, 87617451.00 uJpkg, 0.00 uJdram
WorkloadActual   2: 582597 op, 1003638053.00 ns, 1.7227 us/op, 88063251.00 uJpkg, 0.00 uJdram
WorkloadActual   3: 582597 op, 1003108794.00 ns, 1.7218 us/op, 88479754.00 uJpkg, 0.00 uJdram
WorkloadActual   4: 582597 op, 1004163623.00 ns, 1.7236 us/op, 89517043.00 uJpkg, 0.00 uJdram
WorkloadActual   5: 582597 op, 1005247406.00 ns, 1.7255 us/op, 88914018.00 uJpkg, 0.00 uJdram
WorkloadActual   6: 582597 op, 1003258554.00 ns, 1.7220 us/op, 88683000.00 uJpkg, 0.00 uJdram
WorkloadActual   7: 582597 op, 1001905628.00 ns, 1.7197 us/op, 88569232.00 uJpkg, 0.00 uJdram
WorkloadActual   8: 582597 op, 1001754473.00 ns, 1.7195 us/op, 88430621.00 uJpkg, 0.00 uJdram
WorkloadActual   9: 582597 op, 1004062912.00 ns, 1.7234 us/op, 88612078.00 uJpkg, 0.00 uJdram
WorkloadActual  10: 582597 op, 1004684551.00 ns, 1.7245 us/op, 88538897.00 uJpkg, 0.00 uJdram
WorkloadActual  11: 582597 op, 1002443816.00 ns, 1.7206 us/op, 88192340.00 uJpkg, 0.00 uJdram
WorkloadActual  12: 582597 op, 1002099405.00 ns, 1.7201 us/op, 87980488.00 uJpkg, 0.00 uJdram
WorkloadActual  13: 582597 op, 1002257765.00 ns, 1.7203 us/op, 87995197.00 uJpkg, 0.00 uJdram
WorkloadActual  14: 582597 op, 1002355718.00 ns, 1.7205 us/op, 87700520.00 uJpkg, 0.00 uJdram
WorkloadActual  15: 582597 op, 1004557896.00 ns, 1.7243 us/op, 87722859.00 uJpkg, 0.00 uJdram

// AfterActualRun
WorkloadResult   1: 582597 op, 999204205.00 ns, 1.7151 us/op, 87617451.00 uJpkg, 0.00 uJdram
WorkloadResult   2: 582597 op, 1003638053.00 ns, 1.7227 us/op, 88063251.00 uJpkg, 0.00 uJdram
WorkloadResult   3: 582597 op, 1003108794.00 ns, 1.7218 us/op, 88479754.00 uJpkg, 0.00 uJdram
WorkloadResult   4: 582597 op, 1004163623.00 ns, 1.7236 us/op, 89517043.00 uJpkg, 0.00 uJdram
WorkloadResult   5: 582597 op, 1005247406.00 ns, 1.7255 us/op, 88914018.00 uJpkg, 0.00 uJdram
WorkloadResult   6: 582597 op, 1003258554.00 ns, 1.7220 us/op, 88683000.00 uJpkg, 0.00 uJdram
WorkloadResult   7: 582597 op, 1001905628.00 ns, 1.7197 us/op, 88569232.00 uJpkg, 0.00 uJdram
WorkloadResult   8: 582597 op, 1001754473.00 ns, 1.7195 us/op, 88430621.00 uJpkg, 0.00 uJdram
WorkloadResult   9: 582597 op, 1004062912.00 ns, 1.7234 us/op, 88612078.00 uJpkg, 0.00 uJdram
WorkloadResult  10: 582597 op, 1004684551.00 ns, 1.7245 us/op, 88538897.00 uJpkg, 0.00 uJdram
WorkloadResult  11: 582597 op, 1002443816.00 ns, 1.7206 us/op, 88192340.00 uJpkg, 0.00 uJdram
WorkloadResult  12: 582597 op, 1002099405.00 ns, 1.7201 us/op, 87980488.00 uJpkg, 0.00 uJdram
WorkloadResult  13: 582597 op, 1002257765.00 ns, 1.7203 us/op, 87995197.00 uJpkg, 0.00 uJdram
WorkloadResult  14: 582597 op, 1002355718.00 ns, 1.7205 us/op, 87700520.00 uJpkg, 0.00 uJdram
WorkloadResult  15: 582597 op, 1004557896.00 ns, 1.7243 us/op, 87722859.00 uJpkg, 0.00 uJdram

// AfterAll
// Benchmark Process 4071114 has exited with code 0.

Mean = 1.722 μs, StdErr = 0.001 μs (0.04%), N = 15, StdDev = 0.003 μs
Min = 1.715 μs, Q1 = 1.720 μs, Median = 1.722 μs, Q3 = 1.724 μs, Max = 1.725 μs
IQR = 0.003 μs, LowerFence = 1.715 μs, UpperFence = 1.728 μs
ConfidenceInterval = [1.719 μs; 1.724 μs] (CI 99.9%), Margin = 0.003 μs (0.16% of Mean)
Skewness = -0.66, Kurtosis = 3.12, MValue = 2

// ** Remained 2 (6.7%) benchmark(s) to run. Estimated finish 2025-12-31 22:49 (0h 0m from now) **
// **************************
// Benchmark: JsonSerializationBenchmarks.Utf8Json_Serialize_Small: Overhead-Fixed-Energy-10(OutlierMode=DontRemove, IterationCount=15, IterationTime=1s, LaunchCount=1, WarmupCount=6)
// *** Execute ***
// Launch: 1 / 1
// Execute: dotnet Serialization.Bench-Overhead-Fixed-Energy-10-1.dll --anonymousPipes 103 104 --benchmarkName Serialization.Bench.JsonSerializationBenchmarks.Utf8Json_Serialize_Small --job Overhead-Fixed-Energy-10 --benchmarkId 28 in /home/test/rapl-tests/lib-energy-bench/src/Serialization.Bench/bin/Release/net8.0/Serialization.Bench-Overhead-Fixed-Energy-10-1/bin/Release/net8.0
// BeforeAnythingElse

// Benchmark Process Environment Information:
// BenchmarkDotNet v0.15.5-develop (2025-12-31)
// Runtime=.NET 8.0.21 (8.0.21, 8.0.2125.47513), X64 RyuJIT x86-64-v4
// GC=Concurrent Workstation
// HardwareIntrinsics=AVX512 IFMA+VBMI,AVX512 F+BW+CD+DQ+VL,AVX2+BMI1+BMI2+F16C+FMA+LZCNT+MOVBE,AVX,SSE3+SSSE3+SSE4.1+SSE4.2+POPCNT,X86Base+SSE+SSE2,AES+PCLMUL VectorSize=256
// Job: Overhead-Fixed-Energy-10(OutlierMode=DontRemove, IterationCount=15, IterationTime=1s, LaunchCount=1, WarmupCount=6)

OverheadJitting  1: 1 op, 136559.00 ns, 136.5590 us/op, 61157.00 uJpkg, 0.00 uJdram
WorkloadJitting  1: 1 op, 46159800.00 ns, 46.1598 ms/op, 2899712.00 uJpkg, 0.00 uJdram

OverheadJitting  2: 16 op, 369777.00 ns, 23.1111 us/op, 64453.00 uJpkg, 0.00 uJdram
WorkloadJitting  2: 16 op, 544601.00 ns, 34.0376 us/op, 57190.00 uJpkg, 0.00 uJdram

WorkloadPilot    1: 16 op, 201470.00 ns, 12.5919 us/op, 0.00 uJpkg, 0.00 uJdram
WorkloadPilot    2: 79424 op, 430210950.00 ns, 5.4166 us/op, 34499912.00 uJpkg, 0.00 uJdram
WorkloadPilot    3: 184624 op, 164877669.00 ns, 893.0457 ns/op, 14709557.00 uJpkg, 0.00 uJdram
WorkloadPilot    4: 1119776 op, 971056375.00 ns, 867.1881 ns/op, 82411166.00 uJpkg, 0.00 uJdram
WorkloadPilot    5: 1153152 op, 999164416.00 ns, 866.4638 ns/op, 85182521.00 uJpkg, 0.00 uJdram
WorkloadPilot    6: 1154128 op, 1002004693.00 ns, 868.1920 ns/op, 85334742.00 uJpkg, 0.00 uJdram
WorkloadPilot    7: 1151824 op, 1011006863.00 ns, 877.7442 ns/op, 85854028.00 uJpkg, 0.00 uJdram
WorkloadPilot    8: 1139296 op, 1000169409.00 ns, 877.8837 ns/op, 85201564.00 uJpkg, 0.00 uJdram

OverheadWarmup   1: 1139296 op, 3872214.00 ns, 3.3988 ns/op, 253479.00 uJpkg, 0.00 uJdram
OverheadWarmup   2: 1139296 op, 3875283.00 ns, 3.4015 ns/op, 253600.00 uJpkg, 0.00 uJdram
OverheadWarmup   3: 1139296 op, 3883520.00 ns, 3.4087 ns/op, 239928.00 uJpkg, 0.00 uJdram
OverheadWarmup   4: 1139296 op, 3878807.00 ns, 3.4046 ns/op, 255615.00 uJpkg, 0.00 uJdram
OverheadWarmup   5: 1139296 op, 3877521.00 ns, 3.4034 ns/op, 263366.00 uJpkg, 0.00 uJdram
OverheadWarmup   6: 1139296 op, 3880059.00 ns, 3.4057 ns/op, 271483.00 uJpkg, 0.00 uJdram
OverheadWarmup   7: 1139296 op, 3874565.00 ns, 3.4008 ns/op, 266845.00 uJpkg, 0.00 uJdram

OverheadActual   1: 1139296 op, 3876614.00 ns, 3.4026 ns/op, 252135.00 uJpkg, 0.00 uJdram
OverheadActual   2: 1139296 op, 3886548.00 ns, 3.4114 ns/op, 244567.00 uJpkg, 0.00 uJdram
OverheadActual   3: 1139296 op, 3889094.00 ns, 3.4136 ns/op, 260497.00 uJpkg, 0.00 uJdram
OverheadActual   4: 1139296 op, 3879292.00 ns, 3.4050 ns/op, 270446.00 uJpkg, 0.00 uJdram
OverheadActual   5: 1139296 op, 3885281.00 ns, 3.4102 ns/op, 265807.00 uJpkg, 0.00 uJdram
OverheadActual   6: 1139296 op, 3875965.00 ns, 3.4021 ns/op, 267455.00 uJpkg, 0.00 uJdram
OverheadActual   7: 1139296 op, 3884177.00 ns, 3.4093 ns/op, 260375.00 uJpkg, 0.00 uJdram
OverheadActual   8: 1139296 op, 3873736.00 ns, 3.4001 ns/op, 271911.00 uJpkg, 0.00 uJdram
OverheadActual   9: 1139296 op, 3881686.00 ns, 3.4071 ns/op, 260437.00 uJpkg, 0.00 uJdram
OverheadActual  10: 1139296 op, 3872159.00 ns, 3.3987 ns/op, 261230.00 uJpkg, 0.00 uJdram
OverheadActual  11: 1139296 op, 3874729.00 ns, 3.4010 ns/op, 265747.00 uJpkg, 0.00 uJdram
OverheadActual  12: 1139296 op, 3871402.00 ns, 3.3981 ns/op, 265563.00 uJpkg, 0.00 uJdram
OverheadActual  13: 1139296 op, 3874393.00 ns, 3.4007 ns/op, 263488.00 uJpkg, 0.00 uJdram
OverheadActual  14: 1139296 op, 3868364.00 ns, 3.3954 ns/op, 262450.00 uJpkg, 0.00 uJdram
OverheadActual  15: 1139296 op, 3875204.00 ns, 3.4014 ns/op, 274047.00 uJpkg, 0.00 uJdram

WorkloadWarmup   1: 1139296 op, 998281554.00 ns, 876.2267 ns/op, 87480184.00 uJpkg, 0.00 uJdram
WorkloadWarmup   2: 1139296 op, 998120746.00 ns, 876.0855 ns/op, 85138759.00 uJpkg, 0.00 uJdram
WorkloadWarmup   3: 1139296 op, 987152479.00 ns, 866.4583 ns/op, 83735442.00 uJpkg, 0.00 uJdram
WorkloadWarmup   4: 1139296 op, 986360028.00 ns, 865.7627 ns/op, 83946684.00 uJpkg, 0.00 uJdram
WorkloadWarmup   5: 1139296 op, 986058311.00 ns, 865.4979 ns/op, 83690093.00 uJpkg, 0.00 uJdram
WorkloadWarmup   6: 1139296 op, 986661306.00 ns, 866.0272 ns/op, 84074919.00 uJpkg, 0.00 uJdram

// BeforeActualRun
WorkloadActual   1: 1139296 op, 992044396.00 ns, 870.7521 ns/op, 84833340.00 uJpkg, 0.00 uJdram
WorkloadActual   2: 1139296 op, 994749403.00 ns, 873.1264 ns/op, 85137477.00 uJpkg, 0.00 uJdram
WorkloadActual   3: 1139296 op, 992668327.00 ns, 871.2998 ns/op, 85188930.00 uJpkg, 0.00 uJdram
WorkloadActual   4: 1139296 op, 993594912.00 ns, 872.1131 ns/op, 85292994.00 uJpkg, 0.00 uJdram
WorkloadActual   5: 1139296 op, 992005092.00 ns, 870.7176 ns/op, 85094204.00 uJpkg, 0.00 uJdram
WorkloadActual   6: 1139296 op, 991974002.00 ns, 870.6903 ns/op, 85077297.00 uJpkg, 0.00 uJdram
WorkloadActual   7: 1139296 op, 991050451.00 ns, 869.8797 ns/op, 84803616.00 uJpkg, 0.00 uJdram
WorkloadActual   8: 1139296 op, 991022336.00 ns, 869.8550 ns/op, 85304163.00 uJpkg, 0.00 uJdram
WorkloadActual   9: 1139296 op, 991778466.00 ns, 870.5187 ns/op, 85637842.00 uJpkg, 0.00 uJdram
WorkloadActual  10: 1139296 op, 993073715.00 ns, 871.6556 ns/op, 86206261.00 uJpkg, 0.00 uJdram
WorkloadActual  11: 1139296 op, 994223294.00 ns, 872.6646 ns/op, 85615504.00 uJpkg, 0.00 uJdram
WorkloadActual  12: 1139296 op, 992927317.00 ns, 871.5271 ns/op, 85588709.00 uJpkg, 0.00 uJdram
WorkloadActual  13: 1139296 op, 993003715.00 ns, 871.5941 ns/op, 85502222.00 uJpkg, 0.00 uJdram
WorkloadActual  14: 1139296 op, 992083655.00 ns, 870.7866 ns/op, 85353908.00 uJpkg, 0.00 uJdram
WorkloadActual  15: 1139296 op, 991531187.00 ns, 870.3016 ns/op, 85427149.00 uJpkg, 0.00 uJdram

// AfterActualRun
WorkloadResult   1: 1139296 op, 988168431.00 ns, 867.3500 ns/op, 84833340.00 uJpkg, 0.00 uJdram
WorkloadResult   2: 1139296 op, 990873438.00 ns, 869.7243 ns/op, 85137477.00 uJpkg, 0.00 uJdram
WorkloadResult   3: 1139296 op, 988792362.00 ns, 867.8977 ns/op, 85188930.00 uJpkg, 0.00 uJdram
WorkloadResult   4: 1139296 op, 989718947.00 ns, 868.7110 ns/op, 85292994.00 uJpkg, 0.00 uJdram
WorkloadResult   5: 1139296 op, 988129127.00 ns, 867.3155 ns/op, 85094204.00 uJpkg, 0.00 uJdram
WorkloadResult   6: 1139296 op, 988098037.00 ns, 867.2883 ns/op, 85077297.00 uJpkg, 0.00 uJdram
WorkloadResult   7: 1139296 op, 987174486.00 ns, 866.4776 ns/op, 84803616.00 uJpkg, 0.00 uJdram
WorkloadResult   8: 1139296 op, 987146371.00 ns, 866.4529 ns/op, 85304163.00 uJpkg, 0.00 uJdram
WorkloadResult   9: 1139296 op, 987902501.00 ns, 867.1166 ns/op, 85637842.00 uJpkg, 0.00 uJdram
WorkloadResult  10: 1139296 op, 989197750.00 ns, 868.2535 ns/op, 86206261.00 uJpkg, 0.00 uJdram
WorkloadResult  11: 1139296 op, 990347329.00 ns, 869.2625 ns/op, 85615504.00 uJpkg, 0.00 uJdram
WorkloadResult  12: 1139296 op, 989051352.00 ns, 868.1250 ns/op, 85588709.00 uJpkg, 0.00 uJdram
WorkloadResult  13: 1139296 op, 989127750.00 ns, 868.1921 ns/op, 85502222.00 uJpkg, 0.00 uJdram
WorkloadResult  14: 1139296 op, 988207690.00 ns, 867.3845 ns/op, 85353908.00 uJpkg, 0.00 uJdram
WorkloadResult  15: 1139296 op, 987655222.00 ns, 866.8996 ns/op, 85427149.00 uJpkg, 0.00 uJdram

// AfterAll
// Benchmark Process 4071127 has exited with code 0.

Mean = 867.763 ns, StdErr = 0.247 ns (0.03%), N = 15, StdDev = 0.958 ns
Min = 866.453 ns, Q1 = 867.202 ns, Median = 867.384 ns, Q3 = 868.223 ns, Max = 869.724 ns
IQR = 1.020 ns, LowerFence = 865.672 ns, UpperFence = 869.753 ns
ConfidenceInterval = [866.740 ns; 868.787 ns] (CI 99.9%), Margin = 1.024 ns (0.12% of Mean)
Skewness = 0.49, Kurtosis = 2.16, MValue = 2

// ** Remained 1 (3.3%) benchmark(s) to run. Estimated finish 2025-12-31 22:49 (0h 0m from now) **
// **************************
// Benchmark: JsonSerializationBenchmarks.SpanJson_Serialize_Small: Overhead-Fixed-Energy-10(OutlierMode=DontRemove, IterationCount=15, IterationTime=1s, LaunchCount=1, WarmupCount=6)
// *** Execute ***
// Launch: 1 / 1
// Execute: dotnet Serialization.Bench-Overhead-Fixed-Energy-10-1.dll --anonymousPipes 103 104 --benchmarkName Serialization.Bench.JsonSerializationBenchmarks.SpanJson_Serialize_Small --job Overhead-Fixed-Energy-10 --benchmarkId 29 in /home/test/rapl-tests/lib-energy-bench/src/Serialization.Bench/bin/Release/net8.0/Serialization.Bench-Overhead-Fixed-Energy-10-1/bin/Release/net8.0
// BeforeAnythingElse

// Benchmark Process Environment Information:
// BenchmarkDotNet v0.15.5-develop (2025-12-31)
// Runtime=.NET 8.0.21 (8.0.21, 8.0.2125.47513), X64 RyuJIT x86-64-v4
// GC=Concurrent Workstation
// HardwareIntrinsics=AVX512 IFMA+VBMI,AVX512 F+BW+CD+DQ+VL,AVX2+BMI1+BMI2+F16C+FMA+LZCNT+MOVBE,AVX,SSE3+SSSE3+SSE4.1+SSE4.2+POPCNT,X86Base+SSE+SSE2,AES+PCLMUL VectorSize=256
// Job: Overhead-Fixed-Energy-10(OutlierMode=DontRemove, IterationCount=15, IterationTime=1s, LaunchCount=1, WarmupCount=6)

OverheadJitting  1: 1 op, 136185.00 ns, 136.1850 us/op, 0.00 uJpkg, 0.00 uJdram
WorkloadJitting  1: 1 op, 61897065.00 ns, 61.8971 ms/op, 4569325.00 uJpkg, 0.00 uJdram

OverheadJitting  2: 16 op, 377819.00 ns, 23.6137 us/op, 0.00 uJpkg, 0.00 uJdram
WorkloadJitting  2: 16 op, 568255.00 ns, 35.5159 us/op, 130676.00 uJpkg, 0.00 uJdram

WorkloadPilot    1: 16 op, 215729.00 ns, 13.4831 us/op, 0.00 uJpkg, 0.00 uJdram
WorkloadPilot    2: 74176 op, 246200727.00 ns, 3.3191 us/op, 16921282.00 uJpkg, 0.00 uJdram
WorkloadPilot    3: 301296 op, 371459961.00 ns, 1.2329 us/op, 24302916.00 uJpkg, 0.00 uJdram
WorkloadPilot    4: 811120 op, 993664618.00 ns, 1.2251 us/op, 64651751.00 uJpkg, 0.00 uJdram
WorkloadPilot    5: 816304 op, 999353114.00 ns, 1.2242 us/op, 64978044.00 uJpkg, 0.00 uJdram
WorkloadPilot    6: 816832 op, 998570889.00 ns, 1.2225 us/op, 64878374.00 uJpkg, 0.00 uJdram
WorkloadPilot    7: 818016 op, 1001197825.00 ns, 1.2239 us/op, 64948259.00 uJpkg, 0.00 uJdram
WorkloadPilot    8: 817040 op, 1001287152.00 ns, 1.2255 us/op, 64844682.00 uJpkg, 0.00 uJdram
WorkloadPilot    9: 816000 op, 1002141056.00 ns, 1.2281 us/op, 64631365.00 uJpkg, 0.00 uJdram

OverheadWarmup   1: 816000 op, 2785185.00 ns, 3.4132 ns/op, 145935.00 uJpkg, 0.00 uJdram
OverheadWarmup   2: 816000 op, 2779334.00 ns, 3.4060 ns/op, 200195.00 uJpkg, 0.00 uJdram
OverheadWarmup   3: 816000 op, 2800761.00 ns, 3.4323 ns/op, 203796.00 uJpkg, 0.00 uJdram
OverheadWarmup   4: 816000 op, 2785111.00 ns, 3.4131 ns/op, 137817.00 uJpkg, 0.00 uJdram
OverheadWarmup   5: 816000 op, 2790404.00 ns, 3.4196 ns/op, 218567.00 uJpkg, 0.00 uJdram
OverheadWarmup   6: 816000 op, 2772012.00 ns, 3.3971 ns/op, 214172.00 uJpkg, 0.00 uJdram

OverheadActual   1: 816000 op, 2798672.00 ns, 3.4297 ns/op, 157287.00 uJpkg, 0.00 uJdram
OverheadActual   2: 816000 op, 2781569.00 ns, 3.4088 ns/op, 133422.00 uJpkg, 0.00 uJdram
OverheadActual   3: 816000 op, 2785607.00 ns, 3.4137 ns/op, 208069.00 uJpkg, 0.00 uJdram
OverheadActual   4: 816000 op, 2793449.00 ns, 3.4233 ns/op, 209961.00 uJpkg, 0.00 uJdram
OverheadActual   5: 816000 op, 2825219.00 ns, 3.4623 ns/op, 181457.00 uJpkg, 0.00 uJdram
OverheadActual   6: 816000 op, 2797487.00 ns, 3.4283 ns/op, 218749.00 uJpkg, 0.00 uJdram
OverheadActual   7: 816000 op, 2782555.00 ns, 3.4100 ns/op, 225341.00 uJpkg, 0.00 uJdram
OverheadActual   8: 816000 op, 2778594.00 ns, 3.4051 ns/op, 192260.00 uJpkg, 0.00 uJdram
OverheadActual   9: 816000 op, 2776191.00 ns, 3.4022 ns/op, 220642.00 uJpkg, 0.00 uJdram
OverheadActual  10: 816000 op, 2785228.00 ns, 3.4133 ns/op, 195557.00 uJpkg, 0.00 uJdram
OverheadActual  11: 816000 op, 2773095.00 ns, 3.3984 ns/op, 182312.00 uJpkg, 0.00 uJdram
OverheadActual  12: 816000 op, 2782761.00 ns, 3.4102 ns/op, 133545.00 uJpkg, 0.00 uJdram
OverheadActual  13: 816000 op, 2773786.00 ns, 3.3992 ns/op, 207153.00 uJpkg, 0.00 uJdram
OverheadActual  14: 816000 op, 2777579.00 ns, 3.4039 ns/op, 201416.00 uJpkg, 0.00 uJdram
OverheadActual  15: 816000 op, 2808944.00 ns, 3.4423 ns/op, 227722.00 uJpkg, 0.00 uJdram

WorkloadWarmup   1: 816000 op, 1003923292.00 ns, 1.2303 us/op, 67119457.00 uJpkg, 0.00 uJdram
WorkloadWarmup   2: 816000 op, 1000343640.00 ns, 1.2259 us/op, 64941362.00 uJpkg, 0.00 uJdram
WorkloadWarmup   3: 816000 op, 999501071.00 ns, 1.2249 us/op, 64818865.00 uJpkg, 0.00 uJdram
WorkloadWarmup   4: 816000 op, 994181120.00 ns, 1.2184 us/op, 64479083.00 uJpkg, 0.00 uJdram
WorkloadWarmup   5: 816000 op, 997774376.00 ns, 1.2228 us/op, 64827654.00 uJpkg, 0.00 uJdram
WorkloadWarmup   6: 816000 op, 1000385270.00 ns, 1.2260 us/op, 64824053.00 uJpkg, 0.00 uJdram

// BeforeActualRun
WorkloadActual   1: 816000 op, 999236347.00 ns, 1.2246 us/op, 65006791.00 uJpkg, 0.00 uJdram
WorkloadActual   2: 816000 op, 999040202.00 ns, 1.2243 us/op, 64577471.00 uJpkg, 0.00 uJdram
WorkloadActual   3: 816000 op, 1003115410.00 ns, 1.2293 us/op, 65610062.00 uJpkg, 0.00 uJdram
WorkloadActual   4: 816000 op, 1001300644.00 ns, 1.2271 us/op, 64729753.00 uJpkg, 0.00 uJdram
WorkloadActual   5: 816000 op, 999484088.00 ns, 1.2249 us/op, 64420917.00 uJpkg, 0.00 uJdram
WorkloadActual   6: 816000 op, 997313552.00 ns, 1.2222 us/op, 64258503.00 uJpkg, 0.00 uJdram
WorkloadActual   7: 816000 op, 996980225.00 ns, 1.2218 us/op, 64116841.00 uJpkg, 0.00 uJdram
WorkloadActual   8: 816000 op, 1000530773.00 ns, 1.2261 us/op, 64525286.00 uJpkg, 0.00 uJdram
WorkloadActual   9: 816000 op, 998200911.00 ns, 1.2233 us/op, 64281391.00 uJpkg, 0.00 uJdram
WorkloadActual  10: 816000 op, 999335184.00 ns, 1.2247 us/op, 65307694.00 uJpkg, 0.00 uJdram
WorkloadActual  11: 816000 op, 1000285417.00 ns, 1.2258 us/op, 64384906.00 uJpkg, 0.00 uJdram
WorkloadActual  12: 816000 op, 1002561576.00 ns, 1.2286 us/op, 64451007.00 uJpkg, 0.00 uJdram
WorkloadActual  13: 816000 op, 996085535.00 ns, 1.2207 us/op, 64128498.00 uJpkg, 0.00 uJdram
WorkloadActual  14: 816000 op, 998884280.00 ns, 1.2241 us/op, 64650591.00 uJpkg, 0.00 uJdram
WorkloadActual  15: 816000 op, 1000098053.00 ns, 1.2256 us/op, 64784625.00 uJpkg, 0.00 uJdram

// AfterActualRun
WorkloadResult   1: 816000 op, 996453586.00 ns, 1.2211 us/op, 65006791.00 uJpkg, 0.00 uJdram
WorkloadResult   2: 816000 op, 996257441.00 ns, 1.2209 us/op, 64577471.00 uJpkg, 0.00 uJdram
WorkloadResult   3: 816000 op, 1000332649.00 ns, 1.2259 us/op, 65610062.00 uJpkg, 0.00 uJdram
WorkloadResult   4: 816000 op, 998517883.00 ns, 1.2237 us/op, 64729753.00 uJpkg, 0.00 uJdram
WorkloadResult   5: 816000 op, 996701327.00 ns, 1.2214 us/op, 64420917.00 uJpkg, 0.00 uJdram
WorkloadResult   6: 816000 op, 994530791.00 ns, 1.2188 us/op, 64258503.00 uJpkg, 0.00 uJdram
WorkloadResult   7: 816000 op, 994197464.00 ns, 1.2184 us/op, 64116841.00 uJpkg, 0.00 uJdram
WorkloadResult   8: 816000 op, 997748012.00 ns, 1.2227 us/op, 64525286.00 uJpkg, 0.00 uJdram
WorkloadResult   9: 816000 op, 995418150.00 ns, 1.2199 us/op, 64281391.00 uJpkg, 0.00 uJdram
WorkloadResult  10: 816000 op, 996552423.00 ns, 1.2213 us/op, 65307694.00 uJpkg, 0.00 uJdram
WorkloadResult  11: 816000 op, 997502656.00 ns, 1.2224 us/op, 64384906.00 uJpkg, 0.00 uJdram
WorkloadResult  12: 816000 op, 999778815.00 ns, 1.2252 us/op, 64451007.00 uJpkg, 0.00 uJdram
WorkloadResult  13: 816000 op, 993302774.00 ns, 1.2173 us/op, 64128498.00 uJpkg, 0.00 uJdram
WorkloadResult  14: 816000 op, 996101519.00 ns, 1.2207 us/op, 64650591.00 uJpkg, 0.00 uJdram
WorkloadResult  15: 816000 op, 997315292.00 ns, 1.2222 us/op, 64784625.00 uJpkg, 0.00 uJdram

// AfterAll
// Benchmark Process 4071142 has exited with code 0.

Mean = 1.221 μs, StdErr = 0.001 μs (0.05%), N = 15, StdDev = 0.002 μs
Min = 1.217 μs, Q1 = 1.220 μs, Median = 1.221 μs, Q3 = 1.223 μs, Max = 1.226 μs
IQR = 0.002 μs, LowerFence = 1.217 μs, UpperFence = 1.226 μs
ConfidenceInterval = [1.219 μs; 1.224 μs] (CI 99.9%), Margin = 0.003 μs (0.21% of Mean)
Skewness = 0.14, Kurtosis = 2.21, MValue = 2

// ** Remained 0 (0.0%) benchmark(s) to run. Estimated finish 2025-12-31 22:49 (0h 0m from now) **
// ***** BenchmarkRunner: Finish  *****

// * Export *
  Helpers/../BenchmarkArtifacts/results/Serialization.Bench.JsonSerializationBenchmarks-report.csv
  Helpers/../BenchmarkArtifacts/results/Serialization.Bench.JsonSerializationBenchmarks-report-github.md
  Helpers/../BenchmarkArtifacts/results/Serialization.Bench.JsonSerializationBenchmarks-report.html
  Helpers/../BenchmarkArtifacts/results/Serialization.Bench.JsonSerializationBenchmarks-measurements.csv

// * Detailed results *
JsonSerializationBenchmarks.SpanJson_Deserialize_Large: Overhead-Fixed-Energy-10(OutlierMode=DontRemove, IterationCount=15, IterationTime=1s, LaunchCount=1, WarmupCount=6)
Runtime = .NET 8.0.21 (8.0.21, 8.0.2125.47513), X64 RyuJIT x86-64-v4; GC = Concurrent Workstation
Mean = 153.412 μs, StdErr = 0.078 μs (0.05%), N = 15, StdDev = 0.302 μs
Min = 152.970 μs, Q1 = 153.262 μs, Median = 153.342 μs, Q3 = 153.404 μs, Max = 154.221 μs
IQR = 0.142 μs, LowerFence = 153.050 μs, UpperFence = 153.616 μs
ConfidenceInterval = [153.089 μs; 153.735 μs] (CI 99.9%), Margin = 0.323 μs (0.21% of Mean)
Skewness = 1.36, Kurtosis = 4.36, MValue = 2
-------------------- Histogram --------------------
[152.809 μs ; 154.382 μs) | @@@@@@@@@@@@@@@
---------------------------------------------------

JsonSerializationBenchmarks.STJ_Deserialize_Large: Overhead-Fixed-Energy-10(OutlierMode=DontRemove, IterationCount=15, IterationTime=1s, LaunchCount=1, WarmupCount=6)
Runtime = .NET 8.0.21 (8.0.21, 8.0.2125.47513), X64 RyuJIT x86-64-v4; GC = Concurrent Workstation
Mean = 200.686 μs, StdErr = 0.111 μs (0.06%), N = 15, StdDev = 0.432 μs
Min = 200.306 μs, Q1 = 200.472 μs, Median = 200.537 μs, Q3 = 200.664 μs, Max = 202.027 μs
IQR = 0.193 μs, LowerFence = 200.183 μs, UpperFence = 200.953 μs
ConfidenceInterval = [200.225 μs; 201.148 μs] (CI 99.9%), Margin = 0.461 μs (0.23% of Mean)
Skewness = 2.05, Kurtosis = 6.47, MValue = 2
-------------------- Histogram --------------------
[200.076 μs ; 202.257 μs) | @@@@@@@@@@@@@@@
---------------------------------------------------

JsonSerializationBenchmarks.Jil_Deserialize_Large: Overhead-Fixed-Energy-10(OutlierMode=DontRemove, IterationCount=15, IterationTime=1s, LaunchCount=1, WarmupCount=6)
Runtime = .NET 8.0.21 (8.0.21, 8.0.2125.47513), X64 RyuJIT x86-64-v4; GC = Concurrent Workstation
Mean = 214.700 μs, StdErr = 0.322 μs (0.15%), N = 15, StdDev = 1.246 μs
Min = 213.822 μs, Q1 = 214.037 μs, Median = 214.302 μs, Q3 = 214.576 μs, Max = 217.864 μs
IQR = 0.539 μs, LowerFence = 213.228 μs, UpperFence = 215.384 μs
ConfidenceInterval = [213.367 μs; 216.032 μs] (CI 99.9%), Margin = 1.332 μs (0.62% of Mean)
Skewness = 1.78, Kurtosis = 4.57, MValue = 2
-------------------- Histogram --------------------
[213.158 μs ; 218.527 μs) | @@@@@@@@@@@@@@@
---------------------------------------------------

JsonSerializationBenchmarks.Newtonsoft_Deserialize_Large: Overhead-Fixed-Energy-10(OutlierMode=DontRemove, IterationCount=15, IterationTime=1s, LaunchCount=1, WarmupCount=6)
Runtime = .NET 8.0.21 (8.0.21, 8.0.2125.47513), X64 RyuJIT x86-64-v4; GC = Concurrent Workstation
Mean = 243.328 μs, StdErr = 0.050 μs (0.02%), N = 15, StdDev = 0.194 μs
Min = 243.102 μs, Q1 = 243.236 μs, Median = 243.274 μs, Q3 = 243.375 μs, Max = 243.921 μs
IQR = 0.139 μs, LowerFence = 243.028 μs, UpperFence = 243.583 μs
ConfidenceInterval = [243.120 μs; 243.536 μs] (CI 99.9%), Margin = 0.208 μs (0.09% of Mean)
Skewness = 1.76, Kurtosis = 5.99, MValue = 2
-------------------- Histogram --------------------
[242.999 μs ; 244.024 μs) | @@@@@@@@@@@@@@@
---------------------------------------------------

JsonSerializationBenchmarks.Utf8Json_Deserialize_Large: Overhead-Fixed-Energy-10(OutlierMode=DontRemove, IterationCount=15, IterationTime=1s, LaunchCount=1, WarmupCount=6)
Runtime = .NET 8.0.21 (8.0.21, 8.0.2125.47513), X64 RyuJIT x86-64-v4; GC = Concurrent Workstation
Mean = 285.719 μs, StdErr = 0.093 μs (0.03%), N = 15, StdDev = 0.360 μs
Min = 285.134 μs, Q1 = 285.449 μs, Median = 285.646 μs, Q3 = 285.935 μs, Max = 286.454 μs
IQR = 0.485 μs, LowerFence = 284.721 μs, UpperFence = 286.662 μs
ConfidenceInterval = [285.333 μs; 286.104 μs] (CI 99.9%), Margin = 0.385 μs (0.13% of Mean)
Skewness = 0.46, Kurtosis = 2.21, MValue = 2
-------------------- Histogram --------------------
[284.942 μs ; 286.646 μs) | @@@@@@@@@@@@@@@
---------------------------------------------------

JsonSerializationBenchmarks.SpanJson_Deserialize_Medium: Overhead-Fixed-Energy-10(OutlierMode=DontRemove, IterationCount=15, IterationTime=1s, LaunchCount=1, WarmupCount=6)
Runtime = .NET 8.0.21 (8.0.21, 8.0.2125.47513), X64 RyuJIT x86-64-v4; GC = Concurrent Workstation
Mean = 40.148 μs, StdErr = 0.009 μs (0.02%), N = 15, StdDev = 0.036 μs
Min = 40.085 μs, Q1 = 40.124 μs, Median = 40.154 μs, Q3 = 40.159 μs, Max = 40.214 μs
IQR = 0.035 μs, LowerFence = 40.072 μs, UpperFence = 40.212 μs
ConfidenceInterval = [40.110 μs; 40.187 μs] (CI 99.9%), Margin = 0.039 μs (0.10% of Mean)
Skewness = 0.19, Kurtosis = 2.23, MValue = 2
-------------------- Histogram --------------------
[40.065 μs ; 40.233 μs) | @@@@@@@@@@@@@@@
---------------------------------------------------

JsonSerializationBenchmarks.STJ_Deserialize_Medium: Overhead-Fixed-Energy-10(OutlierMode=DontRemove, IterationCount=15, IterationTime=1s, LaunchCount=1, WarmupCount=6)
Runtime = .NET 8.0.21 (8.0.21, 8.0.2125.47513), X64 RyuJIT x86-64-v4; GC = Concurrent Workstation
Mean = 52.721 μs, StdErr = 0.019 μs (0.04%), N = 15, StdDev = 0.072 μs
Min = 52.652 μs, Q1 = 52.663 μs, Median = 52.688 μs, Q3 = 52.769 μs, Max = 52.856 μs
IQR = 0.106 μs, LowerFence = 52.505 μs, UpperFence = 52.928 μs
ConfidenceInterval = [52.644 μs; 52.799 μs] (CI 99.9%), Margin = 0.077 μs (0.15% of Mean)
Skewness = 0.71, Kurtosis = 1.84, MValue = 2
-------------------- Histogram --------------------
[52.614 μs ; 52.894 μs) | @@@@@@@@@@@@@@@
---------------------------------------------------

JsonSerializationBenchmarks.Jil_Deserialize_Medium: Overhead-Fixed-Energy-10(OutlierMode=DontRemove, IterationCount=15, IterationTime=1s, LaunchCount=1, WarmupCount=6)
Runtime = .NET 8.0.21 (8.0.21, 8.0.2125.47513), X64 RyuJIT x86-64-v4; GC = Concurrent Workstation
Mean = 55.449 μs, StdErr = 0.015 μs (0.03%), N = 15, StdDev = 0.059 μs
Min = 55.327 μs, Q1 = 55.435 μs, Median = 55.459 μs, Q3 = 55.476 μs, Max = 55.537 μs
IQR = 0.041 μs, LowerFence = 55.373 μs, UpperFence = 55.538 μs
ConfidenceInterval = [55.386 μs; 55.512 μs] (CI 99.9%), Margin = 0.063 μs (0.11% of Mean)
Skewness = -0.64, Kurtosis = 2.49, MValue = 2
-------------------- Histogram --------------------
[55.295 μs ; 55.569 μs) | @@@@@@@@@@@@@@@
---------------------------------------------------

JsonSerializationBenchmarks.Utf8Json_Deserialize_Medium: Overhead-Fixed-Energy-10(OutlierMode=DontRemove, IterationCount=15, IterationTime=1s, LaunchCount=1, WarmupCount=6)
Runtime = .NET 8.0.21 (8.0.21, 8.0.2125.47513), X64 RyuJIT x86-64-v4; GC = Concurrent Workstation
Mean = 61.375 μs, StdErr = 0.014 μs (0.02%), N = 15, StdDev = 0.052 μs
Min = 61.291 μs, Q1 = 61.337 μs, Median = 61.387 μs, Q3 = 61.409 μs, Max = 61.448 μs
IQR = 0.072 μs, LowerFence = 61.229 μs, UpperFence = 61.517 μs
ConfidenceInterval = [61.319 μs; 61.431 μs] (CI 99.9%), Margin = 0.056 μs (0.09% of Mean)
Skewness = -0.35, Kurtosis = 1.68, MValue = 2
-------------------- Histogram --------------------
[61.263 μs ; 61.476 μs) | @@@@@@@@@@@@@@@
---------------------------------------------------

JsonSerializationBenchmarks.Newtonsoft_Deserialize_Medium: Overhead-Fixed-Energy-10(OutlierMode=DontRemove, IterationCount=15, IterationTime=1s, LaunchCount=1, WarmupCount=6)
Runtime = .NET 8.0.21 (8.0.21, 8.0.2125.47513), X64 RyuJIT x86-64-v4; GC = Concurrent Workstation
Mean = 65.752 μs, StdErr = 0.027 μs (0.04%), N = 15, StdDev = 0.105 μs
Min = 65.528 μs, Q1 = 65.708 μs, Median = 65.774 μs, Q3 = 65.805 μs, Max = 65.895 μs
IQR = 0.097 μs, LowerFence = 65.562 μs, UpperFence = 65.951 μs
ConfidenceInterval = [65.640 μs; 65.864 μs] (CI 99.9%), Margin = 0.112 μs (0.17% of Mean)
Skewness = -0.66, Kurtosis = 2.46, MValue = 2
-------------------- Histogram --------------------
[65.472 μs ; 65.951 μs) | @@@@@@@@@@@@@@@
---------------------------------------------------

JsonSerializationBenchmarks.SpanJson_Deserialize_Small: Overhead-Fixed-Energy-10(OutlierMode=DontRemove, IterationCount=15, IterationTime=1s, LaunchCount=1, WarmupCount=6)
Runtime = .NET 8.0.21 (8.0.21, 8.0.2125.47513), X64 RyuJIT x86-64-v4; GC = Concurrent Workstation
Mean = 1.159 μs, StdErr = 0.000 μs (0.04%), N = 15, StdDev = 0.002 μs
Min = 1.157 μs, Q1 = 1.158 μs, Median = 1.159 μs, Q3 = 1.160 μs, Max = 1.164 μs
IQR = 0.002 μs, LowerFence = 1.155 μs, UpperFence = 1.163 μs
ConfidenceInterval = [1.157 μs; 1.161 μs] (CI 99.9%), Margin = 0.002 μs (0.16% of Mean)
Skewness = 1.05, Kurtosis = 3.9, MValue = 2
-------------------- Histogram --------------------
[1.156 μs ; 1.165 μs) | @@@@@@@@@@@@@@@
---------------------------------------------------

JsonSerializationBenchmarks.STJ_Deserialize_Small: Overhead-Fixed-Energy-10(OutlierMode=DontRemove, IterationCount=15, IterationTime=1s, LaunchCount=1, WarmupCount=6)
Runtime = .NET 8.0.21 (8.0.21, 8.0.2125.47513), X64 RyuJIT x86-64-v4; GC = Concurrent Workstation
Mean = 1.987 μs, StdErr = 0.001 μs (0.05%), N = 15, StdDev = 0.004 μs
Min = 1.982 μs, Q1 = 1.984 μs, Median = 1.987 μs, Q3 = 1.989 μs, Max = 1.995 μs
IQR = 0.005 μs, LowerFence = 1.977 μs, UpperFence = 1.995 μs
ConfidenceInterval = [1.983 μs; 1.991 μs] (CI 99.9%), Margin = 0.004 μs (0.19% of Mean)
Skewness = 0.76, Kurtosis = 2.9, MValue = 2
-------------------- Histogram --------------------
[1.980 μs ; 1.997 μs) | @@@@@@@@@@@@@@@
---------------------------------------------------

JsonSerializationBenchmarks.Utf8Json_Deserialize_Small: Overhead-Fixed-Energy-10(OutlierMode=DontRemove, IterationCount=15, IterationTime=1s, LaunchCount=1, WarmupCount=6)
Runtime = .NET 8.0.21 (8.0.21, 8.0.2125.47513), X64 RyuJIT x86-64-v4; GC = Concurrent Workstation
Mean = 2.004 μs, StdErr = 0.001 μs (0.04%), N = 15, StdDev = 0.003 μs
Min = 1.999 μs, Q1 = 2.002 μs, Median = 2.004 μs, Q3 = 2.007 μs, Max = 2.008 μs
IQR = 0.005 μs, LowerFence = 1.994 μs, UpperFence = 2.014 μs
ConfidenceInterval = [2.001 μs; 2.007 μs] (CI 99.9%), Margin = 0.003 μs (0.17% of Mean)
Skewness = -0.12, Kurtosis = 1.5, MValue = 2
-------------------- Histogram --------------------
[1.997 μs ; 2.010 μs) | @@@@@@@@@@@@@@@
---------------------------------------------------

JsonSerializationBenchmarks.Jil_Deserialize_Small: Overhead-Fixed-Energy-10(OutlierMode=DontRemove, IterationCount=15, IterationTime=1s, LaunchCount=1, WarmupCount=6)
Runtime = .NET 8.0.21 (8.0.21, 8.0.2125.47513), X64 RyuJIT x86-64-v4; GC = Concurrent Workstation
Mean = 2.262 μs, StdErr = 0.001 μs (0.05%), N = 15, StdDev = 0.004 μs
Min = 2.254 μs, Q1 = 2.260 μs, Median = 2.261 μs, Q3 = 2.265 μs, Max = 2.271 μs
IQR = 0.005 μs, LowerFence = 2.253 μs, UpperFence = 2.272 μs
ConfidenceInterval = [2.258 μs; 2.267 μs] (CI 99.9%), Margin = 0.004 μs (0.20% of Mean)
Skewness = 0.15, Kurtosis = 2.91, MValue = 2
-------------------- Histogram --------------------
[2.251 μs ; 2.274 μs) | @@@@@@@@@@@@@@@
---------------------------------------------------

JsonSerializationBenchmarks.Newtonsoft_Deserialize_Small: Overhead-Fixed-Energy-10(OutlierMode=DontRemove, IterationCount=15, IterationTime=1s, LaunchCount=1, WarmupCount=6)
Runtime = .NET 8.0.21 (8.0.21, 8.0.2125.47513), X64 RyuJIT x86-64-v4; GC = Concurrent Workstation
Mean = 3.552 μs, StdErr = 0.001 μs (0.02%), N = 15, StdDev = 0.003 μs
Min = 3.545 μs, Q1 = 3.550 μs, Median = 3.551 μs, Q3 = 3.552 μs, Max = 3.558 μs
IQR = 0.002 μs, LowerFence = 3.547 μs, UpperFence = 3.556 μs
ConfidenceInterval = [3.548 μs; 3.555 μs] (CI 99.9%), Margin = 0.003 μs (0.09% of Mean)
Skewness = 0.13, Kurtosis = 3.47, MValue = 2
-------------------- Histogram --------------------
[3.544 μs ; 3.559 μs) | @@@@@@@@@@@@@@@
---------------------------------------------------

JsonSerializationBenchmarks.SpanJson_Serialize_Large: Overhead-Fixed-Energy-10(OutlierMode=DontRemove, IterationCount=15, IterationTime=1s, LaunchCount=1, WarmupCount=6)
Runtime = .NET 8.0.21 (8.0.21, 8.0.2125.47513), X64 RyuJIT x86-64-v4; GC = Concurrent Workstation
Mean = 166.688 μs, StdErr = 0.169 μs (0.10%), N = 15, StdDev = 0.653 μs
Min = 165.510 μs, Q1 = 166.173 μs, Median = 166.876 μs, Q3 = 167.017 μs, Max = 167.909 μs
IQR = 0.843 μs, LowerFence = 164.908 μs, UpperFence = 168.282 μs
ConfidenceInterval = [165.990 μs; 167.385 μs] (CI 99.9%), Margin = 0.698 μs (0.42% of Mean)
Skewness = -0.17, Kurtosis = 2.08, MValue = 2
-------------------- Histogram --------------------
[165.163 μs ; 168.256 μs) | @@@@@@@@@@@@@@@
---------------------------------------------------

JsonSerializationBenchmarks.STJ_Serialize_Large: Overhead-Fixed-Energy-10(OutlierMode=DontRemove, IterationCount=15, IterationTime=1s, LaunchCount=1, WarmupCount=6)
Runtime = .NET 8.0.21 (8.0.21, 8.0.2125.47513), X64 RyuJIT x86-64-v4; GC = Concurrent Workstation
Mean = 188.226 μs, StdErr = 0.112 μs (0.06%), N = 15, StdDev = 0.435 μs
Min = 187.710 μs, Q1 = 188.008 μs, Median = 188.178 μs, Q3 = 188.242 μs, Max = 189.662 μs
IQR = 0.234 μs, LowerFence = 187.658 μs, UpperFence = 188.592 μs
ConfidenceInterval = [187.760 μs; 188.691 μs] (CI 99.9%), Margin = 0.465 μs (0.25% of Mean)
Skewness = 2.24, Kurtosis = 8.08, MValue = 2
-------------------- Histogram --------------------
[187.478 μs ; 189.893 μs) | @@@@@@@@@@@@@@@
---------------------------------------------------

JsonSerializationBenchmarks.Jil_Serialize_Large: Overhead-Fixed-Energy-10(OutlierMode=DontRemove, IterationCount=15, IterationTime=1s, LaunchCount=1, WarmupCount=6)
Runtime = .NET 8.0.21 (8.0.21, 8.0.2125.47513), X64 RyuJIT x86-64-v4; GC = Concurrent Workstation
Mean = 284.836 μs, StdErr = 0.064 μs (0.02%), N = 15, StdDev = 0.247 μs
Min = 284.539 μs, Q1 = 284.704 μs, Median = 284.763 μs, Q3 = 284.943 μs, Max = 285.405 μs
IQR = 0.240 μs, LowerFence = 284.344 μs, UpperFence = 285.303 μs
ConfidenceInterval = [284.572 μs; 285.100 μs] (CI 99.9%), Margin = 0.264 μs (0.09% of Mean)
Skewness = 0.73, Kurtosis = 2.62, MValue = 2
-------------------- Histogram --------------------
[284.407 μs ; 285.536 μs) | @@@@@@@@@@@@@@@
---------------------------------------------------

JsonSerializationBenchmarks.Utf8Json_Serialize_Large: Overhead-Fixed-Energy-10(OutlierMode=DontRemove, IterationCount=15, IterationTime=1s, LaunchCount=1, WarmupCount=6)
Runtime = .NET 8.0.21 (8.0.21, 8.0.2125.47513), X64 RyuJIT x86-64-v4; GC = Concurrent Workstation
Mean = 287.631 μs, StdErr = 0.301 μs (0.10%), N = 15, StdDev = 1.165 μs
Min = 286.014 μs, Q1 = 286.891 μs, Median = 287.528 μs, Q3 = 287.807 μs, Max = 290.155 μs
IQR = 0.915 μs, LowerFence = 285.519 μs, UpperFence = 289.179 μs
ConfidenceInterval = [286.385 μs; 288.876 μs] (CI 99.9%), Margin = 1.245 μs (0.43% of Mean)
Skewness = 0.74, Kurtosis = 2.5, MValue = 2
-------------------- Histogram --------------------
[285.394 μs ; 290.775 μs) | @@@@@@@@@@@@@@@
---------------------------------------------------

JsonSerializationBenchmarks.Newtonsoft_Serialize_Large: Overhead-Fixed-Energy-10(OutlierMode=DontRemove, IterationCount=15, IterationTime=1s, LaunchCount=1, WarmupCount=6)
Runtime = .NET 8.0.21 (8.0.21, 8.0.2125.47513), X64 RyuJIT x86-64-v4; GC = Concurrent Workstation
Mean = 303.446 μs, StdErr = 0.114 μs (0.04%), N = 15, StdDev = 0.442 μs
Min = 302.783 μs, Q1 = 303.145 μs, Median = 303.403 μs, Q3 = 303.632 μs, Max = 304.476 μs
IQR = 0.487 μs, LowerFence = 302.415 μs, UpperFence = 304.362 μs
ConfidenceInterval = [302.973 μs; 303.918 μs] (CI 99.9%), Margin = 0.473 μs (0.16% of Mean)
Skewness = 0.56, Kurtosis = 2.76, MValue = 2
-------------------- Histogram --------------------
[302.547 μs ; 304.711 μs) | @@@@@@@@@@@@@@@
---------------------------------------------------

JsonSerializationBenchmarks.Jil_Serialize_Medium: Overhead-Fixed-Energy-10(OutlierMode=DontRemove, IterationCount=15, IterationTime=1s, LaunchCount=1, WarmupCount=6)
Runtime = .NET 8.0.21 (8.0.21, 8.0.2125.47513), X64 RyuJIT x86-64-v4; GC = Concurrent Workstation
Mean = 37.344 μs, StdErr = 0.016 μs (0.04%), N = 15, StdDev = 0.062 μs
Min = 37.219 μs, Q1 = 37.311 μs, Median = 37.342 μs, Q3 = 37.385 μs, Max = 37.464 μs
IQR = 0.074 μs, LowerFence = 37.201 μs, UpperFence = 37.495 μs
ConfidenceInterval = [37.278 μs; 37.410 μs] (CI 99.9%), Margin = 0.066 μs (0.18% of Mean)
Skewness = -0.14, Kurtosis = 2.46, MValue = 2
-------------------- Histogram --------------------
[37.186 μs ; 37.497 μs) | @@@@@@@@@@@@@@@
---------------------------------------------------

JsonSerializationBenchmarks.SpanJson_Serialize_Medium: Overhead-Fixed-Energy-10(OutlierMode=DontRemove, IterationCount=15, IterationTime=1s, LaunchCount=1, WarmupCount=6)
Runtime = .NET 8.0.21 (8.0.21, 8.0.2125.47513), X64 RyuJIT x86-64-v4; GC = Concurrent Workstation
Mean = 39.017 μs, StdErr = 0.018 μs (0.05%), N = 15, StdDev = 0.068 μs
Min = 38.887 μs, Q1 = 38.973 μs, Median = 39.020 μs, Q3 = 39.065 μs, Max = 39.142 μs
IQR = 0.092 μs, LowerFence = 38.835 μs, UpperFence = 39.203 μs
ConfidenceInterval = [38.944 μs; 39.090 μs] (CI 99.9%), Margin = 0.073 μs (0.19% of Mean)
Skewness = -0.14, Kurtosis = 2.12, MValue = 2
-------------------- Histogram --------------------
[38.850 μs ; 39.178 μs) | @@@@@@@@@@@@@@@
---------------------------------------------------

JsonSerializationBenchmarks.STJ_Serialize_Medium: Overhead-Fixed-Energy-10(OutlierMode=DontRemove, IterationCount=15, IterationTime=1s, LaunchCount=1, WarmupCount=6)
Runtime = .NET 8.0.21 (8.0.21, 8.0.2125.47513), X64 RyuJIT x86-64-v4; GC = Concurrent Workstation
Mean = 45.109 μs, StdErr = 0.038 μs (0.09%), N = 15, StdDev = 0.149 μs
Min = 44.929 μs, Q1 = 44.998 μs, Median = 45.098 μs, Q3 = 45.160 μs, Max = 45.478 μs
IQR = 0.163 μs, LowerFence = 44.753 μs, UpperFence = 45.404 μs
ConfidenceInterval = [44.950 μs; 45.268 μs] (CI 99.9%), Margin = 0.159 μs (0.35% of Mean)
Skewness = 0.87, Kurtosis = 3.07, MValue = 2
-------------------- Histogram --------------------
[44.849 μs ; 45.557 μs) | @@@@@@@@@@@@@@@
---------------------------------------------------

JsonSerializationBenchmarks.Newtonsoft_Serialize_Medium: Overhead-Fixed-Energy-10(OutlierMode=DontRemove, IterationCount=15, IterationTime=1s, LaunchCount=1, WarmupCount=6)
Runtime = .NET 8.0.21 (8.0.21, 8.0.2125.47513), X64 RyuJIT x86-64-v4; GC = Concurrent Workstation
Mean = 54.269 μs, StdErr = 0.037 μs (0.07%), N = 15, StdDev = 0.143 μs
Min = 54.002 μs, Q1 = 54.207 μs, Median = 54.257 μs, Q3 = 54.320 μs, Max = 54.613 μs
IQR = 0.114 μs, LowerFence = 54.036 μs, UpperFence = 54.491 μs
ConfidenceInterval = [54.117 μs; 54.421 μs] (CI 99.9%), Margin = 0.152 μs (0.28% of Mean)
Skewness = 0.37, Kurtosis = 3.44, MValue = 2
-------------------- Histogram --------------------
[53.926 μs ; 54.688 μs) | @@@@@@@@@@@@@@@
---------------------------------------------------

JsonSerializationBenchmarks.Utf8Json_Serialize_Medium: Overhead-Fixed-Energy-10(OutlierMode=DontRemove, IterationCount=15, IterationTime=1s, LaunchCount=1, WarmupCount=6)
Runtime = .NET 8.0.21 (8.0.21, 8.0.2125.47513), X64 RyuJIT x86-64-v4; GC = Concurrent Workstation
Mean = 56.908 μs, StdErr = 0.151 μs (0.27%), N = 15, StdDev = 0.585 μs
Min = 56.364 μs, Q1 = 56.489 μs, Median = 56.712 μs, Q3 = 57.208 μs, Max = 58.447 μs
IQR = 0.718 μs, LowerFence = 55.412 μs, UpperFence = 58.285 μs
ConfidenceInterval = [56.282 μs; 57.533 μs] (CI 99.9%), Margin = 0.625 μs (1.10% of Mean)
Skewness = 1.2, Kurtosis = 3.62, MValue = 2
-------------------- Histogram --------------------
[56.053 μs ; 57.228 μs) | @@@@@@@@@@@
[57.228 μs ; 58.758 μs) | @@@@
---------------------------------------------------

JsonSerializationBenchmarks.Utf8Json_Serialize_Small: Overhead-Fixed-Energy-10(OutlierMode=DontRemove, IterationCount=15, IterationTime=1s, LaunchCount=1, WarmupCount=6)
Runtime = .NET 8.0.21 (8.0.21, 8.0.2125.47513), X64 RyuJIT x86-64-v4; GC = Concurrent Workstation
Mean = 867.763 ns, StdErr = 0.247 ns (0.03%), N = 15, StdDev = 0.958 ns
Min = 866.453 ns, Q1 = 867.202 ns, Median = 867.384 ns, Q3 = 868.223 ns, Max = 869.724 ns
IQR = 1.020 ns, LowerFence = 865.672 ns, UpperFence = 869.753 ns
ConfidenceInterval = [866.740 ns; 868.787 ns] (CI 99.9%), Margin = 1.024 ns (0.12% of Mean)
Skewness = 0.49, Kurtosis = 2.16, MValue = 2
-------------------- Histogram --------------------
[865.943 ns ; 870.234 ns) | @@@@@@@@@@@@@@@
---------------------------------------------------

JsonSerializationBenchmarks.SpanJson_Serialize_Small: Overhead-Fixed-Energy-10(OutlierMode=DontRemove, IterationCount=15, IterationTime=1s, LaunchCount=1, WarmupCount=6)
Runtime = .NET 8.0.21 (8.0.21, 8.0.2125.47513), X64 RyuJIT x86-64-v4; GC = Concurrent Workstation
Mean = 1.221 μs, StdErr = 0.001 μs (0.05%), N = 15, StdDev = 0.002 μs
Min = 1.217 μs, Q1 = 1.220 μs, Median = 1.221 μs, Q3 = 1.223 μs, Max = 1.226 μs
IQR = 0.002 μs, LowerFence = 1.217 μs, UpperFence = 1.226 μs
ConfidenceInterval = [1.219 μs; 1.224 μs] (CI 99.9%), Margin = 0.003 μs (0.21% of Mean)
Skewness = 0.14, Kurtosis = 2.21, MValue = 2
-------------------- Histogram --------------------
[1.216 μs ; 1.227 μs) | @@@@@@@@@@@@@@@
---------------------------------------------------

JsonSerializationBenchmarks.STJ_Serialize_Small: Overhead-Fixed-Energy-10(OutlierMode=DontRemove, IterationCount=15, IterationTime=1s, LaunchCount=1, WarmupCount=6)
Runtime = .NET 8.0.21 (8.0.21, 8.0.2125.47513), X64 RyuJIT x86-64-v4; GC = Concurrent Workstation
Mean = 1.294 μs, StdErr = 0.001 μs (0.04%), N = 15, StdDev = 0.002 μs
Min = 1.288 μs, Q1 = 1.293 μs, Median = 1.295 μs, Q3 = 1.295 μs, Max = 1.297 μs
IQR = 0.002 μs, LowerFence = 1.289 μs, UpperFence = 1.299 μs
ConfidenceInterval = [1.292 μs; 1.296 μs] (CI 99.9%), Margin = 0.002 μs (0.18% of Mean)
Skewness = -1, Kurtosis = 3.69, MValue = 2
-------------------- Histogram --------------------
[1.287 μs ; 1.298 μs) | @@@@@@@@@@@@@@@
---------------------------------------------------

JsonSerializationBenchmarks.Jil_Serialize_Small: Overhead-Fixed-Energy-10(OutlierMode=DontRemove, IterationCount=15, IterationTime=1s, LaunchCount=1, WarmupCount=6)
Runtime = .NET 8.0.21 (8.0.21, 8.0.2125.47513), X64 RyuJIT x86-64-v4; GC = Concurrent Workstation
Mean = 1.722 μs, StdErr = 0.001 μs (0.04%), N = 15, StdDev = 0.003 μs
Min = 1.715 μs, Q1 = 1.720 μs, Median = 1.722 μs, Q3 = 1.724 μs, Max = 1.725 μs
IQR = 0.003 μs, LowerFence = 1.715 μs, UpperFence = 1.728 μs
ConfidenceInterval = [1.719 μs; 1.724 μs] (CI 99.9%), Margin = 0.003 μs (0.16% of Mean)
Skewness = -0.66, Kurtosis = 3.12, MValue = 2
-------------------- Histogram --------------------
[1.714 μs ; 1.727 μs) | @@@@@@@@@@@@@@@
---------------------------------------------------

JsonSerializationBenchmarks.Newtonsoft_Serialize_Small: Overhead-Fixed-Energy-10(OutlierMode=DontRemove, IterationCount=15, IterationTime=1s, LaunchCount=1, WarmupCount=6)
Runtime = .NET 8.0.21 (8.0.21, 8.0.2125.47513), X64 RyuJIT x86-64-v4; GC = Concurrent Workstation
Mean = 2.179 μs, StdErr = 0.002 μs (0.09%), N = 15, StdDev = 0.007 μs
Min = 2.169 μs, Q1 = 2.176 μs, Median = 2.176 μs, Q3 = 2.179 μs, Max = 2.198 μs
IQR = 0.003 μs, LowerFence = 2.171 μs, UpperFence = 2.184 μs
ConfidenceInterval = [2.171 μs; 2.186 μs] (CI 99.9%), Margin = 0.008 μs (0.35% of Mean)
Skewness = 1.49, Kurtosis = 4.31, MValue = 2
-------------------- Histogram --------------------
[2.166 μs ; 2.201 μs) | @@@@@@@@@@@@@@@
---------------------------------------------------

// * Summary *

BenchmarkDotNet v0.15.5-develop (2025-12-31), Linux Ubuntu 24.04.3 LTS (Noble Numbat)
11th Gen Intel Core i7-11700KF 3.60GHz (Max: 0.80GHz), 1 CPU, 16 logical and 8 physical cores
.NET SDK 8.0.121
  [Host]                   : .NET 8.0.21 (8.0.21, 8.0.2125.47513), X64 RyuJIT x86-64-v4
  Overhead-Fixed-Energy-10 : .NET 8.0.21 (8.0.21, 8.0.2125.47513), X64 RyuJIT x86-64-v4

Job=Overhead-Fixed-Energy-10  OutlierMode=DontRemove  IterationCount=15  
IterationTime=1s  LaunchCount=1  WarmupCount=6  

| Method                        | Mean         | Error       | StdDev      | Operations | Iterations | Ratio | MannWhitney(3%) | Rank | Package Energy (uJ/op) | Package Energy (uJ/iter) |
|------------------------------ |-------------:|------------:|------------:|-----------:|-----------:|------:|---------------- |-----:|-----------------------:|-------------------------:|
| SpanJson_Deserialize_Large    | 153,411.6 ns |   323.11 ns |   302.24 ns |      6,518 |      15.00 |  0.76 | Faster          |    1 |            12577.07 uj |           81977313.07 uj |
| STJ_Deserialize_Large         | 200,686.4 ns |   461.40 ns |   431.59 ns |      4,992 |      15.00 |  1.00 | Baseline        |    2 |            16641.64 uj |           83075088.47 uj |
| Jil_Deserialize_Large         | 214,699.6 ns | 1,332.27 ns | 1,246.21 ns |      4,691 |      15.00 |  1.07 | Slower          |    3 |            17857.55 uj |           83769772.73 uj |
| Newtonsoft_Deserialize_Large  | 243,328.0 ns |   207.79 ns |   194.37 ns |      4,128 |      15.00 |  1.21 | Slower          |    4 |            20479.70 uj |           84540217.33 uj |
| Utf8Json_Deserialize_Large    | 285,718.6 ns |   385.25 ns |   360.36 ns |      3,536 |      15.00 |  1.42 | Slower          |    5 |            23703.15 uj |           83814344.53 uj |
|                               |              |             |             |            |            |       |                 |      |                        |                          |
| SpanJson_Deserialize_Medium   |  40,148.3 ns |    38.60 ns |    36.10 ns |     24,940 |      15.00 |  0.76 | Faster          |    1 |             3320.06 uj |           82802270.07 uj |
| STJ_Deserialize_Medium        |  52,721.3 ns |    77.23 ns |    72.24 ns |     18,976 |      15.00 |  1.00 | Baseline        |    2 |             4447.28 uj |           84391666.27 uj |
| Jil_Deserialize_Medium        |  55,449.1 ns |    63.16 ns |    59.08 ns |     18,069 |      15.00 |  1.05 | Slower          |    3 |             4510.44 uj |           81499172.80 uj |
| Utf8Json_Deserialize_Medium   |  61,375.4 ns |    56.05 ns |    52.42 ns |     16,256 |      15.00 |  1.16 | Slower          |    4 |             5147.73 uj |           83681463.07 uj |
| Newtonsoft_Deserialize_Medium |  65,751.9 ns |   111.95 ns |   104.72 ns |     15,200 |      15.00 |  1.25 | Slower          |    5 |             5571.62 uj |           84688654.53 uj |
|                               |              |             |             |            |            |       |                 |      |                        |                          |
| SpanJson_Deserialize_Small    |   1,159.2 ns |     1.84 ns |     1.72 ns |    861,664 |      15.00 |  0.58 | Faster          |    1 |               98.84 uj |           85169882.80 uj |
| STJ_Deserialize_Small         |   1,986.7 ns |     3.82 ns |     3.58 ns |    502,832 |      15.00 |  1.00 | Baseline        |    2 |              178.26 uj |           89634629.73 uj |
| Utf8Json_Deserialize_Small    |   2,004.0 ns |     3.33 ns |     3.12 ns |    497,072 |      15.00 |  1.01 | Same            |    2 |              171.15 uj |           85075001.93 uj |
| Jil_Deserialize_Small         |   2,262.3 ns |     4.49 ns |     4.20 ns |    442,645 |      15.00 |  1.14 | Slower          |    3 |              193.16 uj |           85499195.20 uj |
| Newtonsoft_Deserialize_Small  |   3,551.5 ns |     3.04 ns |     2.84 ns |    281,200 |      15.00 |  1.79 | Slower          |    4 |              309.10 uj |           86919455.13 uj |
|                               |              |             |             |            |            |       |                 |      |                        |                          |
| SpanJson_Serialize_Large      | 166,687.5 ns |   697.83 ns |   652.75 ns |      6,047 |      15.00 |  0.89 | Faster          |    1 |            12261.23 uj |           74143649.60 uj |
| STJ_Serialize_Large           | 188,225.6 ns |   465.13 ns |   435.08 ns |      5,344 |      15.00 |  1.00 | Baseline        |    2 |            17464.91 uj |           93332496.27 uj |
| Jil_Serialize_Large           | 284,835.6 ns |   264.03 ns |   246.98 ns |      3,507 |      15.00 |  1.51 | Slower          |    3 |            24534.88 uj |           86043818.60 uj |
| Utf8Json_Serialize_Large      | 287,630.6 ns | 1,245.18 ns | 1,164.74 ns |      3,504 |      15.00 |  1.53 | Slower          |    3 |            27712.15 uj |           97103356.47 uj |
| Newtonsoft_Serialize_Large    | 303,445.5 ns |   472.93 ns |   442.37 ns |      3,296 |      15.00 |  1.61 | Slower          |    4 |            25318.01 uj |           83448166.93 uj |
|                               |              |             |             |            |            |       |                 |      |                        |                          |
| Jil_Serialize_Medium          |  37,344.2 ns |    65.93 ns |    61.67 ns |     26,901 |      15.00 |  0.83 | Faster          |    1 |             3220.78 uj |           86642112.20 uj |
| SpanJson_Serialize_Medium     |  39,016.9 ns |    73.16 ns |    68.43 ns |     25,616 |      15.00 |  0.86 | Faster          |    2 |             2514.46 uj |           64410508.07 uj |
| STJ_Serialize_Medium          |  45,109.3 ns |   159.17 ns |   148.89 ns |     22,192 |      15.00 |  1.00 | Baseline        |    3 |             3936.34 uj |           87355179.93 uj |
| Newtonsoft_Serialize_Medium   |  54,268.9 ns |   152.36 ns |   142.52 ns |     18,528 |      15.00 |  1.20 | Slower          |    4 |             4622.06 uj |           85637508.53 uj |
| Utf8Json_Serialize_Medium     |  56,907.6 ns |   625.16 ns |   584.78 ns |     16,928 |      15.00 |  1.26 | Slower          |    5 |             4567.63 uj |           77320765.60 uj |
|                               |              |             |             |            |            |       |                 |      |                        |                          |
| Utf8Json_Serialize_Small      |     867.8 ns |     1.02 ns |     0.96 ns |  1,139,296 |      15.00 |  0.67 | Faster          |    1 |               74.90 uj |           85337574.40 uj |
| SpanJson_Serialize_Small      |   1,221.5 ns |     2.55 ns |     2.38 ns |    816,000 |      15.00 |  0.94 | Faster          |    2 |               79.19 uj |           64615622.40 uj |
| STJ_Serialize_Small           |   1,294.1 ns |     2.36 ns |     2.20 ns |    775,936 |      15.00 |  1.00 | Baseline        |    3 |              114.54 uj |           88875952.33 uj |
| Jil_Serialize_Small           |   1,721.6 ns |     2.80 ns |     2.62 ns |    582,597 |      15.00 |  1.33 | Slower          |    4 |              151.62 uj |           88334449.93 uj |
| Newtonsoft_Serialize_Small    |   2,178.8 ns |     7.70 ns |     7.20 ns |    459,952 |      15.00 |  1.68 | Slower          |    5 |              191.52 uj |           88091518.53 uj |

// * Hints *
Outliers
  JsonSerializationBenchmarks.SpanJson_Deserialize_Large: Overhead-Fixed-Energy-10    -> 3 outliers were detected (152.97 μs, 153.93 μs, 154.22 μs)
  JsonSerializationBenchmarks.STJ_Deserialize_Large: Overhead-Fixed-Energy-10         -> 2 outliers were detected (201.26 μs, 202.03 μs)
  JsonSerializationBenchmarks.Jil_Deserialize_Large: Overhead-Fixed-Energy-10         -> 2 outliers were detected (217.52 μs, 217.86 μs)
  JsonSerializationBenchmarks.Newtonsoft_Deserialize_Large: Overhead-Fixed-Energy-10  -> 1 outlier  was  detected (243.92 μs)
  JsonSerializationBenchmarks.SpanJson_Deserialize_Medium: Overhead-Fixed-Energy-10   -> 1 outlier  was  detected (40.21 μs)
  JsonSerializationBenchmarks.Jil_Deserialize_Medium: Overhead-Fixed-Energy-10        -> 2 outliers were detected (55.33 μs, 55.35 μs)
  JsonSerializationBenchmarks.Newtonsoft_Deserialize_Medium: Overhead-Fixed-Energy-10 -> 1 outlier  was  detected (65.53 μs)
  JsonSerializationBenchmarks.SpanJson_Deserialize_Small: Overhead-Fixed-Energy-10    -> 1 outlier  was  detected (1.17 μs)
  JsonSerializationBenchmarks.STJ_Deserialize_Small: Overhead-Fixed-Energy-10         -> 1 outlier  was  detected (2.00 μs)
  JsonSerializationBenchmarks.Newtonsoft_Deserialize_Small: Overhead-Fixed-Energy-10  -> 3 outliers were detected (3.55 μs, 3.56 μs, 3.56 μs)
  JsonSerializationBenchmarks.STJ_Serialize_Large: Overhead-Fixed-Energy-10           -> 1 outlier  was  detected (189.67 μs)
  JsonSerializationBenchmarks.Jil_Serialize_Large: Overhead-Fixed-Energy-10           -> 1 outlier  was  detected (285.40 μs)
  JsonSerializationBenchmarks.Utf8Json_Serialize_Large: Overhead-Fixed-Energy-10      -> 3 outliers were detected (289.26 μs..290.16 μs)
  JsonSerializationBenchmarks.Newtonsoft_Serialize_Large: Overhead-Fixed-Energy-10    -> 1 outlier  was  detected (304.48 μs)
  JsonSerializationBenchmarks.STJ_Serialize_Medium: Overhead-Fixed-Energy-10          -> 1 outlier  was  detected (45.48 μs)
  JsonSerializationBenchmarks.Newtonsoft_Serialize_Medium: Overhead-Fixed-Energy-10   -> 2 outliers were detected (54.01 μs, 54.62 μs)
  JsonSerializationBenchmarks.Utf8Json_Serialize_Medium: Overhead-Fixed-Energy-10     -> 1 outlier  was  detected (58.45 μs)
  JsonSerializationBenchmarks.STJ_Serialize_Small: Overhead-Fixed-Energy-10           -> 1 outlier  was  detected (1.29 μs)
  JsonSerializationBenchmarks.Jil_Serialize_Small: Overhead-Fixed-Energy-10           -> 1 outlier  was  detected (1.72 μs)
  JsonSerializationBenchmarks.Newtonsoft_Serialize_Small: Overhead-Fixed-Energy-10    -> 3 outliers were detected (2.17 μs, 2.20 μs, 2.20 μs)

// * Legends *
  Mean                     : Arithmetic mean of all measurements
  Error                    : Half of 99.9% confidence interval
  StdDev                   : Standard deviation of all measurements
  Operations               : Actual invocations per measured iteration (from measurements)
  Iterations               : Number of target iterations
  Ratio                    : Mean of the ratio distribution ([Current]/[Baseline])
  MannWhitney(3%)          : MannWhitney-based equivalence test (threshold=3%, alpha = 1E-05)
  Rank                     : Relative position of current benchmark mean among all benchmarks (Arabic style)
  Package Energy (uJ/op)   : Average CPU package energy consumed per operation (µJ).
  Package Energy (uJ/iter) : Average CPU package energy consumed per benchmark iteration (µJ).
  1 ns                     : 1 Nanosecond (0.000000001 sec)

// * Diagnostic Output - EnergyDiagnoser *


// ***** BenchmarkRunner: End *****
Run time: 00:13:41 (821.96 sec), executed benchmarks: 30

Global total time: 00:13:52 (832.68 sec), executed benchmarks: 30
// * Artifacts cleanup *
Artifacts cleanup is finished
