// Validating benchmarks:
// ***** BenchmarkRunner: Start   *****
// ***** Found 30 benchmark(s) in total *****
// ***** Building 1 exe(s) in Parallel: Start   *****
// start dotnet  restore --nodeReuse:false /p:UseSharedCompilation=false /p:Deterministic=true /p:Optimize=true /p:ArtifactsPath="/home/test/rapl-tests/lib-energy-bench/src/Serialization.Bench/bin/Release/net8.0/Serialization.Bench-Overhead-Fixed-NoEnergy-6-1/" /p:OutDir="/home/test/rapl-tests/lib-energy-bench/src/Serialization.Bench/bin/Release/net8.0/Serialization.Bench-Overhead-Fixed-NoEnergy-6-1/bin/Release/net8.0/" /p:OutputPath="/home/test/rapl-tests/lib-energy-bench/src/Serialization.Bench/bin/Release/net8.0/Serialization.Bench-Overhead-Fixed-NoEnergy-6-1/bin/Release/net8.0/" /p:PublishDir="/home/test/rapl-tests/lib-energy-bench/src/Serialization.Bench/bin/Release/net8.0/Serialization.Bench-Overhead-Fixed-NoEnergy-6-1/publish/" in /home/test/rapl-tests/lib-energy-bench/src/Serialization.Bench/bin/Release/net8.0/Serialization.Bench-Overhead-Fixed-NoEnergy-6-1
// command took 1.04 sec and exited with 0
// start dotnet  build -c Release --no-restore --nodeReuse:false /p:UseSharedCompilation=false /p:Deterministic=true /p:Optimize=true /p:ArtifactsPath="/home/test/rapl-tests/lib-energy-bench/src/Serialization.Bench/bin/Release/net8.0/Serialization.Bench-Overhead-Fixed-NoEnergy-6-1/" /p:OutDir="/home/test/rapl-tests/lib-energy-bench/src/Serialization.Bench/bin/Release/net8.0/Serialization.Bench-Overhead-Fixed-NoEnergy-6-1/bin/Release/net8.0/" /p:OutputPath="/home/test/rapl-tests/lib-energy-bench/src/Serialization.Bench/bin/Release/net8.0/Serialization.Bench-Overhead-Fixed-NoEnergy-6-1/bin/Release/net8.0/" /p:PublishDir="/home/test/rapl-tests/lib-energy-bench/src/Serialization.Bench/bin/Release/net8.0/Serialization.Bench-Overhead-Fixed-NoEnergy-6-1/publish/" --output "/home/test/rapl-tests/lib-energy-bench/src/Serialization.Bench/bin/Release/net8.0/Serialization.Bench-Overhead-Fixed-NoEnergy-6-1/bin/Release/net8.0/" in /home/test/rapl-tests/lib-energy-bench/src/Serialization.Bench/bin/Release/net8.0/Serialization.Bench-Overhead-Fixed-NoEnergy-6-1
// command took 9.35 sec and exited with 0
// ***** Done, took 00:00:10 (10.43 sec)   *****
// Found 30 benchmarks:
//   JsonSerializationBenchmarks.STJ_Deserialize_Large: Overhead-Fixed-NoEnergy-6(OutlierMode=DontRemove, IterationCount=15, IterationTime=1s, LaunchCount=1, WarmupCount=6)
//   JsonSerializationBenchmarks.Newtonsoft_Deserialize_Large: Overhead-Fixed-NoEnergy-6(OutlierMode=DontRemove, IterationCount=15, IterationTime=1s, LaunchCount=1, WarmupCount=6)
//   JsonSerializationBenchmarks.Jil_Deserialize_Large: Overhead-Fixed-NoEnergy-6(OutlierMode=DontRemove, IterationCount=15, IterationTime=1s, LaunchCount=1, WarmupCount=6)
//   JsonSerializationBenchmarks.Utf8Json_Deserialize_Large: Overhead-Fixed-NoEnergy-6(OutlierMode=DontRemove, IterationCount=15, IterationTime=1s, LaunchCount=1, WarmupCount=6)
//   JsonSerializationBenchmarks.SpanJson_Deserialize_Large: Overhead-Fixed-NoEnergy-6(OutlierMode=DontRemove, IterationCount=15, IterationTime=1s, LaunchCount=1, WarmupCount=6)
//   JsonSerializationBenchmarks.STJ_Deserialize_Medium: Overhead-Fixed-NoEnergy-6(OutlierMode=DontRemove, IterationCount=15, IterationTime=1s, LaunchCount=1, WarmupCount=6)
//   JsonSerializationBenchmarks.Newtonsoft_Deserialize_Medium: Overhead-Fixed-NoEnergy-6(OutlierMode=DontRemove, IterationCount=15, IterationTime=1s, LaunchCount=1, WarmupCount=6)
//   JsonSerializationBenchmarks.Jil_Deserialize_Medium: Overhead-Fixed-NoEnergy-6(OutlierMode=DontRemove, IterationCount=15, IterationTime=1s, LaunchCount=1, WarmupCount=6)
//   JsonSerializationBenchmarks.Utf8Json_Deserialize_Medium: Overhead-Fixed-NoEnergy-6(OutlierMode=DontRemove, IterationCount=15, IterationTime=1s, LaunchCount=1, WarmupCount=6)
//   JsonSerializationBenchmarks.SpanJson_Deserialize_Medium: Overhead-Fixed-NoEnergy-6(OutlierMode=DontRemove, IterationCount=15, IterationTime=1s, LaunchCount=1, WarmupCount=6)
//   JsonSerializationBenchmarks.STJ_Deserialize_Small: Overhead-Fixed-NoEnergy-6(OutlierMode=DontRemove, IterationCount=15, IterationTime=1s, LaunchCount=1, WarmupCount=6)
//   JsonSerializationBenchmarks.Newtonsoft_Deserialize_Small: Overhead-Fixed-NoEnergy-6(OutlierMode=DontRemove, IterationCount=15, IterationTime=1s, LaunchCount=1, WarmupCount=6)
//   JsonSerializationBenchmarks.Jil_Deserialize_Small: Overhead-Fixed-NoEnergy-6(OutlierMode=DontRemove, IterationCount=15, IterationTime=1s, LaunchCount=1, WarmupCount=6)
//   JsonSerializationBenchmarks.Utf8Json_Deserialize_Small: Overhead-Fixed-NoEnergy-6(OutlierMode=DontRemove, IterationCount=15, IterationTime=1s, LaunchCount=1, WarmupCount=6)
//   JsonSerializationBenchmarks.SpanJson_Deserialize_Small: Overhead-Fixed-NoEnergy-6(OutlierMode=DontRemove, IterationCount=15, IterationTime=1s, LaunchCount=1, WarmupCount=6)
//   JsonSerializationBenchmarks.STJ_Serialize_Large: Overhead-Fixed-NoEnergy-6(OutlierMode=DontRemove, IterationCount=15, IterationTime=1s, LaunchCount=1, WarmupCount=6)
//   JsonSerializationBenchmarks.Newtonsoft_Serialize_Large: Overhead-Fixed-NoEnergy-6(OutlierMode=DontRemove, IterationCount=15, IterationTime=1s, LaunchCount=1, WarmupCount=6)
//   JsonSerializationBenchmarks.Jil_Serialize_Large: Overhead-Fixed-NoEnergy-6(OutlierMode=DontRemove, IterationCount=15, IterationTime=1s, LaunchCount=1, WarmupCount=6)
//   JsonSerializationBenchmarks.Utf8Json_Serialize_Large: Overhead-Fixed-NoEnergy-6(OutlierMode=DontRemove, IterationCount=15, IterationTime=1s, LaunchCount=1, WarmupCount=6)
//   JsonSerializationBenchmarks.SpanJson_Serialize_Large: Overhead-Fixed-NoEnergy-6(OutlierMode=DontRemove, IterationCount=15, IterationTime=1s, LaunchCount=1, WarmupCount=6)
//   JsonSerializationBenchmarks.STJ_Serialize_Medium: Overhead-Fixed-NoEnergy-6(OutlierMode=DontRemove, IterationCount=15, IterationTime=1s, LaunchCount=1, WarmupCount=6)
//   JsonSerializationBenchmarks.Newtonsoft_Serialize_Medium: Overhead-Fixed-NoEnergy-6(OutlierMode=DontRemove, IterationCount=15, IterationTime=1s, LaunchCount=1, WarmupCount=6)
//   JsonSerializationBenchmarks.Jil_Serialize_Medium: Overhead-Fixed-NoEnergy-6(OutlierMode=DontRemove, IterationCount=15, IterationTime=1s, LaunchCount=1, WarmupCount=6)
//   JsonSerializationBenchmarks.Utf8Json_Serialize_Medium: Overhead-Fixed-NoEnergy-6(OutlierMode=DontRemove, IterationCount=15, IterationTime=1s, LaunchCount=1, WarmupCount=6)
//   JsonSerializationBenchmarks.SpanJson_Serialize_Medium: Overhead-Fixed-NoEnergy-6(OutlierMode=DontRemove, IterationCount=15, IterationTime=1s, LaunchCount=1, WarmupCount=6)
//   JsonSerializationBenchmarks.STJ_Serialize_Small: Overhead-Fixed-NoEnergy-6(OutlierMode=DontRemove, IterationCount=15, IterationTime=1s, LaunchCount=1, WarmupCount=6)
//   JsonSerializationBenchmarks.Newtonsoft_Serialize_Small: Overhead-Fixed-NoEnergy-6(OutlierMode=DontRemove, IterationCount=15, IterationTime=1s, LaunchCount=1, WarmupCount=6)
//   JsonSerializationBenchmarks.Jil_Serialize_Small: Overhead-Fixed-NoEnergy-6(OutlierMode=DontRemove, IterationCount=15, IterationTime=1s, LaunchCount=1, WarmupCount=6)
//   JsonSerializationBenchmarks.Utf8Json_Serialize_Small: Overhead-Fixed-NoEnergy-6(OutlierMode=DontRemove, IterationCount=15, IterationTime=1s, LaunchCount=1, WarmupCount=6)
//   JsonSerializationBenchmarks.SpanJson_Serialize_Small: Overhead-Fixed-NoEnergy-6(OutlierMode=DontRemove, IterationCount=15, IterationTime=1s, LaunchCount=1, WarmupCount=6)

// **************************
// Benchmark: JsonSerializationBenchmarks.STJ_Deserialize_Large: Overhead-Fixed-NoEnergy-6(OutlierMode=DontRemove, IterationCount=15, IterationTime=1s, LaunchCount=1, WarmupCount=6)
// *** Execute ***
// Launch: 1 / 1
// Execute: dotnet Serialization.Bench-Overhead-Fixed-NoEnergy-6-1.dll --anonymousPipes 101 102 --benchmarkName Serialization.Bench.JsonSerializationBenchmarks.STJ_Deserialize_Large --job Overhead-Fixed-NoEnergy-6 --benchmarkId 0 in /home/test/rapl-tests/lib-energy-bench/src/Serialization.Bench/bin/Release/net8.0/Serialization.Bench-Overhead-Fixed-NoEnergy-6-1/bin/Release/net8.0
// BeforeAnythingElse

// Benchmark Process Environment Information:
// BenchmarkDotNet v0.15.5-develop (2025-12-31)
// Runtime=.NET 8.0.21 (8.0.21, 8.0.2125.47513), X64 RyuJIT x86-64-v4
// GC=Concurrent Workstation
// HardwareIntrinsics=AVX512 IFMA+VBMI,AVX512 F+BW+CD+DQ+VL,AVX2+BMI1+BMI2+F16C+FMA+LZCNT+MOVBE,AVX,SSE3+SSSE3+SSE4.1+SSE4.2+POPCNT,X86Base+SSE+SSE2,AES+PCLMUL VectorSize=256
// Job: Overhead-Fixed-NoEnergy-6(OutlierMode=DontRemove, IterationCount=15, IterationTime=1s, LaunchCount=1, WarmupCount=6)

OverheadJitting  1: 1 op, 139697.00 ns, 139.6970 us/op
WorkloadJitting  1: 1 op, 530305.00 ns, 530.3050 us/op

OverheadJitting  2: 16 op, 368783.00 ns, 23.0489 us/op
WorkloadJitting  2: 16 op, 6812099.00 ns, 425.7562 us/op

WorkloadPilot    1: 16 op, 6088313.00 ns, 380.5196 us/op
WorkloadPilot    2: 2640 op, 756455391.00 ns, 286.5361 us/op
WorkloadPilot    3: 3504 op, 709182801.00 ns, 202.3924 us/op
WorkloadPilot    4: 4944 op, 998233905.00 ns, 201.9082 us/op
WorkloadPilot    5: 4960 op, 1001369967.00 ns, 201.8891 us/op

OverheadWarmup   1: 4960 op, 19663.00 ns, 3.9643 ns/op
OverheadWarmup   2: 4960 op, 18378.00 ns, 3.7052 ns/op
OverheadWarmup   3: 4960 op, 18414.00 ns, 3.7125 ns/op
OverheadWarmup   4: 4960 op, 18491.00 ns, 3.7280 ns/op
OverheadWarmup   5: 4960 op, 19216.00 ns, 3.8742 ns/op
OverheadWarmup   6: 4960 op, 18438.00 ns, 3.7173 ns/op
OverheadWarmup   7: 4960 op, 18426.00 ns, 3.7149 ns/op
OverheadWarmup   8: 4960 op, 18440.00 ns, 3.7177 ns/op
OverheadWarmup   9: 4960 op, 18412.00 ns, 3.7121 ns/op

OverheadActual   1: 4960 op, 18493.00 ns, 3.7284 ns/op
OverheadActual   2: 4960 op, 18489.00 ns, 3.7276 ns/op
OverheadActual   3: 4960 op, 18506.00 ns, 3.7310 ns/op
OverheadActual   4: 4960 op, 18410.00 ns, 3.7117 ns/op
OverheadActual   5: 4960 op, 18854.00 ns, 3.8012 ns/op
OverheadActual   6: 4960 op, 18387.00 ns, 3.7071 ns/op
OverheadActual   7: 4960 op, 18014.00 ns, 3.6319 ns/op
OverheadActual   8: 4960 op, 18361.00 ns, 3.7018 ns/op
OverheadActual   9: 4960 op, 18042.00 ns, 3.6375 ns/op
OverheadActual  10: 4960 op, 18011.00 ns, 3.6313 ns/op
OverheadActual  11: 4960 op, 18021.00 ns, 3.6333 ns/op
OverheadActual  12: 4960 op, 18006.00 ns, 3.6302 ns/op
OverheadActual  13: 4960 op, 18378.00 ns, 3.7052 ns/op
OverheadActual  14: 4960 op, 18412.00 ns, 3.7121 ns/op
OverheadActual  15: 4960 op, 18021.00 ns, 3.6333 ns/op

WorkloadWarmup   1: 4960 op, 1005698744.00 ns, 202.7618 us/op
WorkloadWarmup   2: 4960 op, 1006041172.00 ns, 202.8309 us/op
WorkloadWarmup   3: 4960 op, 1001882009.00 ns, 201.9923 us/op
WorkloadWarmup   4: 4960 op, 1002329774.00 ns, 202.0826 us/op
WorkloadWarmup   5: 4960 op, 1002836194.00 ns, 202.1847 us/op
WorkloadWarmup   6: 4960 op, 1002914018.00 ns, 202.2004 us/op

// BeforeActualRun
WorkloadActual   1: 4960 op, 1002757472.00 ns, 202.1688 us/op
WorkloadActual   2: 4960 op, 1003258333.00 ns, 202.2698 us/op
WorkloadActual   3: 4960 op, 1002613129.00 ns, 202.1397 us/op
WorkloadActual   4: 4960 op, 1002277043.00 ns, 202.0720 us/op
WorkloadActual   5: 4960 op, 1003433298.00 ns, 202.3051 us/op
WorkloadActual   6: 4960 op, 1002336684.00 ns, 202.0840 us/op
WorkloadActual   7: 4960 op, 1004167048.00 ns, 202.4530 us/op
WorkloadActual   8: 4960 op, 1002464429.00 ns, 202.1098 us/op
WorkloadActual   9: 4960 op, 1005541936.00 ns, 202.7302 us/op
WorkloadActual  10: 4960 op, 1014963175.00 ns, 204.6297 us/op
WorkloadActual  11: 4960 op, 1003771579.00 ns, 202.3733 us/op
WorkloadActual  12: 4960 op, 1001569502.00 ns, 201.9293 us/op
WorkloadActual  13: 4960 op, 1001957488.00 ns, 202.0076 us/op
WorkloadActual  14: 4960 op, 1002521883.00 ns, 202.1213 us/op
WorkloadActual  15: 4960 op, 1001175485.00 ns, 201.8499 us/op

// AfterActualRun
WorkloadResult   1: 4960 op, 1002739094.00 ns, 202.1651 us/op
WorkloadResult   2: 4960 op, 1003239955.00 ns, 202.2661 us/op
WorkloadResult   3: 4960 op, 1002594751.00 ns, 202.1360 us/op
WorkloadResult   4: 4960 op, 1002258665.00 ns, 202.0683 us/op
WorkloadResult   5: 4960 op, 1003414920.00 ns, 202.3014 us/op
WorkloadResult   6: 4960 op, 1002318306.00 ns, 202.0803 us/op
WorkloadResult   7: 4960 op, 1004148670.00 ns, 202.4493 us/op
WorkloadResult   8: 4960 op, 1002446051.00 ns, 202.1061 us/op
WorkloadResult   9: 4960 op, 1005523558.00 ns, 202.7265 us/op
WorkloadResult  10: 4960 op, 1014944797.00 ns, 204.6260 us/op
WorkloadResult  11: 4960 op, 1003753201.00 ns, 202.3696 us/op
WorkloadResult  12: 4960 op, 1001551124.00 ns, 201.9256 us/op
WorkloadResult  13: 4960 op, 1001939110.00 ns, 202.0039 us/op
WorkloadResult  14: 4960 op, 1002503505.00 ns, 202.1176 us/op
WorkloadResult  15: 4960 op, 1001157107.00 ns, 201.8462 us/op

// AfterAll
// Benchmark Process 4058721 has exited with code 0.

Mean = 202.346 μs, StdErr = 0.172 μs (0.09%), N = 15, StdDev = 0.668 μs
Min = 201.846 μs, Q1 = 202.074 μs, Median = 202.136 μs, Q3 = 202.335 μs, Max = 204.626 μs
IQR = 0.261 μs, LowerFence = 201.682 μs, UpperFence = 202.727 μs
ConfidenceInterval = [201.632 μs; 203.060 μs] (CI 99.9%), Margin = 0.714 μs (0.35% of Mean)
Skewness = 2.6, Kurtosis = 9.12, MValue = 2

// ** Remained 29 (96.7%) benchmark(s) to run. Estimated finish 2025-12-31 20:10 (0h 12m from now) **
// **************************
// Benchmark: JsonSerializationBenchmarks.Newtonsoft_Deserialize_Large: Overhead-Fixed-NoEnergy-6(OutlierMode=DontRemove, IterationCount=15, IterationTime=1s, LaunchCount=1, WarmupCount=6)
// *** Execute ***
// Launch: 1 / 1
// Execute: dotnet Serialization.Bench-Overhead-Fixed-NoEnergy-6-1.dll --anonymousPipes 103 104 --benchmarkName Serialization.Bench.JsonSerializationBenchmarks.Newtonsoft_Deserialize_Large --job Overhead-Fixed-NoEnergy-6 --benchmarkId 1 in /home/test/rapl-tests/lib-energy-bench/src/Serialization.Bench/bin/Release/net8.0/Serialization.Bench-Overhead-Fixed-NoEnergy-6-1/bin/Release/net8.0
// BeforeAnythingElse

// Benchmark Process Environment Information:
// BenchmarkDotNet v0.15.5-develop (2025-12-31)
// Runtime=.NET 8.0.21 (8.0.21, 8.0.2125.47513), X64 RyuJIT x86-64-v4
// GC=Concurrent Workstation
// HardwareIntrinsics=AVX512 IFMA+VBMI,AVX512 F+BW+CD+DQ+VL,AVX2+BMI1+BMI2+F16C+FMA+LZCNT+MOVBE,AVX,SSE3+SSSE3+SSE4.1+SSE4.2+POPCNT,X86Base+SSE+SSE2,AES+PCLMUL VectorSize=256
// Job: Overhead-Fixed-NoEnergy-6(OutlierMode=DontRemove, IterationCount=15, IterationTime=1s, LaunchCount=1, WarmupCount=6)

OverheadJitting  1: 1 op, 143916.00 ns, 143.9160 us/op
WorkloadJitting  1: 1 op, 56591543.00 ns, 56.5915 ms/op

OverheadJitting  2: 16 op, 390991.00 ns, 24.4369 us/op
WorkloadJitting  2: 16 op, 18525310.00 ns, 1.1578 ms/op

WorkloadPilot    1: 16 op, 17287590.00 ns, 1.0805 ms/op
WorkloadPilot    2: 928 op, 459750470.00 ns, 495.4208 us/op
WorkloadPilot    3: 2032 op, 483682130.00 ns, 238.0325 us/op
WorkloadPilot    4: 4208 op, 1002034892.00 ns, 238.1262 us/op

OverheadWarmup   1: 4208 op, 16355.00 ns, 3.8866 ns/op
OverheadWarmup   2: 4208 op, 15658.00 ns, 3.7210 ns/op
OverheadWarmup   3: 4208 op, 15667.00 ns, 3.7231 ns/op
OverheadWarmup   4: 4208 op, 15631.00 ns, 3.7146 ns/op
OverheadWarmup   5: 4208 op, 15664.00 ns, 3.7224 ns/op
OverheadWarmup   6: 4208 op, 15723.00 ns, 3.7365 ns/op
OverheadWarmup   7: 4208 op, 15351.00 ns, 3.6481 ns/op

OverheadActual   1: 4208 op, 15840.00 ns, 3.7643 ns/op
OverheadActual   2: 4208 op, 15444.00 ns, 3.6702 ns/op
OverheadActual   3: 4208 op, 15772.00 ns, 3.7481 ns/op
OverheadActual   4: 4208 op, 15759.00 ns, 3.7450 ns/op
OverheadActual   5: 4208 op, 15737.00 ns, 3.7398 ns/op
OverheadActual   6: 4208 op, 15319.00 ns, 3.6404 ns/op
OverheadActual   7: 4208 op, 15367.00 ns, 3.6519 ns/op
OverheadActual   8: 4208 op, 15669.00 ns, 3.7236 ns/op
OverheadActual   9: 4208 op, 15823.00 ns, 3.7602 ns/op
OverheadActual  10: 4208 op, 16457.00 ns, 3.9109 ns/op
OverheadActual  11: 4208 op, 15637.00 ns, 3.7160 ns/op
OverheadActual  12: 4208 op, 15309.00 ns, 3.6381 ns/op
OverheadActual  13: 4208 op, 15278.00 ns, 3.6307 ns/op
OverheadActual  14: 4208 op, 15607.00 ns, 3.7089 ns/op
OverheadActual  15: 4208 op, 15571.00 ns, 3.7003 ns/op

WorkloadWarmup   1: 4208 op, 1005472383.00 ns, 238.9431 us/op
WorkloadWarmup   2: 4208 op, 1004811873.00 ns, 238.7861 us/op
WorkloadWarmup   3: 4208 op, 1002007970.00 ns, 238.1198 us/op
WorkloadWarmup   4: 4208 op, 1001007270.00 ns, 237.8820 us/op
WorkloadWarmup   5: 4208 op, 1000384443.00 ns, 237.7339 us/op
WorkloadWarmup   6: 4208 op, 1000094731.00 ns, 237.6651 us/op

// BeforeActualRun
WorkloadActual   1: 4208 op, 1001741884.00 ns, 238.0565 us/op
WorkloadActual   2: 4208 op, 1002316894.00 ns, 238.1932 us/op
WorkloadActual   3: 4208 op, 1002236561.00 ns, 238.1741 us/op
WorkloadActual   4: 4208 op, 1002006307.00 ns, 238.1194 us/op
WorkloadActual   5: 4208 op, 1002671736.00 ns, 238.2775 us/op
WorkloadActual   6: 4208 op, 1003117096.00 ns, 238.3833 us/op
WorkloadActual   7: 4208 op, 1002197601.00 ns, 238.1648 us/op
WorkloadActual   8: 4208 op, 1001944758.00 ns, 238.1047 us/op
WorkloadActual   9: 4208 op, 1002105879.00 ns, 238.1430 us/op
WorkloadActual  10: 4208 op, 1002895115.00 ns, 238.3306 us/op
WorkloadActual  11: 4208 op, 1002476871.00 ns, 238.2312 us/op
WorkloadActual  12: 4208 op, 1002572901.00 ns, 238.2540 us/op
WorkloadActual  13: 4208 op, 1002477393.00 ns, 238.2313 us/op
WorkloadActual  14: 4208 op, 1002725312.00 ns, 238.2902 us/op
WorkloadActual  15: 4208 op, 1003898442.00 ns, 238.5690 us/op

// AfterActualRun
WorkloadResult   1: 4208 op, 1001726247.00 ns, 238.0528 us/op
WorkloadResult   2: 4208 op, 1002301257.00 ns, 238.1895 us/op
WorkloadResult   3: 4208 op, 1002220924.00 ns, 238.1704 us/op
WorkloadResult   4: 4208 op, 1001990670.00 ns, 238.1157 us/op
WorkloadResult   5: 4208 op, 1002656099.00 ns, 238.2738 us/op
WorkloadResult   6: 4208 op, 1003101459.00 ns, 238.3796 us/op
WorkloadResult   7: 4208 op, 1002181964.00 ns, 238.1611 us/op
WorkloadResult   8: 4208 op, 1001929121.00 ns, 238.1010 us/op
WorkloadResult   9: 4208 op, 1002090242.00 ns, 238.1393 us/op
WorkloadResult  10: 4208 op, 1002879478.00 ns, 238.3269 us/op
WorkloadResult  11: 4208 op, 1002461234.00 ns, 238.2275 us/op
WorkloadResult  12: 4208 op, 1002557264.00 ns, 238.2503 us/op
WorkloadResult  13: 4208 op, 1002461756.00 ns, 238.2276 us/op
WorkloadResult  14: 4208 op, 1002709675.00 ns, 238.2865 us/op
WorkloadResult  15: 4208 op, 1003882805.00 ns, 238.5653 us/op

// AfterAll
// Benchmark Process 4058747 has exited with code 0.

Mean = 238.231 μs, StdErr = 0.033 μs (0.01%), N = 15, StdDev = 0.128 μs
Min = 238.053 μs, Q1 = 238.150 μs, Median = 238.227 μs, Q3 = 238.280 μs, Max = 238.565 μs
IQR = 0.130 μs, LowerFence = 237.955 μs, UpperFence = 238.475 μs
ConfidenceInterval = [238.094 μs; 238.368 μs] (CI 99.9%), Margin = 0.137 μs (0.06% of Mean)
Skewness = 0.98, Kurtosis = 3.65, MValue = 2

// ** Remained 28 (93.3%) benchmark(s) to run. Estimated finish 2025-12-31 20:09 (0h 11m from now) **
// **************************
// Benchmark: JsonSerializationBenchmarks.Jil_Deserialize_Large: Overhead-Fixed-NoEnergy-6(OutlierMode=DontRemove, IterationCount=15, IterationTime=1s, LaunchCount=1, WarmupCount=6)
// *** Execute ***
// Launch: 1 / 1
// Execute: dotnet Serialization.Bench-Overhead-Fixed-NoEnergy-6-1.dll --anonymousPipes 103 104 --benchmarkName Serialization.Bench.JsonSerializationBenchmarks.Jil_Deserialize_Large --job Overhead-Fixed-NoEnergy-6 --benchmarkId 2 in /home/test/rapl-tests/lib-energy-bench/src/Serialization.Bench/bin/Release/net8.0/Serialization.Bench-Overhead-Fixed-NoEnergy-6-1/bin/Release/net8.0
// BeforeAnythingElse

// Benchmark Process Environment Information:
// BenchmarkDotNet v0.15.5-develop (2025-12-31)
// Runtime=.NET 8.0.21 (8.0.21, 8.0.2125.47513), X64 RyuJIT x86-64-v4
// GC=Concurrent Workstation
// HardwareIntrinsics=AVX512 IFMA+VBMI,AVX512 F+BW+CD+DQ+VL,AVX2+BMI1+BMI2+F16C+FMA+LZCNT+MOVBE,AVX,SSE3+SSSE3+SSE4.1+SSE4.2+POPCNT,X86Base+SSE+SSE2,AES+PCLMUL VectorSize=256
// Job: Overhead-Fixed-NoEnergy-6(OutlierMode=DontRemove, IterationCount=15, IterationTime=1s, LaunchCount=1, WarmupCount=6)

OverheadJitting  1: 1 op, 140605.00 ns, 140.6050 us/op
WorkloadJitting  1: 1 op, 246295870.00 ns, 246.2959 ms/op

WorkloadPilot    1: 4 op, 2920770.00 ns, 730.1925 us/op
WorkloadPilot    2: 1370 op, 431212828.00 ns, 314.7539 us/op
WorkloadPilot    3: 3177 op, 676939495.00 ns, 213.0751 us/op
WorkloadPilot    4: 4693 op, 999946345.00 ns, 213.0719 us/op

WorkloadWarmup   1: 4693 op, 996425659.00 ns, 212.3217 us/op
WorkloadWarmup   2: 4693 op, 1001702362.00 ns, 213.4461 us/op
WorkloadWarmup   3: 4693 op, 1000583449.00 ns, 213.2076 us/op
WorkloadWarmup   4: 4693 op, 999849015.00 ns, 213.0511 us/op
WorkloadWarmup   5: 4693 op, 1000139689.00 ns, 213.1131 us/op
WorkloadWarmup   6: 4693 op, 1000159151.00 ns, 213.1172 us/op

// BeforeActualRun
WorkloadActual   1: 4693 op, 995104475.00 ns, 212.0402 us/op
WorkloadActual   2: 4693 op, 999760239.00 ns, 213.0322 us/op
WorkloadActual   3: 4693 op, 999398144.00 ns, 212.9551 us/op
WorkloadActual   4: 4693 op, 1001867176.00 ns, 213.4812 us/op
WorkloadActual   5: 4693 op, 999869517.00 ns, 213.0555 us/op
WorkloadActual   6: 4693 op, 999917621.00 ns, 213.0658 us/op
WorkloadActual   7: 4693 op, 998735578.00 ns, 212.8139 us/op
WorkloadActual   8: 4693 op, 1000315324.00 ns, 213.1505 us/op
WorkloadActual   9: 4693 op, 999594367.00 ns, 212.9969 us/op
WorkloadActual  10: 4693 op, 999949061.00 ns, 213.0725 us/op
WorkloadActual  11: 4693 op, 999865846.00 ns, 213.0547 us/op
WorkloadActual  12: 4693 op, 1002228179.00 ns, 213.5581 us/op
WorkloadActual  13: 4693 op, 1000272509.00 ns, 213.1414 us/op
WorkloadActual  14: 4693 op, 999439705.00 ns, 212.9639 us/op
WorkloadActual  15: 4693 op, 999936704.00 ns, 213.0698 us/op

// AfterActualRun
WorkloadResult   1: 4693 op, 995104475.00 ns, 212.0402 us/op
WorkloadResult   2: 4693 op, 999760239.00 ns, 213.0322 us/op
WorkloadResult   3: 4693 op, 999398144.00 ns, 212.9551 us/op
WorkloadResult   4: 4693 op, 1001867176.00 ns, 213.4812 us/op
WorkloadResult   5: 4693 op, 999869517.00 ns, 213.0555 us/op
WorkloadResult   6: 4693 op, 999917621.00 ns, 213.0658 us/op
WorkloadResult   7: 4693 op, 998735578.00 ns, 212.8139 us/op
WorkloadResult   8: 4693 op, 1000315324.00 ns, 213.1505 us/op
WorkloadResult   9: 4693 op, 999594367.00 ns, 212.9969 us/op
WorkloadResult  10: 4693 op, 999949061.00 ns, 213.0725 us/op
WorkloadResult  11: 4693 op, 999865846.00 ns, 213.0547 us/op
WorkloadResult  12: 4693 op, 1002228179.00 ns, 213.5581 us/op
WorkloadResult  13: 4693 op, 1000272509.00 ns, 213.1414 us/op
WorkloadResult  14: 4693 op, 999439705.00 ns, 212.9639 us/op
WorkloadResult  15: 4693 op, 999936704.00 ns, 213.0698 us/op

// AfterAll
// Benchmark Process 4058761 has exited with code 0.

Mean = 213.030 μs, StdErr = 0.086 μs (0.04%), N = 15, StdDev = 0.333 μs
Min = 212.040 μs, Q1 = 212.980 μs, Median = 213.056 μs, Q3 = 213.107 μs, Max = 213.558 μs
IQR = 0.127 μs, LowerFence = 212.791 μs, UpperFence = 213.297 μs
ConfidenceInterval = [212.674 μs; 213.386 μs] (CI 99.9%), Margin = 0.356 μs (0.17% of Mean)
Skewness = -1.33, Kurtosis = 5.86, MValue = 2

// ** Remained 27 (90.0%) benchmark(s) to run. Estimated finish 2025-12-31 20:09 (0h 10m from now) **
// **************************
// Benchmark: JsonSerializationBenchmarks.Utf8Json_Deserialize_Large: Overhead-Fixed-NoEnergy-6(OutlierMode=DontRemove, IterationCount=15, IterationTime=1s, LaunchCount=1, WarmupCount=6)
// *** Execute ***
// Launch: 1 / 1
// Execute: dotnet Serialization.Bench-Overhead-Fixed-NoEnergy-6-1.dll --anonymousPipes 103 104 --benchmarkName Serialization.Bench.JsonSerializationBenchmarks.Utf8Json_Deserialize_Large --job Overhead-Fixed-NoEnergy-6 --benchmarkId 3 in /home/test/rapl-tests/lib-energy-bench/src/Serialization.Bench/bin/Release/net8.0/Serialization.Bench-Overhead-Fixed-NoEnergy-6-1/bin/Release/net8.0
// BeforeAnythingElse

// Benchmark Process Environment Information:
// BenchmarkDotNet v0.15.5-develop (2025-12-31)
// Runtime=.NET 8.0.21 (8.0.21, 8.0.2125.47513), X64 RyuJIT x86-64-v4
// GC=Concurrent Workstation
// HardwareIntrinsics=AVX512 IFMA+VBMI,AVX512 F+BW+CD+DQ+VL,AVX2+BMI1+BMI2+F16C+FMA+LZCNT+MOVBE,AVX,SSE3+SSSE3+SSE4.1+SSE4.2+POPCNT,X86Base+SSE+SSE2,AES+PCLMUL VectorSize=256
// Job: Overhead-Fixed-NoEnergy-6(OutlierMode=DontRemove, IterationCount=15, IterationTime=1s, LaunchCount=1, WarmupCount=6)

OverheadJitting  1: 1 op, 152531.00 ns, 152.5310 us/op
WorkloadJitting  1: 1 op, 58431618.00 ns, 58.4316 ms/op

OverheadJitting  2: 16 op, 382056.00 ns, 23.8785 us/op
WorkloadJitting  2: 16 op, 14228898.00 ns, 889.3061 us/op

WorkloadPilot    1: 16 op, 13364817.00 ns, 835.3011 us/op
WorkloadPilot    2: 1200 op, 759833713.00 ns, 633.1948 us/op
WorkloadPilot    3: 1584 op, 454018432.00 ns, 286.6278 us/op
WorkloadPilot    4: 3504 op, 1004273094.00 ns, 286.6076 us/op

OverheadWarmup   1: 3504 op, 13991.00 ns, 3.9929 ns/op
OverheadWarmup   2: 3504 op, 13149.00 ns, 3.7526 ns/op
OverheadWarmup   3: 3504 op, 12865.00 ns, 3.6715 ns/op
OverheadWarmup   4: 3504 op, 12870.00 ns, 3.6729 ns/op
OverheadWarmup   5: 3504 op, 13075.00 ns, 3.7314 ns/op
OverheadWarmup   6: 3504 op, 16218.00 ns, 4.6284 ns/op
OverheadWarmup   7: 3504 op, 13659.00 ns, 3.8981 ns/op
OverheadWarmup   8: 3504 op, 13038.00 ns, 3.7209 ns/op
OverheadWarmup   9: 3504 op, 13053.00 ns, 3.7252 ns/op
OverheadWarmup  10: 3504 op, 13044.00 ns, 3.7226 ns/op

OverheadActual   1: 3504 op, 12911.00 ns, 3.6846 ns/op
OverheadActual   2: 3504 op, 12911.00 ns, 3.6846 ns/op
OverheadActual   3: 3504 op, 12936.00 ns, 3.6918 ns/op
OverheadActual   4: 3504 op, 12941.00 ns, 3.6932 ns/op
OverheadActual   5: 3504 op, 13114.00 ns, 3.7426 ns/op
OverheadActual   6: 3504 op, 13132.00 ns, 3.7477 ns/op
OverheadActual   7: 3504 op, 13092.00 ns, 3.7363 ns/op
OverheadActual   8: 3504 op, 13126.00 ns, 3.7460 ns/op
OverheadActual   9: 3504 op, 13359.00 ns, 3.8125 ns/op
OverheadActual  10: 3504 op, 12834.00 ns, 3.6627 ns/op
OverheadActual  11: 3504 op, 12869.00 ns, 3.6727 ns/op
OverheadActual  12: 3504 op, 12842.00 ns, 3.6650 ns/op
OverheadActual  13: 3504 op, 13154.00 ns, 3.7540 ns/op
OverheadActual  14: 3504 op, 16454.00 ns, 4.6958 ns/op
OverheadActual  15: 3504 op, 13736.00 ns, 3.9201 ns/op
OverheadActual  16: 3504 op, 13146.00 ns, 3.7517 ns/op
OverheadActual  17: 3504 op, 13093.00 ns, 3.7366 ns/op
OverheadActual  18: 3504 op, 13110.00 ns, 3.7414 ns/op
OverheadActual  19: 3504 op, 13124.00 ns, 3.7454 ns/op
OverheadActual  20: 3504 op, 12879.00 ns, 3.6755 ns/op

WorkloadWarmup   1: 3504 op, 1013874683.00 ns, 289.3478 us/op
WorkloadWarmup   2: 3504 op, 1010799451.00 ns, 288.4702 us/op
WorkloadWarmup   3: 3504 op, 1010321303.00 ns, 288.3337 us/op
WorkloadWarmup   4: 3504 op, 1009148580.00 ns, 287.9990 us/op
WorkloadWarmup   5: 3504 op, 1014644840.00 ns, 289.5676 us/op
WorkloadWarmup   6: 3504 op, 1010496606.00 ns, 288.3837 us/op

// BeforeActualRun
WorkloadActual   1: 3504 op, 997200918.00 ns, 284.5893 us/op
WorkloadActual   2: 3504 op, 995526224.00 ns, 284.1114 us/op
WorkloadActual   3: 3504 op, 1011325780.00 ns, 288.6204 us/op
WorkloadActual   4: 3504 op, 1009683437.00 ns, 288.1517 us/op
WorkloadActual   5: 3504 op, 1009873795.00 ns, 288.2060 us/op
WorkloadActual   6: 3504 op, 994326883.00 ns, 283.7691 us/op
WorkloadActual   7: 3504 op, 994657409.00 ns, 283.8634 us/op
WorkloadActual   8: 3504 op, 993629535.00 ns, 283.5701 us/op
WorkloadActual   9: 3504 op, 994949099.00 ns, 283.9467 us/op
WorkloadActual  10: 3504 op, 995067605.00 ns, 283.9805 us/op
WorkloadActual  11: 3504 op, 994815130.00 ns, 283.9084 us/op
WorkloadActual  12: 3504 op, 994433139.00 ns, 283.7994 us/op
WorkloadActual  13: 3504 op, 996238127.00 ns, 284.3145 us/op
WorkloadActual  14: 3504 op, 1010494978.00 ns, 288.3833 us/op
WorkloadActual  15: 3504 op, 1008388644.00 ns, 287.7821 us/op

// AfterActualRun
WorkloadResult   1: 3504 op, 997187816.50 ns, 284.5856 us/op
WorkloadResult   2: 3504 op, 995513122.50 ns, 284.1076 us/op
WorkloadResult   3: 3504 op, 1011312678.50 ns, 288.6166 us/op
WorkloadResult   4: 3504 op, 1009670335.50 ns, 288.1479 us/op
WorkloadResult   5: 3504 op, 1009860693.50 ns, 288.2023 us/op
WorkloadResult   6: 3504 op, 994313781.50 ns, 283.7653 us/op
WorkloadResult   7: 3504 op, 994644307.50 ns, 283.8597 us/op
WorkloadResult   8: 3504 op, 993616433.50 ns, 283.5663 us/op
WorkloadResult   9: 3504 op, 994935997.50 ns, 283.9429 us/op
WorkloadResult  10: 3504 op, 995054503.50 ns, 283.9767 us/op
WorkloadResult  11: 3504 op, 994802028.50 ns, 283.9047 us/op
WorkloadResult  12: 3504 op, 994420037.50 ns, 283.7957 us/op
WorkloadResult  13: 3504 op, 996225025.50 ns, 284.3108 us/op
WorkloadResult  14: 3504 op, 1010481876.50 ns, 288.3795 us/op
WorkloadResult  15: 3504 op, 1008375542.50 ns, 287.7784 us/op

// AfterAll
// Benchmark Process 4058784 has exited with code 0.

Mean = 285.396 μs, StdErr = 0.540 μs (0.19%), N = 15, StdDev = 2.090 μs
Min = 283.566 μs, Q1 = 283.882 μs, Median = 284.108 μs, Q3 = 287.963 μs, Max = 288.617 μs
IQR = 4.081 μs, LowerFence = 277.761 μs, UpperFence = 294.085 μs
ConfidenceInterval = [283.161 μs; 287.631 μs] (CI 99.9%), Margin = 2.235 μs (0.78% of Mean)
Skewness = 0.62, Kurtosis = 1.35, MValue = 2

// ** Remained 26 (86.7%) benchmark(s) to run. Estimated finish 2025-12-31 20:09 (0h 10m from now) **
// **************************
// Benchmark: JsonSerializationBenchmarks.SpanJson_Deserialize_Large: Overhead-Fixed-NoEnergy-6(OutlierMode=DontRemove, IterationCount=15, IterationTime=1s, LaunchCount=1, WarmupCount=6)
// *** Execute ***
// Launch: 1 / 1
// Execute: dotnet Serialization.Bench-Overhead-Fixed-NoEnergy-6-1.dll --anonymousPipes 103 104 --benchmarkName Serialization.Bench.JsonSerializationBenchmarks.SpanJson_Deserialize_Large --job Overhead-Fixed-NoEnergy-6 --benchmarkId 4 in /home/test/rapl-tests/lib-energy-bench/src/Serialization.Bench/bin/Release/net8.0/Serialization.Bench-Overhead-Fixed-NoEnergy-6-1/bin/Release/net8.0
// BeforeAnythingElse

// Benchmark Process Environment Information:
// BenchmarkDotNet v0.15.5-develop (2025-12-31)
// Runtime=.NET 8.0.21 (8.0.21, 8.0.2125.47513), X64 RyuJIT x86-64-v4
// GC=Concurrent Workstation
// HardwareIntrinsics=AVX512 IFMA+VBMI,AVX512 F+BW+CD+DQ+VL,AVX2+BMI1+BMI2+F16C+FMA+LZCNT+MOVBE,AVX,SSE3+SSSE3+SSE4.1+SSE4.2+POPCNT,X86Base+SSE+SSE2,AES+PCLMUL VectorSize=256
// Job: Overhead-Fixed-NoEnergy-6(OutlierMode=DontRemove, IterationCount=15, IterationTime=1s, LaunchCount=1, WarmupCount=6)

OverheadJitting  1: 1 op, 139516.00 ns, 139.5160 us/op
WorkloadJitting  1: 1 op, 113203455.00 ns, 113.2035 ms/op

WorkloadPilot    1: 4 op, 1877174.00 ns, 469.2935 us/op
WorkloadPilot    2: 2131 op, 422476027.00 ns, 198.2525 us/op
WorkloadPilot    3: 5044 op, 762776069.00 ns, 151.2244 us/op
WorkloadPilot    4: 6613 op, 998971743.00 ns, 151.0618 us/op
WorkloadPilot    5: 6620 op, 1000367097.00 ns, 151.1129 us/op
WorkloadPilot    6: 6618 op, 1000670260.00 ns, 151.2043 us/op
WorkloadPilot    7: 6614 op, 1001593282.00 ns, 151.4353 us/op

WorkloadWarmup   1: 6614 op, 999257909.00 ns, 151.0822 us/op
WorkloadWarmup   2: 6614 op, 1000210835.00 ns, 151.2263 us/op
WorkloadWarmup   3: 6614 op, 1000902561.00 ns, 151.3309 us/op
WorkloadWarmup   4: 6614 op, 1000586169.00 ns, 151.2831 us/op
WorkloadWarmup   5: 6614 op, 1000870146.00 ns, 151.3260 us/op
WorkloadWarmup   6: 6614 op, 1000830864.00 ns, 151.3201 us/op

// BeforeActualRun
WorkloadActual   1: 6614 op, 1000903281.00 ns, 151.3310 us/op
WorkloadActual   2: 6614 op, 1002864849.00 ns, 151.6276 us/op
WorkloadActual   3: 6614 op, 1001599233.00 ns, 151.4362 us/op
WorkloadActual   4: 6614 op, 999765714.00 ns, 151.1590 us/op
WorkloadActual   5: 6614 op, 1000065191.00 ns, 151.2043 us/op
WorkloadActual   6: 6614 op, 999767294.00 ns, 151.1593 us/op
WorkloadActual   7: 6614 op, 999657882.00 ns, 151.1427 us/op
WorkloadActual   8: 6614 op, 999136851.00 ns, 151.0639 us/op
WorkloadActual   9: 6614 op, 998829493.00 ns, 151.0175 us/op
WorkloadActual  10: 6614 op, 998601958.00 ns, 150.9831 us/op
WorkloadActual  11: 6614 op, 998755298.00 ns, 151.0062 us/op
WorkloadActual  12: 6614 op, 998710029.00 ns, 150.9994 us/op
WorkloadActual  13: 6614 op, 998185089.00 ns, 150.9200 us/op
WorkloadActual  14: 6614 op, 998014909.00 ns, 150.8943 us/op
WorkloadActual  15: 6614 op, 1000810921.00 ns, 151.3170 us/op

// AfterActualRun
WorkloadResult   1: 6614 op, 1000903281.00 ns, 151.3310 us/op
WorkloadResult   2: 6614 op, 1002864849.00 ns, 151.6276 us/op
WorkloadResult   3: 6614 op, 1001599233.00 ns, 151.4362 us/op
WorkloadResult   4: 6614 op, 999765714.00 ns, 151.1590 us/op
WorkloadResult   5: 6614 op, 1000065191.00 ns, 151.2043 us/op
WorkloadResult   6: 6614 op, 999767294.00 ns, 151.1593 us/op
WorkloadResult   7: 6614 op, 999657882.00 ns, 151.1427 us/op
WorkloadResult   8: 6614 op, 999136851.00 ns, 151.0639 us/op
WorkloadResult   9: 6614 op, 998829493.00 ns, 151.0175 us/op
WorkloadResult  10: 6614 op, 998601958.00 ns, 150.9831 us/op
WorkloadResult  11: 6614 op, 998755298.00 ns, 151.0062 us/op
WorkloadResult  12: 6614 op, 998710029.00 ns, 150.9994 us/op
WorkloadResult  13: 6614 op, 998185089.00 ns, 150.9200 us/op
WorkloadResult  14: 6614 op, 998014909.00 ns, 150.8943 us/op
WorkloadResult  15: 6614 op, 1000810921.00 ns, 151.3170 us/op

// AfterAll
// Benchmark Process 4058803 has exited with code 0.

Mean = 151.151 μs, StdErr = 0.053 μs (0.04%), N = 15, StdDev = 0.205 μs
Min = 150.894 μs, Q1 = 151.003 μs, Median = 151.143 μs, Q3 = 151.261 μs, Max = 151.628 μs
IQR = 0.258 μs, LowerFence = 150.616 μs, UpperFence = 151.647 μs
ConfidenceInterval = [150.932 μs; 151.370 μs] (CI 99.9%), Margin = 0.219 μs (0.14% of Mean)
Skewness = 0.77, Kurtosis = 2.62, MValue = 2

// ** Remained 25 (83.3%) benchmark(s) to run. Estimated finish 2025-12-31 20:10 (0h 10m from now) **
// **************************
// Benchmark: JsonSerializationBenchmarks.STJ_Deserialize_Medium: Overhead-Fixed-NoEnergy-6(OutlierMode=DontRemove, IterationCount=15, IterationTime=1s, LaunchCount=1, WarmupCount=6)
// *** Execute ***
// Launch: 1 / 1
// Execute: dotnet Serialization.Bench-Overhead-Fixed-NoEnergy-6-1.dll --anonymousPipes 103 104 --benchmarkName Serialization.Bench.JsonSerializationBenchmarks.STJ_Deserialize_Medium --job Overhead-Fixed-NoEnergy-6 --benchmarkId 5 in /home/test/rapl-tests/lib-energy-bench/src/Serialization.Bench/bin/Release/net8.0/Serialization.Bench-Overhead-Fixed-NoEnergy-6-1/bin/Release/net8.0
// BeforeAnythingElse

// Benchmark Process Environment Information:
// BenchmarkDotNet v0.15.5-develop (2025-12-31)
// Runtime=.NET 8.0.21 (8.0.21, 8.0.2125.47513), X64 RyuJIT x86-64-v4
// GC=Concurrent Workstation
// HardwareIntrinsics=AVX512 IFMA+VBMI,AVX512 F+BW+CD+DQ+VL,AVX2+BMI1+BMI2+F16C+FMA+LZCNT+MOVBE,AVX,SSE3+SSSE3+SSE4.1+SSE4.2+POPCNT,X86Base+SSE+SSE2,AES+PCLMUL VectorSize=256
// Job: Overhead-Fixed-NoEnergy-6(OutlierMode=DontRemove, IterationCount=15, IterationTime=1s, LaunchCount=1, WarmupCount=6)

OverheadJitting  1: 1 op, 141525.00 ns, 141.5250 us/op
WorkloadJitting  1: 1 op, 291733.00 ns, 291.7330 us/op

OverheadJitting  2: 16 op, 371083.00 ns, 23.1927 us/op
WorkloadJitting  2: 16 op, 2199640.00 ns, 137.4775 us/op

WorkloadPilot    1: 16 op, 1616406.00 ns, 101.0254 us/op
WorkloadPilot    2: 9904 op, 774139102.00 ns, 78.1643 us/op
WorkloadPilot    3: 12800 op, 675736922.00 ns, 52.7919 us/op
WorkloadPilot    4: 18944 op, 1001147806.00 ns, 52.8478 us/op
WorkloadPilot    5: 18928 op, 998912382.00 ns, 52.7743 us/op
WorkloadPilot    6: 18960 op, 1001163265.00 ns, 52.8040 us/op
WorkloadPilot    7: 18944 op, 1001840397.00 ns, 52.8843 us/op

OverheadWarmup   1: 18944 op, 69106.00 ns, 3.6479 ns/op
OverheadWarmup   2: 18944 op, 68228.00 ns, 3.6016 ns/op
OverheadWarmup   3: 18944 op, 68178.00 ns, 3.5989 ns/op
OverheadWarmup   4: 18944 op, 68532.00 ns, 3.6176 ns/op
OverheadWarmup   5: 18944 op, 72828.00 ns, 3.8444 ns/op
OverheadWarmup   6: 18944 op, 68224.00 ns, 3.6014 ns/op
OverheadWarmup   7: 18944 op, 68467.00 ns, 3.6142 ns/op
OverheadWarmup   8: 18944 op, 68185.00 ns, 3.5993 ns/op

OverheadActual   1: 18944 op, 68298.00 ns, 3.6053 ns/op
OverheadActual   2: 18944 op, 68290.00 ns, 3.6048 ns/op
OverheadActual   3: 18944 op, 68749.00 ns, 3.6291 ns/op
OverheadActual   4: 18944 op, 68246.00 ns, 3.6025 ns/op
OverheadActual   5: 18944 op, 72359.00 ns, 3.8196 ns/op
OverheadActual   6: 18944 op, 68512.00 ns, 3.6166 ns/op
OverheadActual   7: 18944 op, 68181.00 ns, 3.5991 ns/op
OverheadActual   8: 18944 op, 73356.00 ns, 3.8723 ns/op
OverheadActual   9: 18944 op, 69600.00 ns, 3.6740 ns/op
OverheadActual  10: 18944 op, 68586.00 ns, 3.6205 ns/op
OverheadActual  11: 18944 op, 68222.00 ns, 3.6012 ns/op
OverheadActual  12: 18944 op, 68209.00 ns, 3.6006 ns/op
OverheadActual  13: 18944 op, 70000.00 ns, 3.6951 ns/op
OverheadActual  14: 18944 op, 68218.00 ns, 3.6010 ns/op
OverheadActual  15: 18944 op, 68208.00 ns, 3.6005 ns/op

WorkloadWarmup   1: 18944 op, 1004106424.00 ns, 53.0039 us/op
WorkloadWarmup   2: 18944 op, 1003784713.00 ns, 52.9869 us/op
WorkloadWarmup   3: 18944 op, 1000728176.00 ns, 52.8256 us/op
WorkloadWarmup   4: 18944 op, 1000382298.00 ns, 52.8073 us/op
WorkloadWarmup   5: 18944 op, 999748412.00 ns, 52.7739 us/op
WorkloadWarmup   6: 18944 op, 999187934.00 ns, 52.7443 us/op

// BeforeActualRun
WorkloadActual   1: 18944 op, 1001126908.00 ns, 52.8466 us/op
WorkloadActual   2: 18944 op, 1001578952.00 ns, 52.8705 us/op
WorkloadActual   3: 18944 op, 1001994986.00 ns, 52.8925 us/op
WorkloadActual   4: 18944 op, 1001840606.00 ns, 52.8843 us/op
WorkloadActual   5: 18944 op, 1001706750.00 ns, 52.8773 us/op
WorkloadActual   6: 18944 op, 1006490232.00 ns, 53.1298 us/op
WorkloadActual   7: 18944 op, 1001508717.00 ns, 52.8668 us/op
WorkloadActual   8: 18944 op, 1002152044.00 ns, 52.9008 us/op
WorkloadActual   9: 18944 op, 1002158710.00 ns, 52.9011 us/op
WorkloadActual  10: 18944 op, 1001632075.00 ns, 52.8733 us/op
WorkloadActual  11: 18944 op, 1001416940.00 ns, 52.8620 us/op
WorkloadActual  12: 18944 op, 1001831528.00 ns, 52.8838 us/op
WorkloadActual  13: 18944 op, 1000963799.00 ns, 52.8380 us/op
WorkloadActual  14: 18944 op, 1000894128.00 ns, 52.8344 us/op
WorkloadActual  15: 18944 op, 1001190473.00 ns, 52.8500 us/op

// AfterActualRun
WorkloadResult   1: 18944 op, 1001058610.00 ns, 52.8430 us/op
WorkloadResult   2: 18944 op, 1001510654.00 ns, 52.8669 us/op
WorkloadResult   3: 18944 op, 1001926688.00 ns, 52.8889 us/op
WorkloadResult   4: 18944 op, 1001772308.00 ns, 52.8807 us/op
WorkloadResult   5: 18944 op, 1001638452.00 ns, 52.8737 us/op
WorkloadResult   6: 18944 op, 1006421934.00 ns, 53.1262 us/op
WorkloadResult   7: 18944 op, 1001440419.00 ns, 52.8632 us/op
WorkloadResult   8: 18944 op, 1002083746.00 ns, 52.8972 us/op
WorkloadResult   9: 18944 op, 1002090412.00 ns, 52.8975 us/op
WorkloadResult  10: 18944 op, 1001563777.00 ns, 52.8697 us/op
WorkloadResult  11: 18944 op, 1001348642.00 ns, 52.8584 us/op
WorkloadResult  12: 18944 op, 1001763230.00 ns, 52.8802 us/op
WorkloadResult  13: 18944 op, 1000895501.00 ns, 52.8344 us/op
WorkloadResult  14: 18944 op, 1000825830.00 ns, 52.8308 us/op
WorkloadResult  15: 18944 op, 1001122175.00 ns, 52.8464 us/op

// AfterAll
// Benchmark Process 4058819 has exited with code 0.

Mean = 52.884 μs, StdErr = 0.018 μs (0.03%), N = 15, StdDev = 0.070 μs
Min = 52.831 μs, Q1 = 52.852 μs, Median = 52.870 μs, Q3 = 52.885 μs, Max = 53.126 μs
IQR = 0.032 μs, LowerFence = 52.804 μs, UpperFence = 52.933 μs
ConfidenceInterval = [52.809 μs; 52.959 μs] (CI 99.9%), Margin = 0.075 μs (0.14% of Mean)
Skewness = 2.65, Kurtosis = 9.49, MValue = 2

// ** Remained 24 (80.0%) benchmark(s) to run. Estimated finish 2025-12-31 20:10 (0h 9m from now) **
// **************************
// Benchmark: JsonSerializationBenchmarks.Newtonsoft_Deserialize_Medium: Overhead-Fixed-NoEnergy-6(OutlierMode=DontRemove, IterationCount=15, IterationTime=1s, LaunchCount=1, WarmupCount=6)
// *** Execute ***
// Launch: 1 / 1
// Execute: dotnet Serialization.Bench-Overhead-Fixed-NoEnergy-6-1.dll --anonymousPipes 103 104 --benchmarkName Serialization.Bench.JsonSerializationBenchmarks.Newtonsoft_Deserialize_Medium --job Overhead-Fixed-NoEnergy-6 --benchmarkId 6 in /home/test/rapl-tests/lib-energy-bench/src/Serialization.Bench/bin/Release/net8.0/Serialization.Bench-Overhead-Fixed-NoEnergy-6-1/bin/Release/net8.0
// BeforeAnythingElse

// Benchmark Process Environment Information:
// BenchmarkDotNet v0.15.5-develop (2025-12-31)
// Runtime=.NET 8.0.21 (8.0.21, 8.0.2125.47513), X64 RyuJIT x86-64-v4
// GC=Concurrent Workstation
// HardwareIntrinsics=AVX512 IFMA+VBMI,AVX512 F+BW+CD+DQ+VL,AVX2+BMI1+BMI2+F16C+FMA+LZCNT+MOVBE,AVX,SSE3+SSSE3+SSE4.1+SSE4.2+POPCNT,X86Base+SSE+SSE2,AES+PCLMUL VectorSize=256
// Job: Overhead-Fixed-NoEnergy-6(OutlierMode=DontRemove, IterationCount=15, IterationTime=1s, LaunchCount=1, WarmupCount=6)

OverheadJitting  1: 1 op, 139404.00 ns, 139.4040 us/op
WorkloadJitting  1: 1 op, 53577034.00 ns, 53.5770 ms/op

OverheadJitting  2: 16 op, 376852.00 ns, 23.5533 us/op
WorkloadJitting  2: 16 op, 5658569.00 ns, 353.6606 us/op

WorkloadPilot    1: 16 op, 4987745.00 ns, 311.7341 us/op
WorkloadPilot    2: 3216 op, 476052599.00 ns, 148.0263 us/op
WorkloadPilot    3: 6768 op, 458205084.00 ns, 67.7017 us/op
WorkloadPilot    4: 14784 op, 994937886.00 ns, 67.2983 us/op
WorkloadPilot    5: 14864 op, 1002900143.00 ns, 67.4718 us/op
WorkloadPilot    6: 14832 op, 1001837252.00 ns, 67.5457 us/op
WorkloadPilot    7: 14816 op, 1002183561.00 ns, 67.6420 us/op

OverheadWarmup   1: 14816 op, 54225.00 ns, 3.6599 ns/op
OverheadWarmup   2: 14816 op, 53419.00 ns, 3.6055 ns/op
OverheadWarmup   3: 14816 op, 53405.00 ns, 3.6045 ns/op
OverheadWarmup   4: 14816 op, 53392.00 ns, 3.6037 ns/op
OverheadWarmup   5: 14816 op, 53695.00 ns, 3.6241 ns/op
OverheadWarmup   6: 14816 op, 54475.00 ns, 3.6768 ns/op
OverheadWarmup   7: 14816 op, 58415.00 ns, 3.9427 ns/op
OverheadWarmup   8: 14816 op, 57586.00 ns, 3.8867 ns/op
OverheadWarmup   9: 14816 op, 54891.00 ns, 3.7048 ns/op
OverheadWarmup  10: 14816 op, 54529.00 ns, 3.6804 ns/op

OverheadActual   1: 14816 op, 54602.00 ns, 3.6853 ns/op
OverheadActual   2: 14816 op, 53505.00 ns, 3.6113 ns/op
OverheadActual   3: 14816 op, 54576.00 ns, 3.6836 ns/op
OverheadActual   4: 14816 op, 54875.00 ns, 3.7038 ns/op
OverheadActual   5: 14816 op, 54516.00 ns, 3.6795 ns/op
OverheadActual   6: 14816 op, 54510.00 ns, 3.6791 ns/op
OverheadActual   7: 14816 op, 54499.00 ns, 3.6784 ns/op
OverheadActual   8: 14816 op, 53832.00 ns, 3.6334 ns/op
OverheadActual   9: 14816 op, 53385.00 ns, 3.6032 ns/op
OverheadActual  10: 14816 op, 53948.00 ns, 3.6412 ns/op
OverheadActual  11: 14816 op, 54550.00 ns, 3.6818 ns/op
OverheadActual  12: 14816 op, 54475.00 ns, 3.6768 ns/op
OverheadActual  13: 14816 op, 54919.00 ns, 3.7067 ns/op
OverheadActual  14: 14816 op, 54514.00 ns, 3.6794 ns/op
OverheadActual  15: 14816 op, 53431.00 ns, 3.6063 ns/op

WorkloadWarmup   1: 14816 op, 1000487666.00 ns, 67.5275 us/op
WorkloadWarmup   2: 14816 op, 1000586808.00 ns, 67.5342 us/op
WorkloadWarmup   3: 14816 op, 994972782.00 ns, 67.1553 us/op
WorkloadWarmup   4: 14816 op, 996734698.00 ns, 67.2742 us/op
WorkloadWarmup   5: 14816 op, 1006113452.00 ns, 67.9072 us/op
WorkloadWarmup   6: 14816 op, 999566207.00 ns, 67.4653 us/op

// BeforeActualRun
WorkloadActual   1: 14816 op, 1004070025.00 ns, 67.7693 us/op
WorkloadActual   2: 14816 op, 1006699347.00 ns, 67.9468 us/op
WorkloadActual   3: 14816 op, 1005583813.00 ns, 67.8715 us/op
WorkloadActual   4: 14816 op, 1003078958.00 ns, 67.7024 us/op
WorkloadActual   5: 14816 op, 1002714436.00 ns, 67.6778 us/op
WorkloadActual   6: 14816 op, 1003570250.00 ns, 67.7356 us/op
WorkloadActual   7: 14816 op, 1003234283.00 ns, 67.7129 us/op
WorkloadActual   8: 14816 op, 1004199000.00 ns, 67.7780 us/op
WorkloadActual   9: 14816 op, 1006382901.00 ns, 67.9254 us/op
WorkloadActual  10: 14816 op, 1004096556.00 ns, 67.7711 us/op
WorkloadActual  11: 14816 op, 1001237246.00 ns, 67.5781 us/op
WorkloadActual  12: 14816 op, 1001521602.00 ns, 67.5973 us/op
WorkloadActual  13: 14816 op, 1002369356.00 ns, 67.6545 us/op
WorkloadActual  14: 14816 op, 1002083771.00 ns, 67.6352 us/op
WorkloadActual  15: 14816 op, 1001492191.00 ns, 67.5953 us/op

// AfterActualRun
WorkloadResult   1: 14816 op, 1004015515.00 ns, 67.7656 us/op
WorkloadResult   2: 14816 op, 1006644837.00 ns, 67.9431 us/op
WorkloadResult   3: 14816 op, 1005529303.00 ns, 67.8678 us/op
WorkloadResult   4: 14816 op, 1003024448.00 ns, 67.6987 us/op
WorkloadResult   5: 14816 op, 1002659926.00 ns, 67.6741 us/op
WorkloadResult   6: 14816 op, 1003515740.00 ns, 67.7319 us/op
WorkloadResult   7: 14816 op, 1003179773.00 ns, 67.7092 us/op
WorkloadResult   8: 14816 op, 1004144490.00 ns, 67.7743 us/op
WorkloadResult   9: 14816 op, 1006328391.00 ns, 67.9217 us/op
WorkloadResult  10: 14816 op, 1004042046.00 ns, 67.7674 us/op
WorkloadResult  11: 14816 op, 1001182736.00 ns, 67.5744 us/op
WorkloadResult  12: 14816 op, 1001467092.00 ns, 67.5936 us/op
WorkloadResult  13: 14816 op, 1002314846.00 ns, 67.6508 us/op
WorkloadResult  14: 14816 op, 1002029261.00 ns, 67.6316 us/op
WorkloadResult  15: 14816 op, 1001437681.00 ns, 67.5916 us/op

// AfterAll
// Benchmark Process 4058840 has exited with code 0.

Mean = 67.726 μs, StdErr = 0.030 μs (0.04%), N = 15, StdDev = 0.116 μs
Min = 67.574 μs, Q1 = 67.641 μs, Median = 67.709 μs, Q3 = 67.771 μs, Max = 67.943 μs
IQR = 0.130 μs, LowerFence = 67.447 μs, UpperFence = 67.965 μs
ConfidenceInterval = [67.603 μs; 67.850 μs] (CI 99.9%), Margin = 0.124 μs (0.18% of Mean)
Skewness = 0.47, Kurtosis = 1.98, MValue = 2

// ** Remained 23 (76.7%) benchmark(s) to run. Estimated finish 2025-12-31 20:10 (0h 9m from now) **
// **************************
// Benchmark: JsonSerializationBenchmarks.Jil_Deserialize_Medium: Overhead-Fixed-NoEnergy-6(OutlierMode=DontRemove, IterationCount=15, IterationTime=1s, LaunchCount=1, WarmupCount=6)
// *** Execute ***
// Launch: 1 / 1
// Execute: dotnet Serialization.Bench-Overhead-Fixed-NoEnergy-6-1.dll --anonymousPipes 103 104 --benchmarkName Serialization.Bench.JsonSerializationBenchmarks.Jil_Deserialize_Medium --job Overhead-Fixed-NoEnergy-6 --benchmarkId 7 in /home/test/rapl-tests/lib-energy-bench/src/Serialization.Bench/bin/Release/net8.0/Serialization.Bench-Overhead-Fixed-NoEnergy-6-1/bin/Release/net8.0
// BeforeAnythingElse

// Benchmark Process Environment Information:
// BenchmarkDotNet v0.15.5-develop (2025-12-31)
// Runtime=.NET 8.0.21 (8.0.21, 8.0.2125.47513), X64 RyuJIT x86-64-v4
// GC=Concurrent Workstation
// HardwareIntrinsics=AVX512 IFMA+VBMI,AVX512 F+BW+CD+DQ+VL,AVX2+BMI1+BMI2+F16C+FMA+LZCNT+MOVBE,AVX,SSE3+SSSE3+SSE4.1+SSE4.2+POPCNT,X86Base+SSE+SSE2,AES+PCLMUL VectorSize=256
// Job: Overhead-Fixed-NoEnergy-6(OutlierMode=DontRemove, IterationCount=15, IterationTime=1s, LaunchCount=1, WarmupCount=6)

OverheadJitting  1: 1 op, 140767.00 ns, 140.7670 us/op
WorkloadJitting  1: 1 op, 199521648.00 ns, 199.5216 ms/op

WorkloadPilot    1: 4 op, 792556.00 ns, 198.1390 us/op
WorkloadPilot    2: 5047 op, 394250710.00 ns, 78.1159 us/op
WorkloadPilot    3: 12801 op, 715227481.00 ns, 55.8728 us/op
WorkloadPilot    4: 17898 op, 996237515.00 ns, 55.6619 us/op
WorkloadPilot    5: 17966 op, 999756757.00 ns, 55.6472 us/op
WorkloadPilot    6: 17970 op, 1002139768.00 ns, 55.7674 us/op
WorkloadPilot    7: 17932 op, 1001031586.00 ns, 55.8238 us/op
WorkloadPilot    8: 17914 op, 999971201.00 ns, 55.8207 us/op

WorkloadWarmup   1: 17914 op, 997624966.00 ns, 55.6897 us/op
WorkloadWarmup   2: 17914 op, 1001030301.00 ns, 55.8798 us/op
WorkloadWarmup   3: 17914 op, 998898534.00 ns, 55.7608 us/op
WorkloadWarmup   4: 17914 op, 998878331.00 ns, 55.7596 us/op
WorkloadWarmup   5: 17914 op, 999826476.00 ns, 55.8126 us/op
WorkloadWarmup   6: 17914 op, 999029790.00 ns, 55.7681 us/op

// BeforeActualRun
WorkloadActual   1: 17914 op, 999040153.00 ns, 55.7687 us/op
WorkloadActual   2: 17914 op, 1000037169.00 ns, 55.8243 us/op
WorkloadActual   3: 17914 op, 1000289815.00 ns, 55.8384 us/op
WorkloadActual   4: 17914 op, 999754700.00 ns, 55.8086 us/op
WorkloadActual   5: 17914 op, 999190600.00 ns, 55.7771 us/op
WorkloadActual   6: 17914 op, 1000402509.00 ns, 55.8447 us/op
WorkloadActual   7: 17914 op, 999644142.00 ns, 55.8024 us/op
WorkloadActual   8: 17914 op, 999168909.00 ns, 55.7759 us/op
WorkloadActual   9: 17914 op, 999671082.00 ns, 55.8039 us/op
WorkloadActual  10: 17914 op, 999374995.00 ns, 55.7874 us/op
WorkloadActual  11: 17914 op, 998929967.00 ns, 55.7625 us/op
WorkloadActual  12: 17914 op, 1002666910.00 ns, 55.9711 us/op
WorkloadActual  13: 17914 op, 998860828.00 ns, 55.7587 us/op
WorkloadActual  14: 17914 op, 999582687.00 ns, 55.7990 us/op
WorkloadActual  15: 17914 op, 1000435271.00 ns, 55.8466 us/op

// AfterActualRun
WorkloadResult   1: 17914 op, 999040153.00 ns, 55.7687 us/op
WorkloadResult   2: 17914 op, 1000037169.00 ns, 55.8243 us/op
WorkloadResult   3: 17914 op, 1000289815.00 ns, 55.8384 us/op
WorkloadResult   4: 17914 op, 999754700.00 ns, 55.8086 us/op
WorkloadResult   5: 17914 op, 999190600.00 ns, 55.7771 us/op
WorkloadResult   6: 17914 op, 1000402509.00 ns, 55.8447 us/op
WorkloadResult   7: 17914 op, 999644142.00 ns, 55.8024 us/op
WorkloadResult   8: 17914 op, 999168909.00 ns, 55.7759 us/op
WorkloadResult   9: 17914 op, 999671082.00 ns, 55.8039 us/op
WorkloadResult  10: 17914 op, 999374995.00 ns, 55.7874 us/op
WorkloadResult  11: 17914 op, 998929967.00 ns, 55.7625 us/op
WorkloadResult  12: 17914 op, 1002666910.00 ns, 55.9711 us/op
WorkloadResult  13: 17914 op, 998860828.00 ns, 55.7587 us/op
WorkloadResult  14: 17914 op, 999582687.00 ns, 55.7990 us/op
WorkloadResult  15: 17914 op, 1000435271.00 ns, 55.8466 us/op

// AfterAll
// Benchmark Process 4058856 has exited with code 0.

Mean = 55.811 μs, StdErr = 0.014 μs (0.02%), N = 15, StdDev = 0.053 μs
Min = 55.759 μs, Q1 = 55.776 μs, Median = 55.802 μs, Q3 = 55.831 μs, Max = 55.971 μs
IQR = 0.055 μs, LowerFence = 55.694 μs, UpperFence = 55.914 μs
ConfidenceInterval = [55.755 μs; 55.868 μs] (CI 99.9%), Margin = 0.056 μs (0.10% of Mean)
Skewness = 1.69, Kurtosis = 5.79, MValue = 2

// ** Remained 22 (73.3%) benchmark(s) to run. Estimated finish 2025-12-31 20:10 (0h 9m from now) **
// **************************
// Benchmark: JsonSerializationBenchmarks.Utf8Json_Deserialize_Medium: Overhead-Fixed-NoEnergy-6(OutlierMode=DontRemove, IterationCount=15, IterationTime=1s, LaunchCount=1, WarmupCount=6)
// *** Execute ***
// Launch: 1 / 1
// Execute: dotnet Serialization.Bench-Overhead-Fixed-NoEnergy-6-1.dll --anonymousPipes 103 104 --benchmarkName Serialization.Bench.JsonSerializationBenchmarks.Utf8Json_Deserialize_Medium --job Overhead-Fixed-NoEnergy-6 --benchmarkId 8 in /home/test/rapl-tests/lib-energy-bench/src/Serialization.Bench/bin/Release/net8.0/Serialization.Bench-Overhead-Fixed-NoEnergy-6-1/bin/Release/net8.0
// BeforeAnythingElse

// Benchmark Process Environment Information:
// BenchmarkDotNet v0.15.5-develop (2025-12-31)
// Runtime=.NET 8.0.21 (8.0.21, 8.0.2125.47513), X64 RyuJIT x86-64-v4
// GC=Concurrent Workstation
// HardwareIntrinsics=AVX512 IFMA+VBMI,AVX512 F+BW+CD+DQ+VL,AVX2+BMI1+BMI2+F16C+FMA+LZCNT+MOVBE,AVX,SSE3+SSSE3+SSE4.1+SSE4.2+POPCNT,X86Base+SSE+SSE2,AES+PCLMUL VectorSize=256
// Job: Overhead-Fixed-NoEnergy-6(OutlierMode=DontRemove, IterationCount=15, IterationTime=1s, LaunchCount=1, WarmupCount=6)

OverheadJitting  1: 1 op, 141351.00 ns, 141.3510 us/op
WorkloadJitting  1: 1 op, 57741487.00 ns, 57.7415 ms/op

OverheadJitting  2: 16 op, 382183.00 ns, 23.8864 us/op
WorkloadJitting  2: 16 op, 4871981.00 ns, 304.4988 us/op

WorkloadPilot    1: 16 op, 4056882.00 ns, 253.5551 us/op
WorkloadPilot    2: 3952 op, 717242801.00 ns, 181.4886 us/op
WorkloadPilot    3: 5520 op, 352042367.00 ns, 63.7758 us/op
WorkloadPilot    4: 15680 op, 996372293.00 ns, 63.5442 us/op
WorkloadPilot    5: 15744 op, 999705981.00 ns, 63.4976 us/op
WorkloadPilot    6: 15760 op, 1003032994.00 ns, 63.6442 us/op
WorkloadPilot    7: 15712 op, 998504437.00 ns, 63.5504 us/op
WorkloadPilot    8: 15744 op, 1000138727.00 ns, 63.5251 us/op

OverheadWarmup   1: 15744 op, 57963.00 ns, 3.6816 ns/op
OverheadWarmup   2: 15744 op, 57015.00 ns, 3.6214 ns/op
OverheadWarmup   3: 15744 op, 61478.00 ns, 3.9049 ns/op
OverheadWarmup   4: 15744 op, 58080.00 ns, 3.6890 ns/op
OverheadWarmup   5: 15744 op, 58476.00 ns, 3.7142 ns/op
OverheadWarmup   6: 15744 op, 58060.00 ns, 3.6878 ns/op

OverheadActual   1: 15744 op, 57980.00 ns, 3.6827 ns/op
OverheadActual   2: 15744 op, 59776.00 ns, 3.7967 ns/op
OverheadActual   3: 15744 op, 57434.00 ns, 3.6480 ns/op
OverheadActual   4: 15744 op, 58172.00 ns, 3.6949 ns/op
OverheadActual   5: 15744 op, 58121.00 ns, 3.6916 ns/op
OverheadActual   6: 15744 op, 56934.00 ns, 3.6162 ns/op
OverheadActual   7: 15744 op, 57240.00 ns, 3.6357 ns/op
OverheadActual   8: 15744 op, 56949.00 ns, 3.6172 ns/op
OverheadActual   9: 15744 op, 56927.00 ns, 3.6158 ns/op
OverheadActual  10: 15744 op, 56941.00 ns, 3.6167 ns/op
OverheadActual  11: 15744 op, 57294.00 ns, 3.6391 ns/op
OverheadActual  12: 15744 op, 60774.00 ns, 3.8601 ns/op
OverheadActual  13: 15744 op, 63545.00 ns, 4.0361 ns/op
OverheadActual  14: 15744 op, 60868.00 ns, 3.8661 ns/op
OverheadActual  15: 15744 op, 58425.00 ns, 3.7109 ns/op

WorkloadWarmup   1: 15744 op, 1005375379.00 ns, 63.8577 us/op
WorkloadWarmup   2: 15744 op, 1000110607.00 ns, 63.5233 us/op
WorkloadWarmup   3: 15744 op, 1002956149.00 ns, 63.7040 us/op
WorkloadWarmup   4: 15744 op, 1000943496.00 ns, 63.5762 us/op
WorkloadWarmup   5: 15744 op, 1000469961.00 ns, 63.5461 us/op
WorkloadWarmup   6: 15744 op, 1000470573.00 ns, 63.5461 us/op

// BeforeActualRun
WorkloadActual   1: 15744 op, 1001237243.00 ns, 63.5948 us/op
WorkloadActual   2: 15744 op, 999671259.00 ns, 63.4954 us/op
WorkloadActual   3: 15744 op, 1000013499.00 ns, 63.5171 us/op
WorkloadActual   4: 15744 op, 1001544257.00 ns, 63.6143 us/op
WorkloadActual   5: 15744 op, 999971683.00 ns, 63.5145 us/op
WorkloadActual   6: 15744 op, 1000396665.00 ns, 63.5415 us/op
WorkloadActual   7: 15744 op, 999509924.00 ns, 63.4851 us/op
WorkloadActual   8: 15744 op, 1000360699.00 ns, 63.5392 us/op
WorkloadActual   9: 15744 op, 999532161.00 ns, 63.4865 us/op
WorkloadActual  10: 15744 op, 1000831361.00 ns, 63.5691 us/op
WorkloadActual  11: 15744 op, 1000313665.00 ns, 63.5362 us/op
WorkloadActual  12: 15744 op, 1000027819.00 ns, 63.5180 us/op
WorkloadActual  13: 15744 op, 999502077.00 ns, 63.4846 us/op
WorkloadActual  14: 15744 op, 1002191671.00 ns, 63.6555 us/op
WorkloadActual  15: 15744 op, 1000805340.00 ns, 63.5674 us/op

// AfterActualRun
WorkloadResult   1: 15744 op, 1001179263.00 ns, 63.5912 us/op
WorkloadResult   2: 15744 op, 999613279.00 ns, 63.4917 us/op
WorkloadResult   3: 15744 op, 999955519.00 ns, 63.5134 us/op
WorkloadResult   4: 15744 op, 1001486277.00 ns, 63.6107 us/op
WorkloadResult   5: 15744 op, 999913703.00 ns, 63.5108 us/op
WorkloadResult   6: 15744 op, 1000338685.00 ns, 63.5378 us/op
WorkloadResult   7: 15744 op, 999451944.00 ns, 63.4814 us/op
WorkloadResult   8: 15744 op, 1000302719.00 ns, 63.5355 us/op
WorkloadResult   9: 15744 op, 999474181.00 ns, 63.4829 us/op
WorkloadResult  10: 15744 op, 1000773381.00 ns, 63.5654 us/op
WorkloadResult  11: 15744 op, 1000255685.00 ns, 63.5325 us/op
WorkloadResult  12: 15744 op, 999969839.00 ns, 63.5143 us/op
WorkloadResult  13: 15744 op, 999444097.00 ns, 63.4810 us/op
WorkloadResult  14: 15744 op, 1002133691.00 ns, 63.6518 us/op
WorkloadResult  15: 15744 op, 1000747360.00 ns, 63.5637 us/op

// AfterAll
// Benchmark Process 4058872 has exited with code 0.

Mean = 63.538 μs, StdErr = 0.013 μs (0.02%), N = 15, StdDev = 0.051 μs
Min = 63.481 μs, Q1 = 63.501 μs, Median = 63.533 μs, Q3 = 63.565 μs, Max = 63.652 μs
IQR = 0.063 μs, LowerFence = 63.406 μs, UpperFence = 63.660 μs
ConfidenceInterval = [63.483 μs; 63.592 μs] (CI 99.9%), Margin = 0.054 μs (0.09% of Mean)
Skewness = 0.72, Kurtosis = 2.44, MValue = 2

// ** Remained 21 (70.0%) benchmark(s) to run. Estimated finish 2025-12-31 20:10 (0h 8m from now) **
// **************************
// Benchmark: JsonSerializationBenchmarks.SpanJson_Deserialize_Medium: Overhead-Fixed-NoEnergy-6(OutlierMode=DontRemove, IterationCount=15, IterationTime=1s, LaunchCount=1, WarmupCount=6)
// *** Execute ***
// Launch: 1 / 1
// Execute: dotnet Serialization.Bench-Overhead-Fixed-NoEnergy-6-1.dll --anonymousPipes 103 104 --benchmarkName Serialization.Bench.JsonSerializationBenchmarks.SpanJson_Deserialize_Medium --job Overhead-Fixed-NoEnergy-6 --benchmarkId 9 in /home/test/rapl-tests/lib-energy-bench/src/Serialization.Bench/bin/Release/net8.0/Serialization.Bench-Overhead-Fixed-NoEnergy-6-1/bin/Release/net8.0
// BeforeAnythingElse

// Benchmark Process Environment Information:
// BenchmarkDotNet v0.15.5-develop (2025-12-31)
// Runtime=.NET 8.0.21 (8.0.21, 8.0.2125.47513), X64 RyuJIT x86-64-v4
// GC=Concurrent Workstation
// HardwareIntrinsics=AVX512 IFMA+VBMI,AVX512 F+BW+CD+DQ+VL,AVX2+BMI1+BMI2+F16C+FMA+LZCNT+MOVBE,AVX,SSE3+SSSE3+SSE4.1+SSE4.2+POPCNT,X86Base+SSE+SSE2,AES+PCLMUL VectorSize=256
// Job: Overhead-Fixed-NoEnergy-6(OutlierMode=DontRemove, IterationCount=15, IterationTime=1s, LaunchCount=1, WarmupCount=6)

OverheadJitting  1: 1 op, 140202.00 ns, 140.2020 us/op
WorkloadJitting  1: 1 op, 102122729.00 ns, 102.1227 ms/op

WorkloadPilot    1: 4 op, 819262.00 ns, 204.8155 us/op
WorkloadPilot    2: 4882 op, 322247079.00 ns, 66.0072 us/op
WorkloadPilot    3: 15150 op, 628153851.00 ns, 41.4623 us/op
WorkloadPilot    4: 24118 op, 992744238.00 ns, 41.1620 us/op
WorkloadPilot    5: 24294 op, 1002925282.00 ns, 41.2828 us/op
WorkloadPilot    6: 24223 op, 1000137496.00 ns, 41.2888 us/op
WorkloadPilot    7: 24220 op, 1000478870.00 ns, 41.3080 us/op

WorkloadWarmup   1: 24220 op, 999517011.00 ns, 41.2682 us/op
WorkloadWarmup   2: 24220 op, 999510622.00 ns, 41.2680 us/op
WorkloadWarmup   3: 24220 op, 1000835303.00 ns, 41.3227 us/op
WorkloadWarmup   4: 24220 op, 1000501357.00 ns, 41.3089 us/op
WorkloadWarmup   5: 24220 op, 999366595.00 ns, 41.2620 us/op
WorkloadWarmup   6: 24220 op, 999741038.00 ns, 41.2775 us/op

// BeforeActualRun
WorkloadActual   1: 24220 op, 998284536.00 ns, 41.2174 us/op
WorkloadActual   2: 24220 op, 998672967.00 ns, 41.2334 us/op
WorkloadActual   3: 24220 op, 1001139114.00 ns, 41.3352 us/op
WorkloadActual   4: 24220 op, 1000371325.00 ns, 41.3035 us/op
WorkloadActual   5: 24220 op, 1001365511.00 ns, 41.3446 us/op
WorkloadActual   6: 24220 op, 1001570557.00 ns, 41.3530 us/op
WorkloadActual   7: 24220 op, 999674051.00 ns, 41.2747 us/op
WorkloadActual   8: 24220 op, 1001687052.00 ns, 41.3578 us/op
WorkloadActual   9: 24220 op, 1000473508.00 ns, 41.3077 us/op
WorkloadActual  10: 24220 op, 1001388169.00 ns, 41.3455 us/op
WorkloadActual  11: 24220 op, 999843887.00 ns, 41.2817 us/op
WorkloadActual  12: 24220 op, 999704145.00 ns, 41.2760 us/op
WorkloadActual  13: 24220 op, 1000156477.00 ns, 41.2947 us/op
WorkloadActual  14: 24220 op, 1001019398.00 ns, 41.3303 us/op
WorkloadActual  15: 24220 op, 998942128.00 ns, 41.2445 us/op

// AfterActualRun
WorkloadResult   1: 24220 op, 998284536.00 ns, 41.2174 us/op
WorkloadResult   2: 24220 op, 998672967.00 ns, 41.2334 us/op
WorkloadResult   3: 24220 op, 1001139114.00 ns, 41.3352 us/op
WorkloadResult   4: 24220 op, 1000371325.00 ns, 41.3035 us/op
WorkloadResult   5: 24220 op, 1001365511.00 ns, 41.3446 us/op
WorkloadResult   6: 24220 op, 1001570557.00 ns, 41.3530 us/op
WorkloadResult   7: 24220 op, 999674051.00 ns, 41.2747 us/op
WorkloadResult   8: 24220 op, 1001687052.00 ns, 41.3578 us/op
WorkloadResult   9: 24220 op, 1000473508.00 ns, 41.3077 us/op
WorkloadResult  10: 24220 op, 1001388169.00 ns, 41.3455 us/op
WorkloadResult  11: 24220 op, 999843887.00 ns, 41.2817 us/op
WorkloadResult  12: 24220 op, 999704145.00 ns, 41.2760 us/op
WorkloadResult  13: 24220 op, 1000156477.00 ns, 41.2947 us/op
WorkloadResult  14: 24220 op, 1001019398.00 ns, 41.3303 us/op
WorkloadResult  15: 24220 op, 998942128.00 ns, 41.2445 us/op

// AfterAll
// Benchmark Process 4058890 has exited with code 0.

Mean = 41.300 μs, StdErr = 0.012 μs (0.03%), N = 15, StdDev = 0.045 μs
Min = 41.217 μs, Q1 = 41.275 μs, Median = 41.304 μs, Q3 = 41.340 μs, Max = 41.358 μs
IQR = 0.065 μs, LowerFence = 41.179 μs, UpperFence = 41.437 μs
ConfidenceInterval = [41.252 μs; 41.348 μs] (CI 99.9%), Margin = 0.048 μs (0.12% of Mean)
Skewness = -0.34, Kurtosis = 1.73, MValue = 2

// ** Remained 20 (66.7%) benchmark(s) to run. Estimated finish 2025-12-31 20:10 (0h 8m from now) **
// **************************
// Benchmark: JsonSerializationBenchmarks.STJ_Deserialize_Small: Overhead-Fixed-NoEnergy-6(OutlierMode=DontRemove, IterationCount=15, IterationTime=1s, LaunchCount=1, WarmupCount=6)
// *** Execute ***
// Launch: 1 / 1
// Execute: dotnet Serialization.Bench-Overhead-Fixed-NoEnergy-6-1.dll --anonymousPipes 103 104 --benchmarkName Serialization.Bench.JsonSerializationBenchmarks.STJ_Deserialize_Small --job Overhead-Fixed-NoEnergy-6 --benchmarkId 10 in /home/test/rapl-tests/lib-energy-bench/src/Serialization.Bench/bin/Release/net8.0/Serialization.Bench-Overhead-Fixed-NoEnergy-6-1/bin/Release/net8.0
// BeforeAnythingElse

// Benchmark Process Environment Information:
// BenchmarkDotNet v0.15.5-develop (2025-12-31)
// Runtime=.NET 8.0.21 (8.0.21, 8.0.2125.47513), X64 RyuJIT x86-64-v4
// GC=Concurrent Workstation
// HardwareIntrinsics=AVX512 IFMA+VBMI,AVX512 F+BW+CD+DQ+VL,AVX2+BMI1+BMI2+F16C+FMA+LZCNT+MOVBE,AVX,SSE3+SSSE3+SSE4.1+SSE4.2+POPCNT,X86Base+SSE+SSE2,AES+PCLMUL VectorSize=256
// Job: Overhead-Fixed-NoEnergy-6(OutlierMode=DontRemove, IterationCount=15, IterationTime=1s, LaunchCount=1, WarmupCount=6)

OverheadJitting  1: 1 op, 140613.00 ns, 140.6130 us/op
WorkloadJitting  1: 1 op, 196894.00 ns, 196.8940 us/op

OverheadJitting  2: 16 op, 386029.00 ns, 24.1268 us/op
WorkloadJitting  2: 16 op, 474790.00 ns, 29.6744 us/op

WorkloadPilot    1: 16 op, 96179.00 ns, 6.0112 us/op
WorkloadPilot    2: 166368 op, 583212309.00 ns, 3.5056 us/op
WorkloadPilot    3: 285264 op, 566369074.00 ns, 1.9854 us/op
WorkloadPilot    4: 503680 op, 1000459856.00 ns, 1.9863 us/op
WorkloadPilot    5: 503456 op, 999551943.00 ns, 1.9854 us/op
WorkloadPilot    6: 503696 op, 995016858.00 ns, 1.9754 us/op
WorkloadPilot    7: 506224 op, 1004415170.00 ns, 1.9841 us/op
WorkloadPilot    8: 504000 op, 1000301522.00 ns, 1.9847 us/op

OverheadWarmup   1: 504000 op, 1717868.00 ns, 3.4085 ns/op
OverheadWarmup   2: 504000 op, 1730407.00 ns, 3.4333 ns/op
OverheadWarmup   3: 504000 op, 1736941.00 ns, 3.4463 ns/op
OverheadWarmup   4: 504000 op, 1726148.00 ns, 3.4249 ns/op
OverheadWarmup   5: 504000 op, 1729392.00 ns, 3.4313 ns/op
OverheadWarmup   6: 504000 op, 1719311.00 ns, 3.4113 ns/op

OverheadActual   1: 504000 op, 1732153.00 ns, 3.4368 ns/op
OverheadActual   2: 504000 op, 1725689.00 ns, 3.4240 ns/op
OverheadActual   3: 504000 op, 1725115.00 ns, 3.4228 ns/op
OverheadActual   4: 504000 op, 1742499.00 ns, 3.4573 ns/op
OverheadActual   5: 504000 op, 1732390.00 ns, 3.4373 ns/op
OverheadActual   6: 504000 op, 1725050.00 ns, 3.4227 ns/op
OverheadActual   7: 504000 op, 1724606.00 ns, 3.4218 ns/op
OverheadActual   8: 504000 op, 1727274.00 ns, 3.4271 ns/op
OverheadActual   9: 504000 op, 1721411.00 ns, 3.4155 ns/op
OverheadActual  10: 504000 op, 1729691.00 ns, 3.4319 ns/op
OverheadActual  11: 504000 op, 1745308.00 ns, 3.4629 ns/op
OverheadActual  12: 504000 op, 1740442.00 ns, 3.4533 ns/op
OverheadActual  13: 504000 op, 1785395.00 ns, 3.5425 ns/op
OverheadActual  14: 504000 op, 1762958.00 ns, 3.4979 ns/op
OverheadActual  15: 504000 op, 1732623.00 ns, 3.4377 ns/op

WorkloadWarmup   1: 504000 op, 1002124780.00 ns, 1.9883 us/op
WorkloadWarmup   2: 504000 op, 1000391698.00 ns, 1.9849 us/op
WorkloadWarmup   3: 504000 op, 995789617.00 ns, 1.9758 us/op
WorkloadWarmup   4: 504000 op, 997267440.00 ns, 1.9787 us/op
WorkloadWarmup   5: 504000 op, 995019240.00 ns, 1.9742 us/op
WorkloadWarmup   6: 504000 op, 997335858.00 ns, 1.9788 us/op

// BeforeActualRun
WorkloadActual   1: 504000 op, 1000026336.00 ns, 1.9842 us/op
WorkloadActual   2: 504000 op, 1000623165.00 ns, 1.9854 us/op
WorkloadActual   3: 504000 op, 1000779737.00 ns, 1.9857 us/op
WorkloadActual   4: 504000 op, 1001048391.00 ns, 1.9862 us/op
WorkloadActual   5: 504000 op, 1000013629.00 ns, 1.9842 us/op
WorkloadActual   6: 504000 op, 1000702492.00 ns, 1.9855 us/op
WorkloadActual   7: 504000 op, 1000414981.00 ns, 1.9850 us/op
WorkloadActual   8: 504000 op, 999277881.00 ns, 1.9827 us/op
WorkloadActual   9: 504000 op, 999137162.00 ns, 1.9824 us/op
WorkloadActual  10: 504000 op, 1002131292.00 ns, 1.9884 us/op
WorkloadActual  11: 504000 op, 1001616554.00 ns, 1.9873 us/op
WorkloadActual  12: 504000 op, 1000856986.00 ns, 1.9858 us/op
WorkloadActual  13: 504000 op, 997713701.00 ns, 1.9796 us/op
WorkloadActual  14: 504000 op, 1000587549.00 ns, 1.9853 us/op
WorkloadActual  15: 504000 op, 1000319199.00 ns, 1.9848 us/op

// AfterActualRun
WorkloadResult   1: 504000 op, 998294183.00 ns, 1.9807 us/op
WorkloadResult   2: 504000 op, 998891012.00 ns, 1.9819 us/op
WorkloadResult   3: 504000 op, 999047584.00 ns, 1.9822 us/op
WorkloadResult   4: 504000 op, 999316238.00 ns, 1.9828 us/op
WorkloadResult   5: 504000 op, 998281476.00 ns, 1.9807 us/op
WorkloadResult   6: 504000 op, 998970339.00 ns, 1.9821 us/op
WorkloadResult   7: 504000 op, 998682828.00 ns, 1.9815 us/op
WorkloadResult   8: 504000 op, 997545728.00 ns, 1.9793 us/op
WorkloadResult   9: 504000 op, 997405009.00 ns, 1.9790 us/op
WorkloadResult  10: 504000 op, 1000399139.00 ns, 1.9849 us/op
WorkloadResult  11: 504000 op, 999884401.00 ns, 1.9839 us/op
WorkloadResult  12: 504000 op, 999124833.00 ns, 1.9824 us/op
WorkloadResult  13: 504000 op, 995981548.00 ns, 1.9762 us/op
WorkloadResult  14: 504000 op, 998855396.00 ns, 1.9819 us/op
WorkloadResult  15: 504000 op, 998587046.00 ns, 1.9813 us/op

// AfterAll
// Benchmark Process 4058905 has exited with code 0.

Mean = 1.981 μs, StdErr = 0.001 μs (0.03%), N = 15, StdDev = 0.002 μs
Min = 1.976 μs, Q1 = 1.981 μs, Median = 1.982 μs, Q3 = 1.982 μs, Max = 1.985 μs
IQR = 0.002 μs, LowerFence = 1.978 μs, UpperFence = 1.985 μs
ConfidenceInterval = [1.979 μs; 1.984 μs] (CI 99.9%), Margin = 0.002 μs (0.11% of Mean)
Skewness = -0.73, Kurtosis = 3.41, MValue = 2

// ** Remained 19 (63.3%) benchmark(s) to run. Estimated finish 2025-12-31 20:10 (0h 8m from now) **
// **************************
// Benchmark: JsonSerializationBenchmarks.Newtonsoft_Deserialize_Small: Overhead-Fixed-NoEnergy-6(OutlierMode=DontRemove, IterationCount=15, IterationTime=1s, LaunchCount=1, WarmupCount=6)
// *** Execute ***
// Launch: 1 / 1
// Execute: dotnet Serialization.Bench-Overhead-Fixed-NoEnergy-6-1.dll --anonymousPipes 103 104 --benchmarkName Serialization.Bench.JsonSerializationBenchmarks.Newtonsoft_Deserialize_Small --job Overhead-Fixed-NoEnergy-6 --benchmarkId 11 in /home/test/rapl-tests/lib-energy-bench/src/Serialization.Bench/bin/Release/net8.0/Serialization.Bench-Overhead-Fixed-NoEnergy-6-1/bin/Release/net8.0
// BeforeAnythingElse

// Benchmark Process Environment Information:
// BenchmarkDotNet v0.15.5-develop (2025-12-31)
// Runtime=.NET 8.0.21 (8.0.21, 8.0.2125.47513), X64 RyuJIT x86-64-v4
// GC=Concurrent Workstation
// HardwareIntrinsics=AVX512 IFMA+VBMI,AVX512 F+BW+CD+DQ+VL,AVX2+BMI1+BMI2+F16C+FMA+LZCNT+MOVBE,AVX,SSE3+SSSE3+SSE4.1+SSE4.2+POPCNT,X86Base+SSE+SSE2,AES+PCLMUL VectorSize=256
// Job: Overhead-Fixed-NoEnergy-6(OutlierMode=DontRemove, IterationCount=15, IterationTime=1s, LaunchCount=1, WarmupCount=6)

OverheadJitting  1: 1 op, 139830.00 ns, 139.8300 us/op
WorkloadJitting  1: 1 op, 42229460.00 ns, 42.2295 ms/op

OverheadJitting  2: 16 op, 392645.00 ns, 24.5403 us/op
WorkloadJitting  2: 16 op, 821623.00 ns, 51.3514 us/op

WorkloadPilot    1: 16 op, 417688.00 ns, 26.1055 us/op
WorkloadPilot    2: 38320 op, 266820275.00 ns, 6.9630 us/op
WorkloadPilot    3: 143632 op, 513899809.00 ns, 3.5779 us/op
WorkloadPilot    4: 279504 op, 994205641.00 ns, 3.5570 us/op
WorkloadPilot    5: 281136 op, 1000339995.00 ns, 3.5582 us/op
WorkloadPilot    6: 281040 op, 999824215.00 ns, 3.5576 us/op
WorkloadPilot    7: 281104 op, 998865404.00 ns, 3.5534 us/op
WorkloadPilot    8: 281424 op, 1004419074.00 ns, 3.5691 us/op
WorkloadPilot    9: 280192 op, 1002892535.00 ns, 3.5793 us/op

OverheadWarmup   1: 280192 op, 961907.00 ns, 3.4330 ns/op
OverheadWarmup   2: 280192 op, 962871.00 ns, 3.4365 ns/op
OverheadWarmup   3: 280192 op, 960592.00 ns, 3.4283 ns/op
OverheadWarmup   4: 280192 op, 967158.00 ns, 3.4518 ns/op
OverheadWarmup   5: 280192 op, 966374.00 ns, 3.4490 ns/op

OverheadActual   1: 280192 op, 961719.00 ns, 3.4324 ns/op
OverheadActual   2: 280192 op, 964409.00 ns, 3.4420 ns/op
OverheadActual   3: 280192 op, 962632.00 ns, 3.4356 ns/op
OverheadActual   4: 280192 op, 963059.00 ns, 3.4371 ns/op
OverheadActual   5: 280192 op, 962241.00 ns, 3.4342 ns/op
OverheadActual   6: 280192 op, 962954.00 ns, 3.4368 ns/op
OverheadActual   7: 280192 op, 962485.00 ns, 3.4351 ns/op
OverheadActual   8: 280192 op, 962889.00 ns, 3.4365 ns/op
OverheadActual   9: 280192 op, 966520.00 ns, 3.4495 ns/op
OverheadActual  10: 280192 op, 976580.00 ns, 3.4854 ns/op
OverheadActual  11: 280192 op, 966359.00 ns, 3.4489 ns/op
OverheadActual  12: 280192 op, 980598.00 ns, 3.4997 ns/op
OverheadActual  13: 280192 op, 979119.00 ns, 3.4945 ns/op
OverheadActual  14: 280192 op, 964177.00 ns, 3.4411 ns/op
OverheadActual  15: 280192 op, 978697.00 ns, 3.4930 ns/op

WorkloadWarmup   1: 280192 op, 999777284.00 ns, 3.5682 us/op
WorkloadWarmup   2: 280192 op, 998490074.00 ns, 3.5636 us/op
WorkloadWarmup   3: 280192 op, 996034408.00 ns, 3.5548 us/op
WorkloadWarmup   4: 280192 op, 995551243.00 ns, 3.5531 us/op
WorkloadWarmup   5: 280192 op, 995620352.00 ns, 3.5534 us/op
WorkloadWarmup   6: 280192 op, 995829732.00 ns, 3.5541 us/op

// BeforeActualRun
WorkloadActual   1: 280192 op, 996736010.00 ns, 3.5573 us/op
WorkloadActual   2: 280192 op, 996653014.00 ns, 3.5570 us/op
WorkloadActual   3: 280192 op, 997475065.00 ns, 3.5600 us/op
WorkloadActual   4: 280192 op, 997567731.00 ns, 3.5603 us/op
WorkloadActual   5: 280192 op, 996787718.00 ns, 3.5575 us/op
WorkloadActual   6: 280192 op, 996530255.00 ns, 3.5566 us/op
WorkloadActual   7: 280192 op, 997560512.00 ns, 3.5603 us/op
WorkloadActual   8: 280192 op, 996971320.00 ns, 3.5582 us/op
WorkloadActual   9: 280192 op, 997201520.00 ns, 3.5590 us/op
WorkloadActual  10: 280192 op, 997748069.00 ns, 3.5609 us/op
WorkloadActual  11: 280192 op, 996981171.00 ns, 3.5582 us/op
WorkloadActual  12: 280192 op, 997151028.00 ns, 3.5588 us/op
WorkloadActual  13: 280192 op, 996922768.00 ns, 3.5580 us/op
WorkloadActual  14: 280192 op, 996950248.00 ns, 3.5581 us/op
WorkloadActual  15: 280192 op, 996763510.00 ns, 3.5574 us/op

// AfterActualRun
WorkloadResult   1: 280192 op, 995771833.00 ns, 3.5539 us/op
WorkloadResult   2: 280192 op, 995688837.00 ns, 3.5536 us/op
WorkloadResult   3: 280192 op, 996510888.00 ns, 3.5565 us/op
WorkloadResult   4: 280192 op, 996603554.00 ns, 3.5569 us/op
WorkloadResult   5: 280192 op, 995823541.00 ns, 3.5541 us/op
WorkloadResult   6: 280192 op, 995566078.00 ns, 3.5532 us/op
WorkloadResult   7: 280192 op, 996596335.00 ns, 3.5568 us/op
WorkloadResult   8: 280192 op, 996007143.00 ns, 3.5547 us/op
WorkloadResult   9: 280192 op, 996237343.00 ns, 3.5556 us/op
WorkloadResult  10: 280192 op, 996783892.00 ns, 3.5575 us/op
WorkloadResult  11: 280192 op, 996016994.00 ns, 3.5548 us/op
WorkloadResult  12: 280192 op, 996186851.00 ns, 3.5554 us/op
WorkloadResult  13: 280192 op, 995958591.00 ns, 3.5546 us/op
WorkloadResult  14: 280192 op, 995986071.00 ns, 3.5547 us/op
WorkloadResult  15: 280192 op, 995799333.00 ns, 3.5540 us/op

// AfterAll
// Benchmark Process 4058922 has exited with code 0.

Mean = 3.555 μs, StdErr = 0.000 μs (0.01%), N = 15, StdDev = 0.001 μs
Min = 3.553 μs, Q1 = 3.554 μs, Median = 3.555 μs, Q3 = 3.556 μs, Max = 3.558 μs
IQR = 0.002 μs, LowerFence = 3.551 μs, UpperFence = 3.559 μs
ConfidenceInterval = [3.554 μs; 3.556 μs] (CI 99.9%), Margin = 0.001 μs (0.04% of Mean)
Skewness = 0.41, Kurtosis = 1.76, MValue = 2

// ** Remained 18 (60.0%) benchmark(s) to run. Estimated finish 2025-12-31 20:10 (0h 7m from now) **
// **************************
// Benchmark: JsonSerializationBenchmarks.Jil_Deserialize_Small: Overhead-Fixed-NoEnergy-6(OutlierMode=DontRemove, IterationCount=15, IterationTime=1s, LaunchCount=1, WarmupCount=6)
// *** Execute ***
// Launch: 1 / 1
// Execute: dotnet Serialization.Bench-Overhead-Fixed-NoEnergy-6-1.dll --anonymousPipes 103 104 --benchmarkName Serialization.Bench.JsonSerializationBenchmarks.Jil_Deserialize_Small --job Overhead-Fixed-NoEnergy-6 --benchmarkId 12 in /home/test/rapl-tests/lib-energy-bench/src/Serialization.Bench/bin/Release/net8.0/Serialization.Bench-Overhead-Fixed-NoEnergy-6-1/bin/Release/net8.0
// BeforeAnythingElse

// Benchmark Process Environment Information:
// BenchmarkDotNet v0.15.5-develop (2025-12-31)
// Runtime=.NET 8.0.21 (8.0.21, 8.0.2125.47513), X64 RyuJIT x86-64-v4
// GC=Concurrent Workstation
// HardwareIntrinsics=AVX512 IFMA+VBMI,AVX512 F+BW+CD+DQ+VL,AVX2+BMI1+BMI2+F16C+FMA+LZCNT+MOVBE,AVX,SSE3+SSSE3+SSE4.1+SSE4.2+POPCNT,X86Base+SSE+SSE2,AES+PCLMUL VectorSize=256
// Job: Overhead-Fixed-NoEnergy-6(OutlierMode=DontRemove, IterationCount=15, IterationTime=1s, LaunchCount=1, WarmupCount=6)

OverheadJitting  1: 1 op, 140012.00 ns, 140.0120 us/op
WorkloadJitting  1: 1 op, 115064193.00 ns, 115.0642 ms/op

WorkloadPilot    1: 4 op, 41075.00 ns, 10.2688 us/op
WorkloadPilot    2: 97383 op, 319896301.00 ns, 3.2849 us/op
WorkloadPilot    3: 304421 op, 693960741.00 ns, 2.2796 us/op
WorkloadPilot    4: 438672 op, 992676653.00 ns, 2.2629 us/op
WorkloadPilot    5: 441908 op, 1001824335.00 ns, 2.2670 us/op
WorkloadPilot    6: 441103 op, 1000752218.00 ns, 2.2687 us/op
WorkloadPilot    7: 440771 op, 1000884881.00 ns, 2.2708 us/op

WorkloadWarmup   1: 440771 op, 997095039.00 ns, 2.2622 us/op
WorkloadWarmup   2: 440771 op, 1002240154.00 ns, 2.2738 us/op
WorkloadWarmup   3: 440771 op, 1000706033.00 ns, 2.2704 us/op
WorkloadWarmup   4: 440771 op, 1001770329.00 ns, 2.2728 us/op
WorkloadWarmup   5: 440771 op, 1000279779.00 ns, 2.2694 us/op
WorkloadWarmup   6: 440771 op, 1001631610.00 ns, 2.2725 us/op

// BeforeActualRun
WorkloadActual   1: 440771 op, 998421649.00 ns, 2.2652 us/op
WorkloadActual   2: 440771 op, 999538525.00 ns, 2.2677 us/op
WorkloadActual   3: 440771 op, 999776243.00 ns, 2.2682 us/op
WorkloadActual   4: 440771 op, 1000518875.00 ns, 2.2699 us/op
WorkloadActual   5: 440771 op, 1000086135.00 ns, 2.2689 us/op
WorkloadActual   6: 440771 op, 999424138.00 ns, 2.2674 us/op
WorkloadActual   7: 440771 op, 1000915951.00 ns, 2.2708 us/op
WorkloadActual   8: 440771 op, 999696248.00 ns, 2.2681 us/op
WorkloadActual   9: 440771 op, 999882000.00 ns, 2.2685 us/op
WorkloadActual  10: 440771 op, 999229795.00 ns, 2.2670 us/op
WorkloadActual  11: 440771 op, 999588292.00 ns, 2.2678 us/op
WorkloadActual  12: 440771 op, 1000867415.00 ns, 2.2707 us/op
WorkloadActual  13: 440771 op, 1001448291.00 ns, 2.2720 us/op
WorkloadActual  14: 440771 op, 1000615021.00 ns, 2.2701 us/op
WorkloadActual  15: 440771 op, 999225281.00 ns, 2.2670 us/op

// AfterActualRun
WorkloadResult   1: 440771 op, 998421649.00 ns, 2.2652 us/op
WorkloadResult   2: 440771 op, 999538525.00 ns, 2.2677 us/op
WorkloadResult   3: 440771 op, 999776243.00 ns, 2.2682 us/op
WorkloadResult   4: 440771 op, 1000518875.00 ns, 2.2699 us/op
WorkloadResult   5: 440771 op, 1000086135.00 ns, 2.2689 us/op
WorkloadResult   6: 440771 op, 999424138.00 ns, 2.2674 us/op
WorkloadResult   7: 440771 op, 1000915951.00 ns, 2.2708 us/op
WorkloadResult   8: 440771 op, 999696248.00 ns, 2.2681 us/op
WorkloadResult   9: 440771 op, 999882000.00 ns, 2.2685 us/op
WorkloadResult  10: 440771 op, 999229795.00 ns, 2.2670 us/op
WorkloadResult  11: 440771 op, 999588292.00 ns, 2.2678 us/op
WorkloadResult  12: 440771 op, 1000867415.00 ns, 2.2707 us/op
WorkloadResult  13: 440771 op, 1001448291.00 ns, 2.2720 us/op
WorkloadResult  14: 440771 op, 1000615021.00 ns, 2.2701 us/op
WorkloadResult  15: 440771 op, 999225281.00 ns, 2.2670 us/op

// AfterAll
// Benchmark Process 4058938 has exited with code 0.

Mean = 2.269 μs, StdErr = 0.000 μs (0.02%), N = 15, StdDev = 0.002 μs
Min = 2.265 μs, Q1 = 2.268 μs, Median = 2.268 μs, Q3 = 2.270 μs, Max = 2.272 μs
IQR = 0.002 μs, LowerFence = 2.264 μs, UpperFence = 2.274 μs
ConfidenceInterval = [2.267 μs; 2.271 μs] (CI 99.9%), Margin = 0.002 μs (0.09% of Mean)
Skewness = 0.12, Kurtosis = 2.17, MValue = 2

// ** Remained 17 (56.7%) benchmark(s) to run. Estimated finish 2025-12-31 20:10 (0h 7m from now) **
// **************************
// Benchmark: JsonSerializationBenchmarks.Utf8Json_Deserialize_Small: Overhead-Fixed-NoEnergy-6(OutlierMode=DontRemove, IterationCount=15, IterationTime=1s, LaunchCount=1, WarmupCount=6)
// *** Execute ***
// Launch: 1 / 1
// Execute: dotnet Serialization.Bench-Overhead-Fixed-NoEnergy-6-1.dll --anonymousPipes 103 104 --benchmarkName Serialization.Bench.JsonSerializationBenchmarks.Utf8Json_Deserialize_Small --job Overhead-Fixed-NoEnergy-6 --benchmarkId 13 in /home/test/rapl-tests/lib-energy-bench/src/Serialization.Bench/bin/Release/net8.0/Serialization.Bench-Overhead-Fixed-NoEnergy-6-1/bin/Release/net8.0
// BeforeAnythingElse

// Benchmark Process Environment Information:
// BenchmarkDotNet v0.15.5-develop (2025-12-31)
// Runtime=.NET 8.0.21 (8.0.21, 8.0.2125.47513), X64 RyuJIT x86-64-v4
// GC=Concurrent Workstation
// HardwareIntrinsics=AVX512 IFMA+VBMI,AVX512 F+BW+CD+DQ+VL,AVX2+BMI1+BMI2+F16C+FMA+LZCNT+MOVBE,AVX,SSE3+SSSE3+SSE4.1+SSE4.2+POPCNT,X86Base+SSE+SSE2,AES+PCLMUL VectorSize=256
// Job: Overhead-Fixed-NoEnergy-6(OutlierMode=DontRemove, IterationCount=15, IterationTime=1s, LaunchCount=1, WarmupCount=6)

OverheadJitting  1: 1 op, 139917.00 ns, 139.9170 us/op
WorkloadJitting  1: 1 op, 48274554.00 ns, 48.2746 ms/op

OverheadJitting  2: 16 op, 388746.00 ns, 24.2966 us/op
WorkloadJitting  2: 16 op, 660324.00 ns, 41.2703 us/op

WorkloadPilot    1: 16 op, 248978.00 ns, 15.5611 us/op
WorkloadPilot    2: 64272 op, 574244678.00 ns, 8.9346 us/op
WorkloadPilot    3: 111936 op, 218779104.00 ns, 1.9545 us/op
WorkloadPilot    4: 511648 op, 990046458.00 ns, 1.9350 us/op
WorkloadPilot    5: 516800 op, 995216497.00 ns, 1.9257 us/op
WorkloadPilot    6: 519296 op, 1002094773.00 ns, 1.9297 us/op
WorkloadPilot    7: 518224 op, 998809090.00 ns, 1.9274 us/op
WorkloadPilot    8: 518848 op, 998640076.00 ns, 1.9247 us/op
WorkloadPilot    9: 519568 op, 1000884402.00 ns, 1.9264 us/op
WorkloadPilot   10: 519120 op, 1015197179.00 ns, 1.9556 us/op

OverheadWarmup   1: 519120 op, 1762008.00 ns, 3.3942 ns/op
OverheadWarmup   2: 519120 op, 1768591.00 ns, 3.4069 ns/op
OverheadWarmup   3: 519120 op, 1776997.00 ns, 3.4231 ns/op
OverheadWarmup   4: 519120 op, 1798856.00 ns, 3.4652 ns/op
OverheadWarmup   5: 519120 op, 1767843.00 ns, 3.4055 ns/op
OverheadWarmup   6: 519120 op, 1790221.00 ns, 3.4486 ns/op
OverheadWarmup   7: 519120 op, 1770402.00 ns, 3.4104 ns/op

OverheadActual   1: 519120 op, 1770258.00 ns, 3.4101 ns/op
OverheadActual   2: 519120 op, 1767886.00 ns, 3.4055 ns/op
OverheadActual   3: 519120 op, 1764131.00 ns, 3.3983 ns/op
OverheadActual   4: 519120 op, 1764944.00 ns, 3.3999 ns/op
OverheadActual   5: 519120 op, 1773021.00 ns, 3.4154 ns/op
OverheadActual   6: 519120 op, 1769709.00 ns, 3.4091 ns/op
OverheadActual   7: 519120 op, 1769058.00 ns, 3.4078 ns/op
OverheadActual   8: 519120 op, 1766992.00 ns, 3.4038 ns/op
OverheadActual   9: 519120 op, 1767013.00 ns, 3.4039 ns/op
OverheadActual  10: 519120 op, 1768806.00 ns, 3.4073 ns/op
OverheadActual  11: 519120 op, 1764527.00 ns, 3.3991 ns/op
OverheadActual  12: 519120 op, 1769644.00 ns, 3.4089 ns/op
OverheadActual  13: 519120 op, 1771213.00 ns, 3.4120 ns/op
OverheadActual  14: 519120 op, 1770742.00 ns, 3.4110 ns/op
OverheadActual  15: 519120 op, 1769607.00 ns, 3.4089 ns/op

WorkloadWarmup   1: 519120 op, 1030945408.00 ns, 1.9859 us/op
WorkloadWarmup   2: 519120 op, 1001592818.00 ns, 1.9294 us/op
WorkloadWarmup   3: 519120 op, 1003817068.00 ns, 1.9337 us/op
WorkloadWarmup   4: 519120 op, 1000042911.00 ns, 1.9264 us/op
WorkloadWarmup   5: 519120 op, 1000171732.00 ns, 1.9267 us/op
WorkloadWarmup   6: 519120 op, 999617767.00 ns, 1.9256 us/op

// BeforeActualRun
WorkloadActual   1: 519120 op, 1001963502.00 ns, 1.9301 us/op
WorkloadActual   2: 519120 op, 999372551.00 ns, 1.9251 us/op
WorkloadActual   3: 519120 op, 999273173.00 ns, 1.9249 us/op
WorkloadActual   4: 519120 op, 1000465206.00 ns, 1.9272 us/op
WorkloadActual   5: 519120 op, 1003477733.00 ns, 1.9330 us/op
WorkloadActual   6: 519120 op, 998935792.00 ns, 1.9243 us/op
WorkloadActual   7: 519120 op, 998520419.00 ns, 1.9235 us/op
WorkloadActual   8: 519120 op, 998571216.00 ns, 1.9236 us/op
WorkloadActual   9: 519120 op, 1015391699.00 ns, 1.9560 us/op
WorkloadActual  10: 519120 op, 1001503776.00 ns, 1.9292 us/op
WorkloadActual  11: 519120 op, 999926826.00 ns, 1.9262 us/op
WorkloadActual  12: 519120 op, 1005007196.00 ns, 1.9360 us/op
WorkloadActual  13: 519120 op, 1001100125.00 ns, 1.9285 us/op
WorkloadActual  14: 519120 op, 1000174804.00 ns, 1.9267 us/op
WorkloadActual  15: 519120 op, 998941277.00 ns, 1.9243 us/op

// AfterActualRun
WorkloadResult   1: 519120 op, 1000194444.00 ns, 1.9267 us/op
WorkloadResult   2: 519120 op, 997603493.00 ns, 1.9217 us/op
WorkloadResult   3: 519120 op, 997504115.00 ns, 1.9215 us/op
WorkloadResult   4: 519120 op, 998696148.00 ns, 1.9238 us/op
WorkloadResult   5: 519120 op, 1001708675.00 ns, 1.9296 us/op
WorkloadResult   6: 519120 op, 997166734.00 ns, 1.9209 us/op
WorkloadResult   7: 519120 op, 996751361.00 ns, 1.9201 us/op
WorkloadResult   8: 519120 op, 996802158.00 ns, 1.9202 us/op
WorkloadResult   9: 519120 op, 1013622641.00 ns, 1.9526 us/op
WorkloadResult  10: 519120 op, 999734718.00 ns, 1.9258 us/op
WorkloadResult  11: 519120 op, 998157768.00 ns, 1.9228 us/op
WorkloadResult  12: 519120 op, 1003238138.00 ns, 1.9326 us/op
WorkloadResult  13: 519120 op, 999331067.00 ns, 1.9250 us/op
WorkloadResult  14: 519120 op, 998405746.00 ns, 1.9233 us/op
WorkloadResult  15: 519120 op, 997172219.00 ns, 1.9209 us/op

// AfterAll
// Benchmark Process 4058955 has exited with code 0.

Mean = 1.926 μs, StdErr = 0.002 μs (0.11%), N = 15, StdDev = 0.008 μs
Min = 1.920 μs, Q1 = 1.921 μs, Median = 1.923 μs, Q3 = 1.926 μs, Max = 1.953 μs
IQR = 0.005 μs, LowerFence = 1.914 μs, UpperFence = 1.934 μs
ConfidenceInterval = [1.917 μs; 1.935 μs] (CI 99.9%), Margin = 0.009 μs (0.46% of Mean)
Skewness = 2.24, Kurtosis = 7.56, MValue = 2

// ** Remained 16 (53.3%) benchmark(s) to run. Estimated finish 2025-12-31 20:11 (0h 7m from now) **
// **************************
// Benchmark: JsonSerializationBenchmarks.SpanJson_Deserialize_Small: Overhead-Fixed-NoEnergy-6(OutlierMode=DontRemove, IterationCount=15, IterationTime=1s, LaunchCount=1, WarmupCount=6)
// *** Execute ***
// Launch: 1 / 1
// Execute: dotnet Serialization.Bench-Overhead-Fixed-NoEnergy-6-1.dll --anonymousPipes 103 104 --benchmarkName Serialization.Bench.JsonSerializationBenchmarks.SpanJson_Deserialize_Small --job Overhead-Fixed-NoEnergy-6 --benchmarkId 14 in /home/test/rapl-tests/lib-energy-bench/src/Serialization.Bench/bin/Release/net8.0/Serialization.Bench-Overhead-Fixed-NoEnergy-6-1/bin/Release/net8.0
// BeforeAnythingElse

// Benchmark Process Environment Information:
// BenchmarkDotNet v0.15.5-develop (2025-12-31)
// Runtime=.NET 8.0.21 (8.0.21, 8.0.2125.47513), X64 RyuJIT x86-64-v4
// GC=Concurrent Workstation
// HardwareIntrinsics=AVX512 IFMA+VBMI,AVX512 F+BW+CD+DQ+VL,AVX2+BMI1+BMI2+F16C+FMA+LZCNT+MOVBE,AVX,SSE3+SSSE3+SSE4.1+SSE4.2+POPCNT,X86Base+SSE+SSE2,AES+PCLMUL VectorSize=256
// Job: Overhead-Fixed-NoEnergy-6(OutlierMode=DontRemove, IterationCount=15, IterationTime=1s, LaunchCount=1, WarmupCount=6)

OverheadJitting  1: 1 op, 170173.00 ns, 170.1730 us/op
WorkloadJitting  1: 1 op, 59607523.00 ns, 59.6075 ms/op

OverheadJitting  2: 16 op, 380806.00 ns, 23.8004 us/op
WorkloadJitting  2: 16 op, 426253.00 ns, 26.6408 us/op

WorkloadPilot    1: 16 op, 42861.00 ns, 2.6788 us/op
WorkloadPilot    2: 373312 op, 457969303.00 ns, 1.2268 us/op
WorkloadPilot    3: 815152 op, 957936690.00 ns, 1.1752 us/op
WorkloadPilot    4: 850960 op, 996523775.00 ns, 1.1711 us/op
WorkloadPilot    5: 853936 op, 998320371.00 ns, 1.1691 us/op
WorkloadPilot    6: 855376 op, 1001345294.00 ns, 1.1706 us/op
WorkloadPilot    7: 854240 op, 1001985568.00 ns, 1.1730 us/op
WorkloadPilot    8: 852560 op, 998928432.00 ns, 1.1717 us/op
WorkloadPilot    9: 853488 op, 1000199722.00 ns, 1.1719 us/op

OverheadWarmup   1: 853488 op, 2900205.00 ns, 3.3981 ns/op
OverheadWarmup   2: 853488 op, 2901733.00 ns, 3.3999 ns/op
OverheadWarmup   3: 853488 op, 2902442.00 ns, 3.4007 ns/op
OverheadWarmup   4: 853488 op, 2897728.00 ns, 3.3952 ns/op
OverheadWarmup   5: 853488 op, 2911468.00 ns, 3.4113 ns/op
OverheadWarmup   6: 853488 op, 2909352.00 ns, 3.4088 ns/op

OverheadActual   1: 853488 op, 2958533.00 ns, 3.4664 ns/op
OverheadActual   2: 853488 op, 2905811.00 ns, 3.4046 ns/op
OverheadActual   3: 853488 op, 2904782.00 ns, 3.4034 ns/op
OverheadActual   4: 853488 op, 2907674.00 ns, 3.4068 ns/op
OverheadActual   5: 853488 op, 2907744.00 ns, 3.4069 ns/op
OverheadActual   6: 853488 op, 2897977.00 ns, 3.3955 ns/op
OverheadActual   7: 853488 op, 2916297.00 ns, 3.4169 ns/op
OverheadActual   8: 853488 op, 2905339.00 ns, 3.4041 ns/op
OverheadActual   9: 853488 op, 2902621.00 ns, 3.4009 ns/op
OverheadActual  10: 853488 op, 2901075.00 ns, 3.3991 ns/op
OverheadActual  11: 853488 op, 2897519.00 ns, 3.3949 ns/op
OverheadActual  12: 853488 op, 2904855.00 ns, 3.4035 ns/op
OverheadActual  13: 853488 op, 2898672.00 ns, 3.3963 ns/op
OverheadActual  14: 853488 op, 2897851.00 ns, 3.3953 ns/op
OverheadActual  15: 853488 op, 2897524.00 ns, 3.3949 ns/op

WorkloadWarmup   1: 853488 op, 1001201775.00 ns, 1.1731 us/op
WorkloadWarmup   2: 853488 op, 1003057638.00 ns, 1.1752 us/op
WorkloadWarmup   3: 853488 op, 1001874434.00 ns, 1.1739 us/op
WorkloadWarmup   4: 853488 op, 1005062884.00 ns, 1.1776 us/op
WorkloadWarmup   5: 853488 op, 1001410185.00 ns, 1.1733 us/op
WorkloadWarmup   6: 853488 op, 1001422445.00 ns, 1.1733 us/op

// BeforeActualRun
WorkloadActual   1: 853488 op, 998314489.00 ns, 1.1697 us/op
WorkloadActual   2: 853488 op, 1001194746.00 ns, 1.1731 us/op
WorkloadActual   3: 853488 op, 1001810584.00 ns, 1.1738 us/op
WorkloadActual   4: 853488 op, 1000885280.00 ns, 1.1727 us/op
WorkloadActual   5: 853488 op, 1002126843.00 ns, 1.1742 us/op
WorkloadActual   6: 853488 op, 1001092600.00 ns, 1.1729 us/op
WorkloadActual   7: 853488 op, 1000250075.00 ns, 1.1720 us/op
WorkloadActual   8: 853488 op, 1000405647.00 ns, 1.1721 us/op
WorkloadActual   9: 853488 op, 1002545156.00 ns, 1.1746 us/op
WorkloadActual  10: 853488 op, 1001840764.00 ns, 1.1738 us/op
WorkloadActual  11: 853488 op, 1001003285.00 ns, 1.1728 us/op
WorkloadActual  12: 853488 op, 1000809667.00 ns, 1.1726 us/op
WorkloadActual  13: 853488 op, 1000262329.00 ns, 1.1720 us/op
WorkloadActual  14: 853488 op, 999417055.00 ns, 1.1710 us/op
WorkloadActual  15: 853488 op, 1002722098.00 ns, 1.1749 us/op

// AfterActualRun
WorkloadResult   1: 853488 op, 995409707.00 ns, 1.1663 us/op
WorkloadResult   2: 853488 op, 998289964.00 ns, 1.1697 us/op
WorkloadResult   3: 853488 op, 998905802.00 ns, 1.1704 us/op
WorkloadResult   4: 853488 op, 997980498.00 ns, 1.1693 us/op
WorkloadResult   5: 853488 op, 999222061.00 ns, 1.1708 us/op
WorkloadResult   6: 853488 op, 998187818.00 ns, 1.1695 us/op
WorkloadResult   7: 853488 op, 997345293.00 ns, 1.1686 us/op
WorkloadResult   8: 853488 op, 997500865.00 ns, 1.1687 us/op
WorkloadResult   9: 853488 op, 999640374.00 ns, 1.1712 us/op
WorkloadResult  10: 853488 op, 998935982.00 ns, 1.1704 us/op
WorkloadResult  11: 853488 op, 998098503.00 ns, 1.1694 us/op
WorkloadResult  12: 853488 op, 997904885.00 ns, 1.1692 us/op
WorkloadResult  13: 853488 op, 997357547.00 ns, 1.1686 us/op
WorkloadResult  14: 853488 op, 996512273.00 ns, 1.1676 us/op
WorkloadResult  15: 853488 op, 999817316.00 ns, 1.1714 us/op

// AfterAll
// Benchmark Process 4058973 has exited with code 0.

Mean = 1.169 μs, StdErr = 0.000 μs (0.03%), N = 15, StdDev = 0.001 μs
Min = 1.166 μs, Q1 = 1.169 μs, Median = 1.169 μs, Q3 = 1.170 μs, Max = 1.171 μs
IQR = 0.002 μs, LowerFence = 1.166 μs, UpperFence = 1.173 μs
ConfidenceInterval = [1.168 μs; 1.171 μs] (CI 99.9%), Margin = 0.001 μs (0.13% of Mean)
Skewness = -0.49, Kurtosis = 2.64, MValue = 2

// ** Remained 15 (50.0%) benchmark(s) to run. Estimated finish 2025-12-31 20:11 (0h 6m from now) **
// **************************
// Benchmark: JsonSerializationBenchmarks.STJ_Serialize_Large: Overhead-Fixed-NoEnergy-6(OutlierMode=DontRemove, IterationCount=15, IterationTime=1s, LaunchCount=1, WarmupCount=6)
// *** Execute ***
// Launch: 1 / 1
// Execute: dotnet Serialization.Bench-Overhead-Fixed-NoEnergy-6-1.dll --anonymousPipes 103 104 --benchmarkName Serialization.Bench.JsonSerializationBenchmarks.STJ_Serialize_Large --job Overhead-Fixed-NoEnergy-6 --benchmarkId 15 in /home/test/rapl-tests/lib-energy-bench/src/Serialization.Bench/bin/Release/net8.0/Serialization.Bench-Overhead-Fixed-NoEnergy-6-1/bin/Release/net8.0
// BeforeAnythingElse

// Benchmark Process Environment Information:
// BenchmarkDotNet v0.15.5-develop (2025-12-31)
// Runtime=.NET 8.0.21 (8.0.21, 8.0.2125.47513), X64 RyuJIT x86-64-v4
// GC=Concurrent Workstation
// HardwareIntrinsics=AVX512 IFMA+VBMI,AVX512 F+BW+CD+DQ+VL,AVX2+BMI1+BMI2+F16C+FMA+LZCNT+MOVBE,AVX,SSE3+SSSE3+SSE4.1+SSE4.2+POPCNT,X86Base+SSE+SSE2,AES+PCLMUL VectorSize=256
// Job: Overhead-Fixed-NoEnergy-6(OutlierMode=DontRemove, IterationCount=15, IterationTime=1s, LaunchCount=1, WarmupCount=6)

OverheadJitting  1: 1 op, 135366.00 ns, 135.3660 us/op
WorkloadJitting  1: 1 op, 8078377.00 ns, 8.0784 ms/op

OverheadJitting  2: 16 op, 359490.00 ns, 22.4681 us/op
WorkloadJitting  2: 16 op, 6344655.00 ns, 396.5409 us/op

WorkloadPilot    1: 16 op, 5914619.00 ns, 369.6637 us/op
WorkloadPilot    2: 2720 op, 744692937.00 ns, 273.7842 us/op
WorkloadPilot    3: 3664 op, 674911726.00 ns, 184.2008 us/op
WorkloadPilot    4: 5440 op, 1011504941.00 ns, 185.9384 us/op
WorkloadPilot    5: 5392 op, 996594586.00 ns, 184.8284 us/op
WorkloadPilot    6: 5424 op, 1016051277.00 ns, 187.3251 us/op
WorkloadPilot    7: 5344 op, 989733825.00 ns, 185.2047 us/op
WorkloadPilot    8: 5408 op, 1035050925.00 ns, 191.3926 us/op

OverheadWarmup   1: 5408 op, 19930.00 ns, 3.6853 ns/op
OverheadWarmup   2: 5408 op, 18601.00 ns, 3.4395 ns/op
OverheadWarmup   3: 5408 op, 18595.00 ns, 3.4384 ns/op
OverheadWarmup   4: 5408 op, 18588.00 ns, 3.4371 ns/op
OverheadWarmup   5: 5408 op, 18975.00 ns, 3.5087 ns/op
OverheadWarmup   6: 5408 op, 18959.00 ns, 3.5057 ns/op
OverheadWarmup   7: 5408 op, 18941.00 ns, 3.5024 ns/op
OverheadWarmup   8: 5408 op, 18553.00 ns, 3.4307 ns/op
OverheadWarmup   9: 5408 op, 18620.00 ns, 3.4430 ns/op
OverheadWarmup  10: 5408 op, 19082.00 ns, 3.5285 ns/op

OverheadActual   1: 5408 op, 19047.00 ns, 3.5220 ns/op
OverheadActual   2: 5408 op, 18661.00 ns, 3.4506 ns/op
OverheadActual   3: 5408 op, 19075.00 ns, 3.5272 ns/op
OverheadActual   4: 5408 op, 19016.00 ns, 3.5163 ns/op
OverheadActual   5: 5408 op, 18987.00 ns, 3.5109 ns/op
OverheadActual   6: 5408 op, 18969.00 ns, 3.5076 ns/op
OverheadActual   7: 5408 op, 19806.00 ns, 3.6624 ns/op
OverheadActual   8: 5408 op, 18952.00 ns, 3.5044 ns/op
OverheadActual   9: 5408 op, 18949.00 ns, 3.5039 ns/op
OverheadActual  10: 5408 op, 18950.00 ns, 3.5041 ns/op
OverheadActual  11: 5408 op, 18927.00 ns, 3.4998 ns/op
OverheadActual  12: 5408 op, 18995.00 ns, 3.5124 ns/op
OverheadActual  13: 5408 op, 18928.00 ns, 3.5000 ns/op
OverheadActual  14: 5408 op, 18627.00 ns, 3.4443 ns/op
OverheadActual  15: 5408 op, 19338.00 ns, 3.5758 ns/op

WorkloadWarmup   1: 5408 op, 1005897812.00 ns, 186.0018 us/op
WorkloadWarmup   2: 5408 op, 1004082820.00 ns, 185.6662 us/op
WorkloadWarmup   3: 5408 op, 1000028732.00 ns, 184.9166 us/op
WorkloadWarmup   4: 5408 op, 1003475610.00 ns, 185.5539 us/op
WorkloadWarmup   5: 5408 op, 1002138826.00 ns, 185.3067 us/op
WorkloadWarmup   6: 5408 op, 1005409312.00 ns, 185.9115 us/op

// BeforeActualRun
WorkloadActual   1: 5408 op, 1002376947.00 ns, 185.3508 us/op
WorkloadActual   2: 5408 op, 1000933671.00 ns, 185.0839 us/op
WorkloadActual   3: 5408 op, 1002454105.00 ns, 185.3650 us/op
WorkloadActual   4: 5408 op, 1005932765.00 ns, 186.0083 us/op
WorkloadActual   5: 5408 op, 1001076153.00 ns, 185.1102 us/op
WorkloadActual   6: 5408 op, 1002620256.00 ns, 185.3958 us/op
WorkloadActual   7: 5408 op, 1002441357.00 ns, 185.3627 us/op
WorkloadActual   8: 5408 op, 1005525880.00 ns, 185.9330 us/op
WorkloadActual   9: 5408 op, 1002244328.00 ns, 185.3262 us/op
WorkloadActual  10: 5408 op, 1005841161.00 ns, 185.9913 us/op
WorkloadActual  11: 5408 op, 1003187018.00 ns, 185.5006 us/op
WorkloadActual  12: 5408 op, 1002549503.00 ns, 185.3827 us/op
WorkloadActual  13: 5408 op, 1003776663.00 ns, 185.6096 us/op
WorkloadActual  14: 5408 op, 1004151740.00 ns, 185.6789 us/op
WorkloadActual  15: 5408 op, 1012352912.00 ns, 187.1954 us/op

// AfterActualRun
WorkloadResult   1: 5408 op, 1002357978.00 ns, 185.3473 us/op
WorkloadResult   2: 5408 op, 1000914702.00 ns, 185.0804 us/op
WorkloadResult   3: 5408 op, 1002435136.00 ns, 185.3615 us/op
WorkloadResult   4: 5408 op, 1005913796.00 ns, 186.0048 us/op
WorkloadResult   5: 5408 op, 1001057184.00 ns, 185.1067 us/op
WorkloadResult   6: 5408 op, 1002601287.00 ns, 185.3922 us/op
WorkloadResult   7: 5408 op, 1002422388.00 ns, 185.3592 us/op
WorkloadResult   8: 5408 op, 1005506911.00 ns, 185.9295 us/op
WorkloadResult   9: 5408 op, 1002225359.00 ns, 185.3227 us/op
WorkloadResult  10: 5408 op, 1005822192.00 ns, 185.9878 us/op
WorkloadResult  11: 5408 op, 1003168049.00 ns, 185.4971 us/op
WorkloadResult  12: 5408 op, 1002530534.00 ns, 185.3792 us/op
WorkloadResult  13: 5408 op, 1003757694.00 ns, 185.6061 us/op
WorkloadResult  14: 5408 op, 1004132771.00 ns, 185.6754 us/op
WorkloadResult  15: 5408 op, 1012333943.00 ns, 187.1919 us/op

// AfterAll
// Benchmark Process 4058989 has exited with code 0.

Mean = 185.616 μs, StdErr = 0.135 μs (0.07%), N = 15, StdDev = 0.523 μs
Min = 185.080 μs, Q1 = 185.353 μs, Median = 185.392 μs, Q3 = 185.802 μs, Max = 187.192 μs
IQR = 0.449 μs, LowerFence = 184.679 μs, UpperFence = 186.476 μs
ConfidenceInterval = [185.057 μs; 186.175 μs] (CI 99.9%), Margin = 0.559 μs (0.30% of Mean)
Skewness = 1.71, Kurtosis = 5.69, MValue = 2

// ** Remained 14 (46.7%) benchmark(s) to run. Estimated finish 2025-12-31 20:11 (0h 6m from now) **
// **************************
// Benchmark: JsonSerializationBenchmarks.Newtonsoft_Serialize_Large: Overhead-Fixed-NoEnergy-6(OutlierMode=DontRemove, IterationCount=15, IterationTime=1s, LaunchCount=1, WarmupCount=6)
// *** Execute ***
// Launch: 1 / 1
// Execute: dotnet Serialization.Bench-Overhead-Fixed-NoEnergy-6-1.dll --anonymousPipes 103 104 --benchmarkName Serialization.Bench.JsonSerializationBenchmarks.Newtonsoft_Serialize_Large --job Overhead-Fixed-NoEnergy-6 --benchmarkId 16 in /home/test/rapl-tests/lib-energy-bench/src/Serialization.Bench/bin/Release/net8.0/Serialization.Bench-Overhead-Fixed-NoEnergy-6-1/bin/Release/net8.0
// BeforeAnythingElse

// Benchmark Process Environment Information:
// BenchmarkDotNet v0.15.5-develop (2025-12-31)
// Runtime=.NET 8.0.21 (8.0.21, 8.0.2125.47513), X64 RyuJIT x86-64-v4
// GC=Concurrent Workstation
// HardwareIntrinsics=AVX512 IFMA+VBMI,AVX512 F+BW+CD+DQ+VL,AVX2+BMI1+BMI2+F16C+FMA+LZCNT+MOVBE,AVX,SSE3+SSSE3+SSE4.1+SSE4.2+POPCNT,X86Base+SSE+SSE2,AES+PCLMUL VectorSize=256
// Job: Overhead-Fixed-NoEnergy-6(OutlierMode=DontRemove, IterationCount=15, IterationTime=1s, LaunchCount=1, WarmupCount=6)

OverheadJitting  1: 1 op, 134880.00 ns, 134.8800 us/op
WorkloadJitting  1: 1 op, 50648096.00 ns, 50.6481 ms/op

OverheadJitting  2: 16 op, 357652.00 ns, 22.3533 us/op
WorkloadJitting  2: 16 op, 16214302.00 ns, 1.0134 ms/op

WorkloadPilot    1: 16 op, 15589118.00 ns, 974.3199 us/op
WorkloadPilot    2: 1040 op, 449602517.00 ns, 432.3101 us/op
WorkloadPilot    3: 2320 op, 687860699.00 ns, 296.4917 us/op
WorkloadPilot    4: 3376 op, 1004029799.00 ns, 297.4022 us/op

OverheadWarmup   1: 3376 op, 12579.00 ns, 3.7260 ns/op
OverheadWarmup   2: 3376 op, 11847.00 ns, 3.5092 ns/op
OverheadWarmup   3: 3376 op, 11698.00 ns, 3.4650 ns/op
OverheadWarmup   4: 3376 op, 11746.00 ns, 3.4793 ns/op
OverheadWarmup   5: 3376 op, 11718.00 ns, 3.4710 ns/op
OverheadWarmup   6: 3376 op, 11975.00 ns, 3.5471 ns/op
OverheadWarmup   7: 3376 op, 11956.00 ns, 3.5415 ns/op

OverheadActual   1: 3376 op, 12079.00 ns, 3.5779 ns/op
OverheadActual   2: 3376 op, 11811.00 ns, 3.4985 ns/op
OverheadActual   3: 3376 op, 11854.00 ns, 3.5113 ns/op
OverheadActual   4: 3376 op, 11785.00 ns, 3.4908 ns/op
OverheadActual   5: 3376 op, 12046.00 ns, 3.5681 ns/op
OverheadActual   6: 3376 op, 12049.00 ns, 3.5690 ns/op
OverheadActual   7: 3376 op, 11779.00 ns, 3.4890 ns/op
OverheadActual   8: 3376 op, 11783.00 ns, 3.4902 ns/op
OverheadActual   9: 3376 op, 11774.00 ns, 3.4876 ns/op
OverheadActual  10: 3376 op, 12024.00 ns, 3.5616 ns/op
OverheadActual  11: 3376 op, 11757.00 ns, 3.4825 ns/op
OverheadActual  12: 3376 op, 12017.00 ns, 3.5595 ns/op
OverheadActual  13: 3376 op, 12235.00 ns, 3.6241 ns/op
OverheadActual  14: 3376 op, 11956.00 ns, 3.5415 ns/op
OverheadActual  15: 3376 op, 11671.00 ns, 3.4570 ns/op

WorkloadWarmup   1: 3376 op, 1003835896.00 ns, 297.3448 us/op
WorkloadWarmup   2: 3376 op, 1003548756.00 ns, 297.2597 us/op
WorkloadWarmup   3: 3376 op, 1002343681.00 ns, 296.9027 us/op
WorkloadWarmup   4: 3376 op, 1001678791.00 ns, 296.7058 us/op
WorkloadWarmup   5: 3376 op, 1002841133.00 ns, 297.0501 us/op
WorkloadWarmup   6: 3376 op, 1002262456.00 ns, 296.8787 us/op

// BeforeActualRun
WorkloadActual   1: 3376 op, 1002439238.00 ns, 296.9311 us/op
WorkloadActual   2: 3376 op, 1001640471.00 ns, 296.6945 us/op
WorkloadActual   3: 3376 op, 1001772345.00 ns, 296.7335 us/op
WorkloadActual   4: 3376 op, 1001919354.00 ns, 296.7771 us/op
WorkloadActual   5: 3376 op, 1001098825.00 ns, 296.5340 us/op
WorkloadActual   6: 3376 op, 1000656429.00 ns, 296.4030 us/op
WorkloadActual   7: 3376 op, 1005407310.00 ns, 297.8102 us/op
WorkloadActual   8: 3376 op, 1001946870.00 ns, 296.7852 us/op
WorkloadActual   9: 3376 op, 1001968026.00 ns, 296.7915 us/op
WorkloadActual  10: 3376 op, 1002619695.00 ns, 296.9845 us/op
WorkloadActual  11: 3376 op, 1002381550.00 ns, 296.9140 us/op
WorkloadActual  12: 3376 op, 1002777147.00 ns, 297.0311 us/op
WorkloadActual  13: 3376 op, 1003059881.00 ns, 297.1149 us/op
WorkloadActual  14: 3376 op, 1002864262.00 ns, 297.0569 us/op
WorkloadActual  15: 3376 op, 1002673183.00 ns, 297.0004 us/op

// AfterActualRun
WorkloadResult   1: 3376 op, 1002427384.00 ns, 296.9275 us/op
WorkloadResult   2: 3376 op, 1001628617.00 ns, 296.6909 us/op
WorkloadResult   3: 3376 op, 1001760491.00 ns, 296.7300 us/op
WorkloadResult   4: 3376 op, 1001907500.00 ns, 296.7735 us/op
WorkloadResult   5: 3376 op, 1001086971.00 ns, 296.5305 us/op
WorkloadResult   6: 3376 op, 1000644575.00 ns, 296.3995 us/op
WorkloadResult   7: 3376 op, 1005395456.00 ns, 297.8067 us/op
WorkloadResult   8: 3376 op, 1001935016.00 ns, 296.7817 us/op
WorkloadResult   9: 3376 op, 1001956172.00 ns, 296.7880 us/op
WorkloadResult  10: 3376 op, 1002607841.00 ns, 296.9810 us/op
WorkloadResult  11: 3376 op, 1002369696.00 ns, 296.9105 us/op
WorkloadResult  12: 3376 op, 1002765293.00 ns, 297.0276 us/op
WorkloadResult  13: 3376 op, 1003048027.00 ns, 297.1114 us/op
WorkloadResult  14: 3376 op, 1002852408.00 ns, 297.0534 us/op
WorkloadResult  15: 3376 op, 1002661329.00 ns, 296.9968 us/op

// AfterAll
// Benchmark Process 4059007 has exited with code 0.

Mean = 296.901 μs, StdErr = 0.082 μs (0.03%), N = 15, StdDev = 0.319 μs
Min = 296.399 μs, Q1 = 296.752 μs, Median = 296.910 μs, Q3 = 297.012 μs, Max = 297.807 μs
IQR = 0.260 μs, LowerFence = 296.361 μs, UpperFence = 297.403 μs
ConfidenceInterval = [296.559 μs; 297.242 μs] (CI 99.9%), Margin = 0.341 μs (0.11% of Mean)
Skewness = 1.16, Kurtosis = 4.9, MValue = 2

// ** Remained 13 (43.3%) benchmark(s) to run. Estimated finish 2025-12-31 20:11 (0h 5m from now) **
// **************************
// Benchmark: JsonSerializationBenchmarks.Jil_Serialize_Large: Overhead-Fixed-NoEnergy-6(OutlierMode=DontRemove, IterationCount=15, IterationTime=1s, LaunchCount=1, WarmupCount=6)
// *** Execute ***
// Launch: 1 / 1
// Execute: dotnet Serialization.Bench-Overhead-Fixed-NoEnergy-6-1.dll --anonymousPipes 103 104 --benchmarkName Serialization.Bench.JsonSerializationBenchmarks.Jil_Serialize_Large --job Overhead-Fixed-NoEnergy-6 --benchmarkId 17 in /home/test/rapl-tests/lib-energy-bench/src/Serialization.Bench/bin/Release/net8.0/Serialization.Bench-Overhead-Fixed-NoEnergy-6-1/bin/Release/net8.0
// BeforeAnythingElse

// Benchmark Process Environment Information:
// BenchmarkDotNet v0.15.5-develop (2025-12-31)
// Runtime=.NET 8.0.21 (8.0.21, 8.0.2125.47513), X64 RyuJIT x86-64-v4
// GC=Concurrent Workstation
// HardwareIntrinsics=AVX512 IFMA+VBMI,AVX512 F+BW+CD+DQ+VL,AVX2+BMI1+BMI2+F16C+FMA+LZCNT+MOVBE,AVX,SSE3+SSSE3+SSE4.1+SSE4.2+POPCNT,X86Base+SSE+SSE2,AES+PCLMUL VectorSize=256
// Job: Overhead-Fixed-NoEnergy-6(OutlierMode=DontRemove, IterationCount=15, IterationTime=1s, LaunchCount=1, WarmupCount=6)

OverheadJitting  1: 1 op, 133529.00 ns, 133.5290 us/op
WorkloadJitting  1: 1 op, 157779005.00 ns, 157.7790 ms/op

WorkloadPilot    1: 4 op, 1600559.00 ns, 400.1398 us/op
WorkloadPilot    2: 2499 op, 756217714.00 ns, 302.6081 us/op
WorkloadPilot    3: 3305 op, 945167650.00 ns, 285.9811 us/op
WorkloadPilot    4: 3497 op, 999540555.00 ns, 285.8280 us/op
WorkloadPilot    5: 3499 op, 999365574.00 ns, 285.6146 us/op
WorkloadPilot    6: 3501 op, 1000822059.00 ns, 285.8675 us/op
WorkloadPilot    7: 3498 op, 998795258.00 ns, 285.5332 us/op
WorkloadPilot    8: 3502 op, 1000036095.00 ns, 285.5614 us/op

WorkloadWarmup   1: 3502 op, 1002531764.00 ns, 286.2741 us/op
WorkloadWarmup   2: 3502 op, 1003788452.00 ns, 286.6329 us/op
WorkloadWarmup   3: 3502 op, 1001547658.00 ns, 285.9930 us/op
WorkloadWarmup   4: 3502 op, 1002165489.00 ns, 286.1695 us/op
WorkloadWarmup   5: 3502 op, 1001012191.00 ns, 285.8401 us/op
WorkloadWarmup   6: 3502 op, 1000887607.00 ns, 285.8046 us/op

// BeforeActualRun
WorkloadActual   1: 3502 op, 1002174458.00 ns, 286.1720 us/op
WorkloadActual   2: 3502 op, 1002750491.00 ns, 286.3365 us/op
WorkloadActual   3: 3502 op, 1000981306.00 ns, 285.8313 us/op
WorkloadActual   4: 3502 op, 1000975263.00 ns, 285.8296 us/op
WorkloadActual   5: 3502 op, 1000847249.00 ns, 285.7930 us/op
WorkloadActual   6: 3502 op, 1001178296.00 ns, 285.8876 us/op
WorkloadActual   7: 3502 op, 1000611370.00 ns, 285.7257 us/op
WorkloadActual   8: 3502 op, 1000879533.00 ns, 285.8023 us/op
WorkloadActual   9: 3502 op, 1004183559.00 ns, 286.7457 us/op
WorkloadActual  10: 3502 op, 1001586142.00 ns, 286.0040 us/op
WorkloadActual  11: 3502 op, 1000685744.00 ns, 285.7469 us/op
WorkloadActual  12: 3502 op, 1000566658.00 ns, 285.7129 us/op
WorkloadActual  13: 3502 op, 1000431772.00 ns, 285.6744 us/op
WorkloadActual  14: 3502 op, 1001502127.00 ns, 285.9800 us/op
WorkloadActual  15: 3502 op, 999711350.00 ns, 285.4687 us/op

// AfterActualRun
WorkloadResult   1: 3502 op, 1002174458.00 ns, 286.1720 us/op
WorkloadResult   2: 3502 op, 1002750491.00 ns, 286.3365 us/op
WorkloadResult   3: 3502 op, 1000981306.00 ns, 285.8313 us/op
WorkloadResult   4: 3502 op, 1000975263.00 ns, 285.8296 us/op
WorkloadResult   5: 3502 op, 1000847249.00 ns, 285.7930 us/op
WorkloadResult   6: 3502 op, 1001178296.00 ns, 285.8876 us/op
WorkloadResult   7: 3502 op, 1000611370.00 ns, 285.7257 us/op
WorkloadResult   8: 3502 op, 1000879533.00 ns, 285.8023 us/op
WorkloadResult   9: 3502 op, 1004183559.00 ns, 286.7457 us/op
WorkloadResult  10: 3502 op, 1001586142.00 ns, 286.0040 us/op
WorkloadResult  11: 3502 op, 1000685744.00 ns, 285.7469 us/op
WorkloadResult  12: 3502 op, 1000566658.00 ns, 285.7129 us/op
WorkloadResult  13: 3502 op, 1000431772.00 ns, 285.6744 us/op
WorkloadResult  14: 3502 op, 1001502127.00 ns, 285.9800 us/op
WorkloadResult  15: 3502 op, 999711350.00 ns, 285.4687 us/op

// AfterAll
// Benchmark Process 4059026 has exited with code 0.

Mean = 285.914 μs, StdErr = 0.080 μs (0.03%), N = 15, StdDev = 0.311 μs
Min = 285.469 μs, Q1 = 285.736 μs, Median = 285.830 μs, Q3 = 285.992 μs, Max = 286.746 μs
IQR = 0.256 μs, LowerFence = 285.353 μs, UpperFence = 286.376 μs
ConfidenceInterval = [285.582 μs; 286.246 μs] (CI 99.9%), Margin = 0.332 μs (0.12% of Mean)
Skewness = 1.21, Kurtosis = 4.02, MValue = 2

// ** Remained 12 (40.0%) benchmark(s) to run. Estimated finish 2025-12-31 20:11 (0h 5m from now) **
// **************************
// Benchmark: JsonSerializationBenchmarks.Utf8Json_Serialize_Large: Overhead-Fixed-NoEnergy-6(OutlierMode=DontRemove, IterationCount=15, IterationTime=1s, LaunchCount=1, WarmupCount=6)
// *** Execute ***
// Launch: 1 / 1
// Execute: dotnet Serialization.Bench-Overhead-Fixed-NoEnergy-6-1.dll --anonymousPipes 103 104 --benchmarkName Serialization.Bench.JsonSerializationBenchmarks.Utf8Json_Serialize_Large --job Overhead-Fixed-NoEnergy-6 --benchmarkId 18 in /home/test/rapl-tests/lib-energy-bench/src/Serialization.Bench/bin/Release/net8.0/Serialization.Bench-Overhead-Fixed-NoEnergy-6-1/bin/Release/net8.0
// BeforeAnythingElse

// Benchmark Process Environment Information:
// BenchmarkDotNet v0.15.5-develop (2025-12-31)
// Runtime=.NET 8.0.21 (8.0.21, 8.0.2125.47513), X64 RyuJIT x86-64-v4
// GC=Concurrent Workstation
// HardwareIntrinsics=AVX512 IFMA+VBMI,AVX512 F+BW+CD+DQ+VL,AVX2+BMI1+BMI2+F16C+FMA+LZCNT+MOVBE,AVX,SSE3+SSSE3+SSE4.1+SSE4.2+POPCNT,X86Base+SSE+SSE2,AES+PCLMUL VectorSize=256
// Job: Overhead-Fixed-NoEnergy-6(OutlierMode=DontRemove, IterationCount=15, IterationTime=1s, LaunchCount=1, WarmupCount=6)

OverheadJitting  1: 1 op, 133542.00 ns, 133.5420 us/op
WorkloadJitting  1: 1 op, 55833171.00 ns, 55.8332 ms/op

OverheadJitting  2: 16 op, 378710.00 ns, 23.6694 us/op
WorkloadJitting  2: 16 op, 13132801.00 ns, 820.8001 us/op

WorkloadPilot    1: 16 op, 12084320.00 ns, 755.2700 us/op
WorkloadPilot    2: 1328 op, 530856962.00 ns, 399.7417 us/op
WorkloadPilot    3: 2512 op, 721020206.00 ns, 287.0303 us/op
WorkloadPilot    4: 3488 op, 1000915773.00 ns, 286.9598 us/op

OverheadWarmup   1: 3488 op, 13131.00 ns, 3.7646 ns/op
OverheadWarmup   2: 3488 op, 12374.00 ns, 3.5476 ns/op
OverheadWarmup   3: 3488 op, 12097.00 ns, 3.4682 ns/op
OverheadWarmup   4: 3488 op, 12083.00 ns, 3.4642 ns/op
OverheadWarmup   5: 3488 op, 12356.00 ns, 3.5424 ns/op
OverheadWarmup   6: 3488 op, 12346.00 ns, 3.5396 ns/op
OverheadWarmup   7: 3488 op, 12330.00 ns, 3.5350 ns/op
OverheadWarmup   8: 3488 op, 12380.00 ns, 3.5493 ns/op
OverheadWarmup   9: 3488 op, 12103.00 ns, 3.4699 ns/op

OverheadActual   1: 3488 op, 12191.00 ns, 3.4951 ns/op
OverheadActual   2: 3488 op, 12160.00 ns, 3.4862 ns/op
OverheadActual   3: 3488 op, 12159.00 ns, 3.4860 ns/op
OverheadActual   4: 3488 op, 12086.00 ns, 3.4650 ns/op
OverheadActual   5: 3488 op, 12075.00 ns, 3.4619 ns/op
OverheadActual   6: 3488 op, 12116.00 ns, 3.4736 ns/op
OverheadActual   7: 3488 op, 12149.00 ns, 3.4831 ns/op
OverheadActual   8: 3488 op, 12095.00 ns, 3.4676 ns/op
OverheadActual   9: 3488 op, 12108.00 ns, 3.4713 ns/op
OverheadActual  10: 3488 op, 12694.00 ns, 3.6393 ns/op
OverheadActual  11: 3488 op, 12068.00 ns, 3.4599 ns/op
OverheadActual  12: 3488 op, 12045.00 ns, 3.4533 ns/op
OverheadActual  13: 3488 op, 12329.00 ns, 3.5347 ns/op
OverheadActual  14: 3488 op, 12280.00 ns, 3.5206 ns/op
OverheadActual  15: 3488 op, 12268.00 ns, 3.5172 ns/op

WorkloadWarmup   1: 3488 op, 1004018476.00 ns, 287.8493 us/op
WorkloadWarmup   2: 3488 op, 1001310932.00 ns, 287.0731 us/op
WorkloadWarmup   3: 3488 op, 1004850209.00 ns, 288.0878 us/op
WorkloadWarmup   4: 3488 op, 1004508366.00 ns, 287.9898 us/op
WorkloadWarmup   5: 3488 op, 1004115001.00 ns, 287.8770 us/op
WorkloadWarmup   6: 3488 op, 1003038610.00 ns, 287.5684 us/op

// BeforeActualRun
WorkloadActual   1: 3488 op, 1001363785.00 ns, 287.0882 us/op
WorkloadActual   2: 3488 op, 1007595852.00 ns, 288.8750 us/op
WorkloadActual   3: 3488 op, 1004196288.00 ns, 287.9003 us/op
WorkloadActual   4: 3488 op, 1003730574.00 ns, 287.7668 us/op
WorkloadActual   5: 3488 op, 1004797295.00 ns, 288.0726 us/op
WorkloadActual   6: 3488 op, 1002782539.00 ns, 287.4950 us/op
WorkloadActual   7: 3488 op, 1000367349.00 ns, 286.8026 us/op
WorkloadActual   8: 3488 op, 997918644.00 ns, 286.1005 us/op
WorkloadActual   9: 3488 op, 1018698122.00 ns, 292.0579 us/op
WorkloadActual  10: 3488 op, 1002915438.00 ns, 287.5331 us/op
WorkloadActual  11: 3488 op, 999180654.00 ns, 286.4623 us/op
WorkloadActual  12: 3488 op, 1003202624.00 ns, 287.6154 us/op
WorkloadActual  13: 3488 op, 1001091288.00 ns, 287.0101 us/op
WorkloadActual  14: 3488 op, 999978410.00 ns, 286.6911 us/op
WorkloadActual  15: 3488 op, 1011076860.00 ns, 289.8730 us/op

// AfterActualRun
WorkloadResult   1: 3488 op, 1001351636.00 ns, 287.0848 us/op
WorkloadResult   2: 3488 op, 1007583703.00 ns, 288.8715 us/op
WorkloadResult   3: 3488 op, 1004184139.00 ns, 287.8968 us/op
WorkloadResult   4: 3488 op, 1003718425.00 ns, 287.7633 us/op
WorkloadResult   5: 3488 op, 1004785146.00 ns, 288.0691 us/op
WorkloadResult   6: 3488 op, 1002770390.00 ns, 287.4915 us/op
WorkloadResult   7: 3488 op, 1000355200.00 ns, 286.7991 us/op
WorkloadResult   8: 3488 op, 997906495.00 ns, 286.0970 us/op
WorkloadResult   9: 3488 op, 1018685973.00 ns, 292.0545 us/op
WorkloadResult  10: 3488 op, 1002903289.00 ns, 287.5296 us/op
WorkloadResult  11: 3488 op, 999168505.00 ns, 286.4589 us/op
WorkloadResult  12: 3488 op, 1003190475.00 ns, 287.6119 us/op
WorkloadResult  13: 3488 op, 1001079139.00 ns, 287.0066 us/op
WorkloadResult  14: 3488 op, 999966261.00 ns, 286.6876 us/op
WorkloadResult  15: 3488 op, 1011064711.00 ns, 289.8695 us/op

// AfterAll
// Benchmark Process 4059043 has exited with code 0.

Mean = 287.819 μs, StdErr = 0.390 μs (0.14%), N = 15, StdDev = 1.509 μs
Min = 286.097 μs, Q1 = 286.903 μs, Median = 287.530 μs, Q3 = 287.983 μs, Max = 292.054 μs
IQR = 1.080 μs, LowerFence = 285.283 μs, UpperFence = 289.603 μs
ConfidenceInterval = [286.206 μs; 289.433 μs] (CI 99.9%), Margin = 1.614 μs (0.56% of Mean)
Skewness = 1.45, Kurtosis = 4.58, MValue = 2

// ** Remained 11 (36.7%) benchmark(s) to run. Estimated finish 2025-12-31 20:11 (0h 4m from now) **
// **************************
// Benchmark: JsonSerializationBenchmarks.SpanJson_Serialize_Large: Overhead-Fixed-NoEnergy-6(OutlierMode=DontRemove, IterationCount=15, IterationTime=1s, LaunchCount=1, WarmupCount=6)
// *** Execute ***
// Launch: 1 / 1
// Execute: dotnet Serialization.Bench-Overhead-Fixed-NoEnergy-6-1.dll --anonymousPipes 103 104 --benchmarkName Serialization.Bench.JsonSerializationBenchmarks.SpanJson_Serialize_Large --job Overhead-Fixed-NoEnergy-6 --benchmarkId 19 in /home/test/rapl-tests/lib-energy-bench/src/Serialization.Bench/bin/Release/net8.0/Serialization.Bench-Overhead-Fixed-NoEnergy-6-1/bin/Release/net8.0
// BeforeAnythingElse

// Benchmark Process Environment Information:
// BenchmarkDotNet v0.15.5-develop (2025-12-31)
// Runtime=.NET 8.0.21 (8.0.21, 8.0.2125.47513), X64 RyuJIT x86-64-v4
// GC=Concurrent Workstation
// HardwareIntrinsics=AVX512 IFMA+VBMI,AVX512 F+BW+CD+DQ+VL,AVX2+BMI1+BMI2+F16C+FMA+LZCNT+MOVBE,AVX,SSE3+SSSE3+SSE4.1+SSE4.2+POPCNT,X86Base+SSE+SSE2,AES+PCLMUL VectorSize=256
// Job: Overhead-Fixed-NoEnergy-6(OutlierMode=DontRemove, IterationCount=15, IterationTime=1s, LaunchCount=1, WarmupCount=6)

OverheadJitting  1: 1 op, 133674.00 ns, 133.6740 us/op
WorkloadJitting  1: 1 op, 109439195.00 ns, 109.4392 ms/op

WorkloadPilot    1: 4 op, 2952405.00 ns, 738.1013 us/op
WorkloadPilot    2: 1355 op, 334877957.00 ns, 247.1424 us/op
WorkloadPilot    3: 4046 op, 650095255.00 ns, 160.6760 us/op
WorkloadPilot    4: 6224 op, 1001268768.00 ns, 160.8722 us/op
WorkloadPilot    5: 6216 op, 1002183042.00 ns, 161.2264 us/op
WorkloadPilot    6: 6202 op, 992765527.00 ns, 160.0718 us/op
WorkloadPilot    7: 6247 op, 1002127277.00 ns, 160.4174 us/op

WorkloadWarmup   1: 6247 op, 1000307561.00 ns, 160.1261 us/op
WorkloadWarmup   2: 6247 op, 1007928397.00 ns, 161.3460 us/op
WorkloadWarmup   3: 6247 op, 983233209.00 ns, 157.3929 us/op
WorkloadWarmup   4: 6247 op, 1001148118.00 ns, 160.2606 us/op
WorkloadWarmup   5: 6247 op, 1010956417.00 ns, 161.8307 us/op
WorkloadWarmup   6: 6247 op, 1001826882.00 ns, 160.3693 us/op

// BeforeActualRun
WorkloadActual   1: 6247 op, 1011629295.00 ns, 161.9384 us/op
WorkloadActual   2: 6247 op, 1001517765.00 ns, 160.3198 us/op
WorkloadActual   3: 6247 op, 1008446740.00 ns, 161.4290 us/op
WorkloadActual   4: 6247 op, 1007195199.00 ns, 161.2286 us/op
WorkloadActual   5: 6247 op, 989676562.00 ns, 158.4243 us/op
WorkloadActual   6: 6247 op, 1001375477.00 ns, 160.2970 us/op
WorkloadActual   7: 6247 op, 1004389989.00 ns, 160.7796 us/op
WorkloadActual   8: 6247 op, 1010100562.00 ns, 161.6937 us/op
WorkloadActual   9: 6247 op, 1014413533.00 ns, 162.3841 us/op
WorkloadActual  10: 6247 op, 998208074.00 ns, 159.7900 us/op
WorkloadActual  11: 6247 op, 1009628240.00 ns, 161.6181 us/op
WorkloadActual  12: 6247 op, 1005292531.00 ns, 160.9240 us/op
WorkloadActual  13: 6247 op, 994585593.00 ns, 159.2101 us/op
WorkloadActual  14: 6247 op, 1006854910.00 ns, 161.1741 us/op
WorkloadActual  15: 6247 op, 998847343.00 ns, 159.8923 us/op

// AfterActualRun
WorkloadResult   1: 6247 op, 1011629295.00 ns, 161.9384 us/op
WorkloadResult   2: 6247 op, 1001517765.00 ns, 160.3198 us/op
WorkloadResult   3: 6247 op, 1008446740.00 ns, 161.4290 us/op
WorkloadResult   4: 6247 op, 1007195199.00 ns, 161.2286 us/op
WorkloadResult   5: 6247 op, 989676562.00 ns, 158.4243 us/op
WorkloadResult   6: 6247 op, 1001375477.00 ns, 160.2970 us/op
WorkloadResult   7: 6247 op, 1004389989.00 ns, 160.7796 us/op
WorkloadResult   8: 6247 op, 1010100562.00 ns, 161.6937 us/op
WorkloadResult   9: 6247 op, 1014413533.00 ns, 162.3841 us/op
WorkloadResult  10: 6247 op, 998208074.00 ns, 159.7900 us/op
WorkloadResult  11: 6247 op, 1009628240.00 ns, 161.6181 us/op
WorkloadResult  12: 6247 op, 1005292531.00 ns, 160.9240 us/op
WorkloadResult  13: 6247 op, 994585593.00 ns, 159.2101 us/op
WorkloadResult  14: 6247 op, 1006854910.00 ns, 161.1741 us/op
WorkloadResult  15: 6247 op, 998847343.00 ns, 159.8923 us/op

// AfterAll
// Benchmark Process 4059061 has exited with code 0.

Mean = 160.740 μs, StdErr = 0.280 μs (0.17%), N = 15, StdDev = 1.084 μs
Min = 158.424 μs, Q1 = 160.095 μs, Median = 160.924 μs, Q3 = 161.524 μs, Max = 162.384 μs
IQR = 1.429 μs, LowerFence = 157.951 μs, UpperFence = 163.667 μs
ConfidenceInterval = [159.581 μs; 161.899 μs] (CI 99.9%), Margin = 1.159 μs (0.72% of Mean)
Skewness = -0.49, Kurtosis = 2.26, MValue = 2

// ** Remained 10 (33.3%) benchmark(s) to run. Estimated finish 2025-12-31 20:11 (0h 4m from now) **
// **************************
// Benchmark: JsonSerializationBenchmarks.STJ_Serialize_Medium: Overhead-Fixed-NoEnergy-6(OutlierMode=DontRemove, IterationCount=15, IterationTime=1s, LaunchCount=1, WarmupCount=6)
// *** Execute ***
// Launch: 1 / 1
// Execute: dotnet Serialization.Bench-Overhead-Fixed-NoEnergy-6-1.dll --anonymousPipes 103 104 --benchmarkName Serialization.Bench.JsonSerializationBenchmarks.STJ_Serialize_Medium --job Overhead-Fixed-NoEnergy-6 --benchmarkId 20 in /home/test/rapl-tests/lib-energy-bench/src/Serialization.Bench/bin/Release/net8.0/Serialization.Bench-Overhead-Fixed-NoEnergy-6-1/bin/Release/net8.0
// BeforeAnythingElse

// Benchmark Process Environment Information:
// BenchmarkDotNet v0.15.5-develop (2025-12-31)
// Runtime=.NET 8.0.21 (8.0.21, 8.0.2125.47513), X64 RyuJIT x86-64-v4
// GC=Concurrent Workstation
// HardwareIntrinsics=AVX512 IFMA+VBMI,AVX512 F+BW+CD+DQ+VL,AVX2+BMI1+BMI2+F16C+FMA+LZCNT+MOVBE,AVX,SSE3+SSSE3+SSE4.1+SSE4.2+POPCNT,X86Base+SSE+SSE2,AES+PCLMUL VectorSize=256
// Job: Overhead-Fixed-NoEnergy-6(OutlierMode=DontRemove, IterationCount=15, IterationTime=1s, LaunchCount=1, WarmupCount=6)

OverheadJitting  1: 1 op, 135329.00 ns, 135.3290 us/op
WorkloadJitting  1: 1 op, 7083774.00 ns, 7.0838 ms/op

OverheadJitting  2: 16 op, 350357.00 ns, 21.8973 us/op
WorkloadJitting  2: 16 op, 2093458.00 ns, 130.8411 us/op

WorkloadPilot    1: 16 op, 1429725.00 ns, 89.3578 us/op
WorkloadPilot    2: 11200 op, 785375413.00 ns, 70.1228 us/op
WorkloadPilot    3: 14272 op, 689071360.00 ns, 48.2813 us/op
WorkloadPilot    4: 20720 op, 994702765.00 ns, 48.0069 us/op
WorkloadPilot    5: 20832 op, 999764207.00 ns, 47.9918 us/op
WorkloadPilot    6: 20848 op, 999909912.00 ns, 47.9619 us/op
WorkloadPilot    7: 20864 op, 989761022.00 ns, 47.4387 us/op
WorkloadPilot    8: 21088 op, 987222030.00 ns, 46.8144 us/op
WorkloadPilot    9: 21376 op, 1010370814.00 ns, 47.2666 us/op
WorkloadPilot   10: 21168 op, 1011400004.00 ns, 47.7797 us/op
WorkloadPilot   11: 20944 op, 997327733.00 ns, 47.6188 us/op
WorkloadPilot   12: 21008 op, 1001497923.00 ns, 47.6722 us/op

OverheadWarmup   1: 21008 op, 72657.00 ns, 3.4585 ns/op
OverheadWarmup   2: 21008 op, 72926.00 ns, 3.4713 ns/op
OverheadWarmup   3: 21008 op, 72836.00 ns, 3.4671 ns/op
OverheadWarmup   4: 21008 op, 73422.00 ns, 3.4950 ns/op
OverheadWarmup   5: 21008 op, 72867.00 ns, 3.4685 ns/op

OverheadActual   1: 21008 op, 71577.00 ns, 3.4071 ns/op
OverheadActual   2: 21008 op, 72086.00 ns, 3.4314 ns/op
OverheadActual   3: 21008 op, 71515.00 ns, 3.4042 ns/op
OverheadActual   4: 21008 op, 72925.00 ns, 3.4713 ns/op
OverheadActual   5: 21008 op, 73284.00 ns, 3.4884 ns/op
OverheadActual   6: 21008 op, 72853.00 ns, 3.4679 ns/op
OverheadActual   7: 21008 op, 72847.00 ns, 3.4676 ns/op
OverheadActual   8: 21008 op, 73244.00 ns, 3.4865 ns/op
OverheadActual   9: 21008 op, 72849.00 ns, 3.4677 ns/op
OverheadActual  10: 21008 op, 71388.00 ns, 3.3981 ns/op
OverheadActual  11: 21008 op, 71693.00 ns, 3.4127 ns/op
OverheadActual  12: 21008 op, 72886.00 ns, 3.4694 ns/op
OverheadActual  13: 21008 op, 73052.00 ns, 3.4773 ns/op
OverheadActual  14: 21008 op, 73521.00 ns, 3.4997 ns/op
OverheadActual  15: 21008 op, 74926.00 ns, 3.5665 ns/op

WorkloadWarmup   1: 21008 op, 994180297.00 ns, 47.3239 us/op
WorkloadWarmup   2: 21008 op, 990952254.00 ns, 47.1702 us/op
WorkloadWarmup   3: 21008 op, 991517050.00 ns, 47.1971 us/op
WorkloadWarmup   4: 21008 op, 990666792.00 ns, 47.1566 us/op
WorkloadWarmup   5: 21008 op, 994613211.00 ns, 47.3445 us/op
WorkloadWarmup   6: 21008 op, 1001026716.00 ns, 47.6498 us/op

// BeforeActualRun
WorkloadActual   1: 21008 op, 995512363.00 ns, 47.3873 us/op
WorkloadActual   2: 21008 op, 988841640.00 ns, 47.0698 us/op
WorkloadActual   3: 21008 op, 989136845.00 ns, 47.0838 us/op
WorkloadActual   4: 21008 op, 994403874.00 ns, 47.3345 us/op
WorkloadActual   5: 21008 op, 989362852.00 ns, 47.0946 us/op
WorkloadActual   6: 21008 op, 989561502.00 ns, 47.1040 us/op
WorkloadActual   7: 21008 op, 991230850.00 ns, 47.1835 us/op
WorkloadActual   8: 21008 op, 986463376.00 ns, 46.9566 us/op
WorkloadActual   9: 21008 op, 987104510.00 ns, 46.9871 us/op
WorkloadActual  10: 21008 op, 991763326.00 ns, 47.2088 us/op
WorkloadActual  11: 21008 op, 992887287.00 ns, 47.2623 us/op
WorkloadActual  12: 21008 op, 993137454.00 ns, 47.2743 us/op
WorkloadActual  13: 21008 op, 987315962.00 ns, 46.9971 us/op
WorkloadActual  14: 21008 op, 987267526.00 ns, 46.9948 us/op
WorkloadActual  15: 21008 op, 987763725.00 ns, 47.0185 us/op

// AfterActualRun
WorkloadResult   1: 21008 op, 995439510.00 ns, 47.3838 us/op
WorkloadResult   2: 21008 op, 988768787.00 ns, 47.0663 us/op
WorkloadResult   3: 21008 op, 989063992.00 ns, 47.0803 us/op
WorkloadResult   4: 21008 op, 994331021.00 ns, 47.3311 us/op
WorkloadResult   5: 21008 op, 989289999.00 ns, 47.0911 us/op
WorkloadResult   6: 21008 op, 989488649.00 ns, 47.1006 us/op
WorkloadResult   7: 21008 op, 991157997.00 ns, 47.1800 us/op
WorkloadResult   8: 21008 op, 986390523.00 ns, 46.9531 us/op
WorkloadResult   9: 21008 op, 987031657.00 ns, 46.9836 us/op
WorkloadResult  10: 21008 op, 991690473.00 ns, 47.2054 us/op
WorkloadResult  11: 21008 op, 992814434.00 ns, 47.2589 us/op
WorkloadResult  12: 21008 op, 993064601.00 ns, 47.2708 us/op
WorkloadResult  13: 21008 op, 987243109.00 ns, 46.9937 us/op
WorkloadResult  14: 21008 op, 987194673.00 ns, 46.9914 us/op
WorkloadResult  15: 21008 op, 987690872.00 ns, 47.0150 us/op

// AfterAll
// Benchmark Process 4059074 has exited with code 0.

Mean = 47.127 μs, StdErr = 0.035 μs (0.07%), N = 15, StdDev = 0.137 μs
Min = 46.953 μs, Q1 = 47.004 μs, Median = 47.091 μs, Q3 = 47.232 μs, Max = 47.384 μs
IQR = 0.228 μs, LowerFence = 46.663 μs, UpperFence = 47.574 μs
ConfidenceInterval = [46.981 μs; 47.273 μs] (CI 99.9%), Margin = 0.146 μs (0.31% of Mean)
Skewness = 0.43, Kurtosis = 1.72, MValue = 2

// ** Remained 9 (30.0%) benchmark(s) to run. Estimated finish 2025-12-31 20:11 (0h 3m from now) **
// **************************
// Benchmark: JsonSerializationBenchmarks.Newtonsoft_Serialize_Medium: Overhead-Fixed-NoEnergy-6(OutlierMode=DontRemove, IterationCount=15, IterationTime=1s, LaunchCount=1, WarmupCount=6)
// *** Execute ***
// Launch: 1 / 1
// Execute: dotnet Serialization.Bench-Overhead-Fixed-NoEnergy-6-1.dll --anonymousPipes 103 104 --benchmarkName Serialization.Bench.JsonSerializationBenchmarks.Newtonsoft_Serialize_Medium --job Overhead-Fixed-NoEnergy-6 --benchmarkId 21 in /home/test/rapl-tests/lib-energy-bench/src/Serialization.Bench/bin/Release/net8.0/Serialization.Bench-Overhead-Fixed-NoEnergy-6-1/bin/Release/net8.0
// BeforeAnythingElse

// Benchmark Process Environment Information:
// BenchmarkDotNet v0.15.5-develop (2025-12-31)
// Runtime=.NET 8.0.21 (8.0.21, 8.0.2125.47513), X64 RyuJIT x86-64-v4
// GC=Concurrent Workstation
// HardwareIntrinsics=AVX512 IFMA+VBMI,AVX512 F+BW+CD+DQ+VL,AVX2+BMI1+BMI2+F16C+FMA+LZCNT+MOVBE,AVX,SSE3+SSSE3+SSE4.1+SSE4.2+POPCNT,X86Base+SSE+SSE2,AES+PCLMUL VectorSize=256
// Job: Overhead-Fixed-NoEnergy-6(OutlierMode=DontRemove, IterationCount=15, IterationTime=1s, LaunchCount=1, WarmupCount=6)

OverheadJitting  1: 1 op, 133785.00 ns, 133.7850 us/op
WorkloadJitting  1: 1 op, 48278044.00 ns, 48.2780 ms/op

OverheadJitting  2: 16 op, 357147.00 ns, 22.3217 us/op
WorkloadJitting  2: 16 op, 5157173.00 ns, 322.3233 us/op

WorkloadPilot    1: 16 op, 4556649.00 ns, 284.7906 us/op
WorkloadPilot    2: 3520 op, 373859578.00 ns, 106.2101 us/op
WorkloadPilot    3: 9424 op, 490826606.00 ns, 52.0826 us/op
WorkloadPilot    4: 19200 op, 1004676040.00 ns, 52.3269 us/op
WorkloadPilot    5: 19120 op, 996240993.00 ns, 52.1047 us/op
WorkloadPilot    6: 19200 op, 1002749972.00 ns, 52.2266 us/op
WorkloadPilot    7: 19152 op, 1002863290.00 ns, 52.3634 us/op

OverheadWarmup   1: 19152 op, 67693.00 ns, 3.5345 ns/op
OverheadWarmup   2: 19152 op, 66815.00 ns, 3.4887 ns/op
OverheadWarmup   3: 19152 op, 65405.00 ns, 3.4150 ns/op
OverheadWarmup   4: 19152 op, 67235.00 ns, 3.5106 ns/op
OverheadWarmup   5: 19152 op, 66741.00 ns, 3.4848 ns/op
OverheadWarmup   6: 19152 op, 66697.00 ns, 3.4825 ns/op
OverheadWarmup   7: 19152 op, 67153.00 ns, 3.5063 ns/op
OverheadWarmup   8: 19152 op, 65381.00 ns, 3.4138 ns/op

OverheadActual   1: 19152 op, 65479.00 ns, 3.4189 ns/op
OverheadActual   2: 19152 op, 71597.00 ns, 3.7384 ns/op
OverheadActual   3: 19152 op, 65924.00 ns, 3.4421 ns/op
OverheadActual   4: 19152 op, 65389.00 ns, 3.4142 ns/op
OverheadActual   5: 19152 op, 67692.00 ns, 3.5345 ns/op
OverheadActual   6: 19152 op, 78030.00 ns, 4.0742 ns/op
OverheadActual   7: 19152 op, 69867.00 ns, 3.6480 ns/op
OverheadActual   8: 19152 op, 65356.00 ns, 3.4125 ns/op
OverheadActual   9: 19152 op, 65361.00 ns, 3.4128 ns/op
OverheadActual  10: 19152 op, 67249.00 ns, 3.5113 ns/op
OverheadActual  11: 19152 op, 65370.00 ns, 3.4132 ns/op
OverheadActual  12: 19152 op, 65368.00 ns, 3.4131 ns/op
OverheadActual  13: 19152 op, 65756.00 ns, 3.4334 ns/op
OverheadActual  14: 19152 op, 65350.00 ns, 3.4122 ns/op
OverheadActual  15: 19152 op, 65389.00 ns, 3.4142 ns/op
OverheadActual  16: 19152 op, 67064.00 ns, 3.5017 ns/op
OverheadActual  17: 19152 op, 66700.00 ns, 3.4827 ns/op

WorkloadWarmup   1: 19152 op, 1002443402.00 ns, 52.3414 us/op
WorkloadWarmup   2: 19152 op, 1001870798.00 ns, 52.3115 us/op
WorkloadWarmup   3: 19152 op, 998518684.00 ns, 52.1365 us/op
WorkloadWarmup   4: 19152 op, 1000367589.00 ns, 52.2331 us/op
WorkloadWarmup   5: 19152 op, 1001195166.00 ns, 52.2763 us/op
WorkloadWarmup   6: 19152 op, 1000751450.00 ns, 52.2531 us/op

// BeforeActualRun
WorkloadActual   1: 19152 op, 998361476.00 ns, 52.1283 us/op
WorkloadActual   2: 19152 op, 1001606518.00 ns, 52.2978 us/op
WorkloadActual   3: 19152 op, 1004134774.00 ns, 52.4298 us/op
WorkloadActual   4: 19152 op, 998372870.00 ns, 52.1289 us/op
WorkloadActual   5: 19152 op, 1006024179.00 ns, 52.5284 us/op
WorkloadActual   6: 19152 op, 997381136.00 ns, 52.0771 us/op
WorkloadActual   7: 19152 op, 1002772946.00 ns, 52.3587 us/op
WorkloadActual   8: 19152 op, 996688010.00 ns, 52.0409 us/op
WorkloadActual   9: 19152 op, 1003890386.00 ns, 52.4170 us/op
WorkloadActual  10: 19152 op, 998033877.00 ns, 52.1112 us/op
WorkloadActual  11: 19152 op, 1004481280.00 ns, 52.4479 us/op
WorkloadActual  12: 19152 op, 1003551247.00 ns, 52.3993 us/op
WorkloadActual  13: 19152 op, 1000098740.00 ns, 52.2190 us/op
WorkloadActual  14: 19152 op, 999328891.00 ns, 52.1788 us/op
WorkloadActual  15: 19152 op, 998877326.00 ns, 52.1552 us/op

// AfterActualRun
WorkloadResult   1: 19152 op, 998295720.00 ns, 52.1249 us/op
WorkloadResult   2: 19152 op, 1001540762.00 ns, 52.2943 us/op
WorkloadResult   3: 19152 op, 1004069018.00 ns, 52.4263 us/op
WorkloadResult   4: 19152 op, 998307114.00 ns, 52.1255 us/op
WorkloadResult   5: 19152 op, 1005958423.00 ns, 52.5250 us/op
WorkloadResult   6: 19152 op, 997315380.00 ns, 52.0737 us/op
WorkloadResult   7: 19152 op, 1002707190.00 ns, 52.3552 us/op
WorkloadResult   8: 19152 op, 996622254.00 ns, 52.0375 us/op
WorkloadResult   9: 19152 op, 1003824630.00 ns, 52.4136 us/op
WorkloadResult  10: 19152 op, 997968121.00 ns, 52.1078 us/op
WorkloadResult  11: 19152 op, 1004415524.00 ns, 52.4444 us/op
WorkloadResult  12: 19152 op, 1003485491.00 ns, 52.3959 us/op
WorkloadResult  13: 19152 op, 1000032984.00 ns, 52.2156 us/op
WorkloadResult  14: 19152 op, 999263135.00 ns, 52.1754 us/op
WorkloadResult  15: 19152 op, 998811570.00 ns, 52.1518 us/op

// AfterAll
// Benchmark Process 4059089 has exited with code 0.

Mean = 52.258 μs, StdErr = 0.041 μs (0.08%), N = 15, StdDev = 0.158 μs
Min = 52.038 μs, Q1 = 52.125 μs, Median = 52.216 μs, Q3 = 52.405 μs, Max = 52.525 μs
IQR = 0.280 μs, LowerFence = 51.706 μs, UpperFence = 52.824 μs
ConfidenceInterval = [52.089 μs; 52.427 μs] (CI 99.9%), Margin = 0.169 μs (0.32% of Mean)
Skewness = 0.19, Kurtosis = 1.39, MValue = 2

// ** Remained 8 (26.7%) benchmark(s) to run. Estimated finish 2025-12-31 20:11 (0h 3m from now) **
// **************************
// Benchmark: JsonSerializationBenchmarks.Jil_Serialize_Medium: Overhead-Fixed-NoEnergy-6(OutlierMode=DontRemove, IterationCount=15, IterationTime=1s, LaunchCount=1, WarmupCount=6)
// *** Execute ***
// Launch: 1 / 1
// Execute: dotnet Serialization.Bench-Overhead-Fixed-NoEnergy-6-1.dll --anonymousPipes 103 104 --benchmarkName Serialization.Bench.JsonSerializationBenchmarks.Jil_Serialize_Medium --job Overhead-Fixed-NoEnergy-6 --benchmarkId 22 in /home/test/rapl-tests/lib-energy-bench/src/Serialization.Bench/bin/Release/net8.0/Serialization.Bench-Overhead-Fixed-NoEnergy-6-1/bin/Release/net8.0
// BeforeAnythingElse

// Benchmark Process Environment Information:
// BenchmarkDotNet v0.15.5-develop (2025-12-31)
// Runtime=.NET 8.0.21 (8.0.21, 8.0.2125.47513), X64 RyuJIT x86-64-v4
// GC=Concurrent Workstation
// HardwareIntrinsics=AVX512 IFMA+VBMI,AVX512 F+BW+CD+DQ+VL,AVX2+BMI1+BMI2+F16C+FMA+LZCNT+MOVBE,AVX,SSE3+SSSE3+SSE4.1+SSE4.2+POPCNT,X86Base+SSE+SSE2,AES+PCLMUL VectorSize=256
// Job: Overhead-Fixed-NoEnergy-6(OutlierMode=DontRemove, IterationCount=15, IterationTime=1s, LaunchCount=1, WarmupCount=6)

OverheadJitting  1: 1 op, 135162.00 ns, 135.1620 us/op
WorkloadJitting  1: 1 op, 134126166.00 ns, 134.1262 ms/op

WorkloadPilot    1: 4 op, 652866.00 ns, 163.2165 us/op
WorkloadPilot    2: 6127 op, 333122494.00 ns, 54.3696 us/op
WorkloadPilot    3: 18393 op, 700026243.00 ns, 38.0594 us/op
WorkloadPilot    4: 26275 op, 997832743.00 ns, 37.9765 us/op
WorkloadPilot    5: 26332 op, 1000819452.00 ns, 38.0077 us/op
WorkloadPilot    6: 26310 op, 1011786592.00 ns, 38.4564 us/op
WorkloadPilot    7: 26004 op, 1003128231.00 ns, 38.5759 us/op

WorkloadWarmup   1: 26004 op, 990919432.00 ns, 38.1064 us/op
WorkloadWarmup   2: 26004 op, 1016025280.00 ns, 39.0719 us/op
WorkloadWarmup   3: 26004 op, 1015144879.00 ns, 39.0380 us/op
WorkloadWarmup   4: 26004 op, 1016118454.00 ns, 39.0755 us/op
WorkloadWarmup   5: 26004 op, 1016659701.00 ns, 39.0963 us/op
WorkloadWarmup   6: 26004 op, 1016375465.00 ns, 39.0854 us/op

// BeforeActualRun
WorkloadActual   1: 26004 op, 994894758.00 ns, 38.2593 us/op
WorkloadActual   2: 26004 op, 995568937.00 ns, 38.2852 us/op
WorkloadActual   3: 26004 op, 995591702.00 ns, 38.2861 us/op
WorkloadActual   4: 26004 op, 996952892.00 ns, 38.3384 us/op
WorkloadActual   5: 26004 op, 996746706.00 ns, 38.3305 us/op
WorkloadActual   6: 26004 op, 995879881.00 ns, 38.2972 us/op
WorkloadActual   7: 26004 op, 996115334.00 ns, 38.3062 us/op
WorkloadActual   8: 26004 op, 996941186.00 ns, 38.3380 us/op
WorkloadActual   9: 26004 op, 994881145.00 ns, 38.2588 us/op
WorkloadActual  10: 26004 op, 996655530.00 ns, 38.3270 us/op
WorkloadActual  11: 26004 op, 994205636.00 ns, 38.2328 us/op
WorkloadActual  12: 26004 op, 996263435.00 ns, 38.3119 us/op
WorkloadActual  13: 26004 op, 997465215.00 ns, 38.3581 us/op
WorkloadActual  14: 26004 op, 994221094.00 ns, 38.2334 us/op
WorkloadActual  15: 26004 op, 994155305.00 ns, 38.2309 us/op

// AfterActualRun
WorkloadResult   1: 26004 op, 994894758.00 ns, 38.2593 us/op
WorkloadResult   2: 26004 op, 995568937.00 ns, 38.2852 us/op
WorkloadResult   3: 26004 op, 995591702.00 ns, 38.2861 us/op
WorkloadResult   4: 26004 op, 996952892.00 ns, 38.3384 us/op
WorkloadResult   5: 26004 op, 996746706.00 ns, 38.3305 us/op
WorkloadResult   6: 26004 op, 995879881.00 ns, 38.2972 us/op
WorkloadResult   7: 26004 op, 996115334.00 ns, 38.3062 us/op
WorkloadResult   8: 26004 op, 996941186.00 ns, 38.3380 us/op
WorkloadResult   9: 26004 op, 994881145.00 ns, 38.2588 us/op
WorkloadResult  10: 26004 op, 996655530.00 ns, 38.3270 us/op
WorkloadResult  11: 26004 op, 994205636.00 ns, 38.2328 us/op
WorkloadResult  12: 26004 op, 996263435.00 ns, 38.3119 us/op
WorkloadResult  13: 26004 op, 997465215.00 ns, 38.3581 us/op
WorkloadResult  14: 26004 op, 994221094.00 ns, 38.2334 us/op
WorkloadResult  15: 26004 op, 994155305.00 ns, 38.2309 us/op

// AfterAll
// Benchmark Process 4059108 has exited with code 0.

Mean = 38.293 μs, StdErr = 0.011 μs (0.03%), N = 15, StdDev = 0.042 μs
Min = 38.231 μs, Q1 = 38.259 μs, Median = 38.297 μs, Q3 = 38.329 μs, Max = 38.358 μs
IQR = 0.070 μs, LowerFence = 38.154 μs, UpperFence = 38.433 μs
ConfidenceInterval = [38.248 μs; 38.338 μs] (CI 99.9%), Margin = 0.045 μs (0.12% of Mean)
Skewness = -0.16, Kurtosis = 1.54, MValue = 2

// ** Remained 7 (23.3%) benchmark(s) to run. Estimated finish 2025-12-31 20:11 (0h 3m from now) **
// **************************
// Benchmark: JsonSerializationBenchmarks.Utf8Json_Serialize_Medium: Overhead-Fixed-NoEnergy-6(OutlierMode=DontRemove, IterationCount=15, IterationTime=1s, LaunchCount=1, WarmupCount=6)
// *** Execute ***
// Launch: 1 / 1
// Execute: dotnet Serialization.Bench-Overhead-Fixed-NoEnergy-6-1.dll --anonymousPipes 103 104 --benchmarkName Serialization.Bench.JsonSerializationBenchmarks.Utf8Json_Serialize_Medium --job Overhead-Fixed-NoEnergy-6 --benchmarkId 23 in /home/test/rapl-tests/lib-energy-bench/src/Serialization.Bench/bin/Release/net8.0/Serialization.Bench-Overhead-Fixed-NoEnergy-6-1/bin/Release/net8.0
// BeforeAnythingElse

// Benchmark Process Environment Information:
// BenchmarkDotNet v0.15.5-develop (2025-12-31)
// Runtime=.NET 8.0.21 (8.0.21, 8.0.2125.47513), X64 RyuJIT x86-64-v4
// GC=Concurrent Workstation
// HardwareIntrinsics=AVX512 IFMA+VBMI,AVX512 F+BW+CD+DQ+VL,AVX2+BMI1+BMI2+F16C+FMA+LZCNT+MOVBE,AVX,SSE3+SSSE3+SSE4.1+SSE4.2+POPCNT,X86Base+SSE+SSE2,AES+PCLMUL VectorSize=256
// Job: Overhead-Fixed-NoEnergy-6(OutlierMode=DontRemove, IterationCount=15, IterationTime=1s, LaunchCount=1, WarmupCount=6)

OverheadJitting  1: 1 op, 133895.00 ns, 133.8950 us/op
WorkloadJitting  1: 1 op, 53909712.00 ns, 53.9097 ms/op

OverheadJitting  2: 16 op, 360465.00 ns, 22.5291 us/op
WorkloadJitting  2: 16 op, 4177143.00 ns, 261.0714 us/op

WorkloadPilot    1: 16 op, 3427416.00 ns, 214.2135 us/op
WorkloadPilot    2: 4672 op, 434792917.00 ns, 93.0636 us/op
WorkloadPilot    3: 10752 op, 623645312.00 ns, 58.0027 us/op
WorkloadPilot    4: 17248 op, 1040033127.00 ns, 60.2988 us/op
WorkloadPilot    5: 16592 op, 984840483.00 ns, 59.3563 us/op
WorkloadPilot    6: 16848 op, 983585031.00 ns, 58.3799 us/op
WorkloadPilot    7: 17136 op, 974864890.00 ns, 56.8899 us/op
WorkloadPilot    8: 17584 op, 992347032.00 ns, 56.4347 us/op
WorkloadPilot    9: 17728 op, 1012473739.00 ns, 57.1116 us/op
WorkloadPilot   10: 17520 op, 1000328240.00 ns, 57.0964 us/op

OverheadWarmup   1: 17520 op, 60563.00 ns, 3.4568 ns/op
OverheadWarmup   2: 17520 op, 59836.00 ns, 3.4153 ns/op
OverheadWarmup   3: 17520 op, 59811.00 ns, 3.4139 ns/op
OverheadWarmup   4: 17520 op, 60157.00 ns, 3.4336 ns/op
OverheadWarmup   5: 17520 op, 59800.00 ns, 3.4132 ns/op
OverheadWarmup   6: 17520 op, 61049.00 ns, 3.4845 ns/op
OverheadWarmup   7: 17520 op, 61045.00 ns, 3.4843 ns/op

OverheadActual   1: 17520 op, 60332.00 ns, 3.4436 ns/op
OverheadActual   2: 17520 op, 59910.00 ns, 3.4195 ns/op
OverheadActual   3: 17520 op, 59926.00 ns, 3.4204 ns/op
OverheadActual   4: 17520 op, 59852.00 ns, 3.4162 ns/op
OverheadActual   5: 17520 op, 61445.00 ns, 3.5071 ns/op
OverheadActual   6: 17520 op, 61077.00 ns, 3.4861 ns/op
OverheadActual   7: 17520 op, 61027.00 ns, 3.4833 ns/op
OverheadActual   8: 17520 op, 60214.00 ns, 3.4369 ns/op
OverheadActual   9: 17520 op, 61066.00 ns, 3.4855 ns/op
OverheadActual  10: 17520 op, 59822.00 ns, 3.4145 ns/op
OverheadActual  11: 17520 op, 59815.00 ns, 3.4141 ns/op
OverheadActual  12: 17520 op, 61415.00 ns, 3.5054 ns/op
OverheadActual  13: 17520 op, 65809.00 ns, 3.7562 ns/op
OverheadActual  14: 17520 op, 61085.00 ns, 3.4866 ns/op
OverheadActual  15: 17520 op, 61052.00 ns, 3.4847 ns/op

WorkloadWarmup   1: 17520 op, 989357876.00 ns, 56.4702 us/op
WorkloadWarmup   2: 17520 op, 1001161184.00 ns, 57.1439 us/op
WorkloadWarmup   3: 17520 op, 994733677.00 ns, 56.7770 us/op
WorkloadWarmup   4: 17520 op, 994681348.00 ns, 56.7740 us/op
WorkloadWarmup   5: 17520 op, 996466485.00 ns, 56.8759 us/op
WorkloadWarmup   6: 17520 op, 986327400.00 ns, 56.2972 us/op

// BeforeActualRun
WorkloadActual   1: 17520 op, 1010039143.00 ns, 57.6506 us/op
WorkloadActual   2: 17520 op, 1006002545.00 ns, 57.4202 us/op
WorkloadActual   3: 17520 op, 1019522220.00 ns, 58.1919 us/op
WorkloadActual   4: 17520 op, 1005884704.00 ns, 57.4135 us/op
WorkloadActual   5: 17520 op, 1035203326.00 ns, 59.0869 us/op
WorkloadActual   6: 17520 op, 1001346754.00 ns, 57.1545 us/op
WorkloadActual   7: 17520 op, 1024182561.00 ns, 58.4579 us/op
WorkloadActual   8: 17520 op, 1043556803.00 ns, 59.5637 us/op
WorkloadActual   9: 17520 op, 992746657.00 ns, 56.6636 us/op
WorkloadActual  10: 17520 op, 998363238.00 ns, 56.9842 us/op
WorkloadActual  11: 17520 op, 988954905.00 ns, 56.4472 us/op
WorkloadActual  12: 17520 op, 987163276.00 ns, 56.3449 us/op
WorkloadActual  13: 17520 op, 1002719699.00 ns, 57.2329 us/op
WorkloadActual  14: 17520 op, 1031998197.00 ns, 58.9040 us/op
WorkloadActual  15: 17520 op, 1038004705.00 ns, 59.2468 us/op

// AfterActualRun
WorkloadResult   1: 17520 op, 1009978116.00 ns, 57.6472 us/op
WorkloadResult   2: 17520 op, 1005941518.00 ns, 57.4168 us/op
WorkloadResult   3: 17520 op, 1019461193.00 ns, 58.1884 us/op
WorkloadResult   4: 17520 op, 1005823677.00 ns, 57.4100 us/op
WorkloadResult   5: 17520 op, 1035142299.00 ns, 59.0835 us/op
WorkloadResult   6: 17520 op, 1001285727.00 ns, 57.1510 us/op
WorkloadResult   7: 17520 op, 1024121534.00 ns, 58.4544 us/op
WorkloadResult   8: 17520 op, 1043495776.00 ns, 59.5603 us/op
WorkloadResult   9: 17520 op, 992685630.00 ns, 56.6601 us/op
WorkloadResult  10: 17520 op, 998302211.00 ns, 56.9807 us/op
WorkloadResult  11: 17520 op, 988893878.00 ns, 56.4437 us/op
WorkloadResult  12: 17520 op, 987102249.00 ns, 56.3415 us/op
WorkloadResult  13: 17520 op, 1002658672.00 ns, 57.2294 us/op
WorkloadResult  14: 17520 op, 1031937170.00 ns, 58.9005 us/op
WorkloadResult  15: 17520 op, 1037943678.00 ns, 59.2434 us/op

// AfterAll
// Benchmark Process 4059128 has exited with code 0.

Mean = 57.781 μs, StdErr = 0.273 μs (0.47%), N = 15, StdDev = 1.056 μs
Min = 56.341 μs, Q1 = 57.066 μs, Median = 57.417 μs, Q3 = 58.677 μs, Max = 59.560 μs
IQR = 1.612 μs, LowerFence = 54.648 μs, UpperFence = 61.095 μs
ConfidenceInterval = [56.651 μs; 58.910 μs] (CI 99.9%), Margin = 1.129 μs (1.95% of Mean)
Skewness = 0.28, Kurtosis = 1.56, MValue = 2

// ** Remained 6 (20.0%) benchmark(s) to run. Estimated finish 2025-12-31 20:11 (0h 2m from now) **
// **************************
// Benchmark: JsonSerializationBenchmarks.SpanJson_Serialize_Medium: Overhead-Fixed-NoEnergy-6(OutlierMode=DontRemove, IterationCount=15, IterationTime=1s, LaunchCount=1, WarmupCount=6)
// *** Execute ***
// Launch: 1 / 1
// Execute: dotnet Serialization.Bench-Overhead-Fixed-NoEnergy-6-1.dll --anonymousPipes 103 104 --benchmarkName Serialization.Bench.JsonSerializationBenchmarks.SpanJson_Serialize_Medium --job Overhead-Fixed-NoEnergy-6 --benchmarkId 24 in /home/test/rapl-tests/lib-energy-bench/src/Serialization.Bench/bin/Release/net8.0/Serialization.Bench-Overhead-Fixed-NoEnergy-6-1/bin/Release/net8.0
// BeforeAnythingElse

// Benchmark Process Environment Information:
// BenchmarkDotNet v0.15.5-develop (2025-12-31)
// Runtime=.NET 8.0.21 (8.0.21, 8.0.2125.47513), X64 RyuJIT x86-64-v4
// GC=Concurrent Workstation
// HardwareIntrinsics=AVX512 IFMA+VBMI,AVX512 F+BW+CD+DQ+VL,AVX2+BMI1+BMI2+F16C+FMA+LZCNT+MOVBE,AVX,SSE3+SSSE3+SSE4.1+SSE4.2+POPCNT,X86Base+SSE+SSE2,AES+PCLMUL VectorSize=256
// Job: Overhead-Fixed-NoEnergy-6(OutlierMode=DontRemove, IterationCount=15, IterationTime=1s, LaunchCount=1, WarmupCount=6)

OverheadJitting  1: 1 op, 134178.00 ns, 134.1780 us/op
WorkloadJitting  1: 1 op, 97343867.00 ns, 97.3439 ms/op

WorkloadPilot    1: 4 op, 1046064.00 ns, 261.5160 us/op
WorkloadPilot    2: 3824 op, 285886546.00 ns, 74.7611 us/op
WorkloadPilot    3: 13376 op, 538143589.00 ns, 40.2320 us/op
WorkloadPilot    4: 24856 op, 979592658.00 ns, 39.4107 us/op
WorkloadPilot    5: 25374 op, 1022038349.00 ns, 40.2790 us/op
WorkloadPilot    6: 24827 op, 995353666.00 ns, 40.0916 us/op
WorkloadPilot    7: 24943 op, 1004811271.00 ns, 40.2843 us/op
WorkloadPilot    8: 24824 op, 957087809.00 ns, 38.5549 us/op
WorkloadPilot    9: 25937 op, 1042874013.00 ns, 40.2080 us/op

WorkloadWarmup   1: 25937 op, 1042456254.00 ns, 40.1919 us/op
WorkloadWarmup   2: 25937 op, 1044155943.00 ns, 40.2574 us/op
WorkloadWarmup   3: 25937 op, 1045135169.00 ns, 40.2951 us/op
WorkloadWarmup   4: 25937 op, 1058103681.00 ns, 40.7951 us/op
WorkloadWarmup   5: 25937 op, 1050383307.00 ns, 40.4975 us/op
WorkloadWarmup   6: 25937 op, 1043516168.00 ns, 40.2327 us/op

// BeforeActualRun
WorkloadActual   1: 25937 op, 1041725729.00 ns, 40.1637 us/op
WorkloadActual   2: 25937 op, 1047212094.00 ns, 40.3752 us/op
WorkloadActual   3: 25937 op, 1042515477.00 ns, 40.1941 us/op
WorkloadActual   4: 25937 op, 1041707766.00 ns, 40.1630 us/op
WorkloadActual   5: 25937 op, 1043824849.00 ns, 40.2446 us/op
WorkloadActual   6: 25937 op, 1058630544.00 ns, 40.8155 us/op
WorkloadActual   7: 25937 op, 1062729044.00 ns, 40.9735 us/op
WorkloadActual   8: 25937 op, 1059759645.00 ns, 40.8590 us/op
WorkloadActual   9: 25937 op, 1062067053.00 ns, 40.9480 us/op
WorkloadActual  10: 25937 op, 1060824774.00 ns, 40.9001 us/op
WorkloadActual  11: 25937 op, 1059970579.00 ns, 40.8671 us/op
WorkloadActual  12: 25937 op, 1059515941.00 ns, 40.8496 us/op
WorkloadActual  13: 25937 op, 1055623755.00 ns, 40.6995 us/op
WorkloadActual  14: 25937 op, 1060962838.00 ns, 40.9054 us/op
WorkloadActual  15: 25937 op, 1058731968.00 ns, 40.8194 us/op

// AfterActualRun
WorkloadResult   1: 25937 op, 1041725729.00 ns, 40.1637 us/op
WorkloadResult   2: 25937 op, 1047212094.00 ns, 40.3752 us/op
WorkloadResult   3: 25937 op, 1042515477.00 ns, 40.1941 us/op
WorkloadResult   4: 25937 op, 1041707766.00 ns, 40.1630 us/op
WorkloadResult   5: 25937 op, 1043824849.00 ns, 40.2446 us/op
WorkloadResult   6: 25937 op, 1058630544.00 ns, 40.8155 us/op
WorkloadResult   7: 25937 op, 1062729044.00 ns, 40.9735 us/op
WorkloadResult   8: 25937 op, 1059759645.00 ns, 40.8590 us/op
WorkloadResult   9: 25937 op, 1062067053.00 ns, 40.9480 us/op
WorkloadResult  10: 25937 op, 1060824774.00 ns, 40.9001 us/op
WorkloadResult  11: 25937 op, 1059970579.00 ns, 40.8671 us/op
WorkloadResult  12: 25937 op, 1059515941.00 ns, 40.8496 us/op
WorkloadResult  13: 25937 op, 1055623755.00 ns, 40.6995 us/op
WorkloadResult  14: 25937 op, 1060962838.00 ns, 40.9054 us/op
WorkloadResult  15: 25937 op, 1058731968.00 ns, 40.8194 us/op

// AfterAll
// Benchmark Process 4059144 has exited with code 0.

Mean = 40.652 μs, StdErr = 0.083 μs (0.20%), N = 15, StdDev = 0.320 μs
Min = 40.163 μs, Q1 = 40.310 μs, Median = 40.819 μs, Q3 = 40.884 μs, Max = 40.973 μs
IQR = 0.574 μs, LowerFence = 39.449 μs, UpperFence = 41.744 μs
ConfidenceInterval = [40.310 μs; 40.994 μs] (CI 99.9%), Margin = 0.342 μs (0.84% of Mean)
Skewness = -0.59, Kurtosis = 1.43, MValue = 2

// ** Remained 5 (16.7%) benchmark(s) to run. Estimated finish 2025-12-31 20:11 (0h 2m from now) **
// **************************
// Benchmark: JsonSerializationBenchmarks.STJ_Serialize_Small: Overhead-Fixed-NoEnergy-6(OutlierMode=DontRemove, IterationCount=15, IterationTime=1s, LaunchCount=1, WarmupCount=6)
// *** Execute ***
// Launch: 1 / 1
// Execute: dotnet Serialization.Bench-Overhead-Fixed-NoEnergy-6-1.dll --anonymousPipes 103 104 --benchmarkName Serialization.Bench.JsonSerializationBenchmarks.STJ_Serialize_Small --job Overhead-Fixed-NoEnergy-6 --benchmarkId 25 in /home/test/rapl-tests/lib-energy-bench/src/Serialization.Bench/bin/Release/net8.0/Serialization.Bench-Overhead-Fixed-NoEnergy-6-1/bin/Release/net8.0
// BeforeAnythingElse

// Benchmark Process Environment Information:
// BenchmarkDotNet v0.15.5-develop (2025-12-31)
// Runtime=.NET 8.0.21 (8.0.21, 8.0.2125.47513), X64 RyuJIT x86-64-v4
// GC=Concurrent Workstation
// HardwareIntrinsics=AVX512 IFMA+VBMI,AVX512 F+BW+CD+DQ+VL,AVX2+BMI1+BMI2+F16C+FMA+LZCNT+MOVBE,AVX,SSE3+SSSE3+SSE4.1+SSE4.2+POPCNT,X86Base+SSE+SSE2,AES+PCLMUL VectorSize=256
// Job: Overhead-Fixed-NoEnergy-6(OutlierMode=DontRemove, IterationCount=15, IterationTime=1s, LaunchCount=1, WarmupCount=6)

OverheadJitting  1: 1 op, 135909.00 ns, 135.9090 us/op
WorkloadJitting  1: 1 op, 3784198.00 ns, 3.7842 ms/op

OverheadJitting  2: 16 op, 350204.00 ns, 21.8878 us/op
WorkloadJitting  2: 16 op, 488681.00 ns, 30.5426 us/op

WorkloadPilot    1: 16 op, 79321.00 ns, 4.9576 us/op
WorkloadPilot    2: 201712 op, 548666032.00 ns, 2.7200 us/op
WorkloadPilot    3: 367648 op, 484616683.00 ns, 1.3182 us/op
WorkloadPilot    4: 758640 op, 994745679.00 ns, 1.3112 us/op
WorkloadPilot    5: 762656 op, 1002477368.00 ns, 1.3145 us/op
WorkloadPilot    6: 760784 op, 997238902.00 ns, 1.3108 us/op
WorkloadPilot    7: 762896 op, 1002688582.00 ns, 1.3143 us/op
WorkloadPilot    8: 760864 op, 997969897.00 ns, 1.3116 us/op
WorkloadPilot    9: 762416 op, 998642809.00 ns, 1.3098 us/op
WorkloadPilot   10: 763456 op, 1001766529.00 ns, 1.3121 us/op

OverheadWarmup   1: 763456 op, 2612765.00 ns, 3.4223 ns/op
OverheadWarmup   2: 763456 op, 2639892.00 ns, 3.4578 ns/op
OverheadWarmup   3: 763456 op, 2611230.00 ns, 3.4203 ns/op
OverheadWarmup   4: 763456 op, 2608302.00 ns, 3.4164 ns/op
OverheadWarmup   5: 763456 op, 2614180.00 ns, 3.4241 ns/op
OverheadWarmup   6: 763456 op, 2607239.00 ns, 3.4150 ns/op

OverheadActual   1: 763456 op, 2609942.00 ns, 3.4186 ns/op
OverheadActual   2: 763456 op, 2605235.00 ns, 3.4124 ns/op
OverheadActual   3: 763456 op, 2608141.00 ns, 3.4162 ns/op
OverheadActual   4: 763456 op, 2612715.00 ns, 3.4222 ns/op
OverheadActual   5: 763456 op, 2606975.00 ns, 3.4147 ns/op
OverheadActual   6: 763456 op, 2605266.00 ns, 3.4125 ns/op
OverheadActual   7: 763456 op, 2608495.00 ns, 3.4167 ns/op
OverheadActual   8: 763456 op, 2607201.00 ns, 3.4150 ns/op
OverheadActual   9: 763456 op, 2614512.00 ns, 3.4246 ns/op
OverheadActual  10: 763456 op, 2603556.00 ns, 3.4102 ns/op
OverheadActual  11: 763456 op, 2606678.00 ns, 3.4143 ns/op
OverheadActual  12: 763456 op, 2614443.00 ns, 3.4245 ns/op
OverheadActual  13: 763456 op, 2614214.00 ns, 3.4242 ns/op
OverheadActual  14: 763456 op, 2604515.00 ns, 3.4115 ns/op
OverheadActual  15: 763456 op, 2615772.00 ns, 3.4262 ns/op

WorkloadWarmup   1: 763456 op, 1002577500.00 ns, 1.3132 us/op
WorkloadWarmup   2: 763456 op, 1002236037.00 ns, 1.3128 us/op
WorkloadWarmup   3: 763456 op, 999313515.00 ns, 1.3089 us/op
WorkloadWarmup   4: 763456 op, 999171830.00 ns, 1.3087 us/op
WorkloadWarmup   5: 763456 op, 999525619.00 ns, 1.3092 us/op
WorkloadWarmup   6: 763456 op, 999841844.00 ns, 1.3096 us/op

// BeforeActualRun
WorkloadActual   1: 763456 op, 1000580838.00 ns, 1.3106 us/op
WorkloadActual   2: 763456 op, 1004146354.00 ns, 1.3153 us/op
WorkloadActual   3: 763456 op, 1002444887.00 ns, 1.3130 us/op
WorkloadActual   4: 763456 op, 1003143002.00 ns, 1.3139 us/op
WorkloadActual   5: 763456 op, 1002060659.00 ns, 1.3125 us/op
WorkloadActual   6: 763456 op, 1002828769.00 ns, 1.3135 us/op
WorkloadActual   7: 763456 op, 1002096537.00 ns, 1.3126 us/op
WorkloadActual   8: 763456 op, 1003312849.00 ns, 1.3142 us/op
WorkloadActual   9: 763456 op, 1003134495.00 ns, 1.3139 us/op
WorkloadActual  10: 763456 op, 1003762729.00 ns, 1.3148 us/op
WorkloadActual  11: 763456 op, 1003181508.00 ns, 1.3140 us/op
WorkloadActual  12: 763456 op, 1002893067.00 ns, 1.3136 us/op
WorkloadActual  13: 763456 op, 1003703386.00 ns, 1.3147 us/op
WorkloadActual  14: 763456 op, 1002901339.00 ns, 1.3136 us/op
WorkloadActual  15: 763456 op, 1003132178.00 ns, 1.3139 us/op

// AfterActualRun
WorkloadResult   1: 763456 op, 997972697.00 ns, 1.3072 us/op
WorkloadResult   2: 763456 op, 1001538213.00 ns, 1.3118 us/op
WorkloadResult   3: 763456 op, 999836746.00 ns, 1.3096 us/op
WorkloadResult   4: 763456 op, 1000534861.00 ns, 1.3105 us/op
WorkloadResult   5: 763456 op, 999452518.00 ns, 1.3091 us/op
WorkloadResult   6: 763456 op, 1000220628.00 ns, 1.3101 us/op
WorkloadResult   7: 763456 op, 999488396.00 ns, 1.3092 us/op
WorkloadResult   8: 763456 op, 1000704708.00 ns, 1.3108 us/op
WorkloadResult   9: 763456 op, 1000526354.00 ns, 1.3105 us/op
WorkloadResult  10: 763456 op, 1001154588.00 ns, 1.3113 us/op
WorkloadResult  11: 763456 op, 1000573367.00 ns, 1.3106 us/op
WorkloadResult  12: 763456 op, 1000284926.00 ns, 1.3102 us/op
WorkloadResult  13: 763456 op, 1001095245.00 ns, 1.3113 us/op
WorkloadResult  14: 763456 op, 1000293198.00 ns, 1.3102 us/op
WorkloadResult  15: 763456 op, 1000524037.00 ns, 1.3105 us/op

// AfterAll
// Benchmark Process 4059159 has exited with code 0.

Mean = 1.310 μs, StdErr = 0.000 μs (0.02%), N = 15, StdDev = 0.001 μs
Min = 1.307 μs, Q1 = 1.310 μs, Median = 1.311 μs, Q3 = 1.311 μs, Max = 1.312 μs
IQR = 0.001 μs, LowerFence = 1.309 μs, UpperFence = 1.312 μs
ConfidenceInterval = [1.309 μs; 1.311 μs] (CI 99.9%), Margin = 0.001 μs (0.09% of Mean)
Skewness = -1.07, Kurtosis = 4.04, MValue = 2

// ** Remained 4 (13.3%) benchmark(s) to run. Estimated finish 2025-12-31 20:11 (0h 1m from now) **
// **************************
// Benchmark: JsonSerializationBenchmarks.Newtonsoft_Serialize_Small: Overhead-Fixed-NoEnergy-6(OutlierMode=DontRemove, IterationCount=15, IterationTime=1s, LaunchCount=1, WarmupCount=6)
// *** Execute ***
// Launch: 1 / 1
// Execute: dotnet Serialization.Bench-Overhead-Fixed-NoEnergy-6-1.dll --anonymousPipes 103 104 --benchmarkName Serialization.Bench.JsonSerializationBenchmarks.Newtonsoft_Serialize_Small --job Overhead-Fixed-NoEnergy-6 --benchmarkId 26 in /home/test/rapl-tests/lib-energy-bench/src/Serialization.Bench/bin/Release/net8.0/Serialization.Bench-Overhead-Fixed-NoEnergy-6-1/bin/Release/net8.0
// BeforeAnythingElse

// Benchmark Process Environment Information:
// BenchmarkDotNet v0.15.5-develop (2025-12-31)
// Runtime=.NET 8.0.21 (8.0.21, 8.0.2125.47513), X64 RyuJIT x86-64-v4
// GC=Concurrent Workstation
// HardwareIntrinsics=AVX512 IFMA+VBMI,AVX512 F+BW+CD+DQ+VL,AVX2+BMI1+BMI2+F16C+FMA+LZCNT+MOVBE,AVX,SSE3+SSSE3+SSE4.1+SSE4.2+POPCNT,X86Base+SSE+SSE2,AES+PCLMUL VectorSize=256
// Job: Overhead-Fixed-NoEnergy-6(OutlierMode=DontRemove, IterationCount=15, IterationTime=1s, LaunchCount=1, WarmupCount=6)

OverheadJitting  1: 1 op, 134756.00 ns, 134.7560 us/op
WorkloadJitting  1: 1 op, 37843859.00 ns, 37.8439 ms/op

OverheadJitting  2: 16 op, 396734.00 ns, 24.7959 us/op
WorkloadJitting  2: 16 op, 672832.00 ns, 42.0520 us/op

WorkloadPilot    1: 16 op, 223560.00 ns, 13.9725 us/op
WorkloadPilot    2: 71584 op, 281957154.00 ns, 3.9388 us/op
WorkloadPilot    3: 253888 op, 553322564.00 ns, 2.1794 us/op
WorkloadPilot    4: 458848 op, 994278470.00 ns, 2.1669 us/op
WorkloadPilot    5: 461488 op, 1000333649.00 ns, 2.1676 us/op
WorkloadPilot    6: 461344 op, 1003158781.00 ns, 2.1744 us/op
WorkloadPilot    7: 459904 op, 995127937.00 ns, 2.1638 us/op
WorkloadPilot    8: 462160 op, 999681571.00 ns, 2.1631 us/op
WorkloadPilot    9: 462320 op, 998725210.00 ns, 2.1602 us/op
WorkloadPilot   10: 462912 op, 999180654.00 ns, 2.1585 us/op
WorkloadPilot   11: 463296 op, 1001063852.00 ns, 2.1607 us/op

OverheadWarmup   1: 463296 op, 1609047.00 ns, 3.4730 ns/op
OverheadWarmup   2: 463296 op, 1577723.00 ns, 3.4054 ns/op
OverheadWarmup   3: 463296 op, 1578796.00 ns, 3.4077 ns/op
OverheadWarmup   4: 463296 op, 1575333.00 ns, 3.4003 ns/op
OverheadWarmup   5: 463296 op, 1580901.00 ns, 3.4123 ns/op
OverheadWarmup   6: 463296 op, 1608338.00 ns, 3.4715 ns/op
OverheadWarmup   7: 463296 op, 1591709.00 ns, 3.4356 ns/op

OverheadActual   1: 463296 op, 1592920.00 ns, 3.4382 ns/op
OverheadActual   2: 463296 op, 1608185.00 ns, 3.4712 ns/op
OverheadActual   3: 463296 op, 1614652.00 ns, 3.4851 ns/op
OverheadActual   4: 463296 op, 1587234.00 ns, 3.4260 ns/op
OverheadActual   5: 463296 op, 1576336.00 ns, 3.4024 ns/op
OverheadActual   6: 463296 op, 1578292.00 ns, 3.4067 ns/op
OverheadActual   7: 463296 op, 1588524.00 ns, 3.4287 ns/op
OverheadActual   8: 463296 op, 1575928.00 ns, 3.4016 ns/op
OverheadActual   9: 463296 op, 1581935.00 ns, 3.4145 ns/op
OverheadActual  10: 463296 op, 1578000.00 ns, 3.4060 ns/op
OverheadActual  11: 463296 op, 1577527.00 ns, 3.4050 ns/op
OverheadActual  12: 463296 op, 1584327.00 ns, 3.4197 ns/op
OverheadActual  13: 463296 op, 1580089.00 ns, 3.4105 ns/op
OverheadActual  14: 463296 op, 1610378.00 ns, 3.4759 ns/op
OverheadActual  15: 463296 op, 1585964.00 ns, 3.4232 ns/op

WorkloadWarmup   1: 463296 op, 1005145448.00 ns, 2.1696 us/op
WorkloadWarmup   2: 463296 op, 1003044883.00 ns, 2.1650 us/op
WorkloadWarmup   3: 463296 op, 999379555.00 ns, 2.1571 us/op
WorkloadWarmup   4: 463296 op, 999836290.00 ns, 2.1581 us/op
WorkloadWarmup   5: 463296 op, 1000203046.00 ns, 2.1589 us/op
WorkloadWarmup   6: 463296 op, 999213197.00 ns, 2.1567 us/op

// BeforeActualRun
WorkloadActual   1: 463296 op, 1001436609.00 ns, 2.1615 us/op
WorkloadActual   2: 463296 op, 1004144984.00 ns, 2.1674 us/op
WorkloadActual   3: 463296 op, 1002993558.00 ns, 2.1649 us/op
WorkloadActual   4: 463296 op, 1003829984.00 ns, 2.1667 us/op
WorkloadActual   5: 463296 op, 1004386594.00 ns, 2.1679 us/op
WorkloadActual   6: 463296 op, 1003884792.00 ns, 2.1668 us/op
WorkloadActual   7: 463296 op, 1003655583.00 ns, 2.1663 us/op
WorkloadActual   8: 463296 op, 1003410015.00 ns, 2.1658 us/op
WorkloadActual   9: 463296 op, 1002770486.00 ns, 2.1644 us/op
WorkloadActual  10: 463296 op, 1004208397.00 ns, 2.1675 us/op
WorkloadActual  11: 463296 op, 1002221670.00 ns, 2.1632 us/op
WorkloadActual  12: 463296 op, 1003972757.00 ns, 2.1670 us/op
WorkloadActual  13: 463296 op, 1003216180.00 ns, 2.1654 us/op
WorkloadActual  14: 463296 op, 1005011598.00 ns, 2.1693 us/op
WorkloadActual  15: 463296 op, 1003504753.00 ns, 2.1660 us/op

// AfterActualRun
WorkloadResult   1: 463296 op, 999852282.00 ns, 2.1581 us/op
WorkloadResult   2: 463296 op, 1002560657.00 ns, 2.1640 us/op
WorkloadResult   3: 463296 op, 1001409231.00 ns, 2.1615 us/op
WorkloadResult   4: 463296 op, 1002245657.00 ns, 2.1633 us/op
WorkloadResult   5: 463296 op, 1002802267.00 ns, 2.1645 us/op
WorkloadResult   6: 463296 op, 1002300465.00 ns, 2.1634 us/op
WorkloadResult   7: 463296 op, 1002071256.00 ns, 2.1629 us/op
WorkloadResult   8: 463296 op, 1001825688.00 ns, 2.1624 us/op
WorkloadResult   9: 463296 op, 1001186159.00 ns, 2.1610 us/op
WorkloadResult  10: 463296 op, 1002624070.00 ns, 2.1641 us/op
WorkloadResult  11: 463296 op, 1000637343.00 ns, 2.1598 us/op
WorkloadResult  12: 463296 op, 1002388430.00 ns, 2.1636 us/op
WorkloadResult  13: 463296 op, 1001631853.00 ns, 2.1620 us/op
WorkloadResult  14: 463296 op, 1003427271.00 ns, 2.1658 us/op
WorkloadResult  15: 463296 op, 1001920426.00 ns, 2.1626 us/op

// AfterAll
// Benchmark Process 4059173 has exited with code 0.

Mean = 2.163 μs, StdErr = 0.000 μs (0.02%), N = 15, StdDev = 0.002 μs
Min = 2.158 μs, Q1 = 2.162 μs, Median = 2.163 μs, Q3 = 2.164 μs, Max = 2.166 μs
IQR = 0.002 μs, LowerFence = 2.159 μs, UpperFence = 2.167 μs
ConfidenceInterval = [2.161 μs; 2.165 μs] (CI 99.9%), Margin = 0.002 μs (0.10% of Mean)
Skewness = -0.63, Kurtosis = 2.86, MValue = 2

// ** Remained 3 (10.0%) benchmark(s) to run. Estimated finish 2025-12-31 20:11 (0h 1m from now) **
// **************************
// Benchmark: JsonSerializationBenchmarks.Jil_Serialize_Small: Overhead-Fixed-NoEnergy-6(OutlierMode=DontRemove, IterationCount=15, IterationTime=1s, LaunchCount=1, WarmupCount=6)
// *** Execute ***
// Launch: 1 / 1
// Execute: dotnet Serialization.Bench-Overhead-Fixed-NoEnergy-6-1.dll --anonymousPipes 103 104 --benchmarkName Serialization.Bench.JsonSerializationBenchmarks.Jil_Serialize_Small --job Overhead-Fixed-NoEnergy-6 --benchmarkId 27 in /home/test/rapl-tests/lib-energy-bench/src/Serialization.Bench/bin/Release/net8.0/Serialization.Bench-Overhead-Fixed-NoEnergy-6-1/bin/Release/net8.0
// BeforeAnythingElse

// Benchmark Process Environment Information:
// BenchmarkDotNet v0.15.5-develop (2025-12-31)
// Runtime=.NET 8.0.21 (8.0.21, 8.0.2125.47513), X64 RyuJIT x86-64-v4
// GC=Concurrent Workstation
// HardwareIntrinsics=AVX512 IFMA+VBMI,AVX512 F+BW+CD+DQ+VL,AVX2+BMI1+BMI2+F16C+FMA+LZCNT+MOVBE,AVX,SSE3+SSSE3+SSE4.1+SSE4.2+POPCNT,X86Base+SSE+SSE2,AES+PCLMUL VectorSize=256
// Job: Overhead-Fixed-NoEnergy-6(OutlierMode=DontRemove, IterationCount=15, IterationTime=1s, LaunchCount=1, WarmupCount=6)

OverheadJitting  1: 1 op, 142947.00 ns, 142.9470 us/op
WorkloadJitting  1: 1 op, 107053067.00 ns, 107.0531 ms/op

WorkloadPilot    1: 4 op, 22660.00 ns, 5.6650 us/op
WorkloadPilot    2: 176523 op, 398196233.00 ns, 2.2558 us/op
WorkloadPilot    3: 443307 op, 758271527.00 ns, 1.7105 us/op
WorkloadPilot    4: 584628 op, 993810960.00 ns, 1.6999 us/op
WorkloadPilot    5: 588269 op, 1000797198.00 ns, 1.7013 us/op
WorkloadPilot    6: 587800 op, 1001584724.00 ns, 1.7040 us/op
WorkloadPilot    7: 586870 op, 1003605632.00 ns, 1.7101 us/op

WorkloadWarmup   1: 586870 op, 997863146.00 ns, 1.7003 us/op
WorkloadWarmup   2: 586870 op, 1003485044.00 ns, 1.7099 us/op
WorkloadWarmup   3: 586870 op, 1003400798.00 ns, 1.7097 us/op
WorkloadWarmup   4: 586870 op, 1002022830.00 ns, 1.7074 us/op
WorkloadWarmup   5: 586870 op, 1002300067.00 ns, 1.7079 us/op
WorkloadWarmup   6: 586870 op, 1002695397.00 ns, 1.7085 us/op

// BeforeActualRun
WorkloadActual   1: 586870 op, 998251475.00 ns, 1.7010 us/op
WorkloadActual   2: 586870 op, 1006407669.00 ns, 1.7149 us/op
WorkloadActual   3: 586870 op, 1003486857.00 ns, 1.7099 us/op
WorkloadActual   4: 586870 op, 1005911185.00 ns, 1.7140 us/op
WorkloadActual   5: 586870 op, 1004119519.00 ns, 1.7110 us/op
WorkloadActual   6: 586870 op, 1003516329.00 ns, 1.7099 us/op
WorkloadActual   7: 586870 op, 1001751461.00 ns, 1.7069 us/op
WorkloadActual   8: 586870 op, 1002737914.00 ns, 1.7086 us/op
WorkloadActual   9: 586870 op, 1004399741.00 ns, 1.7115 us/op
WorkloadActual  10: 586870 op, 1003933391.00 ns, 1.7107 us/op
WorkloadActual  11: 586870 op, 1003066507.00 ns, 1.7092 us/op
WorkloadActual  12: 586870 op, 1002379969.00 ns, 1.7080 us/op
WorkloadActual  13: 586870 op, 1002992845.00 ns, 1.7091 us/op
WorkloadActual  14: 586870 op, 1003782210.00 ns, 1.7104 us/op
WorkloadActual  15: 586870 op, 1003942756.00 ns, 1.7107 us/op

// AfterActualRun
WorkloadResult   1: 586870 op, 998251475.00 ns, 1.7010 us/op
WorkloadResult   2: 586870 op, 1006407669.00 ns, 1.7149 us/op
WorkloadResult   3: 586870 op, 1003486857.00 ns, 1.7099 us/op
WorkloadResult   4: 586870 op, 1005911185.00 ns, 1.7140 us/op
WorkloadResult   5: 586870 op, 1004119519.00 ns, 1.7110 us/op
WorkloadResult   6: 586870 op, 1003516329.00 ns, 1.7099 us/op
WorkloadResult   7: 586870 op, 1001751461.00 ns, 1.7069 us/op
WorkloadResult   8: 586870 op, 1002737914.00 ns, 1.7086 us/op
WorkloadResult   9: 586870 op, 1004399741.00 ns, 1.7115 us/op
WorkloadResult  10: 586870 op, 1003933391.00 ns, 1.7107 us/op
WorkloadResult  11: 586870 op, 1003066507.00 ns, 1.7092 us/op
WorkloadResult  12: 586870 op, 1002379969.00 ns, 1.7080 us/op
WorkloadResult  13: 586870 op, 1002992845.00 ns, 1.7091 us/op
WorkloadResult  14: 586870 op, 1003782210.00 ns, 1.7104 us/op
WorkloadResult  15: 586870 op, 1003942756.00 ns, 1.7107 us/op

// AfterAll
// Benchmark Process 4059193 has exited with code 0.

Mean = 1.710 μs, StdErr = 0.001 μs (0.05%), N = 15, StdDev = 0.003 μs
Min = 1.701 μs, Q1 = 1.709 μs, Median = 1.710 μs, Q3 = 1.711 μs, Max = 1.715 μs
IQR = 0.002 μs, LowerFence = 1.706 μs, UpperFence = 1.714 μs
ConfidenceInterval = [1.706 μs; 1.713 μs] (CI 99.9%), Margin = 0.003 μs (0.20% of Mean)
Skewness = -0.97, Kurtosis = 4.57, MValue = 2

// ** Remained 2 (6.7%) benchmark(s) to run. Estimated finish 2025-12-31 20:11 (0h 0m from now) **
// **************************
// Benchmark: JsonSerializationBenchmarks.Utf8Json_Serialize_Small: Overhead-Fixed-NoEnergy-6(OutlierMode=DontRemove, IterationCount=15, IterationTime=1s, LaunchCount=1, WarmupCount=6)
// *** Execute ***
// Launch: 1 / 1
// Execute: dotnet Serialization.Bench-Overhead-Fixed-NoEnergy-6-1.dll --anonymousPipes 103 104 --benchmarkName Serialization.Bench.JsonSerializationBenchmarks.Utf8Json_Serialize_Small --job Overhead-Fixed-NoEnergy-6 --benchmarkId 28 in /home/test/rapl-tests/lib-energy-bench/src/Serialization.Bench/bin/Release/net8.0/Serialization.Bench-Overhead-Fixed-NoEnergy-6-1/bin/Release/net8.0
// BeforeAnythingElse

// Benchmark Process Environment Information:
// BenchmarkDotNet v0.15.5-develop (2025-12-31)
// Runtime=.NET 8.0.21 (8.0.21, 8.0.2125.47513), X64 RyuJIT x86-64-v4
// GC=Concurrent Workstation
// HardwareIntrinsics=AVX512 IFMA+VBMI,AVX512 F+BW+CD+DQ+VL,AVX2+BMI1+BMI2+F16C+FMA+LZCNT+MOVBE,AVX,SSE3+SSSE3+SSE4.1+SSE4.2+POPCNT,X86Base+SSE+SSE2,AES+PCLMUL VectorSize=256
// Job: Overhead-Fixed-NoEnergy-6(OutlierMode=DontRemove, IterationCount=15, IterationTime=1s, LaunchCount=1, WarmupCount=6)

OverheadJitting  1: 1 op, 134507.00 ns, 134.5070 us/op
WorkloadJitting  1: 1 op, 48229117.00 ns, 48.2291 ms/op

OverheadJitting  2: 16 op, 377502.00 ns, 23.5939 us/op
WorkloadJitting  2: 16 op, 571498.00 ns, 35.7186 us/op

WorkloadPilot    1: 16 op, 203914.00 ns, 12.7446 us/op
WorkloadPilot    2: 78464 op, 356199707.00 ns, 4.5397 us/op
WorkloadPilot    3: 220288 op, 194676123.00 ns, 883.7346 ns/op
WorkloadPilot    4: 1131568 op, 985256173.00 ns, 870.6999 ns/op
WorkloadPilot    5: 1148512 op, 998884970.00 ns, 869.7210 ns/op
WorkloadPilot    6: 1149808 op, 1003630665.00 ns, 872.8680 ns/op
WorkloadPilot    7: 1145664 op, 1002096860.00 ns, 874.6865 ns/op
WorkloadPilot    8: 1143280 op, 999773285.00 ns, 874.4781 ns/op
WorkloadPilot    9: 1143552 op, 996064977.00 ns, 871.0273 ns/op
WorkloadPilot   10: 1148080 op, 1000698005.00 ns, 871.6274 ns/op

OverheadWarmup   1: 1148080 op, 3902891.00 ns, 3.3995 ns/op
OverheadWarmup   2: 1148080 op, 3910418.00 ns, 3.4061 ns/op
OverheadWarmup   3: 1148080 op, 3909585.00 ns, 3.4053 ns/op
OverheadWarmup   4: 1148080 op, 3910175.00 ns, 3.4058 ns/op
OverheadWarmup   5: 1148080 op, 3898213.00 ns, 3.3954 ns/op

OverheadActual   1: 1148080 op, 3904629.00 ns, 3.4010 ns/op
OverheadActual   2: 1148080 op, 3900131.00 ns, 3.3971 ns/op
OverheadActual   3: 1148080 op, 3904206.00 ns, 3.4006 ns/op
OverheadActual   4: 1148080 op, 3898745.00 ns, 3.3959 ns/op
OverheadActual   5: 1148080 op, 3898255.00 ns, 3.3955 ns/op
OverheadActual   6: 1148080 op, 3898334.00 ns, 3.3955 ns/op
OverheadActual   7: 1148080 op, 3898360.00 ns, 3.3955 ns/op
OverheadActual   8: 1148080 op, 3898041.00 ns, 3.3953 ns/op
OverheadActual   9: 1148080 op, 3900293.00 ns, 3.3972 ns/op
OverheadActual  10: 1148080 op, 3896807.00 ns, 3.3942 ns/op
OverheadActual  11: 1148080 op, 3897220.00 ns, 3.3946 ns/op
OverheadActual  12: 1148080 op, 3899899.00 ns, 3.3969 ns/op
OverheadActual  13: 1148080 op, 3901843.00 ns, 3.3986 ns/op
OverheadActual  14: 1148080 op, 3902029.00 ns, 3.3987 ns/op
OverheadActual  15: 1148080 op, 3899529.00 ns, 3.3966 ns/op

WorkloadWarmup   1: 1148080 op, 1001429145.00 ns, 872.2643 ns/op
WorkloadWarmup   2: 1148080 op, 1001497831.00 ns, 872.3241 ns/op
WorkloadWarmup   3: 1148080 op, 1000176032.00 ns, 871.1728 ns/op
WorkloadWarmup   4: 1148080 op, 997499727.00 ns, 868.8417 ns/op
WorkloadWarmup   5: 1148080 op, 999474533.00 ns, 870.5617 ns/op
WorkloadWarmup   6: 1148080 op, 998034498.00 ns, 869.3075 ns/op

// BeforeActualRun
WorkloadActual   1: 1148080 op, 1000777363.00 ns, 871.6965 ns/op
WorkloadActual   2: 1148080 op, 1003897827.00 ns, 874.4145 ns/op
WorkloadActual   3: 1148080 op, 1003006415.00 ns, 873.6381 ns/op
WorkloadActual   4: 1148080 op, 1003900742.00 ns, 874.4171 ns/op
WorkloadActual   5: 1148080 op, 1003649976.00 ns, 874.1986 ns/op
WorkloadActual   6: 1148080 op, 1003634341.00 ns, 874.1850 ns/op
WorkloadActual   7: 1148080 op, 1005541443.00 ns, 875.8461 ns/op
WorkloadActual   8: 1148080 op, 1003690647.00 ns, 874.2341 ns/op
WorkloadActual   9: 1148080 op, 1003067055.00 ns, 873.6909 ns/op
WorkloadActual  10: 1148080 op, 1003306023.00 ns, 873.8991 ns/op
WorkloadActual  11: 1148080 op, 1007344080.00 ns, 877.4163 ns/op
WorkloadActual  12: 1148080 op, 1003897582.00 ns, 874.4143 ns/op
WorkloadActual  13: 1148080 op, 1003660258.00 ns, 874.2076 ns/op
WorkloadActual  14: 1148080 op, 1002405085.00 ns, 873.1143 ns/op
WorkloadActual  15: 1148080 op, 1004162039.00 ns, 874.6447 ns/op

// AfterActualRun
WorkloadResult   1: 1148080 op, 996877834.00 ns, 868.3000 ns/op
WorkloadResult   2: 1148080 op, 999998298.00 ns, 871.0180 ns/op
WorkloadResult   3: 1148080 op, 999106886.00 ns, 870.2415 ns/op
WorkloadResult   4: 1148080 op, 1000001213.00 ns, 871.0205 ns/op
WorkloadResult   5: 1148080 op, 999750447.00 ns, 870.8021 ns/op
WorkloadResult   6: 1148080 op, 999734812.00 ns, 870.7885 ns/op
WorkloadResult   7: 1148080 op, 1001641914.00 ns, 872.4496 ns/op
WorkloadResult   8: 1148080 op, 999791118.00 ns, 870.8375 ns/op
WorkloadResult   9: 1148080 op, 999167526.00 ns, 870.2943 ns/op
WorkloadResult  10: 1148080 op, 999406494.00 ns, 870.5025 ns/op
WorkloadResult  11: 1148080 op, 1003444551.00 ns, 874.0197 ns/op
WorkloadResult  12: 1148080 op, 999998053.00 ns, 871.0177 ns/op
WorkloadResult  13: 1148080 op, 999760729.00 ns, 870.8110 ns/op
WorkloadResult  14: 1148080 op, 998505556.00 ns, 869.7178 ns/op
WorkloadResult  15: 1148080 op, 1000262510.00 ns, 871.2481 ns/op

// AfterAll
// Benchmark Process 4059204 has exited with code 0.

Mean = 870.871 ns, StdErr = 0.319 ns (0.04%), N = 15, StdDev = 1.237 ns
Min = 868.300 ns, Q1 = 870.398 ns, Median = 870.811 ns, Q3 = 871.019 ns, Max = 874.020 ns
IQR = 0.621 ns, LowerFence = 869.467 ns, UpperFence = 871.950 ns
ConfidenceInterval = [869.548 ns; 872.194 ns] (CI 99.9%), Margin = 1.323 ns (0.15% of Mean)
Skewness = 0.57, Kurtosis = 4.27, MValue = 2

// ** Remained 1 (3.3%) benchmark(s) to run. Estimated finish 2025-12-31 20:11 (0h 0m from now) **
// **************************
// Benchmark: JsonSerializationBenchmarks.SpanJson_Serialize_Small: Overhead-Fixed-NoEnergy-6(OutlierMode=DontRemove, IterationCount=15, IterationTime=1s, LaunchCount=1, WarmupCount=6)
// *** Execute ***
// Launch: 1 / 1
// Execute: dotnet Serialization.Bench-Overhead-Fixed-NoEnergy-6-1.dll --anonymousPipes 103 104 --benchmarkName Serialization.Bench.JsonSerializationBenchmarks.SpanJson_Serialize_Small --job Overhead-Fixed-NoEnergy-6 --benchmarkId 29 in /home/test/rapl-tests/lib-energy-bench/src/Serialization.Bench/bin/Release/net8.0/Serialization.Bench-Overhead-Fixed-NoEnergy-6-1/bin/Release/net8.0
// BeforeAnythingElse

// Benchmark Process Environment Information:
// BenchmarkDotNet v0.15.5-develop (2025-12-31)
// Runtime=.NET 8.0.21 (8.0.21, 8.0.2125.47513), X64 RyuJIT x86-64-v4
// GC=Concurrent Workstation
// HardwareIntrinsics=AVX512 IFMA+VBMI,AVX512 F+BW+CD+DQ+VL,AVX2+BMI1+BMI2+F16C+FMA+LZCNT+MOVBE,AVX,SSE3+SSSE3+SSE4.1+SSE4.2+POPCNT,X86Base+SSE+SSE2,AES+PCLMUL VectorSize=256
// Job: Overhead-Fixed-NoEnergy-6(OutlierMode=DontRemove, IterationCount=15, IterationTime=1s, LaunchCount=1, WarmupCount=6)

OverheadJitting  1: 1 op, 135205.00 ns, 135.2050 us/op
WorkloadJitting  1: 1 op, 60080905.00 ns, 60.0809 ms/op

OverheadJitting  2: 16 op, 382037.00 ns, 23.8773 us/op
WorkloadJitting  2: 16 op, 574919.00 ns, 35.9324 us/op

WorkloadPilot    1: 16 op, 233793.00 ns, 14.6121 us/op
WorkloadPilot    2: 68448 op, 254653231.00 ns, 3.7204 us/op
WorkloadPilot    3: 268800 op, 328969067.00 ns, 1.2238 us/op
WorkloadPilot    4: 817104 op, 990840348.00 ns, 1.2126 us/op
WorkloadPilot    5: 824672 op, 1002275064.00 ns, 1.2154 us/op
WorkloadPilot    6: 822800 op, 1004999222.00 ns, 1.2214 us/op
WorkloadPilot    7: 818720 op, 996052917.00 ns, 1.2166 us/op
WorkloadPilot    8: 821968 op, 1002734306.00 ns, 1.2199 us/op

OverheadWarmup   1: 821968 op, 2803973.00 ns, 3.4113 ns/op
OverheadWarmup   2: 821968 op, 2808053.00 ns, 3.4163 ns/op
OverheadWarmup   3: 821968 op, 2805397.00 ns, 3.4130 ns/op
OverheadWarmup   4: 821968 op, 2805209.00 ns, 3.4128 ns/op
OverheadWarmup   5: 821968 op, 2802069.00 ns, 3.4090 ns/op
OverheadWarmup   6: 821968 op, 2802808.00 ns, 3.4099 ns/op
OverheadWarmup   7: 821968 op, 2802145.00 ns, 3.4091 ns/op

OverheadActual   1: 821968 op, 2805788.00 ns, 3.4135 ns/op
OverheadActual   2: 821968 op, 2806821.00 ns, 3.4148 ns/op
OverheadActual   3: 821968 op, 2858731.00 ns, 3.4779 ns/op
OverheadActual   4: 821968 op, 2856701.00 ns, 3.4754 ns/op
OverheadActual   5: 821968 op, 2862478.00 ns, 3.4825 ns/op
OverheadActual   6: 821968 op, 2918779.00 ns, 3.5510 ns/op
OverheadActual   7: 821968 op, 2808756.00 ns, 3.4171 ns/op
OverheadActual   8: 821968 op, 2805798.00 ns, 3.4135 ns/op
OverheadActual   9: 821968 op, 2857851.00 ns, 3.4768 ns/op
OverheadActual  10: 821968 op, 2817269.00 ns, 3.4275 ns/op
OverheadActual  11: 821968 op, 2803199.00 ns, 3.4104 ns/op
OverheadActual  12: 821968 op, 2802660.00 ns, 3.4097 ns/op
OverheadActual  13: 821968 op, 2801033.00 ns, 3.4077 ns/op
OverheadActual  14: 821968 op, 2807070.00 ns, 3.4151 ns/op
OverheadActual  15: 821968 op, 2810032.00 ns, 3.4187 ns/op

WorkloadWarmup   1: 821968 op, 999840331.00 ns, 1.2164 us/op
WorkloadWarmup   2: 821968 op, 1005901153.00 ns, 1.2238 us/op
WorkloadWarmup   3: 821968 op, 1003184782.00 ns, 1.2205 us/op
WorkloadWarmup   4: 821968 op, 999714660.00 ns, 1.2162 us/op
WorkloadWarmup   5: 821968 op, 1003652729.00 ns, 1.2210 us/op
WorkloadWarmup   6: 821968 op, 1001117901.00 ns, 1.2180 us/op

// BeforeActualRun
WorkloadActual   1: 821968 op, 1001456325.00 ns, 1.2184 us/op
WorkloadActual   2: 821968 op, 1002390729.00 ns, 1.2195 us/op
WorkloadActual   3: 821968 op, 1003499675.00 ns, 1.2209 us/op
WorkloadActual   4: 821968 op, 1006494225.00 ns, 1.2245 us/op
WorkloadActual   5: 821968 op, 1008999140.00 ns, 1.2275 us/op
WorkloadActual   6: 821968 op, 1003011021.00 ns, 1.2203 us/op
WorkloadActual   7: 821968 op, 1007460782.00 ns, 1.2257 us/op
WorkloadActual   8: 821968 op, 1005959313.00 ns, 1.2238 us/op
WorkloadActual   9: 821968 op, 1010381555.00 ns, 1.2292 us/op
WorkloadActual  10: 821968 op, 1006161906.00 ns, 1.2241 us/op
WorkloadActual  11: 821968 op, 1018112799.00 ns, 1.2386 us/op
WorkloadActual  12: 821968 op, 1008855485.00 ns, 1.2274 us/op
WorkloadActual  13: 821968 op, 1009179787.00 ns, 1.2278 us/op
WorkloadActual  14: 821968 op, 1004481197.00 ns, 1.2220 us/op
WorkloadActual  15: 821968 op, 1004264261.00 ns, 1.2218 us/op

// AfterActualRun
WorkloadResult   1: 821968 op, 998647569.00 ns, 1.2149 us/op
WorkloadResult   2: 821968 op, 999581973.00 ns, 1.2161 us/op
WorkloadResult   3: 821968 op, 1000690919.00 ns, 1.2174 us/op
WorkloadResult   4: 821968 op, 1003685469.00 ns, 1.2211 us/op
WorkloadResult   5: 821968 op, 1006190384.00 ns, 1.2241 us/op
WorkloadResult   6: 821968 op, 1000202265.00 ns, 1.2168 us/op
WorkloadResult   7: 821968 op, 1004652026.00 ns, 1.2223 us/op
WorkloadResult   8: 821968 op, 1003150557.00 ns, 1.2204 us/op
WorkloadResult   9: 821968 op, 1007572799.00 ns, 1.2258 us/op
WorkloadResult  10: 821968 op, 1003353150.00 ns, 1.2207 us/op
WorkloadResult  11: 821968 op, 1015304043.00 ns, 1.2352 us/op
WorkloadResult  12: 821968 op, 1006046729.00 ns, 1.2239 us/op
WorkloadResult  13: 821968 op, 1006371031.00 ns, 1.2243 us/op
WorkloadResult  14: 821968 op, 1001672441.00 ns, 1.2186 us/op
WorkloadResult  15: 821968 op, 1001455505.00 ns, 1.2184 us/op

// AfterAll
// Benchmark Process 4059220 has exited with code 0.

Mean = 1.221 μs, StdErr = 0.001 μs (0.11%), N = 15, StdDev = 0.005 μs
Min = 1.215 μs, Q1 = 1.218 μs, Median = 1.221 μs, Q3 = 1.224 μs, Max = 1.235 μs
IQR = 0.006 μs, LowerFence = 1.209 μs, UpperFence = 1.233 μs
ConfidenceInterval = [1.216 μs; 1.227 μs] (CI 99.9%), Margin = 0.005 μs (0.44% of Mean)
Skewness = 1.14, Kurtosis = 4.15, MValue = 2

// ** Remained 0 (0.0%) benchmark(s) to run. Estimated finish 2025-12-31 20:11 (0h 0m from now) **
// ***** BenchmarkRunner: Finish  *****

// * Export *
  Helpers/../BenchmarkArtifacts/results/Serialization.Bench.JsonSerializationBenchmarks-report.csv
  Helpers/../BenchmarkArtifacts/results/Serialization.Bench.JsonSerializationBenchmarks-report-github.md
  Helpers/../BenchmarkArtifacts/results/Serialization.Bench.JsonSerializationBenchmarks-report.html
  Helpers/../BenchmarkArtifacts/results/Serialization.Bench.JsonSerializationBenchmarks-measurements.csv

// * Detailed results *
JsonSerializationBenchmarks.SpanJson_Deserialize_Large: Overhead-Fixed-NoEnergy-6(OutlierMode=DontRemove, IterationCount=15, IterationTime=1s, LaunchCount=1, WarmupCount=6)
Runtime = .NET 8.0.21 (8.0.21, 8.0.2125.47513), X64 RyuJIT x86-64-v4; GC = Concurrent Workstation
Mean = 151.151 μs, StdErr = 0.053 μs (0.04%), N = 15, StdDev = 0.205 μs
Min = 150.894 μs, Q1 = 151.003 μs, Median = 151.143 μs, Q3 = 151.261 μs, Max = 151.628 μs
IQR = 0.258 μs, LowerFence = 150.616 μs, UpperFence = 151.647 μs
ConfidenceInterval = [150.932 μs; 151.370 μs] (CI 99.9%), Margin = 0.219 μs (0.14% of Mean)
Skewness = 0.77, Kurtosis = 2.62, MValue = 2
-------------------- Histogram --------------------
[150.785 μs ; 151.737 μs) | @@@@@@@@@@@@@@@
---------------------------------------------------

JsonSerializationBenchmarks.STJ_Deserialize_Large: Overhead-Fixed-NoEnergy-6(OutlierMode=DontRemove, IterationCount=15, IterationTime=1s, LaunchCount=1, WarmupCount=6)
Runtime = .NET 8.0.21 (8.0.21, 8.0.2125.47513), X64 RyuJIT x86-64-v4; GC = Concurrent Workstation
Mean = 202.346 μs, StdErr = 0.172 μs (0.09%), N = 15, StdDev = 0.668 μs
Min = 201.846 μs, Q1 = 202.074 μs, Median = 202.136 μs, Q3 = 202.335 μs, Max = 204.626 μs
IQR = 0.261 μs, LowerFence = 201.682 μs, UpperFence = 202.727 μs
ConfidenceInterval = [201.632 μs; 203.060 μs] (CI 99.9%), Margin = 0.714 μs (0.35% of Mean)
Skewness = 2.6, Kurtosis = 9.12, MValue = 2
-------------------- Histogram --------------------
[201.491 μs ; 204.981 μs) | @@@@@@@@@@@@@@@
---------------------------------------------------

JsonSerializationBenchmarks.Jil_Deserialize_Large: Overhead-Fixed-NoEnergy-6(OutlierMode=DontRemove, IterationCount=15, IterationTime=1s, LaunchCount=1, WarmupCount=6)
Runtime = .NET 8.0.21 (8.0.21, 8.0.2125.47513), X64 RyuJIT x86-64-v4; GC = Concurrent Workstation
Mean = 213.030 μs, StdErr = 0.086 μs (0.04%), N = 15, StdDev = 0.333 μs
Min = 212.040 μs, Q1 = 212.980 μs, Median = 213.056 μs, Q3 = 213.107 μs, Max = 213.558 μs
IQR = 0.127 μs, LowerFence = 212.791 μs, UpperFence = 213.297 μs
ConfidenceInterval = [212.674 μs; 213.386 μs] (CI 99.9%), Margin = 0.356 μs (0.17% of Mean)
Skewness = -1.33, Kurtosis = 5.86, MValue = 2
-------------------- Histogram --------------------
[211.863 μs ; 213.735 μs) | @@@@@@@@@@@@@@@
---------------------------------------------------

JsonSerializationBenchmarks.Newtonsoft_Deserialize_Large: Overhead-Fixed-NoEnergy-6(OutlierMode=DontRemove, IterationCount=15, IterationTime=1s, LaunchCount=1, WarmupCount=6)
Runtime = .NET 8.0.21 (8.0.21, 8.0.2125.47513), X64 RyuJIT x86-64-v4; GC = Concurrent Workstation
Mean = 238.231 μs, StdErr = 0.033 μs (0.01%), N = 15, StdDev = 0.128 μs
Min = 238.053 μs, Q1 = 238.150 μs, Median = 238.227 μs, Q3 = 238.280 μs, Max = 238.565 μs
IQR = 0.130 μs, LowerFence = 237.955 μs, UpperFence = 238.475 μs
ConfidenceInterval = [238.094 μs; 238.368 μs] (CI 99.9%), Margin = 0.137 μs (0.06% of Mean)
Skewness = 0.98, Kurtosis = 3.65, MValue = 2
-------------------- Histogram --------------------
[237.985 μs ; 238.633 μs) | @@@@@@@@@@@@@@@
---------------------------------------------------

JsonSerializationBenchmarks.Utf8Json_Deserialize_Large: Overhead-Fixed-NoEnergy-6(OutlierMode=DontRemove, IterationCount=15, IterationTime=1s, LaunchCount=1, WarmupCount=6)
Runtime = .NET 8.0.21 (8.0.21, 8.0.2125.47513), X64 RyuJIT x86-64-v4; GC = Concurrent Workstation
Mean = 285.396 μs, StdErr = 0.540 μs (0.19%), N = 15, StdDev = 2.090 μs
Min = 283.566 μs, Q1 = 283.882 μs, Median = 284.108 μs, Q3 = 287.963 μs, Max = 288.617 μs
IQR = 4.081 μs, LowerFence = 277.761 μs, UpperFence = 294.085 μs
ConfidenceInterval = [283.161 μs; 287.631 μs] (CI 99.9%), Margin = 2.235 μs (0.78% of Mean)
Skewness = 0.62, Kurtosis = 1.35, MValue = 2
-------------------- Histogram --------------------
[282.454 μs ; 289.729 μs) | @@@@@@@@@@@@@@@
---------------------------------------------------

JsonSerializationBenchmarks.SpanJson_Deserialize_Medium: Overhead-Fixed-NoEnergy-6(OutlierMode=DontRemove, IterationCount=15, IterationTime=1s, LaunchCount=1, WarmupCount=6)
Runtime = .NET 8.0.21 (8.0.21, 8.0.2125.47513), X64 RyuJIT x86-64-v4; GC = Concurrent Workstation
Mean = 41.300 μs, StdErr = 0.012 μs (0.03%), N = 15, StdDev = 0.045 μs
Min = 41.217 μs, Q1 = 41.275 μs, Median = 41.304 μs, Q3 = 41.340 μs, Max = 41.358 μs
IQR = 0.065 μs, LowerFence = 41.179 μs, UpperFence = 41.437 μs
ConfidenceInterval = [41.252 μs; 41.348 μs] (CI 99.9%), Margin = 0.048 μs (0.12% of Mean)
Skewness = -0.34, Kurtosis = 1.73, MValue = 2
-------------------- Histogram --------------------
[41.193 μs ; 41.382 μs) | @@@@@@@@@@@@@@@
---------------------------------------------------

JsonSerializationBenchmarks.STJ_Deserialize_Medium: Overhead-Fixed-NoEnergy-6(OutlierMode=DontRemove, IterationCount=15, IterationTime=1s, LaunchCount=1, WarmupCount=6)
Runtime = .NET 8.0.21 (8.0.21, 8.0.2125.47513), X64 RyuJIT x86-64-v4; GC = Concurrent Workstation
Mean = 52.884 μs, StdErr = 0.018 μs (0.03%), N = 15, StdDev = 0.070 μs
Min = 52.831 μs, Q1 = 52.852 μs, Median = 52.870 μs, Q3 = 52.885 μs, Max = 53.126 μs
IQR = 0.032 μs, LowerFence = 52.804 μs, UpperFence = 52.933 μs
ConfidenceInterval = [52.809 μs; 52.959 μs] (CI 99.9%), Margin = 0.075 μs (0.14% of Mean)
Skewness = 2.65, Kurtosis = 9.49, MValue = 2
-------------------- Histogram --------------------
[52.793 μs ; 53.164 μs) | @@@@@@@@@@@@@@@
---------------------------------------------------

JsonSerializationBenchmarks.Jil_Deserialize_Medium: Overhead-Fixed-NoEnergy-6(OutlierMode=DontRemove, IterationCount=15, IterationTime=1s, LaunchCount=1, WarmupCount=6)
Runtime = .NET 8.0.21 (8.0.21, 8.0.2125.47513), X64 RyuJIT x86-64-v4; GC = Concurrent Workstation
Mean = 55.811 μs, StdErr = 0.014 μs (0.02%), N = 15, StdDev = 0.053 μs
Min = 55.759 μs, Q1 = 55.776 μs, Median = 55.802 μs, Q3 = 55.831 μs, Max = 55.971 μs
IQR = 0.055 μs, LowerFence = 55.694 μs, UpperFence = 55.914 μs
ConfidenceInterval = [55.755 μs; 55.868 μs] (CI 99.9%), Margin = 0.056 μs (0.10% of Mean)
Skewness = 1.69, Kurtosis = 5.79, MValue = 2
-------------------- Histogram --------------------
[55.731 μs ; 55.999 μs) | @@@@@@@@@@@@@@@
---------------------------------------------------

JsonSerializationBenchmarks.Utf8Json_Deserialize_Medium: Overhead-Fixed-NoEnergy-6(OutlierMode=DontRemove, IterationCount=15, IterationTime=1s, LaunchCount=1, WarmupCount=6)
Runtime = .NET 8.0.21 (8.0.21, 8.0.2125.47513), X64 RyuJIT x86-64-v4; GC = Concurrent Workstation
Mean = 63.538 μs, StdErr = 0.013 μs (0.02%), N = 15, StdDev = 0.051 μs
Min = 63.481 μs, Q1 = 63.501 μs, Median = 63.533 μs, Q3 = 63.565 μs, Max = 63.652 μs
IQR = 0.063 μs, LowerFence = 63.406 μs, UpperFence = 63.660 μs
ConfidenceInterval = [63.483 μs; 63.592 μs] (CI 99.9%), Margin = 0.054 μs (0.09% of Mean)
Skewness = 0.72, Kurtosis = 2.44, MValue = 2
-------------------- Histogram --------------------
[63.454 μs ; 63.679 μs) | @@@@@@@@@@@@@@@
---------------------------------------------------

JsonSerializationBenchmarks.Newtonsoft_Deserialize_Medium: Overhead-Fixed-NoEnergy-6(OutlierMode=DontRemove, IterationCount=15, IterationTime=1s, LaunchCount=1, WarmupCount=6)
Runtime = .NET 8.0.21 (8.0.21, 8.0.2125.47513), X64 RyuJIT x86-64-v4; GC = Concurrent Workstation
Mean = 67.726 μs, StdErr = 0.030 μs (0.04%), N = 15, StdDev = 0.116 μs
Min = 67.574 μs, Q1 = 67.641 μs, Median = 67.709 μs, Q3 = 67.771 μs, Max = 67.943 μs
IQR = 0.130 μs, LowerFence = 67.447 μs, UpperFence = 67.965 μs
ConfidenceInterval = [67.603 μs; 67.850 μs] (CI 99.9%), Margin = 0.124 μs (0.18% of Mean)
Skewness = 0.47, Kurtosis = 1.98, MValue = 2
-------------------- Histogram --------------------
[67.513 μs ; 68.005 μs) | @@@@@@@@@@@@@@@
---------------------------------------------------

JsonSerializationBenchmarks.SpanJson_Deserialize_Small: Overhead-Fixed-NoEnergy-6(OutlierMode=DontRemove, IterationCount=15, IterationTime=1s, LaunchCount=1, WarmupCount=6)
Runtime = .NET 8.0.21 (8.0.21, 8.0.2125.47513), X64 RyuJIT x86-64-v4; GC = Concurrent Workstation
Mean = 1.169 μs, StdErr = 0.000 μs (0.03%), N = 15, StdDev = 0.001 μs
Min = 1.166 μs, Q1 = 1.169 μs, Median = 1.169 μs, Q3 = 1.170 μs, Max = 1.171 μs
IQR = 0.002 μs, LowerFence = 1.166 μs, UpperFence = 1.173 μs
ConfidenceInterval = [1.168 μs; 1.171 μs] (CI 99.9%), Margin = 0.001 μs (0.13% of Mean)
Skewness = -0.49, Kurtosis = 2.64, MValue = 2
-------------------- Histogram --------------------
[1.166 μs ; 1.172 μs) | @@@@@@@@@@@@@@@
---------------------------------------------------

JsonSerializationBenchmarks.Utf8Json_Deserialize_Small: Overhead-Fixed-NoEnergy-6(OutlierMode=DontRemove, IterationCount=15, IterationTime=1s, LaunchCount=1, WarmupCount=6)
Runtime = .NET 8.0.21 (8.0.21, 8.0.2125.47513), X64 RyuJIT x86-64-v4; GC = Concurrent Workstation
Mean = 1.926 μs, StdErr = 0.002 μs (0.11%), N = 15, StdDev = 0.008 μs
Min = 1.920 μs, Q1 = 1.921 μs, Median = 1.923 μs, Q3 = 1.926 μs, Max = 1.953 μs
IQR = 0.005 μs, LowerFence = 1.914 μs, UpperFence = 1.934 μs
ConfidenceInterval = [1.917 μs; 1.935 μs] (CI 99.9%), Margin = 0.009 μs (0.46% of Mean)
Skewness = 2.24, Kurtosis = 7.56, MValue = 2
-------------------- Histogram --------------------
[1.916 μs ; 1.957 μs) | @@@@@@@@@@@@@@@
---------------------------------------------------

JsonSerializationBenchmarks.STJ_Deserialize_Small: Overhead-Fixed-NoEnergy-6(OutlierMode=DontRemove, IterationCount=15, IterationTime=1s, LaunchCount=1, WarmupCount=6)
Runtime = .NET 8.0.21 (8.0.21, 8.0.2125.47513), X64 RyuJIT x86-64-v4; GC = Concurrent Workstation
Mean = 1.981 μs, StdErr = 0.001 μs (0.03%), N = 15, StdDev = 0.002 μs
Min = 1.976 μs, Q1 = 1.981 μs, Median = 1.982 μs, Q3 = 1.982 μs, Max = 1.985 μs
IQR = 0.002 μs, LowerFence = 1.978 μs, UpperFence = 1.985 μs
ConfidenceInterval = [1.979 μs; 1.984 μs] (CI 99.9%), Margin = 0.002 μs (0.11% of Mean)
Skewness = -0.73, Kurtosis = 3.41, MValue = 2
-------------------- Histogram --------------------
[1.975 μs ; 1.986 μs) | @@@@@@@@@@@@@@@
---------------------------------------------------

JsonSerializationBenchmarks.Jil_Deserialize_Small: Overhead-Fixed-NoEnergy-6(OutlierMode=DontRemove, IterationCount=15, IterationTime=1s, LaunchCount=1, WarmupCount=6)
Runtime = .NET 8.0.21 (8.0.21, 8.0.2125.47513), X64 RyuJIT x86-64-v4; GC = Concurrent Workstation
Mean = 2.269 μs, StdErr = 0.000 μs (0.02%), N = 15, StdDev = 0.002 μs
Min = 2.265 μs, Q1 = 2.268 μs, Median = 2.268 μs, Q3 = 2.270 μs, Max = 2.272 μs
IQR = 0.002 μs, LowerFence = 2.264 μs, UpperFence = 2.274 μs
ConfidenceInterval = [2.267 μs; 2.271 μs] (CI 99.9%), Margin = 0.002 μs (0.09% of Mean)
Skewness = 0.12, Kurtosis = 2.17, MValue = 2
-------------------- Histogram --------------------
[2.264 μs ; 2.273 μs) | @@@@@@@@@@@@@@@
---------------------------------------------------

JsonSerializationBenchmarks.Newtonsoft_Deserialize_Small: Overhead-Fixed-NoEnergy-6(OutlierMode=DontRemove, IterationCount=15, IterationTime=1s, LaunchCount=1, WarmupCount=6)
Runtime = .NET 8.0.21 (8.0.21, 8.0.2125.47513), X64 RyuJIT x86-64-v4; GC = Concurrent Workstation
Mean = 3.555 μs, StdErr = 0.000 μs (0.01%), N = 15, StdDev = 0.001 μs
Min = 3.553 μs, Q1 = 3.554 μs, Median = 3.555 μs, Q3 = 3.556 μs, Max = 3.558 μs
IQR = 0.002 μs, LowerFence = 3.551 μs, UpperFence = 3.559 μs
ConfidenceInterval = [3.554 μs; 3.556 μs] (CI 99.9%), Margin = 0.001 μs (0.04% of Mean)
Skewness = 0.41, Kurtosis = 1.76, MValue = 2
-------------------- Histogram --------------------
[3.552 μs ; 3.558 μs) | @@@@@@@@@@@@@@@
---------------------------------------------------

JsonSerializationBenchmarks.SpanJson_Serialize_Large: Overhead-Fixed-NoEnergy-6(OutlierMode=DontRemove, IterationCount=15, IterationTime=1s, LaunchCount=1, WarmupCount=6)
Runtime = .NET 8.0.21 (8.0.21, 8.0.2125.47513), X64 RyuJIT x86-64-v4; GC = Concurrent Workstation
Mean = 160.740 μs, StdErr = 0.280 μs (0.17%), N = 15, StdDev = 1.084 μs
Min = 158.424 μs, Q1 = 160.095 μs, Median = 160.924 μs, Q3 = 161.524 μs, Max = 162.384 μs
IQR = 1.429 μs, LowerFence = 157.951 μs, UpperFence = 163.667 μs
ConfidenceInterval = [159.581 μs; 161.899 μs] (CI 99.9%), Margin = 1.159 μs (0.72% of Mean)
Skewness = -0.49, Kurtosis = 2.26, MValue = 2
-------------------- Histogram --------------------
[157.847 μs ; 162.961 μs) | @@@@@@@@@@@@@@@
---------------------------------------------------

JsonSerializationBenchmarks.STJ_Serialize_Large: Overhead-Fixed-NoEnergy-6(OutlierMode=DontRemove, IterationCount=15, IterationTime=1s, LaunchCount=1, WarmupCount=6)
Runtime = .NET 8.0.21 (8.0.21, 8.0.2125.47513), X64 RyuJIT x86-64-v4; GC = Concurrent Workstation
Mean = 185.616 μs, StdErr = 0.135 μs (0.07%), N = 15, StdDev = 0.523 μs
Min = 185.080 μs, Q1 = 185.353 μs, Median = 185.392 μs, Q3 = 185.802 μs, Max = 187.192 μs
IQR = 0.449 μs, LowerFence = 184.679 μs, UpperFence = 186.476 μs
ConfidenceInterval = [185.057 μs; 186.175 μs] (CI 99.9%), Margin = 0.559 μs (0.30% of Mean)
Skewness = 1.71, Kurtosis = 5.69, MValue = 2
-------------------- Histogram --------------------
[184.802 μs ; 187.470 μs) | @@@@@@@@@@@@@@@
---------------------------------------------------

JsonSerializationBenchmarks.Jil_Serialize_Large: Overhead-Fixed-NoEnergy-6(OutlierMode=DontRemove, IterationCount=15, IterationTime=1s, LaunchCount=1, WarmupCount=6)
Runtime = .NET 8.0.21 (8.0.21, 8.0.2125.47513), X64 RyuJIT x86-64-v4; GC = Concurrent Workstation
Mean = 285.914 μs, StdErr = 0.080 μs (0.03%), N = 15, StdDev = 0.311 μs
Min = 285.469 μs, Q1 = 285.736 μs, Median = 285.830 μs, Q3 = 285.992 μs, Max = 286.746 μs
IQR = 0.256 μs, LowerFence = 285.353 μs, UpperFence = 286.376 μs
ConfidenceInterval = [285.582 μs; 286.246 μs] (CI 99.9%), Margin = 0.332 μs (0.12% of Mean)
Skewness = 1.21, Kurtosis = 4.02, MValue = 2
-------------------- Histogram --------------------
[285.303 μs ; 286.911 μs) | @@@@@@@@@@@@@@@
---------------------------------------------------

JsonSerializationBenchmarks.Utf8Json_Serialize_Large: Overhead-Fixed-NoEnergy-6(OutlierMode=DontRemove, IterationCount=15, IterationTime=1s, LaunchCount=1, WarmupCount=6)
Runtime = .NET 8.0.21 (8.0.21, 8.0.2125.47513), X64 RyuJIT x86-64-v4; GC = Concurrent Workstation
Mean = 287.819 μs, StdErr = 0.390 μs (0.14%), N = 15, StdDev = 1.509 μs
Min = 286.097 μs, Q1 = 286.903 μs, Median = 287.530 μs, Q3 = 287.983 μs, Max = 292.054 μs
IQR = 1.080 μs, LowerFence = 285.283 μs, UpperFence = 289.603 μs
ConfidenceInterval = [286.206 μs; 289.433 μs] (CI 99.9%), Margin = 1.614 μs (0.56% of Mean)
Skewness = 1.45, Kurtosis = 4.58, MValue = 2
-------------------- Histogram --------------------
[285.294 μs ; 292.858 μs) | @@@@@@@@@@@@@@@
---------------------------------------------------

JsonSerializationBenchmarks.Newtonsoft_Serialize_Large: Overhead-Fixed-NoEnergy-6(OutlierMode=DontRemove, IterationCount=15, IterationTime=1s, LaunchCount=1, WarmupCount=6)
Runtime = .NET 8.0.21 (8.0.21, 8.0.2125.47513), X64 RyuJIT x86-64-v4; GC = Concurrent Workstation
Mean = 296.901 μs, StdErr = 0.082 μs (0.03%), N = 15, StdDev = 0.319 μs
Min = 296.399 μs, Q1 = 296.752 μs, Median = 296.910 μs, Q3 = 297.012 μs, Max = 297.807 μs
IQR = 0.260 μs, LowerFence = 296.361 μs, UpperFence = 297.403 μs
ConfidenceInterval = [296.559 μs; 297.242 μs] (CI 99.9%), Margin = 0.341 μs (0.11% of Mean)
Skewness = 1.16, Kurtosis = 4.9, MValue = 2
-------------------- Histogram --------------------
[296.230 μs ; 297.977 μs) | @@@@@@@@@@@@@@@
---------------------------------------------------

JsonSerializationBenchmarks.Jil_Serialize_Medium: Overhead-Fixed-NoEnergy-6(OutlierMode=DontRemove, IterationCount=15, IterationTime=1s, LaunchCount=1, WarmupCount=6)
Runtime = .NET 8.0.21 (8.0.21, 8.0.2125.47513), X64 RyuJIT x86-64-v4; GC = Concurrent Workstation
Mean = 38.293 μs, StdErr = 0.011 μs (0.03%), N = 15, StdDev = 0.042 μs
Min = 38.231 μs, Q1 = 38.259 μs, Median = 38.297 μs, Q3 = 38.329 μs, Max = 38.358 μs
IQR = 0.070 μs, LowerFence = 38.154 μs, UpperFence = 38.433 μs
ConfidenceInterval = [38.248 μs; 38.338 μs] (CI 99.9%), Margin = 0.045 μs (0.12% of Mean)
Skewness = -0.16, Kurtosis = 1.54, MValue = 2
-------------------- Histogram --------------------
[38.208 μs ; 38.381 μs) | @@@@@@@@@@@@@@@
---------------------------------------------------

JsonSerializationBenchmarks.SpanJson_Serialize_Medium: Overhead-Fixed-NoEnergy-6(OutlierMode=DontRemove, IterationCount=15, IterationTime=1s, LaunchCount=1, WarmupCount=6)
Runtime = .NET 8.0.21 (8.0.21, 8.0.2125.47513), X64 RyuJIT x86-64-v4; GC = Concurrent Workstation
Mean = 40.652 μs, StdErr = 0.083 μs (0.20%), N = 15, StdDev = 0.320 μs
Min = 40.163 μs, Q1 = 40.310 μs, Median = 40.819 μs, Q3 = 40.884 μs, Max = 40.973 μs
IQR = 0.574 μs, LowerFence = 39.449 μs, UpperFence = 41.744 μs
ConfidenceInterval = [40.310 μs; 40.994 μs] (CI 99.9%), Margin = 0.342 μs (0.84% of Mean)
Skewness = -0.59, Kurtosis = 1.43, MValue = 2
-------------------- Histogram --------------------
[39.993 μs ; 41.144 μs) | @@@@@@@@@@@@@@@
---------------------------------------------------

JsonSerializationBenchmarks.STJ_Serialize_Medium: Overhead-Fixed-NoEnergy-6(OutlierMode=DontRemove, IterationCount=15, IterationTime=1s, LaunchCount=1, WarmupCount=6)
Runtime = .NET 8.0.21 (8.0.21, 8.0.2125.47513), X64 RyuJIT x86-64-v4; GC = Concurrent Workstation
Mean = 47.127 μs, StdErr = 0.035 μs (0.07%), N = 15, StdDev = 0.137 μs
Min = 46.953 μs, Q1 = 47.004 μs, Median = 47.091 μs, Q3 = 47.232 μs, Max = 47.384 μs
IQR = 0.228 μs, LowerFence = 46.663 μs, UpperFence = 47.574 μs
ConfidenceInterval = [46.981 μs; 47.273 μs] (CI 99.9%), Margin = 0.146 μs (0.31% of Mean)
Skewness = 0.43, Kurtosis = 1.72, MValue = 2
-------------------- Histogram --------------------
[46.880 μs ; 47.457 μs) | @@@@@@@@@@@@@@@
---------------------------------------------------

JsonSerializationBenchmarks.Newtonsoft_Serialize_Medium: Overhead-Fixed-NoEnergy-6(OutlierMode=DontRemove, IterationCount=15, IterationTime=1s, LaunchCount=1, WarmupCount=6)
Runtime = .NET 8.0.21 (8.0.21, 8.0.2125.47513), X64 RyuJIT x86-64-v4; GC = Concurrent Workstation
Mean = 52.258 μs, StdErr = 0.041 μs (0.08%), N = 15, StdDev = 0.158 μs
Min = 52.038 μs, Q1 = 52.125 μs, Median = 52.216 μs, Q3 = 52.405 μs, Max = 52.525 μs
IQR = 0.280 μs, LowerFence = 51.706 μs, UpperFence = 52.824 μs
ConfidenceInterval = [52.089 μs; 52.427 μs] (CI 99.9%), Margin = 0.169 μs (0.32% of Mean)
Skewness = 0.19, Kurtosis = 1.39, MValue = 2
-------------------- Histogram --------------------
[51.954 μs ; 52.609 μs) | @@@@@@@@@@@@@@@
---------------------------------------------------

JsonSerializationBenchmarks.Utf8Json_Serialize_Medium: Overhead-Fixed-NoEnergy-6(OutlierMode=DontRemove, IterationCount=15, IterationTime=1s, LaunchCount=1, WarmupCount=6)
Runtime = .NET 8.0.21 (8.0.21, 8.0.2125.47513), X64 RyuJIT x86-64-v4; GC = Concurrent Workstation
Mean = 57.781 μs, StdErr = 0.273 μs (0.47%), N = 15, StdDev = 1.056 μs
Min = 56.341 μs, Q1 = 57.066 μs, Median = 57.417 μs, Q3 = 58.677 μs, Max = 59.560 μs
IQR = 1.612 μs, LowerFence = 54.648 μs, UpperFence = 61.095 μs
ConfidenceInterval = [56.651 μs; 58.910 μs] (CI 99.9%), Margin = 1.129 μs (1.95% of Mean)
Skewness = 0.28, Kurtosis = 1.56, MValue = 2
-------------------- Histogram --------------------
[56.310 μs ; 58.129 μs) | @@@@@@@@@
[58.129 μs ; 60.122 μs) | @@@@@@
---------------------------------------------------

JsonSerializationBenchmarks.Utf8Json_Serialize_Small: Overhead-Fixed-NoEnergy-6(OutlierMode=DontRemove, IterationCount=15, IterationTime=1s, LaunchCount=1, WarmupCount=6)
Runtime = .NET 8.0.21 (8.0.21, 8.0.2125.47513), X64 RyuJIT x86-64-v4; GC = Concurrent Workstation
Mean = 870.871 ns, StdErr = 0.319 ns (0.04%), N = 15, StdDev = 1.237 ns
Min = 868.300 ns, Q1 = 870.398 ns, Median = 870.811 ns, Q3 = 871.019 ns, Max = 874.020 ns
IQR = 0.621 ns, LowerFence = 869.467 ns, UpperFence = 871.950 ns
ConfidenceInterval = [869.548 ns; 872.194 ns] (CI 99.9%), Margin = 1.323 ns (0.15% of Mean)
Skewness = 0.57, Kurtosis = 4.27, MValue = 2
-------------------- Histogram --------------------
[867.641 ns ; 874.678 ns) | @@@@@@@@@@@@@@@
---------------------------------------------------

JsonSerializationBenchmarks.SpanJson_Serialize_Small: Overhead-Fixed-NoEnergy-6(OutlierMode=DontRemove, IterationCount=15, IterationTime=1s, LaunchCount=1, WarmupCount=6)
Runtime = .NET 8.0.21 (8.0.21, 8.0.2125.47513), X64 RyuJIT x86-64-v4; GC = Concurrent Workstation
Mean = 1.221 μs, StdErr = 0.001 μs (0.11%), N = 15, StdDev = 0.005 μs
Min = 1.215 μs, Q1 = 1.218 μs, Median = 1.221 μs, Q3 = 1.224 μs, Max = 1.235 μs
IQR = 0.006 μs, LowerFence = 1.209 μs, UpperFence = 1.233 μs
ConfidenceInterval = [1.216 μs; 1.227 μs] (CI 99.9%), Margin = 0.005 μs (0.44% of Mean)
Skewness = 1.14, Kurtosis = 4.15, MValue = 2
-------------------- Histogram --------------------
[1.212 μs ; 1.238 μs) | @@@@@@@@@@@@@@@
---------------------------------------------------

JsonSerializationBenchmarks.STJ_Serialize_Small: Overhead-Fixed-NoEnergy-6(OutlierMode=DontRemove, IterationCount=15, IterationTime=1s, LaunchCount=1, WarmupCount=6)
Runtime = .NET 8.0.21 (8.0.21, 8.0.2125.47513), X64 RyuJIT x86-64-v4; GC = Concurrent Workstation
Mean = 1.310 μs, StdErr = 0.000 μs (0.02%), N = 15, StdDev = 0.001 μs
Min = 1.307 μs, Q1 = 1.310 μs, Median = 1.311 μs, Q3 = 1.311 μs, Max = 1.312 μs
IQR = 0.001 μs, LowerFence = 1.309 μs, UpperFence = 1.312 μs
ConfidenceInterval = [1.309 μs; 1.311 μs] (CI 99.9%), Margin = 0.001 μs (0.09% of Mean)
Skewness = -1.07, Kurtosis = 4.04, MValue = 2
-------------------- Histogram --------------------
[1.307 μs ; 1.312 μs) | @@@@@@@@@@@@@@@
---------------------------------------------------

JsonSerializationBenchmarks.Jil_Serialize_Small: Overhead-Fixed-NoEnergy-6(OutlierMode=DontRemove, IterationCount=15, IterationTime=1s, LaunchCount=1, WarmupCount=6)
Runtime = .NET 8.0.21 (8.0.21, 8.0.2125.47513), X64 RyuJIT x86-64-v4; GC = Concurrent Workstation
Mean = 1.710 μs, StdErr = 0.001 μs (0.05%), N = 15, StdDev = 0.003 μs
Min = 1.701 μs, Q1 = 1.709 μs, Median = 1.710 μs, Q3 = 1.711 μs, Max = 1.715 μs
IQR = 0.002 μs, LowerFence = 1.706 μs, UpperFence = 1.714 μs
ConfidenceInterval = [1.706 μs; 1.713 μs] (CI 99.9%), Margin = 0.003 μs (0.20% of Mean)
Skewness = -0.97, Kurtosis = 4.57, MValue = 2
-------------------- Histogram --------------------
[1.699 μs ; 1.717 μs) | @@@@@@@@@@@@@@@
---------------------------------------------------

JsonSerializationBenchmarks.Newtonsoft_Serialize_Small: Overhead-Fixed-NoEnergy-6(OutlierMode=DontRemove, IterationCount=15, IterationTime=1s, LaunchCount=1, WarmupCount=6)
Runtime = .NET 8.0.21 (8.0.21, 8.0.2125.47513), X64 RyuJIT x86-64-v4; GC = Concurrent Workstation
Mean = 2.163 μs, StdErr = 0.000 μs (0.02%), N = 15, StdDev = 0.002 μs
Min = 2.158 μs, Q1 = 2.162 μs, Median = 2.163 μs, Q3 = 2.164 μs, Max = 2.166 μs
IQR = 0.002 μs, LowerFence = 2.159 μs, UpperFence = 2.167 μs
ConfidenceInterval = [2.161 μs; 2.165 μs] (CI 99.9%), Margin = 0.002 μs (0.10% of Mean)
Skewness = -0.63, Kurtosis = 2.86, MValue = 2
-------------------- Histogram --------------------
[2.157 μs ; 2.167 μs) | @@@@@@@@@@@@@@@
---------------------------------------------------

// * Summary *

BenchmarkDotNet v0.15.5-develop (2025-12-31), Linux Ubuntu 24.04.3 LTS (Noble Numbat)
11th Gen Intel Core i7-11700KF 3.60GHz (Max: 0.80GHz), 1 CPU, 16 logical and 8 physical cores
.NET SDK 8.0.121
  [Host]                    : .NET 8.0.21 (8.0.21, 8.0.2125.47513), X64 RyuJIT x86-64-v4
  Overhead-Fixed-NoEnergy-6 : .NET 8.0.21 (8.0.21, 8.0.2125.47513), X64 RyuJIT x86-64-v4

Job=Overhead-Fixed-NoEnergy-6  OutlierMode=DontRemove  IterationCount=15  
IterationTime=1s  LaunchCount=1  WarmupCount=6  

| Method                        | Mean         | Error       | StdDev      | Operations | Iterations | Ratio | MannWhitney(3%) | RatioSD | Rank |
|------------------------------ |-------------:|------------:|------------:|-----------:|-----------:|------:|---------------- |--------:|-----:|
| SpanJson_Deserialize_Large    | 151,150.8 ns |   219.15 ns |   204.99 ns |      6,614 |      15.00 |  0.75 | Faster          |    0.00 |    1 |
| STJ_Deserialize_Large         | 202,345.9 ns |   713.75 ns |   667.64 ns |      4,960 |      15.00 |  1.00 | Baseline        |    0.00 |    2 |
| Jil_Deserialize_Large         | 213,030.1 ns |   356.05 ns |   333.05 ns |      4,693 |      15.00 |  1.05 | Slower          |    0.00 |    3 |
| Newtonsoft_Deserialize_Large  | 238,231.2 ns |   136.72 ns |   127.89 ns |      4,208 |      15.00 |  1.18 | Slower          |    0.00 |    4 |
| Utf8Json_Deserialize_Large    | 285,396.0 ns | 2,234.64 ns | 2,090.29 ns |      3,504 |      15.00 |  1.41 | Slower          |    0.01 |    5 |
|                               |              |             |             |            |            |       |                 |         |      |
| SpanJson_Deserialize_Medium   |  41,300.0 ns |    48.12 ns |    45.01 ns |     24,220 |      15.00 |  0.78 | Faster          |    0.00 |    1 |
| STJ_Deserialize_Medium        |  52,883.8 ns |    75.12 ns |    70.27 ns |     18,944 |      15.00 |  1.00 | Baseline        |    0.00 |    2 |
| Jil_Deserialize_Medium        |  55,811.3 ns |    56.48 ns |    52.83 ns |     17,914 |      15.00 |  1.06 | Slower          |    0.00 |    3 |
| Utf8Json_Deserialize_Medium   |  63,537.6 ns |    54.24 ns |    50.74 ns |     15,744 |      15.00 |  1.20 | Slower          |    0.00 |    4 |
| Newtonsoft_Deserialize_Medium |  67,726.4 ns |   123.90 ns |   115.89 ns |     14,816 |      15.00 |  1.28 | Slower          |    0.00 |    5 |
|                               |              |             |             |            |            |       |                 |         |      |
| SpanJson_Deserialize_Small    |   1,169.4 ns |     1.47 ns |     1.37 ns |    853,488 |      15.00 |  0.59 | Faster          |    0.00 |    1 |
| Utf8Json_Deserialize_Small    |   1,925.8 ns |     8.79 ns |     8.22 ns |    519,120 |      15.00 |  0.97 | Same            |    0.00 |    2 |
| STJ_Deserialize_Small         |   1,981.4 ns |     2.25 ns |     2.10 ns |    504,000 |      15.00 |  1.00 | Baseline        |    0.00 |    3 |
| Jil_Deserialize_Small         |   2,268.6 ns |     1.93 ns |     1.80 ns |    440,771 |      15.00 |  1.14 | Slower          |    0.00 |    4 |
| Newtonsoft_Deserialize_Small  |   3,555.1 ns |     1.42 ns |     1.33 ns |    280,192 |      15.00 |  1.79 | Slower          |    0.00 |    5 |
|                               |              |             |             |            |            |       |                 |         |      |
| SpanJson_Serialize_Large      | 160,740.2 ns | 1,158.98 ns | 1,084.11 ns |      6,247 |      15.00 |  0.87 | Faster          |    0.01 |    1 |
| STJ_Serialize_Large           | 185,616.1 ns |   559.19 ns |   523.07 ns |      5,408 |      15.00 |  1.00 | Baseline        |    0.00 |    2 |
| Jil_Serialize_Large           | 285,914.1 ns |   332.05 ns |   310.60 ns |      3,502 |      15.00 |  1.54 | Slower          |    0.00 |    3 |
| Utf8Json_Serialize_Large      | 287,819.4 ns | 1,613.52 ns | 1,509.29 ns |      3,488 |      15.00 |  1.55 | Slower          |    0.01 |    3 |
| Newtonsoft_Serialize_Large    | 296,900.6 ns |   341.15 ns |   319.11 ns |      3,376 |      15.00 |  1.60 | Slower          |    0.00 |    4 |
|                               |              |             |             |            |            |       |                 |         |      |
| Jil_Serialize_Medium          |  38,292.9 ns |    45.09 ns |    42.18 ns |     26,004 |      15.00 |  0.81 | Faster          |    0.00 |    1 |
| SpanJson_Serialize_Medium     |  40,651.8 ns |   341.86 ns |   319.77 ns |     25,937 |      15.00 |  0.86 | Faster          |    0.01 |    2 |
| STJ_Serialize_Medium          |  47,127.0 ns |   146.25 ns |   136.80 ns |     21,008 |      15.00 |  1.00 | Baseline        |    0.00 |    3 |
| Newtonsoft_Serialize_Medium   |  52,257.8 ns |   168.71 ns |   157.81 ns |     19,152 |      15.00 |  1.11 | Slower          |    0.00 |    4 |
| Utf8Json_Serialize_Medium     |  57,780.7 ns | 1,129.23 ns | 1,056.28 ns |     17,520 |      15.00 |  1.23 | Slower          |    0.02 |    5 |
|                               |              |             |             |            |            |       |                 |         |      |
| Utf8Json_Serialize_Small      |     870.9 ns |     1.32 ns |     1.24 ns |  1,148,080 |      15.00 |  0.66 | Faster          |    0.00 |    1 |
| SpanJson_Serialize_Small      |   1,221.3 ns |     5.41 ns |     5.06 ns |    821,968 |      15.00 |  0.93 | Faster          |    0.00 |    2 |
| STJ_Serialize_Small           |   1,310.2 ns |     1.20 ns |     1.12 ns |    763,456 |      15.00 |  1.00 | Baseline        |    0.00 |    3 |
| Jil_Serialize_Small           |   1,709.7 ns |     3.39 ns |     3.17 ns |    586,870 |      15.00 |  1.30 | Slower          |    0.00 |    4 |
| Newtonsoft_Serialize_Small    |   2,162.6 ns |     2.07 ns |     1.94 ns |    463,296 |      15.00 |  1.65 | Slower          |    0.00 |    5 |

// * Hints *
Outliers
  JsonSerializationBenchmarks.STJ_Deserialize_Large: Overhead-Fixed-NoEnergy-6        -> 1 outlier  was  detected (204.63 μs)
  JsonSerializationBenchmarks.Jil_Deserialize_Large: Overhead-Fixed-NoEnergy-6        -> 3 outliers were detected (212.04 μs, 213.48 μs, 213.56 μs)
  JsonSerializationBenchmarks.Newtonsoft_Deserialize_Large: Overhead-Fixed-NoEnergy-6 -> 1 outlier  was  detected (238.57 μs)
  JsonSerializationBenchmarks.STJ_Deserialize_Medium: Overhead-Fixed-NoEnergy-6       -> 1 outlier  was  detected (53.13 μs)
  JsonSerializationBenchmarks.Jil_Deserialize_Medium: Overhead-Fixed-NoEnergy-6       -> 1 outlier  was  detected (55.97 μs)
  JsonSerializationBenchmarks.Utf8Json_Deserialize_Small: Overhead-Fixed-NoEnergy-6   -> 1 outlier  was  detected (1.96 μs)
  JsonSerializationBenchmarks.STJ_Deserialize_Small: Overhead-Fixed-NoEnergy-6        -> 2 outliers were detected (1.98 μs, 1.99 μs)
  JsonSerializationBenchmarks.STJ_Serialize_Large: Overhead-Fixed-NoEnergy-6          -> 1 outlier  was  detected (187.20 μs)
  JsonSerializationBenchmarks.Jil_Serialize_Large: Overhead-Fixed-NoEnergy-6          -> 1 outlier  was  detected (286.75 μs)
  JsonSerializationBenchmarks.Utf8Json_Serialize_Large: Overhead-Fixed-NoEnergy-6     -> 2 outliers were detected (289.87 μs, 292.06 μs)
  JsonSerializationBenchmarks.Newtonsoft_Serialize_Large: Overhead-Fixed-NoEnergy-6   -> 1 outlier  was  detected (297.81 μs)
  JsonSerializationBenchmarks.Utf8Json_Serialize_Small: Overhead-Fixed-NoEnergy-6     -> 3 outliers were detected (871.70 ns, 875.85 ns, 877.42 ns)
  JsonSerializationBenchmarks.SpanJson_Serialize_Small: Overhead-Fixed-NoEnergy-6     -> 1 outlier  was  detected (1.24 μs)
  JsonSerializationBenchmarks.STJ_Serialize_Small: Overhead-Fixed-NoEnergy-6          -> 1 outlier  was  detected (1.31 μs)
  JsonSerializationBenchmarks.Jil_Serialize_Small: Overhead-Fixed-NoEnergy-6          -> 3 outliers were detected (1.70 μs, 1.71 μs, 1.71 μs)
  JsonSerializationBenchmarks.Newtonsoft_Serialize_Small: Overhead-Fixed-NoEnergy-6   -> 1 outlier  was  detected (2.16 μs)

// * Legends *
  Mean            : Arithmetic mean of all measurements
  Error           : Half of 99.9% confidence interval
  StdDev          : Standard deviation of all measurements
  Operations      : Actual invocations per measured iteration (from measurements)
  Iterations      : Number of target iterations
  Ratio           : Mean of the ratio distribution ([Current]/[Baseline])
  MannWhitney(3%) : MannWhitney-based equivalence test (threshold=3%, alpha = 1E-05)
  RatioSD         : Standard deviation of the ratio distribution ([Current]/[Baseline])
  Rank            : Relative position of current benchmark mean among all benchmarks (Arabic style)
  1 ns            : 1 Nanosecond (0.000000001 sec)

// ***** BenchmarkRunner: End *****
Run time: 00:13:31 (811.53 sec), executed benchmarks: 30

Global total time: 00:13:42 (822.3 sec), executed benchmarks: 30
// * Artifacts cleanup *
Artifacts cleanup is finished
